Time,Deal,Symbol,Type,Direction,Volume,Price,Order,Commission,Swap,Profit,Balance,Comment
2023.01.01 00:00:00,1,,balance,,,,,0.00,0.00,3 000.00,3 000.00,
2023.01.03 09:26:10,2,XAUUSD,buy,in,0.02,1846.84,2,-0.07,0.00,0.00,2 999.93,
2023.01.03 09:29:40,3,XAUUSD,sell,out,0.02,1847.06,3,-0.07,0.00,0.44,3 000.30,sl 1847.09
2023.01.03 09:53:40,4,XAUUSD,buy,in,0.02,1846.97,4,-0.07,0.00,0.00,3 000.23,
2023.01.03 10:00:30,5,XAUUSD,sell,out,0.02,1847.40,5,-0.07,0.00,0.86,3 001.02,sl 1847.40
2023.01.04 09:38:44,6,XAUUSD,buy,in,0.02,1857.82,6,-0.07,0.00,0.00,3 000.95,
2023.01.04 09:45:19,7,XAUUSD,sell,out,0.02,1858.02,7,-0.07,0.00,0.40,3 001.28,sl 1858.05
2023.01.04 10:02:52,8,XAUUSD,buy,in,0.02,1859.91,8,-0.07,0.00,0.00,3 001.21,
2023.01.04 10:16:44,9,XAUUSD,sell,out,0.02,1862.19,9,-0.07,0.00,4.56,3 005.70,sl 1862.26
2023.01.04 10:26:54,10,XAUUSD,buy,in,0.02,1862.86,10,-0.07,0.00,0.00,3 005.63,
2023.01.04 10:31:42,11,XAUUSD,sell,out,0.02,1864.43,11,-0.07,0.00,3.14,3 008.70,sl 1864.45
2023.01.04 10:50:53,12,XAUUSD,buy,in,0.02,1859.83,12,-0.07,0.00,0.00,3 008.63,
2023.01.04 10:54:57,13,XAUUSD,sell,out,0.02,1860.54,13,-0.07,0.00,1.42,3 009.98,sl 1860.54
2023.01.04 11:14:53,14,XAUUSD,buy,in,0.02,1860.27,14,-0.07,0.00,0.00,3 009.91,
2023.01.04 11:16:59,15,XAUUSD,sell,out,0.02,1860.51,15,-0.07,0.00,0.48,3 010.32,sl 1860.55
2023.01.04 11:38:53,16,XAUUSD,buy,in,0.02,1861.14,16,-0.07,0.00,0.00,3 010.25,
2023.01.04 11:58:26,17,XAUUSD,sell,out,0.02,1861.57,17,-0.07,0.00,0.86,3 011.04,sl 1861.59
2023.01.04 12:02:55,18,XAUUSD,buy,in,0.02,1861.16,18,-0.07,0.00,0.00,3 010.97,
2023.01.04 13:15:14,19,XAUUSD,sell,out,0.02,1861.56,19,-0.07,0.00,0.80,3 011.70,sl 1861.57
2023.01.04 13:15:17,20,XAUUSD,buy,in,0.02,1861.75,20,-0.07,0.00,0.00,3 011.63,
2023.01.04 13:16:37,21,XAUUSD,sell,out,0.02,1862.31,21,-0.07,0.00,1.12,3 012.68,sl 1862.33
2023.01.09 03:45:45,22,XAUUSD,buy,in,0.02,1874.31,22,-0.07,0.00,0.00,3 012.61,
2023.01.09 03:53:28,23,XAUUSD,sell,out,0.02,1874.79,23,-0.07,0.00,0.96,3 013.50,sl 1874.80
2023.01.09 04:13:06,24,XAUUSD,buy,in,0.02,1875.25,24,-0.07,0.00,0.00,3 013.43,
2023.01.09 04:17:16,25,XAUUSD,sell,out,0.02,1876.19,25,-0.07,0.00,1.88,3 015.24,sl 1876.23
2023.01.09 04:37:08,26,XAUUSD,buy,in,0.02,1878.46,26,-0.07,0.00,0.00,3 015.17,
2023.01.09 04:42:35,27,XAUUSD,sell,out,0.02,1878.49,27,-0.07,0.00,0.06,3 015.16,sl 1878.50
2023.01.09 05:01:12,28,XAUUSD,buy,in,0.02,1878.81,28,-0.07,0.00,0.00,3 015.09,
2023.01.09 05:03:53,29,XAUUSD,sell,out,0.02,1878.95,29,-0.07,0.00,0.28,3 015.30,sl 1878.95
2023.01.09 05:25:14,30,XAUUSD,buy,in,0.02,1877.03,30,-0.07,0.00,0.00,3 015.23,
2023.01.09 05:31:59,31,XAUUSD,sell,out,0.02,1877.25,31,-0.07,0.00,0.44,3 015.60,sl 1877.26
2023.01.09 05:49:13,32,XAUUSD,buy,in,0.02,1877.49,32,-0.07,0.00,0.00,3 015.53,
2023.01.09 05:51:15,33,XAUUSD,sell,out,0.02,1877.76,33,-0.07,0.00,0.54,3 016.00,sl 1877.77
2023.01.09 06:13:16,34,XAUUSD,buy,in,0.02,1877.69,34,-0.07,0.00,0.00,3 015.93,
2023.01.09 07:51:20,35,XAUUSD,sell,in,0.18,1877.61,35,-0.63,0.00,0.00,3 015.30,
2023.01.09 08:02:37,36,XAUUSD,sell,out,0.02,1877.88,36,-0.07,0.00,0.38,3 015.61,sl 1877.89
2023.01.09 08:44:23,37,XAUUSD,buy,out,0.18,1877.60,37,-0.63,0.00,0.18,3 015.16,sl 1877.59
2023.01.13 17:47:05,38,XAUUSD,buy,in,0.02,1916.36,38,-0.07,0.00,0.00,3 015.09,
2023.01.13 19:25:06,39,XAUUSD,sell,in,0.18,1915.66,39,-0.63,0.00,0.00,3 014.46,
2023.01.13 19:27:23,40,XAUUSD,buy,out,0.18,1915.65,40,-0.63,0.00,0.18,3 014.01,sl 1915.61
2023.01.13 19:34:19,41,XAUUSD,sell,out,0.02,1916.48,41,-0.07,0.00,0.24,3 014.18,sl 1916.51
2023.02.02 01:13:38,42,XAUUSD,buy,in,0.02,1955.73,42,-0.07,0.00,0.00,3 014.11,
2023.02.02 01:14:04,43,XAUUSD,sell,out,0.02,1955.70,43,-0.07,0.00,-0.06,3 013.98,sl 1955.77
2023.02.02 03:11:11,44,XAUUSD,buy,in,0.02,1956.99,44,-0.07,0.00,0.00,3 013.91,
2023.02.02 04:49:14,45,XAUUSD,sell,in,0.18,1952.81,45,-0.63,0.00,0.00,3 013.28,
2023.02.02 05:01:00,46,XAUUSD,buy,out,0.18,1952.67,46,-0.63,0.00,2.52,3 015.17,sl 1952.62
2023.02.02 09:15:03,47,XAUUSD,sell,out,0.02,1959.20,47,-0.07,0.00,4.42,3 019.52,sl 1959.20
2023.02.03 15:33:59,48,XAUUSD,sell,in,0.02,1898.81,48,-0.07,0.00,0.00,3 019.45,
2023.02.03 15:34:06,49,XAUUSD,buy,out,0.02,1898.71,49,-0.07,0.00,0.20,3 019.58,sl 1898.65
2023.02.03 15:58:06,50,XAUUSD,sell,in,0.02,1885.35,50,-0.07,0.00,0.00,3 019.51,
2023.02.03 15:59:05,51,XAUUSD,buy,out,0.02,1884.90,51,-0.07,0.00,0.90,3 020.34,sl 1884.69
2023.02.03 16:22:14,52,XAUUSD,sell,in,0.02,1878.89,52,-0.07,0.00,0.00,3 020.27,
2023.02.03 17:01:15,53,XAUUSD,buy,out,0.02,1876.40,53,-0.07,0.00,4.98,3 025.18,sl 1876.32
2023.02.03 17:01:21,54,XAUUSD,sell,in,0.02,1876.04,54,-0.07,0.00,0.00,3 025.11,
2023.02.03 17:02:47,55,XAUUSD,buy,out,0.02,1876.34,55,-0.07,0.00,-0.60,3 024.44,sl 1875.96
2023.02.03 17:25:22,56,XAUUSD,sell,in,0.02,1876.50,56,-0.07,0.00,0.00,3 024.37,
2023.02.03 17:25:58,57,XAUUSD,buy,out,0.02,1875.99,57,-0.07,0.00,1.02,3 025.32,sl 1875.71
2023.02.03 17:49:22,58,XAUUSD,sell,in,0.02,1875.57,58,-0.07,0.00,0.00,3 025.25,
2023.02.03 17:52:04,59,XAUUSD,buy,out,0.02,1874.53,59,-0.07,0.00,2.08,3 027.26,sl 1874.45
2023.02.03 18:13:21,60,XAUUSD,sell,in,0.02,1870.15,60,-0.07,0.00,0.00,3 027.19,
2023.02.03 18:18:45,61,XAUUSD,buy,out,0.02,1867.96,61,-0.07,0.00,4.38,3 031.50,sl 1867.96
2023.02.03 18:37:28,62,XAUUSD,sell,in,0.02,1866.54,62,-0.07,0.00,0.00,3 031.43,
2023.02.03 18:41:54,63,XAUUSD,buy,out,0.02,1866.49,63,-0.07,0.00,0.10,3 031.46,sl 1866.38
2023.02.03 19:01:34,64,XAUUSD,sell,in,0.02,1866.52,64,-0.07,0.00,0.00,3 031.39,
2023.02.03 19:08:04,65,XAUUSD,buy,out,0.02,1866.21,65,-0.07,0.00,0.62,3 031.94,sl 1866.21
2023.02.03 19:25:39,66,XAUUSD,sell,in,0.02,1863.66,66,-0.07,0.00,0.00,3 031.87,
2023.02.03 19:32:49,67,XAUUSD,buy,out,0.02,1863.45,67,-0.07,0.00,0.42,3 032.22,sl 1863.40
2023.02.03 19:49:46,68,XAUUSD,sell,in,0.02,1866.08,68,-0.07,0.00,0.00,3 032.15,
2023.02.03 19:55:27,69,XAUUSD,buy,out,0.02,1864.04,69,-0.07,0.00,4.08,3 036.16,sl 1863.98
2023.02.03 20:13:51,70,XAUUSD,sell,in,0.02,1862.80,70,-0.07,0.00,0.00,3 036.09,
2023.02.03 20:16:05,71,XAUUSD,buy,out,0.02,1862.13,71,-0.07,0.00,1.34,3 037.36,sl 1862.12
2023.02.03 20:37:51,72,XAUUSD,sell,in,0.02,1863.75,72,-0.07,0.00,0.00,3 037.29,
2023.02.03 20:43:49,73,XAUUSD,buy,out,0.02,1863.66,73,-0.07,0.00,0.18,3 037.40,sl 1863.64
2023.02.03 21:02:08,74,XAUUSD,sell,in,0.02,1865.55,74,-0.07,0.00,0.00,3 037.33,
2023.02.03 21:04:19,75,XAUUSD,buy,out,0.02,1865.54,75,-0.07,0.00,0.02,3 037.28,sl 1865.54
2023.02.03 21:26:14,76,XAUUSD,sell,in,0.02,1864.48,76,-0.07,0.00,0.00,3 037.21,
2023.02.03 21:30:58,77,XAUUSD,buy,out,0.02,1864.27,77,-0.07,0.00,0.42,3 037.56,sl 1864.18
2023.02.03 21:50:15,78,XAUUSD,sell,in,0.02,1866.24,78,-0.07,0.00,0.00,3 037.49,
2023.02.03 21:53:52,79,XAUUSD,buy,out,0.02,1865.16,79,-0.07,0.00,2.16,3 039.58,sl 1865.11
2023.02.03 22:14:19,80,XAUUSD,sell,in,0.02,1865.42,80,-0.07,0.00,0.00,3 039.51,
2023.02.03 22:50:55,81,XAUUSD,buy,out,0.02,1865.43,81,-0.07,0.00,-0.02,3 039.42,sl 1865.40
2023.02.03 22:50:56,82,XAUUSD,sell,in,0.02,1865.35,82,-0.07,0.00,0.00,3 039.35,
2023.02.03 23:00:00,83,XAUUSD,buy,out,0.02,1865.40,83,-0.07,0.00,-0.10,3 039.18,sl 1865.10
2023.02.03 23:15:00,84,XAUUSD,sell,in,0.02,1865.12,84,-0.07,0.00,0.00,3 039.11,
2023.02.06 01:02:08,85,XAUUSD,buy,in,0.18,1861.84,85,-0.63,0.00,0.00,3 038.48,
2023.02.06 01:02:49,86,XAUUSD,buy,out,0.02,1863.02,86,-0.07,0.81,4.20,3 043.42,sl 1862.26
2023.02.06 01:02:59,87,XAUUSD,sell,out,0.18,1862.36,87,-0.63,0.00,9.36,3 052.15,sl 1862.41
2023.03.07 17:52:23,88,XAUUSD,sell,in,0.02,1816.34,88,-0.07,0.00,0.00,3 052.08,
2023.03.07 17:52:51,89,XAUUSD,buy,out,0.02,1816.42,89,-0.07,0.00,-0.16,3 051.85,sl 1816.28
2023.03.07 20:51:20,90,XAUUSD,sell,in,0.02,1814.12,90,-0.07,0.00,0.00,3 051.78,
2023.03.07 20:51:47,91,XAUUSD,buy,out,0.02,1814.06,91,-0.07,0.00,0.12,3 051.83,sl 1814.02
2023.03.07 21:35:19,92,XAUUSD,sell,in,0.02,1813.55,92,-0.07,0.00,0.00,3 051.76,
2023.03.07 21:48:48,93,XAUUSD,buy,out,0.02,1813.37,93,-0.07,0.00,0.36,3 052.05,sl 1813.36
2023.03.10 16:38:09,94,XAUUSD,buy,in,0.02,1856.06,94,-0.07,0.00,0.00,3 051.98,
2023.03.10 16:39:35,95,XAUUSD,sell,out,0.02,1856.28,95,-0.07,0.00,0.44,3 052.35,sl 1856.39
2023.03.10 17:02:13,96,XAUUSD,buy,in,0.02,1860.75,96,-0.07,0.00,0.00,3 052.28,
2023.03.10 17:03:27,97,XAUUSD,sell,out,0.02,1861.14,97,-0.07,0.00,0.78,3 052.99,sl 1861.14
2023.03.10 17:26:19,98,XAUUSD,buy,in,0.02,1864.09,98,-0.07,0.00,0.00,3 052.92,
2023.03.10 17:30:25,99,XAUUSD,sell,out,0.02,1864.58,99,-0.07,0.00,0.98,3 053.83,sl 1864.66
2023.03.10 17:50:21,100,XAUUSD,buy,in,0.02,1866.34,100,-0.07,0.00,0.00,3 053.76,
2023.03.10 19:28:22,101,XAUUSD,sell,in,0.18,1861.85,101,-0.63,0.00,0.00,3 053.13,
2023.03.10 19:37:43,102,XAUUSD,buy,out,0.18,1861.74,102,-0.63,0.00,1.98,3 054.48,sl 1861.72
2023.03.10 22:41:14,103,XAUUSD,sell,out,0.02,1867.38,103,-0.07,0.00,2.08,3 056.49,sl 1867.46
2023.03.15 14:33:50,104,XAUUSD,buy,in,0.02,1919.08,104,-0.07,0.00,0.00,3 056.42,
2023.03.15 15:05:02,105,XAUUSD,sell,out,0.02,1922.72,105,-0.07,0.00,7.28,3 063.63,sl 1922.73
2023.03.15 15:05:08,106,XAUUSD,buy,in,0.02,1922.76,106,-0.07,0.00,0.00,3 063.56,
2023.03.15 15:07:47,107,XAUUSD,sell,out,0.02,1924.02,107,-0.07,0.00,2.52,3 066.01,sl 1924.02
2023.03.15 15:29:25,108,XAUUSD,buy,in,0.02,1919.67,108,-0.07,0.00,0.00,3 065.94,
2023.03.15 15:30:02,109,XAUUSD,sell,out,0.02,1920.18,109,-0.07,0.00,1.02,3 066.89,sl 1920.98
2023.03.15 15:53:30,110,XAUUSD,buy,in,0.02,1929.13,110,-0.07,0.00,0.00,3 066.82,
2023.03.15 15:55:00,111,XAUUSD,sell,out,0.02,1929.12,111,-0.07,0.00,-0.02,3 066.73,sl 1929.15
2023.03.15 16:17:30,112,XAUUSD,buy,in,0.02,1927.54,112,-0.07,0.00,0.00,3 066.66,
2023.03.15 16:19:15,113,XAUUSD,sell,out,0.02,1928.00,113,-0.07,0.00,0.92,3 067.51,sl 1928.00
2023.03.15 16:41:56,114,XAUUSD,buy,in,0.02,1921.04,114,-0.07,0.00,0.00,3 067.44,
2023.03.15 16:46:50,115,XAUUSD,sell,out,0.02,1921.49,115,-0.07,0.00,0.90,3 068.27,sl 1921.53
2023.03.15 17:06:03,116,XAUUSD,buy,in,0.02,1923.89,116,-0.07,0.00,0.00,3 068.20,
2023.03.15 17:16:39,117,XAUUSD,sell,out,0.02,1924.04,117,-0.07,0.00,0.30,3 068.43,sl 1924.05
2023.03.15 17:32:09,118,XAUUSD,buy,in,0.02,1922.07,118,-0.07,0.00,0.00,3 068.36,
2023.03.15 17:32:53,119,XAUUSD,sell,out,0.02,1923.15,119,-0.07,0.00,2.16,3 070.45,sl 1923.21
2023.03.15 17:56:17,120,XAUUSD,buy,in,0.02,1924.70,120,-0.07,0.00,0.00,3 070.38,
2023.03.15 17:57:35,121,XAUUSD,sell,out,0.02,1924.90,121,-0.07,0.00,0.40,3 070.71,sl 1924.95
2023.03.15 18:20:25,122,XAUUSD,buy,in,0.02,1923.99,122,-0.07,0.00,0.00,3 070.64,
2023.03.15 18:21:35,123,XAUUSD,sell,out,0.02,1924.08,123,-0.07,0.00,0.18,3 070.75,sl 1924.10
2023.03.15 18:44:27,124,XAUUSD,buy,in,0.02,1923.92,124,-0.07,0.00,0.00,3 070.68,
2023.03.15 18:53:09,125,XAUUSD,sell,out,0.02,1925.36,125,-0.07,0.00,2.88,3 073.49,sl 1925.41
2023.03.15 19:08:30,126,XAUUSD,buy,in,0.02,1925.73,126,-0.07,0.00,0.00,3 073.42,
2023.03.15 19:11:44,127,XAUUSD,sell,out,0.02,1928.26,127,-0.07,0.00,5.06,3 078.41,sl 1928.32
2023.03.15 19:32:31,128,XAUUSD,buy,in,0.02,1932.82,128,-0.07,0.00,0.00,3 078.34,
2023.03.15 19:35:12,129,XAUUSD,sell,out,0.02,1932.88,129,-0.07,0.00,0.12,3 078.39,sl 1932.91
2023.03.15 19:56:32,130,XAUUSD,buy,in,0.02,1934.79,130,-0.07,0.00,0.00,3 078.32,
2023.03.15 20:04:26,131,XAUUSD,sell,out,0.02,1936.02,131,-0.07,0.00,2.46,3 080.71,sl 1936.43
2023.03.15 20:20:38,132,XAUUSD,buy,in,0.02,1925.99,132,-0.07,0.00,0.00,3 080.64,
2023.03.15 20:29:05,133,XAUUSD,sell,out,0.02,1926.21,133,-0.07,0.00,0.44,3 081.01,sl 1926.41
2023.03.15 20:44:52,134,XAUUSD,buy,in,0.02,1925.72,134,-0.07,0.00,0.00,3 080.94,
2023.03.15 21:06:19,135,XAUUSD,sell,out,0.02,1925.74,135,-0.07,0.00,0.04,3 080.91,sl 1925.75
2023.03.15 21:08:53,136,XAUUSD,buy,in,0.02,1926.03,136,-0.07,0.00,0.00,3 080.84,
2023.03.15 22:46:58,137,XAUUSD,sell,in,0.18,1918.82,137,-0.63,0.00,0.00,3 080.21,
2023.03.15 22:48:22,138,XAUUSD,buy,out,0.18,1918.08,138,-0.63,0.00,13.32,3 092.90,sl 1918.03
2023.03.16 14:33:31,139,XAUUSD,sell,out,0.02,1926.00,139,-0.07,-3.42,-0.06,3 089.35,sl 1926.11
2023.03.23 19:23:33,140,XAUUSD,buy,in,0.02,1991.06,140,-0.07,0.00,0.00,3 089.28,
2023.03.23 19:26:02,141,XAUUSD,sell,out,0.02,1991.71,141,-0.07,0.00,1.30,3 090.51,sl 1991.72
2023.03.23 19:47:34,142,XAUUSD,buy,in,0.02,1993.90,142,-0.07,0.00,0.00,3 090.44,
2023.03.23 19:51:16,143,XAUUSD,sell,out,0.02,1994.61,143,-0.07,0.00,1.42,3 091.79,sl 1994.61
2023.03.23 20:11:35,144,XAUUSD,buy,in,0.02,1993.53,144,-0.07,0.00,0.00,3 091.72,
2023.03.23 20:27:30,145,XAUUSD,sell,out,0.02,1993.62,145,-0.07,0.00,0.18,3 091.83,sl 1993.69
2023.03.23 20:35:35,146,XAUUSD,buy,in,0.02,1996.56,146,-0.07,0.00,0.00,3 091.76,
2023.03.23 20:37:35,147,XAUUSD,sell,out,0.02,1997.74,147,-0.07,0.00,2.36,3 094.05,sl 1997.75
2023.03.23 20:59:41,148,XAUUSD,buy,in,0.02,1999.74,148,-0.07,0.00,0.00,3 093.98,
2023.03.23 21:03:15,149,XAUUSD,sell,out,0.02,1999.78,149,-0.07,0.00,0.08,3 093.99,sl 1999.83
2023.03.23 21:23:48,150,XAUUSD,buy,in,0.02,1999.64,150,-0.07,0.00,0.00,3 093.92,
2023.03.23 21:33:32,151,XAUUSD,sell,out,0.02,1999.60,151,-0.07,0.00,-0.08,3 093.77,sl 1999.67
2023.03.23 21:47:51,152,XAUUSD,buy,in,0.02,2001.49,152,-0.07,0.00,0.00,3 093.70,
2023.03.23 21:48:55,153,XAUUSD,sell,out,0.02,2001.91,153,-0.07,0.00,0.84,3 094.47,sl 2001.91
2023.03.23 22:11:57,154,XAUUSD,buy,in,0.02,1997.76,154,-0.07,0.00,0.00,3 094.40,
2023.03.23 22:59:03,155,XAUUSD,sell,out,0.02,1997.85,155,-0.07,0.00,0.18,3 094.51,sl 1997.85
2023.03.23 22:59:23,156,XAUUSD,buy,in,0.02,1997.99,156,-0.07,0.00,0.00,3 094.44,
2023.03.23 23:00:42,157,XAUUSD,sell,out,0.02,1998.12,157,-0.07,0.00,0.26,3 094.63,sl 1998.13
2023.03.23 23:23:24,158,XAUUSD,buy,in,0.02,1995.38,158,-0.07,0.00,0.00,3 094.56,
2023.03.24 01:02:07,159,XAUUSD,sell,in,0.18,1993.23,159,-0.63,0.00,0.00,3 093.93,
2023.03.24 01:07:34,160,XAUUSD,buy,out,0.18,1993.19,160,-0.63,0.00,0.72,3 094.02,sl 1993.11
2023.03.24 13:01:09,161,XAUUSD,sell,out,0.02,1995.40,161,-0.07,-1.14,0.04,3 092.85,sl 1995.41
2023.03.27 13:43:38,162,XAUUSD,sell,in,0.02,1948.49,162,-0.07,0.00,0.00,3 092.78,
2023.03.27 15:21:56,163,XAUUSD,buy,in,0.18,1953.36,163,-0.63,0.00,0.00,3 092.15,
2023.03.27 15:24:35,164,XAUUSD,sell,out,0.18,1955.19,164,-0.63,0.00,32.94,3 124.46,sl 1955.40
2023.03.27 15:48:06,165,XAUUSD,buy,out,0.02,1947.21,165,-0.07,0.00,2.56,3 126.95,sl 1947.13
2023.04.04 17:05:04,166,XAUUSD,buy,in,0.02,2004.67,166,-0.07,0.00,0.00,3 126.88,
2023.04.04 17:05:47,167,XAUUSD,sell,out,0.02,2004.75,167,-0.07,0.00,0.16,3 126.97,sl 2004.78
2023.04.04 17:29:08,168,XAUUSD,buy,in,0.02,2021.60,168,-0.07,0.00,0.00,3 126.90,
2023.04.04 17:49:02,169,XAUUSD,sell,out,0.02,2021.88,169,-0.07,0.00,0.56,3 127.39,sl 2021.89
2023.04.04 17:53:09,170,XAUUSD,buy,in,0.02,2016.74,170,-0.07,0.00,0.00,3 127.32,
2023.04.04 17:55:23,171,XAUUSD,sell,out,0.02,2019.40,171,-0.07,0.00,5.32,3 132.57,sl 2019.41
2023.04.04 18:17:09,172,XAUUSD,buy,in,0.02,2022.95,172,-0.07,0.00,0.00,3 132.50,
2023.04.04 19:08:30,173,XAUUSD,sell,out,0.02,2023.41,173,-0.07,0.00,0.92,3 133.35,sl 2023.41
2023.04.04 19:08:35,174,XAUUSD,buy,in,0.02,2023.69,174,-0.07,0.00,0.00,3 133.28,
2023.04.04 19:09:24,175,XAUUSD,sell,out,0.02,2024.33,175,-0.07,0.00,1.28,3 134.49,sl 2024.41
2023.04.04 19:32:40,176,XAUUSD,buy,in,0.02,2021.09,176,-0.07,0.00,0.00,3 134.42,
2023.04.04 19:37:56,177,XAUUSD,sell,out,0.02,2022.35,177,-0.07,0.00,2.52,3 136.87,sl 2022.45
2023.04.04 19:56:46,178,XAUUSD,buy,in,0.02,2020.73,178,-0.07,0.00,0.00,3 136.80,
2023.04.04 19:59:33,179,XAUUSD,sell,out,0.02,2020.82,179,-0.07,0.00,0.18,3 136.91,sl 2020.96
2023.04.04 20:20:51,180,XAUUSD,buy,in,0.02,2020.32,180,-0.07,0.00,0.00,3 136.84,
2023.04.04 21:37:04,181,XAUUSD,sell,out,0.02,2020.35,181,-0.07,0.00,0.06,3 136.83,sl 2020.37
2023.04.04 21:37:06,182,XAUUSD,buy,in,0.02,2020.42,182,-0.07,0.00,0.00,3 136.76,
2023.04.04 21:50:24,183,XAUUSD,sell,out,0.02,2020.94,183,-0.07,0.00,1.04,3 137.73,sl 2020.95
2023.04.04 22:01:12,184,XAUUSD,buy,in,0.02,2022.12,184,-0.07,0.00,0.00,3 137.66,
2023.04.04 23:39:14,185,XAUUSD,sell,in,0.18,2021.13,185,-0.63,0.00,0.00,3 137.03,
2023.04.04 23:58:34,186,XAUUSD,buy,out,0.18,2020.86,186,-0.63,0.00,4.86,3 141.26,sl 2020.83
2023.04.05 02:22:35,187,XAUUSD,sell,out,0.02,2022.30,187,-0.07,-1.14,0.36,3 140.41,sl 2022.32
2023.04.13 15:49:49,188,XAUUSD,buy,in,0.02,2039.52,188,-0.07,0.00,0.00,3 140.34,
2023.04.13 15:50:47,189,XAUUSD,sell,out,0.02,2040.01,189,-0.07,0.00,0.98,3 141.25,sl 2040.13
2023.04.13 16:13:50,190,XAUUSD,buy,in,0.02,2042.38,190,-0.07,0.00,0.00,3 141.18,
2023.04.13 16:15:03,191,XAUUSD,sell,out,0.02,2042.71,191,-0.07,0.00,0.66,3 141.77,sl 2042.73
2023.04.13 16:37:58,192,XAUUSD,buy,in,0.02,2041.78,192,-0.07,0.00,0.00,3 141.70,
2023.04.13 16:40:24,193,XAUUSD,sell,out,0.02,2042.08,193,-0.07,0.00,0.60,3 142.23,sl 2042.10
2023.04.13 17:02:03,194,XAUUSD,buy,in,0.02,2046.24,194,-0.07,0.00,0.00,3 142.16,
2023.04.13 17:02:44,195,XAUUSD,sell,out,0.02,2046.85,195,-0.07,0.00,1.22,3 143.31,sl 2046.85
2023.04.13 17:26:09,196,XAUUSD,buy,in,0.02,2041.80,196,-0.07,0.00,0.00,3 143.24,
2023.04.13 17:27:15,197,XAUUSD,sell,out,0.02,2042.70,197,-0.07,0.00,1.80,3 144.97,sl 2042.78
2023.04.13 20:53:40,198,XAUUSD,buy,in,0.02,2043.88,198,-0.07,0.00,0.00,3 144.90,
2023.04.13 22:31:50,199,XAUUSD,sell,in,0.18,2039.11,199,-0.63,0.00,0.00,3 144.27,
2023.04.14 04:31:04,200,XAUUSD,sell,out,0.02,2045.03,200,-0.07,-1.14,2.30,3 145.36,sl 2045.03
2023.04.14 10:27:14,201,XAUUSD,buy,out,0.18,2038.60,201,-0.63,7.26,9.18,3 161.17,sl 2038.40
2023.04.14 17:58:03,202,XAUUSD,sell,in,0.02,1998.92,202,-0.07,0.00,0.00,3 161.10,
2023.04.14 17:59:44,203,XAUUSD,buy,out,0.02,1998.62,203,-0.07,0.00,0.60,3 161.63,sl 1998.60
2023.04.14 18:35:13,204,XAUUSD,sell,in,0.02,1997.57,204,-0.07,0.00,0.00,3 161.56,
2023.04.14 18:39:09,205,XAUUSD,buy,out,0.02,1997.04,205,-0.07,0.00,1.06,3 162.55,sl 1997.01
2023.04.14 18:59:19,206,XAUUSD,sell,in,0.02,1995.71,206,-0.07,0.00,0.00,3 162.48,
2023.04.14 19:02:45,207,XAUUSD,buy,out,0.02,1995.75,207,-0.07,0.00,-0.08,3 162.33,sl 1995.67
2023.04.14 19:23:22,208,XAUUSD,sell,in,0.02,1995.70,208,-0.07,0.00,0.00,3 162.26,
2023.04.14 19:27:32,209,XAUUSD,buy,out,0.02,1995.51,209,-0.07,0.00,0.38,3 162.57,sl 1995.51
2023.04.14 19:47:27,210,XAUUSD,sell,in,0.02,1995.70,210,-0.07,0.00,0.00,3 162.50,
2023.04.14 21:25:35,211,XAUUSD,buy,in,0.18,2004.72,211,-0.63,0.00,0.00,3 161.87,
2023.04.14 21:47:09,212,XAUUSD,sell,out,0.18,2005.33,212,-0.63,0.00,10.98,3 172.22,sl 2005.35
2023.04.17 16:47:20,213,XAUUSD,buy,out,0.02,1993.16,213,-0.07,0.81,5.08,3 178.04,sl 1993.16
2023.04.19 11:44:51,214,XAUUSD,sell,in,0.02,1977.47,214,-0.07,0.00,0.00,3 177.97,
2023.04.19 11:47:12,215,XAUUSD,buy,out,0.02,1977.36,215,-0.07,0.00,0.22,3 178.12,sl 1977.22
2023.04.19 12:30:38,216,XAUUSD,sell,in,0.02,1976.72,216,-0.07,0.00,0.00,3 178.05,
2023.04.19 12:36:22,217,XAUUSD,buy,out,0.02,1975.80,217,-0.07,0.00,1.84,3 179.82,sl 1975.72
2023.04.19 12:54:40,218,XAUUSD,sell,in,0.02,1975.04,218,-0.07,0.00,0.00,3 179.75,
2023.04.19 13:00:12,219,XAUUSD,buy,out,0.02,1974.74,219,-0.07,0.00,0.60,3 180.28,sl 1974.53
2023.04.19 13:18:39,220,XAUUSD,sell,in,0.02,1971.95,220,-0.07,0.00,0.00,3 180.21,
2023.04.19 14:07:31,221,XAUUSD,buy,out,0.02,1971.32,221,-0.07,0.00,1.26,3 181.40,sl 1971.32
2023.04.19 14:07:31,222,XAUUSD,sell,in,0.02,1971.20,222,-0.07,0.00,0.00,3 181.33,
2023.04.19 14:07:49,223,XAUUSD,buy,out,0.02,1971.00,223,-0.07,0.00,0.40,3 181.66,sl 1970.95
2023.04.19 14:31:32,224,XAUUSD,sell,in,0.02,1970.89,224,-0.07,0.00,0.00,3 181.59,
2023.04.19 14:37:01,225,XAUUSD,buy,out,0.02,1970.59,225,-0.07,0.00,0.60,3 182.12,sl 1970.59
2023.04.19 14:55:32,226,XAUUSD,sell,in,0.02,1970.75,226,-0.07,0.00,0.00,3 182.05,
2023.04.19 15:00:24,227,XAUUSD,buy,out,0.02,1970.52,227,-0.07,0.00,0.46,3 182.44,sl 1970.51
2023.04.19 15:19:38,228,XAUUSD,sell,in,0.02,1972.96,228,-0.07,0.00,0.00,3 182.37,
2023.04.19 15:20:12,229,XAUUSD,buy,out,0.02,1972.88,229,-0.07,0.00,0.16,3 182.46,sl 1972.84
2023.05.02 18:53:06,230,XAUUSD,buy,in,0.02,2014.49,230,-0.07,0.00,0.00,3 182.39,
2023.05.02 19:03:43,231,XAUUSD,sell,out,0.02,2015.43,231,-0.07,0.00,1.88,3 184.20,sl 2015.66
2023.05.02 19:17:10,232,XAUUSD,buy,in,0.02,2017.25,232,-0.07,0.00,0.00,3 184.13,
2023.05.02 19:21:19,233,XAUUSD,sell,out,0.02,2018.17,233,-0.07,0.00,1.84,3 185.90,sl 2018.17
2023.05.02 19:41:12,234,XAUUSD,buy,in,0.02,2015.68,234,-0.07,0.00,0.00,3 185.83,
2023.05.02 19:44:55,235,XAUUSD,sell,out,0.02,2015.86,235,-0.07,0.00,0.36,3 186.12,sl 2015.87
2023.05.02 20:19:07,236,XAUUSD,buy,in,0.02,2015.98,236,-0.07,0.00,0.00,3 186.05,
2023.05.02 20:22:13,237,XAUUSD,sell,out,0.02,2016.40,237,-0.07,0.00,0.84,3 186.82,sl 2016.47
2023.05.02 22:47:05,238,XAUUSD,buy,in,0.02,2017.50,238,-0.07,0.00,0.00,3 186.75,
2023.05.02 23:00:28,239,XAUUSD,sell,out,0.02,2017.68,239,-0.07,0.00,0.36,3 187.04,sl 2017.82
2023.05.03 21:02:08,240,XAUUSD,buy,in,0.02,2031.92,240,-0.07,0.00,0.00,3 186.97,
2023.05.03 21:02:33,241,XAUUSD,sell,out,0.02,2032.57,241,-0.07,0.00,1.30,3 188.20,sl 2032.64
2023.05.03 22:52:59,242,XAUUSD,buy,in,0.02,2031.58,242,-0.07,0.00,0.00,3 188.13,
2023.05.03 22:56:00,243,XAUUSD,sell,out,0.02,2034.93,243,-0.07,0.00,6.70,3 194.76,sl 2034.94
2023.05.03 23:46:09,244,XAUUSD,buy,in,0.02,2033.50,244,-0.07,0.00,0.00,3 194.69,
2023.05.03 23:46:55,245,XAUUSD,sell,out,0.02,2033.50,245,-0.07,0.00,0.00,3 194.62,sl 2033.55
2023.05.04 01:02:06,246,XAUUSD,buy,in,0.02,2066.58,246,-0.07,0.00,0.00,3 194.55,
2023.05.04 02:40:19,247,XAUUSD,sell,in,0.18,2052.76,247,-0.63,0.00,0.00,3 193.92,
2023.05.04 03:00:04,248,XAUUSD,buy,out,0.18,2052.74,248,-0.63,0.00,0.36,3 193.65,sl 2052.48
2023.05.05 15:30:15,249,XAUUSD,sell,out,0.02,2022.06,249,-0.07,-1.14,-89.04,3 103.40,
2023.05.05 16:46:10,250,XAUUSD,sell,in,0.02,2003.80,250,-0.07,0.00,0.00,3 103.33,
2023.05.05 16:46:50,251,XAUUSD,buy,out,0.02,2003.59,251,-0.07,0.00,0.42,3 103.68,sl 2003.55
2023.05.05 17:10:20,252,XAUUSD,sell,in,0.02,2003.63,252,-0.07,0.00,0.00,3 103.61,
2023.05.05 18:48:26,253,XAUUSD,buy,in,0.18,2013.99,253,-0.63,0.00,0.00,3 102.98,
2023.05.05 18:50:02,254,XAUUSD,sell,out,0.18,2014.46,254,-0.63,0.00,8.46,3 110.81,sl 2014.47
2023.05.08 15:44:33,255,XAUUSD,buy,in,0.18,2025.68,255,-0.63,0.00,0.00,3 110.18,
2023.05.08 15:45:18,256,XAUUSD,sell,out,0.18,2026.22,256,-0.63,0.00,9.72,3 119.27,sl 2026.25
2023.05.08 16:02:29,257,XAUUSD,buy,in,0.18,2024.66,257,-0.63,0.00,0.00,3 118.64,
2023.05.08 16:20:30,258,XAUUSD,sell,out,0.18,2022.40,258,-0.63,0.00,-40.68,3 077.33,
2023.05.08 16:20:38,259,XAUUSD,buy,out,0.02,2022.29,259,-0.07,0.81,-37.32,3 040.75,
2023.05.16 20:08:38,260,XAUUSD,sell,in,0.02,1985.98,260,-0.07,0.00,0.00,3 040.68,
2023.05.16 21:46:42,261,XAUUSD,buy,in,0.18,1989.44,261,-0.63,0.00,0.00,3 040.05,
2023.05.16 21:54:18,262,XAUUSD,sell,out,0.18,1989.70,262,-0.63,0.00,4.68,3 044.10,sl 1989.78
2023.05.17 12:02:45,263,XAUUSD,buy,out,0.02,1985.05,263,-0.07,0.81,1.86,3 046.70,sl 1985.01
2023.09.27 18:26:17,264,XAUUSD,sell,in,0.02,1879.83,264,-0.07,0.00,0.00,3 046.63,
2023.09.27 19:13:28,265,XAUUSD,buy,out,0.02,1878.49,265,-0.07,0.00,2.68,3 049.24,sl 1878.45
2023.09.27 19:13:32,266,XAUUSD,sell,in,0.02,1878.32,266,-0.07,0.00,0.00,3 049.17,
2023.09.27 19:31:11,267,XAUUSD,buy,out,0.02,1877.49,267,-0.07,0.00,1.66,3 050.76,sl 1877.48
2023.09.27 19:37:40,268,XAUUSD,sell,in,0.02,1876.90,268,-0.07,0.00,0.00,3 050.69,
2023.09.27 19:43:54,269,XAUUSD,buy,out,0.02,1876.87,269,-0.07,0.00,0.06,3 050.68,sl 1876.78
2023.09.27 20:01:41,270,XAUUSD,sell,in,0.02,1876.08,270,-0.07,0.00,0.00,3 050.61,
2023.09.27 20:19:39,271,XAUUSD,buy,out,0.02,1875.49,271,-0.07,0.00,1.18,3 051.72,sl 1875.43
2023.09.27 20:25:49,272,XAUUSD,sell,in,0.02,1874.22,272,-0.07,0.00,0.00,3 051.65,
2023.09.27 20:28:06,273,XAUUSD,buy,out,0.02,1874.11,273,-0.07,0.00,0.22,3 051.80,sl 1874.11
2023.09.27 20:49:53,274,XAUUSD,sell,in,0.02,1874.68,274,-0.07,0.00,0.00,3 051.73,
2023.09.27 20:57:50,275,XAUUSD,buy,out,0.02,1874.37,275,-0.07,0.00,0.62,3 052.28,sl 1874.36
2023.09.27 21:14:01,276,XAUUSD,sell,in,0.02,1873.00,276,-0.07,0.00,0.00,3 052.21,
2023.09.27 22:52:10,277,XAUUSD,buy,in,0.18,1876.35,277,-0.63,0.00,0.00,3 051.58,
2023.09.27 23:05:37,278,XAUUSD,sell,out,0.18,1876.38,278,-0.63,0.00,0.54,3 051.49,sl 1876.38
2023.09.28 15:46:26,279,XAUUSD,buy,out,0.02,1872.52,279,-0.07,2.42,0.96,3 054.80,sl 1872.52
2023.09.29 20:29:32,280,XAUUSD,sell,in,0.02,1849.71,280,-0.07,0.00,0.00,3 054.73,
2023.09.29 21:32:00,281,XAUUSD,buy,out,0.02,1847.75,281,-0.07,0.00,3.92,3 058.58,sl 1847.73
2023.09.29 21:32:08,282,XAUUSD,sell,in,0.02,1847.48,282,-0.07,0.00,0.00,3 058.51,
2023.09.29 21:44:20,283,XAUUSD,buy,out,0.02,1846.95,283,-0.07,0.00,1.06,3 059.50,sl 1846.94
2023.09.29 21:56:14,284,XAUUSD,sell,in,0.02,1848.26,284,-0.07,0.00,0.00,3 059.43,
2023.09.29 23:34:21,285,XAUUSD,buy,in,0.18,1848.71,285,-0.63,0.00,0.00,3 058.80,
2023.09.29 23:41:11,286,XAUUSD,sell,out,0.18,1849.36,286,-0.63,0.00,11.70,3 069.87,sl 1849.36
2023.10.02 01:04:23,287,XAUUSD,buy,out,0.02,1848.13,287,-0.07,0.81,0.26,3 070.87,sl 1848.13
2023.10.09 01:03:47,288,XAUUSD,buy,in,0.02,1855.22,288,-0.07,0.00,0.00,3 070.80,
2023.10.09 02:41:59,289,XAUUSD,sell,in,0.18,1847.66,289,-0.63,0.00,0.00,3 070.17,
2023.10.09 03:16:40,290,XAUUSD,buy,out,0.18,1847.27,290,-0.63,0.00,7.02,3 076.56,sl 1847.23
2023.10.09 21:57:16,291,XAUUSD,sell,out,0.02,1857.20,291,-0.07,0.00,3.96,3 080.45,sl 1857.21
2023.11.28 18:21:53,292,XAUUSD,buy,in,0.02,2037.13,292,-0.07,0.00,0.00,3 080.38,
2023.11.28 18:22:42,293,XAUUSD,sell,out,0.02,2037.12,293,-0.07,0.00,-0.02,3 080.29,sl 2037.17
2023.11.28 18:45:59,294,XAUUSD,buy,in,0.02,2038.90,294,-0.07,0.00,0.00,3 080.22,
2023.11.28 18:46:30,295,XAUUSD,sell,out,0.02,2039.86,295,-0.07,0.00,1.92,3 082.07,sl 2039.86
2023.11.28 19:10:00,296,XAUUSD,buy,in,0.02,2040.37,296,-0.07,0.00,0.00,3 082.00,
2023.11.28 19:15:30,297,XAUUSD,sell,out,0.02,2042.14,297,-0.07,0.00,3.54,3 085.47,sl 2042.17
2023.11.28 19:34:04,298,XAUUSD,buy,in,0.02,2041.97,298,-0.07,0.00,0.00,3 085.40,
2023.11.28 19:35:13,299,XAUUSD,sell,out,0.02,2042.04,299,-0.07,0.00,0.14,3 085.47,sl 2042.04
2023.11.28 19:58:09,300,XAUUSD,buy,in,0.02,2040.57,300,-0.07,0.00,0.00,3 085.40,
2023.11.28 20:02:11,301,XAUUSD,sell,out,0.02,2040.83,301,-0.07,0.00,0.52,3 085.85,sl 2040.91
2023.11.28 20:22:12,302,XAUUSD,buy,in,0.02,2038.96,302,-0.07,0.00,0.00,3 085.78,
2023.11.28 20:32:25,303,XAUUSD,sell,out,0.02,2038.91,303,-0.07,0.00,-0.10,3 085.61,sl 2038.99
2023.11.28 20:46:27,304,XAUUSD,buy,in,0.02,2038.79,304,-0.07,0.00,0.00,3 085.54,
2023.11.28 20:51:57,305,XAUUSD,sell,out,0.02,2039.03,305,-0.07,0.00,0.48,3 085.95,sl 2039.03
2023.11.28 21:10:27,306,XAUUSD,buy,in,0.02,2040.55,306,-0.07,0.00,0.00,3 085.88,
2023.11.28 21:15:35,307,XAUUSD,sell,out,0.02,2040.62,307,-0.07,0.00,0.14,3 085.95,sl 2040.69
2023.11.28 21:34:28,308,XAUUSD,buy,in,0.02,2040.15,308,-0.07,0.00,0.00,3 085.88,
2023.11.28 21:37:11,309,XAUUSD,sell,out,0.02,2040.22,309,-0.07,0.00,0.14,3 085.95,sl 2040.22
2023.11.28 21:58:28,310,XAUUSD,buy,in,0.02,2041.88,310,-0.07,0.00,0.00,3 085.88,
2023.11.28 23:36:38,311,XAUUSD,sell,in,0.18,2040.31,311,-0.63,0.00,0.00,3 085.25,
2023.11.29 01:34:46,312,XAUUSD,sell,out,0.02,2043.90,312,-0.07,-1.14,4.04,3 088.08,sl 2043.90
2023.11.29 11:25:03,313,XAUUSD,buy,out,0.18,2040.17,313,-0.63,7.26,2.52,3 097.23,sl 2040.17
2023.12.01 19:49:18,314,XAUUSD,buy,in,0.02,2065.91,314,-0.07,0.00,0.00,3 097.16,
2023.12.01 19:51:28,315,XAUUSD,sell,out,0.02,2066.40,315,-0.07,0.00,0.98,3 098.07,sl 2066.49
2023.12.01 20:13:18,316,XAUUSD,buy,in,0.02,2067.77,316,-0.07,0.00,0.00,3 098.00,
2023.12.01 20:16:42,317,XAUUSD,sell,out,0.02,2068.38,317,-0.07,0.00,1.22,3 099.15,sl 2068.38
2023.12.01 20:37:25,318,XAUUSD,buy,in,0.02,2072.67,318,-0.07,0.00,0.00,3 099.08,
2023.12.01 20:37:55,319,XAUUSD,sell,out,0.02,2072.94,319,-0.07,0.00,0.54,3 099.55,sl 2072.95
2023.12.01 21:01:26,320,XAUUSD,buy,in,0.02,2071.71,320,-0.07,0.00,0.00,3 099.48,
2023.12.01 22:39:29,321,XAUUSD,sell,in,0.18,2070.04,321,-0.63,0.00,0.00,3 098.85,
2023.12.04 01:03:36,322,XAUUSD,sell,out,0.02,2075.24,322,-0.07,-1.14,7.06,3 104.70,sl 2075.37
2023.12.04 01:23:19,323,XAUUSD,buy,out,0.18,2112.55,323,-0.63,7.26,-765.18,2 346.15,
2023.12.04 17:27:13,324,XAUUSD,sell,in,0.02,2030.08,324,-0.07,0.00,0.00,2 346.08,
2023.12.04 17:27:56,325,XAUUSD,buy,out,0.02,2027.52,325,-0.07,0.00,5.12,2 351.13,sl 2027.25
2023.12.04 17:51:17,326,XAUUSD,sell,in,0.02,2024.19,326,-0.07,0.00,0.00,2 351.06,
2023.12.04 17:52:00,327,XAUUSD,buy,out,0.02,2023.82,327,-0.07,0.00,0.74,2 351.73,sl 2023.82
2023.12.04 18:15:17,328,XAUUSD,sell,in,0.02,2025.84,328,-0.07,0.00,0.00,2 351.66,
2023.12.04 18:16:22,329,XAUUSD,buy,out,0.02,2025.68,329,-0.07,0.00,0.32,2 351.91,sl 2025.67
2023.12.04 18:39:17,330,XAUUSD,sell,in,0.02,2022.80,330,-0.07,0.00,0.00,2 351.84,
2023.12.04 18:44:02,331,XAUUSD,buy,out,0.02,2022.19,331,-0.07,0.00,1.22,2 352.99,sl 2022.08
2023.12.04 19:05:06,332,XAUUSD,sell,in,0.02,2026.33,332,-0.07,0.00,0.00,2 352.92,
2023.12.04 19:29:09,333,XAUUSD,buy,out,0.02,2025.01,333,-0.07,0.00,2.64,2 355.49,sl 2025.00
2023.12.04 19:29:17,334,XAUUSD,sell,in,0.02,2025.04,334,-0.07,0.00,0.00,2 355.42,
2023.12.04 19:36:15,335,XAUUSD,buy,out,0.02,2024.57,335,-0.07,0.00,0.94,2 356.29,sl 2024.56
2023.12.04 19:53:19,336,XAUUSD,sell,in,0.02,2025.02,336,-0.07,0.00,0.00,2 356.22,
2023.12.04 20:03:05,337,XAUUSD,buy,out,0.02,2024.71,337,-0.07,0.00,0.62,2 356.77,sl 2024.62
2023.12.04 20:17:24,338,XAUUSD,sell,in,0.02,2023.48,338,-0.07,0.00,0.00,2 356.70,
2023.12.04 20:20:00,339,XAUUSD,buy,out,0.02,2023.61,339,-0.07,0.00,-0.26,2 356.37,sl 2023.47
2023.12.04 20:41:28,340,XAUUSD,sell,in,0.02,2023.52,340,-0.07,0.00,0.00,2 356.30,
2023.12.04 20:43:48,341,XAUUSD,buy,out,0.02,2023.49,341,-0.07,0.00,0.06,2 356.29,sl 2023.46
2023.12.04 21:17:12,342,XAUUSD,sell,in,0.02,2024.43,342,-0.07,0.00,0.00,2 356.22,
2023.12.04 22:55:16,343,XAUUSD,buy,in,0.18,2028.13,343,-0.63,0.00,0.00,2 355.59,
2023.12.04 22:57:14,344,XAUUSD,sell,out,0.18,2028.38,344,-0.63,0.00,4.50,2 359.46,sl 2028.47
2023.12.05 12:27:54,345,XAUUSD,buy,out,0.02,2024.04,345,-0.07,0.81,0.78,2 360.98,sl 2024.04
2023.12.08 19:02:54,346,XAUUSD,sell,in,0.02,2000.32,346,-0.07,0.00,0.00,2 360.91,
2023.12.08 19:04:39,347,XAUUSD,buy,out,0.02,1999.01,347,-0.07,0.00,2.62,2 363.46,sl 1998.97
2023.12.08 19:26:59,348,XAUUSD,sell,in,0.02,1996.11,348,-0.07,0.00,0.00,2 363.39,
2023.12.08 21:05:01,349,XAUUSD,buy,in,0.18,1999.50,349,-0.63,0.00,0.00,2 362.76,
2023.12.08 21:09:21,350,XAUUSD,sell,out,0.18,1999.70,350,-0.63,0.00,3.60,2 365.73,sl 1999.72
2023.12.11 06:17:53,351,XAUUSD,buy,out,0.02,1995.53,351,-0.07,0.81,1.16,2 367.63,sl 1995.52
2023.12.13 21:43:02,352,XAUUSD,buy,in,0.02,2015.92,352,-0.07,0.00,0.00,2 367.56,
2023.12.13 21:48:59,353,XAUUSD,sell,out,0.02,2016.35,353,-0.07,0.00,0.86,2 368.35,sl 2016.38
2023.12.13 22:17:12,354,XAUUSD,buy,in,0.02,2017.26,354,-0.07,0.00,0.00,2 368.28,
2023.12.13 22:18:56,355,XAUUSD,sell,out,0.02,2017.25,355,-0.07,0.00,-0.02,2 368.19,sl 2017.43
2023.12.13 22:41:18,356,XAUUSD,buy,in,0.02,2020.81,356,-0.07,0.00,0.00,2 368.12,
2023.12.13 22:55:44,357,XAUUSD,sell,out,0.02,2020.75,357,-0.07,0.00,-0.12,2 367.93,sl 2020.85
2023.12.13 23:05:18,358,XAUUSD,buy,in,0.02,2023.85,358,-0.07,0.00,0.00,2 367.86,
2023.12.13 23:06:07,359,XAUUSD,sell,out,0.02,2024.18,359,-0.07,0.00,0.66,2 368.45,sl 2024.28
2023.12.13 23:29:34,360,XAUUSD,buy,in,0.02,2026.14,360,-0.07,0.00,0.00,2 368.38,
2023.12.13 23:31:36,361,XAUUSD,sell,out,0.02,2026.26,361,-0.07,0.00,0.24,2 368.55,sl 2026.26
2023.12.13 23:53:39,362,XAUUSD,buy,in,0.02,2026.54,362,-0.07,0.00,0.00,2 368.48,
2023.12.13 23:58:02,363,XAUUSD,sell,out,0.02,2027.06,363,-0.07,0.00,1.04,2 369.45,sl 2027.30
2023.12.14 01:02:05,364,XAUUSD,buy,in,0.02,2025.79,364,-0.07,0.00,0.00,2 369.38,
2023.12.14 01:08:52,365,XAUUSD,sell,out,0.02,2026.28,365,-0.07,0.00,0.98,2 370.29,sl 2026.34
2023.12.14 01:26:07,366,XAUUSD,buy,in,0.02,2027.17,366,-0.07,0.00,0.00,2 370.22,
2023.12.14 01:29:43,367,XAUUSD,sell,out,0.02,2029.30,367,-0.07,0.00,4.26,2 374.41,sl 2029.47
2023.12.14 01:50:20,368,XAUUSD,buy,in,0.02,2031.92,368,-0.07,0.00,0.00,2 374.34,
2023.12.14 01:59:52,369,XAUUSD,sell,out,0.02,2032.53,369,-0.07,0.00,1.22,2 375.49,sl 2032.58
2023.12.14 02:14:21,370,XAUUSD,buy,in,0.02,2031.36,370,-0.07,0.00,0.00,2 375.42,
2023.12.14 02:17:21,371,XAUUSD,sell,out,0.02,2031.38,371,-0.07,0.00,0.04,2 375.39,sl 2031.52
2023.12.14 02:38:24,372,XAUUSD,buy,in,0.02,2037.66,372,-0.07,0.00,0.00,2 375.32,
2023.12.14 02:38:33,373,XAUUSD,sell,out,0.02,2037.70,373,-0.07,0.00,0.08,2 375.33,sl 2037.76
2023.12.14 03:02:41,374,XAUUSD,buy,in,0.02,2037.52,374,-0.07,0.00,0.00,2 375.26,
2023.12.14 04:40:44,375,XAUUSD,sell,in,0.18,2032.00,375,-0.63,0.00,0.00,2 374.63,
2023.12.14 04:43:19,376,XAUUSD,buy,out,0.18,2031.71,376,-0.63,0.00,5.22,2 379.22,sl 2031.70
2023.12.14 10:26:20,377,XAUUSD,sell,out,0.02,2037.59,377,-0.07,0.00,0.14,2 379.29,sl 2037.59
2024.01.03 16:17:27,378,XAUUSD,sell,in,0.02,2035.28,378,-0.07,0.00,0.00,2 379.22,
2024.01.03 16:22:29,379,XAUUSD,buy,out,0.02,2035.26,379,-0.07,0.00,0.04,2 379.19,sl 2035.22
2024.01.03 16:41:27,380,XAUUSD,sell,in,0.02,2034.80,380,-0.07,0.00,0.00,2 379.12,
2024.01.03 17:38:29,381,XAUUSD,buy,out,0.02,2034.29,381,-0.07,0.00,1.02,2 380.07,sl 2034.29
2024.01.03 17:38:36,382,XAUUSD,sell,in,0.02,2033.56,382,-0.07,0.00,0.00,2 380.00,
2024.01.03 17:39:03,383,XAUUSD,buy,out,0.02,2033.49,383,-0.07,0.00,0.14,2 380.07,sl 2033.45
2024.01.03 18:02:39,384,XAUUSD,sell,in,0.02,2034.26,384,-0.07,0.00,0.00,2 380.00,
2024.01.03 18:13:26,385,XAUUSD,buy,out,0.02,2034.32,385,-0.07,0.00,-0.12,2 379.81,sl 2034.23
2024.01.03 18:26:41,386,XAUUSD,sell,in,0.02,2034.10,386,-0.07,0.00,0.00,2 379.74,
2024.01.03 18:33:46,387,XAUUSD,buy,out,0.02,2033.64,387,-0.07,0.00,0.92,2 380.59,sl 2033.62
2024.01.03 18:50:47,388,XAUUSD,sell,in,0.02,2031.83,388,-0.07,0.00,0.00,2 380.52,
2024.01.03 19:01:55,389,XAUUSD,buy,out,0.02,2031.65,389,-0.07,0.00,0.36,2 380.81,sl 2031.65
2024.01.03 19:14:48,390,XAUUSD,sell,in,0.02,2033.19,390,-0.07,0.00,0.00,2 380.74,
2024.01.03 19:22:08,391,XAUUSD,buy,out,0.02,2033.21,391,-0.07,0.00,-0.04,2 380.63,sl 2033.18
2024.01.03 19:38:52,392,XAUUSD,sell,in,0.02,2032.42,392,-0.07,0.00,0.00,2 380.56,
2024.01.03 19:42:50,393,XAUUSD,buy,out,0.02,2031.41,393,-0.07,0.00,2.02,2 382.51,sl 2031.35
2024.01.03 21:06:08,394,XAUUSD,sell,in,0.02,2031.75,394,-0.07,0.00,0.00,2 382.44,
2024.01.03 21:13:35,395,XAUUSD,buy,out,0.02,2031.56,395,-0.07,0.00,0.38,2 382.75,sl 2031.54
2024.01.12 16:34:11,396,XAUUSD,buy,in,0.02,2061.35,396,-0.07,0.00,0.00,2 382.68,
2024.01.12 16:37:45,397,XAUUSD,sell,out,0.02,2061.37,397,-0.07,0.00,0.04,2 382.65,sl 2061.53
2024.01.17 17:32:19,398,XAUUSD,sell,in,0.02,2006.86,398,-0.07,0.00,0.00,2 382.58,
2024.01.17 17:34:44,399,XAUUSD,buy,out,0.02,2006.81,399,-0.07,0.00,0.10,2 382.61,sl 2006.81
2024.01.17 18:49:52,400,XAUUSD,sell,in,0.02,2005.00,400,-0.07,0.00,0.00,2 382.54,
2024.01.17 19:14:30,401,XAUUSD,buy,out,0.02,2004.97,401,-0.07,0.00,0.06,2 382.53,sl 2004.93
2024.01.17 19:14:38,402,XAUUSD,sell,in,0.02,2004.93,402,-0.07,0.00,0.00,2 382.46,
2024.01.17 19:30:27,403,XAUUSD,buy,out,0.02,2004.25,403,-0.07,0.00,1.36,2 383.75,sl 2004.22
2024.01.17 19:38:44,404,XAUUSD,sell,in,0.02,2005.44,404,-0.07,0.00,0.00,2 383.68,
2024.01.17 20:07:01,405,XAUUSD,buy,out,0.02,2005.14,405,-0.07,0.00,0.60,2 384.21,sl 2005.09
2024.01.17 20:08:01,406,XAUUSD,sell,in,0.02,2004.82,406,-0.07,0.00,0.00,2 384.14,
2024.01.17 20:21:22,407,XAUUSD,buy,out,0.02,2003.06,407,-0.07,0.00,3.52,2 387.59,sl 2003.00
2024.01.17 20:32:08,408,XAUUSD,sell,in,0.02,2002.88,408,-0.07,0.00,0.00,2 387.52,
2024.01.17 20:35:44,409,XAUUSD,buy,out,0.02,2002.68,409,-0.07,0.00,0.40,2 387.85,sl 2002.61
2024.01.17 20:56:15,410,XAUUSD,sell,in,0.02,2004.10,410,-0.07,0.00,0.00,2 387.78,
2024.01.17 22:34:20,411,XAUUSD,buy,in,0.18,2006.12,411,-0.63,0.00,0.00,2 387.15,
2024.01.17 22:46:03,412,XAUUSD,sell,out,0.18,2006.40,412,-0.63,0.00,5.04,2 391.56,sl 2006.40
2024.01.18 22:30:15,413,XAUUSD,buy,out,0.02,2021.42,413,-0.07,2.42,-34.64,2 359.27,
2024.02.13 16:32:23,414,XAUUSD,sell,in,0.02,1996.16,414,-0.07,0.00,0.00,2 359.20,
2024.02.13 16:48:16,415,XAUUSD,buy,out,0.02,1996.13,415,-0.07,0.00,0.06,2 359.19,sl 1996.10
2024.02.13 16:56:26,416,XAUUSD,sell,in,0.02,1993.50,416,-0.07,0.00,0.00,2 359.12,
2024.02.13 17:06:46,417,XAUUSD,buy,out,0.02,1991.65,417,-0.07,0.00,3.70,2 362.75,sl 1991.50
2024.02.13 17:20:30,418,XAUUSD,sell,in,0.02,1992.52,418,-0.07,0.00,0.00,2 362.68,
2024.02.13 17:35:16,419,XAUUSD,buy,out,0.02,1992.44,419,-0.07,0.00,0.16,2 362.77,sl 1992.42
2024.02.13 17:44:33,420,XAUUSD,sell,in,0.02,1991.65,420,-0.07,0.00,0.00,2 362.70,
2024.02.13 17:46:18,421,XAUUSD,buy,out,0.02,1991.54,421,-0.07,0.00,0.22,2 362.85,sl 1991.54
2024.02.13 18:08:34,422,XAUUSD,sell,in,0.02,1994.63,422,-0.07,0.00,0.00,2 362.78,
2024.02.13 18:18:41,423,XAUUSD,buy,out,0.02,1993.76,423,-0.07,0.00,1.74,2 364.45,sl 1993.72
2024.02.13 18:32:42,424,XAUUSD,sell,in,0.02,1994.80,424,-0.07,0.00,0.00,2 364.38,
2024.02.13 18:47:14,425,XAUUSD,buy,out,0.02,1993.93,425,-0.07,0.00,1.74,2 366.05,sl 1993.93
2024.02.13 18:56:50,426,XAUUSD,sell,in,0.02,1994.47,426,-0.07,0.00,0.00,2 365.98,
2024.02.13 19:26:09,427,XAUUSD,buy,out,0.02,1993.86,427,-0.07,0.00,1.22,2 367.13,sl 1993.84
2024.02.13 19:26:27,428,XAUUSD,sell,in,0.02,1993.82,428,-0.07,0.00,0.00,2 367.06,
2024.02.13 19:31:05,429,XAUUSD,buy,out,0.02,1993.60,429,-0.07,0.00,0.44,2 367.43,sl 1993.50
2024.02.13 19:50:32,430,XAUUSD,sell,in,0.02,1993.74,430,-0.07,0.00,0.00,2 367.36,
2024.02.13 19:58:00,431,XAUUSD,buy,out,0.02,1993.44,431,-0.07,0.00,0.60,2 367.89,sl 1993.42
2024.02.13 21:25:41,432,XAUUSD,sell,in,0.02,1992.03,432,-0.07,0.00,0.00,2 367.82,
2024.02.13 22:00:08,433,XAUUSD,buy,out,0.02,1991.98,433,-0.07,0.00,0.10,2 367.85,sl 1991.96
2024.02.13 22:01:52,434,XAUUSD,sell,in,0.02,1991.33,434,-0.07,0.00,0.00,2 367.78,
2024.02.13 23:40:13,435,XAUUSD,buy,in,0.18,1992.92,435,-0.63,0.00,0.00,2 367.15,
2024.02.14 03:16:17,436,XAUUSD,buy,out,0.02,1990.06,436,-0.07,0.81,2.54,2 370.43,sl 1990.06
2024.02.14 04:10:18,437,XAUUSD,sell,out,0.18,1992.98,437,-0.63,-10.27,1.08,2 360.61,sl 1993.01
2024.03.01 17:47:42,438,XAUUSD,buy,in,0.02,2068.29,438,-0.07,0.00,0.00,2 360.54,
2024.03.01 17:55:29,439,XAUUSD,sell,out,0.02,2070.46,439,-0.07,0.00,4.34,2 364.81,sl 2070.47
2024.03.01 18:11:45,440,XAUUSD,buy,in,0.02,2073.82,440,-0.07,0.00,0.00,2 364.74,
2024.03.01 18:17:36,441,XAUUSD,sell,out,0.02,2074.73,441,-0.07,0.00,1.82,2 366.49,sl 2074.74
2024.03.01 18:35:45,442,XAUUSD,buy,in,0.02,2075.86,442,-0.07,0.00,0.00,2 366.42,
2024.03.01 18:40:30,443,XAUUSD,sell,out,0.02,2079.18,443,-0.07,0.00,6.64,2 372.99,sl 2079.18
2024.03.01 18:59:46,444,XAUUSD,buy,in,0.02,2081.27,444,-0.07,0.00,0.00,2 372.92,
2024.03.01 19:03:56,445,XAUUSD,sell,out,0.02,2082.31,445,-0.07,0.00,2.08,2 374.93,sl 2082.31
2024.03.01 19:23:47,446,XAUUSD,buy,in,0.02,2083.13,446,-0.07,0.00,0.00,2 374.86,
2024.03.01 19:30:22,447,XAUUSD,sell,out,0.02,2083.85,447,-0.07,0.00,1.44,2 376.23,sl 2083.86
2024.03.01 19:47:51,448,XAUUSD,buy,in,0.02,2084.21,448,-0.07,0.00,0.00,2 376.16,
2024.03.01 19:51:29,449,XAUUSD,sell,out,0.02,2084.82,449,-0.07,0.00,1.22,2 377.31,sl 2084.84
2024.03.01 20:11:51,450,XAUUSD,buy,in,0.02,2084.64,450,-0.07,0.00,0.00,2 377.24,
2024.03.01 20:12:53,451,XAUUSD,sell,out,0.02,2085.01,451,-0.07,0.00,0.74,2 377.91,sl 2085.01
2024.03.01 20:35:52,452,XAUUSD,buy,in,0.02,2087.24,452,-0.07,0.00,0.00,2 377.84,
2024.03.01 20:45:36,453,XAUUSD,sell,out,0.02,2087.75,453,-0.07,0.00,1.02,2 378.79,sl 2087.75
2024.03.01 20:59:53,454,XAUUSD,buy,in,0.02,2085.78,454,-0.07,0.00,0.00,2 378.72,
2024.03.01 21:02:26,455,XAUUSD,sell,out,0.02,2086.22,455,-0.07,0.00,0.88,2 379.53,sl 2086.22
2024.03.01 21:23:55,456,XAUUSD,buy,in,0.02,2085.69,456,-0.07,0.00,0.00,2 379.46,
2024.03.01 21:39:35,457,XAUUSD,sell,out,0.02,2086.18,457,-0.07,0.00,0.98,2 380.37,sl 2086.21
2024.03.01 21:48:02,458,XAUUSD,buy,in,0.02,2085.02,458,-0.07,0.00,0.00,2 380.30,
2024.03.01 21:58:15,459,XAUUSD,sell,out,0.02,2085.52,459,-0.07,0.00,1.00,2 381.23,sl 2085.53
2024.03.01 22:12:05,460,XAUUSD,buy,in,0.02,2083.60,460,-0.07,0.00,0.00,2 381.16,
2024.03.01 22:17:27,461,XAUUSD,sell,out,0.02,2083.76,461,-0.07,0.00,0.32,2 381.41,sl 2083.76
2024.03.01 22:36:15,462,XAUUSD,buy,in,0.02,2084.55,462,-0.07,0.00,0.00,2 381.34,
2024.03.04 01:12:35,463,XAUUSD,sell,out,0.02,2084.92,463,-0.07,-1.14,0.74,2 380.87,sl 2084.95
2024.03.20 22:25:16,464,XAUUSD,buy,in,0.02,2186.33,464,-0.07,0.00,0.00,2 380.80,
2024.03.20 22:29:42,465,XAUUSD,sell,out,0.02,2188.13,465,-0.07,0.00,3.60,2 384.33,sl 2188.20
2024.03.20 23:26:25,466,XAUUSD,buy,in,0.02,2187.04,466,-0.07,0.00,0.00,2 384.26,
2024.03.21 01:02:16,467,XAUUSD,sell,out,0.02,2186.79,467,-0.07,-3.42,-0.50,2 380.27,sl 2187.21
2024.03.21 01:04:17,468,XAUUSD,buy,in,0.02,2188.38,468,-0.07,0.00,0.00,2 380.20,
2024.03.21 01:13:00,469,XAUUSD,sell,out,0.02,2192.08,469,-0.07,0.00,7.40,2 387.53,sl 2192.08
2024.03.21 01:28:20,470,XAUUSD,buy,in,0.02,2207.94,470,-0.07,0.00,0.00,2 387.46,
2024.03.21 01:28:30,471,XAUUSD,sell,out,0.02,2208.03,471,-0.07,0.00,0.18,2 387.57,sl 2208.05
2024.03.21 01:52:23,472,XAUUSD,buy,in,0.02,2201.93,472,-0.07,0.00,0.00,2 387.50,
2024.03.21 01:55:28,473,XAUUSD,sell,out,0.02,2202.28,473,-0.07,0.00,0.70,2 388.13,sl 2202.29
2024.03.21 02:16:26,474,XAUUSD,buy,in,0.02,2201.58,474,-0.07,0.00,0.00,2 388.06,
2024.03.21 02:17:03,475,XAUUSD,sell,out,0.02,2201.81,475,-0.07,0.00,0.46,2 388.45,sl 2201.91
2024.03.21 02:40:28,476,XAUUSD,buy,in,0.02,2205.95,476,-0.07,0.00,0.00,2 388.38,
2024.03.21 04:12:08,477,XAUUSD,sell,out,0.02,2210.63,477,-0.07,0.00,9.36,2 397.67,sl 2210.77
2024.03.21 04:12:18,478,XAUUSD,buy,in,0.02,2208.83,478,-0.07,0.00,0.00,2 397.60,
2024.03.21 04:12:34,479,XAUUSD,sell,out,0.02,2208.90,479,-0.07,0.00,0.14,2 397.67,sl 2208.94
2024.03.21 04:36:25,480,XAUUSD,buy,in,0.02,2202.28,480,-0.07,0.00,0.00,2 397.60,
2024.03.21 04:42:27,481,XAUUSD,sell,out,0.02,2202.59,481,-0.07,0.00,0.62,2 398.15,sl 2202.59
2024.03.21 05:00:28,482,XAUUSD,buy,in,0.02,2205.59,482,-0.07,0.00,0.00,2 398.08,
2024.03.21 05:05:49,483,XAUUSD,sell,out,0.02,2205.83,483,-0.07,0.00,0.48,2 398.49,sl 2205.85
2024.03.21 05:24:32,484,XAUUSD,buy,in,0.02,2204.29,484,-0.07,0.00,0.00,2 398.42,
2024.03.21 05:30:59,485,XAUUSD,sell,out,0.02,2204.52,485,-0.07,0.00,0.46,2 398.81,sl 2204.52
2024.03.21 05:48:36,486,XAUUSD,buy,in,0.02,2204.86,486,-0.07,0.00,0.00,2 398.74,
2024.03.21 07:26:48,487,XAUUSD,sell,in,0.18,2203.81,487,-0.63,0.00,0.00,2 398.11,
2024.03.21 07:34:23,488,XAUUSD,buy,out,0.18,2203.80,488,-0.63,0.00,0.18,2 397.66,sl 2203.80
2024.03.21 09:04:59,489,XAUUSD,sell,out,0.02,2206.33,489,-0.07,0.00,2.94,2 400.53,sl 2206.36
2024.03.28 13:50:19,490,XAUUSD,buy,in,0.02,2212.50,490,-0.07,0.00,0.00,2 400.46,
2024.03.28 13:50:53,491,XAUUSD,sell,out,0.02,2212.45,491,-0.07,0.00,-0.10,2 400.29,sl 2212.62
2024.03.28 15:07:22,492,XAUUSD,buy,in,0.02,2214.84,492,-0.07,0.00,0.00,2 400.22,
2024.03.28 15:17:14,493,XAUUSD,sell,out,0.02,2215.73,493,-0.07,0.00,1.78,2 401.93,sl 2215.82
2024.03.28 15:57:41,494,XAUUSD,buy,in,0.02,2214.99,494,-0.07,0.00,0.00,2 401.86,
2024.03.28 15:58:05,495,XAUUSD,sell,out,0.02,2215.12,495,-0.07,0.00,0.26,2 402.05,sl 2215.12
2024.03.28 18:07:57,496,XAUUSD,buy,in,0.02,2216.62,496,-0.07,0.00,0.00,2 401.98,
2024.03.28 19:25:20,497,XAUUSD,sell,out,0.02,2217.26,497,-0.07,0.00,1.28,2 403.19,sl 2217.26
2024.03.28 19:26:37,498,XAUUSD,buy,in,0.02,2218.14,498,-0.07,0.00,0.00,2 403.12,
2024.03.28 19:27:15,499,XAUUSD,sell,out,0.02,2218.72,499,-0.07,0.00,1.16,2 404.21,sl 2218.75
2024.03.28 19:50:43,500,XAUUSD,buy,in,0.02,2220.88,500,-0.07,0.00,0.00,2 404.14,
2024.03.28 19:55:29,501,XAUUSD,sell,out,0.02,2220.85,501,-0.07,0.00,-0.06,2 404.01,sl 2220.94
2024.03.28 20:14:46,502,XAUUSD,buy,in,0.02,2219.73,502,-0.07,0.00,0.00,2 403.94,
2024.03.28 20:43:59,503,XAUUSD,sell,out,0.02,2220.01,503,-0.07,0.00,0.56,2 404.43,sl 2220.06
2024.03.28 20:44:01,504,XAUUSD,buy,in,0.02,2220.16,504,-0.07,0.00,0.00,2 404.36,
2024.03.28 20:47:13,505,XAUUSD,sell,out,0.02,2220.82,505,-0.07,0.00,1.32,2 405.61,sl 2220.82
2024.03.28 21:08:05,506,XAUUSD,buy,in,0.02,2221.37,506,-0.07,0.00,0.00,2 405.54,
2024.03.28 21:11:56,507,XAUUSD,sell,out,0.02,2221.93,507,-0.07,0.00,1.12,2 406.59,sl 2221.96
2024.03.28 21:32:08,508,XAUUSD,buy,in,0.02,2220.56,508,-0.07,0.00,0.00,2 406.52,
2024.03.28 22:11:53,509,XAUUSD,sell,out,0.02,2220.95,509,-0.07,0.00,0.78,2 407.23,sl 2220.95
2024.03.28 22:11:53,510,XAUUSD,buy,in,0.02,2221.00,510,-0.07,0.00,0.00,2 407.16,
2024.03.28 22:59:39,511,XAUUSD,sell,out,0.02,2221.78,511,-0.07,0.00,1.56,2 408.65,sl 2221.80
2024.03.28 22:59:47,512,XAUUSD,buy,in,0.02,2222.12,512,-0.07,0.00,0.00,2 408.58,
2024.03.28 23:46:44,513,XAUUSD,sell,out,0.02,2223.83,513,-0.07,0.00,3.42,2 411.93,sl 2223.83
2024.03.28 23:46:52,514,XAUUSD,buy,in,0.02,2224.16,514,-0.07,0.00,0.00,2 411.86,
2024.03.28 23:48:30,515,XAUUSD,sell,out,0.02,2225.06,515,-0.07,0.00,1.80,2 413.59,sl 2225.14
2024.04.01 01:02:05,516,XAUUSD,buy,in,0.02,2236.93,516,-0.07,0.00,0.00,2 413.52,
2024.04.01 01:02:27,517,XAUUSD,sell,out,0.02,2237.23,517,-0.07,0.00,0.60,2 414.05,sl 2237.28
2024.04.01 01:26:12,518,XAUUSD,buy,in,0.02,2241.90,518,-0.07,0.00,0.00,2 413.98,
2024.04.01 02:33:59,519,XAUUSD,sell,out,0.02,2241.95,519,-0.07,0.00,0.10,2 414.01,sl 2241.97
2024.04.01 02:34:14,520,XAUUSD,buy,in,0.02,2241.99,520,-0.07,0.00,0.00,2 413.94,
2024.04.01 02:41:16,521,XAUUSD,sell,out,0.02,2242.71,521,-0.07,0.00,1.44,2 415.31,sl 2242.71
2024.04.01 02:58:20,522,XAUUSD,buy,in,0.02,2245.16,522,-0.07,0.00,0.00,2 415.24,
2024.04.01 03:00:17,523,XAUUSD,sell,out,0.02,2246.04,523,-0.07,0.00,1.76,2 416.93,sl 2246.05
2024.04.01 03:22:17,524,XAUUSD,buy,in,0.02,2250.00,524,-0.07,0.00,0.00,2 416.86,
2024.04.01 03:32:45,525,XAUUSD,sell,out,0.02,2252.96,525,-0.07,0.00,5.92,2 422.71,sl 2253.01
2024.04.01 03:46:23,526,XAUUSD,buy,in,0.02,2252.69,526,-0.07,0.00,0.00,2 422.64,
2024.04.01 04:00:18,527,XAUUSD,sell,out,0.02,2254.28,527,-0.07,0.00,3.18,2 425.75,sl 2254.42
2024.04.01 04:10:22,528,XAUUSD,buy,in,0.02,2257.57,528,-0.07,0.00,0.00,2 425.68,
2024.04.01 04:13:26,529,XAUUSD,sell,out,0.02,2258.21,529,-0.07,0.00,1.28,2 426.89,sl 2258.22
2024.04.01 04:34:26,530,XAUUSD,buy,in,0.02,2257.59,530,-0.07,0.00,0.00,2 426.82,
2024.04.01 04:42:28,531,XAUUSD,sell,out,0.02,2258.24,531,-0.07,0.00,1.30,2 428.05,sl 2258.42
2024.04.01 04:58:28,532,XAUUSD,buy,in,0.02,2257.15,532,-0.07,0.00,0.00,2 427.98,
2024.04.01 05:17:25,533,XAUUSD,sell,out,0.02,2257.36,533,-0.07,0.00,0.42,2 428.33,sl 2257.40
2024.04.01 05:22:34,534,XAUUSD,buy,in,0.02,2256.35,534,-0.07,0.00,0.00,2 428.26,
2024.04.01 05:30:59,535,XAUUSD,sell,out,0.02,2257.60,535,-0.07,0.00,2.50,2 430.69,sl 2257.63
2024.04.01 05:46:38,536,XAUUSD,buy,in,0.02,2256.14,536,-0.07,0.00,0.00,2 430.62,
2024.04.01 05:50:59,537,XAUUSD,sell,out,0.02,2256.32,537,-0.07,0.00,0.36,2 430.91,sl 2256.35
2024.04.01 06:10:38,538,XAUUSD,buy,in,0.02,2257.70,538,-0.07,0.00,0.00,2 430.84,
2024.04.01 06:17:00,539,XAUUSD,sell,out,0.02,2258.36,539,-0.07,0.00,1.32,2 432.09,sl 2258.36
2024.04.01 06:34:45,540,XAUUSD,buy,in,0.02,2259.59,540,-0.07,0.00,0.00,2 432.02,
2024.04.01 06:38:35,541,XAUUSD,sell,out,0.02,2261.22,541,-0.07,0.00,3.26,2 435.21,sl 2261.24
2024.04.01 06:58:52,542,XAUUSD,buy,in,0.02,2264.77,542,-0.07,0.00,0.00,2 435.14,
2024.04.01 07:03:46,543,XAUUSD,sell,out,0.02,2265.12,543,-0.07,0.00,0.70,2 435.77,sl 2265.12
2024.04.01 07:22:56,544,XAUUSD,buy,in,0.02,2260.59,544,-0.07,0.00,0.00,2 435.70,
2024.04.01 07:30:32,545,XAUUSD,sell,out,0.02,2259.94,545,-0.07,0.00,-1.30,2 434.33,sl 2260.63
2024.04.01 07:46:57,546,XAUUSD,buy,in,0.02,2259.49,546,-0.07,0.00,0.00,2 434.26,
2024.04.01 07:50:14,547,XAUUSD,sell,out,0.02,2259.51,547,-0.07,0.00,0.04,2 434.23,sl 2259.51
2024.04.01 08:11:10,548,XAUUSD,buy,in,0.02,2260.50,548,-0.07,0.00,0.00,2 434.16,
2024.04.01 08:36:04,549,XAUUSD,sell,out,0.02,2260.58,549,-0.07,0.00,0.16,2 434.25,sl 2260.58
2024.04.01 08:36:12,550,XAUUSD,buy,in,0.02,2260.52,550,-0.07,0.00,0.00,2 434.18,
2024.04.01 08:38:03,551,XAUUSD,sell,out,0.02,2260.55,551,-0.07,0.00,0.06,2 434.17,sl 2260.62
2024.04.01 09:00:15,552,XAUUSD,buy,in,0.02,2261.70,552,-0.07,0.00,0.00,2 434.10,
2024.04.01 09:21:11,553,XAUUSD,sell,out,0.02,2261.90,553,-0.07,0.00,0.40,2 434.43,sl 2261.99
2024.04.01 09:24:17,554,XAUUSD,buy,in,0.02,2262.57,554,-0.07,0.00,0.00,2 434.36,
2024.04.01 10:34:53,555,XAUUSD,sell,out,0.02,2262.63,555,-0.07,0.00,0.12,2 434.41,sl 2262.65
2024.04.01 10:34:59,556,XAUUSD,buy,in,0.02,2262.83,556,-0.07,0.00,0.00,2 434.34,
2024.04.01 12:13:02,557,XAUUSD,sell,in,0.18,2258.00,557,-0.63,0.00,0.00,2 433.71,
2024.04.01 12:20:11,558,XAUUSD,buy,out,0.18,2257.93,558,-0.63,0.00,1.26,2 434.34,sl 2257.93
2024.04.02 12:30:32,559,XAUUSD,sell,out,0.02,2263.32,559,-0.07,-1.14,0.98,2 434.11,sl 2263.34
2024.04.05 17:26:50,560,XAUUSD,buy,in,0.02,2309.91,560,-0.07,0.00,0.00,2 434.04,
2024.04.05 17:29:06,561,XAUUSD,sell,out,0.02,2309.97,561,-0.07,0.00,0.12,2 434.09,sl 2310.00
2024.04.05 17:50:53,562,XAUUSD,buy,in,0.02,2318.08,562,-0.07,0.00,0.00,2 434.02,
2024.04.05 17:52:55,563,XAUUSD,sell,out,0.02,2318.14,563,-0.07,0.00,0.12,2 434.07,sl 2318.17
2024.04.05 18:14:56,564,XAUUSD,buy,in,0.02,2324.01,564,-0.07,0.00,0.00,2 434.00,
2024.04.05 18:16:04,565,XAUUSD,sell,out,0.02,2324.49,565,-0.07,0.00,0.96,2 434.89,sl 2324.59
2024.04.05 18:38:59,566,XAUUSD,buy,in,0.02,2327.07,566,-0.07,0.00,0.00,2 434.82,
2024.04.05 18:39:13,567,XAUUSD,sell,out,0.02,2327.43,567,-0.07,0.00,0.72,2 435.47,sl 2327.44
2024.04.05 19:03:03,568,XAUUSD,buy,in,0.02,2328.24,568,-0.07,0.00,0.00,2 435.40,
2024.04.05 19:07:34,569,XAUUSD,sell,out,0.02,2328.62,569,-0.07,0.00,0.76,2 436.09,sl 2328.64
2024.04.05 19:27:04,570,XAUUSD,buy,in,0.02,2325.06,570,-0.07,0.00,0.00,2 436.02,
2024.04.05 19:29:47,571,XAUUSD,sell,out,0.02,2325.13,571,-0.07,0.00,0.14,2 436.09,sl 2325.32
2024.04.05 19:51:05,572,XAUUSD,buy,in,0.02,2326.86,572,-0.07,0.00,0.00,2 436.02,
2024.04.05 19:57:06,573,XAUUSD,sell,out,0.02,2327.16,573,-0.07,0.00,0.60,2 436.55,sl 2327.17
2024.04.05 20:15:04,574,XAUUSD,buy,in,0.02,2327.35,574,-0.07,0.00,0.00,2 436.48,
2024.04.05 20:44:25,575,XAUUSD,sell,out,0.02,2327.73,575,-0.07,0.00,0.76,2 437.17,sl 2327.81
2024.04.05 20:44:27,576,XAUUSD,buy,in,0.02,2327.73,576,-0.07,0.00,0.00,2 437.10,
2024.04.05 21:12:03,577,XAUUSD,sell,out,0.02,2327.91,577,-0.07,0.00,0.36,2 437.39,sl 2327.93
2024.04.05 21:12:03,578,XAUUSD,buy,in,0.02,2327.96,578,-0.07,0.00,0.00,2 437.32,
2024.04.05 22:50:07,579,XAUUSD,sell,in,0.18,2322.78,579,-0.63,0.00,0.00,2 436.69,
2024.04.05 23:50:01,580,XAUUSD,sell,out,0.02,2328.74,580,-0.07,0.00,1.56,2 438.18,sl 2328.74
2024.04.08 01:02:03,581,XAUUSD,buy,out,0.18,2321.94,581,-0.63,7.26,15.12,2 459.93,sl 2321.65
2024.04.11 22:42:49,582,XAUUSD,buy,in,0.02,2368.31,582,-0.07,0.00,0.00,2 459.86,
2024.04.11 22:43:23,583,XAUUSD,sell,out,0.02,2368.94,583,-0.07,0.00,1.26,2 461.05,sl 2368.99
2024.04.11 23:06:53,584,XAUUSD,buy,in,0.02,2374.19,584,-0.07,0.00,0.00,2 460.98,
2024.04.11 23:21:13,585,XAUUSD,sell,out,0.02,2375.14,585,-0.07,0.00,1.90,2 462.81,sl 2375.15
2024.04.11 23:30:56,586,XAUUSD,buy,in,0.02,2375.71,586,-0.07,0.00,0.00,2 462.74,
2024.04.11 23:33:56,587,XAUUSD,sell,out,0.02,2376.21,587,-0.07,0.00,1.00,2 463.67,sl 2376.21
2024.04.11 23:54:56,588,XAUUSD,buy,in,0.02,2374.93,588,-0.07,0.00,0.00,2 463.60,
2024.04.12 01:10:32,589,XAUUSD,sell,out,0.02,2376.81,589,-0.07,-1.14,3.76,2 466.15,sl 2376.83
2024.04.12 01:10:35,590,XAUUSD,buy,in,0.02,2376.33,590,-0.07,0.00,0.00,2 466.08,
2024.04.12 01:15:02,591,XAUUSD,sell,out,0.02,2376.69,591,-0.07,0.00,0.72,2 466.73,sl 2376.70
2024.04.12 01:34:42,592,XAUUSD,buy,in,0.02,2373.25,592,-0.07,0.00,0.00,2 466.66,
2024.04.12 01:52:04,593,XAUUSD,sell,out,0.02,2374.00,593,-0.07,0.00,1.50,2 468.09,sl 2374.02
2024.04.12 01:59:18,594,XAUUSD,buy,in,0.02,2374.20,594,-0.07,0.00,0.00,2 468.02,
2024.04.12 02:01:54,595,XAUUSD,sell,out,0.02,2374.22,595,-0.07,0.00,0.04,2 467.99,sl 2374.38
2024.04.12 02:23:26,596,XAUUSD,buy,in,0.02,2376.42,596,-0.07,0.00,0.00,2 467.92,
2024.04.12 02:51:23,597,XAUUSD,sell,out,0.02,2376.42,597,-0.07,0.00,0.00,2 467.85,sl 2376.47
2024.04.12 02:51:24,598,XAUUSD,buy,in,0.02,2376.71,598,-0.07,0.00,0.00,2 467.78,
2024.04.12 03:52:31,599,XAUUSD,sell,out,0.02,2378.34,599,-0.07,0.00,3.26,2 470.97,sl 2378.34
2024.04.12 03:52:40,600,XAUUSD,buy,in,0.02,2378.67,600,-0.07,0.00,0.00,2 470.90,
2024.04.12 03:54:17,601,XAUUSD,sell,out,0.02,2378.71,601,-0.07,0.00,0.08,2 470.91,sl 2378.72
2024.04.12 04:16:45,602,XAUUSD,buy,in,0.02,2386.26,602,-0.07,0.00,0.00,2 470.84,
2024.04.12 04:17:11,603,XAUUSD,sell,out,0.02,2386.41,603,-0.07,0.00,0.30,2 471.07,sl 2386.41
2024.04.12 04:40:53,604,XAUUSD,buy,in,0.02,2388.07,604,-0.07,0.00,0.00,2 471.00,
2024.04.12 04:42:07,605,XAUUSD,sell,out,0.02,2388.78,605,-0.07,0.00,1.42,2 472.35,sl 2388.80
2024.04.12 05:05:00,606,XAUUSD,buy,in,0.02,2393.40,606,-0.07,0.00,0.00,2 472.28,
2024.04.12 05:06:51,607,XAUUSD,sell,out,0.02,2393.80,607,-0.07,0.00,0.80,2 473.01,sl 2394.45
2024.04.12 05:29:14,608,XAUUSD,buy,in,0.02,2389.68,608,-0.07,0.00,0.00,2 472.94,
2024.04.12 05:35:15,609,XAUUSD,sell,out,0.02,2390.55,609,-0.07,0.00,1.74,2 474.61,sl 2390.57
2024.04.12 05:53:13,610,XAUUSD,buy,in,0.02,2389.37,610,-0.07,0.00,0.00,2 474.54,
2024.04.12 05:56:03,611,XAUUSD,sell,out,0.02,2391.62,611,-0.07,0.00,4.50,2 478.97,sl 2391.67
2024.04.12 06:17:18,612,XAUUSD,buy,in,0.02,2389.78,612,-0.07,0.00,0.00,2 478.90,
2024.04.12 07:55:27,613,XAUUSD,sell,in,0.18,2386.63,613,-0.63,0.00,0.00,2 478.27,
2024.04.12 07:59:27,614,XAUUSD,buy,out,0.18,2384.36,614,-0.63,0.00,40.86,2 518.50,sl 2384.13
2024.04.12 09:35:31,615,XAUUSD,sell,out,0.02,2390.35,615,-0.07,0.00,1.14,2 519.57,sl 2390.37
2024.04.12 21:44:24,616,XAUUSD,sell,in,0.02,2336.40,616,-0.07,0.00,0.00,2 519.50,
2024.04.12 21:53:40,617,XAUUSD,buy,out,0.02,2336.34,617,-0.07,0.00,0.12,2 519.55,sl 2336.23
2024.04.12 22:15:34,618,XAUUSD,sell,in,0.02,2335.64,618,-0.07,0.00,0.00,2 519.48,
2024.04.12 23:53:43,619,XAUUSD,buy,in,0.18,2344.99,619,-0.63,0.00,0.00,2 518.85,
2024.04.15 01:02:06,620,XAUUSD,buy,out,0.02,2359.46,620,-0.07,0.81,-47.64,2 471.95,
2024.04.15 01:02:24,621,XAUUSD,sell,in,1.61,2356.61,621,-5.64,0.00,0.00,2 466.31,
2024.04.15 01:02:32,622,XAUUSD,sell,out,0.18,2357.58,622,-0.63,-10.27,226.62,2 682.03,
2024.04.15 01:02:35,623,XAUUSD,buy,out,1.61,2357.82,623,-5.64,0.00,-194.81,2 481.58,
2024.04.15 17:07:33,624,XAUUSD,sell,in,0.02,2331.57,624,-0.07,0.00,0.00,2 481.51,
2024.04.15 17:07:53,625,XAUUSD,buy,out,0.02,2331.56,625,-0.07,0.00,0.02,2 481.46,sl 2331.47
2024.04.16 01:15:32,626,XAUUSD,buy,in,0.02,2389.42,626,-0.07,0.00,0.00,2 481.39,
2024.04.16 01:16:12,627,XAUUSD,sell,out,0.02,2389.55,627,-0.07,0.00,0.26,2 481.58,sl 2389.56
2024.04.16 19:46:48,628,XAUUSD,buy,in,0.02,2396.91,628,-0.07,0.00,0.00,2 481.51,
2024.04.16 19:56:05,629,XAUUSD,sell,out,0.02,2396.99,629,-0.07,0.00,0.16,2 481.60,sl 2397.14
2024.04.19 04:34:17,630,XAUUSD,buy,in,0.02,2408.28,630,-0.07,0.00,0.00,2 481.53,
2024.04.19 04:34:40,631,XAUUSD,sell,out,0.02,2409.03,631,-0.07,0.00,1.50,2 482.96,sl 2409.08
2024.04.19 04:58:21,632,XAUUSD,buy,in,0.02,2410.16,632,-0.07,0.00,0.00,2 482.89,
2024.04.19 04:59:38,633,XAUUSD,sell,out,0.02,2410.19,633,-0.07,0.00,0.06,2 482.88,sl 2410.20
2024.04.19 05:22:22,634,XAUUSD,buy,in,0.02,2409.76,634,-0.07,0.00,0.00,2 482.81,
2024.04.19 05:23:07,635,XAUUSD,sell,out,0.02,2410.56,635,-0.07,0.00,1.60,2 484.34,sl 2410.58
2024.04.19 05:49:15,636,XAUUSD,buy,in,0.02,2407.31,636,-0.07,0.00,0.00,2 484.27,
2024.04.19 05:49:50,637,XAUUSD,sell,out,0.02,2407.82,637,-0.07,0.00,1.02,2 485.22,sl 2407.93
2024.04.22 09:47:09,638,XAUUSD,sell,in,0.02,2353.99,638,-0.07,0.00,0.00,2 485.15,
2024.04.22 09:47:55,639,XAUUSD,buy,out,0.02,2352.74,639,-0.07,0.00,2.50,2 487.58,sl 2352.74
2024.04.22 14:07:51,640,XAUUSD,sell,in,0.02,2349.57,640,-0.07,0.00,0.00,2 487.51,
2024.04.22 14:08:49,641,XAUUSD,buy,out,0.02,2348.61,641,-0.07,0.00,1.92,2 489.36,sl 2348.59
2024.04.22 14:31:52,642,XAUUSD,sell,in,0.02,2343.56,642,-0.07,0.00,0.00,2 489.29,
2024.04.22 14:32:17,643,XAUUSD,buy,out,0.02,2343.09,643,-0.07,0.00,0.94,2 490.16,sl 2343.09
2024.04.22 14:55:52,644,XAUUSD,sell,in,0.02,2341.83,644,-0.07,0.00,0.00,2 490.09,
2024.04.22 15:01:15,645,XAUUSD,buy,out,0.02,2340.34,645,-0.07,0.00,2.98,2 493.00,sl 2340.32
2024.04.22 15:19:54,646,XAUUSD,sell,in,0.02,2345.89,646,-0.07,0.00,0.00,2 492.93,
2024.04.22 15:20:11,647,XAUUSD,buy,out,0.02,2345.00,647,-0.07,0.00,1.78,2 494.64,sl 2345.00
2024.04.22 15:43:57,648,XAUUSD,sell,in,0.02,2343.57,648,-0.07,0.00,0.00,2 494.57,
2024.04.22 15:44:25,649,XAUUSD,buy,out,0.02,2343.58,649,-0.07,0.00,-0.02,2 494.48,sl 2343.56
2024.04.22 16:07:58,650,XAUUSD,sell,in,0.02,2337.41,650,-0.07,0.00,0.00,2 494.41,
2024.04.22 16:08:51,651,XAUUSD,buy,out,0.02,2336.30,651,-0.07,0.00,2.22,2 496.56,sl 2336.28
2024.04.22 16:32:02,652,XAUUSD,sell,in,0.02,2337.11,652,-0.07,0.00,0.00,2 496.49,
2024.04.22 16:32:27,653,XAUUSD,buy,out,0.02,2335.23,653,-0.07,0.00,3.76,2 500.18,sl 2335.22
2024.04.22 16:56:04,654,XAUUSD,sell,in,0.02,2337.56,654,-0.07,0.00,0.00,2 500.11,
2024.04.22 17:00:56,655,XAUUSD,buy,out,0.02,2337.20,655,-0.07,0.00,0.72,2 500.76,sl 2337.20
2024.04.22 17:20:12,656,XAUUSD,sell,in,0.02,2335.82,656,-0.07,0.00,0.00,2 500.69,
2024.04.22 17:20:43,657,XAUUSD,buy,out,0.02,2335.82,657,-0.07,0.00,0.00,2 500.62,sl 2335.80
2024.04.22 17:44:16,658,XAUUSD,sell,in,0.02,2341.07,658,-0.07,0.00,0.00,2 500.55,
2024.04.22 17:46:11,659,XAUUSD,buy,out,0.02,2341.08,659,-0.07,0.00,-0.02,2 500.46,sl 2341.06
2024.04.22 18:08:19,660,XAUUSD,sell,in,0.02,2337.93,660,-0.07,0.00,0.00,2 500.39,
2024.04.22 18:09:45,661,XAUUSD,buy,out,0.02,2336.91,661,-0.07,0.00,2.04,2 502.36,sl 2336.91
2024.04.22 18:32:24,662,XAUUSD,sell,in,0.02,2336.86,662,-0.07,0.00,0.00,2 502.29,
2024.04.22 18:36:00,663,XAUUSD,buy,out,0.02,2336.81,663,-0.07,0.00,0.10,2 502.32,sl 2336.79
2024.04.22 18:56:28,664,XAUUSD,sell,in,0.02,2335.86,664,-0.07,0.00,0.00,2 502.25,
2024.04.22 18:58:26,665,XAUUSD,buy,out,0.02,2335.46,665,-0.07,0.00,0.80,2 502.98,sl 2335.45
2024.04.22 19:20:33,666,XAUUSD,sell,in,0.02,2332.77,666,-0.07,0.00,0.00,2 502.91,
2024.04.22 19:21:18,667,XAUUSD,buy,out,0.02,2330.69,667,-0.07,0.00,4.16,2 507.00,sl 2330.56
2024.04.22 19:44:34,668,XAUUSD,sell,in,0.02,2330.89,668,-0.07,0.00,0.00,2 506.93,
2024.04.22 19:49:23,669,XAUUSD,buy,out,0.02,2330.28,669,-0.07,0.00,1.22,2 508.08,sl 2330.23
2024.04.22 20:08:43,670,XAUUSD,sell,in,0.02,2332.94,670,-0.07,0.00,0.00,2 508.01,
2024.04.22 20:15:50,671,XAUUSD,buy,out,0.02,2331.32,671,-0.07,0.00,3.24,2 511.18,sl 2331.32
2024.04.22 20:32:55,672,XAUUSD,sell,in,0.02,2333.17,672,-0.07,0.00,0.00,2 511.11,
2024.04.22 20:41:07,673,XAUUSD,buy,out,0.02,2332.18,673,-0.07,0.00,1.98,2 513.02,sl 2332.16
2024.04.22 20:57:01,674,XAUUSD,sell,in,0.02,2331.33,674,-0.07,0.00,0.00,2 512.95,
2024.04.22 21:00:12,675,XAUUSD,buy,out,0.02,2330.51,675,-0.07,0.00,1.64,2 514.52,sl 2330.51
2024.04.22 21:21:03,676,XAUUSD,sell,in,0.02,2327.47,676,-0.07,0.00,0.00,2 514.45,
2024.04.22 21:23:43,677,XAUUSD,buy,out,0.02,2327.14,677,-0.07,0.00,0.66,2 515.04,sl 2327.14
2024.04.22 21:45:06,678,XAUUSD,sell,in,0.02,2328.33,678,-0.07,0.00,0.00,2 514.97,
2024.04.22 21:50:45,679,XAUUSD,buy,out,0.02,2328.32,679,-0.07,0.00,0.02,2 514.92,sl 2328.32
2024.04.22 22:09:07,680,XAUUSD,sell,in,0.02,2329.28,680,-0.07,0.00,0.00,2 514.85,
2024.04.22 23:08:42,681,XAUUSD,buy,out,0.02,2329.29,681,-0.07,0.00,-0.02,2 514.76,sl 2329.26
2024.04.22 23:08:48,682,XAUUSD,sell,in,0.02,2329.24,682,-0.07,0.00,0.00,2 514.69,
2024.04.22 23:55:00,683,XAUUSD,buy,out,0.02,2326.18,683,-0.07,0.00,6.12,2 520.74,sl 2326.16
2024.04.22 23:55:05,684,XAUUSD,sell,in,0.02,2325.89,684,-0.07,0.00,0.00,2 520.67,
2024.04.23 01:33:10,685,XAUUSD,buy,in,0.18,2327.76,685,-0.63,0.00,0.00,2 520.04,
2024.04.23 01:35:07,686,XAUUSD,sell,out,0.18,2328.81,686,-0.63,0.00,18.90,2 538.31,sl 2328.82
2024.04.23 04:37:05,687,XAUUSD,buy,out,0.02,2320.25,687,-0.07,0.81,11.28,2 550.33,sl 2320.22
2024.04.30 17:09:26,688,XAUUSD,sell,in,0.02,2301.88,688,-0.07,0.00,0.00,2 550.26,
2024.04.30 17:09:56,689,XAUUSD,buy,out,0.02,2301.87,689,-0.07,0.00,0.02,2 550.21,sl 2301.87
2024.04.30 17:33:29,690,XAUUSD,sell,in,0.02,2299.30,690,-0.07,0.00,0.00,2 550.14,
2024.04.30 17:35:13,691,XAUUSD,buy,out,0.02,2299.35,691,-0.07,0.00,-0.10,2 549.97,sl 2299.27
2024.04.30 17:57:34,692,XAUUSD,sell,in,0.02,2296.48,692,-0.07,0.00,0.00,2 549.90,
2024.04.30 17:58:22,693,XAUUSD,buy,out,0.02,2296.05,693,-0.07,0.00,0.86,2 550.69,sl 2295.92
2024.04.30 18:21:40,694,XAUUSD,sell,in,0.02,2298.25,694,-0.07,0.00,0.00,2 550.62,
2024.04.30 18:22:17,695,XAUUSD,buy,out,0.02,2298.24,695,-0.07,0.00,0.02,2 550.57,sl 2298.24
2024.04.30 18:45:44,696,XAUUSD,sell,in,0.02,2294.93,696,-0.07,0.00,0.00,2 550.50,
2024.04.30 20:23:52,697,XAUUSD,buy,in,0.18,2294.02,697,-0.63,0.00,0.00,2 549.87,
2024.04.30 20:24:44,698,XAUUSD,buy,out,0.02,2293.88,698,-0.07,0.00,2.10,2 551.90,sl 2293.88
2024.04.30 20:26:00,699,XAUUSD,sell,out,0.18,2294.10,699,-0.63,0.00,1.44,2 552.71,sl 2294.11
2024.05.03 16:35:36,700,XAUUSD,sell,in,0.02,2279.69,700,-0.07,0.00,0.00,2 552.64,
2024.05.03 16:36:12,701,XAUUSD,buy,out,0.02,2279.73,701,-0.07,0.00,-0.08,2 552.49,sl 2279.67
2024.05.09 23:08:12,702,XAUUSD,buy,in,0.02,2345.29,702,-0.07,0.00,0.00,2 552.42,
2024.05.09 23:15:23,703,XAUUSD,sell,out,0.02,2346.13,703,-0.07,0.00,1.68,2 554.03,sl 2346.13
2024.05.09 23:36:55,704,XAUUSD,buy,in,0.02,2345.37,704,-0.07,0.00,0.00,2 553.96,
2024.05.09 23:56:53,705,XAUUSD,sell,out,0.02,2346.19,705,-0.07,0.00,1.64,2 555.53,sl 2346.21
2024.05.10 01:02:00,706,XAUUSD,buy,in,0.02,2346.89,706,-0.07,0.00,0.00,2 555.46,
2024.05.10 01:09:57,707,XAUUSD,sell,out,0.02,2347.31,707,-0.07,0.00,0.84,2 556.23,sl 2347.31
2024.05.10 01:30:48,708,XAUUSD,buy,in,0.02,2346.08,708,-0.07,0.00,0.00,2 556.16,
2024.05.10 01:59:29,709,XAUUSD,sell,out,0.02,2346.44,709,-0.07,0.00,0.72,2 556.81,sl 2346.45
2024.05.10 01:59:31,710,XAUUSD,buy,in,0.02,2346.52,710,-0.07,0.00,0.00,2 556.74,
2024.05.10 02:04:01,711,XAUUSD,sell,out,0.02,2347.02,711,-0.07,0.00,1.00,2 557.67,sl 2347.02
2024.05.10 02:23:37,712,XAUUSD,buy,in,0.02,2348.10,712,-0.07,0.00,0.00,2 557.60,
2024.05.10 03:34:01,713,XAUUSD,sell,out,0.02,2348.46,713,-0.07,0.00,0.72,2 558.25,sl 2348.46
2024.05.10 03:34:14,714,XAUUSD,buy,in,0.02,2348.35,714,-0.07,0.00,0.00,2 558.18,
2024.05.10 04:02:44,715,XAUUSD,sell,out,0.02,2351.67,715,-0.07,0.00,6.64,2 564.75,sl 2351.68
2024.05.10 04:02:45,716,XAUUSD,buy,in,0.02,2351.79,716,-0.07,0.00,0.00,2 564.68,
2024.05.10 04:03:20,717,XAUUSD,sell,out,0.02,2351.98,717,-0.07,0.00,0.38,2 564.99,sl 2351.99
2024.05.10 04:26:52,718,XAUUSD,buy,in,0.02,2354.03,718,-0.07,0.00,0.00,2 564.92,
2024.05.10 04:34:03,719,XAUUSD,sell,out,0.02,2354.24,719,-0.07,0.00,0.42,2 565.27,sl 2354.24
2024.05.10 04:50:54,720,XAUUSD,buy,in,0.02,2349.80,720,-0.07,0.00,0.00,2 565.20,
2024.05.10 04:57:36,721,XAUUSD,sell,out,0.02,2351.76,721,-0.07,0.00,3.92,2 569.05,sl 2351.78
2024.05.10 05:15:00,722,XAUUSD,buy,in,0.02,2351.32,722,-0.07,0.00,0.00,2 568.98,
2024.05.10 06:27:01,723,XAUUSD,sell,out,0.02,2351.57,723,-0.07,0.00,0.50,2 569.41,sl 2351.57
2024.05.10 06:27:02,724,XAUUSD,buy,in,0.02,2351.59,724,-0.07,0.00,0.00,2 569.34,
2024.05.10 06:38:25,725,XAUUSD,sell,out,0.02,2352.10,725,-0.07,0.00,1.02,2 570.29,sl 2352.10
2024.05.10 06:51:06,726,XAUUSD,buy,in,0.02,2352.64,726,-0.07,0.00,0.00,2 570.22,
2024.05.10 06:55:26,727,XAUUSD,sell,out,0.02,2353.32,727,-0.07,0.00,1.36,2 571.51,sl 2353.32
2024.05.10 07:15:08,728,XAUUSD,buy,in,0.02,2352.50,728,-0.07,0.00,0.00,2 571.44,
2024.05.10 07:34:35,729,XAUUSD,sell,out,0.02,2353.06,729,-0.07,0.00,1.12,2 572.49,sl 2353.06
2024.05.10 07:39:14,730,XAUUSD,buy,in,0.02,2354.00,730,-0.07,0.00,0.00,2 572.42,
2024.05.10 07:55:08,731,XAUUSD,sell,out,0.02,2354.08,731,-0.07,0.00,0.16,2 572.51,sl 2354.08
2024.05.10 08:03:19,732,XAUUSD,buy,in,0.02,2354.85,732,-0.07,0.00,0.00,2 572.44,
2024.05.10 08:13:03,733,XAUUSD,sell,out,0.02,2355.67,733,-0.07,0.00,1.64,2 574.01,sl 2355.68
2024.05.10 08:27:22,734,XAUUSD,buy,in,0.02,2356.27,734,-0.07,0.00,0.00,2 573.94,
2024.05.10 08:44:17,735,XAUUSD,sell,out,0.02,2358.17,735,-0.07,0.00,3.80,2 577.67,sl 2358.17
2024.05.10 08:51:28,736,XAUUSD,buy,in,0.02,2357.40,736,-0.07,0.00,0.00,2 577.60,
2024.05.10 09:03:01,737,XAUUSD,sell,out,0.02,2358.39,737,-0.07,0.00,1.98,2 579.51,sl 2358.39
2024.05.10 09:15:39,738,XAUUSD,buy,in,0.02,2360.50,738,-0.07,0.00,0.00,2 579.44,
2024.05.10 09:18:29,739,XAUUSD,sell,out,0.02,2361.58,739,-0.07,0.00,2.16,2 581.53,sl 2361.60
2024.05.10 09:39:40,740,XAUUSD,buy,in,0.02,2362.74,740,-0.07,0.00,0.00,2 581.46,
2024.05.10 09:43:17,741,XAUUSD,sell,out,0.02,2365.01,741,-0.07,0.00,4.54,2 585.93,sl 2365.01
2024.05.10 10:03:46,742,XAUUSD,buy,in,0.02,2369.80,742,-0.07,0.00,0.00,2 585.86,
2024.05.10 10:08:13,743,XAUUSD,sell,out,0.02,2369.83,743,-0.07,0.00,0.06,2 585.85,sl 2369.83
2024.05.10 10:27:48,744,XAUUSD,buy,in,0.02,2368.35,744,-0.07,0.00,0.00,2 585.78,
2024.05.10 11:18:39,745,XAUUSD,sell,out,0.02,2368.75,745,-0.07,0.00,0.80,2 586.51,sl 2368.75
2024.05.10 11:18:51,746,XAUUSD,buy,in,0.02,2368.85,746,-0.07,0.00,0.00,2 586.44,
2024.05.10 11:56:34,747,XAUUSD,sell,out,0.02,2371.61,747,-0.07,0.00,5.52,2 591.89,sl 2371.62
2024.05.10 11:56:42,748,XAUUSD,buy,in,0.02,2370.96,748,-0.07,0.00,0.00,2 591.82,
2024.05.10 12:01:19,749,XAUUSD,sell,out,0.02,2370.98,749,-0.07,0.00,0.04,2 591.79,sl 2371.00
2024.05.10 12:20:41,750,XAUUSD,buy,in,0.02,2373.78,750,-0.07,0.00,0.00,2 591.72,
2024.05.10 13:18:11,751,XAUUSD,sell,out,0.02,2374.03,751,-0.07,0.00,0.50,2 592.15,sl 2374.03
2024.05.10 13:18:11,752,XAUUSD,buy,in,0.02,2374.08,752,-0.07,0.00,0.00,2 592.08,
2024.05.10 13:25:48,753,XAUUSD,sell,out,0.02,2375.41,753,-0.07,0.00,2.66,2 594.67,sl 2375.41
2024.05.10 13:42:26,754,XAUUSD,buy,in,0.02,2377.46,754,-0.07,0.00,0.00,2 594.60,
2024.05.10 15:20:33,755,XAUUSD,sell,in,0.18,2371.50,755,-0.63,0.00,0.00,2 593.97,
2024.05.10 15:21:02,756,XAUUSD,buy,out,0.18,2371.16,756,-0.63,0.00,6.12,2 599.46,sl 2371.16
2024.05.13 11:29:51,757,XAUUSD,sell,out,0.02,2345.10,757,-0.07,-1.14,-64.72,2 533.53,
2024.05.15 18:13:31,758,XAUUSD,buy,in,0.02,2380.55,758,-0.07,0.00,0.00,2 533.46,
2024.05.15 18:13:56,759,XAUUSD,sell,out,0.02,2380.57,759,-0.07,0.00,0.04,2 533.43,sl 2380.57
2024.05.15 18:37:49,760,XAUUSD,buy,in,0.02,2380.27,760,-0.07,0.00,0.00,2 533.36,
2024.05.15 18:38:32,761,XAUUSD,sell,out,0.02,2380.62,761,-0.07,0.00,0.70,2 533.99,sl 2380.64
2024.05.15 19:13:06,762,XAUUSD,buy,in,0.02,2381.31,762,-0.07,0.00,0.00,2 533.92,
2024.05.15 19:14:40,763,XAUUSD,sell,out,0.02,2381.76,763,-0.07,0.00,0.90,2 534.75,sl 2381.76
2024.05.15 19:37:12,764,XAUUSD,buy,in,0.02,2383.53,764,-0.07,0.00,0.00,2 534.68,
2024.05.15 19:38:36,765,XAUUSD,sell,out,0.02,2384.00,765,-0.07,0.00,0.94,2 535.55,sl 2384.00
2024.05.15 20:01:17,766,XAUUSD,buy,in,0.02,2384.69,766,-0.07,0.00,0.00,2 535.48,
2024.05.15 20:05:59,767,XAUUSD,sell,out,0.02,2385.85,767,-0.07,0.00,2.32,2 537.73,sl 2385.85
2024.05.15 20:25:21,768,XAUUSD,buy,in,0.02,2388.16,768,-0.07,0.00,0.00,2 537.66,
2024.05.15 20:27:48,769,XAUUSD,sell,out,0.02,2388.53,769,-0.07,0.00,0.74,2 538.33,sl 2388.53
2024.05.15 20:49:26,770,XAUUSD,buy,in,0.02,2388.01,770,-0.07,0.00,0.00,2 538.26,
2024.05.15 20:55:03,771,XAUUSD,sell,out,0.02,2389.51,771,-0.07,0.00,3.00,2 541.19,sl 2389.52
2024.05.15 21:13:32,772,XAUUSD,buy,in,0.02,2386.23,772,-0.07,0.00,0.00,2 541.12,
2024.05.15 21:17:32,773,XAUUSD,sell,out,0.02,2386.73,773,-0.07,0.00,1.00,2 542.05,sl 2386.73
2024.05.15 21:37:39,774,XAUUSD,buy,in,0.02,2384.42,774,-0.07,0.00,0.00,2 541.98,
2024.05.15 21:40:04,775,XAUUSD,sell,out,0.02,2384.97,775,-0.07,0.00,1.10,2 543.01,sl 2384.97
2024.05.15 22:01:46,776,XAUUSD,buy,in,0.02,2386.33,776,-0.07,0.00,0.00,2 542.94,
2024.05.15 22:14:43,777,XAUUSD,sell,out,0.02,2386.93,777,-0.07,0.00,1.20,2 544.07,sl 2386.93
2024.05.15 22:25:48,778,XAUUSD,buy,in,0.02,2386.74,778,-0.07,0.00,0.00,2 544.00,
2024.05.15 22:47:57,779,XAUUSD,sell,out,0.02,2386.75,779,-0.07,0.00,0.02,2 543.95,sl 2386.77
2024.05.15 22:49:50,780,XAUUSD,buy,in,0.02,2387.39,780,-0.07,0.00,0.00,2 543.88,
2024.05.15 23:19:12,781,XAUUSD,sell,out,0.02,2387.55,781,-0.07,0.00,0.32,2 544.13,sl 2387.56
2024.05.15 23:19:14,782,XAUUSD,buy,in,0.02,2387.57,782,-0.07,0.00,0.00,2 544.06,
2024.05.15 23:22:53,783,XAUUSD,sell,out,0.02,2387.77,783,-0.07,0.00,0.40,2 544.39,sl 2387.79
2024.05.15 23:43:13,784,XAUUSD,buy,in,0.02,2387.44,784,-0.07,0.00,0.00,2 544.32,
2024.05.15 23:51:07,785,XAUUSD,sell,out,0.02,2387.82,785,-0.07,0.00,0.76,2 545.01,sl 2387.83
2024.05.16 01:02:10,786,XAUUSD,buy,in,0.02,2387.11,786,-0.07,0.00,0.00,2 544.94,
2024.05.16 01:04:38,787,XAUUSD,sell,out,0.02,2387.37,787,-0.07,0.00,0.52,2 545.39,sl 2387.39
2024.05.16 01:26:12,788,XAUUSD,buy,in,0.02,2388.59,788,-0.07,0.00,0.00,2 545.32,
2024.05.16 01:31:00,789,XAUUSD,sell,out,0.02,2388.66,789,-0.07,0.00,0.14,2 545.39,sl 2388.69
2024.05.16 01:50:23,790,XAUUSD,buy,in,0.02,2388.38,790,-0.07,0.00,0.00,2 545.32,
2024.05.16 02:14:43,791,XAUUSD,sell,out,0.02,2389.59,791,-0.07,0.00,2.42,2 547.67,sl 2389.63
2024.05.16 02:14:44,792,XAUUSD,buy,in,0.02,2389.59,792,-0.07,0.00,0.00,2 547.60,
2024.05.16 02:19:45,793,XAUUSD,sell,out,0.02,2390.20,793,-0.07,0.00,1.22,2 548.75,sl 2390.28
2024.05.16 02:38:44,794,XAUUSD,buy,in,0.02,2390.19,794,-0.07,0.00,0.00,2 548.68,
2024.05.16 02:46:20,795,XAUUSD,sell,out,0.02,2390.90,795,-0.07,0.00,1.42,2 550.03,sl 2390.93
2024.05.16 03:03:01,796,XAUUSD,buy,in,0.02,2391.35,796,-0.07,0.00,0.00,2 549.96,
2024.05.16 03:15:24,797,XAUUSD,sell,out,0.02,2392.51,797,-0.07,0.00,2.32,2 552.21,sl 2392.51
2024.05.16 03:27:04,798,XAUUSD,buy,in,0.02,2394.00,798,-0.07,0.00,0.00,2 552.14,
2024.05.16 03:30:53,799,XAUUSD,sell,out,0.02,2394.03,799,-0.07,0.00,0.06,2 552.13,sl 2394.03
2024.05.16 03:51:06,800,XAUUSD,buy,in,0.02,2394.17,800,-0.07,0.00,0.00,2 552.06,
2024.05.16 03:56:26,801,XAUUSD,sell,out,0.02,2394.32,801,-0.07,0.00,0.30,2 552.29,sl 2394.32
2024.05.16 04:15:09,802,XAUUSD,buy,in,0.02,2394.72,802,-0.07,0.00,0.00,2 552.22,
2024.05.16 04:18:09,803,XAUUSD,sell,out,0.02,2396.67,803,-0.07,0.00,3.90,2 556.05,sl 2396.68
2024.05.16 04:39:17,804,XAUUSD,buy,in,0.02,2396.15,804,-0.07,0.00,0.00,2 555.98,
2024.05.16 06:17:30,805,XAUUSD,sell,in,0.18,2387.97,805,-0.63,0.00,0.00,2 555.35,
2024.05.16 07:03:32,806,XAUUSD,buy,out,0.18,2387.84,806,-0.63,0.00,2.34,2 557.06,sl 2387.83
2024.05.17 16:03:09,807,XAUUSD,sell,out,0.02,2397.55,807,-0.07,-1.14,2.80,2 558.65,sl 2397.57
2024.05.22 17:23:48,808,XAUUSD,sell,in,0.02,2387.59,808,-0.07,0.00,0.00,2 558.58,
2024.05.22 17:24:46,809,XAUUSD,buy,out,0.02,2387.36,809,-0.07,0.00,0.46,2 558.97,sl 2387.35
2024.05.22 17:57:34,810,XAUUSD,sell,in,0.02,2387.49,810,-0.07,0.00,0.00,2 558.90,
2024.05.22 17:59:21,811,XAUUSD,buy,out,0.02,2387.47,811,-0.07,0.00,0.04,2 558.87,sl 2387.47
2024.05.22 18:37:33,812,XAUUSD,sell,in,0.02,2386.68,812,-0.07,0.00,0.00,2 558.80,
2024.05.22 20:15:36,813,XAUUSD,buy,in,0.18,2392.11,813,-0.63,0.00,0.00,2 558.17,
2024.05.22 20:21:57,814,XAUUSD,sell,out,0.18,2392.65,814,-0.63,0.00,9.72,2 567.26,sl 2392.73
2024.05.22 21:03:10,815,XAUUSD,buy,out,0.02,2386.30,815,-0.07,0.00,0.76,2 567.95,sl 2386.28
2024.06.06 04:30:37,816,XAUUSD,buy,in,0.02,2368.57,816,-0.07,0.00,0.00,2 567.88,
2024.06.06 04:31:25,817,XAUUSD,sell,out,0.02,2372.19,817,-0.07,0.00,7.24,2 575.05,sl 2372.20
2024.06.06 04:56:10,818,XAUUSD,buy,in,0.02,2368.32,818,-0.07,0.00,0.00,2 574.98,
2024.06.06 05:15:33,819,XAUUSD,sell,out,0.02,2368.55,819,-0.07,0.00,0.46,2 575.37,sl 2368.55
2024.06.06 05:33:36,820,XAUUSD,buy,in,0.02,2369.21,820,-0.07,0.00,0.00,2 575.30,
2024.06.06 05:35:49,821,XAUUSD,sell,out,0.02,2370.19,821,-0.07,0.00,1.96,2 577.19,sl 2370.19
2024.06.06 05:57:39,822,XAUUSD,buy,in,0.02,2372.70,822,-0.07,0.00,0.00,2 577.12,
2024.06.06 05:59:01,823,XAUUSD,sell,out,0.02,2373.16,823,-0.07,0.00,0.92,2 577.97,sl 2373.16
2024.06.06 06:21:43,824,XAUUSD,buy,in,0.02,2370.97,824,-0.07,0.00,0.00,2 577.90,
2024.06.06 07:59:44,825,XAUUSD,sell,in,0.18,2369.45,825,-0.63,0.00,0.00,2 577.27,
2024.06.06 08:18:57,826,XAUUSD,buy,out,0.18,2368.84,826,-0.63,0.00,10.98,2 587.62,sl 2368.81
2024.06.06 18:16:39,827,XAUUSD,sell,out,0.02,2370.99,827,-0.07,0.00,0.04,2 587.59,sl 2370.99
2024.06.07 15:30:11,828,XAUUSD,sell,in,0.02,2320.84,828,-0.07,0.00,0.00,2 587.52,
2024.06.07 15:30:22,829,XAUUSD,buy,out,0.02,2320.83,829,-0.07,0.00,0.02,2 587.47,sl 2320.72
2024.06.07 15:54:17,830,XAUUSD,sell,in,0.02,2317.71,830,-0.07,0.00,0.00,2 587.40,
2024.06.07 15:55:10,831,XAUUSD,buy,out,0.02,2316.26,831,-0.07,0.00,2.90,2 590.23,sl 2316.22
2024.06.07 16:18:21,832,XAUUSD,sell,in,0.02,2325.42,832,-0.07,0.00,0.00,2 590.16,
2024.06.07 16:20:47,833,XAUUSD,buy,out,0.02,2325.41,833,-0.07,0.00,0.02,2 590.11,sl 2325.39
2024.06.07 16:42:27,834,XAUUSD,sell,in,0.02,2319.45,834,-0.07,0.00,0.00,2 590.04,
2024.06.07 16:44:03,835,XAUUSD,buy,out,0.02,2318.38,835,-0.07,0.00,2.14,2 592.11,sl 2318.37
2024.06.07 17:06:28,836,XAUUSD,sell,in,0.02,2309.79,836,-0.07,0.00,0.00,2 592.04,
2024.06.07 17:07:42,837,XAUUSD,buy,out,0.02,2309.06,837,-0.07,0.00,1.46,2 593.43,sl 2308.98
2024.06.07 17:30:36,838,XAUUSD,sell,in,0.02,2319.70,838,-0.07,0.00,0.00,2 593.36,
2024.06.07 17:31:20,839,XAUUSD,buy,out,0.02,2319.28,839,-0.07,0.00,0.84,2 594.13,sl 2319.28
2024.06.07 17:54:52,840,XAUUSD,sell,in,0.02,2312.23,840,-0.07,0.00,0.00,2 594.06,
2024.06.07 17:57:30,841,XAUUSD,buy,out,0.02,2311.21,841,-0.07,0.00,2.04,2 596.03,sl 2311.16
2024.06.07 18:18:57,842,XAUUSD,sell,in,0.02,2313.89,842,-0.07,0.00,0.00,2 595.96,
2024.06.07 18:19:51,843,XAUUSD,buy,out,0.02,2312.83,843,-0.07,0.00,2.12,2 598.01,sl 2312.83
2024.06.07 18:43:01,844,XAUUSD,sell,in,0.02,2309.14,844,-0.07,0.00,0.00,2 597.94,
2024.06.07 18:43:52,845,XAUUSD,buy,out,0.02,2309.09,845,-0.07,0.00,0.10,2 597.97,sl 2309.09
2024.06.07 19:07:07,846,XAUUSD,sell,in,0.02,2304.09,846,-0.07,0.00,0.00,2 597.90,
2024.06.07 20:45:13,847,XAUUSD,buy,in,0.18,2305.50,847,-0.63,0.00,0.00,2 597.27,
2024.06.07 20:50:46,848,XAUUSD,sell,out,0.18,2307.61,848,-0.63,0.00,37.98,2 634.62,sl 2307.61
2024.06.07 21:32:40,849,XAUUSD,buy,out,0.02,2303.68,849,-0.07,0.00,0.82,2 635.37,sl 2303.68
2024.06.20 17:21:50,850,XAUUSD,buy,in,0.02,2357.56,850,-0.07,0.00,0.00,2 635.30,
2024.06.20 17:22:42,851,XAUUSD,sell,out,0.02,2358.24,851,-0.07,0.00,1.36,2 636.59,sl 2358.25
2024.06.20 17:45:58,852,XAUUSD,buy,in,0.02,2358.87,852,-0.07,0.00,0.00,2 636.52,
2024.06.20 17:46:54,853,XAUUSD,sell,out,0.02,2359.77,853,-0.07,0.00,1.80,2 638.25,sl 2359.77
2024.06.20 18:09:59,854,XAUUSD,buy,in,0.02,2363.44,854,-0.07,0.00,0.00,2 638.18,
2024.06.20 19:48:04,855,XAUUSD,sell,in,0.18,2355.22,855,-0.63,0.00,0.00,2 637.55,
2024.06.21 03:35:03,856,XAUUSD,sell,out,0.02,2363.61,856,-0.07,-1.14,0.34,2 636.68,sl 2363.66
2024.06.21 16:25:45,857,XAUUSD,buy,out,0.18,2354.83,857,-0.63,7.26,7.02,2 650.33,sl 2354.83
2024.06.26 16:29:38,858,XAUUSD,sell,in,0.02,2296.99,858,-0.07,0.00,0.00,2 650.26,
2024.06.26 16:32:15,859,XAUUSD,buy,out,0.02,2296.56,859,-0.07,0.00,0.86,2 651.05,sl 2296.56
2024.06.26 16:55:13,860,XAUUSD,sell,in,0.02,2296.86,860,-0.07,0.00,0.00,2 650.98,
2024.06.26 16:58:28,861,XAUUSD,buy,out,0.02,2296.00,861,-0.07,0.00,1.72,2 652.63,sl 2296.00
2024.06.26 17:27:37,862,XAUUSD,sell,in,0.02,2296.19,862,-0.07,0.00,0.00,2 652.56,
2024.06.26 17:36:43,863,XAUUSD,buy,out,0.02,2296.07,863,-0.07,0.00,0.24,2 652.73,sl 2296.06
2024.07.03 17:00:07,864,XAUUSD,buy,in,0.02,2361.55,864,-0.07,0.00,0.00,2 652.66,
2024.07.03 17:01:15,865,XAUUSD,sell,out,0.02,2361.55,865,-0.07,0.00,0.00,2 652.59,sl 2361.57
2024.07.03 17:24:14,866,XAUUSD,buy,in,0.02,2362.29,866,-0.07,0.00,0.00,2 652.52,
2024.07.03 17:36:11,867,XAUUSD,sell,out,0.02,2362.27,867,-0.07,0.00,-0.04,2 652.41,sl 2362.31
2024.07.03 17:48:17,868,XAUUSD,buy,in,0.02,2364.33,868,-0.07,0.00,0.00,2 652.34,
2024.07.03 17:50:56,869,XAUUSD,sell,out,0.02,2364.38,869,-0.07,0.00,0.10,2 652.37,sl 2364.38
2024.07.03 18:12:22,870,XAUUSD,buy,in,0.02,2362.08,870,-0.07,0.00,0.00,2 652.30,
2024.07.03 18:13:34,871,XAUUSD,sell,out,0.02,2362.60,871,-0.07,0.00,1.04,2 653.27,sl 2362.60
2024.07.03 18:36:26,872,XAUUSD,buy,in,0.02,2361.65,872,-0.07,0.00,0.00,2 653.20,
2024.07.03 18:41:10,873,XAUUSD,sell,out,0.02,2362.46,873,-0.07,0.00,1.62,2 654.75,sl 2362.46
2024.07.03 19:00:26,874,XAUUSD,buy,in,0.02,2363.15,874,-0.07,0.00,0.00,2 654.68,
2024.07.03 20:38:35,875,XAUUSD,sell,in,0.18,2358.85,875,-0.63,0.00,0.00,2 654.05,
2024.07.03 20:49:57,876,XAUUSD,buy,out,0.18,2357.40,876,-0.63,0.00,26.10,2 679.52,sl 2357.37
2024.07.05 07:56:56,877,XAUUSD,sell,out,0.02,2364.20,877,-0.07,-4.56,2.10,2 676.99,sl 2364.21
2024.07.05 16:41:25,878,XAUUSD,buy,in,0.02,2382.38,878,-0.07,0.00,0.00,2 676.92,
2024.07.05 16:41:44,879,XAUUSD,sell,out,0.02,2382.47,879,-0.07,0.00,0.18,2 677.03,sl 2382.47
2024.07.05 17:33:19,880,XAUUSD,buy,in,0.02,2382.15,880,-0.07,0.00,0.00,2 676.96,
2024.07.05 17:33:57,881,XAUUSD,sell,out,0.02,2382.18,881,-0.07,0.00,0.06,2 676.95,sl 2382.18
2024.07.05 18:11:24,882,XAUUSD,buy,in,0.02,2382.86,882,-0.07,0.00,0.00,2 676.88,
2024.07.05 18:12:46,883,XAUUSD,sell,out,0.02,2382.90,883,-0.07,0.00,0.08,2 676.89,sl 2382.90
2024.07.05 18:35:28,884,XAUUSD,buy,in,0.02,2386.89,884,-0.07,0.00,0.00,2 676.82,
2024.07.05 18:36:39,885,XAUUSD,sell,out,0.02,2386.96,885,-0.07,0.00,0.14,2 676.89,sl 2386.96
2024.07.05 18:59:39,886,XAUUSD,buy,in,0.02,2384.82,886,-0.07,0.00,0.00,2 676.82,
2024.07.05 19:01:06,887,XAUUSD,sell,out,0.02,2384.92,887,-0.07,0.00,0.20,2 676.95,sl 2384.92
2024.07.05 19:23:43,888,XAUUSD,buy,in,0.02,2385.27,888,-0.07,0.00,0.00,2 676.88,
2024.07.05 19:26:43,889,XAUUSD,sell,out,0.02,2385.77,889,-0.07,0.00,1.00,2 677.81,sl 2385.78
2024.07.05 19:47:47,890,XAUUSD,buy,in,0.02,2385.97,890,-0.07,0.00,0.00,2 677.74,
2024.07.05 19:56:33,891,XAUUSD,sell,out,0.02,2386.89,891,-0.07,0.00,1.84,2 679.51,sl 2386.92
2024.07.05 20:11:46,892,XAUUSD,buy,in,0.02,2388.95,892,-0.07,0.00,0.00,2 679.44,
2024.07.05 20:28:27,893,XAUUSD,sell,out,0.02,2388.94,893,-0.07,0.00,-0.02,2 679.35,sl 2388.97
2024.07.05 20:35:59,894,XAUUSD,buy,in,0.02,2387.39,894,-0.07,0.00,0.00,2 679.28,
2024.07.05 21:24:27,895,XAUUSD,sell,out,0.02,2389.95,895,-0.07,0.00,5.12,2 684.33,sl 2389.95
2024.07.05 21:24:33,896,XAUUSD,buy,in,0.02,2389.97,896,-0.07,0.00,0.00,2 684.26,
2024.07.05 21:27:28,897,XAUUSD,sell,out,0.02,2390.62,897,-0.07,0.00,1.30,2 685.49,sl 2390.65
2024.07.05 21:48:37,898,XAUUSD,buy,in,0.02,2392.07,898,-0.07,0.00,0.00,2 685.42,
2024.07.05 22:05:15,899,XAUUSD,sell,out,0.02,2392.38,899,-0.07,0.00,0.62,2 685.97,sl 2392.38
2024.07.05 22:12:52,900,XAUUSD,buy,in,0.02,2391.56,900,-0.07,0.00,0.00,2 685.90,
2024.07.05 22:17:07,901,XAUUSD,sell,out,0.02,2392.12,901,-0.07,0.00,1.12,2 686.95,sl 2392.12
2024.07.05 22:36:51,902,XAUUSD,buy,in,0.02,2390.00,902,-0.07,0.00,0.00,2 686.88,
2024.07.05 22:42:01,903,XAUUSD,sell,out,0.02,2390.43,903,-0.07,0.00,0.86,2 687.67,sl 2390.43
2024.07.05 23:00:53,904,XAUUSD,buy,in,0.02,2388.55,904,-0.07,0.00,0.00,2 687.60,
2024.07.05 23:04:08,905,XAUUSD,sell,out,0.02,2388.60,905,-0.07,0.00,0.10,2 687.63,sl 2388.60
2024.07.05 23:24:56,906,XAUUSD,buy,in,0.02,2388.89,906,-0.07,0.00,0.00,2 687.56,
2024.07.05 23:46:06,907,XAUUSD,sell,out,0.02,2391.14,907,-0.07,0.00,4.50,2 691.99,sl 2391.15
2024.07.05 23:49:03,908,XAUUSD,buy,in,0.02,2391.36,908,-0.07,0.00,0.00,2 691.92,
2024.07.08 18:33:09,909,XAUUSD,sell,out,0.02,2366.53,909,-0.07,-1.14,-49.66,2 641.05,
2024.07.11 15:33:08,910,XAUUSD,buy,in,0.02,2400.49,910,-0.07,0.00,0.00,2 640.98,
2024.07.11 15:36:25,911,XAUUSD,sell,out,0.02,2400.77,911,-0.07,0.00,0.56,2 641.47,sl 2400.77
2024.07.11 15:57:13,912,XAUUSD,buy,in,0.02,2407.29,912,-0.07,0.00,0.00,2 641.40,
2024.07.11 15:58:15,913,XAUUSD,sell,out,0.02,2409.21,913,-0.07,0.00,3.84,2 645.17,sl 2409.22
2024.07.11 16:21:13,914,XAUUSD,buy,in,0.02,2407.77,914,-0.07,0.00,0.00,2 645.10,
2024.07.11 16:21:25,915,XAUUSD,sell,out,0.02,2407.79,915,-0.07,0.00,0.04,2 645.07,sl 2407.79
2024.07.11 16:51:13,916,XAUUSD,buy,in,0.02,2401.50,916,-0.07,0.00,0.00,2 645.00,
2024.07.11 16:52:01,917,XAUUSD,sell,out,0.02,2401.52,917,-0.07,0.00,0.04,2 644.97,sl 2401.53
2024.07.11 17:15:14,918,XAUUSD,buy,in,0.02,2410.77,918,-0.07,0.00,0.00,2 644.90,
2024.07.11 17:17:22,919,XAUUSD,sell,out,0.02,2411.19,919,-0.07,0.00,0.84,2 645.67,sl 2411.20
2024.07.11 17:39:29,920,XAUUSD,buy,in,0.02,2407.82,920,-0.07,0.00,0.00,2 645.60,
2024.07.11 17:40:28,921,XAUUSD,sell,out,0.02,2408.42,921,-0.07,0.00,1.20,2 646.73,sl 2408.42
2024.07.11 18:03:31,922,XAUUSD,buy,in,0.02,2413.16,922,-0.07,0.00,0.00,2 646.66,
2024.07.11 18:04:44,923,XAUUSD,sell,out,0.02,2413.99,923,-0.07,0.00,1.66,2 648.25,sl 2413.99
2024.07.11 18:27:31,924,XAUUSD,buy,in,0.02,2423.02,924,-0.07,0.00,0.00,2 648.18,
2024.07.11 18:33:12,925,XAUUSD,sell,out,0.02,2423.05,925,-0.07,0.00,0.06,2 648.17,sl 2423.05
2024.07.11 18:51:38,926,XAUUSD,buy,in,0.02,2419.01,926,-0.07,0.00,0.00,2 648.10,
2024.07.11 20:29:44,927,XAUUSD,sell,in,0.18,2415.99,927,-0.63,0.00,0.00,2 647.47,
2024.07.11 20:30:42,928,XAUUSD,buy,out,0.18,2415.51,928,-0.63,0.00,8.64,2 655.48,sl 2415.51
2024.07.15 14:27:27,929,XAUUSD,sell,out,0.02,2419.14,929,-0.07,-2.28,0.26,2 653.39,sl 2419.14
2024.07.19 04:14:07,930,XAUUSD,sell,in,0.02,2424.24,930,-0.07,0.00,0.00,2 653.32,
2024.07.19 04:24:39,931,XAUUSD,buy,out,0.02,2423.62,931,-0.07,0.00,1.24,2 654.49,sl 2423.62
2024.07.19 04:45:26,932,XAUUSD,sell,in,0.02,2425.28,932,-0.07,0.00,0.00,2 654.42,
2024.07.19 04:46:49,933,XAUUSD,buy,out,0.02,2425.16,933,-0.07,0.00,0.24,2 654.59,sl 2425.16
2024.07.19 05:19:30,934,XAUUSD,sell,in,0.02,2424.14,934,-0.07,0.00,0.00,2 654.52,
2024.07.19 05:21:28,935,XAUUSD,buy,out,0.02,2423.83,935,-0.07,0.00,0.62,2 655.07,sl 2423.83
2024.07.19 05:44:23,936,XAUUSD,sell,in,0.02,2424.42,936,-0.07,0.00,0.00,2 655.00,
2024.07.19 05:45:08,937,XAUUSD,buy,out,0.02,2424.21,937,-0.07,0.00,0.42,2 655.35,sl 2424.15
2024.07.19 08:34:57,938,XAUUSD,sell,in,0.02,2422.04,938,-0.07,0.00,0.00,2 655.28,
2024.07.19 08:51:50,939,XAUUSD,buy,out,0.02,2421.85,939,-0.07,0.00,0.38,2 655.59,sl 2421.82
2024.07.19 09:04:13,940,XAUUSD,sell,in,0.02,2421.46,940,-0.07,0.00,0.00,2 655.52,
2024.07.19 09:07:03,941,XAUUSD,buy,out,0.02,2420.32,941,-0.07,0.00,2.28,2 657.73,sl 2420.30
2024.07.19 09:28:19,942,XAUUSD,sell,in,0.02,2417.61,942,-0.07,0.00,0.00,2 657.66,
2024.07.19 09:43:42,943,XAUUSD,buy,out,0.02,2417.57,943,-0.07,0.00,0.08,2 657.67,sl 2417.56
2024.07.19 09:52:23,944,XAUUSD,sell,in,0.02,2419.91,944,-0.07,0.00,0.00,2 657.60,
2024.07.19 10:13:50,945,XAUUSD,buy,out,0.02,2419.73,945,-0.07,0.00,0.36,2 657.89,sl 2419.73
2024.07.19 10:16:26,946,XAUUSD,sell,in,0.02,2418.38,946,-0.07,0.00,0.00,2 657.82,
2024.07.19 10:18:40,947,XAUUSD,buy,out,0.02,2417.53,947,-0.07,0.00,1.70,2 659.45,sl 2417.52
2024.07.19 10:40:28,948,XAUUSD,sell,in,0.02,2416.75,948,-0.07,0.00,0.00,2 659.38,
2024.07.19 10:41:45,949,XAUUSD,buy,out,0.02,2414.68,949,-0.07,0.00,4.14,2 663.45,sl 2414.64
2024.07.19 11:04:29,950,XAUUSD,sell,in,0.02,2417.97,950,-0.07,0.00,0.00,2 663.38,
2024.07.19 11:19:34,951,XAUUSD,buy,out,0.02,2417.96,951,-0.07,0.00,0.02,2 663.33,sl 2417.95
2024.07.19 11:28:38,952,XAUUSD,sell,in,0.02,2419.67,952,-0.07,0.00,0.00,2 663.26,
2024.07.19 11:43:34,953,XAUUSD,buy,out,0.02,2419.45,953,-0.07,0.00,0.44,2 663.63,sl 2419.45
2024.07.19 12:06:00,954,XAUUSD,sell,in,0.02,2418.71,954,-0.07,0.00,0.00,2 663.56,
2024.07.19 12:08:18,955,XAUUSD,buy,out,0.02,2418.70,955,-0.07,0.00,0.02,2 663.51,sl 2418.70
2024.07.19 12:30:06,956,XAUUSD,sell,in,0.02,2416.73,956,-0.07,0.00,0.00,2 663.44,
2024.07.19 12:37:11,957,XAUUSD,buy,out,0.02,2415.51,957,-0.07,0.00,2.44,2 665.81,sl 2415.51
2024.07.19 12:54:21,958,XAUUSD,sell,in,0.02,2415.86,958,-0.07,0.00,0.00,2 665.74,
2024.07.19 12:58:21,959,XAUUSD,buy,out,0.02,2415.85,959,-0.07,0.00,0.02,2 665.69,sl 2415.85
2024.07.19 13:18:20,960,XAUUSD,sell,in,0.02,2413.08,960,-0.07,0.00,0.00,2 665.62,
2024.07.19 13:19:51,961,XAUUSD,buy,out,0.02,2413.07,961,-0.07,0.00,0.02,2 665.57,sl 2413.07
2024.07.19 13:42:27,962,XAUUSD,sell,in,0.02,2413.14,962,-0.07,0.00,0.00,2 665.50,
2024.07.19 13:45:40,963,XAUUSD,buy,out,0.02,2413.15,963,-0.07,0.00,-0.02,2 665.41,sl 2413.13
2024.07.19 14:06:35,964,XAUUSD,sell,in,0.02,2411.71,964,-0.07,0.00,0.00,2 665.34,
2024.07.19 14:08:28,965,XAUUSD,buy,out,0.02,2411.24,965,-0.07,0.00,0.94,2 666.21,sl 2411.24
2024.07.19 14:30:39,966,XAUUSD,sell,in,0.02,2414.02,966,-0.07,0.00,0.00,2 666.14,
2024.07.19 14:33:02,967,XAUUSD,buy,out,0.02,2412.95,967,-0.07,0.00,2.14,2 668.21,sl 2412.95
2024.07.19 14:54:41,968,XAUUSD,sell,in,0.02,2409.82,968,-0.07,0.00,0.00,2 668.14,
2024.07.19 14:55:40,969,XAUUSD,buy,out,0.02,2409.17,969,-0.07,0.00,1.30,2 669.37,sl 2409.10
2024.07.19 15:18:40,970,XAUUSD,sell,in,0.02,2408.40,970,-0.07,0.00,0.00,2 669.30,
2024.07.19 15:20:59,971,XAUUSD,buy,out,0.02,2408.39,971,-0.07,0.00,0.02,2 669.25,sl 2408.34
2024.07.19 15:42:47,972,XAUUSD,sell,in,0.02,2405.40,972,-0.07,0.00,0.00,2 669.18,
2024.07.19 15:43:55,973,XAUUSD,buy,out,0.02,2404.70,973,-0.07,0.00,1.40,2 670.51,sl 2404.70
2024.07.19 16:06:52,974,XAUUSD,sell,in,0.02,2398.61,974,-0.07,0.00,0.00,2 670.44,
2024.07.19 16:07:06,975,XAUUSD,buy,out,0.02,2398.58,975,-0.07,0.00,0.06,2 670.43,sl 2398.58
2024.07.19 16:30:58,976,XAUUSD,sell,in,0.02,2397.66,976,-0.07,0.00,0.00,2 670.36,
2024.07.19 16:32:35,977,XAUUSD,buy,out,0.02,2395.45,977,-0.07,0.00,4.42,2 674.71,sl 2395.44
2024.07.19 16:55:05,978,XAUUSD,sell,in,0.02,2402.53,978,-0.07,0.00,0.00,2 674.64,
2024.07.19 16:55:28,979,XAUUSD,buy,out,0.02,2402.41,979,-0.07,0.00,0.24,2 674.81,sl 2402.41
2024.07.19 17:19:08,980,XAUUSD,sell,in,0.02,2401.08,980,-0.07,0.00,0.00,2 674.74,
2024.07.19 17:21:25,981,XAUUSD,buy,out,0.02,2401.05,981,-0.07,0.00,0.06,2 674.73,sl 2401.05
2024.07.19 17:43:13,982,XAUUSD,sell,in,0.02,2401.59,982,-0.07,0.00,0.00,2 674.66,
2024.07.19 17:45:02,983,XAUUSD,buy,out,0.02,2401.62,983,-0.07,0.00,-0.06,2 674.53,sl 2401.58
2024.07.19 18:07:16,984,XAUUSD,sell,in,0.02,2404.15,984,-0.07,0.00,0.00,2 674.46,
2024.07.19 18:31:51,985,XAUUSD,buy,out,0.02,2403.47,985,-0.07,0.00,1.36,2 675.75,sl 2403.46
2024.07.19 18:31:51,986,XAUUSD,sell,in,0.02,2403.42,986,-0.07,0.00,0.00,2 675.68,
2024.07.19 18:32:15,987,XAUUSD,buy,out,0.02,2403.41,987,-0.07,0.00,0.02,2 675.63,sl 2403.41
2024.07.19 18:55:55,988,XAUUSD,sell,in,0.02,2405.77,988,-0.07,0.00,0.00,2 675.56,
2024.07.19 18:56:25,989,XAUUSD,buy,out,0.02,2405.78,989,-0.07,0.00,-0.02,2 675.47,sl 2405.75
2024.07.19 19:19:55,990,XAUUSD,sell,in,0.02,2403.79,990,-0.07,0.00,0.00,2 675.40,
2024.07.19 19:22:29,991,XAUUSD,buy,out,0.02,2402.73,991,-0.07,0.00,2.12,2 677.45,sl 2402.69
2024.07.19 19:44:02,992,XAUUSD,sell,in,0.02,2401.34,992,-0.07,0.00,0.00,2 677.38,
2024.07.19 19:54:38,993,XAUUSD,buy,out,0.02,2400.25,993,-0.07,0.00,2.18,2 679.49,sl 2400.24
2024.07.19 20:08:03,994,XAUUSD,sell,in,0.02,2399.22,994,-0.07,0.00,0.00,2 679.42,
2024.07.19 20:15:20,995,XAUUSD,buy,out,0.02,2399.11,995,-0.07,0.00,0.22,2 679.57,sl 2399.10
2024.07.19 20:32:06,996,XAUUSD,sell,in,0.02,2397.42,996,-0.07,0.00,0.00,2 679.50,
2024.07.19 20:34:37,997,XAUUSD,buy,out,0.02,2396.36,997,-0.07,0.00,2.12,2 681.55,sl 2396.34
2024.07.19 20:56:09,998,XAUUSD,sell,in,0.02,2400.59,998,-0.07,0.00,0.00,2 681.48,
2024.07.19 21:05:29,999,XAUUSD,buy,out,0.02,2399.24,999,-0.07,0.00,2.70,2 684.11,sl 2399.22
2024.07.19 21:20:13,1000,XAUUSD,sell,in,0.02,2398.09,1000,-0.07,0.00,0.00,2 684.04,
2024.07.19 21:36:28,1001,XAUUSD,buy,out,0.02,2397.80,1001,-0.07,0.00,0.58,2 684.55,sl 2397.80
2024.07.19 21:44:14,1002,XAUUSD,sell,in,0.02,2397.54,1002,-0.07,0.00,0.00,2 684.48,
2024.07.19 23:22:19,1003,XAUUSD,buy,in,0.18,2399.48,1003,-0.63,0.00,0.00,2 683.85,
2024.07.19 23:52:03,1004,XAUUSD,sell,out,0.18,2399.52,1004,-0.63,0.00,0.72,2 683.94,sl 2399.52
2024.07.22 15:03:09,1005,XAUUSD,buy,out,0.02,2397.32,1005,-0.07,0.81,0.44,2 685.12,sl 2397.31
2024.07.25 04:38:48,1006,XAUUSD,sell,in,0.02,2381.47,1006,-0.07,0.00,0.00,2 685.05,
2024.07.25 04:38:58,1007,XAUUSD,buy,out,0.02,2381.46,1007,-0.07,0.00,0.02,2 685.00,sl 2381.46
2024.07.25 05:02:55,1008,XAUUSD,sell,in,0.02,2376.92,1008,-0.07,0.00,0.00,2 684.93,
2024.07.25 05:04:51,1009,XAUUSD,buy,out,0.02,2376.93,1009,-0.07,0.00,-0.02,2 684.84,sl 2376.91
2024.07.25 05:26:59,1010,XAUUSD,sell,in,0.02,2378.63,1010,-0.07,0.00,0.00,2 684.77,
2024.07.25 05:28:30,1011,XAUUSD,buy,out,0.02,2378.08,1011,-0.07,0.00,1.10,2 685.80,sl 2378.08
2024.07.25 05:51:04,1012,XAUUSD,sell,in,0.02,2373.32,1012,-0.07,0.00,0.00,2 685.73,
2024.07.25 05:51:43,1013,XAUUSD,buy,out,0.02,2372.37,1013,-0.07,0.00,1.90,2 687.56,sl 2372.36
2024.07.25 06:15:10,1014,XAUUSD,sell,in,0.02,2371.68,1014,-0.07,0.00,0.00,2 687.49,
2024.07.25 06:18:33,1015,XAUUSD,buy,out,0.02,2370.23,1015,-0.07,0.00,2.90,2 690.32,sl 2370.23
2024.07.25 06:39:13,1016,XAUUSD,sell,in,0.02,2374.37,1016,-0.07,0.00,0.00,2 690.25,
2024.07.25 06:55:47,1017,XAUUSD,buy,out,0.02,2373.79,1017,-0.07,0.00,1.16,2 691.34,sl 2373.74
2024.07.25 07:03:17,1018,XAUUSD,sell,in,0.02,2374.69,1018,-0.07,0.00,0.00,2 691.27,
2024.07.25 07:09:54,1019,XAUUSD,buy,out,0.02,2373.87,1019,-0.07,0.00,1.64,2 692.84,sl 2373.86
2024.07.25 07:27:19,1020,XAUUSD,sell,in,0.02,2375.44,1020,-0.07,0.00,0.00,2 692.77,
2024.07.25 08:06:04,1021,XAUUSD,buy,out,0.02,2375.38,1021,-0.07,0.00,0.12,2 692.82,sl 2375.37
2024.07.25 08:06:06,1022,XAUUSD,sell,in,0.02,2375.10,1022,-0.07,0.00,0.00,2 692.75,
2024.07.25 08:12:01,1023,XAUUSD,buy,out,0.02,2374.68,1023,-0.07,0.00,0.84,2 693.52,sl 2374.68
2024.07.25 08:30:06,1024,XAUUSD,sell,in,0.02,2372.30,1024,-0.07,0.00,0.00,2 693.45,
2024.07.25 08:31:32,1025,XAUUSD,buy,out,0.02,2370.51,1025,-0.07,0.00,3.58,2 696.96,sl 2370.51
2024.07.25 08:54:10,1026,XAUUSD,sell,in,0.02,2375.22,1026,-0.07,0.00,0.00,2 696.89,
2024.07.25 08:55:56,1027,XAUUSD,buy,out,0.02,2374.52,1027,-0.07,0.00,1.40,2 698.22,sl 2374.51
2024.07.25 09:18:11,1028,XAUUSD,sell,in,0.02,2375.10,1028,-0.07,0.00,0.00,2 698.15,
2024.07.25 09:25:54,1029,XAUUSD,buy,out,0.02,2374.28,1029,-0.07,0.00,1.64,2 699.72,sl 2374.28
2024.07.25 09:42:17,1030,XAUUSD,sell,in,0.02,2373.59,1030,-0.07,0.00,0.00,2 699.65,
2024.07.25 09:45:30,1031,XAUUSD,buy,out,0.02,2373.59,1031,-0.07,0.00,0.00,2 699.58,sl 2373.57
2024.07.25 10:06:24,1032,XAUUSD,sell,in,0.02,2370.78,1032,-0.07,0.00,0.00,2 699.51,
2024.07.25 10:09:56,1033,XAUUSD,buy,out,0.02,2367.77,1033,-0.07,0.00,6.02,2 705.46,sl 2367.74
2024.07.25 10:30:26,1034,XAUUSD,sell,in,0.02,2373.21,1034,-0.07,0.00,0.00,2 705.39,
2024.07.25 11:19:18,1035,XAUUSD,buy,out,0.02,2372.88,1035,-0.07,0.00,0.66,2 705.98,sl 2372.88
2024.07.25 11:19:21,1036,XAUUSD,sell,in,0.02,2372.89,1036,-0.07,0.00,0.00,2 705.91,
2024.07.25 11:28:28,1037,XAUUSD,buy,out,0.02,2372.84,1037,-0.07,0.00,0.10,2 705.94,sl 2372.84
2024.07.25 11:44:23,1038,XAUUSD,sell,in,0.02,2375.56,1038,-0.07,0.00,0.00,2 705.87,
2024.07.25 12:01:47,1039,XAUUSD,buy,out,0.02,2374.74,1039,-0.07,0.00,1.64,2 707.44,sl 2374.74
2024.07.25 12:08:24,1040,XAUUSD,sell,in,0.02,2372.93,1040,-0.07,0.00,0.00,2 707.37,
2024.07.25 12:12:34,1041,XAUUSD,buy,out,0.02,2372.86,1041,-0.07,0.00,0.14,2 707.44,sl 2372.86
2024.07.25 12:32:24,1042,XAUUSD,sell,in,0.02,2373.18,1042,-0.07,0.00,0.00,2 707.37,
2024.07.25 12:36:43,1043,XAUUSD,buy,out,0.02,2373.04,1043,-0.07,0.00,0.28,2 707.58,sl 2373.04
2024.07.25 12:56:35,1044,XAUUSD,sell,in,0.02,2374.02,1044,-0.07,0.00,0.00,2 707.51,
2024.07.25 13:00:00,1045,XAUUSD,buy,out,0.02,2373.82,1045,-0.07,0.00,0.40,2 707.84,sl 2373.81
2024.07.25 13:20:34,1046,XAUUSD,sell,in,0.02,2373.78,1046,-0.07,0.00,0.00,2 707.77,
2024.07.25 14:31:15,1047,XAUUSD,buy,out,0.02,2372.84,1047,-0.07,0.00,1.88,2 709.58,sl 2372.83
2024.07.25 14:31:15,1048,XAUUSD,sell,in,0.02,2372.77,1048,-0.07,0.00,0.00,2 709.51,
2024.07.25 14:35:45,1049,XAUUSD,buy,out,0.02,2372.73,1049,-0.07,0.00,0.08,2 709.52,sl 2372.73
2024.07.25 14:55:21,1050,XAUUSD,sell,in,0.02,2369.85,1050,-0.07,0.00,0.00,2 709.45,
2024.07.25 14:59:00,1051,XAUUSD,buy,out,0.02,2368.73,1051,-0.07,0.00,2.24,2 711.62,sl 2368.71
2024.07.25 15:19:27,1052,XAUUSD,sell,in,0.02,2365.68,1052,-0.07,0.00,0.00,2 711.55,
2024.07.25 15:35:23,1053,XAUUSD,buy,out,0.02,2365.06,1053,-0.07,0.00,1.24,2 712.72,sl 2365.03
2024.07.25 15:43:34,1054,XAUUSD,sell,in,0.02,2370.49,1054,-0.07,0.00,0.00,2 712.65,
2024.07.25 15:46:31,1055,XAUUSD,buy,out,0.02,2368.62,1055,-0.07,0.00,3.74,2 716.32,sl 2368.61
2024.07.25 16:07:40,1056,XAUUSD,sell,in,0.02,2371.42,1056,-0.07,0.00,0.00,2 716.25,
2024.07.25 16:08:06,1057,XAUUSD,buy,out,0.02,2371.41,1057,-0.07,0.00,0.02,2 716.20,sl 2371.41
2024.07.25 16:31:52,1058,XAUUSD,sell,in,0.02,2371.31,1058,-0.07,0.00,0.00,2 716.13,
2024.07.25 16:32:48,1059,XAUUSD,buy,out,0.02,2370.82,1059,-0.07,0.00,0.98,2 717.04,sl 2370.82
2024.07.25 16:55:55,1060,XAUUSD,sell,in,0.02,2364.71,1060,-0.07,0.00,0.00,2 716.97,
2024.07.25 16:58:43,1061,XAUUSD,buy,out,0.02,2362.72,1061,-0.07,0.00,3.98,2 720.88,sl 2362.71
2024.07.25 17:20:01,1062,XAUUSD,sell,in,0.02,2364.10,1062,-0.07,0.00,0.00,2 720.81,
2024.07.25 17:21:12,1063,XAUUSD,buy,out,0.02,2364.12,1063,-0.07,0.00,-0.04,2 720.70,sl 2364.06
2024.07.25 17:44:08,1064,XAUUSD,sell,in,0.02,2362.59,1064,-0.07,0.00,0.00,2 720.63,
2024.07.25 19:05:37,1065,XAUUSD,buy,out,0.02,2360.26,1065,-0.07,0.00,4.66,2 725.22,sl 2360.25
2024.07.25 19:05:40,1066,XAUUSD,sell,in,0.02,2360.08,1066,-0.07,0.00,0.00,2 725.15,
2024.07.25 19:07:18,1067,XAUUSD,buy,out,0.02,2358.66,1067,-0.07,0.00,2.84,2 727.92,sl 2358.64
2024.07.25 19:29:47,1068,XAUUSD,sell,in,0.02,2362.24,1068,-0.07,0.00,0.00,2 727.85,
2024.07.25 19:36:11,1069,XAUUSD,buy,out,0.02,2362.15,1069,-0.07,0.00,0.18,2 727.96,sl 2362.15
2024.07.25 19:53:50,1070,XAUUSD,sell,in,0.02,2363.96,1070,-0.07,0.00,0.00,2 727.89,
2024.07.25 19:57:21,1071,XAUUSD,buy,out,0.02,2363.07,1071,-0.07,0.00,1.78,2 729.60,sl 2363.07
2024.07.25 20:17:53,1072,XAUUSD,sell,in,0.02,2362.62,1072,-0.07,0.00,0.00,2 729.53,
2024.07.25 20:18:39,1073,XAUUSD,buy,out,0.02,2362.55,1073,-0.07,0.00,0.14,2 729.60,sl 2362.55
2024.07.25 20:41:59,1074,XAUUSD,sell,in,0.02,2354.05,1074,-0.07,0.00,0.00,2 729.53,
2024.07.25 20:46:41,1075,XAUUSD,buy,out,0.02,2353.85,1075,-0.07,0.00,0.40,2 729.86,sl 2353.82
2024.07.25 21:06:01,1076,XAUUSD,sell,in,0.02,2355.94,1076,-0.07,0.00,0.00,2 729.79,
2024.07.25 21:09:32,1077,XAUUSD,buy,out,0.02,2354.92,1077,-0.07,0.00,2.04,2 731.76,sl 2354.91
2024.07.25 21:30:15,1078,XAUUSD,sell,in,0.02,2358.18,1078,-0.07,0.00,0.00,2 731.69,
2024.07.25 21:55:06,1079,XAUUSD,buy,out,0.02,2357.21,1079,-0.07,0.00,1.94,2 733.56,sl 2357.21
2024.07.25 21:55:13,1080,XAUUSD,sell,in,0.02,2357.03,1080,-0.07,0.00,0.00,2 733.49,
2024.07.25 22:04:15,1081,XAUUSD,buy,out,0.02,2356.77,1081,-0.07,0.00,0.52,2 733.94,sl 2356.73
2024.07.31 07:58:11,1082,XAUUSD,buy,in,0.02,2420.82,1082,-0.07,0.00,0.00,2 733.87,
2024.07.31 08:01:20,1083,XAUUSD,sell,out,0.02,2420.99,1083,-0.07,0.00,0.34,2 734.14,sl 2420.99
2024.07.31 08:27:52,1084,XAUUSD,buy,in,0.02,2421.60,1084,-0.07,0.00,0.00,2 734.07,
2024.07.31 08:32:17,1085,XAUUSD,sell,out,0.02,2421.62,1085,-0.07,0.00,0.04,2 734.04,sl 2421.62
2024.07.31 09:26:18,1086,XAUUSD,buy,in,0.02,2422.47,1086,-0.07,0.00,0.00,2 733.97,
2024.07.31 09:27:04,1087,XAUUSD,sell,out,0.02,2422.51,1087,-0.07,0.00,0.08,2 733.98,sl 2422.52
2024.07.31 16:55:34,1088,XAUUSD,buy,in,0.02,2426.80,1088,-0.07,0.00,0.00,2 733.91,
2024.07.31 16:56:01,1089,XAUUSD,sell,out,0.02,2427.05,1089,-0.07,0.00,0.50,2 734.34,sl 2427.05
2024.07.31 21:41:33,1090,XAUUSD,buy,in,0.02,2431.03,1090,-0.07,0.00,0.00,2 734.27,
2024.07.31 21:42:29,1091,XAUUSD,sell,out,0.02,2431.03,1091,-0.07,0.00,0.00,2 734.20,sl 2431.06
2024.07.31 22:05:35,1092,XAUUSD,buy,in,0.02,2434.18,1092,-0.07,0.00,0.00,2 734.13,
2024.07.31 22:06:42,1093,XAUUSD,sell,out,0.02,2434.29,1093,-0.07,0.00,0.22,2 734.28,sl 2434.29
2024.07.31 22:29:40,1094,XAUUSD,buy,in,0.02,2442.14,1094,-0.07,0.00,0.00,2 734.21,
2024.07.31 22:30:44,1095,XAUUSD,sell,out,0.02,2443.04,1095,-0.07,0.00,1.80,2 735.94,sl 2443.09
2024.07.31 22:53:44,1096,XAUUSD,buy,in,0.02,2447.93,1096,-0.07,0.00,0.00,2 735.87,
2024.07.31 22:55:00,1097,XAUUSD,sell,out,0.02,2448.33,1097,-0.07,0.00,0.80,2 736.60,sl 2448.33
2024.07.31 23:17:48,1098,XAUUSD,buy,in,0.02,2448.86,1098,-0.07,0.00,0.00,2 736.53,
2024.07.31 23:21:15,1099,XAUUSD,sell,out,0.02,2449.21,1099,-0.07,0.00,0.70,2 737.16,sl 2449.21
2024.07.31 23:41:53,1100,XAUUSD,buy,in,0.02,2448.59,1100,-0.07,0.00,0.00,2 737.09,
2024.08.01 01:20:02,1101,XAUUSD,sell,in,0.18,2447.78,1101,-0.63,0.00,0.00,2 736.46,
2024.08.01 01:31:39,1102,XAUUSD,buy,out,0.18,2447.74,1102,-0.63,0.00,0.72,2 736.55,sl 2447.73
2024.08.01 03:47:47,1103,XAUUSD,sell,out,0.02,2448.93,1103,-0.07,-3.42,0.68,2 733.74,sl 2448.94
2024.08.02 18:15:18,1104,XAUUSD,sell,in,0.02,2412.65,1104,-0.07,0.00,0.00,2 733.67,
2024.08.02 19:15:49,1105,XAUUSD,buy,out,0.02,2438.35,1105,-0.07,0.00,-51.40,2 682.20,
2024.08.05 13:57:35,1106,XAUUSD,sell,in,0.02,2409.08,1106,-0.07,0.00,0.00,2 682.13,
2024.08.05 13:57:39,1107,XAUUSD,buy,out,0.02,2409.08,1107,-0.07,0.00,0.00,2 682.06,sl 2409.07
2024.08.05 14:21:39,1108,XAUUSD,sell,in,0.02,2402.36,1108,-0.07,0.00,0.00,2 681.99,
2024.08.05 14:22:47,1109,XAUUSD,buy,out,0.02,2398.07,1109,-0.07,0.00,8.58,2 690.50,sl 2398.07
2024.08.05 14:45:46,1110,XAUUSD,sell,in,0.02,2387.16,1110,-0.07,0.00,0.00,2 690.43,
2024.08.05 14:46:00,1111,XAUUSD,buy,out,0.02,2387.06,1111,-0.07,0.00,0.20,2 690.56,sl 2387.06
2024.08.05 15:09:53,1112,XAUUSD,sell,in,0.02,2390.37,1113,-0.07,0.00,0.00,2 690.49,
2024.08.05 15:11:34,1113,XAUUSD,buy,out,0.02,2389.82,1114,-0.07,0.00,1.10,2 691.52,sl 2389.79
2024.08.05 15:33:59,1114,XAUUSD,sell,in,0.02,2368.74,1115,-0.07,0.00,0.00,2 691.45,
2024.08.05 15:34:39,1115,XAUUSD,buy,out,0.02,2367.19,1116,-0.07,0.00,3.10,2 694.48,sl 2367.17
2024.08.05 15:58:08,1116,XAUUSD,sell,in,0.02,2376.62,1117,-0.07,0.00,0.00,2 694.41,
2024.08.05 15:58:19,1117,XAUUSD,buy,out,0.02,2376.61,1118,-0.07,0.00,0.02,2 694.36,sl 2376.61
2024.08.05 16:22:15,1118,XAUUSD,sell,in,0.02,2386.05,1119,-0.07,0.00,0.00,2 694.29,
2024.08.05 16:22:23,1119,XAUUSD,buy,out,0.02,2386.08,1120,-0.07,0.00,-0.06,2 694.16,sl 2386.03
2024.08.05 16:46:19,1120,XAUUSD,sell,in,0.02,2391.66,1121,-0.07,0.00,0.00,2 694.09,
2024.08.05 16:46:39,1121,XAUUSD,buy,out,0.02,2390.90,1122,-0.07,0.00,1.52,2 695.54,sl 2390.89
2024.08.05 17:10:24,1122,XAUUSD,sell,in,0.02,2392.13,1123,-0.07,0.00,0.00,2 695.47,
2024.08.05 17:10:37,1123,XAUUSD,buy,out,0.02,2392.12,1124,-0.07,0.00,0.02,2 695.42,sl 2392.12
2024.08.05 17:34:26,1124,XAUUSD,sell,in,0.02,2390.61,1125,-0.07,0.00,0.00,2 695.35,
2024.08.05 19:12:29,1125,XAUUSD,buy,in,0.18,2401.59,1126,-0.63,0.00,0.00,2 694.72,
2024.08.05 19:13:22,1126,XAUUSD,sell,out,0.18,2401.59,1127,-0.63,0.00,0.00,2 694.09,sl 2401.62
2024.08.06 16:08:28,1127,XAUUSD,buy,out,0.02,2390.25,1128,-0.07,0.81,0.72,2 695.55,sl 2390.20
2024.08.12 16:38:09,1128,XAUUSD,buy,in,0.02,2451.65,1129,-0.07,0.00,0.00,2 695.48,
2024.08.12 16:41:18,1129,XAUUSD,sell,out,0.02,2454.19,1130,-0.07,0.00,5.08,2 700.49,sl 2454.19
2024.08.12 17:02:14,1130,XAUUSD,buy,in,0.02,2453.54,1131,-0.07,0.00,0.00,2 700.42,
2024.08.12 17:02:45,1131,XAUUSD,sell,out,0.02,2453.57,1132,-0.07,0.00,0.06,2 700.41,sl 2453.57
2024.08.12 17:41:29,1132,XAUUSD,buy,in,0.02,2452.24,1133,-0.07,0.00,0.00,2 700.34,
2024.08.12 17:47:42,1133,XAUUSD,sell,out,0.02,2452.31,1134,-0.07,0.00,0.14,2 700.41,sl 2452.31
2024.08.12 18:05:29,1134,XAUUSD,buy,in,0.02,2454.50,1135,-0.07,0.00,0.00,2 700.34,
2024.08.12 18:07:58,1135,XAUUSD,sell,out,0.02,2454.79,1136,-0.07,0.00,0.58,2 700.85,sl 2454.79
2024.08.12 18:29:43,1136,XAUUSD,buy,in,0.02,2457.23,1137,-0.07,0.00,0.00,2 700.78,
2024.08.12 18:33:16,1137,XAUUSD,sell,out,0.02,2459.09,1138,-0.07,0.00,3.72,2 704.43,sl 2459.09
2024.08.12 18:53:47,1138,XAUUSD,buy,in,0.02,2459.00,1139,-0.07,0.00,0.00,2 704.36,
2024.08.12 18:55:28,1139,XAUUSD,sell,out,0.02,2459.53,1140,-0.07,0.00,1.06,2 705.35,sl 2459.56
2024.08.12 19:17:52,1140,XAUUSD,buy,in,0.02,2464.44,1141,-0.07,0.00,0.00,2 705.28,
2024.08.12 19:20:13,1141,XAUUSD,sell,out,0.02,2464.69,1142,-0.07,0.00,0.50,2 705.71,sl 2464.70
2024.08.12 19:41:56,1142,XAUUSD,buy,in,0.02,2463.67,1143,-0.07,0.00,0.00,2 705.64,
2024.08.12 19:49:33,1143,XAUUSD,sell,out,0.02,2464.02,1144,-0.07,0.00,0.70,2 706.27,sl 2464.02
2024.08.12 20:05:57,1144,XAUUSD,buy,in,0.02,2464.99,1145,-0.07,0.00,0.00,2 706.20,
2024.08.12 20:38:27,1145,XAUUSD,sell,out,0.02,2466.43,1146,-0.07,0.00,2.88,2 709.01,sl 2466.43
2024.08.12 20:38:33,1146,XAUUSD,buy,in,0.02,2466.51,1147,-0.07,0.00,0.00,2 708.94,
2024.08.12 20:41:49,1147,XAUUSD,sell,out,0.02,2467.23,1148,-0.07,0.00,1.44,2 710.31,sl 2467.23
2024.08.12 21:02:34,1148,XAUUSD,buy,in,0.02,2467.58,1149,-0.07,0.00,0.00,2 710.24,
2024.08.12 21:12:05,1149,XAUUSD,sell,out,0.02,2469.54,1150,-0.07,0.00,3.92,2 714.09,sl 2469.55
2024.08.12 21:26:40,1150,XAUUSD,buy,in,0.02,2469.89,1151,-0.07,0.00,0.00,2 714.02,
2024.08.12 21:40:29,1151,XAUUSD,sell,out,0.02,2470.48,1152,-0.07,0.00,1.18,2 715.13,sl 2470.48
2024.08.12 21:50:49,1152,XAUUSD,buy,in,0.02,2470.72,1153,-0.07,0.00,0.00,2 715.06,
2024.08.12 22:13:42,1153,XAUUSD,sell,out,0.02,2470.88,1154,-0.07,0.00,0.32,2 715.31,sl 2470.88
2024.08.12 22:14:55,1154,XAUUSD,buy,in,0.02,2470.30,1155,-0.07,0.00,0.00,2 715.24,
2024.08.12 22:18:09,1155,XAUUSD,sell,out,0.02,2470.53,1156,-0.07,0.00,0.46,2 715.63,sl 2470.53
2024.08.12 22:38:59,1156,XAUUSD,buy,in,0.02,2471.93,1157,-0.07,0.00,0.00,2 715.56,
2024.08.12 23:57:17,1157,XAUUSD,sell,out,0.02,2472.51,1158,-0.07,0.00,1.16,2 716.65,sl 2472.63
2024.08.12 23:57:19,1158,XAUUSD,buy,in,0.02,2473.08,1159,-0.07,0.00,0.00,2 716.58,
2024.08.13 01:32:28,1159,XAUUSD,sell,out,0.02,2473.13,1160,-0.07,-1.14,0.10,2 715.47,sl 2473.19
2024.08.13 01:32:28,1160,XAUUSD,buy,in,0.02,2473.18,1161,-0.07,0.00,0.00,2 715.40,
2024.08.13 01:40:36,1161,XAUUSD,sell,out,0.02,2473.38,1162,-0.07,0.00,0.40,2 715.73,sl 2473.39
2024.08.13 01:56:41,1162,XAUUSD,buy,in,0.02,2474.08,1163,-0.07,0.00,0.00,2 715.66,
2024.08.13 02:24:01,1163,XAUUSD,sell,out,0.02,2474.52,1164,-0.07,0.00,0.88,2 716.47,sl 2474.54
2024.08.13 02:24:05,1164,XAUUSD,buy,in,0.02,2474.59,1165,-0.07,0.00,0.00,2 716.40,
2024.08.13 02:38:31,1165,XAUUSD,sell,out,0.02,2474.81,1166,-0.07,0.00,0.44,2 716.77,sl 2474.81
2024.08.13 02:48:01,1166,XAUUSD,buy,in,0.02,2474.54,1167,-0.07,0.00,0.00,2 716.70,
2024.08.13 02:57:45,1167,XAUUSD,sell,out,0.02,2475.54,1168,-0.07,0.00,2.00,2 718.63,sl 2475.54
2024.08.13 03:12:05,1168,XAUUSD,buy,in,0.02,2476.45,1169,-0.07,0.00,0.00,2 718.56,
2024.08.13 04:50:13,1169,XAUUSD,sell,in,0.18,2465.17,1170,-0.63,0.00,0.00,2 717.93,
2024.08.13 05:03:00,1170,XAUUSD,buy,out,0.18,2465.00,1171,-0.63,0.00,3.06,2 720.36,sl 2465.00
2024.08.14 11:44:51,1171,XAUUSD,sell,out,0.02,2477.82,1172,-0.07,-1.14,2.74,2 721.89,sl 2477.82
2024.08.16 15:53:59,1172,XAUUSD,buy,in,0.02,2486.15,1173,-0.07,0.00,0.00,2 721.82,
2024.08.16 15:55:58,1173,XAUUSD,sell,out,0.02,2488.52,1174,-0.07,0.00,4.74,2 726.49,sl 2488.52
2024.08.16 16:17:59,1174,XAUUSD,buy,in,0.02,2486.62,1175,-0.07,0.00,0.00,2 726.42,
2024.08.16 16:22:29,1175,XAUUSD,sell,out,0.02,2486.86,1176,-0.07,0.00,0.48,2 726.83,sl 2486.86
2024.08.16 16:42:06,1176,XAUUSD,buy,in,0.02,2495.05,1177,-0.07,0.00,0.00,2 726.76,
2024.08.16 16:43:15,1177,XAUUSD,sell,out,0.02,2495.18,1178,-0.07,0.00,0.26,2 726.95,sl 2495.19
2024.08.16 17:06:12,1178,XAUUSD,buy,in,0.02,2486.64,1179,-0.07,0.00,0.00,2 726.88,
2024.08.16 17:07:06,1179,XAUUSD,sell,out,0.02,2486.80,1180,-0.07,0.00,0.32,2 727.13,sl 2486.80
2024.08.16 17:43:42,1180,XAUUSD,buy,in,0.02,2485.82,1181,-0.07,0.00,0.00,2 727.06,
2024.08.16 17:51:28,1181,XAUUSD,sell,out,0.02,2487.13,1182,-0.07,0.00,2.62,2 729.61,sl 2487.14
2024.08.16 18:07:46,1182,XAUUSD,buy,in,0.02,2489.26,1183,-0.07,0.00,0.00,2 729.54,
2024.08.16 18:10:18,1183,XAUUSD,sell,out,0.02,2489.53,1184,-0.07,0.00,0.54,2 730.01,sl 2489.53
2024.08.16 18:36:37,1184,XAUUSD,buy,in,0.02,2486.77,1185,-0.07,0.00,0.00,2 729.94,
2024.08.16 18:41:29,1185,XAUUSD,sell,out,0.02,2488.88,1186,-0.07,0.00,4.22,2 734.09,sl 2488.90
2024.08.16 19:00:36,1186,XAUUSD,buy,in,0.02,2492.10,1187,-0.07,0.00,0.00,2 734.02,
2024.08.16 19:03:26,1187,XAUUSD,sell,out,0.02,2493.00,1188,-0.07,0.00,1.80,2 735.75,sl 2493.04
2024.08.16 19:24:41,1188,XAUUSD,buy,in,0.02,2494.82,1189,-0.07,0.00,0.00,2 735.68,
2024.08.16 19:27:03,1189,XAUUSD,sell,out,0.02,2495.93,1190,-0.07,0.00,2.22,2 737.83,sl 2495.93
2024.08.16 19:48:49,1190,XAUUSD,buy,in,0.02,2497.16,1191,-0.07,0.00,0.00,2 737.76,
2024.08.16 19:55:44,1191,XAUUSD,sell,out,0.02,2497.27,1192,-0.07,0.00,0.22,2 737.91,sl 2497.27
2024.08.16 20:13:07,1192,XAUUSD,buy,in,0.02,2493.88,1193,-0.07,0.00,0.00,2 737.84,
2024.08.16 20:18:40,1193,XAUUSD,sell,out,0.02,2495.24,1194,-0.07,0.00,2.72,2 740.49,sl 2495.26
2024.08.16 20:37:09,1194,XAUUSD,buy,in,0.02,2498.30,1195,-0.07,0.00,0.00,2 740.42,
2024.08.16 20:54:16,1195,XAUUSD,sell,out,0.02,2498.47,1196,-0.07,0.00,0.34,2 740.69,sl 2498.47
2024.08.16 21:01:16,1196,XAUUSD,buy,in,0.02,2499.43,1197,-0.07,0.00,0.00,2 740.62,
2024.08.16 21:06:47,1197,XAUUSD,sell,out,0.02,2499.53,1198,-0.07,0.00,0.20,2 740.75,sl 2499.54
2024.08.16 21:25:21,1198,XAUUSD,buy,in,0.02,2499.97,1199,-0.07,0.00,0.00,2 740.68,
2024.08.16 21:26:09,1199,XAUUSD,sell,out,0.02,2499.96,1200,-0.07,0.00,-0.02,2 740.59,sl 2499.99
2024.08.16 21:49:24,1200,XAUUSD,buy,in,0.02,2504.59,1201,-0.07,0.00,0.00,2 740.52,
2024.08.16 21:51:10,1201,XAUUSD,sell,out,0.02,2505.01,1202,-0.07,0.00,0.84,2 741.29,sl 2505.02
2024.08.16 22:13:28,1202,XAUUSD,buy,in,0.02,2503.22,1203,-0.07,0.00,0.00,2 741.22,
2024.08.16 22:16:02,1203,XAUUSD,sell,out,0.02,2503.50,1204,-0.07,0.00,0.56,2 741.71,sl 2503.57
2024.08.16 22:37:35,1204,XAUUSD,buy,in,0.02,2505.02,1205,-0.07,0.00,0.00,2 741.64,
2024.08.16 22:43:31,1205,XAUUSD,sell,out,0.02,2505.34,1206,-0.07,0.00,0.64,2 742.21,sl 2505.34
2024.08.16 23:01:36,1206,XAUUSD,buy,in,0.02,2508.59,1207,-0.07,0.00,0.00,2 742.14,
2024.08.16 23:05:05,1207,XAUUSD,sell,out,0.02,2508.86,1208,-0.07,0.00,0.54,2 742.61,sl 2508.86
2024.08.16 23:25:43,1208,XAUUSD,buy,in,0.02,2507.51,1209,-0.07,0.00,0.00,2 742.54,
2024.08.16 23:26:43,1209,XAUUSD,sell,out,0.02,2507.59,1210,-0.07,0.00,0.16,2 742.63,sl 2507.59
2024.08.16 23:49:43,1210,XAUUSD,buy,in,0.02,2509.07,1211,-0.07,0.00,0.00,2 742.56,
2024.08.20 10:45:18,1211,XAUUSD,sell,out,0.02,2512.94,1212,-0.07,-2.28,7.74,2 747.95,sl 2512.94
2024.08.22 17:13:58,1212,XAUUSD,sell,in,0.02,2476.87,1213,-0.07,0.00,0.00,2 747.88,
2024.08.22 17:14:24,1213,XAUUSD,buy,out,0.02,2476.68,1214,-0.07,0.00,0.38,2 748.19,sl 2476.61
2024.08.22 17:38:00,1214,XAUUSD,sell,in,0.02,2472.83,1215,-0.07,0.00,0.00,2 748.12,
2024.08.22 19:16:03,1215,XAUUSD,buy,in,0.18,2483.58,1216,-0.63,0.00,0.00,2 747.49,
2024.08.22 19:16:37,1216,XAUUSD,sell,out,0.18,2483.60,1217,-0.63,0.00,0.36,2 747.22,sl 2483.60
2024.08.23 11:41:05,1217,XAUUSD,buy,out,0.02,2498.04,1218,-0.07,0.81,-50.42,2 697.54,
2024.09.03 17:20:08,1218,XAUUSD,sell,in,0.02,2474.34,1219,-0.07,0.00,0.00,2 697.47,
2024.09.03 18:58:18,1219,XAUUSD,buy,in,0.18,2489.29,1220,-0.63,0.00,0.00,2 696.84,
2024.09.03 20:22:55,1220,XAUUSD,sell,out,0.18,2490.35,1221,-0.63,0.00,19.08,2 715.29,sl 2490.35
2024.09.04 11:55:00,1221,XAUUSD,buy,out,0.02,2474.27,1222,-0.07,0.81,0.14,2 716.17,sl 2474.27
2024.09.12 16:10:22,1222,XAUUSD,buy,in,0.02,2541.74,1223,-0.07,0.00,0.00,2 716.10,
2024.09.12 16:37:51,1223,XAUUSD,sell,out,0.02,2541.94,1224,-0.07,0.00,0.40,2 716.43,sl 2542.00
2024.09.12 16:37:55,1224,XAUUSD,buy,in,0.02,2541.46,1225,-0.07,0.00,0.00,2 716.36,
2024.09.12 16:38:43,1225,XAUUSD,sell,out,0.02,2543.39,1226,-0.07,0.00,3.86,2 720.15,sl 2543.41
2024.09.12 17:02:02,1226,XAUUSD,buy,in,0.02,2548.25,1227,-0.07,0.00,0.00,2 720.08,
2024.09.12 17:06:58,1227,XAUUSD,sell,out,0.02,2549.55,1228,-0.07,0.00,2.60,2 722.61,sl 2549.55
2024.09.12 17:26:02,1228,XAUUSD,buy,in,0.02,2544.11,1229,-0.07,0.00,0.00,2 722.54,
2024.09.12 17:29:33,1229,XAUUSD,sell,out,0.02,2544.65,1230,-0.07,0.00,1.08,2 723.55,sl 2544.66
2024.09.12 17:50:04,1230,XAUUSD,buy,in,0.02,2553.91,1231,-0.07,0.00,0.00,2 723.48,
2024.09.12 17:59:30,1231,XAUUSD,sell,out,0.02,2553.96,1232,-0.07,0.00,0.10,2 723.51,sl 2553.96
2024.09.12 18:14:05,1232,XAUUSD,buy,in,0.02,2551.72,1233,-0.07,0.00,0.00,2 723.44,
2024.09.12 18:22:53,1233,XAUUSD,sell,out,0.02,2552.79,1234,-0.07,0.00,2.14,2 725.51,sl 2552.79
2024.09.12 18:38:10,1234,XAUUSD,buy,in,0.02,2553.59,1235,-0.07,0.00,0.00,2 725.44,
2024.09.12 18:50:40,1235,XAUUSD,sell,out,0.02,2553.72,1236,-0.07,0.00,0.26,2 725.63,sl 2553.72
2024.09.12 19:02:15,1236,XAUUSD,buy,in,0.02,2553.78,1237,-0.07,0.00,0.00,2 725.56,
2024.09.12 20:09:44,1237,XAUUSD,sell,out,0.02,2553.95,1238,-0.07,0.00,0.34,2 725.83,sl 2553.95
2024.09.12 20:09:52,1238,XAUUSD,buy,in,0.02,2554.03,1239,-0.07,0.00,0.00,2 725.76,
2024.09.12 20:58:33,1239,XAUUSD,sell,out,0.02,2554.16,1240,-0.07,0.00,0.26,2 725.95,sl 2554.16
2024.09.12 20:58:35,1240,XAUUSD,buy,in,0.02,2554.26,1241,-0.07,0.00,0.00,2 725.88,
2024.09.12 21:16:36,1241,XAUUSD,sell,out,0.02,2554.70,1242,-0.07,0.00,0.88,2 726.69,sl 2554.70
2024.09.12 21:22:36,1242,XAUUSD,buy,in,0.02,2553.82,1243,-0.07,0.00,0.00,2 726.62,
2024.09.12 21:30:05,1243,XAUUSD,sell,out,0.02,2554.40,1244,-0.07,0.00,1.16,2 727.71,sl 2554.40
2024.09.12 21:46:37,1244,XAUUSD,buy,in,0.02,2555.71,1245,-0.07,0.00,0.00,2 727.64,
2024.09.12 21:51:04,1245,XAUUSD,sell,out,0.02,2555.95,1246,-0.07,0.00,0.48,2 728.05,sl 2555.96
2024.09.12 22:10:37,1246,XAUUSD,buy,in,0.02,2556.11,1247,-0.07,0.00,0.00,2 727.98,
2024.09.12 22:15:03,1247,XAUUSD,sell,out,0.02,2557.05,1248,-0.07,0.00,1.88,2 729.79,sl 2557.05
2024.09.12 22:34:41,1248,XAUUSD,buy,in,0.02,2556.96,1249,-0.07,0.00,0.00,2 729.72,
2024.09.12 22:41:12,1249,XAUUSD,sell,out,0.02,2557.06,1250,-0.07,0.00,0.20,2 729.85,sl 2557.06
2024.09.12 22:58:49,1250,XAUUSD,buy,in,0.02,2557.50,1251,-0.07,0.00,0.00,2 729.78,
2024.09.12 23:01:14,1251,XAUUSD,sell,out,0.02,2557.56,1252,-0.07,0.00,0.12,2 729.83,sl 2557.58
2024.09.12 23:22:57,1252,XAUUSD,buy,in,0.02,2558.40,1253,-0.07,0.00,0.00,2 729.76,
2024.09.12 23:24:58,1253,XAUUSD,sell,out,0.02,2558.83,1254,-0.07,0.00,0.86,2 730.55,sl 2558.83
2024.09.12 23:46:58,1254,XAUUSD,buy,in,0.02,2559.88,1255,-0.07,0.00,0.00,2 730.48,
2024.09.13 01:25:03,1255,XAUUSD,sell,in,0.18,2558.23,1256,-0.63,0.00,0.00,2 729.85,
2024.09.13 02:01:02,1256,XAUUSD,buy,out,0.18,2557.99,1257,-0.63,0.00,4.32,2 733.54,sl 2557.99
2024.09.13 03:44:00,1257,XAUUSD,sell,out,0.02,2562.06,1258,-0.07,-1.14,4.36,2 736.69,sl 2562.07
2024.09.18 21:34:02,1258,XAUUSD,buy,in,0.02,2599.72,1259,-0.07,0.00,0.00,2 736.62,
2024.09.18 22:27:54,1259,XAUUSD,sell,out,0.02,2564.87,1260,-0.07,0.00,-69.70,2 666.85,
2024.09.20 09:51:13,1260,XAUUSD,buy,in,0.02,2606.32,1261,-0.07,0.00,0.00,2 666.78,
2024.09.20 10:07:04,1261,XAUUSD,sell,out,0.02,2607.08,1262,-0.07,0.00,1.52,2 668.23,sl 2607.08
2024.09.20 10:15:13,1262,XAUUSD,buy,in,0.02,2607.96,1263,-0.07,0.00,0.00,2 668.16,
2024.09.20 10:18:01,1263,XAUUSD,sell,out,0.02,2608.41,1264,-0.07,0.00,0.90,2 668.99,sl 2608.41
2024.09.20 10:39:55,1264,XAUUSD,buy,in,0.02,2607.18,1265,-0.07,0.00,0.00,2 668.92,
2024.09.20 10:42:06,1265,XAUUSD,sell,out,0.02,2607.29,1266,-0.07,0.00,0.22,2 669.07,sl 2607.31
2024.09.20 11:24:38,1266,XAUUSD,buy,in,0.02,2607.87,1267,-0.07,0.00,0.00,2 669.00,
2024.09.20 11:25:54,1267,XAUUSD,sell,out,0.02,2607.88,1268,-0.07,0.00,0.02,2 668.95,sl 2608.03
2024.09.20 11:48:39,1268,XAUUSD,buy,in,0.02,2611.88,1269,-0.07,0.00,0.00,2 668.88,
2024.09.20 11:50:13,1269,XAUUSD,sell,out,0.02,2612.00,1270,-0.07,0.00,0.24,2 669.05,sl 2612.00
2024.09.20 12:12:46,1270,XAUUSD,buy,in,0.02,2609.78,1271,-0.07,0.00,0.00,2 668.98,
2024.09.20 13:44:31,1271,XAUUSD,sell,out,0.02,2610.17,1272,-0.07,0.00,0.78,2 669.69,sl 2610.17
2024.09.20 13:44:34,1272,XAUUSD,buy,in,0.02,2610.21,1273,-0.07,0.00,0.00,2 669.62,
2024.09.20 13:47:51,1273,XAUUSD,sell,out,0.02,2611.35,1274,-0.07,0.00,2.28,2 671.83,sl 2611.35
2024.09.20 14:08:36,1274,XAUUSD,buy,in,0.02,2613.74,1275,-0.07,0.00,0.00,2 671.76,
2024.09.20 14:10:56,1275,XAUUSD,sell,out,0.02,2614.57,1276,-0.07,0.00,1.66,2 673.35,sl 2614.58
2024.09.20 14:32:40,1276,XAUUSD,buy,in,0.02,2612.93,1277,-0.07,0.00,0.00,2 673.28,
2024.09.20 14:43:00,1277,XAUUSD,sell,out,0.02,2614.89,1278,-0.07,0.00,3.92,2 677.13,sl 2614.90
2024.09.20 14:56:41,1278,XAUUSD,buy,in,0.02,2614.03,1279,-0.07,0.00,0.00,2 677.06,
2024.09.20 14:59:33,1279,XAUUSD,sell,out,0.02,2614.19,1280,-0.07,0.00,0.32,2 677.31,sl 2614.19
2024.09.20 15:20:44,1280,XAUUSD,buy,in,0.02,2617.20,1281,-0.07,0.00,0.00,2 677.24,
2024.09.20 15:23:10,1281,XAUUSD,sell,out,0.02,2617.51,1282,-0.07,0.00,0.62,2 677.79,sl 2617.55
2024.09.20 15:44:54,1282,XAUUSD,buy,in,0.02,2616.48,1283,-0.07,0.00,0.00,2 677.72,
2024.09.20 15:45:40,1283,XAUUSD,sell,out,0.02,2617.04,1284,-0.07,0.00,1.12,2 678.77,sl 2617.06
2024.09.20 16:08:59,1284,XAUUSD,buy,in,0.02,2612.51,1285,-0.07,0.00,0.00,2 678.70,
2024.09.20 16:20:39,1285,XAUUSD,sell,out,0.02,2612.53,1286,-0.07,0.00,0.04,2 678.67,sl 2612.54
2024.09.20 17:29:52,1286,XAUUSD,buy,in,0.02,2613.56,1287,-0.07,0.00,0.00,2 678.60,
2024.09.20 17:31:57,1287,XAUUSD,sell,out,0.02,2613.95,1288,-0.07,0.00,0.78,2 679.31,sl 2613.95
2024.09.20 17:53:53,1288,XAUUSD,buy,in,0.02,2615.18,1289,-0.07,0.00,0.00,2 679.24,
2024.09.20 17:54:29,1289,XAUUSD,sell,out,0.02,2615.36,1290,-0.07,0.00,0.36,2 679.53,sl 2615.36
2024.09.20 18:17:53,1290,XAUUSD,buy,in,0.02,2614.12,1291,-0.07,0.00,0.00,2 679.46,
2024.09.20 18:25:08,1291,XAUUSD,sell,out,0.02,2614.57,1292,-0.07,0.00,0.90,2 680.29,sl 2614.57
2024.09.20 18:41:56,1292,XAUUSD,buy,in,0.02,2620.47,1293,-0.07,0.00,0.00,2 680.22,
2024.09.20 18:42:50,1293,XAUUSD,sell,out,0.02,2621.00,1294,-0.07,0.00,1.06,2 681.21,sl 2621.00
2024.09.20 19:05:59,1294,XAUUSD,buy,in,0.02,2622.14,1295,-0.07,0.00,0.00,2 681.14,
2024.09.20 19:12:00,1295,XAUUSD,sell,out,0.02,2622.26,1296,-0.07,0.00,0.24,2 681.31,sl 2622.31
2024.09.20 19:30:00,1296,XAUUSD,buy,in,0.02,2623.19,1297,-0.07,0.00,0.00,2 681.24,
2024.09.20 19:30:26,1297,XAUUSD,sell,out,0.02,2623.27,1298,-0.07,0.00,0.16,2 681.33,sl 2623.27
2024.09.20 19:54:00,1298,XAUUSD,buy,in,0.02,2624.65,1299,-0.07,0.00,0.00,2 681.26,
2024.09.20 19:55:57,1299,XAUUSD,sell,out,0.02,2625.20,1300,-0.07,0.00,1.10,2 682.29,sl 2625.21
2024.09.20 20:18:08,1300,XAUUSD,buy,in,0.02,2621.66,1301,-0.07,0.00,0.00,2 682.22,
2024.09.20 20:19:37,1301,XAUUSD,sell,out,0.02,2621.85,1302,-0.07,0.00,0.38,2 682.53,sl 2621.86
2024.09.20 20:42:11,1302,XAUUSD,buy,in,0.02,2620.38,1303,-0.07,0.00,0.00,2 682.46,
2024.09.20 20:43:16,1303,XAUUSD,sell,out,0.02,2620.48,1304,-0.07,0.00,0.20,2 682.59,sl 2620.48
2024.09.20 21:06:15,1304,XAUUSD,buy,in,0.02,2618.49,1305,-0.07,0.00,0.00,2 682.52,
2024.09.20 21:15:07,1305,XAUUSD,sell,out,0.02,2620.18,1306,-0.07,0.00,3.38,2 685.83,sl 2620.18
2024.09.20 21:30:27,1306,XAUUSD,buy,in,0.02,2619.51,1307,-0.07,0.00,0.00,2 685.76,
2024.09.20 21:32:07,1307,XAUUSD,sell,out,0.02,2619.62,1308,-0.07,0.00,0.22,2 685.91,sl 2619.62
2024.09.20 21:54:34,1308,XAUUSD,buy,in,0.02,2620.91,1309,-0.07,0.00,0.00,2 685.84,
2024.09.20 21:55:06,1309,XAUUSD,sell,out,0.02,2621.09,1310,-0.07,0.00,0.36,2 686.13,sl 2621.11
2024.09.20 22:18:44,1310,XAUUSD,buy,in,0.02,2622.90,1311,-0.07,0.00,0.00,2 686.06,
2024.09.20 22:32:15,1311,XAUUSD,sell,out,0.02,2622.94,1312,-0.07,0.00,0.08,2 686.07,sl 2622.94
2024.09.20 22:42:44,1312,XAUUSD,buy,in,0.02,2621.88,1313,-0.07,0.00,0.00,2 686.00,
2024.09.20 22:47:11,1313,XAUUSD,sell,out,0.02,2622.22,1314,-0.07,0.00,0.68,2 686.61,sl 2622.23
2024.09.20 23:06:52,1314,XAUUSD,buy,in,0.02,2621.05,1315,-0.07,0.00,0.00,2 686.54,
2024.09.20 23:44:43,1315,XAUUSD,sell,out,0.02,2621.13,1316,-0.07,0.00,0.16,2 686.63,sl 2621.13
2024.09.20 23:44:48,1316,XAUUSD,buy,in,0.02,2621.27,1317,-0.07,0.00,0.00,2 686.56,
2024.09.20 23:53:06,1317,XAUUSD,sell,out,0.02,2621.78,1318,-0.07,0.00,1.02,2 687.51,sl 2621.84
2024.09.23 01:03:00,1318,XAUUSD,buy,in,0.02,2620.31,1319,-0.07,0.00,0.00,2 687.44,
2024.09.23 01:04:56,1319,XAUUSD,sell,out,0.02,2621.07,1320,-0.07,0.00,1.52,2 688.89,sl 2621.14
2024.09.23 01:28:05,1320,XAUUSD,buy,in,0.02,2620.24,1321,-0.07,0.00,0.00,2 688.82,
2024.09.23 01:36:11,1321,XAUUSD,sell,out,0.02,2620.66,1322,-0.07,0.00,0.84,2 689.59,sl 2620.67
2024.09.23 01:52:13,1322,XAUUSD,buy,in,0.02,2620.98,1323,-0.07,0.00,0.00,2 689.52,
2024.09.23 02:19:48,1323,XAUUSD,sell,out,0.02,2621.01,1324,-0.07,0.00,0.06,2 689.51,sl 2621.02
2024.09.23 02:19:50,1324,XAUUSD,buy,in,0.02,2621.09,1325,-0.07,0.00,0.00,2 689.44,
2024.09.23 03:57:53,1325,XAUUSD,sell,in,0.18,2618.78,1326,-0.63,0.00,0.00,2 688.81,
2024.09.23 04:00:17,1326,XAUUSD,buy,out,0.18,2618.20,1327,-0.63,0.00,10.44,2 698.62,sl 2618.19
2024.09.23 05:36:55,1327,XAUUSD,sell,out,0.02,2625.05,1328,-0.07,0.00,7.92,2 706.47,sl 2625.05
2024.09.30 21:26:47,1328,XAUUSD,sell,in,0.02,2625.52,1329,-0.07,0.00,0.00,2 706.40,
2024.09.30 21:27:07,1329,XAUUSD,buy,out,0.02,2625.49,1330,-0.07,0.00,0.06,2 706.39,sl 2625.47
2024.10.08 18:01:23,1330,XAUUSD,sell,in,0.02,2618.26,1331,-0.07,0.00,0.00,2 706.32,
2024.10.08 18:01:53,1331,XAUUSD,buy,out,0.02,2618.01,1332,-0.07,0.00,0.50,2 706.75,sl 2618.01
2024.10.08 18:25:31,1332,XAUUSD,sell,in,0.02,2612.02,1333,-0.07,0.00,0.00,2 706.68,
2024.10.08 18:27:02,1333,XAUUSD,buy,out,0.02,2610.95,1334,-0.07,0.00,2.14,2 708.75,sl 2610.95
2024.10.08 18:49:32,1334,XAUUSD,sell,in,0.02,2610.76,1335,-0.07,0.00,0.00,2 708.68,
2024.10.08 19:44:26,1335,XAUUSD,buy,out,0.02,2610.75,1336,-0.07,0.00,0.02,2 708.63,sl 2610.75
2024.10.08 19:44:33,1336,XAUUSD,sell,in,0.02,2610.74,1337,-0.07,0.00,0.00,2 708.56,
2024.10.08 19:46:16,1337,XAUUSD,buy,out,0.02,2610.72,1338,-0.07,0.00,0.04,2 708.53,sl 2610.71
2024.10.08 20:08:42,1338,XAUUSD,sell,in,0.02,2609.78,1339,-0.07,0.00,0.00,2 708.46,
2024.10.08 20:09:21,1339,XAUUSD,buy,out,0.02,2609.75,1340,-0.07,0.00,0.06,2 708.45,sl 2609.75
2024.10.08 20:32:45,1340,XAUUSD,sell,in,0.02,2616.38,1341,-0.07,0.00,0.00,2 708.38,
2024.10.08 20:38:29,1341,XAUUSD,buy,out,0.02,2615.71,1342,-0.07,0.00,1.34,2 709.65,sl 2615.70
2024.10.08 20:56:45,1342,XAUUSD,sell,in,0.02,2614.40,1343,-0.07,0.00,0.00,2 709.58,
2024.10.08 22:34:52,1343,XAUUSD,buy,in,0.18,2617.08,1344,-0.63,0.00,0.00,2 708.95,
2024.10.08 22:41:20,1344,XAUUSD,sell,out,0.18,2617.67,1345,-0.63,0.00,10.62,2 718.94,sl 2617.68
2024.10.09 09:22:00,1345,XAUUSD,buy,out,0.02,2614.29,1346,-0.07,0.81,0.22,2 719.90,sl 2614.28
2024.10.11 18:30:17,1346,XAUUSD,buy,in,0.02,2658.54,1347,-0.07,0.00,0.00,2 719.83,
2024.10.11 18:43:34,1347,XAUUSD,sell,out,0.02,2658.62,1348,-0.07,0.00,0.16,2 719.92,sl 2658.62
2024.10.11 18:59:57,1348,XAUUSD,buy,in,0.02,2658.80,1349,-0.07,0.00,0.00,2 719.85,
2024.10.11 19:08:02,1349,XAUUSD,sell,out,0.02,2659.49,1350,-0.07,0.00,1.38,2 721.16,sl 2659.50
2024.10.11 19:23:58,1350,XAUUSD,buy,in,0.02,2659.94,1351,-0.07,0.00,0.00,2 721.09,
2024.10.11 19:29:29,1351,XAUUSD,sell,out,0.02,2660.92,1352,-0.07,0.00,1.96,2 722.98,sl 2660.93
2024.10.11 19:50:17,1352,XAUUSD,buy,in,0.02,2659.70,1353,-0.07,0.00,0.00,2 722.91,
2024.10.11 20:00:47,1353,XAUUSD,sell,out,0.02,2660.48,1354,-0.07,0.00,1.56,2 724.40,sl 2660.48
2024.10.18 04:35:34,1354,XAUUSD,buy,in,0.02,2704.60,1355,-0.07,0.00,0.00,2 724.33,
2024.10.18 04:43:53,1355,XAUUSD,sell,out,0.02,2704.62,1356,-0.07,0.00,0.04,2 724.30,sl 2704.62
2024.10.18 04:59:39,1356,XAUUSD,buy,in,0.02,2704.29,1357,-0.07,0.00,0.00,2 724.23,
2024.10.18 05:03:06,1357,XAUUSD,sell,out,0.02,2706.51,1358,-0.07,0.00,4.44,2 728.60,sl 2706.51
2024.10.18 05:23:40,1358,XAUUSD,buy,in,0.02,2708.01,1359,-0.07,0.00,0.00,2 728.53,
2024.10.18 05:25:54,1359,XAUUSD,sell,out,0.02,2709.42,1360,-0.07,0.00,2.82,2 731.28,sl 2709.44
2024.10.18 05:47:44,1360,XAUUSD,buy,in,0.02,2709.32,1361,-0.07,0.00,0.00,2 731.21,
2024.10.18 06:04:58,1361,XAUUSD,sell,out,0.02,2709.63,1362,-0.07,0.00,0.62,2 731.76,sl 2709.64
2024.10.18 06:11:49,1362,XAUUSD,buy,in,0.02,2707.82,1363,-0.07,0.00,0.00,2 731.69,
2024.10.18 06:17:32,1363,XAUUSD,sell,out,0.02,2708.43,1364,-0.07,0.00,1.22,2 732.84,sl 2708.43
2024.10.18 06:35:49,1364,XAUUSD,buy,in,0.02,2708.59,1365,-0.07,0.00,0.00,2 732.77,
2024.10.18 06:48:20,1365,XAUUSD,sell,out,0.02,2709.18,1366,-0.07,0.00,1.18,2 733.88,sl 2709.21
2024.10.18 06:59:49,1366,XAUUSD,buy,in,0.02,2710.02,1367,-0.07,0.00,0.00,2 733.81,
2024.10.18 07:03:23,1367,XAUUSD,sell,out,0.02,2710.36,1368,-0.07,0.00,0.68,2 734.42,sl 2710.37
2024.10.18 07:24:03,1368,XAUUSD,buy,in,0.02,2709.87,1369,-0.07,0.00,0.00,2 734.35,
2024.10.18 07:43:29,1369,XAUUSD,sell,out,0.02,2710.05,1370,-0.07,0.00,0.36,2 734.64,sl 2710.06
2024.10.18 07:48:11,1370,XAUUSD,buy,in,0.02,2709.21,1371,-0.07,0.00,0.00,2 734.57,
2024.10.18 08:02:12,1371,XAUUSD,sell,out,0.02,2710.30,1372,-0.07,0.00,2.18,2 736.68,sl 2710.31
2024.10.18 08:12:18,1372,XAUUSD,buy,in,0.02,2711.78,1373,-0.07,0.00,0.00,2 736.61,
2024.10.18 08:35:04,1373,XAUUSD,sell,out,0.02,2711.84,1374,-0.07,0.00,0.12,2 736.66,sl 2711.84
2024.10.18 08:36:28,1374,XAUUSD,buy,in,0.02,2712.52,1375,-0.07,0.00,0.00,2 736.59,
2024.10.18 08:38:44,1375,XAUUSD,sell,out,0.02,2712.87,1376,-0.07,0.00,0.70,2 737.22,sl 2712.89
2024.10.18 09:00:30,1376,XAUUSD,buy,in,0.02,2711.41,1377,-0.07,0.00,0.00,2 737.15,
2024.10.18 10:38:38,1377,XAUUSD,sell,in,0.18,2704.27,1378,-0.63,0.00,0.00,2 736.52,
2024.10.18 10:40:43,1378,XAUUSD,buy,out,0.18,2704.00,1379,-0.63,0.00,4.86,2 740.75,sl 2704.00
2024.10.18 12:26:01,1379,XAUUSD,sell,out,0.02,2711.87,1380,-0.07,0.00,0.92,2 741.60,sl 2711.87
2024.10.29 17:18:12,1380,XAUUSD,buy,in,0.02,2769.75,1381,-0.07,0.00,0.00,2 741.53,
2024.10.29 17:19:00,1381,XAUUSD,sell,out,0.02,2769.79,1382,-0.07,0.00,0.08,2 741.54,sl 2769.79
2024.10.29 17:42:13,1382,XAUUSD,buy,in,0.02,2770.44,1383,-0.07,0.00,0.00,2 741.47,
2024.10.29 19:20:23,1383,XAUUSD,sell,in,0.18,2768.61,1384,-0.63,0.00,0.00,2 740.84,
2024.10.29 19:30:38,1384,XAUUSD,buy,out,0.18,2768.62,1385,-0.63,0.00,-0.18,2 740.03,sl 2768.59
2024.10.29 20:04:05,1385,XAUUSD,sell,out,0.02,2771.94,1386,-0.07,0.00,3.00,2 742.96,sl 2771.94
2024.10.31 17:39:39,1386,XAUUSD,sell,in,0.02,2743.54,1387,-0.07,0.00,0.00,2 742.89,
2024.10.31 17:40:03,1387,XAUUSD,buy,out,0.02,2743.29,1388,-0.07,0.00,0.50,2 743.32,sl 2743.29
2024.10.31 18:03:46,1388,XAUUSD,sell,in,0.02,2735.13,1389,-0.07,0.00,0.00,2 743.25,
2024.10.31 18:04:57,1389,XAUUSD,buy,out,0.02,2734.02,1390,-0.07,0.00,2.22,2 745.40,sl 2733.96
2024.10.31 18:27:49,1390,XAUUSD,sell,in,0.02,2737.32,1391,-0.07,0.00,0.00,2 745.33,
2024.10.31 18:32:08,1391,XAUUSD,buy,out,0.02,2737.29,1392,-0.07,0.00,0.06,2 745.32,sl 2737.29
2024.10.31 18:51:55,1392,XAUUSD,sell,in,0.02,2736.34,1393,-0.07,0.00,0.00,2 745.25,
2024.10.31 18:54:15,1393,XAUUSD,buy,out,0.02,2736.07,1394,-0.07,0.00,0.54,2 745.72,sl 2736.06
2024.10.31 19:15:58,1394,XAUUSD,sell,in,0.02,2741.31,1395,-0.07,0.00,0.00,2 745.65,
2024.10.31 19:37:50,1395,XAUUSD,buy,out,0.02,2740.39,1396,-0.07,0.00,1.84,2 747.42,sl 2740.38
2024.10.31 19:40:04,1396,XAUUSD,sell,in,0.02,2740.01,1397,-0.07,0.00,0.00,2 747.35,
2024.10.31 19:41:24,1397,XAUUSD,buy,out,0.02,2740.00,1398,-0.07,0.00,0.02,2 747.30,sl 2740.00
2024.10.31 20:27:34,1398,XAUUSD,sell,in,0.02,2740.68,1399,-0.07,0.00,0.00,2 747.23,
2024.10.31 20:29:35,1399,XAUUSD,buy,out,0.02,2739.45,1400,-0.07,0.00,2.46,2 749.62,sl 2739.43
2024.10.31 20:51:37,1400,XAUUSD,sell,in,0.02,2738.70,1401,-0.07,0.00,0.00,2 749.55,
2024.10.31 22:29:42,1401,XAUUSD,buy,in,0.18,2748.20,1402,-0.63,0.00,0.00,2 748.92,
2024.10.31 22:31:44,1402,XAUUSD,sell,out,0.18,2748.65,1403,-0.63,0.00,8.10,2 756.39,sl 2748.66
2024.11.01 16:05:08,1403,XAUUSD,buy,out,0.02,2759.03,1404,-0.07,0.81,-40.66,2 716.47,
2024.11.06 08:32:42,1404,XAUUSD,sell,in,0.02,2715.80,1405,-0.07,0.00,0.00,2 716.40,
2024.11.06 08:33:22,1405,XAUUSD,buy,out,0.02,2714.27,1406,-0.07,0.00,3.06,2 719.39,sl 2714.25
2024.11.06 08:56:46,1406,XAUUSD,sell,in,0.02,2710.02,1407,-0.07,0.00,0.00,2 719.32,
2024.11.06 08:57:15,1407,XAUUSD,buy,out,0.02,2707.16,1408,-0.07,0.00,5.72,2 724.97,sl 2707.15
2024.11.06 13:29:04,1408,XAUUSD,sell,in,0.02,2711.50,1409,-0.07,0.00,0.00,2 724.90,
2024.11.06 13:30:18,1409,XAUUSD,buy,out,0.02,2711.46,1410,-0.07,0.00,0.08,2 724.91,sl 2711.43
2024.11.06 13:53:12,1410,XAUUSD,sell,in,0.02,2703.69,1411,-0.07,0.00,0.00,2 724.84,
2024.11.06 13:53:55,1411,XAUUSD,buy,out,0.02,2702.62,1412,-0.07,0.00,2.14,2 726.91,sl 2702.62
2024.11.06 14:17:17,1412,XAUUSD,sell,in,0.02,2706.96,1413,-0.07,0.00,0.00,2 726.84,
2024.11.06 14:22:01,1413,XAUUSD,buy,out,0.02,2704.28,1414,-0.07,0.00,5.36,2 732.13,sl 2704.21
2024.11.06 14:41:24,1414,XAUUSD,sell,in,0.02,2702.56,1415,-0.07,0.00,0.00,2 732.06,
2024.11.06 14:42:31,1415,XAUUSD,buy,out,0.02,2701.58,1416,-0.07,0.00,1.96,2 733.95,sl 2701.54
2024.11.06 15:05:28,1416,XAUUSD,sell,in,0.02,2687.45,1417,-0.07,0.00,0.00,2 733.88,
2024.11.06 15:05:59,1417,XAUUSD,buy,out,0.02,2685.85,1418,-0.07,0.00,3.20,2 737.01,sl 2685.85
2024.11.06 15:29:28,1418,XAUUSD,sell,in,0.02,2676.14,1419,-0.07,0.00,0.00,2 736.94,
2024.11.06 15:30:13,1419,XAUUSD,buy,out,0.02,2676.23,1420,-0.07,0.00,-0.18,2 736.69,sl 2676.13
2024.11.06 15:53:34,1420,XAUUSD,sell,in,0.02,2665.80,1421,-0.07,0.00,0.00,2 736.62,
2024.11.06 15:54:29,1421,XAUUSD,buy,out,0.02,2665.83,1422,-0.07,0.00,-0.06,2 736.49,sl 2665.78
2024.11.06 16:17:48,1422,XAUUSD,sell,in,0.02,2670.01,1423,-0.07,0.00,0.00,2 736.42,
2024.11.06 16:19:11,1423,XAUUSD,buy,out,0.02,2666.64,1424,-0.07,0.00,6.74,2 743.09,sl 2666.61
2024.11.06 16:41:53,1424,XAUUSD,sell,in,0.02,2659.05,1425,-0.07,0.00,0.00,2 743.02,
2024.11.06 16:42:27,1425,XAUUSD,buy,out,0.02,2659.04,1426,-0.07,0.00,0.02,2 742.97,sl 2659.02
2024.11.06 17:05:56,1426,XAUUSD,sell,in,0.02,2658.40,1427,-0.07,0.00,0.00,2 742.90,
2024.11.06 17:07:24,1427,XAUUSD,buy,out,0.02,2658.13,1428,-0.07,0.00,0.54,2 743.37,sl 2658.11
2024.11.06 17:29:56,1428,XAUUSD,sell,in,0.02,2668.47,1429,-0.07,0.00,0.00,2 743.30,
2024.11.06 17:30:05,1429,XAUUSD,buy,out,0.02,2668.48,1430,-0.07,0.00,-0.02,2 743.21,sl 2668.43
2024.11.06 17:53:57,1430,XAUUSD,sell,in,0.02,2673.48,1431,-0.07,0.00,0.00,2 743.14,
2024.11.06 18:06:30,1431,XAUUSD,buy,out,0.02,2672.12,1432,-0.07,0.00,2.72,2 745.79,sl 2672.12
2024.11.06 18:17:58,1432,XAUUSD,sell,in,0.02,2665.50,1433,-0.07,0.00,0.00,2 745.72,
2024.11.06 18:21:01,1433,XAUUSD,buy,out,0.02,2663.77,1434,-0.07,0.00,3.46,2 749.11,sl 2663.77
2024.11.06 18:42:04,1434,XAUUSD,sell,in,0.02,2666.24,1435,-0.07,0.00,0.00,2 749.04,
2024.11.06 18:42:33,1435,XAUUSD,buy,out,0.02,2666.08,1436,-0.07,0.00,0.32,2 749.29,sl 2666.08
2024.11.06 19:06:09,1436,XAUUSD,sell,in,0.02,2666.57,1437,-0.07,0.00,0.00,2 749.22,
2024.11.06 19:32:22,1437,XAUUSD,buy,out,0.02,2665.99,1438,-0.07,0.00,1.16,2 750.31,sl 2665.99
2024.11.06 19:32:25,1438,XAUUSD,sell,in,0.02,2666.03,1439,-0.07,0.00,0.00,2 750.24,
2024.11.06 19:44:02,1439,XAUUSD,buy,out,0.02,2665.61,1440,-0.07,0.00,0.84,2 751.01,sl 2665.61
2024.11.06 19:56:29,1440,XAUUSD,sell,in,0.02,2662.33,1441,-0.07,0.00,0.00,2 750.94,
2024.11.06 21:34:33,1441,XAUUSD,buy,in,0.18,2667.70,1442,-0.63,0.00,0.00,2 750.31,
2024.11.06 22:32:05,1442,XAUUSD,buy,out,0.02,2661.97,1443,-0.07,0.00,0.72,2 750.96,sl 2661.95
2024.11.07 12:40:15,1443,XAUUSD,sell,out,0.18,2667.73,1444,-0.63,-30.82,0.54,2 720.05,sl 2667.73
2024.11.11 13:03:25,1444,XAUUSD,sell,in,0.02,2659.48,1445,-0.07,0.00,0.00,2 719.98,
2024.11.11 14:35:08,1445,XAUUSD,buy,out,0.02,2658.40,1446,-0.07,0.00,2.16,2 722.07,
2024.11.11 14:35:13,1446,XAUUSD,sell,in,0.02,2658.50,1447,-0.07,0.00,0.00,2 722.00,
2024.11.11 14:53:34,1447,XAUUSD,buy,out,0.02,2658.52,1448,-0.07,0.00,-0.04,2 721.89,sl 2658.49
2024.11.11 14:59:14,1448,XAUUSD,sell,in,0.02,2657.55,1449,-0.07,0.00,0.00,2 721.82,
2024.11.11 14:59:59,1449,XAUUSD,buy,out,0.02,2657.32,1450,-0.07,0.00,0.46,2 722.21,sl 2657.31
2024.11.11 15:23:32,1450,XAUUSD,sell,in,0.02,2657.52,1451,-0.07,0.00,0.00,2 722.14,
2024.11.11 15:24:03,1451,XAUUSD,buy,out,0.02,2657.52,1452,-0.07,0.00,0.00,2 722.07,sl 2657.49
2024.11.11 15:47:49,1452,XAUUSD,sell,in,0.02,2640.13,1453,-0.07,0.00,0.00,2 722.00,
2024.11.11 15:49:25,1453,XAUUSD,buy,out,0.02,2637.83,1454,-0.07,0.00,4.60,2 726.53,sl 2637.83
2024.11.11 16:12:03,1454,XAUUSD,sell,in,0.02,2630.30,1455,-0.07,0.00,0.00,2 726.46,
2024.11.11 16:25:15,1455,XAUUSD,buy,out,0.02,2630.29,1456,-0.07,0.00,0.02,2 726.41,sl 2630.29
2024.11.11 16:36:10,1456,XAUUSD,sell,in,0.02,2623.52,1457,-0.07,0.00,0.00,2 726.34,
2024.11.11 16:36:59,1457,XAUUSD,buy,out,0.02,2623.04,1458,-0.07,0.00,0.96,2 727.23,sl 2623.04
2024.11.11 17:00:22,1458,XAUUSD,sell,in,0.02,2623.71,1459,-0.07,0.00,0.00,2 727.16,
2024.11.11 17:00:41,1459,XAUUSD,buy,out,0.02,2623.70,1460,-0.07,0.00,0.02,2 727.11,sl 2623.65
2024.11.11 17:24:27,1460,XAUUSD,sell,in,0.02,2620.61,1461,-0.07,0.00,0.00,2 727.04,
2024.11.11 17:25:41,1461,XAUUSD,buy,out,0.02,2620.24,1462,-0.07,0.00,0.74,2 727.71,sl 2620.22
2024.11.11 17:48:33,1462,XAUUSD,sell,in,0.02,2617.15,1463,-0.07,0.00,0.00,2 727.64,
2024.11.11 17:50:46,1463,XAUUSD,buy,out,0.02,2615.70,1464,-0.07,0.00,2.90,2 730.47,sl 2615.70
2024.11.11 18:12:40,1464,XAUUSD,sell,in,0.02,2613.50,1465,-0.07,0.00,0.00,2 730.40,
2024.11.11 19:23:24,1465,XAUUSD,buy,out,0.02,2613.49,1466,-0.07,0.00,0.02,2 730.35,sl 2613.48
2024.11.11 19:23:27,1466,XAUUSD,sell,in,0.02,2613.51,1467,-0.07,0.00,0.00,2 730.28,
2024.11.11 19:29:05,1467,XAUUSD,buy,out,0.02,2612.45,1468,-0.07,0.00,2.12,2 732.33,sl 2612.45
2024.11.11 19:47:44,1468,XAUUSD,sell,in,0.02,2613.79,1469,-0.07,0.00,0.00,2 732.26,
2024.11.11 19:51:47,1469,XAUUSD,buy,out,0.02,2613.45,1470,-0.07,0.00,0.68,2 732.87,sl 2613.45
2024.11.11 20:11:54,1470,XAUUSD,sell,in,0.02,2613.03,1471,-0.07,0.00,0.00,2 732.80,
2024.11.11 20:20:37,1471,XAUUSD,buy,out,0.02,2611.94,1472,-0.07,0.00,2.18,2 734.91,sl 2611.94
2024.11.11 20:35:55,1472,XAUUSD,sell,in,0.02,2613.35,1473,-0.07,0.00,0.00,2 734.84,
2024.11.11 22:14:04,1473,XAUUSD,buy,in,0.18,2622.06,1474,-0.63,0.00,0.00,2 734.21,
2024.11.11 22:21:38,1474,XAUUSD,sell,out,0.18,2622.57,1475,-0.63,0.00,9.18,2 742.76,sl 2622.60
2024.11.12 07:24:13,1475,XAUUSD,buy,out,0.02,2613.11,1476,-0.07,0.81,0.48,2 743.98,sl 2613.08
2024.11.18 16:38:34,1476,XAUUSD,buy,in,0.02,2609.39,1477,-0.07,0.00,0.00,2 743.91,
2024.11.18 16:40:05,1477,XAUUSD,sell,out,0.02,2609.46,1478,-0.07,0.00,0.14,2 743.98,sl 2609.47
2024.11.18 17:18:33,1478,XAUUSD,buy,in,0.02,2610.29,1479,-0.07,0.00,0.00,2 743.91,
2024.11.18 17:20:37,1479,XAUUSD,sell,out,0.02,2610.52,1480,-0.07,0.00,0.46,2 744.30,sl 2610.53
2024.11.18 17:42:43,1480,XAUUSD,buy,in,0.02,2611.08,1481,-0.07,0.00,0.00,2 744.23,
2024.11.18 17:55:37,1481,XAUUSD,sell,out,0.02,2611.12,1482,-0.07,0.00,0.08,2 744.24,sl 2611.12
2024.11.18 18:06:45,1482,XAUUSD,buy,in,0.02,2613.83,1483,-0.07,0.00,0.00,2 744.17,
2024.11.18 18:09:18,1483,XAUUSD,sell,out,0.02,2614.05,1484,-0.07,0.00,0.44,2 744.54,sl 2614.08
2024.11.18 18:30:51,1484,XAUUSD,buy,in,0.02,2611.27,1485,-0.07,0.00,0.00,2 744.47,
2024.11.18 18:54:37,1485,XAUUSD,sell,out,0.02,2611.41,1486,-0.07,0.00,0.28,2 744.68,sl 2611.43
2024.11.18 18:54:59,1486,XAUUSD,buy,in,0.02,2611.51,1487,-0.07,0.00,0.00,2 744.61,
2024.11.18 18:57:04,1487,XAUUSD,sell,out,0.02,2611.87,1488,-0.07,0.00,0.72,2 745.26,sl 2611.88
2024.11.19 03:12:51,1488,XAUUSD,buy,in,0.02,2617.40,1489,-0.07,0.00,0.00,2 745.19,
2024.11.19 04:10:28,1489,XAUUSD,sell,out,0.02,2617.58,1490,-0.07,0.00,0.36,2 745.48,sl 2617.58
2024.11.19 04:11:11,1490,XAUUSD,buy,in,0.02,2618.49,1491,-0.07,0.00,0.00,2 745.41,
2024.11.19 04:15:48,1491,XAUUSD,sell,out,0.02,2618.57,1492,-0.07,0.00,0.16,2 745.50,sl 2618.59
2024.11.19 04:35:13,1492,XAUUSD,buy,in,0.02,2620.92,1493,-0.07,0.00,0.00,2 745.43,
2024.11.19 04:39:02,1493,XAUUSD,sell,out,0.02,2622.11,1494,-0.07,0.00,2.38,2 747.74,sl 2622.12
2024.11.19 04:59:29,1494,XAUUSD,buy,in,0.02,2622.64,1495,-0.07,0.00,0.00,2 747.67,
2024.11.19 05:02:39,1495,XAUUSD,sell,out,0.02,2623.00,1496,-0.07,0.00,0.72,2 748.32,sl 2623.01
2024.11.19 05:23:30,1496,XAUUSD,buy,in,0.02,2624.69,1497,-0.07,0.00,0.00,2 748.25,
2024.11.19 06:49:45,1497,XAUUSD,sell,out,0.02,2624.74,1498,-0.07,0.00,0.10,2 748.28,sl 2624.75
2024.11.19 06:49:48,1498,XAUUSD,buy,in,0.02,2624.67,1499,-0.07,0.00,0.00,2 748.21,
2024.11.19 08:27:50,1499,XAUUSD,sell,in,0.18,2622.65,1500,-0.63,0.00,0.00,2 747.58,
2024.11.19 08:29:19,1500,XAUUSD,buy,out,0.18,2622.51,1501,-0.63,0.00,2.52,2 749.47,sl 2622.49
2024.11.19 08:52:47,1501,XAUUSD,sell,out,0.02,2625.02,1502,-0.07,0.00,0.70,2 750.10,sl 2625.02
2024.11.25 16:20:29,1502,XAUUSD,sell,in,0.02,2645.50,1503,-0.07,0.00,0.00,2 750.03,
2024.11.25 16:20:46,1503,XAUUSD,buy,out,0.02,2645.51,1504,-0.07,0.00,-0.02,2 749.94,sl 2645.49
2024.11.25 16:44:34,1504,XAUUSD,sell,in,0.02,2635.34,1505,-0.07,0.00,0.00,2 749.87,
2024.11.25 16:44:56,1505,XAUUSD,buy,out,0.02,2634.41,1506,-0.07,0.00,1.86,2 751.66,sl 2634.38
2024.11.25 17:08:41,1506,XAUUSD,sell,in,0.02,2634.10,1507,-0.07,0.00,0.00,2 751.59,
2024.11.25 17:10:56,1507,XAUUSD,buy,out,0.02,2631.71,1508,-0.07,0.00,4.78,2 756.30,sl 2631.71
2024.11.25 17:32:42,1508,XAUUSD,sell,in,0.02,2635.50,1509,-0.07,0.00,0.00,2 756.23,
2024.11.25 17:33:25,1509,XAUUSD,buy,out,0.02,2635.19,1510,-0.07,0.00,0.62,2 756.78,sl 2635.17
2024.11.25 17:56:50,1510,XAUUSD,sell,in,0.02,2628.82,1511,-0.07,0.00,0.00,2 756.71,
2024.11.25 17:57:50,1511,XAUUSD,buy,out,0.02,2627.06,1512,-0.07,0.00,3.52,2 760.16,sl 2627.06
2024.11.25 18:20:52,1512,XAUUSD,sell,in,0.02,2632.69,1513,-0.07,0.00,0.00,2 760.09,
2024.11.25 18:21:36,1513,XAUUSD,buy,out,0.02,2632.61,1514,-0.07,0.00,0.16,2 760.18,sl 2632.52
2024.11.25 18:44:54,1514,XAUUSD,sell,in,0.02,2634.91,1515,-0.07,0.00,0.00,2 760.11,
2024.11.25 18:45:37,1515,XAUUSD,buy,out,0.02,2634.75,1516,-0.07,0.00,0.32,2 760.36,sl 2634.74
2024.11.25 19:08:55,1516,XAUUSD,sell,in,0.02,2633.67,1517,-0.07,0.00,0.00,2 760.29,
2024.11.25 19:10:42,1517,XAUUSD,buy,out,0.02,2632.22,1518,-0.07,0.00,2.90,2 763.12,sl 2632.21
2024.11.25 19:32:54,1518,XAUUSD,sell,in,0.02,2626.32,1519,-0.07,0.00,0.00,2 763.05,
2024.11.25 20:10:27,1519,XAUUSD,buy,out,0.02,2624.34,1520,-0.07,0.00,3.96,2 766.94,sl 2624.34
2024.11.25 20:10:35,1520,XAUUSD,sell,in,0.02,2624.47,1521,-0.07,0.00,0.00,2 766.87,
2024.11.25 20:15:04,1521,XAUUSD,buy,out,0.02,2623.84,1522,-0.07,0.00,1.26,2 768.06,sl 2623.84
2024.11.25 20:34:37,1522,XAUUSD,sell,in,0.02,2621.12,1523,-0.07,0.00,0.00,2 767.99,
2024.11.25 20:36:31,1523,XAUUSD,buy,out,0.02,2620.42,1524,-0.07,0.00,1.40,2 769.32,sl 2620.35
2024.11.25 20:58:45,1524,XAUUSD,sell,in,0.02,2619.14,1525,-0.07,0.00,0.00,2 769.25,
2024.11.25 21:00:45,1525,XAUUSD,buy,out,0.02,2619.10,1526,-0.07,0.00,0.08,2 769.26,sl 2619.08
2024.11.25 21:22:57,1526,XAUUSD,sell,in,0.02,2622.99,1527,-0.07,0.00,0.00,2 769.19,
2024.11.25 21:26:22,1527,XAUUSD,buy,out,0.02,2622.56,1528,-0.07,0.00,0.86,2 769.98,sl 2622.56
2024.11.25 21:46:58,1528,XAUUSD,sell,in,0.02,2625.68,1529,-0.07,0.00,0.00,2 769.91,
2024.11.25 21:50:42,1529,XAUUSD,buy,out,0.02,2624.90,1530,-0.07,0.00,1.56,2 771.40,sl 2624.87
2024.11.25 22:11:00,1530,XAUUSD,sell,in,0.02,2625.47,1531,-0.07,0.00,0.00,2 771.33,
2024.11.25 23:49:05,1531,XAUUSD,buy,in,0.18,2625.80,1532,-0.63,0.00,0.00,2 770.70,
2024.11.26 01:03:45,1532,XAUUSD,sell,out,0.18,2626.62,1533,-0.63,-10.27,14.76,2 774.56,sl 2626.68
2024.11.26 01:35:16,1533,XAUUSD,buy,out,0.02,2624.01,1534,-0.07,0.81,2.92,2 778.22,sl 2623.98
2024.12.06 03:10:39,1534,XAUUSD,sell,in,0.02,2614.02,1535,-0.07,0.00,0.00,2 778.15,
2024.12.06 04:48:52,1535,XAUUSD,buy,in,0.18,2624.25,1536,-0.63,0.00,0.00,2 777.52,
2024.12.06 04:53:09,1536,XAUUSD,sell,out,0.18,2624.27,1537,-0.63,0.00,0.36,2 777.25,sl 2624.27
2024.12.06 05:52:27,1537,XAUUSD,buy,out,0.02,2641.49,1538,-0.07,0.00,-54.94,2 722.24,
2024.12.09 16:32:12,1538,XAUUSD,buy,in,0.02,2670.73,1539,-0.07,0.00,0.00,2 722.17,
2024.12.09 16:43:11,1539,XAUUSD,sell,out,0.02,2671.23,1540,-0.07,0.00,1.00,2 723.10,sl 2671.23
2024.12.09 16:56:12,1540,XAUUSD,buy,in,0.02,2673.27,1541,-0.07,0.00,0.00,2 723.03,
2024.12.09 16:58:34,1541,XAUUSD,sell,out,0.02,2674.59,1542,-0.07,0.00,2.64,2 725.60,sl 2674.59
2024.12.09 17:20:12,1542,XAUUSD,buy,in,0.02,2675.16,1543,-0.07,0.00,0.00,2 725.53,
2024.12.09 18:58:30,1543,XAUUSD,sell,in,0.18,2667.34,1544,-0.63,0.00,0.00,2 724.90,
2024.12.09 18:59:07,1544,XAUUSD,buy,out,0.18,2667.33,1545,-0.63,0.00,0.18,2 724.45,sl 2667.29
2024.12.10 12:50:59,1545,XAUUSD,sell,out,0.02,2675.30,1546,-0.07,-1.14,0.28,2 723.52,sl 2675.30
2024.12.13 15:51:55,1546,XAUUSD,sell,in,0.02,2660.07,1547,-0.07,0.00,0.00,2 723.45,
2024.12.13 16:18:03,1547,XAUUSD,buy,out,0.02,2660.08,1548,-0.07,0.00,-0.02,2 723.36,sl 2660.05
2024.12.13 16:25:33,1548,XAUUSD,sell,in,0.02,2659.34,1549,-0.07,0.00,0.00,2 723.29,
2024.12.13 16:36:44,1549,XAUUSD,buy,out,0.02,2658.29,1550,-0.07,0.00,2.10,2 725.32,sl 2658.24
2024.12.13 16:49:48,1550,XAUUSD,sell,in,0.02,2659.22,1551,-0.07,0.00,0.00,2 725.25,
2024.12.13 16:50:48,1551,XAUUSD,buy,out,0.02,2658.91,1552,-0.07,0.00,0.62,2 725.80,sl 2658.83
2024.12.13 17:13:50,1552,XAUUSD,sell,in,0.02,2657.79,1553,-0.07,0.00,0.00,2 725.73,
2024.12.13 17:24:26,1553,XAUUSD,buy,out,0.02,2656.03,1554,-0.07,0.00,3.52,2 729.18,sl 2655.95
2024.12.13 19:46:05,1554,XAUUSD,sell,in,0.02,2656.75,1555,-0.07,0.00,0.00,2 729.11,
2024.12.13 19:51:01,1555,XAUUSD,buy,out,0.02,2656.68,1556,-0.07,0.00,0.14,2 729.18,sl 2656.66
2024.12.13 20:10:05,1556,XAUUSD,sell,in,0.02,2655.67,1557,-0.07,0.00,0.00,2 729.11,
2024.12.13 20:19:03,1557,XAUUSD,buy,out,0.02,2655.26,1558,-0.07,0.00,0.82,2 729.86,sl 2655.21
2024.12.13 20:34:11,1558,XAUUSD,sell,in,0.02,2655.15,1559,-0.07,0.00,0.00,2 729.79,
2024.12.13 20:42:03,1559,XAUUSD,buy,out,0.02,2653.88,1560,-0.07,0.00,2.54,2 732.26,sl 2653.86
2024.12.13 20:58:19,1560,XAUUSD,sell,in,0.02,2653.76,1561,-0.07,0.00,0.00,2 732.19,
2024.12.13 21:30:47,1561,XAUUSD,buy,out,0.02,2652.98,1562,-0.07,0.00,1.56,2 733.68,sl 2652.97
2024.12.13 21:30:58,1562,XAUUSD,sell,in,0.02,2652.84,1563,-0.07,0.00,0.00,2 733.61,
2024.12.13 22:01:29,1563,XAUUSD,buy,out,0.02,2652.56,1564,-0.07,0.00,0.56,2 734.10,sl 2652.56
2024.12.13 22:01:45,1564,XAUUSD,sell,in,0.02,2652.00,1565,-0.07,0.00,0.00,2 734.03,
2024.12.13 22:12:06,1565,XAUUSD,buy,out,0.02,2651.66,1566,-0.07,0.00,0.68,2 734.64,sl 2651.66
2024.12.13 22:25:50,1566,XAUUSD,sell,in,0.02,2649.82,1567,-0.07,0.00,0.00,2 734.57,
2024.12.13 22:41:29,1567,XAUUSD,buy,out,0.02,2649.72,1568,-0.07,0.00,0.20,2 734.70,sl 2649.70
2024.12.13 22:49:52,1568,XAUUSD,sell,in,0.02,2649.69,1569,-0.07,0.00,0.00,2 734.63,
2024.12.13 22:57:33,1569,XAUUSD,buy,out,0.02,2648.69,1570,-0.07,0.00,2.00,2 736.56,sl 2648.67
2024.12.13 23:13:55,1570,XAUUSD,sell,in,0.02,2647.83,1571,-0.07,0.00,0.00,2 736.49,
2024.12.16 02:51:05,1571,XAUUSD,buy,out,0.02,2645.09,1572,-0.07,0.81,5.48,2 742.71,sl 2645.05
2025.01.02 17:34:26,1572,XAUUSD,buy,in,0.02,2652.92,1573,-0.07,0.00,0.00,2 742.64,
2025.01.02 17:38:27,1573,XAUUSD,sell,out,0.02,2653.09,1574,-0.07,0.00,0.34,2 742.91,sl 2653.12
2025.01.02 17:58:28,1574,XAUUSD,buy,in,0.02,2654.94,1575,-0.07,0.00,0.00,2 742.84,
2025.01.02 18:20:36,1575,XAUUSD,sell,out,0.02,2656.54,1576,-0.07,0.00,3.20,2 745.97,sl 2656.58
2025.01.02 18:22:32,1576,XAUUSD,buy,in,0.02,2656.79,1577,-0.07,0.00,0.00,2 745.90,
2025.01.02 18:23:36,1577,XAUUSD,sell,out,0.02,2656.86,1578,-0.07,0.00,0.14,2 745.97,sl 2656.86
2025.01.02 18:46:36,1578,XAUUSD,buy,in,0.02,2658.11,1579,-0.07,0.00,0.00,2 745.90,
2025.01.02 18:49:25,1579,XAUUSD,sell,out,0.02,2659.10,1580,-0.07,0.00,1.98,2 747.81,sl 2659.10
2025.01.02 19:10:39,1580,XAUUSD,buy,in,0.02,2658.40,1581,-0.07,0.00,0.00,2 747.74,
2025.01.02 19:12:56,1581,XAUUSD,sell,out,0.02,2658.72,1582,-0.07,0.00,0.64,2 748.31,sl 2658.77
2025.01.02 19:52:22,1582,XAUUSD,buy,in,0.02,2654.83,1583,-0.07,0.00,0.00,2 748.24,
2025.01.02 20:00:50,1583,XAUUSD,sell,out,0.02,2656.73,1584,-0.07,0.00,3.80,2 751.97,sl 2656.73
2025.01.02 20:16:25,1584,XAUUSD,buy,in,0.02,2657.15,1585,-0.07,0.00,0.00,2 751.90,
2025.01.02 20:18:44,1585,XAUUSD,sell,out,0.02,2657.57,1586,-0.07,0.00,0.84,2 752.67,sl 2657.57
2025.01.02 20:42:14,1586,XAUUSD,buy,in,0.02,2655.59,1587,-0.07,0.00,0.00,2 752.60,
2025.01.02 20:45:50,1587,XAUUSD,sell,out,0.02,2655.60,1588,-0.07,0.00,0.02,2 752.55,sl 2655.63
2025.01.02 21:36:00,1588,XAUUSD,buy,in,0.02,2656.41,1589,-0.07,0.00,0.00,2 752.48,
2025.01.02 21:39:08,1589,XAUUSD,sell,out,0.02,2656.58,1590,-0.07,0.00,0.34,2 752.75,sl 2656.59
2025.01.02 22:13:01,1590,XAUUSD,buy,in,0.02,2657.20,1591,-0.07,0.00,0.00,2 752.68,
2025.01.02 22:25:37,1591,XAUUSD,sell,out,0.02,2658.83,1592,-0.07,0.00,3.26,2 755.87,sl 2658.85
2025.01.02 22:37:20,1592,XAUUSD,buy,in,0.02,2659.26,1593,-0.07,0.00,0.00,2 755.80,
2025.01.02 22:44:35,1593,XAUUSD,sell,out,0.02,2659.40,1594,-0.07,0.00,0.28,2 756.01,sl 2659.45
2025.01.02 23:01:21,1594,XAUUSD,buy,in,0.02,2660.00,1595,-0.07,0.00,0.00,2 755.94,
2025.01.03 02:09:19,1595,XAUUSD,sell,out,0.02,2660.60,1596,-0.07,-1.14,1.20,2 755.93,sl 2660.60
2025.01.10 16:34:00,1596,XAUUSD,buy,in,0.02,2692.67,1597,-0.07,0.00,0.00,2 755.86,
2025.01.10 16:34:53,1597,XAUUSD,sell,out,0.02,2692.78,1598,-0.07,0.00,0.22,2 756.01,sl 2692.78
2025.01.10 17:23:30,1598,XAUUSD,buy,in,0.02,2693.50,1599,-0.07,0.00,0.00,2 755.94,
2025.01.10 17:26:06,1599,XAUUSD,sell,out,0.02,2694.10,1600,-0.07,0.00,1.20,2 757.07,sl 2694.19
2025.01.10 17:47:44,1600,XAUUSD,buy,in,0.02,2693.62,1601,-0.07,0.00,0.00,2 757.00,
2025.01.10 17:51:52,1601,XAUUSD,sell,out,0.02,2693.96,1602,-0.07,0.00,0.68,2 757.61,sl 2693.97
2025.01.10 18:46:15,1602,XAUUSD,buy,in,0.02,2694.42,1603,-0.07,0.00,0.00,2 757.54,
2025.01.10 18:51:14,1603,XAUUSD,sell,out,0.02,2694.49,1604,-0.07,0.00,0.14,2 757.61,sl 2694.51
2025.01.10 19:14:48,1604,XAUUSD,buy,in,0.02,2695.78,1605,-0.07,0.00,0.00,2 757.54,
2025.01.10 19:15:44,1605,XAUUSD,sell,out,0.02,2696.34,1606,-0.07,0.00,1.12,2 758.59,sl 2696.35
2025.01.10 19:38:48,1606,XAUUSD,buy,in,0.02,2697.26,1607,-0.07,0.00,0.00,2 758.52,
2025.01.10 21:16:49,1607,XAUUSD,sell,in,0.18,2686.29,1608,-0.63,0.00,0.00,2 757.89,
2025.01.10 21:47:38,1608,XAUUSD,buy,out,0.18,2685.64,1609,-0.63,0.00,11.70,2 768.96,sl 2685.62
2025.01.13 13:59:24,1609,XAUUSD,sell,out,0.02,2675.92,1610,-0.07,-1.14,-42.68,2 725.07,
2025.01.16 15:30:16,1610,XAUUSD,buy,in,0.02,2714.40,1611,-0.07,0.00,0.00,2 725.00,
2025.01.16 15:44:19,1611,XAUUSD,sell,out,0.02,2714.49,1612,-0.07,0.00,0.18,2 725.11,sl 2714.51
2025.01.16 15:54:24,1612,XAUUSD,buy,in,0.02,2717.92,1613,-0.07,0.00,0.00,2 725.04,
2025.01.16 16:53:36,1613,XAUUSD,sell,out,0.02,2717.94,1614,-0.07,0.00,0.04,2 725.01,sl 2717.94
2025.01.16 16:53:41,1614,XAUUSD,buy,in,0.02,2718.24,1615,-0.07,0.00,0.00,2 724.94,
2025.01.16 16:56:08,1615,XAUUSD,sell,out,0.02,2718.57,1616,-0.07,0.00,0.66,2 725.53,sl 2718.57
2025.01.16 17:19:18,1616,XAUUSD,buy,in,0.02,2715.75,1617,-0.07,0.00,0.00,2 725.46,
2025.01.16 17:20:08,1617,XAUUSD,sell,out,0.02,2716.40,1618,-0.07,0.00,1.30,2 726.69,sl 2716.41
2025.01.16 17:43:23,1618,XAUUSD,buy,in,0.02,2715.71,1619,-0.07,0.00,0.00,2 726.62,
2025.01.16 18:00:15,1619,XAUUSD,sell,out,0.02,2716.56,1620,-0.07,0.00,1.70,2 728.25,sl 2716.66
2025.01.16 18:07:28,1620,XAUUSD,buy,in,0.02,2717.62,1621,-0.07,0.00,0.00,2 728.18,
2025.01.16 18:08:22,1621,XAUUSD,sell,out,0.02,2718.22,1622,-0.07,0.00,1.20,2 729.31,sl 2718.23
2025.01.16 18:31:30,1622,XAUUSD,buy,in,0.02,2719.07,1623,-0.07,0.00,0.00,2 729.24,
2025.01.16 18:34:37,1623,XAUUSD,sell,out,0.02,2719.95,1624,-0.07,0.00,1.76,2 730.93,sl 2719.95
2025.01.16 18:55:38,1624,XAUUSD,buy,in,0.02,2721.79,1625,-0.07,0.00,0.00,2 730.86,
2025.01.16 19:05:53,1625,XAUUSD,sell,out,0.02,2721.86,1626,-0.07,0.00,0.14,2 730.93,sl 2721.89
2025.01.16 19:19:45,1626,XAUUSD,buy,in,0.02,2721.95,1627,-0.07,0.00,0.00,2 730.86,
2025.01.16 19:26:59,1627,XAUUSD,sell,out,0.02,2722.58,1628,-0.07,0.00,1.26,2 732.05,sl 2722.62
2025.01.16 19:43:51,1628,XAUUSD,buy,in,0.02,2723.62,1629,-0.07,0.00,0.00,2 731.98,
2025.01.16 21:22:00,1629,XAUUSD,sell,in,0.18,2716.46,1630,-0.63,0.00,0.00,2 731.35,
2025.01.16 21:25:21,1630,XAUUSD,buy,out,0.18,2715.70,1631,-0.63,0.00,13.68,2 744.40,sl 2715.63
2025.01.17 22:01:42,1631,XAUUSD,sell,out,0.02,2701.84,1632,-0.07,-1.14,-43.56,2 699.63,
2025.01.21 16:59:39,1632,XAUUSD,buy,in,0.02,2738.40,1633,-0.07,0.00,0.00,2 699.56,
2025.01.21 17:01:00,1633,XAUUSD,sell,out,0.02,2738.43,1634,-0.07,0.00,0.06,2 699.55,sl 2738.43
2025.01.21 17:54:00,1634,XAUUSD,buy,in,0.02,2739.66,1635,-0.07,0.00,0.00,2 699.48,
2025.01.21 17:54:44,1635,XAUUSD,sell,out,0.02,2739.68,1636,-0.07,0.00,0.04,2 699.45,sl 2739.69
2025.01.21 18:18:06,1636,XAUUSD,buy,in,0.02,2741.68,1637,-0.07,0.00,0.00,2 699.38,
2025.01.21 18:19:37,1637,XAUUSD,sell,out,0.02,2742.52,1638,-0.07,0.00,1.68,2 700.99,sl 2742.53
2025.01.21 18:42:07,1638,XAUUSD,buy,in,0.02,2740.64,1639,-0.07,0.00,0.00,2 700.92,
2025.01.21 18:48:26,1639,XAUUSD,sell,out,0.02,2742.87,1640,-0.07,0.00,4.46,2 705.31,sl 2742.92
2025.01.21 19:06:13,1640,XAUUSD,buy,in,0.02,2744.34,1641,-0.07,0.00,0.00,2 705.24,
2025.01.21 19:09:02,1641,XAUUSD,sell,out,0.02,2744.96,1642,-0.07,0.00,1.24,2 706.41,sl 2744.96
2025.01.21 19:30:15,1642,XAUUSD,buy,in,0.02,2744.56,1643,-0.07,0.00,0.00,2 706.34,
2025.01.21 20:39:32,1643,XAUUSD,sell,out,0.02,2745.13,1644,-0.07,0.00,1.14,2 707.41,sl 2745.13
2025.01.21 20:39:32,1644,XAUUSD,buy,in,0.02,2745.22,1645,-0.07,0.00,0.00,2 707.34,
2025.01.21 20:42:48,1645,XAUUSD,sell,out,0.02,2745.22,1646,-0.07,0.00,0.00,2 707.27,sl 2745.37
2025.01.21 21:03:39,1646,XAUUSD,buy,in,0.02,2743.80,1647,-0.07,0.00,0.00,2 707.20,
2025.01.21 21:09:20,1647,XAUUSD,sell,out,0.02,2745.04,1648,-0.07,0.00,2.48,2 709.61,sl 2745.04
2025.01.21 21:35:24,1648,XAUUSD,buy,in,0.02,2742.95,1649,-0.07,0.00,0.00,2 709.54,
2025.01.21 23:13:33,1649,XAUUSD,sell,in,0.18,2742.61,1650,-0.63,0.00,0.00,2 708.91,
2025.01.21 23:35:09,1650,XAUUSD,sell,out,0.02,2743.09,1651,-0.07,0.00,0.28,2 709.12,sl 2743.09
2025.01.22 01:16:47,1651,XAUUSD,buy,out,0.18,2742.59,1652,-0.63,7.26,0.36,2 716.11,sl 2742.58
2025.01.24 04:42:48,1652,XAUUSD,buy,in,0.02,2773.39,1653,-0.07,0.00,0.00,2 716.04,
2025.01.24 04:46:44,1653,XAUUSD,sell,out,0.02,2773.40,1654,-0.07,0.00,0.02,2 715.99,sl 2773.42
2025.01.24 05:06:54,1654,XAUUSD,buy,in,0.02,2776.47,1655,-0.07,0.00,0.00,2 715.92,
2025.01.24 06:44:56,1655,XAUUSD,sell,in,0.18,2772.07,1656,-0.63,0.00,0.00,2 715.29,
2025.01.24 08:08:29,1656,XAUUSD,sell,out,0.02,2776.83,1657,-0.07,0.00,0.72,2 715.94,sl 2776.83
2025.01.24 10:03:50,1657,XAUUSD,buy,out,0.18,2771.69,1658,-0.63,0.00,6.84,2 722.15,sl 2771.69
2025.01.30 16:55:26,1658,XAUUSD,buy,in,0.02,2788.67,1659,-0.07,0.00,0.00,2 722.08,
2025.01.30 17:05:26,1659,XAUUSD,sell,out,0.02,2788.69,1660,-0.07,0.00,0.04,2 722.05,sl 2788.80
2025.01.30 17:21:02,1660,XAUUSD,buy,in,0.02,2789.84,1661,-0.07,0.00,0.00,2 721.98,
2025.01.30 17:26:11,1661,XAUUSD,sell,out,0.02,2790.45,1662,-0.07,0.00,1.22,2 723.13,sl 2790.49
2025.01.30 17:45:08,1662,XAUUSD,buy,in,0.02,2791.69,1663,-0.07,0.00,0.00,2 723.06,
2025.01.30 17:48:02,1663,XAUUSD,sell,out,0.02,2792.59,1664,-0.07,0.00,1.80,2 724.79,sl 2792.69
2025.01.30 18:09:15,1664,XAUUSD,buy,in,0.02,2797.15,1665,-0.07,0.00,0.00,2 724.72,
2025.01.30 18:11:18,1665,XAUUSD,sell,out,0.02,2797.75,1666,-0.07,0.00,1.20,2 725.85,sl 2797.79
2025.01.30 18:33:23,1666,XAUUSD,buy,in,0.02,2793.05,1667,-0.07,0.00,0.00,2 725.78,
2025.01.30 18:34:03,1667,XAUUSD,sell,out,0.02,2793.09,1668,-0.07,0.00,0.08,2 725.79,sl 2793.09
2025.01.30 18:57:36,1668,XAUUSD,buy,in,0.02,2792.22,1669,-0.07,0.00,0.00,2 725.72,
2025.01.30 19:33:03,1669,XAUUSD,sell,out,0.02,2792.79,1670,-0.07,0.00,1.14,2 726.79,sl 2792.82
2025.01.30 19:33:13,1670,XAUUSD,buy,in,0.02,2793.02,1671,-0.07,0.00,0.00,2 726.72,
2025.01.30 19:35:10,1671,XAUUSD,sell,out,0.02,2793.22,1672,-0.07,0.00,0.40,2 727.05,sl 2793.23
2025.01.30 19:57:18,1672,XAUUSD,buy,in,0.02,2795.27,1673,-0.07,0.00,0.00,2 726.98,
2025.01.30 20:01:02,1673,XAUUSD,sell,out,0.02,2795.54,1674,-0.07,0.00,0.54,2 727.45,sl 2795.55
2025.01.30 20:21:22,1674,XAUUSD,buy,in,0.02,2795.22,1675,-0.07,0.00,0.00,2 727.38,
2025.01.30 20:24:54,1675,XAUUSD,sell,out,0.02,2796.44,1676,-0.07,0.00,2.44,2 729.75,sl 2796.46
2025.01.30 20:45:23,1676,XAUUSD,buy,in,0.02,2794.92,1677,-0.07,0.00,0.00,2 729.68,
2025.01.30 20:49:17,1677,XAUUSD,sell,out,0.02,2795.06,1678,-0.07,0.00,0.28,2 729.89,sl 2795.06
2025.01.30 21:09:31,1678,XAUUSD,buy,in,0.02,2793.42,1679,-0.07,0.00,0.00,2 729.82,
2025.01.30 21:15:47,1679,XAUUSD,sell,out,0.02,2793.78,1680,-0.07,0.00,0.72,2 730.47,sl 2793.78
2025.01.30 21:46:34,1680,XAUUSD,buy,in,0.02,2793.28,1681,-0.07,0.00,0.00,2 730.40,
2025.01.30 22:11:42,1681,XAUUSD,sell,out,0.02,2794.45,1682,-0.07,0.00,2.34,2 732.67,sl 2794.45
2025.01.30 22:11:49,1682,XAUUSD,buy,in,0.02,2794.37,1683,-0.07,0.00,0.00,2 732.60,
2025.01.30 22:25:05,1683,XAUUSD,sell,out,0.02,2794.56,1684,-0.07,0.00,0.38,2 732.91,sl 2794.61
2025.01.30 22:36:06,1684,XAUUSD,buy,in,0.02,2796.12,1685,-0.07,0.00,0.00,2 732.84,
2025.01.30 22:37:05,1685,XAUUSD,sell,out,0.02,2796.15,1686,-0.07,0.00,0.06,2 732.83,sl 2796.15
2025.01.30 23:00:05,1686,XAUUSD,buy,in,0.02,2795.44,1687,-0.07,0.00,0.00,2 732.76,
2025.01.30 23:02:23,1687,XAUUSD,sell,out,0.02,2796.82,1688,-0.07,0.00,2.76,2 735.45,sl 2796.82
2025.01.30 23:26:58,1688,XAUUSD,buy,in,0.02,2795.25,1689,-0.07,0.00,0.00,2 735.38,
2025.01.31 01:05:18,1689,XAUUSD,sell,in,0.18,2793.96,1690,-0.63,0.00,0.00,2 734.75,
2025.01.31 01:12:01,1690,XAUUSD,buy,out,0.18,2793.59,1691,-0.63,0.00,6.66,2 740.78,sl 2793.34
2025.01.31 01:16:25,1691,XAUUSD,sell,out,0.02,2795.29,1692,-0.07,-1.14,0.08,2 739.65,sl 2795.30
2025.02.03 16:19:28,1692,XAUUSD,buy,in,0.02,2815.51,1693,-0.07,0.00,0.00,2 739.58,
2025.02.03 16:32:35,1693,XAUUSD,sell,out,0.02,2815.49,1694,-0.07,0.00,-0.04,2 739.47,sl 2815.54
2025.02.03 16:43:35,1694,XAUUSD,buy,in,0.02,2818.38,1695,-0.07,0.00,0.00,2 739.40,
2025.02.03 16:44:18,1695,XAUUSD,sell,out,0.02,2818.63,1696,-0.07,0.00,0.50,2 739.83,sl 2818.65
2025.02.03 17:07:42,1696,XAUUSD,buy,in,0.02,2825.23,1697,-0.07,0.00,0.00,2 739.76,
2025.02.03 17:08:06,1697,XAUUSD,sell,out,0.02,2825.74,1698,-0.07,0.00,1.02,2 740.71,sl 2825.74
2025.02.03 17:31:46,1698,XAUUSD,buy,in,0.02,2819.62,1699,-0.07,0.00,0.00,2 740.64,
2025.02.03 17:31:58,1699,XAUUSD,sell,out,0.02,2819.58,1700,-0.07,0.00,-0.08,2 740.49,sl 2819.66
2025.02.03 17:55:53,1700,XAUUSD,buy,in,0.02,2817.82,1701,-0.07,0.00,0.00,2 740.42,
2025.02.03 17:56:42,1701,XAUUSD,sell,out,0.02,2818.07,1702,-0.07,0.00,0.50,2 740.85,sl 2818.16
2025.02.03 18:19:58,1702,XAUUSD,buy,in,0.02,2821.68,1703,-0.07,0.00,0.00,2 740.78,
2025.02.03 18:35:53,1703,XAUUSD,sell,out,0.02,2822.24,1704,-0.07,0.00,1.12,2 741.83,sl 2822.33
2025.02.03 18:43:58,1704,XAUUSD,buy,in,0.02,2821.50,1705,-0.07,0.00,0.00,2 741.76,
2025.02.03 18:44:49,1705,XAUUSD,sell,out,0.02,2822.01,1706,-0.07,0.00,1.02,2 742.71,sl 2822.04
2025.02.03 19:18:38,1706,XAUUSD,buy,in,0.02,2818.47,1707,-0.07,0.00,0.00,2 742.64,
2025.02.03 19:28:44,1707,XAUUSD,sell,out,0.02,2818.75,1708,-0.07,0.00,0.56,2 743.13,sl 2818.77
2025.02.03 19:42:37,1708,XAUUSD,buy,in,0.02,2818.68,1709,-0.07,0.00,0.00,2 743.06,
2025.02.03 19:44:02,1709,XAUUSD,sell,out,0.02,2819.04,1710,-0.07,0.00,0.72,2 743.71,sl 2819.06
2025.02.03 20:06:52,1710,XAUUSD,buy,in,0.02,2820.26,1711,-0.07,0.00,0.00,2 743.64,
2025.02.03 20:08:17,1711,XAUUSD,sell,out,0.02,2820.25,1712,-0.07,0.00,-0.02,2 743.55,sl 2820.30
2025.02.03 20:32:04,1712,XAUUSD,buy,in,0.02,2819.32,1713,-0.07,0.00,0.00,2 743.48,
2025.02.03 20:33:00,1713,XAUUSD,sell,out,0.02,2819.88,1714,-0.07,0.00,1.12,2 744.53,sl 2819.89
2025.02.03 20:56:06,1714,XAUUSD,buy,in,0.02,2820.23,1715,-0.07,0.00,0.00,2 744.46,
2025.02.03 21:00:00,1715,XAUUSD,sell,out,0.02,2820.85,1716,-0.07,0.00,1.24,2 745.63,sl 2820.86
2025.02.03 21:20:06,1716,XAUUSD,buy,in,0.02,2822.14,1717,-0.07,0.00,0.00,2 745.56,
2025.02.03 21:22:51,1717,XAUUSD,sell,out,0.02,2822.55,1718,-0.07,0.00,0.82,2 746.31,sl 2822.56
2025.02.04 03:43:41,1718,XAUUSD,buy,in,0.02,2823.48,1719,-0.07,0.00,0.00,2 746.24,
2025.02.04 03:50:02,1719,XAUUSD,sell,out,0.02,2823.68,1720,-0.07,0.00,0.40,2 746.57,sl 2823.68
2025.02.04 15:21:55,1720,XAUUSD,buy,in,0.02,2831.11,1721,-0.07,0.00,0.00,2 746.50,
2025.02.04 15:22:28,1721,XAUUSD,sell,out,0.02,2831.14,1722,-0.07,0.00,0.06,2 746.49,sl 2831.14
2025.02.04 15:46:01,1722,XAUUSD,buy,in,0.02,2834.40,1723,-0.07,0.00,0.00,2 746.42,
2025.02.04 15:47:34,1723,XAUUSD,sell,out,0.02,2834.52,1724,-0.07,0.00,0.24,2 746.59,sl 2834.55
2025.02.04 16:10:02,1724,XAUUSD,buy,in,0.02,2834.67,1725,-0.07,0.00,0.00,2 746.52,
2025.02.04 16:27:02,1725,XAUUSD,sell,out,0.02,2834.75,1726,-0.07,0.00,0.16,2 746.61,sl 2834.76
2025.02.04 16:34:04,1726,XAUUSD,buy,in,0.02,2839.88,1727,-0.07,0.00,0.00,2 746.54,
2025.02.04 16:40:55,1727,XAUUSD,sell,out,0.02,2840.30,1728,-0.07,0.00,0.84,2 747.31,sl 2840.38
2025.02.04 16:58:11,1728,XAUUSD,buy,in,0.02,2839.69,1729,-0.07,0.00,0.00,2 747.24,
2025.02.04 16:58:51,1729,XAUUSD,sell,out,0.02,2840.02,1730,-0.07,0.00,0.66,2 747.83,sl 2840.02
2025.02.04 17:22:16,1730,XAUUSD,buy,in,0.02,2841.18,1731,-0.07,0.00,0.00,2 747.76,
2025.02.04 17:26:00,1731,XAUUSD,sell,out,0.02,2842.94,1732,-0.07,0.00,3.52,2 751.21,sl 2842.94
2025.02.04 17:46:19,1732,XAUUSD,buy,in,0.02,2834.40,1733,-0.07,0.00,0.00,2 751.14,
2025.02.04 17:47:06,1733,XAUUSD,sell,out,0.02,2835.43,1734,-0.07,0.00,2.06,2 753.13,sl 2835.43
2025.02.04 18:10:35,1734,XAUUSD,buy,in,0.02,2837.03,1735,-0.07,0.00,0.00,2 753.06,
2025.02.04 18:12:49,1735,XAUUSD,sell,out,0.02,2838.35,1736,-0.07,0.00,2.64,2 755.63,sl 2838.35
2025.02.04 18:34:37,1736,XAUUSD,buy,in,0.02,2840.85,1737,-0.07,0.00,0.00,2 755.56,
2025.02.04 18:42:00,1737,XAUUSD,sell,out,0.02,2841.20,1738,-0.07,0.00,0.70,2 756.19,sl 2841.30
2025.02.04 18:58:40,1738,XAUUSD,buy,in,0.02,2840.40,1739,-0.07,0.00,0.00,2 756.12,
2025.02.04 19:00:52,1739,XAUUSD,sell,out,0.02,2840.77,1740,-0.07,0.00,0.74,2 756.79,sl 2840.81
2025.02.04 19:22:44,1740,XAUUSD,buy,in,0.02,2842.41,1741,-0.07,0.00,0.00,2 756.72,
2025.02.04 19:27:00,1741,XAUUSD,sell,out,0.02,2842.67,1742,-0.07,0.00,0.52,2 757.17,sl 2842.71
2025.02.04 19:46:45,1742,XAUUSD,buy,in,0.02,2843.77,1743,-0.07,0.00,0.00,2 757.10,
2025.02.04 19:53:11,1743,XAUUSD,sell,out,0.02,2843.98,1744,-0.07,0.00,0.42,2 757.45,sl 2843.98
2025.02.04 20:10:48,1744,XAUUSD,buy,in,0.02,2844.59,1745,-0.07,0.00,0.00,2 757.38,
2025.02.04 21:48:57,1745,XAUUSD,sell,in,0.18,2842.77,1746,-0.63,0.00,0.00,2 756.75,
2025.02.04 22:26:39,1746,XAUUSD,buy,out,0.18,2841.61,1747,-0.63,0.00,20.88,2 777.00,sl 2841.58
2025.02.05 02:31:15,1747,XAUUSD,sell,out,0.02,2844.65,1748,-0.07,-1.14,0.12,2 775.91,sl 2844.65
2025.02.07 17:26:19,1748,XAUUSD,buy,in,0.02,2883.19,1749,-0.07,0.00,0.00,2 775.84,
2025.02.07 17:32:11,1749,XAUUSD,sell,out,0.02,2883.87,1750,-0.07,0.00,1.36,2 777.13,sl 2883.87
2025.02.07 17:50:48,1750,XAUUSD,buy,in,0.02,2883.26,1751,-0.07,0.00,0.00,2 777.06,
2025.02.07 17:52:13,1751,XAUUSD,sell,out,0.02,2883.34,1752,-0.07,0.00,0.16,2 777.15,sl 2883.34
2025.02.10 08:47:04,1752,XAUUSD,buy,in,0.02,2887.87,1753,-0.07,0.00,0.00,2 777.08,
2025.02.10 08:48:40,1753,XAUUSD,sell,out,0.02,2890.97,1754,-0.07,0.00,6.20,2 783.21,sl 2891.18
2025.02.10 09:13:35,1754,XAUUSD,buy,in,0.02,2889.10,1755,-0.07,0.00,0.00,2 783.14,
2025.02.10 09:16:20,1755,XAUUSD,sell,out,0.02,2889.58,1756,-0.07,0.00,0.96,2 784.03,sl 2889.58
2025.02.10 09:37:38,1756,XAUUSD,buy,in,0.02,2894.23,1757,-0.07,0.00,0.00,2 783.96,
2025.02.10 09:53:51,1757,XAUUSD,sell,out,0.02,2895.28,1758,-0.07,0.00,2.10,2 785.99,sl 2895.28
2025.02.10 10:01:39,1758,XAUUSD,buy,in,0.02,2895.32,1759,-0.07,0.00,0.00,2 785.92,
2025.02.10 10:03:59,1759,XAUUSD,sell,out,0.02,2895.86,1760,-0.07,0.00,1.08,2 786.93,sl 2895.86
2025.02.10 10:25:46,1760,XAUUSD,buy,in,0.02,2894.28,1761,-0.07,0.00,0.00,2 786.86,
2025.02.10 10:28:49,1761,XAUUSD,sell,out,0.02,2895.29,1762,-0.07,0.00,2.02,2 788.81,sl 2895.29
2025.02.10 10:49:50,1762,XAUUSD,buy,in,0.02,2898.03,1763,-0.07,0.00,0.00,2 788.74,
2025.02.10 11:06:52,1763,XAUUSD,sell,out,0.02,2898.81,1764,-0.07,0.00,1.56,2 790.23,sl 2898.81
2025.02.10 11:14:09,1764,XAUUSD,buy,in,0.02,2900.30,1765,-0.07,0.00,0.00,2 790.16,
2025.02.10 11:15:53,1765,XAUUSD,sell,out,0.02,2900.56,1766,-0.07,0.00,0.52,2 790.61,sl 2900.64
2025.02.10 11:38:14,1766,XAUUSD,buy,in,0.02,2902.84,1767,-0.07,0.00,0.00,2 790.54,
2025.02.10 12:04:58,1767,XAUUSD,sell,out,0.02,2903.96,1768,-0.07,0.00,2.24,2 792.71,sl 2904.11
2025.02.10 12:04:59,1768,XAUUSD,buy,in,0.02,2904.36,1769,-0.07,0.00,0.00,2 792.64,
2025.02.10 12:11:15,1769,XAUUSD,sell,out,0.02,2904.61,1770,-0.07,0.00,0.50,2 793.07,sl 2904.61
2025.02.10 12:29:05,1770,XAUUSD,buy,in,0.02,2902.39,1771,-0.07,0.00,0.00,2 793.00,
2025.02.10 13:02:27,1771,XAUUSD,sell,out,0.02,2902.47,1772,-0.07,0.00,0.16,2 793.09,sl 2902.47
2025.02.10 13:02:33,1772,XAUUSD,buy,in,0.02,2902.53,1773,-0.07,0.00,0.00,2 793.02,
2025.02.10 13:04:19,1773,XAUUSD,sell,out,0.02,2904.19,1774,-0.07,0.00,3.32,2 796.27,sl 2904.27
2025.02.10 13:26:37,1774,XAUUSD,buy,in,0.02,2898.86,1775,-0.07,0.00,0.00,2 796.20,
2025.02.10 13:29:42,1775,XAUUSD,sell,out,0.02,2899.68,1776,-0.07,0.00,1.64,2 797.77,sl 2899.70
2025.02.10 13:50:39,1776,XAUUSD,buy,in,0.02,2903.50,1777,-0.07,0.00,0.00,2 797.70,
2025.02.10 13:58:21,1777,XAUUSD,sell,out,0.02,2905.24,1778,-0.07,0.00,3.48,2 801.11,sl 2905.31
2025.02.10 14:14:46,1778,XAUUSD,buy,in,0.02,2906.45,1779,-0.07,0.00,0.00,2 801.04,
2025.02.10 14:17:01,1779,XAUUSD,sell,out,0.02,2906.51,1780,-0.07,0.00,0.12,2 801.09,sl 2906.51
2025.02.10 14:38:48,1780,XAUUSD,buy,in,0.02,2904.34,1781,-0.07,0.00,0.00,2 801.02,
2025.02.10 14:49:14,1781,XAUUSD,sell,out,0.02,2904.35,1782,-0.07,0.00,0.02,2 800.97,sl 2904.37
2025.02.10 15:02:54,1782,XAUUSD,buy,in,0.02,2902.37,1783,-0.07,0.00,0.00,2 800.90,
2025.02.10 15:04:16,1783,XAUUSD,sell,out,0.02,2903.36,1784,-0.07,0.00,1.98,2 802.81,sl 2903.37
2025.02.10 15:26:56,1784,XAUUSD,buy,in,0.02,2902.63,1785,-0.07,0.00,0.00,2 802.74,
2025.02.10 15:27:44,1785,XAUUSD,sell,out,0.02,2903.41,1786,-0.07,0.00,1.56,2 804.23,sl 2903.47
2025.02.10 15:50:56,1786,XAUUSD,buy,in,0.02,2901.51,1787,-0.07,0.00,0.00,2 804.16,
2025.02.10 15:53:23,1787,XAUUSD,sell,out,0.02,2901.91,1788,-0.07,0.00,0.80,2 804.89,sl 2901.98
2025.02.10 16:15:00,1788,XAUUSD,buy,in,0.02,2900.70,1789,-0.07,0.00,0.00,2 804.82,
2025.02.10 16:17:58,1789,XAUUSD,sell,out,0.02,2901.99,1790,-0.07,0.00,2.58,2 807.33,sl 2902.01
2025.02.10 16:39:01,1790,XAUUSD,buy,in,0.02,2904.41,1791,-0.07,0.00,0.00,2 807.26,
2025.02.10 16:40:10,1791,XAUUSD,sell,out,0.02,2905.43,1792,-0.07,0.00,2.04,2 809.23,sl 2905.44
2025.02.10 17:03:01,1792,XAUUSD,buy,in,0.02,2906.84,1793,-0.07,0.00,0.00,2 809.16,
2025.02.10 17:06:59,1793,XAUUSD,sell,out,0.02,2908.24,1794,-0.07,0.00,2.80,2 811.89,sl 2908.29
2025.02.10 17:27:09,1794,XAUUSD,buy,in,0.02,2908.24,1795,-0.07,0.00,0.00,2 811.82,
2025.02.10 17:29:22,1795,XAUUSD,sell,out,0.02,2908.52,1796,-0.07,0.00,0.56,2 812.31,sl 2908.52
2025.02.10 17:51:08,1796,XAUUSD,buy,in,0.02,2905.86,1797,-0.07,0.00,0.00,2 812.24,
2025.02.10 17:52:53,1797,XAUUSD,sell,out,0.02,2907.83,1798,-0.07,0.00,3.94,2 816.11,sl 2907.88
2025.02.10 18:15:16,1798,XAUUSD,buy,in,0.02,2907.87,1799,-0.07,0.00,0.00,2 816.04,
2025.02.10 19:53:24,1799,XAUUSD,sell,in,0.18,2902.49,1800,-0.63,0.00,0.00,2 815.41,
2025.02.10 20:07:43,1800,XAUUSD,buy,out,0.18,2901.57,1801,-0.63,0.00,16.56,2 831.34,sl 2901.57
2025.02.11 01:03:19,1801,XAUUSD,sell,out,0.02,2912.31,1802,-0.07,-1.14,8.88,2 839.01,sl 2912.37
2025.02.14 19:43:40,1802,XAUUSD,sell,in,0.02,2886.56,1803,-0.07,0.00,0.00,2 838.94,
2025.02.14 19:43:56,1803,XAUUSD,buy,out,0.02,2886.62,1804,-0.07,0.00,-0.12,2 838.75,sl 2886.53
2025.02.14 20:07:41,1804,XAUUSD,sell,in,0.02,2884.72,1805,-0.07,0.00,0.00,2 838.68,
2025.02.14 20:11:40,1805,XAUUSD,buy,out,0.02,2884.42,1806,-0.07,0.00,0.60,2 839.21,sl 2884.40
2025.02.14 20:31:45,1806,XAUUSD,sell,in,0.02,2883.57,1807,-0.07,0.00,0.00,2 839.14,
2025.02.14 20:37:07,1807,XAUUSD,buy,out,0.02,2883.41,1808,-0.07,0.00,0.32,2 839.39,sl 2883.40
2025.02.14 20:55:46,1808,XAUUSD,sell,in,0.02,2883.20,1809,-0.07,0.00,0.00,2 839.32,
2025.02.14 21:28:42,1809,XAUUSD,buy,out,0.02,2883.08,1810,-0.07,0.00,0.24,2 839.49,sl 2883.01
2025.02.14 21:28:42,1810,XAUUSD,sell,in,0.02,2882.96,1811,-0.07,0.00,0.00,2 839.42,
2025.02.14 21:39:01,1811,XAUUSD,buy,out,0.02,2882.52,1812,-0.07,0.00,0.88,2 840.23,sl 2882.51
2025.02.14 21:52:47,1812,XAUUSD,sell,in,0.02,2879.47,1813,-0.07,0.00,0.00,2 840.16,
2025.02.14 22:38:44,1813,XAUUSD,buy,out,0.02,2878.97,1814,-0.07,0.00,1.00,2 841.09,sl 2878.97
2025.02.14 22:38:49,1814,XAUUSD,sell,in,0.02,2878.86,1815,-0.07,0.00,0.00,2 841.02,
2025.02.14 22:41:03,1815,XAUUSD,buy,out,0.02,2877.74,1816,-0.07,0.00,2.24,2 843.19,sl 2877.74
2025.02.14 23:20:07,1816,XAUUSD,sell,in,0.02,2882.70,1817,-0.07,0.00,0.00,2 843.12,
2025.02.17 01:27:31,1817,XAUUSD,buy,out,0.02,2881.46,1818,-0.07,0.81,2.48,2 846.34,sl 2881.46
2025.02.19 11:19:45,1818,XAUUSD,buy,in,0.02,2946.10,1819,-0.07,0.00,0.00,2 846.27,
2025.02.19 12:06:55,1819,XAUUSD,sell,out,0.02,2946.39,1820,-0.07,0.00,0.58,2 846.78,sl 2946.39
2025.02.19 12:06:56,1820,XAUUSD,buy,in,0.02,2946.22,1821,-0.07,0.00,0.00,2 846.71,
2025.02.19 13:44:59,1821,XAUUSD,sell,in,0.18,2941.17,1822,-0.63,0.00,0.00,2 846.08,
2025.02.19 13:50:05,1822,XAUUSD,buy,out,0.18,2939.65,1823,-0.63,0.00,27.36,2 872.81,sl 2939.60
2025.02.19 19:45:36,1823,XAUUSD,sell,out,0.02,2921.97,1824,-0.07,0.00,-48.50,2 824.24,
2025.02.25 17:24:32,1824,XAUUSD,sell,in,0.02,2911.52,1825,-0.07,0.00,0.00,2 824.17,
2025.02.25 17:25:01,1825,XAUUSD,buy,out,0.02,2911.46,1826,-0.07,0.00,0.12,2 824.22,sl 2911.18
2025.02.25 17:48:36,1826,XAUUSD,sell,in,0.02,2907.69,1827,-0.07,0.00,0.00,2 824.15,
2025.02.25 17:49:13,1827,XAUUSD,buy,out,0.02,2907.53,1828,-0.07,0.00,0.32,2 824.40,sl 2907.48
2025.02.25 18:12:41,1828,XAUUSD,sell,in,0.02,2897.88,1829,-0.07,0.00,0.00,2 824.33,
2025.02.25 18:13:47,1829,XAUUSD,buy,out,0.02,2897.85,1830,-0.07,0.00,0.06,2 824.32,sl 2897.81
2025.02.25 18:36:45,1830,XAUUSD,sell,in,0.02,2898.00,1831,-0.07,0.00,0.00,2 824.25,
2025.02.25 18:37:06,1831,XAUUSD,buy,out,0.02,2898.05,1832,-0.07,0.00,-0.10,2 824.08,sl 2897.97
2025.02.25 19:01:02,1832,XAUUSD,sell,in,0.02,2895.07,1833,-0.07,0.00,0.00,2 824.01,
2025.02.25 19:04:27,1833,XAUUSD,buy,out,0.02,2894.50,1834,-0.07,0.00,1.14,2 825.08,sl 2894.31
2025.02.25 19:25:07,1834,XAUUSD,sell,in,0.02,2898.87,1835,-0.07,0.00,0.00,2 825.01,
2025.02.25 19:26:18,1835,XAUUSD,buy,out,0.02,2898.83,1836,-0.07,0.00,0.08,2 825.02,sl 2898.82
2025.02.25 19:49:12,1836,XAUUSD,sell,in,0.02,2904.45,1837,-0.07,0.00,0.00,2 824.95,
2025.02.25 19:49:55,1837,XAUUSD,buy,out,0.02,2903.57,1838,-0.07,0.00,1.76,2 826.64,sl 2903.57
2025.02.25 20:13:18,1838,XAUUSD,sell,in,0.02,2907.56,1839,-0.07,0.00,0.00,2 826.57,
2025.02.25 20:15:46,1839,XAUUSD,buy,out,0.02,2906.90,1840,-0.07,0.00,1.32,2 827.82,sl 2906.90
2025.02.25 20:38:04,1840,XAUUSD,sell,in,0.02,2907.61,1841,-0.07,0.00,0.00,2 827.75,
2025.02.25 21:22:01,1841,XAUUSD,buy,out,0.02,2906.39,1842,-0.07,0.00,2.44,2 830.12,sl 2906.36
2025.02.25 21:22:04,1842,XAUUSD,sell,in,0.02,2906.45,1843,-0.07,0.00,0.00,2 830.05,
2025.02.25 23:00:07,1843,XAUUSD,buy,in,0.18,2912.85,1844,-0.63,0.00,0.00,2 829.42,
2025.02.25 23:04:40,1844,XAUUSD,sell,out,0.18,2914.52,1845,-0.63,0.00,30.06,2 858.85,sl 2914.53
2025.02.26 15:58:27,1845,XAUUSD,buy,out,0.02,2906.44,1846,-0.07,0.81,0.02,2 859.61,sl 2906.44
2025.03.04 10:19:48,1846,XAUUSD,buy,in,0.02,2909.91,1847,-0.07,0.00,0.00,2 859.54,
2025.03.04 10:31:15,1847,XAUUSD,sell,out,0.02,2915.08,1848,-0.07,0.00,10.34,2 869.81,sl 2915.13
2025.03.04 10:43:51,1848,XAUUSD,buy,in,0.02,2913.39,1849,-0.07,0.00,0.00,2 869.74,
2025.03.04 10:44:45,1849,XAUUSD,sell,out,0.02,2913.70,1850,-0.07,0.00,0.62,2 870.29,sl 2913.70
2025.03.04 11:07:58,1850,XAUUSD,buy,in,0.02,2912.68,1851,-0.07,0.00,0.00,2 870.22,
2025.03.04 11:09:00,1851,XAUUSD,sell,out,0.02,2913.59,1852,-0.07,0.00,1.82,2 871.97,sl 2913.62
2025.03.04 11:31:57,1852,XAUUSD,buy,in,0.02,2920.93,1853,-0.07,0.00,0.00,2 871.90,
2025.03.04 13:10:06,1853,XAUUSD,sell,in,0.18,2917.75,1854,-0.63,0.00,0.00,2 871.27,
2025.03.04 13:13:17,1854,XAUUSD,buy,out,0.18,2917.50,1855,-0.63,0.00,4.50,2 875.14,sl 2917.43
2025.03.04 13:51:55,1855,XAUUSD,sell,out,0.02,2921.00,1856,-0.07,0.00,0.14,2 875.21,sl 2921.19
2025.03.05 18:24:55,1856,XAUUSD,buy,in,0.02,2929.46,1857,-0.07,0.00,0.00,2 875.14,
2025.03.05 18:43:09,1857,XAUUSD,sell,out,0.02,2929.43,1858,-0.07,0.00,-0.06,2 875.01,sl 2929.48
2025.03.10 21:05:29,1858,XAUUSD,sell,in,0.02,2881.00,1859,-0.07,0.00,0.00,2 874.94,
2025.03.10 21:05:58,1859,XAUUSD,buy,out,0.02,2880.99,1860,-0.07,0.00,0.02,2 874.89,sl 2880.99
2025.03.12 20:45:50,1860,XAUUSD,buy,in,0.02,2939.95,1861,-0.07,0.00,0.00,2 874.82,
2025.03.12 20:47:20,1861,XAUUSD,sell,out,0.02,2939.95,1862,-0.07,0.00,0.00,2 874.75,sl 2939.97
2025.03.13 05:55:20,1862,XAUUSD,buy,in,0.02,2945.50,1863,-0.07,0.00,0.00,2 874.68,
2025.03.13 06:53:56,1863,XAUUSD,sell,out,0.02,2946.58,1864,-0.07,0.00,2.16,2 876.77,sl 2946.59
2025.03.13 06:53:56,1864,XAUUSD,buy,in,0.02,2946.71,1865,-0.07,0.00,0.00,2 876.70,
2025.03.13 08:31:57,1865,XAUUSD,sell,in,0.18,2938.96,1866,-0.63,0.00,0.00,2 876.07,
2025.03.13 08:52:15,1866,XAUUSD,buy,out,0.18,2938.86,1867,-0.63,0.00,1.80,2 877.24,sl 2938.85
2025.03.13 12:24:27,1867,XAUUSD,sell,out,0.02,2947.00,1868,-0.07,0.00,0.58,2 877.75,sl 2947.03
2025.03.21 16:59:03,1868,XAUUSD,sell,in,0.02,3004.72,1869,-0.07,0.00,0.00,2 877.68,
2025.03.21 17:03:36,1869,XAUUSD,buy,out,0.02,3004.72,1870,-0.07,0.00,0.00,2 877.61,sl 3004.71
2025.03.27 13:25:19,1870,XAUUSD,buy,in,0.02,3052.07,1871,-0.07,0.00,0.00,2 877.54,
2025.03.27 13:27:00,1871,XAUUSD,sell,out,0.02,3052.36,1872,-0.07,0.00,0.58,2 878.05,sl 3052.36
2025.03.27 13:49:23,1872,XAUUSD,buy,in,0.02,3054.23,1873,-0.07,0.00,0.00,2 877.98,
2025.03.27 14:17:12,1873,XAUUSD,sell,out,0.02,3054.80,1874,-0.07,0.00,1.14,2 879.05,sl 3054.81
2025.03.27 14:17:17,1874,XAUUSD,buy,in,0.02,3054.07,1875,-0.07,0.00,0.00,2 878.98,
2025.03.27 14:53:30,1875,XAUUSD,sell,out,0.02,3054.09,1876,-0.07,0.00,0.04,2 878.95,sl 3054.13
2025.03.27 14:53:31,1876,XAUUSD,buy,in,0.02,3053.94,1877,-0.07,0.00,0.00,2 878.88,
2025.03.27 14:56:02,1877,XAUUSD,sell,out,0.02,3054.62,1878,-0.07,0.00,1.36,2 880.17,sl 3054.62
2025.03.27 15:20:02,1878,XAUUSD,buy,in,0.02,3053.34,1879,-0.07,0.00,0.00,2 880.10,
2025.03.27 15:20:47,1879,XAUUSD,sell,out,0.02,3053.28,1880,-0.07,0.00,-0.12,2 879.91,sl 3053.36
2025.03.27 17:39:39,1880,XAUUSD,buy,in,0.02,3057.76,1881,-0.07,0.00,0.00,2 879.84,
2025.03.27 17:49:19,1881,XAUUSD,sell,out,0.02,3058.51,1882,-0.07,0.00,1.50,2 881.27,sl 3058.51
2025.03.27 18:13:54,1882,XAUUSD,buy,in,0.02,3055.79,1883,-0.07,0.00,0.00,2 881.20,
2025.03.27 18:17:57,1883,XAUUSD,sell,out,0.02,3056.80,1884,-0.07,0.00,2.02,2 883.15,sl 3056.83
2025.03.27 18:37:55,1884,XAUUSD,buy,in,0.02,3058.52,1885,-0.07,0.00,0.00,2 883.08,
2025.03.27 18:38:09,1885,XAUUSD,sell,out,0.02,3058.54,1886,-0.07,0.00,0.04,2 883.05,sl 3058.54
2025.03.28 03:10:41,1886,XAUUSD,buy,in,0.02,3061.73,1887,-0.07,0.00,0.00,2 882.98,
2025.03.28 03:27:21,1887,XAUUSD,sell,out,0.02,3062.64,1888,-0.07,0.00,1.82,2 884.73,sl 3062.72
2025.03.28 03:34:44,1888,XAUUSD,buy,in,0.02,3062.76,1889,-0.07,0.00,0.00,2 884.66,
2025.03.28 04:01:33,1889,XAUUSD,sell,out,0.02,3063.09,1890,-0.07,0.00,0.66,2 885.25,sl 3063.09
2025.03.28 04:01:33,1890,XAUUSD,buy,in,0.02,3063.43,1891,-0.07,0.00,0.00,2 885.18,
2025.03.28 04:05:29,1891,XAUUSD,sell,out,0.02,3064.27,1892,-0.07,0.00,1.68,2 886.79,sl 3064.27
2025.03.28 04:25:36,1892,XAUUSD,buy,in,0.02,3065.88,1893,-0.07,0.00,0.00,2 886.72,
2025.03.28 04:33:10,1893,XAUUSD,sell,out,0.02,3068.11,1894,-0.07,0.00,4.46,2 891.11,sl 3068.11
2025.03.28 04:49:52,1894,XAUUSD,buy,in,0.02,3072.56,1895,-0.07,0.00,0.00,2 891.04,
2025.03.28 04:56:11,1895,XAUUSD,sell,out,0.02,3072.90,1896,-0.07,0.00,0.68,2 891.65,sl 3072.92
2025.03.28 05:13:57,1896,XAUUSD,buy,in,0.02,3075.20,1897,-0.07,0.00,0.00,2 891.58,
2025.03.28 05:23:11,1897,XAUUSD,sell,out,0.02,3075.35,1898,-0.07,0.00,0.30,2 891.81,sl 3075.37
2025.03.28 05:37:57,1898,XAUUSD,buy,in,0.02,3071.90,1899,-0.07,0.00,0.00,2 891.74,
2025.03.28 05:38:47,1899,XAUUSD,sell,out,0.02,3071.87,1900,-0.07,0.00,-0.06,2 891.61,sl 3071.95
2025.03.28 06:02:03,1900,XAUUSD,buy,in,0.02,3072.29,1901,-0.07,0.00,0.00,2 891.54,
2025.03.28 06:30:13,1901,XAUUSD,sell,out,0.02,3073.42,1902,-0.07,0.00,2.26,2 893.73,sl 3073.44
2025.03.28 06:30:19,1902,XAUUSD,buy,in,0.02,3073.56,1903,-0.07,0.00,0.00,2 893.66,
2025.03.28 06:51:47,1903,XAUUSD,sell,out,0.02,3073.81,1904,-0.07,0.00,0.50,2 894.09,sl 3073.85
2025.03.28 06:54:22,1904,XAUUSD,buy,in,0.02,3074.37,1905,-0.07,0.00,0.00,2 894.02,
2025.03.28 06:56:42,1905,XAUUSD,sell,out,0.02,3074.74,1906,-0.07,0.00,0.74,2 894.69,sl 3074.74
2025.03.28 07:18:27,1906,XAUUSD,buy,in,0.02,3073.83,1907,-0.07,0.00,0.00,2 894.62,
2025.03.28 07:41:35,1907,XAUUSD,sell,out,0.02,3074.04,1908,-0.07,0.00,0.42,2 894.97,sl 3074.06
2025.03.28 07:42:26,1908,XAUUSD,buy,in,0.02,3075.35,1909,-0.07,0.00,0.00,2 894.90,
2025.03.28 08:28:06,1909,XAUUSD,sell,out,0.02,3075.90,1910,-0.07,0.00,1.10,2 895.93,sl 3075.97
2025.03.28 08:28:10,1910,XAUUSD,buy,in,0.02,3076.68,1911,-0.07,0.00,0.00,2 895.86,
2025.03.28 08:34:06,1911,XAUUSD,sell,out,0.02,3077.39,1912,-0.07,0.00,1.42,2 897.21,sl 3077.40
2025.03.28 08:52:10,1912,XAUUSD,buy,in,0.02,3078.16,1913,-0.07,0.00,0.00,2 897.14,
2025.03.28 08:54:00,1913,XAUUSD,sell,out,0.02,3079.30,1914,-0.07,0.00,2.28,2 899.35,sl 3079.30
2025.03.28 09:16:16,1914,XAUUSD,buy,in,0.02,3080.56,1915,-0.07,0.00,0.00,2 899.28,
2025.03.28 09:28:00,1915,XAUUSD,sell,out,0.02,3080.63,1916,-0.07,0.00,0.14,2 899.35,sl 3080.63
2025.03.28 09:40:22,1916,XAUUSD,buy,in,0.02,3081.84,1917,-0.07,0.00,0.00,2 899.28,
2025.03.28 09:42:34,1917,XAUUSD,sell,out,0.02,3082.24,1918,-0.07,0.00,0.80,2 900.01,sl 3082.28
2025.03.28 10:04:22,1918,XAUUSD,buy,in,0.02,3084.64,1919,-0.07,0.00,0.00,2 899.94,
2025.03.28 10:08:56,1919,XAUUSD,sell,out,0.02,3085.45,1920,-0.07,0.00,1.62,2 901.49,sl 3085.45
2025.03.28 10:28:37,1920,XAUUSD,buy,in,0.02,3082.82,1921,-0.07,0.00,0.00,2 901.42,
2025.03.28 12:06:45,1921,XAUUSD,sell,in,0.18,3071.31,1922,-0.63,0.00,0.00,2 900.79,
2025.03.28 12:10:16,1922,XAUUSD,buy,out,0.18,3070.39,1923,-0.63,0.00,16.56,2 916.72,sl 3070.33
2025.03.28 16:57:42,1923,XAUUSD,sell,out,0.02,3082.86,1924,-0.07,0.00,0.08,2 916.73,sl 3082.90
2025.04.02 04:32:53,1924,XAUUSD,buy,in,0.02,3135.23,1925,-0.07,0.00,0.00,2 916.66,
2025.04.02 06:10:56,1925,XAUUSD,sell,in,0.18,3130.20,1926,-0.63,0.00,0.00,2 916.03,
2025.04.02 06:23:43,1926,XAUUSD,buy,out,0.18,3129.76,1927,-0.63,0.00,7.92,2 923.32,sl 3129.66
2025.04.02 08:33:07,1927,XAUUSD,sell,out,0.02,3110.73,1928,-0.07,0.00,-49.00,2 874.25,
2025.04.02 23:29:25,1928,XAUUSD,buy,in,0.02,3142.96,1929,-0.07,0.00,0.00,2 874.18,
2025.04.03 01:05:24,1929,XAUUSD,sell,out,0.02,3126.77,1930,-0.07,-3.42,-32.38,2 838.31,
2025.04.03 01:09:55,1930,XAUUSD,buy,in,0.02,3142.82,1931,-0.07,0.00,0.00,2 838.24,
2025.04.03 01:10:36,1931,XAUUSD,sell,out,0.02,3143.39,1932,-0.07,0.00,1.14,2 839.31,sl 3143.62
2025.04.03 01:36:15,1932,XAUUSD,buy,in,0.02,3144.77,1933,-0.07,0.00,0.00,2 839.24,
2025.04.03 01:48:32,1933,XAUUSD,sell,out,0.02,3144.84,1934,-0.07,0.00,0.14,2 839.31,sl 3144.86
2025.04.03 02:00:21,1934,XAUUSD,buy,in,0.02,3147.84,1935,-0.07,0.00,0.00,2 839.24,
2025.04.03 02:02:17,1935,XAUUSD,sell,out,0.02,3148.90,1936,-0.07,0.00,2.12,2 841.29,sl 3149.03
2025.04.03 02:24:28,1936,XAUUSD,buy,in,0.02,3157.71,1937,-0.07,0.00,0.00,2 841.22,
2025.04.03 02:28:42,1937,XAUUSD,sell,out,0.02,3157.60,1938,-0.07,0.00,-0.22,2 840.93,sl 3157.73
2025.04.03 02:48:32,1938,XAUUSD,buy,in,0.02,3163.17,1939,-0.07,0.00,0.00,2 840.86,
2025.04.03 02:49:26,1939,XAUUSD,sell,out,0.02,3164.74,1940,-0.07,0.00,3.14,2 843.93,sl 3164.74
2025.04.03 03:12:38,1940,XAUUSD,buy,in,0.02,3153.98,1941,-0.07,0.00,0.00,2 843.86,
2025.04.03 03:36:52,1941,XAUUSD,sell,out,0.02,3154.02,1942,-0.07,0.00,0.08,2 843.87,sl 3154.03
2025.04.03 03:36:57,1942,XAUUSD,buy,in,0.02,3153.71,1943,-0.07,0.00,0.00,2 843.80,
2025.04.03 03:40:28,1943,XAUUSD,sell,out,0.02,3153.88,1944,-0.07,0.00,0.34,2 844.07,sl 3154.10
2025.04.03 04:01:01,1944,XAUUSD,buy,in,0.02,3152.93,1945,-0.07,0.00,0.00,2 844.00,
2025.04.03 04:03:12,1945,XAUUSD,sell,out,0.02,3155.02,1946,-0.07,0.00,4.18,2 848.11,sl 3155.11
2025.04.03 04:25:03,1946,XAUUSD,buy,in,0.02,3150.34,1947,-0.07,0.00,0.00,2 848.04,
2025.04.03 04:26:41,1947,XAUUSD,sell,out,0.02,3150.75,1948,-0.07,0.00,0.82,2 848.79,sl 3150.75
2025.04.03 04:49:08,1948,XAUUSD,buy,in,0.02,3154.66,1949,-0.07,0.00,0.00,2 848.72,
2025.04.03 05:02:38,1949,XAUUSD,sell,out,0.02,3154.79,1950,-0.07,0.00,0.26,2 848.91,sl 3154.90
2025.04.03 05:13:17,1950,XAUUSD,buy,in,0.02,3151.41,1951,-0.07,0.00,0.00,2 848.84,
2025.04.03 05:14:44,1951,XAUUSD,sell,out,0.02,3152.46,1952,-0.07,0.00,2.10,2 850.87,sl 3152.59
2025.04.03 05:40:00,1952,XAUUSD,buy,in,0.02,3147.83,1953,-0.07,0.00,0.00,2 850.80,
2025.04.03 05:44:15,1953,XAUUSD,sell,out,0.02,3149.06,1954,-0.07,0.00,2.46,2 853.19,sl 3149.11
2025.04.03 06:04:01,1954,XAUUSD,buy,in,0.02,3149.15,1955,-0.07,0.00,0.00,2 853.12,
2025.04.03 06:07:13,1955,XAUUSD,sell,out,0.02,3151.34,1956,-0.07,0.00,4.38,2 857.43,sl 3151.37
2025.04.03 06:30:06,1956,XAUUSD,buy,in,0.02,3149.27,1957,-0.07,0.00,0.00,2 857.36,
2025.04.03 06:31:25,1957,XAUUSD,sell,out,0.02,3149.31,1958,-0.07,0.00,0.08,2 857.37,sl 3149.32
2025.04.03 06:54:14,1958,XAUUSD,buy,in,0.02,3149.57,1959,-0.07,0.00,0.00,2 857.30,
2025.04.03 08:32:21,1959,XAUUSD,sell,in,0.18,3127.78,1960,-0.63,0.00,0.00,2 856.67,
2025.04.03 08:33:14,1960,XAUUSD,buy,out,0.18,3127.63,1961,-0.63,0.00,2.70,2 858.74,sl 3127.54
2025.04.03 09:29:12,1961,XAUUSD,sell,out,0.02,3122.57,1962,-0.07,0.00,-54.00,2 804.67,
2025.04.03 13:58:47,1962,XAUUSD,sell,in,0.02,3095.11,1963,-0.07,0.00,0.00,2 804.60,
2025.04.03 13:59:01,1963,XAUUSD,buy,out,0.02,3093.50,1964,-0.07,0.00,3.22,2 807.75,sl 3093.48
2025.04.03 14:27:05,1964,XAUUSD,sell,in,0.02,3094.62,1965,-0.07,0.00,0.00,2 807.68,
2025.04.03 14:28:13,1965,XAUUSD,buy,out,0.02,3093.99,1966,-0.07,0.00,1.26,2 808.87,sl 3093.97
2025.04.03 14:51:08,1966,XAUUSD,sell,in,0.02,3093.63,1967,-0.07,0.00,0.00,2 808.80,
2025.04.03 14:59:12,1967,XAUUSD,buy,out,0.02,3093.10,1968,-0.07,0.00,1.06,2 809.79,sl 3093.07
2025.04.03 15:15:25,1968,XAUUSD,sell,in,0.02,3090.45,1969,-0.07,0.00,0.00,2 809.72,
2025.04.03 15:16:03,1969,XAUUSD,buy,out,0.02,3089.95,1970,-0.07,0.00,1.00,2 810.65,sl 3089.95
2025.04.03 15:39:24,1970,XAUUSD,sell,in,0.02,3064.30,1971,-0.07,0.00,0.00,2 810.58,
2025.04.03 15:39:27,1971,XAUUSD,buy,out,0.02,3064.18,1972,-0.07,0.00,0.24,2 810.75,sl 3064.18
2025.04.03 16:03:25,1972,XAUUSD,sell,in,0.02,3071.90,1973,-0.07,0.00,0.00,2 810.68,
2025.04.03 16:03:43,1973,XAUUSD,buy,out,0.02,3071.15,1974,-0.07,0.00,1.50,2 812.11,sl 3071.13
2025.04.03 16:27:32,1974,XAUUSD,sell,in,0.02,3062.17,1975,-0.07,0.00,0.00,2 812.04,
2025.04.03 16:27:59,1975,XAUUSD,buy,out,0.02,3061.22,1976,-0.07,0.00,1.90,2 813.87,sl 3061.17
2025.04.03 16:51:34,1976,XAUUSD,sell,in,0.02,3091.23,1977,-0.07,0.00,0.00,2 813.80,
2025.04.03 16:51:52,1977,XAUUSD,buy,out,0.02,3091.13,1978,-0.07,0.00,0.20,2 813.93,sl 3091.13
2025.04.04 06:06:49,1978,XAUUSD,sell,in,0.02,3090.06,1979,-0.07,0.00,0.00,2 813.86,
2025.04.04 07:44:56,1979,XAUUSD,buy,in,0.18,3104.27,1980,-0.63,0.00,0.00,2 813.23,
2025.04.04 07:48:56,1980,XAUUSD,sell,out,0.18,3104.50,1981,-0.63,0.00,4.14,2 816.74,sl 3104.50
2025.04.04 11:02:42,1981,XAUUSD,buy,out,0.02,3089.44,1982,-0.07,0.00,1.24,2 817.91,sl 3089.43
2025.04.04 15:39:14,1982,XAUUSD,sell,in,0.02,3083.85,1983,-0.07,0.00,0.00,2 817.84,
2025.04.04 15:41:10,1983,XAUUSD,buy,out,0.02,3076.95,1984,-0.07,0.00,13.80,2 831.57,sl 3076.95
2025.04.04 16:03:22,1984,XAUUSD,sell,in,0.02,3075.42,1985,-0.07,0.00,0.00,2 831.50,
2025.04.04 16:05:35,1985,XAUUSD,buy,out,0.02,3075.45,1986,-0.07,0.00,-0.06,2 831.37,sl 3075.39
2025.04.04 16:27:28,1986,XAUUSD,sell,in,0.02,3076.02,1987,-0.07,0.00,0.00,2 831.30,
2025.04.04 16:30:10,1987,XAUUSD,buy,out,0.02,3074.56,1988,-0.07,0.00,2.92,2 834.15,sl 3074.56
2025.04.04 16:51:43,1988,XAUUSD,sell,in,0.02,3068.14,1990,-0.07,0.00,0.00,2 834.08,
2025.04.04 16:53:15,1989,XAUUSD,buy,out,0.02,3068.00,1991,-0.07,0.00,0.28,2 834.29,sl 3067.89
2025.04.04 17:15:56,1990,XAUUSD,sell,in,0.02,3043.05,1992,-0.07,0.00,0.00,2 834.22,
2025.04.04 17:37:20,1991,XAUUSD,buy,out,0.02,3042.46,1993,-0.07,0.00,1.18,2 835.33,sl 3042.46
2025.04.04 17:39:56,1992,XAUUSD,sell,in,0.02,3043.85,1994,-0.07,0.00,0.00,2 835.26,
2025.04.04 17:41:40,1993,XAUUSD,buy,out,0.02,3042.97,1995,-0.07,0.00,1.76,2 836.95,sl 3042.94
2025.04.04 18:03:58,1994,XAUUSD,sell,in,0.02,3048.39,1996,-0.07,0.00,0.00,2 836.88,
2025.04.04 18:05:05,1995,XAUUSD,buy,out,0.02,3045.85,1997,-0.07,0.00,5.08,2 841.89,sl 3045.85
2025.04.04 18:28:02,1996,XAUUSD,sell,in,0.02,3029.92,1998,-0.07,0.00,0.00,2 841.82,
2025.04.04 18:28:17,1997,XAUUSD,buy,out,0.02,3029.75,1999,-0.07,0.00,0.34,2 842.09,sl 3029.73
2025.04.04 18:52:09,1998,XAUUSD,sell,in,0.02,3020.09,2000,-0.07,0.00,0.00,2 842.02,
2025.04.04 18:54:13,1999,XAUUSD,buy,out,0.02,3018.52,2001,-0.07,0.00,3.14,2 845.09,sl 3018.52
2025.04.04 19:16:14,2000,XAUUSD,sell,in,0.02,3023.62,2002,-0.07,0.00,0.00,2 845.02,
2025.04.04 19:22:48,2001,XAUUSD,buy,out,0.02,3023.62,2003,-0.07,0.00,0.00,2 844.95,sl 3023.60
2025.04.04 19:40:32,2002,XAUUSD,sell,in,0.02,3033.12,2004,-0.07,0.00,0.00,2 844.88,
2025.04.04 19:40:44,2003,XAUUSD,buy,out,0.02,3033.12,2005,-0.07,0.00,0.00,2 844.81,sl 3033.11
2025.04.04 20:04:40,2004,XAUUSD,sell,in,0.02,3030.89,2006,-0.07,0.00,0.00,2 844.74,
2025.04.04 20:09:08,2005,XAUUSD,buy,out,0.02,3027.61,2007,-0.07,0.00,6.56,2 851.23,sl 3027.59
2025.04.04 20:28:47,2006,XAUUSD,sell,in,0.02,3020.57,2008,-0.07,0.00,0.00,2 851.16,
2025.04.04 20:29:31,2007,XAUUSD,buy,out,0.02,3018.44,2009,-0.07,0.00,4.26,2 855.35,sl 3018.43
2025.04.04 20:52:47,2008,XAUUSD,sell,in,0.02,3023.88,2010,-0.07,0.00,0.00,2 855.28,
2025.04.04 21:04:34,2009,XAUUSD,buy,out,0.02,3023.53,2011,-0.07,0.00,0.70,2 855.91,sl 3023.53
2025.04.04 21:16:50,2010,XAUUSD,sell,in,0.02,3023.31,2012,-0.07,0.00,0.00,2 855.84,
2025.04.04 21:22:55,2011,XAUUSD,buy,out,0.02,3022.57,2013,-0.07,0.00,1.48,2 857.25,sl 3022.50
2025.04.04 21:40:59,2012,XAUUSD,sell,in,0.02,3021.94,2014,-0.07,0.00,0.00,2 857.18,
2025.04.04 21:46:36,2013,XAUUSD,buy,out,0.02,3019.47,2015,-0.07,0.00,4.94,2 862.05,sl 3019.32
2025.04.04 22:05:02,2014,XAUUSD,sell,in,0.02,3027.54,2016,-0.07,0.00,0.00,2 861.98,
2025.04.04 22:06:02,2015,XAUUSD,buy,out,0.02,3026.45,2017,-0.07,0.00,2.18,2 864.09,sl 3026.44
2025.04.04 22:29:07,2016,XAUUSD,sell,in,0.02,3028.35,2018,-0.07,0.00,0.00,2 864.02,
2025.04.04 22:29:31,2017,XAUUSD,buy,out,0.02,3028.30,2019,-0.07,0.00,0.10,2 864.05,sl 3028.30
2025.04.04 22:53:07,2018,XAUUSD,sell,in,0.02,3037.64,2020,-0.07,0.00,0.00,2 863.98,
2025.04.04 22:54:22,2019,XAUUSD,buy,out,0.02,3037.05,2021,-0.07,0.00,1.18,2 865.09,sl 3037.00
2025.04.04 23:17:06,2020,XAUUSD,sell,in,0.02,3040.38,2022,-0.07,0.00,0.00,2 865.02,
2025.04.04 23:18:16,2021,XAUUSD,buy,out,0.02,3039.66,2023,-0.07,0.00,1.44,2 866.39,sl 3039.61
2025.04.04 23:41:08,2022,XAUUSD,sell,in,0.02,3036.39,2024,-0.07,0.00,0.00,2 866.32,
2025.04.07 01:02:02,2023,XAUUSD,buy,out,0.02,3023.97,2025,-0.07,0.81,24.84,2 891.90,sl 3023.33
2025.04.09 10:11:03,2024,XAUUSD,buy,in,0.02,3047.45,2026,-0.07,0.00,0.00,2 891.83,
2025.04.09 10:11:41,2025,XAUUSD,sell,out,0.02,3050.88,2027,-0.07,0.00,6.86,2 898.62,sl 3050.91
2025.04.09 10:37:05,2026,XAUUSD,buy,in,0.02,3045.41,2028,-0.07,0.00,0.00,2 898.55,
2025.04.09 10:38:40,2027,XAUUSD,sell,out,0.02,3045.53,2029,-0.07,0.00,0.24,2 898.72,sl 3045.56
2025.04.09 11:12:41,2028,XAUUSD,buy,in,0.02,3046.80,2030,-0.07,0.00,0.00,2 898.65,
2025.04.09 11:17:18,2029,XAUUSD,sell,out,0.02,3050.12,2031,-0.07,0.00,6.64,2 905.22,sl 3050.29
2025.04.09 11:43:28,2030,XAUUSD,buy,in,0.02,3046.50,2032,-0.07,0.00,0.00,2 905.15,
2025.04.09 12:23:45,2031,XAUUSD,sell,out,0.02,3047.60,2033,-0.07,0.00,2.20,2 907.28,sl 3047.61
2025.04.09 12:23:52,2032,XAUUSD,buy,in,0.02,3047.89,2034,-0.07,0.00,0.00,2 907.21,
2025.04.09 12:34:59,2033,XAUUSD,sell,out,0.02,3047.89,2035,-0.07,0.00,0.00,2 907.14,sl 3047.92
2025.04.09 12:50:08,2034,XAUUSD,buy,in,0.02,3046.44,2036,-0.07,0.00,0.00,2 907.07,
2025.04.09 14:16:33,2035,XAUUSD,sell,out,0.02,3049.22,2037,-0.07,0.00,5.56,2 912.56,sl 3049.22
2025.04.09 14:16:44,2036,XAUUSD,buy,in,0.02,3049.35,2038,-0.07,0.00,0.00,2 912.49,
2025.04.09 14:17:25,2037,XAUUSD,sell,out,0.02,3049.38,2039,-0.07,0.00,0.06,2 912.48,sl 3049.43
2025.04.09 14:40:50,2038,XAUUSD,buy,in,0.02,3062.65,2040,-0.07,0.00,0.00,2 912.41,
2025.04.09 14:41:43,2039,XAUUSD,sell,out,0.02,3062.57,2041,-0.07,0.00,-0.16,2 912.18,sl 3062.69
2025.04.09 15:04:51,2040,XAUUSD,buy,in,0.02,3070.47,2042,-0.07,0.00,0.00,2 912.11,
2025.04.09 15:05:01,2041,XAUUSD,sell,out,0.02,3070.57,2043,-0.07,0.00,0.20,2 912.24,sl 3070.60
2025.04.09 15:28:50,2042,XAUUSD,buy,in,0.02,3052.53,2044,-0.07,0.00,0.00,2 912.17,
2025.04.09 15:29:45,2043,XAUUSD,sell,out,0.02,3053.47,2045,-0.07,0.00,1.88,2 913.98,sl 3053.51
2025.04.09 15:55:04,2044,XAUUSD,buy,in,0.02,3049.50,2046,-0.07,0.00,0.00,2 913.91,
2025.04.09 16:00:34,2045,XAUUSD,sell,out,0.02,3050.14,2047,-0.07,0.00,1.28,2 915.12,sl 3050.27
2025.04.09 16:19:18,2046,XAUUSD,buy,in,0.02,3058.36,2048,-0.07,0.00,0.00,2 915.05,
2025.04.09 16:20:43,2047,XAUUSD,sell,out,0.02,3058.69,2049,-0.07,0.00,0.66,2 915.64,sl 3058.70
2025.04.09 16:43:24,2048,XAUUSD,buy,in,0.02,3074.72,2050,-0.07,0.00,0.00,2 915.57,
2025.04.09 16:43:56,2049,XAUUSD,sell,out,0.02,3074.74,2051,-0.07,0.00,0.04,2 915.54,sl 3074.75
2025.04.09 17:07:26,2050,XAUUSD,buy,in,0.02,3070.37,2052,-0.07,0.00,0.00,2 915.47,
2025.04.09 17:08:22,2051,XAUUSD,sell,out,0.02,3073.57,2053,-0.07,0.00,6.40,2 921.80,sl 3073.59
2025.04.09 17:31:44,2052,XAUUSD,buy,in,0.02,3082.65,2054,-0.07,0.00,0.00,2 921.73,
2025.04.09 17:32:56,2053,XAUUSD,sell,out,0.02,3082.87,2055,-0.07,0.00,0.44,2 922.10,sl 3082.94
2025.04.09 17:55:44,2054,XAUUSD,buy,in,0.02,3073.36,2056,-0.07,0.00,0.00,2 922.03,
2025.04.09 18:11:29,2055,XAUUSD,sell,out,0.02,3073.68,2057,-0.07,0.00,0.64,2 922.60,sl 3073.79
2025.04.09 18:19:50,2056,XAUUSD,buy,in,0.02,3082.76,2058,-0.07,0.00,0.00,2 922.53,
2025.04.09 18:20:43,2057,XAUUSD,sell,out,0.02,3083.82,2059,-0.07,0.00,2.12,2 924.58,sl 3083.82
2025.04.09 18:43:52,2058,XAUUSD,buy,in,0.02,3081.01,2060,-0.07,0.00,0.00,2 924.51,
2025.04.09 18:48:12,2059,XAUUSD,sell,out,0.02,3080.93,2061,-0.07,0.00,-0.16,2 924.28,sl 3081.04
2025.04.09 19:07:53,2060,XAUUSD,buy,in,0.02,3084.56,2062,-0.07,0.00,0.00,2 924.21,
2025.04.09 19:12:53,2061,XAUUSD,sell,out,0.02,3084.74,2063,-0.07,0.00,0.36,2 924.50,sl 3084.92
2025.04.09 19:31:57,2062,XAUUSD,buy,in,0.02,3087.48,2064,-0.07,0.00,0.00,2 924.43,
2025.04.09 19:32:15,2063,XAUUSD,sell,out,0.02,3087.46,2065,-0.07,0.00,-0.04,2 924.32,sl 3087.53
2025.04.09 19:56:02,2064,XAUUSD,buy,in,0.02,3093.15,2066,-0.07,0.00,0.00,2 924.25,
2025.04.09 19:56:17,2065,XAUUSD,sell,out,0.02,3092.94,2067,-0.07,0.00,-0.42,2 923.76,sl 3093.17
2025.04.09 20:20:16,2066,XAUUSD,buy,in,0.02,3093.78,2068,-0.07,0.00,0.00,2 923.69,
2025.04.09 20:20:45,2067,XAUUSD,sell,out,0.02,3096.98,2069,-0.07,0.00,6.40,2 930.02,sl 3096.99
2025.04.09 20:44:19,2068,XAUUSD,buy,in,0.02,3063.32,2070,-0.07,0.00,0.00,2 929.95,
2025.04.09 20:44:47,2069,XAUUSD,sell,out,0.02,3063.61,2071,-0.07,0.00,0.58,2 930.46,sl 3063.72
2025.04.09 21:10:09,2070,XAUUSD,buy,in,0.02,3058.90,2072,-0.07,0.00,0.00,2 930.39,
2025.04.09 21:10:15,2071,XAUUSD,sell,out,0.02,3058.92,2073,-0.07,0.00,0.04,2 930.36,sl 3058.97
2025.04.09 21:34:13,2072,XAUUSD,buy,in,0.02,3068.92,2074,-0.07,0.00,0.00,2 930.29,
2025.04.09 21:35:09,2073,XAUUSD,sell,out,0.02,3069.18,2075,-0.07,0.00,0.52,2 930.74,sl 3069.21
2025.04.09 21:58:21,2074,XAUUSD,buy,in,0.02,3068.66,2076,-0.07,0.00,0.00,2 930.67,
2025.04.09 22:05:22,2075,XAUUSD,sell,out,0.02,3075.47,2077,-0.07,0.00,13.62,2 944.22,sl 3075.47
2025.04.09 22:22:37,2076,XAUUSD,buy,in,0.02,3093.11,2078,-0.07,0.00,0.00,2 944.15,
2025.04.09 22:24:35,2077,XAUUSD,sell,out,0.02,3093.12,2079,-0.07,0.00,0.02,2 944.10,sl 3093.15
2025.04.09 22:46:40,2078,XAUUSD,buy,in,0.02,3092.70,2080,-0.07,0.00,0.00,2 944.03,
2025.04.09 22:46:53,2079,XAUUSD,sell,out,0.02,3092.68,2081,-0.07,0.00,-0.04,2 943.92,sl 3092.73
2025.04.09 23:10:39,2080,XAUUSD,buy,in,0.02,3093.69,2082,-0.07,0.00,0.00,2 943.85,
2025.04.10 03:29:13,2081,XAUUSD,sell,out,0.02,3095.47,2083,-0.07,-3.42,3.56,2 943.92,sl 3095.50
2025.04.17 19:48:30,2082,XAUUSD,buy,in,0.02,3314.42,2084,-0.07,0.00,0.00,2 943.85,
2025.04.17 19:49:03,2083,XAUUSD,sell,out,0.02,3314.78,2085,-0.07,0.00,0.72,2 944.50,sl 3314.80
2025.04.17 20:12:34,2084,XAUUSD,buy,in,0.02,3322.30,2086,-0.07,0.00,0.00,2 944.43,
2025.04.17 21:50:40,2085,XAUUSD,sell,in,0.18,3315.58,2087,-0.63,0.00,0.00,2 943.80,
2025.04.17 22:17:17,2086,XAUUSD,buy,out,0.18,3314.78,2088,-0.63,0.00,14.40,2 957.57,sl 3314.78
2025.04.17 23:26:52,2087,XAUUSD,sell,out,0.02,3323.00,2089,-0.07,0.00,1.40,2 958.90,sl 3323.07
2025.04.23 01:02:04,2088,XAUUSD,sell,in,0.02,3343.15,2090,-0.07,0.00,0.00,2 958.83,
2025.04.23 01:02:37,2089,XAUUSD,buy,out,0.02,3336.33,2091,-0.07,0.00,13.64,2 972.40,sl 3336.29
2025.04.23 01:26:17,2090,XAUUSD,sell,in,0.02,3331.79,2092,-0.07,0.00,0.00,2 972.33,
2025.04.23 01:26:41,2091,XAUUSD,buy,out,0.02,3331.51,2093,-0.07,0.00,0.56,2 972.82,sl 3331.45
2025.04.23 01:50:24,2092,XAUUSD,sell,in,0.02,3328.65,2094,-0.07,0.00,0.00,2 972.75,
2025.04.23 01:50:40,2093,XAUUSD,buy,out,0.02,3328.31,2095,-0.07,0.00,0.68,2 973.36,sl 3328.16
2025.04.23 02:14:30,2094,XAUUSD,sell,in,0.02,3340.17,2096,-0.07,0.00,0.00,2 973.29,
2025.04.23 02:29:05,2095,XAUUSD,buy,out,0.02,3339.40,2097,-0.07,0.00,1.54,2 974.76,sl 3339.38
2025.04.23 02:38:34,2096,XAUUSD,sell,in,0.02,3335.21,2098,-0.07,0.00,0.00,2 974.69,
2025.04.23 02:38:46,2097,XAUUSD,buy,out,0.02,3335.24,2099,-0.07,0.00,-0.06,2 974.56,sl 3335.19
2025.04.23 03:02:45,2098,XAUUSD,sell,in,0.02,3338.85,2100,-0.07,0.00,0.00,2 974.49,
2025.04.23 03:03:36,2099,XAUUSD,buy,out,0.02,3337.84,2101,-0.07,0.00,2.02,2 976.44,sl 3337.84
2025.04.23 03:26:49,2100,XAUUSD,sell,in,0.02,3345.20,2102,-0.07,0.00,0.00,2 976.37,
2025.04.23 05:04:52,2101,XAUUSD,buy,in,0.18,3379.17,2103,-0.63,0.00,0.00,2 975.74,
2025.04.23 05:05:24,2102,XAUUSD,sell,out,0.18,3379.25,2104,-0.63,0.00,1.44,2 976.55,sl 3379.27
2025.04.23 06:05:13,2103,XAUUSD,buy,out,0.02,3345.10,2105,-0.07,0.00,0.20,2 976.68,sl 3345.09
2025.04.24 09:17:35,2104,XAUUSD,sell,in,0.02,3317.52,2106,-0.07,0.00,0.00,2 976.61,
2025.04.24 09:18:12,2105,XAUUSD,buy,out,0.02,3315.94,2107,-0.07,0.00,3.16,2 979.70,sl 3315.80
2025.04.24 09:42:20,2106,XAUUSD,sell,in,0.02,3317.64,2108,-0.07,0.00,0.00,2 979.63,
2025.04.24 11:20:27,2107,XAUUSD,buy,in,0.18,3330.47,2109,-0.63,0.00,0.00,2 979.00,
2025.04.24 11:20:36,2108,XAUUSD,sell,out,0.18,3330.48,2110,-0.63,0.00,0.18,2 978.55,sl 3330.50
2025.04.24 14:33:57,2109,XAUUSD,buy,out,0.02,3343.73,2111,-0.07,0.00,-52.18,2 926.30,
2025.04.24 16:45:04,2110,XAUUSD,sell,in,0.02,3317.00,2112,-0.07,0.00,0.00,2 926.23,
2025.04.24 16:49:56,2111,XAUUSD,buy,out,0.02,3316.02,2113,-0.07,0.00,1.96,2 928.12,sl 3316.02
2025.04.24 17:09:09,2112,XAUUSD,sell,in,0.02,3308.10,2114,-0.07,0.00,0.00,2 928.05,
2025.04.24 17:09:15,2113,XAUUSD,buy,out,0.02,3308.11,2115,-0.07,0.00,-0.02,2 927.96,sl 3308.08
2025.04.25 01:30:08,2114,XAUUSD,buy,in,0.02,3369.44,2116,-0.07,0.00,0.00,2 927.89,
2025.04.25 01:31:07,2115,XAUUSD,sell,out,0.02,3369.42,2117,-0.07,0.00,-0.04,2 927.78,sl 3369.52
2025.04.25 08:32:00,2116,XAUUSD,sell,in,0.02,3314.18,2118,-0.07,0.00,0.00,2 927.71,
2025.04.25 08:33:26,2117,XAUUSD,buy,out,0.02,3314.15,2119,-0.07,0.00,0.06,2 927.70,sl 3314.15
2025.04.25 08:56:05,2118,XAUUSD,sell,in,0.02,3291.83,2120,-0.07,0.00,0.00,2 927.63,
2025.04.25 08:56:25,2119,XAUUSD,buy,out,0.02,3291.51,2121,-0.07,0.00,0.64,2 928.20,sl 3291.51
2025.04.25 09:20:19,2120,XAUUSD,sell,in,0.02,3296.13,2122,-0.07,0.00,0.00,2 928.13,
2025.04.25 09:21:14,2121,XAUUSD,buy,out,0.02,3296.18,2123,-0.07,0.00,-0.10,2 927.96,sl 3296.12
2025.04.25 09:44:19,2122,XAUUSD,sell,in,0.02,3305.72,2124,-0.07,0.00,0.00,2 927.89,
2025.04.25 09:44:32,2123,XAUUSD,buy,out,0.02,3305.70,2125,-0.07,0.00,0.04,2 927.86,sl 3305.70
2025.04.25 10:08:26,2124,XAUUSD,sell,in,0.02,3307.86,2126,-0.07,0.00,0.00,2 927.79,
2025.04.25 10:10:19,2125,XAUUSD,buy,out,0.02,3306.76,2127,-0.07,0.00,2.20,2 929.92,sl 3306.74
2025.04.25 10:32:29,2126,XAUUSD,sell,in,0.02,3307.56,2128,-0.07,0.00,0.00,2 929.85,
2025.04.25 10:33:43,2127,XAUUSD,buy,out,0.02,3307.41,2129,-0.07,0.00,0.30,2 930.08,sl 3307.34
2025.04.25 10:56:35,2128,XAUUSD,sell,in,0.02,3306.06,2130,-0.07,0.00,0.00,2 930.01,
2025.04.25 11:03:06,2129,XAUUSD,buy,out,0.02,3306.08,2131,-0.07,0.00,-0.04,2 929.90,sl 3306.04
2025.04.25 11:20:34,2130,XAUUSD,sell,in,0.02,3293.36,2132,-0.07,0.00,0.00,2 929.83,
2025.04.25 11:20:50,2131,XAUUSD,buy,out,0.02,3292.77,2133,-0.07,0.00,1.18,2 930.94,sl 3292.76
2025.04.25 11:44:51,2132,XAUUSD,sell,in,0.02,3300.88,2134,-0.07,0.00,0.00,2 930.87,
2025.04.25 12:31:55,2133,XAUUSD,buy,out,0.02,3299.68,2135,-0.07,0.00,2.40,2 933.20,sl 3299.67
2025.04.25 12:32:07,2134,XAUUSD,sell,in,0.02,3299.03,2136,-0.07,0.00,0.00,2 933.13,
2025.04.25 12:35:43,2135,XAUUSD,buy,out,0.02,3299.02,2137,-0.07,0.00,0.02,2 933.08,sl 3298.96
2025.04.25 12:56:08,2136,XAUUSD,sell,in,0.02,3293.87,2138,-0.07,0.00,0.00,2 933.01,
2025.04.25 12:58:18,2137,XAUUSD,buy,out,0.02,3292.81,2139,-0.07,0.00,2.12,2 935.06,sl 3292.80
2025.04.25 13:20:11,2138,XAUUSD,sell,in,0.02,3300.15,2140,-0.07,0.00,0.00,2 934.99,
2025.04.25 13:25:24,2139,XAUUSD,buy,out,0.02,3300.03,2141,-0.07,0.00,0.24,2 935.16,sl 3300.01
2025.04.25 13:44:13,2140,XAUUSD,sell,in,0.02,3302.99,2142,-0.07,0.00,0.00,2 935.09,
2025.04.25 13:46:37,2141,XAUUSD,buy,out,0.02,3302.16,2143,-0.07,0.00,1.66,2 936.68,sl 3302.15
2025.04.25 14:08:19,2142,XAUUSD,sell,in,0.02,3298.19,2144,-0.07,0.00,0.00,2 936.61,
2025.04.25 14:16:04,2143,XAUUSD,buy,out,0.02,3298.18,2145,-0.07,0.00,0.02,2 936.56,sl 3298.17
2025.04.25 14:32:20,2144,XAUUSD,sell,in,0.02,3299.55,2146,-0.07,0.00,0.00,2 936.49,
2025.04.25 14:32:48,2145,XAUUSD,buy,out,0.02,3299.52,2147,-0.07,0.00,0.06,2 936.48,sl 3299.52
2025.04.25 14:56:25,2146,XAUUSD,sell,in,0.02,3293.24,2148,-0.07,0.00,0.00,2 936.41,
2025.04.25 15:15:24,2147,XAUUSD,buy,out,0.02,3293.24,2149,-0.07,0.00,0.00,2 936.34,sl 3293.23
2025.04.25 15:20:27,2148,XAUUSD,sell,in,0.02,3293.50,2150,-0.07,0.00,0.00,2 936.27,
2025.04.25 15:20:51,2149,XAUUSD,buy,out,0.02,3293.50,2151,-0.07,0.00,0.00,2 936.20,sl 3293.47
2025.04.25 15:44:32,2150,XAUUSD,sell,in,0.02,3294.35,2152,-0.07,0.00,0.00,2 936.13,
2025.04.25 15:56:22,2151,XAUUSD,buy,out,0.02,3294.32,2153,-0.07,0.00,0.06,2 936.12,sl 3294.31
2025.04.25 16:08:39,2152,XAUUSD,sell,in,0.02,3282.52,2154,-0.07,0.00,0.00,2 936.05,
2025.04.25 16:09:13,2153,XAUUSD,buy,out,0.02,3282.51,2155,-0.07,0.00,0.02,2 936.00,sl 3282.50
2025.04.25 16:32:39,2154,XAUUSD,sell,in,0.02,3270.90,2156,-0.07,0.00,0.00,2 935.93,
2025.04.25 16:34:18,2155,XAUUSD,buy,out,0.02,3271.15,2157,-0.07,0.00,-0.50,2 935.36,sl 3270.89
2025.04.25 16:56:40,2156,XAUUSD,sell,in,0.02,3283.20,2158,-0.07,0.00,0.00,2 935.29,
2025.04.25 16:57:17,2157,XAUUSD,buy,out,0.02,3283.19,2159,-0.07,0.00,0.02,2 935.24,sl 3283.19
2025.04.25 17:20:40,2158,XAUUSD,sell,in,0.02,3278.86,2160,-0.07,0.00,0.00,2 935.17,
2025.04.25 17:51:47,2159,XAUUSD,buy,out,0.02,3276.86,2161,-0.07,0.00,4.00,2 939.10,sl 3276.86
2025.04.25 17:52:01,2160,XAUUSD,sell,in,0.02,3276.35,2162,-0.07,0.00,0.00,2 939.03,
2025.04.25 17:52:46,2161,XAUUSD,buy,out,0.02,3275.77,2163,-0.07,0.00,1.16,2 940.12,sl 3275.76
2025.04.25 18:16:09,2162,XAUUSD,sell,in,0.02,3273.94,2164,-0.07,0.00,0.00,2 940.05,
2025.04.25 18:16:18,2163,XAUUSD,buy,out,0.02,3273.69,2165,-0.07,0.00,0.50,2 940.48,sl 3273.67
2025.04.25 18:40:27,2164,XAUUSD,sell,in,0.02,3276.95,2166,-0.07,0.00,0.00,2 940.41,
2025.04.25 18:42:05,2165,XAUUSD,buy,out,0.02,3275.63,2167,-0.07,0.00,2.64,2 942.98,sl 3275.59
2025.04.25 19:04:31,2166,XAUUSD,sell,in,0.02,3283.61,2168,-0.07,0.00,0.00,2 942.91,
2025.04.25 19:07:24,2167,XAUUSD,buy,out,0.02,3283.42,2169,-0.07,0.00,0.38,2 943.22,sl 3283.36
2025.04.25 19:28:35,2168,XAUUSD,sell,in,0.02,3282.96,2170,-0.07,0.00,0.00,2 943.15,
2025.04.25 19:44:01,2169,XAUUSD,buy,out,0.02,3281.65,2171,-0.07,0.00,2.62,2 945.70,sl 3281.63
2025.04.25 19:52:44,2170,XAUUSD,sell,in,0.02,3285.03,2172,-0.07,0.00,0.00,2 945.63,
2025.04.25 19:54:08,2171,XAUUSD,buy,out,0.02,3284.22,2173,-0.07,0.00,1.62,2 947.18,sl 3284.13
2025.04.25 20:16:53,2172,XAUUSD,sell,in,0.02,3287.38,2174,-0.07,0.00,0.00,2 947.11,
2025.04.25 20:24:23,2173,XAUUSD,buy,out,0.02,3287.28,2175,-0.07,0.00,0.20,2 947.24,sl 3287.28
2025.04.25 20:40:55,2174,XAUUSD,sell,in,0.02,3292.51,2176,-0.07,0.00,0.00,2 947.17,
2025.04.25 20:44:31,2175,XAUUSD,buy,out,0.02,3292.56,2177,-0.07,0.00,-0.10,2 947.00,sl 3292.50
2025.04.25 21:04:55,2176,XAUUSD,sell,in,0.02,3293.61,2178,-0.07,0.00,0.00,2 946.93,
2025.04.25 21:15:38,2177,XAUUSD,buy,out,0.02,3293.60,2179,-0.07,0.00,0.02,2 946.88,sl 3293.57
2025.04.25 21:29:03,2178,XAUUSD,sell,in,0.02,3293.01,2180,-0.07,0.00,0.00,2 946.81,
2025.04.25 21:31:18,2179,XAUUSD,buy,out,0.02,3293.08,2181,-0.07,0.00,-0.14,2 946.60,sl 3293.00
2025.04.25 21:53:05,2180,XAUUSD,sell,in,0.02,3290.22,2182,-0.07,0.00,0.00,2 946.53,
2025.04.25 21:54:02,2181,XAUUSD,buy,out,0.02,3289.72,2183,-0.07,0.00,1.00,2 947.46,sl 3289.68
2025.04.25 22:17:13,2182,XAUUSD,sell,in,0.02,3291.40,2184,-0.07,0.00,0.00,2 947.39,
2025.04.25 22:17:28,2183,XAUUSD,buy,out,0.02,3291.40,2185,-0.07,0.00,0.00,2 947.32,sl 3291.36
2025.04.28 04:25:12,2184,XAUUSD,sell,in,0.02,3293.24,2186,-0.07,0.00,0.00,2 947.25,
2025.04.28 04:25:22,2185,XAUUSD,buy,out,0.02,3292.68,2187,-0.07,0.00,1.12,2 948.30,sl 3292.63
2025.04.28 04:49:15,2186,XAUUSD,sell,in,0.02,3287.97,2188,-0.07,0.00,0.00,2 948.23,
2025.04.28 04:49:33,2187,XAUUSD,buy,out,0.02,3287.78,2189,-0.07,0.00,0.38,2 948.54,sl 3287.78
2025.04.28 05:13:19,2188,XAUUSD,sell,in,0.02,3270.93,2190,-0.07,0.00,0.00,2 948.47,
2025.04.28 05:13:27,2189,XAUUSD,buy,out,0.02,3270.83,2191,-0.07,0.00,0.20,2 948.60,sl 3270.82
2025.04.28 05:37:23,2190,XAUUSD,sell,in,0.02,3277.89,2192,-0.07,0.00,0.00,2 948.53,
2025.04.28 05:38:00,2191,XAUUSD,buy,out,0.02,3277.88,2193,-0.07,0.00,0.02,2 948.48,sl 3277.75
2025.04.28 06:01:29,2192,XAUUSD,sell,in,0.02,3281.55,2194,-0.07,0.00,0.00,2 948.41,
2025.04.28 07:39:35,2193,XAUUSD,buy,in,0.18,3294.27,2195,-0.63,0.00,0.00,2 947.78,
2025.04.28 07:47:09,2194,XAUUSD,sell,out,0.18,3296.79,2196,-0.63,0.00,45.36,2 992.51,sl 3296.83
2025.04.28 10:05:03,2195,XAUUSD,buy,out,0.02,3281.12,2197,-0.07,0.00,0.86,2 993.30,sl 3280.99
2025.04.28 21:23:52,2196,XAUUSD,buy,in,0.02,3341.22,2198,-0.07,0.00,0.00,2 993.23,
2025.04.28 21:25:08,2197,XAUUSD,sell,out,0.02,3345.30,2199,-0.07,0.00,8.16,3 001.32,sl 3345.43
2025.04.28 21:47:59,2198,XAUUSD,buy,in,0.02,3348.47,2200,-0.07,0.00,0.00,3 001.25,
2025.04.28 21:49:17,2199,XAUUSD,sell,out,0.02,3348.96,2201,-0.07,0.00,0.98,3 002.16,sl 3348.96
2025.04.28 22:12:03,2200,XAUUSD,buy,in,0.02,3350.78,2202,-0.07,0.00,0.00,3 002.09,
2025.04.28 22:31:07,2201,XAUUSD,sell,out,0.02,3350.86,2203,-0.07,0.00,0.16,3 002.18,sl 3350.89
2025.04.28 22:36:04,2202,XAUUSD,buy,in,0.02,3349.26,2204,-0.07,0.00,0.00,3 002.11,
2025.04.28 22:46:28,2203,XAUUSD,sell,out,0.02,3349.84,2205,-0.07,0.00,1.16,3 003.20,sl 3349.84
2025.04.28 23:00:12,2204,XAUUSD,buy,in,0.02,3351.50,2206,-0.07,0.00,0.00,3 003.13,
2025.04.29 06:00:44,2205,XAUUSD,sell,out,0.02,3318.69,2207,-0.07,-1.14,-65.62,2 936.30,
2025.04.30 11:14:43,2206,XAUUSD,sell,in,0.02,3288.31,2208,-0.07,0.00,0.00,2 936.23,
2025.04.30 11:15:13,2207,XAUUSD,buy,out,0.02,3285.23,2209,-0.07,0.00,6.16,2 942.32,sl 3285.19
2025.04.30 11:39:13,2208,XAUUSD,sell,in,0.02,3287.12,2210,-0.07,0.00,0.00,2 942.25,
2025.04.30 11:39:44,2209,XAUUSD,buy,out,0.02,3286.67,2211,-0.07,0.00,0.90,2 943.08,sl 3286.66
2025.04.30 12:03:19,2210,XAUUSD,sell,in,0.02,3284.33,2212,-0.07,0.00,0.00,2 943.01,
2025.04.30 12:04:20,2211,XAUUSD,buy,out,0.02,3284.13,2213,-0.07,0.00,0.40,2 943.34,sl 3284.09
2025.04.30 12:27:27,2212,XAUUSD,sell,in,0.02,3281.37,2214,-0.07,0.00,0.00,2 943.27,
2025.04.30 12:50:04,2213,XAUUSD,buy,out,0.02,3280.78,2215,-0.07,0.00,1.18,2 944.38,sl 3280.74
2025.04.30 12:51:30,2214,XAUUSD,sell,in,0.02,3279.35,2216,-0.07,0.00,0.00,2 944.31,
2025.04.30 12:52:07,2215,XAUUSD,buy,out,0.02,3279.33,2217,-0.07,0.00,0.04,2 944.28,sl 3279.33
2025.04.30 13:15:34,2216,XAUUSD,sell,in,0.02,3273.73,2218,-0.07,0.00,0.00,2 944.21,
2025.04.30 13:19:44,2217,XAUUSD,buy,out,0.02,3273.19,2219,-0.07,0.00,1.08,2 945.22,sl 3273.18
2025.04.30 13:39:37,2218,XAUUSD,sell,in,0.02,3278.48,2220,-0.07,0.00,0.00,2 945.15,
2025.04.30 13:41:39,2219,XAUUSD,buy,out,0.02,3277.78,2221,-0.07,0.00,1.40,2 946.48,sl 3277.69
2025.04.30 14:03:43,2220,XAUUSD,sell,in,0.02,3268.86,2222,-0.07,0.00,0.00,2 946.41,
2025.04.30 15:05:11,2221,XAUUSD,buy,out,0.02,3268.72,2223,-0.07,0.00,0.28,2 946.62,sl 3268.72
2025.04.30 15:05:15,2222,XAUUSD,sell,in,0.02,3268.66,2224,-0.07,0.00,0.00,2 946.55,
2025.04.30 16:35:25,2223,XAUUSD,buy,out,0.02,3310.53,2225,-0.07,0.00,-83.74,2 862.74,
2025.05.01 01:13:48,2224,XAUUSD,sell,in,0.02,3280.29,2226,-0.07,0.00,0.00,2 862.67,
2025.05.01 01:14:26,2225,XAUUSD,buy,out,0.02,3278.01,2227,-0.07,0.00,4.56,2 867.16,sl 3278.01
2025.05.01 01:37:56,2226,XAUUSD,sell,in,0.02,3276.58,2228,-0.07,0.00,0.00,2 867.09,
2025.05.01 01:38:30,2227,XAUUSD,buy,out,0.02,3273.29,2229,-0.07,0.00,6.58,2 873.60,sl 3273.11
2025.05.01 02:02:07,2228,XAUUSD,sell,in,0.02,3277.95,2230,-0.07,0.00,0.00,2 873.53,
2025.05.01 02:02:53,2229,XAUUSD,buy,out,0.02,3276.88,2231,-0.07,0.00,2.14,2 875.60,sl 3276.88
2025.05.01 02:26:22,2230,XAUUSD,sell,in,0.02,3276.70,2232,-0.07,0.00,0.00,2 875.53,
2025.05.01 02:31:02,2231,XAUUSD,buy,out,0.02,3276.69,2233,-0.07,0.00,0.02,2 875.48,sl 3276.67
2025.05.01 02:50:28,2232,XAUUSD,sell,in,0.02,3276.09,2234,-0.07,0.00,0.00,2 875.41,
2025.05.01 02:52:37,2233,XAUUSD,buy,out,0.02,3273.66,2235,-0.07,0.00,4.86,2 880.20,sl 3273.63
2025.05.01 03:14:34,2234,XAUUSD,sell,in,0.02,3275.33,2236,-0.07,0.00,0.00,2 880.13,
2025.05.01 03:17:08,2235,XAUUSD,buy,out,0.02,3274.62,2237,-0.07,0.00,1.42,2 881.48,sl 3274.62
2025.05.01 03:38:39,2236,XAUUSD,sell,in,0.02,3250.72,2238,-0.07,0.00,0.00,2 881.41,
2025.05.01 03:38:58,2237,XAUUSD,buy,out,0.02,3249.51,2239,-0.07,0.00,2.42,2 883.76,sl 3249.24
2025.05.01 04:02:42,2238,XAUUSD,sell,in,0.02,3244.33,2240,-0.07,0.00,0.00,2 883.69,
2025.05.01 04:05:17,2239,XAUUSD,buy,out,0.02,3244.13,2241,-0.07,0.00,0.40,2 884.02,sl 3244.13
2025.05.01 04:26:46,2240,XAUUSD,sell,in,0.02,3248.31,2242,-0.07,0.00,0.00,2 883.95,
2025.05.01 04:27:09,2241,XAUUSD,buy,out,0.02,3248.32,2243,-0.07,0.00,-0.02,2 883.86,sl 3248.30
2025.05.01 04:50:45,2242,XAUUSD,sell,in,0.02,3238.19,2244,-0.07,0.00,0.00,2 883.79,
2025.05.01 04:51:02,2243,XAUUSD,buy,out,0.02,3236.82,2245,-0.07,0.00,2.74,2 886.46,sl 3236.74
2025.05.01 05:14:52,2244,XAUUSD,sell,in,0.02,3240.24,2246,-0.07,0.00,0.00,2 886.39,
2025.05.01 06:01:20,2245,XAUUSD,buy,out,0.02,3240.19,2247,-0.07,0.00,0.10,2 886.42,sl 3240.19
2025.05.01 06:01:26,2246,XAUUSD,sell,in,0.02,3240.63,2248,-0.07,0.00,0.00,2 886.35,
2025.05.01 06:03:24,2247,XAUUSD,buy,out,0.02,3239.45,2249,-0.07,0.00,2.36,2 888.64,sl 3239.45
2025.05.01 06:25:28,2248,XAUUSD,sell,in,0.02,3233.31,2250,-0.07,0.00,0.00,2 888.57,
2025.05.01 06:26:20,2249,XAUUSD,buy,out,0.02,3233.13,2251,-0.07,0.00,0.36,2 888.86,sl 3233.09
2025.05.01 06:49:37,2250,XAUUSD,sell,in,0.02,3234.14,2252,-0.07,0.00,0.00,2 888.79,
2025.05.01 06:50:05,2251,XAUUSD,buy,out,0.02,3233.34,2253,-0.07,0.00,1.60,2 890.32,sl 3233.31
2025.05.01 07:13:38,2252,XAUUSD,sell,in,0.02,3228.79,2254,-0.07,0.00,0.00,2 890.25,
2025.05.01 07:14:09,2253,XAUUSD,buy,out,0.02,3228.80,2255,-0.07,0.00,-0.02,2 890.16,sl 3228.75
2025.05.01 07:37:44,2254,XAUUSD,sell,in,0.02,3223.40,2256,-0.07,0.00,0.00,2 890.09,
2025.05.01 07:39:37,2255,XAUUSD,buy,out,0.02,3222.17,2257,-0.07,0.00,2.46,2 892.48,sl 3222.15
2025.05.01 08:02:01,2256,XAUUSD,sell,in,0.02,3227.29,2258,-0.07,0.00,0.00,2 892.41,
2025.05.01 08:04:48,2257,XAUUSD,buy,out,0.02,3224.84,2259,-0.07,0.00,4.90,2 897.24,sl 3224.78
2025.05.01 08:26:04,2258,XAUUSD,sell,in,0.02,3228.21,2260,-0.07,0.00,0.00,2 897.17,
2025.05.01 10:04:06,2259,XAUUSD,buy,in,0.18,3232.42,2261,-0.63,0.00,0.00,2 896.54,
2025.05.01 10:05:46,2260,XAUUSD,sell,out,0.18,3232.68,2262,-0.63,0.00,4.68,2 900.59,sl 3232.70
2025.05.01 10:20:50,2261,XAUUSD,buy,out,0.02,3226.85,2263,-0.07,0.00,2.72,2 903.24,sl 3226.76
2025.05.02 18:48:47,2262,XAUUSD,sell,in,0.02,3233.57,2264,-0.07,0.00,0.00,2 903.17,
2025.05.02 18:49:01,2263,XAUUSD,buy,out,0.02,3233.63,2265,-0.07,0.00,-0.12,2 902.98,sl 3233.55
2025.05.02 19:12:59,2264,XAUUSD,sell,in,0.02,3226.79,2266,-0.07,0.00,0.00,2 902.91,
2025.05.02 19:55:53,2265,XAUUSD,buy,out,0.02,3226.62,2267,-0.07,0.00,0.34,2 903.18,sl 3226.60
2025.05.02 19:56:01,2266,XAUUSD,sell,in,0.02,3226.49,2268,-0.07,0.00,0.00,2 903.11,
2025.05.02 19:56:23,2267,XAUUSD,buy,out,0.02,3226.62,2269,-0.07,0.00,-0.26,2 902.78,sl 3226.48
2025.05.02 20:37:27,2268,XAUUSD,sell,in,0.02,3231.99,2270,-0.07,0.00,0.00,2 902.71,
2025.05.02 20:38:13,2269,XAUUSD,buy,out,0.02,3231.54,2271,-0.07,0.00,0.90,2 903.54,sl 3231.52
2025.05.02 21:01:28,2270,XAUUSD,sell,in,0.02,3231.01,2272,-0.07,0.00,0.00,2 903.47,
2025.05.02 21:02:15,2271,XAUUSD,buy,out,0.02,3230.67,2273,-0.07,0.00,0.68,2 904.08,sl 3230.62
2025.05.02 21:25:29,2272,XAUUSD,sell,in,0.02,3227.89,2274,-0.07,0.00,0.00,2 904.01,
2025.05.02 21:34:58,2273,XAUUSD,buy,out,0.02,3226.91,2275,-0.07,0.00,1.96,2 905.90,sl 3226.84
2025.05.02 21:49:34,2274,XAUUSD,sell,in,0.02,3227.41,2276,-0.07,0.00,0.00,2 905.83,
2025.05.02 21:52:20,2275,XAUUSD,buy,out,0.02,3226.80,2277,-0.07,0.00,1.22,2 906.98,sl 3226.62
2025.05.02 22:13:41,2276,XAUUSD,sell,in,0.02,3229.94,2278,-0.07,0.00,0.00,2 906.91,
2025.05.02 22:14:10,2277,XAUUSD,buy,out,0.02,3229.91,2279,-0.07,0.00,0.06,2 906.90,sl 3229.91
2025.05.02 22:37:48,2278,XAUUSD,sell,in,0.02,3229.57,2280,-0.07,0.00,0.00,2 906.83,
2025.05.05 04:07:52,2279,XAUUSD,buy,in,0.18,3255.05,2281,-0.63,0.00,0.00,2 906.20,
2025.05.05 04:09:25,2280,XAUUSD,sell,out,0.18,3255.33,2282,-0.63,0.00,5.04,2 910.61,sl 3255.38
2025.05.05 04:25:58,2281,XAUUSD,buy,out,0.02,3265.25,2283,-0.07,0.81,-71.36,2 839.99,
2025.05.05 12:02:55,2282,XAUUSD,buy,in,0.02,3286.42,2284,-0.07,0.00,0.00,2 839.92,
2025.05.05 12:03:05,2283,XAUUSD,sell,out,0.02,3286.43,2285,-0.07,0.00,0.02,2 839.87,sl 3286.48
2025.05.05 12:26:58,2284,XAUUSD,buy,in,0.02,3298.70,2286,-0.07,0.00,0.00,2 839.80,
2025.05.05 12:27:39,2285,XAUUSD,sell,out,0.02,3298.74,2287,-0.07,0.00,0.08,2 839.81,sl 3298.83
2025.05.05 12:51:15,2286,XAUUSD,buy,in,0.02,3302.38,2288,-0.07,0.00,0.00,2 839.74,
2025.05.05 12:52:23,2287,XAUUSD,sell,out,0.02,3302.40,2289,-0.07,0.00,0.04,2 839.71,sl 3302.41
2025.05.05 13:15:15,2288,XAUUSD,buy,in,0.02,3309.84,2290,-0.07,0.00,0.00,2 839.64,
2025.05.05 13:16:38,2289,XAUUSD,sell,out,0.02,3310.73,2291,-0.07,0.00,1.78,2 841.35,sl 3310.73
2025.05.05 13:39:20,2290,XAUUSD,buy,in,0.02,3312.70,2292,-0.07,0.00,0.00,2 841.28,
2025.05.05 13:42:38,2291,XAUUSD,sell,out,0.02,3314.35,2293,-0.07,0.00,3.30,2 844.51,sl 3314.35
2025.05.05 14:03:24,2292,XAUUSD,buy,in,0.02,3313.91,2294,-0.07,0.00,0.00,2 844.44,
2025.05.05 14:04:23,2293,XAUUSD,sell,out,0.02,3313.90,2295,-0.07,0.00,-0.02,2 844.35,sl 3313.94
2025.05.05 14:27:30,2294,XAUUSD,buy,in,0.02,3314.37,2296,-0.07,0.00,0.00,2 844.28,
2025.05.05 14:28:04,2295,XAUUSD,sell,out,0.02,3314.34,2297,-0.07,0.00,-0.06,2 844.15,sl 3314.41
2025.05.05 14:51:29,2296,XAUUSD,buy,in,0.02,3314.78,2298,-0.07,0.00,0.00,2 844.08,
2025.05.05 15:03:15,2297,XAUUSD,sell,out,0.02,3315.08,2299,-0.07,0.00,0.60,2 844.61,sl 3315.09
2025.05.05 15:15:35,2298,XAUUSD,buy,in,0.02,3315.39,2300,-0.07,0.00,0.00,2 844.54,
2025.05.05 15:17:27,2299,XAUUSD,sell,out,0.02,3316.61,2301,-0.07,0.00,2.44,2 846.91,sl 3316.62
2025.05.05 15:39:37,2300,XAUUSD,buy,in,0.02,3318.35,2302,-0.07,0.00,0.00,2 846.84,
2025.05.05 15:40:43,2301,XAUUSD,sell,out,0.02,3318.40,2303,-0.07,0.00,0.10,2 846.87,sl 3318.42
2025.05.05 16:03:45,2302,XAUUSD,buy,in,0.02,3317.99,2304,-0.07,0.00,0.00,2 846.80,
2025.05.05 16:05:45,2303,XAUUSD,sell,out,0.02,3318.90,2305,-0.07,0.00,1.82,2 848.55,sl 3318.91
2025.05.05 16:27:48,2304,XAUUSD,buy,in,0.02,3319.46,2306,-0.07,0.00,0.00,2 848.48,
2025.05.05 16:29:32,2305,XAUUSD,sell,out,0.02,3319.61,2307,-0.07,0.00,0.30,2 848.71,sl 3319.62
2025.05.05 16:51:48,2306,XAUUSD,buy,in,0.02,3318.11,2308,-0.07,0.00,0.00,2 848.64,
2025.05.05 16:52:40,2307,XAUUSD,sell,out,0.02,3319.12,2309,-0.07,0.00,2.02,2 850.59,sl 3319.12
2025.05.05 17:15:52,2308,XAUUSD,buy,in,0.02,3313.88,2310,-0.07,0.00,0.00,2 850.52,
2025.05.05 17:16:00,2309,XAUUSD,sell,out,0.02,3313.86,2311,-0.07,0.00,-0.04,2 850.41,sl 3313.90
2025.05.05 17:39:53,2310,XAUUSD,buy,in,0.02,3312.81,2312,-0.07,0.00,0.00,2 850.34,
2025.05.05 17:40:09,2311,XAUUSD,sell,out,0.02,3313.39,2313,-0.07,0.00,1.16,2 851.43,sl 3313.40
2025.05.05 18:03:54,2312,XAUUSD,buy,in,0.02,3312.07,2314,-0.07,0.00,0.00,2 851.36,
2025.05.05 18:04:59,2313,XAUUSD,sell,out,0.02,3312.17,2315,-0.07,0.00,0.20,2 851.49,sl 3312.18
2025.05.05 18:27:58,2314,XAUUSD,buy,in,0.02,3312.93,2316,-0.07,0.00,0.00,2 851.42,
2025.05.05 18:34:50,2315,XAUUSD,sell,out,0.02,3315.10,2317,-0.07,0.00,4.34,2 855.69,sl 3315.10
2025.05.05 18:52:14,2316,XAUUSD,buy,in,0.02,3314.24,2318,-0.07,0.00,0.00,2 855.62,
2025.05.05 20:28:06,2317,XAUUSD,sell,out,0.02,3315.10,2319,-0.07,0.00,1.72,2 857.27,sl 3315.14
2025.05.05 20:28:08,2318,XAUUSD,buy,in,0.02,3314.41,2320,-0.07,0.00,0.00,2 857.20,
2025.05.05 20:31:14,2319,XAUUSD,sell,out,0.02,3314.69,2321,-0.07,0.00,0.56,2 857.69,sl 3314.69
2025.05.05 20:52:11,2320,XAUUSD,buy,in,0.02,3315.54,2322,-0.07,0.00,0.00,2 857.62,
2025.05.05 20:56:46,2321,XAUUSD,sell,out,0.02,3317.70,2323,-0.07,0.00,4.32,2 861.87,sl 3317.70
2025.05.05 21:16:16,2322,XAUUSD,buy,in,0.02,3316.20,2324,-0.07,0.00,0.00,2 861.80,
2025.05.05 21:21:34,2323,XAUUSD,sell,out,0.02,3318.25,2325,-0.07,0.00,4.10,2 865.83,sl 3318.27
2025.05.05 21:40:16,2324,XAUUSD,buy,in,0.02,3320.08,2326,-0.07,0.00,0.00,2 865.76,
2025.05.05 21:43:42,2325,XAUUSD,sell,out,0.02,3320.38,2327,-0.07,0.00,0.60,2 866.29,sl 3320.40
2025.05.05 22:04:25,2326,XAUUSD,buy,in,0.02,3323.98,2328,-0.07,0.00,0.00,2 866.22,
2025.05.05 22:08:05,2327,XAUUSD,sell,out,0.02,3324.76,2329,-0.07,0.00,1.56,2 867.71,sl 3324.78
2025.05.05 22:28:29,2328,XAUUSD,buy,in,0.02,3334.26,2330,-0.07,0.00,0.00,2 867.64,
2025.05.05 22:29:24,2329,XAUUSD,sell,out,0.02,3335.38,2331,-0.07,0.00,2.24,2 869.81,sl 3335.42
2025.05.05 22:52:31,2330,XAUUSD,buy,in,0.02,3333.21,2332,-0.07,0.00,0.00,2 869.74,
2025.05.05 22:53:04,2331,XAUUSD,sell,out,0.02,3333.40,2333,-0.07,0.00,0.38,2 870.05,sl 3333.45
2025.05.05 23:16:35,2332,XAUUSD,buy,in,0.02,3330.53,2334,-0.07,0.00,0.00,2 869.98,
2025.05.05 23:24:48,2333,XAUUSD,sell,out,0.02,3330.64,2335,-0.07,0.00,0.22,2 870.13,sl 3330.67
2025.05.05 23:40:41,2334,XAUUSD,buy,in,0.02,3333.84,2336,-0.07,0.00,0.00,2 870.06,
2025.05.05 23:56:42,2335,XAUUSD,sell,out,0.02,3334.05,2337,-0.07,0.00,0.42,2 870.41,sl 3334.05
2025.05.06 01:02:05,2336,XAUUSD,buy,in,0.02,3337.12,2338,-0.07,0.00,0.00,2 870.34,
2025.05.06 01:02:52,2337,XAUUSD,sell,out,0.02,3337.25,2339,-0.07,0.00,0.26,2 870.53,sl 3337.27
2025.05.06 01:26:14,2338,XAUUSD,buy,in,0.02,3329.73,2340,-0.07,0.00,0.00,2 870.46,
2025.05.06 01:30:56,2339,XAUUSD,sell,out,0.02,3329.81,2341,-0.07,0.00,0.16,2 870.55,sl 3329.81
2025.05.06 01:50:16,2340,XAUUSD,buy,in,0.02,3332.51,2342,-0.07,0.00,0.00,2 870.48,
2025.05.06 02:05:12,2341,XAUUSD,sell,out,0.02,3332.60,2343,-0.07,0.00,0.18,2 870.59,sl 3332.60
2025.05.06 02:14:29,2342,XAUUSD,buy,in,0.02,3331.54,2344,-0.07,0.00,0.00,2 870.52,
2025.05.06 02:15:14,2343,XAUUSD,sell,out,0.02,3333.16,2345,-0.07,0.00,3.24,2 873.69,sl 3333.17
2025.05.06 02:38:37,2344,XAUUSD,buy,in,0.02,3333.58,2346,-0.07,0.00,0.00,2 873.62,
2025.05.06 02:49:02,2345,XAUUSD,sell,out,0.02,3333.81,2347,-0.07,0.00,0.46,2 874.01,sl 3333.86
2025.05.06 03:02:43,2346,XAUUSD,buy,in,0.02,3333.86,2348,-0.07,0.00,0.00,2 873.94,
2025.05.06 04:00:27,2347,XAUUSD,sell,out,0.02,3334.09,2349,-0.07,0.00,0.46,2 874.33,sl 3334.09
2025.05.06 04:00:41,2348,XAUUSD,buy,in,0.02,3335.17,2350,-0.07,0.00,0.00,2 874.26,
2025.05.06 04:01:00,2349,XAUUSD,sell,out,0.02,3335.65,2351,-0.07,0.00,0.96,2 875.15,sl 3335.71
2025.05.06 04:24:48,2350,XAUUSD,buy,in,0.02,3358.78,2352,-0.07,0.00,0.00,2 875.08,
2025.05.06 04:25:04,2351,XAUUSD,sell,out,0.02,3358.76,2353,-0.07,0.00,-0.04,2 874.97,sl 3358.81
2025.05.06 04:48:54,2352,XAUUSD,buy,in,0.02,3379.20,2354,-0.07,0.00,0.00,2 874.90,
2025.05.06 04:53:01,2353,XAUUSD,sell,out,0.02,3379.47,2355,-0.07,0.00,0.54,2 875.37,sl 3379.47
2025.05.06 05:12:55,2354,XAUUSD,buy,in,0.02,3382.50,2356,-0.07,0.00,0.00,2 875.30,
2025.05.06 05:13:30,2355,XAUUSD,sell,out,0.02,3382.67,2357,-0.07,0.00,0.34,2 875.57,sl 3382.70
2025.05.06 05:36:55,2356,XAUUSD,buy,in,0.02,3365.30,2358,-0.07,0.00,0.00,2 875.50,
2025.05.06 05:37:04,2357,XAUUSD,sell,out,0.02,3365.42,2359,-0.07,0.00,0.24,2 875.67,sl 3365.52
2025.05.08 09:17:46,2358,XAUUSD,sell,in,0.02,3337.76,2360,-0.07,0.00,0.00,2 875.60,
2025.05.08 09:18:11,2359,XAUUSD,buy,out,0.02,3337.65,2361,-0.07,0.00,0.22,2 875.75,sl 3337.54
2025.05.08 09:41:49,2360,XAUUSD,sell,in,0.02,3332.75,2362,-0.07,0.00,0.00,2 875.68,
2025.05.08 09:43:16,2361,XAUUSD,buy,out,0.02,3331.67,2363,-0.07,0.00,2.16,2 877.77,sl 3331.66
2025.05.08 10:05:53,2362,XAUUSD,sell,in,0.02,3332.17,2364,-0.07,0.00,0.00,2 877.70,
2025.05.08 11:43:57,2363,XAUUSD,buy,in,0.18,3342.47,2365,-0.63,0.00,0.00,2 877.07,
2025.05.08 12:06:35,2364,XAUUSD,sell,out,0.18,3342.98,2366,-0.63,0.00,9.18,2 885.62,sl 3342.98
2025.05.08 12:59:39,2365,XAUUSD,buy,out,0.02,3331.94,2367,-0.07,0.00,0.46,2 886.01,sl 3331.94
2025.05.08 18:46:56,2366,XAUUSD,sell,in,0.02,3331.06,2368,-0.07,0.00,0.00,2 885.94,
2025.05.08 18:50:08,2367,XAUUSD,buy,out,0.02,3329.59,2369,-0.07,0.00,2.94,2 888.81,sl 3329.59
2025.05.08 19:11:07,2368,XAUUSD,sell,in,0.02,3321.65,2370,-0.07,0.00,0.00,2 888.74,
2025.05.08 19:11:59,2369,XAUUSD,buy,out,0.02,3319.52,2371,-0.07,0.00,4.26,2 892.93,sl 3319.52
2025.05.08 19:35:13,2370,XAUUSD,sell,in,0.02,3310.99,2372,-0.07,0.00,0.00,2 892.86,
2025.05.08 19:35:29,2371,XAUUSD,buy,out,0.02,3311.11,2373,-0.07,0.00,-0.24,2 892.55,sl 3310.94
2025.05.08 19:59:13,2372,XAUUSD,sell,in,0.02,3309.96,2374,-0.07,0.00,0.00,2 892.48,
2025.05.08 20:00:34,2373,XAUUSD,buy,out,0.02,3308.72,2375,-0.07,0.00,2.48,2 894.89,sl 3308.72
2025.05.08 20:23:20,2374,XAUUSD,sell,in,0.02,3304.68,2376,-0.07,0.00,0.00,2 894.82,
2025.05.08 20:23:56,2375,XAUUSD,buy,out,0.02,3304.04,2377,-0.07,0.00,1.28,2 896.03,sl 3303.97
2025.05.08 20:47:21,2376,XAUUSD,sell,in,0.02,3303.43,2378,-0.07,0.00,0.00,2 895.96,
2025.05.08 20:48:48,2377,XAUUSD,buy,out,0.02,3302.90,2379,-0.07,0.00,1.06,2 896.95,sl 3302.85
2025.05.08 21:11:27,2378,XAUUSD,sell,in,0.02,3309.83,2380,-0.07,0.00,0.00,2 896.88,
2025.05.08 21:12:20,2379,XAUUSD,buy,out,0.02,3308.94,2381,-0.07,0.00,1.78,2 898.59,sl 3308.93
2025.05.08 21:35:26,2380,XAUUSD,sell,in,0.02,3308.88,2382,-0.07,0.00,0.00,2 898.52,
2025.05.08 21:37:39,2381,XAUUSD,buy,out,0.02,3308.57,2383,-0.07,0.00,0.62,2 899.07,sl 3308.51
2025.05.08 21:59:32,2382,XAUUSD,sell,in,0.02,3308.46,2384,-0.07,0.00,0.00,2 899.00,
2025.05.08 22:06:00,2383,XAUUSD,buy,out,0.02,3303.00,2385,-0.07,0.00,10.92,2 909.85,sl 3303.00
2025.05.08 22:23:45,2384,XAUUSD,sell,in,0.02,3293.37,2386,-0.07,0.00,0.00,2 909.78,
2025.05.08 22:24:22,2385,XAUUSD,buy,out,0.02,3292.95,2387,-0.07,0.00,0.84,2 910.55,sl 3292.94
2025.05.08 22:47:50,2386,XAUUSD,sell,in,0.02,3305.79,2388,-0.07,0.00,0.00,2 910.48,
2025.05.08 23:44:00,2387,XAUUSD,buy,out,0.02,3304.82,2389,-0.07,0.00,1.94,2 912.35,sl 3304.82
2025.05.08 23:44:03,2388,XAUUSD,sell,in,0.02,3304.80,2390,-0.07,0.00,0.00,2 912.28,
2025.05.09 01:22:08,2389,XAUUSD,buy,in,0.18,3314.11,2391,-0.63,0.00,0.00,2 911.65,
2025.05.09 01:25:01,2390,XAUUSD,sell,out,0.18,3314.71,2392,-0.63,0.00,10.80,2 921.82,sl 3314.72
2025.05.09 04:25:52,2391,XAUUSD,buy,out,0.02,3303.25,2393,-0.07,0.81,3.10,2 925.66,sl 3303.25
2025.05.12 01:02:10,2392,XAUUSD,sell,in,0.02,3286.87,2394,-0.07,0.00,0.00,2 925.59,
2025.05.12 01:02:45,2393,XAUUSD,buy,out,0.02,3290.95,2395,-0.07,0.00,-8.16,2 917.36,sl 3286.81
2025.05.12 01:26:12,2394,XAUUSD,sell,in,0.02,3280.36,2396,-0.07,0.00,0.00,2 917.29,
2025.05.12 01:26:34,2395,XAUUSD,buy,out,0.02,3279.23,2397,-0.07,0.00,2.26,2 919.48,sl 3279.23
2025.05.12 01:50:17,2396,XAUUSD,sell,in,0.02,3277.79,2398,-0.07,0.00,0.00,2 919.41,
2025.05.12 01:52:01,2397,XAUUSD,buy,out,0.02,3277.08,2399,-0.07,0.00,1.42,2 920.76,sl 3277.08
2025.05.12 02:14:18,2398,XAUUSD,sell,in,0.02,3276.09,2400,-0.07,0.00,0.00,2 920.69,
2025.05.12 03:41:42,2399,XAUUSD,buy,out,0.02,3275.85,2401,-0.07,0.00,0.48,2 921.10,sl 3275.82
2025.05.12 03:41:55,2400,XAUUSD,sell,in,0.02,3275.56,2402,-0.07,0.00,0.00,2 921.03,
2025.05.12 03:42:18,2401,XAUUSD,buy,out,0.02,3274.32,2403,-0.07,0.00,2.48,2 923.44,sl 3274.32
2025.05.12 04:06:01,2402,XAUUSD,sell,in,0.02,3271.76,2404,-0.07,0.00,0.00,2 923.37,
2025.05.12 04:09:36,2403,XAUUSD,buy,out,0.02,3269.01,2405,-0.07,0.00,5.50,2 928.80,sl 3269.01
2025.05.12 04:30:01,2404,XAUUSD,sell,in,0.02,3264.42,2406,-0.07,0.00,0.00,2 928.73,
2025.05.12 04:30:22,2405,XAUUSD,buy,out,0.02,3264.43,2407,-0.07,0.00,-0.02,2 928.64,sl 3264.40
2025.05.12 04:54:08,2406,XAUUSD,sell,in,0.02,3270.44,2408,-0.07,0.00,0.00,2 928.57,
2025.05.12 05:36:34,2407,XAUUSD,buy,out,0.02,3270.40,2409,-0.07,0.00,0.08,2 928.58,sl 3270.39
2025.05.12 05:36:48,2408,XAUUSD,sell,in,0.02,3271.17,2410,-0.07,0.00,0.00,2 928.51,
2025.05.12 05:37:19,2409,XAUUSD,buy,out,0.02,3270.85,2411,-0.07,0.00,0.64,2 929.08,sl 3270.77
2025.05.12 06:00:49,2410,XAUUSD,sell,in,0.02,3272.14,2412,-0.07,0.00,0.00,2 929.01,
2025.05.12 06:02:42,2411,XAUUSD,buy,out,0.02,3271.31,2413,-0.07,0.00,1.66,2 930.60,sl 3271.25
2025.05.12 06:24:51,2412,XAUUSD,sell,in,0.02,3277.87,2414,-0.07,0.00,0.00,2 930.53,
2025.05.12 07:31:57,2413,XAUUSD,buy,out,0.02,3277.85,2415,-0.07,0.00,0.04,2 930.50,sl 3277.85
2025.05.12 07:31:59,2414,XAUUSD,sell,in,0.02,3277.79,2416,-0.07,0.00,0.00,2 930.43,
2025.05.12 07:34:00,2415,XAUUSD,buy,out,0.02,3277.79,2417,-0.07,0.00,0.00,2 930.36,sl 3277.76
2025.05.12 07:56:07,2416,XAUUSD,sell,in,0.02,3278.10,2418,-0.07,0.00,0.00,2 930.29,
2025.05.12 08:02:10,2417,XAUUSD,buy,out,0.02,3278.09,2419,-0.07,0.00,0.02,2 930.24,sl 3278.09
2025.05.12 08:20:13,2418,XAUUSD,sell,in,0.02,3273.75,2420,-0.07,0.00,0.00,2 930.17,
2025.05.12 08:27:04,2419,XAUUSD,buy,out,0.02,3273.12,2421,-0.07,0.00,1.26,2 931.36,sl 3273.09
2025.05.12 08:44:14,2420,XAUUSD,sell,in,0.02,3268.94,2422,-0.07,0.00,0.00,2 931.29,
2025.05.12 10:00:24,2421,XAUUSD,buy,out,0.02,3269.08,2423,-0.07,0.00,-0.28,2 930.94,sl 3268.87
2025.05.12 10:00:28,2422,XAUUSD,sell,in,0.02,3266.94,2424,-0.07,0.00,0.00,2 930.87,
2025.05.12 10:00:46,2423,XAUUSD,buy,out,0.02,3260.77,2425,-0.07,0.00,12.34,2 943.14,sl 3260.76
2025.05.12 10:24:31,2424,XAUUSD,sell,in,0.02,3236.72,2426,-0.07,0.00,0.00,2 943.07,
2025.05.12 10:25:59,2425,XAUUSD,buy,out,0.02,3234.24,2427,-0.07,0.00,4.96,2 947.96,sl 3234.22
2025.05.12 10:48:35,2426,XAUUSD,sell,in,0.02,3222.23,2428,-0.07,0.00,0.00,2 947.89,
2025.05.12 10:48:54,2427,XAUUSD,buy,out,0.02,3221.78,2429,-0.07,0.00,0.90,2 948.72,sl 3221.75
2025.05.12 11:12:39,2428,XAUUSD,sell,in,0.02,3224.64,2430,-0.07,0.00,0.00,2 948.65,
2025.05.12 11:13:34,2429,XAUUSD,buy,out,0.02,3223.44,2431,-0.07,0.00,2.40,2 950.98,sl 3223.22
2025.05.12 11:36:44,2430,XAUUSD,sell,in,0.02,3229.06,2432,-0.07,0.00,0.00,2 950.91,
2025.05.12 11:37:51,2431,XAUUSD,buy,out,0.02,3228.90,2433,-0.07,0.00,0.32,2 951.16,sl 3228.90
2025.05.12 12:00:50,2432,XAUUSD,sell,in,0.02,3230.01,2434,-0.07,0.00,0.00,2 951.09,
2025.05.12 12:01:30,2433,XAUUSD,buy,out,0.02,3229.96,2435,-0.07,0.00,0.10,2 951.12,sl 3229.80
2025.05.12 12:24:51,2434,XAUUSD,sell,in,0.02,3228.62,2436,-0.07,0.00,0.00,2 951.05,
2025.05.12 12:28:23,2435,XAUUSD,buy,out,0.02,3227.76,2437,-0.07,0.00,1.72,2 952.70,sl 3227.75
2025.05.12 12:48:54,2436,XAUUSD,sell,in,0.02,3221.17,2438,-0.07,0.00,0.00,2 952.63,
2025.05.12 12:52:13,2437,XAUUSD,buy,out,0.02,3220.44,2439,-0.07,0.00,1.46,2 954.02,sl 3220.42
2025.05.12 13:13:01,2438,XAUUSD,sell,in,0.02,3215.07,2440,-0.07,0.00,0.00,2 953.95,
2025.05.12 13:16:32,2439,XAUUSD,buy,out,0.02,3213.47,2441,-0.07,0.00,3.20,2 957.08,sl 3213.42
2025.05.12 13:37:10,2440,XAUUSD,sell,in,0.02,3214.84,2442,-0.07,0.00,0.00,2 957.01,
2025.05.12 13:38:17,2441,XAUUSD,buy,out,0.02,3213.12,2443,-0.07,0.00,3.44,2 960.38,sl 3213.12
2025.05.12 14:01:11,2442,XAUUSD,sell,in,0.02,3209.62,2444,-0.07,0.00,0.00,2 960.31,
2025.05.12 15:39:12,2443,XAUUSD,buy,in,0.18,3226.37,2445,-0.63,0.00,0.00,2 959.68,
2025.05.12 15:39:55,2444,XAUUSD,sell,out,0.18,3226.44,2446,-0.63,0.00,1.26,2 960.31,sl 3226.47
2025.05.14 15:37:31,2445,XAUUSD,buy,out,0.02,3203.42,2447,-0.07,1.62,12.40,2 974.26,sl 3203.41
2025.05.15 23:26:08,2446,XAUUSD,buy,in,0.02,3239.55,2448,-0.07,0.00,0.00,2 974.19,
2025.05.15 23:58:26,2447,XAUUSD,sell,out,0.02,3239.84,2449,-0.07,0.00,0.58,2 974.70,sl 3239.89
2025.05.15 23:58:26,2448,XAUUSD,buy,in,0.02,3240.25,2450,-0.07,0.00,0.00,2 974.63,
2025.05.16 01:03:52,2449,XAUUSD,sell,out,0.02,3241.86,2451,-0.07,-1.14,3.22,2 976.64,sl 3241.86
2025.05.16 01:04:05,2450,XAUUSD,buy,in,0.02,3241.54,2452,-0.07,0.00,0.00,2 976.57,
2025.05.16 01:08:08,2451,XAUUSD,sell,out,0.02,3245.74,2453,-0.07,0.00,8.40,2 984.90,sl 3245.89
2025.05.16 01:28:08,2452,XAUUSD,buy,in,0.02,3247.00,2454,-0.07,0.00,0.00,2 984.83,
2025.05.16 01:37:10,2453,XAUUSD,sell,out,0.02,3247.17,2455,-0.07,0.00,0.34,2 985.10,sl 3247.24
2025.05.16 01:52:15,2454,XAUUSD,buy,in,0.02,3251.17,2456,-0.07,0.00,0.00,2 985.03,
2025.05.16 01:57:32,2455,XAUUSD,sell,out,0.02,3251.15,2457,-0.07,0.00,-0.04,2 984.92,sl 3251.19
2025.05.16 02:16:22,2456,XAUUSD,buy,in,0.02,3246.16,2458,-0.07,0.00,0.00,2 984.85,
2025.05.16 02:33:43,2457,XAUUSD,sell,out,0.02,3246.42,2459,-0.07,0.00,0.52,2 985.30,sl 3246.43
2025.05.16 03:55:06,2458,XAUUSD,buy,in,0.02,3242.87,2460,-0.07,0.00,0.00,2 985.23,
2025.05.16 03:59:03,2459,XAUUSD,sell,out,0.02,3242.82,2461,-0.07,0.00,-0.10,2 985.06,sl 3242.91
2025.05.16 13:50:00,2460,XAUUSD,sell,in,0.02,3188.32,2462,-0.07,0.00,0.00,2 984.99,
2025.05.16 13:50:22,2461,XAUUSD,buy,out,0.02,3187.51,2463,-0.07,0.00,1.62,2 986.54,sl 3187.49
2025.05.16 14:14:07,2462,XAUUSD,sell,in,0.02,3171.59,2464,-0.07,0.00,0.00,2 986.47,
2025.05.16 14:15:07,2463,XAUUSD,buy,out,0.02,3171.51,2465,-0.07,0.00,0.16,2 986.56,sl 3171.50
2025.05.16 14:38:14,2464,XAUUSD,sell,in,0.02,3175.34,2466,-0.07,0.00,0.00,2 986.49,
2025.05.16 14:44:00,2465,XAUUSD,buy,out,0.02,3174.66,2467,-0.07,0.00,1.36,2 987.78,sl 3174.66
2025.05.16 15:02:23,2466,XAUUSD,sell,in,0.02,3163.15,2468,-0.07,0.00,0.00,2 987.71,
2025.05.16 15:02:27,2467,XAUUSD,buy,out,0.02,3163.05,2469,-0.07,0.00,0.20,2 987.84,sl 3163.04
2025.05.16 15:26:30,2468,XAUUSD,sell,in,0.02,3174.28,2470,-0.07,0.00,0.00,2 987.77,
2025.05.16 15:26:49,2469,XAUUSD,buy,out,0.02,3174.25,2471,-0.07,0.00,0.06,2 987.76,sl 3174.25
2025.05.16 15:50:37,2470,XAUUSD,sell,in,0.02,3177.93,2472,-0.07,0.00,0.00,2 987.69,
2025.05.16 15:51:39,2471,XAUUSD,buy,out,0.02,3177.06,2473,-0.07,0.00,1.74,2 989.36,sl 3177.06
2025.05.16 16:14:42,2472,XAUUSD,sell,in,0.02,3178.44,2474,-0.07,0.00,0.00,2 989.29,
2025.05.16 16:15:40,2473,XAUUSD,buy,out,0.02,3177.03,2475,-0.07,0.00,2.82,2 992.04,sl 3177.03
2025.05.16 16:38:43,2474,XAUUSD,sell,in,0.02,3181.74,2476,-0.07,0.00,0.00,2 991.97,
2025.05.16 16:39:28,2475,XAUUSD,buy,out,0.02,3181.76,2477,-0.07,0.00,-0.04,2 991.86,sl 3181.73
2025.05.16 17:02:43,2476,XAUUSD,sell,in,0.02,3181.41,2478,-0.07,0.00,0.00,2 991.79,
2025.05.16 17:02:54,2477,XAUUSD,buy,out,0.02,3181.38,2479,-0.07,0.00,0.06,2 991.78,sl 3181.38
2025.05.16 17:26:49,2478,XAUUSD,sell,in,0.02,3175.72,2480,-0.07,0.00,0.00,2 991.71,
2025.05.16 17:27:28,2479,XAUUSD,buy,out,0.02,3175.35,2481,-0.07,0.00,0.74,2 992.38,sl 3175.33
2025.05.16 17:50:56,2480,XAUUSD,sell,in,0.02,3173.87,2482,-0.07,0.00,0.00,2 992.31,
2025.05.16 17:51:28,2481,XAUUSD,buy,out,0.02,3173.82,2483,-0.07,0.00,0.10,2 992.34,sl 3173.81
2025.05.16 18:15:00,2482,XAUUSD,sell,in,0.02,3177.45,2484,-0.07,0.00,0.00,2 992.27,
2025.05.16 18:15:21,2483,XAUUSD,buy,out,0.02,3177.19,2485,-0.07,0.00,0.52,2 992.72,sl 3177.19
2025.05.16 18:39:01,2484,XAUUSD,sell,in,0.02,3181.47,2486,-0.07,0.00,0.00,2 992.65,
2025.05.16 18:39:25,2485,XAUUSD,buy,out,0.02,3181.35,2487,-0.07,0.00,0.24,2 992.82,sl 3181.32
2025.05.16 19:10:52,2486,XAUUSD,sell,in,0.02,3180.57,2488,-0.07,0.00,0.00,2 992.75,
2025.05.16 20:48:56,2487,XAUUSD,buy,in,0.18,3188.28,2489,-0.63,0.00,0.00,2 992.12,
2025.05.16 20:50:51,2488,XAUUSD,sell,out,0.18,3188.32,2490,-0.63,0.00,0.72,2 992.21,sl 3188.32
2025.05.19 01:18:03,2489,XAUUSD,buy,in,0.18,3226.58,2491,-0.63,0.00,0.00,2 991.58,
2025.05.19 01:18:31,2490,XAUUSD,sell,out,0.18,3228.49,2492,-0.63,0.00,34.38,3 025.33,sl 3228.49
2025.05.19 01:36:16,2491,XAUUSD,buy,in,0.18,3231.97,2493,-0.63,0.00,0.00,3 024.70,
2025.05.19 01:37:25,2492,XAUUSD,sell,out,0.18,3233.50,2494,-0.63,0.00,27.54,3 051.61,sl 3233.56
2025.05.19 01:54:07,2493,XAUUSD,buy,in,0.18,3240.29,2495,-0.63,0.00,0.00,3 050.98,
2025.05.19 02:02:40,2494,XAUUSD,sell,out,0.18,3240.39,2496,-0.63,0.00,1.80,3 052.15,sl 3240.39
2025.05.19 06:49:13,2495,XAUUSD,buy,out,0.02,3210.75,2497,-0.07,0.81,-60.36,2 992.53,
2025.05.19 11:46:21,2496,XAUUSD,buy,in,0.02,3239.02,2498,-0.07,0.00,0.00,2 992.46,
2025.05.19 11:47:16,2497,XAUUSD,sell,out,0.02,3239.12,2499,-0.07,0.00,0.20,2 992.59,sl 3239.12
2025.05.19 12:10:23,2498,XAUUSD,buy,in,0.02,3244.03,2500,-0.07,0.00,0.00,2 992.52,
2025.05.19 13:48:27,2499,XAUUSD,sell,in,0.18,3241.78,2501,-0.63,0.00,0.00,2 991.89,
2025.05.19 13:50:26,2500,XAUUSD,buy,out,0.18,3241.12,2502,-0.63,0.00,11.88,3 003.14,sl 3241.12
2025.05.19 13:54:47,2501,XAUUSD,sell,out,0.02,3244.13,2503,-0.07,0.00,0.20,3 003.27,sl 3244.15
2025.05.20 15:35:06,2502,XAUUSD,buy,in,0.02,3248.24,2504,-0.07,0.00,0.00,3 003.20,
2025.05.20 15:36:06,2503,XAUUSD,sell,out,0.02,3248.92,2505,-0.07,0.00,1.36,3 004.49,sl 3248.93
2025.05.20 16:51:06,2504,XAUUSD,buy,in,0.02,3249.54,2506,-0.07,0.00,0.00,3 004.42,
2025.05.20 16:58:23,2505,XAUUSD,sell,out,0.02,3256.05,2507,-0.07,0.00,13.02,3 017.37,sl 3256.06
2025.05.20 17:15:10,2506,XAUUSD,buy,in,0.02,3279.02,2508,-0.07,0.00,0.00,3 017.30,
2025.05.20 17:16:25,2507,XAUUSD,sell,out,0.02,3279.05,2509,-0.07,0.00,0.06,3 017.29,sl 3279.06
2025.05.20 17:39:17,2508,XAUUSD,buy,in,0.02,3280.34,2510,-0.07,0.00,0.00,3 017.22,
2025.05.20 17:41:02,2509,XAUUSD,sell,out,0.02,3284.81,2511,-0.07,0.00,8.94,3 026.09,sl 3284.85
2025.05.20 18:03:20,2510,XAUUSD,buy,in,0.02,3281.31,2512,-0.07,0.00,0.00,3 026.02,
2025.05.20 18:16:51,2511,XAUUSD,sell,out,0.02,3281.37,2513,-0.07,0.00,0.12,3 026.07,sl 3281.44
2025.05.20 18:27:25,2512,XAUUSD,buy,in,0.02,3281.40,2514,-0.07,0.00,0.00,3 026.00,
2025.05.20 19:09:42,2513,XAUUSD,sell,out,0.02,3281.97,2515,-0.07,0.00,1.14,3 027.07,sl 3281.98
2025.05.20 19:09:44,2514,XAUUSD,buy,in,0.02,3282.11,2516,-0.07,0.00,0.00,3 027.00,
2025.05.20 20:12:30,2515,XAUUSD,sell,out,0.02,3282.83,2517,-0.07,0.00,1.44,3 028.37,sl 3282.84
2025.05.20 20:12:38,2516,XAUUSD,buy,in,0.02,3282.85,2518,-0.07,0.00,0.00,3 028.30,
2025.05.20 20:18:18,2517,XAUUSD,sell,out,0.02,3283.05,2519,-0.07,0.00,0.40,3 028.63,sl 3283.07
2025.05.20 20:36:40,2518,XAUUSD,buy,in,0.02,3284.51,2520,-0.07,0.00,0.00,3 028.56,
2025.05.20 20:37:30,2519,XAUUSD,sell,out,0.02,3284.67,2521,-0.07,0.00,0.32,3 028.81,sl 3284.68
2025.05.20 21:00:41,2520,XAUUSD,buy,in,0.02,3286.45,2522,-0.07,0.00,0.00,3 028.74,
2025.05.20 21:10:18,2521,XAUUSD,sell,out,0.02,3286.74,2523,-0.07,0.00,0.58,3 029.25,sl 3286.77
2025.05.20 21:24:47,2522,XAUUSD,buy,in,0.02,3287.38,2524,-0.07,0.00,0.00,3 029.18,
2025.05.20 21:27:11,2523,XAUUSD,sell,out,0.02,3287.80,2525,-0.07,0.00,0.84,3 029.95,sl 3287.80
2025.05.20 21:48:55,2524,XAUUSD,buy,in,0.02,3288.74,2526,-0.07,0.00,0.00,3 029.88,
2025.05.20 22:18:44,2525,XAUUSD,sell,out,0.02,3289.35,2527,-0.07,0.00,1.22,3 031.03,sl 3289.35
2025.05.20 22:18:44,2526,XAUUSD,buy,in,0.02,3289.47,2528,-0.07,0.00,0.00,3 030.96,
2025.05.20 22:25:02,2527,XAUUSD,sell,out,0.02,3290.34,2529,-0.07,0.00,1.74,3 032.63,sl 3290.35
2025.05.20 22:42:50,2528,XAUUSD,buy,in,0.02,3291.52,2530,-0.07,0.00,0.00,3 032.56,
2025.05.20 22:50:36,2529,XAUUSD,sell,out,0.02,3293.92,2531,-0.07,0.00,4.80,3 037.29,sl 3293.93
2025.05.20 23:06:52,2530,XAUUSD,buy,in,0.02,3294.54,2532,-0.07,0.00,0.00,3 037.22,
2025.05.20 23:13:01,2531,XAUUSD,sell,out,0.02,3295.10,2533,-0.07,0.00,1.12,3 038.27,sl 3295.16
2025.05.20 23:30:52,2532,XAUUSD,buy,in,0.02,3291.72,2534,-0.07,0.00,0.00,3 038.20,
2025.05.21 01:03:59,2533,XAUUSD,sell,out,0.02,3292.16,2535,-0.07,-1.14,0.88,3 037.87,sl 3292.16
2025.05.21 01:04:05,2534,XAUUSD,buy,in,0.02,3292.38,2536,-0.07,0.00,0.00,3 037.80,
2025.05.21 01:06:19,2535,XAUUSD,sell,out,0.02,3294.84,2537,-0.07,0.00,4.92,3 042.65,sl 3295.07
2025.05.21 01:28:15,2536,XAUUSD,buy,in,0.02,3297.92,2538,-0.07,0.00,0.00,3 042.58,
2025.05.21 03:06:19,2537,XAUUSD,sell,in,0.18,3291.95,2539,-0.63,0.00,0.00,3 041.95,
2025.05.21 03:30:50,2538,XAUUSD,sell,out,0.02,3297.95,2540,-0.07,0.00,0.06,3 041.94,sl 3297.97
2025.05.21 04:23:11,2539,XAUUSD,buy,out,0.18,3292.13,2541,-0.63,0.00,-3.24,3 038.07,sl 3291.94
2025.05.23 08:25:17,2540,XAUUSD,buy,in,0.02,3321.53,2542,-0.07,0.00,0.00,3 038.00,
2025.05.23 08:51:19,2541,XAUUSD,sell,out,0.02,3322.19,2543,-0.07,0.00,1.32,3 039.25,sl 3322.19
2025.05.23 08:51:24,2542,XAUUSD,buy,in,0.02,3322.50,2544,-0.07,0.00,0.00,3 039.18,
2025.05.23 08:52:37,2543,XAUUSD,sell,out,0.02,3322.61,2545,-0.07,0.00,0.22,3 039.33,sl 3322.61
2025.05.23 09:15:31,2544,XAUUSD,buy,in,0.02,3328.89,2546,-0.07,0.00,0.00,3 039.26,
2025.05.23 09:15:49,2545,XAUUSD,sell,out,0.02,3328.91,2547,-0.07,0.00,0.04,3 039.23,sl 3328.93
2025.05.23 09:39:33,2546,XAUUSD,buy,in,0.02,3325.90,2548,-0.07,0.00,0.00,3 039.16,
2025.05.23 09:40:03,2547,XAUUSD,sell,out,0.02,3326.00,2549,-0.07,0.00,0.20,3 039.29,sl 3326.01
2025.05.23 10:03:37,2548,XAUUSD,buy,in,0.02,3330.82,2550,-0.07,0.00,0.00,3 039.22,
2025.05.23 10:21:50,2549,XAUUSD,sell,out,0.02,3331.38,2551,-0.07,0.00,1.12,3 040.27,sl 3331.39
2025.05.23 10:27:37,2550,XAUUSD,buy,in,0.02,3329.80,2552,-0.07,0.00,0.00,3 040.20,
2025.05.23 10:29:23,2551,XAUUSD,sell,out,0.02,3330.39,2553,-0.07,0.00,1.18,3 041.31,sl 3330.39
2025.05.23 10:51:37,2552,XAUUSD,buy,in,0.02,3332.56,2554,-0.07,0.00,0.00,3 041.24,
2025.05.23 12:29:45,2553,XAUUSD,sell,in,0.18,3333.95,2555,-0.63,0.00,0.00,3 040.61,
2025.05.23 12:29:51,2554,XAUUSD,sell,out,0.02,3333.34,2556,-0.07,0.00,1.56,3 042.10,sl 3333.47
2025.05.23 12:31:09,2555,XAUUSD,buy,out,0.18,3330.96,2557,-0.63,0.00,53.82,3 095.29,sl 3330.92
2025.05.27 10:51:08,2556,XAUUSD,sell,in,0.02,3300.44,2558,-0.07,0.00,0.00,3 095.22,
2025.05.27 10:51:26,2557,XAUUSD,buy,out,0.02,3300.37,2559,-0.07,0.00,0.14,3 095.29,sl 3300.31
2025.05.27 11:34:52,2558,XAUUSD,sell,in,0.02,3299.66,2560,-0.07,0.00,0.00,3 095.22,
2025.05.27 11:35:08,2559,XAUUSD,buy,out,0.02,3299.86,2561,-0.07,0.00,-0.40,3 094.75,sl 3299.63
2025.05.27 11:58:56,2560,XAUUSD,sell,in,0.02,3298.22,2562,-0.07,0.00,0.00,3 094.68,
2025.05.27 12:32:17,2561,XAUUSD,buy,out,0.02,3298.16,2563,-0.07,0.00,0.12,3 094.73,sl 3298.16
2025.05.27 12:32:36,2562,XAUUSD,sell,in,0.02,3298.98,2564,-0.07,0.00,0.00,3 094.66,
2025.05.27 12:33:34,2563,XAUUSD,buy,out,0.02,3297.17,2565,-0.07,0.00,3.62,3 098.21,sl 3297.10
2025.05.27 12:56:44,2564,XAUUSD,sell,in,0.02,3296.42,2566,-0.07,0.00,0.00,3 098.14,
2025.05.27 12:57:21,2565,XAUUSD,buy,out,0.02,3296.40,2567,-0.07,0.00,0.04,3 098.11,sl 3296.38
2025.05.27 13:20:45,2566,XAUUSD,sell,in,0.02,3295.40,2568,-0.07,0.00,0.00,3 098.04,
2025.05.27 13:26:21,2567,XAUUSD,buy,out,0.02,3295.25,2569,-0.07,0.00,0.30,3 098.27,sl 3295.25
2025.05.27 13:44:45,2568,XAUUSD,sell,in,0.02,3295.91,2570,-0.07,0.00,0.00,3 098.20,
2025.05.27 13:55:13,2569,XAUUSD,buy,out,0.02,3295.01,2571,-0.07,0.00,1.80,3 099.93,sl 3294.96
2025.05.27 14:08:51,2570,XAUUSD,sell,in,0.02,3294.67,2572,-0.07,0.00,0.00,3 099.86,
2025.05.27 14:09:51,2571,XAUUSD,buy,out,0.02,3294.64,2573,-0.07,0.00,0.06,3 099.85,sl 3294.60
2025.05.27 14:32:54,2572,XAUUSD,sell,in,0.02,3292.75,2574,-0.07,0.00,0.00,3 099.78,
2025.05.27 14:35:20,2573,XAUUSD,buy,out,0.02,3291.27,2575,-0.07,0.00,2.96,3 102.67,sl 3291.27
2025.05.27 14:56:59,2574,XAUUSD,sell,in,0.02,3289.45,2576,-0.07,0.00,0.00,3 102.60,
2025.05.27 14:57:16,2575,XAUUSD,buy,out,0.02,3289.34,2577,-0.07,0.00,0.22,3 102.75,sl 3289.31
2025.05.27 15:21:01,2576,XAUUSD,sell,in,0.02,3295.45,2578,-0.07,0.00,0.00,3 102.68,
2025.05.27 15:21:48,2577,XAUUSD,buy,out,0.02,3294.97,2579,-0.07,0.00,0.96,3 103.57,sl 3294.97
2025.05.27 15:45:04,2578,XAUUSD,sell,in,0.02,3294.57,2580,-0.07,0.00,0.00,3 103.50,
2025.05.27 15:46:19,2579,XAUUSD,buy,out,0.02,3294.56,2581,-0.07,0.00,0.02,3 103.45,sl 3294.55
2025.05.27 16:21:06,2580,XAUUSD,sell,in,0.02,3295.12,2582,-0.07,0.00,0.00,3 103.38,
2025.05.27 16:56:43,2581,XAUUSD,buy,out,0.02,3293.31,2583,-0.07,0.00,3.62,3 106.93,sl 3293.29
2025.05.27 16:56:44,2582,XAUUSD,sell,in,0.02,3293.01,2584,-0.07,0.00,0.00,3 106.86,
2025.05.27 17:01:12,2583,XAUUSD,buy,out,0.02,3287.60,2585,-0.07,0.00,10.82,3 117.61,sl 3287.60
2025.05.27 18:33:52,2584,XAUUSD,sell,in,0.02,3293.64,2586,-0.07,0.00,0.00,3 117.54,
2025.05.27 18:39:15,2585,XAUUSD,buy,out,0.02,3290.54,2587,-0.07,0.00,6.20,3 123.67,sl 3290.52
2025.05.27 18:58:00,2586,XAUUSD,sell,in,0.02,3293.50,2588,-0.07,0.00,0.00,3 123.60,
2025.05.27 20:36:01,2587,XAUUSD,buy,in,0.18,3301.21,2589,-0.63,0.00,0.00,3 122.97,
2025.05.27 20:36:50,2588,XAUUSD,sell,out,0.18,3301.20,2590,-0.63,0.00,-0.18,3 122.16,sl 3301.23
2025.05.28 06:28:40,2589,XAUUSD,buy,out,0.02,3292.78,2591,-0.07,0.81,1.44,3 124.34,sl 3292.75
2025.05.28 23:51:26,2590,XAUUSD,sell,in,0.02,3280.81,2592,-0.07,0.00,0.00,3 124.27,
2025.05.28 23:51:41,2591,XAUUSD,buy,out,0.02,3278.73,2593,-0.07,0.00,4.16,3 128.36,sl 3278.62
2025.05.29 01:23:03,2592,XAUUSD,sell,in,0.02,3282.54,2594,-0.07,0.00,0.00,3 128.29,
2025.05.29 02:05:49,2593,XAUUSD,buy,out,0.02,3281.56,2595,-0.07,0.00,1.96,3 130.18,sl 3281.54
2025.05.29 02:05:56,2594,XAUUSD,sell,in,0.02,3282.13,2596,-0.07,0.00,0.00,3 130.11,
2025.05.29 02:06:18,2595,XAUUSD,buy,out,0.02,3282.14,2597,-0.07,0.00,-0.02,3 130.02,sl 3282.10
2025.05.29 02:30:01,2596,XAUUSD,sell,in,0.02,3266.69,2598,-0.07,0.00,0.00,3 129.95,
2025.05.29 02:34:09,2597,XAUUSD,buy,out,0.02,3263.00,2599,-0.07,0.00,7.38,3 137.26,
2025.05.29 02:54:06,2598,XAUUSD,sell,in,0.02,3261.15,2600,-0.07,0.00,0.00,3 137.19,
2025.05.29 02:54:55,2599,XAUUSD,buy,out,0.02,3261.09,2601,-0.07,0.00,0.12,3 137.24,sl 3261.06
2025.05.29 03:18:15,2600,XAUUSD,sell,in,0.02,3254.98,2602,-0.07,0.00,0.00,3 137.17,
2025.05.29 04:05:17,2601,XAUUSD,buy,out,0.02,3253.82,2603,-0.07,0.00,2.32,3 139.42,sl 3253.79
2025.05.29 04:05:37,2602,XAUUSD,sell,in,0.02,3252.94,2604,-0.07,0.00,0.00,3 139.35,
2025.05.29 04:05:55,2603,XAUUSD,buy,out,0.02,3253.22,2605,-0.07,0.00,-0.56,3 138.72,sl 3252.70
2025.05.29 04:29:40,2604,XAUUSD,sell,in,0.02,3257.06,2606,-0.07,0.00,0.00,3 138.65,
2025.05.29 04:30:06,2605,XAUUSD,buy,out,0.02,3257.05,2607,-0.07,0.00,0.02,3 138.60,sl 3257.04
2025.05.29 04:53:42,2606,XAUUSD,sell,in,0.02,3262.88,2608,-0.07,0.00,0.00,3 138.53,
2025.05.29 04:54:33,2607,XAUUSD,buy,out,0.02,3262.87,2609,-0.07,0.00,0.02,3 138.48,sl 3262.86
2025.05.29 05:17:45,2608,XAUUSD,sell,in,0.02,3263.82,2610,-0.07,0.00,0.00,3 138.41,
2025.05.29 05:26:02,2609,XAUUSD,buy,out,0.02,3263.18,2611,-0.07,0.00,1.28,3 139.62,sl 3263.18
2025.05.29 05:41:49,2610,XAUUSD,sell,in,0.02,3268.02,2612,-0.07,0.00,0.00,3 139.55,
2025.05.29 05:43:56,2611,XAUUSD,buy,out,0.02,3267.85,2613,-0.07,0.00,0.34,3 139.82,sl 3267.84
2025.05.29 06:05:53,2612,XAUUSD,sell,in,0.02,3270.96,2614,-0.07,0.00,0.00,3 139.75,
2025.05.29 06:07:18,2613,XAUUSD,buy,out,0.02,3270.09,2615,-0.07,0.00,1.74,3 141.42,sl 3270.09
2025.05.29 06:29:57,2614,XAUUSD,sell,in,0.02,3274.19,2616,-0.07,0.00,0.00,3 141.35,
2025.05.29 06:59:06,2615,XAUUSD,buy,out,0.02,3274.17,2617,-0.07,0.00,0.04,3 141.32,sl 3274.17
2025.05.29 06:59:14,2616,XAUUSD,sell,in,0.02,3274.20,2618,-0.07,0.00,0.00,3 141.25,
2025.05.29 07:01:13,2617,XAUUSD,buy,out,0.02,3274.09,2619,-0.07,0.00,0.22,3 141.40,sl 3274.09
2025.05.29 07:23:19,2618,XAUUSD,sell,in,0.02,3274.34,2620,-0.07,0.00,0.00,3 141.33,
2025.05.29 07:28:33,2619,XAUUSD,buy,out,0.02,3273.47,2621,-0.07,0.00,1.74,3 143.00,sl 3273.47
2025.05.29 07:47:24,2620,XAUUSD,sell,in,0.02,3273.16,2622,-0.07,0.00,0.00,3 142.93,
2025.05.29 07:48:45,2621,XAUUSD,buy,out,0.02,3273.09,2623,-0.07,0.00,0.14,3 143.00,sl 3273.02
2025.05.29 08:11:25,2622,XAUUSD,sell,in,0.02,3269.32,2624,-0.07,0.00,0.00,3 142.93,
2025.05.29 08:36:21,2623,XAUUSD,buy,out,0.02,3268.84,2625,-0.07,0.00,0.96,3 143.82,sl 3268.84
2025.05.29 08:36:27,2624,XAUUSD,sell,in,0.02,3268.74,2626,-0.07,0.00,0.00,3 143.75,
2025.05.29 08:36:56,2625,XAUUSD,buy,out,0.02,3268.78,2627,-0.07,0.00,-0.08,3 143.60,sl 3268.72
2025.05.29 09:00:29,2626,XAUUSD,sell,in,0.02,3273.34,2628,-0.07,0.00,0.00,3 143.53,
2025.05.29 09:06:12,2627,XAUUSD,buy,out,0.02,3272.70,2629,-0.07,0.00,1.28,3 144.74,sl 3272.69
2025.05.29 09:24:41,2628,XAUUSD,sell,in,0.02,3274.53,2630,-0.07,0.00,0.00,3 144.67,
2025.05.29 09:25:45,2629,XAUUSD,buy,out,0.02,3274.01,2631,-0.07,0.00,1.04,3 145.64,sl 3273.98
2025.05.29 09:48:49,2630,XAUUSD,sell,in,0.02,3271.74,2632,-0.07,0.00,0.00,3 145.57,
2025.05.29 09:49:44,2631,XAUUSD,buy,out,0.02,3271.35,2633,-0.07,0.00,0.78,3 146.28,sl 3271.35
2025.05.29 19:14:52,2632,XAUUSD,buy,in,0.02,3329.07,2634,-0.07,0.00,0.00,3 146.21,
2025.05.29 19:15:04,2633,XAUUSD,sell,out,0.02,3329.07,2635,-0.07,0.00,0.00,3 146.14,sl 3329.10
2025.05.30 17:00:16,2634,XAUUSD,sell,in,0.02,3274.33,2636,-0.07,0.00,0.00,3 146.07,
2025.05.30 17:00:30,2635,XAUUSD,buy,out,0.02,3274.33,2637,-0.07,0.00,0.00,3 146.00,sl 3274.30
2025.05.30 17:40:34,2636,XAUUSD,sell,in,0.02,3274.12,2638,-0.07,0.00,0.00,3 145.93,
2025.05.30 19:18:40,2637,XAUUSD,buy,in,0.18,3289.70,2639,-0.63,0.00,0.00,3 145.30,
2025.05.30 19:20:46,2638,XAUUSD,sell,out,0.18,3289.73,2640,-0.63,0.00,0.54,3 145.21,sl 3289.74
2025.06.02 01:19:16,2639,XAUUSD,buy,in,0.18,3307.44,2641,-0.63,0.00,0.00,3 144.58,
2025.06.02 01:37:05,2640,XAUUSD,sell,out,0.18,3303.29,2642,-0.63,0.00,-74.70,3 069.25,
2025.06.02 01:37:06,2641,XAUUSD,buy,out,0.02,3303.87,2643,-0.07,0.81,-59.50,3 010.49,
2025.06.02 09:18:12,2642,XAUUSD,buy,in,0.02,3330.32,2644,-0.07,0.00,0.00,3 010.42,
2025.06.02 09:19:29,2643,XAUUSD,sell,out,0.02,3332.72,2645,-0.07,0.00,4.80,3 015.15,sl 3332.75
2025.06.02 09:42:26,2644,XAUUSD,buy,in,0.02,3342.63,2646,-0.07,0.00,0.00,3 015.08,
2025.06.02 09:43:51,2645,XAUUSD,sell,out,0.02,3342.87,2647,-0.07,0.00,0.48,3 015.49,sl 3342.90
2025.06.02 10:06:35,2646,XAUUSD,buy,in,0.02,3348.51,2648,-0.07,0.00,0.00,3 015.42,
2025.06.02 10:10:10,2647,XAUUSD,sell,out,0.02,3348.58,2649,-0.07,0.00,0.14,3 015.49,sl 3348.58
2025.06.02 10:30:40,2648,XAUUSD,buy,in,0.02,3354.13,2650,-0.07,0.00,0.00,3 015.42,
2025.06.02 10:32:58,2649,XAUUSD,sell,out,0.02,3358.07,2651,-0.07,0.00,7.88,3 023.23,sl 3358.07
2025.06.02 10:54:47,2650,XAUUSD,buy,in,0.02,3352.27,2652,-0.07,0.00,0.00,3 023.16,
2025.06.02 10:56:46,2651,XAUUSD,sell,out,0.02,3352.28,2653,-0.07,0.00,0.02,3 023.11,sl 3352.29
2025.06.02 11:18:48,2652,XAUUSD,buy,in,0.02,3352.60,2654,-0.07,0.00,0.00,3 023.04,
2025.06.02 11:21:22,2653,XAUUSD,sell,out,0.02,3352.92,2655,-0.07,0.00,0.64,3 023.61,sl 3352.97
2025.06.02 11:42:56,2654,XAUUSD,buy,in,0.02,3353.43,2656,-0.07,0.00,0.00,3 023.54,
2025.06.02 11:47:00,2655,XAUUSD,sell,out,0.02,3354.38,2657,-0.07,0.00,1.90,3 025.37,sl 3354.38
2025.06.02 12:07:03,2656,XAUUSD,buy,in,0.02,3351.48,2658,-0.07,0.00,0.00,3 025.30,
2025.06.02 13:45:10,2657,XAUUSD,sell,in,0.18,3345.40,2659,-0.63,0.00,0.00,3 024.67,
2025.06.02 14:24:18,2658,XAUUSD,sell,out,0.02,3352.29,2660,-0.07,0.00,1.62,3 026.22,sl 3352.42
2025.06.03 01:21:59,2659,XAUUSD,buy,out,0.18,3389.30,2661,-0.63,7.26,-790.20,2 242.65,
2025.06.04 04:58:35,2660,XAUUSD,buy,in,0.01,3372.20,2662,-0.04,0.00,0.00,2 242.61,
2025.06.04 06:36:41,2661,XAUUSD,sell,in,0.09,3361.89,2663,-0.32,0.00,0.00,2 242.29,
2025.06.04 06:38:02,2662,XAUUSD,buy,out,0.09,3361.27,2664,-0.32,0.00,5.58,2 247.55,sl 3361.23
2025.06.04 13:52:09,2663,XAUUSD,sell,out,0.01,3347.53,2665,-0.04,0.00,-24.67,2 222.84,
2025.06.04 17:38:06,2664,XAUUSD,buy,in,0.01,3376.92,2666,-0.04,0.00,0.00,2 222.80,
2025.06.04 17:38:36,2665,XAUUSD,sell,out,0.01,3378.43,2667,-0.04,0.00,1.51,2 224.27,sl 3378.43
2025.06.04 18:02:11,2666,XAUUSD,buy,in,0.01,3377.53,2668,-0.04,0.00,0.00,2 224.23,
2025.06.04 19:40:23,2667,XAUUSD,sell,in,0.09,3373.77,2669,-0.32,0.00,0.00,2 223.91,
2025.06.04 19:42:30,2668,XAUUSD,buy,out,0.09,3373.59,2670,-0.32,0.00,1.62,2 225.21,sl 3373.57
2025.06.04 20:36:14,2669,XAUUSD,sell,out,0.01,3378.95,2671,-0.04,0.00,1.42,2 226.59,sl 3378.96
2025.06.06 17:16:27,2670,XAUUSD,sell,in,0.01,3331.80,2672,-0.04,0.00,0.00,2 226.55,
2025.06.06 17:16:38,2671,XAUUSD,buy,out,0.01,3331.42,2673,-0.04,0.00,0.38,2 226.89,sl 3331.38
2025.06.06 17:40:30,2672,XAUUSD,sell,in,0.01,3331.26,2674,-0.04,0.00,0.00,2 226.85,
2025.06.06 17:43:51,2673,XAUUSD,buy,out,0.01,3331.22,2675,-0.04,0.00,0.04,2 226.85,sl 3331.20
2025.06.06 18:04:44,2674,XAUUSD,sell,in,0.01,3325.73,2676,-0.04,0.00,0.00,2 226.81,
2025.06.06 18:05:04,2675,XAUUSD,buy,out,0.01,3325.70,2677,-0.04,0.00,0.03,2 226.80,sl 3325.68
2025.06.06 18:28:47,2676,XAUUSD,sell,in,0.01,3331.16,2678,-0.04,0.00,0.00,2 226.76,
2025.06.06 18:30:00,2677,XAUUSD,buy,out,0.01,3331.16,2679,-0.04,0.00,0.00,2 226.72,sl 3331.15
2025.06.06 18:52:56,2678,XAUUSD,sell,in,0.01,3332.34,2680,-0.04,0.00,0.00,2 226.68,
2025.06.06 19:01:01,2679,XAUUSD,buy,out,0.01,3332.04,2681,-0.04,0.00,0.30,2 226.94,sl 3331.99
2025.06.06 19:16:58,2680,XAUUSD,sell,in,0.01,3330.82,2682,-0.04,0.00,0.00,2 226.90,
2025.06.06 19:21:21,2681,XAUUSD,buy,out,0.01,3329.25,2683,-0.04,0.00,1.57,2 228.43,sl 3329.25
2025.06.06 19:41:06,2682,XAUUSD,sell,in,0.01,3324.32,2684,-0.04,0.00,0.00,2 228.39,
2025.06.06 19:42:41,2683,XAUUSD,buy,out,0.01,3323.39,2685,-0.04,0.00,0.93,2 229.28,sl 3323.27
2025.06.06 20:05:13,2684,XAUUSD,sell,in,0.01,3325.21,2686,-0.04,0.00,0.00,2 229.24,
2025.06.06 20:05:46,2685,XAUUSD,buy,out,0.01,3324.74,2687,-0.04,0.00,0.47,2 229.67,sl 3324.72
2025.06.06 20:29:20,2686,XAUUSD,sell,in,0.01,3324.58,2688,-0.04,0.00,0.00,2 229.63,
2025.06.06 20:31:04,2687,XAUUSD,buy,out,0.01,3322.87,2689,-0.04,0.00,1.71,2 231.30,sl 3322.86
2025.06.06 20:53:25,2688,XAUUSD,sell,in,0.01,3322.56,2690,-0.04,0.00,0.00,2 231.26,
2025.06.06 21:04:02,2689,XAUUSD,buy,out,0.01,3321.68,2691,-0.04,0.00,0.88,2 232.10,sl 3321.67
2025.06.06 21:17:28,2690,XAUUSD,sell,in,0.01,3316.38,2692,-0.04,0.00,0.00,2 232.06,
2025.06.06 21:17:59,2691,XAUUSD,buy,out,0.01,3316.25,2693,-0.04,0.00,0.13,2 232.15,sl 3316.25
2025.06.06 21:41:37,2692,XAUUSD,sell,in,0.01,3319.35,2694,-0.04,0.00,0.00,2 232.11,
2025.06.06 21:46:28,2693,XAUUSD,buy,out,0.01,3319.03,2695,-0.04,0.00,0.32,2 232.39,sl 3319.02
2025.06.06 22:05:53,2694,XAUUSD,sell,in,0.01,3317.32,2696,-0.04,0.00,0.00,2 232.35,
2025.06.06 22:09:20,2695,XAUUSD,buy,out,0.01,3317.00,2697,-0.04,0.00,0.32,2 232.63,sl 3316.97
2025.06.06 22:30:01,2696,XAUUSD,sell,in,0.01,3315.19,2698,-0.04,0.00,0.00,2 232.59,
2025.06.06 22:32:05,2697,XAUUSD,buy,out,0.01,3314.31,2699,-0.04,0.00,0.88,2 233.43,sl 3314.31
2025.06.06 22:54:04,2698,XAUUSD,sell,in,0.01,3313.62,2700,-0.04,0.00,0.00,2 233.39,
2025.06.06 22:56:08,2699,XAUUSD,buy,out,0.01,3313.27,2701,-0.04,0.00,0.35,2 233.70,sl 3313.15
2025.06.06 23:18:14,2700,XAUUSD,sell,in,0.01,3309.40,2702,-0.04,0.00,0.00,2 233.66,
2025.06.06 23:18:58,2701,XAUUSD,buy,out,0.01,3309.30,2703,-0.04,0.00,0.10,2 233.72,sl 3309.29
2025.06.06 23:42:13,2702,XAUUSD,sell,in,0.01,3311.64,2704,-0.04,0.00,0.00,2 233.68,
2025.06.06 23:44:54,2703,XAUUSD,buy,out,0.01,3311.58,2705,-0.04,0.00,0.06,2 233.70,sl 3311.52
2025.06.09 01:02:06,2704,XAUUSD,sell,in,0.01,3317.36,2706,-0.04,0.00,0.00,2 233.66,
2025.06.09 01:13:38,2705,XAUUSD,buy,out,0.01,3316.70,2707,-0.04,0.00,0.66,2 234.28,sl 3316.65
2025.06.09 01:26:13,2706,XAUUSD,sell,in,0.01,3317.94,2708,-0.04,0.00,0.00,2 234.24,
2025.06.09 01:27:42,2707,XAUUSD,buy,out,0.01,3317.90,2709,-0.04,0.00,0.04,2 234.24,sl 3317.78
2025.06.09 01:50:17,2708,XAUUSD,sell,in,0.01,3312.47,2710,-0.04,0.00,0.00,2 234.20,
2025.06.09 01:52:29,2709,XAUUSD,buy,out,0.01,3311.01,2711,-0.04,0.00,1.46,2 235.62,sl 3310.98
2025.06.09 02:14:20,2710,XAUUSD,sell,in,0.01,3316.91,2712,-0.04,0.00,0.00,2 235.58,
2025.06.09 02:21:43,2711,XAUUSD,buy,out,0.01,3315.66,2713,-0.04,0.00,1.25,2 236.79,sl 3315.56
2025.06.09 02:38:25,2712,XAUUSD,sell,in,0.01,3314.06,2714,-0.04,0.00,0.00,2 236.75,
2025.06.09 02:41:12,2713,XAUUSD,buy,out,0.01,3314.08,2715,-0.04,0.00,-0.02,2 236.69,sl 3314.05
2025.06.09 03:02:36,2714,XAUUSD,sell,in,0.01,3316.71,2716,-0.04,0.00,0.00,2 236.65,
2025.06.09 03:07:14,2715,XAUUSD,buy,out,0.01,3315.10,2717,-0.04,0.00,1.61,2 238.22,sl 3315.09
2025.06.09 03:26:40,2716,XAUUSD,sell,in,0.01,3305.77,2718,-0.04,0.00,0.00,2 238.18,
2025.06.09 03:42:47,2717,XAUUSD,buy,out,0.01,3305.34,2719,-0.04,0.00,0.43,2 238.57,sl 3305.29
2025.06.09 03:50:40,2718,XAUUSD,sell,in,0.01,3302.15,2720,-0.04,0.00,0.00,2 238.53,
2025.06.09 04:01:18,2719,XAUUSD,buy,out,0.01,3302.14,2721,-0.04,0.00,0.01,2 238.50,sl 3302.14
2025.06.09 04:14:42,2720,XAUUSD,sell,in,0.01,3305.52,2722,-0.04,0.00,0.00,2 238.46,
2025.06.09 04:16:20,2721,XAUUSD,buy,out,0.01,3304.74,2723,-0.04,0.00,0.78,2 239.20,sl 3304.72
2025.06.09 04:38:48,2722,XAUUSD,sell,in,0.01,3305.02,2724,-0.04,0.00,0.00,2 239.16,
2025.06.09 04:39:01,2723,XAUUSD,buy,out,0.01,3305.04,2725,-0.04,0.00,-0.02,2 239.10,sl 3305.01
2025.06.09 05:02:48,2724,XAUUSD,sell,in,0.01,3298.70,2726,-0.04,0.00,0.00,2 239.06,
2025.06.09 05:03:25,2725,XAUUSD,buy,out,0.01,3298.66,2727,-0.04,0.00,0.04,2 239.06,sl 3298.65
2025.06.09 05:26:50,2726,XAUUSD,sell,in,0.01,3304.42,2728,-0.04,0.00,0.00,2 239.02,
2025.06.09 05:28:34,2727,XAUUSD,buy,out,0.01,3302.90,2729,-0.04,0.00,1.52,2 240.50,sl 3302.90
2025.06.09 05:50:51,2728,XAUUSD,sell,in,0.01,3305.94,2730,-0.04,0.00,0.00,2 240.46,
2025.06.09 05:52:43,2729,XAUUSD,buy,out,0.01,3305.52,2731,-0.04,0.00,0.42,2 240.84,sl 3305.52
2025.06.09 06:14:51,2730,XAUUSD,sell,in,0.01,3307.80,2732,-0.04,0.00,0.00,2 240.80,
2025.06.09 06:18:04,2731,XAUUSD,buy,out,0.01,3307.83,2733,-0.04,0.00,-0.03,2 240.73,sl 3307.78
2025.06.09 06:38:59,2732,XAUUSD,sell,in,0.01,3306.21,2734,-0.04,0.00,0.00,2 240.69,
2025.06.09 08:17:00,2733,XAUUSD,buy,in,0.09,3310.67,2735,-0.32,0.00,0.00,2 240.37,
2025.06.09 08:18:19,2734,XAUUSD,sell,out,0.09,3311.29,2736,-0.32,0.00,5.58,2 245.63,sl 3311.29
2025.06.09 19:51:00,2735,XAUUSD,buy,out,0.01,3337.53,2737,-0.04,0.00,-31.32,2 214.27,
2025.06.10 04:32:53,2736,XAUUSD,sell,in,0.01,3307.42,2738,-0.04,0.00,0.00,2 214.23,
2025.06.10 04:34:09,2737,XAUUSD,buy,out,0.01,3307.34,2739,-0.04,0.00,0.08,2 214.27,sl 3307.34
2025.06.10 04:57:10,2738,XAUUSD,sell,in,0.01,3307.72,2740,-0.04,0.00,0.00,2 214.23,
2025.06.10 04:58:21,2739,XAUUSD,buy,out,0.01,3307.71,2741,-0.04,0.00,0.01,2 214.20,sl 3307.69
2025.06.10 05:21:11,2740,XAUUSD,sell,in,0.01,3306.62,2742,-0.04,0.00,0.00,2 214.16,
2025.06.10 05:23:38,2741,XAUUSD,buy,out,0.01,3304.80,2743,-0.04,0.00,1.82,2 215.94,sl 3304.79
2025.06.10 05:45:17,2742,XAUUSD,sell,in,0.01,3305.74,2745,-0.04,0.00,0.00,2 215.90,
2025.06.10 05:46:09,2743,XAUUSD,buy,out,0.01,3305.32,2746,-0.04,0.00,0.42,2 216.28,sl 3305.31
2025.06.10 06:11:50,2744,XAUUSD,sell,in,0.01,3305.74,2747,-0.04,0.00,0.00,2 216.24,
2025.06.10 06:16:15,2745,XAUUSD,buy,out,0.01,3305.73,2748,-0.04,0.00,0.01,2 216.21,sl 3305.72
2025.06.10 07:28:49,2746,XAUUSD,sell,in,0.01,3304.92,2749,-0.04,0.00,0.00,2 216.17,
2025.06.10 07:30:00,2747,XAUUSD,buy,out,0.01,3303.65,2750,-0.04,0.00,1.27,2 217.40,sl 3303.64
2025.06.11 15:36:44,2748,XAUUSD,buy,in,0.01,3360.13,2751,-0.04,0.00,0.00,2 217.36,
2025.06.11 16:04:14,2749,XAUUSD,sell,out,0.01,3333.02,2752,-0.04,0.00,-27.11,2 190.21,
2025.06.12 01:13:28,2750,XAUUSD,buy,in,0.01,3361.39,2753,-0.04,0.00,0.00,2 190.17,
2025.06.12 01:18:47,2751,XAUUSD,sell,out,0.01,3363.39,2754,-0.04,0.00,2.00,2 192.13,sl 3363.39
2025.06.12 01:37:31,2752,XAUUSD,buy,in,0.01,3366.82,2755,-0.04,0.00,0.00,2 192.09,
2025.06.12 01:40:01,2753,XAUUSD,sell,out,0.01,3367.16,2756,-0.04,0.00,0.34,2 192.39,sl 3367.21
2025.06.12 02:01:31,2754,XAUUSD,buy,in,0.01,3371.95,2757,-0.04,0.00,0.00,2 192.35,
2025.06.12 02:02:25,2755,XAUUSD,sell,out,0.01,3371.97,2758,-0.04,0.00,0.02,2 192.33,sl 3371.98
2025.06.12 02:25:43,2756,XAUUSD,buy,in,0.01,3366.53,2759,-0.04,0.00,0.00,2 192.29,
2025.06.12 02:34:35,2757,XAUUSD,sell,out,0.01,3366.57,2760,-0.04,0.00,0.04,2 192.29,sl 3366.57
2025.06.12 02:49:45,2758,XAUUSD,buy,in,0.01,3363.17,2761,-0.04,0.00,0.00,2 192.25,
2025.06.12 02:57:45,2759,XAUUSD,sell,out,0.01,3363.95,2762,-0.04,0.00,0.78,2 192.99,sl 3363.98
2025.06.12 03:13:49,2760,XAUUSD,buy,in,0.01,3364.27,2763,-0.04,0.00,0.00,2 192.95,
2025.06.12 03:14:43,2761,XAUUSD,sell,out,0.01,3364.57,2764,-0.04,0.00,0.30,2 193.21,sl 3364.63
2025.06.12 03:37:52,2762,XAUUSD,buy,in,0.01,3367.60,2765,-0.04,0.00,0.00,2 193.17,
2025.06.12 03:37:58,2763,XAUUSD,sell,out,0.01,3367.56,2766,-0.04,0.00,-0.04,2 193.09,sl 3367.65
2025.06.12 04:01:58,2764,XAUUSD,buy,in,0.01,3366.37,2767,-0.04,0.00,0.00,2 193.05,
2025.06.12 04:04:41,2765,XAUUSD,sell,out,0.01,3366.71,2768,-0.04,0.00,0.34,2 193.35,sl 3366.75
2025.06.12 04:26:03,2766,XAUUSD,buy,in,0.01,3373.29,2769,-0.04,0.00,0.00,2 193.31,
2025.06.12 04:26:31,2767,XAUUSD,sell,out,0.01,3373.60,2770,-0.04,0.00,0.31,2 193.58,sl 3373.65
2025.06.12 04:50:09,2768,XAUUSD,buy,in,0.01,3369.86,2771,-0.04,0.00,0.00,2 193.54,
2025.06.12 04:51:43,2769,XAUUSD,sell,out,0.01,3369.92,2772,-0.04,0.00,0.06,2 193.56,sl 3369.96
2025.06.12 05:14:16,2770,XAUUSD,buy,in,0.01,3372.40,2773,-0.04,0.00,0.00,2 193.52,
2025.06.12 05:16:17,2771,XAUUSD,sell,out,0.01,3372.48,2774,-0.04,0.00,0.08,2 193.56,sl 3372.48
2025.06.12 05:38:21,2772,XAUUSD,buy,in,0.01,3375.48,2775,-0.04,0.00,0.00,2 193.52,
2025.06.12 05:40:45,2773,XAUUSD,sell,out,0.01,3376.81,2776,-0.04,0.00,1.33,2 194.81,sl 3376.87
2025.06.12 06:02:22,2774,XAUUSD,buy,in,0.01,3375.38,2777,-0.04,0.00,0.00,2 194.77,
2025.06.12 06:11:40,2775,XAUUSD,sell,out,0.01,3375.86,2778,-0.04,0.00,0.48,2 195.21,sl 3375.87
2025.06.12 06:26:28,2776,XAUUSD,buy,in,0.01,3374.81,2779,-0.04,0.00,0.00,2 195.17,
2025.06.12 06:36:46,2777,XAUUSD,sell,out,0.01,3375.02,2780,-0.04,0.00,0.21,2 195.34,sl 3375.06
2025.06.12 06:50:29,2778,XAUUSD,buy,in,0.01,3373.53,2781,-0.04,0.00,0.00,2 195.30,
2025.06.12 08:23:02,2779,XAUUSD,sell,out,0.01,3373.90,2782,-0.04,0.00,0.37,2 195.63,sl 3373.90
2025.06.12 08:23:10,2780,XAUUSD,buy,in,0.01,3374.19,2783,-0.04,0.00,0.00,2 195.59,
2025.06.12 08:24:20,2781,XAUUSD,sell,out,0.01,3374.26,2784,-0.04,0.00,0.07,2 195.62,sl 3374.31
2025.06.12 08:47:18,2782,XAUUSD,buy,in,0.01,3374.48,2785,-0.04,0.00,0.00,2 195.58,
2025.06.12 08:55:55,2783,XAUUSD,sell,out,0.01,3375.09,2786,-0.04,0.00,0.61,2 196.15,sl 3375.10
2025.06.12 09:11:18,2784,XAUUSD,buy,in,0.01,3371.92,2787,-0.04,0.00,0.00,2 196.11,
2025.06.12 09:13:22,2785,XAUUSD,sell,out,0.01,3372.26,2788,-0.04,0.00,0.34,2 196.41,sl 3372.26
2025.06.12 09:35:24,2786,XAUUSD,buy,in,0.01,3370.88,2789,-0.04,0.00,0.00,2 196.37,
2025.06.12 09:36:44,2787,XAUUSD,sell,out,0.01,3371.04,2790,-0.04,0.00,0.16,2 196.49,sl 3371.04
2025.06.12 09:59:26,2788,XAUUSD,buy,in,0.01,3375.06,2791,-0.04,0.00,0.00,2 196.45,
2025.06.12 10:44:09,2789,XAUUSD,sell,out,0.01,3341.42,2792,-0.04,0.00,-33.64,2 162.77,
2025.06.12 13:18:58,2790,XAUUSD,buy,in,0.01,3373.03,2793,-0.04,0.00,0.00,2 162.73,
2025.06.12 13:19:16,2791,XAUUSD,sell,out,0.01,3373.12,2794,-0.04,0.00,0.09,2 162.78,sl 3373.12
2025.06.12 13:43:02,2792,XAUUSD,buy,in,0.01,3381.75,2795,-0.04,0.00,0.00,2 162.74,
2025.06.12 13:43:22,2793,XAUUSD,sell,out,0.01,3382.20,2796,-0.04,0.00,0.45,2 163.15,sl 3382.20
2025.06.12 14:07:05,2794,XAUUSD,buy,in,0.01,3386.16,2797,-0.04,0.00,0.00,2 163.11,
2025.06.12 15:30:48,2795,XAUUSD,sell,out,0.01,3386.54,2798,-0.04,0.00,0.38,2 163.45,sl 3386.70
2025.06.12 15:30:51,2796,XAUUSD,buy,in,0.01,3386.72,2799,-0.04,0.00,0.00,2 163.41,
2025.06.12 15:38:00,2797,XAUUSD,sell,out,0.01,3386.68,2800,-0.04,0.00,-0.04,2 163.33,sl 3386.76
2025.06.12 15:54:57,2798,XAUUSD,buy,in,0.01,3389.15,2801,-0.04,0.00,0.00,2 163.29,
2025.06.12 15:57:06,2799,XAUUSD,sell,out,0.01,3389.41,2802,-0.04,0.00,0.26,2 163.51,sl 3389.42
2025.06.12 16:19:02,2800,XAUUSD,buy,in,0.01,3385.73,2803,-0.04,0.00,0.00,2 163.47,
2025.06.12 16:34:09,2801,XAUUSD,sell,out,0.01,3387.72,2804,-0.04,0.00,1.99,2 165.42,sl 3387.78
2025.06.12 16:43:09,2802,XAUUSD,buy,in,0.01,3396.89,2805,-0.04,0.00,0.00,2 165.38,
2025.06.12 16:43:35,2803,XAUUSD,sell,out,0.01,3396.88,2806,-0.04,0.00,-0.01,2 165.33,sl 3396.93
2025.06.12 17:07:27,2804,XAUUSD,buy,in,0.01,3390.74,2807,-0.04,0.00,0.00,2 165.29,
2025.06.12 17:07:44,2805,XAUUSD,sell,out,0.01,3390.77,2808,-0.04,0.00,0.03,2 165.28,sl 3390.77
2025.06.12 17:31:30,2806,XAUUSD,buy,in,0.01,3387.46,2809,-0.04,0.00,0.00,2 165.24,
2025.06.12 17:31:34,2807,XAUUSD,sell,out,0.01,3387.38,2810,-0.04,0.00,-0.08,2 165.12,sl 3387.51
2025.06.12 17:55:34,2808,XAUUSD,buy,in,0.01,3385.82,2811,-0.04,0.00,0.00,2 165.08,
2025.06.12 17:55:52,2809,XAUUSD,sell,out,0.01,3385.99,2812,-0.04,0.00,0.17,2 165.21,sl 3386.02
2025.06.12 18:19:51,2810,XAUUSD,buy,in,0.01,3382.28,2813,-0.04,0.00,0.00,2 165.17,
2025.06.12 18:20:17,2811,XAUUSD,sell,out,0.01,3383.46,2814,-0.04,0.00,1.18,2 166.31,sl 3383.46
2025.06.12 18:43:53,2812,XAUUSD,buy,in,0.01,3387.17,2815,-0.04,0.00,0.00,2 166.27,
2025.06.12 18:44:17,2813,XAUUSD,sell,out,0.01,3387.37,2816,-0.04,0.00,0.20,2 166.43,sl 3387.42
2025.06.12 19:07:58,2814,XAUUSD,buy,in,0.01,3387.89,2817,-0.04,0.00,0.00,2 166.39,
2025.06.12 19:11:26,2815,XAUUSD,sell,out,0.01,3388.31,2818,-0.04,0.00,0.42,2 166.77,sl 3388.33
2025.06.12 19:32:06,2816,XAUUSD,buy,in,0.01,3390.05,2819,-0.04,0.00,0.00,2 166.73,
2025.06.12 21:10:15,2817,XAUUSD,sell,in,0.09,3383.55,2820,-0.32,0.00,0.00,2 166.41,
2025.06.12 21:25:52,2818,XAUUSD,buy,out,0.09,3383.05,2821,-0.32,0.00,4.50,2 170.59,sl 3383.05
2025.06.13 02:54:44,2819,XAUUSD,sell,out,0.01,3391.11,2822,-0.04,-0.57,1.06,2 171.04,sl 3391.25
2025.06.17 17:37:18,2820,XAUUSD,sell,in,0.01,3367.65,2823,-0.04,0.00,0.00,2 171.00,
2025.06.17 17:38:30,2821,XAUUSD,buy,out,0.01,3367.94,2824,-0.04,0.00,-0.29,2 170.67,sl 3367.64
2025.06.19 09:03:35,2822,XAUUSD,sell,in,0.01,3357.53,2825,-0.04,0.00,0.00,2 170.63,
2025.06.19 09:08:30,2823,XAUUSD,buy,out,0.01,3355.17,2826,-0.04,0.00,2.36,2 172.95,sl 3355.12
2025.06.19 09:27:51,2824,XAUUSD,sell,in,0.01,3351.23,2827,-0.04,0.00,0.00,2 172.91,
2025.06.19 09:28:48,2825,XAUUSD,buy,out,0.01,3350.80,2828,-0.04,0.00,0.43,2 173.30,sl 3350.80
2025.06.19 09:51:51,2826,XAUUSD,sell,in,0.01,3356.56,2829,-0.04,0.00,0.00,2 173.26,
2025.06.19 09:54:05,2827,XAUUSD,buy,out,0.01,3356.21,2830,-0.04,0.00,0.35,2 173.57,sl 3356.21
2025.06.19 10:15:51,2828,XAUUSD,sell,in,0.01,3356.34,2831,-0.04,0.00,0.00,2 173.53,
2025.06.19 10:16:31,2829,XAUUSD,buy,out,0.01,3356.35,2832,-0.04,0.00,-0.01,2 173.48,sl 3356.22
2025.06.20 06:09:39,2830,XAUUSD,sell,in,0.01,3349.81,2833,-0.04,0.00,0.00,2 173.44,
2025.06.20 06:10:31,2831,XAUUSD,buy,out,0.01,3347.24,2834,-0.04,0.00,2.57,2 175.97,sl 3347.23
2025.06.20 08:30:03,2832,XAUUSD,sell,in,0.01,3348.70,2835,-0.04,0.00,0.00,2 175.93,
2025.06.20 08:30:55,2833,XAUUSD,buy,out,0.01,3347.51,2836,-0.04,0.00,1.19,2 177.08,sl 3347.48
2025.06.20 08:54:06,2834,XAUUSD,sell,in,0.01,3346.06,2837,-0.04,0.00,0.00,2 177.04,
2025.06.20 08:57:40,2835,XAUUSD,buy,out,0.01,3343.61,2838,-0.04,0.00,2.45,2 179.45,sl 3343.53
2025.06.20 09:21:13,2836,XAUUSD,sell,in,0.01,3346.79,2839,-0.04,0.00,0.00,2 179.41,
2025.06.20 09:25:29,2837,XAUUSD,buy,out,0.01,3344.62,2840,-0.04,0.00,2.17,2 181.54,sl 3344.61
2025.06.20 09:45:13,2838,XAUUSD,sell,in,0.01,3341.12,2841,-0.04,0.00,0.00,2 181.50,
2025.06.20 11:23:16,2839,XAUUSD,buy,in,0.09,3349.71,2842,-0.32,0.00,0.00,2 181.18,
2025.06.20 11:33:36,2840,XAUUSD,sell,out,0.09,3350.63,2843,-0.32,0.00,8.28,2 189.14,sl 3350.66
2025.06.20 16:54:50,2841,XAUUSD,buy,out,0.01,3371.12,2844,-0.04,0.00,-30.00,2 159.10,
2025.06.24 02:56:47,2842,XAUUSD,sell,in,0.01,3344.19,2845,-0.04,0.00,0.00,2 159.06,
2025.06.24 02:59:35,2843,XAUUSD,buy,out,0.01,3343.76,2846,-0.04,0.00,0.43,2 159.45,sl 3343.76
2025.06.24 08:25:56,2844,XAUUSD,sell,in,0.01,3338.82,2847,-0.04,0.00,0.00,2 159.41,
2025.06.24 08:29:14,2845,XAUUSD,buy,out,0.01,3338.43,2848,-0.04,0.00,0.39,2 159.76,sl 3338.40
2025.06.24 08:50:02,2846,XAUUSD,sell,in,0.01,3332.32,2849,-0.04,0.00,0.00,2 159.72,
2025.06.24 08:50:25,2847,XAUUSD,buy,out,0.01,3332.23,2850,-0.04,0.00,0.09,2 159.77,sl 3332.21
2025.06.24 09:14:06,2848,XAUUSD,sell,in,0.01,3325.06,2851,-0.04,0.00,0.00,2 159.73,
2025.06.24 09:15:16,2849,XAUUSD,buy,out,0.01,3324.92,2852,-0.04,0.00,0.14,2 159.83,sl 3324.92
2025.06.24 09:38:08,2850,XAUUSD,sell,in,0.01,3317.48,2853,-0.04,0.00,0.00,2 159.79,
2025.06.24 10:12:27,2851,XAUUSD,buy,out,0.01,3317.56,2854,-0.04,0.00,-0.08,2 159.67,sl 3317.45
2025.06.24 10:12:28,2852,XAUUSD,sell,in,0.01,3316.99,2855,-0.04,0.00,0.00,2 159.63,
2025.06.24 11:50:30,2853,XAUUSD,buy,in,0.09,3327.61,2856,-0.32,0.00,0.00,2 159.31,
2025.06.24 11:50:55,2854,XAUUSD,sell,out,0.09,3327.69,2857,-0.32,0.00,0.72,2 159.71,sl 3327.69
2025.06.24 15:13:02,2855,XAUUSD,buy,out,0.01,3316.56,2858,-0.04,0.00,0.43,2 160.10,sl 3316.56
2025.06.27 06:12:28,2856,XAUUSD,sell,in,0.01,3304.79,2859,-0.04,0.00,0.00,2 160.06,
2025.06.27 06:16:00,2857,XAUUSD,buy,out,0.01,3304.06,2860,-0.04,0.00,0.73,2 160.75,sl 3304.01
2025.06.27 06:36:30,2858,XAUUSD,sell,in,0.01,3301.79,2861,-0.04,0.00,0.00,2 160.71,
2025.06.27 06:41:31,2859,XAUUSD,buy,out,0.01,3298.81,2862,-0.04,0.00,2.98,2 163.65,sl 3298.79
2025.06.27 07:00:32,2860,XAUUSD,sell,in,0.01,3293.13,2863,-0.04,0.00,0.00,2 163.61,
2025.06.27 07:01:39,2861,XAUUSD,buy,out,0.01,3292.44,2864,-0.04,0.00,0.69,2 164.26,sl 3292.31
2025.06.27 07:24:34,2862,XAUUSD,sell,in,0.01,3294.80,2865,-0.04,0.00,0.00,2 164.22,
2025.06.27 07:29:01,2863,XAUUSD,buy,out,0.01,3294.57,2866,-0.04,0.00,0.23,2 164.41,sl 3294.57
2025.06.27 07:48:37,2864,XAUUSD,sell,in,0.01,3296.82,2867,-0.04,0.00,0.00,2 164.37,
2025.06.27 07:50:40,2865,XAUUSD,buy,out,0.01,3295.03,2868,-0.04,0.00,1.79,2 166.12,sl 3295.03
2025.06.27 08:12:53,2866,XAUUSD,sell,in,0.01,3290.48,2869,-0.04,0.00,0.00,2 166.08,
2025.06.27 08:13:13,2867,XAUUSD,buy,out,0.01,3290.45,2870,-0.04,0.00,0.03,2 166.07,sl 3290.34
2025.06.27 08:37:03,2868,XAUUSD,sell,in,0.01,3298.34,2871,-0.04,0.00,0.00,2 166.03,
2025.06.27 08:50:00,2869,XAUUSD,buy,out,0.01,3297.29,2872,-0.04,0.00,1.05,2 167.04,sl 3297.29
2025.06.27 09:01:04,2870,XAUUSD,sell,in,0.01,3295.59,2873,-0.04,0.00,0.00,2 167.00,
2025.06.27 09:08:58,2871,XAUUSD,buy,out,0.01,3294.76,2874,-0.04,0.00,0.83,2 167.79,sl 3294.76
2025.06.27 09:25:08,2872,XAUUSD,sell,in,0.01,3295.83,2875,-0.04,0.00,0.00,2 167.75,
2025.06.27 09:25:43,2873,XAUUSD,buy,out,0.01,3295.60,2876,-0.04,0.00,0.23,2 167.94,sl 3295.60
2025.06.27 09:49:07,2874,XAUUSD,sell,in,0.01,3290.43,2877,-0.04,0.00,0.00,2 167.90,
2025.06.27 09:49:44,2875,XAUUSD,buy,out,0.01,3289.07,2878,-0.04,0.00,1.36,2 169.22,sl 3289.06
2025.06.27 10:13:07,2876,XAUUSD,sell,in,0.01,3287.97,2879,-0.04,0.00,0.00,2 169.18,
2025.06.27 10:13:37,2877,XAUUSD,buy,out,0.01,3287.93,2880,-0.04,0.00,0.04,2 169.18,sl 3287.89
2025.06.27 10:37:13,2878,XAUUSD,sell,in,0.01,3287.75,2881,-0.04,0.00,0.00,2 169.14,
2025.06.27 10:40:12,2879,XAUUSD,buy,out,0.01,3285.85,2882,-0.04,0.00,1.90,2 171.00,sl 3285.85
2025.06.27 11:01:19,2880,XAUUSD,sell,in,0.01,3285.47,2883,-0.04,0.00,0.00,2 170.96,
2025.06.27 11:03:32,2881,XAUUSD,buy,out,0.01,3285.56,2884,-0.04,0.00,-0.09,2 170.83,sl 3285.46
2025.06.27 11:25:22,2882,XAUUSD,sell,in,0.01,3283.74,2885,-0.04,0.00,0.00,2 170.79,
2025.06.27 11:27:21,2883,XAUUSD,buy,out,0.01,3283.55,2886,-0.04,0.00,0.19,2 170.94,sl 3283.40
2025.06.27 11:49:29,2884,XAUUSD,sell,in,0.01,3289.55,2888,-0.04,0.00,0.00,2 170.90,
2025.06.27 11:51:57,2885,XAUUSD,buy,out,0.01,3289.53,2889,-0.04,0.00,0.02,2 170.88,sl 3289.52
2025.06.27 12:13:39,2886,XAUUSD,sell,in,0.01,3289.36,2890,-0.04,0.00,0.00,2 170.84,
2025.06.27 12:15:38,2887,XAUUSD,buy,out,0.01,3286.15,2891,-0.04,0.00,3.21,2 174.01,sl 3286.11
2025.06.27 12:37:39,2888,XAUUSD,sell,in,0.01,3287.70,2892,-0.04,0.00,0.00,2 173.97,
2025.06.27 12:41:39,2889,XAUUSD,buy,out,0.01,3287.91,2893,-0.04,0.00,-0.21,2 173.72,sl 3287.69
2025.06.27 13:01:40,2890,XAUUSD,sell,in,0.01,3285.07,2894,-0.04,0.00,0.00,2 173.68,
2025.06.27 13:43:52,2891,XAUUSD,buy,out,0.01,3284.07,2895,-0.04,0.00,1.00,2 174.64,sl 3284.07
2025.06.27 13:43:55,2892,XAUUSD,sell,in,0.01,3284.08,2896,-0.04,0.00,0.00,2 174.60,
2025.06.27 13:48:20,2893,XAUUSD,buy,out,0.01,3284.03,2897,-0.04,0.00,0.05,2 174.61,sl 3284.02
2025.06.27 14:08:02,2894,XAUUSD,sell,in,0.01,3286.04,2898,-0.04,0.00,0.00,2 174.57,
2025.06.27 14:10:05,2895,XAUUSD,buy,out,0.01,3284.66,2899,-0.04,0.00,1.38,2 175.91,sl 3284.65
2025.06.27 14:32:18,2896,XAUUSD,sell,in,0.01,3283.99,2900,-0.04,0.00,0.00,2 175.87,
2025.06.27 14:35:20,2897,XAUUSD,buy,out,0.01,3282.68,2901,-0.04,0.00,1.31,2 177.14,sl 3282.68
2025.06.27 14:56:29,2898,XAUUSD,sell,in,0.01,3283.55,2902,-0.04,0.00,0.00,2 177.10,
2025.06.27 14:56:37,2899,XAUUSD,buy,out,0.01,3283.53,2903,-0.04,0.00,0.02,2 177.08,sl 3283.53
2025.06.27 15:20:35,2900,XAUUSD,sell,in,0.01,3275.93,2904,-0.04,0.00,0.00,2 177.04,
2025.06.27 15:31:55,2901,XAUUSD,buy,out,0.01,3275.92,2905,-0.04,0.00,0.01,2 177.01,sl 3275.91
2025.06.27 15:44:51,2902,XAUUSD,sell,in,0.01,3271.42,2906,-0.04,0.00,0.00,2 176.97,
2025.06.27 15:45:17,2903,XAUUSD,buy,out,0.01,3270.87,2907,-0.04,0.00,0.55,2 177.48,sl 3270.86
2025.06.27 16:08:56,2904,XAUUSD,sell,in,0.01,3267.10,2908,-0.04,0.00,0.00,2 177.44,
2025.06.27 16:09:38,2905,XAUUSD,buy,out,0.01,3267.08,2909,-0.04,0.00,0.02,2 177.42,sl 3267.07
2025.06.27 16:32:57,2906,XAUUSD,sell,in,0.01,3262.57,2910,-0.04,0.00,0.00,2 177.38,
2025.06.27 16:33:44,2907,XAUUSD,buy,out,0.01,3262.08,2911,-0.04,0.00,0.49,2 177.83,sl 3262.04
2025.06.27 16:57:15,2908,XAUUSD,sell,in,0.01,3272.28,2912,-0.04,0.00,0.00,2 177.79,
2025.06.27 17:02:42,2909,XAUUSD,buy,out,0.01,3272.24,2913,-0.04,0.00,0.04,2 177.79,sl 3272.21
2025.06.27 17:21:29,2910,XAUUSD,sell,in,0.01,3267.05,2914,-0.04,0.00,0.00,2 177.75,
2025.06.27 17:39:56,2911,XAUUSD,buy,out,0.01,3266.92,2915,-0.04,0.00,0.13,2 177.84,sl 3266.88
2025.06.27 17:45:35,2912,XAUUSD,sell,in,0.01,3266.60,2916,-0.04,0.00,0.00,2 177.80,
2025.06.27 17:48:21,2913,XAUUSD,buy,out,0.01,3264.51,2917,-0.04,0.00,2.09,2 179.85,sl 3264.51
2025.06.27 18:09:39,2914,XAUUSD,sell,in,0.01,3274.65,2918,-0.04,0.00,0.00,2 179.81,
2025.06.27 18:10:42,2915,XAUUSD,buy,out,0.01,3274.02,2919,-0.04,0.00,0.63,2 180.40,sl 3273.97
2025.06.27 18:33:47,2916,XAUUSD,sell,in,0.01,3273.43,2920,-0.04,0.00,0.00,2 180.36,
2025.06.27 18:35:33,2917,XAUUSD,buy,out,0.01,3272.71,2921,-0.04,0.00,0.72,2 181.04,sl 3272.70
2025.06.27 18:58:07,2918,XAUUSD,sell,in,0.01,3274.84,2922,-0.04,0.00,0.00,2 181.00,
2025.06.27 18:58:51,2919,XAUUSD,buy,out,0.01,3274.83,2923,-0.04,0.00,0.01,2 180.97,sl 3274.83
2025.06.27 19:22:13,2920,XAUUSD,sell,in,0.01,3276.94,2924,-0.04,0.00,0.00,2 180.93,
2025.06.27 19:35:40,2921,XAUUSD,buy,out,0.01,3275.40,2925,-0.04,0.00,1.54,2 182.43,sl 3275.38
2025.06.27 19:46:13,2922,XAUUSD,sell,in,0.01,3273.95,2926,-0.04,0.00,0.00,2 182.39,
2025.06.27 20:37:02,2923,XAUUSD,buy,out,0.01,3273.61,2927,-0.04,0.00,0.34,2 182.69,sl 3273.58
2025.06.27 20:37:07,2924,XAUUSD,sell,in,0.01,3274.04,2928,-0.04,0.00,0.00,2 182.65,
2025.06.27 20:41:18,2925,XAUUSD,buy,out,0.01,3274.06,2929,-0.04,0.00,-0.02,2 182.59,sl 3274.03
2025.06.27 21:01:09,2926,XAUUSD,sell,in,0.01,3277.53,2930,-0.04,0.00,0.00,2 182.55,
2025.06.27 21:02:11,2927,XAUUSD,buy,out,0.01,3276.09,2931,-0.04,0.00,1.44,2 183.95,sl 3276.07
2025.06.27 21:25:12,2928,XAUUSD,sell,in,0.01,3273.52,2932,-0.04,0.00,0.00,2 183.91,
2025.06.27 21:31:16,2929,XAUUSD,buy,out,0.01,3272.87,2933,-0.04,0.00,0.65,2 184.52,sl 3272.87
2025.06.27 21:49:17,2930,XAUUSD,sell,in,0.01,3273.50,2934,-0.04,0.00,0.00,2 184.48,
2025.06.27 22:14:04,2931,XAUUSD,buy,out,0.01,3272.85,2935,-0.04,0.00,0.65,2 185.09,sl 3272.85
2025.07.01 08:27:34,2932,XAUUSD,buy,in,0.01,3330.03,2936,-0.04,0.00,0.00,2 185.05,
2025.07.01 08:32:55,2933,XAUUSD,sell,out,0.01,3330.59,2937,-0.04,0.00,0.56,2 185.57,sl 3330.59
2025.07.01 08:58:18,2934,XAUUSD,buy,in,0.01,3329.86,2938,-0.04,0.00,0.00,2 185.53,
2025.07.01 09:03:58,2935,XAUUSD,sell,out,0.01,3329.25,2939,-0.04,0.00,-0.61,2 184.88,sl 3329.94
2025.07.01 09:40:10,2936,XAUUSD,buy,in,0.01,3330.25,2940,-0.04,0.00,0.00,2 184.84,
2025.07.01 09:45:03,2937,XAUUSD,sell,out,0.01,3332.02,2941,-0.04,0.00,1.77,2 186.57,sl 3332.02
2025.07.01 10:04:11,2938,XAUUSD,buy,in,0.01,3332.00,2942,-0.04,0.00,0.00,2 186.53,
2025.07.01 10:07:57,2939,XAUUSD,sell,out,0.01,3332.50,2943,-0.04,0.00,0.50,2 186.99,sl 3332.51
2025.07.01 10:28:13,2940,XAUUSD,buy,in,0.01,3336.91,2944,-0.04,0.00,0.00,2 186.95,
2025.07.01 10:31:03,2941,XAUUSD,sell,out,0.01,3339.28,2945,-0.04,0.00,2.37,2 189.28,sl 3339.28
2025.07.01 10:52:16,2942,XAUUSD,buy,in,0.01,3338.47,2946,-0.04,0.00,0.00,2 189.24,
2025.07.01 10:53:30,2943,XAUUSD,sell,out,0.01,3339.07,2947,-0.04,0.00,0.60,2 189.80,sl 3339.08
2025.07.01 11:16:17,2944,XAUUSD,buy,in,0.01,3337.91,2948,-0.04,0.00,0.00,2 189.76,
2025.07.01 11:16:33,2945,XAUUSD,sell,out,0.01,3337.89,2949,-0.04,0.00,-0.02,2 189.70,sl 3337.95
2025.07.01 11:40:18,2946,XAUUSD,buy,in,0.01,3340.50,2950,-0.04,0.00,0.00,2 189.66,
2025.07.01 12:22:24,2947,XAUUSD,sell,out,0.01,3341.29,2951,-0.04,0.00,0.79,2 190.41,sl 3341.29
2025.07.01 12:22:24,2948,XAUUSD,buy,in,0.01,3341.36,2952,-0.04,0.00,0.00,2 190.37,
2025.07.01 12:23:28,2949,XAUUSD,sell,out,0.01,3341.66,2953,-0.04,0.00,0.30,2 190.63,sl 3341.68
2025.07.01 12:46:28,2950,XAUUSD,buy,in,0.01,3345.90,2954,-0.04,0.00,0.00,2 190.59,
2025.07.01 12:51:41,2951,XAUUSD,sell,out,0.01,3345.99,2955,-0.04,0.00,0.09,2 190.64,sl 3345.99
2025.07.01 13:10:34,2952,XAUUSD,buy,in,0.01,3345.91,2956,-0.04,0.00,0.00,2 190.60,
2025.07.01 13:12:57,2953,XAUUSD,sell,out,0.01,3347.53,2957,-0.04,0.00,1.62,2 192.18,sl 3347.53
2025.07.01 13:34:38,2954,XAUUSD,buy,in,0.01,3346.70,2958,-0.04,0.00,0.00,2 192.14,
2025.07.01 13:37:28,2955,XAUUSD,sell,out,0.01,3346.72,2959,-0.04,0.00,0.02,2 192.12,sl 3346.72
2025.07.01 13:58:45,2956,XAUUSD,buy,in,0.01,3349.24,2960,-0.04,0.00,0.00,2 192.08,
2025.07.01 14:04:11,2957,XAUUSD,sell,out,0.01,3349.59,2961,-0.04,0.00,0.35,2 192.39,sl 3349.60
2025.07.01 14:22:46,2958,XAUUSD,buy,in,0.01,3350.27,2962,-0.04,0.00,0.00,2 192.35,
2025.07.01 14:25:38,2959,XAUUSD,sell,out,0.01,3351.56,2963,-0.04,0.00,1.29,2 193.60,sl 3351.57
2025.07.01 14:46:51,2960,XAUUSD,buy,in,0.01,3349.04,2964,-0.04,0.00,0.00,2 193.56,
2025.07.01 14:52:23,2961,XAUUSD,sell,out,0.01,3350.06,2965,-0.04,0.00,1.02,2 194.54,sl 3350.17
2025.07.01 15:10:54,2962,XAUUSD,buy,in,0.01,3350.40,2966,-0.04,0.00,0.00,2 194.50,
2025.07.01 15:17:08,2963,XAUUSD,sell,out,0.01,3352.01,2967,-0.04,0.00,1.61,2 196.07,sl 3352.01
2025.07.01 15:34:59,2964,XAUUSD,buy,in,0.01,3354.59,2968,-0.04,0.00,0.00,2 196.03,
2025.07.01 15:35:48,2965,XAUUSD,sell,out,0.01,3354.89,2969,-0.04,0.00,0.30,2 196.29,sl 3354.95
2025.07.01 15:59:03,2966,XAUUSD,buy,in,0.01,3355.38,2970,-0.04,0.00,0.00,2 196.25,
2025.07.01 17:37:11,2967,XAUUSD,sell,in,0.09,3350.40,2971,-0.32,0.00,0.00,2 195.93,
2025.07.01 17:42:03,2968,XAUUSD,buy,out,0.09,3349.94,2972,-0.32,0.00,4.14,2 199.75,sl 3349.94
2025.07.02 22:05:12,2969,XAUUSD,sell,out,0.01,3356.01,2973,-0.04,-0.57,0.63,2 199.77,sl 3356.01
2025.07.07 04:21:06,2970,XAUUSD,sell,in,0.01,3307.02,2974,-0.04,0.00,0.00,2 199.73,
2025.07.07 05:49:30,2971,XAUUSD,buy,out,0.01,3306.84,2975,-0.04,0.00,0.18,2 199.87,sl 3306.79
2025.07.07 05:49:31,2972,XAUUSD,sell,in,0.01,3306.67,2976,-0.04,0.00,0.00,2 199.83,
2025.07.07 07:27:36,2973,XAUUSD,buy,out,0.01,3306.56,2977,-0.04,0.00,0.11,2 199.90,sl 3306.53
2025.07.07 07:27:38,2974,XAUUSD,buy,in,0.09,3306.67,2978,-0.32,0.00,0.00,2 199.58,
2025.07.07 07:27:47,2975,XAUUSD,sell,out,0.09,3306.72,2979,-0.32,0.00,0.45,2 199.71,
2025.07.08 17:37:00,2976,XAUUSD,sell,in,0.01,3300.38,2980,-0.04,0.00,0.00,2 199.67,
2025.07.08 17:37:48,2977,XAUUSD,buy,out,0.01,3298.02,2981,-0.04,0.00,2.36,2 201.99,sl 3298.02
2025.07.08 18:01:01,2978,XAUUSD,sell,in,0.01,3296.27,2982,-0.04,0.00,0.00,2 201.95,
2025.07.08 18:03:48,2979,XAUUSD,buy,out,0.01,3295.40,2983,-0.04,0.00,0.87,2 202.78,sl 3295.39
2025.07.08 18:25:10,2980,XAUUSD,sell,in,0.01,3295.95,2984,-0.04,0.00,0.00,2 202.74,
2025.07.08 18:26:59,2981,XAUUSD,buy,out,0.01,3295.87,2985,-0.04,0.00,0.08,2 202.78,sl 3295.87
2025.07.08 18:49:25,2982,XAUUSD,sell,in,0.01,3298.50,2986,-0.04,0.00,0.00,2 202.74,
2025.07.08 18:58:56,2983,XAUUSD,buy,out,0.01,3298.47,2987,-0.04,0.00,0.03,2 202.73,sl 3298.46
2025.07.08 19:13:28,2984,XAUUSD,sell,in,0.01,3297.18,2988,-0.04,0.00,0.00,2 202.69,
2025.07.08 19:15:37,2985,XAUUSD,buy,out,0.01,3297.15,2989,-0.04,0.00,0.03,2 202.68,sl 3297.15
2025.07.08 19:37:31,2986,XAUUSD,sell,in,0.01,3297.06,2990,-0.04,0.00,0.00,2 202.64,
2025.07.08 19:38:22,2987,XAUUSD,buy,out,0.01,3296.81,2991,-0.04,0.00,0.25,2 202.85,sl 3296.79
2025.07.09 05:46:00,2988,XAUUSD,sell,in,0.01,3292.88,2992,-0.04,0.00,0.00,2 202.81,
2025.07.09 05:48:56,2989,XAUUSD,buy,out,0.01,3291.63,2993,-0.04,0.00,1.25,2 204.02,sl 3291.60
2025.07.09 06:10:14,2990,XAUUSD,sell,in,0.01,3291.52,2994,-0.04,0.00,0.00,2 203.98,
2025.07.09 06:18:42,2991,XAUUSD,buy,out,0.01,3290.62,2995,-0.04,0.00,0.90,2 204.84,sl 3290.56
2025.07.09 06:34:17,2992,XAUUSD,sell,in,0.01,3291.61,2996,-0.04,0.00,0.00,2 204.80,
2025.07.09 06:34:30,2993,XAUUSD,buy,out,0.01,3291.59,2997,-0.04,0.00,0.02,2 204.78,sl 3291.59
2025.07.09 08:40:14,2994,XAUUSD,sell,in,0.01,3290.70,2998,-0.04,0.00,0.00,2 204.74,
2025.07.09 08:56:55,2995,XAUUSD,buy,out,0.01,3289.73,2999,-0.04,0.00,0.97,2 205.67,sl 3289.71
2025.07.09 09:04:16,2996,XAUUSD,sell,in,0.01,3288.32,3000,-0.04,0.00,0.00,2 205.63,
2025.07.09 09:13:48,2997,XAUUSD,buy,out,0.01,3288.14,3001,-0.04,0.00,0.18,2 205.77,sl 3288.13
2025.07.09 09:28:16,2998,XAUUSD,sell,in,0.01,3286.35,3002,-0.04,0.00,0.00,2 205.73,
2025.07.09 09:36:26,2999,XAUUSD,buy,out,0.01,3286.36,3003,-0.04,0.00,-0.01,2 205.68,sl 3286.28
2025.07.09 10:31:43,3000,XAUUSD,sell,in,0.01,3288.59,3004,-0.04,0.00,0.00,2 205.64,
2025.07.09 11:18:02,3001,XAUUSD,buy,out,0.01,3288.37,3005,-0.04,0.00,0.22,2 205.82,sl 3288.21
2025.07.09 11:18:11,3002,XAUUSD,sell,in,0.01,3287.55,3006,-0.04,0.00,0.00,2 205.78,
2025.07.09 11:21:07,3003,XAUUSD,buy,out,0.01,3286.17,3007,-0.04,0.00,1.38,2 207.12,sl 3286.11
2025.07.09 11:42:19,3004,XAUUSD,sell,in,0.01,3286.31,3008,-0.04,0.00,0.00,2 207.08,
2025.07.09 11:54:12,3005,XAUUSD,buy,out,0.01,3286.05,3009,-0.04,0.00,0.26,2 207.30,sl 3286.05
2025.07.09 12:07:15,3006,XAUUSD,sell,in,0.01,3286.83,3010,-0.04,0.00,0.00,2 207.26,
2025.07.09 13:45:39,3007,XAUUSD,buy,in,0.09,3294.73,3011,-0.32,0.00,0.00,2 206.94,
2025.07.09 13:46:23,3008,XAUUSD,sell,out,0.09,3295.08,3012,-0.32,0.00,3.15,2 209.77,sl 3295.17
2025.07.09 14:35:34,3009,XAUUSD,buy,out,0.01,3286.18,3013,-0.04,0.00,0.65,2 210.38,sl 3286.13
2025.07.11 14:45:43,3010,XAUUSD,buy,in,0.01,3350.32,3014,-0.04,0.00,0.00,2 210.34,
2025.07.11 15:33:22,3011,XAUUSD,sell,out,0.01,3350.33,3015,-0.04,0.00,0.01,2 210.31,sl 3350.36
2025.07.11 15:34:16,3012,XAUUSD,buy,in,0.01,3350.82,3016,-0.04,0.00,0.00,2 210.27,
2025.07.11 15:35:56,3013,XAUUSD,sell,out,0.01,3352.37,3017,-0.04,0.00,1.55,2 211.78,sl 3352.39
2025.07.11 15:58:21,3014,XAUUSD,buy,in,0.01,3354.80,3018,-0.04,0.00,0.00,2 211.74,
2025.07.11 15:59:47,3015,XAUUSD,sell,out,0.01,3354.93,3019,-0.04,0.00,0.13,2 211.83,sl 3354.93
2025.07.11 16:22:26,3016,XAUUSD,buy,in,0.01,3353.29,3020,-0.04,0.00,0.00,2 211.79,
2025.07.11 16:27:19,3017,XAUUSD,sell,out,0.01,3353.29,3021,-0.04,0.00,0.00,2 211.75,sl 3353.32
2025.07.11 16:46:44,3018,XAUUSD,buy,in,0.01,3355.18,3022,-0.04,0.00,0.00,2 211.71,
2025.07.11 16:47:27,3019,XAUUSD,sell,out,0.01,3355.21,3023,-0.04,0.00,0.03,2 211.70,sl 3355.21
2025.07.11 17:10:47,3020,XAUUSD,buy,in,0.01,3352.83,3024,-0.04,0.00,0.00,2 211.66,
2025.07.11 17:11:53,3021,XAUUSD,sell,out,0.01,3352.92,3025,-0.04,0.00,0.09,2 211.71,sl 3352.92
2025.07.11 17:34:50,3022,XAUUSD,buy,in,0.01,3356.37,3026,-0.04,0.00,0.00,2 211.67,
2025.07.11 17:36:32,3023,XAUUSD,sell,out,0.01,3358.31,3027,-0.04,0.00,1.94,2 213.57,sl 3358.33
2025.07.11 17:58:55,3024,XAUUSD,buy,in,0.01,3360.54,3028,-0.04,0.00,0.00,2 213.53,
2025.07.11 17:59:49,3025,XAUUSD,sell,out,0.01,3361.02,3029,-0.04,0.00,0.48,2 213.97,sl 3361.03
2025.07.11 18:23:00,3026,XAUUSD,buy,in,0.01,3365.97,3030,-0.04,0.00,0.00,2 213.93,
2025.07.11 18:25:54,3027,XAUUSD,sell,out,0.01,3366.02,3031,-0.04,0.00,0.05,2 213.94,sl 3366.04
2025.07.11 18:47:03,3028,XAUUSD,buy,in,0.01,3359.74,3032,-0.04,0.00,0.00,2 213.90,
2025.07.11 18:50:44,3029,XAUUSD,sell,out,0.01,3359.79,3033,-0.04,0.00,0.05,2 213.91,sl 3359.79
2025.07.11 19:11:10,3030,XAUUSD,buy,in,0.01,3357.53,3034,-0.04,0.00,0.00,2 213.87,
2025.07.11 20:49:14,3031,XAUUSD,sell,in,0.09,3352.59,3035,-0.32,0.00,0.00,2 213.55,
2025.07.11 21:20:39,3032,XAUUSD,sell,out,0.01,3357.56,3036,-0.04,0.00,0.03,2 213.54,sl 3357.56
2025.07.14 15:39:44,3033,XAUUSD,buy,out,0.09,3351.92,3037,-0.32,3.63,6.03,2 222.88,sl 3351.91
2025.07.16 18:19:52,3034,XAUUSD,buy,in,0.01,3369.33,3038,-0.04,0.00,0.00,2 222.84,
2025.07.16 18:20:45,3035,XAUUSD,sell,out,0.01,3369.35,3039,-0.04,0.00,0.02,2 222.82,sl 3369.36
2025.07.17 15:45:18,3036,XAUUSD,sell,in,0.01,3311.90,3040,-0.04,0.00,0.00,2 222.78,
2025.07.17 15:52:25,3037,XAUUSD,buy,out,0.01,3311.38,3041,-0.04,0.00,0.52,2 223.26,sl 3311.36
2025.07.21 15:18:50,3038,XAUUSD,buy,in,0.01,3377.56,3042,-0.04,0.00,0.00,2 223.22,
2025.07.21 15:19:33,3039,XAUUSD,sell,out,0.01,3378.48,3043,-0.04,0.00,0.92,2 224.10,sl 3378.61
2025.07.21 15:42:55,3040,XAUUSD,buy,in,0.01,3387.07,3044,-0.04,0.00,0.00,2 224.06,
2025.07.21 15:51:05,3041,XAUUSD,sell,out,0.01,3387.86,3045,-0.04,0.00,0.79,2 224.81,sl 3387.87
2025.07.21 16:06:57,3042,XAUUSD,buy,in,0.01,3389.04,3046,-0.04,0.00,0.00,2 224.77,
2025.07.21 16:22:37,3043,XAUUSD,sell,out,0.01,3389.06,3047,-0.04,0.00,0.02,2 224.75,sl 3389.09
2025.07.21 16:31:02,3044,XAUUSD,buy,in,0.01,3386.72,3048,-0.04,0.00,0.00,2 224.71,
2025.07.21 16:31:41,3045,XAUUSD,sell,out,0.01,3386.74,3049,-0.04,0.00,0.02,2 224.69,sl 3386.74
2025.07.21 16:55:05,3046,XAUUSD,buy,in,0.01,3389.98,3050,-0.04,0.00,0.00,2 224.65,
2025.07.21 16:55:39,3047,XAUUSD,sell,out,0.01,3389.93,3051,-0.04,0.00,-0.05,2 224.56,sl 3390.06
2025.07.21 17:19:07,3048,XAUUSD,buy,in,0.01,3395.92,3052,-0.04,0.00,0.00,2 224.52,
2025.07.21 17:25:56,3049,XAUUSD,sell,out,0.01,3396.84,3053,-0.04,0.00,0.92,2 225.40,sl 3396.84
2025.07.21 17:43:14,3050,XAUUSD,buy,in,0.01,3399.10,3054,-0.04,0.00,0.00,2 225.36,
2025.07.21 17:44:59,3051,XAUUSD,sell,out,0.01,3399.64,3055,-0.04,0.00,0.54,2 225.86,sl 3399.64
2025.07.21 18:07:18,3052,XAUUSD,buy,in,0.01,3399.89,3056,-0.04,0.00,0.00,2 225.82,
2025.07.21 18:24:01,3053,XAUUSD,sell,out,0.01,3400.22,3057,-0.04,0.00,0.33,2 226.11,sl 3400.22
2025.07.21 18:31:22,3054,XAUUSD,buy,in,0.01,3399.57,3058,-0.04,0.00,0.00,2 226.07,
2025.07.21 18:33:26,3055,XAUUSD,sell,out,0.01,3400.24,3059,-0.04,0.00,0.67,2 226.70,sl 3400.25
2025.07.21 18:55:28,3056,XAUUSD,buy,in,0.01,3398.42,3060,-0.04,0.00,0.00,2 226.66,
2025.07.21 18:57:21,3057,XAUUSD,sell,out,0.01,3399.15,3061,-0.04,0.00,0.73,2 227.35,sl 3399.15
2025.07.21 19:19:28,3058,XAUUSD,buy,in,0.01,3397.56,3062,-0.04,0.00,0.00,2 227.31,
2025.07.21 19:21:47,3059,XAUUSD,sell,out,0.01,3398.12,3063,-0.04,0.00,0.56,2 227.83,sl 3398.13
2025.07.21 19:43:34,3060,XAUUSD,buy,in,0.01,3395.79,3064,-0.04,0.00,0.00,2 227.79,
2025.07.21 19:45:15,3061,XAUUSD,sell,out,0.01,3395.80,3065,-0.04,0.00,0.01,2 227.76,sl 3395.83
2025.07.21 20:07:38,3062,XAUUSD,buy,in,0.01,3394.23,3066,-0.04,0.00,0.00,2 227.72,
2025.07.21 21:09:03,3063,XAUUSD,sell,out,0.01,3394.59,3067,-0.04,0.00,0.36,2 228.04,sl 3394.63
2025.07.21 21:09:03,3064,XAUUSD,buy,in,0.01,3394.70,3068,-0.04,0.00,0.00,2 228.00,
2025.07.21 21:23:36,3065,XAUUSD,sell,out,0.01,3394.75,3069,-0.04,0.00,0.05,2 228.01,sl 3394.75
2025.07.21 21:33:07,3066,XAUUSD,buy,in,0.01,3394.91,3070,-0.04,0.00,0.00,2 227.97,
2025.07.21 22:00:02,3067,XAUUSD,sell,out,0.01,3395.32,3071,-0.04,0.00,0.41,2 228.34,sl 3395.35
2025.07.21 22:00:10,3068,XAUUSD,buy,in,0.01,3395.34,3072,-0.04,0.00,0.00,2 228.30,
2025.07.21 22:06:35,3069,XAUUSD,sell,out,0.01,3395.83,3073,-0.04,0.00,0.49,2 228.75,sl 3395.83
2025.07.21 22:24:16,3070,XAUUSD,buy,in,0.01,3398.54,3074,-0.04,0.00,0.00,2 228.71,
2025.07.21 22:31:50,3071,XAUUSD,sell,out,0.01,3398.80,3075,-0.04,0.00,0.26,2 228.93,sl 3398.82
2025.07.21 22:48:22,3072,XAUUSD,buy,in,0.01,3397.89,3076,-0.04,0.00,0.00,2 228.89,
2025.07.21 22:56:54,3073,XAUUSD,sell,out,0.01,3398.16,3077,-0.04,0.00,0.27,2 229.12,sl 3398.17
2025.07.21 23:12:22,3074,XAUUSD,buy,in,0.01,3398.55,3078,-0.04,0.00,0.00,2 229.08,
2025.07.22 01:02:09,3075,XAUUSD,sell,out,0.01,3398.58,3079,-0.04,-0.57,0.03,2 228.50,sl 3398.64
2025.07.24 10:55:32,3076,XAUUSD,sell,in,0.01,3367.23,3080,-0.04,0.00,0.00,2 228.46,
2025.07.24 10:57:02,3077,XAUUSD,buy,out,0.01,3366.86,3081,-0.04,0.00,0.37,2 228.79,sl 3366.85
2025.07.24 12:17:11,3078,XAUUSD,sell,in,0.01,3365.43,3082,-0.04,0.00,0.00,2 228.75,
2025.07.24 12:18:58,3079,XAUUSD,buy,out,0.01,3365.16,3083,-0.04,0.00,0.27,2 228.98,sl 3365.16
2025.07.24 12:41:17,3080,XAUUSD,sell,in,0.01,3364.46,3084,-0.04,0.00,0.00,2 228.94,
2025.07.24 12:42:36,3081,XAUUSD,buy,out,0.01,3363.34,3085,-0.04,0.00,1.12,2 230.02,sl 3363.27
2025.07.24 13:05:17,3082,XAUUSD,sell,in,0.01,3363.93,3086,-0.04,0.00,0.00,2 229.98,
2025.07.24 13:06:01,3083,XAUUSD,buy,out,0.01,3363.39,3087,-0.04,0.00,0.54,2 230.48,sl 3363.39
2025.07.24 13:29:24,3084,XAUUSD,sell,in,0.01,3364.69,3088,-0.04,0.00,0.00,2 230.44,
2025.07.24 13:34:10,3085,XAUUSD,buy,out,0.01,3363.32,3089,-0.04,0.00,1.37,2 231.77,sl 3363.30
2025.07.24 13:53:34,3086,XAUUSD,sell,in,0.01,3364.28,3090,-0.04,0.00,0.00,2 231.73,
2025.07.24 13:57:33,3087,XAUUSD,buy,out,0.01,3363.68,3091,-0.04,0.00,0.60,2 232.29,sl 3363.67
2025.07.24 14:23:07,3088,XAUUSD,sell,in,0.01,3364.14,3092,-0.04,0.00,0.00,2 232.25,
2025.07.24 14:25:39,3089,XAUUSD,buy,out,0.01,3363.39,3093,-0.04,0.00,0.75,2 232.96,sl 3363.35
2025.07.24 14:47:07,3090,XAUUSD,sell,in,0.01,3362.53,3094,-0.04,0.00,0.00,2 232.92,
2025.07.24 14:54:33,3091,XAUUSD,buy,out,0.01,3362.54,3095,-0.04,0.00,-0.01,2 232.87,sl 3362.51
2025.07.24 15:11:36,3092,XAUUSD,sell,in,0.01,3363.09,3096,-0.04,0.00,0.00,2 232.83,
2025.07.24 15:13:15,3093,XAUUSD,buy,out,0.01,3362.93,3097,-0.04,0.00,0.16,2 232.95,sl 3362.90
2025.07.24 15:35:51,3094,XAUUSD,sell,in,0.01,3363.86,3098,-0.04,0.00,0.00,2 232.91,
2025.07.24 15:39:26,3095,XAUUSD,buy,out,0.01,3362.22,3099,-0.04,0.00,1.64,2 234.51,sl 3362.21
2025.07.24 15:59:56,3096,XAUUSD,sell,in,0.01,3353.68,3100,-0.04,0.00,0.00,2 234.47,
2025.07.24 16:00:36,3097,XAUUSD,buy,out,0.01,3352.49,3101,-0.04,0.00,1.19,2 235.62,sl 3352.49
2025.07.24 16:23:58,3098,XAUUSD,sell,in,0.01,3357.39,3102,-0.04,0.00,0.00,2 235.58,
2025.07.24 16:24:14,3099,XAUUSD,buy,out,0.01,3357.38,3103,-0.04,0.00,0.01,2 235.55,sl 3357.38
2025.07.25 11:19:12,3100,XAUUSD,sell,in,0.01,3351.87,3104,-0.04,0.00,0.00,2 235.51,
2025.07.25 11:22:40,3101,XAUUSD,buy,out,0.01,3350.71,3105,-0.04,0.00,1.16,2 236.63,sl 3350.65
2025.07.25 11:43:16,3102,XAUUSD,sell,in,0.01,3348.24,3106,-0.04,0.00,0.00,2 236.59,
2025.07.25 11:52:42,3103,XAUUSD,buy,out,0.01,3346.33,3107,-0.04,0.00,1.91,2 238.46,sl 3346.32
2025.07.25 12:07:24,3104,XAUUSD,sell,in,0.01,3344.62,3108,-0.04,0.00,0.00,2 238.42,
2025.07.25 12:11:53,3105,XAUUSD,buy,out,0.01,3343.84,3109,-0.04,0.00,0.78,2 239.16,sl 3343.84
2025.07.25 12:31:30,3106,XAUUSD,sell,in,0.01,3346.92,3110,-0.04,0.00,0.00,2 239.12,
2025.07.25 12:51:00,3107,XAUUSD,buy,out,0.01,3346.91,3111,-0.04,0.00,0.01,2 239.09,sl 3346.86
2025.07.25 12:55:33,3108,XAUUSD,sell,in,0.01,3346.46,3112,-0.04,0.00,0.00,2 239.05,
2025.07.25 12:56:52,3109,XAUUSD,buy,out,0.01,3346.39,3113,-0.04,0.00,0.07,2 239.08,
2025.07.25 13:19:46,3110,XAUUSD,sell,in,0.01,3345.96,3114,-0.04,0.00,0.00,2 239.04,
2025.07.25 13:20:25,3111,XAUUSD,buy,out,0.01,3345.82,3115,-0.04,0.00,0.14,2 239.14,sl 3345.79
2025.07.25 13:43:55,3112,XAUUSD,sell,in,0.01,3343.98,3116,-0.04,0.00,0.00,2 239.10,
2025.07.25 13:48:18,3113,XAUUSD,buy,out,0.01,3343.64,3117,-0.04,0.00,0.34,2 239.40,sl 3343.64
2025.07.25 14:07:58,3114,XAUUSD,sell,in,0.01,3343.22,3118,-0.04,0.00,0.00,2 239.36,
2025.07.25 14:14:37,3115,XAUUSD,buy,out,0.01,3342.91,3119,-0.04,0.00,0.31,2 239.63,sl 3342.85
2025.07.25 14:32:01,3116,XAUUSD,sell,in,0.01,3338.95,3120,-0.04,0.00,0.00,2 239.59,
2025.07.25 15:36:22,3117,XAUUSD,buy,out,0.01,3338.98,3121,-0.04,0.00,-0.03,2 239.52,sl 3338.94
2025.07.25 15:36:22,3118,XAUUSD,sell,in,0.01,3338.88,3122,-0.04,0.00,0.00,2 239.48,
2025.07.25 15:40:39,3119,XAUUSD,buy,out,0.01,3338.83,3123,-0.04,0.00,0.05,2 239.49,sl 3338.83
2025.07.25 16:00:28,3120,XAUUSD,sell,in,0.01,3340.88,3124,-0.04,0.00,0.00,2 239.45,
2025.07.25 16:01:52,3121,XAUUSD,buy,out,0.01,3340.60,3125,-0.04,0.00,0.28,2 239.69,sl 3340.60
2025.07.25 16:24:29,3122,XAUUSD,sell,in,0.01,3340.83,3126,-0.04,0.00,0.00,2 239.65,
2025.07.25 16:44:05,3123,XAUUSD,buy,out,0.01,3340.55,3127,-0.04,0.00,0.28,2 239.89,sl 3340.33
2025.07.25 16:48:36,3124,XAUUSD,sell,in,0.01,3344.52,3128,-0.04,0.00,0.00,2 239.85,
2025.07.25 16:49:09,3125,XAUUSD,buy,out,0.01,3344.47,3129,-0.04,0.00,0.05,2 239.86,sl 3344.47
2025.07.25 17:12:43,3126,XAUUSD,sell,in,0.01,3341.05,3130,-0.04,0.00,0.00,2 239.82,
2025.07.25 17:17:42,3127,XAUUSD,buy,out,0.01,3334.65,3131,-0.04,0.00,6.40,2 246.18,sl 3334.65
2025.07.25 17:36:51,3128,XAUUSD,sell,in,0.01,3334.02,3132,-0.04,0.00,0.00,2 246.14,
2025.07.25 17:39:43,3129,XAUUSD,buy,out,0.01,3333.09,3133,-0.04,0.00,0.93,2 247.03,sl 3333.08
2025.07.25 18:00:56,3130,XAUUSD,sell,in,0.01,3328.99,3134,-0.04,0.00,0.00,2 246.99,
2025.07.25 18:02:02,3131,XAUUSD,buy,out,0.01,3329.00,3135,-0.04,0.00,-0.01,2 246.94,sl 3328.96
2025.07.25 18:25:03,3132,XAUUSD,sell,in,0.01,3333.09,3136,-0.04,0.00,0.00,2 246.90,
2025.07.25 18:25:34,3133,XAUUSD,buy,out,0.01,3333.12,3137,-0.04,0.00,-0.03,2 246.83,sl 3333.08
2025.07.25 18:49:09,3134,XAUUSD,sell,in,0.01,3328.82,3138,-0.04,0.00,0.00,2 246.79,
2025.07.25 18:50:25,3135,XAUUSD,buy,out,0.01,3328.55,3139,-0.04,0.00,0.27,2 247.02,sl 3328.55
2025.07.25 19:13:17,3136,XAUUSD,sell,in,0.01,3329.19,3140,-0.04,0.00,0.00,2 246.98,
2025.07.25 19:31:41,3137,XAUUSD,buy,out,0.01,3329.14,3141,-0.04,0.00,0.05,2 246.99,sl 3329.11
2025.07.25 19:37:23,3138,XAUUSD,sell,in,0.01,3327.35,3142,-0.04,0.00,0.00,2 246.95,
2025.07.25 19:38:33,3139,XAUUSD,buy,out,0.01,3326.93,3143,-0.04,0.00,0.42,2 247.33,sl 3326.92
2025.07.25 20:01:23,3140,XAUUSD,sell,in,0.01,3330.78,3144,-0.04,0.00,0.00,2 247.29,
2025.07.25 20:05:03,3141,XAUUSD,buy,out,0.01,3330.21,3145,-0.04,0.00,0.57,2 247.82,sl 3330.21
2025.07.25 20:25:24,3142,XAUUSD,sell,in,0.01,3334.59,3146,-0.04,0.00,0.00,2 247.78,
2025.07.25 20:31:19,3143,XAUUSD,buy,out,0.01,3334.58,3147,-0.04,0.00,0.01,2 247.75,sl 3334.58
2025.07.25 20:49:32,3144,XAUUSD,sell,in,0.01,3335.44,3148,-0.04,0.00,0.00,2 247.71,
2025.07.25 22:27:35,3145,XAUUSD,buy,in,0.09,3339.96,3149,-0.32,0.00,0.00,2 247.39,
2025.07.28 01:02:10,3146,XAUUSD,buy,out,0.01,3326.23,3150,-0.04,0.40,9.21,2 256.96,sl 3326.00
2025.07.28 06:56:28,3147,XAUUSD,sell,out,0.09,3340.78,3151,-0.32,-5.14,7.38,2 258.88,sl 3340.79
2025.07.30 16:31:43,3148,XAUUSD,sell,in,0.02,3302.54,3152,-0.07,0.00,0.00,2 258.81,
2025.07.30 16:33:01,3149,XAUUSD,buy,out,0.02,3302.49,3153,-0.07,0.00,0.10,2 258.84,sl 3302.44
2025.07.30 16:55:50,3150,XAUUSD,sell,in,0.02,3300.32,3154,-0.07,0.00,0.00,2 258.77,
2025.07.30 16:56:57,3151,XAUUSD,buy,out,0.02,3299.23,3155,-0.07,0.00,2.18,2 260.88,sl 3299.18
2025.07.30 17:28:20,3152,XAUUSD,sell,in,0.02,3301.86,3156,-0.07,0.00,0.00,2 260.81,
2025.07.30 18:06:33,3153,XAUUSD,buy,out,0.02,3300.98,3157,-0.07,0.00,1.76,2 262.50,sl 3300.96
2025.07.30 18:06:35,3154,XAUUSD,sell,in,0.02,3300.98,3158,-0.07,0.00,0.00,2 262.43,
2025.07.30 18:10:09,3155,XAUUSD,buy,out,0.02,3300.97,3159,-0.07,0.00,0.02,2 262.38,sl 3300.83
2025.07.30 18:30:39,3156,XAUUSD,sell,in,0.02,3291.09,3160,-0.07,0.00,0.00,2 262.31,
2025.07.30 18:31:05,3157,XAUUSD,buy,out,0.02,3290.74,3161,-0.07,0.00,0.70,2 262.94,sl 3290.72
2025.07.30 18:54:47,3158,XAUUSD,sell,in,0.02,3290.78,3162,-0.07,0.00,0.00,2 262.87,
2025.07.30 18:55:36,3159,XAUUSD,buy,out,0.02,3290.23,3163,-0.07,0.00,1.10,2 263.90,sl 3290.21
2025.07.30 19:18:47,3160,XAUUSD,sell,in,0.02,3293.54,3164,-0.07,0.00,0.00,2 263.83,
2025.07.30 20:56:50,3161,XAUUSD,buy,in,0.18,3301.17,3165,-0.63,0.00,0.00,2 263.20,
2025.07.30 20:59:58,3162,XAUUSD,sell,out,0.18,3301.10,3166,-0.63,0.00,-1.26,2 261.31,sl 3301.31
2025.07.30 21:34:12,3163,XAUUSD,buy,out,0.02,3293.43,3167,-0.07,0.00,0.22,2 261.46,sl 3293.43
2025.08.01 15:36:11,3164,XAUUSD,buy,in,0.02,3331.32,3168,-0.07,0.00,0.00,2 261.39,
2025.08.01 15:37:17,3165,XAUUSD,sell,out,0.02,3331.67,3169,-0.07,0.00,0.70,2 262.02,sl 3331.73
2025.08.01 16:00:13,3166,XAUUSD,buy,in,0.02,3340.42,3170,-0.07,0.00,0.00,2 261.95,
2025.08.01 16:00:51,3167,XAUUSD,sell,out,0.02,3341.92,3171,-0.07,0.00,3.00,2 264.88,sl 3341.98
2025.08.01 16:24:17,3168,XAUUSD,buy,in,0.02,3351.67,3172,-0.07,0.00,0.00,2 264.81,
2025.08.01 16:25:00,3169,XAUUSD,sell,out,0.02,3351.68,3173,-0.07,0.00,0.02,2 264.76,sl 3351.71
2025.08.01 16:48:31,3170,XAUUSD,buy,in,0.02,3344.66,3174,-0.07,0.00,0.00,2 264.69,
2025.08.01 16:48:50,3171,XAUUSD,sell,out,0.02,3344.66,3175,-0.07,0.00,0.00,2 264.62,sl 3344.69
2025.08.01 17:12:32,3172,XAUUSD,buy,in,0.02,3351.14,3176,-0.07,0.00,0.00,2 264.55,
2025.08.01 17:17:24,3173,XAUUSD,sell,out,0.02,3351.87,3177,-0.07,0.00,1.46,2 265.94,sl 3351.87
2025.08.01 17:36:36,3174,XAUUSD,buy,in,0.02,3344.06,3178,-0.07,0.00,0.00,2 265.87,
2025.08.01 17:39:26,3175,XAUUSD,sell,out,0.02,3344.78,3179,-0.07,0.00,1.44,2 267.24,sl 3344.78
2025.08.01 18:00:44,3176,XAUUSD,buy,in,0.02,3344.55,3181,-0.07,0.00,0.00,2 267.17,
2025.08.01 18:04:09,3177,XAUUSD,sell,out,0.02,3344.53,3182,-0.07,0.00,-0.04,2 267.06,sl 3344.58
2025.08.01 18:24:55,3178,XAUUSD,buy,in,0.02,3350.38,3183,-0.07,0.00,0.00,2 266.99,
2025.08.01 18:32:49,3179,XAUUSD,sell,out,0.02,3350.50,3184,-0.07,0.00,0.24,2 267.16,sl 3350.52
2025.08.01 18:49:00,3180,XAUUSD,buy,in,0.02,3348.78,3185,-0.07,0.00,0.00,2 267.09,
2025.08.01 18:52:56,3181,XAUUSD,sell,out,0.02,3348.92,3186,-0.07,0.00,0.28,2 267.30,sl 3348.96
2025.08.01 19:13:05,3182,XAUUSD,buy,in,0.02,3345.32,3187,-0.07,0.00,0.00,2 267.23,
2025.08.01 19:15:02,3183,XAUUSD,sell,out,0.02,3345.23,3188,-0.07,0.00,-0.18,2 266.98,sl 3345.35
2025.08.01 19:37:09,3184,XAUUSD,buy,in,0.02,3342.25,3189,-0.07,0.00,0.00,2 266.91,
2025.08.01 19:45:00,3185,XAUUSD,sell,out,0.02,3342.32,3190,-0.07,0.00,0.14,2 266.98,sl 3342.33
2025.08.01 20:01:16,3186,XAUUSD,buy,in,0.02,3348.02,3191,-0.07,0.00,0.00,2 266.91,
2025.08.01 20:01:30,3187,XAUUSD,sell,out,0.02,3348.06,3192,-0.07,0.00,0.08,2 266.92,sl 3348.06
2025.08.01 20:25:16,3188,XAUUSD,buy,in,0.02,3348.62,3193,-0.07,0.00,0.00,2 266.85,
2025.08.01 20:36:20,3189,XAUUSD,sell,out,0.02,3348.61,3194,-0.07,0.00,-0.02,2 266.76,sl 3348.65
2025.08.01 20:49:17,3190,XAUUSD,buy,in,0.02,3347.77,3195,-0.07,0.00,0.00,2 266.69,
2025.08.01 20:50:51,3191,XAUUSD,sell,out,0.02,3347.81,3196,-0.07,0.00,0.08,2 266.70,sl 3347.82
2025.08.01 21:13:20,3192,XAUUSD,buy,in,0.02,3348.96,3197,-0.07,0.00,0.00,2 266.63,
2025.08.01 21:13:46,3193,XAUUSD,sell,out,0.02,3349.15,3198,-0.07,0.00,0.38,2 266.94,sl 3349.17
2025.08.01 21:37:20,3194,XAUUSD,buy,in,0.02,3349.16,3199,-0.07,0.00,0.00,2 266.87,
2025.08.01 21:43:41,3195,XAUUSD,sell,out,0.02,3350.47,3200,-0.07,0.00,2.62,2 269.42,sl 3350.57
2025.08.01 22:01:26,3196,XAUUSD,buy,in,0.02,3348.75,3201,-0.07,0.00,0.00,2 269.35,
2025.08.01 22:13:35,3197,XAUUSD,sell,out,0.02,3349.40,3202,-0.07,0.00,1.30,2 270.58,sl 3349.42
2025.08.01 22:25:29,3198,XAUUSD,buy,in,0.02,3350.39,3203,-0.07,0.00,0.00,2 270.51,
2025.08.01 22:31:51,3199,XAUUSD,sell,out,0.02,3355.74,3204,-0.07,0.00,10.70,2 281.14,sl 3355.76
2025.08.01 22:49:30,3200,XAUUSD,buy,in,0.02,3361.24,3205,-0.07,0.00,0.00,2 281.07,
2025.08.01 23:36:42,3201,XAUUSD,sell,out,0.02,3361.53,3206,-0.07,0.00,0.58,2 281.58,sl 3361.55
2025.08.01 23:36:50,3202,XAUUSD,buy,in,0.02,3361.77,3207,-0.07,0.00,0.00,2 281.51,
2025.08.01 23:40:03,3203,XAUUSD,sell,out,0.02,3361.71,3208,-0.07,0.00,-0.12,2 281.32,sl 3361.79
2025.08.04 01:02:03,3204,XAUUSD,buy,in,0.02,3363.39,3209,-0.07,0.00,0.00,2 281.25,
2025.08.04 01:03:31,3205,XAUUSD,sell,out,0.02,3364.54,3210,-0.07,0.00,2.30,2 283.48,sl 3364.54
2025.08.04 01:26:09,3206,XAUUSD,buy,in,0.02,3361.05,3211,-0.07,0.00,0.00,2 283.41,
2025.08.04 01:26:29,3207,XAUUSD,sell,out,0.02,3360.99,3212,-0.07,0.00,-0.12,2 283.22,sl 3361.08
2025.08.04 01:50:13,3208,XAUUSD,buy,in,0.02,3358.83,3213,-0.07,0.00,0.00,2 283.15,
2025.08.04 01:50:57,3209,XAUUSD,sell,out,0.02,3359.21,3214,-0.07,0.00,0.76,2 283.84,sl 3359.22
2025.08.04 02:14:18,3210,XAUUSD,buy,in,0.02,3358.27,3215,-0.07,0.00,0.00,2 283.77,
2025.08.04 02:42:41,3211,XAUUSD,sell,out,0.02,3358.34,3216,-0.07,0.00,0.14,2 283.84,sl 3358.36
2025.08.04 02:42:43,3212,XAUUSD,buy,in,0.02,3358.35,3217,-0.07,0.00,0.00,2 283.77,
2025.08.04 02:50:06,3213,XAUUSD,sell,out,0.02,3359.73,3218,-0.07,0.00,2.76,2 286.46,sl 3359.75
2025.08.04 03:06:48,3214,XAUUSD,buy,in,0.02,3358.74,3219,-0.07,0.00,0.00,2 286.39,
2025.08.04 03:09:22,3215,XAUUSD,sell,out,0.02,3359.49,3220,-0.07,0.00,1.50,2 287.82,sl 3359.57
2025.08.04 03:30:55,3216,XAUUSD,buy,in,0.02,3355.16,3221,-0.07,0.00,0.00,2 287.75,
2025.08.04 05:08:56,3217,XAUUSD,sell,in,0.18,3351.25,3222,-0.63,0.00,0.00,2 287.12,
2025.08.04 05:09:54,3218,XAUUSD,buy,out,0.18,3351.22,3223,-0.63,0.00,0.54,2 287.03,sl 3351.19
2025.08.04 06:01:20,3219,XAUUSD,sell,out,0.02,3355.24,3224,-0.07,0.00,0.16,2 287.12,sl 3355.26
2025.08.05 16:38:31,3220,XAUUSD,buy,in,0.02,3379.69,3225,-0.07,0.00,0.00,2 287.05,
2025.08.05 17:00:30,3221,XAUUSD,sell,out,0.02,3379.79,3226,-0.07,0.00,0.20,2 287.18,sl 3379.80
2025.08.05 17:24:03,3222,XAUUSD,buy,in,0.02,3379.76,3227,-0.07,0.00,0.00,2 287.11,
2025.08.05 17:25:11,3223,XAUUSD,sell,out,0.02,3381.63,3228,-0.07,0.00,3.74,2 290.78,sl 3381.70
2025.08.05 17:48:03,3224,XAUUSD,buy,in,0.02,3383.74,3229,-0.07,0.00,0.00,2 290.71,
2025.08.05 17:51:29,3225,XAUUSD,sell,out,0.02,3384.91,3230,-0.07,0.00,2.34,2 292.98,sl 3384.91
2025.08.05 18:12:09,3226,XAUUSD,buy,in,0.02,3385.69,3231,-0.07,0.00,0.00,2 292.91,
2025.08.05 18:15:16,3227,XAUUSD,sell,out,0.02,3386.13,3232,-0.07,0.00,0.88,2 293.72,sl 3386.16
2025.08.05 18:36:11,3228,XAUUSD,buy,in,0.02,3383.27,3233,-0.07,0.00,0.00,2 293.65,
2025.08.05 18:39:39,3229,XAUUSD,sell,out,0.02,3384.74,3234,-0.07,0.00,2.94,2 296.52,sl 3384.80
2025.08.05 19:00:14,3230,XAUUSD,buy,in,0.02,3389.75,3235,-0.07,0.00,0.00,2 296.45,
2025.08.05 19:03:19,3231,XAUUSD,sell,out,0.02,3389.93,3236,-0.07,0.00,0.36,2 296.74,sl 3389.93
2025.08.05 19:24:16,3232,XAUUSD,buy,in,0.02,3383.46,3237,-0.07,0.00,0.00,2 296.67,
2025.08.05 21:02:17,3233,XAUUSD,sell,in,0.18,3379.93,3238,-0.63,0.00,0.00,2 296.04,
2025.08.05 21:05:00,3234,XAUUSD,buy,out,0.18,3379.64,3239,-0.63,0.00,5.22,2 300.63,sl 3379.64
2025.08.06 02:48:31,3235,XAUUSD,sell,out,0.02,3383.46,3240,-0.07,-1.14,0.00,2 299.42,sl 3383.50
2025.08.07 10:39:15,3236,XAUUSD,buy,in,0.02,3395.87,3241,-0.07,0.00,0.00,2 299.35,
2025.08.07 10:39:41,3237,XAUUSD,sell,out,0.02,3395.84,3242,-0.07,0.00,-0.06,2 299.22,sl 3395.89
2025.08.08 01:03:29,3238,XAUUSD,buy,in,0.02,3403.70,3243,-0.07,0.00,0.00,2 299.15,
2025.08.08 01:04:30,3239,XAUUSD,sell,out,0.02,3402.82,3244,-0.07,0.00,-1.76,2 297.32,sl 3404.17
2025.08.08 01:39:38,3240,XAUUSD,buy,in,0.02,3402.08,3245,-0.07,0.00,0.00,2 297.25,
2025.08.08 01:39:49,3241,XAUUSD,sell,out,0.02,3402.13,3246,-0.07,0.00,0.10,2 297.28,sl 3402.17
2025.08.08 02:05:20,3242,XAUUSD,buy,in,0.02,3404.05,3247,-0.07,0.00,0.00,2 297.21,
2025.08.08 03:43:24,3243,XAUUSD,sell,in,0.18,3392.73,3248,-0.63,0.00,0.00,2 296.58,
2025.08.08 03:43:40,3244,XAUUSD,buy,out,0.18,3391.96,3249,-0.63,0.00,13.86,2 309.81,sl 3391.89
2025.08.08 14:24:22,3245,XAUUSD,sell,out,0.02,3381.54,3250,-0.07,0.00,-45.02,2 264.72,
2025.08.11 12:15:41,3246,XAUUSD,sell,in,0.02,3354.92,3251,-0.07,0.00,0.00,2 264.65,
2025.08.11 12:54:11,3247,XAUUSD,buy,out,0.02,3354.15,3252,-0.07,0.00,1.54,2 266.12,sl 3354.15
2025.08.11 12:54:11,3248,XAUUSD,sell,in,0.02,3354.09,3253,-0.07,0.00,0.00,2 266.05,
2025.08.11 12:54:39,3249,XAUUSD,buy,out,0.02,3354.07,3254,-0.07,0.00,0.04,2 266.02,sl 3354.06
2025.08.11 14:24:20,3250,XAUUSD,sell,in,0.02,3353.22,3255,-0.07,0.00,0.00,2 265.95,
2025.08.11 14:26:16,3251,XAUUSD,buy,out,0.02,3352.45,3256,-0.07,0.00,1.54,2 267.42,sl 3352.44
2025.08.11 14:50:16,3252,XAUUSD,sell,in,0.02,3352.69,3257,-0.07,0.00,0.00,2 267.35,
2025.08.11 14:51:00,3253,XAUUSD,buy,out,0.02,3352.38,3258,-0.07,0.00,0.62,2 267.90,sl 3352.34
2025.08.11 15:21:00,3254,XAUUSD,sell,in,0.02,3352.17,3259,-0.07,0.00,0.00,2 267.83,
2025.08.11 15:29:13,3255,XAUUSD,buy,out,0.02,3348.93,3260,-0.07,0.00,6.48,2 274.24,sl 3348.93
2025.08.11 16:06:52,3256,XAUUSD,sell,in,0.02,3350.92,3261,-0.07,0.00,0.00,2 274.17,
2025.08.11 16:10:33,3257,XAUUSD,buy,out,0.02,3350.10,3262,-0.07,0.00,1.64,2 275.74,sl 3350.09
2025.08.11 16:30:58,3258,XAUUSD,sell,in,0.02,3350.30,3263,-0.07,0.00,0.00,2 275.67,
2025.08.11 17:33:34,3259,XAUUSD,buy,out,0.02,3350.28,3264,-0.07,0.00,0.04,2 275.64,sl 3350.27
2025.08.11 17:33:36,3260,XAUUSD,sell,in,0.02,3350.18,3265,-0.07,0.00,0.00,2 275.57,
2025.08.11 17:36:24,3261,XAUUSD,buy,out,0.02,3349.07,3266,-0.07,0.00,2.22,2 277.72,sl 3349.06
2025.08.11 17:57:44,3262,XAUUSD,sell,in,0.02,3345.77,3267,-0.07,0.00,0.00,2 277.65,
2025.08.11 17:58:42,3263,XAUUSD,buy,out,0.02,3345.60,3268,-0.07,0.00,0.34,2 277.92,sl 3345.60
2025.08.11 18:21:50,3264,XAUUSD,sell,in,0.02,3346.91,3269,-0.07,0.00,0.00,2 277.85,
2025.08.11 19:05:34,3265,XAUUSD,buy,out,0.02,3346.82,3270,-0.07,0.00,0.18,2 277.96,sl 3346.81
2025.08.11 19:05:36,3266,XAUUSD,sell,in,0.02,3346.54,3271,-0.07,0.00,0.00,2 277.89,
2025.08.11 19:06:58,3267,XAUUSD,buy,out,0.02,3346.46,3272,-0.07,0.00,0.16,2 277.98,sl 3346.43
2025.08.11 19:29:41,3268,XAUUSD,sell,in,0.02,3346.49,3273,-0.07,0.00,0.00,2 277.91,
2025.08.11 19:35:33,3269,XAUUSD,buy,out,0.02,3344.83,3274,-0.07,0.00,3.32,2 281.16,sl 3344.82
2025.08.11 19:53:42,3270,XAUUSD,sell,in,0.02,3344.57,3275,-0.07,0.00,0.00,2 281.09,
2025.08.11 19:54:52,3271,XAUUSD,buy,out,0.02,3344.09,3276,-0.07,0.00,0.96,2 281.98,sl 3344.08
2025.08.11 20:17:49,3272,XAUUSD,sell,in,0.02,3342.58,3277,-0.07,0.00,0.00,2 281.91,
2025.08.11 20:19:31,3273,XAUUSD,buy,out,0.02,3342.55,3278,-0.07,0.00,0.06,2 281.90,sl 3342.54
2025.08.11 23:45:28,3274,XAUUSD,sell,in,0.02,3345.16,3279,-0.07,0.00,0.00,2 281.83,
2025.08.11 23:45:38,3275,XAUUSD,buy,out,0.02,3345.03,3280,-0.07,0.00,0.26,2 282.02,sl 3345.02
2025.08.12 01:02:01,3276,XAUUSD,sell,in,0.02,3343.13,3281,-0.07,0.00,0.00,2 281.95,
2025.08.12 02:40:07,3277,XAUUSD,buy,in,0.18,3347.18,3282,-0.63,0.00,0.00,2 281.32,
2025.08.12 02:42:00,3278,XAUUSD,sell,out,0.18,3347.59,3283,-0.63,0.00,7.38,2 288.07,sl 3347.79
2025.08.12 09:23:00,3279,XAUUSD,buy,out,0.02,3343.11,3284,-0.07,0.00,0.04,2 288.04,sl 3343.09
2025.08.22 17:18:11,3280,XAUUSD,buy,in,0.02,3362.98,3285,-0.07,0.00,0.00,2 287.97,
2025.08.22 17:18:29,3281,XAUUSD,sell,out,0.02,3363.15,3286,-0.07,0.00,0.34,2 288.24,sl 3363.16
2025.08.22 17:42:11,3282,XAUUSD,buy,in,0.02,3373.13,3287,-0.07,0.00,0.00,2 288.17,
2025.08.22 17:45:13,3283,XAUUSD,sell,out,0.02,3373.19,3288,-0.07,0.00,0.12,2 288.22,sl 3373.24
2025.08.22 18:06:12,3284,XAUUSD,buy,in,0.02,3377.17,3289,-0.07,0.00,0.00,2 288.15,
2025.08.22 18:06:54,3285,XAUUSD,sell,out,0.02,3377.22,3290,-0.07,0.00,0.10,2 288.18,sl 3377.25
2025.08.22 18:30:13,3286,XAUUSD,buy,in,0.02,3377.42,3291,-0.07,0.00,0.00,2 288.11,
2025.08.22 18:31:34,3287,XAUUSD,sell,out,0.02,3377.98,3292,-0.07,0.00,1.12,2 289.16,sl 3378.01
2025.08.22 18:54:17,3288,XAUUSD,buy,in,0.02,3368.12,3293,-0.07,0.00,0.00,2 289.09,
2025.08.22 18:56:19,3289,XAUUSD,sell,out,0.02,3371.67,3294,-0.07,0.00,7.10,2 296.12,sl 3371.67
2025.08.22 19:18:25,3290,XAUUSD,buy,in,0.02,3372.58,3295,-0.07,0.00,0.00,2 296.05,
2025.08.22 20:06:06,3291,XAUUSD,sell,out,0.02,3372.60,3296,-0.07,0.00,0.04,2 296.02,sl 3372.62
2025.08.22 20:06:09,3292,XAUUSD,buy,in,0.02,3372.84,3297,-0.07,0.00,0.00,2 295.95,
2025.08.22 20:20:28,3293,XAUUSD,sell,out,0.02,3373.13,3298,-0.07,0.00,0.58,2 296.46,sl 3373.13
2025.08.22 20:30:08,3294,XAUUSD,buy,in,0.02,3374.53,3299,-0.07,0.00,0.00,2 296.39,
2025.08.22 20:45:30,3295,XAUUSD,sell,out,0.02,3374.62,3300,-0.07,0.00,0.18,2 296.50,sl 3374.64
2025.08.22 20:54:11,3296,XAUUSD,buy,in,0.02,3374.71,3301,-0.07,0.00,0.00,2 296.43,
2025.08.22 20:55:18,3297,XAUUSD,sell,out,0.02,3374.77,3302,-0.07,0.00,0.12,2 296.48,sl 3374.78
2025.08.22 21:18:15,3298,XAUUSD,buy,in,0.02,3373.23,3303,-0.07,0.00,0.00,2 296.41,
2025.08.22 21:32:13,3299,XAUUSD,sell,out,0.02,3373.52,3304,-0.07,0.00,0.58,2 296.92,sl 3373.53
2025.08.22 21:42:18,3300,XAUUSD,buy,in,0.02,3372.84,3305,-0.07,0.00,0.00,2 296.85,
2025.08.22 21:51:17,3301,XAUUSD,sell,out,0.02,3373.24,3306,-0.07,0.00,0.80,2 297.58,sl 3373.33
2025.08.22 22:06:24,3302,XAUUSD,buy,in,0.02,3372.41,3307,-0.07,0.00,0.00,2 297.51,
2025.08.22 22:59:38,3303,XAUUSD,sell,out,0.02,3373.06,3308,-0.07,0.00,1.30,2 298.74,sl 3373.07
2025.08.22 22:59:38,3304,XAUUSD,buy,in,0.02,3373.13,3309,-0.07,0.00,0.00,2 298.67,
2025.08.22 23:00:05,3305,XAUUSD,sell,out,0.02,3373.16,3310,-0.07,0.00,0.06,2 298.66,sl 3373.16
2025.08.22 23:23:42,3306,XAUUSD,buy,in,0.02,3370.53,3311,-0.07,0.00,0.00,2 298.59,
2025.08.22 23:31:16,3307,XAUUSD,sell,out,0.02,3370.86,3312,-0.07,0.00,0.66,2 299.18,sl 3370.91
2025.08.22 23:47:53,3308,XAUUSD,buy,in,0.02,3372.00,3313,-0.07,0.00,0.00,2 299.11,
2025.08.25 17:03:05,3309,XAUUSD,sell,out,0.02,3372.42,3314,-0.07,-1.14,0.84,2 298.74,sl 3372.42
2025.08.26 03:46:03,3310,XAUUSD,buy,in,0.02,3383.74,3315,-0.07,0.00,0.00,2 298.67,
2025.08.26 03:47:46,3311,XAUUSD,sell,out,0.02,3384.44,3316,-0.07,0.00,1.40,2 300.00,sl 3384.47
2025.08.28 17:40:20,3312,XAUUSD,buy,in,0.02,3412.49,3317,-0.07,0.00,0.00,2 299.93,
2025.08.28 17:41:11,3313,XAUUSD,sell,out,0.02,3412.84,3318,-0.07,0.00,0.70,2 300.56,sl 3412.84
2025.08.28 19:14:05,3314,XAUUSD,buy,in,0.02,3414.06,3319,-0.07,0.00,0.00,2 300.49,
2025.08.28 19:18:46,3315,XAUUSD,sell,out,0.02,3414.10,3320,-0.07,0.00,0.08,2 300.50,sl 3414.12
2025.08.28 19:38:11,3316,XAUUSD,buy,in,0.02,3416.35,3321,-0.07,0.00,0.00,2 300.43,
2025.08.28 19:48:03,3317,XAUUSD,sell,out,0.02,3416.41,3322,-0.07,0.00,0.12,2 300.48,sl 3416.41
2025.08.28 20:02:12,3318,XAUUSD,buy,in,0.02,3415.52,3323,-0.07,0.00,0.00,2 300.41,
2025.08.28 20:05:21,3319,XAUUSD,sell,out,0.02,3416.40,3324,-0.07,0.00,1.76,2 302.10,sl 3416.40
2025.08.28 20:26:11,3320,XAUUSD,buy,in,0.02,3415.73,3325,-0.07,0.00,0.00,2 302.03,
2025.08.28 20:27:21,3321,XAUUSD,sell,out,0.02,3415.75,3326,-0.07,0.00,0.04,2 302.00,sl 3415.75
2025.08.28 20:50:17,3322,XAUUSD,buy,in,0.02,3416.81,3327,-0.07,0.00,0.00,2 301.93,
2025.08.28 20:55:00,3323,XAUUSD,sell,out,0.02,3418.31,3328,-0.07,0.00,3.00,2 304.86,sl 3418.33
2025.08.28 21:14:24,3324,XAUUSD,buy,in,0.02,3418.31,3329,-0.07,0.00,0.00,2 304.79,
2025.08.28 21:20:25,3325,XAUUSD,sell,out,0.02,3418.36,3330,-0.07,0.00,0.10,2 304.82,sl 3418.41
2025.08.28 21:38:32,3326,XAUUSD,buy,in,0.02,3418.76,3331,-0.07,0.00,0.00,2 304.75,
2025.08.28 21:53:24,3327,XAUUSD,sell,out,0.02,3419.11,3332,-0.07,0.00,0.70,2 305.38,sl 3419.11
2025.08.28 22:02:40,3328,XAUUSD,buy,in,0.02,3420.28,3333,-0.07,0.00,0.00,2 305.31,
2025.08.28 22:59:17,3329,XAUUSD,sell,out,0.02,3422.53,3334,-0.07,0.00,4.50,2 309.74,sl 3422.53
2025.08.28 22:59:19,3330,XAUUSD,buy,in,0.02,3422.59,3335,-0.07,0.00,0.00,2 309.67,
2025.08.29 16:38:45,3331,XAUUSD,sell,out,0.02,3423.33,3336,-0.07,-1.14,1.48,2 309.94,sl 3423.33
2025.09.04 14:50:49,3332,XAUUSD,buy,in,0.02,3548.96,3337,-0.07,0.00,0.00,2 309.87,
2025.09.04 14:51:12,3333,XAUUSD,sell,out,0.02,3549.05,3338,-0.07,0.00,0.18,2 309.98,sl 3549.07
2025.09.04 15:15:07,3334,XAUUSD,buy,in,0.02,3552.00,3339,-0.07,0.00,0.00,2 309.91,
2025.09.04 16:24:40,3335,XAUUSD,sell,out,0.02,3552.20,3340,-0.07,0.00,0.40,2 310.24,sl 3552.20
2025.09.04 16:24:40,3336,XAUUSD,buy,in,0.02,3552.30,3341,-0.07,0.00,0.00,2 310.17,
2025.09.04 16:25:53,3337,XAUUSD,sell,out,0.02,3552.73,3342,-0.07,0.00,0.86,2 310.96,sl 3552.91
2025.09.04 18:53:38,3338,XAUUSD,buy,in,0.02,3551.68,3343,-0.07,0.00,0.00,2 310.89,
2025.09.04 18:55:37,3339,XAUUSD,sell,out,0.02,3551.97,3344,-0.07,0.00,0.58,2 311.40,sl 3551.98
2025.09.04 19:17:45,3340,XAUUSD,buy,in,0.02,3554.08,3345,-0.07,0.00,0.00,2 311.33,
2025.09.04 19:18:39,3341,XAUUSD,sell,out,0.02,3554.11,3346,-0.07,0.00,0.06,2 311.32,sl 3554.11
2025.09.04 19:41:51,3342,XAUUSD,buy,in,0.02,3553.59,3347,-0.07,0.00,0.00,2 311.25,
2025.09.04 20:04:30,3343,XAUUSD,sell,out,0.02,3553.75,3348,-0.07,0.00,0.32,2 311.50,sl 3553.81
2025.09.04 20:05:52,3344,XAUUSD,buy,in,0.02,3554.01,3349,-0.07,0.00,0.00,2 311.43,
2025.09.04 20:08:08,3345,XAUUSD,sell,out,0.02,3554.93,3350,-0.07,0.00,1.84,2 313.20,sl 3554.96
2025.09.05 06:58:42,3346,XAUUSD,buy,in,0.02,3558.98,3351,-0.07,0.00,0.00,2 313.13,
2025.09.05 08:06:28,3347,XAUUSD,sell,out,0.02,3559.30,3352,-0.07,0.00,0.64,2 313.70,sl 3559.49
2025.09.05 08:08:39,3348,XAUUSD,buy,in,0.02,3560.88,3353,-0.07,0.00,0.00,2 313.63,
2025.09.05 09:46:41,3349,XAUUSD,sell,in,0.18,3552.85,3354,-0.63,0.00,0.00,2 313.00,
2025.09.05 09:51:45,3350,XAUUSD,buy,out,0.18,3552.86,3355,-0.63,0.00,-0.18,2 312.19,sl 3552.84
2025.09.05 15:30:03,3351,XAUUSD,sell,out,0.02,3566.93,3356,-0.07,0.00,12.10,2 324.22,sl 3567.62
2025.09.15 18:45:20,3352,XAUUSD,buy,in,0.02,3669.04,3357,-0.07,0.00,0.00,2 324.15,
2025.09.15 18:50:25,3353,XAUUSD,sell,out,0.02,3673.33,3358,-0.07,0.00,8.58,2 332.66,sl 3673.39
2025.09.15 19:09:22,3354,XAUUSD,buy,in,0.02,3681.21,3359,-0.07,0.00,0.00,2 332.59,
2025.09.15 19:09:47,3355,XAUUSD,sell,out,0.02,3681.61,3360,-0.07,0.00,0.80,2 333.32,sl 3681.62
2025.09.15 19:33:27,3356,XAUUSD,buy,in,0.02,3685.37,3361,-0.07,0.00,0.00,2 333.25,
2025.09.15 21:11:33,3357,XAUUSD,sell,in,0.18,3680.54,3362,-0.63,0.00,0.00,2 332.62,
2025.09.15 21:13:44,3358,XAUUSD,buy,out,0.18,3679.80,3363,-0.63,0.00,13.32,2 345.31,sl 3679.80
2025.09.16 03:58:02,3359,XAUUSD,sell,out,0.02,3686.42,3364,-0.07,-1.14,2.10,2 346.20,sl 3686.45
2025.09.17 21:08:30,3360,XAUUSD,buy,in,0.02,3699.63,3365,-0.07,0.00,0.00,2 346.13,
2025.09.17 21:08:36,3361,XAUUSD,sell,out,0.02,3700.17,3366,-0.07,0.00,1.08,2 347.14,sl 3700.24
2025.09.18 09:05:40,3362,XAUUSD,sell,in,0.02,3642.13,3367,-0.07,0.00,0.00,2 347.07,
2025.09.18 09:08:45,3363,XAUUSD,buy,out,0.02,3642.11,3368,-0.07,0.00,0.04,2 347.04,sl 3642.10
2025.09.18 09:29:42,3364,XAUUSD,sell,in,0.02,3638.65,3369,-0.07,0.00,0.00,2 346.97,
2025.09.18 09:30:37,3365,XAUUSD,buy,out,0.02,3638.69,3370,-0.07,0.00,-0.08,2 346.82,sl 3638.60
2025.09.18 09:53:48,3366,XAUUSD,sell,in,0.02,3638.78,3371,-0.07,0.00,0.00,2 346.75,
2025.09.18 09:55:57,3367,XAUUSD,buy,out,0.02,3638.76,3372,-0.07,0.00,0.04,2 346.72,sl 3638.76
2025.09.18 16:39:37,3368,XAUUSD,sell,in,0.02,3639.86,3373,-0.07,0.00,0.00,2 346.65,
2025.09.18 16:39:42,3369,XAUUSD,buy,out,0.02,3639.69,3374,-0.07,0.00,0.34,2 346.92,sl 3639.64
2025.09.18 17:08:48,3370,XAUUSD,sell,in,0.02,3639.08,3375,-0.07,0.00,0.00,2 346.85,
2025.09.18 17:18:10,3371,XAUUSD,buy,out,0.02,3636.97,3376,-0.07,0.00,4.22,2 351.00,sl 3636.95
2025.09.18 17:32:56,3372,XAUUSD,sell,in,0.02,3637.78,3377,-0.07,0.00,0.00,2 350.93,
2025.09.18 17:33:08,3373,XAUUSD,buy,out,0.02,3637.76,3378,-0.07,0.00,0.04,2 350.90,sl 3637.75
2025.09.18 17:57:32,3374,XAUUSD,sell,in,0.02,3639.44,3379,-0.07,0.00,0.00,2 350.83,
2025.09.18 17:57:51,3375,XAUUSD,buy,out,0.02,3639.46,3380,-0.07,0.00,-0.04,2 350.72,sl 3639.42
2025.09.18 18:28:10,3376,XAUUSD,sell,in,0.02,3638.48,3381,-0.07,0.00,0.00,2 350.65,
2025.09.18 20:06:11,3377,XAUUSD,buy,in,0.18,3646.83,3382,-0.63,0.00,0.00,2 350.02,
2025.09.19 02:41:25,3378,XAUUSD,buy,out,0.02,3638.53,3383,-0.07,0.81,-0.10,2 350.66,sl 3638.47
2025.09.19 04:08:22,3379,XAUUSD,sell,out,0.18,3647.82,3384,-0.63,-10.27,17.82,2 357.58,sl 3647.83
2025.09.22 01:23:24,3380,XAUUSD,buy,in,0.02,3689.52,3385,-0.07,0.00,0.00,2 357.51,
2025.09.22 01:25:54,3381,XAUUSD,sell,out,0.02,3691.13,3386,-0.07,0.00,3.22,2 360.66,sl 3691.16
2025.09.22 01:47:30,3382,XAUUSD,buy,in,0.02,3690.52,3387,-0.07,0.00,0.00,2 360.59,
2025.09.22 03:25:39,3383,XAUUSD,sell,in,0.18,3688.39,3388,-0.63,0.00,0.00,2 359.96,
2025.09.22 03:54:32,3384,XAUUSD,buy,out,0.18,3688.38,3389,-0.63,0.00,0.18,2 359.51,sl 3688.36
2025.09.22 04:00:14,3385,XAUUSD,sell,out,0.02,3692.76,3390,-0.07,0.00,4.48,2 363.92,sl 3692.81
2025.09.26 17:09:29,3386,XAUUSD,buy,in,0.02,3773.83,3391,-0.07,0.00,0.00,2 363.85,
2025.09.26 17:09:42,3387,XAUUSD,sell,out,0.02,3773.82,3392,-0.07,0.00,-0.02,2 363.76,sl 3773.85
2025.09.26 17:33:36,3388,XAUUSD,buy,in,0.02,3780.64,3393,-0.07,0.00,0.00,2 363.69,
2025.09.26 17:34:00,3389,XAUUSD,sell,out,0.02,3780.73,3394,-0.07,0.00,0.18,2 363.80,sl 3780.76
2025.09.26 17:57:36,3390,XAUUSD,buy,in,0.02,3777.25,3395,-0.07,0.00,0.00,2 363.73,
2025.09.26 17:59:05,3391,XAUUSD,sell,out,0.02,3778.83,3396,-0.07,0.00,3.16,2 366.82,sl 3778.83
2025.09.26 18:21:49,3392,XAUUSD,buy,in,0.02,3775.84,3397,-0.07,0.00,0.00,2 366.75,
2025.09.26 18:25:18,3393,XAUUSD,sell,out,0.02,3775.98,3398,-0.07,0.00,0.28,2 366.96,sl 3775.98
2025.09.26 18:45:48,3394,XAUUSD,buy,in,0.02,3777.39,3399,-0.07,0.00,0.00,2 366.89,
2025.09.26 18:46:55,3395,XAUUSD,sell,out,0.02,3777.43,3400,-0.07,0.00,0.08,2 366.90,sl 3777.44
2025.09.26 19:09:56,3396,XAUUSD,buy,in,0.02,3778.27,3401,-0.07,0.00,0.00,2 366.83,
2025.09.26 19:11:07,3397,XAUUSD,sell,out,0.02,3778.31,3402,-0.07,0.00,0.08,2 366.84,sl 3778.33
2025.09.26 19:34:12,3398,XAUUSD,buy,in,0.02,3776.77,3403,-0.07,0.00,0.00,2 366.77,
2025.09.26 19:45:43,3399,XAUUSD,sell,out,0.02,3777.55,3404,-0.07,0.00,1.56,2 368.26,sl 3777.57
2025.09.26 19:58:24,3400,XAUUSD,buy,in,0.02,3774.87,3405,-0.07,0.00,0.00,2 368.19,
2025.09.26 20:01:20,3401,XAUUSD,sell,out,0.02,3775.95,3406,-0.07,0.00,2.16,2 370.28,sl 3776.02
2025.09.26 20:22:24,3402,XAUUSD,buy,in,0.02,3779.98,3407,-0.07,0.00,0.00,2 370.21,
2025.09.26 20:31:18,3403,XAUUSD,sell,out,0.02,3780.17,3408,-0.07,0.00,0.38,2 370.52,sl 3780.17
2025.09.26 20:46:26,3404,XAUUSD,buy,in,0.02,3782.12,3409,-0.07,0.00,0.00,2 370.45,
2025.09.26 20:48:33,3405,XAUUSD,sell,out,0.02,3782.41,3410,-0.07,0.00,0.58,2 370.96,sl 3782.42
2025.09.26 21:15:13,3406,XAUUSD,buy,in,0.02,3776.91,3411,-0.07,0.00,0.00,2 370.89,
2025.09.26 21:16:23,3407,XAUUSD,sell,out,0.02,3777.83,3412,-0.07,0.00,1.84,2 372.66,sl 3777.83
2025.09.26 21:39:27,3408,XAUUSD,buy,in,0.02,3779.56,3413,-0.07,0.00,0.00,2 372.59,
2025.09.26 21:53:00,3409,XAUUSD,sell,out,0.02,3779.79,3414,-0.07,0.00,0.46,2 372.98,sl 3779.82
2025.09.29 03:32:02,3410,XAUUSD,buy,in,0.02,3780.68,3415,-0.07,0.00,0.00,2 372.91,
2025.09.29 03:40:05,3411,XAUUSD,sell,out,0.02,3780.80,3416,-0.07,0.00,0.24,2 373.08,sl 3780.91
2025.09.29 03:56:04,3412,XAUUSD,buy,in,0.02,3787.13,3417,-0.07,0.00,0.00,2 373.01,
2025.09.29 04:00:09,3413,XAUUSD,sell,out,0.02,3787.54,3418,-0.07,0.00,0.82,2 373.76,sl 3787.55
2025.09.29 04:20:54,3414,XAUUSD,buy,in,0.02,3780.89,3419,-0.07,0.00,0.00,2 373.69,
2025.09.29 05:02:24,3415,XAUUSD,sell,out,0.02,3780.98,3420,-0.07,0.00,0.18,2 373.80,sl 3780.99
2025.09.29 05:08:40,3416,XAUUSD,buy,in,0.02,3781.19,3421,-0.07,0.00,0.00,2 373.73,
2025.09.29 05:10:53,3417,XAUUSD,sell,out,0.02,3784.99,3422,-0.07,0.00,7.60,2 381.26,sl 3785.04
2025.09.29 05:32:47,3418,XAUUSD,buy,in,0.02,3795.63,3423,-0.07,0.00,0.00,2 381.19,
2025.09.29 05:33:07,3419,XAUUSD,sell,out,0.02,3795.83,3424,-0.07,0.00,0.40,2 381.52,sl 3795.85
2025.09.29 05:56:54,3420,XAUUSD,buy,in,0.02,3791.78,3425,-0.07,0.00,0.00,2 381.45,
2025.09.29 05:58:10,3421,XAUUSD,sell,out,0.02,3792.07,3426,-0.07,0.00,0.58,2 381.96,sl 3792.09
2025.09.29 06:21:01,3422,XAUUSD,buy,in,0.02,3793.59,3427,-0.07,0.00,0.00,2 381.89,
2025.09.29 06:25:59,3423,XAUUSD,sell,out,0.02,3794.14,3428,-0.07,0.00,1.10,2 382.92,sl 3794.20
2025.09.29 06:45:04,3424,XAUUSD,buy,in,0.02,3796.59,3429,-0.07,0.00,0.00,2 382.85,
2025.09.29 06:46:07,3425,XAUUSD,sell,out,0.02,3796.92,3430,-0.07,0.00,0.66,2 383.44,sl 3796.93
2025.09.29 07:09:05,3426,XAUUSD,buy,in,0.02,3793.90,3431,-0.07,0.00,0.00,2 383.37,
2025.09.29 07:10:52,3427,XAUUSD,sell,out,0.02,3794.12,3432,-0.07,0.00,0.44,2 383.74,sl 3794.14
2025.09.29 07:33:09,3428,XAUUSD,buy,in,0.02,3801.90,3433,-0.07,0.00,0.00,2 383.67,
2025.09.29 07:34:24,3429,XAUUSD,sell,out,0.02,3801.92,3434,-0.07,0.00,0.04,2 383.64,sl 3801.92
2025.09.29 07:57:11,3430,XAUUSD,buy,in,0.02,3807.09,3435,-0.07,0.00,0.00,2 383.57,
2025.09.29 08:05:53,3431,XAUUSD,sell,out,0.02,3811.26,3436,-0.07,0.00,8.34,2 391.84,sl 3811.29
2025.09.29 08:21:18,3432,XAUUSD,buy,in,0.02,3803.12,3437,-0.07,0.00,0.00,2 391.77,
2025.09.29 08:21:53,3433,XAUUSD,sell,out,0.02,3803.13,3438,-0.07,0.00,0.02,2 391.72,sl 3803.14
2025.09.29 08:45:18,3434,XAUUSD,buy,in,0.02,3804.56,3439,-0.07,0.00,0.00,2 391.65,
2025.09.29 08:46:07,3435,XAUUSD,sell,out,0.02,3805.34,3440,-0.07,0.00,1.56,2 393.14,sl 3805.36
2025.09.29 09:09:21,3436,XAUUSD,buy,in,0.02,3811.71,3441,-0.07,0.00,0.00,2 393.07,
2025.09.29 09:10:06,3437,XAUUSD,sell,out,0.02,3812.11,3442,-0.07,0.00,0.80,2 393.80,sl 3812.12
2025.09.29 09:33:37,3438,XAUUSD,buy,in,0.02,3813.96,3443,-0.07,0.00,0.00,2 393.73,
2025.09.29 09:34:10,3439,XAUUSD,sell,out,0.02,3814.28,3444,-0.07,0.00,0.64,2 394.30,sl 3814.32
2025.09.29 09:57:54,3440,XAUUSD,buy,in,0.02,3815.57,3445,-0.07,0.00,0.00,2 394.23,
2025.09.29 10:00:00,3441,XAUUSD,sell,out,0.02,3816.72,3446,-0.07,0.00,2.30,2 396.46,sl 3816.77
2025.09.29 10:21:55,3442,XAUUSD,buy,in,0.02,3815.58,3447,-0.07,0.00,0.00,2 396.39,
2025.09.29 10:22:52,3443,XAUUSD,sell,out,0.02,3816.39,3448,-0.07,0.00,1.62,2 397.94,sl 3816.39
2025.09.29 10:45:59,3444,XAUUSD,buy,in,0.02,3809.69,3449,-0.07,0.00,0.00,2 397.87,
2025.09.29 11:02:36,3445,XAUUSD,sell,out,0.02,3810.51,3450,-0.07,0.00,1.64,2 399.44,sl 3810.52
2025.09.29 11:10:03,3446,XAUUSD,buy,in,0.02,3813.38,3451,-0.07,0.00,0.00,2 399.37,
2025.09.29 11:11:38,3447,XAUUSD,sell,out,0.02,3814.34,3452,-0.07,0.00,1.92,2 401.22,sl 3814.39
2025.09.29 11:34:04,3448,XAUUSD,buy,in,0.02,3814.16,3453,-0.07,0.00,0.00,2 401.15,
2025.09.29 11:35:16,3449,XAUUSD,sell,out,0.02,3814.32,3454,-0.07,0.00,0.32,2 401.40,sl 3814.32
2025.09.29 11:58:08,3450,XAUUSD,buy,in,0.02,3819.19,3455,-0.07,0.00,0.00,2 401.33,
2025.09.29 12:08:35,3451,XAUUSD,sell,out,0.02,3819.20,3456,-0.07,0.00,0.02,2 401.28,sl 3819.25
2025.09.29 12:22:10,3452,XAUUSD,buy,in,0.02,3817.52,3457,-0.07,0.00,0.00,2 401.21,
2025.09.29 13:39:10,3453,XAUUSD,sell,out,0.02,3817.95,3458,-0.07,0.00,0.86,2 402.00,sl 3818.00
2025.09.29 13:39:13,3454,XAUUSD,buy,in,0.02,3817.95,3459,-0.07,0.00,0.00,2 401.93,
2025.09.29 13:48:43,3455,XAUUSD,sell,out,0.02,3817.96,3460,-0.07,0.00,0.02,2 401.88,sl 3817.97
2025.09.29 14:03:18,3456,XAUUSD,buy,in,0.02,3817.86,3461,-0.07,0.00,0.00,2 401.81,
2025.09.29 14:11:27,3457,XAUUSD,sell,out,0.02,3817.88,3462,-0.07,0.00,0.04,2 401.78,sl 3817.91
2025.09.29 14:27:20,3458,XAUUSD,buy,in,0.02,3822.70,3463,-0.07,0.00,0.00,2 401.71,
2025.09.29 14:27:50,3459,XAUUSD,sell,out,0.02,3823.07,3464,-0.07,0.00,0.74,2 402.38,sl 3823.08
2025.09.29 14:51:23,3460,XAUUSD,buy,in,0.02,3826.76,3465,-0.07,0.00,0.00,2 402.31,
2025.09.29 14:51:52,3461,XAUUSD,sell,out,0.02,3826.78,3466,-0.07,0.00,0.04,2 402.28,sl 3826.78
2025.09.30 17:06:03,3462,XAUUSD,buy,in,0.02,3831.84,3467,-0.07,0.00,0.00,2 402.21,
2025.09.30 17:06:18,3463,XAUUSD,sell,out,0.02,3832.17,3468,-0.07,0.00,0.66,2 402.80,sl 3832.17
2025.09.30 17:30:04,3464,XAUUSD,buy,in,0.02,3844.99,3469,-0.07,0.00,0.00,2 402.73,
2025.09.30 17:30:13,3465,XAUUSD,sell,out,0.02,3845.08,3470,-0.07,0.00,0.18,2 402.84,sl 3845.10
2025.09.30 17:54:11,3466,XAUUSD,buy,in,0.02,3853.02,3471,-0.07,0.00,0.00,2 402.77,
2025.09.30 17:55:15,3467,XAUUSD,sell,out,0.02,3853.94,3472,-0.07,0.00,1.84,2 404.54,sl 3853.99
2025.09.30 18:18:18,3468,XAUUSD,buy,in,0.02,3833.20,3473,-0.07,0.00,0.00,2 404.47,
2025.09.30 18:19:39,3469,XAUUSD,sell,out,0.02,3835.95,3474,-0.07,0.00,5.50,2 409.90,sl 3835.96
2025.09.30 18:42:21,3470,XAUUSD,buy,in,0.02,3839.15,3475,-0.07,0.00,0.00,2 409.83,
2025.09.30 18:42:57,3471,XAUUSD,sell,out,0.02,3839.15,3476,-0.07,0.00,0.00,2 409.76,sl 3839.20
2025.09.30 19:06:27,3472,XAUUSD,buy,in,0.02,3843.00,3477,-0.07,0.00,0.00,2 409.69,
2025.09.30 19:09:14,3473,XAUUSD,sell,out,0.02,3843.94,3478,-0.07,0.00,1.88,2 411.50,sl 3843.94
2025.09.30 19:30:32,3474,XAUUSD,buy,in,0.02,3843.34,3479,-0.07,0.00,0.00,2 411.43,
2025.09.30 19:31:38,3475,XAUUSD,sell,out,0.02,3843.31,3480,-0.07,0.00,-0.06,2 411.30,sl 3843.37
2025.09.30 19:54:35,3476,XAUUSD,buy,in,0.02,3846.43,3481,-0.07,0.00,0.00,2 411.23,
2025.09.30 19:56:16,3477,XAUUSD,sell,out,0.02,3846.43,3482,-0.07,0.00,0.00,2 411.16,sl 3846.45
2025.09.30 20:18:43,3478,XAUUSD,buy,in,0.02,3847.85,3483,-0.07,0.00,0.00,2 411.09,
2025.09.30 20:19:37,3479,XAUUSD,sell,out,0.02,3847.86,3484,-0.07,0.00,0.02,2 411.04,sl 3847.88
2025.09.30 20:42:42,3480,XAUUSD,buy,in,0.02,3847.95,3485,-0.07,0.00,0.00,2 410.97,
2025.09.30 21:53:26,3481,XAUUSD,sell,out,0.02,3848.36,3486,-0.07,0.00,0.82,2 411.72,sl 3848.38
2025.09.30 21:53:39,3482,XAUUSD,buy,in,0.02,3848.12,3487,-0.07,0.00,0.00,2 411.65,
2025.09.30 21:57:40,3483,XAUUSD,sell,out,0.02,3848.30,3488,-0.07,0.00,0.36,2 411.94,sl 3848.30
2025.09.30 22:17:45,3484,XAUUSD,buy,in,0.02,3850.54,3489,-0.07,0.00,0.00,2 411.87,
2025.09.30 22:18:57,3485,XAUUSD,sell,out,0.02,3850.90,3490,-0.07,0.00,0.72,2 412.52,sl 3850.95
2025.09.30 22:41:48,3486,XAUUSD,buy,in,0.02,3855.43,3491,-0.07,0.00,0.00,2 412.45,
2025.09.30 22:53:10,3487,XAUUSD,sell,out,0.02,3857.64,3492,-0.07,0.00,4.42,2 416.80,sl 3857.66
2025.09.30 23:05:55,3488,XAUUSD,buy,in,0.02,3852.09,3493,-0.07,0.00,0.00,2 416.73,
2025.09.30 23:07:07,3489,XAUUSD,sell,out,0.02,3853.13,3494,-0.07,0.00,2.08,2 418.74,sl 3853.13
2025.09.30 23:30:02,3490,XAUUSD,buy,in,0.02,3855.41,3495,-0.07,0.00,0.00,2 418.67,
2025.09.30 23:33:01,3491,XAUUSD,sell,out,0.02,3855.56,3496,-0.07,0.00,0.30,2 418.90,sl 3855.57
2025.09.30 23:54:07,3492,XAUUSD,buy,in,0.02,3859.81,3497,-0.07,0.00,0.00,2 418.83,
2025.10.01 01:03:33,3493,XAUUSD,sell,out,0.02,3859.90,3498,-0.07,-1.14,0.18,2 417.80,sl 3859.90
2025.10.01 01:03:44,3494,XAUUSD,buy,in,0.02,3860.75,3499,-0.07,0.00,0.00,2 417.73,
2025.10.01 01:09:14,3495,XAUUSD,sell,out,0.02,3861.08,3500,-0.07,0.00,0.66,2 418.32,sl 3861.13
2025.10.01 01:27:46,3496,XAUUSD,buy,in,0.02,3855.42,3501,-0.07,0.00,0.00,2 418.25,
2025.10.01 01:28:29,3497,XAUUSD,sell,out,0.02,3856.05,3502,-0.07,0.00,1.26,2 419.44,sl 3856.06
2025.10.01 01:51:49,3498,XAUUSD,buy,in,0.02,3860.70,3503,-0.07,0.00,0.00,2 419.37,
2025.10.01 02:03:58,3499,XAUUSD,sell,out,0.02,3860.96,3504,-0.07,0.00,0.52,2 419.82,sl 3860.98
2025.10.01 02:16:05,3500,XAUUSD,buy,in,0.02,3861.95,3505,-0.07,0.00,0.00,2 419.75,
2025.10.01 02:46:49,3501,XAUUSD,sell,out,0.02,3862.07,3506,-0.07,0.00,0.24,2 419.92,sl 3862.07
2025.10.01 02:46:54,3502,XAUUSD,buy,in,0.02,3862.22,3507,-0.07,0.00,0.00,2 419.85,
2025.10.01 02:49:39,3503,XAUUSD,sell,out,0.02,3862.22,3508,-0.07,0.00,0.00,2 419.78,sl 3862.25
2025.10.01 03:10:59,3504,XAUUSD,buy,in,0.02,3865.08,3509,-0.07,0.00,0.00,2 419.71,
2025.10.01 04:31:39,3505,XAUUSD,sell,out,0.02,3865.10,3510,-0.07,0.00,0.04,2 419.68,sl 3865.10
2025.10.01 04:31:41,3506,XAUUSD,buy,in,0.02,3865.20,3511,-0.07,0.00,0.00,2 419.61,
2025.10.01 04:36:22,3507,XAUUSD,sell,out,0.02,3865.25,3512,-0.07,0.00,0.10,2 419.64,sl 3865.25
2025.10.01 04:55:44,3508,XAUUSD,buy,in,0.02,3868.14,3513,-0.07,0.00,0.00,2 419.57,
2025.10.01 04:58:07,3509,XAUUSD,sell,out,0.02,3868.32,3514,-0.07,0.00,0.36,2 419.86,sl 3868.32
2025.10.01 05:19:52,3510,XAUUSD,buy,in,0.02,3868.42,3515,-0.07,0.00,0.00,2 419.79,
2025.10.01 06:57:55,3511,XAUUSD,sell,in,0.18,3861.74,3516,-0.63,0.00,0.00,2 419.16,
2025.10.01 07:09:12,3512,XAUUSD,buy,out,0.18,3860.14,3517,-0.63,0.00,28.80,2 447.33,sl 3860.04
2025.10.01 08:03:52,3513,XAUUSD,sell,out,0.02,3868.45,3518,-0.07,0.00,0.06,2 447.32,sl 3868.45
2025.10.02 17:53:54,3514,XAUUSD,sell,in,0.02,3825.54,3519,-0.07,0.00,0.00,2 447.25,
2025.10.02 18:37:42,3515,XAUUSD,buy,out,0.02,3824.30,3520,-0.07,0.00,2.48,2 449.66,sl 3824.29
2025.10.02 18:37:42,3516,XAUUSD,sell,in,0.02,3824.20,3521,-0.07,0.00,0.00,2 449.59,
2025.10.02 18:38:06,3517,XAUUSD,buy,out,0.02,3821.28,3522,-0.07,0.00,5.84,2 455.36,sl 3821.28
2025.10.03 16:22:34,3518,XAUUSD,buy,in,0.02,3882.90,3523,-0.07,0.00,0.00,2 455.29,
2025.10.03 16:24:03,3519,XAUUSD,sell,out,0.02,3883.78,3524,-0.07,0.00,1.76,2 456.98,sl 3883.78
2025.10.03 16:46:34,3520,XAUUSD,buy,in,0.02,3885.94,3525,-0.07,0.00,0.00,2 456.91,
2025.10.03 16:46:41,3521,XAUUSD,sell,out,0.02,3885.98,3526,-0.07,0.00,0.08,2 456.92,sl 3885.99
2025.10.03 18:22:22,3522,XAUUSD,buy,in,0.02,3884.22,3527,-0.07,0.00,0.00,2 456.85,
2025.10.03 18:24:27,3523,XAUUSD,sell,out,0.02,3885.48,3528,-0.07,0.00,2.52,2 459.30,sl 3885.49
2025.10.03 18:46:23,3524,XAUUSD,buy,in,0.02,3886.97,3529,-0.07,0.00,0.00,2 459.23,
2025.10.03 18:50:54,3525,XAUUSD,sell,out,0.02,3888.01,3530,-0.07,0.00,2.08,2 461.24,sl 3888.01
2025.10.03 19:10:31,3526,XAUUSD,buy,in,0.02,3887.22,3531,-0.07,0.00,0.00,2 461.17,
2025.10.03 20:48:34,3527,XAUUSD,sell,in,0.18,3883.05,3532,-0.63,0.00,0.00,2 460.54,
2025.10.03 20:50:44,3528,XAUUSD,buy,out,0.18,3881.67,3533,-0.63,0.00,24.84,2 484.75,sl 3881.66
2025.10.03 21:35:57,3529,XAUUSD,sell,out,0.02,3887.41,3534,-0.07,0.00,0.38,2 485.06,sl 3887.42
2025.10.09 19:42:21,3530,XAUUSD,sell,in,0.02,3976.54,3535,-0.07,0.00,0.00,2 484.99,
2025.10.09 19:53:36,3531,XAUUSD,buy,out,0.02,3975.69,3536,-0.07,0.00,1.70,2 486.62,sl 3975.68
2025.10.09 20:06:25,3532,XAUUSD,sell,in,0.02,3961.56,3537,-0.07,0.00,0.00,2 486.55,
2025.10.09 20:12:57,3533,XAUUSD,buy,out,0.02,3960.63,3538,-0.07,0.00,1.86,2 488.34,sl 3960.51
2025.10.09 20:30:27,3534,XAUUSD,sell,in,0.02,3956.65,3539,-0.07,0.00,0.00,2 488.27,
2025.10.09 20:45:40,3535,XAUUSD,buy,out,0.02,3954.28,3540,-0.07,0.00,4.74,2 492.94,sl 3954.25
2025.10.09 20:54:33,3536,XAUUSD,sell,in,0.02,3954.98,3541,-0.07,0.00,0.00,2 492.87,
2025.10.09 20:56:08,3537,XAUUSD,buy,out,0.02,3952.72,3542,-0.07,0.00,4.52,2 497.32,sl 3952.72
2025.10.09 21:18:34,3538,XAUUSD,sell,in,0.02,3966.30,3543,-0.07,0.00,0.00,2 497.25,
2025.10.09 21:19:05,3539,XAUUSD,buy,out,0.02,3966.07,3544,-0.07,0.00,0.46,2 497.64,sl 3965.96
2025.10.09 21:42:36,3540,XAUUSD,sell,in,0.02,3959.25,3545,-0.07,0.00,0.00,2 497.57,
2025.10.09 21:43:00,3541,XAUUSD,buy,out,0.02,3959.25,3546,-0.07,0.00,0.00,2 497.50,sl 3959.24
2025.10.09 22:06:40,3542,XAUUSD,sell,in,0.02,3962.95,3547,-0.07,0.00,0.00,2 497.43,
2025.10.09 22:07:45,3543,XAUUSD,buy,out,0.02,3962.23,3548,-0.07,0.00,1.44,2 498.80,sl 3962.20
2025.10.09 22:58:12,3544,XAUUSD,sell,in,0.02,3973.58,3549,-0.07,0.00,0.00,2 498.73,
2025.10.09 22:59:16,3545,XAUUSD,buy,out,0.02,3972.89,3550,-0.07,0.00,1.38,2 500.04,sl 3972.86
2025.10.10 01:10:18,3546,XAUUSD,sell,in,0.02,3968.42,3551,-0.07,0.00,0.00,2 499.97,
2025.10.10 01:11:03,3547,XAUUSD,buy,out,0.02,3968.44,3552,-0.07,0.00,-0.04,2 499.86,sl 3968.36
2025.10.10 04:40:35,3548,XAUUSD,sell,in,0.02,3969.98,3553,-0.07,0.00,0.00,2 499.79,
2025.10.10 06:18:44,3549,XAUUSD,buy,in,0.18,3973.87,3554,-0.63,0.00,0.00,2 499.16,
2025.10.10 06:21:17,3550,XAUUSD,sell,out,0.18,3973.90,3555,-0.63,0.00,0.54,2 499.07,sl 3973.91
2025.10.10 06:25:02,3551,XAUUSD,buy,out,0.02,3969.94,3556,-0.07,0.00,0.08,2 499.08,sl 3969.94
2025.10.10 18:27:17,3552,XAUUSD,buy,in,0.02,4019.92,3557,-0.07,0.00,0.00,2 499.01,
2025.10.10 18:30:31,3553,XAUUSD,sell,out,0.02,4019.97,3558,-0.07,0.00,0.10,2 499.04,sl 4019.97
2025.10.10 22:56:16,3554,XAUUSD,buy,in,0.02,4020.49,3559,-0.07,0.00,0.00,2 498.97,
2025.10.10 22:56:44,3555,XAUUSD,sell,out,0.02,4020.60,3560,-0.07,0.00,0.22,2 499.12,sl 4020.64
2025.10.13 01:02:04,3556,XAUUSD,buy,in,0.02,4020.68,3561,-0.07,0.00,0.00,2 499.05,
2025.10.13 01:02:17,3557,XAUUSD,sell,out,0.02,4020.84,3562,-0.07,0.00,0.32,2 499.30,sl 4020.87
2025.10.13 01:26:11,3558,XAUUSD,buy,in,0.02,4043.71,3563,-0.07,0.00,0.00,2 499.23,
2025.10.13 01:26:18,3559,XAUUSD,sell,out,0.02,4043.20,3564,-0.07,0.00,-1.02,2 498.14,sl 4044.65
2025.10.13 01:50:16,3560,XAUUSD,buy,in,0.02,4037.17,3565,-0.07,0.00,0.00,2 498.07,
2025.10.13 01:50:38,3561,XAUUSD,sell,out,0.02,4037.44,3566,-0.07,0.00,0.54,2 498.54,sl 4037.44
2025.10.13 02:14:16,3562,XAUUSD,buy,in,0.02,4041.02,3567,-0.07,0.00,0.00,2 498.47,
2025.10.13 02:14:47,3563,XAUUSD,sell,out,0.02,4047.68,3568,-0.07,0.00,13.32,2 511.72,sl 4047.71
2025.10.13 02:38:24,3564,XAUUSD,buy,in,0.02,4044.69,3569,-0.07,0.00,0.00,2 511.65,
2025.10.13 02:47:17,3565,XAUUSD,sell,out,0.02,4044.64,3570,-0.07,0.00,-0.10,2 511.48,sl 4044.74
2025.10.13 03:02:28,3566,XAUUSD,buy,in,0.02,4033.61,3571,-0.07,0.00,0.00,2 511.41,
2025.10.13 03:02:48,3567,XAUUSD,sell,out,0.02,4035.24,3572,-0.07,0.00,3.26,2 514.60,sl 4035.25
2025.10.13 03:26:27,3568,XAUUSD,buy,in,0.02,4035.10,3573,-0.07,0.00,0.00,2 514.53,
2025.10.13 03:28:04,3569,XAUUSD,sell,out,0.02,4039.73,3574,-0.07,0.00,9.26,2 523.72,sl 4039.75
2025.10.13 03:50:30,3570,XAUUSD,buy,in,0.02,4046.40,3575,-0.07,0.00,0.00,2 523.65,
2025.10.13 03:51:00,3571,XAUUSD,sell,out,0.02,4047.57,3576,-0.07,0.00,2.34,2 525.92,sl 4047.58
2025.10.13 04:14:44,3572,XAUUSD,buy,in,0.02,4045.31,3577,-0.07,0.00,0.00,2 525.85,
2025.10.13 04:15:25,3573,XAUUSD,sell,out,0.02,4046.47,3578,-0.07,0.00,2.32,2 528.10,sl 4046.49
2025.10.13 04:38:56,3574,XAUUSD,buy,in,0.02,4049.63,3579,-0.07,0.00,0.00,2 528.03,
2025.10.13 04:40:04,3575,XAUUSD,sell,out,0.02,4051.60,3580,-0.07,0.00,3.94,2 531.90,sl 4051.66
2025.10.13 05:03:01,3576,XAUUSD,buy,in,0.02,4052.93,3581,-0.07,0.00,0.00,2 531.83,
2025.10.13 06:37:02,3577,XAUUSD,sell,out,0.02,4053.88,3582,-0.07,0.00,1.90,2 533.66,sl 4053.88
2025.10.13 06:37:11,3578,XAUUSD,buy,in,0.02,4053.99,3583,-0.07,0.00,0.00,2 533.59,
2025.10.13 06:41:34,3579,XAUUSD,sell,out,0.02,4054.08,3584,-0.07,0.00,0.18,2 533.70,sl 4054.18
2025.10.13 07:01:11,3580,XAUUSD,buy,in,0.02,4052.42,3585,-0.07,0.00,0.00,2 533.63,
2025.10.13 07:04:11,3581,XAUUSD,sell,out,0.02,4052.55,3586,-0.07,0.00,0.26,2 533.82,sl 4052.56
2025.10.13 07:25:29,3582,XAUUSD,buy,in,0.02,4055.68,3587,-0.07,0.00,0.00,2 533.75,
2025.10.13 07:29:22,3583,XAUUSD,sell,out,0.02,4056.26,3588,-0.07,0.00,1.16,2 534.84,sl 4056.27
2025.10.13 07:49:31,3584,XAUUSD,buy,in,0.02,4056.31,3589,-0.07,0.00,0.00,2 534.77,
2025.10.13 07:50:11,3585,XAUUSD,sell,out,0.02,4056.32,3590,-0.07,0.00,0.02,2 534.72,sl 4056.34
2025.10.13 08:13:31,3586,XAUUSD,buy,in,0.02,4061.42,3591,-0.07,0.00,0.00,2 534.65,
2025.10.13 08:15:01,3587,XAUUSD,sell,out,0.02,4062.95,3592,-0.07,0.00,3.06,2 537.64,sl 4062.97
2025.10.13 08:37:47,3588,XAUUSD,buy,in,0.02,4074.09,3593,-0.07,0.00,0.00,2 537.57,
2025.10.13 08:38:39,3589,XAUUSD,sell,out,0.02,4074.42,3594,-0.07,0.00,0.66,2 538.16,sl 4074.42
2025.10.13 09:02:00,3590,XAUUSD,buy,in,0.02,4065.14,3595,-0.07,0.00,0.00,2 538.09,
2025.10.13 09:02:32,3591,XAUUSD,sell,out,0.02,4066.04,3596,-0.07,0.00,1.80,2 539.82,sl 4066.08
2025.10.13 09:26:06,3592,XAUUSD,buy,in,0.02,4068.53,3597,-0.07,0.00,0.00,2 539.75,
2025.10.13 09:26:23,3593,XAUUSD,sell,out,0.02,4068.58,3598,-0.07,0.00,0.10,2 539.78,sl 4068.59
2025.10.13 09:50:14,3594,XAUUSD,buy,in,0.02,4068.78,3599,-0.07,0.00,0.00,2 539.71,
2025.10.13 09:52:34,3595,XAUUSD,sell,out,0.02,4068.79,3600,-0.07,0.00,0.02,2 539.66,sl 4068.83
2025.10.13 10:14:16,3596,XAUUSD,buy,in,0.02,4073.17,3601,-0.07,0.00,0.00,2 539.59,
2025.10.13 10:24:42,3597,XAUUSD,sell,out,0.02,4074.35,3602,-0.07,0.00,2.36,2 541.88,sl 4074.35
2025.10.13 10:38:15,3598,XAUUSD,buy,in,0.02,4071.14,3603,-0.07,0.00,0.00,2 541.81,
2025.10.13 10:38:47,3599,XAUUSD,sell,out,0.02,4071.15,3604,-0.07,0.00,0.02,2 541.76,sl 4071.19
2025.10.13 11:02:22,3600,XAUUSD,buy,in,0.02,4071.66,3605,-0.07,0.00,0.00,2 541.69,
2025.10.13 11:03:30,3601,XAUUSD,sell,out,0.02,4071.65,3606,-0.07,0.00,-0.02,2 541.60,sl 4071.68
2025.10.13 11:26:34,3602,XAUUSD,buy,in,0.02,4074.13,3607,-0.07,0.00,0.00,2 541.53,
2025.10.13 11:27:11,3603,XAUUSD,sell,out,0.02,4075.15,3608,-0.07,0.00,2.04,2 543.50,sl 4075.17
2025.10.13 11:50:40,3604,XAUUSD,buy,in,0.02,4075.75,3609,-0.07,0.00,0.00,2 543.43,
2025.10.13 11:52:08,3605,XAUUSD,sell,out,0.02,4077.02,3610,-0.07,0.00,2.54,2 545.90,sl 4077.03
2025.10.13 12:14:46,3606,XAUUSD,buy,in,0.02,4076.38,3611,-0.07,0.00,0.00,2 545.83,
2025.10.13 12:52:03,3607,XAUUSD,sell,out,0.02,4077.18,3612,-0.07,0.00,1.60,2 547.36,sl 4077.20
2025.10.13 12:52:10,3608,XAUUSD,buy,in,0.02,4077.25,3613,-0.07,0.00,0.00,2 547.29,
2025.10.13 12:53:25,3609,XAUUSD,sell,out,0.02,4078.44,3614,-0.07,0.00,2.38,2 549.60,sl 4078.44
2025.10.13 13:16:20,3610,XAUUSD,buy,in,0.02,4073.16,3615,-0.07,0.00,0.00,2 549.53,
2025.10.13 13:17:39,3611,XAUUSD,sell,out,0.02,4073.36,3616,-0.07,0.00,0.40,2 549.86,sl 4073.38
2025.10.13 13:40:22,3612,XAUUSD,buy,in,0.02,4078.77,3617,-0.07,0.00,0.00,2 549.79,
2025.10.13 13:41:08,3613,XAUUSD,sell,out,0.02,4078.83,3618,-0.07,0.00,0.12,2 549.84,sl 4078.83
2025.10.13 14:04:25,3614,XAUUSD,buy,in,0.02,4078.37,3619,-0.07,0.00,0.00,2 549.77,
2025.10.13 14:05:17,3615,XAUUSD,sell,out,0.02,4079.08,3620,-0.07,0.00,1.42,2 551.12,sl 4079.11
2025.10.13 14:28:32,3616,XAUUSD,buy,in,0.02,4080.65,3621,-0.07,0.00,0.00,2 551.05,
2025.10.13 14:28:54,3617,XAUUSD,sell,out,0.02,4081.03,3622,-0.07,0.00,0.76,2 551.74,sl 4081.11
2025.10.13 14:52:30,3618,XAUUSD,buy,in,0.02,4075.70,3623,-0.07,0.00,0.00,2 551.67,
2025.10.13 14:53:33,3619,XAUUSD,sell,out,0.02,4075.96,3624,-0.07,0.00,0.52,2 552.12,sl 4076.01
2025.10.13 15:16:44,3620,XAUUSD,buy,in,0.02,4074.45,3625,-0.07,0.00,0.00,2 552.05,
2025.10.13 15:17:19,3621,XAUUSD,sell,out,0.02,4074.67,3626,-0.07,0.00,0.44,2 552.42,sl 4074.68
2025.10.13 15:40:58,3622,XAUUSD,buy,in,0.02,4079.04,3627,-0.07,0.00,0.00,2 552.35,
2025.10.13 15:43:39,3623,XAUUSD,sell,out,0.02,4080.20,3628,-0.07,0.00,2.32,2 554.60,sl 4080.29
2025.10.13 16:05:05,3624,XAUUSD,buy,in,0.02,4082.48,3629,-0.07,0.00,0.00,2 554.53,
2025.10.13 16:05:23,3625,XAUUSD,sell,out,0.02,4083.40,3630,-0.07,0.00,1.84,2 556.30,sl 4083.46
2025.10.13 16:29:12,3626,XAUUSD,buy,in,0.02,4091.63,3631,-0.07,0.00,0.00,2 556.23,
2025.10.13 16:30:08,3627,XAUUSD,sell,out,0.02,4092.23,3632,-0.07,0.00,1.20,2 557.36,sl 4092.24
2025.10.13 16:53:13,3628,XAUUSD,buy,in,0.02,4093.87,3633,-0.07,0.00,0.00,2 557.29,
2025.10.13 16:55:08,3629,XAUUSD,sell,out,0.02,4094.82,3634,-0.07,0.00,1.90,2 559.12,sl 4094.84
2025.10.13 17:17:13,3630,XAUUSD,buy,in,0.02,4092.06,3635,-0.07,0.00,0.00,2 559.05,
2025.10.13 17:18:45,3631,XAUUSD,sell,out,0.02,4092.80,3636,-0.07,0.00,1.48,2 560.46,sl 4092.82
2025.10.17 17:06:01,3632,XAUUSD,sell,in,0.02,4235.40,3638,-0.07,0.00,0.00,2 560.39,
2025.10.17 17:07:17,3633,XAUUSD,buy,out,0.02,4233.72,3639,-0.07,0.00,3.36,2 563.68,sl 4233.68
2025.10.17 19:25:35,3634,XAUUSD,sell,in,0.02,4224.36,3640,-0.07,0.00,0.00,2 563.61,
2025.10.17 19:26:15,3635,XAUUSD,buy,out,0.02,4224.14,3641,-0.07,0.00,0.44,2 563.98,sl 4224.14
2025.10.17 19:49:36,3636,XAUUSD,sell,in,0.02,4216.65,3642,-0.07,0.00,0.00,2 563.91,
2025.10.17 19:49:52,3637,XAUUSD,buy,out,0.02,4216.05,3643,-0.07,0.00,1.20,2 565.04,sl 4215.83
2025.10.17 20:13:37,3638,XAUUSD,sell,in,0.02,4197.23,3644,-0.07,0.00,0.00,2 564.97,
2025.10.17 21:51:41,3639,XAUUSD,buy,in,0.18,4237.23,3645,-0.63,0.00,0.00,2 564.34,
2025.10.17 21:51:50,3640,XAUUSD,sell,out,0.18,4237.23,3646,-0.63,0.00,0.00,2 563.71,sl 4237.25
2025.10.17 23:46:09,3641,XAUUSD,buy,in,0.18,4249.82,3647,-0.63,0.00,0.00,2 563.08,
2025.10.17 23:56:59,3642,XAUUSD,sell,out,0.18,4251.34,3648,-0.63,0.00,27.36,2 589.81,sl 4252.24
2025.10.20 01:33:46,3643,XAUUSD,buy,in,0.18,4248.24,3649,-0.63,0.00,0.00,2 589.18,
2025.10.20 01:34:42,3644,XAUUSD,sell,out,0.18,4252.18,3650,-0.63,0.00,70.92,2 659.47,sl 4252.19
2025.10.20 02:11:06,3645,XAUUSD,buy,in,0.18,4249.62,3651,-0.63,0.00,0.00,2 658.84,
2025.10.20 02:12:01,3646,XAUUSD,sell,out,0.18,4249.70,3652,-0.63,0.00,1.44,2 659.65,sl 4249.73
2025.10.20 02:29:14,3647,XAUUSD,buy,in,0.18,4245.07,3653,-0.63,0.00,0.00,2 659.02,
2025.10.20 02:29:57,3648,XAUUSD,sell,out,0.18,4246.00,3654,-0.63,0.00,16.74,2 675.13,sl 4246.00
2025.10.20 02:47:24,3649,XAUUSD,buy,in,0.18,4244.20,3655,-0.63,0.00,0.00,2 674.50,
2025.10.20 02:48:22,3650,XAUUSD,sell,out,0.18,4244.56,3656,-0.63,0.00,6.48,2 680.35,sl 4244.57
2025.10.20 03:56:08,3651,XAUUSD,buy,out,0.02,4249.52,3657,-0.07,0.81,-104.58,2 576.51,
2025.10.20 09:30:58,3652,XAUUSD,sell,in,0.02,4223.93,3658,-0.07,0.00,0.00,2 576.44,
2025.10.20 10:10:07,3653,XAUUSD,buy,out,0.02,4249.90,3659,-0.07,0.00,-51.94,2 524.43,
2025.10.20 14:59:46,3654,XAUUSD,buy,in,0.02,4278.22,3660,-0.07,0.00,0.00,2 524.36,
2025.10.20 15:00:34,3655,XAUUSD,sell,out,0.02,4280.52,3661,-0.07,0.00,4.60,2 528.89,sl 4280.56
2025.10.20 15:23:46,3656,XAUUSD,buy,in,0.02,4294.75,3662,-0.07,0.00,0.00,2 528.82,
2025.10.20 15:24:30,3657,XAUUSD,sell,out,0.02,4298.08,3663,-0.07,0.00,6.66,2 535.41,sl 4298.09
2025.10.20 15:47:53,3658,XAUUSD,buy,in,0.02,4317.43,3664,-0.07,0.00,0.00,2 535.34,
2025.10.20 15:48:35,3659,XAUUSD,sell,out,0.02,4317.81,3665,-0.07,0.00,0.76,2 536.03,sl 4317.86
2025.10.20 16:12:09,3660,XAUUSD,buy,in,0.02,4322.15,3666,-0.07,0.00,0.00,2 535.96,
2025.10.20 17:18:29,3661,XAUUSD,sell,out,0.02,4322.72,3667,-0.07,0.00,1.14,2 537.03,sl 4322.88
2025.10.20 17:18:34,3662,XAUUSD,buy,in,0.02,4322.02,3668,-0.07,0.00,0.00,2 536.96,
2025.10.20 17:19:02,3663,XAUUSD,sell,out,0.02,4321.90,3669,-0.07,0.00,-0.24,2 536.65,sl 4322.06
2025.10.20 17:42:37,3664,XAUUSD,buy,in,0.02,4325.33,3670,-0.07,0.00,0.00,2 536.58,
2025.10.20 17:43:24,3665,XAUUSD,sell,out,0.02,4326.49,3671,-0.07,0.00,2.32,2 538.83,sl 4326.49
2025.10.20 18:06:36,3666,XAUUSD,buy,in,0.02,4339.76,3672,-0.07,0.00,0.00,2 538.76,
2025.10.20 18:09:26,3667,XAUUSD,sell,out,0.02,4340.34,3673,-0.07,0.00,1.16,2 539.85,sl 4340.38
2025.10.20 18:30:40,3668,XAUUSD,buy,in,0.02,4346.06,3674,-0.07,0.00,0.00,2 539.78,
2025.10.20 18:32:59,3669,XAUUSD,sell,out,0.02,4348.75,3675,-0.07,0.00,5.38,2 545.09,sl 4348.76
2025.10.20 18:54:39,3670,XAUUSD,buy,in,0.02,4350.88,3676,-0.07,0.00,0.00,2 545.02,
2025.10.20 20:32:40,3671,XAUUSD,sell,in,0.18,4341.11,3677,-0.63,0.00,0.00,2 544.39,
2025.10.20 20:33:20,3672,XAUUSD,buy,out,0.18,4339.61,3678,-0.63,0.00,27.00,2 570.76,sl 4339.59
2025.10.20 21:29:18,3673,XAUUSD,sell,out,0.02,4354.36,3679,-0.07,0.00,6.96,2 577.65,sl 4354.55
2025.10.21 11:13:06,3674,XAUUSD,sell,in,0.02,4261.88,3680,-0.07,0.00,0.00,2 577.58,
2025.10.21 11:13:21,3675,XAUUSD,buy,out,0.02,4260.36,3681,-0.07,0.00,3.04,2 580.55,sl 4260.34
2025.10.21 11:37:24,3676,XAUUSD,sell,in,0.02,4265.84,3682,-0.07,0.00,0.00,2 580.48,
2025.10.21 11:37:53,3677,XAUUSD,buy,out,0.02,4266.02,3683,-0.07,0.00,-0.36,2 580.05,sl 4265.60
2025.10.21 12:05:54,3678,XAUUSD,sell,in,0.02,4263.65,3684,-0.07,0.00,0.00,2 579.98,
2025.10.21 12:11:05,3679,XAUUSD,buy,out,0.02,4260.72,3685,-0.07,0.00,5.86,2 585.77,sl 4260.70
2025.10.21 12:59:25,3680,XAUUSD,sell,in,0.02,4263.24,3686,-0.07,0.00,0.00,2 585.70,
2025.10.21 13:05:15,3681,XAUUSD,buy,out,0.02,4263.23,3687,-0.07,0.00,0.02,2 585.65,sl 4263.22
2025.10.21 13:23:34,3682,XAUUSD,sell,in,0.02,4259.29,3688,-0.07,0.00,0.00,2 585.58,
2025.10.21 13:34:59,3683,XAUUSD,buy,out,0.02,4257.84,3689,-0.07,0.00,2.90,2 588.41,sl 4257.72
2025.10.21 13:47:37,3684,XAUUSD,sell,in,0.02,4259.39,3690,-0.07,0.00,0.00,2 588.34,
2025.10.21 13:49:45,3685,XAUUSD,buy,out,0.02,4259.39,3691,-0.07,0.00,0.00,2 588.27,sl 4259.38
2025.10.21 14:19:30,3686,XAUUSD,sell,in,0.02,4261.93,3692,-0.07,0.00,0.00,2 588.20,
2025.10.21 14:21:12,3687,XAUUSD,buy,out,0.02,4258.18,3693,-0.07,0.00,7.50,2 595.63,sl 4258.14
2025.10.21 14:43:41,3688,XAUUSD,sell,in,0.02,4256.16,3694,-0.07,0.00,0.00,2 595.56,
2025.10.21 14:44:40,3689,XAUUSD,buy,out,0.02,4255.61,3695,-0.07,0.00,1.10,2 596.59,sl 4255.58
2025.10.21 15:07:44,3690,XAUUSD,sell,in,0.02,4253.29,3696,-0.07,0.00,0.00,2 596.52,
2025.10.21 15:07:52,3691,XAUUSD,buy,out,0.02,4253.25,3697,-0.07,0.00,0.08,2 596.53,sl 4253.21
2025.10.21 15:31:50,3692,XAUUSD,sell,in,0.02,4222.58,3698,-0.07,0.00,0.00,2 596.46,
2025.10.21 15:32:04,3693,XAUUSD,buy,out,0.02,4222.57,3699,-0.07,0.00,0.02,2 596.41,sl 4222.57
2025.10.21 15:55:54,3694,XAUUSD,sell,in,0.02,4213.08,3700,-0.07,0.00,0.00,2 596.34,
2025.10.21 15:59:09,3695,XAUUSD,buy,out,0.02,4212.84,3701,-0.07,0.00,0.48,2 596.75,sl 4212.84
2025.10.21 16:19:56,3696,XAUUSD,sell,in,0.02,4204.76,3702,-0.07,0.00,0.00,2 596.68,
2025.10.21 16:20:07,3697,XAUUSD,buy,out,0.02,4204.56,3703,-0.07,0.00,0.40,2 597.01,sl 4204.56
2025.10.21 16:44:02,3698,XAUUSD,sell,in,0.02,4205.63,3704,-0.07,0.00,0.00,2 596.94,
2025.10.21 16:44:25,3699,XAUUSD,buy,out,0.02,4205.39,3705,-0.07,0.00,0.48,2 597.35,sl 4205.26
2025.10.21 17:08:05,3700,XAUUSD,sell,in,0.02,4177.46,3706,-0.07,0.00,0.00,2 597.28,
2025.10.21 17:08:45,3701,XAUUSD,buy,out,0.02,4172.77,3707,-0.07,0.00,9.38,2 606.59,sl 4172.77
2025.10.21 17:32:08,3702,XAUUSD,sell,in,0.02,4128.88,3708,-0.07,0.00,0.00,2 606.52,
2025.10.21 17:32:49,3703,XAUUSD,buy,out,0.02,4127.35,3709,-0.07,0.00,3.06,2 609.51,sl 4127.19
2025.10.21 17:56:11,3704,XAUUSD,sell,in,0.02,4121.74,3710,-0.07,0.00,0.00,2 609.44,
2025.10.21 17:56:34,3705,XAUUSD,buy,out,0.02,4121.38,3711,-0.07,0.00,0.72,2 610.09,sl 4121.38
2025.10.21 18:20:19,3706,XAUUSD,sell,in,0.02,4135.74,3712,-0.07,0.00,0.00,2 610.02,
2025.10.21 18:20:40,3707,XAUUSD,buy,out,0.02,4131.02,3713,-0.07,0.00,9.44,2 619.39,sl 4131.01
2025.10.21 18:44:27,3708,XAUUSD,sell,in,0.02,4142.74,3714,-0.07,0.00,0.00,2 619.32,
2025.10.21 18:44:31,3709,XAUUSD,buy,out,0.02,4142.74,3715,-0.07,0.00,0.00,2 619.25,sl 4142.73
2025.10.21 19:08:35,3710,XAUUSD,sell,in,0.02,4136.21,3716,-0.07,0.00,0.00,2 619.18,
2025.10.21 19:09:58,3711,XAUUSD,buy,out,0.02,4134.77,3717,-0.07,0.00,2.88,2 621.99,sl 4134.76
2025.10.21 19:32:42,3712,XAUUSD,sell,in,0.02,4118.13,3718,-0.07,0.00,0.00,2 621.92,
2025.10.21 19:33:08,3713,XAUUSD,buy,out,0.02,4117.34,3719,-0.07,0.00,1.58,2 623.43,sl 4117.20
2025.10.21 19:56:42,3714,XAUUSD,sell,in,0.02,4118.76,3720,-0.07,0.00,0.00,2 623.36,
2025.10.21 19:57:01,3715,XAUUSD,buy,out,0.02,4117.10,3721,-0.07,0.00,3.32,2 626.61,sl 4117.02
2025.10.21 20:20:44,3716,XAUUSD,sell,in,0.02,4110.15,3722,-0.07,0.00,0.00,2 626.54,
2025.10.21 20:21:04,3717,XAUUSD,buy,out,0.02,4108.62,3723,-0.07,0.00,3.06,2 629.53,sl 4108.61
2025.10.21 20:44:49,3718,XAUUSD,sell,in,0.02,4116.68,3724,-0.07,0.00,0.00,2 629.46,
2025.10.21 20:44:55,3719,XAUUSD,buy,out,0.02,4116.58,3725,-0.07,0.00,0.20,2 629.59,sl 4116.58
2025.10.21 21:08:49,3720,XAUUSD,sell,in,0.02,4113.46,3726,-0.07,0.00,0.00,2 629.52,
2025.10.21 21:16:25,3721,XAUUSD,buy,out,0.02,4113.29,3727,-0.07,0.00,0.34,2 629.79,sl 4113.17
2025.10.21 21:32:53,3722,XAUUSD,sell,in,0.02,4120.58,3728,-0.07,0.00,0.00,2 629.72,
2025.10.21 21:33:15,3723,XAUUSD,buy,out,0.02,4119.35,3729,-0.07,0.00,2.46,2 632.11,sl 4119.30
2025.10.21 21:57:00,3724,XAUUSD,sell,in,0.02,4113.90,3730,-0.07,0.00,0.00,2 632.04,
2025.10.21 21:58:20,3725,XAUUSD,buy,out,0.02,4113.10,3731,-0.07,0.00,1.60,2 633.57,sl 4113.10
2025.10.21 22:21:01,3726,XAUUSD,sell,in,0.02,4104.50,3732,-0.07,0.00,0.00,2 633.50,
2025.10.21 22:22:02,3727,XAUUSD,buy,out,0.02,4104.45,3733,-0.07,0.00,0.10,2 633.53,sl 4104.42
2025.10.21 22:45:03,3728,XAUUSD,sell,in,0.02,4111.01,3734,-0.07,0.00,0.00,2 633.46,
2025.10.21 22:45:45,3729,XAUUSD,buy,out,0.02,4108.68,3735,-0.07,0.00,4.66,2 638.05,sl 4108.68
2025.10.21 23:09:04,3730,XAUUSD,sell,in,0.02,4120.18,3736,-0.07,0.00,0.00,2 637.98,
2025.10.21 23:09:47,3731,XAUUSD,buy,out,0.02,4119.86,3737,-0.07,0.00,0.64,2 638.55,sl 4119.83
2025.10.21 23:33:15,3732,XAUUSD,sell,in,0.02,4123.28,3738,-0.07,0.00,0.00,2 638.48,
2025.10.22 01:04:40,3733,XAUUSD,buy,out,0.02,4123.01,3739,-0.07,0.81,0.54,2 639.76,sl 4122.97
2025.10.22 01:04:46,3734,XAUUSD,sell,in,0.02,4124.17,3740,-0.07,0.00,0.00,2 639.69,
2025.10.22 01:05:43,3735,XAUUSD,buy,out,0.02,4116.09,3741,-0.07,0.00,16.16,2 655.78,sl 4115.67
2025.10.22 01:28:50,3736,XAUUSD,sell,in,0.02,4125.87,3742,-0.07,0.00,0.00,2 655.71,
2025.10.22 01:29:18,3737,XAUUSD,buy,out,0.02,4125.50,3743,-0.07,0.00,0.74,2 656.38,sl 4125.50
2025.10.22 01:52:56,3738,XAUUSD,sell,in,0.02,4125.70,3744,-0.07,0.00,0.00,2 656.31,
2025.10.22 01:54:09,3739,XAUUSD,buy,out,0.02,4125.51,3745,-0.07,0.00,0.38,2 656.62,sl 4125.06
2025.10.22 02:17:00,3740,XAUUSD,sell,in,0.02,4117.00,3746,-0.07,0.00,0.00,2 656.55,
2025.10.22 02:17:32,3741,XAUUSD,buy,out,0.02,4117.03,3747,-0.07,0.00,-0.06,2 656.42,sl 4116.99
2025.10.22 02:41:06,3742,XAUUSD,sell,in,0.02,4125.64,3748,-0.07,0.00,0.00,2 656.35,
2025.10.22 02:42:41,3743,XAUUSD,buy,out,0.02,4125.00,3749,-0.07,0.00,1.28,2 657.56,sl 4124.99
2025.10.22 03:05:13,3744,XAUUSD,sell,in,0.02,4060.41,3750,-0.07,0.00,0.00,2 657.49,
2025.10.22 03:05:18,3745,XAUUSD,buy,out,0.02,4060.37,3751,-0.07,0.00,0.08,2 657.50,sl 4059.93
2025.10.22 03:29:20,3746,XAUUSD,sell,in,0.02,4054.12,3752,-0.07,0.00,0.00,2 657.43,
2025.10.22 03:29:25,3747,XAUUSD,buy,out,0.02,4054.00,3753,-0.07,0.00,0.24,2 657.60,sl 4054.00
2025.10.22 03:53:23,3748,XAUUSD,sell,in,0.02,4084.65,3754,-0.07,0.00,0.00,2 657.53,
2025.10.22 03:53:42,3749,XAUUSD,buy,out,0.02,4084.41,3755,-0.07,0.00,0.48,2 657.94,sl 4084.32
2025.10.22 04:17:25,3750,XAUUSD,sell,in,0.02,4112.74,3756,-0.07,0.00,0.00,2 657.87,
2025.10.22 04:17:38,3751,XAUUSD,buy,out,0.02,4109.98,3757,-0.07,0.00,5.52,2 663.32,sl 4109.96
2025.10.22 04:41:28,3752,XAUUSD,sell,in,0.02,4085.50,3758,-0.07,0.00,0.00,2 663.25,
2025.10.22 04:59:51,3753,XAUUSD,buy,out,0.02,4085.31,3759,-0.07,0.00,0.38,2 663.56,sl 4085.26
2025.10.23 23:10:57,3754,XAUUSD,sell,in,0.02,4112.04,3760,-0.07,0.00,0.00,2 663.49,
2025.10.23 23:13:02,3755,XAUUSD,buy,out,0.02,4111.75,3761,-0.07,0.00,0.58,2 664.00,sl 4111.75
2025.10.23 23:35:43,3756,XAUUSD,sell,in,0.02,4112.32,3762,-0.07,0.00,0.00,2 663.93,
2025.10.23 23:35:54,3757,XAUUSD,buy,out,0.02,4112.12,3763,-0.07,0.00,0.40,2 664.26,sl 4112.01
2025.10.24 01:44:43,3758,XAUUSD,sell,in,0.02,4112.44,3764,-0.07,0.00,0.00,2 664.19,
2025.10.24 01:45:02,3759,XAUUSD,buy,out,0.02,4112.42,3765,-0.07,0.00,0.04,2 664.16,sl 4112.42
2025.10.24 02:22:20,3760,XAUUSD,sell,in,0.02,4112.07,3766,-0.07,0.00,0.00,2 664.09,
2025.10.24 02:23:33,3761,XAUUSD,buy,out,0.02,4112.06,3767,-0.07,0.00,0.02,2 664.04,sl 4111.81
2025.10.24 05:25:44,3762,XAUUSD,sell,in,0.02,4109.54,3768,-0.07,0.00,0.00,2 663.97,
2025.10.24 06:02:36,3763,XAUUSD,buy,out,0.02,4109.01,3769,-0.07,0.00,1.06,2 664.96,sl 4108.94
2025.10.24 06:02:43,3764,XAUUSD,sell,in,0.02,4109.43,3770,-0.07,0.00,0.00,2 664.89,
2025.10.24 06:03:07,3765,XAUUSD,buy,out,0.02,4109.36,3771,-0.07,0.00,0.14,2 664.96,sl 4109.30
2025.10.24 07:21:21,3766,XAUUSD,sell,in,0.02,4108.34,3772,-0.07,0.00,0.00,2 664.89,
2025.10.24 07:22:04,3767,XAUUSD,buy,out,0.02,4108.32,3773,-0.07,0.00,0.04,2 664.86,sl 4108.32
2025.10.24 07:45:21,3768,XAUUSD,sell,in,0.02,4107.66,3774,-0.07,0.00,0.00,2 664.79,
2025.10.24 08:38:18,3769,XAUUSD,buy,out,0.02,4107.27,3775,-0.07,0.00,0.78,2 665.50,sl 4107.12
2025.10.24 08:38:22,3770,XAUUSD,sell,in,0.02,4107.34,3776,-0.07,0.00,0.00,2 665.43,
2025.10.24 08:39:12,3771,XAUUSD,buy,out,0.02,4106.98,3777,-0.07,0.00,0.72,2 666.08,sl 4106.97
2025.10.24 09:02:30,3772,XAUUSD,sell,in,0.02,4102.94,3778,-0.07,0.00,0.00,2 666.01,
2025.10.24 09:03:27,3773,XAUUSD,buy,out,0.02,4096.80,3779,-0.07,0.00,12.28,2 678.22,sl 4096.80
2025.10.24 09:26:29,3774,XAUUSD,sell,in,0.02,4083.29,3780,-0.07,0.00,0.00,2 678.15,
2025.10.24 10:37:58,3775,XAUUSD,buy,out,0.02,4083.25,3781,-0.07,0.00,0.08,2 678.16,sl 4083.21
2025.10.24 10:38:05,3776,XAUUSD,sell,in,0.02,4084.89,3782,-0.07,0.00,0.00,2 678.09,
2025.10.24 10:38:25,3777,XAUUSD,buy,out,0.02,4084.51,3783,-0.07,0.00,0.76,2 678.78,sl 4084.42
2025.10.24 11:02:22,3778,XAUUSD,sell,in,0.02,4071.72,3784,-0.07,0.00,0.00,2 678.71,
2025.10.24 11:02:53,3779,XAUUSD,buy,out,0.02,4071.63,3785,-0.07,0.00,0.18,2 678.82,sl 4071.49
2025.10.24 11:26:22,3780,XAUUSD,sell,in,0.02,4050.45,3786,-0.07,0.00,0.00,2 678.75,
2025.10.24 11:26:43,3781,XAUUSD,buy,out,0.02,4050.49,3787,-0.07,0.00,-0.08,2 678.60,sl 4050.35
2025.10.24 11:50:23,3782,XAUUSD,sell,in,0.02,4065.48,3788,-0.07,0.00,0.00,2 678.53,
2025.10.24 11:50:37,3783,XAUUSD,buy,out,0.02,4065.44,3789,-0.07,0.00,0.08,2 678.54,sl 4065.44
2025.10.24 12:14:29,3784,XAUUSD,sell,in,0.02,4072.18,3790,-0.07,0.00,0.00,2 678.47,
2025.10.24 12:14:46,3785,XAUUSD,buy,out,0.02,4071.94,3791,-0.07,0.00,0.48,2 678.88,sl 4071.94
2025.10.24 12:38:36,3786,XAUUSD,sell,in,0.02,4068.02,3792,-0.07,0.00,0.00,2 678.81,
2025.10.24 12:39:03,3787,XAUUSD,buy,out,0.02,4068.01,3793,-0.07,0.00,0.02,2 678.76,sl 4068.01
2025.10.24 13:02:36,3788,XAUUSD,sell,in,0.02,4062.67,3794,-0.07,0.00,0.00,2 678.69,
2025.10.24 13:26:28,3789,XAUUSD,buy,out,0.02,4061.24,3795,-0.07,0.00,2.86,2 681.48,sl 4061.23
2025.10.24 13:26:40,3790,XAUUSD,sell,in,0.02,4061.50,3796,-0.07,0.00,0.00,2 681.41,
2025.10.24 13:28:43,3791,XAUUSD,buy,out,0.02,4060.41,3797,-0.07,0.00,2.18,2 683.52,sl 4060.34
2025.10.24 13:50:40,3792,XAUUSD,sell,in,0.02,4057.69,3798,-0.07,0.00,0.00,2 683.45,
2025.10.24 13:50:56,3793,XAUUSD,buy,out,0.02,4057.50,3799,-0.07,0.00,0.38,2 683.76,sl 4057.46
2025.10.24 14:14:41,3794,XAUUSD,sell,in,0.02,4058.75,3800,-0.07,0.00,0.00,2 683.69,
2025.10.24 14:15:59,3795,XAUUSD,buy,out,0.02,4058.49,3801,-0.07,0.00,0.52,2 684.14,sl 4058.49
2025.10.24 14:38:42,3796,XAUUSD,sell,in,0.02,4056.24,3802,-0.07,0.00,0.00,2 684.07,
2025.10.24 14:39:36,3797,XAUUSD,buy,out,0.02,4055.62,3803,-0.07,0.00,1.24,2 685.24,sl 4055.60
2025.10.24 15:02:54,3798,XAUUSD,sell,in,0.02,4063.89,3804,-0.07,0.00,0.00,2 685.17,
2025.10.24 15:03:25,3799,XAUUSD,buy,out,0.02,4063.10,3805,-0.07,0.00,1.58,2 686.68,sl 4063.03
2025.10.24 15:26:57,3800,XAUUSD,sell,in,0.02,4060.78,3806,-0.07,0.00,0.00,2 686.61,
2025.10.24 15:28:36,3801,XAUUSD,buy,out,0.02,4060.68,3807,-0.07,0.00,0.20,2 686.74,sl 4060.59
2025.10.24 15:50:58,3802,XAUUSD,sell,in,0.02,4075.65,3808,-0.07,0.00,0.00,2 686.67,
2025.10.24 16:24:18,3803,XAUUSD,buy,out,0.02,4118.24,3809,-0.07,0.00,-85.18,2 601.42,
2025.10.27 01:02:03,3804,XAUUSD,sell,in,0.02,4067.86,3810,-0.07,0.00,0.00,2 601.35,
2025.10.27 01:02:32,3805,XAUUSD,buy,out,0.02,4066.24,3811,-0.07,0.00,3.24,2 604.52,sl 4066.19
2025.10.27 01:29:08,3806,XAUUSD,sell,in,0.02,4093.52,3812,-0.07,0.00,0.00,2 604.45,
2025.10.27 01:29:36,3807,XAUUSD,buy,out,0.02,4092.47,3813,-0.07,0.00,2.10,2 606.48,sl 4092.45
2025.10.27 01:53:12,3808,XAUUSD,sell,in,0.02,4078.02,3814,-0.07,0.00,0.00,2 606.41,
2025.10.27 01:53:36,3809,XAUUSD,buy,out,0.02,4077.23,3815,-0.07,0.00,1.58,2 607.92,sl 4077.22
2025.10.27 02:17:20,3810,XAUUSD,sell,in,0.02,4085.28,3816,-0.07,0.00,0.00,2 607.85,
2025.10.27 02:18:03,3811,XAUUSD,buy,out,0.02,4085.27,3817,-0.07,0.00,0.02,2 607.80,sl 4085.18
2025.10.27 02:41:22,3812,XAUUSD,sell,in,0.02,4070.55,3818,-0.07,0.00,0.00,2 607.73,
2025.10.27 02:42:03,3813,XAUUSD,buy,out,0.02,4070.21,3819,-0.07,0.00,0.68,2 608.34,sl 4070.07
2025.10.27 03:05:23,3814,XAUUSD,sell,in,0.02,4063.01,3820,-0.07,0.00,0.00,2 608.27,
2025.10.27 03:05:33,3815,XAUUSD,buy,out,0.02,4063.11,3821,-0.07,0.00,-0.20,2 608.00,sl 4063.00
2025.10.27 03:29:24,3816,XAUUSD,sell,in,0.02,4068.07,3822,-0.07,0.00,0.00,2 607.93,
2025.10.27 03:29:57,3817,XAUUSD,buy,out,0.02,4067.85,3823,-0.07,0.00,0.44,2 608.30,sl 4067.85
2025.10.27 03:53:30,3818,XAUUSD,sell,in,0.02,4077.46,3824,-0.07,0.00,0.00,2 608.23,
2025.10.27 03:54:27,3819,XAUUSD,buy,out,0.02,4077.47,3825,-0.07,0.00,-0.02,2 608.14,sl 4077.45
2025.10.27 04:31:43,3820,XAUUSD,sell,in,0.02,4089.06,3826,-0.07,0.00,0.00,2 608.07,
2025.10.27 04:32:01,3821,XAUUSD,buy,out,0.02,4086.88,3827,-0.07,0.00,4.36,2 612.36,sl 4086.83
2025.10.27 04:55:45,3822,XAUUSD,sell,in,0.02,4085.19,3828,-0.07,0.00,0.00,2 612.29,
2025.10.27 04:56:06,3823,XAUUSD,buy,out,0.02,4085.00,3829,-0.07,0.00,0.38,2 612.60,sl 4084.99
2025.10.27 05:19:54,3824,XAUUSD,sell,in,0.02,4075.06,3830,-0.07,0.00,0.00,2 612.53,
2025.10.27 05:21:28,3825,XAUUSD,buy,out,0.02,4072.66,3831,-0.07,0.00,4.80,2 617.26,sl 4072.59
2025.10.27 05:43:58,3826,XAUUSD,sell,in,0.02,4077.82,3832,-0.07,0.00,0.00,2 617.19,
2025.10.27 05:44:21,3827,XAUUSD,buy,out,0.02,4077.71,3833,-0.07,0.00,0.22,2 617.34,sl 4077.68
2025.10.27 06:08:01,3828,XAUUSD,sell,in,0.02,4073.16,3834,-0.07,0.00,0.00,2 617.27,
2025.10.27 06:16:24,3829,XAUUSD,buy,out,0.02,4072.44,3835,-0.07,0.00,1.44,2 618.64,sl 4072.44
2025.10.27 06:32:09,3830,XAUUSD,sell,in,0.02,4076.81,3836,-0.07,0.00,0.00,2 618.57,
2025.10.27 06:32:30,3831,XAUUSD,buy,out,0.02,4076.74,3837,-0.07,0.00,0.14,2 618.64,sl 4076.67
2025.10.27 06:56:10,3832,XAUUSD,sell,in,0.02,4071.70,3838,-0.07,0.00,0.00,2 618.57,
2025.10.27 06:57:43,3833,XAUUSD,buy,out,0.02,4071.46,3839,-0.07,0.00,0.48,2 618.98,sl 4071.46
2025.10.27 07:20:13,3834,XAUUSD,sell,in,0.02,4060.75,3840,-0.07,0.00,0.00,2 618.91,
2025.10.27 07:31:33,3835,XAUUSD,buy,out,0.02,4059.83,3841,-0.07,0.00,1.84,2 620.68,sl 4059.82
2025.10.27 07:44:22,3836,XAUUSD,sell,in,0.02,4059.67,3842,-0.07,0.00,0.00,2 620.61,
2025.10.27 09:22:26,3837,XAUUSD,buy,in,0.18,4080.32,3843,-0.63,0.00,0.00,2 619.98,
2025.10.27 09:24:04,3838,XAUUSD,sell,out,0.18,4080.17,3844,-0.63,0.00,-2.70,2 616.65,sl 4080.37
2025.10.27 11:24:08,3839,XAUUSD,buy,out,0.02,4058.47,3845,-0.07,0.00,2.40,2 618.98,sl 4058.47
2025.10.29 12:51:16,3840,XAUUSD,buy,in,0.02,4029.33,3846,-0.07,0.00,0.00,2 618.91,
2025.10.29 14:29:23,3841,XAUUSD,sell,in,0.18,4019.01,3847,-0.63,0.00,0.00,2 618.28,
2025.10.29 14:29:47,3842,XAUUSD,buy,out,0.18,4018.94,3848,-0.63,0.00,1.26,2 618.91,sl 4018.93
2025.10.29 15:15:23,3843,XAUUSD,sell,out,0.02,4029.51,3849,-0.07,0.00,0.36,2 619.20,sl 4029.54
2025.10.29 21:35:39,3844,XAUUSD,sell,in,0.02,3964.20,3850,-0.07,0.00,0.00,2 619.13,
2025.10.29 21:36:33,3845,XAUUSD,buy,out,0.02,3964.10,3851,-0.07,0.00,0.20,2 619.26,sl 3964.10
2025.10.29 21:59:51,3846,XAUUSD,sell,in,0.02,3969.95,3852,-0.07,0.00,0.00,2 619.19,
2025.10.29 22:00:01,3847,XAUUSD,buy,out,0.02,3969.92,3853,-0.07,0.00,0.06,2 619.18,sl 3969.92
2025.10.29 22:24:04,3848,XAUUSD,sell,in,0.02,3960.97,3854,-0.07,0.00,0.00,2 619.11,
2025.10.29 22:24:14,3849,XAUUSD,buy,out,0.02,3959.95,3855,-0.07,0.00,2.04,2 621.08,sl 3959.90
2025.10.29 22:48:06,3850,XAUUSD,sell,in,0.02,3938.61,3856,-0.07,0.00,0.00,2 621.01,
2025.10.29 22:48:12,3851,XAUUSD,buy,out,0.02,3938.47,3857,-0.07,0.00,0.28,2 621.22,sl 3938.42
2025.10.29 23:12:07,3852,XAUUSD,sell,in,0.02,3941.97,3858,-0.07,0.00,0.00,2 621.15,
2025.10.29 23:13:11,3853,XAUUSD,buy,out,0.02,3941.95,3859,-0.07,0.00,0.04,2 621.12,sl 3941.94
2025.10.29 23:36:10,3854,XAUUSD,sell,in,0.02,3945.96,3860,-0.07,0.00,0.00,2 621.05,
2025.10.29 23:37:05,3855,XAUUSD,buy,out,0.02,3944.54,3861,-0.07,0.00,2.84,2 623.82,sl 3944.54
2025.10.30 01:02:01,3856,XAUUSD,sell,in,0.02,3926.81,3862,-0.07,0.00,0.00,2 623.75,
2025.10.30 01:03:00,3857,XAUUSD,buy,out,0.02,3926.08,3863,-0.07,0.00,1.46,2 625.14,sl 3926.03
2025.10.30 01:26:09,3858,XAUUSD,sell,in,0.02,3936.32,3864,-0.07,0.00,0.00,2 625.07,
2025.10.30 01:27:16,3859,XAUUSD,buy,out,0.02,3934.70,3865,-0.07,0.00,3.24,2 628.24,sl 3934.69
2025.10.30 01:50:15,3860,XAUUSD,sell,in,0.02,3945.21,3866,-0.07,0.00,0.00,2 628.17,
2025.10.30 01:53:09,3861,XAUUSD,buy,out,0.02,3943.71,3867,-0.07,0.00,3.00,2 631.10,sl 3943.69
2025.10.30 02:14:16,3862,XAUUSD,sell,in,0.02,3947.09,3868,-0.07,0.00,0.00,2 631.03,
2025.10.30 02:14:52,3863,XAUUSD,buy,out,0.02,3945.95,3869,-0.07,0.00,2.28,2 633.24,sl 3945.88
2025.10.30 02:38:19,3864,XAUUSD,sell,in,0.02,3947.70,3870,-0.07,0.00,0.00,2 633.17,
2025.10.30 02:43:06,3865,XAUUSD,buy,out,0.02,3946.42,3871,-0.07,0.00,2.56,2 635.66,sl 3946.37
2025.10.30 03:02:27,3866,XAUUSD,sell,in,0.02,3958.85,3872,-0.07,0.00,0.00,2 635.59,
2025.10.30 03:02:57,3867,XAUUSD,buy,out,0.02,3958.82,3873,-0.07,0.00,0.06,2 635.58,sl 3958.82
2025.10.30 03:26:32,3868,XAUUSD,sell,in,0.02,3957.20,3874,-0.07,0.00,0.00,2 635.51,
2025.10.30 03:27:18,3869,XAUUSD,buy,out,0.02,3956.73,3875,-0.07,0.00,0.94,2 636.38,sl 3956.56
2025.10.30 03:50:33,3870,XAUUSD,sell,in,0.02,3944.57,3876,-0.07,0.00,0.00,2 636.31,
2025.10.30 03:50:41,3871,XAUUSD,buy,out,0.02,3944.49,3877,-0.07,0.00,0.16,2 636.40,sl 3944.49
2025.10.30 04:14:34,3872,XAUUSD,sell,in,0.02,3949.36,3878,-0.07,0.00,0.00,2 636.33,
2025.10.30 04:15:20,3873,XAUUSD,buy,out,0.02,3948.89,3879,-0.07,0.00,0.94,2 637.20,sl 3948.71
2025.10.30 04:38:35,3874,XAUUSD,sell,in,0.02,3955.99,3880,-0.07,0.00,0.00,2 637.13,
2025.10.30 04:40:07,3875,XAUUSD,buy,out,0.02,3950.02,3881,-0.07,0.00,11.94,2 649.00,sl 3950.02
2025.10.30 05:02:52,3876,XAUUSD,sell,in,0.02,3941.65,3882,-0.07,0.00,0.00,2 648.93,
2025.10.30 05:03:38,3877,XAUUSD,buy,out,0.02,3941.46,3883,-0.07,0.00,0.38,2 649.24,sl 3941.46
2025.10.30 05:26:53,3878,XAUUSD,sell,in,0.02,3935.83,3884,-0.07,0.00,0.00,2 649.17,
2025.10.30 05:27:51,3879,XAUUSD,buy,out,0.02,3933.99,3885,-0.07,0.00,3.68,2 652.78,sl 3933.91
2025.10.30 05:50:56,3880,XAUUSD,sell,in,0.02,3930.75,3886,-0.07,0.00,0.00,2 652.71,
2025.10.30 05:51:30,3881,XAUUSD,buy,out,0.02,3930.13,3887,-0.07,0.00,1.24,2 653.88,sl 3930.12
2025.10.30 06:14:55,3882,XAUUSD,sell,in,0.02,3928.63,3888,-0.07,0.00,0.00,2 653.81,
2025.10.30 06:15:26,3883,XAUUSD,buy,out,0.02,3928.62,3889,-0.07,0.00,0.02,2 653.76,sl 3928.62
2025.10.30 06:39:07,3884,XAUUSD,sell,in,0.02,3936.65,3890,-0.07,0.00,0.00,2 653.69,
2025.10.30 06:40:56,3885,XAUUSD,buy,out,0.02,3935.71,3891,-0.07,0.00,1.88,2 655.50,sl 3935.70
2025.10.30 07:03:05,3886,XAUUSD,sell,in,0.02,3940.57,3892,-0.07,0.00,0.00,2 655.43,
2025.10.30 07:03:24,3887,XAUUSD,buy,out,0.02,3940.52,3893,-0.07,0.00,0.10,2 655.46,sl 3940.52
2025.10.30 07:27:09,3888,XAUUSD,sell,in,0.02,3953.63,3894,-0.07,0.00,0.00,2 655.39,
2025.10.30 08:25:47,3889,XAUUSD,buy,out,0.02,3953.62,3895,-0.07,0.00,0.02,2 655.34,sl 3953.61
2025.10.30 08:25:54,3890,XAUUSD,sell,in,0.02,3954.20,3896,-0.07,0.00,0.00,2 655.27,
2025.10.30 08:26:44,3891,XAUUSD,buy,out,0.02,3951.71,3897,-0.07,0.00,4.98,2 660.18,sl 3951.69
2025.10.30 09:11:32,3892,XAUUSD,sell,in,0.02,3960.64,3898,-0.07,0.00,0.00,2 660.11,
2025.10.30 09:11:50,3893,XAUUSD,buy,out,0.02,3960.62,3899,-0.07,0.00,0.04,2 660.08,sl 3960.62
2025.10.30 09:36:25,3894,XAUUSD,sell,in,0.02,3959.78,3900,-0.07,0.00,0.00,2 660.01,
2025.10.30 09:36:48,3895,XAUUSD,buy,out,0.02,3959.14,3901,-0.07,0.00,1.28,2 661.22,sl 3959.09
2025.10.30 10:35:31,3896,XAUUSD,sell,in,0.02,3959.26,3902,-0.07,0.00,0.00,2 661.15,
2025.10.30 10:52:23,3897,XAUUSD,buy,out,0.02,3958.74,3903,-0.07,0.00,1.04,2 662.12,sl 3958.71
2025.10.30 10:59:36,3898,XAUUSD,sell,in,0.02,3959.39,3904,-0.07,0.00,0.00,2 662.05,
2025.10.30 12:21:09,3899,XAUUSD,buy,out,0.02,4007.96,3905,-0.07,0.00,-97.14,2 564.84,
2025.10.30 17:09:33,3900,XAUUSD,buy,in,0.02,4013.76,3906,-0.07,0.00,0.00,2 564.77,
2025.10.30 17:10:38,3901,XAUUSD,sell,out,0.02,4013.90,3907,-0.07,0.00,0.28,2 564.98,sl 4013.91
2025.10.30 20:46:59,3902,XAUUSD,buy,in,0.02,4016.30,3908,-0.07,0.00,0.00,2 564.91,
2025.10.30 20:47:46,3903,XAUUSD,sell,out,0.02,4016.58,3909,-0.07,0.00,0.56,2 565.40,sl 4016.62
2025.10.30 21:30:52,3904,XAUUSD,buy,in,0.02,4015.48,3910,-0.07,0.00,0.00,2 565.33,
2025.10.30 21:31:25,3905,XAUUSD,sell,out,0.02,4015.49,3911,-0.07,0.00,0.02,2 565.28,sl 4015.50
2025.10.30 21:54:55,3906,XAUUSD,buy,in,0.02,4015.21,3912,-0.07,0.00,0.00,2 565.21,
2025.10.30 21:55:09,3907,XAUUSD,sell,out,0.02,4015.23,3913,-0.07,0.00,0.04,2 565.18,sl 4015.23
2025.10.30 22:19:00,3908,XAUUSD,buy,in,0.02,4024.89,3914,-0.07,0.00,0.00,2 565.11,
2025.10.30 22:31:43,3909,XAUUSD,sell,out,0.02,4024.88,3915,-0.07,0.00,-0.02,2 565.02,sl 4024.96
2025.10.30 22:43:05,3910,XAUUSD,buy,in,0.02,4022.10,3916,-0.07,0.00,0.00,2 564.95,
2025.10.30 22:43:53,3911,XAUUSD,sell,out,0.02,4023.52,3917,-0.07,0.00,2.84,2 567.72,sl 4023.53
2025.10.30 23:07:04,3912,XAUUSD,buy,in,0.02,4024.07,3918,-0.07,0.00,0.00,2 567.65,
2025.10.30 23:07:41,3913,XAUUSD,sell,out,0.02,4024.21,3919,-0.07,0.00,0.28,2 567.86,sl 4024.21
2025.10.30 23:31:11,3914,XAUUSD,buy,in,0.02,4019.44,3920,-0.07,0.00,0.00,2 567.79,
2025.10.30 23:42:52,3915,XAUUSD,sell,out,0.02,4019.42,3921,-0.07,0.00,-0.04,2 567.68,sl 4019.49
2025.10.30 23:55:18,3916,XAUUSD,buy,in,0.02,4025.34,3922,-0.07,0.00,0.00,2 567.61,
2025.10.30 23:55:59,3917,XAUUSD,sell,out,0.02,4026.16,3923,-0.07,0.00,1.64,2 569.18,sl 4026.23
2025.10.31 01:02:00,3918,XAUUSD,buy,in,0.02,4023.46,3924,-0.07,0.00,0.00,2 569.11,
2025.10.31 01:33:02,3919,XAUUSD,sell,out,0.02,4023.49,3925,-0.07,0.00,0.06,2 569.10,sl 4023.64
2025.10.31 01:33:06,3920,XAUUSD,buy,in,0.02,4023.47,3926,-0.07,0.00,0.00,2 569.03,
2025.10.31 01:34:05,3921,XAUUSD,sell,out,0.02,4026.47,3927,-0.07,0.00,6.00,2 574.96,sl 4026.74
2025.10.31 01:57:08,3922,XAUUSD,buy,in,0.02,4040.63,3928,-0.07,0.00,0.00,2 574.89,
2025.10.31 02:50:48,3923,XAUUSD,sell,out,0.02,4041.22,3929,-0.07,0.00,1.18,2 576.00,sl 4041.22
2025.10.31 02:50:54,3924,XAUUSD,buy,in,0.02,4041.28,3930,-0.07,0.00,0.00,2 575.93,
2025.10.31 02:55:34,3925,XAUUSD,sell,out,0.02,4041.41,3931,-0.07,0.00,0.26,2 576.12,sl 4041.46
2025.10.31 03:15:09,3926,XAUUSD,buy,in,0.02,4031.86,3932,-0.07,0.00,0.00,2 576.05,
2025.10.31 03:16:28,3927,XAUUSD,sell,out,0.02,4032.92,3933,-0.07,0.00,2.12,2 578.10,sl 4032.96
2025.10.31 03:39:16,3928,XAUUSD,buy,in,0.02,4026.86,3934,-0.07,0.00,0.00,2 578.03,
2025.10.31 03:39:50,3929,XAUUSD,sell,out,0.02,4027.00,3935,-0.07,0.00,0.28,2 578.24,sl 4027.09
2025.10.31 04:03:19,3930,XAUUSD,buy,in,0.02,4022.80,3936,-0.07,0.00,0.00,2 578.17,
2025.10.31 04:03:28,3931,XAUUSD,sell,out,0.02,4022.97,3937,-0.07,0.00,0.34,2 578.44,sl 4022.97
2025.10.31 04:27:23,3932,XAUUSD,buy,in,0.02,4031.69,3938,-0.07,0.00,0.00,2 578.37,
2025.10.31 04:29:17,3933,XAUUSD,sell,out,0.02,4032.53,3939,-0.07,0.00,1.68,2 579.98,sl 4032.80
2025.10.31 04:51:23,3934,XAUUSD,buy,in,0.02,4024.38,3940,-0.07,0.00,0.00,2 579.91,
2025.10.31 04:51:35,3935,XAUUSD,sell,out,0.02,4024.66,3941,-0.07,0.00,0.56,2 580.40,sl 4024.68
2025.10.31 10:32:02,3936,XAUUSD,buy,in,0.02,4024.34,3942,-0.07,0.00,0.00,2 580.33,
2025.10.31 10:32:28,3937,XAUUSD,sell,out,0.02,4024.57,3943,-0.07,0.00,0.46,2 580.72,sl 4024.57
2025.10.31 11:05:49,3938,XAUUSD,buy,in,0.02,4025.20,3944,-0.07,0.00,0.00,2 580.65,
2025.10.31 11:07:08,3939,XAUUSD,sell,out,0.02,4025.53,3945,-0.07,0.00,0.66,2 581.24,sl 4025.56
2025.10.31 11:42:11,3940,XAUUSD,buy,in,0.02,4025.28,3946,-0.07,0.00,0.00,2 581.17,
2025.10.31 11:42:41,3941,XAUUSD,sell,out,0.02,4025.42,3947,-0.07,0.00,0.28,2 581.38,sl 4025.42
2025.10.31 15:39:22,3942,XAUUSD,buy,in,0.02,4026.03,3948,-0.07,0.00,0.00,2 581.31,
2025.10.31 15:39:32,3943,XAUUSD,sell,out,0.02,4026.11,3949,-0.07,0.00,0.16,2 581.40,sl 4026.11
2025.10.31 16:03:25,3944,XAUUSD,buy,in,0.02,4027.41,3950,-0.07,0.00,0.00,2 581.33,
2025.10.31 16:08:58,3945,XAUUSD,sell,out,0.02,4028.47,3951,-0.07,0.00,2.12,2 583.38,sl 4028.53
2025.10.31 16:27:30,3946,XAUUSD,buy,in,0.02,4030.23,3952,-0.07,0.00,0.00,2 583.31,
2025.10.31 18:05:35,3947,XAUUSD,sell,in,0.18,4011.99,3953,-0.63,0.00,0.00,2 582.68,
2025.10.31 18:05:53,3948,XAUUSD,buy,out,0.18,4011.88,3954,-0.63,0.00,1.98,2 584.03,sl 4011.87
2025.10.31 19:09:36,3949,XAUUSD,sell,out,0.02,3999.90,3955,-0.07,0.00,-60.66,2 523.30,
2025.10.31 19:15:54,3950,XAUUSD,sell,in,0.02,3978.77,3956,-0.07,0.00,0.00,2 523.23,
2025.10.31 19:16:04,3951,XAUUSD,buy,out,0.02,3978.70,3957,-0.07,0.00,0.14,2 523.30,sl 3978.63
2025.11.03 02:14:15,3952,XAUUSD,sell,in,0.02,3973.03,3958,-0.07,0.00,0.00,2 523.23,
2025.11.03 02:15:02,3953,XAUUSD,buy,out,0.02,3968.77,3959,-0.07,0.00,8.52,2 531.68,sl 3968.76
2025.11.03 02:38:20,3954,XAUUSD,sell,in,0.02,3971.93,3960,-0.07,0.00,0.00,2 531.61,
2025.11.03 02:55:04,3955,XAUUSD,buy,out,0.02,3969.01,3961,-0.07,0.00,5.84,2 537.38,sl 3968.96
2025.11.03 03:02:20,3956,XAUUSD,sell,in,0.02,3966.79,3962,-0.07,0.00,0.00,2 537.31,
2025.11.03 03:27:31,3957,XAUUSD,buy,out,0.02,3998.20,3963,-0.07,0.00,-62.82,2 474.42,
2025.11.04 07:45:28,3958,XAUUSD,sell,in,0.02,3974.46,3964,-0.07,0.00,0.00,2 474.35,
2025.11.04 07:58:43,3959,XAUUSD,buy,out,0.02,3974.44,3965,-0.07,0.00,0.04,2 474.32,sl 3974.22
2025.11.04 08:09:28,3960,XAUUSD,sell,in,0.02,3972.79,3966,-0.07,0.00,0.00,2 474.25,
2025.11.04 08:09:47,3961,XAUUSD,buy,out,0.02,3972.76,3967,-0.07,0.00,0.06,2 474.24,sl 3972.74
2025.11.04 16:01:15,3962,XAUUSD,sell,in,0.02,3970.37,3968,-0.07,0.00,0.00,2 474.17,
2025.11.04 16:04:01,3963,XAUUSD,buy,out,0.02,3969.30,3969,-0.07,0.00,2.14,2 476.24,sl 3969.24
2025.11.04 16:25:21,3964,XAUUSD,sell,in,0.02,3967.42,3970,-0.07,0.00,0.00,2 476.17,
2025.11.04 16:29:37,3965,XAUUSD,buy,out,0.02,3954.63,3971,-0.07,0.00,25.58,2 501.68,sl 3954.56
2025.11.04 16:49:27,3966,XAUUSD,sell,in,0.02,3937.60,3972,-0.07,0.00,0.00,2 501.61,
2025.11.04 18:27:31,3967,XAUUSD,buy,in,0.18,3973.37,3973,-0.63,0.00,0.00,2 500.98,
2025.11.04 18:27:52,3968,XAUUSD,sell,out,0.18,3973.39,3974,-0.63,0.00,0.36,2 500.71,sl 3973.39
2025.11.04 20:36:49,3969,XAUUSD,buy,out,0.02,3936.32,3975,-0.07,0.00,2.56,2 503.20,sl 3936.27
2025.11.06 09:20:50,3970,XAUUSD,buy,in,0.02,4008.24,3976,-0.07,0.00,0.00,2 503.13,
2025.11.06 09:21:21,3971,XAUUSD,sell,out,0.02,4008.33,3977,-0.07,0.00,0.18,2 503.24,sl 4008.34
2025.11.06 09:47:49,3972,XAUUSD,buy,in,0.02,4008.54,3978,-0.07,0.00,0.00,2 503.17,
2025.11.06 10:15:07,3973,XAUUSD,sell,out,0.02,4009.00,3979,-0.07,0.00,0.92,2 504.02,sl 4009.01
2025.11.06 10:15:14,3974,XAUUSD,buy,in,0.02,4010.18,3980,-0.07,0.00,0.00,2 503.95,
2025.11.06 10:18:04,3975,XAUUSD,sell,out,0.02,4012.92,3981,-0.07,0.00,5.48,2 509.36,sl 4012.92
2025.11.06 10:39:21,3976,XAUUSD,buy,in,0.02,4013.73,3982,-0.07,0.00,0.00,2 509.29,
2025.11.06 10:58:07,3977,XAUUSD,sell,out,0.02,4015.20,3983,-0.07,0.00,2.94,2 512.16,sl 4015.23
2025.11.06 11:03:26,3978,XAUUSD,buy,in,0.02,4013.40,3984,-0.07,0.00,0.00,2 512.09,
2025.11.06 11:05:16,3979,XAUUSD,sell,out,0.02,4013.42,3985,-0.07,0.00,0.04,2 512.06,sl 4013.44
2025.11.06 11:27:34,3980,XAUUSD,buy,in,0.02,4012.37,3986,-0.07,0.00,0.00,2 511.99,
2025.11.06 11:29:18,3981,XAUUSD,sell,out,0.02,4012.81,3987,-0.07,0.00,0.88,2 512.80,sl 4012.81
2025.11.06 11:51:41,3982,XAUUSD,buy,in,0.02,4011.64,3988,-0.07,0.00,0.00,2 512.73,
2025.11.06 13:29:44,3983,XAUUSD,sell,in,0.18,4009.96,3989,-0.63,0.00,0.00,2 512.10,
2025.11.06 13:33:56,3984,XAUUSD,sell,out,0.02,4012.28,3990,-0.07,0.00,1.28,2 513.31,sl 4012.28
2025.11.06 14:38:02,3985,XAUUSD,buy,out,0.18,4009.42,3991,-0.63,0.00,9.72,2 522.40,sl 4009.35
2025.11.07 18:35:39,3986,XAUUSD,buy,in,0.02,4019.68,3992,-0.07,0.00,0.00,2 522.33,
2025.11.07 18:36:27,3987,XAUUSD,sell,out,0.02,4021.22,3993,-0.07,0.00,3.08,2 525.34,sl 4021.22
2025.11.10 02:47:59,3988,XAUUSD,buy,in,0.02,4023.63,3994,-0.07,0.00,0.00,2 525.27,
2025.11.10 03:10:40,3989,XAUUSD,sell,out,0.02,4023.60,3995,-0.07,0.00,-0.06,2 525.14,sl 4023.67
2025.11.10 03:12:02,3990,XAUUSD,buy,in,0.02,4028.16,3996,-0.07,0.00,0.00,2 525.07,
2025.11.10 03:12:17,3991,XAUUSD,sell,out,0.02,4028.35,3997,-0.07,0.00,0.38,2 525.38,sl 4028.37
2025.11.10 03:36:07,3992,XAUUSD,buy,in,0.02,4051.89,3998,-0.07,0.00,0.00,2 525.31,
2025.11.10 03:36:51,3993,XAUUSD,sell,out,0.02,4052.03,3999,-0.07,0.00,0.28,2 525.52,sl 4052.05
2025.11.10 04:00:14,3994,XAUUSD,buy,in,0.02,4043.20,4000,-0.07,0.00,0.00,2 525.45,
2025.11.10 04:00:33,3995,XAUUSD,sell,out,0.02,4043.19,4001,-0.07,0.00,-0.02,2 525.36,sl 4043.22
2025.11.10 04:24:19,3996,XAUUSD,buy,in,0.02,4044.37,4002,-0.07,0.00,0.00,2 525.29,
2025.11.10 04:37:34,3997,XAUUSD,sell,out,0.02,4044.42,4003,-0.07,0.00,0.10,2 525.32,sl 4044.42
2025.11.10 04:48:20,3998,XAUUSD,buy,in,0.02,4044.80,4004,-0.07,0.00,0.00,2 525.25,
2025.11.10 04:49:47,3999,XAUUSD,sell,out,0.02,4044.91,4005,-0.07,0.00,0.22,2 525.40,sl 4044.92
2025.11.10 05:12:24,4000,XAUUSD,buy,in,0.02,4046.53,4006,-0.07,0.00,0.00,2 525.33,
2025.11.10 05:21:28,4001,XAUUSD,sell,out,0.02,4048.91,4007,-0.07,0.00,4.76,2 530.02,sl 4048.92
2025.11.10 05:36:30,4002,XAUUSD,buy,in,0.02,4051.21,4008,-0.07,0.00,0.00,2 529.95,
2025.11.10 05:40:42,4003,XAUUSD,sell,out,0.02,4052.04,4009,-0.07,0.00,1.66,2 531.54,sl 4052.12
2025.11.10 06:00:32,4004,XAUUSD,buy,in,0.02,4051.54,4010,-0.07,0.00,0.00,2 531.47,
2025.11.10 06:01:39,4005,XAUUSD,sell,out,0.02,4051.67,4011,-0.07,0.00,0.26,2 531.66,sl 4051.70
2025.11.10 06:24:34,4006,XAUUSD,buy,in,0.02,4056.39,4012,-0.07,0.00,0.00,2 531.59,
2025.11.10 07:31:03,4007,XAUUSD,sell,out,0.02,4058.97,4013,-0.07,0.00,5.16,2 536.68,sl 4059.01
2025.11.10 07:31:11,4008,XAUUSD,buy,in,0.02,4059.62,4014,-0.07,0.00,0.00,2 536.61,
2025.11.10 07:31:39,4009,XAUUSD,sell,out,0.02,4059.71,4015,-0.07,0.00,0.18,2 536.72,sl 4059.78
2025.11.10 07:55:18,4010,XAUUSD,buy,in,0.02,4067.61,4016,-0.07,0.00,0.00,2 536.65,
2025.11.10 07:56:23,4011,XAUUSD,sell,out,0.02,4068.74,4017,-0.07,0.00,2.26,2 538.84,sl 4068.74
2025.11.10 08:19:23,4012,XAUUSD,buy,in,0.02,4071.01,4018,-0.07,0.00,0.00,2 538.77,
2025.11.10 08:23:48,4013,XAUUSD,sell,out,0.02,4071.50,4019,-0.07,0.00,0.98,2 539.68,sl 4071.51
2025.11.10 08:43:28,4014,XAUUSD,buy,in,0.02,4071.80,4020,-0.07,0.00,0.00,2 539.61,
2025.11.10 08:45:04,4015,XAUUSD,sell,out,0.02,4073.16,4021,-0.07,0.00,2.72,2 542.26,sl 4073.24
2025.11.10 09:07:32,4016,XAUUSD,buy,in,0.02,4074.75,4022,-0.07,0.00,0.00,2 542.19,
2025.11.10 09:07:37,4017,XAUUSD,sell,out,0.02,4074.78,4023,-0.07,0.00,0.06,2 542.18,sl 4074.87
2025.11.10 09:31:31,4018,XAUUSD,buy,in,0.02,4077.97,4024,-0.07,0.00,0.00,2 542.11,
2025.11.10 09:32:34,4019,XAUUSD,sell,out,0.02,4077.91,4025,-0.07,0.00,-0.12,2 541.92,sl 4078.02
2025.11.10 09:55:38,4020,XAUUSD,buy,in,0.02,4075.74,4026,-0.07,0.00,0.00,2 541.85,
2025.11.10 10:00:07,4021,XAUUSD,sell,out,0.02,4075.68,4027,-0.07,0.00,-0.12,2 541.66,sl 4075.80
2025.11.10 10:19:50,4022,XAUUSD,buy,in,0.02,4076.51,4028,-0.07,0.00,0.00,2 541.59,
2025.11.10 10:21:20,4023,XAUUSD,sell,out,0.02,4077.72,4029,-0.07,0.00,2.42,2 543.94,sl 4077.75
2025.11.10 10:43:53,4024,XAUUSD,buy,in,0.02,4080.78,4030,-0.07,0.00,0.00,2 543.87,
2025.11.10 10:47:19,4025,XAUUSD,sell,out,0.02,4080.91,4031,-0.07,0.00,0.26,2 544.06,sl 4080.97
2025.11.10 11:07:53,4026,XAUUSD,buy,in,0.02,4080.18,4032,-0.07,0.00,0.00,2 543.99,
2025.11.10 11:08:43,4027,XAUUSD,sell,out,0.02,4080.21,4033,-0.07,0.00,0.06,2 543.98,sl 4080.24
2025.11.10 11:32:01,4028,XAUUSD,buy,in,0.02,4078.67,4034,-0.07,0.00,0.00,2 543.91,
2025.11.10 11:33:14,4029,XAUUSD,sell,out,0.02,4079.50,4035,-0.07,0.00,1.66,2 545.50,sl 4079.52
2025.11.10 11:56:03,4030,XAUUSD,buy,in,0.02,4080.01,4036,-0.07,0.00,0.00,2 545.43,
2025.11.10 12:04:02,4031,XAUUSD,sell,out,0.02,4080.20,4037,-0.07,0.00,0.38,2 545.74,sl 4080.27
2025.11.10 12:20:06,4032,XAUUSD,buy,in,0.02,4082.14,4038,-0.07,0.00,0.00,2 545.67,
2025.11.10 12:41:31,4033,XAUUSD,sell,out,0.02,4082.78,4039,-0.07,0.00,1.28,2 546.88,sl 4083.01
2025.11.10 12:44:13,4034,XAUUSD,buy,in,0.02,4079.86,4040,-0.07,0.00,0.00,2 546.81,
2025.11.10 12:58:53,4035,XAUUSD,sell,out,0.02,4080.11,4041,-0.07,0.00,0.50,2 547.24,sl 4080.11
2025.11.10 13:08:19,4036,XAUUSD,buy,in,0.02,4077.74,4042,-0.07,0.00,0.00,2 547.17,
2025.11.10 13:08:51,4037,XAUUSD,sell,out,0.02,4078.73,4043,-0.07,0.00,1.98,2 549.08,sl 4078.77
2025.11.10 13:32:20,4038,XAUUSD,buy,in,0.02,4079.92,4044,-0.07,0.00,0.00,2 549.01,
2025.11.10 13:38:55,4039,XAUUSD,sell,out,0.02,4081.84,4045,-0.07,0.00,3.84,2 552.78,sl 4081.88
2025.11.10 13:56:26,4040,XAUUSD,buy,in,0.02,4081.93,4046,-0.07,0.00,0.00,2 552.71,
2025.11.10 13:57:23,4041,XAUUSD,sell,out,0.02,4082.36,4047,-0.07,0.00,0.86,2 553.50,sl 4082.41
2025.11.10 14:20:31,4042,XAUUSD,buy,in,0.02,4093.55,4048,-0.07,0.00,0.00,2 553.43,
2025.11.10 14:21:00,4043,XAUUSD,sell,out,0.02,4093.59,4049,-0.07,0.00,0.08,2 553.44,sl 4093.59
2025.11.10 14:44:33,4044,XAUUSD,buy,in,0.02,4094.67,4050,-0.07,0.00,0.00,2 553.37,
2025.11.10 14:44:59,4045,XAUUSD,sell,out,0.02,4094.67,4051,-0.07,0.00,0.00,2 553.30,sl 4094.69
2025.11.10 15:08:35,4046,XAUUSD,buy,in,0.02,4102.60,4052,-0.07,0.00,0.00,2 553.23,
2025.11.10 15:09:01,4047,XAUUSD,sell,out,0.02,4103.47,4053,-0.07,0.00,1.74,2 554.90,sl 4103.48
2025.11.10 15:32:43,4048,XAUUSD,buy,in,0.02,4102.23,4054,-0.07,0.00,0.00,2 554.83,
2025.11.10 17:10:45,4049,XAUUSD,sell,in,0.18,4091.23,4055,-0.63,0.00,0.00,2 554.20,
2025.11.10 17:11:34,4050,XAUUSD,buy,out,0.18,4091.22,4056,-0.63,0.00,0.18,2 553.75,sl 4091.20
2025.11.10 20:00:14,4051,XAUUSD,sell,out,0.02,4102.23,4057,-0.07,0.00,0.00,2 553.68,sl 4102.26
2025.11.14 03:54:30,4052,XAUUSD,buy,in,0.02,4191.46,4058,-0.07,0.00,0.00,2 553.61,
2025.11.14 03:54:55,4053,XAUUSD,sell,out,0.02,4191.44,4059,-0.07,0.00,-0.04,2 553.50,sl 4191.48
2025.11.14 04:18:31,4054,XAUUSD,buy,in,0.02,4193.42,4060,-0.07,0.00,0.00,2 553.43,
2025.11.14 04:19:37,4055,XAUUSD,sell,out,0.02,4193.82,4061,-0.07,0.00,0.80,2 554.16,sl 4193.84
2025.11.14 04:42:34,4056,XAUUSD,buy,in,0.02,4203.34,4062,-0.07,0.00,0.00,2 554.09,
2025.11.14 04:43:59,4057,XAUUSD,sell,out,0.02,4203.45,4063,-0.07,0.00,0.22,2 554.24,sl 4203.48
2025.11.14 05:06:36,4058,XAUUSD,buy,in,0.02,4203.65,4064,-0.07,0.00,0.00,2 554.17,
2025.11.14 05:07:50,4059,XAUUSD,sell,out,0.02,4206.45,4065,-0.07,0.00,5.60,2 559.70,sl 4206.46
2025.11.14 05:30:38,4060,XAUUSD,buy,in,0.02,4210.68,4066,-0.07,0.00,0.00,2 559.63,
2025.11.14 05:30:47,4061,XAUUSD,sell,out,0.02,4210.71,4067,-0.07,0.00,0.06,2 559.62,sl 4210.74
2025.11.14 05:54:40,4062,XAUUSD,buy,in,0.02,4201.96,4068,-0.07,0.00,0.00,2 559.55,
2025.11.14 05:55:07,4063,XAUUSD,sell,out,0.02,4202.89,4069,-0.07,0.00,1.86,2 561.34,sl 4202.89
2025.11.14 06:18:46,4064,XAUUSD,buy,in,0.02,4200.46,4070,-0.07,0.00,0.00,2 561.27,
2025.11.14 06:33:26,4065,XAUUSD,sell,out,0.02,4201.24,4071,-0.07,0.00,1.56,2 562.76,sl 4201.26
2025.11.14 06:42:46,4066,XAUUSD,buy,in,0.02,4202.20,4072,-0.07,0.00,0.00,2 562.69,
2025.11.14 06:44:15,4067,XAUUSD,sell,out,0.02,4202.40,4073,-0.07,0.00,0.40,2 563.02,sl 4202.49
2025.11.14 07:06:52,4068,XAUUSD,buy,in,0.02,4198.71,4074,-0.07,0.00,0.00,2 562.95,
2025.11.14 07:08:22,4069,XAUUSD,sell,out,0.02,4198.76,4075,-0.07,0.00,0.10,2 562.98,sl 4198.77
2025.11.14 07:40:55,4070,XAUUSD,buy,in,0.02,4195.84,4076,-0.07,0.00,0.00,2 562.91,
2025.11.14 07:42:00,4071,XAUUSD,sell,out,0.02,4196.12,4077,-0.07,0.00,0.56,2 563.40,sl 4196.12
2025.11.14 13:54:52,4072,XAUUSD,sell,in,0.02,4136.76,4078,-0.07,0.00,0.00,2 563.33,
2025.11.14 13:56:40,4073,XAUUSD,buy,out,0.02,4132.55,4079,-0.07,0.00,8.42,2 571.68,sl 4132.48
2025.11.14 14:18:58,4074,XAUUSD,sell,in,0.02,4120.29,4080,-0.07,0.00,0.00,2 571.61,
2025.11.14 14:19:05,4075,XAUUSD,buy,out,0.02,4119.79,4081,-0.07,0.00,1.00,2 572.54,sl 4119.76
2025.11.14 14:42:59,4076,XAUUSD,sell,in,0.02,4111.94,4082,-0.07,0.00,0.00,2 572.47,
2025.11.14 14:43:24,4077,XAUUSD,buy,out,0.02,4111.56,4083,-0.07,0.00,0.76,2 573.16,sl 4111.47
2025.11.14 15:07:07,4078,XAUUSD,sell,in,0.02,4108.02,4084,-0.07,0.00,0.00,2 573.09,
2025.11.14 15:08:57,4079,XAUUSD,buy,out,0.02,4106.56,4085,-0.07,0.00,2.92,2 575.94,sl 4106.54
2025.11.14 15:31:07,4080,XAUUSD,sell,in,0.02,4059.43,4086,-0.07,0.00,0.00,2 575.87,
2025.11.14 15:31:42,4081,XAUUSD,buy,out,0.02,4058.73,4087,-0.07,0.00,1.40,2 577.20,sl 4058.59
2025.11.14 15:55:11,4082,XAUUSD,sell,in,0.02,4050.59,4089,-0.07,0.00,0.00,2 577.13,
2025.11.14 16:01:27,4083,XAUUSD,buy,out,0.02,4045.60,4090,-0.07,0.00,9.98,2 587.04,sl 4045.60
2025.11.14 16:19:27,4084,XAUUSD,sell,in,0.02,4053.51,4091,-0.07,0.00,0.00,2 586.97,
2025.11.14 16:20:09,4085,XAUUSD,buy,out,0.02,4053.46,4092,-0.07,0.00,0.10,2 587.00,sl 4053.43
2025.11.14 16:43:35,4086,XAUUSD,sell,in,0.02,4066.78,4093,-0.07,0.00,0.00,2 586.93,
2025.11.14 16:49:45,4087,XAUUSD,buy,out,0.02,4066.73,4094,-0.07,0.00,0.10,2 586.96,sl 4066.73
2025.11.14 17:07:40,4088,XAUUSD,sell,in,0.02,4072.65,4095,-0.07,0.00,0.00,2 586.89,
2025.11.14 17:07:59,4089,XAUUSD,buy,out,0.02,4071.81,4096,-0.07,0.00,1.68,2 588.50,sl 4071.81
2025.11.14 17:31:43,4090,XAUUSD,sell,in,0.02,4074.78,4097,-0.07,0.00,0.00,2 588.43,
2025.11.14 17:44:50,4091,XAUUSD,buy,out,0.02,4073.39,4098,-0.07,0.00,2.78,2 591.14,sl 4073.39
2025.11.14 17:55:48,4092,XAUUSD,sell,in,0.02,4084.40,4099,-0.07,0.00,0.00,2 591.07,
2025.11.14 17:56:11,4093,XAUUSD,buy,out,0.02,4082.92,4100,-0.07,0.00,2.96,2 593.96,sl 4082.75
2025.11.14 18:19:49,4094,XAUUSD,sell,in,0.02,4095.38,4101,-0.07,0.00,0.00,2 593.89,
2025.11.14 19:28:24,4095,XAUUSD,buy,out,0.02,4095.19,4102,-0.07,0.00,0.38,2 594.20,sl 4095.19
2025.11.14 19:28:27,4096,XAUUSD,sell,in,0.02,4095.52,4103,-0.07,0.00,0.00,2 594.13,
2025.11.14 20:01:59,4097,XAUUSD,buy,out,0.02,4093.33,4104,-0.07,0.00,4.38,2 598.44,sl 4093.14
2025.11.14 20:02:17,4098,XAUUSD,sell,in,0.02,4091.09,4105,-0.07,0.00,0.00,2 598.37,
2025.11.14 20:04:08,4099,XAUUSD,buy,out,0.02,4087.57,4106,-0.07,0.00,7.04,2 605.34,sl 4087.49
2025.11.14 20:26:20,4100,XAUUSD,sell,in,0.02,4086.52,4107,-0.07,0.00,0.00,2 605.27,
2025.11.14 22:04:01,4101,XAUUSD,buy,out,0.02,4085.60,4108,-0.07,0.00,1.84,2 607.04,sl 4085.58
2025.11.14 22:04:02,4102,XAUUSD,sell,in,0.02,4085.53,4109,-0.07,0.00,0.00,2 606.97,
2025.11.14 22:04:23,4103,XAUUSD,buy,out,0.02,4084.58,4110,-0.07,0.00,1.90,2 608.80,sl 4084.50
2025.11.14 22:28:06,4104,XAUUSD,sell,in,0.02,4080.16,4111,-0.07,0.00,0.00,2 608.73,
2025.11.14 23:07:17,4105,XAUUSD,buy,out,0.02,4080.22,4112,-0.07,0.00,-0.12,2 608.54,sl 4080.11
2025.11.14 23:07:23,4106,XAUUSD,sell,in,0.02,4080.44,4113,-0.07,0.00,0.00,2 608.47,
2025.11.14 23:10:56,4107,XAUUSD,buy,out,0.02,4080.32,4114,-0.07,0.00,0.24,2 608.64,sl 4080.26
2025.11.14 23:31:37,4108,XAUUSD,sell,in,0.02,4081.45,4115,-0.07,0.00,0.00,2 608.57,
2025.11.14 23:35:54,4109,XAUUSD,buy,out,0.02,4081.13,4116,-0.07,0.00,0.64,2 609.14,sl 4081.11
2025.11.14 23:55:40,4110,XAUUSD,sell,in,0.02,4084.60,4117,-0.07,0.00,0.00,2 609.07,
2025.11.17 01:02:18,4111,XAUUSD,buy,out,0.02,4084.50,4118,-0.07,0.81,0.20,2 610.01,sl 4083.90
2025.11.18 17:51:07,4112,XAUUSD,sell,in,0.02,4050.20,4119,-0.07,0.00,0.00,2 609.94,
2025.11.18 18:03:08,4113,XAUUSD,buy,out,0.02,4042.85,4120,-0.07,0.00,14.70,2 624.57,sl 4042.85
2025.11.19 11:48:01,4114,XAUUSD,buy,in,0.02,4105.17,4121,-0.07,0.00,0.00,2 624.50,
2025.11.19 11:48:52,4115,XAUUSD,sell,out,0.02,4105.76,4122,-0.07,0.00,1.18,2 625.61,sl 4105.79
2025.11.19 12:12:05,4116,XAUUSD,buy,in,0.02,4109.48,4123,-0.07,0.00,0.00,2 625.54,
2025.11.19 12:13:23,4117,XAUUSD,sell,out,0.02,4112.78,4124,-0.07,0.00,6.60,2 632.07,sl 4112.80
2025.11.19 12:36:11,4118,XAUUSD,buy,in,0.02,4114.26,4125,-0.07,0.00,0.00,2 632.00,
2025.11.19 13:18:01,4119,XAUUSD,sell,out,0.02,4115.79,4126,-0.07,0.00,3.06,2 634.99,sl 4115.79
2025.11.19 13:18:03,4120,XAUUSD,buy,in,0.02,4115.66,4127,-0.07,0.00,0.00,2 634.92,
2025.11.19 13:20:08,4121,XAUUSD,sell,out,0.02,4116.73,4128,-0.07,0.00,2.14,2 636.99,sl 4116.91
2025.11.19 13:42:08,4122,XAUUSD,buy,in,0.02,4111.93,4129,-0.07,0.00,0.00,2 636.92,
2025.11.19 13:42:45,4123,XAUUSD,sell,out,0.02,4112.64,4130,-0.07,0.00,1.42,2 638.27,sl 4112.71
2025.11.19 14:06:13,4124,XAUUSD,buy,in,0.02,4115.44,4131,-0.07,0.00,0.00,2 638.20,
2025.11.19 14:09:40,4125,XAUUSD,sell,out,0.02,4117.05,4132,-0.07,0.00,3.22,2 641.35,sl 4117.10
2025.11.19 14:30:20,4126,XAUUSD,buy,in,0.02,4117.01,4133,-0.07,0.00,0.00,2 641.28,
2025.11.19 14:37:10,4127,XAUUSD,sell,out,0.02,4117.41,4134,-0.07,0.00,0.80,2 642.01,sl 4117.47
2025.11.19 14:54:38,4128,XAUUSD,buy,in,0.02,4114.25,4135,-0.07,0.00,0.00,2 641.94,
2025.11.19 14:55:08,4129,XAUUSD,sell,out,0.02,4114.96,4136,-0.07,0.00,1.42,2 643.29,sl 4114.97
2025.11.19 15:21:46,4130,XAUUSD,buy,in,0.02,4109.03,4137,-0.07,0.00,0.00,2 643.22,
2025.11.19 15:29:08,4131,XAUUSD,sell,out,0.02,4109.15,4138,-0.07,0.00,0.24,2 643.39,sl 4109.16
2025.11.19 15:46:01,4132,XAUUSD,buy,in,0.02,4116.89,4139,-0.07,0.00,0.00,2 643.32,
2025.11.19 15:46:33,4133,XAUUSD,sell,out,0.02,4117.18,4140,-0.07,0.00,0.58,2 643.83,sl 4117.20
2025.11.19 16:10:01,4134,XAUUSD,buy,in,0.02,4111.89,4141,-0.07,0.00,0.00,2 643.76,
2025.11.19 16:10:43,4135,XAUUSD,sell,out,0.02,4112.11,4142,-0.07,0.00,0.44,2 644.13,sl 4112.11
2025.11.19 16:34:06,4136,XAUUSD,buy,in,0.02,4112.61,4143,-0.07,0.00,0.00,2 644.06,
2025.11.19 16:34:29,4137,XAUUSD,sell,out,0.02,4112.86,4144,-0.07,0.00,0.50,2 644.49,sl 4112.89
2025.11.19 16:58:11,4138,XAUUSD,buy,in,0.02,4123.40,4145,-0.07,0.00,0.00,2 644.42,
2025.11.19 17:00:03,4139,XAUUSD,sell,out,0.02,4127.37,4146,-0.07,0.00,7.94,2 652.29,sl 4127.46
2025.11.19 17:22:23,4140,XAUUSD,buy,in,0.02,4126.31,4147,-0.07,0.00,0.00,2 652.22,
2025.11.19 17:23:00,4141,XAUUSD,sell,out,0.02,4126.34,4148,-0.07,0.00,0.06,2 652.21,sl 4126.38
2025.11.19 19:08:34,4142,XAUUSD,sell,in,0.02,4057.94,4149,-0.07,0.00,0.00,2 652.14,
2025.11.19 20:04:51,4143,XAUUSD,buy,out,0.02,4083.35,4150,-0.07,0.00,-50.82,2 601.25,
2025.11.20 04:17:17,4144,XAUUSD,sell,in,0.02,4054.01,4151,-0.07,0.00,0.00,2 601.18,
2025.11.20 04:18:32,4145,XAUUSD,buy,out,0.02,4053.81,4152,-0.07,0.00,0.40,2 601.51,sl 4053.80
2025.11.20 04:42:12,4146,XAUUSD,sell,in,0.02,4056.03,4153,-0.07,0.00,0.00,2 601.44,
2025.11.20 05:08:04,4147,XAUUSD,buy,out,0.02,4084.96,4154,-0.07,0.00,-57.86,2 543.51,
2025.11.20 10:03:51,4148,XAUUSD,sell,in,0.02,4053.30,4155,-0.07,0.00,0.00,2 543.44,
2025.11.20 10:05:01,4149,XAUUSD,buy,out,0.02,4050.27,4156,-0.07,0.00,6.06,2 549.43,sl 4050.25
2025.11.20 10:27:56,4150,XAUUSD,sell,in,0.02,4042.92,4157,-0.07,0.00,0.00,2 549.36,
2025.11.20 12:06:02,4151,XAUUSD,buy,in,0.18,4067.16,4158,-0.63,0.00,0.00,2 548.73,
2025.11.20 12:07:18,4152,XAUUSD,sell,out,0.18,4067.29,4159,-0.63,0.00,2.34,2 550.44,sl 4067.30
2025.11.20 14:20:46,4153,XAUUSD,buy,out,0.02,4079.20,4160,-0.07,0.00,-72.56,2 477.81,
2025.11.20 16:50:23,4154,XAUUSD,buy,in,0.02,4107.13,4161,-0.07,0.00,0.00,2 477.74,
2025.11.20 17:34:43,4155,XAUUSD,sell,out,0.02,4080.49,4162,-0.07,0.00,-53.28,2 424.39,
2025.11.20 18:58:06,4156,XAUUSD,sell,in,0.02,4050.87,4163,-0.07,0.00,0.00,2 424.32,
2025.11.20 18:58:56,4157,XAUUSD,buy,out,0.02,4050.86,4164,-0.07,0.00,0.02,2 424.27,sl 4050.86
2025.11.20 19:35:21,4158,XAUUSD,sell,in,0.02,4050.83,4165,-0.07,0.00,0.00,2 424.20,
2025.11.20 19:35:39,4159,XAUUSD,buy,out,0.02,4050.84,4166,-0.07,0.00,-0.02,2 424.11,sl 4050.81
2025.11.21 06:41:45,4160,XAUUSD,sell,in,0.02,4048.33,4167,-0.07,0.00,0.00,2 424.04,
2025.11.21 06:47:49,4161,XAUUSD,buy,out,0.02,4048.39,4168,-0.07,0.00,-0.12,2 423.85,sl 4048.31
2025.11.21 07:48:21,4162,XAUUSD,sell,in,0.02,4046.40,4169,-0.07,0.00,0.00,2 423.78,
2025.11.21 07:48:49,4163,XAUUSD,buy,out,0.02,4046.45,4170,-0.07,0.00,-0.10,2 423.61,sl 4046.34
2025.11.21 08:17:27,4164,XAUUSD,sell,in,0.02,4047.02,4171,-0.07,0.00,0.00,2 423.54,
2025.11.21 08:18:31,4165,XAUUSD,buy,out,0.02,4046.18,4172,-0.07,0.00,1.68,2 425.15,sl 4046.17
2025.11.21 08:41:28,4166,XAUUSD,sell,in,0.02,4036.75,4173,-0.07,0.00,0.00,2 425.08,
2025.11.21 08:45:02,4167,XAUUSD,buy,out,0.02,4036.40,4174,-0.07,0.00,0.70,2 425.71,sl 4036.38
2025.11.21 09:05:40,4168,XAUUSD,sell,in,0.02,4030.63,4175,-0.07,0.00,0.00,2 425.64,
2025.11.21 09:06:00,4169,XAUUSD,buy,out,0.02,4030.66,4176,-0.07,0.00,-0.06,2 425.51,sl 4030.48
2025.11.21 09:29:47,4170,XAUUSD,sell,in,0.02,4035.59,4177,-0.07,0.00,0.00,2 425.44,
2025.11.21 09:38:36,4171,XAUUSD,buy,out,0.02,4035.42,4178,-0.07,0.00,0.34,2 425.71,sl 4035.28
2025.11.21 09:53:50,4172,XAUUSD,sell,in,0.02,4033.33,4179,-0.07,0.00,0.00,2 425.64,
2025.11.21 09:56:33,4173,XAUUSD,buy,out,0.02,4032.13,4180,-0.07,0.00,2.40,2 427.97,sl 4032.12
2025.11.21 10:17:54,4174,XAUUSD,sell,in,0.02,4040.79,4181,-0.07,0.00,0.00,2 427.90,
2025.11.21 10:18:05,4175,XAUUSD,buy,out,0.02,4040.78,4182,-0.07,0.00,0.02,2 427.85,sl 4040.78
2025.11.21 10:41:57,4176,XAUUSD,sell,in,0.02,4042.14,4183,-0.07,0.00,0.00,2 427.78,
2025.11.21 10:42:39,4177,XAUUSD,buy,out,0.02,4042.12,4184,-0.07,0.00,0.04,2 427.75,sl 4042.06
2025.11.21 12:07:11,4178,XAUUSD,sell,in,0.02,4043.36,4185,-0.07,0.00,0.00,2 427.68,
2025.11.21 12:10:01,4179,XAUUSD,buy,out,0.02,4043.35,4186,-0.07,0.00,0.02,2 427.63,sl 4043.35
2025.11.21 12:31:11,4180,XAUUSD,sell,in,0.02,4035.94,4187,-0.07,0.00,0.00,2 427.56,
2025.11.21 12:31:29,4181,XAUUSD,buy,out,0.02,4035.82,4188,-0.07,0.00,0.24,2 427.73,sl 4035.71
2025.11.21 12:55:15,4182,XAUUSD,sell,in,0.02,4037.06,4189,-0.07,0.00,0.00,2 427.66,
2025.11.21 12:55:45,4183,XAUUSD,buy,out,0.02,4036.55,4190,-0.07,0.00,1.02,2 428.61,sl 4036.51
2025.11.21 13:19:14,4184,XAUUSD,sell,in,0.02,4039.64,4191,-0.07,0.00,0.00,2 428.54,
2025.11.21 13:22:26,4185,XAUUSD,buy,out,0.02,4038.22,4192,-0.07,0.00,2.84,2 431.31,sl 4038.21
2025.11.21 13:43:18,4186,XAUUSD,sell,in,0.02,4036.74,4193,-0.07,0.00,0.00,2 431.24,
2025.11.21 13:44:00,4187,XAUUSD,buy,out,0.02,4036.79,4194,-0.07,0.00,-0.10,2 431.07,sl 4036.72
2025.11.21 14:12:28,4188,XAUUSD,sell,in,0.02,4041.30,4195,-0.07,0.00,0.00,2 431.00,
2025.11.21 14:13:10,4189,XAUUSD,buy,out,0.02,4040.83,4196,-0.07,0.00,0.94,2 431.87,sl 4040.80
2025.11.21 18:52:02,4190,XAUUSD,buy,in,0.02,4096.16,4197,-0.07,0.00,0.00,2 431.80,
2025.11.21 18:55:17,4191,XAUUSD,sell,out,0.02,4097.46,4198,-0.07,0.00,2.60,2 434.33,sl 4097.54
2025.11.24 03:57:37,4192,XAUUSD,sell,in,0.02,4043.29,4199,-0.07,0.00,0.00,2 434.26,
2025.11.24 04:53:37,4193,XAUUSD,buy,out,0.02,4042.82,4200,-0.07,0.00,0.94,2 435.13,sl 4042.78
2025.11.24 04:53:48,4194,XAUUSD,sell,in,0.02,4041.83,4201,-0.07,0.00,0.00,2 435.06,
2025.11.24 04:55:06,4195,XAUUSD,buy,out,0.02,4041.71,4202,-0.07,0.00,0.24,2 435.23,sl 4041.70
2025.11.24 07:22:21,4196,XAUUSD,sell,in,0.02,4040.39,4203,-0.07,0.00,0.00,2 435.16,
2025.11.24 09:00:25,4197,XAUUSD,buy,in,0.18,4052.14,4204,-0.63,0.00,0.00,2 434.53,
2025.11.24 09:01:12,4198,XAUUSD,sell,out,0.18,4054.87,4205,-0.63,0.00,49.14,2 483.04,sl 4054.91
2025.11.24 09:44:22,4199,XAUUSD,buy,out,0.02,4065.05,4206,-0.07,0.00,-49.32,2 433.65,
2025.11.24 18:34:02,4200,XAUUSD,buy,in,0.02,4097.69,4207,-0.07,0.00,0.00,2 433.58,
2025.11.24 18:36:55,4201,XAUUSD,sell,out,0.02,4098.40,4208,-0.07,0.00,1.42,2 434.93,sl 4098.42
2025.11.24 18:58:08,4202,XAUUSD,buy,in,0.02,4098.27,4209,-0.07,0.00,0.00,2 434.86,
2025.11.24 19:00:33,4203,XAUUSD,sell,out,0.02,4098.39,4210,-0.07,0.00,0.24,2 435.03,sl 4098.39
2025.11.24 19:49:36,4204,XAUUSD,buy,in,0.02,4097.91,4211,-0.07,0.00,0.00,2 434.96,
2025.11.24 19:50:32,4205,XAUUSD,sell,out,0.02,4099.59,4212,-0.07,0.00,3.36,2 438.25,sl 4099.59
2025.11.24 20:30:20,4206,XAUUSD,buy,in,0.02,4098.23,4213,-0.07,0.00,0.00,2 438.18,
2025.11.24 20:30:51,4207,XAUUSD,sell,out,0.02,4098.92,4214,-0.07,0.00,1.38,2 439.49,sl 4098.95
2025.11.24 20:54:27,4208,XAUUSD,buy,in,0.02,4120.94,4215,-0.07,0.00,0.00,2 439.42,
2025.11.24 20:55:38,4209,XAUUSD,sell,out,0.02,4120.96,4216,-0.07,0.00,0.04,2 439.39,sl 4120.97
2025.11.24 21:18:28,4210,XAUUSD,buy,in,0.02,4118.19,4217,-0.07,0.00,0.00,2 439.32,
2025.11.24 21:19:14,4211,XAUUSD,sell,out,0.02,4119.93,4218,-0.07,0.00,3.48,2 442.73,sl 4119.96
2025.11.24 21:42:31,4212,XAUUSD,buy,in,0.02,4115.68,4219,-0.07,0.00,0.00,2 442.66,
2025.11.24 21:44:16,4213,XAUUSD,sell,out,0.02,4116.14,4220,-0.07,0.00,0.92,2 443.51,sl 4116.14
2025.11.24 22:06:34,4214,XAUUSD,buy,in,0.02,4123.15,4221,-0.07,0.00,0.00,2 443.44,
2025.11.24 22:19:37,4215,XAUUSD,sell,out,0.02,4123.98,4222,-0.07,0.00,1.66,2 445.03,sl 4123.98
2025.11.24 22:30:38,4216,XAUUSD,buy,in,0.02,4125.97,4223,-0.07,0.00,0.00,2 444.96,
2025.11.24 22:31:05,4217,XAUUSD,sell,out,0.02,4128.07,4224,-0.07,0.00,4.20,2 449.09,sl 4128.11
2025.11.24 22:54:40,4218,XAUUSD,buy,in,0.02,4130.23,4225,-0.07,0.00,0.00,2 449.02,
2025.11.24 22:55:32,4219,XAUUSD,sell,out,0.02,4130.62,4226,-0.07,0.00,0.78,2 449.73,sl 4130.63
2025.11.24 23:18:40,4220,XAUUSD,buy,in,0.02,4132.92,4227,-0.07,0.00,0.00,2 449.66,
2025.11.24 23:37:11,4221,XAUUSD,sell,out,0.02,4133.22,4228,-0.07,0.00,0.60,2 450.19,sl 4133.22
2025.11.24 23:42:42,4222,XAUUSD,buy,in,0.02,4136.90,4229,-0.07,0.00,0.00,2 450.12,
2025.11.24 23:43:15,4223,XAUUSD,sell,out,0.02,4137.51,4230,-0.07,0.00,1.22,2 451.27,sl 4137.51
2025.11.25 01:02:05,4224,XAUUSD,buy,in,0.02,4136.06,4231,-0.07,0.00,0.00,2 451.20,
2025.11.25 01:05:29,4225,XAUUSD,sell,out,0.02,4136.68,4232,-0.07,0.00,1.24,2 452.37,sl 4136.69
2025.11.25 01:26:10,4226,XAUUSD,buy,in,0.02,4131.23,4233,-0.07,0.00,0.00,2 452.30,
2025.11.25 01:26:58,4227,XAUUSD,sell,out,0.02,4131.62,4234,-0.07,0.00,0.78,2 453.01,sl 4131.66
2025.11.25 01:50:10,4228,XAUUSD,buy,in,0.02,4140.41,4235,-0.07,0.00,0.00,2 452.94,
2025.11.25 01:50:42,4229,XAUUSD,sell,out,0.02,4141.01,4236,-0.07,0.00,1.20,2 454.07,sl 4141.04
2025.11.25 02:14:16,4230,XAUUSD,buy,in,0.02,4137.13,4237,-0.07,0.00,0.00,2 454.00,
2025.11.25 02:20:37,4231,XAUUSD,sell,out,0.02,4139.62,4238,-0.07,0.00,4.98,2 458.91,sl 4139.68
2025.11.25 02:38:20,4232,XAUUSD,buy,in,0.02,4135.59,4239,-0.07,0.00,0.00,2 458.84,
2025.11.25 02:41:56,4233,XAUUSD,sell,out,0.02,4136.17,4240,-0.07,0.00,1.16,2 459.93,sl 4136.17
2025.11.25 03:02:34,4234,XAUUSD,buy,in,0.02,4128.60,4241,-0.07,0.00,0.00,2 459.86,
2025.11.25 03:03:55,4235,XAUUSD,sell,out,0.02,4129.72,4242,-0.07,0.00,2.24,2 462.03,sl 4129.77
2025.11.25 03:26:40,4236,XAUUSD,buy,in,0.02,4125.83,4243,-0.07,0.00,0.00,2 461.96,
2025.11.25 03:28:11,4237,XAUUSD,sell,out,0.02,4125.96,4244,-0.07,0.00,0.26,2 462.15,sl 4126.02
2025.11.25 03:50:45,4238,XAUUSD,buy,in,0.02,4134.88,4245,-0.07,0.00,0.00,2 462.08,
2025.11.25 03:52:06,4239,XAUUSD,sell,out,0.02,4134.91,4246,-0.07,0.00,0.06,2 462.07,sl 4134.91
2025.11.25 04:14:53,4240,XAUUSD,buy,in,0.02,4136.73,4247,-0.07,0.00,0.00,2 462.00,
2025.11.25 04:16:49,4241,XAUUSD,sell,out,0.02,4136.89,4248,-0.07,0.00,0.32,2 462.25,sl 4136.90
2025.11.25 04:38:56,4242,XAUUSD,buy,in,0.02,4145.62,4249,-0.07,0.00,0.00,2 462.18,
2025.11.25 04:39:52,4243,XAUUSD,sell,out,0.02,4148.57,4250,-0.07,0.00,5.90,2 468.01,sl 4148.57
2025.11.25 05:03:01,4244,XAUUSD,buy,in,0.02,4147.97,4251,-0.07,0.00,0.00,2 467.94,
2025.11.25 05:04:50,4245,XAUUSD,sell,out,0.02,4148.17,4252,-0.07,0.00,0.40,2 468.27,sl 4148.23
2025.11.25 05:27:08,4246,XAUUSD,buy,in,0.02,4144.93,4253,-0.07,0.00,0.00,2 468.20,
2025.11.25 05:28:37,4247,XAUUSD,sell,out,0.02,4144.96,4254,-0.07,0.00,0.06,2 468.19,sl 4144.96
2025.11.25 05:51:09,4248,XAUUSD,buy,in,0.02,4143.78,4255,-0.07,0.00,0.00,2 468.12,
2025.11.25 05:51:50,4249,XAUUSD,sell,out,0.02,4143.76,4256,-0.07,0.00,-0.04,2 468.01,sl 4143.83
2025.11.25 06:15:16,4250,XAUUSD,buy,in,0.02,4145.72,4257,-0.07,0.00,0.00,2 467.94,
2025.11.25 06:16:12,4251,XAUUSD,sell,out,0.02,4146.27,4258,-0.07,0.00,1.10,2 468.97,sl 4146.28
2025.11.25 06:39:19,4252,XAUUSD,buy,in,0.02,4147.82,4259,-0.07,0.00,0.00,2 468.90,
2025.11.25 07:54:32,4253,XAUUSD,sell,out,0.02,4149.16,4260,-0.07,0.00,2.68,2 471.51,sl 4149.19
2025.11.25 07:54:41,4254,XAUUSD,buy,in,0.02,4149.24,4261,-0.07,0.00,0.00,2 471.44,
2025.11.25 07:57:39,4255,XAUUSD,sell,out,0.02,4149.81,4262,-0.07,0.00,1.14,2 472.51,sl 4149.88
2025.11.25 08:18:46,4256,XAUUSD,buy,in,0.02,4147.47,4263,-0.07,0.00,0.00,2 472.44,
2025.11.25 09:56:58,4257,XAUUSD,sell,in,0.18,4136.48,4264,-0.63,0.00,0.00,2 471.81,
2025.11.25 09:59:27,4258,XAUUSD,buy,out,0.18,4131.29,4265,-0.63,0.00,93.42,2 564.60,sl 4131.22
2025.11.25 15:31:01,4259,XAUUSD,sell,out,0.02,4148.06,4266,-0.07,0.00,1.18,2 565.71,sl 4148.08
2025.12.02 17:54:43,4260,XAUUSD,sell,in,0.02,4175.46,4267,-0.07,0.00,0.00,2 565.64,
2025.12.02 17:55:23,4261,XAUUSD,buy,out,0.02,4173.36,4268,-0.07,0.00,4.20,2 569.77,sl 4173.25
2025.12.02 18:18:50,4262,XAUUSD,sell,in,0.02,4173.51,4269,-0.07,0.00,0.00,2 569.70,
2025.12.02 19:56:52,4263,XAUUSD,buy,in,0.18,4195.50,4270,-0.63,0.00,0.00,2 569.07,
2025.12.02 20:02:58,4264,XAUUSD,sell,out,0.18,4196.06,4271,-0.63,0.00,10.08,2 578.52,sl 4196.07
2025.12.02 22:35:16,4265,XAUUSD,buy,in,0.18,4205.15,4272,-0.63,0.00,0.00,2 577.89,
2025.12.02 22:35:59,4266,XAUUSD,sell,out,0.18,4205.87,4273,-0.63,0.00,12.96,2 590.22,sl 4205.87
2025.12.02 22:53:15,4267,XAUUSD,buy,out,0.02,4208.30,4274,-0.07,0.00,-69.58,2 520.57,
2025.12.03 15:54:40,4268,XAUUSD,buy,in,0.02,4234.80,4275,-0.07,0.00,0.00,2 520.50,
2025.12.03 15:55:06,4269,XAUUSD,sell,out,0.02,4237.30,4276,-0.07,0.00,5.00,2 525.43,sl 4237.33
2025.12.03 16:33:32,4270,XAUUSD,buy,in,0.02,4237.05,4277,-0.07,0.00,0.00,2 525.36,
2025.12.03 16:33:55,4271,XAUUSD,sell,out,0.02,4237.73,4278,-0.07,0.00,1.36,2 526.65,sl 4237.73
2025.12.04 07:51:36,4272,XAUUSD,sell,in,0.02,4179.91,4279,-0.07,0.00,0.00,2 526.58,
2025.12.04 07:52:11,4273,XAUUSD,buy,out,0.02,4179.40,4280,-0.07,0.00,1.02,2 527.53,sl 4179.30
2025.12.05 15:37:48,4274,XAUUSD,buy,in,0.02,4238.18,4281,-0.07,0.00,0.00,2 527.46,
2025.12.05 15:38:05,4275,XAUUSD,sell,out,0.02,4238.22,4282,-0.07,0.00,0.08,2 527.47,sl 4238.34
2025.12.05 16:10:08,4276,XAUUSD,buy,in,0.02,4237.52,4283,-0.07,0.00,0.00,2 527.40,
2025.12.05 16:10:56,4277,XAUUSD,sell,out,0.02,4237.61,4284,-0.07,0.00,0.18,2 527.51,sl 4237.62
2025.12.05 16:47:09,4278,XAUUSD,buy,in,0.02,4238.84,4285,-0.07,0.00,0.00,2 527.44,
2025.12.05 16:48:04,4279,XAUUSD,sell,out,0.02,4239.98,4286,-0.07,0.00,2.28,2 529.65,sl 4239.98
2025.12.05 17:11:53,4280,XAUUSD,buy,in,0.02,4239.26,4287,-0.07,0.00,0.00,2 529.58,
2025.12.05 17:12:47,4281,XAUUSD,sell,out,0.02,4239.55,4288,-0.07,0.00,0.58,2 530.09,sl 4239.61
2025.12.05 17:35:57,4282,XAUUSD,buy,in,0.02,4253.65,4289,-0.07,0.00,0.00,2 530.02,
2025.12.05 17:36:28,4283,XAUUSD,sell,out,0.02,4254.31,4290,-0.07,0.00,1.32,2 531.27,sl 4254.31
2025.12.05 17:59:58,4284,XAUUSD,buy,in,0.02,4243.78,4291,-0.07,0.00,0.00,2 531.20,
2025.12.05 18:00:38,4285,XAUUSD,sell,out,0.02,4244.87,4292,-0.07,0.00,2.18,2 533.31,sl 4244.87
2025.12.08 17:06:18,4286,XAUUSD,sell,in,0.02,4182.41,4293,-0.07,0.00,0.00,2 533.24,
2025.12.08 17:06:34,4287,XAUUSD,buy,out,0.02,4182.26,4294,-0.07,0.00,0.30,2 533.47,sl 4182.24
2025.12.08 17:59:38,4288,XAUUSD,sell,in,0.02,4182.53,4295,-0.07,0.00,0.00,2 533.40,
2025.12.08 18:00:11,4289,XAUUSD,buy,out,0.02,4182.21,4296,-0.07,0.00,0.64,2 533.97,sl 4182.17
2025.12.09 08:09:41,4290,XAUUSD,sell,in,0.02,4175.10,4297,-0.07,0.00,0.00,2 533.90,
2025.12.09 08:10:38,4291,XAUUSD,buy,out,0.02,4172.88,4298,-0.07,0.00,4.44,2 538.27,sl 4172.83
2025.12.10 22:12:00,4292,XAUUSD,buy,in,0.02,4230.52,4299,-0.07,0.00,0.00,2 538.20,
2025.12.10 22:13:07,4293,XAUUSD,sell,out,0.02,4232.05,4300,-0.07,0.00,3.06,2 541.19,sl 4232.09
2025.12.10 22:36:25,4294,XAUUSD,buy,in,0.02,4230.54,4301,-0.07,0.00,0.00,2 541.12,
2025.12.10 22:37:05,4295,XAUUSD,sell,out,0.02,4231.55,4302,-0.07,0.00,2.02,2 543.07,sl 4231.57
2025.12.10 23:01:29,4296,XAUUSD,buy,in,0.02,4230.95,4303,-0.07,0.00,0.00,2 543.00,
2025.12.10 23:02:51,4297,XAUUSD,sell,out,0.02,4231.31,4304,-0.07,0.00,0.72,2 543.65,sl 4231.45
2025.12.11 01:51:10,4298,XAUUSD,buy,in,0.02,4232.47,4305,-0.07,0.00,0.00,2 543.58,
2025.12.11 01:51:50,4299,XAUUSD,sell,out,0.02,4232.98,4306,-0.07,0.00,1.02,2 544.53,sl 4232.98
2025.12.11 02:15:16,4300,XAUUSD,buy,in,0.02,4243.45,4307,-0.07,0.00,0.00,2 544.46,
2025.12.11 02:15:41,4301,XAUUSD,sell,out,0.02,4243.47,4308,-0.07,0.00,0.04,2 544.43,sl 4243.50
2025.12.11 02:39:17,4302,XAUUSD,buy,in,0.02,4242.00,4309,-0.07,0.00,0.00,2 544.36,
2025.12.11 02:41:53,4303,XAUUSD,sell,out,0.02,4242.04,4310,-0.07,0.00,0.08,2 544.37,sl 4242.06
2025.12.11 03:03:29,4304,XAUUSD,buy,in,0.02,4247.58,4311,-0.07,0.00,0.00,2 544.30,
2025.12.11 04:41:42,4305,XAUUSD,sell,in,0.18,4221.73,4312,-0.63,0.00,0.00,2 543.67,
2025.12.11 05:05:01,4306,XAUUSD,buy,out,0.18,4221.67,4313,-0.63,0.00,1.08,2 544.12,sl 4221.64
2025.12.11 07:39:36,4307,XAUUSD,sell,in,0.18,4207.44,4314,-0.63,0.00,0.00,2 543.49,
2025.12.11 07:47:16,4308,XAUUSD,buy,out,0.18,4207.35,4315,-0.63,0.00,1.62,2 544.48,sl 4207.35
2025.12.11 07:58:51,4309,XAUUSD,sell,out,0.02,4208.13,4316,-0.07,0.00,-78.90,2 465.51,
2025.12.11 16:35:37,4310,XAUUSD,buy,in,0.02,4237.92,4317,-0.07,0.00,0.00,2 465.44,
2025.12.11 16:35:52,4311,XAUUSD,sell,out,0.02,4237.94,4318,-0.07,0.00,0.04,2 465.41,sl 4237.94
2025.12.11 17:13:30,4312,XAUUSD,buy,in,0.02,4238.84,4319,-0.07,0.00,0.00,2 465.34,
2025.12.11 17:14:28,4313,XAUUSD,sell,out,0.02,4239.36,4320,-0.07,0.00,1.04,2 466.31,sl 4239.39
2025.12.11 17:37:34,4314,XAUUSD,buy,in,0.02,4244.38,4321,-0.07,0.00,0.00,2 466.24,
2025.12.11 17:41:59,4315,XAUUSD,sell,out,0.02,4253.46,4322,-0.07,0.00,18.16,2 484.33,sl 4253.55
2025.12.11 18:01:39,4316,XAUUSD,buy,in,0.02,4253.56,4323,-0.07,0.00,0.00,2 484.26,
2025.12.11 18:02:28,4317,XAUUSD,sell,out,0.02,4253.58,4324,-0.07,0.00,0.04,2 484.23,sl 4253.61
2025.12.11 18:25:40,4318,XAUUSD,buy,in,0.02,4258.62,4325,-0.07,0.00,0.00,2 484.16,
2025.12.11 18:26:30,4319,XAUUSD,sell,out,0.02,4259.20,4326,-0.07,0.00,1.16,2 485.25,sl 4259.28
2025.12.11 18:49:45,4320,XAUUSD,buy,in,0.02,4275.56,4327,-0.07,0.00,0.00,2 485.18,
2025.12.11 18:52:15,4321,XAUUSD,sell,out,0.02,4277.84,4328,-0.07,0.00,4.56,2 489.67,sl 4277.86
2025.12.11 19:13:59,4322,XAUUSD,buy,in,0.02,4277.46,4329,-0.07,0.00,0.00,2 489.60,
2025.12.11 19:14:08,4323,XAUUSD,sell,out,0.02,4277.50,4330,-0.07,0.00,0.08,2 489.61,sl 4277.50
2025.12.11 19:38:04,4324,XAUUSD,buy,in,0.02,4275.43,4331,-0.07,0.00,0.00,2 489.54,
2025.12.11 19:40:00,4325,XAUUSD,sell,out,0.02,4275.56,4332,-0.07,0.00,0.26,2 489.73,sl 4275.58
2025.12.11 20:02:03,4326,XAUUSD,buy,in,0.02,4278.79,4333,-0.07,0.00,0.00,2 489.66,
2025.12.11 20:04:01,4327,XAUUSD,sell,out,0.02,4280.73,4334,-0.07,0.00,3.88,2 493.47,sl 4280.80
2025.12.11 20:26:07,4328,XAUUSD,buy,in,0.02,4282.57,4335,-0.07,0.00,0.00,2 493.40,
2025.12.11 20:29:13,4329,XAUUSD,sell,out,0.02,4282.69,4336,-0.07,0.00,0.24,2 493.57,sl 4282.69
2025.12.11 20:50:13,4330,XAUUSD,buy,in,0.02,4280.32,4337,-0.07,0.00,0.00,2 493.50,
2025.12.11 20:50:31,4331,XAUUSD,sell,out,0.02,4280.37,4338,-0.07,0.00,0.10,2 493.53,sl 4280.41
2025.12.11 21:14:18,4332,XAUUSD,buy,in,0.02,4270.32,4339,-0.07,0.00,0.00,2 493.46,
2025.12.11 21:15:26,4333,XAUUSD,sell,out,0.02,4271.49,4340,-0.07,0.00,2.34,2 495.73,sl 4271.54
2025.12.11 21:38:18,4334,XAUUSD,buy,in,0.02,4275.72,4341,-0.07,0.00,0.00,2 495.66,
2025.12.11 21:39:09,4335,XAUUSD,sell,out,0.02,4276.68,4342,-0.07,0.00,1.92,2 497.51,sl 4276.68
2025.12.11 22:02:33,4336,XAUUSD,buy,in,0.02,4273.47,4343,-0.07,0.00,0.00,2 497.44,
2025.12.11 22:36:10,4337,XAUUSD,sell,out,0.02,4273.66,4344,-0.07,0.00,0.38,2 497.75,sl 4273.67
2025.12.11 22:36:17,4338,XAUUSD,buy,in,0.02,4273.93,4345,-0.07,0.00,0.00,2 497.68,
2025.12.11 22:36:42,4339,XAUUSD,sell,out,0.02,4273.99,4346,-0.07,0.00,0.12,2 497.73,sl 4273.99
2025.12.11 23:00:20,4340,XAUUSD,buy,in,0.02,4275.72,4347,-0.07,0.00,0.00,2 497.66,
2025.12.11 23:24:22,4341,XAUUSD,sell,out,0.02,4277.93,4348,-0.07,0.00,4.42,2 502.01,sl 4277.94
2025.12.11 23:24:28,4342,XAUUSD,buy,in,0.02,4277.88,4349,-0.07,0.00,0.00,2 501.94,
2025.12.11 23:29:18,4343,XAUUSD,sell,out,0.02,4279.03,4350,-0.07,0.00,2.30,2 504.17,sl 4279.03
2025.12.11 23:48:35,4344,XAUUSD,buy,in,0.02,4282.94,4351,-0.07,0.00,0.00,2 504.10,
2025.12.11 23:50:24,4345,XAUUSD,sell,out,0.02,4282.88,4352,-0.07,0.00,-0.12,2 503.91,sl 4283.01
2025.12.12 01:02:12,4346,XAUUSD,buy,in,0.02,4282.91,4353,-0.07,0.00,0.00,2 503.84,
2025.12.12 01:02:35,4347,XAUUSD,sell,out,0.02,4283.00,4354,-0.07,0.00,0.18,2 503.95,sl 4283.21
2025.12.12 01:26:16,4348,XAUUSD,buy,in,0.02,4278.46,4355,-0.07,0.00,0.00,2 503.88,
2025.12.12 01:28:24,4349,XAUUSD,sell,out,0.02,4278.63,4356,-0.07,0.00,0.34,2 504.15,sl 4278.64
2025.12.12 01:50:20,4350,XAUUSD,buy,in,0.02,4275.64,4357,-0.07,0.00,0.00,2 504.08,
2025.12.12 01:52:53,4351,XAUUSD,sell,out,0.02,4276.76,4358,-0.07,0.00,2.24,2 506.25,sl 4276.79
2025.12.12 02:14:21,4352,XAUUSD,buy,in,0.02,4277.32,4359,-0.07,0.00,0.00,2 506.18,
2025.12.12 02:18:49,4353,XAUUSD,sell,out,0.02,4278.81,4360,-0.07,0.00,2.98,2 509.09,sl 4278.82
2025.12.12 02:38:21,4354,XAUUSD,buy,in,0.02,4274.53,4361,-0.07,0.00,0.00,2 509.02,
2025.12.12 02:39:46,4355,XAUUSD,sell,out,0.02,4275.33,4362,-0.07,0.00,1.60,2 510.55,sl 4275.33
2025.12.12 03:02:24,4356,XAUUSD,buy,in,0.02,4270.84,4363,-0.07,0.00,0.00,2 510.48,
2025.12.12 03:11:01,4357,XAUUSD,sell,out,0.02,4271.25,4364,-0.07,0.00,0.82,2 511.23,sl 4271.26
2025.12.12 03:26:26,4358,XAUUSD,buy,in,0.02,4269.09,4365,-0.07,0.00,0.00,2 511.16,
2025.12.12 03:43:18,4359,XAUUSD,sell,out,0.02,4269.21,4366,-0.07,0.00,0.24,2 511.33,sl 4269.27
2025.12.12 03:50:31,4360,XAUUSD,buy,in,0.02,4272.48,4367,-0.07,0.00,0.00,2 511.26,
2025.12.12 03:51:45,4361,XAUUSD,sell,out,0.02,4273.13,4368,-0.07,0.00,1.30,2 512.49,sl 4273.15
2025.12.12 04:14:33,4362,XAUUSD,buy,in,0.02,4275.12,4369,-0.07,0.00,0.00,2 512.42,
2025.12.12 04:16:36,4363,XAUUSD,sell,out,0.02,4276.22,4370,-0.07,0.00,2.20,2 514.55,sl 4276.23
2025.12.12 04:38:34,4364,XAUUSD,buy,in,0.02,4275.93,4371,-0.07,0.00,0.00,2 514.48,
2025.12.12 04:41:26,4365,XAUUSD,sell,out,0.02,4275.92,4372,-0.07,0.00,-0.02,2 514.39,sl 4275.95
2025.12.12 05:02:41,4366,XAUUSD,buy,in,0.02,4270.31,4373,-0.07,0.00,0.00,2 514.32,
2025.12.12 05:03:14,4367,XAUUSD,sell,out,0.02,4270.35,4374,-0.07,0.00,0.08,2 514.33,sl 4270.36
2025.12.12 05:26:53,4368,XAUUSD,buy,in,0.02,4270.43,4375,-0.07,0.00,0.00,2 514.26,
2025.12.12 05:31:35,4369,XAUUSD,sell,out,0.02,4271.01,4376,-0.07,0.00,1.16,2 515.35,sl 4271.01
2025.12.12 05:50:51,4370,XAUUSD,buy,in,0.02,4272.58,4377,-0.07,0.00,0.00,2 515.28,
2025.12.12 07:25:18,4371,XAUUSD,sell,out,0.02,4272.92,4378,-0.07,0.00,0.68,2 515.89,sl 4272.97
2025.12.12 07:25:21,4372,XAUUSD,buy,in,0.02,4273.03,4379,-0.07,0.00,0.00,2 515.82,
2025.12.12 07:29:27,4373,XAUUSD,sell,out,0.02,4275.00,4380,-0.07,0.00,3.94,2 519.69,sl 4275.07
2025.12.12 07:49:26,4374,XAUUSD,buy,in,0.02,4278.76,4381,-0.07,0.00,0.00,2 519.62,
2025.12.12 07:52:10,4375,XAUUSD,sell,out,0.02,4279.19,4382,-0.07,0.00,0.86,2 520.41,sl 4279.27
2025.12.12 08:13:27,4376,XAUUSD,buy,in,0.02,4278.02,4383,-0.07,0.00,0.00,2 520.34,
2025.12.12 08:17:52,4377,XAUUSD,sell,out,0.02,4278.13,4384,-0.07,0.00,0.22,2 520.49,sl 4278.13
2025.12.12 08:37:29,4378,XAUUSD,buy,in,0.02,4282.41,4385,-0.07,0.00,0.00,2 520.42,
2025.12.12 08:53:59,4379,XAUUSD,sell,out,0.02,4282.28,4386,-0.07,0.00,-0.26,2 520.09,sl 4282.45
2025.12.12 09:01:31,4380,XAUUSD,buy,in,0.02,4281.98,4387,-0.07,0.00,0.00,2 520.02,
2025.12.12 09:05:58,4381,XAUUSD,sell,out,0.02,4282.99,4388,-0.07,0.00,2.02,2 521.97,sl 4282.99
2025.12.12 09:25:33,4382,XAUUSD,buy,in,0.02,4285.97,4389,-0.07,0.00,0.00,2 521.90,
2025.12.12 09:26:07,4383,XAUUSD,sell,out,0.02,4285.99,4390,-0.07,0.00,0.04,2 521.87,sl 4286.00
2025.12.12 09:49:37,4384,XAUUSD,buy,in,0.02,4288.79,4391,-0.07,0.00,0.00,2 521.80,
2025.12.12 10:01:01,4385,XAUUSD,sell,out,0.02,4288.86,4392,-0.07,0.00,0.14,2 521.87,sl 4288.87
2025.12.16 16:15:45,4386,XAUUSD,buy,in,0.02,4320.44,4393,-0.07,0.00,0.00,2 521.80,
2025.12.16 16:16:28,4387,XAUUSD,sell,out,0.02,4323.72,4394,-0.07,0.00,6.56,2 528.29,sl 4323.73
2025.12.16 16:39:51,4388,XAUUSD,buy,in,0.02,4329.23,4395,-0.07,0.00,0.00,2 528.22,
2025.12.16 16:39:56,4389,XAUUSD,sell,out,0.02,4329.38,4396,-0.07,0.00,0.30,2 528.45,sl 4329.38
2025.12.16 17:03:52,4390,XAUUSD,buy,in,0.02,4327.37,4397,-0.07,0.00,0.00,2 528.38,
2025.12.16 17:05:34,4391,XAUUSD,sell,out,0.02,4330.42,4398,-0.07,0.00,6.10,2 534.41,sl 4330.45
2025.12.16 17:28:52,4392,XAUUSD,buy,in,0.02,4321.67,4399,-0.07,0.00,0.00,2 534.34,
2025.12.16 17:29:27,4393,XAUUSD,sell,out,0.02,4322.99,4400,-0.07,0.00,2.64,2 536.91,sl 4323.06
2025.12.16 17:52:54,4394,XAUUSD,buy,in,0.02,4325.35,4401,-0.07,0.00,0.00,2 536.84,
2025.12.16 17:53:57,4395,XAUUSD,sell,out,0.02,4327.89,4402,-0.07,0.00,5.08,2 541.85,sl 4327.91
2025.12.17 03:38:28,4396,XAUUSD,buy,in,0.02,4324.81,4403,-0.07,0.00,0.00,2 541.78,
2025.12.17 03:47:06,4397,XAUUSD,sell,out,0.02,4324.80,4404,-0.07,0.00,-0.02,2 541.69,sl 4324.83
2025.12.17 04:02:32,4398,XAUUSD,buy,in,0.02,4326.75,4405,-0.07,0.00,0.00,2 541.62,
2025.12.17 05:40:40,4399,XAUUSD,sell,in,0.18,4321.35,4406,-0.63,0.00,0.00,2 540.99,
2025.12.17 06:35:18,4400,XAUUSD,buy,out,0.18,4321.39,4407,-0.63,0.00,-0.72,2 539.64,sl 4321.33
2025.12.17 06:39:57,4401,XAUUSD,sell,out,0.02,4327.10,4408,-0.07,0.00,0.70,2 540.27,sl 4327.10
2025.12.18 18:10:19,4402,XAUUSD,buy,in,0.02,4348.44,4409,-0.07,0.00,0.00,2 540.20,
2025.12.18 18:10:39,4403,XAUUSD,sell,out,0.02,4349.96,4410,-0.07,0.00,3.04,2 543.17,sl 4349.97
2025.12.18 18:34:19,4404,XAUUSD,buy,in,0.02,4365.43,4411,-0.07,0.00,0.00,2 543.10,
2025.12.18 18:35:02,4405,XAUUSD,sell,out,0.02,4365.90,4412,-0.07,0.00,0.94,2 543.97,sl 4366.02
2025.12.18 18:58:24,4406,XAUUSD,buy,in,0.02,4360.50,4413,-0.07,0.00,0.00,2 543.90,
2025.12.18 19:00:15,4407,XAUUSD,sell,out,0.02,4362.90,4414,-0.07,0.00,4.80,2 548.63,sl 4362.95
2025.12.19 18:01:24,4408,XAUUSD,buy,in,0.02,4353.54,4415,-0.07,0.00,0.00,2 548.56,
2025.12.19 19:39:31,4409,XAUUSD,sell,in,0.18,4350.77,4416,-0.63,0.00,0.00,2 547.93,
2025.12.19 19:50:33,4410,XAUUSD,sell,out,0.02,4354.53,4417,-0.07,0.00,1.98,2 549.84,sl 4354.58
2025.12.19 20:33:44,4411,XAUUSD,buy,out,0.18,4350.75,4418,-0.63,0.00,0.36,2 549.57,sl 4350.75
2025.12.24 19:06:58,4412,XAUUSD,buy,in,0.02,4482.47,4419,-0.07,0.00,0.00,2 549.50,
2025.12.24 19:07:31,4413,XAUUSD,sell,out,0.02,4483.24,4420,-0.07,0.00,1.54,2 550.97,sl 4483.30
2025.12.24 19:31:22,4414,XAUUSD,buy,in,0.02,4480.92,4421,-0.07,0.00,0.00,2 550.90,
2025.12.24 19:32:26,4415,XAUUSD,sell,out,0.02,4481.74,4422,-0.07,0.00,1.64,2 552.47,sl 4481.74
2025.12.24 19:56:05,4416,XAUUSD,buy,in,0.02,4481.66,4423,-0.07,0.00,0.00,2 552.40,
2025.12.24 19:56:36,4417,XAUUSD,sell,out,0.02,4481.74,4424,-0.07,0.00,0.16,2 552.49,sl 4481.74
2025.12.24 20:23:29,4418,XAUUSD,buy,in,0.02,4482.11,4425,-0.07,0.00,0.00,2 552.42,
2025.12.24 20:29:24,4419,XAUUSD,sell,out,0.02,4482.14,4426,-0.07,0.00,0.06,2 552.41,sl 4482.14
2025.12.26 01:02:08,4420,XAUUSD,buy,in,0.02,4501.86,4427,-0.07,0.00,0.00,2 552.34,
2025.12.26 02:08:50,4421,XAUUSD,sell,out,0.02,4502.02,4428,-0.07,0.00,0.32,2 552.59,sl 4502.03
2025.12.26 02:08:57,4422,XAUUSD,buy,in,0.02,4501.72,4429,-0.07,0.00,0.00,2 552.52,
2025.12.26 02:09:22,4423,XAUUSD,sell,out,0.02,4502.58,4430,-0.07,0.00,1.72,2 554.17,sl 4502.61
2025.12.26 02:32:59,4424,XAUUSD,buy,in,0.02,4506.14,4431,-0.07,0.00,0.00,2 554.10,
2025.12.26 02:36:42,4425,XAUUSD,sell,out,0.02,4507.13,4432,-0.07,0.00,1.98,2 556.01,sl 4507.29
2025.12.26 02:57:03,4426,XAUUSD,buy,in,0.02,4515.31,4433,-0.07,0.00,0.00,2 555.94,
2025.12.26 02:57:16,4427,XAUUSD,sell,out,0.02,4515.34,4434,-0.07,0.00,0.06,2 555.93,sl 4515.36
2025.12.26 03:21:10,4428,XAUUSD,buy,in,0.02,4515.12,4435,-0.07,0.00,0.00,2 555.86,
2025.12.26 03:22:21,4429,XAUUSD,sell,out,0.02,4515.79,4436,-0.07,0.00,1.34,2 557.13,sl 4515.79
2025.12.26 03:45:12,4430,XAUUSD,buy,in,0.02,4506.72,4437,-0.07,0.00,0.00,2 557.06,
2025.12.26 04:13:11,4431,XAUUSD,sell,out,0.02,4506.80,4438,-0.07,0.00,0.16,2 557.15,sl 4506.86
2025.12.26 04:13:16,4432,XAUUSD,buy,in,0.02,4507.14,4439,-0.07,0.00,0.00,2 557.08,
2025.12.26 04:15:58,4433,XAUUSD,sell,out,0.02,4508.15,4440,-0.07,0.00,2.02,2 559.03,sl 4508.24
2025.12.26 04:37:20,4434,XAUUSD,buy,in,0.02,4501.55,4441,-0.07,0.00,0.00,2 558.96,
2025.12.26 04:50:22,4435,XAUUSD,sell,out,0.02,4503.01,4442,-0.07,0.00,2.92,2 561.81,sl 4503.03
2025.12.26 05:01:28,4436,XAUUSD,buy,in,0.02,4509.16,4443,-0.07,0.00,0.00,2 561.74,
2025.12.26 05:11:23,4437,XAUUSD,sell,out,0.02,4510.35,4444,-0.07,0.00,2.38,2 564.05,sl 4510.42
2025.12.26 05:25:30,4438,XAUUSD,buy,in,0.02,4508.81,4445,-0.07,0.00,0.00,2 563.98,
2025.12.26 06:11:58,4439,XAUUSD,sell,out,0.02,4508.97,4446,-0.07,0.00,0.32,2 564.23,sl 4508.98
2025.12.26 06:12:05,4440,XAUUSD,buy,in,0.02,4509.45,4447,-0.07,0.00,0.00,2 564.16,
2025.12.26 06:28:21,4441,XAUUSD,sell,out,0.02,4509.70,4448,-0.07,0.00,0.50,2 564.59,sl 4509.70
2025.12.26 06:36:14,4442,XAUUSD,buy,in,0.02,4510.39,4449,-0.07,0.00,0.00,2 564.52,
2025.12.26 06:51:54,4443,XAUUSD,sell,out,0.02,4510.45,4450,-0.07,0.00,0.12,2 564.57,sl 4510.46
2025.12.26 07:00:17,4444,XAUUSD,buy,in,0.02,4508.76,4451,-0.07,0.00,0.00,2 564.50,
2025.12.26 07:05:09,4445,XAUUSD,sell,out,0.02,4509.92,4452,-0.07,0.00,2.32,2 566.75,sl 4510.11
2025.12.26 07:24:23,4446,XAUUSD,buy,in,0.02,4508.96,4453,-0.07,0.00,0.00,2 566.68,
2025.12.26 07:30:56,4447,XAUUSD,sell,out,0.02,4512.50,4454,-0.07,0.00,7.08,2 573.69,sl 4512.51
2025.12.26 07:48:27,4448,XAUUSD,buy,in,0.02,4512.75,4455,-0.07,0.00,0.00,2 573.62,
2025.12.26 08:07:48,4449,XAUUSD,sell,out,0.02,4512.82,4456,-0.07,0.00,0.14,2 573.69,sl 4512.96
2025.12.26 08:12:30,4450,XAUUSD,buy,in,0.02,4511.21,4457,-0.07,0.00,0.00,2 573.62,
2025.12.26 08:14:56,4451,XAUUSD,sell,out,0.02,4512.57,4458,-0.07,0.00,2.72,2 576.27,sl 4512.60
2025.12.26 08:36:33,4452,XAUUSD,buy,in,0.02,4516.13,4459,-0.07,0.00,0.00,2 576.20,
2025.12.26 08:40:07,4453,XAUUSD,sell,out,0.02,4517.08,4460,-0.07,0.00,1.90,2 578.03,sl 4517.15
2025.12.26 09:00:40,4454,XAUUSD,buy,in,0.02,4511.58,4461,-0.07,0.00,0.00,2 577.96,
2025.12.26 09:01:07,4455,XAUUSD,sell,out,0.02,4511.67,4462,-0.07,0.00,0.18,2 578.07,sl 4511.72
2025.12.26 09:24:39,4456,XAUUSD,buy,in,0.02,4513.09,4463,-0.07,0.00,0.00,2 578.00,
2025.12.26 10:03:25,4457,XAUUSD,sell,out,0.02,4513.25,4464,-0.07,0.00,0.32,2 578.25,sl 4513.33
2025.12.26 10:03:33,4458,XAUUSD,buy,in,0.02,4513.38,4465,-0.07,0.00,0.00,2 578.18,
2025.12.26 10:09:39,4459,XAUUSD,sell,out,0.02,4513.46,4466,-0.07,0.00,0.16,2 578.27,sl 4513.50
2025.12.26 10:27:38,4460,XAUUSD,buy,in,0.02,4514.93,4467,-0.07,0.00,0.00,2 578.20,
2025.12.26 10:29:00,4461,XAUUSD,sell,out,0.02,4515.35,4468,-0.07,0.00,0.84,2 578.97,sl 4515.37
2025.12.26 10:51:43,4462,XAUUSD,buy,in,0.02,4516.80,4469,-0.07,0.00,0.00,2 578.90,
2025.12.26 10:57:49,4463,XAUUSD,sell,out,0.02,4517.11,4470,-0.07,0.00,0.62,2 579.45,sl 4517.15
2025.12.26 11:15:48,4464,XAUUSD,buy,in,0.02,4516.16,4471,-0.07,0.00,0.00,2 579.38,
2025.12.26 11:22:22,4465,XAUUSD,sell,out,0.02,4517.19,4472,-0.07,0.00,2.06,2 581.37,sl 4517.19
2025.12.26 11:39:51,4466,XAUUSD,buy,in,0.02,4516.38,4473,-0.07,0.00,0.00,2 581.30,
2025.12.26 12:10:27,4467,XAUUSD,sell,out,0.02,4516.59,4474,-0.07,0.00,0.42,2 581.65,sl 4516.59
2025.12.26 12:10:35,4468,XAUUSD,buy,in,0.02,4516.53,4475,-0.07,0.00,0.00,2 581.58,
2025.12.26 12:12:18,4469,XAUUSD,sell,out,0.02,4517.76,4476,-0.07,0.00,2.46,2 583.97,sl 4517.76
2025.12.26 12:34:35,4470,XAUUSD,buy,in,0.02,4521.37,4477,-0.07,0.00,0.00,2 583.90,
2025.12.26 14:12:41,4471,XAUUSD,sell,in,0.18,4508.03,4478,-0.63,0.00,0.00,2 583.27,
2025.12.26 14:59:24,4472,XAUUSD,buy,out,0.18,4507.61,4479,-0.63,0.00,7.56,2 590.20,sl 4507.52
2025.12.26 15:32:13,4473,XAUUSD,sell,out,0.02,4521.32,4480,-0.07,0.00,-0.10,2 590.03,sl 4521.43
2025.12.29 03:16:42,4474,XAUUSD,buy,in,0.02,4516.99,4481,-0.07,0.00,0.00,2 589.96,
2025.12.29 03:16:45,4475,XAUUSD,sell,out,0.02,4516.98,4482,-0.07,0.00,-0.02,2 589.87,sl 4517.01
2025.12.29 05:08:11,4476,XAUUSD,buy,in,0.02,4518.34,4483,-0.07,0.00,0.00,2 589.80,
2025.12.29 05:09:05,4477,XAUUSD,sell,out,0.02,4518.28,4484,-0.07,0.00,-0.12,2 589.61,sl 4518.42
2025.12.29 05:34:44,4478,XAUUSD,buy,in,0.02,4518.38,4485,-0.07,0.00,0.00,2 589.54,
2025.12.29 06:35:38,4479,XAUUSD,sell,out,0.02,4518.91,4486,-0.07,0.00,1.06,2 590.53,sl 4518.92
2025.12.29 09:00:13,4480,XAUUSD,sell,in,0.02,4464.22,4487,-0.07,0.00,0.00,2 590.46,
2025.12.29 09:00:56,4481,XAUUSD,buy,out,0.02,4458.68,4488,-0.07,0.00,11.08,2 601.47,sl 4458.64
2025.12.29 10:49:44,4482,XAUUSD,sell,in,0.02,4461.89,4489,-0.07,0.00,0.00,2 601.40,
2025.12.29 10:50:01,4483,XAUUSD,buy,out,0.02,4461.86,4490,-0.07,0.00,0.06,2 601.39,sl 4461.79
2025.12.29 11:23:32,4484,XAUUSD,sell,in,0.02,4462.77,4491,-0.07,0.00,0.00,2 601.32,
2025.12.29 11:32:40,4485,XAUUSD,buy,out,0.02,4462.86,4492,-0.07,0.00,-0.18,2 601.07,sl 4462.76
2025.12.29 12:30:05,4486,XAUUSD,sell,in,0.02,4462.60,4493,-0.07,0.00,0.00,2 601.00,
2025.12.29 12:30:48,4487,XAUUSD,buy,out,0.02,4461.84,4494,-0.07,0.00,1.52,2 602.45,sl 4461.83
2025.12.29 12:54:09,4488,XAUUSD,sell,in,0.02,4460.55,4495,-0.07,0.00,0.00,2 602.38,
2025.12.29 12:58:33,4489,XAUUSD,buy,out,0.02,4459.97,4496,-0.07,0.00,1.16,2 603.47,sl 4459.97
2025.12.29 13:36:25,4490,XAUUSD,sell,in,0.02,4460.92,4497,-0.07,0.00,0.00,2 603.40,
2025.12.29 13:36:37,4491,XAUUSD,buy,out,0.02,4459.86,4498,-0.07,0.00,2.12,2 605.45,sl 4459.85
2025.12.29 14:00:32,4492,XAUUSD,sell,in,0.02,4447.51,4499,-0.07,0.00,0.00,2 605.38,
2025.12.29 14:00:43,4493,XAUUSD,buy,out,0.02,4447.39,4500,-0.07,0.00,0.24,2 605.55,sl 4447.36
2025.12.29 14:24:40,4494,XAUUSD,sell,in,0.02,4454.55,4501,-0.07,0.00,0.00,2 605.48,
2025.12.29 14:24:47,4495,XAUUSD,buy,out,0.02,4454.48,4502,-0.07,0.00,0.14,2 605.55,sl 4454.46
2025.12.29 15:03:01,4496,XAUUSD,sell,in,0.02,4459.66,4503,-0.07,0.00,0.00,2 605.48,
2025.12.29 15:12:03,4497,XAUUSD,buy,out,0.02,4459.66,4504,-0.07,0.00,0.00,2 605.41,sl 4459.64
2025.12.29 15:27:01,4498,XAUUSD,sell,in,0.02,4453.12,4505,-0.07,0.00,0.00,2 605.34,
2025.12.29 15:28:29,4499,XAUUSD,buy,out,0.02,4446.21,4506,-0.07,0.00,13.82,2 619.09,sl 4446.19
2025.12.29 15:51:07,4500,XAUUSD,sell,in,0.02,4410.40,4507,-0.07,0.00,0.00,2 619.02,
2025.12.29 15:51:17,4501,XAUUSD,buy,out,0.02,4408.47,4508,-0.07,0.00,3.86,2 622.81,sl 4408.42
2025.12.29 16:15:07,4502,XAUUSD,sell,in,0.02,4396.99,4509,-0.07,0.00,0.00,2 622.74,
2025.12.29 16:19:24,4503,XAUUSD,buy,out,0.02,4394.09,4510,-0.07,0.00,5.80,2 628.47,sl 4393.95
2025.12.29 16:39:11,4504,XAUUSD,sell,in,0.02,4378.22,4511,-0.07,0.00,0.00,2 628.40,
2025.12.29 16:40:21,4505,XAUUSD,buy,out,0.02,4369.31,4512,-0.07,0.00,17.82,2 646.15,sl 4369.03
2025.12.29 17:03:18,4506,XAUUSD,sell,in,0.02,4343.14,4513,-0.07,0.00,0.00,2 646.08,
2025.12.29 17:03:39,4507,XAUUSD,buy,out,0.02,4343.12,4514,-0.07,0.00,0.04,2 646.05,sl 4343.12
2025.12.29 17:27:36,4508,XAUUSD,sell,in,0.02,4328.68,4515,-0.07,0.00,0.00,2 645.98,
2025.12.29 17:28:11,4509,XAUUSD,buy,out,0.02,4326.57,4516,-0.07,0.00,4.22,2 650.13,sl 4326.49
2025.12.29 17:51:41,4510,XAUUSD,sell,in,0.02,4326.63,4517,-0.07,0.00,0.00,2 650.06,
2025.12.29 17:52:04,4511,XAUUSD,buy,out,0.02,4326.52,4518,-0.07,0.00,0.22,2 650.21,sl 4326.51
2025.12.29 18:15:47,4512,XAUUSD,sell,in,0.02,4329.24,4519,-0.07,0.00,0.00,2 650.14,
2025.12.29 18:16:35,4513,XAUUSD,buy,out,0.02,4326.79,4520,-0.07,0.00,4.90,2 654.97,sl 4326.72
2025.12.29 18:39:51,4514,XAUUSD,sell,in,0.02,4340.93,4521,-0.07,0.00,0.00,2 654.90,
2025.12.29 18:40:16,4515,XAUUSD,buy,out,0.02,4340.34,4522,-0.07,0.00,1.18,2 656.01,sl 4340.34
2025.12.29 19:03:57,4516,XAUUSD,sell,in,0.02,4339.02,4523,-0.07,0.00,0.00,2 655.94,
2025.12.29 19:04:20,4517,XAUUSD,buy,out,0.02,4338.76,4524,-0.07,0.00,0.52,2 656.39,sl 4338.74
2025.12.29 19:27:58,4518,XAUUSD,sell,in,0.02,4326.91,4525,-0.07,0.00,0.00,2 656.32,
2025.12.29 19:28:31,4519,XAUUSD,buy,out,0.02,4326.83,4526,-0.07,0.00,0.16,2 656.41,sl 4326.81
2025.12.29 19:51:59,4520,XAUUSD,sell,in,0.02,4324.12,4527,-0.07,0.00,0.00,2 656.34,
2025.12.29 19:52:20,4521,XAUUSD,buy,out,0.02,4324.13,4528,-0.07,0.00,-0.02,2 656.25,sl 4324.02
2025.12.29 20:16:00,4522,XAUUSD,sell,in,0.02,4331.06,4529,-0.07,0.00,0.00,2 656.18,
2025.12.29 20:16:10,4523,XAUUSD,buy,out,0.02,4331.01,4530,-0.07,0.00,0.10,2 656.21,sl 4330.99
2025.12.29 20:40:01,4524,XAUUSD,sell,in,0.02,4331.48,4531,-0.07,0.00,0.00,2 656.14,
2025.12.29 20:44:36,4525,XAUUSD,buy,out,0.02,4329.43,4532,-0.07,0.00,4.10,2 660.17,sl 4329.39
2025.12.29 21:04:05,4526,XAUUSD,sell,in,0.02,4330.08,4533,-0.07,0.00,0.00,2 660.10,
2025.12.29 21:06:29,4527,XAUUSD,buy,out,0.02,4329.75,4534,-0.07,0.00,0.66,2 660.69,sl 4329.67
2025.12.29 21:28:06,4528,XAUUSD,sell,in,0.02,4331.55,4535,-0.07,0.00,0.00,2 660.62,
2025.12.29 21:30:24,4529,XAUUSD,buy,out,0.02,4331.07,4536,-0.07,0.00,0.96,2 661.51,sl 4331.04
2025.12.29 21:52:07,4530,XAUUSD,sell,in,0.02,4331.97,4537,-0.07,0.00,0.00,2 661.44,
2025.12.29 22:36:57,4531,XAUUSD,buy,out,0.02,4330.93,4538,-0.07,0.00,2.08,2 663.45,sl 4330.83
2025.12.29 22:37:07,4532,XAUUSD,sell,in,0.02,4330.30,4539,-0.07,0.00,0.00,2 663.38,
2025.12.29 22:37:49,4533,XAUUSD,buy,out,0.02,4328.73,4540,-0.07,0.00,3.14,2 666.45,sl 4328.73
2025.12.29 23:01:19,4534,XAUUSD,sell,in,0.02,4331.27,4541,-0.07,0.00,0.00,2 666.38,
2025.12.29 23:01:48,4535,XAUUSD,buy,out,0.02,4330.65,4542,-0.07,0.00,1.24,2 667.55,sl 4330.64
2025.12.29 23:25:27,4536,XAUUSD,sell,in,0.02,4334.29,4543,-0.07,0.00,0.00,2 667.48,
2025.12.29 23:27:43,4537,XAUUSD,buy,out,0.02,4333.54,4544,-0.07,0.00,1.50,2 668.91,sl 4333.45
2025.12.29 23:49:27,4538,XAUUSD,sell,in,0.02,4331.50,4545,-0.07,0.00,0.00,2 668.84,
2025.12.29 23:56:51,4539,XAUUSD,buy,out,0.02,4331.61,4546,-0.07,0.00,-0.22,2 668.55,sl 4331.49
2025.12.30 01:02:00,4540,XAUUSD,sell,in,0.02,4336.23,4547,-0.07,0.00,0.00,2 668.48,
2025.12.30 01:16:00,4541,XAUUSD,buy,out,0.02,4335.55,4548,-0.07,0.00,1.36,2 669.77,sl 4335.54
2025.12.30 01:26:08,4542,XAUUSD,sell,in,0.02,4330.74,4549,-0.07,0.00,0.00,2 669.70,
2025.12.30 03:04:11,4543,XAUUSD,buy,in,0.18,4333.44,4550,-0.63,0.00,0.00,2 669.07,
2025.12.30 03:05:05,4544,XAUUSD,buy,out,0.02,4328.55,4551,-0.07,0.00,4.38,2 673.38,sl 4328.55
2025.12.30 03:07:26,4545,XAUUSD,sell,out,0.18,4334.06,4552,-0.63,0.00,11.16,2 683.91,sl 4334.13
2026.01.02 10:46:42,4546,XAUUSD,buy,in,0.02,4394.66,4553,-0.07,0.00,0.00,2 683.84,
2026.01.02 10:47:28,4547,XAUUSD,sell,out,0.02,4396.62,4554,-0.07,0.00,3.92,2 687.69,sl 4396.62
2026.01.02 12:41:07,4548,XAUUSD,buy,in,0.02,4395.67,4555,-0.07,0.00,0.00,2 687.62,
2026.01.02 12:41:53,4549,XAUUSD,sell,out,0.02,4395.60,4556,-0.07,0.00,-0.14,2 687.41,sl 4395.69
2026.01.02 13:05:12,4550,XAUUSD,buy,in,0.02,4397.24,4557,-0.07,0.00,0.00,2 687.34,
2026.01.02 13:20:33,4551,XAUUSD,sell,out,0.02,4397.29,4558,-0.07,0.00,0.10,2 687.37,sl 4397.31
2026.01.02 14:10:19,4552,XAUUSD,buy,in,0.02,4397.18,4559,-0.07,0.00,0.00,2 687.30,
2026.01.02 14:19:00,4553,XAUUSD,sell,out,0.02,4397.31,4560,-0.07,0.00,0.26,2 687.49,sl 4397.33
2026.01.02 15:04:21,4554,XAUUSD,buy,in,0.02,4397.80,4561,-0.07,0.00,0.00,2 687.42,
2026.01.02 15:13:29,4555,XAUUSD,sell,out,0.02,4398.69,4562,-0.07,0.00,1.78,2 689.13,sl 4398.69
2026.01.02 17:05:13,4556,XAUUSD,sell,in,0.02,4342.82,4563,-0.07,0.00,0.00,2 689.06,
2026.01.02 17:05:36,4557,XAUUSD,buy,out,0.02,4342.77,4564,-0.07,0.00,0.10,2 689.09,sl 4342.77
2026.01.02 17:29:13,4558,XAUUSD,sell,in,0.02,4336.97,4565,-0.07,0.00,0.00,2 689.02,
2026.01.02 17:29:32,4559,XAUUSD,buy,out,0.02,4336.98,4566,-0.07,0.00,-0.02,2 688.93,sl 4336.96
2026.01.02 17:53:18,4560,XAUUSD,sell,in,0.02,4340.23,4567,-0.07,0.00,0.00,2 688.86,
2026.01.02 17:53:42,4561,XAUUSD,buy,out,0.02,4340.19,4568,-0.07,0.00,0.08,2 688.87,sl 4340.17
2026.01.02 18:17:26,4562,XAUUSD,sell,in,0.02,4318.87,4569,-0.07,0.00,0.00,2 688.80,
2026.01.02 18:17:37,4563,XAUUSD,buy,out,0.02,4318.86,4570,-0.07,0.00,0.02,2 688.75,sl 4318.86
2026.01.02 18:41:39,4564,XAUUSD,sell,in,0.02,4326.48,4571,-0.07,0.00,0.00,2 688.68,
2026.01.02 18:43:04,4565,XAUUSD,buy,out,0.02,4324.60,4572,-0.07,0.00,3.76,2 692.37,sl 4324.58
2026.01.02 19:05:42,4566,XAUUSD,sell,in,0.02,4332.55,4573,-0.07,0.00,0.00,2 692.30,
2026.01.02 19:06:17,4567,XAUUSD,buy,out,0.02,4331.36,4574,-0.07,0.00,2.38,2 694.61,sl 4331.33
2026.01.02 19:29:50,4568,XAUUSD,sell,in,0.02,4328.34,4575,-0.07,0.00,0.00,2 694.54,
2026.01.02 19:31:46,4569,XAUUSD,buy,out,0.02,4327.53,4576,-0.07,0.00,1.62,2 696.09,sl 4327.53
2026.01.02 19:53:51,4570,XAUUSD,sell,in,0.02,4324.15,4577,-0.07,0.00,0.00,2 696.02,
2026.01.02 20:00:21,4571,XAUUSD,buy,out,0.02,4322.49,4578,-0.07,0.00,3.32,2 699.27,sl 4322.28
2026.01.02 20:17:59,4572,XAUUSD,sell,in,0.02,4314.02,4579,-0.07,0.00,0.00,2 699.20,
2026.01.02 20:36:45,4573,XAUUSD,buy,out,0.02,4314.09,4580,-0.07,0.00,-0.14,2 698.99,sl 4313.99
2026.01.02 20:42:04,4574,XAUUSD,sell,in,0.02,4313.35,4581,-0.07,0.00,0.00,2 698.92,
2026.01.02 20:42:52,4575,XAUUSD,buy,out,0.02,4311.95,4582,-0.07,0.00,2.80,2 701.65,sl 4311.95
2026.01.02 21:06:11,4576,XAUUSD,sell,in,0.02,4321.22,4583,-0.07,0.00,0.00,2 701.58,
2026.01.02 21:06:59,4577,XAUUSD,buy,out,0.02,4319.23,4584,-0.07,0.00,3.98,2 705.49,sl 4319.17
2026.01.02 21:30:17,4578,XAUUSD,sell,in,0.02,4319.30,4585,-0.07,0.00,0.00,2 705.42,
2026.01.02 21:30:38,4579,XAUUSD,buy,out,0.02,4319.37,4586,-0.07,0.00,-0.14,2 705.21,sl 4319.27
2026.01.02 21:54:22,4580,XAUUSD,sell,in,0.02,4319.27,4587,-0.07,0.00,0.00,2 705.14,
2026.01.02 21:58:49,4581,XAUUSD,buy,out,0.02,4319.21,4588,-0.07,0.00,0.12,2 705.19,sl 4319.21
2026.01.02 22:18:22,4582,XAUUSD,sell,in,0.02,4321.00,4589,-0.07,0.00,0.00,2 705.12,
2026.01.02 23:56:25,4583,XAUUSD,buy,in,0.18,4333.18,4590,-0.63,0.00,0.00,2 704.49,
2026.01.05 01:02:10,4584,XAUUSD,sell,out,0.18,4352.98,4591,-0.63,-10.27,356.40,3 049.99,
2026.01.05 01:02:18,4585,XAUUSD,buy,out,0.02,4352.81,4592,-0.07,0.81,-63.62,2 987.11,
2026.01.05 02:28:47,4586,XAUUSD,buy,in,0.02,4389.08,4593,-0.07,0.00,0.00,2 987.04,
2026.01.05 02:31:52,4587,XAUUSD,sell,out,0.02,4389.93,4594,-0.07,0.00,1.70,2 988.67,sl 4389.94
2026.01.05 02:52:52,4588,XAUUSD,buy,in,0.02,4390.64,4595,-0.07,0.00,0.00,2 988.60,
2026.01.05 02:54:02,4589,XAUUSD,sell,out,0.02,4391.89,4596,-0.07,0.00,2.50,2 991.03,sl 4391.92
2026.01.05 03:17:00,4590,XAUUSD,buy,in,0.02,4403.07,4597,-0.07,0.00,0.00,2 990.96,
2026.01.05 03:19:00,4591,XAUUSD,sell,out,0.02,4403.08,4598,-0.07,0.00,0.02,2 990.91,sl 4403.12
2026.01.05 03:41:02,4592,XAUUSD,buy,in,0.02,4402.36,4599,-0.07,0.00,0.00,2 990.84,
2026.01.05 03:41:44,4593,XAUUSD,sell,out,0.02,4402.20,4600,-0.07,0.00,-0.32,2 990.45,sl 4402.79
2026.01.05 04:05:10,4594,XAUUSD,buy,in,0.02,4399.61,4601,-0.07,0.00,0.00,2 990.38,
2026.01.05 04:26:36,4595,XAUUSD,sell,out,0.02,4400.93,4602,-0.07,0.00,2.64,2 992.95,sl 4400.94
2026.01.05 04:29:15,4596,XAUUSD,buy,in,0.02,4401.81,4603,-0.07,0.00,0.00,2 992.88,
2026.01.05 04:29:27,4597,XAUUSD,sell,out,0.02,4401.84,4604,-0.07,0.00,0.06,2 992.87,sl 4401.90
2026.01.05 04:53:17,4598,XAUUSD,buy,in,0.02,4408.03,4605,-0.07,0.00,0.00,2 992.80,
2026.01.05 04:55:07,4599,XAUUSD,sell,out,0.02,4408.09,4606,-0.07,0.00,0.12,2 992.85,sl 4408.11
2026.01.05 05:17:27,4600,XAUUSD,buy,in,0.02,4411.72,4607,-0.07,0.00,0.00,2 992.78,
2026.01.05 06:55:35,4601,XAUUSD,sell,in,0.18,4404.15,4608,-0.63,0.00,0.00,2 992.15,
2026.01.05 07:30:02,4602,XAUUSD,sell,out,0.02,4411.95,4609,-0.07,0.00,0.46,2 992.54,sl 4411.97
2026.01.05 07:44:23,4603,XAUUSD,buy,out,0.18,4403.72,4610,-0.63,0.00,7.74,2 999.65,sl 4403.66
2026.01.07 10:37:00,4604,XAUUSD,buy,in,0.02,4469.55,4611,-0.07,0.00,0.00,2 999.58,
2026.01.07 10:39:15,4605,XAUUSD,sell,out,0.02,4471.45,4612,-0.07,0.00,3.80,3 003.31,sl 4471.45
2026.01.08 07:43:21,4606,XAUUSD,sell,in,0.02,4418.36,4613,-0.07,0.00,0.00,3 003.24,
2026.01.08 07:43:33,4607,XAUUSD,buy,out,0.02,4417.91,4614,-0.07,0.00,0.90,3 004.07,sl 4417.89
2026.01.08 08:07:22,4608,XAUUSD,sell,in,0.02,4417.31,4615,-0.07,0.00,0.00,3 004.00,
2026.01.08 09:45:31,4609,XAUUSD,buy,in,0.18,4430.63,4616,-0.63,0.00,0.00,3 003.37,
2026.01.08 09:46:08,4610,XAUUSD,sell,out,0.18,4431.80,4617,-0.63,0.00,21.06,3 023.80,sl 4431.89
2026.01.08 14:02:44,4611,XAUUSD,buy,out,0.02,4417.27,4618,-0.07,0.00,0.08,3 023.81,sl 4417.24
2026.01.08 22:27:38,4612,XAUUSD,buy,in,0.02,4472.15,4619,-0.07,0.00,0.00,3 023.74,
2026.01.08 22:28:00,4613,XAUUSD,sell,out,0.02,4472.15,4620,-0.07,0.00,0.00,3 023.67,sl 4472.17
2026.01.08 22:51:42,4614,XAUUSD,buy,in,0.02,4476.11,4621,-0.07,0.00,0.00,3 023.60,
2026.01.08 22:51:57,4615,XAUUSD,sell,out,0.02,4476.15,4622,-0.07,0.00,0.08,3 023.61,sl 4476.16
2026.01.08 23:15:49,4616,XAUUSD,buy,in,0.02,4477.93,4623,-0.07,0.00,0.00,3 023.54,
2026.01.08 23:54:42,4617,XAUUSD,sell,out,0.02,4477.88,4624,-0.07,0.00,-0.10,3 023.37,sl 4477.95
2026.01.08 23:54:49,4618,XAUUSD,buy,in,0.02,4477.74,4625,-0.07,0.00,0.00,3 023.30,
2026.01.09 01:02:16,4619,XAUUSD,sell,out,0.02,4483.39,4626,-0.07,-1.14,11.30,3 033.39,sl 4483.50
2026.01.09 01:02:21,4620,XAUUSD,buy,in,0.02,4483.58,4627,-0.07,0.00,0.00,3 033.32,
2026.01.09 02:40:23,4621,XAUUSD,sell,in,0.18,4467.19,4628,-0.63,0.00,0.00,3 032.69,
2026.01.09 02:47:00,4622,XAUUSD,buy,out,0.18,4467.13,4629,-0.63,0.00,1.08,3 033.14,sl 4467.13
2026.01.09 15:32:53,4623,XAUUSD,sell,out,0.02,4484.28,4630,-0.07,0.00,1.40,3 034.47,sl 4484.34
2026.01.16 17:28:55,4624,XAUUSD,sell,in,0.02,4573.39,4631,-0.07,0.00,0.00,3 034.40,
2026.01.16 17:29:04,4625,XAUUSD,buy,out,0.02,4571.58,4632,-0.07,0.00,3.62,3 037.95,sl 4571.46
2026.01.16 17:53:02,4626,XAUUSD,sell,in,0.02,4560.89,4633,-0.07,0.00,0.00,3 037.88,
2026.01.16 19:31:07,4627,XAUUSD,buy,in,0.18,4581.47,4634,-0.63,0.00,0.00,3 037.25,
2026.01.16 19:31:33,4628,XAUUSD,sell,out,0.18,4581.74,4635,-0.63,0.00,4.86,3 041.48,sl 4581.74
2026.01.19 01:18:03,4629,XAUUSD,buy,in,0.18,4662.28,4636,-0.63,0.00,0.00,3 040.85,
2026.01.19 01:20:05,4630,XAUUSD,sell,out,0.18,4662.18,4637,-0.63,0.00,-1.80,3 038.42,sl 4662.43
2026.01.19 01:36:08,4631,XAUUSD,buy,in,0.18,4677.04,4638,-0.63,0.00,0.00,3 037.79,
2026.01.19 01:36:59,4632,XAUUSD,sell,out,0.18,4678.77,4639,-0.63,0.00,31.14,3 068.30,sl 4678.78
2026.01.19 01:54:09,4633,XAUUSD,buy,in,0.18,4669.56,4640,-0.63,0.00,0.00,3 067.67,
2026.01.19 01:54:56,4634,XAUUSD,sell,out,0.18,4672.35,4641,-0.63,0.00,50.22,3 117.26,sl 4672.38
2026.01.20 07:46:32,4635,XAUUSD,buy,out,0.02,4707.52,4642,-0.07,1.62,-293.26,2 825.55,sl 4707.48
2026.01.21 22:01:14,4636,XAUUSD,buy,in,0.02,4786.24,4643,-0.07,0.00,0.00,2 825.48,
2026.01.21 22:14:36,4637,XAUUSD,sell,out,0.02,4786.38,4644,-0.07,0.00,0.28,2 825.69,sl 4786.43
2026.01.21 22:25:19,4638,XAUUSD,buy,in,0.02,4796.14,4645,-0.07,0.00,0.00,2 825.62,
2026.01.21 22:26:34,4639,XAUUSD,sell,out,0.02,4797.22,4646,-0.07,0.00,2.16,2 827.71,sl 4797.23
2026.01.21 22:49:25,4640,XAUUSD,buy,in,0.02,4820.93,4647,-0.07,0.00,0.00,2 827.64,
2026.01.21 22:50:51,4641,XAUUSD,sell,out,0.02,4822.71,4648,-0.07,0.00,3.56,2 831.13,sl 4822.81
2026.01.21 23:13:31,4642,XAUUSD,buy,in,0.02,4824.18,4649,-0.07,0.00,0.00,2 831.06,
2026.01.21 23:15:48,4643,XAUUSD,sell,out,0.02,4825.13,4650,-0.07,0.00,1.90,2 832.89,sl 4825.15
2026.01.21 23:37:31,4644,XAUUSD,buy,in,0.02,4838.46,4651,-0.07,0.00,0.00,2 832.82,
2026.01.21 23:47:40,4645,XAUUSD,sell,out,0.02,4838.49,4652,-0.07,0.00,0.06,2 832.81,sl 4838.57
2026.01.22 01:02:02,4646,XAUUSD,buy,in,0.02,4828.79,4653,-0.07,0.00,0.00,2 832.74,
2026.01.22 02:40:11,4647,XAUUSD,sell,in,0.18,4785.03,4654,-0.63,0.00,0.00,2 832.11,
2026.01.22 02:40:18,4648,XAUUSD,buy,out,0.18,4785.03,4655,-0.63,0.00,0.00,2 831.48,sl 4784.96
2026.01.22 09:02:56,4649,XAUUSD,sell,out,0.02,4829.85,4656,-0.07,0.00,2.12,2 833.53,sl 4829.88
2026.01.29 17:17:00,4650,XAUUSD,buy,in,0.02,5327.10,4657,-0.07,0.00,0.00,2 833.46,
2026.01.29 17:18:49,4651,XAUUSD,sell,out,0.02,5341.89,4658,-0.07,0.00,29.58,2 862.97,sl 5342.06
2026.01.29 17:41:02,4652,XAUUSD,sell,in,0.02,5178.18,4660,-0.07,0.00,0.00,2 862.90,
2026.01.29 17:41:16,4653,XAUUSD,buy,out,0.02,5167.20,4661,-0.07,0.00,21.96,2 884.79,
2026.01.29 18:05:09,4654,XAUUSD,sell,in,0.02,5231.98,4662,-0.07,0.00,0.00,2 884.72,
2026.01.29 18:08:11,4655,XAUUSD,buy,out,0.02,5231.88,4663,-0.07,0.00,0.20,2 884.85,sl 5231.86
2026.01.29 18:35:39,4656,XAUUSD,sell,in,0.02,5275.08,4664,-0.07,0.00,0.00,2 884.78,
2026.01.29 18:36:13,4657,XAUUSD,buy,out,0.02,5261.56,4665,-0.07,0.00,27.04,2 911.75,sl 5261.44
2026.01.29 18:59:40,4658,XAUUSD,sell,in,0.02,5262.78,4666,-0.07,0.00,0.00,2 911.68,
2026.01.29 18:59:55,4659,XAUUSD,buy,out,0.02,5262.71,4667,-0.07,0.00,0.14,2 911.75,sl 5262.58
2026.01.29 19:23:41,4660,XAUUSD,buy,in,0.02,5333.23,4668,-0.07,0.00,0.00,2 911.68,
2026.01.29 19:23:51,4661,XAUUSD,sell,out,0.02,5337.20,4669,-0.07,0.00,7.94,2 919.55,sl 5337.53
2026.01.29 19:47:45,4662,XAUUSD,buy,in,0.02,5352.85,4670,-0.07,0.00,0.00,2 919.48,
2026.01.29 19:47:55,4663,XAUUSD,sell,out,0.02,5352.92,4671,-0.07,0.00,0.14,2 919.55,sl 5352.93
2026.01.29 20:11:49,4664,XAUUSD,buy,in,0.02,5348.58,4672,-0.07,0.00,0.00,2 919.48,
2026.01.29 20:12:00,4665,XAUUSD,sell,out,0.02,5350.04,4673,-0.07,0.00,2.92,2 922.33,sl 5350.04
2026.01.29 20:36:00,4666,XAUUSD,buy,in,0.02,5347.90,4674,-0.07,0.00,0.00,2 922.26,
2026.01.29 20:37:26,4667,XAUUSD,sell,out,0.02,5358.17,4675,-0.07,0.00,20.54,2 942.73,sl 5358.43
2026.01.29 21:00:01,4668,XAUUSD,buy,in,0.02,5339.61,4676,-0.07,0.00,0.00,2 942.66,
2026.01.29 21:04:14,4669,XAUUSD,sell,out,0.02,5342.70,4677,-0.07,0.00,6.18,2 948.77,sl 5342.96
2026.01.29 22:37:56,4670,XAUUSD,buy,in,0.02,5333.69,4678,-0.07,0.00,0.00,2 948.70,
2026.01.29 22:38:30,4671,XAUUSD,sell,out,0.02,5338.20,4679,-0.07,0.00,9.02,2 957.65,sl 5338.31
2026.01.29 23:01:59,4672,XAUUSD,buy,in,0.02,5401.93,4680,-0.07,0.00,0.00,2 957.58,
2026.01.29 23:02:17,4673,XAUUSD,sell,out,0.02,5401.85,4681,-0.07,0.00,-0.16,2 957.35,sl 5401.97
2026.01.29 23:26:01,4674,XAUUSD,buy,in,0.02,5408.71,4682,-0.07,0.00,0.00,2 957.28,
2026.01.29 23:26:18,4675,XAUUSD,sell,out,0.02,5410.38,4683,-0.07,0.00,3.34,2 960.55,sl 5410.42
2026.01.29 23:50:04,4676,XAUUSD,buy,in,0.02,5395.64,4684,-0.07,0.00,0.00,2 960.48,
2026.01.30 01:02:12,4677,XAUUSD,sell,out,0.02,5412.31,4685,-0.07,-1.14,33.34,2 992.61,
2026.01.30 01:02:12,4678,XAUUSD,buy,in,0.02,5412.42,4686,-0.07,0.00,0.00,2 992.54,
2026.01.30 01:02:24,4679,XAUUSD,sell,out,0.02,5411.84,4687,-0.07,0.00,-1.16,2 991.31,sl 5412.59
2026.01.30 01:26:18,4680,XAUUSD,buy,in,0.02,5406.80,4688,-0.07,0.00,0.00,2 991.24,
2026.01.30 01:27:21,4681,XAUUSD,sell,out,0.02,5414.30,4689,-0.07,0.00,15.00,3 006.17,sl 5414.67
2026.01.30 01:50:19,4682,XAUUSD,buy,in,0.02,5443.74,4690,-0.07,0.00,0.00,3 006.10,
2026.01.30 01:50:33,4683,XAUUSD,sell,out,0.02,5445.70,4691,-0.07,0.00,3.92,3 009.95,sl 5445.98
2026.01.30 02:14:26,4684,XAUUSD,buy,in,0.02,5446.74,4692,-0.07,0.00,0.00,3 009.88,
2026.01.30 02:14:55,4685,XAUUSD,sell,out,0.02,5447.87,4693,-0.07,0.00,2.26,3 012.07,sl 5447.98
2026.01.30 02:38:34,4686,XAUUSD,buy,in,0.02,5424.74,4694,-0.07,0.00,0.00,3 012.00,
2026.01.30 02:38:58,4687,XAUUSD,sell,out,0.02,5424.82,4695,-0.07,0.00,0.16,3 012.09,sl 5425.09
2026.01.30 03:02:37,4688,XAUUSD,buy,in,0.02,5397.44,4696,-0.07,0.00,0.00,3 012.02,
2026.01.30 03:57:34,4689,XAUUSD,sell,out,0.02,5313.86,4697,-0.07,0.00,-167.16,2 844.79,
2026.01.30 04:00:26,4690,XAUUSD,sell,in,0.02,5285.58,4698,-0.07,0.00,0.00,2 844.72,
2026.01.30 04:00:48,4691,XAUUSD,buy,out,0.02,5284.88,4699,-0.07,0.00,1.40,2 846.05,sl 5284.57
2026.01.30 04:24:34,4692,XAUUSD,sell,in,0.02,5160.91,4700,-0.07,0.00,0.00,2 845.98,
2026.01.30 04:29:33,4693,XAUUSD,buy,out,0.02,5160.91,4701,-0.07,0.00,0.00,2 845.91,sl 5160.86
2026.01.30 04:48:47,4694,XAUUSD,sell,in,0.02,5242.83,4702,-0.07,0.00,0.00,2 845.84,
2026.01.30 04:49:16,4695,XAUUSD,buy,out,0.02,5238.18,4703,-0.07,0.00,9.30,2 855.07,sl 5237.52
2026.01.30 05:13:00,4696,XAUUSD,sell,in,0.02,5190.19,4704,-0.07,0.00,0.00,2 855.00,
2026.01.30 05:13:44,4697,XAUUSD,buy,out,0.02,5180.48,4705,-0.07,0.00,19.42,2 874.35,sl 5180.14
2026.01.30 05:37:06,4698,XAUUSD,sell,in,0.02,5183.02,4706,-0.07,0.00,0.00,2 874.28,
2026.01.30 05:38:00,4699,XAUUSD,buy,out,0.02,5182.90,4707,-0.07,0.00,0.24,2 874.45,sl 5182.89
2026.01.30 06:01:13,4700,XAUUSD,sell,in,0.02,5202.83,4708,-0.07,0.00,0.00,2 874.38,
2026.01.30 06:26:16,4701,XAUUSD,buy,out,0.02,5203.04,4709,-0.07,0.00,-0.42,2 873.89,sl 5202.62
2026.01.30 06:26:33,4702,XAUUSD,sell,in,0.02,5202.24,4710,-0.07,0.00,0.00,2 873.82,
2026.01.30 06:26:50,4703,XAUUSD,buy,out,0.02,5202.31,4711,-0.07,0.00,-0.14,2 873.61,sl 5202.09
2026.01.30 06:50:36,4704,XAUUSD,sell,in,0.02,5209.76,4712,-0.07,0.00,0.00,2 873.54,
2026.01.30 06:51:36,4705,XAUUSD,buy,out,0.02,5204.46,4713,-0.07,0.00,10.60,2 884.07,sl 5204.08
2026.01.30 07:14:50,4706,XAUUSD,sell,in,0.02,5220.12,4714,-0.07,0.00,0.00,2 884.00,
2026.01.30 07:32:11,4707,XAUUSD,buy,out,0.02,5219.37,4715,-0.07,0.00,1.50,2 885.43,sl 5219.30
2026.01.30 07:38:56,4708,XAUUSD,sell,in,0.02,5232.54,4716,-0.07,0.00,0.00,2 885.36,
2026.01.30 07:39:03,4709,XAUUSD,buy,out,0.02,5232.72,4717,-0.07,0.00,-0.36,2 884.93,sl 5232.18
2026.01.30 08:03:01,4710,XAUUSD,sell,in,0.02,5196.06,4718,-0.07,0.00,0.00,2 884.86,
2026.01.30 08:05:46,4711,XAUUSD,buy,out,0.02,5196.06,4719,-0.07,0.00,0.00,2 884.79,sl 5195.91
2026.01.30 08:27:07,4712,XAUUSD,sell,in,0.02,5180.48,4720,-0.07,0.00,0.00,2 884.72,
2026.01.30 08:27:11,4713,XAUUSD,buy,out,0.02,5180.50,4721,-0.07,0.00,-0.04,2 884.61,sl 5180.22
2026.01.30 08:51:06,4714,XAUUSD,sell,in,0.02,5159.89,4722,-0.07,0.00,0.00,2 884.54,
2026.01.30 08:51:38,4715,XAUUSD,buy,out,0.02,5153.98,4723,-0.07,0.00,11.82,2 896.29,sl 5153.91
2026.01.30 09:15:07,4716,XAUUSD,sell,in,0.02,5176.03,4724,-0.07,0.00,0.00,2 896.22,
2026.01.30 09:15:25,4717,XAUUSD,buy,out,0.02,5175.33,4725,-0.07,0.00,1.40,2 897.55,sl 5175.04
2026.01.30 09:39:08,4718,XAUUSD,sell,in,0.02,5146.05,4726,-0.07,0.00,0.00,2 897.48,
2026.01.30 09:41:12,4719,XAUUSD,buy,out,0.02,5146.06,4727,-0.07,0.00,-0.02,2 897.39,sl 5146.01
2026.01.30 10:03:13,4720,XAUUSD,sell,in,0.02,5168.06,4728,-0.07,0.00,0.00,2 897.32,
2026.01.30 10:03:15,4721,XAUUSD,buy,out,0.02,5167.88,4729,-0.07,0.00,0.36,2 897.61,sl 5167.85
2026.01.30 10:27:21,4722,XAUUSD,sell,in,0.02,5166.28,4730,-0.07,0.00,0.00,2 897.54,
2026.01.30 10:28:13,4723,XAUUSD,buy,out,0.02,5165.69,4731,-0.07,0.00,1.18,2 898.65,sl 5165.66
2026.01.30 10:51:24,4724,XAUUSD,sell,in,0.02,5118.08,4732,-0.07,0.00,0.00,2 898.58,
2026.01.30 10:51:31,4725,XAUUSD,buy,out,0.02,5118.06,4733,-0.07,0.00,0.04,2 898.55,sl 5117.92
2026.01.30 11:15:29,4726,XAUUSD,sell,in,0.02,5039.70,4734,-0.07,0.00,0.00,2 898.48,
2026.01.30 11:16:43,4727,XAUUSD,buy,out,0.02,5039.87,4735,-0.07,0.00,-0.34,2 898.07,sl 5039.57
2026.01.30 11:39:30,4728,XAUUSD,sell,in,0.02,5040.98,4736,-0.07,0.00,0.00,2 898.00,
2026.01.30 11:40:26,4729,XAUUSD,buy,out,0.02,5026.63,4737,-0.07,0.00,28.70,2 926.63,sl 5026.26
2026.01.30 12:03:33,4730,XAUUSD,sell,in,0.02,5045.26,4738,-0.07,0.00,0.00,2 926.56,
2026.01.30 12:03:37,4731,XAUUSD,buy,out,0.02,5045.33,4739,-0.07,0.00,-0.14,2 926.35,sl 5045.23
2026.01.30 12:27:40,4732,XAUUSD,sell,in,0.02,5063.16,4740,-0.07,0.00,0.00,2 926.28,
2026.01.30 12:28:23,4733,XAUUSD,buy,out,0.02,5056.91,4741,-0.07,0.00,12.50,2 938.71,sl 5056.56
2026.01.30 12:51:44,4734,XAUUSD,sell,in,0.02,5083.12,4742,-0.07,0.00,0.00,2 938.64,
2026.01.30 14:29:48,4735,XAUUSD,buy,in,0.18,5122.48,4743,-0.63,0.00,0.00,2 938.01,
2026.01.30 14:30:40,4736,XAUUSD,sell,out,0.18,5127.60,4744,-0.63,0.00,92.16,3 029.54,sl 5127.66
2026.01.30 14:47:08,4737,XAUUSD,buy,out,0.02,5077.50,4745,-0.07,0.00,11.24,3 040.71,sl 5077.41
2026.02.03 09:37:04,4738,XAUUSD,buy,in,0.02,4928.61,4746,-0.07,0.00,0.00,3 040.64,
2026.02.03 09:40:40,4739,XAUUSD,sell,out,0.02,4931.14,4747,-0.07,0.00,5.06,3 045.63,sl 4931.14
2026.02.03 10:12:25,4740,XAUUSD,buy,in,0.02,4928.73,4748,-0.07,0.00,0.00,3 045.56,
2026.02.03 10:12:47,4741,XAUUSD,sell,out,0.02,4930.80,4749,-0.07,0.00,4.14,3 049.63,sl 4931.03
2026.02.03 10:36:32,4742,XAUUSD,buy,in,0.02,4938.39,4750,-0.07,0.00,0.00,3 049.56,
2026.02.03 10:40:57,4743,XAUUSD,sell,out,0.02,4939.78,4751,-0.07,0.00,2.78,3 052.27,sl 4939.79
2026.02.03 12:13:21,4744,XAUUSD,buy,in,0.02,4929.41,4752,-0.07,0.00,0.00,3 052.20,
2026.02.03 13:17:55,4745,XAUUSD,sell,out,0.02,4898.20,4753,-0.07,0.00,-62.42,2 989.71,
2026.02.03 14:02:27,4746,XAUUSD,buy,in,0.02,4930.14,4754,-0.07,0.00,0.00,2 989.64,
2026.02.03 14:02:31,4747,XAUUSD,sell,out,0.02,4930.20,4755,-0.07,0.00,0.12,2 989.69,sl 4930.41
2026.02.03 15:08:27,4748,XAUUSD,buy,in,0.02,4926.72,4756,-0.07,0.00,0.00,2 989.62,
2026.02.03 15:14:48,4749,XAUUSD,sell,out,0.02,4926.76,4757,-0.07,0.00,0.08,2 989.63,sl 4926.80
2026.02.03 15:32:27,4750,XAUUSD,buy,in,0.02,4935.89,4758,-0.07,0.00,0.00,2 989.56,
2026.02.03 15:33:07,4751,XAUUSD,sell,out,0.02,4935.12,4759,-0.07,0.00,-1.54,2 987.95,sl 4935.93
2026.02.03 15:56:40,4752,XAUUSD,buy,in,0.02,4929.54,4760,-0.07,0.00,0.00,2 987.88,
2026.02.03 15:57:02,4753,XAUUSD,sell,out,0.02,4929.32,4761,-0.07,0.00,-0.44,2 987.37,sl 4929.73
2026.02.03 17:08:54,4754,XAUUSD,buy,in,0.02,4935.61,4762,-0.07,0.00,0.00,2 987.30,
2026.02.03 17:09:22,4755,XAUUSD,sell,out,0.02,4936.76,4763,-0.07,0.00,2.30,2 989.53,sl 4937.11
2026.02.03 17:54:18,4756,XAUUSD,buy,in,0.02,4931.66,4764,-0.07,0.00,0.00,2 989.46,
2026.02.03 17:54:49,4757,XAUUSD,sell,out,0.02,4933.09,4765,-0.07,0.00,2.86,2 992.25,sl 4933.09
2026.02.03 18:18:23,4758,XAUUSD,buy,in,0.02,4963.92,4766,-0.07,0.00,0.00,2 992.18,
2026.02.03 18:20:00,4759,XAUUSD,sell,out,0.02,4966.48,4767,-0.07,0.00,5.12,2 997.23,sl 4966.61
2026.02.03 18:42:26,4760,XAUUSD,buy,in,0.02,4983.06,4768,-0.07,0.00,0.00,2 997.16,
2026.02.03 18:43:34,4761,XAUUSD,sell,out,0.02,4983.19,4769,-0.07,0.00,0.26,2 997.35,sl 4983.19
2026.02.03 19:06:25,4762,XAUUSD,buy,in,0.02,4953.76,4770,-0.07,0.00,0.00,2 997.28,
2026.02.03 19:17:18,4763,XAUUSD,sell,out,0.02,4953.84,4771,-0.07,0.00,0.16,2 997.37,sl 4953.88
2026.02.03 19:30:26,4764,XAUUSD,buy,in,0.02,4949.08,4772,-0.07,0.00,0.00,2 997.30,
2026.02.03 19:30:57,4765,XAUUSD,sell,out,0.02,4952.06,4773,-0.07,0.00,5.96,3 003.19,sl 4952.13
2026.02.03 19:54:32,4766,XAUUSD,buy,in,0.02,4939.57,4774,-0.07,0.00,0.00,3 003.12,
2026.02.03 19:54:45,4767,XAUUSD,sell,out,0.02,4939.59,4775,-0.07,0.00,0.04,3 003.09,sl 4939.59
2026.02.03 20:18:34,4768,XAUUSD,buy,in,0.02,4940.39,4776,-0.07,0.00,0.00,3 003.02,
2026.02.03 20:20:02,4769,XAUUSD,sell,out,0.02,4940.41,4777,-0.07,0.00,0.04,3 002.99,sl 4940.41
2026.02.03 21:35:39,4770,XAUUSD,buy,in,0.02,4933.83,4778,-0.07,0.00,0.00,3 002.92,
2026.02.03 21:36:12,4771,XAUUSD,sell,out,0.02,4935.34,4779,-0.07,0.00,3.02,3 005.87,sl 4935.37
2026.02.03 22:20:45,4772,XAUUSD,buy,in,0.02,4932.60,4780,-0.07,0.00,0.00,3 005.80,
2026.02.03 22:21:03,4773,XAUUSD,sell,out,0.02,4932.87,4781,-0.07,0.00,0.54,3 006.27,sl 4932.87
2026.02.03 22:44:53,4774,XAUUSD,buy,in,0.02,4951.58,4782,-0.07,0.00,0.00,3 006.20,
2026.02.03 22:45:33,4775,XAUUSD,sell,out,0.02,4954.91,4783,-0.07,0.00,6.66,3 012.79,sl 4954.92
2026.02.03 23:08:57,4776,XAUUSD,buy,in,0.02,4949.43,4784,-0.07,0.00,0.00,3 012.72,
2026.02.03 23:10:50,4777,XAUUSD,sell,out,0.02,4951.69,4785,-0.07,0.00,4.52,3 017.17,sl 4951.69
2026.02.03 23:33:01,4778,XAUUSD,buy,in,0.02,4954.94,4786,-0.07,0.00,0.00,3 017.10,
2026.02.03 23:33:45,4779,XAUUSD,sell,out,0.02,4955.44,4787,-0.07,0.00,1.00,3 018.03,sl 4955.47
2026.02.03 23:57:04,4780,XAUUSD,buy,in,0.02,4944.60,4788,-0.07,0.00,0.00,3 017.96,
2026.02.03 23:58:03,4781,XAUUSD,sell,out,0.02,4945.42,4789,-0.07,0.00,1.64,3 019.53,sl 4945.51
2026.02.04 01:02:04,4782,XAUUSD,buy,in,0.02,4961.20,4790,-0.07,0.00,0.00,3 019.46,
2026.02.04 01:02:22,4783,XAUUSD,sell,out,0.02,4965.28,4791,-0.07,0.00,8.16,3 027.55,sl 4965.75
2026.02.04 01:26:11,4784,XAUUSD,buy,in,0.02,4938.30,4792,-0.07,0.00,0.00,3 027.48,
2026.02.04 01:31:31,4785,XAUUSD,sell,out,0.02,4937.99,4793,-0.07,0.00,-0.62,3 026.79,sl 4938.79
2026.02.04 01:50:12,4786,XAUUSD,buy,in,0.02,4943.10,4794,-0.07,0.00,0.00,3 026.72,
2026.02.04 01:51:37,4787,XAUUSD,sell,out,0.02,4945.01,4795,-0.07,0.00,3.82,3 030.47,sl 4945.02
2026.02.04 02:14:16,4788,XAUUSD,buy,in,0.02,4979.40,4796,-0.07,0.00,0.00,3 030.40,
2026.02.04 02:14:56,4789,XAUUSD,sell,out,0.02,4986.27,4797,-0.07,0.00,13.74,3 044.07,sl 4986.39
2026.02.04 02:38:16,4790,XAUUSD,buy,in,0.02,4993.97,4798,-0.07,0.00,0.00,3 044.00,
2026.02.04 02:48:00,4791,XAUUSD,sell,out,0.02,4998.56,4799,-0.07,0.00,9.18,3 053.11,sl 4998.57
2026.02.04 03:02:23,4792,XAUUSD,buy,in,0.02,5010.24,4800,-0.07,0.00,0.00,3 053.04,
2026.02.04 03:03:36,4793,XAUUSD,sell,out,0.02,5014.20,4801,-0.07,0.00,7.92,3 060.89,sl 5014.21
2026.02.04 03:26:39,4794,XAUUSD,buy,in,0.02,5044.44,4802,-0.07,0.00,0.00,3 060.82,
2026.02.04 03:49:49,4795,XAUUSD,sell,out,0.02,5048.17,4803,-0.07,0.00,7.46,3 068.21,sl 5048.40
2026.02.04 03:50:39,4796,XAUUSD,buy,in,0.02,5048.03,4804,-0.07,0.00,0.00,3 068.14,
2026.02.04 04:00:38,4797,XAUUSD,sell,out,0.02,5050.20,4805,-0.07,0.00,4.34,3 072.41,sl 5050.23
2026.02.04 04:14:40,4798,XAUUSD,buy,in,0.02,5057.48,4806,-0.07,0.00,0.00,3 072.34,
2026.02.04 04:15:37,4799,XAUUSD,sell,out,0.02,5063.70,4807,-0.07,0.00,12.44,3 084.71,sl 5063.96
2026.02.04 04:38:47,4800,XAUUSD,buy,in,0.02,5042.63,4808,-0.07,0.00,0.00,3 084.64,
2026.02.04 04:39:23,4801,XAUUSD,sell,out,0.02,5045.00,4809,-0.07,0.00,4.74,3 089.31,sl 5045.05
2026.02.04 05:02:50,4802,XAUUSD,buy,in,0.02,5039.56,4810,-0.07,0.00,0.00,3 089.24,
2026.02.04 05:03:00,4803,XAUUSD,sell,out,0.02,5039.56,4811,-0.07,0.00,0.00,3 089.17,sl 5039.59
2026.02.04 05:26:57,4804,XAUUSD,buy,in,0.02,5052.86,4812,-0.07,0.00,0.00,3 089.10,
2026.02.04 05:27:58,4805,XAUUSD,sell,out,0.02,5054.18,4813,-0.07,0.00,2.64,3 091.67,sl 5054.18
2026.02.04 05:51:04,4806,XAUUSD,buy,in,0.02,5066.67,4814,-0.07,0.00,0.00,3 091.60,
2026.02.04 05:51:35,4807,XAUUSD,sell,out,0.02,5069.20,4815,-0.07,0.00,5.06,3 096.59,sl 5069.22
2026.02.04 06:15:11,4808,XAUUSD,buy,in,0.02,5073.58,4816,-0.07,0.00,0.00,3 096.52,
2026.02.04 06:46:42,4809,XAUUSD,sell,out,0.02,5073.86,4817,-0.07,0.00,0.56,3 097.01,sl 5073.88
2026.02.04 06:46:48,4810,XAUUSD,buy,in,0.02,5074.50,4818,-0.07,0.00,0.00,3 096.94,
2026.02.04 06:47:30,4811,XAUUSD,sell,out,0.02,5076.24,4819,-0.07,0.00,3.48,3 100.35,sl 5076.29
2026.02.04 07:11:03,4812,XAUUSD,buy,in,0.02,5081.51,4820,-0.07,0.00,0.00,3 100.28,
2026.02.04 07:12:07,4813,XAUUSD,sell,out,0.02,5081.49,4821,-0.07,0.00,-0.04,3 100.17,sl 5081.59
2026.02.04 07:35:09,4814,XAUUSD,buy,in,0.02,5075.49,4822,-0.07,0.00,0.00,3 100.10,
2026.02.04 07:35:43,4815,XAUUSD,sell,out,0.02,5077.15,4823,-0.07,0.00,3.32,3 103.35,sl 5077.17
2026.02.04 07:59:16,4816,XAUUSD,buy,in,0.02,5079.94,4824,-0.07,0.00,0.00,3 103.28,
2026.02.04 08:00:02,4817,XAUUSD,sell,out,0.02,5080.14,4825,-0.07,0.00,0.40,3 103.61,sl 5080.31
2026.02.04 08:23:16,4818,XAUUSD,buy,in,0.02,5058.40,4826,-0.07,0.00,0.00,3 103.54,
2026.02.04 08:23:54,4819,XAUUSD,sell,out,0.02,5058.10,4827,-0.07,0.00,-0.60,3 102.87,sl 5058.53
2026.02.04 08:47:16,4820,XAUUSD,buy,in,0.02,5078.76,4828,-0.07,0.00,0.00,3 102.80,
2026.02.04 08:47:23,4821,XAUUSD,sell,out,0.02,5079.32,4829,-0.07,0.00,1.12,3 103.85,sl 5079.37
2026.02.04 09:11:18,4822,XAUUSD,buy,in,0.02,5065.39,4830,-0.07,0.00,0.00,3 103.78,
2026.02.04 09:11:52,4823,XAUUSD,sell,out,0.02,5065.54,4831,-0.07,0.00,0.30,3 104.01,sl 5065.57
2026.02.04 09:35:25,4824,XAUUSD,buy,in,0.02,5072.81,4832,-0.07,0.00,0.00,3 103.94,
2026.02.04 09:36:33,4825,XAUUSD,sell,out,0.02,5072.76,4833,-0.07,0.00,-0.10,3 103.77,sl 5072.91
2026.02.04 09:59:30,4826,XAUUSD,buy,in,0.02,5087.95,4834,-0.07,0.00,0.00,3 103.70,
2026.02.04 10:01:16,4827,XAUUSD,sell,out,0.02,5090.87,4835,-0.07,0.00,5.84,3 109.47,sl 5091.13
2026.02.04 10:23:43,4828,XAUUSD,buy,in,0.02,5084.91,4836,-0.07,0.00,0.00,3 109.40,
2026.02.04 10:24:33,4829,XAUUSD,sell,out,0.02,5084.94,4837,-0.07,0.00,0.06,3 109.39,sl 5085.28
2026.02.04 10:47:44,4830,XAUUSD,buy,in,0.02,5075.02,4838,-0.07,0.00,0.00,3 109.32,
2026.02.04 10:48:33,4831,XAUUSD,sell,out,0.02,5074.96,4839,-0.07,0.00,-0.12,3 109.13,sl 5075.39
2026.02.04 11:11:48,4832,XAUUSD,buy,in,0.02,5073.72,4840,-0.07,0.00,0.00,3 109.06,
2026.02.04 12:49:57,4833,XAUUSD,sell,in,0.18,5053.77,4841,-0.63,0.00,0.00,3 108.43,
2026.02.04 12:50:58,4834,XAUUSD,buy,out,0.18,5053.47,4842,-0.63,0.00,5.40,3 113.20,sl 5053.32
2026.02.04 17:22:59,4835,XAUUSD,sell,out,0.02,4953.74,4843,-0.07,0.00,-239.96,2 873.17,
2026.02.04 17:31:26,4836,XAUUSD,sell,in,0.02,4930.82,4844,-0.07,0.00,0.00,2 873.10,
2026.02.04 17:31:31,4837,XAUUSD,buy,out,0.02,4930.68,4845,-0.07,0.00,0.28,2 873.31,sl 4930.66
2026.02.04 17:56:45,4838,XAUUSD,sell,in,0.02,4932.36,4846,-0.07,0.00,0.00,2 873.24,
2026.02.04 17:56:46,4839,XAUUSD,buy,out,0.02,4932.34,4847,-0.07,0.00,0.04,2 873.21,sl 4932.22
2026.02.04 18:20:49,4840,XAUUSD,sell,in,0.02,4910.98,4848,-0.07,0.00,0.00,2 873.14,
2026.02.04 18:21:09,4841,XAUUSD,buy,out,0.02,4908.98,4849,-0.07,0.00,4.00,2 877.07,sl 4908.94
2026.02.04 18:44:54,4842,XAUUSD,sell,in,0.02,4896.93,4850,-0.07,0.00,0.00,2 877.00,
2026.02.04 18:45:20,4843,XAUUSD,buy,out,0.02,4897.14,4851,-0.07,0.00,-0.42,2 876.51,sl 4896.92
2026.02.04 19:09:00,4844,XAUUSD,sell,in,0.02,4902.73,4852,-0.07,0.00,0.00,2 876.44,
2026.02.04 19:09:11,4845,XAUUSD,buy,out,0.02,4902.63,4853,-0.07,0.00,0.20,2 876.57,sl 4902.56
2026.02.04 19:33:00,4846,XAUUSD,sell,in,0.02,4923.26,4854,-0.07,0.00,0.00,2 876.50,
2026.02.04 19:33:09,4847,XAUUSD,buy,out,0.02,4923.57,4855,-0.07,0.00,-0.62,2 875.81,sl 4923.23
2026.02.04 19:57:01,4848,XAUUSD,sell,in,0.02,4904.11,4856,-0.07,0.00,0.00,2 875.74,
2026.02.04 19:58:40,4849,XAUUSD,buy,out,0.02,4904.42,4857,-0.07,0.00,-0.62,2 875.05,sl 4904.10
2026.02.04 20:21:04,4850,XAUUSD,sell,in,0.02,4898.60,4858,-0.07,0.00,0.00,2 874.98,
2026.02.04 20:21:27,4851,XAUUSD,buy,out,0.02,4898.03,4859,-0.07,0.00,1.14,2 876.05,sl 4897.99
2026.02.04 20:45:03,4852,XAUUSD,sell,in,0.02,4920.60,4860,-0.07,0.00,0.00,2 875.98,
2026.02.04 20:46:01,4853,XAUUSD,buy,out,0.02,4918.29,4861,-0.07,0.00,4.62,2 880.53,sl 4918.07
2026.02.04 21:21:13,4854,XAUUSD,sell,in,0.02,4929.92,4862,-0.07,0.00,0.00,2 880.46,
2026.02.04 21:22:39,4855,XAUUSD,buy,out,0.02,4922.00,4863,-0.07,0.00,15.84,2 896.23,sl 4921.87
2026.02.04 22:11:40,4856,XAUUSD,sell,in,0.02,4924.11,4864,-0.07,0.00,0.00,2 896.16,
2026.02.04 22:12:10,4857,XAUUSD,buy,out,0.02,4923.99,4865,-0.07,0.00,0.24,2 896.33,sl 4923.97
2026.02.04 22:36:07,4858,XAUUSD,sell,in,0.02,4930.92,4866,-0.07,0.00,0.00,2 896.26,
2026.02.04 23:15:17,4859,XAUUSD,buy,out,0.02,4958.28,4867,-0.07,0.00,-54.72,2 841.47,
2026.02.05 01:02:14,4860,XAUUSD,buy,in,0.02,4983.40,4868,-0.07,0.00,0.00,2 841.40,
2026.02.05 01:02:14,4861,XAUUSD,sell,out,0.02,4985.26,4869,-0.07,0.00,3.72,2 845.05,sl 4985.57
2026.02.05 01:26:20,4862,XAUUSD,buy,in,0.02,5016.49,4870,-0.07,0.00,0.00,2 844.98,
2026.02.05 01:28:50,4863,XAUUSD,sell,out,0.02,5018.87,4871,-0.07,0.00,4.76,2 849.67,sl 5018.97
2026.02.05 01:50:24,4864,XAUUSD,buy,in,0.02,5023.17,4872,-0.07,0.00,0.00,2 849.60,
2026.02.05 03:15:34,4865,XAUUSD,sell,out,0.02,4954.50,4873,-0.07,0.00,-137.34,2 712.19,
2026.02.05 04:07:47,4866,XAUUSD,sell,in,0.02,4932.98,4874,-0.07,0.00,0.00,2 712.12,
2026.02.05 04:11:28,4867,XAUUSD,buy,out,0.02,4932.60,4875,-0.07,0.00,0.76,2 712.81,sl 4932.58
2026.02.05 04:32:34,4868,XAUUSD,sell,in,0.02,4928.97,4876,-0.07,0.00,0.00,2 712.74,
2026.02.05 04:33:25,4869,XAUUSD,buy,out,0.02,4915.34,4877,-0.07,0.00,27.26,2 739.93,sl 4915.33
2026.02.05 04:56:39,4870,XAUUSD,sell,in,0.02,4847.90,4878,-0.07,0.00,0.00,2 739.86,
2026.02.05 04:56:43,4871,XAUUSD,buy,out,0.02,4847.16,4879,-0.07,0.00,1.48,2 741.27,sl 4846.90
2026.02.05 05:20:41,4872,XAUUSD,sell,in,0.02,4870.32,4881,-0.07,0.00,0.00,2 741.20,
2026.02.05 05:23:20,4873,XAUUSD,buy,out,0.02,4870.34,4882,-0.07,0.00,-0.04,2 741.09,sl 4870.16
2026.02.05 05:44:47,4874,XAUUSD,sell,in,0.02,4867.49,4883,-0.07,0.00,0.00,2 741.02,
2026.02.05 05:44:56,4875,XAUUSD,buy,out,0.02,4866.96,4884,-0.07,0.00,1.06,2 742.01,sl 4866.88
2026.02.05 06:08:46,4876,XAUUSD,sell,in,0.02,4865.18,4885,-0.07,0.00,0.00,2 741.94,
2026.02.05 07:00:02,4877,XAUUSD,buy,out,0.02,4864.46,4886,-0.07,0.00,1.44,2 743.31,sl 4864.46
2026.02.05 07:00:11,4878,XAUUSD,sell,in,0.02,4863.62,4887,-0.07,0.00,0.00,2 743.24,
2026.02.05 07:08:07,4879,XAUUSD,buy,out,0.02,4863.24,4888,-0.07,0.00,0.76,2 743.93,sl 4863.22
2026.02.05 07:24:18,4880,XAUUSD,sell,in,0.02,4856.87,4889,-0.07,0.00,0.00,2 743.86,
2026.02.05 07:24:29,4881,XAUUSD,buy,out,0.02,4855.29,4890,-0.07,0.00,3.16,2 746.95,sl 4855.18
2026.02.05 07:48:21,4882,XAUUSD,sell,in,0.02,4895.13,4891,-0.07,0.00,0.00,2 746.88,
2026.02.05 07:48:28,4883,XAUUSD,buy,out,0.02,4894.98,4892,-0.07,0.00,0.30,2 747.11,sl 4894.97
2026.02.05 08:12:22,4884,XAUUSD,sell,in,0.02,4912.63,4893,-0.07,0.00,0.00,2 747.04,
2026.02.05 08:12:32,4885,XAUUSD,buy,out,0.02,4912.84,4894,-0.07,0.00,-0.42,2 746.55,sl 4912.46
2026.02.05 08:36:24,4886,XAUUSD,sell,in,0.02,4914.88,4895,-0.07,0.00,0.00,2 746.48,
2026.02.05 08:36:33,4887,XAUUSD,buy,out,0.02,4913.08,4896,-0.07,0.00,3.60,2 750.01,sl 4913.04
2026.02.05 09:00:40,4888,XAUUSD,sell,in,0.02,4917.18,4897,-0.07,0.00,0.00,2 749.94,
2026.02.05 09:20:44,4889,XAUUSD,buy,out,0.02,4914.57,4898,-0.07,0.00,5.22,2 755.09,sl 4914.19
2026.02.05 09:33:14,4890,XAUUSD,sell,in,0.02,4918.83,4899,-0.07,0.00,0.00,2 755.02,
2026.02.05 09:33:23,4891,XAUUSD,buy,out,0.02,4918.56,4900,-0.07,0.00,0.54,2 755.49,sl 4918.40
2026.02.05 09:57:19,4892,XAUUSD,sell,in,0.02,4916.08,4901,-0.07,0.00,0.00,2 755.42,
2026.02.05 09:59:59,4893,XAUUSD,buy,out,0.02,4915.43,4902,-0.07,0.00,1.30,2 756.65,sl 4915.29
2026.02.05 10:30:16,4894,XAUUSD,sell,in,0.02,4919.44,4903,-0.07,0.00,0.00,2 756.58,
2026.02.05 10:34:02,4895,XAUUSD,buy,out,0.02,4919.25,4904,-0.07,0.00,0.38,2 756.89,sl 4919.06
2026.02.05 10:54:22,4896,XAUUSD,sell,in,0.02,4901.42,4905,-0.07,0.00,0.00,2 756.82,
2026.02.05 11:02:18,4897,XAUUSD,buy,out,0.02,4898.33,4906,-0.07,0.00,6.18,2 762.93,sl 4898.29
2026.02.05 11:18:25,4898,XAUUSD,sell,in,0.02,4865.85,4907,-0.07,0.00,0.00,2 762.86,
2026.02.05 11:18:36,4899,XAUUSD,buy,out,0.02,4865.17,4908,-0.07,0.00,1.36,2 764.15,sl 4864.87
2026.02.05 11:42:27,4900,XAUUSD,sell,in,0.02,4885.52,4909,-0.07,0.00,0.00,2 764.08,
2026.02.05 11:42:49,4901,XAUUSD,buy,out,0.02,4885.04,4910,-0.07,0.00,0.96,2 764.97,sl 4884.89
2026.02.05 12:06:31,4902,XAUUSD,sell,in,0.02,4852.04,4911,-0.07,0.00,0.00,2 764.90,
2026.02.05 12:28:27,4903,XAUUSD,buy,out,0.02,4852.11,4912,-0.07,0.00,-0.14,2 764.69,sl 4851.80
2026.02.05 12:30:34,4904,XAUUSD,sell,in,0.02,4859.68,4913,-0.07,0.00,0.00,2 764.62,
2026.02.05 12:31:05,4905,XAUUSD,buy,out,0.02,4853.47,4914,-0.07,0.00,12.42,2 776.97,sl 4853.29
2026.02.05 12:54:42,4906,XAUUSD,sell,in,0.02,4874.75,4915,-0.07,0.00,0.00,2 776.90,
2026.02.05 12:54:51,4907,XAUUSD,buy,out,0.02,4874.56,4916,-0.07,0.00,0.38,2 777.21,sl 4874.48
2026.02.05 13:18:48,4908,XAUUSD,sell,in,0.02,4882.93,4917,-0.07,0.00,0.00,2 777.14,
2026.02.05 13:19:49,4909,XAUUSD,buy,out,0.02,4879.98,4918,-0.07,0.00,5.90,2 782.97,sl 4879.96
2026.02.05 13:42:50,4910,XAUUSD,sell,in,0.02,4878.52,4919,-0.07,0.00,0.00,2 782.90,
2026.02.05 13:43:01,4911,XAUUSD,buy,out,0.02,4878.29,4920,-0.07,0.00,0.46,2 783.29,sl 4878.18
2026.02.05 14:06:52,4912,XAUUSD,sell,in,0.02,4853.14,4921,-0.07,0.00,0.00,2 783.22,
2026.02.05 14:08:07,4913,XAUUSD,buy,out,0.02,4853.11,4922,-0.07,0.00,0.06,2 783.21,sl 4853.11
2026.02.05 14:30:52,4914,XAUUSD,sell,in,0.02,4853.40,4923,-0.07,0.00,0.00,2 783.14,
2026.02.05 14:31:03,4915,XAUUSD,buy,out,0.02,4853.22,4924,-0.07,0.00,0.36,2 783.43,sl 4853.18
2026.02.05 14:54:53,4916,XAUUSD,sell,in,0.02,4858.67,4925,-0.07,0.00,0.00,2 783.36,
2026.02.05 14:55:23,4917,XAUUSD,buy,out,0.02,4851.85,4926,-0.07,0.00,13.64,2 796.93,sl 4851.70
2026.02.05 15:18:55,4918,XAUUSD,sell,in,0.02,4841.88,4927,-0.07,0.00,0.00,2 796.86,
2026.02.05 15:19:47,4919,XAUUSD,buy,out,0.02,4836.32,4928,-0.07,0.00,11.12,2 807.91,sl 4836.14
2026.02.05 15:43:01,4920,XAUUSD,sell,in,0.02,4832.52,4929,-0.07,0.00,0.00,2 807.84,
2026.02.05 15:43:06,4921,XAUUSD,buy,out,0.02,4832.74,4930,-0.07,0.00,-0.44,2 807.33,sl 4832.50
2026.02.05 16:07:01,4922,XAUUSD,sell,in,0.02,4847.49,4931,-0.07,0.00,0.00,2 807.26,
2026.02.05 16:07:34,4923,XAUUSD,buy,out,0.02,4845.01,4932,-0.07,0.00,4.96,2 812.15,sl 4845.00
2026.02.05 16:31:01,4924,XAUUSD,sell,in,0.02,4827.34,4933,-0.07,0.00,0.00,2 812.08,
2026.02.05 16:31:18,4925,XAUUSD,buy,out,0.02,4824.68,4934,-0.07,0.00,5.32,2 817.33,sl 4824.68
2026.02.05 16:55:02,4926,XAUUSD,sell,in,0.02,4857.42,4935,-0.07,0.00,0.00,2 817.26,
2026.02.05 16:55:33,4927,XAUUSD,buy,out,0.02,4852.90,4936,-0.07,0.00,9.04,2 826.23,sl 4852.90
2026.02.05 17:19:04,4928,XAUUSD,sell,in,0.02,4842.55,4937,-0.07,0.00,0.00,2 826.16,
2026.02.05 17:19:12,4929,XAUUSD,buy,out,0.02,4842.33,4938,-0.07,0.00,0.44,2 826.53,sl 4842.33
2026.02.05 17:43:21,4930,XAUUSD,sell,in,0.02,4827.88,4939,-0.07,0.00,0.00,2 826.46,
2026.02.05 17:43:40,4931,XAUUSD,buy,out,0.02,4818.46,4940,-0.07,0.00,18.84,2 845.23,sl 4818.46
2026.02.05 18:07:35,4932,XAUUSD,sell,in,0.02,4835.89,4941,-0.07,0.00,0.00,2 845.16,
2026.02.05 18:07:42,4933,XAUUSD,buy,out,0.02,4835.80,4942,-0.07,0.00,0.18,2 845.27,sl 4835.80
2026.02.05 18:31:43,4934,XAUUSD,sell,in,0.02,4849.58,4943,-0.07,0.00,0.00,2 845.20,
2026.02.05 18:32:02,4935,XAUUSD,buy,out,0.02,4849.06,4944,-0.07,0.00,1.04,2 846.17,sl 4848.93
2026.02.05 18:55:45,4936,XAUUSD,sell,in,0.02,4893.24,4945,-0.07,0.00,0.00,2 846.10,
2026.02.05 18:56:00,4937,XAUUSD,buy,out,0.02,4893.37,4946,-0.07,0.00,-0.26,2 845.77,sl 4893.23
2026.02.05 19:19:49,4938,XAUUSD,sell,in,0.02,4872.70,4947,-0.07,0.00,0.00,2 845.70,
2026.02.05 19:19:53,4939,XAUUSD,buy,out,0.02,4872.46,4948,-0.07,0.00,0.48,2 846.11,sl 4872.32
2026.02.05 19:43:59,4940,XAUUSD,sell,in,0.02,4866.86,4949,-0.07,0.00,0.00,2 846.04,
2026.02.05 19:44:30,4941,XAUUSD,buy,out,0.02,4866.95,4950,-0.07,0.00,-0.18,2 845.79,sl 4866.85
2026.02.05 20:08:04,4942,XAUUSD,sell,in,0.02,4866.21,4951,-0.07,0.00,0.00,2 845.72,
2026.02.05 20:08:24,4943,XAUUSD,buy,out,0.02,4866.31,4952,-0.07,0.00,-0.20,2 845.45,sl 4866.20
2026.02.05 20:32:12,4944,XAUUSD,sell,in,0.02,4865.12,4953,-0.07,0.00,0.00,2 845.38,
2026.02.05 20:37:17,4945,XAUUSD,buy,out,0.02,4859.92,4954,-0.07,0.00,10.40,2 855.71,sl 4859.91
2026.02.05 20:56:18,4946,XAUUSD,sell,in,0.02,4852.39,4955,-0.07,0.00,0.00,2 855.64,
2026.02.05 21:05:37,4947,XAUUSD,buy,out,0.02,4849.03,4956,-0.07,0.00,6.72,2 862.29,sl 4848.99
2026.02.06 08:17:16,4948,XAUUSD,sell,in,0.02,4861.78,4957,-0.07,0.00,0.00,2 862.22,
2026.02.06 08:19:53,4949,XAUUSD,buy,out,0.02,4860.84,4958,-0.07,0.00,1.88,2 864.03,sl 4860.82
2026.02.06 08:41:18,4950,XAUUSD,sell,in,0.02,4837.31,4959,-0.07,0.00,0.00,2 863.96,
2026.02.06 08:56:45,4951,XAUUSD,buy,out,0.02,4830.27,4960,-0.07,0.00,14.08,2 877.97,sl 4830.17
2026.02.06 09:05:24,4952,XAUUSD,sell,in,0.02,4840.53,4961,-0.07,0.00,0.00,2 877.90,
2026.02.06 09:07:54,4953,XAUUSD,buy,out,0.02,4840.47,4962,-0.07,0.00,0.12,2 877.95,sl 4840.44
2026.02.06 09:29:24,4954,XAUUSD,sell,in,0.02,4860.48,4963,-0.07,0.00,0.00,2 877.88,
2026.02.06 09:30:10,4955,XAUUSD,buy,out,0.02,4858.59,4964,-0.07,0.00,3.78,2 881.59,sl 4858.58
2026.02.06 09:53:24,4956,XAUUSD,sell,in,0.02,4853.22,4965,-0.07,0.00,0.00,2 881.52,
2026.02.06 09:53:56,4957,XAUUSD,buy,out,0.02,4852.02,4966,-0.07,0.00,2.40,2 883.85,sl 4851.95
2026.02.06 10:17:32,4958,XAUUSD,sell,in,0.02,4851.84,4967,-0.07,0.00,0.00,2 883.78,
2026.02.06 10:17:39,4959,XAUUSD,buy,out,0.02,4851.84,4968,-0.07,0.00,0.00,2 883.71,sl 4851.82
2026.02.06 10:41:36,4960,XAUUSD,sell,in,0.02,4859.20,4969,-0.07,0.00,0.00,2 883.64,
2026.02.06 10:42:17,4961,XAUUSD,buy,out,0.02,4856.77,4970,-0.07,0.00,4.86,2 888.43,sl 4856.53
2026.02.06 11:05:39,4962,XAUUSD,sell,in,0.02,4849.44,4971,-0.07,0.00,0.00,2 888.36,
2026.02.06 11:07:31,4963,XAUUSD,buy,out,0.02,4841.71,4972,-0.07,0.00,15.46,2 903.75,sl 4841.60
2026.02.06 11:44:58,4964,XAUUSD,sell,in,0.02,4858.26,4973,-0.07,0.00,0.00,2 903.68,
2026.02.06 11:45:24,4965,XAUUSD,buy,out,0.02,4858.14,4974,-0.07,0.00,0.24,2 903.85,sl 4857.88
2026.02.06 12:22:35,4966,XAUUSD,sell,in,0.02,4857.78,4975,-0.07,0.00,0.00,2 903.78,
2026.02.06 12:23:00,4967,XAUUSD,buy,out,0.02,4857.39,4976,-0.07,0.00,0.78,2 904.49,sl 4857.37
2026.02.06 15:01:35,4968,XAUUSD,buy,in,0.02,4917.20,4977,-0.07,0.00,0.00,2 904.42,
2026.02.06 15:02:00,4969,XAUUSD,sell,out,0.02,4923.42,4978,-0.07,0.00,12.44,2 916.79,sl 4923.43
2026.02.06 15:25:39,4970,XAUUSD,buy,in,0.02,4922.27,4979,-0.07,0.00,0.00,2 916.72,
2026.02.06 15:25:48,4971,XAUUSD,sell,out,0.02,4922.30,4980,-0.07,0.00,0.06,2 916.71,sl 4922.40
2026.02.06 15:49:46,4972,XAUUSD,buy,in,0.02,4929.61,4981,-0.07,0.00,0.00,2 916.64,
2026.02.06 15:53:09,4973,XAUUSD,sell,out,0.02,4929.49,4982,-0.07,0.00,-0.24,2 916.33,sl 4929.63
2026.02.06 16:13:48,4974,XAUUSD,buy,in,0.02,4924.05,4983,-0.07,0.00,0.00,2 916.26,
2026.02.06 16:16:21,4975,XAUUSD,sell,out,0.02,4924.73,4984,-0.07,0.00,1.36,2 917.55,sl 4925.04
2026.02.06 16:37:49,4976,XAUUSD,buy,in,0.02,4944.64,4985,-0.07,0.00,0.00,2 917.48,
2026.02.06 16:38:10,4977,XAUUSD,sell,out,0.02,4946.22,4986,-0.07,0.00,3.16,2 920.57,sl 4946.25
2026.02.06 17:01:51,4978,XAUUSD,buy,in,0.02,4950.44,4987,-0.07,0.00,0.00,2 920.50,
2026.02.06 17:05:24,4979,XAUUSD,sell,out,0.02,4950.44,4988,-0.07,0.00,0.00,2 920.43,sl 4950.47
2026.02.06 17:25:53,4980,XAUUSD,buy,in,0.02,4952.92,4989,-0.07,0.00,0.00,2 920.36,
2026.02.06 17:26:21,4981,XAUUSD,sell,out,0.02,4952.76,4990,-0.07,0.00,-0.32,2 919.97,sl 4953.00
2026.02.06 17:49:59,4982,XAUUSD,buy,in,0.02,4942.26,4991,-0.07,0.00,0.00,2 919.90,
2026.02.06 17:50:40,4983,XAUUSD,sell,out,0.02,4943.07,4992,-0.07,0.00,1.62,2 921.45,sl 4943.12
2026.02.06 18:14:01,4984,XAUUSD,buy,in,0.02,4944.66,4993,-0.07,0.00,0.00,2 921.38,
2026.02.06 18:19:17,4985,XAUUSD,sell,out,0.02,4944.79,4994,-0.07,0.00,0.26,2 921.57,sl 4944.79
2026.02.06 18:38:01,4986,XAUUSD,buy,in,0.02,4930.49,4995,-0.07,0.00,0.00,2 921.50,
2026.02.06 18:38:32,4987,XAUUSD,sell,out,0.02,4931.41,4996,-0.07,0.00,1.84,2 923.27,sl 4931.85
2026.02.06 19:02:09,4988,XAUUSD,buy,in,0.02,4954.17,4997,-0.07,0.00,0.00,2 923.20,
2026.02.06 19:02:24,4989,XAUUSD,sell,out,0.02,4956.02,4998,-0.07,0.00,3.70,2 926.83,sl 4956.03
2026.02.06 19:26:16,4990,XAUUSD,buy,in,0.02,4958.51,4999,-0.07,0.00,0.00,2 926.76,
2026.02.06 19:26:42,4991,XAUUSD,sell,out,0.02,4958.51,5000,-0.07,0.00,0.00,2 926.69,sl 4958.55
2026.02.06 19:50:18,4992,XAUUSD,buy,in,0.02,4958.04,5001,-0.07,0.00,0.00,2 926.62,
2026.02.06 19:50:56,4993,XAUUSD,sell,out,0.02,4958.73,5002,-0.07,0.00,1.38,2 927.93,sl 4958.85
2026.02.06 20:14:23,4994,XAUUSD,buy,in,0.02,4965.89,5003,-0.07,0.00,0.00,2 927.86,
2026.02.06 20:14:37,4995,XAUUSD,sell,out,0.02,4965.95,5004,-0.07,0.00,0.12,2 927.91,sl 4966.04
2026.02.06 20:38:29,4996,XAUUSD,buy,in,0.02,4965.25,5005,-0.07,0.00,0.00,2 927.84,
2026.02.06 20:47:30,4997,XAUUSD,sell,out,0.02,4965.81,5006,-0.07,0.00,1.12,2 928.89,sl 4966.03
2026.02.06 21:02:29,4998,XAUUSD,buy,in,0.02,4961.99,5007,-0.07,0.00,0.00,2 928.82,
2026.02.06 21:50:31,4999,XAUUSD,sell,out,0.02,4962.00,5008,-0.07,0.00,0.02,2 928.77,sl 4962.04
2026.02.06 21:50:41,5000,XAUUSD,buy,in,0.02,4962.15,5009,-0.07,0.00,0.00,2 928.70,
2026.02.06 23:28:49,5001,XAUUSD,sell,in,0.18,4954.08,5010,-0.63,0.00,0.00,2 928.07,
2026.02.06 23:29:10,5002,XAUUSD,buy,out,0.18,4954.15,5011,-0.63,0.00,-1.26,2 926.18,sl 4954.07
2026.02.06 23:39:06,5003,XAUUSD,sell,out,0.02,4963.14,5012,-0.07,0.00,1.98,2 928.09,sl 4963.29
2026.02.11 15:33:00,5004,XAUUSD,buy,in,0.02,5050.65,5013,-0.07,0.00,0.00,2 928.02,
2026.02.11 15:37:26,5005,XAUUSD,sell,out,0.02,5050.68,5014,-0.07,0.00,0.06,2 928.01,sl 5050.71
2026.02.11 15:57:00,5006,XAUUSD,buy,in,0.02,5066.92,5015,-0.07,0.00,0.00,2 927.94,
2026.02.11 15:57:11,5007,XAUUSD,sell,out,0.02,5067.56,5016,-0.07,0.00,1.28,2 929.15,sl 5067.58
2026.02.11 16:21:04,5008,XAUUSD,buy,in,0.02,5079.48,5017,-0.07,0.00,0.00,2 929.08,
2026.02.11 17:08:43,5009,XAUUSD,sell,out,0.02,5079.53,5018,-0.07,0.00,0.10,2 929.11,sl 5079.53
2026.02.11 17:08:48,5010,XAUUSD,buy,in,0.02,5078.00,5019,-0.07,0.00,0.00,2 929.04,
2026.02.11 17:09:08,5011,XAUUSD,sell,out,0.02,5078.66,5020,-0.07,0.00,1.32,2 930.29,sl 5078.67
2026.02.11 17:35:52,5012,XAUUSD,buy,in,0.02,5055.74,5021,-0.07,0.00,0.00,2 930.22,
2026.02.11 17:36:05,5013,XAUUSD,sell,out,0.02,5055.84,5022,-0.07,0.00,0.20,2 930.35,sl 5055.87
2026.02.11 17:59:52,5014,XAUUSD,buy,in,0.02,5060.41,5023,-0.07,0.00,0.00,2 930.28,
2026.02.11 18:01:19,5015,XAUUSD,sell,out,0.02,5060.46,5024,-0.07,0.00,0.10,2 930.31,sl 5060.48
2026.02.11 18:23:53,5016,XAUUSD,buy,in,0.02,5057.23,5025,-0.07,0.00,0.00,2 930.24,
2026.02.11 18:24:38,5017,XAUUSD,sell,out,0.02,5058.10,5026,-0.07,0.00,1.74,2 931.91,sl 5058.49
2026.02.11 18:47:57,5018,XAUUSD,buy,in,0.02,5074.30,5027,-0.07,0.00,0.00,2 931.84,
2026.02.11 18:48:08,5019,XAUUSD,sell,out,0.02,5074.32,5028,-0.07,0.00,0.04,2 931.81,sl 5074.35
2026.02.11 19:12:02,5020,XAUUSD,buy,in,0.02,5084.03,5029,-0.07,0.00,0.00,2 931.74,
2026.02.11 19:13:07,5021,XAUUSD,sell,out,0.02,5084.62,5030,-0.07,0.00,1.18,2 932.85,sl 5084.64
2026.02.11 19:36:06,5022,XAUUSD,buy,in,0.02,5082.93,5031,-0.07,0.00,0.00,2 932.78,
2026.02.11 19:36:16,5023,XAUUSD,sell,out,0.02,5082.90,5032,-0.07,0.00,-0.06,2 932.65,sl 5082.98
2026.02.11 20:00:08,5024,XAUUSD,buy,in,0.02,5092.88,5033,-0.07,0.00,0.00,2 932.58,
2026.02.11 21:21:19,5025,XAUUSD,sell,out,0.02,5092.65,5034,-0.07,0.00,-0.46,2 932.05,sl 5093.07
2026.02.11 21:21:26,5026,XAUUSD,buy,in,0.02,5092.86,5035,-0.07,0.00,0.00,2 931.98,
2026.02.11 21:21:43,5027,XAUUSD,sell,out,0.02,5093.14,5036,-0.07,0.00,0.56,2 932.47,sl 5093.33
2026.02.11 21:45:34,5028,XAUUSD,buy,in,0.02,5085.46,5037,-0.07,0.00,0.00,2 932.40,
2026.02.11 21:47:29,5029,XAUUSD,sell,out,0.02,5087.26,5038,-0.07,0.00,3.60,2 935.93,sl 5087.38
2026.02.11 22:09:34,5030,XAUUSD,buy,in,0.02,5086.15,5039,-0.07,0.00,0.00,2 935.86,
2026.02.11 22:09:53,5031,XAUUSD,sell,out,0.02,5086.46,5040,-0.07,0.00,0.62,2 936.41,sl 5086.49
2026.02.11 22:33:42,5032,XAUUSD,buy,in,0.02,5078.52,5041,-0.07,0.00,0.00,2 936.34,
2026.02.11 22:33:57,5033,XAUUSD,sell,out,0.02,5078.96,5042,-0.07,0.00,0.88,2 937.15,sl 5078.97
2026.02.11 22:57:45,5034,XAUUSD,buy,in,0.02,5087.91,5043,-0.07,0.00,0.00,2 937.08,
2026.02.11 22:58:43,5035,XAUUSD,sell,out,0.02,5087.84,5044,-0.07,0.00,-0.14,2 936.87,sl 5087.93
2026.02.11 23:21:50,5036,XAUUSD,buy,in,0.02,5092.39,5045,-0.07,0.00,0.00,2 936.80,
2026.02.12 01:02:29,5037,XAUUSD,sell,out,0.02,5098.37,5046,-0.07,-3.42,11.96,2 945.27,sl 5098.48
2026.02.12 18:11:40,5038,XAUUSD,sell,in,0.02,5019.12,5047,-0.07,0.00,0.00,2 945.20,
2026.02.12 18:11:59,5039,XAUUSD,buy,out,0.02,5014.60,5048,-0.07,0.00,9.04,2 954.17,sl 5014.48
2026.02.12 18:35:48,5040,XAUUSD,sell,in,0.02,4946.90,5049,-0.07,0.00,0.00,2 954.10,
2026.02.12 18:36:19,5041,XAUUSD,buy,out,0.02,4940.26,5050,-0.07,0.00,13.28,2 967.31,sl 4940.22
2026.02.12 18:59:50,5042,XAUUSD,sell,in,0.02,4953.34,5051,-0.07,0.00,0.00,2 967.24,
2026.02.12 19:00:58,5043,XAUUSD,buy,out,0.02,4951.11,5052,-0.07,0.00,4.46,2 971.63,sl 4951.07
2026.02.12 19:23:54,5044,XAUUSD,sell,in,0.02,4977.50,5053,-0.07,0.00,0.00,2 971.56,
2026.02.12 19:24:25,5045,XAUUSD,buy,out,0.02,4977.56,5054,-0.07,0.00,-0.12,2 971.37,sl 4977.48
2026.02.12 19:47:53,5046,XAUUSD,sell,in,0.02,4955.98,5055,-0.07,0.00,0.00,2 971.30,
2026.02.12 19:48:37,5047,XAUUSD,buy,out,0.02,4956.13,5056,-0.07,0.00,-0.30,2 970.93,sl 4955.91
2026.02.12 20:11:57,5048,XAUUSD,sell,in,0.02,4932.87,5057,-0.07,0.00,0.00,2 970.86,
2026.02.12 20:13:26,5049,XAUUSD,buy,out,0.02,4923.85,5058,-0.07,0.00,18.04,2 988.83,sl 4923.81
2026.02.12 20:35:58,5050,XAUUSD,sell,in,0.02,4937.41,5059,-0.07,0.00,0.00,2 988.76,
2026.02.12 20:36:03,5051,XAUUSD,buy,out,0.02,4937.35,5060,-0.07,0.00,0.12,2 988.81,sl 4937.35
2026.02.12 21:00:06,5052,XAUUSD,sell,in,0.02,4936.85,5061,-0.07,0.00,0.00,2 988.74,
2026.02.12 21:00:25,5053,XAUUSD,buy,out,0.02,4936.03,5062,-0.07,0.00,1.64,2 990.31,
2026.02.12 21:24:10,5054,XAUUSD,sell,in,0.02,4942.65,5063,-0.07,0.00,0.00,2 990.24,
2026.02.12 21:24:29,5055,XAUUSD,buy,out,0.02,4942.48,5064,-0.07,0.00,0.34,2 990.51,sl 4942.22
2026.02.12 21:48:16,5056,XAUUSD,sell,in,0.02,4949.82,5065,-0.07,0.00,0.00,2 990.44,
2026.02.12 21:48:44,5057,XAUUSD,buy,out,0.02,4949.87,5066,-0.07,0.00,-0.10,2 990.27,sl 4949.67
2026.02.12 22:12:18,5058,XAUUSD,sell,in,0.02,4941.47,5067,-0.07,0.00,0.00,2 990.20,
2026.02.12 22:12:59,5059,XAUUSD,buy,out,0.02,4940.79,5068,-0.07,0.00,1.36,2 991.49,sl 4940.35
2026.02.12 22:36:20,5060,XAUUSD,sell,in,0.02,4923.84,5069,-0.07,0.00,0.00,2 991.42,
2026.02.12 22:37:23,5061,XAUUSD,buy,out,0.02,4923.45,5070,-0.07,0.00,0.78,2 992.13,sl 4923.07
2026.02.12 23:00:25,5062,XAUUSD,sell,in,0.02,4914.58,5071,-0.07,0.00,0.00,2 992.06,
2026.02.12 23:01:21,5063,XAUUSD,buy,out,0.02,4914.46,5072,-0.07,0.00,0.24,2 992.23,sl 4914.29
2026.02.12 23:24:29,5064,XAUUSD,sell,in,0.02,4923.14,5073,-0.07,0.00,0.00,2 992.16,
2026.02.12 23:25:10,5065,XAUUSD,buy,out,0.02,4923.71,5074,-0.07,0.00,-1.14,2 990.95,sl 4923.05
2026.02.12 23:48:33,5066,XAUUSD,sell,in,0.02,4919.00,5075,-0.07,0.00,0.00,2 990.88,
2026.02.13 01:02:00,5067,XAUUSD,buy,out,0.02,4902.90,5076,-0.07,0.81,32.20,3 023.82,
2026.02.13 01:02:06,5068,XAUUSD,sell,in,0.02,4897.73,5077,-0.07,0.00,0.00,3 023.75,
2026.02.13 01:02:17,5069,XAUUSD,buy,out,0.02,4900.76,5078,-0.07,0.00,-6.06,3 017.62,sl 4896.78
2026.02.13 01:26:12,5070,XAUUSD,sell,in,0.02,4924.93,5079,-0.07,0.00,0.00,3 017.55,
2026.02.13 01:26:19,5071,XAUUSD,buy,out,0.02,4924.34,5080,-0.07,0.00,1.18,3 018.66,sl 4924.34
2026.02.13 01:50:30,5072,XAUUSD,sell,in,0.02,4915.04,5081,-0.07,0.00,0.00,3 018.59,
2026.02.13 01:52:03,5073,XAUUSD,buy,out,0.02,4913.54,5082,-0.07,0.00,3.00,3 021.52,sl 4913.25
2026.02.13 02:14:33,5074,XAUUSD,sell,in,0.02,4942.38,5083,-0.07,0.00,0.00,3 021.45,
2026.02.13 02:14:56,5075,XAUUSD,buy,out,0.02,4942.18,5084,-0.07,0.00,0.40,3 021.78,sl 4942.11
2026.02.13 02:38:40,5076,XAUUSD,sell,in,0.02,4940.56,5085,-0.07,0.00,0.00,3 021.71,
2026.02.13 02:39:33,5077,XAUUSD,buy,out,0.02,4940.50,5086,-0.07,0.00,0.12,3 021.76,sl 4940.48
2026.02.13 03:02:43,5078,XAUUSD,sell,in,0.02,4955.26,5087,-0.07,0.00,0.00,3 021.69,
2026.02.13 03:02:53,5079,XAUUSD,buy,out,0.02,4953.65,5088,-0.07,0.00,3.22,3 024.84,sl 4953.65
2026.02.13 03:26:49,5080,XAUUSD,sell,in,0.02,4966.02,5089,-0.07,0.00,0.00,3 024.77,
2026.02.13 03:37:57,5081,XAUUSD,buy,out,0.02,4966.02,5090,-0.07,0.00,0.00,3 024.70,sl 4966.00
2026.02.13 03:50:55,5082,XAUUSD,sell,in,0.02,4986.78,5091,-0.07,0.00,0.00,3 024.63,
2026.02.13 03:51:36,5083,XAUUSD,buy,out,0.02,4986.33,5092,-0.07,0.00,0.90,3 025.46,sl 4986.04
2026.02.13 04:15:00,5084,XAUUSD,sell,in,0.02,4978.31,5093,-0.07,0.00,0.00,3 025.39,
2026.02.13 04:15:45,5085,XAUUSD,buy,out,0.02,4977.04,5094,-0.07,0.00,2.54,3 027.86,sl 4977.02
2026.02.13 04:39:00,5086,XAUUSD,sell,in,0.02,4981.80,5095,-0.07,0.00,0.00,3 027.79,
2026.02.13 04:39:12,5087,XAUUSD,buy,out,0.02,4981.30,5096,-0.07,0.00,1.00,3 028.72,sl 4981.13
2026.02.13 05:03:02,5088,XAUUSD,sell,in,0.02,4984.94,5097,-0.07,0.00,0.00,3 028.65,
2026.02.13 05:03:50,5089,XAUUSD,buy,out,0.02,4985.00,5098,-0.07,0.00,-0.12,3 028.46,sl 4984.93
2026.02.13 05:27:04,5090,XAUUSD,sell,in,0.02,4978.64,5099,-0.07,0.00,0.00,3 028.39,
2026.02.13 05:27:42,5091,XAUUSD,buy,out,0.02,4978.69,5100,-0.07,0.00,-0.10,3 028.22,sl 4978.63
2026.02.13 05:51:09,5092,XAUUSD,sell,in,0.02,4977.65,5101,-0.07,0.00,0.00,3 028.15,
2026.02.13 05:53:08,5093,XAUUSD,buy,out,0.02,4977.38,5102,-0.07,0.00,0.54,3 028.62,sl 4977.38
2026.02.13 06:15:12,5094,XAUUSD,sell,in,0.02,4986.75,5103,-0.07,0.00,0.00,3 028.55,
2026.02.13 06:29:03,5095,XAUUSD,buy,out,0.02,4986.47,5104,-0.07,0.00,0.56,3 029.04,sl 4986.32
2026.02.13 06:39:13,5096,XAUUSD,sell,in,0.02,4982.37,5105,-0.07,0.00,0.00,3 028.97,
2026.02.13 06:40:17,5097,XAUUSD,buy,out,0.02,4980.85,5106,-0.07,0.00,3.04,3 031.94,sl 4980.80
2026.02.13 07:03:19,5098,XAUUSD,sell,in,0.02,4979.14,5107,-0.07,0.00,0.00,3 031.87,
2026.02.13 07:06:30,5099,XAUUSD,buy,out,0.02,4977.54,5108,-0.07,0.00,3.20,3 035.00,sl 4977.54
2026.02.13 07:27:18,5100,XAUUSD,sell,in,0.02,4984.46,5109,-0.07,0.00,0.00,3 034.93,
2026.02.13 07:29:11,5101,XAUUSD,buy,out,0.02,4981.36,5110,-0.07,0.00,6.20,3 041.06,sl 4981.26
2026.02.13 07:51:31,5102,XAUUSD,sell,in,0.02,4961.03,5111,-0.07,0.00,0.00,3 040.99,
2026.02.13 07:51:59,5103,XAUUSD,buy,out,0.02,4960.90,5112,-0.07,0.00,0.26,3 041.18,sl 4960.90
2026.02.13 08:15:36,5104,XAUUSD,sell,in,0.02,4960.14,5113,-0.07,0.00,0.00,3 041.11,
2026.02.13 08:15:56,5105,XAUUSD,buy,out,0.02,4960.12,5114,-0.07,0.00,0.04,3 041.08,sl 4959.99
2026.02.13 08:39:40,5106,XAUUSD,sell,in,0.02,4956.88,5115,-0.07,0.00,0.00,3 041.01,
2026.02.13 08:40:20,5107,XAUUSD,buy,out,0.02,4954.64,5116,-0.07,0.00,4.48,3 045.42,sl 4954.64
2026.02.13 09:03:44,5108,XAUUSD,sell,in,0.02,4958.69,5117,-0.07,0.00,0.00,3 045.35,
2026.02.13 09:10:52,5109,XAUUSD,buy,out,0.02,4954.19,5118,-0.07,0.00,9.00,3 054.28,sl 4954.19
2026.02.13 09:27:48,5110,XAUUSD,sell,in,0.02,4968.67,5119,-0.07,0.00,0.00,3 054.21,
2026.02.13 09:28:15,5111,XAUUSD,buy,out,0.02,4968.45,5120,-0.07,0.00,0.44,3 054.58,sl 4968.44
2026.02.13 09:51:54,5112,XAUUSD,sell,in,0.02,4974.41,5122,-0.07,0.00,0.00,3 054.51,
2026.02.13 09:53:45,5113,XAUUSD,buy,out,0.02,4973.69,5123,-0.07,0.00,1.44,3 055.88,sl 4973.69
2026.02.13 10:16:02,5114,XAUUSD,sell,in,0.02,4982.66,5124,-0.07,0.00,0.00,3 055.81,
2026.02.13 10:16:29,5115,XAUUSD,buy,out,0.02,4982.66,5125,-0.07,0.00,0.00,3 055.74,sl 4982.64
2026.02.13 10:40:07,5116,XAUUSD,sell,in,0.02,4981.66,5126,-0.07,0.00,0.00,3 055.67,
2026.02.13 10:49:28,5117,XAUUSD,buy,out,0.02,4980.50,5127,-0.07,0.00,2.32,3 057.92,sl 4980.11
2026.02.13 16:40:51,5118,XAUUSD,sell,in,0.02,4977.28,5128,-0.07,0.00,0.00,3 057.85,
2026.02.13 16:40:53,5119,XAUUSD,buy,out,0.02,4976.28,5129,-0.07,0.00,2.00,3 059.78,sl 4975.82
2026.02.13 17:59:01,5120,XAUUSD,sell,in,0.02,4977.12,5130,-0.07,0.00,0.00,3 059.71,
2026.02.13 17:59:16,5121,XAUUSD,buy,out,0.02,4976.84,5131,-0.07,0.00,0.56,3 060.20,sl 4976.81
2026.02.13 18:28:51,5122,XAUUSD,buy,in,0.02,5031.94,5132,-0.07,0.00,0.00,3 060.13,
2026.02.13 18:28:54,5123,XAUUSD,sell,out,0.02,5031.90,5133,-0.07,0.00,-0.08,3 059.98,sl 5032.25
2026.02.13 20:54:26,5124,XAUUSD,buy,in,0.02,5034.94,5134,-0.07,0.00,0.00,3 059.91,
2026.02.13 21:02:02,5125,XAUUSD,sell,out,0.02,5034.84,5135,-0.07,0.00,-0.20,3 059.64,sl 5035.09
2026.02.13 21:18:34,5126,XAUUSD,buy,in,0.02,5037.29,5136,-0.07,0.00,0.00,3 059.57,
2026.02.13 21:19:52,5127,XAUUSD,sell,out,0.02,5039.66,5137,-0.07,0.00,4.74,3 064.24,sl 5039.71
2026.02.13 21:42:33,5128,XAUUSD,buy,in,0.02,5035.37,5138,-0.07,0.00,0.00,3 064.17,
2026.02.13 21:47:04,5129,XAUUSD,sell,out,0.02,5037.52,5139,-0.07,0.00,4.30,3 068.40,sl 5037.58
2026.02.13 22:41:07,5130,XAUUSD,buy,in,0.02,5034.02,5140,-0.07,0.00,0.00,3 068.33,
2026.02.13 22:59:55,5131,XAUUSD,sell,out,0.02,5034.05,5141,-0.07,0.00,0.06,3 068.32,sl 5034.07
2026.02.13 23:05:32,5132,XAUUSD,buy,in,0.02,5035.35,5142,-0.07,0.00,0.00,3 068.25,
2026.02.13 23:05:46,5133,XAUUSD,sell,out,0.02,5035.04,5143,-0.07,0.00,-0.62,3 067.56,sl 5035.65
2026.02.13 23:33:43,5134,XAUUSD,buy,in,0.02,5034.94,5144,-0.07,0.00,0.00,3 067.49,
2026.02.13 23:42:03,5135,XAUUSD,sell,out,0.02,5037.76,5145,-0.07,0.00,5.64,3 073.06,sl 5037.77
2026.02.16 05:49:15,5136,XAUUSD,sell,in,0.02,4979.42,5146,-0.07,0.00,0.00,3 072.99,
2026.02.16 06:08:33,5137,XAUUSD,buy,out,0.02,4978.82,5147,-0.07,0.00,1.20,3 074.12,sl 4978.70
2026.02.16 06:13:18,5138,XAUUSD,sell,in,0.02,4974.72,5148,-0.07,0.00,0.00,3 074.05,
2026.02.16 06:20:15,5139,XAUUSD,buy,out,0.02,4974.70,5149,-0.07,0.00,0.04,3 074.02,sl 4974.70
2026.02.16 06:37:23,5140,XAUUSD,sell,in,0.02,4975.31,5150,-0.07,0.00,0.00,3 073.95,
2026.02.16 06:37:57,5141,XAUUSD,buy,out,0.02,4975.71,5151,-0.07,0.00,-0.80,3 073.08,sl 4975.30
2026.02.16 07:01:28,5142,XAUUSD,sell,in,0.02,4976.50,5152,-0.07,0.00,0.00,3 073.01,
2026.02.16 07:03:38,5143,XAUUSD,buy,out,0.02,4968.84,5153,-0.07,0.00,15.32,3 088.26,sl 4968.84
2026.02.16 17:03:00,5144,XAUUSD,sell,in,0.02,4977.20,5154,-0.07,0.00,0.00,3 088.19,
2026.02.16 17:03:06,5145,XAUUSD,buy,out,0.02,4974.58,5155,-0.07,0.00,5.24,3 093.36,sl 4974.48
2026.02.16 17:31:43,5146,XAUUSD,sell,in,0.02,4977.46,5156,-0.07,0.00,0.00,3 093.29,
2026.02.16 17:34:32,5147,XAUUSD,buy,out,0.02,4976.44,5157,-0.07,0.00,2.04,3 095.26,sl 4976.44
2026.02.16 18:03:13,5148,XAUUSD,sell,in,0.02,4976.42,5158,-0.07,0.00,0.00,3 095.19,
2026.02.16 18:03:45,5149,XAUUSD,buy,out,0.02,4975.32,5159,-0.07,0.00,2.20,3 097.32,sl 4975.32
2026.02.17 02:22:51,5150,XAUUSD,sell,in,0.02,4975.55,5160,-0.07,0.00,0.00,3 097.25,
2026.02.17 02:25:15,5151,XAUUSD,buy,out,0.02,4972.48,5161,-0.07,0.00,6.14,3 103.32,sl 4972.26
2026.02.17 02:46:59,5152,XAUUSD,sell,in,0.02,4969.30,5162,-0.07,0.00,0.00,3 103.25,
2026.02.17 02:47:24,5153,XAUUSD,buy,out,0.02,4969.36,5163,-0.07,0.00,-0.12,3 103.06,sl 4969.20
2026.02.17 03:11:13,5154,XAUUSD,sell,in,0.02,4949.04,5164,-0.07,0.00,0.00,3 102.99,
2026.02.17 03:12:00,5155,XAUUSD,buy,out,0.02,4948.66,5165,-0.07,0.00,0.76,3 103.68,sl 4948.64
2026.02.17 03:35:18,5156,XAUUSD,sell,in,0.02,4959.52,5166,-0.07,0.00,0.00,3 103.61,
2026.02.17 03:36:00,5157,XAUUSD,buy,out,0.02,4959.45,5167,-0.07,0.00,0.14,3 103.68,sl 4959.42
2026.02.17 03:59:28,5158,XAUUSD,sell,in,0.02,4957.84,5168,-0.07,0.00,0.00,3 103.61,
2026.02.17 04:00:35,5159,XAUUSD,buy,out,0.02,4957.13,5169,-0.07,0.00,1.42,3 104.96,sl 4957.09
2026.02.17 04:23:38,5160,XAUUSD,sell,in,0.02,4970.66,5170,-0.07,0.00,0.00,3 104.89,
2026.02.17 04:25:02,5161,XAUUSD,buy,out,0.02,4968.26,5171,-0.07,0.00,4.80,3 109.62,sl 4968.11
2026.02.17 04:47:40,5162,XAUUSD,sell,in,0.02,4962.57,5172,-0.07,0.00,0.00,3 109.55,
2026.02.17 04:50:45,5163,XAUUSD,buy,out,0.02,4961.79,5173,-0.07,0.00,1.56,3 111.04,sl 4961.76
2026.02.17 05:11:45,5164,XAUUSD,sell,in,0.02,4963.78,5174,-0.07,0.00,0.00,3 110.97,
2026.02.17 05:14:08,5165,XAUUSD,buy,out,0.02,4960.71,5175,-0.07,0.00,6.14,3 117.04,sl 4960.49
2026.02.17 05:35:50,5166,XAUUSD,sell,in,0.02,4954.50,5176,-0.07,0.00,0.00,3 116.97,
2026.02.17 05:37:20,5167,XAUUSD,buy,out,0.02,4951.39,5177,-0.07,0.00,6.22,3 123.12,sl 4951.33
2026.02.17 05:59:54,5168,XAUUSD,sell,in,0.02,4956.45,5178,-0.07,0.00,0.00,3 123.05,
2026.02.17 06:01:13,5169,XAUUSD,buy,out,0.02,4953.42,5179,-0.07,0.00,6.06,3 129.04,sl 4953.42
2026.02.17 06:23:54,5170,XAUUSD,sell,in,0.02,4957.18,5180,-0.07,0.00,0.00,3 128.97,
2026.02.17 06:32:28,5171,XAUUSD,buy,out,0.02,4955.34,5181,-0.07,0.00,3.68,3 132.58,sl 4955.34
2026.02.17 06:47:55,5172,XAUUSD,sell,in,0.02,4951.33,5182,-0.07,0.00,0.00,3 132.51,
2026.02.17 06:49:45,5173,XAUUSD,buy,out,0.02,4951.02,5183,-0.07,0.00,0.62,3 133.06,sl 4951.02
2026.02.17 07:11:54,5174,XAUUSD,sell,in,0.02,4942.16,5184,-0.07,0.00,0.00,3 132.99,
2026.02.17 07:13:41,5175,XAUUSD,buy,out,0.02,4936.13,5185,-0.07,0.00,12.06,3 144.98,sl 4936.06
2026.02.17 07:35:55,5176,XAUUSD,sell,in,0.02,4876.98,5186,-0.07,0.00,0.00,3 144.91,
2026.02.17 07:48:28,5177,XAUUSD,buy,out,0.02,4876.92,5187,-0.07,0.00,0.12,3 144.96,sl 4876.92
2026.02.17 07:59:56,5178,XAUUSD,sell,in,0.02,4888.21,5188,-0.07,0.00,0.00,3 144.89,
2026.02.17 08:15:49,5179,XAUUSD,buy,out,0.02,4887.66,5189,-0.07,0.00,1.10,3 145.92,sl 4887.42
2026.02.17 08:24:00,5180,XAUUSD,sell,in,0.02,4898.44,5190,-0.07,0.00,0.00,3 145.85,
2026.02.17 08:25:34,5181,XAUUSD,buy,out,0.02,4895.28,5191,-0.07,0.00,6.32,3 152.10,sl 4895.13
2026.02.17 08:48:07,5182,XAUUSD,sell,in,0.02,4902.64,5192,-0.07,0.00,0.00,3 152.03,
2026.02.17 10:26:08,5183,XAUUSD,buy,in,0.18,4923.33,5193,-0.63,0.00,0.00,3 151.40,
2026.02.17 10:31:05,5184,XAUUSD,sell,out,0.18,4924.58,5194,-0.63,0.00,22.50,3 173.27,sl 4924.65
2026.02.17 15:57:01,5185,XAUUSD,buy,out,0.02,4899.37,5195,-0.07,0.00,6.54,3 179.74,sl 4899.20
2026.02.18 15:37:06,5186,XAUUSD,buy,in,0.02,4967.71,5196,-0.07,0.00,0.00,3 179.67,
2026.02.18 16:32:09,5187,XAUUSD,sell,out,0.02,4967.74,5197,-0.07,0.00,0.06,3 179.66,sl 4967.79
2026.02.18 16:32:16,5188,XAUUSD,buy,in,0.02,4967.72,5198,-0.07,0.00,0.00,3 179.59,
2026.02.18 16:32:50,5189,XAUUSD,sell,out,0.02,4973.72,5199,-0.07,0.00,12.00,3 191.52,sl 4973.73
2026.02.18 16:56:16,5190,XAUUSD,buy,in,0.02,4991.84,5200,-0.07,0.00,0.00,3 191.45,
2026.02.18 16:56:45,5191,XAUUSD,sell,out,0.02,4991.93,5201,-0.07,0.00,0.18,3 191.56,sl 4991.93
2026.02.18 17:20:26,5192,XAUUSD,buy,in,0.02,5006.82,5202,-0.07,0.00,0.00,3 191.49,
2026.02.18 17:20:37,5193,XAUUSD,sell,out,0.02,5006.90,5203,-0.07,0.00,0.16,3 191.58,sl 5006.94
2026.02.18 17:44:34,5194,XAUUSD,buy,in,0.02,5001.07,5204,-0.07,0.00,0.00,3 191.51,
2026.02.18 18:04:18,5195,XAUUSD,sell,out,0.02,5002.28,5205,-0.07,0.00,2.42,3 193.86,sl 5002.33
2026.02.18 18:08:33,5196,XAUUSD,buy,in,0.02,5000.05,5206,-0.07,0.00,0.00,3 193.79,
2026.02.18 18:11:28,5197,XAUUSD,sell,out,0.02,5000.11,5207,-0.07,0.00,0.12,3 193.84,sl 5000.11
2026.02.18 18:32:39,5198,XAUUSD,buy,in,0.02,4997.69,5208,-0.07,0.00,0.00,3 193.77,
2026.02.18 18:33:19,5199,XAUUSD,sell,out,0.02,4998.75,5209,-0.07,0.00,2.12,3 195.82,sl 4998.81
2026.02.18 18:56:45,5200,XAUUSD,buy,in,0.02,5002.30,5210,-0.07,0.00,0.00,3 195.75,
2026.02.18 20:04:34,5201,XAUUSD,sell,out,0.02,5002.33,5211,-0.07,0.00,0.06,3 195.74,sl 5002.35
2026.02.18 20:04:39,5202,XAUUSD,buy,in,0.02,5002.52,5212,-0.07,0.00,0.00,3 195.67,
2026.02.18 20:07:08,5203,XAUUSD,sell,out,0.02,5002.48,5213,-0.07,0.00,-0.08,3 195.52,sl 5002.54
2026.02.18 20:28:45,5204,XAUUSD,buy,in,0.02,4988.89,5214,-0.07,0.00,0.00,3 195.45,
2026.02.18 20:29:18,5205,XAUUSD,sell,out,0.02,4989.66,5215,-0.07,0.00,1.54,3 196.92,sl 4989.69
2026.02.18 20:52:44,5206,XAUUSD,buy,in,0.02,4986.19,5216,-0.07,0.00,0.00,3 196.85,
2026.02.18 21:00:01,5207,XAUUSD,sell,out,0.02,4986.76,5217,-0.07,0.00,1.14,3 197.92,sl 4986.81
2026.02.18 21:16:48,5208,XAUUSD,buy,in,0.02,4993.82,5218,-0.07,0.00,0.00,3 197.85,
2026.02.18 21:17:34,5209,XAUUSD,sell,out,0.02,4994.02,5219,-0.07,0.00,0.40,3 198.18,sl 4994.02
2026.02.18 21:41:03,5210,XAUUSD,buy,in,0.02,4979.99,5220,-0.07,0.00,0.00,3 198.11,
2026.02.18 21:41:38,5211,XAUUSD,sell,out,0.02,4980.90,5221,-0.07,0.00,1.82,3 199.86,sl 4980.95
2026.02.18 22:05:09,5212,XAUUSD,buy,in,0.02,4983.60,5222,-0.07,0.00,0.00,3 199.79,
2026.02.18 22:06:28,5213,XAUUSD,sell,out,0.02,4983.60,5223,-0.07,0.00,0.00,3 199.72,sl 4983.80
2026.02.18 22:29:08,5214,XAUUSD,buy,in,0.02,4978.64,5224,-0.07,0.00,0.00,3 199.65,
2026.02.18 22:30:50,5215,XAUUSD,sell,out,0.02,4978.81,5225,-0.07,0.00,0.34,3 199.92,sl 4978.83
2026.02.18 22:53:13,5216,XAUUSD,buy,in,0.02,4984.21,5226,-0.07,0.00,0.00,3 199.85,
2026.02.18 22:58:42,5217,XAUUSD,sell,out,0.02,4984.23,5227,-0.07,0.00,0.04,3 199.82,sl 4984.24
2026.02.18 23:17:20,5218,XAUUSD,buy,in,0.02,4981.28,5228,-0.07,0.00,0.00,3 199.75,
2026.02.18 23:19:58,5219,XAUUSD,sell,out,0.02,4983.23,5229,-0.07,0.00,3.90,3 203.58,sl 4983.30
2026.02.18 23:41:25,5220,XAUUSD,buy,in,0.02,4980.34,5230,-0.07,0.00,0.00,3 203.51,
2026.02.19 01:19:33,5221,XAUUSD,sell,in,0.18,4975.08,5231,-0.63,0.00,0.00,3 202.88,
2026.02.19 01:25:29,5222,XAUUSD,sell,out,0.02,4982.62,5232,-0.07,-3.42,4.56,3 203.95,sl 4982.68
2026.02.19 01:56:12,5223,XAUUSD,buy,out,0.18,4974.56,5233,-0.63,0.00,9.36,3 212.68,sl 4974.49
2026.02.19 16:44:27,5224,XAUUSD,buy,in,0.02,4994.74,5234,-0.07,0.00,0.00,3 212.61,
2026.02.19 16:47:50,5225,XAUUSD,sell,out,0.02,4995.18,5235,-0.07,0.00,0.88,3 213.42,sl 4995.21
2026.02.19 17:08:29,5226,XAUUSD,buy,in,0.02,5006.35,5236,-0.07,0.00,0.00,3 213.35,
2026.02.19 17:08:58,5227,XAUUSD,sell,out,0.02,5006.40,5237,-0.07,0.00,0.10,3 213.38,sl 5006.45
2026.02.19 17:32:32,5228,XAUUSD,buy,in,0.02,5016.45,5238,-0.07,0.00,0.00,3 213.31,
2026.02.19 17:33:05,5229,XAUUSD,sell,out,0.02,5018.98,5239,-0.07,0.00,5.06,3 218.30,sl 5019.08
2026.02.19 17:56:31,5230,XAUUSD,buy,in,0.02,5010.23,5240,-0.07,0.00,0.00,3 218.23,
2026.02.19 17:58:11,5231,XAUUSD,sell,out,0.02,5010.46,5241,-0.07,0.00,0.46,3 218.62,sl 5010.59
2026.02.19 18:20:36,5232,XAUUSD,buy,in,0.02,5000.48,5242,-0.07,0.00,0.00,3 218.55,
2026.02.19 18:21:05,5233,XAUUSD,sell,out,0.02,5001.84,5243,-0.07,0.00,2.72,3 221.20,sl 5002.05
2026.02.19 18:44:40,5234,XAUUSD,buy,in,0.02,5007.86,5244,-0.07,0.00,0.00,3 221.13,
2026.02.19 20:22:46,5235,XAUUSD,sell,in,0.18,4981.94,5245,-0.63,0.00,0.00,3 220.50,
2026.02.19 20:24:04,5236,XAUUSD,buy,out,0.18,4981.72,5246,-0.63,0.00,3.96,3 223.83,sl 4981.70
2026.02.20 03:00:02,5237,XAUUSD,sell,out,0.02,5008.08,5247,-0.07,-1.14,0.44,3 223.06,sl 5008.21
2026.02.24 16:13:44,5238,XAUUSD,sell,in,0.02,5095.60,5248,-0.07,0.00,0.00,3 222.99,
2026.02.24 16:36:38,5239,XAUUSD,buy,out,0.02,5124.94,5249,-0.07,0.00,-58.68,3 164.24,
2026.02.24 17:45:50,5240,XAUUSD,buy,in,0.02,5153.87,5250,-0.07,0.00,0.00,3 164.17,
2026.02.24 17:46:06,5241,XAUUSD,sell,out,0.02,5154.78,5251,-0.07,0.00,1.82,3 165.92,sl 5154.79
2026.02.24 19:10:17,5242,XAUUSD,buy,in,0.02,5154.42,5252,-0.07,0.00,0.00,3 165.85,
2026.02.24 19:11:03,5243,XAUUSD,sell,out,0.02,5155.41,5253,-0.07,0.00,1.98,3 167.76,sl 5155.45
2026.02.24 19:34:21,5244,XAUUSD,buy,in,0.02,5157.28,5254,-0.07,0.00,0.00,3 167.69,
2026.02.24 19:35:21,5245,XAUUSD,sell,out,0.02,5158.28,5255,-0.07,0.00,2.00,3 169.62,sl 5158.34
2026.02.24 19:58:20,5246,XAUUSD,buy,in,0.02,5162.27,5256,-0.07,0.00,0.00,3 169.55,
2026.02.24 19:59:28,5247,XAUUSD,sell,out,0.02,5162.29,5257,-0.07,0.00,0.04,3 169.52,sl 5162.45
2026.02.24 20:22:20,5248,XAUUSD,buy,in,0.02,5162.04,5258,-0.07,0.00,0.00,3 169.45,
2026.02.24 20:52:26,5249,XAUUSD,sell,out,0.02,5162.06,5259,-0.07,0.00,0.04,3 169.42,sl 5162.07
2026.02.24 20:52:44,5250,XAUUSD,buy,in,0.02,5161.61,5260,-0.07,0.00,0.00,3 169.35,
2026.02.24 20:56:09,5251,XAUUSD,sell,out,0.02,5162.11,5261,-0.07,0.00,1.00,3 170.28,sl 5162.23
2026.02.24 21:38:45,5252,XAUUSD,buy,in,0.02,5156.33,5262,-0.07,0.00,0.00,3 170.21,
2026.02.24 22:21:29,5253,XAUUSD,sell,out,0.02,5159.76,5263,-0.07,0.00,6.86,3 177.00,sl 5159.79
2026.02.24 22:21:31,5254,XAUUSD,buy,in,0.02,5159.86,5264,-0.07,0.00,0.00,3 176.93,
2026.02.24 22:22:00,5255,XAUUSD,sell,out,0.02,5160.07,5265,-0.07,0.00,0.42,3 177.28,sl 5160.13
2026.02.24 22:45:37,5256,XAUUSD,buy,in,0.02,5171.37,5266,-0.07,0.00,0.00,3 177.21,
2026.02.24 22:46:09,5257,XAUUSD,sell,out,0.02,5171.46,5267,-0.07,0.00,0.18,3 177.32,sl 5171.47
2026.02.24 23:10:23,5258,XAUUSD,buy,in,0.02,5158.41,5268,-0.07,0.00,0.00,3 177.25,
2026.02.24 23:15:43,5259,XAUUSD,sell,out,0.02,5161.34,5269,-0.07,0.00,5.86,3 183.04,sl 5161.68
2026.02.25 03:04:02,5260,XAUUSD,buy,in,0.02,5161.48,5270,-0.07,0.00,0.00,3 182.97,
2026.02.25 03:05:13,5261,XAUUSD,sell,out,0.02,5161.22,5271,-0.07,0.00,-0.52,3 182.38,sl 5161.51
2026.02.25 03:28:08,5262,XAUUSD,buy,in,0.02,5183.70,5272,-0.07,0.00,0.00,3 182.31,
2026.02.25 03:28:13,5263,XAUUSD,sell,out,0.02,5183.94,5273,-0.07,0.00,0.48,3 182.72,sl 5183.96
2026.02.25 03:52:11,5264,XAUUSD,buy,in,0.02,5181.90,5274,-0.07,0.00,0.00,3 182.65,
2026.02.25 03:53:18,5265,XAUUSD,sell,out,0.02,5182.12,5275,-0.07,0.00,0.44,3 183.02,sl 5182.14
2026.02.25 04:16:14,5266,XAUUSD,buy,in,0.02,5190.56,5276,-0.07,0.00,0.00,3 182.95,
2026.02.25 04:17:19,5267,XAUUSD,sell,out,0.02,5193.23,5277,-0.07,0.00,5.34,3 188.22,sl 5193.29
2026.02.25 04:40:18,5268,XAUUSD,buy,in,0.02,5187.08,5278,-0.07,0.00,0.00,3 188.15,
2026.02.25 05:00:48,5269,XAUUSD,sell,out,0.02,5187.24,5279,-0.07,0.00,0.32,3 188.40,sl 5187.25
2026.02.25 05:04:20,5270,XAUUSD,buy,in,0.02,5186.53,5280,-0.07,0.00,0.00,3 188.33,
2026.02.25 05:15:19,5271,XAUUSD,sell,out,0.02,5186.74,5281,-0.07,0.00,0.42,3 188.68,sl 5186.81
2026.02.25 05:28:30,5272,XAUUSD,buy,in,0.02,5184.52,5282,-0.07,0.00,0.00,3 188.61,
2026.02.25 05:28:59,5273,XAUUSD,sell,out,0.02,5184.54,5283,-0.07,0.00,0.04,3 188.58,sl 5184.55
2026.02.25 05:52:36,5274,XAUUSD,buy,in,0.02,5183.52,5284,-0.07,0.00,0.00,3 188.51,
2026.02.25 06:18:53,5275,XAUUSD,sell,out,0.02,5184.16,5285,-0.07,0.00,1.28,3 189.72,sl 5184.19
2026.02.25 06:18:57,5276,XAUUSD,buy,in,0.02,5184.24,5286,-0.07,0.00,0.00,3 189.65,
2026.02.25 06:27:18,5277,XAUUSD,sell,out,0.02,5184.74,5287,-0.07,0.00,1.00,3 190.58,sl 5184.76
2026.02.25 06:43:06,5278,XAUUSD,buy,in,0.02,5182.80,5288,-0.07,0.00,0.00,3 190.51,
2026.02.25 06:45:47,5279,XAUUSD,sell,out,0.02,5184.22,5289,-0.07,0.00,2.84,3 193.28,sl 5184.35
2026.02.25 07:07:07,5280,XAUUSD,buy,in,0.02,5190.87,5290,-0.07,0.00,0.00,3 193.21,
2026.02.25 07:18:05,5281,XAUUSD,sell,out,0.02,5192.10,5291,-0.07,0.00,2.46,3 195.60,sl 5192.10
2026.02.25 07:31:09,5282,XAUUSD,buy,in,0.02,5199.12,5292,-0.07,0.00,0.00,3 195.53,
2026.02.25 07:43:30,5283,XAUUSD,sell,out,0.02,5202.36,5293,-0.07,0.00,6.48,3 201.94,sl 5202.49
2026.02.25 07:55:15,5284,XAUUSD,buy,in,0.02,5208.20,5294,-0.07,0.00,0.00,3 201.87,
2026.02.25 09:33:20,5285,XAUUSD,sell,in,0.18,5187.70,5295,-0.63,0.00,0.00,3 201.24,
2026.02.25 09:38:07,5286,XAUUSD,buy,out,0.18,5187.09,5296,-0.63,0.00,10.98,3 211.59,sl 5186.95
2026.02.25 18:46:47,5287,XAUUSD,sell,out,0.02,5211.67,5297,-0.07,0.00,6.94,3 218.46,sl 5211.79
2026.02.26 02:30:13,5288,XAUUSD,buy,in,0.02,5189.15,5298,-0.07,0.00,0.00,3 218.39,
2026.02.26 02:54:42,5289,XAUUSD,sell,out,0.02,5189.90,5299,-0.07,0.00,1.50,3 219.82,sl 5189.95
2026.02.26 02:54:45,5290,XAUUSD,buy,in,0.02,5189.81,5300,-0.07,0.00,0.00,3 219.75,
2026.02.26 02:55:07,5291,XAUUSD,sell,out,0.02,5190.17,5301,-0.07,0.00,0.72,3 220.40,sl 5190.32
2026.02.26 03:18:49,5292,XAUUSD,buy,in,0.02,5190.16,5302,-0.07,0.00,0.00,3 220.33,
2026.02.26 03:20:43,5293,XAUUSD,sell,out,0.02,5191.14,5303,-0.07,0.00,1.96,3 222.22,sl 5191.14
2026.02.26 03:42:51,5294,XAUUSD,buy,in,0.02,5189.14,5304,-0.07,0.00,0.00,3 222.15,
2026.02.26 03:44:27,5295,XAUUSD,sell,out,0.02,5189.64,5305,-0.07,0.00,1.00,3 223.08,sl 5189.68
2026.02.26 04:10:20,5296,XAUUSD,buy,in,0.02,5189.10,5306,-0.07,0.00,0.00,3 223.01,
2026.02.26 04:10:31,5297,XAUUSD,sell,out,0.02,5189.38,5307,-0.07,0.00,0.56,3 223.50,sl 5189.42
2026.02.26 05:15:38,5298,XAUUSD,buy,in,0.02,5189.74,5308,-0.07,0.00,0.00,3 223.43,
2026.02.26 05:15:43,5299,XAUUSD,sell,out,0.02,5189.64,5309,-0.07,0.00,-0.20,3 223.16,sl 5189.77
2026.02.26 05:51:51,5300,XAUUSD,buy,in,0.02,5190.16,5310,-0.07,0.00,0.00,3 223.09,
2026.02.26 05:52:29,5301,XAUUSD,sell,out,0.02,5190.28,5311,-0.07,0.00,0.24,3 223.26,sl 5190.29
2026.02.26 06:15:58,5302,XAUUSD,buy,in,0.02,5196.86,5312,-0.07,0.00,0.00,3 223.19,
2026.02.26 07:13:16,5303,XAUUSD,sell,out,0.02,5197.54,5313,-0.07,0.00,1.36,3 224.48,sl 5197.57
2026.02.26 07:13:16,5304,XAUUSD,buy,in,0.02,5197.66,5314,-0.07,0.00,0.00,3 224.41,
2026.02.26 07:14:21,5305,XAUUSD,sell,out,0.02,5199.04,5315,-0.07,0.00,2.76,3 227.10,sl 5199.05
2026.02.26 07:37:24,5306,XAUUSD,buy,in,0.02,5201.80,5316,-0.07,0.00,0.00,3 227.03,
2026.02.26 09:15:27,5307,XAUUSD,sell,in,0.18,5187.81,5317,-0.63,0.00,0.00,3 226.40,
2026.02.26 09:16:43,5308,XAUUSD,buy,out,0.18,5186.45,5318,-0.63,0.00,24.48,3 250.25,sl 5186.45
2026.02.26 12:58:08,5309,XAUUSD,sell,in,0.18,5169.24,5319,-0.63,0.00,0.00,3 249.62,
2026.02.26 12:58:52,5310,XAUUSD,buy,out,0.18,5169.11,5320,-0.63,0.00,2.34,3 251.33,sl 5169.10
2026.02.26 13:51:50,5311,XAUUSD,sell,out,0.02,5168.12,5321,-0.07,0.00,-67.36,3 183.90,
2026.02.26 17:27:51,5312,XAUUSD,sell,in,0.02,5138.01,5322,-0.07,0.00,0.00,3 183.83,
2026.02.26 17:28:02,5313,XAUUSD,buy,out,0.02,5133.62,5323,-0.07,0.00,8.78,3 192.54,sl 5133.53
2026.02.26 22:14:05,5314,XAUUSD,buy,in,0.02,5197.01,5324,-0.07,0.00,0.00,3 192.47,
2026.02.26 22:14:54,5315,XAUUSD,sell,out,0.02,5197.03,5325,-0.07,0.00,0.04,3 192.44,sl 5197.44
2026.02.26 22:38:35,5316,XAUUSD,buy,in,0.02,5197.75,5326,-0.07,0.00,0.00,3 192.37,
2026.02.26 22:39:14,5317,XAUUSD,sell,out,0.02,5198.99,5327,-0.07,0.00,2.48,3 194.78,sl 5199.00
2026.02.26 23:02:44,5318,XAUUSD,buy,in,0.02,5198.68,5328,-0.07,0.00,0.00,3 194.71,
2026.02.26 23:03:28,5319,XAUUSD,sell,out,0.02,5199.05,5329,-0.07,0.00,0.74,3 195.38,sl 5199.08
2026.02.27 04:08:09,5320,XAUUSD,buy,in,0.02,5199.46,5330,-0.07,0.00,0.00,3 195.31,
2026.02.27 05:46:20,5321,XAUUSD,sell,in,0.18,5187.39,5331,-0.63,0.00,0.00,3 194.68,
2026.02.27 05:58:13,5322,XAUUSD,buy,out,0.18,5187.28,5332,-0.63,0.00,1.98,3 196.03,sl 5187.27
2026.02.27 10:24:42,5323,XAUUSD,sell,out,0.02,5175.42,5333,-0.07,0.00,-48.08,3 147.88,
2026.02.27 15:07:41,5324,XAUUSD,buy,in,0.02,5205.65,5334,-0.07,0.00,0.00,3 147.81,
2026.02.27 15:08:06,5325,XAUUSD,sell,out,0.02,5208.58,5335,-0.07,0.00,5.86,3 153.60,sl 5208.62
2026.02.27 15:31:45,5326,XAUUSD,buy,in,0.02,5224.93,5336,-0.07,0.00,0.00,3 153.53,
2026.02.27 15:31:54,5327,XAUUSD,sell,out,0.02,5224.95,5337,-0.07,0.00,0.04,3 153.50,sl 5225.10
2026.02.27 15:55:44,5328,XAUUSD,buy,in,0.02,5216.28,5338,-0.07,0.00,0.00,3 153.43,
2026.02.27 15:56:59,5329,XAUUSD,sell,out,0.02,5220.69,5339,-0.07,0.00,8.82,3 162.18,sl 5220.70
2026.02.27 16:19:50,5330,XAUUSD,buy,in,0.02,5227.50,5340,-0.07,0.00,0.00,3 162.11,
2026.02.27 16:20:14,5331,XAUUSD,sell,out,0.02,5227.96,5341,-0.07,0.00,0.92,3 162.96,sl 5228.02
2026.02.27 16:43:53,5332,XAUUSD,buy,in,0.02,5222.66,5342,-0.07,0.00,0.00,3 162.89,
2026.02.27 16:44:39,5333,XAUUSD,sell,out,0.02,5226.45,5343,-0.07,0.00,7.58,3 170.40,sl 5226.45
2026.02.27 17:07:54,5334,XAUUSD,buy,in,0.02,5232.83,5344,-0.07,0.00,0.00,3 170.33,
2026.02.27 17:09:00,5335,XAUUSD,sell,out,0.02,5235.16,5345,-0.07,0.00,4.66,3 174.92,sl 5235.19
2026.02.27 17:31:59,5336,XAUUSD,buy,in,0.02,5232.83,5346,-0.07,0.00,0.00,3 174.85,
2026.02.27 17:33:55,5337,XAUUSD,sell,out,0.02,5232.88,5347,-0.07,0.00,0.10,3 174.88,sl 5232.96
2026.02.27 17:55:58,5338,XAUUSD,buy,in,0.02,5238.58,5348,-0.07,0.00,0.00,3 174.81,
2026.02.27 17:57:00,5339,XAUUSD,sell,out,0.02,5240.02,5349,-0.07,0.00,2.88,3 177.62,sl 5240.11
2026.02.27 18:20:06,5340,XAUUSD,buy,in,0.02,5248.91,5350,-0.07,0.00,0.00,3 177.55,
2026.02.27 19:58:09,5341,XAUUSD,sell,in,0.18,5232.67,5351,-0.63,0.00,0.00,3 176.92,
2026.02.27 20:21:15,5342,XAUUSD,buy,out,0.18,5232.33,5352,-0.63,0.00,6.12,3 182.41,sl 5232.31
2026.02.27 21:04:32,5343,XAUUSD,sell,out,0.02,5250.20,5353,-0.07,0.00,2.58,3 184.92,sl 5250.22
2026.03.02 18:07:15,5344,XAUUSD,buy,in,0.02,5291.96,5354,-0.07,0.00,0.00,3 184.85,
2026.03.02 18:07:27,5345,XAUUSD,sell,out,0.02,5292.06,5355,-0.07,0.00,0.20,3 184.98,sl 5292.07
2026.03.02 18:31:17,5346,XAUUSD,buy,in,0.02,5308.50,5356,-0.07,0.00,0.00,3 184.91,
2026.03.02 18:40:45,5347,XAUUSD,sell,out,0.02,5311.18,5357,-0.07,0.00,5.36,3 190.20,sl 5311.26
2026.03.02 18:55:24,5348,XAUUSD,buy,in,0.02,5295.46,5358,-0.07,0.00,0.00,3 190.13,
2026.03.02 18:55:43,5349,XAUUSD,sell,out,0.02,5298.38,5359,-0.07,0.00,5.84,3 195.90,sl 5298.45
2026.03.02 19:19:31,5350,XAUUSD,buy,in,0.02,5297.61,5360,-0.07,0.00,0.00,3 195.83,
2026.03.02 19:19:45,5351,XAUUSD,sell,out,0.02,5297.61,5361,-0.07,0.00,0.00,3 195.76,sl 5297.63
2026.03.02 19:43:31,5352,XAUUSD,buy,in,0.02,5306.13,5362,-0.07,0.00,0.00,3 195.69,
2026.03.02 19:45:27,5353,XAUUSD,sell,out,0.02,5307.75,5363,-0.07,0.00,3.24,3 198.86,sl 5307.78
2026.03.02 20:07:34,5354,XAUUSD,buy,in,0.02,5297.53,5364,-0.07,0.00,0.00,3 198.79,
2026.03.02 20:15:58,5355,XAUUSD,sell,out,0.02,5298.48,5365,-0.07,0.00,1.90,3 200.62,sl 5298.49
2026.03.02 20:31:40,5356,XAUUSD,buy,in,0.02,5297.68,5366,-0.07,0.00,0.00,3 200.55,
2026.03.02 20:35:07,5357,XAUUSD,sell,out,0.02,5297.62,5367,-0.07,0.00,-0.12,3 200.36,sl 5297.88
2026.03.02 20:55:48,5358,XAUUSD,buy,in,0.02,5314.37,5368,-0.07,0.00,0.00,3 200.29,
2026.03.02 20:59:38,5359,XAUUSD,sell,out,0.02,5314.39,5369,-0.07,0.00,0.04,3 200.26,sl 5314.39
2026.03.02 21:19:51,5360,XAUUSD,buy,in,0.02,5326.02,5370,-0.07,0.00,0.00,3 200.19,
2026.03.02 21:20:36,5361,XAUUSD,sell,out,0.02,5325.80,5371,-0.07,0.00,-0.44,3 199.68,sl 5326.06
2026.03.02 21:43:56,5362,XAUUSD,buy,in,0.02,5327.35,5372,-0.07,0.00,0.00,3 199.61,
2026.03.02 21:47:56,5363,XAUUSD,sell,out,0.02,5328.64,5373,-0.07,0.00,2.58,3 202.12,sl 5328.68
2026.03.02 22:07:55,5364,XAUUSD,buy,in,0.02,5337.09,5374,-0.07,0.00,0.00,3 202.05,
2026.03.02 22:08:39,5365,XAUUSD,sell,out,0.02,5341.20,5375,-0.07,0.00,8.22,3 210.20,sl 5341.28
2026.03.02 22:32:00,5366,XAUUSD,buy,in,0.02,5336.39,5376,-0.07,0.00,0.00,3 210.13,
2026.03.02 22:32:26,5367,XAUUSD,sell,out,0.02,5339.56,5377,-0.07,0.00,6.34,3 216.40,sl 5339.60
2026.03.02 22:56:06,5368,XAUUSD,buy,in,0.02,5338.67,5378,-0.07,0.00,0.00,3 216.33,
2026.03.02 22:56:41,5369,XAUUSD,sell,out,0.02,5338.81,5379,-0.07,0.00,0.28,3 216.54,sl 5339.18
2026.03.02 23:20:12,5370,XAUUSD,buy,in,0.02,5337.07,5380,-0.07,0.00,0.00,3 216.47,
2026.03.03 01:03:12,5371,XAUUSD,sell,out,0.02,5340.25,5381,-0.07,-1.14,6.36,3 221.62,sl 5340.39
2026.03.03 08:28:28,5372,XAUUSD,buy,in,0.02,5317.30,5382,-0.07,0.00,0.00,3 221.55,
2026.03.03 08:28:53,5373,XAUUSD,sell,out,0.02,5318.87,5383,-0.07,0.00,3.14,3 224.62,sl 5319.04
2026.03.03 09:06:54,5374,XAUUSD,buy,in,0.02,5318.49,5384,-0.07,0.00,0.00,3 224.55,
2026.03.03 09:18:30,5375,XAUUSD,sell,out,0.02,5318.60,5385,-0.07,0.00,0.22,3 224.70,sl 5318.62
2026.03.03 09:33:36,5376,XAUUSD,buy,in,0.02,5317.05,5386,-0.07,0.00,0.00,3 224.63,
2026.03.03 09:34:08,5377,XAUUSD,sell,out,0.02,5318.99,5387,-0.07,0.00,3.88,3 228.44,sl 5319.05
2026.03.03 09:57:39,5378,XAUUSD,buy,in,0.02,5330.21,5388,-0.07,0.00,0.00,3 228.37,
2026.03.03 10:03:14,5379,XAUUSD,sell,out,0.02,5331.95,5389,-0.07,0.00,3.48,3 231.78,sl 5332.15
2026.03.03 10:21:39,5380,XAUUSD,buy,in,0.02,5326.20,5390,-0.07,0.00,0.00,3 231.71,
2026.03.03 10:59:21,5381,XAUUSD,sell,out,0.02,5291.10,5391,-0.07,0.00,-70.20,3 161.44,
2026.03.03 11:25:30,5382,XAUUSD,sell,in,0.02,5259.54,5392,-0.07,0.00,0.00,3 161.37,
2026.03.03 11:25:47,5383,XAUUSD,buy,out,0.02,5251.35,5393,-0.07,0.00,16.38,3 177.68,sl 5251.13
2026.03.03 11:50:01,5384,XAUUSD,sell,in,0.02,5265.19,5394,-0.07,0.00,0.00,3 177.61,
2026.03.03 12:37:19,5385,XAUUSD,buy,out,0.02,5264.53,5395,-0.07,0.00,1.32,3 178.86,sl 5264.49
2026.03.03 12:37:56,5386,XAUUSD,sell,in,0.02,5262.39,5396,-0.07,0.00,0.00,3 178.79,
2026.03.03 12:38:49,5387,XAUUSD,buy,out,0.02,5255.24,5397,-0.07,0.00,14.30,3 193.02,sl 5254.92
2026.03.03 13:02:04,5388,XAUUSD,sell,in,0.02,5256.31,5398,-0.07,0.00,0.00,3 192.95,
2026.03.03 13:04:10,5389,XAUUSD,buy,out,0.02,5255.56,5399,-0.07,0.00,1.50,3 194.38,sl 5255.41
2026.03.03 13:26:06,5390,XAUUSD,sell,in,0.02,5182.18,5400,-0.07,0.00,0.00,3 194.31,
2026.03.03 13:26:15,5391,XAUUSD,buy,out,0.02,5179.99,5401,-0.07,0.00,4.38,3 198.62,sl 5179.81
2026.03.03 13:50:11,5392,XAUUSD,sell,in,0.02,5142.96,5402,-0.07,0.00,0.00,3 198.55,
2026.03.03 13:51:44,5393,XAUUSD,buy,out,0.02,5140.47,5403,-0.07,0.00,4.98,3 203.46,sl 5140.39
2026.03.03 14:14:15,5394,XAUUSD,sell,in,0.02,5190.58,5404,-0.07,0.00,0.00,3 203.39,
2026.03.03 14:14:42,5395,XAUUSD,buy,out,0.02,5190.56,5405,-0.07,0.00,0.04,3 203.36,sl 5190.25
2026.03.03 14:38:17,5396,XAUUSD,sell,in,0.02,5202.34,5406,-0.07,0.00,0.00,3 203.29,
2026.03.03 14:38:52,5397,XAUUSD,buy,out,0.02,5202.39,5407,-0.07,0.00,-0.10,3 203.12,sl 5202.32
2026.03.03 15:02:17,5398,XAUUSD,sell,in,0.02,5194.14,5408,-0.07,0.00,0.00,3 203.05,
2026.03.03 15:02:33,5399,XAUUSD,buy,out,0.02,5185.96,5409,-0.07,0.00,16.36,3 219.34,sl 5185.88
2026.03.03 15:26:23,5400,XAUUSD,sell,in,0.02,5170.97,5410,-0.07,0.00,0.00,3 219.27,
2026.03.03 15:26:34,5401,XAUUSD,buy,out,0.02,5170.56,5411,-0.07,0.00,0.82,3 220.02,sl 5170.40
2026.03.03 15:50:29,5402,XAUUSD,sell,in,0.02,5149.24,5412,-0.07,0.00,0.00,3 219.95,
2026.03.03 15:52:25,5403,XAUUSD,buy,out,0.02,5137.99,5413,-0.07,0.00,22.50,3 242.38,sl 5137.44
2026.03.03 16:14:35,5404,XAUUSD,sell,in,0.02,5166.88,5414,-0.07,0.00,0.00,3 242.31,
2026.03.03 16:15:34,5405,XAUUSD,buy,out,0.02,5166.19,5415,-0.07,0.00,1.38,3 243.62,sl 5166.15
2026.03.03 16:38:37,5406,XAUUSD,sell,in,0.02,5124.94,5416,-0.07,0.00,0.00,3 243.55,
2026.03.03 16:38:46,5407,XAUUSD,buy,out,0.02,5124.94,5417,-0.07,0.00,0.00,3 243.48,sl 5124.90
2026.03.03 17:02:44,5408,XAUUSD,sell,in,0.02,5062.03,5418,-0.07,0.00,0.00,3 243.41,
2026.03.03 17:02:56,5409,XAUUSD,buy,out,0.02,5056.97,5419,-0.07,0.00,10.12,3 253.46,sl 5056.96
2026.03.03 17:26:44,5410,XAUUSD,sell,in,0.02,5044.29,5420,-0.07,0.00,0.00,3 253.39,
2026.03.03 17:27:00,5411,XAUUSD,buy,out,0.02,5044.51,5421,-0.07,0.00,-0.44,3 252.88,sl 5044.00
2026.03.03 17:50:59,5412,XAUUSD,sell,in,0.02,5071.83,5422,-0.07,0.00,0.00,3 252.81,
2026.03.03 17:51:34,5413,XAUUSD,buy,out,0.02,5072.19,5423,-0.07,0.00,-0.72,3 252.02,sl 5071.80
2026.03.03 18:14:58,5414,XAUUSD,sell,in,0.02,5109.36,5424,-0.07,0.00,0.00,3 251.95,
2026.03.03 18:16:00,5415,XAUUSD,buy,out,0.02,5108.83,5425,-0.07,0.00,1.06,3 252.94,sl 5108.78
2026.03.03 18:38:59,5416,XAUUSD,sell,in,0.02,5127.30,5426,-0.07,0.00,0.00,3 252.87,
2026.03.03 18:39:39,5417,XAUUSD,buy,out,0.02,5120.60,5427,-0.07,0.00,13.40,3 266.20,sl 5120.46
2026.03.03 19:03:00,5418,XAUUSD,sell,in,0.02,5096.43,5428,-0.07,0.00,0.00,3 266.13,
2026.03.03 19:03:29,5419,XAUUSD,buy,out,0.02,5088.75,5429,-0.07,0.00,15.36,3 281.42,sl 5088.74
2026.03.03 19:27:01,5420,XAUUSD,sell,in,0.02,5094.96,5430,-0.07,0.00,0.00,3 281.35,
2026.03.03 19:27:46,5421,XAUUSD,buy,out,0.02,5089.52,5431,-0.07,0.00,10.88,3 292.16,sl 5089.49
2026.03.03 19:51:10,5422,XAUUSD,sell,in,0.02,5076.76,5432,-0.07,0.00,0.00,3 292.09,
2026.03.03 19:51:35,5423,XAUUSD,buy,out,0.02,5076.87,5433,-0.07,0.00,-0.22,3 291.80,sl 5076.66
2026.03.03 20:15:16,5424,XAUUSD,sell,in,0.02,5102.85,5434,-0.07,0.00,0.00,3 291.73,
2026.03.03 20:15:31,5425,XAUUSD,buy,out,0.02,5102.49,5435,-0.07,0.00,0.72,3 292.38,sl 5102.30
2026.03.03 20:39:17,5426,XAUUSD,sell,in,0.02,5125.22,5436,-0.07,0.00,0.00,3 292.31,
2026.03.03 21:10:32,5427,XAUUSD,buy,out,0.02,5125.15,5437,-0.07,0.00,0.14,3 292.38,sl 5125.14
2026.03.03 21:10:50,5428,XAUUSD,sell,in,0.02,5120.84,5438,-0.07,0.00,0.00,3 292.31,
2026.03.03 21:11:00,5429,XAUUSD,buy,out,0.02,5120.76,5439,-0.07,0.00,0.16,3 292.40,sl 5120.75
2026.03.03 21:34:57,5430,XAUUSD,sell,in,0.02,5100.81,5440,-0.07,0.00,0.00,3 292.33,
2026.03.03 21:35:14,5431,XAUUSD,buy,out,0.02,5100.76,5441,-0.07,0.00,0.10,3 292.36,sl 5100.75
2026.03.03 21:59:02,5432,XAUUSD,sell,in,0.02,5112.91,5442,-0.07,0.00,0.00,3 292.29,
2026.03.03 22:33:26,5433,XAUUSD,buy,out,0.02,5112.09,5443,-0.07,0.00,1.64,3 293.86,sl 5111.95
2026.03.03 22:33:29,5434,XAUUSD,sell,in,0.02,5112.28,5444,-0.07,0.00,0.00,3 293.79,
2026.03.03 22:33:47,5435,XAUUSD,buy,out,0.02,5111.45,5445,-0.07,0.00,1.66,3 295.38,sl 5111.45
2026.03.03 22:57:40,5436,XAUUSD,sell,in,0.02,5100.71,5446,-0.07,0.00,0.00,3 295.31,
2026.03.03 22:58:02,5437,XAUUSD,buy,out,0.02,5098.18,5447,-0.07,0.00,5.06,3 300.30,sl 5097.98
2026.03.03 23:21:57,5438,XAUUSD,sell,in,0.02,5097.35,5448,-0.07,0.00,0.00,3 300.23,
2026.03.03 23:22:35,5439,XAUUSD,buy,out,0.02,5096.10,5449,-0.07,0.00,2.50,3 302.66,sl 5095.98
2026.03.03 23:45:59,5440,XAUUSD,sell,in,0.02,5092.83,5450,-0.07,0.00,0.00,3 302.59,
2026.03.03 23:47:48,5441,XAUUSD,buy,out,0.02,5087.87,5451,-0.07,0.00,9.92,3 312.44,sl 5087.82
2026.03.04 01:02:04,5442,XAUUSD,sell,in,0.02,5091.99,5452,-0.07,0.00,0.00,3 312.37,
2026.03.04 01:02:20,5443,XAUUSD,buy,out,0.02,5092.51,5453,-0.07,0.00,-1.04,3 311.26,sl 5091.96
2026.03.04 01:26:12,5444,XAUUSD,sell,in,0.02,5124.06,5454,-0.07,0.00,0.00,3 311.19,
2026.03.04 01:26:44,5445,XAUUSD,buy,out,0.02,5122.01,5455,-0.07,0.00,4.10,3 315.22,sl 5121.79
2026.03.04 01:50:13,5446,XAUUSD,sell,in,0.02,5123.78,5456,-0.07,0.00,0.00,3 315.15,
2026.03.04 01:50:33,5447,XAUUSD,buy,out,0.02,5124.62,5457,-0.07,0.00,-1.68,3 313.40,sl 5123.67
2026.03.04 02:14:14,5448,XAUUSD,sell,in,0.02,5116.48,5458,-0.07,0.00,0.00,3 313.33,
2026.03.04 02:14:56,5449,XAUUSD,buy,out,0.02,5116.47,5459,-0.07,0.00,0.02,3 313.28,sl 5116.47
2026.03.04 02:38:20,5450,XAUUSD,sell,in,0.02,5123.60,5460,-0.07,0.00,0.00,3 313.21,
2026.03.04 02:38:39,5451,XAUUSD,buy,out,0.02,5123.84,5461,-0.07,0.00,-0.48,3 312.66,sl 5123.59
2026.03.04 03:02:24,5452,XAUUSD,sell,in,0.02,5154.23,5462,-0.07,0.00,0.00,3 312.59,
2026.03.04 03:02:50,5453,XAUUSD,buy,out,0.02,5153.08,5463,-0.07,0.00,2.30,3 314.82,sl 5152.62
2026.03.04 03:26:30,5454,XAUUSD,sell,in,0.02,5152.72,5464,-0.07,0.00,0.00,3 314.75,
2026.03.04 03:27:15,5455,XAUUSD,buy,out,0.02,5149.19,5465,-0.07,0.00,7.06,3 321.74,sl 5149.18
2026.03.04 03:50:34,5456,XAUUSD,sell,in,0.02,5175.64,5466,-0.07,0.00,0.00,3 321.67,
2026.03.04 03:51:09,5457,XAUUSD,buy,out,0.02,5174.45,5467,-0.07,0.00,2.38,3 323.98,sl 5174.45
2026.03.04 04:14:37,5458,XAUUSD,sell,in,0.02,5185.64,5468,-0.07,0.00,0.00,3 323.91,
2026.03.04 04:16:10,5459,XAUUSD,buy,out,0.02,5185.32,5469,-0.07,0.00,0.64,3 324.48,sl 5185.09
2026.03.04 04:38:38,5460,XAUUSD,sell,in,0.02,5168.18,5470,-0.07,0.00,0.00,3 324.41,
2026.03.04 04:38:58,5461,XAUUSD,buy,out,0.02,5167.74,5471,-0.07,0.00,0.88,3 325.22,sl 5167.73
2026.03.05 07:34:24,5462,XAUUSD,sell,in,0.02,5164.94,5472,-0.07,0.00,0.00,3 325.15,
2026.03.05 07:37:31,5463,XAUUSD,buy,out,0.02,5163.81,5473,-0.07,0.00,2.26,3 327.34,sl 5163.24
2026.03.05 07:58:29,5464,XAUUSD,sell,in,0.02,5149.48,5474,-0.07,0.00,0.00,3 327.27,
2026.03.05 08:00:12,5465,XAUUSD,buy,out,0.02,5148.86,5475,-0.07,0.00,1.24,3 328.44,sl 5148.82
2026.03.05 08:22:31,5466,XAUUSD,sell,in,0.02,5139.32,5476,-0.07,0.00,0.00,3 328.37,
2026.03.05 08:24:08,5467,XAUUSD,buy,out,0.02,5139.30,5477,-0.07,0.00,0.04,3 328.34,sl 5139.30
2026.03.05 08:46:34,5468,XAUUSD,sell,in,0.02,5152.91,5478,-0.07,0.00,0.00,3 328.27,
2026.03.05 10:07:00,5469,XAUUSD,buy,out,0.02,5150.56,5479,-0.07,0.00,4.70,3 332.90,sl 5150.56
2026.03.05 10:07:02,5470,XAUUSD,sell,in,0.02,5152.38,5480,-0.07,0.00,0.00,3 332.83,
2026.03.05 10:09:50,5471,XAUUSD,buy,out,0.02,5148.74,5481,-0.07,0.00,7.28,3 340.04,sl 5148.32
2026.03.05 10:31:07,5472,XAUUSD,sell,in,0.02,5150.88,5482,-0.07,0.00,0.00,3 339.97,
2026.03.05 10:34:29,5473,XAUUSD,buy,out,0.02,5150.64,5483,-0.07,0.00,0.48,3 340.38,sl 5150.58
2026.03.05 11:35:22,5474,XAUUSD,sell,in,0.02,5160.59,5484,-0.07,0.00,0.00,3 340.31,
2026.03.05 11:40:26,5475,XAUUSD,buy,out,0.02,5156.92,5485,-0.07,0.00,7.34,3 347.58,sl 5156.87
2026.03.05 11:59:49,5476,XAUUSD,sell,in,0.02,5161.24,5486,-0.07,0.00,0.00,3 347.51,
2026.03.05 12:00:32,5477,XAUUSD,buy,out,0.02,5157.65,5487,-0.07,0.00,7.18,3 354.62,sl 5157.58
2026.03.05 12:23:54,5478,XAUUSD,sell,in,0.02,5153.74,5488,-0.07,0.00,0.00,3 354.55,
2026.03.05 12:25:27,5479,XAUUSD,buy,out,0.02,5153.63,5489,-0.07,0.00,0.22,3 354.70,sl 5153.61
2026.03.05 12:49:31,5480,XAUUSD,sell,in,0.02,5160.02,5490,-0.07,0.00,0.00,3 354.63,
2026.03.05 12:49:56,5481,XAUUSD,buy,out,0.02,5160.03,5491,-0.07,0.00,-0.02,3 354.54,sl 5159.97
2026.03.05 13:36:40,5482,XAUUSD,sell,in,0.02,5159.81,5492,-0.07,0.00,0.00,3 354.47,
2026.03.05 13:37:05,5483,XAUUSD,buy,out,0.02,5159.85,5493,-0.07,0.00,-0.08,3 354.32,sl 5159.79
2026.03.05 15:00:27,5484,XAUUSD,sell,in,0.02,5155.90,5494,-0.07,0.00,0.00,3 354.25,
2026.03.05 15:00:32,5485,XAUUSD,buy,out,0.02,5155.80,5495,-0.07,0.00,0.20,3 354.38,sl 5155.58
2026.03.05 15:24:30,5486,XAUUSD,sell,in,0.02,5101.57,5496,-0.07,0.00,0.00,3 354.31,
2026.03.05 15:24:53,5487,XAUUSD,buy,out,0.02,5101.57,5497,-0.07,0.00,0.00,3 354.24,sl 5101.55
2026.03.05 15:48:32,5488,XAUUSD,sell,in,0.02,5118.71,5498,-0.07,0.00,0.00,3 354.17,
2026.03.05 15:49:08,5489,XAUUSD,buy,out,0.02,5118.62,5499,-0.07,0.00,0.18,3 354.28,sl 5118.61
2026.03.05 16:12:32,5490,XAUUSD,sell,in,0.02,5114.94,5500,-0.07,0.00,0.00,3 354.21,
2026.03.05 16:13:21,5491,XAUUSD,buy,out,0.02,5114.74,5501,-0.07,0.00,0.40,3 354.54,sl 5114.74
2026.03.05 16:36:39,5492,XAUUSD,sell,in,0.02,5122.02,5502,-0.07,0.00,0.00,3 354.47,
2026.03.05 16:37:02,5493,XAUUSD,buy,out,0.02,5117.53,5503,-0.07,0.00,8.98,3 363.38,sl 5117.53
2026.03.05 17:00:44,5494,XAUUSD,sell,in,0.02,5106.30,5504,-0.07,0.00,0.00,3 363.31,
2026.03.05 17:00:52,5495,XAUUSD,buy,out,0.02,5106.17,5505,-0.07,0.00,0.26,3 363.50,sl 5105.98
2026.03.05 17:24:51,5496,XAUUSD,sell,in,0.02,5078.95,5506,-0.07,0.00,0.00,3 363.43,
2026.03.05 17:25:05,5497,XAUUSD,buy,out,0.02,5078.95,5507,-0.07,0.00,0.00,3 363.36,sl 5078.93
2026.03.05 17:48:50,5498,XAUUSD,sell,in,0.02,5089.08,5508,-0.07,0.00,0.00,3 363.29,
2026.03.05 17:49:12,5499,XAUUSD,buy,out,0.02,5089.08,5509,-0.07,0.00,0.00,3 363.22,sl 5089.07
2026.03.05 18:13:04,5500,XAUUSD,sell,in,0.02,5075.87,5510,-0.07,0.00,0.00,3 363.15,
2026.03.05 18:17:45,5501,XAUUSD,buy,out,0.02,5075.26,5511,-0.07,0.00,1.22,3 364.30,sl 5075.26
2026.03.05 18:37:03,5502,XAUUSD,sell,in,0.02,5063.77,5512,-0.07,0.00,0.00,3 364.23,
2026.03.05 18:43:01,5503,XAUUSD,buy,out,0.02,5063.30,5513,-0.07,0.00,0.94,3 365.10,sl 5063.19
2026.03.05 19:01:11,5504,XAUUSD,sell,in,0.02,5075.80,5514,-0.07,0.00,0.00,3 365.03,
2026.03.05 19:01:31,5505,XAUUSD,buy,out,0.02,5075.25,5515,-0.07,0.00,1.10,3 366.06,sl 5075.22
2026.03.05 19:25:18,5506,XAUUSD,sell,in,0.02,5084.90,5516,-0.07,0.00,0.00,3 365.99,
2026.03.05 19:25:43,5507,XAUUSD,buy,out,0.02,5084.94,5517,-0.07,0.00,-0.08,3 365.84,sl 5084.78
2026.03.05 19:49:17,5508,XAUUSD,sell,in,0.02,5066.04,5518,-0.07,0.00,0.00,3 365.77,
2026.03.05 19:49:31,5509,XAUUSD,buy,out,0.02,5065.92,5519,-0.07,0.00,0.24,3 365.94,sl 5065.91
2026.03.05 20:13:23,5510,XAUUSD,sell,in,0.02,5071.10,5520,-0.07,0.00,0.00,3 365.87,
2026.03.05 20:20:11,5511,XAUUSD,buy,out,0.02,5070.96,5521,-0.07,0.00,0.28,3 366.08,sl 5070.94
2026.03.05 20:37:36,5512,XAUUSD,sell,in,0.02,5075.22,5522,-0.07,0.00,0.00,3 366.01,
2026.03.05 20:51:35,5513,XAUUSD,buy,out,0.02,5073.06,5523,-0.07,0.00,4.32,3 370.26,sl 5073.06
2026.03.05 21:01:35,5514,XAUUSD,sell,in,0.02,5073.19,5524,-0.07,0.00,0.00,3 370.19,
2026.03.05 21:01:48,5515,XAUUSD,buy,out,0.02,5073.21,5525,-0.07,0.00,-0.04,3 370.08,sl 5073.18
2026.03.05 21:25:37,5516,XAUUSD,sell,in,0.02,5066.73,5526,-0.07,0.00,0.00,3 370.01,
2026.03.05 21:26:00,5517,XAUUSD,buy,out,0.02,5065.45,5527,-0.07,0.00,2.56,3 372.50,sl 5065.34
2026.03.05 21:49:45,5518,XAUUSD,sell,in,0.02,5067.72,5528,-0.07,0.00,0.00,3 372.43,
2026.03.05 21:50:04,5519,XAUUSD,buy,out,0.02,5067.74,5529,-0.07,0.00,-0.04,3 372.32,sl 5067.71
2026.03.05 22:13:44,5520,XAUUSD,sell,in,0.02,5077.21,5530,-0.07,0.00,0.00,3 372.25,
2026.03.05 22:29:18,5521,XAUUSD,buy,out,0.02,5077.02,5531,-0.07,0.00,0.38,3 372.56,sl 5077.02
2026.03.05 22:37:49,5522,XAUUSD,sell,in,0.02,5080.05,5532,-0.07,0.00,0.00,3 372.49,
2026.03.05 22:38:18,5523,XAUUSD,buy,out,0.02,5079.90,5533,-0.07,0.00,0.30,3 372.72,sl 5079.80
2026.03.05 23:01:49,5524,XAUUSD,sell,in,0.02,5080.00,5534,-0.07,0.00,0.00,3 372.65,
2026.03.05 23:02:16,5525,XAUUSD,buy,out,0.02,5079.89,5535,-0.07,0.00,0.22,3 372.80,sl 5079.89
2026.03.05 23:26:07,5526,XAUUSD,sell,in,0.02,5078.98,5536,-0.07,0.00,0.00,3 372.73,
2026.03.05 23:27:04,5527,XAUUSD,buy,out,0.02,5079.03,5537,-0.07,0.00,-0.10,3 372.56,sl 5078.87
2026.03.05 23:50:09,5528,XAUUSD,sell,in,0.02,5077.80,5538,-0.07,0.00,0.00,3 372.49,
2026.03.06 01:28:14,5529,XAUUSD,buy,in,0.18,5090.46,5539,-0.63,0.00,0.00,3 371.86,
2026.03.06 01:28:51,5530,XAUUSD,sell,out,0.18,5091.36,5540,-0.63,0.00,16.20,3 387.43,sl 5091.37
2026.03.06 02:00:30,5531,XAUUSD,buy,out,0.02,5077.80,5541,-0.07,0.81,0.00,3 388.17,sl 5077.78
2026.03.06 17:24:53,5532,XAUUSD,buy,in,0.02,5167.50,5542,-0.07,0.00,0.00,3 388.10,
2026.03.06 17:26:24,5533,XAUUSD,sell,out,0.02,5167.53,5543,-0.07,0.00,0.06,3 388.09,sl 5167.63
2026.03.06 20:45:32,5534,XAUUSD,buy,in,0.02,5166.85,5544,-0.07,0.00,0.00,3 388.02,
2026.03.06 21:07:31,5535,XAUUSD,sell,out,0.02,5166.85,5545,-0.07,0.00,0.00,3 387.95,sl 5166.87
2026.03.06 21:09:34,5536,XAUUSD,buy,in,0.02,5168.18,5546,-0.07,0.00,0.00,3 387.88,
2026.03.06 21:11:20,5537,XAUUSD,sell,out,0.02,5168.33,5547,-0.07,0.00,0.30,3 388.11,sl 5168.33
2026.03.06 23:17:41,5538,XAUUSD,buy,in,0.02,5168.83,5548,-0.07,0.00,0.00,3 388.04,
2026.03.06 23:19:19,5539,XAUUSD,sell,out,0.02,5169.19,5549,-0.07,0.00,0.72,3 388.69,sl 5169.23
2026.03.06 23:41:47,5540,XAUUSD,buy,in,0.02,5171.17,5550,-0.07,0.00,0.00,3 388.62,
2026.03.06 23:50:47,5541,XAUUSD,sell,out,0.02,5171.31,5551,-0.07,0.00,0.28,3 388.83,sl 5171.32
2026.03.09 01:02:04,5542,XAUUSD,buy,in,0.02,5182.41,5552,-0.07,0.00,0.00,3 388.76,
2026.03.09 01:02:42,5543,XAUUSD,sell,out,0.02,5182.50,5553,-0.07,0.00,0.18,3 388.87,sl 5182.62
2026.03.09 01:43:56,5544,XAUUSD,sell,in,0.02,5105.99,5554,-0.07,0.00,0.00,3 388.80,
2026.03.09 01:50:47,5545,XAUUSD,buy,out,0.02,5106.75,5555,-0.07,0.00,-1.52,3 387.21,sl 5105.86
2026.03.09 02:08:50,5546,XAUUSD,sell,in,0.02,5114.37,5556,-0.07,0.00,0.00,3 387.14,
2026.03.09 02:09:16,5547,XAUUSD,buy,out,0.02,5114.15,5557,-0.07,0.00,0.44,3 387.51,sl 5113.84
2026.03.09 02:32:52,5548,XAUUSD,sell,in,0.02,5100.65,5558,-0.07,0.00,0.00,3 387.44,
2026.03.09 02:33:45,5549,XAUUSD,buy,out,0.02,5099.52,5559,-0.07,0.00,2.26,3 389.63,sl 5099.45
2026.03.09 02:56:56,5550,XAUUSD,sell,in,0.02,5073.65,5560,-0.07,0.00,0.00,3 389.56,
2026.03.09 02:57:04,5551,XAUUSD,buy,out,0.02,5073.40,5561,-0.07,0.00,0.50,3 389.99,sl 5073.39
2026.03.09 03:20:56,5552,XAUUSD,sell,in,0.02,5037.02,5562,-0.07,0.00,0.00,3 389.92,
2026.03.09 03:47:37,5553,XAUUSD,buy,out,0.02,5036.28,5563,-0.07,0.00,1.48,3 391.33,sl 5036.26
2026.03.09 03:47:45,5554,XAUUSD,sell,in,0.02,5038.60,5564,-0.07,0.00,0.00,3 391.26,
2026.03.09 03:47:53,5555,XAUUSD,buy,out,0.02,5038.34,5565,-0.07,0.00,0.52,3 391.71,sl 5038.34
2026.03.09 04:11:48,5556,XAUUSD,sell,in,0.02,5058.61,5566,-0.07,0.00,0.00,3 391.64,
2026.03.09 05:03:42,5557,XAUUSD,buy,out,0.02,5058.67,5567,-0.07,0.00,-0.12,3 391.45,sl 5058.60
2026.03.09 05:03:50,5558,XAUUSD,sell,in,0.02,5058.31,5568,-0.07,0.00,0.00,3 391.38,
2026.03.09 05:03:53,5559,XAUUSD,buy,out,0.02,5058.25,5569,-0.07,0.00,0.12,3 391.43,sl 5058.24
2026.03.09 05:27:54,5560,XAUUSD,sell,in,0.02,5078.94,5570,-0.07,0.00,0.00,3 391.36,
2026.03.09 05:28:25,5561,XAUUSD,buy,out,0.02,5077.48,5571,-0.07,0.00,2.92,3 394.21,sl 5077.16
2026.03.09 05:51:54,5562,XAUUSD,sell,in,0.02,5091.71,5572,-0.07,0.00,0.00,3 394.14,
2026.03.09 05:52:11,5563,XAUUSD,buy,out,0.02,5092.06,5573,-0.07,0.00,-0.70,3 393.37,sl 5091.67
2026.03.09 06:16:06,5564,XAUUSD,sell,in,0.02,5090.98,5574,-0.07,0.00,0.00,3 393.30,
2026.03.09 06:16:26,5565,XAUUSD,buy,out,0.02,5090.79,5575,-0.07,0.00,0.38,3 393.61,sl 5090.73
2026.03.09 06:40:05,5566,XAUUSD,sell,in,0.02,5085.92,5576,-0.07,0.00,0.00,3 393.54,
2026.03.09 06:40:16,5567,XAUUSD,buy,out,0.02,5085.78,5577,-0.07,0.00,0.28,3 393.75,sl 5085.77
2026.03.09 07:04:19,5568,XAUUSD,sell,in,0.02,5088.81,5578,-0.07,0.00,0.00,3 393.68,
2026.03.09 07:05:34,5569,XAUUSD,buy,out,0.02,5088.29,5579,-0.07,0.00,1.04,3 394.65,sl 5088.25
2026.03.09 07:28:26,5570,XAUUSD,sell,in,0.02,5090.55,5580,-0.07,0.00,0.00,3 394.58,
2026.03.09 07:28:57,5571,XAUUSD,buy,out,0.02,5089.94,5581,-0.07,0.00,1.22,3 395.73,sl 5089.92
2026.03.09 07:52:33,5572,XAUUSD,sell,in,0.02,5088.11,5582,-0.07,0.00,0.00,3 395.66,
2026.03.09 07:54:04,5573,XAUUSD,buy,out,0.02,5087.14,5583,-0.07,0.00,1.94,3 397.53,sl 5087.14
2026.03.09 08:16:40,5574,XAUUSD,sell,in,0.02,5094.47,5584,-0.07,0.00,0.00,3 397.46,
2026.03.09 08:17:48,5575,XAUUSD,buy,out,0.02,5092.85,5585,-0.07,0.00,3.24,3 400.63,sl 5092.82
2026.03.09 09:49:04,5576,XAUUSD,sell,in,0.02,5102.97,5586,-0.07,0.00,0.00,3 400.56,
2026.03.09 09:49:14,5577,XAUUSD,buy,out,0.02,5102.67,5587,-0.07,0.00,0.60,3 401.09,sl 5102.64
2026.03.09 10:13:12,5578,XAUUSD,sell,in,0.02,5097.47,5588,-0.07,0.00,0.00,3 401.02,
2026.03.09 10:13:26,5579,XAUUSD,buy,out,0.02,5097.73,5589,-0.07,0.00,-0.52,3 400.43,sl 5097.44
2026.03.09 10:44:37,5580,XAUUSD,sell,in,0.02,5101.69,5590,-0.07,0.00,0.00,3 400.36,
2026.03.09 10:45:13,5581,XAUUSD,buy,out,0.02,5099.70,5591,-0.07,0.00,3.98,3 404.27,sl 5099.68
2026.03.09 11:08:37,5582,XAUUSD,sell,in,0.02,5100.78,5592,-0.07,0.00,0.00,3 404.20,
2026.03.09 11:08:46,5583,XAUUSD,buy,out,0.02,5100.66,5593,-0.07,0.00,0.24,3 404.37,sl 5100.46
2026.03.09 11:32:43,5584,XAUUSD,sell,in,0.02,5088.98,5594,-0.07,0.00,0.00,3 404.30,
2026.03.09 11:33:10,5585,XAUUSD,buy,out,0.02,5089.06,5595,-0.07,0.00,-0.16,3 404.07,sl 5088.92
2026.03.09 11:56:46,5586,XAUUSD,sell,in,0.02,5094.88,5596,-0.07,0.00,0.00,3 404.00,
2026.03.09 11:57:23,5587,XAUUSD,buy,out,0.02,5094.37,5597,-0.07,0.00,1.02,3 404.95,sl 5094.17
2026.03.09 12:45:55,5588,XAUUSD,sell,in,0.02,5099.33,5598,-0.07,0.00,0.00,3 404.88,
2026.03.09 12:46:01,5589,XAUUSD,buy,out,0.02,5098.91,5599,-0.07,0.00,0.84,3 405.65,sl 5098.87
2026.03.09 13:29:50,5590,XAUUSD,sell,in,0.02,5099.45,5600,-0.07,0.00,0.00,3 405.58,
2026.03.09 13:30:13,5591,XAUUSD,buy,out,0.02,5097.84,5601,-0.07,0.00,3.22,3 408.73,sl 5097.74
2026.03.09 13:53:52,5592,XAUUSD,sell,in,0.02,5092.53,5602,-0.07,0.00,0.00,3 408.66,
2026.03.09 13:59:27,5593,XAUUSD,buy,out,0.02,5089.02,5603,-0.07,0.00,7.02,3 415.61,sl 5088.98
2026.03.09 14:17:58,5594,XAUUSD,sell,in,0.02,5091.60,5604,-0.07,0.00,0.00,3 415.54,
2026.03.09 14:18:18,5595,XAUUSD,buy,out,0.02,5090.77,5605,-0.07,0.00,1.66,3 417.13,sl 5090.77
2026.03.09 14:42:03,5596,XAUUSD,sell,in,0.02,5089.54,5606,-0.07,0.00,0.00,3 417.06,
2026.03.09 14:42:18,5597,XAUUSD,buy,out,0.02,5089.47,5607,-0.07,0.00,0.14,3 417.13,sl 5089.45
2026.03.09 15:06:10,5598,XAUUSD,sell,in,0.02,5095.50,5608,-0.07,0.00,0.00,3 417.06,
2026.03.09 15:06:16,5599,XAUUSD,buy,out,0.02,5095.56,5609,-0.07,0.00,-0.12,3 416.87,sl 5095.49
2026.03.09 15:51:04,5600,XAUUSD,sell,in,0.02,5096.52,5610,-0.07,0.00,0.00,3 416.80,
2026.03.09 15:52:34,5601,XAUUSD,buy,out,0.02,5096.50,5611,-0.07,0.00,0.04,3 416.77,sl 5096.49
2026.03.09 16:15:10,5602,XAUUSD,sell,in,0.02,5091.38,5612,-0.07,0.00,0.00,3 416.70,
2026.03.09 16:20:54,5603,XAUUSD,buy,out,0.02,5090.61,5613,-0.07,0.00,1.54,3 418.17,sl 5090.44
2026.03.09 16:40:26,5604,XAUUSD,sell,in,0.02,5095.11,5614,-0.07,0.00,0.00,3 418.10,
2026.03.09 16:40:29,5605,XAUUSD,buy,out,0.02,5095.02,5615,-0.07,0.00,0.18,3 418.21,sl 5095.01
2026.03.09 17:04:33,5606,XAUUSD,sell,in,0.02,5088.04,5616,-0.07,0.00,0.00,3 418.14,
2026.03.09 17:04:58,5607,XAUUSD,buy,out,0.02,5085.90,5617,-0.07,0.00,4.28,3 422.35,sl 5085.89
2026.03.09 17:28:38,5608,XAUUSD,sell,in,0.02,5081.16,5618,-0.07,0.00,0.00,3 422.28,
2026.03.09 18:09:43,5609,XAUUSD,buy,out,0.02,5080.96,5619,-0.07,0.00,0.40,3 422.61,sl 5080.96
2026.03.09 18:10:00,5610,XAUUSD,sell,in,0.02,5081.54,5620,-0.07,0.00,0.00,3 422.54,
2026.03.09 18:10:56,5611,XAUUSD,buy,out,0.02,5080.98,5621,-0.07,0.00,1.12,3 423.59,sl 5080.90
2026.03.09 18:39:47,5612,XAUUSD,sell,in,0.02,5094.24,5622,-0.07,0.00,0.00,3 423.52,
2026.03.09 20:17:55,5613,XAUUSD,buy,in,0.18,5100.32,5623,-0.63,0.00,0.00,3 422.89,
2026.03.09 20:18:32,5614,XAUUSD,sell,out,0.18,5101.83,5624,-0.63,0.00,27.18,3 449.44,sl 5101.85
2026.03.09 20:22:34,5615,XAUUSD,buy,out,0.02,5092.72,5625,-0.07,0.00,3.04,3 452.41,sl 5092.69
2026.03.10 01:58:55,5616,XAUUSD,buy,in,0.02,5148.77,5626,-0.07,0.00,0.00,3 452.34,
2026.03.10 01:59:11,5617,XAUUSD,sell,out,0.02,5149.80,5627,-0.07,0.00,2.06,3 454.33,sl 5149.93
2026.03.10 02:26:39,5618,XAUUSD,buy,in,0.02,5149.62,5628,-0.07,0.00,0.00,3 454.26,
2026.03.10 04:04:47,5619,XAUUSD,sell,in,0.18,5144.55,5629,-0.63,0.00,0.00,3 453.63,
2026.03.10 04:05:40,5620,XAUUSD,sell,out,0.02,5150.50,5630,-0.07,0.00,1.76,3 455.32,sl 5150.67
2026.03.10 04:08:02,5621,XAUUSD,buy,out,0.18,5142.97,5631,-0.63,0.00,28.44,3 483.13,sl 5142.97
2026.03.12 01:56:27,5622,XAUUSD,sell,in,0.02,5135.11,5632,-0.07,0.00,0.00,3 483.06,
2026.03.12 01:57:14,5623,XAUUSD,buy,out,0.02,5133.96,5633,-0.07,0.00,2.30,3 485.29,sl 5133.92
2026.03.12 02:45:55,5624,XAUUSD,sell,in,0.02,5143.25,5634,-0.07,0.00,0.00,3 485.22,
2026.03.12 02:46:01,5625,XAUUSD,buy,out,0.02,5143.26,5635,-0.07,0.00,-0.02,3 485.13,sl 5143.17
2026.03.12 03:10:02,5626,XAUUSD,sell,in,0.02,5137.53,5636,-0.07,0.00,0.00,3 485.06,
2026.03.12 03:11:46,5627,XAUUSD,buy,out,0.02,5136.87,5637,-0.07,0.00,1.32,3 486.31,sl 5136.87
2026.03.12 08:25:38,5628,XAUUSD,sell,in,0.02,5138.68,5638,-0.07,0.00,0.00,3 486.24,
2026.03.12 08:26:10,5629,XAUUSD,buy,out,0.02,5138.48,5639,-0.07,0.00,0.40,3 486.57,sl 5138.42
2026.03.12 17:38:05,5630,XAUUSD,sell,in,0.02,5140.37,5640,-0.07,0.00,0.00,3 486.50,
2026.03.12 17:38:25,5631,XAUUSD,buy,out,0.02,5140.33,5641,-0.07,0.00,0.08,3 486.51,sl 5140.33
2026.03.12 18:02:05,5632,XAUUSD,sell,in,0.02,5137.96,5642,-0.07,0.00,0.00,3 486.44,
2026.03.12 18:03:16,5633,XAUUSD,buy,out,0.02,5135.85,5643,-0.07,0.00,4.22,3 490.59,sl 5135.76
2026.03.12 18:26:08,5634,XAUUSD,sell,in,0.02,5130.67,5644,-0.07,0.00,0.00,3 490.52,
2026.03.12 18:26:36,5635,XAUUSD,buy,out,0.02,5129.50,5645,-0.07,0.00,2.34,3 492.79,sl 5129.48
2026.03.12 18:50:10,5636,XAUUSD,sell,in,0.02,5129.37,5646,-0.07,0.00,0.00,3 492.72,
2026.03.12 18:50:31,5637,XAUUSD,buy,out,0.02,5129.28,5647,-0.07,0.00,0.18,3 492.83,sl 5129.28
2026.03.12 19:14:13,5638,XAUUSD,sell,in,0.02,5126.21,5648,-0.07,0.00,0.00,3 492.76,
2026.03.12 19:31:31,5639,XAUUSD,buy,out,0.02,5126.19,5649,-0.07,0.00,0.04,3 492.73,sl 5126.18
2026.03.12 19:38:16,5640,XAUUSD,sell,in,0.02,5129.22,5650,-0.07,0.00,0.00,3 492.66,
2026.03.12 19:48:24,5641,XAUUSD,buy,out,0.02,5129.21,5651,-0.07,0.00,0.02,3 492.61,sl 5129.20
2026.03.12 20:02:19,5642,XAUUSD,sell,in,0.02,5123.98,5652,-0.07,0.00,0.00,3 492.54,
2026.03.12 20:02:48,5643,XAUUSD,buy,out,0.02,5123.87,5653,-0.07,0.00,0.22,3 492.69,sl 5123.87
2026.03.12 20:26:23,5644,XAUUSD,sell,in,0.02,5121.37,5654,-0.07,0.00,0.00,3 492.62,
2026.03.12 20:27:00,5645,XAUUSD,buy,out,0.02,5120.60,5655,-0.07,0.00,1.54,3 494.09,sl 5120.49
2026.03.12 20:50:26,5646,XAUUSD,sell,in,0.02,5108.67,5656,-0.07,0.00,0.00,3 494.02,
2026.03.12 20:51:37,5647,XAUUSD,buy,out,0.02,5107.73,5657,-0.07,0.00,1.88,3 495.83,sl 5107.73
2026.03.12 21:14:30,5648,XAUUSD,sell,in,0.02,5106.19,5658,-0.07,0.00,0.00,3 495.76,
2026.03.12 21:20:37,5649,XAUUSD,buy,out,0.02,5106.16,5659,-0.07,0.00,0.06,3 495.75,sl 5106.15
2026.03.12 21:38:36,5650,XAUUSD,sell,in,0.02,5099.64,5660,-0.07,0.00,0.00,3 495.68,
2026.03.12 21:42:28,5651,XAUUSD,buy,out,0.02,5099.55,5661,-0.07,0.00,0.18,3 495.79,sl 5099.55
2026.03.12 22:02:40,5652,XAUUSD,sell,in,0.02,5087.10,5662,-0.07,0.00,0.00,3 495.72,
2026.03.12 22:03:14,5653,XAUUSD,buy,out,0.02,5086.86,5663,-0.07,0.00,0.48,3 496.13,sl 5086.86
2026.03.12 22:26:39,5654,XAUUSD,sell,in,0.02,5090.95,5664,-0.07,0.00,0.00,3 496.06,
2026.03.12 22:27:07,5655,XAUUSD,buy,out,0.02,5089.77,5665,-0.07,0.00,2.36,3 498.35,sl 5089.70
2026.03.12 22:50:48,5656,XAUUSD,sell,in,0.02,5094.28,5666,-0.07,0.00,0.00,3 498.28,
2026.03.12 22:54:15,5657,XAUUSD,buy,out,0.02,5093.46,5667,-0.07,0.00,1.64,3 499.85,sl 5093.42
2026.03.12 23:14:53,5658,XAUUSD,sell,in,0.02,5085.11,5668,-0.07,0.00,0.00,3 499.78,
2026.03.12 23:18:28,5659,XAUUSD,buy,out,0.02,5085.02,5669,-0.07,0.00,0.18,3 499.89,sl 5084.98
2026.03.12 23:39:01,5660,XAUUSD,sell,in,0.02,5068.54,5670,-0.07,0.00,0.00,3 499.82,
2026.03.12 23:41:00,5661,XAUUSD,buy,out,0.02,5068.92,5671,-0.07,0.00,-0.76,3 498.99,sl 5068.47
2026.03.13 01:02:02,5662,XAUUSD,sell,in,0.02,5076.06,5672,-0.07,0.00,0.00,3 498.92,
2026.03.13 02:40:11,5663,XAUUSD,buy,in,0.18,5098.45,5673,-0.63,0.00,0.00,3 498.29,
2026.03.13 02:49:40,5664,XAUUSD,sell,out,0.18,5098.85,5674,-0.63,0.00,7.20,3 504.86,sl 5098.86
2026.03.13 10:19:37,5665,XAUUSD,buy,out,0.02,5075.93,5675,-0.07,0.00,0.26,3 505.05,sl 5075.90
2026.03.25 02:16:56,5666,XAUUSD,buy,in,0.02,4497.17,5676,-0.07,0.00,0.00,3 504.98,
2026.03.25 02:17:06,5667,XAUUSD,sell,out,0.02,4498.42,5677,-0.07,0.00,2.50,3 507.41,sl 4498.42
2026.03.25 02:41:01,5668,XAUUSD,buy,in,0.02,4536.37,5678,-0.07,0.00,0.00,3 507.34,
2026.03.25 02:41:07,5669,XAUUSD,sell,out,0.02,4536.57,5679,-0.07,0.00,0.40,3 507.67,sl 4536.77
2026.03.25 03:05:03,5670,XAUUSD,buy,in,0.02,4554.62,5680,-0.07,0.00,0.00,3 507.60,
2026.03.25 03:26:32,5671,XAUUSD,sell,out,0.02,4554.64,5681,-0.07,0.00,0.04,3 507.57,sl 4554.72
2026.03.25 03:29:02,5672,XAUUSD,buy,in,0.02,4553.22,5682,-0.07,0.00,0.00,3 507.50,
2026.03.25 03:29:33,5673,XAUUSD,sell,out,0.02,4555.74,5683,-0.07,0.00,5.04,3 512.47,sl 4555.81
2026.03.25 03:53:07,5674,XAUUSD,buy,in,0.02,4565.03,5684,-0.07,0.00,0.00,3 512.40,
2026.03.25 03:54:01,5675,XAUUSD,sell,out,0.02,4565.81,5685,-0.07,0.00,1.56,3 513.89,sl 4565.81
2026.03.25 04:17:13,5676,XAUUSD,buy,in,0.02,4570.90,5686,-0.07,0.00,0.00,3 513.82,
2026.03.25 04:18:06,5677,XAUUSD,sell,out,0.02,4572.04,5687,-0.07,0.00,2.28,3 516.03,sl 4572.06
2026.03.25 04:41:18,5678,XAUUSD,buy,in,0.02,4586.97,5688,-0.07,0.00,0.00,3 515.96,
2026.03.25 04:42:46,5679,XAUUSD,sell,out,0.02,4590.49,5689,-0.07,0.00,7.04,3 522.93,sl 4590.49
2026.03.25 05:05:24,5680,XAUUSD,buy,in,0.02,4589.30,5690,-0.07,0.00,0.00,3 522.86,
2026.03.25 05:06:03,5681,XAUUSD,sell,out,0.02,4591.14,5691,-0.07,0.00,3.68,3 526.47,sl 4591.27
2026.03.25 05:29:32,5682,XAUUSD,buy,in,0.02,4587.78,5692,-0.07,0.00,0.00,3 526.40,
2026.03.25 05:29:40,5683,XAUUSD,sell,out,0.02,4587.75,5693,-0.07,0.00,-0.06,3 526.27,sl 4587.84
2026.03.25 05:53:39,5684,XAUUSD,buy,in,0.02,4588.32,5694,-0.07,0.00,0.00,3 526.20,
2026.03.25 07:31:44,5685,XAUUSD,sell,in,0.18,4573.77,5695,-0.63,0.00,0.00,3 525.57,
2026.03.25 07:33:49,5686,XAUUSD,buy,out,0.18,4573.27,5696,-0.63,0.00,9.00,3 533.94,sl 4573.26
2026.03.25 22:09:11,5687,XAUUSD,sell,out,0.02,4516.12,5697,-0.07,0.00,-144.40,3 389.47,
2026.03.25 23:01:36,5688,XAUUSD,buy,in,0.02,4539.18,5698,-0.07,0.00,0.00,3 389.40,
2026.03.25 23:01:58,5689,XAUUSD,sell,out,0.02,4539.97,5699,-0.07,0.00,1.58,3 390.91,sl 4540.00
2026.03.26 03:50:57,5690,XAUUSD,buy,in,0.02,4537.93,5700,-0.07,0.00,0.00,3 390.84,
2026.03.26 03:51:32,5691,XAUUSD,sell,out,0.02,4538.52,5701,-0.07,0.00,1.18,3 391.95,sl 4538.53
2026.03.26 08:30:10,5692,XAUUSD,sell,in,0.02,4481.74,5702,-0.07,0.00,0.00,3 391.88,
2026.03.26 08:46:03,5693,XAUUSD,buy,out,0.02,4477.60,5703,-0.07,0.00,8.28,3 400.09,sl 4477.55
2026.03.26 08:54:14,5694,XAUUSD,sell,in,0.02,4464.51,5704,-0.07,0.00,0.00,3 400.02,
2026.03.26 08:54:31,5695,XAUUSD,buy,out,0.02,4463.75,5705,-0.07,0.00,1.52,3 401.47,sl 4463.70
2026.03.26 09:18:21,5696,XAUUSD,sell,in,0.02,4431.83,5706,-0.07,0.00,0.00,3 401.40,
2026.03.26 09:18:52,5697,XAUUSD,buy,out,0.02,4428.58,5707,-0.07,0.00,6.50,3 407.83,sl 4428.13
2026.03.26 09:42:21,5698,XAUUSD,sell,in,0.02,4443.14,5708,-0.07,0.00,0.00,3 407.76,
2026.03.26 09:42:41,5699,XAUUSD,buy,out,0.02,4441.13,5709,-0.07,0.00,4.02,3 411.71,sl 4441.06
2026.03.26 10:06:25,5700,XAUUSD,sell,in,0.02,4448.22,5710,-0.07,0.00,0.00,3 411.64,
2026.03.26 10:07:27,5701,XAUUSD,buy,out,0.02,4446.28,5711,-0.07,0.00,3.88,3 415.45,sl 4446.23
2026.03.26 10:30:32,5702,XAUUSD,sell,in,0.02,4456.72,5712,-0.07,0.00,0.00,3 415.38,
2026.03.26 10:30:50,5703,XAUUSD,buy,out,0.02,4456.67,5713,-0.07,0.00,0.10,3 415.41,sl 4456.67
2026.03.26 10:54:40,5704,XAUUSD,sell,in,0.02,4453.06,5714,-0.07,0.00,0.00,3 415.34,
2026.03.26 10:55:46,5705,XAUUSD,buy,out,0.02,4451.92,5715,-0.07,0.00,2.28,3 417.55,sl 4451.87
2026.03.26 11:18:39,5706,XAUUSD,sell,in,0.02,4440.30,5716,-0.07,0.00,0.00,3 417.48,
2026.03.26 11:18:52,5707,XAUUSD,buy,out,0.02,4440.27,5717,-0.07,0.00,0.06,3 417.47,sl 4440.25
2026.03.26 11:42:49,5708,XAUUSD,sell,in,0.02,4436.04,5718,-0.07,0.00,0.00,3 417.40,
2026.03.26 11:43:28,5709,XAUUSD,buy,out,0.02,4425.35,5719,-0.07,0.00,21.38,3 438.71,sl 4425.35
2026.03.26 12:06:56,5710,XAUUSD,sell,in,0.02,4431.74,5720,-0.07,0.00,0.00,3 438.64,
2026.03.26 12:07:34,5711,XAUUSD,buy,out,0.02,4428.85,5721,-0.07,0.00,5.78,3 444.35,sl 4428.53
2026.03.26 12:31:01,5712,XAUUSD,sell,in,0.02,4420.88,5722,-0.07,0.00,0.00,3 444.28,
2026.03.26 12:31:38,5713,XAUUSD,buy,out,0.02,4416.23,5723,-0.07,0.00,9.30,3 453.51,sl 4416.13
2026.03.26 12:55:06,5714,XAUUSD,sell,in,0.02,4424.15,5724,-0.07,0.00,0.00,3 453.44,
2026.03.26 12:57:35,5715,XAUUSD,buy,out,0.02,4423.35,5725,-0.07,0.00,1.60,3 454.97,sl 4423.35
2026.03.26 13:19:09,5716,XAUUSD,sell,in,0.02,4432.67,5727,-0.07,0.00,0.00,3 454.90,
2026.03.26 13:40:00,5717,XAUUSD,buy,out,0.02,4431.31,5728,-0.07,0.00,2.72,3 457.55,sl 4431.19
2026.03.26 13:43:12,5718,XAUUSD,sell,in,0.02,4430.40,5729,-0.07,0.00,0.00,3 457.48,
2026.03.26 13:43:25,5719,XAUUSD,buy,out,0.02,4430.69,5730,-0.07,0.00,-0.58,3 456.83,sl 4430.27
2026.03.26 14:07:22,5720,XAUUSD,sell,in,0.02,4442.08,5731,-0.07,0.00,0.00,3 456.76,
2026.03.26 14:11:43,5721,XAUUSD,buy,out,0.02,4441.91,5732,-0.07,0.00,0.34,3 457.03,sl 4441.82
2026.03.26 14:31:22,5722,XAUUSD,sell,in,0.02,4444.20,5733,-0.07,0.00,0.00,3 456.96,
2026.03.26 14:31:44,5723,XAUUSD,buy,out,0.02,4443.98,5734,-0.07,0.00,0.44,3 457.33,sl 4443.86
2026.03.26 14:55:31,5724,XAUUSD,sell,in,0.02,4428.98,5735,-0.07,0.00,0.00,3 457.26,
2026.03.26 14:55:50,5725,XAUUSD,buy,out,0.02,4428.69,5736,-0.07,0.00,0.58,3 457.77,sl 4428.18
2026.03.26 15:19:45,5726,XAUUSD,sell,in,0.02,4435.03,5737,-0.07,0.00,0.00,3 457.70,
2026.03.26 15:19:47,5727,XAUUSD,buy,out,0.02,4436.84,5738,-0.07,0.00,-3.62,3 454.01,sl 4434.68
2026.03.26 15:43:47,5728,XAUUSD,sell,in,0.02,4438.95,5739,-0.07,0.00,0.00,3 453.94,
2026.03.26 15:44:40,5729,XAUUSD,buy,out,0.02,4437.81,5740,-0.07,0.00,2.28,3 456.15,sl 4437.78
2026.03.26 16:07:54,5730,XAUUSD,sell,in,0.02,4440.43,5741,-0.07,0.00,0.00,3 456.08,
2026.03.26 16:08:31,5731,XAUUSD,buy,out,0.02,4437.72,5742,-0.07,0.00,5.42,3 461.43,sl 4437.43
2026.03.26 16:31:58,5732,XAUUSD,sell,in,0.02,4441.08,5743,-0.07,0.00,0.00,3 461.36,
2026.03.26 16:33:46,5733,XAUUSD,buy,out,0.02,4438.70,5744,-0.07,0.00,4.76,3 466.05,sl 4438.16
2026.03.26 16:56:05,5734,XAUUSD,sell,in,0.02,4454.79,5745,-0.07,0.00,0.00,3 465.98,
2026.03.26 16:56:18,5735,XAUUSD,buy,out,0.02,4454.74,5746,-0.07,0.00,0.10,3 466.01,sl 4454.57
2026.03.26 17:20:11,5736,XAUUSD,sell,in,0.02,4454.02,5747,-0.07,0.00,0.00,3 465.94,
2026.03.26 17:20:32,5737,XAUUSD,buy,out,0.02,4453.27,5748,-0.07,0.00,1.50,3 467.37,sl 4453.25
2026.03.26 17:44:18,5738,XAUUSD,sell,in,0.02,4461.62,5749,-0.07,0.00,0.00,3 467.30,
2026.03.26 17:44:24,5739,XAUUSD,buy,out,0.02,4461.26,5750,-0.07,0.00,0.72,3 467.95,sl 4461.24
2026.03.26 18:08:21,5740,XAUUSD,sell,in,0.02,4453.82,5751,-0.07,0.00,0.00,3 467.88,
2026.03.26 18:09:03,5741,XAUUSD,buy,out,0.02,4453.82,5752,-0.07,0.00,0.00,3 467.81,sl 4453.80
2026.03.26 18:32:27,5742,XAUUSD,sell,in,0.02,4444.40,5753,-0.07,0.00,0.00,3 467.74,
2026.03.26 18:32:33,5743,XAUUSD,buy,out,0.02,4444.75,5754,-0.07,0.00,-0.70,3 466.97,sl 4444.14
2026.03.26 18:56:31,5744,XAUUSD,sell,in,0.02,4443.13,5755,-0.07,0.00,0.00,3 466.90,
2026.03.26 18:57:14,5745,XAUUSD,buy,out,0.02,4439.24,5756,-0.07,0.00,7.78,3 474.61,sl 4439.08
2026.03.26 19:20:30,5746,XAUUSD,sell,in,0.02,4425.04,5757,-0.07,0.00,0.00,3 474.54,
2026.03.26 19:21:00,5747,XAUUSD,buy,out,0.02,4419.32,5758,-0.07,0.00,11.44,3 485.91,sl 4419.29
2026.03.26 19:44:37,5748,XAUUSD,sell,in,0.02,4379.78,5759,-0.07,0.00,0.00,3 485.84,
2026.03.26 19:45:02,5749,XAUUSD,buy,out,0.02,4379.52,5760,-0.07,0.00,0.52,3 486.29,sl 4379.48
2026.03.26 20:08:43,5750,XAUUSD,sell,in,0.02,4397.33,5761,-0.07,0.00,0.00,3 486.22,
2026.03.26 20:08:48,5751,XAUUSD,buy,out,0.02,4397.29,5762,-0.07,0.00,0.08,3 486.23,sl 4397.25
2026.03.26 20:32:49,5752,XAUUSD,sell,in,0.02,4380.42,5763,-0.07,0.00,0.00,3 486.16,
2026.03.26 20:33:01,5753,XAUUSD,buy,out,0.02,4380.33,5764,-0.07,0.00,0.18,3 486.27,sl 4380.24
2026.03.26 20:56:55,5754,XAUUSD,sell,in,0.02,4382.87,5765,-0.07,0.00,0.00,3 486.20,
2026.03.26 20:57:18,5755,XAUUSD,buy,out,0.02,4382.32,5766,-0.07,0.00,1.10,3 487.23,sl 4382.24
2026.03.26 21:20:54,5756,XAUUSD,sell,in,0.02,4369.73,5767,-0.07,0.00,0.00,3 487.16,
2026.03.26 22:54:35,5757,XAUUSD,buy,out,0.02,4369.93,5768,-0.07,0.00,-0.40,3 486.69,sl 4369.31
2026.03.26 22:54:54,5758,XAUUSD,sell,in,0.02,4363.78,5769,-0.07,0.00,0.00,3 486.62,
2026.03.26 22:56:12,5759,XAUUSD,buy,out,0.02,4363.82,5770,-0.07,0.00,-0.08,3 486.47,sl 4363.53
2026.03.26 23:19:02,5760,XAUUSD,sell,in,0.02,4390.97,5771,-0.07,0.00,0.00,3 486.40,
2026.03.26 23:19:05,5761,XAUUSD,buy,out,0.02,4391.17,5772,-0.07,0.00,-0.40,3 485.93,sl 4390.90
2026.03.26 23:43:04,5762,XAUUSD,sell,in,0.02,4408.58,5773,-0.07,0.00,0.00,3 485.86,
2026.03.26 23:43:23,5763,XAUUSD,buy,out,0.02,4408.32,5774,-0.07,0.00,0.52,3 486.31,sl 4408.24
2026.03.27 01:02:05,5764,XAUUSD,sell,in,0.02,4382.00,5775,-0.07,0.00,0.00,3 486.24,
2026.03.27 01:02:16,5765,XAUUSD,buy,out,0.02,4382.02,5776,-0.07,0.00,-0.04,3 486.13,sl 4381.98
2026.03.27 01:26:11,5766,XAUUSD,sell,in,0.02,4400.18,5778,-0.07,0.00,0.00,3 486.06,
2026.03.27 01:26:43,5767,XAUUSD,buy,out,0.02,4398.43,5779,-0.07,0.00,3.50,3 489.49,sl 4397.56
2026.03.27 01:50:13,5768,XAUUSD,sell,in,0.02,4408.99,5780,-0.07,0.00,0.00,3 489.42,
2026.03.27 01:55:09,5769,XAUUSD,buy,out,0.02,4407.54,5781,-0.07,0.00,2.90,3 492.25,sl 4407.20
2026.03.27 11:25:25,5770,XAUUSD,sell,in,0.02,4435.04,5782,-0.07,0.00,0.00,3 492.18,
2026.03.27 11:27:39,5771,XAUUSD,buy,out,0.02,4432.18,5783,-0.07,0.00,5.72,3 497.83,sl 4432.15
2026.03.27 11:49:27,5772,XAUUSD,sell,in,0.02,4435.73,5784,-0.07,0.00,0.00,3 497.76,
2026.03.27 11:50:24,5773,XAUUSD,buy,out,0.02,4434.82,5785,-0.07,0.00,1.82,3 499.51,sl 4434.65
2026.03.27 12:13:26,5774,XAUUSD,sell,in,0.02,4427.85,5786,-0.07,0.00,0.00,3 499.44,
2026.03.27 12:59:39,5775,XAUUSD,buy,out,0.02,4427.77,5787,-0.07,0.00,0.16,3 499.53,sl 4427.76
2026.03.27 12:59:41,5776,XAUUSD,sell,in,0.02,4428.05,5788,-0.07,0.00,0.00,3 499.46,
2026.03.27 13:01:54,5777,XAUUSD,buy,out,0.02,4427.52,5789,-0.07,0.00,1.06,3 500.45,sl 4427.50
2026.03.27 13:23:52,5778,XAUUSD,sell,in,0.02,4426.18,5790,-0.07,0.00,0.00,3 500.38,
2026.03.27 13:32:55,5779,XAUUSD,buy,out,0.02,4426.37,5791,-0.07,0.00,-0.38,3 499.93,sl 4425.92
2026.03.27 13:47:56,5780,XAUUSD,sell,in,0.02,4415.48,5792,-0.07,0.00,0.00,3 499.86,
2026.03.27 13:48:28,5781,XAUUSD,buy,out,0.02,4414.10,5793,-0.07,0.00,2.76,3 502.55,sl 4414.08
2026.03.27 14:12:08,5782,XAUUSD,sell,in,0.02,4413.28,5794,-0.07,0.00,0.00,3 502.48,
2026.03.27 14:12:53,5783,XAUUSD,buy,out,0.02,4410.65,5795,-0.07,0.00,5.26,3 507.67,sl 4410.48
2026.03.27 14:36:13,5784,XAUUSD,sell,in,0.02,4414.46,5796,-0.07,0.00,0.00,3 507.60,
2026.03.27 15:08:49,5785,XAUUSD,buy,out,0.02,4414.48,5797,-0.07,0.00,-0.04,3 507.49,sl 4414.44
2026.03.27 15:08:54,5786,XAUUSD,sell,in,0.02,4414.92,5798,-0.07,0.00,0.00,3 507.42,
2026.03.27 16:33:07,5787,XAUUSD,buy,out,0.02,4414.68,5799,-0.07,0.00,0.48,3 507.83,sl 4414.62
2026.03.27 16:33:15,5788,XAUUSD,sell,in,0.02,4414.74,5800,-0.07,0.00,0.00,3 507.76,
2026.03.27 16:33:30,5789,XAUUSD,buy,out,0.02,4415.16,5801,-0.07,0.00,-0.84,3 506.85,sl 4414.65
2026.03.27 16:57:18,5790,XAUUSD,sell,in,0.02,4423.09,5802,-0.07,0.00,0.00,3 506.78,
2026.03.27 17:04:05,5791,XAUUSD,buy,out,0.02,4457.51,5803,-0.07,0.00,-68.84,3 437.87,
2026.03.27 17:51:32,5792,XAUUSD,buy,in,0.02,4495.74,5804,-0.07,0.00,0.00,3 437.80,
2026.03.27 17:52:06,5793,XAUUSD,sell,out,0.02,4495.90,5805,-0.07,0.00,0.32,3 438.05,sl 4496.05
2026.03.27 18:15:37,5794,XAUUSD,buy,in,0.02,4527.92,5806,-0.07,0.00,0.00,3 437.98,
2026.03.27 18:17:36,5795,XAUUSD,sell,out,0.02,4527.92,5807,-0.07,0.00,0.00,3 437.91,sl 4527.94
2026.03.27 18:39:44,5796,XAUUSD,buy,in,0.02,4535.78,5808,-0.07,0.00,0.00,3 437.84,
2026.03.27 20:17:48,5797,XAUUSD,sell,in,0.18,4500.09,5809,-0.63,0.00,0.00,3 437.21,
2026.03.27 20:18:42,5798,XAUUSD,buy,out,0.18,4498.98,5810,-0.63,0.00,19.98,3 456.56,sl 4498.87
2026.03.30 01:02:37,5799,XAUUSD,sell,out,0.02,4496.30,5811,-0.07,-1.14,-78.96,3 376.39,
2026.03.30 03:00:13,5800,XAUUSD,sell,in,0.02,4433.18,5812,-0.07,0.00,0.00,3 376.32,
2026.03.30 03:08:53,5801,XAUUSD,buy,out,0.02,4427.35,5813,-0.07,0.00,11.66,3 387.91,sl 4427.25
2026.03.30 03:40:17,5802,XAUUSD,sell,in,0.02,4439.41,5814,-0.07,0.00,0.00,3 387.84,
2026.03.30 03:41:00,5803,XAUUSD,buy,out,0.02,4438.49,5815,-0.07,0.00,1.84,3 389.61,sl 4438.31
2026.03.30 05:44:09,5804,XAUUSD,buy,in,0.02,4499.12,5816,-0.07,0.00,0.00,3 389.54,
2026.03.30 06:07:56,5805,XAUUSD,sell,out,0.02,4501.26,5817,-0.07,0.00,4.28,3 393.75,sl 4501.42
2026.03.30 06:08:09,5806,XAUUSD,buy,in,0.02,4503.08,5818,-0.07,0.00,0.00,3 393.68,
2026.03.30 06:08:50,5807,XAUUSD,sell,out,0.02,4506.07,5819,-0.07,0.00,5.98,3 399.59,sl 4506.10
2026.03.30 06:32:15,5808,XAUUSD,buy,in,0.02,4505.05,5820,-0.07,0.00,0.00,3 399.52,
2026.03.30 06:32:26,5809,XAUUSD,sell,out,0.02,4504.94,5821,-0.07,0.00,-0.22,3 399.23,sl 4505.61
2026.03.30 06:56:23,5810,XAUUSD,buy,in,0.02,4500.06,5822,-0.07,0.00,0.00,3 399.16,
2026.03.30 08:01:43,5811,XAUUSD,sell,out,0.02,4499.98,5823,-0.07,0.00,-0.16,3 398.93,sl 4500.08
2026.03.30 08:01:44,5812,XAUUSD,buy,in,0.02,4499.76,5824,-0.07,0.00,0.00,3 398.86,
2026.03.30 08:02:28,5813,XAUUSD,sell,out,0.02,4499.60,5825,-0.07,0.00,-0.32,3 398.47,sl 4499.86
2026.03.30 08:25:44,5814,XAUUSD,buy,in,0.02,4512.97,5826,-0.07,0.00,0.00,3 398.40,
2026.03.30 08:35:16,5815,XAUUSD,sell,out,0.02,4514.25,5827,-0.07,0.00,2.56,3 400.89,sl 4514.71
2026.03.30 08:49:45,5816,XAUUSD,buy,in,0.02,4519.66,5828,-0.07,0.00,0.00,3 400.82,
2026.03.30 08:49:58,5817,XAUUSD,sell,out,0.02,4520.54,5829,-0.07,0.00,1.76,3 402.51,sl 4520.64
2026.03.30 09:13:46,5818,XAUUSD,buy,in,0.02,4530.10,5830,-0.07,0.00,0.00,3 402.44,
2026.03.30 09:14:29,5819,XAUUSD,sell,out,0.02,4531.49,5831,-0.07,0.00,2.78,3 405.15,sl 4531.63
2026.03.30 09:38:02,5820,XAUUSD,buy,in,0.02,4537.22,5832,-0.07,0.00,0.00,3 405.08,
2026.03.30 09:41:21,5821,XAUUSD,sell,out,0.02,4539.15,5833,-0.07,0.00,3.86,3 408.87,sl 4539.19
2026.03.30 10:02:03,5822,XAUUSD,buy,in,0.02,4528.57,5834,-0.07,0.00,0.00,3 408.80,
2026.03.30 10:07:13,5823,XAUUSD,sell,out,0.02,4529.22,5835,-0.07,0.00,1.30,3 410.03,sl 4529.30
2026.03.30 10:26:04,5824,XAUUSD,buy,in,0.02,4526.81,5836,-0.07,0.00,0.00,3 409.96,
2026.03.30 10:26:13,5825,XAUUSD,sell,out,0.02,4526.89,5837,-0.07,0.00,0.16,3 410.05,sl 4526.91
2026.03.30 10:50:08,5826,XAUUSD,buy,in,0.02,4522.71,5838,-0.07,0.00,0.00,3 409.98,
2026.03.30 10:52:25,5827,XAUUSD,sell,out,0.02,4524.38,5839,-0.07,0.00,3.34,3 413.25,sl 4524.45
2026.03.30 11:14:12,5828,XAUUSD,buy,in,0.02,4533.47,5840,-0.07,0.00,0.00,3 413.18,
2026.03.30 11:14:36,5829,XAUUSD,sell,out,0.02,4533.29,5841,-0.07,0.00,-0.36,3 412.75,sl 4533.50
2026.03.30 11:38:12,5830,XAUUSD,buy,in,0.02,4532.93,5842,-0.07,0.00,0.00,3 412.68,
2026.03.30 11:39:09,5831,XAUUSD,sell,out,0.02,4535.64,5843,-0.07,0.00,5.42,3 418.03,sl 4535.83
2026.03.30 12:02:15,5832,XAUUSD,buy,in,0.02,4540.51,5844,-0.07,0.00,0.00,3 417.96,
2026.03.30 13:40:22,5833,XAUUSD,sell,in,0.18,4530.89,5845,-0.63,0.00,0.00,3 417.33,
2026.03.30 13:41:28,5834,XAUUSD,buy,out,0.18,4530.96,5846,-0.63,0.00,-1.26,3 415.44,sl 4530.69
2026.03.30 14:18:24,5835,XAUUSD,sell,out,0.02,4544.22,5847,-0.07,0.00,7.42,3 422.79,sl 4544.23
2026.03.31 03:02:42,5836,XAUUSD,buy,in,0.02,4526.27,5848,-0.07,0.00,0.00,3 422.72,
2026.03.31 03:03:19,5837,XAUUSD,sell,out,0.02,4526.64,5849,-0.07,0.00,0.74,3 423.39,sl 4526.78
2026.03.31 03:36:35,5838,XAUUSD,buy,in,0.02,4522.89,5850,-0.07,0.00,0.00,3 423.32,
2026.03.31 03:37:23,5839,XAUUSD,sell,out,0.02,4523.61,5851,-0.07,0.00,1.44,3 424.69,sl 4523.67
2026.03.31 04:00:34,5840,XAUUSD,buy,in,0.02,4548.82,5852,-0.07,0.00,0.00,3 424.62,
2026.03.31 04:01:12,5841,XAUUSD,sell,out,0.02,4549.29,5853,-0.07,0.00,0.94,3 425.49,sl 4549.72
2026.03.31 04:24:38,5842,XAUUSD,buy,in,0.02,4578.16,5854,-0.07,0.00,0.00,3 425.42,
2026.03.31 04:25:03,5843,XAUUSD,sell,out,0.02,4583.98,5855,-0.07,0.00,11.64,3 436.99,sl 4584.51
2026.03.31 04:48:45,5844,XAUUSD,buy,in,0.02,4606.76,5856,-0.07,0.00,0.00,3 436.92,
2026.03.31 04:48:53,5845,XAUUSD,sell,out,0.02,4608.30,5857,-0.07,0.00,3.08,3 439.93,sl 4608.48
2026.03.31 05:12:51,5846,XAUUSD,buy,in,0.02,4593.89,5858,-0.07,0.00,0.00,3 439.86,
2026.03.31 06:50:53,5847,XAUUSD,sell,in,0.18,4554.65,5859,-0.63,0.00,0.00,3 439.23,
2026.03.31 06:52:09,5848,XAUUSD,buy,out,0.18,4552.96,5860,-0.63,0.00,30.42,3 469.02,sl 4552.88
2026.03.31 15:08:05,5849,XAUUSD,sell,out,0.02,4593.97,5861,-0.07,0.00,0.16,3 469.11,sl 4594.17
2026.04.02 04:36:15,5850,XAUUSD,buy,in,0.02,4685.12,5862,-0.07,0.00,0.00,3 469.04,
2026.04.02 04:36:51,5851,XAUUSD,sell,out,0.02,4691.77,5863,-0.07,0.00,13.30,3 482.27,sl 4692.70
2026.04.02 05:00:15,5852,XAUUSD,buy,in,0.02,4692.60,5864,-0.07,0.00,0.00,3 482.20,
2026.04.02 05:00:39,5853,XAUUSD,sell,out,0.02,4695.00,5865,-0.07,0.00,4.80,3 486.93,sl 4695.58
2026.04.02 05:24:15,5854,XAUUSD,buy,in,0.02,4695.05,5866,-0.07,0.00,0.00,3 486.86,
2026.04.02 05:24:53,5855,XAUUSD,sell,out,0.02,4697.65,5867,-0.07,0.00,5.20,3 491.99,sl 4698.08
2026.04.02 05:55:37,5856,XAUUSD,buy,in,0.02,4683.69,5868,-0.07,0.00,0.00,3 491.92,
2026.04.02 05:55:50,5857,XAUUSD,sell,out,0.02,4684.23,5869,-0.07,0.00,1.08,3 492.93,sl 4684.32
2026.04.02 06:19:41,5858,XAUUSD,buy,in,0.02,4692.06,5870,-0.07,0.00,0.00,3 492.86,
2026.04.02 06:21:41,5859,XAUUSD,sell,out,0.02,4693.89,5871,-0.07,0.00,3.66,3 496.45,sl 4694.09
2026.04.02 06:43:41,5860,XAUUSD,buy,in,0.02,4689.14,5872,-0.07,0.00,0.00,3 496.38,
2026.04.02 06:43:50,5861,XAUUSD,sell,out,0.02,4689.26,5873,-0.07,0.00,0.24,3 496.55,sl 4689.31
2026.04.02 08:44:30,5862,XAUUSD,sell,in,0.02,4629.52,5874,-0.07,0.00,0.00,3 496.48,
2026.04.02 08:45:46,5863,XAUUSD,buy,out,0.02,4624.68,5875,-0.07,0.00,9.68,3 506.09,sl 4624.65
2026.04.02 09:08:31,5864,XAUUSD,sell,in,0.02,4564.99,5876,-0.07,0.00,0.00,3 506.02,
2026.04.02 09:08:33,5865,XAUUSD,buy,out,0.02,4564.91,5877,-0.07,0.00,0.16,3 506.11,sl 4564.76
2026.04.02 09:32:32,5866,XAUUSD,sell,in,0.02,4592.07,5878,-0.07,0.00,0.00,3 506.04,
2026.04.02 09:32:47,5867,XAUUSD,buy,out,0.02,4592.13,5879,-0.07,0.00,-0.12,3 505.85,sl 4591.73
2026.04.02 09:56:35,5868,XAUUSD,sell,in,0.02,4596.22,5880,-0.07,0.00,0.00,3 505.78,
2026.04.02 09:57:12,5869,XAUUSD,buy,out,0.02,4593.85,5881,-0.07,0.00,4.74,3 510.45,sl 4593.61
2026.04.02 10:20:39,5870,XAUUSD,sell,in,0.02,4625.72,5882,-0.07,0.00,0.00,3 510.38,
2026.04.02 10:20:46,5871,XAUUSD,buy,out,0.02,4625.42,5883,-0.07,0.00,0.60,3 510.91,sl 4625.41
2026.04.02 11:45:48,5872,XAUUSD,sell,in,0.02,4626.05,5884,-0.07,0.00,0.00,3 510.84,
2026.04.02 11:51:06,5873,XAUUSD,buy,out,0.02,4626.51,5885,-0.07,0.00,-0.92,3 509.85,sl 4625.95
2026.04.02 12:09:49,5874,XAUUSD,sell,in,0.02,4617.20,5886,-0.07,0.00,0.00,3 509.78,
2026.04.02 12:09:59,5875,XAUUSD,buy,out,0.02,4617.46,5887,-0.07,0.00,-0.52,3 509.19,sl 4617.18
2026.04.02 12:33:50,5876,XAUUSD,sell,in,0.02,4623.27,5888,-0.07,0.00,0.00,3 509.12,
2026.04.02 12:34:10,5877,XAUUSD,buy,out,0.02,4622.95,5889,-0.07,0.00,0.64,3 509.69,sl 4622.94
2026.04.02 12:57:57,5878,XAUUSD,sell,in,0.02,4625.00,5890,-0.07,0.00,0.00,3 509.62,
2026.04.02 12:59:11,5879,XAUUSD,buy,out,0.02,4622.36,5891,-0.07,0.00,5.28,3 514.83,sl 4622.06
2026.04.02 13:22:04,5880,XAUUSD,sell,in,0.02,4611.53,5892,-0.07,0.00,0.00,3 514.76,
2026.04.02 13:22:08,5881,XAUUSD,buy,out,0.02,4611.46,5893,-0.07,0.00,0.14,3 514.83,sl 4611.10
2026.04.02 13:46:18,5882,XAUUSD,sell,in,0.02,4623.13,5894,-0.07,0.00,0.00,3 514.76,
2026.04.02 13:46:43,5883,XAUUSD,buy,out,0.02,4623.06,5895,-0.07,0.00,0.14,3 514.83,sl 4623.03
2026.04.02 14:26:05,5884,XAUUSD,sell,in,0.02,4621.82,5897,-0.07,0.00,0.00,3 514.76,
2026.04.02 14:26:26,5885,XAUUSD,buy,out,0.02,4621.92,5898,-0.07,0.00,-0.20,3 514.49,sl 4621.68
2026.04.02 14:50:08,5886,XAUUSD,sell,in,0.02,4605.55,5899,-0.07,0.00,0.00,3 514.42,
2026.04.02 14:50:30,5887,XAUUSD,buy,out,0.02,4605.37,5900,-0.07,0.00,0.36,3 514.71,sl 4605.03
2026.04.02 15:14:13,5888,XAUUSD,sell,in,0.02,4608.66,5901,-0.07,0.00,0.00,3 514.64,
2026.04.02 15:59:00,5889,XAUUSD,buy,out,0.02,4606.48,5902,-0.07,0.00,4.36,3 518.93,sl 4606.44
2026.04.02 15:59:08,5890,XAUUSD,sell,in,0.02,4602.18,5903,-0.07,0.00,0.00,3 518.86,
2026.04.02 16:00:24,5891,XAUUSD,buy,out,0.02,4590.02,5904,-0.07,0.00,24.32,3 543.11,sl 4589.92
2026.04.02 16:23:15,5892,XAUUSD,sell,in,0.02,4592.12,5905,-0.07,0.00,0.00,3 543.04,
2026.04.02 16:23:19,5893,XAUUSD,buy,out,0.02,4592.37,5906,-0.07,0.00,-0.50,3 542.47,sl 4592.08
2026.04.02 16:47:20,5894,XAUUSD,sell,in,0.02,4617.31,5907,-0.07,0.00,0.00,3 542.40,
2026.04.02 16:58:00,5895,XAUUSD,buy,out,0.02,4647.19,5908,-0.07,0.00,-59.76,3 482.57,
2026.04.02 17:25:07,5896,XAUUSD,buy,in,0.02,4674.85,5909,-0.07,0.00,0.00,3 482.50,
2026.04.02 17:35:23,5897,XAUUSD,sell,out,0.02,4675.29,5910,-0.07,0.00,0.88,3 483.31,sl 4675.34
2026.04.02 17:49:13,5898,XAUUSD,buy,in,0.02,4683.76,5911,-0.07,0.00,0.00,3 483.24,
2026.04.02 17:49:31,5899,XAUUSD,sell,out,0.02,4683.91,5912,-0.07,0.00,0.30,3 483.47,sl 4684.04
2026.04.02 18:13:15,5900,XAUUSD,buy,in,0.02,4678.88,5913,-0.07,0.00,0.00,3 483.40,
2026.04.02 18:16:32,5901,XAUUSD,sell,out,0.02,4678.66,5914,-0.07,0.00,-0.44,3 482.89,sl 4678.94
2026.04.02 22:06:32,5902,XAUUSD,buy,in,0.02,4677.65,5915,-0.07,0.00,0.00,3 482.82,
2026.04.02 22:08:28,5903,XAUUSD,sell,out,0.02,4678.07,5916,-0.07,0.00,0.84,3 483.59,sl 4678.49
2026.04.06 01:10:25,5904,XAUUSD,sell,in,0.02,4623.91,5917,-0.07,0.00,0.00,3 483.52,
2026.04.06 01:11:14,5905,XAUUSD,buy,out,0.02,4618.30,5918,-0.07,0.00,11.22,3 494.67,sl 4618.18
2026.04.06 01:47:04,5906,XAUUSD,sell,in,0.02,4620.66,5919,-0.07,0.00,0.00,3 494.60,
2026.04.06 01:47:47,5907,XAUUSD,buy,out,0.02,4625.68,5920,-0.07,0.00,-10.04,3 484.49,sl 4617.14
2026.04.06 02:20:34,5908,XAUUSD,sell,in,0.02,4622.70,5921,-0.07,0.00,0.00,3 484.42,
2026.04.06 02:23:53,5909,XAUUSD,buy,out,0.02,4621.19,5922,-0.07,0.00,3.02,3 487.37,sl 4621.16
2026.04.06 02:44:41,5910,XAUUSD,sell,in,0.02,4606.18,5923,-0.07,0.00,0.00,3 487.30,
2026.04.06 03:27:47,5911,XAUUSD,buy,out,0.02,4604.28,5924,-0.07,0.00,3.80,3 491.03,sl 4604.10
2026.04.06 03:27:54,5912,XAUUSD,sell,in,0.02,4604.61,5925,-0.07,0.00,0.00,3 490.96,
2026.04.06 03:28:10,5913,XAUUSD,buy,out,0.02,4604.58,5926,-0.07,0.00,0.06,3 490.95,sl 4604.42
2026.04.06 03:51:55,5914,XAUUSD,sell,in,0.02,4619.41,5927,-0.07,0.00,0.00,3 490.88,
2026.04.06 03:52:48,5915,XAUUSD,buy,out,0.02,4618.32,5928,-0.07,0.00,2.18,3 492.99,sl 4618.30
2026.04.06 04:20:18,5916,XAUUSD,sell,in,0.02,4622.66,5929,-0.07,0.00,0.00,3 492.92,
2026.04.06 04:20:34,5917,XAUUSD,buy,out,0.02,4622.76,5930,-0.07,0.00,-0.20,3 492.65,sl 4622.64
2026.04.06 04:50:14,5918,XAUUSD,sell,in,0.02,4621.64,5931,-0.07,0.00,0.00,3 492.58,
2026.04.06 05:35:39,5919,XAUUSD,buy,out,0.02,4653.08,5932,-0.07,0.00,-62.88,3 429.63,
2026.04.06 08:16:50,5920,XAUUSD,buy,in,0.02,4676.61,5933,-0.07,0.00,0.00,3 429.56,
2026.04.06 08:18:42,5921,XAUUSD,sell,out,0.02,4676.59,5934,-0.07,0.00,-0.04,3 429.45,sl 4677.34
2026.04.06 10:51:22,5922,XAUUSD,buy,in,0.02,4679.77,5935,-0.07,0.00,0.00,3 429.38,
2026.04.06 10:51:30,5923,XAUUSD,sell,out,0.02,4679.70,5936,-0.07,0.00,-0.14,3 429.17,sl 4680.01
2026.04.06 11:15:36,5924,XAUUSD,buy,in,0.02,4691.77,5937,-0.07,0.00,0.00,3 429.10,
2026.04.06 11:25:00,5925,XAUUSD,sell,out,0.02,4691.92,5938,-0.07,0.00,0.30,3 429.33,sl 4692.06
2026.04.06 11:39:42,5926,XAUUSD,buy,in,0.02,4690.47,5939,-0.07,0.00,0.00,3 429.26,
2026.04.06 11:39:59,5927,XAUUSD,sell,out,0.02,4690.45,5940,-0.07,0.00,-0.04,3 429.15,sl 4690.61
2026.04.06 12:03:45,5928,XAUUSD,buy,in,0.02,4701.22,5941,-0.07,0.00,0.00,3 429.08,
2026.04.06 12:07:13,5929,XAUUSD,sell,out,0.02,4702.41,5942,-0.07,0.00,2.38,3 431.39,sl 4702.46
2026.04.06 12:27:51,5930,XAUUSD,buy,in,0.02,4702.65,5943,-0.07,0.00,0.00,3 431.32,
2026.04.06 12:30:51,5931,XAUUSD,sell,out,0.02,4703.23,5944,-0.07,0.00,1.16,3 432.41,sl 4703.50
2026.04.06 12:51:59,5932,XAUUSD,buy,in,0.02,4699.03,5945,-0.07,0.00,0.00,3 432.34,
2026.04.06 12:53:42,5933,XAUUSD,sell,out,0.02,4699.03,5946,-0.07,0.00,0.00,3 432.27,sl 4699.07
2026.04.06 13:15:59,5934,XAUUSD,buy,in,0.02,4688.32,5947,-0.07,0.00,0.00,3 432.20,
2026.04.06 13:17:26,5935,XAUUSD,sell,out,0.02,4689.40,5948,-0.07,0.00,2.16,3 434.29,sl 4689.61
2026.04.06 13:40:01,5936,XAUUSD,buy,in,0.02,4692.30,5949,-0.07,0.00,0.00,3 434.22,
2026.04.06 13:41:01,5937,XAUUSD,sell,out,0.02,4693.93,5950,-0.07,0.00,3.26,3 437.41,sl 4694.23
2026.04.06 14:04:08,5938,XAUUSD,buy,in,0.02,4694.50,5951,-0.07,0.00,0.00,3 437.34,
2026.04.06 14:04:41,5939,XAUUSD,sell,out,0.02,4694.70,5952,-0.07,0.00,0.40,3 437.67,sl 4694.70
2026.04.06 14:28:15,5940,XAUUSD,buy,in,0.02,4690.36,5953,-0.07,0.00,0.00,3 437.60,
2026.04.06 14:34:03,5941,XAUUSD,sell,out,0.02,4690.28,5954,-0.07,0.00,-0.16,3 437.37,sl 4690.55
2026.04.06 14:52:15,5942,XAUUSD,buy,in,0.02,4683.04,5955,-0.07,0.00,0.00,3 437.30,
2026.04.06 14:55:13,5943,XAUUSD,sell,out,0.02,4683.58,5956,-0.07,0.00,1.08,3 438.31,sl 4683.78
2026.04.06 17:00:26,5944,XAUUSD,buy,in,0.02,4686.18,5957,-0.07,0.00,0.00,3 438.24,
2026.04.06 17:00:35,5945,XAUUSD,sell,out,0.02,4688.78,5958,-0.07,0.00,5.20,3 443.37,sl 4688.93
2026.04.06 17:24:54,5946,XAUUSD,buy,in,0.02,4684.45,5959,-0.07,0.00,0.00,3 443.30,
2026.04.06 17:25:11,5947,XAUUSD,sell,out,0.02,4685.55,5960,-0.07,0.00,2.20,3 445.43,sl 4685.65
2026.04.06 17:53:08,5948,XAUUSD,buy,in,0.02,4685.10,5961,-0.07,0.00,0.00,3 445.36,
2026.04.06 17:53:24,5949,XAUUSD,sell,out,0.02,4684.94,5962,-0.07,0.00,-0.32,3 444.97,sl 4685.17
2026.04.07 04:52:01,5950,XAUUSD,sell,in,0.02,4630.40,5963,-0.07,0.00,0.00,3 444.90,
2026.04.07 04:52:39,5951,XAUUSD,buy,out,0.02,4625.04,5964,-0.07,0.00,10.72,3 455.55,sl 4624.92
2026.04.07 05:16:03,5952,XAUUSD,sell,in,0.02,4624.80,5966,-0.07,0.00,0.00,3 455.48,
2026.04.07 06:54:08,5953,XAUUSD,buy,in,0.18,4649.01,5967,-0.63,0.00,0.00,3 454.85,
2026.04.07 06:57:53,5954,XAUUSD,sell,out,0.18,4649.80,5968,-0.63,0.00,14.22,3 468.44,sl 4649.92
2026.04.07 07:32:09,5955,XAUUSD,buy,out,0.02,4657.04,5969,-0.07,0.00,-64.48,3 403.89,
2026.04.07 08:30:27,5956,XAUUSD,sell,in,0.02,4624.04,5970,-0.07,0.00,0.00,3 403.82,
2026.04.07 09:57:29,5957,XAUUSD,buy,out,0.02,4656.28,5971,-0.07,0.00,-64.48,3 339.27,
2026.04.07 11:21:58,5958,XAUUSD,buy,in,0.02,4681.02,5972,-0.07,0.00,0.00,3 339.20,
2026.04.07 11:22:46,5959,XAUUSD,sell,out,0.02,4684.95,5973,-0.07,0.00,7.86,3 346.99,sl 4685.06
2026.04.07 11:45:58,5960,XAUUSD,buy,in,0.02,4686.50,5974,-0.07,0.00,0.00,3 346.92,
2026.04.07 12:02:14,5961,XAUUSD,sell,out,0.02,4686.91,5975,-0.07,0.00,0.82,3 347.67,sl 4686.97
2026.04.07 12:10:16,5962,XAUUSD,buy,in,0.02,4687.12,5976,-0.07,0.00,0.00,3 347.60,
2026.04.07 12:10:45,5963,XAUUSD,sell,out,0.02,4688.47,5977,-0.07,0.00,2.70,3 350.23,sl 4688.47
2026.04.07 17:03:26,5964,XAUUSD,sell,in,0.02,4627.49,5978,-0.07,0.00,0.00,3 350.16,
2026.04.07 17:05:19,5965,XAUUSD,buy,out,0.02,4625.17,5979,-0.07,0.00,4.64,3 354.73,sl 4625.01
2026.04.07 18:05:05,5966,XAUUSD,sell,in,0.02,4627.71,5980,-0.07,0.00,0.00,3 354.66,
2026.04.07 18:05:22,5967,XAUUSD,buy,out,0.02,4627.56,5981,-0.07,0.00,0.30,3 354.89,sl 4627.52
2026.04.07 20:37:59,5968,XAUUSD,buy,in,0.02,4685.84,5982,-0.07,0.00,0.00,3 354.82,
2026.04.07 22:16:05,5969,XAUUSD,sell,in,0.18,4667.32,5983,-0.63,0.00,0.00,3 354.19,
2026.04.07 22:20:02,5970,XAUUSD,sell,out,0.02,4688.21,5984,-0.07,0.00,4.74,3 358.86,sl 4688.37
2026.04.07 22:46:03,5971,XAUUSD,buy,out,0.18,4713.23,5985,-0.63,0.00,-826.38,2 531.85,
2026.04.09 14:32:53,5972,XAUUSD,buy,in,0.02,4747.14,5986,-0.07,0.00,0.00,2 531.78,
2026.04.09 14:40:06,5973,XAUUSD,sell,out,0.02,4748.48,5987,-0.07,0.00,2.68,2 534.39,sl 4748.48
2026.04.09 14:57:01,5974,XAUUSD,buy,in,0.02,4755.54,5988,-0.07,0.00,0.00,2 534.32,
2026.04.09 14:58:07,5975,XAUUSD,sell,out,0.02,4756.08,5989,-0.07,0.00,1.08,2 535.33,sl 4756.33
2026.04.09 16:07:40,5976,XAUUSD,buy,in,0.02,4749.18,5990,-0.07,0.00,0.00,2 535.26,
2026.04.09 16:10:02,5977,XAUUSD,sell,out,0.02,4749.19,5991,-0.07,0.00,0.02,2 535.21,sl 4749.23
2026.04.09 16:31:44,5978,XAUUSD,buy,in,0.02,4754.58,5992,-0.07,0.00,0.00,2 535.14,
2026.04.09 16:32:00,5979,XAUUSD,sell,out,0.02,4754.80,5993,-0.07,0.00,0.44,2 535.51,sl 4754.87
2026.04.09 16:55:52,5980,XAUUSD,buy,in,0.02,4766.08,5994,-0.07,0.00,0.00,2 535.44,
2026.04.09 16:55:57,5981,XAUUSD,sell,out,0.02,4766.16,5995,-0.07,0.00,0.16,2 535.53,sl 4766.17
2026.04.09 17:19:55,5982,XAUUSD,buy,in,0.02,4760.92,5996,-0.07,0.00,0.00,2 535.46,
2026.04.09 17:20:48,5983,XAUUSD,sell,out,0.02,4765.28,5997,-0.07,0.00,8.72,2 544.11,sl 4765.37
2026.04.09 17:43:56,5984,XAUUSD,buy,in,0.02,4758.60,5998,-0.07,0.00,0.00,2 544.04,
2026.04.09 17:46:37,5985,XAUUSD,sell,out,0.02,4759.64,5999,-0.07,0.00,2.08,2 546.05,sl 4759.80
2026.04.09 18:07:56,5986,XAUUSD,buy,in,0.02,4764.61,6000,-0.07,0.00,0.00,2 545.98,
2026.04.09 18:13:45,5987,XAUUSD,sell,out,0.02,4767.02,6001,-0.07,0.00,4.82,2 550.73,sl 4767.25
2026.04.09 18:31:57,5988,XAUUSD,buy,in,0.02,4781.56,6002,-0.07,0.00,0.00,2 550.66,
2026.04.09 18:32:30,5989,XAUUSD,sell,out,0.02,4781.54,6003,-0.07,0.00,-0.04,2 550.55,sl 4781.63
2026.04.09 18:56:00,5990,XAUUSD,buy,in,0.02,4788.33,6004,-0.07,0.00,0.00,2 550.48,
2026.04.09 18:56:22,5991,XAUUSD,sell,out,0.02,4788.57,6005,-0.07,0.00,0.48,2 550.89,sl 4788.93
2026.04.09 19:20:15,5992,XAUUSD,buy,in,0.02,4795.97,6006,-0.07,0.00,0.00,2 550.82,
2026.04.09 19:20:36,5993,XAUUSD,sell,out,0.02,4796.12,6007,-0.07,0.00,0.30,2 551.05,sl 4796.32
2026.04.09 19:44:22,5994,XAUUSD,buy,in,0.02,4787.96,6008,-0.07,0.00,0.00,2 550.98,
2026.04.09 19:44:36,5995,XAUUSD,sell,out,0.02,4787.86,6009,-0.07,0.00,-0.20,2 550.71,sl 4787.99
2026.04.09 20:08:35,5996,XAUUSD,buy,in,0.02,4792.66,6010,-0.07,0.00,0.00,2 550.64,
2026.04.09 20:09:10,5997,XAUUSD,sell,out,0.02,4793.30,6011,-0.07,0.00,1.28,2 551.85,sl 4793.36
2026.04.09 20:32:36,5998,XAUUSD,buy,in,0.02,4792.50,6012,-0.07,0.00,0.00,2 551.78,
2026.04.09 20:35:00,5999,XAUUSD,sell,out,0.02,4792.68,6013,-0.07,0.00,0.36,2 552.07,sl 4792.95
2026.04.09 20:56:43,6000,XAUUSD,buy,in,0.02,4798.70,6014,-0.07,0.00,0.00,2 552.00,
2026.04.09 20:57:22,6001,XAUUSD,sell,out,0.02,4798.93,6015,-0.07,0.00,0.46,2 552.39,sl 4798.93
2026.04.09 21:20:48,6002,XAUUSD,buy,in,0.02,4786.61,6016,-0.07,0.00,0.00,2 552.32,
2026.04.09 21:21:08,6003,XAUUSD,sell,out,0.02,4786.52,6017,-0.07,0.00,-0.18,2 552.07,sl 4786.66
2026.04.09 21:44:54,6004,XAUUSD,buy,in,0.02,4770.34,6018,-0.07,0.00,0.00,2 552.00,
2026.04.09 21:45:13,6005,XAUUSD,sell,out,0.02,4770.44,6019,-0.07,0.00,0.20,2 552.13,sl 4770.44
2026.04.09 22:09:09,6006,XAUUSD,buy,in,0.02,4780.39,6020,-0.07,0.00,0.00,2 552.06,
2026.04.09 22:09:33,6007,XAUUSD,sell,out,0.02,4780.36,6021,-0.07,0.00,-0.06,2 551.93,sl 4780.52
2026.04.09 22:33:16,6008,XAUUSD,buy,in,0.02,4776.66,6022,-0.07,0.00,0.00,2 551.86,
2026.04.10 11:47:14,6009,XAUUSD,sell,out,0.02,4740.33,6023,-0.07,-1.14,-72.66,2 477.99,
2026.04.10 15:17:16,6010,XAUUSD,buy,in,0.02,4770.45,6024,-0.07,0.00,0.00,2 477.92,
2026.04.10 15:19:03,6011,XAUUSD,sell,out,0.02,4770.38,6025,-0.07,0.00,-0.14,2 477.71,sl 4770.54
2026.04.10 15:41:20,6012,XAUUSD,buy,in,0.02,4774.40,6026,-0.07,0.00,0.00,2 477.64,
2026.04.10 15:41:43,6013,XAUUSD,sell,out,0.02,4774.66,6027,-0.07,0.00,0.52,2 478.09,sl 4774.70
2026.04.10 16:05:29,6014,XAUUSD,buy,in,0.02,4770.61,6028,-0.07,0.00,0.00,2 478.02,
2026.04.10 16:05:51,6015,XAUUSD,sell,out,0.02,4772.16,6029,-0.07,0.00,3.10,2 481.05,sl 4772.31
2026.04.10 16:29:35,6016,XAUUSD,buy,in,0.02,4779.11,6030,-0.07,0.00,0.00,2 480.98,
2026.04.10 16:29:50,6017,XAUUSD,sell,out,0.02,4774.33,6031,-0.07,0.00,-9.56,2 471.35,sl 4779.41
2026.04.10 16:53:50,6018,XAUUSD,buy,in,0.02,4776.38,6032,-0.07,0.00,0.00,2 471.28,
2026.04.10 16:55:08,6019,XAUUSD,sell,out,0.02,4776.65,6033,-0.07,0.00,0.54,2 471.75,sl 4776.99
2026.04.10 17:17:54,6020,XAUUSD,buy,in,0.02,4783.60,6034,-0.07,0.00,0.00,2 471.68,
2026.04.10 17:17:58,6021,XAUUSD,sell,out,0.02,4783.97,6035,-0.07,0.00,0.74,2 472.35,sl 4784.13
2026.04.10 17:41:57,6022,XAUUSD,buy,in,0.02,4787.22,6036,-0.07,0.00,0.00,2 472.28,
2026.04.10 19:20:00,6023,XAUUSD,sell,in,0.18,4761.90,6037,-0.63,0.00,0.00,2 471.65,
2026.04.10 19:21:02,6024,XAUUSD,buy,out,0.18,4757.89,6038,-0.63,0.00,72.18,2 543.20,sl 4757.69
2026.04.10 23:25:15,6025,XAUUSD,sell,in,0.18,4746.24,6039,-0.63,0.00,0.00,2 542.57,
2026.04.10 23:26:02,6026,XAUUSD,buy,out,0.18,4744.15,6040,-0.63,0.00,37.62,2 579.56,sl 4744.07
2026.04.10 23:55:25,6027,XAUUSD,sell,out,0.02,4747.49,6041,-0.07,0.00,-79.46,2 500.03,
2026.04.13 01:02:05,6028,XAUUSD,sell,in,0.02,4673.56,6042,-0.07,0.00,0.00,2 499.96,
2026.04.13 01:04:15,6029,XAUUSD,buy,out,0.02,4673.99,6043,-0.07,0.00,-0.86,2 499.03,sl 4673.51
2026.04.13 01:26:04,6030,XAUUSD,sell,in,0.02,4649.89,6044,-0.07,0.00,0.00,2 498.96,
2026.04.13 01:26:19,6031,XAUUSD,buy,out,0.02,4649.19,6045,-0.07,0.00,1.40,2 500.29,sl 4648.92
2026.04.13 01:50:11,6032,XAUUSD,sell,in,0.02,4659.74,6046,-0.07,0.00,0.00,2 500.22,
2026.04.13 01:50:50,6033,XAUUSD,buy,out,0.02,4657.38,6047,-0.07,0.00,4.72,2 504.87,sl 4657.35
2026.04.13 02:14:11,6034,XAUUSD,sell,in,0.02,4658.79,6048,-0.07,0.00,0.00,2 504.80,
2026.04.13 02:17:31,6035,XAUUSD,buy,out,0.02,4652.62,6049,-0.07,0.00,12.34,2 517.07,sl 4652.46
2026.04.13 02:38:11,6036,XAUUSD,sell,in,0.02,4657.43,6050,-0.07,0.00,0.00,2 517.00,
2026.04.13 02:42:29,6037,XAUUSD,buy,out,0.02,4657.31,6051,-0.07,0.00,0.24,2 517.17,sl 4656.51
2026.04.13 03:02:12,6038,XAUUSD,sell,in,0.02,4668.33,6052,-0.07,0.00,0.00,2 517.10,
2026.04.13 03:02:35,6039,XAUUSD,buy,out,0.02,4665.75,6053,-0.07,0.00,5.16,2 522.19,sl 4665.64
2026.04.13 03:26:13,6040,XAUUSD,sell,in,0.02,4673.27,6054,-0.07,0.00,0.00,2 522.12,
2026.04.13 03:27:10,6041,XAUUSD,buy,out,0.02,4671.25,6055,-0.07,0.00,4.04,2 526.09,sl 4671.14
2026.04.13 03:50:18,6042,XAUUSD,sell,in,0.02,4686.01,6056,-0.07,0.00,0.00,2 526.02,
2026.04.13 03:50:31,6043,XAUUSD,buy,out,0.02,4685.84,6057,-0.07,0.00,0.34,2 526.29,sl 4685.76
2026.04.13 04:15:17,6044,XAUUSD,sell,in,0.02,4712.32,6058,-0.07,0.00,0.00,2 526.22,
2026.04.13 04:32:36,6045,XAUUSD,buy,out,0.02,4712.38,6059,-0.07,0.00,-0.12,2 526.03,sl 4712.29
2026.04.13 04:41:48,6046,XAUUSD,sell,in,0.02,4713.12,6060,-0.07,0.00,0.00,2 525.96,
2026.04.13 04:42:06,6047,XAUUSD,buy,out,0.02,4713.33,6061,-0.07,0.00,-0.42,2 525.47,sl 4713.11
2026.04.13 05:47:42,6048,XAUUSD,sell,in,0.02,4712.94,6062,-0.07,0.00,0.00,2 525.40,
2026.04.13 05:49:23,6049,XAUUSD,buy,out,0.02,4713.02,6063,-0.07,0.00,-0.16,2 525.17,sl 4712.56
2026.04.13 06:11:50,6050,XAUUSD,sell,in,0.02,4712.51,6064,-0.07,0.00,0.00,2 525.10,
2026.04.13 07:07:47,6051,XAUUSD,buy,out,0.02,4709.69,6065,-0.07,0.00,5.64,2 530.67,sl 4709.45
2026.04.13 07:07:56,6052,XAUUSD,sell,in,0.02,4711.06,6066,-0.07,0.00,0.00,2 530.60,
2026.04.13 07:22:07,6053,XAUUSD,buy,out,0.02,4711.08,6067,-0.07,0.00,-0.04,2 530.49,sl 4711.03
2026.04.13 07:32:11,6054,XAUUSD,sell,in,0.02,4711.28,6068,-0.07,0.00,0.00,2 530.42,
2026.04.13 07:33:02,6055,XAUUSD,buy,out,0.02,4709.74,6069,-0.07,0.00,3.08,2 533.43,sl 4709.70
2026.04.13 13:25:50,6056,XAUUSD,sell,in,0.02,4709.13,6070,-0.07,0.00,0.00,2 533.36,
2026.04.13 13:27:47,6057,XAUUSD,buy,out,0.02,4709.07,6071,-0.07,0.00,0.12,2 533.41,sl 4709.05
2026.04.13 14:41:15,6058,XAUUSD,sell,in,0.02,4706.76,6072,-0.07,0.00,0.00,2 533.34,
2026.04.13 14:43:58,6059,XAUUSD,buy,out,0.02,4706.72,6073,-0.07,0.00,0.08,2 533.35,sl 4706.72
2026.04.13 15:22:06,6060,XAUUSD,sell,in,0.02,4707.49,6074,-0.07,0.00,0.00,2 533.28,
2026.04.13 15:24:22,6061,XAUUSD,buy,out,0.02,4707.55,6075,-0.07,0.00,-0.12,2 533.09,sl 4707.43
2026.04.13 18:04:08,6062,XAUUSD,sell,in,0.02,4707.88,6076,-0.07,0.00,0.00,2 533.02,
2026.04.13 18:04:56,6063,XAUUSD,buy,out,0.02,4707.30,6077,-0.07,0.00,1.16,2 534.11,sl 4707.22
2026.04.13 18:28:13,6064,XAUUSD,sell,in,0.02,4705.08,6078,-0.07,0.00,0.00,2 534.04,
2026.04.13 18:28:32,6065,XAUUSD,buy,out,0.02,4705.02,6079,-0.07,0.00,0.12,2 534.09,sl 4705.00
2026.04.14 02:03:47,6066,XAUUSD,buy,in,0.02,4763.20,6080,-0.07,0.00,0.00,2 534.02,
2026.04.14 02:04:47,6067,XAUUSD,sell,out,0.02,4764.40,6081,-0.07,0.00,2.40,2 536.35,sl 4764.66
2026.04.14 03:15:41,6068,XAUUSD,buy,in,0.02,4764.72,6082,-0.07,0.00,0.00,2 536.28,
2026.04.14 03:26:03,6069,XAUUSD,sell,out,0.02,4764.86,6083,-0.07,0.00,0.28,2 536.49,sl 4764.94
2026.04.14 03:39:47,6070,XAUUSD,buy,in,0.02,4769.92,6084,-0.07,0.00,0.00,2 536.42,
2026.04.14 03:40:19,6071,XAUUSD,sell,out,0.02,4771.13,6085,-0.07,0.00,2.42,2 538.77,sl 4771.13
2026.04.14 04:03:46,6072,XAUUSD,buy,in,0.02,4770.23,6086,-0.07,0.00,0.00,2 538.70,
2026.04.14 04:03:57,6073,XAUUSD,sell,out,0.02,4770.23,6087,-0.07,0.00,0.00,2 538.63,sl 4770.26
2026.04.14 04:27:48,6074,XAUUSD,buy,in,0.02,4771.92,6088,-0.07,0.00,0.00,2 538.56,
2026.04.14 04:28:01,6075,XAUUSD,sell,out,0.02,4771.82,6089,-0.07,0.00,-0.20,2 538.29,sl 4771.99
2026.04.14 04:51:48,6076,XAUUSD,buy,in,0.02,4768.29,6090,-0.07,0.00,0.00,2 538.22,
2026.04.14 04:52:37,6077,XAUUSD,sell,out,0.02,4768.33,6091,-0.07,0.00,0.08,2 538.23,sl 4768.33
2026.04.14 05:15:50,6078,XAUUSD,buy,in,0.02,4769.19,6092,-0.07,0.00,0.00,2 538.16,
2026.04.14 05:16:16,6079,XAUUSD,sell,out,0.02,4769.59,6093,-0.07,0.00,0.80,2 538.89,sl 4769.59
2026.04.14 05:39:57,6080,XAUUSD,buy,in,0.02,4768.48,6094,-0.07,0.00,0.00,2 538.82,
2026.04.14 05:41:17,6081,XAUUSD,sell,out,0.02,4769.08,6095,-0.07,0.00,1.20,2 539.95,sl 4769.12
2026.04.14 06:03:57,6082,XAUUSD,buy,in,0.02,4772.25,6096,-0.07,0.00,0.00,2 539.88,
2026.04.14 06:05:27,6083,XAUUSD,sell,out,0.02,4772.26,6097,-0.07,0.00,0.02,2 539.83,sl 4772.27
2026.04.14 06:28:06,6084,XAUUSD,buy,in,0.02,4768.13,6098,-0.07,0.00,0.00,2 539.76,
2026.04.14 06:30:09,6085,XAUUSD,sell,out,0.02,4768.31,6099,-0.07,0.00,0.36,2 540.05,sl 4768.31
2026.04.14 06:52:18,6086,XAUUSD,buy,in,0.02,4771.00,6100,-0.07,0.00,0.00,2 539.98,
2026.04.14 06:54:34,6087,XAUUSD,sell,out,0.02,4771.13,6101,-0.07,0.00,0.26,2 540.17,sl 4771.18
2026.04.14 07:16:20,6088,XAUUSD,buy,in,0.02,4769.15,6102,-0.07,0.00,0.00,2 540.10,
2026.04.14 07:17:40,6089,XAUUSD,sell,out,0.02,4770.37,6103,-0.07,0.00,2.44,2 542.47,sl 4770.53
2026.04.14 07:40:25,6090,XAUUSD,buy,in,0.02,4772.97,6104,-0.07,0.00,0.00,2 542.40,
2026.04.14 07:46:53,6091,XAUUSD,sell,out,0.02,4773.20,6105,-0.07,0.00,0.46,2 542.79,sl 4773.23
2026.04.14 08:04:28,6092,XAUUSD,buy,in,0.02,4771.12,6106,-0.07,0.00,0.00,2 542.72,
2026.04.14 08:05:35,6093,XAUUSD,sell,out,0.02,4772.08,6107,-0.07,0.00,1.92,2 544.57,sl 4772.13
2026.04.14 09:08:13,6094,XAUUSD,buy,in,0.02,4769.29,6108,-0.07,0.00,0.00,2 544.50,
2026.04.14 09:40:45,6095,XAUUSD,sell,out,0.02,4769.40,6109,-0.07,0.00,0.22,2 544.65,sl 4769.49
2026.04.14 09:41:01,6096,XAUUSD,buy,in,0.02,4768.12,6110,-0.07,0.00,0.00,2 544.58,
2026.04.14 09:41:08,6097,XAUUSD,sell,out,0.02,4768.13,6111,-0.07,0.00,0.02,2 544.53,sl 4768.15
2026.04.14 10:05:08,6098,XAUUSD,buy,in,0.02,4788.21,6112,-0.07,0.00,0.00,2 544.46,
2026.04.14 10:06:20,6099,XAUUSD,sell,out,0.02,4793.30,6113,-0.07,0.00,10.18,2 554.57,sl 4793.30
2026.04.14 10:29:10,6100,XAUUSD,buy,in,0.02,4771.34,6114,-0.07,0.00,0.00,2 554.50,
2026.04.14 10:30:36,6101,XAUUSD,sell,out,0.02,4773.80,6115,-0.07,0.00,4.92,2 559.35,sl 4773.80
2026.04.14 10:53:16,6102,XAUUSD,buy,in,0.02,4775.82,6116,-0.07,0.00,0.00,2 559.28,
2026.04.14 10:54:17,6103,XAUUSD,sell,out,0.02,4776.37,6117,-0.07,0.00,1.10,2 560.31,sl 4776.82
2026.04.14 11:17:19,6104,XAUUSD,buy,in,0.02,4778.92,6118,-0.07,0.00,0.00,2 560.24,
2026.04.14 11:19:28,6105,XAUUSD,sell,out,0.02,4780.18,6119,-0.07,0.00,2.52,2 562.69,sl 4780.20
2026.04.14 11:41:27,6106,XAUUSD,buy,in,0.02,4786.14,6120,-0.07,0.00,0.00,2 562.62,
2026.04.14 11:42:32,6107,XAUUSD,sell,out,0.02,4786.14,6121,-0.07,0.00,0.00,2 562.55,sl 4786.16
2026.04.14 12:05:27,6108,XAUUSD,buy,in,0.02,4784.02,6122,-0.07,0.00,0.00,2 562.48,
2026.04.14 12:09:20,6109,XAUUSD,sell,out,0.02,4784.49,6123,-0.07,0.00,0.94,2 563.35,sl 4784.52
2026.04.14 12:29:32,6110,XAUUSD,buy,in,0.02,4780.57,6124,-0.07,0.00,0.00,2 563.28,
2026.04.14 12:57:03,6111,XAUUSD,sell,out,0.02,4781.64,6125,-0.07,0.00,2.14,2 565.35,sl 4781.64
2026.04.14 12:57:05,6112,XAUUSD,buy,in,0.02,4781.63,6126,-0.07,0.00,0.00,2 565.28,
2026.04.14 13:06:46,6113,XAUUSD,sell,out,0.02,4781.65,6127,-0.07,0.00,0.04,2 565.25,sl 4781.65
2026.04.14 13:21:09,6114,XAUUSD,buy,in,0.02,4786.89,6128,-0.07,0.00,0.00,2 565.18,
2026.04.14 13:22:24,6115,XAUUSD,sell,out,0.02,4786.72,6129,-0.07,0.00,-0.34,2 564.77,sl 4787.01
2026.04.14 14:08:20,6116,XAUUSD,buy,in,0.02,4775.03,6130,-0.07,0.00,0.00,2 564.70,
2026.04.14 14:09:03,6117,XAUUSD,sell,out,0.02,4775.03,6131,-0.07,0.00,0.00,2 564.63,sl 4775.05
2026.04.14 14:32:28,6118,XAUUSD,buy,in,0.02,4775.51,6132,-0.07,0.00,0.00,2 564.56,
2026.04.14 14:32:48,6119,XAUUSD,sell,out,0.02,4775.56,6133,-0.07,0.00,0.10,2 564.59,sl 4775.56
2026.04.14 14:58:02,6120,XAUUSD,buy,in,0.02,4778.36,6134,-0.07,0.00,0.00,2 564.52,
2026.04.14 14:58:23,6121,XAUUSD,sell,out,0.02,4780.92,6135,-0.07,0.00,5.12,2 569.57,sl 4780.93
2026.04.14 15:34:37,6122,XAUUSD,buy,in,0.02,4775.61,6136,-0.07,0.00,0.00,2 569.50,
2026.04.14 15:34:44,6123,XAUUSD,sell,out,0.02,4775.67,6137,-0.07,0.00,0.12,2 569.55,sl 4775.67
2026.04.14 16:03:14,6124,XAUUSD,buy,in,0.02,4777.70,6138,-0.07,0.00,0.00,2 569.48,
2026.04.14 16:10:50,6125,XAUUSD,sell,out,0.02,4778.14,6139,-0.07,0.00,0.88,2 570.29,sl 4778.22
2026.04.14 16:27:20,6126,XAUUSD,buy,in,0.02,4787.22,6140,-0.07,0.00,0.00,2 570.22,
2026.04.14 16:33:42,6127,XAUUSD,sell,out,0.02,4788.48,6141,-0.07,0.00,2.52,2 572.67,sl 4788.55
2026.04.14 16:51:24,6128,XAUUSD,buy,in,0.02,4791.77,6142,-0.07,0.00,0.00,2 572.60,
2026.04.14 16:52:08,6129,XAUUSD,sell,out,0.02,4793.52,6143,-0.07,0.00,3.50,2 576.03,sl 4793.53
2026.04.14 17:15:31,6130,XAUUSD,buy,in,0.02,4796.28,6144,-0.07,0.00,0.00,2 575.96,
2026.04.14 17:16:02,6131,XAUUSD,sell,out,0.02,4796.59,6145,-0.07,0.00,0.62,2 576.51,sl 4796.71
2026.04.14 17:39:36,6132,XAUUSD,buy,in,0.02,4802.11,6146,-0.07,0.00,0.00,2 576.44,
2026.04.14 17:40:02,6133,XAUUSD,sell,out,0.02,4803.88,6147,-0.07,0.00,3.54,2 579.91,sl 4803.94
2026.04.14 18:03:37,6134,XAUUSD,buy,in,0.02,4801.96,6148,-0.07,0.00,0.00,2 579.84,
2026.04.14 18:21:12,6135,XAUUSD,sell,out,0.02,4801.86,6149,-0.07,0.00,-0.20,2 579.57,sl 4801.98
2026.04.14 18:27:45,6136,XAUUSD,buy,in,0.02,4803.28,6150,-0.07,0.00,0.00,2 579.50,
2026.04.14 18:29:20,6137,XAUUSD,sell,out,0.02,4803.37,6151,-0.07,0.00,0.18,2 579.61,sl 4803.40
2026.04.14 18:51:47,6138,XAUUSD,buy,in,0.02,4813.85,6152,-0.07,0.00,0.00,2 579.54,
2026.04.14 18:52:29,6139,XAUUSD,sell,out,0.02,4814.55,6153,-0.07,0.00,1.40,2 580.87,sl 4814.58
2026.04.14 19:15:55,6140,XAUUSD,buy,in,0.02,4807.57,6154,-0.07,0.00,0.00,2 580.80,
2026.04.14 19:16:49,6141,XAUUSD,sell,out,0.02,4808.18,6155,-0.07,0.00,1.22,2 581.95,sl 4808.20
2026.04.16 02:30:33,6142,XAUUSD,buy,in,0.02,4816.78,6156,-0.07,0.00,0.00,2 581.88,
2026.04.16 02:31:00,6143,XAUUSD,sell,out,0.02,4816.82,6157,-0.07,0.00,0.08,2 581.89,sl 4816.83
2026.04.16 02:54:34,6144,XAUUSD,buy,in,0.02,4823.84,6158,-0.07,0.00,0.00,2 581.82,
2026.04.16 02:54:53,6145,XAUUSD,sell,out,0.02,4823.98,6159,-0.07,0.00,0.28,2 582.03,sl 4823.98
2026.04.16 03:18:41,6146,XAUUSD,buy,in,0.02,4829.82,6160,-0.07,0.00,0.00,2 581.96,
2026.04.16 03:41:07,6147,XAUUSD,sell,out,0.02,4835.08,6161,-0.07,0.00,10.52,2 592.41,sl 4835.12
2026.04.16 03:42:42,6148,XAUUSD,buy,in,0.02,4834.08,6162,-0.07,0.00,0.00,2 592.34,
2026.04.16 03:50:33,6149,XAUUSD,sell,out,0.02,4836.71,6163,-0.07,0.00,5.26,2 597.53,sl 4836.77
2026.04.16 04:06:48,6150,XAUUSD,buy,in,0.02,4831.22,6164,-0.07,0.00,0.00,2 597.46,
2026.04.16 04:09:15,6151,XAUUSD,sell,out,0.02,4831.25,6165,-0.07,0.00,0.06,2 597.45,sl 4831.29
2026.04.16 04:30:57,6152,XAUUSD,buy,in,0.02,4823.76,6166,-0.07,0.00,0.00,2 597.38,
2026.04.16 04:31:28,6153,XAUUSD,sell,out,0.02,4824.37,6167,-0.07,0.00,1.22,2 598.53,sl 4824.38
2026.04.16 04:54:59,6154,XAUUSD,buy,in,0.02,4820.79,6168,-0.07,0.00,0.00,2 598.46,
2026.04.16 05:02:10,6155,XAUUSD,sell,out,0.02,4821.06,6169,-0.07,0.00,0.54,2 598.93,sl 4821.11
2026.04.16 05:19:00,6156,XAUUSD,buy,in,0.02,4821.71,6170,-0.07,0.00,0.00,2 598.86,
2026.04.16 05:20:39,6157,XAUUSD,sell,out,0.02,4822.84,6171,-0.07,0.00,2.26,2 601.05,sl 4822.87
2026.04.16 05:46:05,6158,XAUUSD,buy,in,0.02,4820.88,6172,-0.07,0.00,0.00,2 600.98,
2026.04.16 06:02:02,6159,XAUUSD,sell,out,0.02,4822.74,6173,-0.07,0.00,3.72,2 604.63,sl 4822.78
2026.04.16 06:10:09,6160,XAUUSD,buy,in,0.02,4825.69,6174,-0.07,0.00,0.00,2 604.56,
2026.04.16 06:10:59,6161,XAUUSD,sell,out,0.02,4826.29,6175,-0.07,0.00,1.20,2 605.69,sl 4826.33
2026.04.16 06:34:12,6162,XAUUSD,buy,in,0.02,4825.56,6176,-0.07,0.00,0.00,2 605.62,
2026.04.16 06:55:53,6163,XAUUSD,sell,out,0.02,4826.15,6177,-0.07,0.00,1.18,2 606.73,sl 4826.16
2026.04.16 06:58:25,6164,XAUUSD,buy,in,0.02,4825.51,6178,-0.07,0.00,0.00,2 606.66,
2026.04.16 07:05:31,6165,XAUUSD,sell,out,0.02,4825.48,6179,-0.07,0.00,-0.06,2 606.53,sl 4825.66
2026.04.16 07:22:28,6166,XAUUSD,buy,in,0.02,4827.84,6180,-0.07,0.00,0.00,2 606.46,
2026.04.16 07:35:59,6167,XAUUSD,sell,out,0.02,4828.20,6181,-0.07,0.00,0.72,2 607.11,sl 4828.23
2026.04.16 07:46:33,6168,XAUUSD,buy,in,0.02,4830.46,6182,-0.07,0.00,0.00,2 607.04,
2026.04.16 07:47:32,6169,XAUUSD,sell,out,0.02,4830.46,6183,-0.07,0.00,0.00,2 606.97,sl 4830.48
2026.04.16 08:10:33,6170,XAUUSD,buy,in,0.02,4835.29,6184,-0.07,0.00,0.00,2 606.90,
2026.04.16 08:11:02,6171,XAUUSD,sell,out,0.02,4835.12,6185,-0.07,0.00,-0.34,2 606.49,sl 4835.32
2026.04.16 08:34:35,6172,XAUUSD,buy,in,0.02,4827.08,6186,-0.07,0.00,0.00,2 606.42,
2026.04.16 08:34:55,6173,XAUUSD,sell,out,0.02,4828.22,6187,-0.07,0.00,2.28,2 608.63,sl 4828.23
2026.04.16 08:58:51,6174,XAUUSD,buy,in,0.02,4823.34,6188,-0.07,0.00,0.00,2 608.56,
2026.04.16 09:01:22,6175,XAUUSD,sell,out,0.02,4823.32,6189,-0.07,0.00,-0.04,2 608.45,sl 4823.37
2026.04.16 09:42:53,6176,XAUUSD,buy,in,0.02,4823.19,6190,-0.07,0.00,0.00,2 608.38,
2026.04.16 09:43:00,6177,XAUUSD,sell,out,0.02,4823.14,6191,-0.07,0.00,-0.10,2 608.21,sl 4823.21
2026.04.16 10:06:54,6178,XAUUSD,buy,in,0.02,4827.30,6192,-0.07,0.00,0.00,2 608.14,
2026.04.16 10:07:19,6179,XAUUSD,sell,out,0.02,4827.63,6193,-0.07,0.00,0.66,2 608.73,sl 4827.70
2026.04.16 10:30:57,6180,XAUUSD,buy,in,0.02,4828.36,6194,-0.07,0.00,0.00,2 608.66,
2026.04.16 10:37:20,6181,XAUUSD,sell,out,0.02,4828.34,6195,-0.07,0.00,-0.04,2 608.55,sl 4828.38
2026.04.16 17:41:01,6182,XAUUSD,sell,in,0.02,4778.98,6196,-0.07,0.00,0.00,2 608.48,
2026.04.16 18:04:53,6183,XAUUSD,buy,out,0.02,4801.82,6197,-0.07,0.00,-45.68,2 562.73,
2026.04.17 04:12:24,6184,XAUUSD,sell,in,0.02,4770.50,6198,-0.07,0.00,0.00,2 562.66,
2026.04.17 04:28:07,6185,XAUUSD,buy,out,0.02,4769.94,6199,-0.07,0.00,1.12,2 563.71,sl 4769.86
2026.04.17 15:40:07,6186,XAUUSD,buy,in,0.02,4823.82,6200,-0.07,0.00,0.00,2 563.64,
2026.04.17 15:40:41,6187,XAUUSD,sell,out,0.02,4823.89,6201,-0.07,0.00,0.14,2 563.71,sl 4823.92
2026.04.17 16:04:10,6188,XAUUSD,buy,in,0.02,4841.81,6202,-0.07,0.00,0.00,2 563.64,
2026.04.17 16:04:40,6189,XAUUSD,sell,out,0.02,4842.90,6203,-0.07,0.00,2.18,2 565.75,sl 4842.95
2026.04.17 16:28:12,6190,XAUUSD,buy,in,0.02,4852.50,6204,-0.07,0.00,0.00,2 565.68,
2026.04.17 16:29:40,6191,XAUUSD,sell,out,0.02,4853.85,6205,-0.07,0.00,2.70,2 568.31,sl 4853.85
2026.04.17 16:52:13,6192,XAUUSD,buy,in,0.02,4870.78,6206,-0.07,0.00,0.00,2 568.24,
2026.04.17 16:52:23,6193,XAUUSD,sell,out,0.02,4870.74,6207,-0.07,0.00,-0.08,2 568.09,sl 4870.80
2026.04.17 17:16:13,6194,XAUUSD,buy,in,0.02,4872.50,6208,-0.07,0.00,0.00,2 568.02,
2026.04.17 17:17:08,6195,XAUUSD,sell,out,0.02,4872.89,6209,-0.07,0.00,0.78,2 568.73,sl 4872.91
2026.04.17 17:40:18,6196,XAUUSD,buy,in,0.02,4876.94,6210,-0.07,0.00,0.00,2 568.66,
2026.04.17 17:40:41,6197,XAUUSD,sell,out,0.02,4878.50,6211,-0.07,0.00,3.12,2 571.71,sl 4878.55
2026.04.17 18:04:26,6198,XAUUSD,buy,in,0.02,4869.12,6212,-0.07,0.00,0.00,2 571.64,
2026.04.17 18:05:35,6199,XAUUSD,sell,out,0.02,4869.76,6213,-0.07,0.00,1.28,2 572.85,sl 4869.79
2026.04.17 18:28:26,6200,XAUUSD,buy,in,0.02,4868.68,6214,-0.07,0.00,0.00,2 572.78,
2026.04.17 18:28:34,6201,XAUUSD,sell,out,0.02,4868.62,6215,-0.07,0.00,-0.12,2 572.59,sl 4868.77
2026.04.17 18:52:32,6202,XAUUSD,buy,in,0.02,4869.24,6216,-0.07,0.00,0.00,2 572.52,
2026.04.17 18:54:38,6203,XAUUSD,sell,out,0.02,4869.65,6217,-0.07,0.00,0.82,2 573.27,sl 4869.65
2026.04.17 19:16:33,6204,XAUUSD,buy,in,0.02,4872.01,6218,-0.07,0.00,0.00,2 573.20,
2026.04.17 19:19:00,6205,XAUUSD,sell,out,0.02,4872.02,6219,-0.07,0.00,0.02,2 573.15,sl 4872.09
2026.04.17 19:40:38,6206,XAUUSD,buy,in,0.02,4872.19,6220,-0.07,0.00,0.00,2 573.08,
2026.04.17 21:18:41,6207,XAUUSD,sell,in,0.18,4863.34,6221,-0.63,0.00,0.00,2 572.45,
2026.04.17 21:19:24,6208,XAUUSD,buy,out,0.18,4863.07,6222,-0.63,0.00,4.86,2 576.68,sl 4863.05
2026.04.20 01:18:18,6209,XAUUSD,sell,in,0.18,4792.66,6223,-0.63,0.00,0.00,2 576.05,
2026.04.20 01:18:23,6210,XAUUSD,buy,out,0.18,4792.09,6224,-0.63,0.00,10.26,2 585.68,sl 4791.93
2026.04.20 01:36:10,6211,XAUUSD,sell,in,0.18,4785.58,6225,-0.63,0.00,0.00,2 585.05,
2026.04.20 01:36:59,6212,XAUUSD,buy,out,0.18,4784.93,6226,-0.63,0.00,11.70,2 596.12,sl 4784.89
2026.04.20 01:54:08,6213,XAUUSD,sell,in,0.18,4785.16,6227,-0.63,0.00,0.00,2 595.49,
2026.04.20 01:56:49,6214,XAUUSD,buy,out,0.18,4781.09,6228,-0.63,0.00,73.26,2 668.12,sl 4781.03
2026.04.20 04:31:14,6215,XAUUSD,sell,out,0.02,4806.68,6229,-0.07,-1.14,-131.02,2 535.89,
2026.04.21 09:00:22,6216,XAUUSD,sell,in,0.02,4779.31,6230,-0.07,0.00,0.00,2 535.82,
2026.04.21 09:02:31,6217,XAUUSD,buy,out,0.02,4779.30,6231,-0.07,0.00,0.02,2 535.77,sl 4779.30
2026.04.21 09:26:08,6218,XAUUSD,sell,in,0.02,4779.06,6232,-0.07,0.00,0.00,2 535.70,
2026.04.21 09:26:31,6219,XAUUSD,buy,out,0.02,4778.17,6233,-0.07,0.00,1.78,2 537.41,sl 4778.03
2026.04.21 09:50:14,6220,XAUUSD,sell,in,0.02,4776.94,6234,-0.07,0.00,0.00,2 537.34,
2026.04.21 09:51:37,6221,XAUUSD,buy,out,0.02,4776.97,6235,-0.07,0.00,-0.06,2 537.21,sl 4776.93
2026.04.21 11:12:03,6222,XAUUSD,sell,in,0.02,4776.60,6236,-0.07,0.00,0.00,2 537.14,
2026.04.21 11:13:34,6223,XAUUSD,buy,out,0.02,4775.70,6237,-0.07,0.00,1.80,2 538.87,sl 4775.70
2026.04.21 15:30:39,6224,XAUUSD,sell,in,0.02,4769.15,6238,-0.07,0.00,0.00,2 538.80,
2026.04.21 16:10:03,6225,XAUUSD,buy,out,0.02,4769.18,6239,-0.07,0.00,-0.06,2 538.67,sl 4769.10
2026.04.21 16:10:20,6226,XAUUSD,sell,in,0.02,4767.78,6240,-0.07,0.00,0.00,2 538.60,
2026.04.21 16:12:19,6227,XAUUSD,buy,out,0.02,4767.59,6241,-0.07,0.00,0.38,2 538.91,sl 4767.59
2026.04.21 16:35:27,6228,XAUUSD,sell,in,0.02,4774.18,6242,-0.07,0.00,0.00,2 538.84,
2026.04.21 16:35:48,6229,XAUUSD,buy,out,0.02,4771.03,6243,-0.07,0.00,6.30,2 545.07,sl 4771.00
2026.04.21 17:00:40,6230,XAUUSD,sell,in,0.02,4774.71,6244,-0.07,0.00,0.00,2 545.00,
2026.04.21 17:20:42,6231,XAUUSD,buy,out,0.02,4774.72,6245,-0.07,0.00,-0.02,2 544.91,sl 4774.70
2026.04.21 17:24:42,6232,XAUUSD,sell,in,0.02,4772.97,6246,-0.07,0.00,0.00,2 544.84,
2026.04.21 17:26:17,6233,XAUUSD,buy,out,0.02,4771.36,6247,-0.07,0.00,3.22,2 547.99,sl 4771.36
2026.04.21 17:48:46,6234,XAUUSD,sell,in,0.02,4728.66,6248,-0.07,0.00,0.00,2 547.92,
2026.04.21 17:49:45,6235,XAUUSD,buy,out,0.02,4728.69,6249,-0.07,0.00,-0.06,2 547.79,sl 4728.65
2026.04.21 18:12:46,6236,XAUUSD,sell,in,0.02,4746.68,6250,-0.07,0.00,0.00,2 547.72,
2026.04.21 18:26:57,6237,XAUUSD,buy,out,0.02,4744.53,6251,-0.07,0.00,4.30,2 551.95,sl 4744.53
2026.04.21 18:36:46,6238,XAUUSD,sell,in,0.02,4738.33,6252,-0.07,0.00,0.00,2 551.88,
2026.04.21 19:10:31,6239,XAUUSD,buy,out,0.02,4733.99,6253,-0.07,0.00,8.68,2 560.49,sl 4733.98
2026.04.21 19:10:33,6240,XAUUSD,sell,in,0.02,4733.53,6254,-0.07,0.00,0.00,2 560.42,
2026.04.21 19:10:53,6241,XAUUSD,buy,out,0.02,4733.52,6255,-0.07,0.00,0.02,2 560.37,sl 4733.52
2026.04.21 19:34:34,6242,XAUUSD,sell,in,0.02,4723.76,6256,-0.07,0.00,0.00,2 560.30,
2026.04.21 19:36:32,6243,XAUUSD,buy,out,0.02,4723.75,6257,-0.07,0.00,0.02,2 560.25,sl 4723.72
2026.04.21 19:58:40,6244,XAUUSD,sell,in,0.02,4710.48,6258,-0.07,0.00,0.00,2 560.18,
2026.04.21 19:59:11,6245,XAUUSD,buy,out,0.02,4710.34,6259,-0.07,0.00,0.28,2 560.39,sl 4710.34
2026.04.21 20:22:40,6246,XAUUSD,sell,in,0.02,4702.31,6260,-0.07,0.00,0.00,2 560.32,
2026.04.21 20:26:36,6247,XAUUSD,buy,out,0.02,4700.73,6261,-0.07,0.00,3.16,2 563.41,sl 4700.73
2026.04.21 20:46:41,6248,XAUUSD,sell,in,0.02,4713.32,6262,-0.07,0.00,0.00,2 563.34,
2026.04.21 20:47:30,6249,XAUUSD,buy,out,0.02,4712.95,6263,-0.07,0.00,0.74,2 564.01,sl 4712.95
2026.04.21 21:10:42,6250,XAUUSD,sell,in,0.02,4705.13,6264,-0.07,0.00,0.00,2 563.94,
2026.04.21 21:12:51,6251,XAUUSD,buy,out,0.02,4705.01,6265,-0.07,0.00,0.24,2 564.11,sl 4704.99
2026.04.21 21:34:46,6252,XAUUSD,sell,in,0.02,4702.24,6266,-0.07,0.00,0.00,2 564.04,
2026.04.21 21:35:27,6253,XAUUSD,buy,out,0.02,4701.48,6267,-0.07,0.00,1.52,2 565.49,sl 4701.47
2026.04.21 21:58:52,6254,XAUUSD,sell,in,0.02,4708.17,6268,-0.07,0.00,0.00,2 565.42,
2026.04.21 21:59:00,6255,XAUUSD,buy,out,0.02,4708.27,6269,-0.07,0.00,-0.20,2 565.15,sl 4708.15
2026.04.21 22:22:52,6256,XAUUSD,sell,in,0.02,4711.38,6270,-0.07,0.00,0.00,2 565.08,
2026.04.21 22:23:05,6257,XAUUSD,buy,out,0.02,4711.36,6271,-0.07,0.00,0.04,2 565.05,sl 4711.31
2026.04.21 22:46:53,6258,XAUUSD,sell,in,0.02,4673.36,6273,-0.07,0.00,0.00,2 564.98,
2026.04.21 23:07:30,6259,XAUUSD,buy,out,0.02,4671.29,6274,-0.07,0.00,4.14,2 569.05,sl 4671.27
2026.04.21 23:10:55,6260,XAUUSD,sell,in,0.02,4695.02,6275,-0.07,0.00,0.00,2 568.98,
2026.04.21 23:11:06,6261,XAUUSD,buy,out,0.02,4692.25,6276,-0.07,0.00,5.54,2 574.45,sl 4692.12
2026.04.21 23:35:03,6262,XAUUSD,sell,in,0.02,4710.39,6277,-0.07,0.00,0.00,2 574.38,
2026.04.21 23:37:19,6263,XAUUSD,buy,out,0.02,4710.43,6278,-0.07,0.00,-0.08,2 574.23,sl 4710.38
2026.04.22 01:02:11,6264,XAUUSD,sell,in,0.02,4726.48,6279,-0.07,0.00,0.00,2 574.16,
2026.04.22 01:03:47,6265,XAUUSD,buy,out,0.02,4726.56,6280,-0.07,0.00,-0.16,2 573.93,sl 4726.44
2026.04.22 01:26:11,6266,XAUUSD,sell,in,0.02,4718.90,6281,-0.07,0.00,0.00,2 573.86,
2026.04.22 01:29:29,6267,XAUUSD,buy,out,0.02,4717.67,6282,-0.07,0.00,2.46,2 576.25,sl 4717.60
2026.04.22 01:50:17,6268,XAUUSD,sell,in,0.02,4716.08,6283,-0.07,0.00,0.00,2 576.18,
2026.04.22 03:28:22,6269,XAUUSD,buy,in,0.18,4742.85,6284,-0.63,0.00,0.00,2 575.55,
2026.04.22 03:30:31,6270,XAUUSD,sell,out,0.18,4743.57,6285,-0.63,0.00,12.96,2 587.88,sl 4743.59
2026.04.23 03:09:54,6271,XAUUSD,buy,out,0.02,4716.07,6286,-0.07,2.42,0.02,2 590.25,sl 4716.06
2026.04.27 01:06:10,6272,XAUUSD,sell,in,0.02,4693.37,6287,-0.07,0.00,0.00,2 590.18,
2026.04.27 01:07:16,6273,XAUUSD,buy,out,0.02,4686.52,6288,-0.07,0.00,13.70,2 603.81,sl 4686.43
2026.04.27 01:30:11,6274,XAUUSD,sell,in,0.02,4686.77,6289,-0.07,0.00,0.00,2 603.74,
2026.04.27 01:31:49,6275,XAUUSD,buy,out,0.02,4683.40,6290,-0.07,0.00,6.74,2 610.41,sl 4683.38
2026.04.27 01:54:28,6276,XAUUSD,sell,in,0.02,4683.98,6291,-0.07,0.00,0.00,2 610.34,
2026.04.27 02:00:45,6277,XAUUSD,buy,out,0.02,4681.94,6292,-0.07,0.00,4.08,2 614.35,sl 4681.70
2026.04.27 02:18:31,6278,XAUUSD,sell,in,0.02,4684.21,6293,-0.07,0.00,0.00,2 614.28,
2026.04.27 02:21:36,6279,XAUUSD,buy,out,0.02,4682.12,6294,-0.07,0.00,4.18,2 618.39,sl 4682.11
2026.04.27 02:42:37,6280,XAUUSD,sell,in,0.02,4676.21,6295,-0.07,0.00,0.00,2 618.32,
2026.04.27 03:02:56,6281,XAUUSD,buy,out,0.02,4676.12,6296,-0.07,0.00,0.18,2 618.43,sl 4676.09
2026.04.27 03:06:45,6282,XAUUSD,sell,in,0.02,4675.90,6297,-0.07,0.00,0.00,2 618.36,
2026.04.27 03:07:04,6283,XAUUSD,buy,out,0.02,4675.83,6298,-0.07,0.00,0.14,2 618.43,sl 4675.83
2026.04.27 03:30:47,6284,XAUUSD,sell,in,0.02,4681.50,6299,-0.07,0.00,0.00,2 618.36,
2026.04.27 03:31:29,6285,XAUUSD,buy,out,0.02,4680.78,6300,-0.07,0.00,1.44,2 619.73,sl 4680.78
2026.04.27 03:54:49,6286,XAUUSD,sell,in,0.02,4688.82,6301,-0.07,0.00,0.00,2 619.66,
2026.04.27 05:32:50,6287,XAUUSD,buy,in,0.18,4707.04,6302,-0.63,0.00,0.00,2 619.03,
2026.04.27 05:36:05,6288,XAUUSD,sell,out,0.18,4707.66,6303,-0.63,0.00,11.16,2 629.56,sl 4707.94
2026.04.27 05:47:51,6289,XAUUSD,buy,out,0.02,4717.12,6304,-0.07,0.00,-56.60,2 572.89,
2026.04.27 17:27:20,6290,XAUUSD,sell,in,0.02,4688.34,6305,-0.07,0.00,0.00,2 572.82,
2026.04.27 17:28:36,6291,XAUUSD,buy,out,0.02,4688.22,6306,-0.07,0.00,0.24,2 572.99,sl 4688.17
2026.04.27 17:52:31,6292,XAUUSD,sell,in,0.02,4686.51,6307,-0.07,0.00,0.00,2 572.92,
2026.04.27 17:54:20,6293,XAUUSD,buy,out,0.02,4681.15,6308,-0.07,0.00,10.72,2 583.57,sl 4681.14
2026.04.27 18:16:35,6294,XAUUSD,sell,in,0.02,4676.64,6309,-0.07,0.00,0.00,2 583.50,
2026.04.27 18:16:59,6295,XAUUSD,buy,out,0.02,4676.62,6310,-0.07,0.00,0.04,2 583.47,sl 4676.61
2026.04.27 18:40:42,6296,XAUUSD,sell,in,0.02,4678.32,6311,-0.07,0.00,0.00,2 583.40,
2026.04.27 18:43:54,6297,XAUUSD,buy,out,0.02,4678.33,6312,-0.07,0.00,-0.02,2 583.31,sl 4678.29
2026.04.27 19:04:48,6298,XAUUSD,sell,in,0.02,4670.73,6313,-0.07,0.00,0.00,2 583.24,
2026.04.27 20:18:49,6299,XAUUSD,buy,out,0.02,4669.29,6314,-0.07,0.00,2.88,2 586.05,sl 4669.29
2026.04.27 20:18:54,6300,XAUUSD,sell,in,0.02,4669.34,6315,-0.07,0.00,0.00,2 585.98,
2026.04.27 21:57:03,6301,XAUUSD,buy,in,0.18,4682.65,6316,-0.63,0.00,0.00,2 585.35,
2026.04.28 01:02:01,6302,XAUUSD,sell,out,0.18,4683.34,6317,-0.63,-10.27,12.42,2 586.87,sl 4683.34
2026.04.28 05:00:15,6303,XAUUSD,buy,out,0.02,4667.80,6318,-0.07,0.81,3.08,2 590.69,sl 4667.78
2026.04.30 11:04:59,6304,XAUUSD,buy,in,0.02,4625.65,6319,-0.07,0.00,0.00,2 590.62,
2026.04.30 11:05:08,6305,XAUUSD,sell,out,0.02,4628.60,6320,-0.07,0.00,5.90,2 596.45,sl 4628.71
2026.04.30 12:30:45,6306,XAUUSD,buy,in,0.02,4628.81,6321,-0.07,0.00,0.00,2 596.38,
2026.04.30 12:31:18,6307,XAUUSD,sell,out,0.02,4629.10,6322,-0.07,0.00,0.58,2 596.89,sl 4629.11
2026.04.30 13:01:58,6308,XAUUSD,buy,in,0.02,4629.00,6323,-0.07,0.00,0.00,2 596.82,
2026.04.30 13:17:00,6309,XAUUSD,sell,out,0.02,4631.40,6324,-0.07,0.00,4.80,2 601.55,sl 4631.40
2026.04.30 13:26:01,6310,XAUUSD,buy,in,0.02,4635.17,6325,-0.07,0.00,0.00,2 601.48,
2026.04.30 13:26:39,6311,XAUUSD,sell,out,0.02,4635.35,6326,-0.07,0.00,0.36,2 601.77,sl 4635.36
2026.04.30 13:50:05,6312,XAUUSD,buy,in,0.02,4636.43,6327,-0.07,0.00,0.00,2 601.70,
2026.04.30 13:51:37,6313,XAUUSD,sell,out,0.02,4637.29,6328,-0.07,0.00,1.72,2 603.35,sl 4637.29
2026.04.30 14:14:05,6314,XAUUSD,buy,in,0.02,4637.78,6329,-0.07,0.00,0.00,2 603.28,
2026.04.30 14:14:33,6315,XAUUSD,sell,out,0.02,4637.84,6330,-0.07,0.00,0.12,2 603.33,sl 4637.93
2026.04.30 14:38:07,6316,XAUUSD,buy,in,0.02,4630.42,6331,-0.07,0.00,0.00,2 603.26,
2026.04.30 14:39:13,6317,XAUUSD,sell,out,0.02,4631.36,6332,-0.07,0.00,1.88,2 605.07,sl 4631.36
2026.04.30 15:02:08,6318,XAUUSD,buy,in,0.02,4635.74,6333,-0.07,0.00,0.00,2 605.00,
2026.04.30 15:04:49,6319,XAUUSD,sell,out,0.02,4635.88,6334,-0.07,0.00,0.28,2 605.21,sl 4635.90
2026.04.30 15:26:09,6320,XAUUSD,buy,in,0.02,4630.58,6335,-0.07,0.00,0.00,2 605.14,
2026.04.30 15:26:21,6321,XAUUSD,sell,out,0.02,4630.69,6336,-0.07,0.00,0.22,2 605.29,sl 4630.71
2026.04.30 15:51:54,6322,XAUUSD,buy,in,0.02,4630.66,6337,-0.07,0.00,0.00,2 605.22,
2026.04.30 15:52:45,6323,XAUUSD,sell,out,0.02,4633.69,6338,-0.07,0.00,6.06,2 611.21,sl 4633.73
2026.04.30 16:15:55,6324,XAUUSD,buy,in,0.02,4643.57,6339,-0.07,0.00,0.00,2 611.14,
2026.04.30 17:54:02,6325,XAUUSD,sell,in,0.18,4623.36,6340,-0.63,0.00,0.00,2 610.51,
2026.04.30 17:54:36,6326,XAUUSD,buy,out,0.18,4622.17,6341,-0.63,0.00,21.42,2 631.30,sl 4622.14
2026.05.01 07:54:24,6327,XAUUSD,sell,out,0.02,4609.36,6342,-0.07,-1.14,-68.42,2 561.67,
2026.05.01 10:51:58,6328,XAUUSD,sell,in,0.02,4581.15,6343,-0.07,0.00,0.00,2 561.60,
2026.05.01 10:54:31,6329,XAUUSD,buy,out,0.02,4580.89,6344,-0.07,0.00,0.52,2 562.05,sl 4580.83
2026.05.01 11:16:03,6330,XAUUSD,sell,in,0.02,4576.68,6345,-0.07,0.00,0.00,2 561.98,
2026.05.01 11:16:52,6331,XAUUSD,buy,out,0.02,4574.37,6346,-0.07,0.00,4.62,2 566.53,sl 4574.37
2026.05.01 11:40:02,6332,XAUUSD,sell,in,0.02,4570.30,6347,-0.07,0.00,0.00,2 566.46,
2026.05.01 11:40:28,6333,XAUUSD,buy,out,0.02,4570.28,6348,-0.07,0.00,0.04,2 566.43,sl 4570.28
2026.05.01 12:04:08,6334,XAUUSD,sell,in,0.02,4566.62,6349,-0.07,0.00,0.00,2 566.36,
2026.05.01 12:04:36,6335,XAUUSD,buy,out,0.02,4565.97,6350,-0.07,0.00,1.30,2 567.59,sl 4565.93
2026.05.01 12:28:13,6336,XAUUSD,sell,in,0.02,4569.92,6351,-0.07,0.00,0.00,2 567.52,
2026.05.01 12:28:33,6337,XAUUSD,buy,out,0.02,4569.73,6352,-0.07,0.00,0.38,2 567.83,sl 4569.54
2026.05.01 12:52:13,6338,XAUUSD,sell,in,0.02,4568.90,6353,-0.07,0.00,0.00,2 567.76,
2026.05.01 12:54:44,6339,XAUUSD,buy,out,0.02,4563.93,6354,-0.07,0.00,9.94,2 577.63,sl 4563.90
2026.05.01 13:16:20,6340,XAUUSD,sell,in,0.02,4567.55,6355,-0.07,0.00,0.00,2 577.56,
2026.05.01 13:17:15,6341,XAUUSD,buy,out,0.02,4567.33,6356,-0.07,0.00,0.44,2 577.93,sl 4567.30
2026.05.01 13:40:21,6342,XAUUSD,sell,in,0.02,4569.58,6357,-0.07,0.00,0.00,2 577.86,
2026.05.01 13:41:58,6343,XAUUSD,buy,out,0.02,4568.57,6358,-0.07,0.00,2.02,2 579.81,sl 4568.53
2026.05.01 14:04:28,6344,XAUUSD,sell,in,0.02,4567.02,6359,-0.07,0.00,0.00,2 579.74,
2026.05.01 14:05:49,6345,XAUUSD,buy,out,0.02,4566.02,6360,-0.07,0.00,2.00,2 581.67,sl 4565.99
2026.05.01 14:28:37,6346,XAUUSD,sell,in,0.02,4571.77,6361,-0.07,0.00,0.00,2 581.60,
2026.05.01 14:30:24,6347,XAUUSD,buy,out,0.02,4571.63,6362,-0.07,0.00,0.28,2 581.81,sl 4571.47
2026.05.01 14:52:44,6348,XAUUSD,sell,in,0.02,4573.82,6363,-0.07,0.00,0.00,2 581.74,
2026.05.01 15:25:45,6349,XAUUSD,buy,out,0.02,4604.36,6364,-0.07,0.00,-61.08,2 520.59,
2026.05.01 17:00:36,6350,XAUUSD,buy,in,0.02,4632.68,6365,-0.07,0.00,0.00,2 520.52,
2026.05.01 17:00:46,6351,XAUUSD,sell,out,0.02,4634.53,6366,-0.07,0.00,3.70,2 524.15,sl 4634.57
2026.05.01 17:24:37,6352,XAUUSD,buy,in,0.02,4651.66,6367,-0.07,0.00,0.00,2 524.08,
2026.05.01 19:02:45,6353,XAUUSD,sell,in,0.18,4644.65,6368,-0.63,0.00,0.00,2 523.45,
2026.05.01 19:05:04,6354,XAUUSD,buy,out,0.18,4644.19,6369,-0.63,0.00,8.28,2 531.10,sl 4644.15
2026.05.01 23:04:13,6355,XAUUSD,sell,out,0.02,4607.56,6370,-0.07,0.00,-88.20,2 442.83,
2026.05.04 10:57:01,6356,XAUUSD,sell,in,0.02,4581.99,6371,-0.07,0.00,0.00,2 442.76,
2026.05.04 10:58:07,6357,XAUUSD,buy,out,0.02,4582.03,6372,-0.07,0.00,-0.08,2 442.61,sl 4581.97
2026.05.04 11:21:05,6358,XAUUSD,sell,in,0.02,4577.81,6373,-0.07,0.00,0.00,2 442.54,
2026.05.04 11:21:23,6359,XAUUSD,buy,out,0.02,4577.80,6374,-0.07,0.00,0.02,2 442.49,sl 4577.80
2026.05.04 11:45:12,6360,XAUUSD,sell,in,0.02,4577.76,6375,-0.07,0.00,0.00,2 442.42,
2026.05.04 11:48:24,6361,XAUUSD,buy,out,0.02,4577.55,6376,-0.07,0.00,0.42,2 442.77,sl 4577.53
2026.05.04 12:52:04,6362,XAUUSD,sell,in,0.02,4578.46,6377,-0.07,0.00,0.00,2 442.70,
2026.05.04 12:52:59,6363,XAUUSD,buy,out,0.02,4578.41,6378,-0.07,0.00,0.10,2 442.73,sl 4578.40
2026.05.04 13:16:04,6364,XAUUSD,sell,in,0.02,4539.59,6379,-0.07,0.00,0.00,2 442.66,
2026.05.04 13:16:23,6365,XAUUSD,buy,out,0.02,4538.77,6380,-0.07,0.00,1.64,2 444.23,sl 4538.67
2026.05.04 13:40:10,6366,XAUUSD,sell,in,0.02,4562.86,6381,-0.07,0.00,0.00,2 444.16,
2026.05.04 13:41:03,6367,XAUUSD,buy,out,0.02,4562.27,6382,-0.07,0.00,1.18,2 445.27,sl 4562.26
2026.05.04 14:04:10,6368,XAUUSD,sell,in,0.02,4566.13,6383,-0.07,0.00,0.00,2 445.20,
2026.05.04 14:05:07,6369,XAUUSD,buy,out,0.02,4562.48,6384,-0.07,0.00,7.30,2 452.43,sl 4562.34
2026.05.04 14:28:15,6370,XAUUSD,sell,in,0.02,4562.30,6385,-0.07,0.00,0.00,2 452.36,
2026.05.04 14:31:58,6371,XAUUSD,buy,out,0.02,4560.10,6386,-0.07,0.00,4.40,2 456.69,sl 4560.04
2026.05.04 14:52:29,6372,XAUUSD,sell,in,0.02,4558.68,6387,-0.07,0.00,0.00,2 456.62,
2026.05.04 14:53:56,6373,XAUUSD,buy,out,0.02,4558.54,6388,-0.07,0.00,0.28,2 456.83,sl 4558.42
2026.05.04 15:16:34,6374,XAUUSD,sell,in,0.02,4568.37,6389,-0.07,0.00,0.00,2 456.76,
2026.05.04 15:16:47,6375,XAUUSD,buy,out,0.02,4568.52,6390,-0.07,0.00,-0.30,2 456.39,sl 4568.32
2026.05.04 15:40:35,6376,XAUUSD,sell,in,0.02,4571.00,6391,-0.07,0.00,0.00,2 456.32,
2026.05.04 15:41:05,6377,XAUUSD,buy,out,0.02,4570.78,6392,-0.07,0.00,0.44,2 456.69,sl 4570.66
2026.05.04 16:04:35,6378,XAUUSD,sell,in,0.02,4565.68,6393,-0.07,0.00,0.00,2 456.62,
2026.05.04 16:04:53,6379,XAUUSD,buy,out,0.02,4565.63,6394,-0.07,0.00,0.10,2 456.65,sl 4565.62
2026.05.04 16:28:41,6380,XAUUSD,sell,in,0.02,4563.68,6395,-0.07,0.00,0.00,2 456.58,
2026.05.04 16:29:29,6381,XAUUSD,buy,out,0.02,4563.21,6396,-0.07,0.00,0.94,2 457.45,sl 4563.20
2026.05.04 16:52:44,6382,XAUUSD,sell,in,0.02,4565.07,6397,-0.07,0.00,0.00,2 457.38,
2026.05.04 16:53:30,6383,XAUUSD,buy,out,0.02,4558.67,6398,-0.07,0.00,12.80,2 470.11,sl 4558.67
2026.05.04 17:16:45,6384,XAUUSD,sell,in,0.02,4565.86,6399,-0.07,0.00,0.00,2 470.04,
2026.05.04 17:57:08,6385,XAUUSD,buy,out,0.02,4565.92,6400,-0.07,0.00,-0.12,2 469.85,sl 4565.85
2026.05.04 17:57:12,6386,XAUUSD,sell,in,0.02,4566.67,6401,-0.07,0.00,0.00,2 469.78,
2026.05.04 17:57:24,6387,XAUUSD,buy,out,0.02,4566.66,6402,-0.07,0.00,0.02,2 469.73,sl 4566.60
2026.05.04 18:21:16,6388,XAUUSD,sell,in,0.02,4531.50,6403,-0.07,0.00,0.00,2 469.66,
2026.05.04 18:21:31,6389,XAUUSD,buy,out,0.02,4528.38,6404,-0.07,0.00,6.24,2 475.83,sl 4528.12
2026.05.04 18:45:19,6390,XAUUSD,sell,in,0.02,4533.32,6405,-0.07,0.00,0.00,2 475.76,
2026.05.04 18:46:10,6391,XAUUSD,buy,out,0.02,4531.57,6406,-0.07,0.00,3.50,2 479.19,sl 4531.53
2026.05.04 19:09:23,6392,XAUUSD,sell,in,0.02,4507.04,6407,-0.07,0.00,0.00,2 479.12,
2026.05.04 19:09:26,6393,XAUUSD,buy,out,0.02,4507.01,6408,-0.07,0.00,0.06,2 479.11,sl 4506.98
2026.05.04 19:33:26,6394,XAUUSD,sell,in,0.02,4517.06,6409,-0.07,0.00,0.00,2 479.04,
2026.05.04 19:34:03,6395,XAUUSD,buy,out,0.02,4516.16,6410,-0.07,0.00,1.80,2 480.77,sl 4516.16
2026.05.04 19:57:26,6396,XAUUSD,sell,in,0.02,4508.08,6411,-0.07,0.00,0.00,2 480.70,
2026.05.04 21:35:27,6397,XAUUSD,buy,in,0.18,4513.58,6412,-0.63,0.00,0.00,2 480.07,
2026.05.04 21:39:48,6398,XAUUSD,sell,out,0.18,4514.51,6413,-0.63,0.00,16.74,2 496.18,sl 4514.51
2026.05.05 15:24:33,6399,XAUUSD,buy,out,0.02,4570.31,6414,-0.07,0.81,-124.46,2 372.46,
2026.05.06 03:02:25,6400,XAUUSD,buy,in,0.02,4597.48,6415,-0.07,0.00,0.00,2 372.39,
2026.05.06 03:20:12,6401,XAUUSD,sell,out,0.02,4597.48,6416,-0.07,0.00,0.00,2 372.32,sl 4597.58
2026.05.06 03:26:31,6402,XAUUSD,buy,in,0.02,4603.72,6417,-0.07,0.00,0.00,2 372.25,
2026.05.06 03:31:38,6403,XAUUSD,sell,out,0.02,4603.48,6418,-0.07,0.00,-0.48,2 371.70,sl 4603.87
2026.05.06 03:50:31,6404,XAUUSD,buy,in,0.02,4611.08,6419,-0.07,0.00,0.00,2 371.63,
2026.05.06 03:55:30,6405,XAUUSD,sell,out,0.02,4616.44,6420,-0.07,0.00,10.72,2 382.28,sl 4616.47
2026.05.06 04:14:37,6406,XAUUSD,buy,in,0.02,4611.33,6421,-0.07,0.00,0.00,2 382.21,
2026.05.06 04:15:13,6407,XAUUSD,sell,out,0.02,4611.28,6422,-0.07,0.00,-0.10,2 382.04,sl 4611.35
2026.05.06 04:38:44,6408,XAUUSD,buy,in,0.02,4622.84,6423,-0.07,0.00,0.00,2 381.97,
2026.05.06 04:39:32,6409,XAUUSD,sell,out,0.02,4624.09,6424,-0.07,0.00,2.50,2 384.40,sl 4624.09
2026.05.06 05:02:44,6410,XAUUSD,buy,in,0.02,4628.00,6425,-0.07,0.00,0.00,2 384.33,
2026.05.06 05:03:21,6411,XAUUSD,sell,out,0.02,4628.16,6426,-0.07,0.00,0.32,2 384.58,sl 4628.16
2026.05.06 05:26:45,6412,XAUUSD,buy,in,0.02,4632.42,6427,-0.07,0.00,0.00,2 384.51,
2026.05.06 05:35:23,6413,XAUUSD,sell,out,0.02,4632.77,6428,-0.07,0.00,0.70,2 385.14,sl 4632.84
2026.05.06 05:50:47,6414,XAUUSD,buy,in,0.02,4635.82,6429,-0.07,0.00,0.00,2 385.07,
2026.05.06 05:52:05,6415,XAUUSD,sell,out,0.02,4635.81,6430,-0.07,0.00,-0.02,2 384.98,sl 4635.85
2026.05.06 06:14:50,6416,XAUUSD,buy,in,0.02,4647.90,6431,-0.07,0.00,0.00,2 384.91,
2026.05.06 06:16:06,6417,XAUUSD,sell,out,0.02,4648.35,6432,-0.07,0.00,0.90,2 385.74,sl 4648.47
2026.05.06 06:38:50,6418,XAUUSD,buy,in,0.02,4647.65,6433,-0.07,0.00,0.00,2 385.67,
2026.05.06 06:39:43,6419,XAUUSD,sell,out,0.02,4650.30,6434,-0.07,0.00,5.30,2 390.90,sl 4650.35
2026.05.06 07:02:55,6420,XAUUSD,buy,in,0.02,4644.98,6435,-0.07,0.00,0.00,2 390.83,
2026.05.06 07:07:19,6421,XAUUSD,sell,out,0.02,4645.39,6436,-0.07,0.00,0.82,2 391.58,sl 4645.52
2026.05.06 07:27:00,6422,XAUUSD,buy,in,0.02,4646.42,6437,-0.07,0.00,0.00,2 391.51,
2026.05.06 07:28:14,6423,XAUUSD,sell,out,0.02,4651.24,6438,-0.07,0.00,9.64,2 401.08,sl 4651.38
2026.05.06 07:50:59,6424,XAUUSD,buy,in,0.02,4651.81,6439,-0.07,0.00,0.00,2 401.01,
2026.05.06 08:04:27,6425,XAUUSD,sell,out,0.02,4652.54,6440,-0.07,0.00,1.46,2 402.40,sl 4652.69
2026.05.06 08:15:04,6426,XAUUSD,buy,in,0.02,4654.29,6441,-0.07,0.00,0.00,2 402.33,
2026.05.06 08:26:27,6427,XAUUSD,sell,out,0.02,4654.34,6442,-0.07,0.00,0.10,2 402.36,sl 4654.37
2026.05.06 08:39:10,6428,XAUUSD,buy,in,0.02,4646.86,6443,-0.07,0.00,0.00,2 402.29,
2026.05.06 08:39:23,6429,XAUUSD,sell,out,0.02,4646.88,6444,-0.07,0.00,0.04,2 402.26,sl 4646.88
2026.05.06 09:03:12,6430,XAUUSD,buy,in,0.02,4663.13,6445,-0.07,0.00,0.00,2 402.19,
2026.05.06 09:03:29,6431,XAUUSD,sell,out,0.02,4663.38,6446,-0.07,0.00,0.50,2 402.62,sl 4663.39
2026.05.06 09:27:19,6432,XAUUSD,buy,in,0.02,4665.77,6447,-0.07,0.00,0.00,2 402.55,
2026.05.06 09:28:03,6433,XAUUSD,sell,out,0.02,4665.80,6448,-0.07,0.00,0.06,2 402.54,sl 4665.85
2026.05.06 09:51:27,6434,XAUUSD,buy,in,0.02,4663.67,6449,-0.07,0.00,0.00,2 402.47,
2026.05.06 09:52:45,6435,XAUUSD,sell,out,0.02,4664.61,6450,-0.07,0.00,1.88,2 404.28,sl 4664.65
2026.05.06 10:15:29,6436,XAUUSD,buy,in,0.02,4658.19,6451,-0.07,0.00,0.00,2 404.21,
2026.05.06 10:16:32,6437,XAUUSD,sell,out,0.02,4658.39,6452,-0.07,0.00,0.40,2 404.54,sl 4658.39
2026.05.06 10:39:29,6438,XAUUSD,buy,in,0.02,4666.47,6453,-0.07,0.00,0.00,2 404.47,
2026.05.06 10:41:47,6439,XAUUSD,sell,out,0.02,4668.09,6454,-0.07,0.00,3.24,2 407.64,sl 4668.09
2026.05.06 11:03:34,6440,XAUUSD,buy,in,0.02,4677.65,6455,-0.07,0.00,0.00,2 407.57,
2026.05.06 11:03:54,6441,XAUUSD,sell,out,0.02,4677.63,6456,-0.07,0.00,-0.04,2 407.46,sl 4677.70
2026.05.06 11:27:50,6442,XAUUSD,buy,in,0.02,4679.42,6457,-0.07,0.00,0.00,2 407.39,
2026.05.06 11:48:50,6443,XAUUSD,sell,out,0.02,4679.80,6458,-0.07,0.00,0.76,2 408.08,sl 4679.81
2026.05.06 11:51:55,6444,XAUUSD,buy,in,0.02,4695.31,6459,-0.07,0.00,0.00,2 408.01,
2026.05.06 11:52:18,6445,XAUUSD,sell,out,0.02,4697.42,6460,-0.07,0.00,4.22,2 412.16,sl 4697.43
2026.05.06 12:15:57,6446,XAUUSD,buy,in,0.02,4696.08,6461,-0.07,0.00,0.00,2 412.09,
2026.05.06 12:17:45,6447,XAUUSD,sell,out,0.02,4697.05,6462,-0.07,0.00,1.94,2 413.96,sl 4697.18
2026.05.06 12:40:03,6448,XAUUSD,buy,in,0.02,4703.81,6463,-0.07,0.00,0.00,2 413.89,
2026.05.06 12:40:30,6449,XAUUSD,sell,out,0.02,4704.07,6464,-0.07,0.00,0.52,2 414.34,sl 4704.24
2026.05.06 13:04:03,6450,XAUUSD,buy,in,0.02,4700.06,6465,-0.07,0.00,0.00,2 414.27,
2026.05.06 13:04:53,6451,XAUUSD,sell,out,0.02,4701.80,6466,-0.07,0.00,3.48,2 417.68,sl 4701.89
2026.05.06 13:28:16,6452,XAUUSD,buy,in,0.02,4703.72,6467,-0.07,0.00,0.00,2 417.61,
2026.05.06 13:28:32,6453,XAUUSD,sell,out,0.02,4703.63,6468,-0.07,0.00,-0.18,2 417.36,sl 4703.75
2026.05.06 13:52:23,6454,XAUUSD,buy,in,0.02,4711.57,6469,-0.07,0.00,0.00,2 417.29,
2026.05.06 13:52:59,6455,XAUUSD,sell,out,0.02,4712.89,6470,-0.07,0.00,2.64,2 419.86,sl 4712.89
2026.05.06 14:16:38,6456,XAUUSD,buy,in,0.02,4711.27,6471,-0.07,0.00,0.00,2 419.79,
2026.05.06 14:16:56,6457,XAUUSD,sell,out,0.02,4711.34,6472,-0.07,0.00,0.14,2 419.86,sl 4711.42
2026.05.06 14:40:41,6458,XAUUSD,buy,in,0.02,4711.32,6473,-0.07,0.00,0.00,2 419.79,
2026.05.06 16:18:46,6459,XAUUSD,sell,in,0.18,4683.83,6474,-0.63,0.00,0.00,2 419.16,
2026.05.06 16:20:45,6460,XAUUSD,buy,out,0.18,4681.55,6475,-0.63,0.00,41.04,2 459.57,sl 4681.54
2026.05.06 17:13:42,6461,XAUUSD,sell,out,0.02,4711.61,6476,-0.07,0.00,0.58,2 460.08,sl 4711.62
2026.05.11 08:43:15,6462,XAUUSD,sell,in,0.02,4664.30,6477,-0.07,0.00,0.00,2 460.01,
2026.05.11 08:43:27,6463,XAUUSD,buy,out,0.02,4664.26,6478,-0.07,0.00,0.08,2 460.02,sl 4664.12
2026.05.11 09:07:21,6464,XAUUSD,sell,in,0.02,4657.46,6479,-0.07,0.00,0.00,2 459.95,
2026.05.11 10:45:27,6465,XAUUSD,buy,in,0.18,4672.51,6480,-0.63,0.00,0.00,2 459.32,
2026.05.11 11:13:45,6466,XAUUSD,sell,out,0.18,4672.74,6481,-0.63,0.00,4.14,2 462.83,sl 4672.78
2026.05.11 12:30:21,6467,XAUUSD,buy,out,0.02,4657.73,6482,-0.07,0.00,-0.54,2 462.22,sl 4657.37
2026.05.11 16:09:02,6468,XAUUSD,buy,in,0.02,4715.92,6483,-0.07,0.00,0.00,2 462.15,
2026.05.11 16:10:27,6469,XAUUSD,sell,out,0.02,4716.69,6484,-0.07,0.00,1.54,2 463.62,sl 4716.71
2026.05.11 16:33:04,6470,XAUUSD,buy,in,0.02,4735.09,6485,-0.07,0.00,0.00,2 463.55,
2026.05.11 16:33:23,6471,XAUUSD,sell,out,0.02,4735.84,6486,-0.07,0.00,1.50,2 464.98,sl 4735.85
2026.05.11 16:57:07,6472,XAUUSD,buy,in,0.02,4743.82,6487,-0.07,0.00,0.00,2 464.91,
2026.05.11 18:35:10,6473,XAUUSD,sell,in,0.18,4732.09,6488,-0.63,0.00,0.00,2 464.28,
2026.05.11 18:36:32,6474,XAUUSD,buy,out,0.18,4731.03,6489,-0.63,0.00,19.08,2 482.73,sl 4731.02
2026.05.12 01:45:31,6475,XAUUSD,sell,out,0.02,4744.46,6490,-0.07,-1.14,1.28,2 482.80,sl 4744.47
2026.05.12 17:33:21,6476,XAUUSD,sell,in,0.02,4675.52,6491,-0.07,0.00,0.00,2 482.73,
2026.05.12 17:33:35,6477,XAUUSD,buy,out,0.02,4673.20,6492,-0.07,0.00,4.64,2 487.30,sl 4673.12
2026.05.12 17:57:26,6478,XAUUSD,sell,in,0.02,4671.66,6493,-0.07,0.00,0.00,2 487.23,
2026.05.12 17:58:31,6479,XAUUSD,buy,out,0.02,4671.32,6494,-0.07,0.00,0.68,2 487.84,sl 4671.31
2026.05.12 18:21:32,6480,XAUUSD,sell,in,0.02,4657.37,6495,-0.07,0.00,0.00,2 487.77,
2026.05.12 18:23:34,6481,XAUUSD,buy,out,0.02,4642.87,6496,-0.07,0.00,29.00,2 516.70,sl 4642.77
2026.05.12 18:45:32,6482,XAUUSD,sell,in,0.02,4668.69,6497,-0.07,0.00,0.00,2 516.63,
2026.05.12 18:46:24,6483,XAUUSD,buy,out,0.02,4667.23,6498,-0.07,0.00,2.92,2 519.48,sl 4667.20
2026.05.12 19:09:34,6484,XAUUSD,sell,in,0.02,4669.79,6499,-0.07,0.00,0.00,2 519.41,
2026.05.12 19:10:03,6485,XAUUSD,buy,out,0.02,4669.48,6500,-0.07,0.00,0.62,2 519.96,sl 4669.46
2026.05.12 19:33:43,6486,XAUUSD,sell,in,0.02,4666.87,6501,-0.07,0.00,0.00,2 519.89,
2026.05.12 21:12:01,6487,XAUUSD,buy,in,0.18,4678.82,6502,-0.63,0.00,0.00,2 519.26,
2026.05.12 21:13:40,6488,XAUUSD,sell,out,0.18,4679.57,6503,-0.63,0.00,13.50,2 532.13,sl 4679.60
2026.05.12 22:07:50,6489,XAUUSD,buy,in,0.18,4699.45,6504,-0.63,0.00,0.00,2 531.50,
2026.05.12 22:08:01,6490,XAUUSD,sell,out,0.18,4699.40,6505,-0.63,0.00,-0.90,2 529.97,sl 4699.47
2026.05.12 22:25:52,6491,XAUUSD,buy,out,0.02,4704.37,6506,-0.07,0.00,-75.00,2 454.90,
2026.05.13 16:46:26,6492,XAUUSD,sell,in,0.02,4672.92,6507,-0.07,0.00,0.00,2 454.83,
2026.05.13 16:48:48,6493,XAUUSD,buy,out,0.02,4671.10,6508,-0.07,0.00,3.64,2 458.40,sl 4670.94
2026.05.14 16:42:30,6494,XAUUSD,sell,in,0.02,4669.26,6509,-0.07,0.00,0.00,2 458.33,
2026.05.14 16:42:50,6495,XAUUSD,buy,out,0.02,4668.60,6510,-0.07,0.00,1.32,2 459.58,sl 4667.99
2026.05.14 22:29:58,6496,XAUUSD,sell,in,0.02,4663.10,6511,-0.07,0.00,0.00,2 459.51,
2026.05.14 22:33:07,6497,XAUUSD,buy,out,0.02,4662.51,6512,-0.07,0.00,1.18,2 460.62,sl 4662.50
2026.05.14 22:53:58,6498,XAUUSD,sell,in,0.02,4658.64,6513,-0.07,0.00,0.00,2 460.55,
2026.05.14 22:54:43,6499,XAUUSD,buy,out,0.02,4658.05,6514,-0.07,0.00,1.18,2 461.66,sl 4658.05
2026.05.14 23:18:02,6500,XAUUSD,sell,in,0.02,4649.40,6515,-0.07,0.00,0.00,2 461.59,
2026.05.14 23:22:48,6501,XAUUSD,buy,out,0.02,4649.17,6516,-0.07,0.00,0.46,2 461.98,sl 4649.17
2026.05.14 23:42:06,6502,XAUUSD,sell,in,0.02,4651.40,6517,-0.07,0.00,0.00,2 461.91,
2026.05.14 23:43:35,6503,XAUUSD,buy,out,0.02,4651.38,6518,-0.07,0.00,0.04,2 461.88,sl 4651.36
2026.05.15 01:02:04,6504,XAUUSD,sell,in,0.02,4650.13,6519,-0.07,0.00,0.00,2 461.81,
2026.05.15 02:36:40,6505,XAUUSD,buy,out,0.02,4650.12,6520,-0.07,0.00,0.02,2 461.76,sl 4650.09
2026.05.15 02:36:52,6506,XAUUSD,sell,in,0.02,4650.31,6521,-0.07,0.00,0.00,2 461.69,
2026.05.15 02:37:04,6507,XAUUSD,buy,out,0.02,4649.44,6522,-0.07,0.00,1.74,2 463.36,sl 4649.40
2026.05.15 03:00:53,6508,XAUUSD,sell,in,0.02,4648.60,6523,-0.07,0.00,0.00,2 463.29,
2026.05.15 03:01:11,6509,XAUUSD,buy,out,0.02,4648.60,6524,-0.07,0.00,0.00,2 463.22,sl 4648.38
2026.05.15 03:24:54,6510,XAUUSD,sell,in,0.02,4644.93,6525,-0.07,0.00,0.00,2 463.15,
2026.05.15 03:25:00,6511,XAUUSD,buy,out,0.02,4644.91,6526,-0.07,0.00,0.04,2 463.12,sl 4644.86
2026.05.15 03:49:01,6512,XAUUSD,sell,in,0.02,4625.92,6527,-0.07,0.00,0.00,2 463.05,
2026.05.15 03:51:38,6513,XAUUSD,buy,out,0.02,4620.19,6528,-0.07,0.00,11.46,2 474.44,sl 4620.03
2026.05.15 04:13:11,6514,XAUUSD,sell,in,0.02,4609.47,6529,-0.07,0.00,0.00,2 474.37,
2026.05.15 04:29:32,6515,XAUUSD,buy,out,0.02,4609.46,6530,-0.07,0.00,0.02,2 474.32,sl 4609.46
2026.05.15 04:37:18,6516,XAUUSD,sell,in,0.02,4617.44,6531,-0.07,0.00,0.00,2 474.25,
2026.05.15 04:37:47,6517,XAUUSD,buy,out,0.02,4616.97,6532,-0.07,0.00,0.94,2 475.12,sl 4616.62
2026.05.15 05:01:26,6518,XAUUSD,sell,in,0.02,4611.46,6533,-0.07,0.00,0.00,2 475.05,
2026.05.15 05:01:42,6519,XAUUSD,buy,out,0.02,4611.14,6534,-0.07,0.00,0.64,2 475.62,sl 4611.10
2026.05.15 05:25:31,6520,XAUUSD,sell,in,0.02,4613.32,6535,-0.07,0.00,0.00,2 475.55,
2026.05.15 05:28:21,6521,XAUUSD,buy,out,0.02,4613.20,6536,-0.07,0.00,0.24,2 475.72,sl 4613.20
2026.05.15 05:49:33,6522,XAUUSD,sell,in,0.02,4613.72,6537,-0.07,0.00,0.00,2 475.65,
2026.05.15 05:51:27,6523,XAUUSD,buy,out,0.02,4613.66,6538,-0.07,0.00,0.12,2 475.70,sl 4613.47
2026.05.15 06:13:39,6524,XAUUSD,sell,in,0.02,4619.24,6539,-0.07,0.00,0.00,2 475.63,
2026.05.15 06:14:16,6525,XAUUSD,buy,out,0.02,4617.44,6540,-0.07,0.00,3.60,2 479.16,sl 4617.44
2026.05.15 06:37:45,6526,XAUUSD,sell,in,0.02,4614.20,6541,-0.07,0.00,0.00,2 479.09,
2026.05.15 06:39:35,6527,XAUUSD,buy,out,0.02,4614.09,6542,-0.07,0.00,0.22,2 479.24,sl 4613.96
2026.05.15 07:01:47,6528,XAUUSD,sell,in,0.02,4614.03,6543,-0.07,0.00,0.00,2 479.17,
2026.05.15 07:02:33,6529,XAUUSD,buy,out,0.02,4614.02,6544,-0.07,0.00,0.02,2 479.12,sl 4614.02
2026.05.15 07:25:53,6530,XAUUSD,sell,in,0.02,4611.56,6545,-0.07,0.00,0.00,2 479.05,
2026.05.15 07:26:08,6531,XAUUSD,buy,out,0.02,4611.17,6546,-0.07,0.00,0.78,2 479.76,sl 4611.17
2026.05.15 07:49:58,6532,XAUUSD,sell,in,0.02,4609.63,6547,-0.07,0.00,0.00,2 479.69,
2026.05.15 07:50:05,6533,XAUUSD,buy,out,0.02,4609.90,6548,-0.07,0.00,-0.54,2 479.08,sl 4609.59
2026.05.15 08:14:03,6534,XAUUSD,sell,in,0.02,4590.30,6549,-0.07,0.00,0.00,2 479.01,
2026.05.15 08:14:21,6535,XAUUSD,buy,out,0.02,4589.89,6550,-0.07,0.00,0.82,2 479.76,sl 4589.82
2026.05.15 08:38:05,6536,XAUUSD,sell,in,0.02,4565.68,6551,-0.07,0.00,0.00,2 479.69,
2026.05.15 08:38:07,6537,XAUUSD,buy,out,0.02,4566.06,6552,-0.07,0.00,-0.76,2 478.86,sl 4565.67
2026.05.15 09:02:08,6538,XAUUSD,sell,in,0.02,4563.42,6553,-0.07,0.00,0.00,2 478.79,
2026.05.15 09:02:19,6539,XAUUSD,buy,out,0.02,4562.37,6554,-0.07,0.00,2.10,2 480.82,sl 4562.37
2026.05.15 09:26:12,6540,XAUUSD,sell,in,0.02,4575.74,6555,-0.07,0.00,0.00,2 480.75,
2026.05.15 09:26:14,6541,XAUUSD,buy,out,0.02,4575.73,6556,-0.07,0.00,0.02,2 480.70,sl 4575.73
2026.05.15 09:50:16,6542,XAUUSD,sell,in,0.02,4573.94,6557,-0.07,0.00,0.00,2 480.63,
2026.05.15 09:50:55,6543,XAUUSD,buy,out,0.02,4570.30,6558,-0.07,0.00,7.28,2 487.84,sl 4570.29
2026.05.15 10:14:23,6544,XAUUSD,sell,in,0.02,4584.22,6559,-0.07,0.00,0.00,2 487.77,
2026.05.15 10:16:31,6545,XAUUSD,buy,out,0.02,4583.55,6560,-0.07,0.00,1.34,2 489.04,sl 4583.54
2026.05.15 10:38:30,6546,XAUUSD,sell,in,0.02,4578.02,6561,-0.07,0.00,0.00,2 488.97,
2026.05.15 10:39:08,6547,XAUUSD,buy,out,0.02,4577.17,6562,-0.07,0.00,1.70,2 490.60,sl 4577.17
2026.05.15 11:02:30,6548,XAUUSD,sell,in,0.02,4562.68,6563,-0.07,0.00,0.00,2 490.53,
2026.05.15 11:03:15,6549,XAUUSD,buy,out,0.02,4562.67,6564,-0.07,0.00,0.02,2 490.48,sl 4562.67
2026.05.15 11:26:31,6550,XAUUSD,sell,in,0.02,4558.50,6565,-0.07,0.00,0.00,2 490.41,
2026.05.15 11:27:31,6551,XAUUSD,buy,out,0.02,4558.27,6566,-0.07,0.00,0.46,2 490.80,sl 4558.25
2026.05.15 11:50:31,6552,XAUUSD,sell,in,0.02,4561.16,6567,-0.07,0.00,0.00,2 490.73,
2026.05.15 11:51:24,6553,XAUUSD,buy,out,0.02,4560.61,6568,-0.07,0.00,1.10,2 491.76,sl 4560.60
2026.05.15 12:14:31,6554,XAUUSD,sell,in,0.02,4548.01,6569,-0.07,0.00,0.00,2 491.69,
2026.05.15 12:14:49,6555,XAUUSD,buy,out,0.02,4547.31,6570,-0.07,0.00,1.40,2 493.02,sl 4547.24
2026.05.15 12:38:37,6556,XAUUSD,sell,in,0.02,4545.53,6571,-0.07,0.00,0.00,2 492.95,
2026.05.15 12:39:00,6557,XAUUSD,buy,out,0.02,4545.35,6572,-0.07,0.00,0.36,2 493.24,sl 4545.34
2026.05.15 13:02:39,6558,XAUUSD,sell,in,0.02,4548.47,6573,-0.07,0.00,0.00,2 493.17,
2026.05.15 13:03:48,6559,XAUUSD,buy,out,0.02,4546.39,6574,-0.07,0.00,4.16,2 497.26,sl 4546.22
2026.05.15 13:26:49,6560,XAUUSD,sell,in,0.02,4554.88,6575,-0.07,0.00,0.00,2 497.19,
2026.05.15 13:27:50,6561,XAUUSD,buy,out,0.02,4553.06,6576,-0.07,0.00,3.64,2 500.76,sl 4553.01
2026.05.15 13:50:52,6562,XAUUSD,sell,in,0.02,4560.00,6577,-0.07,0.00,0.00,2 500.69,
2026.05.15 13:51:17,6563,XAUUSD,buy,out,0.02,4559.57,6578,-0.07,0.00,0.86,2 501.48,sl 4559.51
2026.05.15 14:14:58,6564,XAUUSD,sell,in,0.02,4566.54,6579,-0.07,0.00,0.00,2 501.41,
2026.05.15 14:16:43,6565,XAUUSD,buy,out,0.02,4566.41,6580,-0.07,0.00,0.26,2 501.60,sl 4566.39
2026.05.15 14:39:04,6566,XAUUSD,sell,in,0.02,4555.70,6581,-0.07,0.00,0.00,2 501.53,
2026.05.15 14:40:05,6567,XAUUSD,buy,out,0.02,4554.66,6582,-0.07,0.00,2.08,2 503.54,sl 4554.66
2026.05.15 15:03:08,6568,XAUUSD,sell,in,0.02,4551.60,6583,-0.07,0.00,0.00,2 503.47,
2026.05.15 15:03:33,6569,XAUUSD,buy,out,0.02,4551.63,6584,-0.07,0.00,-0.06,2 503.34,sl 4551.58
2026.05.15 15:27:13,6570,XAUUSD,sell,in,0.02,4555.17,6585,-0.07,0.00,0.00,2 503.27,
2026.05.15 15:29:08,6571,XAUUSD,buy,out,0.02,4555.07,6586,-0.07,0.00,0.20,2 503.40,sl 4554.95
2026.05.19 04:19:28,6572,XAUUSD,sell,in,0.02,4558.78,6587,-0.07,0.00,0.00,2 503.33,
2026.05.19 04:20:37,6573,XAUUSD,buy,out,0.02,4558.40,6588,-0.07,0.00,0.76,2 504.02,sl 4558.37
2026.05.19 05:05:29,6574,XAUUSD,sell,in,0.02,4557.25,6589,-0.07,0.00,0.00,2 503.95,
2026.05.19 05:06:21,6575,XAUUSD,buy,out,0.02,4557.10,6590,-0.07,0.00,0.30,2 504.18,sl 4557.04
2026.05.19 05:30:10,6576,XAUUSD,sell,in,0.02,4557.23,6591,-0.07,0.00,0.00,2 504.11,
2026.05.19 05:30:21,6577,XAUUSD,buy,out,0.02,4556.61,6592,-0.07,0.00,1.24,2 505.28,sl 4556.60
2026.05.19 05:54:25,6578,XAUUSD,sell,in,0.02,4551.53,6593,-0.07,0.00,0.00,2 505.21,
2026.05.19 05:54:53,6579,XAUUSD,buy,out,0.02,4551.11,6594,-0.07,0.00,0.84,2 505.98,sl 4550.94
2026.05.19 06:18:30,6580,XAUUSD,sell,in,0.02,4551.14,6595,-0.07,0.00,0.00,2 505.91,
2026.05.19 06:21:13,6581,XAUUSD,buy,out,0.02,4550.53,6596,-0.07,0.00,1.22,2 507.06,sl 4550.43
2026.05.19 06:42:35,6582,XAUUSD,sell,in,0.02,4550.41,6597,-0.07,0.00,0.00,2 506.99,
2026.05.19 06:43:29,6583,XAUUSD,buy,out,0.02,4549.57,6598,-0.07,0.00,1.68,2 508.60,sl 4549.34
2026.05.19 07:06:41,6584,XAUUSD,sell,in,0.02,4544.05,6599,-0.07,0.00,0.00,2 508.53,
2026.05.19 07:06:58,6585,XAUUSD,buy,out,0.02,4543.81,6600,-0.07,0.00,0.48,2 508.94,sl 4543.74
2026.05.19 07:30:44,6586,XAUUSD,sell,in,0.02,4538.45,6601,-0.07,0.00,0.00,2 508.87,
2026.05.19 08:22:20,6587,XAUUSD,buy,out,0.02,4538.10,6602,-0.07,0.00,0.70,2 509.50,sl 4538.10
2026.05.19 08:22:27,6588,XAUUSD,sell,in,0.02,4538.10,6603,-0.07,0.00,0.00,2 509.43,
2026.05.19 08:23:10,6589,XAUUSD,buy,out,0.02,4537.04,6604,-0.07,0.00,2.12,2 511.48,sl 4537.02
2026.05.19 08:46:33,6590,XAUUSD,sell,in,0.02,4539.58,6605,-0.07,0.00,0.00,2 511.41,
2026.05.19 08:47:34,6591,XAUUSD,buy,out,0.02,4539.14,6606,-0.07,0.00,0.88,2 512.22,sl 4539.13
2026.05.19 09:10:35,6592,XAUUSD,sell,in,0.02,4539.62,6607,-0.07,0.00,0.00,2 512.15,
2026.05.19 09:10:56,6593,XAUUSD,buy,out,0.02,4539.67,6608,-0.07,0.00,-0.10,2 511.98,sl 4539.59
2026.05.19 09:34:39,6594,XAUUSD,sell,in,0.02,4549.39,6609,-0.07,0.00,0.00,2 511.91,
2026.05.19 09:35:55,6595,XAUUSD,buy,out,0.02,4548.34,6610,-0.07,0.00,2.10,2 513.94,sl 4548.33
2026.05.19 09:58:46,6596,XAUUSD,sell,in,0.02,4547.59,6611,-0.07,0.00,0.00,2 513.87,
2026.05.19 10:00:13,6597,XAUUSD,buy,out,0.02,4545.85,6612,-0.07,0.00,3.48,2 517.28,sl 4545.85
2026.05.19 10:22:52,6598,XAUUSD,sell,in,0.02,4546.16,6613,-0.07,0.00,0.00,2 517.21,
2026.05.19 10:23:16,6599,XAUUSD,buy,out,0.02,4546.24,6614,-0.07,0.00,-0.16,2 516.98,sl 4546.12
2026.05.19 10:46:57,6600,XAUUSD,sell,in,0.02,4550.70,6615,-0.07,0.00,0.00,2 516.91,
2026.05.19 10:50:23,6601,XAUUSD,buy,out,0.02,4548.68,6616,-0.07,0.00,4.04,2 520.88,sl 4548.68
2026.05.19 11:11:04,6602,XAUUSD,sell,in,0.02,4546.81,6617,-0.07,0.00,0.00,2 520.81,
2026.05.19 11:13:02,6603,XAUUSD,buy,out,0.02,4543.84,6618,-0.07,0.00,5.94,2 526.68,sl 4543.80
2026.05.19 11:35:06,6604,XAUUSD,sell,in,0.02,4544.53,6619,-0.07,0.00,0.00,2 526.61,
2026.05.19 11:35:46,6605,XAUUSD,buy,out,0.02,4544.18,6620,-0.07,0.00,0.70,2 527.24,sl 4544.11
2026.05.19 11:59:14,6606,XAUUSD,sell,in,0.02,4543.26,6621,-0.07,0.00,0.00,2 527.17,
2026.05.19 11:59:35,6607,XAUUSD,buy,out,0.02,4543.07,6622,-0.07,0.00,0.38,2 527.48,sl 4543.06
2026.05.19 12:23:22,6608,XAUUSD,sell,in,0.02,4543.30,6623,-0.07,0.00,0.00,2 527.41,
2026.05.19 12:29:19,6609,XAUUSD,buy,out,0.02,4542.82,6624,-0.07,0.00,0.96,2 528.30,sl 4542.75
2026.05.19 12:47:26,6610,XAUUSD,sell,in,0.02,4538.96,6625,-0.07,0.00,0.00,2 528.23,
2026.05.19 13:03:22,6611,XAUUSD,buy,out,0.02,4539.01,6626,-0.07,0.00,-0.10,2 528.06,sl 4538.95
2026.05.19 13:11:28,6612,XAUUSD,sell,in,0.02,4541.13,6628,-0.07,0.00,0.00,2 527.99,
2026.05.19 13:12:38,6613,XAUUSD,buy,out,0.02,4539.64,6629,-0.07,0.00,2.98,2 530.90,sl 4539.64
2026.05.19 13:35:36,6614,XAUUSD,sell,in,0.02,4541.10,6630,-0.07,0.00,0.00,2 530.83,
2026.05.19 13:38:33,6615,XAUUSD,buy,out,0.02,4538.77,6631,-0.07,0.00,4.66,2 535.42,sl 4538.77
2026.05.19 13:59:39,6616,XAUUSD,sell,in,0.02,4542.33,6632,-0.07,0.00,0.00,2 535.35,
2026.05.19 14:07:07,6617,XAUUSD,buy,out,0.02,4542.27,6633,-0.07,0.00,0.12,2 535.40,sl 4542.26
2026.05.19 14:23:57,6618,XAUUSD,sell,in,0.02,4540.65,6634,-0.07,0.00,0.00,2 535.33,
2026.05.19 14:26:27,6619,XAUUSD,buy,out,0.02,4540.47,6635,-0.07,0.00,0.36,2 535.62,sl 4540.46
2026.05.19 14:47:56,6620,XAUUSD,sell,in,0.02,4537.94,6636,-0.07,0.00,0.00,2 535.55,
2026.05.19 14:54:16,6621,XAUUSD,buy,out,0.02,4537.56,6637,-0.07,0.00,0.76,2 536.24,sl 4537.56
2026.05.19 15:11:56,6622,XAUUSD,sell,in,0.02,4544.16,6638,-0.07,0.00,0.00,2 536.17,
2026.05.19 15:13:07,6623,XAUUSD,buy,out,0.02,4544.05,6639,-0.07,0.00,0.22,2 536.32,sl 4544.05
2026.05.19 15:36:12,6624,XAUUSD,sell,in,0.02,4544.65,6640,-0.07,0.00,0.00,2 536.25,
2026.05.19 15:37:08,6625,XAUUSD,buy,out,0.02,4544.43,6641,-0.07,0.00,0.44,2 536.62,sl 4544.28
2026.05.19 16:00:17,6626,XAUUSD,sell,in,0.02,4536.36,6642,-0.07,0.00,0.00,2 536.55,
2026.05.19 16:00:41,6627,XAUUSD,buy,out,0.02,4535.26,6643,-0.07,0.00,2.20,2 538.68,sl 4535.25
2026.05.19 16:24:19,6628,XAUUSD,sell,in,0.02,4506.26,6644,-0.07,0.00,0.00,2 538.61,
2026.05.19 16:25:03,6629,XAUUSD,buy,out,0.02,4504.78,6645,-0.07,0.00,2.96,2 541.50,sl 4504.78
2026.05.19 16:48:33,6630,XAUUSD,sell,in,0.02,4474.76,6646,-0.07,0.00,0.00,2 541.43,
2026.05.19 18:26:37,6631,XAUUSD,buy,in,0.18,4496.71,6647,-0.63,0.00,0.00,2 540.80,
2026.05.19 18:26:53,6632,XAUUSD,sell,out,0.18,4496.77,6648,-0.63,0.00,1.08,2 541.25,sl 4496.79
2026.05.20 04:30:03,6633,XAUUSD,buy,out,0.02,4474.76,6649,-0.07,0.81,0.00,2 541.99,sl 4474.74
2026.05.21 04:11:37,6634,XAUUSD,buy,in,0.02,4558.46,6650,-0.07,0.00,0.00,2 541.92,
2026.05.21 04:11:57,6635,XAUUSD,sell,out,0.02,4559.52,6651,-0.07,0.00,2.12,2 543.97,sl 4559.55
2026.05.21 04:35:44,6636,XAUUSD,buy,in,0.02,4562.43,6652,-0.07,0.00,0.00,2 543.90,
2026.05.21 04:36:00,6637,XAUUSD,sell,out,0.02,4562.58,6653,-0.07,0.00,0.30,2 544.13,sl 4562.58
2026.05.21 04:59:44,6638,XAUUSD,buy,in,0.02,4561.52,6654,-0.07,0.00,0.00,2 544.06,
2026.05.21 05:01:00,6639,XAUUSD,sell,out,0.02,4564.27,6655,-0.07,0.00,5.50,2 549.49,sl 4564.30
2026.05.21 16:00:16,6640,XAUUSD,sell,in,0.02,4502.84,6656,-0.07,0.00,0.00,2 549.42,
2026.05.21 16:09:40,6641,XAUUSD,buy,out,0.02,4502.82,6657,-0.07,0.00,0.04,2 549.39,sl 4502.82
2026.05.21 16:24:24,6642,XAUUSD,sell,in,0.02,4498.52,6658,-0.07,0.00,0.00,2 549.32,
2026.05.21 16:24:38,6643,XAUUSD,buy,out,0.02,4497.48,6659,-0.07,0.00,2.08,2 551.33,sl 4497.46
2026.05.21 16:48:24,6644,XAUUSD,sell,in,0.02,4500.65,6660,-0.07,0.00,0.00,2 551.26,
2026.05.21 16:48:38,6645,XAUUSD,buy,out,0.02,4500.62,6661,-0.07,0.00,0.06,2 551.25,sl 4500.60
2026.05.21 17:16:36,6646,XAUUSD,sell,in,0.02,4499.25,6662,-0.07,0.00,0.00,2 551.18,
2026.05.21 17:21:12,6647,XAUUSD,buy,out,0.02,4499.20,6663,-0.07,0.00,0.10,2 551.21,sl 4499.20
2026.05.21 18:06:53,6648,XAUUSD,sell,in,0.02,4500.02,6664,-0.07,0.00,0.00,2 551.14,
2026.05.21 18:07:44,6649,XAUUSD,buy,out,0.02,4498.72,6665,-0.07,0.00,2.60,2 553.67,sl 4498.70
2026.05.21 20:51:25,6650,XAUUSD,buy,in,0.02,4555.16,6666,-0.07,0.00,0.00,2 553.60,
2026.05.21 20:51:35,6651,XAUUSD,sell,out,0.02,4555.42,6667,-0.07,0.00,0.52,2 554.05,sl 4555.42
2026.05.22 17:13:48,6652,XAUUSD,sell,in,0.02,4501.95,6668,-0.07,0.00,0.00,2 553.98,
2026.05.22 17:15:20,6653,XAUUSD,buy,out,0.02,4498.58,6669,-0.07,0.00,6.74,2 560.65,sl 4498.54
2026.05.22 17:38:34,6654,XAUUSD,sell,in,0.02,4499.37,6670,-0.07,0.00,0.00,2 560.58,
2026.05.22 17:38:41,6655,XAUUSD,buy,out,0.02,4499.09,6671,-0.07,0.00,0.56,2 561.07,sl 4499.09
2026.05.25 01:04:50,6656,XAUUSD,buy,in,0.02,4550.91,6672,-0.07,0.00,0.00,2 561.00,
2026.05.25 01:05:11,6657,XAUUSD,sell,out,0.02,4551.33,6673,-0.07,0.00,0.84,2 561.77,sl 4551.35
2026.05.25 01:28:52,6658,XAUUSD,buy,in,0.02,4552.36,6674,-0.07,0.00,0.00,2 561.70,
2026.05.25 01:31:25,6659,XAUUSD,sell,out,0.02,4558.98,6675,-0.07,0.00,13.24,2 574.87,sl 4559.22
2026.05.25 01:53:02,6660,XAUUSD,buy,in,0.02,4562.62,6676,-0.07,0.00,0.00,2 574.80,
2026.05.25 02:00:27,6661,XAUUSD,sell,out,0.02,4567.05,6677,-0.07,0.00,8.86,2 583.59,sl 4567.05
2026.05.25 02:17:09,6662,XAUUSD,buy,in,0.02,4575.88,6678,-0.07,0.00,0.00,2 583.52,
2026.05.25 02:21:52,6663,XAUUSD,sell,out,0.02,4576.45,6679,-0.07,0.00,1.14,2 584.59,sl 4576.45
2026.05.25 02:41:11,6664,XAUUSD,buy,in,0.02,4578.86,6680,-0.07,0.00,0.00,2 584.52,
2026.05.25 02:41:48,6665,XAUUSD,sell,out,0.02,4578.85,6681,-0.07,0.00,-0.02,2 584.43,sl 4578.88
2026.05.25 03:05:11,6666,XAUUSD,buy,in,0.02,4569.03,6682,-0.07,0.00,0.00,2 584.36,
2026.05.25 03:06:09,6667,XAUUSD,sell,out,0.02,4571.55,6683,-0.07,0.00,5.04,2 589.33,sl 4571.62
2026.05.25 03:29:12,6668,XAUUSD,buy,in,0.02,4570.82,6684,-0.07,0.00,0.00,2 589.26,
2026.05.25 03:30:14,6669,XAUUSD,sell,out,0.02,4573.59,6685,-0.07,0.00,5.54,2 594.73,sl 4573.64
2026.05.25 03:53:26,6670,XAUUSD,buy,in,0.02,4572.09,6686,-0.07,0.00,0.00,2 594.66,
2026.05.25 03:54:52,6671,XAUUSD,sell,out,0.02,4573.82,6687,-0.07,0.00,3.46,2 598.05,sl 4573.87
2026.05.25 04:17:31,6672,XAUUSD,buy,in,0.02,4564.68,6688,-0.07,0.00,0.00,2 597.98,
2026.05.25 04:19:41,6673,XAUUSD,sell,out,0.02,4565.07,6689,-0.07,0.00,0.78,2 598.69,sl 4565.39
2026.05.25 04:41:35,6674,XAUUSD,buy,in,0.02,4570.61,6690,-0.07,0.00,0.00,2 598.62,
2026.05.25 06:19:36,6675,XAUUSD,sell,in,0.18,4562.33,6691,-0.63,0.00,0.00,2 597.99,
2026.05.25 06:19:42,6676,XAUUSD,buy,out,0.18,4562.23,6692,-0.63,0.00,1.80,2 599.16,sl 4562.21
2026.05.25 13:10:57,6677,XAUUSD,sell,out,0.02,4571.39,6693,-0.07,0.00,1.56,2 600.65,sl 4571.46
2026.05.26 12:42:15,6678,XAUUSD,sell,in,0.02,4515.06,6694,-0.07,0.00,0.00,2 600.58,
2026.05.26 12:42:24,6679,XAUUSD,buy,out,0.02,4513.48,6695,-0.07,0.00,3.16,2 603.67,sl 4513.34
2026.05.26 14:35:48,6680,XAUUSD,sell,in,0.02,4508.12,6696,-0.07,0.00,0.00,2 603.60,
2026.05.26 14:43:08,6681,XAUUSD,buy,out,0.02,4506.47,6697,-0.07,0.00,3.30,2 606.83,sl 4506.46
2026.05.26 14:59:48,6682,XAUUSD,sell,in,0.02,4506.54,6698,-0.07,0.00,0.00,2 606.76,
2026.05.26 15:00:51,6683,XAUUSD,buy,out,0.02,4506.52,6699,-0.07,0.00,0.04,2 606.73,sl 4506.51
2026.05.26 15:23:55,6684,XAUUSD,sell,in,0.02,4509.52,6700,-0.07,0.00,0.00,2 606.66,
2026.05.26 15:27:02,6685,XAUUSD,buy,out,0.02,4509.16,6701,-0.07,0.00,0.72,2 607.31,sl 4509.15
2026.05.26 16:59:29,6686,XAUUSD,sell,in,0.02,4513.33,6702,-0.07,0.00,0.00,2 607.24,
2026.05.26 16:59:39,6687,XAUUSD,buy,out,0.02,4513.32,6703,-0.07,0.00,0.02,2 607.19,sl 4513.32
2026.05.26 18:02:22,6688,XAUUSD,sell,in,0.02,4511.11,6704,-0.07,0.00,0.00,2 607.12,
2026.05.26 18:02:46,6689,XAUUSD,buy,out,0.02,4510.86,6705,-0.07,0.00,0.50,2 607.55,sl 4510.86
2026.05.26 18:26:27,6690,XAUUSD,sell,in,0.02,4507.31,6706,-0.07,0.00,0.00,2 607.48,
2026.05.26 18:27:45,6691,XAUUSD,buy,out,0.02,4505.72,6707,-0.07,0.00,3.18,2 610.59,sl 4505.70
2026.05.26 18:50:28,6692,XAUUSD,sell,in,0.02,4506.69,6708,-0.07,0.00,0.00,2 610.52,
2026.05.26 19:03:30,6693,XAUUSD,buy,out,0.02,4506.25,6709,-0.07,0.00,0.88,2 611.33,sl 4506.25
2026.05.26 19:14:37,6694,XAUUSD,sell,in,0.02,4501.89,6710,-0.07,0.00,0.00,2 611.26,
2026.05.26 19:15:06,6695,XAUUSD,buy,out,0.02,4501.80,6711,-0.07,0.00,0.18,2 611.37,sl 4501.80
2026.05.26 19:38:48,6696,XAUUSD,sell,in,0.02,4509.82,6712,-0.07,0.00,0.00,2 611.30,
2026.05.26 19:40:13,6697,XAUUSD,buy,out,0.02,4508.94,6713,-0.07,0.00,1.76,2 612.99,sl 4508.94
2026.05.26 20:02:51,6698,XAUUSD,sell,in,0.02,4506.77,6714,-0.07,0.00,0.00,2 612.92,
2026.05.26 20:06:01,6699,XAUUSD,buy,out,0.02,4505.24,6715,-0.07,0.00,3.06,2 615.91,sl 4505.24
2026.05.26 20:26:56,6700,XAUUSD,sell,in,0.02,4506.64,6716,-0.07,0.00,0.00,2 615.84,
2026.05.26 20:29:12,6701,XAUUSD,buy,out,0.02,4502.55,6717,-0.07,0.00,8.18,2 623.95,sl 4502.54
2026.05.26 20:51:00,6702,XAUUSD,sell,in,0.02,4500.12,6718,-0.07,0.00,0.00,2 623.88,
2026.05.26 20:54:33,6703,XAUUSD,buy,out,0.02,4497.88,6719,-0.07,0.00,4.48,2 628.29,sl 4497.65
2026.05.26 21:15:17,6704,XAUUSD,sell,in,0.02,4488.18,6720,-0.07,0.00,0.00,2 628.22,
2026.05.26 21:16:49,6705,XAUUSD,buy,out,0.02,4487.35,6721,-0.07,0.00,1.66,2 629.81,sl 4487.22
2026.05.26 21:39:20,6706,XAUUSD,sell,in,0.02,4496.17,6722,-0.07,0.00,0.00,2 629.74,
2026.05.26 21:42:36,6707,XAUUSD,buy,out,0.02,4496.17,6723,-0.07,0.00,0.00,2 629.67,sl 4496.12
2026.05.26 22:03:25,6708,XAUUSD,sell,in,0.02,4500.76,6724,-0.07,0.00,0.00,2 629.60,
2026.05.26 22:05:01,6709,XAUUSD,buy,out,0.02,4500.14,6725,-0.07,0.00,1.24,2 630.77,sl 4500.14
2026.05.26 22:27:32,6710,XAUUSD,sell,in,0.02,4503.45,6726,-0.07,0.00,0.00,2 630.70,
2026.05.26 22:29:25,6711,XAUUSD,buy,out,0.02,4502.45,6727,-0.07,0.00,2.00,2 632.63,sl 4502.44
2026.05.26 22:52:05,6712,XAUUSD,sell,in,0.02,4505.99,6728,-0.07,0.00,0.00,2 632.56,
2026.05.26 23:51:47,6713,XAUUSD,buy,out,0.02,4505.14,6729,-0.07,0.00,1.70,2 634.19,sl 4505.14
2026.05.26 23:51:52,6714,XAUUSD,sell,in,0.02,4504.80,6730,-0.07,0.00,0.00,2 634.12,
2026.05.27 01:03:13,6715,XAUUSD,buy,out,0.02,4504.71,6731,-0.07,0.81,0.18,2 635.04,sl 4503.43
2026.05.27 01:03:19,6716,XAUUSD,sell,in,0.02,4504.24,6732,-0.07,0.00,0.00,2 634.97,
2026.05.27 01:09:47,6717,XAUUSD,buy,out,0.02,4503.47,6733,-0.07,0.00,1.54,2 636.44,sl 4503.47
2026.05.27 01:27:25,6718,XAUUSD,sell,in,0.02,4504.82,6734,-0.07,0.00,0.00,2 636.37,
2026.05.27 01:28:33,6719,XAUUSD,buy,out,0.02,4504.82,6735,-0.07,0.00,0.00,2 636.30,sl 4504.75
2026.05.27 01:51:28,6720,XAUUSD,sell,in,0.02,4504.14,6736,-0.07,0.00,0.00,2 636.23,
2026.05.27 03:29:30,6721,XAUUSD,buy,in,0.18,4517.36,6737,-0.63,0.00,0.00,2 635.60,
2026.05.27 03:30:27,6722,XAUUSD,sell,out,0.18,4517.96,6738,-0.63,0.00,10.80,2 645.77,sl 4518.10
2026.05.27 05:07:38,6723,XAUUSD,buy,out,0.02,4502.77,6739,-0.07,0.00,2.74,2 648.44,sl 4502.75
2026.05.28 19:16:44,6724,XAUUSD,buy,in,0.02,4490.31,6740,-0.07,0.00,0.00,2 648.37,
2026.05.28 19:16:54,6725,XAUUSD,sell,out,0.02,4490.27,6741,-0.07,0.00,-0.08,2 648.22,sl 4490.33
2026.05.28 19:40:50,6726,XAUUSD,buy,in,0.02,4500.12,6742,-0.07,0.00,0.00,2 648.15,
2026.05.28 19:42:32,6727,XAUUSD,sell,out,0.02,4505.07,6743,-0.07,0.00,9.90,2 657.98,sl 4505.07
2026.05.28 20:04:57,6728,XAUUSD,buy,in,0.02,4510.33,6744,-0.07,0.00,0.00,2 657.91,
2026.05.28 21:00:40,6729,XAUUSD,sell,out,0.02,4510.36,6745,-0.07,0.00,0.06,2 657.90,sl 4510.36
2026.05.28 21:00:51,6730,XAUUSD,buy,in,0.02,4511.17,6746,-0.07,0.00,0.00,2 657.83,
2026.05.28 21:03:17,6731,XAUUSD,sell,out,0.02,4515.70,6747,-0.07,0.00,9.06,2 666.82,sl 4515.70
2026.05.28 21:24:51,6732,XAUUSD,buy,in,0.02,4507.96,6748,-0.07,0.00,0.00,2 666.75,
2026.05.28 23:02:54,6733,XAUUSD,sell,in,0.18,4495.92,6749,-0.63,0.00,0.00,2 666.12,
2026.05.28 23:07:00,6734,XAUUSD,buy,out,0.18,4495.82,6750,-0.63,0.00,1.80,2 667.29,sl 4495.70
2026.05.29 04:09:48,6735,XAUUSD,sell,out,0.02,4508.54,6751,-0.07,-1.14,1.16,2 667.24,sl 4508.54
2026.06.01 16:12:33,6736,XAUUSD,sell,in,0.02,4479.01,6752,-0.07,0.00,0.00,2 667.17,
2026.06.01 16:12:54,6737,XAUUSD,buy,out,0.02,4473.47,6753,-0.07,0.00,11.08,2 678.18,sl 4473.47
2026.06.01 16:36:34,6738,XAUUSD,sell,in,0.02,4469.43,6754,-0.07,0.00,0.00,2 678.11,
2026.06.01 16:36:59,6739,XAUUSD,buy,out,0.02,4467.65,6755,-0.07,0.00,3.56,2 681.60,sl 4467.65
2026.06.01 17:00:36,6740,XAUUSD,sell,in,0.02,4448.98,6756,-0.07,0.00,0.00,2 681.53,
2026.06.01 17:00:55,6741,XAUUSD,buy,out,0.02,4448.82,6757,-0.07,0.00,0.32,2 681.78,sl 4448.81
2026.06.01 17:24:39,6742,XAUUSD,sell,in,0.02,4457.58,6758,-0.07,0.00,0.00,2 681.71,
2026.06.01 17:26:02,6743,XAUUSD,buy,out,0.02,4454.58,6759,-0.07,0.00,6.00,2 687.64,sl 4454.43
2026.06.01 17:48:48,6744,XAUUSD,sell,in,0.02,4455.98,6760,-0.07,0.00,0.00,2 687.57,
2026.06.01 17:49:35,6745,XAUUSD,buy,out,0.02,4455.99,6761,-0.07,0.00,-0.02,2 687.48,sl 4455.91
2026.06.01 18:12:52,6746,XAUUSD,sell,in,0.02,4463.18,6762,-0.07,0.00,0.00,2 687.41,
2026.06.01 19:50:56,6747,XAUUSD,buy,in,0.18,4472.89,6763,-0.63,0.00,0.00,2 686.78,
2026.06.01 19:52:47,6748,XAUUSD,sell,out,0.18,4475.61,6764,-0.63,0.00,48.96,2 735.11,sl 4475.61
2026.06.02 06:29:18,6749,XAUUSD,buy,out,0.02,4497.11,6765,-0.07,0.81,-67.86,2 667.99,
2026.06.02 08:30:22,6750,XAUUSD,buy,in,0.02,4526.07,6766,-0.07,0.00,0.00,2 667.92,
2026.06.02 08:35:42,6751,XAUUSD,sell,out,0.02,4526.78,6767,-0.07,0.00,1.42,2 669.27,sl 4526.81
2026.06.02 09:21:23,6752,XAUUSD,buy,in,0.02,4527.41,6768,-0.07,0.00,0.00,2 669.20,
2026.06.02 09:21:42,6753,XAUUSD,sell,out,0.02,4527.95,6769,-0.07,0.00,1.08,2 670.21,sl 4527.95
2026.06.02 09:45:27,6754,XAUUSD,buy,in,0.02,4533.82,6770,-0.07,0.00,0.00,2 670.14,
2026.06.02 09:46:07,6755,XAUUSD,sell,out,0.02,4534.79,6771,-0.07,0.00,1.94,2 672.01,sl 4534.96
2026.06.02 10:09:30,6756,XAUUSD,buy,in,0.02,4537.61,6772,-0.07,0.00,0.00,2 671.94,
2026.06.02 10:10:50,6757,XAUUSD,sell,out,0.02,4538.49,6773,-0.07,0.00,1.76,2 673.63,sl 4538.50
2026.06.02 10:33:33,6758,XAUUSD,buy,in,0.02,4534.06,6774,-0.07,0.00,0.00,2 673.56,
2026.06.02 10:58:28,6759,XAUUSD,sell,out,0.02,4534.06,6775,-0.07,0.00,0.00,2 673.49,sl 4534.09
2026.06.02 10:58:38,6760,XAUUSD,buy,in,0.02,4534.82,6776,-0.07,0.00,0.00,2 673.42,
2026.06.02 11:00:00,6761,XAUUSD,sell,out,0.02,4534.90,6777,-0.07,0.00,0.16,2 673.51,sl 4534.95
2026.06.02 11:22:43,6762,XAUUSD,buy,in,0.02,4533.94,6778,-0.07,0.00,0.00,2 673.44,
2026.06.02 11:23:48,6763,XAUUSD,sell,out,0.02,4534.15,6779,-0.07,0.00,0.42,2 673.79,sl 4534.20
2026.06.02 11:46:49,6764,XAUUSD,buy,in,0.02,4529.49,6780,-0.07,0.00,0.00,2 673.72,
2026.06.02 11:47:07,6765,XAUUSD,sell,out,0.02,4529.35,6781,-0.07,0.00,-0.28,2 673.37,sl 4529.55
2026.06.02 12:10:49,6766,XAUUSD,buy,in,0.02,4530.28,6782,-0.07,0.00,0.00,2 673.30,
2026.06.02 12:12:53,6767,XAUUSD,sell,out,0.02,4533.12,6783,-0.07,0.00,5.68,2 678.91,sl 4533.12
2026.06.02 12:51:26,6768,XAUUSD,buy,in,0.02,4529.15,6784,-0.07,0.00,0.00,2 678.84,
2026.06.02 12:52:40,6769,XAUUSD,sell,out,0.02,4530.74,6785,-0.07,0.00,3.18,2 681.95,sl 4530.74
2026.06.02 13:45:35,6770,XAUUSD,buy,in,0.02,4530.24,6786,-0.07,0.00,0.00,2 681.88,
2026.06.02 13:47:53,6771,XAUUSD,sell,out,0.02,4531.41,6787,-0.07,0.00,2.34,2 684.15,sl 4531.42
2026.06.02 14:12:23,6772,XAUUSD,buy,in,0.02,4530.41,6788,-0.07,0.00,0.00,2 684.08,
2026.06.02 15:21:46,6773,XAUUSD,sell,out,0.02,4530.87,6789,-0.07,0.00,0.92,2 684.93,sl 4530.87
2026.06.02 15:21:56,6774,XAUUSD,buy,in,0.02,4531.29,6791,-0.07,0.00,0.00,2 684.86,
2026.06.02 15:23:00,6775,XAUUSD,sell,out,0.02,4531.61,6792,-0.07,0.00,0.64,2 685.43,sl 4531.64
2026.06.03 02:17:27,6776,XAUUSD,sell,in,0.02,4473.41,6793,-0.07,0.00,0.00,2 685.36,
2026.06.03 02:18:00,6777,XAUUSD,buy,out,0.02,4473.40,6794,-0.07,0.00,0.02,2 685.31,sl 4473.36
2026.06.03 02:41:28,6778,XAUUSD,sell,in,0.02,4467.57,6795,-0.07,0.00,0.00,2 685.24,
2026.06.03 04:19:33,6779,XAUUSD,buy,in,0.18,4469.97,6796,-0.63,0.00,0.00,2 684.61,
2026.06.03 04:21:21,6780,XAUUSD,sell,out,0.18,4470.62,6797,-0.63,0.00,11.70,2 695.68,sl 4470.63
2026.06.03 04:25:09,6781,XAUUSD,buy,out,0.02,4466.07,6798,-0.07,0.00,3.00,2 698.61,sl 4466.04
2026.06.04 14:48:11,6782,XAUUSD,buy,in,0.02,4501.46,6799,-0.07,0.00,0.00,2 698.54,
2026.06.04 14:48:49,6783,XAUUSD,sell,out,0.02,4502.22,6800,-0.07,0.00,1.52,2 699.99,sl 4502.22
2026.06.04 15:45:22,6784,XAUUSD,buy,in,0.02,4502.71,6801,-0.07,0.00,0.00,2 699.92,
2026.06.04 15:50:23,6785,XAUUSD,sell,out,0.02,4505.38,6802,-0.07,0.00,5.34,2 705.19,sl 4505.39
2026.06.04 16:09:29,6786,XAUUSD,buy,in,0.02,4504.03,6803,-0.07,0.00,0.00,2 705.12,
2026.06.04 16:10:24,6787,XAUUSD,sell,out,0.02,4504.86,6804,-0.07,0.00,1.66,2 706.71,sl 4504.97
2026.06.04 16:33:31,6788,XAUUSD,buy,in,0.02,4506.06,6805,-0.07,0.00,0.00,2 706.64,
2026.06.04 16:34:32,6789,XAUUSD,sell,out,0.02,4506.52,6806,-0.07,0.00,0.92,2 707.49,sl 4506.59
2026.06.05 04:42:12,6790,XAUUSD,sell,in,0.02,4448.32,6807,-0.07,0.00,0.00,2 707.42,
2026.06.05 04:42:57,6791,XAUUSD,buy,out,0.02,4447.68,6808,-0.07,0.00,1.28,2 708.63,sl 4447.65
2026.06.05 05:06:46,6792,XAUUSD,sell,in,0.02,4446.56,6809,-0.07,0.00,0.00,2 708.56,
2026.06.05 05:07:46,6793,XAUUSD,buy,out,0.02,4445.47,6810,-0.07,0.00,2.18,2 710.67,sl 4445.46
2026.06.05 05:31:04,6794,XAUUSD,sell,in,0.02,4445.05,6811,-0.07,0.00,0.00,2 710.60,
2026.06.05 05:31:05,6795,XAUUSD,buy,out,0.02,4445.09,6812,-0.07,0.00,-0.08,2 710.45,sl 4445.02
2026.06.05 05:55:05,6796,XAUUSD,sell,in,0.02,4443.79,6813,-0.07,0.00,0.00,2 710.38,
2026.06.05 05:56:06,6797,XAUUSD,buy,out,0.02,4441.51,6814,-0.07,0.00,4.56,2 714.87,sl 4441.41
2026.06.05 06:19:06,6798,XAUUSD,sell,in,0.02,4438.68,6815,-0.07,0.00,0.00,2 714.80,
2026.06.05 06:20:52,6799,XAUUSD,buy,out,0.02,4438.59,6816,-0.07,0.00,0.18,2 714.91,sl 4438.55
2026.06.05 06:43:07,6800,XAUUSD,sell,in,0.02,4442.26,6817,-0.07,0.00,0.00,2 714.84,
2026.06.05 06:43:36,6801,XAUUSD,buy,out,0.02,4442.40,6818,-0.07,0.00,-0.28,2 714.49,sl 4442.25
2026.06.05 07:07:07,6802,XAUUSD,sell,in,0.02,4443.35,6819,-0.07,0.00,0.00,2 714.42,
2026.06.05 07:07:36,6803,XAUUSD,buy,out,0.02,4443.25,6820,-0.07,0.00,0.20,2 714.55,sl 4443.16
2026.06.05 07:31:10,6804,XAUUSD,sell,in,0.02,4438.05,6821,-0.07,0.00,0.00,2 714.48,
2026.06.05 09:02:46,6805,XAUUSD,buy,out,0.02,4437.77,6822,-0.07,0.00,0.56,2 714.97,sl 4437.75
2026.06.05 09:02:58,6806,XAUUSD,sell,in,0.02,4437.34,6823,-0.07,0.00,0.00,2 714.90,
2026.06.05 09:03:35,6807,XAUUSD,buy,out,0.02,4437.43,6824,-0.07,0.00,-0.18,2 714.65,sl 4437.23
2026.06.05 09:27:00,6808,XAUUSD,sell,in,0.02,4443.07,6825,-0.07,0.00,0.00,2 714.58,
2026.06.05 09:29:31,6809,XAUUSD,buy,out,0.02,4441.29,6826,-0.07,0.00,3.56,2 718.07,sl 4441.27
2026.06.05 15:36:39,6810,XAUUSD,sell,in,0.02,4441.11,6827,-0.07,0.00,0.00,2 718.00,
2026.06.05 15:36:53,6811,XAUUSD,buy,out,0.02,4441.25,6828,-0.07,0.00,-0.28,2 717.65,sl 4441.08
2026.06.05 16:00:56,6812,XAUUSD,sell,in,0.02,4405.16,6829,-0.07,0.00,0.00,2 717.58,
2026.06.05 16:29:41,6813,XAUUSD,buy,out,0.02,4405.27,6830,-0.07,0.00,-0.22,2 717.29,sl 4405.13
2026.06.05 16:29:47,6814,XAUUSD,sell,in,0.02,4405.76,6831,-0.07,0.00,0.00,2 717.22,
2026.06.05 16:30:02,6815,XAUUSD,buy,out,0.02,4405.35,6832,-0.07,0.00,0.82,2 717.97,sl 4405.31
2026.06.05 16:53:50,6816,XAUUSD,sell,in,0.02,4383.13,6833,-0.07,0.00,0.00,2 717.90,
2026.06.05 16:54:10,6817,XAUUSD,buy,out,0.02,4383.35,6834,-0.07,0.00,-0.44,2 717.39,sl 4383.04
2026.06.05 17:17:57,6818,XAUUSD,sell,in,0.02,4367.76,6835,-0.07,0.00,0.00,2 717.32,
2026.06.05 17:18:10,6819,XAUUSD,buy,out,0.02,4366.36,6836,-0.07,0.00,2.80,2 720.05,sl 4366.35
2026.06.05 17:42:00,6820,XAUUSD,sell,in,0.02,4350.02,6837,-0.07,0.00,0.00,2 719.98,
2026.06.05 17:42:20,6821,XAUUSD,buy,out,0.02,4348.41,6838,-0.07,0.00,3.22,2 723.13,sl 4348.38
2026.06.05 18:06:01,6822,XAUUSD,sell,in,0.02,4367.48,6839,-0.07,0.00,0.00,2 723.06,
2026.06.05 18:06:47,6823,XAUUSD,buy,out,0.02,4367.01,6840,-0.07,0.00,0.94,2 723.93,sl 4366.90
2026.06.05 18:30:06,6824,XAUUSD,sell,in,0.02,4353.72,6841,-0.07,0.00,0.00,2 723.86,
2026.06.05 18:30:29,6825,XAUUSD,buy,out,0.02,4353.71,6842,-0.07,0.00,0.02,2 723.81,sl 4353.70
2026.06.05 18:54:11,6826,XAUUSD,sell,in,0.02,4340.45,6843,-0.07,0.00,0.00,2 723.74,
2026.06.05 18:55:47,6827,XAUUSD,buy,out,0.02,4338.39,6844,-0.07,0.00,4.12,2 727.79,sl 4338.39
2026.06.05 19:18:13,6828,XAUUSD,sell,in,0.02,4326.82,6845,-0.07,0.00,0.00,2 727.72,
2026.06.05 19:19:22,6829,XAUUSD,buy,out,0.02,4326.39,6846,-0.07,0.00,0.86,2 728.51,sl 4326.39
2026.06.05 19:42:16,6830,XAUUSD,sell,in,0.02,4327.57,6847,-0.07,0.00,0.00,2 728.44,
2026.06.05 19:44:16,6831,XAUUSD,buy,out,0.02,4327.62,6848,-0.07,0.00,-0.10,2 728.27,sl 4327.48
2026.06.05 20:06:21,6832,XAUUSD,sell,in,0.02,4341.54,6849,-0.07,0.00,0.00,2 728.20,
2026.06.05 20:06:54,6833,XAUUSD,buy,out,0.02,4341.00,6850,-0.07,0.00,1.08,2 729.21,sl 4340.95
2026.06.05 20:30:26,6834,XAUUSD,sell,in,0.02,4343.01,6851,-0.07,0.00,0.00,2 729.14,
2026.06.05 20:30:48,6835,XAUUSD,buy,out,0.02,4342.64,6852,-0.07,0.00,0.74,2 729.81,sl 4342.64
2026.06.05 20:54:32,6836,XAUUSD,sell,in,0.02,4342.68,6854,-0.07,0.00,0.00,2 729.74,
2026.06.05 20:56:17,6837,XAUUSD,buy,out,0.02,4342.60,6855,-0.07,0.00,0.16,2 729.83,sl 4342.60
2026.06.05 21:18:40,6838,XAUUSD,sell,in,0.02,4324.94,6856,-0.07,0.00,0.00,2 729.76,
2026.06.05 21:18:57,6839,XAUUSD,buy,out,0.02,4324.45,6857,-0.07,0.00,0.98,2 730.67,sl 4324.42
2026.06.05 21:42:43,6840,XAUUSD,sell,in,0.02,4317.75,6858,-0.07,0.00,0.00,2 730.60,
2026.06.05 21:43:55,6841,XAUUSD,buy,out,0.02,4316.36,6859,-0.07,0.00,2.78,2 733.31,
2026.06.05 22:06:46,6842,XAUUSD,sell,in,0.02,4320.23,6860,-0.07,0.00,0.00,2 733.24,
2026.06.05 22:07:45,6843,XAUUSD,buy,out,0.02,4320.23,6861,-0.07,0.00,0.00,2 733.17,sl 4320.22
2026.06.05 22:30:52,6844,XAUUSD,sell,in,0.02,4321.87,6862,-0.07,0.00,0.00,2 733.10,
2026.06.05 22:31:24,6845,XAUUSD,buy,out,0.02,4321.78,6863,-0.07,0.00,0.18,2 733.21,sl 4321.76
2026.06.05 22:54:55,6846,XAUUSD,sell,in,0.02,4318.11,6864,-0.07,0.00,0.00,2 733.14,
2026.06.05 22:58:07,6847,XAUUSD,buy,out,0.02,4318.07,6865,-0.07,0.00,0.08,2 733.15,sl 4318.07
2026.06.05 23:18:59,6848,XAUUSD,sell,in,0.02,4315.46,6866,-0.07,0.00,0.00,2 733.08,
2026.06.05 23:19:27,6849,XAUUSD,buy,out,0.02,4315.30,6867,-0.07,0.00,0.32,2 733.33,sl 4315.26
2026.06.05 23:43:06,6850,XAUUSD,sell,in,0.02,4322.25,6868,-0.07,0.00,0.00,2 733.26,
2026.06.08 01:02:24,6851,XAUUSD,buy,out,0.02,4322.52,6869,-0.07,0.81,-0.54,2 733.46,sl 4322.16
2026.06.09 16:54:36,6852,XAUUSD,sell,in,0.02,4333.89,6870,-0.07,0.00,0.00,2 733.39,
2026.06.09 16:55:09,6853,XAUUSD,buy,out,0.02,4333.86,6871,-0.07,0.00,0.06,2 733.38,sl 4333.84
2026.06.09 17:18:41,6854,XAUUSD,sell,in,0.02,4310.19,6872,-0.07,0.00,0.00,2 733.31,
2026.06.09 17:19:06,6855,XAUUSD,buy,out,0.02,4307.39,6873,-0.07,0.00,5.60,2 738.84,sl 4307.38
2026.06.09 17:42:43,6856,XAUUSD,sell,in,0.02,4300.57,6874,-0.07,0.00,0.00,2 738.77,
2026.06.09 17:43:27,6857,XAUUSD,buy,out,0.02,4299.15,6875,-0.07,0.00,2.84,2 741.54,sl 4299.08
2026.06.09 18:06:58,6858,XAUUSD,sell,in,0.02,4294.20,6876,-0.07,0.00,0.00,2 741.47,
2026.06.09 18:07:43,6859,XAUUSD,buy,out,0.02,4290.69,6877,-0.07,0.00,7.02,2 748.42,sl 4290.68
2026.06.09 18:30:58,6860,XAUUSD,sell,in,0.02,4278.19,6878,-0.07,0.00,0.00,2 748.35,
2026.06.09 18:32:11,6861,XAUUSD,buy,out,0.02,4270.20,6879,-0.07,0.00,15.98,2 764.26,sl 4269.65
2026.06.09 18:54:59,6862,XAUUSD,sell,in,0.02,4279.71,6880,-0.07,0.00,0.00,2 764.19,
2026.06.09 18:56:47,6863,XAUUSD,buy,out,0.02,4279.71,6881,-0.07,0.00,0.00,2 764.12,sl 4279.70
2026.06.09 19:19:04,6864,XAUUSD,sell,in,0.02,4259.60,6882,-0.07,0.00,0.00,2 764.05,
2026.06.09 19:19:33,6865,XAUUSD,buy,out,0.02,4255.81,6883,-0.07,0.00,7.58,2 771.56,sl 4255.76
2026.06.09 19:43:07,6866,XAUUSD,sell,in,0.02,4241.96,6884,-0.07,0.00,0.00,2 771.49,
2026.06.09 19:54:55,6867,XAUUSD,buy,out,0.02,4239.86,6885,-0.07,0.00,4.20,2 775.62,sl 4239.77
2026.06.09 20:07:18,6868,XAUUSD,sell,in,0.02,4260.73,6886,-0.07,0.00,0.00,2 775.55,
2026.06.09 20:07:34,6869,XAUUSD,buy,out,0.02,4260.54,6887,-0.07,0.00,0.38,2 775.86,sl 4260.54
2026.06.09 20:31:26,6870,XAUUSD,sell,in,0.02,4261.76,6888,-0.07,0.00,0.00,2 775.79,
2026.06.09 20:31:35,6871,XAUUSD,buy,out,0.02,4261.75,6889,-0.07,0.00,0.02,2 775.74,sl 4261.75
2026.06.09 20:55:27,6872,XAUUSD,sell,in,0.02,4260.87,6890,-0.07,0.00,0.00,2 775.67,
2026.06.09 21:03:46,6873,XAUUSD,buy,out,0.02,4260.28,6891,-0.07,0.00,1.18,2 776.78,sl 4260.25
2026.06.09 21:19:30,6874,XAUUSD,sell,in,0.02,4267.96,6892,-0.07,0.00,0.00,2 776.71,
2026.06.09 21:43:56,6875,XAUUSD,buy,out,0.02,4265.31,6893,-0.07,0.00,5.30,2 781.94,sl 4265.30
2026.06.09 21:44:07,6876,XAUUSD,sell,in,0.02,4265.09,6894,-0.07,0.00,0.00,2 781.87,
2026.06.09 21:44:59,6877,XAUUSD,buy,out,0.02,4264.49,6895,-0.07,0.00,1.20,2 783.00,sl 4264.47
2026.06.09 22:08:14,6878,XAUUSD,sell,in,0.02,4267.63,6896,-0.07,0.00,0.00,2 782.93,
2026.06.09 22:11:00,6879,XAUUSD,buy,out,0.02,4264.58,6897,-0.07,0.00,6.10,2 788.96,sl 4264.54
2026.06.09 22:32:18,6880,XAUUSD,sell,in,0.02,4259.15,6898,-0.07,0.00,0.00,2 788.89,
2026.06.09 22:33:16,6881,XAUUSD,buy,out,0.02,4259.07,6899,-0.07,0.00,0.16,2 788.98,sl 4259.06
2026.06.09 22:56:21,6882,XAUUSD,sell,in,0.02,4257.32,6900,-0.07,0.00,0.00,2 788.91,
2026.06.09 22:57:39,6883,XAUUSD,buy,out,0.02,4257.37,6901,-0.07,0.00,-0.10,2 788.74,sl 4257.30
2026.06.09 23:20:23,6884,XAUUSD,sell,in,0.02,4258.76,6902,-0.07,0.00,0.00,2 788.67,
2026.06.09 23:24:16,6885,XAUUSD,buy,out,0.02,4258.58,6903,-0.07,0.00,0.36,2 788.96,sl 4258.58
2026.06.09 23:44:32,6886,XAUUSD,sell,in,0.02,4261.11,6904,-0.07,0.00,0.00,2 788.89,
2026.06.09 23:54:02,6887,XAUUSD,buy,out,0.02,4260.91,6905,-0.07,0.00,0.40,2 789.22,sl 4260.88
2026.06.10 01:02:07,6888,XAUUSD,sell,in,0.02,4254.10,6906,-0.07,0.00,0.00,2 789.15,
2026.06.10 01:03:03,6889,XAUUSD,buy,out,0.02,4251.77,6907,-0.07,0.00,4.66,2 793.74,sl 4251.76
2026.06.10 01:26:15,6890,XAUUSD,sell,in,0.02,4253.92,6908,-0.07,0.00,0.00,2 793.67,
2026.06.10 01:34:59,6891,XAUUSD,buy,out,0.02,4253.52,6909,-0.07,0.00,0.80,2 794.40,sl 4253.47
2026.06.10 01:50:20,6892,XAUUSD,sell,in,0.02,4240.16,6910,-0.07,0.00,0.00,2 794.33,
2026.06.10 01:50:36,6893,XAUUSD,buy,out,0.02,4240.09,6911,-0.07,0.00,0.14,2 794.40,sl 4239.75
2026.06.10 02:14:20,6894,XAUUSD,sell,in,0.02,4237.65,6912,-0.07,0.00,0.00,2 794.33,
2026.06.10 02:14:35,6895,XAUUSD,buy,out,0.02,4237.60,6913,-0.07,0.00,0.10,2 794.36,sl 4237.50
2026.06.10 02:38:27,6896,XAUUSD,sell,in,0.02,4222.81,6914,-0.07,0.00,0.00,2 794.29,
2026.06.10 02:39:04,6897,XAUUSD,buy,out,0.02,4222.88,6915,-0.07,0.00,-0.14,2 794.08,sl 4222.64
2026.06.10 03:02:33,6898,XAUUSD,sell,in,0.02,4222.33,6916,-0.07,0.00,0.00,2 794.01,
2026.06.10 03:03:03,6899,XAUUSD,buy,out,0.02,4222.20,6917,-0.07,0.00,0.26,2 794.20,sl 4222.18
2026.06.10 03:26:34,6900,XAUUSD,sell,in,0.02,4220.61,6918,-0.07,0.00,0.00,2 794.13,
2026.06.10 03:30:03,6901,XAUUSD,buy,out,0.02,4219.23,6919,-0.07,0.00,2.76,2 796.82,sl 4218.99
2026.06.10 03:50:35,6902,XAUUSD,sell,in,0.02,4202.36,6920,-0.07,0.00,0.00,2 796.75,
2026.06.10 03:50:51,6903,XAUUSD,buy,out,0.02,4202.15,6921,-0.07,0.00,0.42,2 797.10,sl 4202.01
2026.06.10 04:14:35,6904,XAUUSD,sell,in,0.02,4203.78,6922,-0.07,0.00,0.00,2 797.03,
2026.06.10 04:15:23,6905,XAUUSD,buy,out,0.02,4202.58,6923,-0.07,0.00,2.40,2 799.36,sl 4202.57
2026.06.10 04:38:35,6906,XAUUSD,sell,in,0.02,4202.87,6924,-0.07,0.00,0.00,2 799.29,
2026.06.10 04:38:47,6907,XAUUSD,buy,out,0.02,4202.94,6925,-0.07,0.00,-0.14,2 799.08,sl 4202.84
2026.06.10 05:02:36,6908,XAUUSD,sell,in,0.02,4189.45,6926,-0.07,0.00,0.00,2 799.01,
2026.06.10 05:03:37,6909,XAUUSD,buy,out,0.02,4189.26,6927,-0.07,0.00,0.38,2 799.32,sl 4189.23
2026.06.10 05:26:38,6910,XAUUSD,sell,in,0.02,4179.30,6929,-0.07,0.00,0.00,2 799.25,
2026.06.10 05:26:56,6911,XAUUSD,buy,out,0.02,4178.92,6930,-0.07,0.00,0.76,2 799.94,sl 4178.91
2026.06.10 05:50:49,6912,XAUUSD,sell,in,0.02,4181.96,6931,-0.07,0.00,0.00,2 799.87,
2026.06.10 05:51:27,6913,XAUUSD,buy,out,0.02,4178.84,6932,-0.07,0.00,6.24,2 806.04,sl 4178.73
2026.06.10 06:15:04,6914,XAUUSD,sell,in,0.02,4177.51,6933,-0.07,0.00,0.00,2 805.97,
2026.06.10 06:15:18,6915,XAUUSD,buy,out,0.02,4177.52,6934,-0.07,0.00,-0.02,2 805.88,sl 4177.50
2026.06.10 06:39:08,6916,XAUUSD,sell,in,0.02,4182.72,6935,-0.07,0.00,0.00,2 805.81,
2026.06.10 06:40:16,6917,XAUUSD,buy,out,0.02,4180.81,6936,-0.07,0.00,3.82,2 809.56,sl 4180.60
2026.06.10 07:03:14,6918,XAUUSD,sell,in,0.02,4185.87,6937,-0.07,0.00,0.00,2 809.49,
2026.06.10 07:06:34,6919,XAUUSD,buy,out,0.02,4185.87,6938,-0.07,0.00,0.00,2 809.42,sl 4185.81
2026.06.10 07:27:26,6920,XAUUSD,sell,in,0.02,4180.04,6939,-0.07,0.00,0.00,2 809.35,
2026.06.10 07:28:47,6921,XAUUSD,buy,out,0.02,4175.04,6940,-0.07,0.00,10.00,2 819.28,sl 4175.01
2026.06.10 07:51:40,6922,XAUUSD,sell,in,0.02,4174.15,6941,-0.07,0.00,0.00,2 819.21,
2026.06.10 09:29:46,6923,XAUUSD,buy,in,0.18,4212.91,6942,-0.63,0.00,0.00,2 818.58,
2026.06.10 11:03:23,6924,XAUUSD,buy,out,0.02,4169.56,6943,-0.07,0.00,9.18,2 827.69,sl 4169.45
2026.06.10 11:03:34,6925,XAUUSD,sell,out,0.18,4166.33,6944,-0.63,0.00,-838.44,1 988.62,
2026.06.11 22:30:30,6926,XAUUSD,buy,in,0.01,4202.75,6945,-0.04,0.00,0.00,1 988.58,
2026.06.11 22:31:00,6927,XAUUSD,sell,out,0.01,4208.18,6946,-0.04,0.00,5.43,1 993.97,sl 4208.30
2026.06.11 22:54:34,6928,XAUUSD,buy,in,0.01,4214.06,6947,-0.04,0.00,0.00,1 993.93,
2026.06.11 22:55:00,6929,XAUUSD,sell,out,0.01,4214.38,6948,-0.04,0.00,0.32,1 994.21,sl 4214.43
2026.06.11 23:18:37,6930,XAUUSD,buy,in,0.01,4213.02,6949,-0.04,0.00,0.00,1 994.17,
2026.06.11 23:19:31,6931,XAUUSD,sell,out,0.01,4213.40,6950,-0.04,0.00,0.38,1 994.51,sl 4213.73
2026.06.11 23:42:36,6932,XAUUSD,buy,in,0.01,4211.63,6951,-0.04,0.00,0.00,1 994.47,
2026.06.11 23:50:53,6933,XAUUSD,sell,out,0.01,4212.02,6952,-0.04,0.00,0.39,1 994.82,sl 4212.18
2026.06.12 01:02:07,6934,XAUUSD,buy,in,0.01,4212.59,6953,-0.04,0.00,0.00,1 994.78,
2026.06.12 01:29:41,6935,XAUUSD,sell,out,0.01,4215.14,6954,-0.04,0.00,2.55,1 997.29,sl 4215.33
2026.06.12 01:29:50,6936,XAUUSD,buy,in,0.01,4215.20,6955,-0.04,0.00,0.00,1 997.25,
2026.06.12 01:30:34,6937,XAUUSD,sell,out,0.01,4215.09,6956,-0.04,0.00,-0.11,1 997.10,sl 4215.22
2026.06.12 01:53:54,6938,XAUUSD,buy,in,0.01,4231.90,6957,-0.04,0.00,0.00,1 997.06,
2026.06.12 01:55:00,6939,XAUUSD,sell,out,0.01,4234.98,6958,-0.04,0.00,3.08,2 000.10,sl 4235.08
2026.06.12 02:17:55,6940,XAUUSD,buy,in,0.01,4222.22,6959,-0.04,0.00,0.00,2 000.06,
2026.06.12 02:19:05,6941,XAUUSD,sell,out,0.01,4223.37,6960,-0.04,0.00,1.15,2 001.17,sl 4223.47
2026.06.12 02:42:01,6942,XAUUSD,buy,in,0.01,4215.62,6961,-0.04,0.00,0.00,2 001.13,
2026.06.12 02:42:37,6943,XAUUSD,sell,out,0.01,4216.87,6962,-0.04,0.00,1.25,2 002.34,sl 4216.89
2026.06.12 03:06:08,6944,XAUUSD,buy,in,0.01,4218.94,6963,-0.04,0.00,0.00,2 002.30,
2026.06.12 03:06:26,6945,XAUUSD,sell,out,0.01,4219.20,6964,-0.04,0.00,0.26,2 002.52,sl 4219.25
2026.06.12 03:30:13,6946,XAUUSD,buy,in,0.01,4220.26,6965,-0.04,0.00,0.00,2 002.48,
2026.06.12 03:30:25,6947,XAUUSD,sell,out,0.01,4220.95,6966,-0.04,0.00,0.69,2 003.13,sl 4220.96
2026.06.12 03:59:03,6948,XAUUSD,buy,in,0.01,4206.17,6967,-0.04,0.00,0.00,2 003.09,
2026.06.12 04:00:02,6949,XAUUSD,sell,out,0.01,4206.15,6968,-0.04,0.00,-0.02,2 003.03,sl 4206.23
2026.06.12 11:17:54,6950,XAUUSD,buy,in,0.01,4211.63,6969,-0.04,0.00,0.00,2 002.99,
2026.06.12 11:18:36,6951,XAUUSD,sell,out,0.01,4215.91,6970,-0.04,0.00,4.28,2 007.23,sl 4215.92
2026.06.12 11:42:01,6952,XAUUSD,buy,in,0.01,4212.21,6971,-0.04,0.00,0.00,2 007.19,
2026.06.12 11:42:52,6953,XAUUSD,sell,out,0.01,4217.79,6972,-0.04,0.00,5.58,2 012.73,sl 4217.80
2026.06.12 12:06:03,6954,XAUUSD,buy,in,0.01,4223.21,6973,-0.04,0.00,0.00,2 012.69,
2026.06.12 12:06:33,6955,XAUUSD,sell,out,0.01,4223.42,6974,-0.04,0.00,0.21,2 012.86,sl 4223.53
2026.06.12 12:30:20,6956,XAUUSD,buy,in,0.01,4220.20,6975,-0.04,0.00,0.00,2 012.82,
2026.06.12 12:31:02,6957,XAUUSD,sell,out,0.01,4222.52,6976,-0.04,0.00,2.32,2 015.10,sl 4222.52
2026.06.12 12:54:25,6958,XAUUSD,buy,in,0.01,4223.56,6977,-0.04,0.00,0.00,2 015.06,
2026.06.12 12:55:57,6959,XAUUSD,sell,out,0.01,4224.34,6978,-0.04,0.00,0.78,2 015.80,sl 4224.37
2026.06.12 13:18:29,6960,XAUUSD,buy,in,0.01,4215.73,6979,-0.04,0.00,0.00,2 015.76,
2026.06.12 13:18:54,6961,XAUUSD,sell,out,0.01,4215.83,6980,-0.04,0.00,0.10,2 015.82,sl 4215.94
2026.06.12 13:42:31,6962,XAUUSD,buy,in,0.01,4215.53,6981,-0.04,0.00,0.00,2 015.78,
2026.06.12 13:43:37,6963,XAUUSD,sell,out,0.01,4215.79,6982,-0.04,0.00,0.26,2 016.00,sl 4215.87
2026.06.12 14:46:11,6964,XAUUSD,buy,in,0.01,4211.36,6983,-0.04,0.00,0.00,2 015.96,
2026.06.12 14:46:44,6965,XAUUSD,sell,out,0.01,4211.22,6984,-0.04,0.00,-0.14,2 015.78,sl 4211.41
2026.06.12 15:12:26,6966,XAUUSD,buy,in,0.01,4212.23,6985,-0.04,0.00,0.00,2 015.74,
2026.06.12 15:15:20,6967,XAUUSD,sell,out,0.01,4214.31,6986,-0.04,0.00,2.08,2 017.78,sl 4214.46
2026.06.12 18:10:59,6968,XAUUSD,buy,in,0.01,4213.42,6987,-0.04,0.00,0.00,2 017.74,
2026.06.12 18:14:42,6969,XAUUSD,sell,out,0.01,4214.37,6988,-0.04,0.00,0.95,2 018.65,sl 4214.37
2026.06.12 18:35:06,6970,XAUUSD,buy,in,0.01,4219.74,6989,-0.04,0.00,0.00,2 018.61,
2026.06.12 18:35:15,6971,XAUUSD,sell,out,0.01,4219.88,6990,-0.04,0.00,0.14,2 018.71,sl 4220.00
2026.06.12 18:59:06,6972,XAUUSD,buy,in,0.01,4213.06,6991,-0.04,0.00,0.00,2 018.67,
2026.06.12 19:00:22,6973,XAUUSD,sell,out,0.01,4213.01,6992,-0.04,0.00,-0.05,2 018.58,sl 4213.18
2026.06.12 19:23:21,6974,XAUUSD,buy,in,0.01,4221.60,6993,-0.04,0.00,0.00,2 018.54,
2026.06.12 19:23:41,6975,XAUUSD,sell,out,0.01,4221.79,6994,-0.04,0.00,0.19,2 018.69,sl 4221.79
2026.06.12 19:47:26,6976,XAUUSD,buy,in,0.01,4213.69,6995,-0.04,0.00,0.00,2 018.65,
2026.06.12 19:47:32,6977,XAUUSD,sell,out,0.01,4213.92,6996,-0.04,0.00,0.23,2 018.84,sl 4213.94
2026.06.12 20:11:43,6978,XAUUSD,buy,in,0.01,4219.43,6997,-0.04,0.00,0.00,2 018.80,
2026.06.12 20:20:58,6979,XAUUSD,sell,out,0.01,4220.82,6998,-0.04,0.00,1.39,2 020.15,sl 4220.93
2026.06.12 20:35:49,6980,XAUUSD,buy,in,0.01,4220.43,6999,-0.04,0.00,0.00,2 020.11,
2026.06.12 20:37:58,6981,XAUUSD,sell,out,0.01,4220.04,7000,-0.04,0.00,-0.39,2 019.68,sl 4220.53
2026.06.12 20:59:57,6982,XAUUSD,buy,in,0.01,4221.42,7001,-0.04,0.00,0.00,2 019.64,
2026.06.12 21:00:27,6983,XAUUSD,sell,out,0.01,4221.74,7002,-0.04,0.00,0.32,2 019.92,sl 4221.74
2026.06.12 21:24:02,6984,XAUUSD,buy,in,0.01,4230.25,7003,-0.04,0.00,0.00,2 019.88,
2026.06.12 21:24:12,6985,XAUUSD,sell,out,0.01,4230.18,7004,-0.04,0.00,-0.07,2 019.77,sl 4230.29
2026.06.12 21:48:02,6986,XAUUSD,buy,in,0.01,4225.39,7005,-0.04,0.00,0.00,2 019.73,
2026.06.12 23:26:06,6987,XAUUSD,sell,in,0.09,4214.29,7006,-0.32,0.00,0.00,2 019.41,
2026.06.12 23:29:10,6988,XAUUSD,buy,out,0.09,4214.22,7007,-0.32,0.00,0.63,2 019.72,sl 4214.19
2026.06.15 01:02:01,6989,XAUUSD,sell,out,0.01,4267.07,7008,-0.04,-0.57,41.68,2 060.79,sl 4267.45
