Time,Deal,Symbol,Type,Direction,Volume,Price,Order,Commission,Swap,Profit,Balance,Comment
2023.01.01 00:00:00,1,,balance,,,,,0.00,0.00,3 000.00,3 000.00,
2023.01.03 03:00:00,2,XAUUSD,buy,in,0.01,1830.61,2,-0.04,0.00,0.00,2 999.96,WP Buy #M20260526
2023.01.03 04:45:00,3,XAUUSD,buy,in,0.04,1838.41,3,-0.14,0.00,0.00,2 999.82,United SuperEMA long #M940001
2023.01.03 10:09:38,4,XAUUSD,sell,out,0.01,1842.47,4,-0.04,0.00,11.86,3 011.64,sl 1842.48
2023.01.03 10:30:00,5,XAUUSD,sell,out,0.04,1840.57,5,-0.14,0.00,8.64,3 020.14,
2023.01.03 11:00:00,6,XAUUSD,sell,in,0.25,1836.12,6,-0.88,0.00,0.00,3 019.26,RSI Scalping Sell #M129102315
2023.01.03 11:02:39,7,XAUUSD,buy,out,0.25,1836.32,7,-0.88,0.00,-5.00,3 013.38,sl 1836.31
2023.01.03 15:45:00,8,XAUUSD,buy,in,0.05,1839.94,8,-0.18,0.00,0.00,3 013.20,United SuperEMA long #M940001
2023.01.03 16:00:00,9,XAUUSD,buy,in,0.25,1839.00,9,-0.88,0.00,0.00,3 012.32,RSI Scalping Buy #M129102315
2023.01.03 16:18:13,10,XAUUSD,sell,out,0.25,1839.70,10,-0.88,0.00,17.50,3 028.94,sl 1839.71
2023.01.03 17:00:00,11,TSLA.NAS,sell,in,37.8,111.64,11,-0.76,0.00,0.00,3 028.18,RSI Scalping Sell #M125421321
2023.01.03 17:30:00,12,XAUUSD,sell,out,0.05,1833.55,12,-0.18,0.00,-31.95,2 996.05,
2023.01.03 17:45:00,13,NVDA.NAS,sell,in,24.9,14.10,13,-0.50,0.00,0.00,2 995.55,RSI Scalping Sell #M20003
2023.01.03 19:00:00,14,AAPL.NAS,sell,in,0.1,124.738,14,-0.02,0.00,0.00,2 995.53,WP Sell #M20260528
2023.01.03 19:00:00,15,TSLA.NAS,sell,in,0.1,106.68,15,-0.02,0.00,0.00,2 995.51,WP Sell #M20260530
2023.01.03 19:00:00,16,NVDA.NAS,buy,out,24.9,14.14,16,-0.50,0.00,-1.00,2 994.01,
2023.01.03 19:00:01,17,TSLA.NAS,buy,out,37.8,106.68,17,-0.76,0.00,187.49,3 180.74,
2023.01.03 19:07:43,18,AAPL.NAS,buy,out,0.1,124.942,18,-0.02,0.00,-0.02,3 180.70,sl 124.938
2023.01.03 19:15:01,19,NVDA.NAS,buy,in,26.5,14.21,19,-0.53,0.00,0.00,3 180.17,RSI Scalping Buy #M20003
2023.01.03 20:00:00,20,AAPL.NAS,sell,in,0.1,124.555,20,-0.02,0.00,0.00,3 180.15,WP Sell #M20260528
2023.01.03 20:01:36,21,AAPL.NAS,buy,out,0.1,124.544,21,-0.02,0.00,0.00,3 180.13,sl 124.539
2023.01.03 20:55:37,22,TSLA.NAS,buy,out,0.1,106.46,22,-0.02,0.00,0.02,3 180.13,sl 106.45
2023.01.03 22:00:01,23,XTIUSD,sell,in,0.5,76.90,23,0.00,0.00,0.00,3 180.13,WP Sell #M20260533
2023.01.03 22:00:01,24,XBRUSD,sell,in,0.5,81.78,24,0.00,0.00,0.00,3 180.13,WP Sell #M20260534
2023.01.03 23:30:03,25,XAUUSD,buy,in,0.05,1839.41,25,-0.18,0.00,0.00,3 179.95,United SuperEMA long #M940001
2023.01.04 01:15:01,26,XAUUSD,sell,out,0.05,1838.65,26,-0.18,-2.59,-3.80,3 173.38,
2023.01.04 03:30:01,27,XAUUSD,buy,in,0.05,1839.98,27,-0.18,0.00,0.00,3 173.20,United SuperEMA long #M940001
2023.01.04 04:00:01,28,XAUUSD,buy,in,0.26,1844.62,28,-0.91,0.00,0.00,3 172.29,RSI Scalping Buy #M129102315
2023.01.04 04:00:27,29,XAUUSD,sell,out,0.26,1845.01,29,-0.91,0.00,10.14,3 181.52,sl 1845.02
2023.01.04 06:00:00,30,BTCUSD,buy,in,0.26,16858.18,30,0.00,0.00,0.00,3 181.52,RSI Scalping Buy #M123459123
2023.01.04 06:00:42,31,BTCUSD,sell,out,0.26,16875.45,31,0.00,0.00,4.49,3 186.01,sl 16875.56
2023.01.04 06:57:38,32,AUDUSD,sell,in,0.21,0.68016,32,-0.74,0.00,0.00,3 185.27,RSI Overbought Crossover Sell #
2023.01.04 08:00:00,33,AUDUSD,buy,out,0.21,0.68066,33,-0.74,0.00,-10.50,3 174.03,
2023.01.04 09:00:00,34,BTCUSD,buy,in,0.26,16874.64,34,0.00,0.00,0.00,3 174.03,RSI Scalping Buy #M123459123
2023.01.04 09:01:45,35,BTCUSD,sell,out,0.26,16876.43,35,0.00,0.00,0.47,3 174.50,sl 16876.43
2023.01.04 10:00:00,36,XAUUSD,buy,in,0.01,1858.14,36,-0.04,0.00,0.00,3 174.46,WP Buy #M20260526
2023.01.04 13:00:01,37,XAUUSD,sell,in,0.26,1858.84,37,-0.91,0.00,0.00,3 173.55,RSI Scalping Sell #M129102315
2023.01.04 13:04:22,38,XAUUSD,buy,out,0.26,1858.69,38,-0.91,0.00,3.90,3 176.54,sl 1858.64
2023.01.04 13:45:01,39,XAUUSD,sell,out,0.05,1858.45,39,-0.18,0.00,92.35,3 268.71,
2023.01.04 14:20:27,40,XAUUSD,sell,out,0.01,1857.63,40,-0.04,0.00,-0.51,3 268.16,sl 1857.65
2023.01.04 15:00:00,41,XAUUSD,sell,in,0.27,1853.71,41,-0.95,0.00,0.00,3 267.21,RSI Scalping Sell #M129102315
2023.01.04 15:01:14,42,XAUUSD,buy,out,0.27,1853.60,42,-0.95,0.00,2.97,3 269.23,sl 1853.59
2023.01.04 15:24:34,43,XBRUSD,buy,out,0.5,79.95,43,0.00,-5.66,91.50,3 355.07,sl 79.95
2023.01.04 15:24:36,44,XTIUSD,buy,out,0.5,75.15,44,0.00,-7.28,87.50,3 435.29,sl 75.15
2023.01.04 21:00:00,45,BTCUSD,buy,in,0.28,16955.51,45,0.00,0.00,0.00,3 435.29,RSI Scalping Buy #M123459123
2023.01.04 21:00:43,46,BTCUSD,sell,out,0.28,16980.56,46,0.00,0.00,7.01,3 442.30,sl 16980.63
2023.01.04 23:00:01,47,XAUUSD,buy,in,0.28,1855.32,47,-0.98,0.00,0.00,3 441.32,RSI Scalping Buy #M129102315
2023.01.04 23:05:33,48,XAUUSD,sell,out,0.28,1855.44,48,-0.98,0.00,3.36,3 443.70,sl 1855.50
2023.01.04 23:15:05,49,XAUUSD,buy,in,0.05,1856.29,49,-0.18,0.00,0.00,3 443.52,United SuperEMA long #M940001
2023.01.05 04:00:00,50,XAUUSD,buy,in,0.28,1858.89,50,-0.98,0.00,0.00,3 442.54,RSI Scalping Buy #M129102315
2023.01.05 04:30:03,51,XAUUSD,sell,out,0.05,1853.99,51,-0.18,-7.78,-11.50,3 423.08,
2023.01.05 09:00:01,52,XAUUSD,sell,out,0.28,1850.77,52,-0.98,0.00,-227.36,3 194.74,
2023.01.05 15:30:00,53,XAUUSD,sell,in,0.05,1844.34,53,-0.18,0.00,0.00,3 194.56,United SuperEMA short #M940001
2023.01.05 17:30:00,54,NVDA.NAS,sell,out,26.5,14.34,54,-0.53,0.00,3.45,3 197.48,
2023.01.05 18:45:00,55,NVDA.NAS,buy,in,26.6,14.28,55,-0.53,0.00,0.00,3 196.95,RSI Scalping Buy #M20003
2023.01.05 19:45:01,56,XAUUSD,buy,out,0.05,1833.85,56,-0.18,0.00,52.45,3 249.22,
2023.01.06 11:15:00,57,XAUUSD,sell,in,0.05,1836.09,57,-0.18,0.00,0.00,3 249.04,United SuperEMA short #M940001
2023.01.06 13:15:01,58,XAUUSD,buy,out,0.05,1837.80,58,-0.18,0.00,-8.55,3 240.31,
2023.01.06 15:29:00,59,AUDUSD,sell,in,0.04,0.67361,59,-0.14,0.00,0.00,3 240.17,WP Sell #M20260525
2023.01.06 15:44:31,60,AUDUSD,buy,out,0.04,0.67761,60,-0.14,0.00,-16.00,3 224.03,sl 0.67761
2023.01.06 16:00:00,61,XAUUSD,buy,in,0.26,1851.87,61,-0.91,0.00,0.00,3 223.12,RSI Scalping Buy #M129102315
2023.01.06 16:00:28,62,XAUUSD,sell,out,0.26,1851.95,62,-0.91,0.00,2.08,3 224.29,sl 1851.95
2023.01.06 17:15:00,63,XAUUSD,buy,in,0.05,1858.97,63,-0.18,0.00,0.00,3 224.11,United SuperEMA long #M940001
2023.01.06 18:00:00,64,XAUUSD,buy,in,0.26,1862.35,64,-0.91,0.00,0.00,3 223.20,RSI Scalping Buy #M129102315
2023.01.06 18:01:03,65,XAUUSD,sell,out,0.26,1862.34,65,-0.91,0.00,-0.26,3 222.03,sl 1862.34
2023.01.06 20:00:00,66,XAUUSD,buy,in,0.01,1862.46,66,-0.04,0.00,0.00,3 221.99,WP Buy #M20260526
2023.01.06 21:40:00,67,AAPL.NAS,buy,in,13.4,129.783,67,-0.27,0.00,0.00,3 221.72,RSI Scalping Buy #M20001
2023.01.06 21:57:37,68,AAPL.NAS,sell,out,13.4,129.866,68,-0.27,0.00,1.11,3 222.56,sl 129.870
2023.01.06 22:20:00,69,AAPL.NAS,sell,in,13.4,129.910,69,-0.27,0.00,0.00,3 222.29,RSI Scalping Sell #M20001
2023.01.06 22:22:29,70,AAPL.NAS,buy,out,13.4,129.847,70,-0.27,0.00,0.84,3 222.86,sl 129.847
2023.01.06 23:00:00,71,XAUUSD,sell,in,0.26,1867.19,71,-0.91,0.00,0.00,3 221.95,RSI Scalping Sell #M129102315
2023.01.06 23:30:05,72,XAUUSD,sell,out,0.05,1866.00,72,-0.18,0.00,35.15,3 256.92,
2023.01.06 23:41:26,73,XAUUSD,buy,out,0.26,1866.54,73,-0.91,0.00,16.90,3 272.91,sl 1866.54
2023.01.09 01:11:26,74,AUDUSD,sell,in,0.21,0.68875,74,-0.74,0.00,0.00,3 272.17,RSI Overbought Crossover Sell #
2023.01.09 02:00:00,75,BTCUSD,buy,in,0.27,17127.38,75,0.00,0.00,0.00,3 272.17,RSI Scalping Buy #M123459123
2023.01.09 02:00:41,76,BTCUSD,sell,out,0.27,17143.08,76,0.00,0.00,4.24,3 276.41,sl 17143.21
2023.01.09 08:00:00,77,AUDUSD,buy,out,0.21,0.69395,77,-0.74,0.00,-109.20,3 166.47,
2023.01.09 10:00:00,78,BTCUSD,buy,in,0.26,17206.01,78,0.00,0.00,0.00,3 166.47,RSI Scalping Buy #M123459123
2023.01.09 10:00:00,79,XAUUSD,sell,in,0.26,1875.08,79,-0.91,0.00,0.00,3 165.56,RSI Scalping Sell #M129102315
2023.01.09 10:01:35,80,XAUUSD,buy,out,0.26,1875.06,80,-0.91,0.00,0.52,3 165.17,sl 1875.05
2023.01.09 10:03:19,81,BTCUSD,sell,out,0.26,17209.39,81,0.00,0.00,0.88,3 166.05,sl 17209.55
2023.01.09 11:04:33,82,XAUUSD,sell,out,0.01,1873.48,82,-0.04,-0.52,11.02,3 176.51,sl 1873.49
2023.01.09 16:50:00,83,AAPL.NAS,buy,in,13.2,131.376,83,-0.26,0.00,0.00,3 176.25,RSI Scalping Buy #M20001
2023.01.09 16:54:01,84,AAPL.NAS,sell,out,13.2,131.621,84,-0.26,0.00,3.23,3 179.22,sl 131.622
2023.01.09 17:00:01,85,XAUUSD,buy,in,0.05,1877.12,85,-0.18,0.00,0.00,3 179.04,United SuperEMA long #M940001
2023.01.09 17:20:00,86,AAPL.NAS,sell,in,13.2,132.030,86,-0.26,0.00,0.00,3 178.78,RSI Scalping Sell #M20001
2023.01.09 17:30:00,87,NVDA.NAS,sell,out,26.6,15.82,87,-0.53,-0.01,40.96,3 219.20,
2023.01.09 17:45:01,88,XAUUSD,sell,out,0.05,1873.58,88,-0.18,0.00,-17.70,3 201.32,
2023.01.09 19:00:00,89,BTCUSD,buy,in,0.26,17333.59,89,0.00,0.00,0.00,3 201.32,RSI Scalping Buy #M123459123
2023.01.09 19:01:00,90,BTCUSD,sell,out,0.26,17337.49,90,0.00,0.00,1.01,3 202.33,sl 17338.29
2023.01.09 20:37:37,91,AAPL.NAS,buy,out,13.2,131.971,91,-0.26,0.00,0.78,3 202.85,sl 131.970
2023.01.09 22:00:01,92,XAUUSD,buy,in,0.26,1875.26,92,-0.91,0.00,0.00,3 201.94,RSI Scalping Buy #M129102315
2023.01.09 22:30:01,93,NVDA.NAS,buy,in,16,15.76,93,-0.32,0.00,0.00,3 201.62,RSI Scalping Buy #M20003
2023.01.10 03:00:00,94,XAUUSD,sell,out,0.26,1870.66,94,-0.91,-13.49,-119.60,3 067.62,
2023.01.10 03:30:01,95,XAUUSD,buy,in,0.05,1873.61,95,-0.18,0.00,0.00,3 067.44,United SuperEMA long #M940001
2023.01.10 04:00:01,96,XAUUSD,buy,in,0.25,1874.52,96,-0.88,0.00,0.00,3 066.56,RSI Scalping Buy #M129102315
2023.01.10 04:12:02,97,XAUUSD,sell,out,0.25,1874.79,97,-0.88,0.00,6.75,3 072.43,sl 1874.79
2023.01.10 06:15:01,98,XAUUSD,sell,out,0.05,1871.20,98,-0.18,0.00,-12.05,3 060.20,
2023.01.10 07:45:01,99,XAUUSD,buy,in,0.05,1874.82,99,-0.18,0.00,0.00,3 060.02,United SuperEMA long #M940001
2023.01.10 09:30:01,100,XAUUSD,sell,out,0.05,1871.35,100,-0.18,0.00,-17.35,3 042.49,
2023.01.10 10:45:01,101,XAUUSD,buy,in,0.02,1874.01,101,-0.07,0.00,0.00,3 042.42,United SuperEMA long #M940001
2023.01.10 11:00:00,102,XAUUSD,buy,in,0.25,1875.08,102,-0.88,0.00,0.00,3 041.54,RSI Scalping Buy #M129102315
2023.01.10 11:01:37,103,XAUUSD,sell,out,0.25,1875.27,103,-0.88,0.00,4.75,3 045.41,sl 1875.28
2023.01.10 14:15:00,104,XAUUSD,sell,out,0.02,1873.76,104,-0.07,0.00,-0.50,3 044.84,
2023.01.10 17:00:00,105,XAUUSD,buy,in,0.25,1878.19,105,-0.88,0.00,0.00,3 043.96,RSI Scalping Buy #M129102315
2023.01.10 17:00:31,106,XAUUSD,sell,out,0.25,1878.37,106,-0.88,0.00,4.50,3 047.58,sl 1878.37
2023.01.10 18:00:00,107,TSLA.NAS,sell,in,38,115.96,107,-0.76,0.00,0.00,3 046.82,RSI Scalping Sell #M125421321
2023.01.10 21:00:00,108,TSLA.NAS,buy,out,38,117.82,108,-0.76,0.00,-70.68,2 975.38,
2023.01.10 21:30:00,109,XAUUSD,buy,in,0.02,1876.99,109,-0.07,0.00,0.00,2 975.31,United SuperEMA long #M940001
2023.01.10 22:00:00,110,TSLA.NAS,sell,in,37.1,117.64,110,-0.74,0.00,0.00,2 974.57,RSI Scalping Sell #M125421321
2023.01.10 23:00:00,111,BTCUSD,buy,in,0.24,17483.48,111,0.00,0.00,0.00,2 974.57,RSI Scalping Buy #M123459123
2023.01.10 23:00:00,112,XAUUSD,buy,in,0.24,1878.14,112,-0.84,0.00,0.00,2 973.73,RSI Scalping Buy #M129102315
2023.01.10 23:39:40,113,BTCUSD,sell,out,0.24,17490.10,113,0.00,0.00,1.59,2 975.32,sl 17490.16
2023.01.11 02:30:00,114,XAUUSD,sell,out,0.02,1876.46,114,-0.07,-1.04,-1.06,2 973.15,
2023.01.11 06:00:04,115,XAUUSD,buy,in,0.02,1877.95,115,-0.07,0.00,0.00,2 973.08,United SuperEMA long #M940001
2023.01.11 07:00:00,116,XAUUSD,sell,out,0.24,1877.90,116,-0.84,-12.45,-5.76,2 954.03,
2023.01.11 08:00:00,117,XAUUSD,buy,in,0.24,1882.36,117,-0.84,0.00,0.00,2 953.19,RSI Scalping Buy #M129102315
2023.01.11 08:07:19,118,XAUUSD,sell,out,0.24,1882.96,118,-0.84,0.00,14.40,2 966.75,sl 1882.99
2023.01.11 14:00:00,119,XAUUSD,sell,out,0.02,1883.04,119,-0.07,0.00,10.18,2 976.86,
2023.01.11 16:35:01,120,TSLA.NAS,buy,out,37.1,120.83,120,-0.74,0.00,-118.35,2 857.77,
2023.01.17 17:15:00,121,NVDA.NAS,sell,out,16,17.49,121,-0.32,-0.01,27.68,2 885.12,
2023.02.01 01:02:02,122,XAUUSD,buy,in,0.07,1927.90,122,-0.25,0.00,0.00,2 884.87,RSI Follow BUY #M1001
2023.02.01 06:30:00,123,XAUUSD,buy,in,0.02,1927.41,123,-0.07,0.00,0.00,2 884.80,United SuperEMA long #M940001
2023.02.01 07:00:00,124,XAUUSD,sell,in,0.07,1925.70,124,-0.25,0.00,0.00,2 884.55,RSI Reverse SELL #M1002
2023.02.01 07:00:00,125,XAUUSD,buy,out,0.07,1925.79,125,-0.25,0.00,-0.63,2 883.67,
2023.02.01 07:00:01,126,XAUUSD,sell,out,0.02,1925.70,126,-0.07,0.00,-3.42,2 880.18,
2023.02.01 09:15:00,127,XAUUSD,buy,in,0.02,1927.27,127,-0.07,0.00,0.00,2 880.11,United SuperEMA long #M940001
2023.02.01 09:45:00,128,XAUUSD,sell,out,0.02,1924.27,128,-0.07,0.00,-6.00,2 874.04,
2023.02.01 13:15:00,129,XAUUSD,buy,in,0.02,1927.70,129,-0.07,0.00,0.00,2 873.97,United SuperEMA long #M940001
2023.02.01 14:00:00,130,XAUUSD,buy,in,0.23,1928.89,130,-0.81,0.00,0.00,2 873.16,RSI Scalping Buy #M129102315
2023.02.01 14:10:13,131,XAUUSD,sell,out,0.23,1930.87,131,-0.81,0.00,45.54,2 917.89,sl 1930.89
2023.02.01 17:00:00,132,XAUUSD,sell,out,0.02,1929.62,132,-0.07,0.00,3.84,2 921.66,
2023.02.01 18:00:00,133,XAUUSD,buy,in,0.24,1931.98,133,-0.84,0.00,0.00,2 920.82,RSI Scalping Buy #M129102315
2023.02.01 18:00:01,134,XTIUSD,sell,in,0.5,78.17,134,0.00,0.00,0.00,2 920.82,WP Sell #M20260533
2023.02.01 18:00:01,135,XBRUSD,sell,in,0.5,84.58,135,0.00,0.00,0.00,2 920.82,WP Sell #M20260534
2023.02.01 21:39:55,136,XAUUSD,sell,out,0.24,1932.30,136,-0.84,0.00,7.68,2 927.66,sl 1932.45
2023.02.01 21:45:00,137,XAUUSD,buy,in,0.02,1939.21,137,-0.07,0.00,0.00,2 927.59,United SuperEMA long #M940001
2023.02.01 21:48:49,138,XBRUSD,buy,out,0.5,83.27,138,0.00,0.00,65.50,2 993.09,sl 83.27
2023.02.01 21:48:53,139,XTIUSD,buy,out,0.5,76.84,139,0.00,0.00,66.50,3 059.59,sl 76.84
2023.02.01 22:00:00,140,XAUUSD,buy,in,0.25,1943.29,140,-0.88,0.00,0.00,3 058.71,RSI Scalping Buy #M129102315
2023.02.01 22:00:16,141,XAUUSD,sell,out,0.25,1944.13,141,-0.88,0.00,21.00,3 078.83,sl 1944.14
2023.02.01 22:00:34,142,SOXX.NAS,buy,in,0.1,140.691,142,-0.02,0.00,0.00,3 078.81,WP Buy #M20260532
2023.02.01 22:01:07,143,SOXX.NAS,sell,out,0.1,140.383,143,-0.02,0.00,-0.03,3 078.76,sl 140.391
2023.02.01 23:00:00,144,EURUSD,buy,in,0.04,1.09882,144,-0.14,0.00,0.00,3 078.62,WP Buy #M20260524
2023.02.01 23:00:00,145,BTCUSD,buy,in,0.25,23580.16,145,0.00,0.00,0.00,3 078.62,RSI Scalping Buy #M123459123
2023.02.01 23:00:12,146,BTCUSD,sell,out,0.25,23585.28,146,0.00,0.00,1.28,3 079.90,sl 23588.41
2023.02.02 00:01:00,147,AUDUSD,buy,in,0.04,0.71382,147,-0.14,0.00,0.00,3 079.76,WP Buy #M20260525
2023.02.02 04:00:00,148,XAUUSD,sell,out,0.02,1952.85,148,-0.07,-3.11,27.28,3 103.86,
2023.02.02 07:00:01,149,XAUUSD,buy,in,0.07,1953.46,149,-0.25,0.00,0.00,3 103.61,RSI Reverse BUY #M1002
2023.02.02 09:00:00,150,XAUUSD,sell,in,0.25,1952.18,150,-0.88,0.00,0.00,3 102.73,RSI Scalping Sell #M129102315
2023.02.02 09:23:05,151,EURUSD,sell,out,0.04,1.10029,151,-0.14,-0.91,5.88,3 107.56,sl 1.10029
2023.02.02 11:09:42,152,AUDUSD,sell,out,0.04,0.71338,152,-0.14,0.00,-1.76,3 105.66,sl 0.71339
2023.02.02 12:59:28,153,XAUUSD,buy,out,0.25,1952.38,153,-0.88,0.00,-5.00,3 099.78,sl 1952.36
2023.02.02 13:00:01,154,XAUUSD,sell,in,0.25,1952.73,154,-0.88,0.00,0.00,3 098.90,RSI Scalping Sell #M129102315
2023.02.02 13:01:40,155,XAUUSD,buy,out,0.25,1953.04,155,-0.88,0.00,-7.75,3 090.27,sl 1953.03
2023.02.02 16:35:14,156,SOXX.NAS,buy,in,0.1,143.044,156,-0.02,0.00,0.00,3 090.25,WP Buy #M20260532
2023.02.02 16:36:55,157,SOXX.NAS,sell,out,0.1,142.743,157,-0.02,0.00,-0.03,3 090.20,sl 142.744
2023.02.02 16:40:00,158,AAPL.NAS,buy,in,10.3,149.120,158,-0.21,0.00,0.00,3 089.99,RSI Scalping Buy #M20001
2023.02.02 16:41:58,159,AAPL.NAS,sell,out,10.3,149.210,159,-0.21,0.00,0.93,3 090.71,sl 149.232
2023.02.02 17:00:00,160,XAUUSD,sell,out,0.07,1921.48,160,-0.25,-10.90,-44.94,3 034.62,
2023.02.02 17:00:00,161,XAUUSD,sell,out,0.07,1921.48,161,-0.25,0.00,-223.86,2 810.51,
2023.02.02 17:00:00,162,XBRUSD,sell,in,0.5,81.73,162,0.00,0.00,0.00,2 810.51,WP Sell #M20260534
2023.02.02 17:00:00,163,TSLA.NAS,buy,in,35.1,187.61,163,-0.70,0.00,0.00,2 809.81,RSI Scalping Buy #M125421321
2023.02.02 18:00:10,164,SOXX.NAS,buy,in,0.1,143.190,164,-0.02,0.00,0.00,2 809.79,WP Buy #M20260532
2023.02.02 18:00:51,165,SOXX.NAS,sell,out,0.1,142.853,165,-0.02,0.00,-0.03,2 809.74,sl 142.890
2023.02.02 20:00:00,166,XBRUSD,buy,out,0.5,83.23,166,0.00,0.00,-75.00,2 734.74,sl 83.23
2023.02.02 22:00:00,167,TSLA.NAS,sell,out,35.1,185.25,167,-0.70,0.00,-82.84,2 651.20,
2023.03.01 01:02:00,168,XAUUSD,buy,in,0.05,1827.10,168,-0.18,0.00,0.00,2 651.02,RSI Follow BUY #M1001
2023.03.01 07:00:00,169,XAUUSD,buy,in,0.05,1830.15,169,-0.18,0.00,0.00,2 650.84,RSI Reverse BUY #M1002
2023.03.01 12:00:00,170,XAUUSD,sell,in,0.17,1831.79,170,-0.60,0.00,0.00,2 650.24,RSI Scalping Sell #M129102315
2023.03.01 12:03:24,171,XAUUSD,buy,out,0.17,1832.06,171,-0.60,0.00,-4.59,2 645.05,sl 1832.05
2023.03.01 13:00:00,172,EURUSD,buy,in,0.03,1.06682,172,-0.11,0.00,0.00,2 644.94,WP Buy #M20260524
2023.03.01 16:00:00,173,XAUUSD,sell,in,0.17,1837.23,173,-0.60,0.00,0.00,2 644.34,RSI Scalping Sell #M129102315
2023.03.01 16:45:00,174,XAUUSD,buy,in,0.03,1841.60,174,-0.11,0.00,0.00,2 644.23,United SuperEMA long #M940001
2023.03.01 17:00:00,175,TSLA.NAS,sell,in,26.4,202.65,175,-0.53,0.00,0.00,2 643.70,RSI Scalping Sell #M125421321
2023.03.01 17:00:14,176,EURUSD,sell,out,0.03,1.06612,176,-0.11,0.00,-2.10,2 641.49,sl 1.06614
2023.03.01 17:10:21,177,XAUUSD,buy,out,0.17,1836.13,177,-0.60,0.00,18.70,2 659.59,sl 1836.10
2023.03.01 17:30:00,178,XAUUSD,sell,out,0.03,1838.20,178,-0.11,0.00,-10.20,2 649.28,
2023.03.01 17:45:01,179,XAUUSD,buy,in,0.04,1841.72,179,-0.14,0.00,0.00,2 649.14,United SuperEMA long #M940001
2023.03.01 18:30:00,180,XAUUSD,sell,out,0.04,1837.81,180,-0.14,0.00,-15.64,2 633.36,
2023.03.01 19:30:02,181,NVDA.NAS,buy,in,21.9,22.79,181,-0.44,0.00,0.00,2 632.92,RSI Scalping Buy #M20003
2023.03.01 21:00:00,182,NVDA.NAS,sell,out,21.9,22.71,182,-0.44,0.00,-1.75,2 630.73,
2023.03.01 21:00:00,183,NVDA.NAS,buy,in,21.9,22.72,183,-0.44,0.00,0.00,2 630.29,RSI Scalping Buy #M20003
2023.03.02 08:00:00,184,XAUUSD,buy,in,0.06,1833.65,184,-0.21,0.00,0.00,2 630.08,EMA Cross Distance BUY #M1003
2023.03.02 08:15:05,185,XAUUSD,sell,in,0.02,1832.24,185,-0.07,0.00,0.00,2 630.01,United SuperEMA short #M940001
2023.03.02 10:45:00,186,XAUUSD,buy,out,0.02,1833.56,186,-0.07,0.00,-2.64,2 627.30,
2023.03.02 14:00:00,187,XAUUSD,sell,out,0.06,1836.68,187,-0.21,0.00,18.18,2 645.27,
2023.03.02 16:35:00,188,TSLA.NAS,buy,out,26.4,189.17,188,-0.53,0.00,355.87,3 000.61,
2023.03.02 17:00:00,189,AAPL.NAS,sell,in,0.1,144.352,189,-0.02,0.00,0.00,3 000.59,WP Sell #M20260528
2023.03.02 17:01:18,190,AAPL.NAS,buy,out,0.1,144.552,190,-0.02,0.00,-0.02,3 000.55,sl 144.552
2023.03.02 22:40:00,191,AAPL.NAS,buy,in,12.5,146.554,191,-0.25,0.00,0.00,3 000.30,RSI Scalping Buy #M20001
2023.03.03 02:00:00,192,XAUUSD,buy,in,0.25,1837.92,192,-0.88,0.00,0.00,2 999.42,RSI Scalping Buy #M129102315
2023.03.03 02:01:45,193,XAUUSD,sell,out,0.25,1839.75,193,-0.88,0.00,45.75,3 044.29,sl 1839.75
2023.03.03 12:45:00,194,XAUUSD,buy,in,0.05,1847.73,194,-0.18,0.00,0.00,3 044.11,United SuperEMA long #M940001
2023.03.03 14:45:01,195,XAUUSD,sell,out,0.05,1845.26,195,-0.18,0.00,-12.35,3 031.58,
2023.03.03 15:00:00,196,XAUUSD,sell,in,0.25,1845.91,196,-0.88,0.00,0.00,3 030.70,RSI Scalping Sell #M129102315
2023.03.03 15:01:04,197,XAUUSD,buy,out,0.25,1846.06,197,-0.88,0.00,-3.75,3 026.07,sl 1845.94
2023.03.03 16:35:08,198,AAPL.NAS,sell,out,12.5,147.839,198,-0.25,0.00,16.06,3 041.88,sl 147.885
2023.03.03 16:40:00,199,AAPL.NAS,buy,in,12.6,148.310,199,-0.25,0.00,0.00,3 041.63,RSI Scalping Buy #M20001
2023.03.03 16:40:47,200,AAPL.NAS,sell,out,12.6,148.465,200,-0.25,0.00,1.95,3 043.33,sl 148.495
2023.03.03 17:40:00,201,AAPL.NAS,sell,in,12.6,149.630,201,-0.25,0.00,0.00,3 043.08,RSI Scalping Sell #M20001
2023.03.03 17:42:28,202,AAPL.NAS,buy,out,12.6,149.589,202,-0.25,0.00,0.52,3 043.35,sl 149.585
2023.03.03 18:00:00,203,XAUUSD,buy,in,0.25,1844.76,203,-0.88,0.00,0.00,3 042.47,RSI Scalping Buy #M129102315
2023.03.03 18:11:04,204,XAUUSD,sell,out,0.25,1844.72,204,-0.88,0.00,-1.00,3 040.59,sl 1844.80
2023.03.03 19:00:01,205,XAUUSD,buy,in,0.01,1847.93,205,-0.04,0.00,0.00,3 040.55,United SuperEMA long #M940001
2023.03.03 22:00:00,206,XAUUSD,buy,in,0.01,1853.48,206,-0.04,0.00,0.00,3 040.51,WP Buy #M20260526
2023.03.06 02:00:02,207,XAUUSD,sell,in,0.25,1852.40,207,-0.88,0.00,0.00,3 039.63,RSI Scalping Sell #M129102315
2023.03.06 02:00:02,208,XAUUSD,sell,out,0.01,1852.38,208,-0.04,-0.52,4.45,3 043.52,
2023.03.06 02:05:58,209,XAUUSD,buy,out,0.25,1852.28,209,-0.88,0.00,3.00,3 045.64,sl 1852.28
2023.03.06 15:30:00,210,XAUUSD,buy,in,0.01,1852.19,210,-0.04,0.00,0.00,3 045.60,United SuperEMA long #M940001
2023.03.06 16:40:00,211,AAPL.NAS,buy,in,12.6,154.542,211,-0.25,0.00,0.00,3 045.35,RSI Scalping Buy #M20001
2023.03.06 16:40:33,212,AAPL.NAS,sell,out,12.6,154.560,212,-0.25,0.00,0.23,3 045.33,sl 154.583
2023.03.06 16:50:00,213,AAPL.NAS,sell,in,12.6,153.585,213,-0.25,0.00,0.00,3 045.08,RSI Scalping Sell #M20001
2023.03.06 17:00:00,214,AAPL.NAS,buy,in,0.1,154.420,214,-0.02,0.00,0.00,3 045.06,WP Buy #M20260528
2023.03.06 17:00:22,215,AAPL.NAS,sell,out,0.1,154.220,215,-0.02,0.00,-0.02,3 045.02,sl 154.220
2023.03.06 17:15:01,216,XAUUSD,sell,out,0.01,1851.02,216,-0.04,0.00,-1.17,3 043.81,
2023.03.06 17:45:00,217,XAUUSD,buy,in,0.01,1853.47,217,-0.04,0.00,0.00,3 043.77,United SuperEMA long #M940001
2023.03.06 18:00:00,218,EURUSD,buy,in,0.04,1.06788,218,-0.14,0.00,0.00,3 043.63,WP Buy #M20260524
2023.03.06 18:00:00,219,AAPL.NAS,buy,in,0.1,155.159,219,-0.02,0.00,0.00,3 043.61,WP Buy #M20260528
2023.03.06 18:03:32,220,AAPL.NAS,sell,out,0.1,155.338,220,-0.02,0.00,0.02,3 043.61,sl 155.364
2023.03.06 18:15:02,221,XAUUSD,sell,out,0.01,1851.04,221,-0.04,0.00,-2.43,3 041.14,
2023.03.06 19:00:00,222,AAPL.NAS,buy,in,0.1,155.745,222,-0.02,0.00,0.00,3 041.12,WP Buy #M20260528
2023.03.06 19:05:01,223,AAPL.NAS,sell,out,0.1,155.810,223,-0.02,0.00,0.01,3 041.11,sl 155.815
2023.03.06 21:00:01,224,NVDA.NAS,sell,out,21.9,23.69,224,-0.44,-0.01,21.24,3 061.90,
2023.03.06 21:30:01,225,NVDA.NAS,sell,in,25.5,23.67,225,-0.51,0.00,0.00,3 061.39,RSI Scalping Sell #M20003
2023.03.06 22:15:00,226,NVDA.NAS,buy,out,25.5,23.61,226,-0.51,0.00,1.53,3 062.41,
2023.03.06 22:15:00,227,NVDA.NAS,sell,in,25.5,23.61,227,-0.51,0.00,0.00,3 061.90,RSI Scalping Sell #M20003
2023.03.06 22:20:00,228,AAPL.NAS,buy,out,12.6,154.016,228,-0.25,0.00,-5.43,3 056.22,
2023.03.06 22:30:01,229,NVDA.NAS,buy,out,25.5,23.53,229,-0.51,0.00,2.04,3 057.75,
2023.03.07 09:15:00,230,XAUUSD,sell,in,0.01,1847.40,230,-0.04,0.00,0.00,3 057.71,United SuperEMA short #M940001
2023.03.07 09:30:01,231,XAUUSD,buy,out,0.01,1851.56,231,-0.04,0.00,-4.16,3 053.51,
2023.03.07 11:30:02,232,XAUUSD,sell,in,0.01,1845.85,232,-0.04,0.00,0.00,3 053.47,United SuperEMA short #M940001
2023.03.07 13:00:00,233,AUDUSD,sell,in,0.04,0.66725,233,-0.14,0.00,0.00,3 053.33,WP Sell #M20260525
2023.03.07 15:00:00,234,XAUUSD,sell,out,0.05,1839.65,234,-0.18,-15.55,62.75,3 100.35,
2023.03.07 15:08:15,235,XAUUSD,sell,out,0.01,1838.43,235,-0.04,-1.04,-15.05,3 084.22,sl 1838.48
2023.03.07 16:00:00,236,XAUUSD,sell,out,0.05,1835.39,236,-0.18,-15.55,26.20,3 094.69,
2023.03.07 16:45:00,237,NVDA.NAS,buy,in,25.7,23.75,237,-0.51,0.00,0.00,3 094.18,RSI Scalping Buy #M20003
2023.03.07 17:00:41,238,EURUSD,sell,out,0.04,1.06279,238,-0.14,-0.30,-20.36,3 073.38,sl 1.06288
2023.03.07 17:34:08,239,AUDUSD,buy,out,0.04,0.66270,239,-0.14,0.00,18.20,3 091.44,sl 0.66268
2023.03.07 18:00:00,240,AUDUSD,sell,in,0.04,0.66066,240,-0.14,0.00,0.00,3 091.30,WP Sell #M20260525
2023.03.07 21:45:00,241,NVDA.NAS,sell,out,25.7,23.35,241,-0.51,0.00,-10.28,3 080.51,
2023.03.08 06:57:50,242,AUDUSD,buy,out,0.04,0.65920,242,-0.14,-0.18,5.84,3 086.03,sl 0.65920
2023.03.08 07:45:00,243,XAUUSD,buy,out,0.01,1812.18,243,-0.04,0.45,33.67,3 120.11,
2023.03.08 16:45:00,244,NVDA.NAS,buy,in,26,23.50,244,-0.52,0.00,0.00,3 119.59,RSI Scalping Buy #M20003
2023.03.08 18:00:00,245,TSLA.NAS,sell,in,0.1,182.34,245,-0.02,0.00,0.00,3 119.57,WP Sell #M20260530
2023.03.08 21:10:11,246,TSLA.NAS,buy,out,0.1,181.83,246,-0.02,0.00,0.05,3 119.60,sl 181.82
2023.03.08 23:00:00,247,XAUUSD,sell,in,0.01,1813.17,247,-0.04,0.00,0.00,3 119.56,United SuperEMA short #M940001
2023.03.09 01:15:00,248,XAUUSD,buy,out,0.01,1815.52,248,-0.04,1.34,-2.35,3 118.51,
2023.03.09 04:00:00,249,XAUUSD,sell,in,0.01,1812.29,249,-0.04,0.00,0.00,3 118.47,United SuperEMA short #M940001
2023.03.09 07:00:00,250,XAUUSD,buy,out,0.01,1814.44,250,-0.04,0.00,-2.15,3 116.28,
2023.03.09 12:45:01,251,XAUUSD,buy,in,0.01,1817.83,251,-0.04,0.00,0.00,3 116.24,United SuperEMA long #M940001
2023.03.09 14:45:00,252,XAUUSD,sell,out,0.01,1817.35,252,-0.04,0.00,-0.48,3 115.72,
2023.03.09 16:00:00,253,XAUUSD,buy,in,0.25,1825.28,253,-0.88,0.00,0.00,3 114.84,RSI Scalping Buy #M129102315
2023.03.09 16:01:53,254,XAUUSD,sell,out,0.25,1826.66,254,-0.88,0.00,34.50,3 148.46,sl 1826.71
2023.03.09 18:00:00,255,XAUUSD,sell,in,0.26,1828.72,255,-0.91,0.00,0.00,3 147.55,RSI Scalping Sell #M129102315
2023.03.09 18:10:23,256,XAUUSD,buy,out,0.26,1827.08,256,-0.91,0.00,42.64,3 189.28,sl 1827.08
2023.03.09 20:45:00,257,XAUUSD,buy,in,0.01,1833.28,257,-0.04,0.00,0.00,3 189.24,United SuperEMA long #M940001
2023.03.09 21:15:02,258,NVDA.NAS,sell,out,26,23.65,258,-0.52,0.00,3.90,3 192.62,
2023.03.09 22:00:00,259,NVDA.NAS,sell,in,26.6,23.68,259,-0.53,0.00,0.00,3 192.09,RSI Scalping Sell #M20003
2023.03.09 22:00:00,260,XAUUSD,sell,in,0.26,1830.64,260,-0.91,0.00,0.00,3 191.18,RSI Scalping Sell #M129102315
2023.03.09 22:00:00,261,XTIUSD,sell,in,0.5,75.52,261,0.00,0.00,0.00,3 191.18,WP Sell #M20260533
2023.03.09 22:00:01,262,XBRUSD,sell,in,0.5,81.63,262,0.00,0.00,0.00,3 191.18,WP Sell #M20260534
2023.03.09 22:15:00,263,NVDA.NAS,buy,out,26.6,23.60,263,-0.53,0.00,2.13,3 192.78,
2023.03.09 22:15:30,264,XAUUSD,buy,out,0.26,1830.32,264,-0.91,0.00,8.32,3 200.19,sl 1830.30
2023.03.09 22:30:00,265,XAUUSD,sell,out,0.01,1830.20,265,-0.04,0.00,-3.08,3 197.07,
2023.03.10 07:00:00,266,XAUUSD,buy,in,0.26,1829.92,266,-0.91,0.00,0.00,3 196.16,RSI Scalping Buy #M129102315
2023.03.10 07:48:05,267,XAUUSD,sell,out,0.26,1830.56,267,-0.91,0.00,16.64,3 211.89,sl 1830.58
2023.03.10 08:15:00,268,XAUUSD,buy,in,0.01,1831.90,268,-0.04,0.00,0.00,3 211.85,United SuperEMA long #M940001
2023.03.10 12:00:00,269,XAUUSD,sell,out,0.01,1831.70,269,-0.04,0.00,-0.20,3 211.61,
2023.03.10 14:45:00,270,XAUUSD,buy,in,0.01,1836.27,270,-0.04,0.00,0.00,3 211.57,United SuperEMA long #M940001
2023.03.10 15:30:00,271,XAUUSD,sell,out,0.01,1833.58,271,-0.04,0.00,-2.69,3 208.84,
2023.03.10 15:38:08,272,XBRUSD,buy,out,0.5,81.77,272,0.00,-5.66,-7.00,3 196.18,sl 81.76
2023.03.10 15:38:11,273,XTIUSD,buy,out,0.5,75.65,273,0.00,-7.28,-6.50,3 182.40,sl 75.64
2023.03.10 15:45:00,274,XAUUSD,buy,in,0.01,1843.97,274,-0.04,0.00,0.00,3 182.36,United SuperEMA long #M940001
2023.03.10 17:00:00,275,XAUUSD,buy,in,0.01,1858.59,275,-0.04,0.00,0.00,3 182.32,WP Buy #M20260526
2023.03.10 18:00:02,276,NVDA.NAS,buy,in,21.2,23.33,276,-0.42,0.00,0.00,3 181.90,RSI Scalping Buy #M20003
2023.03.10 18:13:00,277,XAUUSD,sell,out,0.01,1859.73,277,-0.04,0.00,1.14,3 183.00,sl 1859.84
2023.03.10 19:00:00,278,XAUUSD,sell,in,0.26,1855.46,278,-0.91,0.00,0.00,3 182.09,RSI Scalping Sell #M129102315
2023.03.10 23:00:00,279,XAUUSD,buy,out,0.26,1869.97,279,-0.91,0.00,-377.26,2 803.92,
2023.03.13 00:05:00,280,BTCUSD,buy,in,0.23,21519.52,280,0.00,0.00,0.00,2 803.92,RSI Scalping Buy #M123459123
2023.03.13 01:17:23,281,BTCUSD,sell,out,0.23,21564.31,281,0.00,0.00,10.30,2 814.22,sl 21590.80
2023.03.13 02:00:00,282,XAUUSD,buy,in,0.01,1884.52,282,-0.04,0.00,0.00,2 814.18,WP Buy #M20260526
2023.03.13 04:00:00,283,XAUUSD,sell,out,0.01,1877.12,283,-0.04,-0.52,33.15,2 846.77,
2023.03.13 05:00:00,284,XAUUSD,sell,in,0.23,1873.04,284,-0.81,0.00,0.00,2 845.96,RSI Scalping Sell #M129102315
2023.03.13 05:01:19,285,XAUUSD,buy,out,0.23,1873.34,285,-0.81,0.00,-6.90,2 838.25,sl 1873.32
2023.03.13 07:00:00,286,XAUUSD,sell,in,0.23,1882.65,286,-0.81,0.00,0.00,2 837.44,RSI Scalping Sell #M129102315
2023.03.13 07:09:01,287,XAUUSD,buy,out,0.23,1882.78,287,-0.81,0.00,-2.99,2 833.64,sl 1882.78
2023.03.13 12:00:00,288,XAUUSD,buy,in,0.01,1885.68,288,-0.04,0.00,0.00,2 833.60,United SuperEMA long #M940001
2023.03.13 12:58:44,289,XAUUSD,sell,out,0.01,1886.31,289,-0.04,0.00,1.79,2 835.35,sl 1886.31
2023.03.13 17:00:00,290,XAUUSD,sell,in,0.23,1896.49,290,-0.81,0.00,0.00,2 834.54,RSI Scalping Sell #M129102315
2023.03.13 18:00:00,291,BTCUSD,buy,in,0.06,23607.55,291,0.00,0.00,0.00,2 834.54,RSI Scalping Buy #M123459123
2023.03.13 18:00:10,292,BTCUSD,sell,out,0.06,23607.46,292,0.00,0.00,-0.01,2 834.53,sl 23609.26
2023.03.13 23:00:00,293,XAUUSD,buy,out,0.23,1913.38,293,-0.81,0.00,-388.47,2 445.25,
2023.03.14 01:30:00,294,XAUUSD,sell,out,0.01,1911.07,294,-0.04,-0.52,25.39,2 470.08,
2023.03.15 18:00:00,295,NVDA.NAS,sell,out,21.2,23.54,295,-0.42,-0.01,4.45,2 474.10,
2023.04.03 04:00:00,296,XAUUSD,buy,in,0.06,1962.44,296,-0.21,0.00,0.00,2 473.89,RSI Follow BUY #M1001
2023.04.03 05:00:00,297,XAUUSD,sell,out,0.06,1960.34,297,-0.21,0.00,-12.60,2 461.08,
2023.04.03 05:45:00,298,XAUUSD,sell,in,0.02,1956.65,298,-0.07,0.00,0.00,2 461.01,United SuperEMA short #M940001
2023.04.03 07:00:01,299,XAUUSD,sell,in,0.06,1951.80,299,-0.21,0.00,0.00,2 460.80,RSI Reverse SELL #M1002
2023.04.03 09:30:00,300,XAUUSD,buy,out,0.02,1954.59,300,-0.07,0.00,4.12,2 464.85,
2023.04.03 11:00:00,301,XAUUSD,buy,out,0.06,1961.92,301,-0.21,0.00,-60.72,2 403.92,
2023.04.03 14:00:00,302,XAUUSD,buy,in,0.2,1972.64,302,-0.70,0.00,0.00,2 403.22,RSI Scalping Buy #M129102315
2023.04.03 14:03:56,303,XAUUSD,sell,out,0.2,1972.63,303,-0.70,0.00,-0.20,2 402.32,sl 1972.63
2023.04.03 17:00:00,304,TSLA.NAS,sell,in,30,198.36,304,-0.60,0.00,0.00,2 401.72,RSI Scalping Sell #M125421321
2023.04.05 17:00:00,305,XAUUSD,sell,in,0.2,2029.47,305,-0.70,0.00,0.00,2 401.02,RSI Scalping Sell #M129102315
2023.04.05 17:00:15,306,XAUUSD,buy,out,0.2,2028.63,306,-0.70,0.00,16.80,2 417.12,sl 2028.08
2023.04.05 18:01:22,307,TSLA.NAS,buy,out,30,185.91,307,-0.60,0.00,373.50,2 790.02,
2023.04.05 19:00:00,308,XAUUSD,buy,in,0.23,2021.84,308,-0.81,0.00,0.00,2 789.21,RSI Scalping Buy #M129102315
2023.04.05 19:05:35,309,XAUUSD,sell,out,0.23,2022.75,309,-0.81,0.00,20.93,2 809.33,sl 2022.93
2023.04.05 19:15:02,310,NVDA.NAS,sell,in,23.4,26.52,310,-0.47,0.00,0.00,2 808.86,RSI Scalping Sell #M20003
2023.04.05 19:30:00,311,NVDA.NAS,buy,out,23.4,26.47,311,-0.47,0.00,1.17,2 809.56,
2023.04.05 20:45:00,312,NVDA.NAS,buy,in,23.4,26.63,312,-0.47,0.00,0.00,2 809.09,RSI Scalping Buy #M20003
2023.04.05 21:30:00,313,XAUUSD,buy,in,0.02,2022.25,313,-0.07,0.00,0.00,2 809.02,United SuperEMA long #M940001
2023.04.05 22:00:00,314,XAUUSD,buy,in,0.23,2023.19,314,-0.81,0.00,0.00,2 808.21,RSI Scalping Buy #M129102315
2023.04.05 23:00:00,315,XAUUSD,sell,out,0.02,2021.15,315,-0.07,0.00,-2.20,2 805.94,
2023.04.06 03:00:01,316,XAUUSD,sell,out,0.23,2020.30,316,-0.81,-35.80,-66.47,2 702.86,
2023.04.06 12:00:01,317,XAUUSD,buy,in,0.06,2017.42,317,-0.21,0.00,0.00,2 702.65,RSI Reverse BUY #M1002
2023.04.06 17:00:00,318,TSLA.NAS,sell,in,0.1,181.68,318,-0.02,0.00,0.00,2 702.63,WP Sell #M20260530
2023.04.06 17:12:59,319,TSLA.NAS,buy,out,0.1,184.70,319,-0.02,0.00,-0.30,2 702.31,sl 184.69
2023.04.06 22:30:00,320,XAUUSD,sell,in,0.02,2007.29,320,-0.07,0.00,0.00,2 702.24,United SuperEMA short #M940001
2023.04.06 23:00:00,321,XAUUSD,buy,in,0.06,2007.13,321,-0.21,0.00,0.00,2 702.03,RSI Follow BUY #M1001
2023.04.10 01:00:00,322,BTCUSD,buy,in,0.22,28483.65,322,0.00,0.00,0.00,2 702.03,RSI Scalping Buy #M123459123
2023.04.10 01:00:55,323,BTCUSD,sell,out,0.22,28493.39,323,0.00,0.00,2.14,2 704.17,sl 28494.69
2023.04.10 01:04:29,324,XAUUSD,sell,out,0.06,1996.20,324,-0.21,-6.22,-65.58,2 632.16,
2023.04.10 02:00:00,325,XAUUSD,buy,in,0.06,2005.68,325,-0.21,0.00,0.00,2 631.95,RSI Follow BUY #M1001
2023.04.10 04:00:00,326,XAUUSD,sell,out,0.06,1998.51,326,-0.21,0.00,-43.02,2 588.72,
2023.04.10 06:00:00,327,XAUUSD,sell,out,0.06,1991.18,327,-0.21,-6.22,-157.44,2 424.85,
2023.04.10 08:45:00,328,XAUUSD,buy,out,0.02,1993.47,328,-0.07,1.80,27.64,2 454.22,
2023.04.10 16:00:00,329,XAUUSD,sell,in,0.04,1989.50,329,-0.14,0.00,0.00,2 454.08,United SuperEMA short #M940001
2023.04.10 20:00:00,330,BTCUSD,buy,in,0.2,29103.04,330,0.00,0.00,0.00,2 454.08,RSI Scalping Buy #M123459123
2023.04.10 20:00:00,331,XAUUSD,buy,out,0.04,1989.75,331,-0.14,0.00,-1.00,2 452.94,
2023.04.10 20:00:16,332,BTCUSD,sell,out,0.2,29150.52,332,0.00,0.00,9.50,2 462.44,sl 29154.82
2023.04.10 22:00:00,333,SOXX.NAS,buy,in,0.1,143.489,333,-0.02,0.00,0.00,2 462.42,WP Buy #M20260532
2023.04.10 22:54:26,334,SOXX.NAS,sell,out,0.1,143.189,334,-0.02,0.00,-0.03,2 462.37,sl 143.189
2023.04.11 10:00:01,335,BTCUSD,buy,in,0.2,30065.96,335,0.00,0.00,0.00,2 462.37,RSI Scalping Buy #M123459123
2023.04.11 10:01:54,336,BTCUSD,sell,out,0.2,30085.08,336,0.00,0.00,3.82,2 466.19,sl 30085.38
2023.04.11 14:00:01,337,BTCUSD,buy,in,0.2,30152.99,337,0.00,0.00,0.00,2 466.19,RSI Scalping Buy #M123459123
2023.04.11 15:15:36,338,BTCUSD,sell,out,0.2,30204.42,338,0.00,0.00,10.29,2 476.48,sl 30205.75
2023.04.11 17:00:00,339,BTCUSD,buy,in,0.2,30283.51,339,0.00,0.00,0.00,2 476.48,RSI Scalping Buy #M123459123
2023.04.11 17:01:20,340,SOXX.NAS,buy,in,0.1,143.790,340,-0.02,0.00,0.00,2 476.46,WP Buy #M20260532
2023.04.11 17:04:19,341,BTCUSD,sell,out,0.2,30276.55,341,0.00,0.00,-1.39,2 475.07,sl 30285.86
2023.04.11 17:05:06,342,SOXX.NAS,sell,out,0.1,143.810,342,-0.02,0.00,0.00,2 475.05,sl 143.811
2023.04.12 16:35:00,343,TSLA.NAS,sell,in,30.9,189.76,343,-0.62,0.00,0.00,2 474.43,RSI Scalping Sell #M125421321
2023.04.12 17:45:00,344,NVDA.NAS,sell,out,23.4,26.72,344,-0.47,-0.01,2.11,2 476.06,
2023.04.12 18:45:00,345,NVDA.NAS,buy,in,20.6,26.77,345,-0.41,0.00,0.00,2 475.65,RSI Scalping Buy #M20003
2023.04.12 22:30:00,346,NVDA.NAS,sell,out,20.6,26.48,346,-0.41,0.00,-5.97,2 469.27,
2023.04.13 17:15:00,347,NVDA.NAS,buy,in,20.5,26.75,347,-0.41,0.00,0.00,2 468.86,RSI Scalping Buy #M20003
2023.04.13 19:00:01,348,AAPL.NAS,buy,in,0.1,163.797,348,-0.02,0.00,0.00,2 468.84,WP Buy #M20260528
2023.04.13 19:04:11,349,AAPL.NAS,sell,out,0.1,163.757,349,-0.02,0.00,0.00,2 468.82,sl 163.757
2023.04.13 20:00:00,350,AAPL.NAS,buy,in,0.1,164.117,350,-0.02,0.00,0.00,2 468.80,WP Buy #M20260528
2023.04.13 20:01:53,351,AAPL.NAS,sell,out,0.1,163.915,351,-0.02,0.00,-0.02,2 468.76,sl 163.917
2023.04.13 21:00:05,352,AAPL.NAS,buy,in,10.2,164.922,352,-0.20,0.00,0.00,2 468.56,RSI Scalping Buy #M20001
2023.04.13 21:00:05,353,AAPL.NAS,buy,in,0.1,164.903,353,-0.02,0.00,0.00,2 468.54,WP Buy #M20260528
2023.04.13 21:18:52,354,AAPL.NAS,sell,out,0.1,165.328,354,-0.02,0.00,0.04,2 468.56,tp 165.322
2023.04.13 21:22:38,355,AAPL.NAS,sell,out,10.2,165.241,355,-0.20,0.00,3.25,2 471.61,sl 165.254
2023.04.13 21:30:00,356,AAPL.NAS,sell,in,10.2,165.189,356,-0.20,0.00,0.00,2 471.41,RSI Scalping Sell #M20001
2023.04.13 21:36:30,357,AAPL.NAS,buy,out,10.2,165.092,357,-0.20,0.00,0.99,2 472.20,sl 165.088
2023.04.13 22:00:00,358,AAPL.NAS,buy,in,0.1,165.186,358,-0.02,0.00,0.00,2 472.18,WP Buy #M20260528
2023.04.13 22:00:02,359,XBRUSD,sell,in,0.5,86.35,359,0.00,0.00,0.00,2 472.18,WP Sell #M20260534
2023.04.13 22:07:20,360,AAPL.NAS,sell,out,0.1,165.176,360,-0.02,0.00,0.00,2 472.16,sl 165.178
2023.04.13 22:10:02,361,AAPL.NAS,buy,in,10.3,165.332,361,-0.21,0.00,0.00,2 471.95,RSI Scalping Buy #M20001
2023.04.13 22:23:23,362,AAPL.NAS,sell,out,10.3,165.417,362,-0.21,0.00,0.88,2 472.62,sl 165.433
2023.04.14 16:50:00,363,AAPL.NAS,buy,in,10.3,165.987,363,-0.21,0.00,0.00,2 472.41,RSI Scalping Buy #M20001
2023.04.14 16:51:20,364,AAPL.NAS,sell,out,10.3,166.147,364,-0.21,0.00,1.65,2 473.85,sl 166.152
2023.04.14 18:22:19,365,XBRUSD,buy,out,0.5,86.62,365,0.00,-5.66,-13.50,2 454.69,sl 86.61
2023.04.14 20:00:00,366,AUDUSD,sell,in,0.03,0.66976,366,-0.11,0.00,0.00,2 454.58,WP Sell #M20260525
2023.04.17 16:35:00,367,TSLA.NAS,buy,out,30.9,185.93,367,-0.62,0.00,118.35,2 572.31,
2023.04.17 18:00:00,368,TSLA.NAS,sell,in,32.1,185.55,368,-0.64,0.00,0.00,2 571.67,RSI Scalping Sell #M125421321
2023.04.17 21:00:00,369,XBRUSD,sell,in,0.5,84.71,369,0.00,0.00,0.00,2 571.67,WP Sell #M20260534
2023.04.17 22:59:07,370,AUDUSD,buy,out,0.03,0.67051,370,-0.11,-0.13,-2.25,2 569.18,sl 0.67051
2023.04.18 15:00:00,371,BTCUSD,buy,in,0.21,30399.90,371,0.00,0.00,0.00,2 569.18,RSI Scalping Buy #M123459123
2023.04.18 15:00:05,372,BTCUSD,sell,out,0.21,30414.24,372,0.00,0.00,3.01,2 572.19,sl 30414.78
2023.04.18 16:35:00,373,TSLA.NAS,buy,out,32.1,186.92,373,-0.64,0.00,-43.98,2 527.57,
2023.04.18 16:35:00,374,NVDA.NAS,sell,out,20.5,27.68,374,-0.41,-0.01,19.07,2 546.22,
2023.04.18 16:40:01,375,AAPL.NAS,buy,in,10.6,166.290,375,-0.21,0.00,0.00,2 546.01,RSI Scalping Buy #M20001
2023.04.18 16:42:13,376,AAPL.NAS,sell,out,10.6,166.349,376,-0.21,0.00,0.63,2 546.43,sl 166.360
2023.04.18 17:00:00,377,AAPL.NAS,sell,in,10.6,166.930,377,-0.21,0.00,0.00,2 546.22,RSI Scalping Sell #M20001
2023.04.18 17:00:00,378,TSLA.NAS,sell,in,31.8,184.97,378,-0.64,0.00,0.00,2 545.58,RSI Scalping Sell #M125421321
2023.04.18 17:03:56,379,AAPL.NAS,buy,out,10.6,166.740,379,-0.21,0.00,2.01,2 547.38,sl 166.734
2023.04.18 17:21:36,380,XBRUSD,buy,out,0.5,84.83,380,0.00,-5.66,-6.00,2 535.72,sl 84.83
2023.04.18 21:45:00,381,NVDA.NAS,sell,in,21.1,27.49,381,-0.42,0.00,0.00,2 535.30,RSI Scalping Sell #M20003
2023.04.18 22:00:00,382,NVDA.NAS,buy,out,21.1,27.43,382,-0.42,0.00,1.27,2 536.15,
2023.04.18 22:15:02,383,NVDA.NAS,buy,in,21.1,27.52,383,-0.42,0.00,0.00,2 535.73,RSI Scalping Buy #M20003
2023.04.19 20:00:00,384,AAPL.NAS,buy,in,0.1,167.844,384,-0.02,0.00,0.00,2 535.71,WP Buy #M20260528
2023.04.19 20:16:23,385,AAPL.NAS,sell,out,0.1,167.957,385,-0.02,0.00,0.01,2 535.70,sl 167.960
2023.04.20 16:35:00,386,TSLA.NAS,buy,out,31.8,167.23,386,-0.64,0.00,564.13,3 099.19,
2023.04.20 22:30:00,387,NVDA.NAS,sell,out,21.1,27.05,387,-0.42,0.00,-9.92,3 088.85,
2023.04.21 17:30:00,388,NVDA.NAS,buy,in,25.7,27.03,388,-0.51,0.00,0.00,3 088.34,RSI Scalping Buy #M20003
2023.04.24 18:45:00,389,NVDA.NAS,sell,out,25.7,26.80,389,-0.51,-0.01,-5.91,3 081.91,
2023.04.24 19:30:00,390,NVDA.NAS,buy,in,25.6,26.81,390,-0.51,0.00,0.00,3 081.40,RSI Scalping Buy #M20003
2023.04.25 17:00:00,391,AUDUSD,sell,in,0.04,0.66324,391,-0.14,0.00,0.00,3 081.26,WP Sell #M20260525
2023.04.25 18:00:00,392,NVDA.NAS,sell,out,25.6,26.65,392,-0.51,0.00,-4.10,3 076.65,
2023.04.25 18:00:00,393,XTIUSD,sell,in,0.5,76.92,393,0.00,0.00,0.00,3 076.65,WP Sell #M20260533
2023.04.25 18:00:00,394,XBRUSD,sell,in,0.5,80.72,394,0.00,0.00,0.00,3 076.65,WP Sell #M20260534
2023.04.25 18:30:02,395,NVDA.NAS,buy,in,25.6,26.68,395,-0.51,0.00,0.00,3 076.14,RSI Scalping Buy #M20003
2023.04.25 19:45:00,396,NVDA.NAS,sell,out,25.6,26.43,396,-0.51,0.00,-6.40,3 069.23,
2023.04.25 21:15:02,397,NVDA.NAS,sell,in,20.4,26.40,397,-0.41,0.00,0.00,3 068.82,RSI Scalping Sell #M20003
2023.04.25 22:00:00,398,NVDA.NAS,buy,out,20.4,26.37,398,-0.41,0.00,0.61,3 069.02,
2023.04.25 22:00:00,399,NVDA.NAS,sell,in,20.4,26.36,399,-0.41,0.00,0.00,3 068.61,RSI Scalping Sell #M20003
2023.04.25 22:45:00,400,NVDA.NAS,buy,out,20.4,26.34,400,-0.41,0.00,0.41,3 068.61,
2023.04.25 22:45:00,401,NVDA.NAS,sell,in,25.5,26.33,401,-0.51,0.00,0.00,3 068.10,RSI Scalping Sell #M20003
2023.04.26 01:00:01,402,BTCUSD,buy,in,0.25,28287.85,402,0.00,0.00,0.00,3 068.10,RSI Scalping Buy #M123459123
2023.04.26 01:00:14,403,BTCUSD,sell,out,0.25,28303.89,403,0.00,0.00,4.01,3 072.11,sl 28308.19
2023.04.26 01:28:00,404,AUDUSD,buy,out,0.04,0.66393,404,-0.14,-0.18,-2.76,3 069.03,sl 0.66384
2023.04.26 09:00:00,405,BTCUSD,buy,in,0.15,28407.30,405,0.00,0.00,0.00,3 069.03,RSI Scalping Buy #M123459123
2023.04.26 09:00:06,406,BTCUSD,sell,out,0.15,28412.22,406,0.00,0.00,0.74,3 069.77,sl 28412.41
2023.04.26 12:00:00,407,BTCUSD,buy,in,0.25,28744.33,407,0.00,0.00,0.00,3 069.77,RSI Scalping Buy #M123459123
2023.04.26 12:00:22,408,BTCUSD,sell,out,0.25,28749.72,408,0.00,0.00,1.35,3 071.12,sl 28749.99
2023.04.26 17:00:00,409,EURUSD,buy,in,0.04,1.10848,409,-0.14,0.00,0.00,3 070.98,WP Buy #M20260524
2023.04.26 17:30:00,410,NVDA.NAS,buy,out,25.5,27.01,410,-0.51,0.00,-17.34,3 053.13,
2023.04.26 17:37:52,411,XTIUSD,buy,out,0.5,76.60,411,0.00,-7.28,16.00,3 061.85,sl 76.60
2023.04.26 17:41:25,412,XBRUSD,buy,out,0.5,80.10,412,0.00,-5.66,31.00,3 087.19,sl 80.10
2023.04.26 19:29:03,413,EURUSD,sell,out,0.04,1.10348,413,-0.14,0.00,-20.00,3 067.05,sl 1.10348
2023.04.26 22:00:00,414,NVDA.NAS,sell,in,25.5,26.96,414,-0.51,0.00,0.00,3 066.54,RSI Scalping Sell #M20003
2023.04.26 22:15:03,415,NVDA.NAS,buy,out,25.5,26.95,415,-0.51,0.00,0.26,3 066.29,
2023.04.26 22:30:00,416,NVDA.NAS,buy,in,25.5,26.99,416,-0.51,0.00,0.00,3 065.78,RSI Scalping Buy #M20003
2023.04.26 23:00:01,417,XTIUSD,sell,in,0.5,74.29,417,0.00,0.00,0.00,3 065.78,WP Sell #M20260533
2023.04.26 23:00:01,418,XBRUSD,sell,in,0.5,77.84,418,0.00,0.00,0.00,3 065.78,WP Sell #M20260534
2023.04.27 20:00:00,419,AAPL.NAS,buy,in,0.1,167.008,419,-0.02,0.00,0.00,3 065.76,WP Buy #M20260528
2023.04.27 20:04:02,420,AAPL.NAS,sell,out,0.1,166.969,420,-0.02,0.00,0.00,3 065.74,sl 166.969
2023.04.27 21:00:00,421,AAPL.NAS,buy,in,0.1,167.264,421,-0.02,0.00,0.00,3 065.72,WP Buy #M20260528
2023.04.27 21:08:05,422,AAPL.NAS,sell,out,0.1,167.313,422,-0.02,0.00,0.00,3 065.70,sl 167.313
2023.04.27 22:00:00,423,AAPL.NAS,buy,in,0.1,167.880,423,-0.02,0.00,0.00,3 065.68,WP Buy #M20260528
2023.04.27 22:10:03,424,AAPL.NAS,buy,in,10.2,168.021,424,-0.20,0.00,0.00,3 065.48,RSI Scalping Buy #M20001
2023.04.27 22:11:11,425,AAPL.NAS,sell,out,0.1,167.948,425,-0.02,0.00,0.01,3 065.47,sl 167.953
2023.04.27 22:17:31,426,AAPL.NAS,sell,out,10.2,168.196,426,-0.20,0.00,1.79,3 067.06,sl 168.197
2023.04.28 16:35:00,427,AAPL.NAS,buy,in,0.1,168.507,427,-0.02,0.00,0.00,3 067.04,WP Buy #M20260528
2023.04.28 16:35:44,428,AAPL.NAS,sell,out,0.1,168.295,428,-0.02,0.00,-0.02,3 067.00,sl 168.307
2023.04.28 16:40:01,429,AAPL.NAS,sell,in,7.6,168.300,429,-0.15,0.00,0.00,3 066.85,RSI Scalping Sell #M20001
2023.04.28 16:42:55,430,AAPL.NAS,buy,out,7.6,168.010,430,-0.15,0.00,2.20,3 068.90,sl 168.010
2023.04.28 17:10:00,431,AAPL.NAS,buy,in,7.6,169.016,431,-0.15,0.00,0.00,3 068.75,RSI Scalping Buy #M20001
2023.04.28 17:11:55,432,AAPL.NAS,sell,out,7.6,169.120,432,-0.15,0.00,0.79,3 069.39,sl 169.130
2023.04.28 17:20:09,433,XBRUSD,buy,out,0.5,79.34,433,0.00,-11.32,-75.00,2 983.07,sl 79.34
2023.04.28 17:33:44,434,XTIUSD,buy,out,0.5,75.79,434,0.00,-14.56,-75.00,2 893.51,sl 75.79
2023.04.28 17:40:00,435,AAPL.NAS,sell,in,12,169.440,435,-0.24,0.00,0.00,2 893.27,RSI Scalping Sell #M20001
2023.04.28 17:41:38,436,AAPL.NAS,buy,out,12,169.371,436,-0.24,0.00,0.83,2 893.86,sl 169.365
2023.05.01 16:45:00,437,NVDA.NAS,sell,out,25.5,28.15,437,-0.51,-0.01,29.58,2 922.92,
2023.05.01 17:00:00,438,TSLA.NAS,sell,in,36.5,161.96,438,-0.73,0.00,0.00,2 922.19,RSI Scalping Sell #M125421321
2023.05.01 18:03:25,439,SOXX.NAS,buy,in,0.1,138.576,439,-0.02,0.00,0.00,2 922.17,WP Buy #M20260532
2023.05.01 18:13:46,440,SOXX.NAS,sell,out,0.1,138.260,440,-0.02,0.00,-0.03,2 922.12,sl 138.276
2023.05.02 07:30:12,441,AUDUSD,sell,in,0.19,0.66805,441,-0.67,0.00,0.00,2 921.45,RSI Overbought Crossover Sell #
2023.05.02 08:00:01,442,AUDUSD,buy,out,0.19,0.66940,442,-0.67,0.00,-25.65,2 895.13,
2023.05.02 16:35:00,443,TSLA.NAS,buy,out,36.5,164.36,443,-0.73,0.00,-87.60,2 806.80,
2023.06.01 01:02:09,444,XAUUSD,buy,in,0.07,1963.44,444,-0.25,0.00,0.00,2 806.55,RSI Follow BUY #M1001
2023.06.01 02:00:00,445,XAUUSD,buy,in,0.23,1966.55,445,-0.81,0.00,0.00,2 805.74,RSI Scalping Buy #M129102315
2023.06.01 02:00:00,446,XAUUSD,buy,in,0.04,1966.55,446,-0.14,0.00,0.00,2 805.60,United SuperEMA long #M940001
2023.06.01 02:48:33,447,XAUUSD,sell,out,0.23,1966.28,447,-0.81,0.00,-6.21,2 798.58,sl 1966.30
2023.06.01 04:30:01,448,XAUUSD,sell,out,0.04,1964.32,448,-0.14,0.00,-8.92,2 789.52,
2023.06.01 07:00:00,449,XAUUSD,sell,in,0.05,1964.26,449,-0.18,0.00,0.00,2 789.34,RSI Reverse SELL #M1002
2023.06.01 07:00:00,450,XAUUSD,buy,out,0.05,1964.34,450,-0.18,0.00,-0.40,2 788.76,
2023.06.01 14:00:00,451,XAUUSD,buy,in,0.18,1966.72,451,-0.63,0.00,0.00,2 788.13,RSI Scalping Buy #M129102315
2023.06.01 14:02:54,452,XAUUSD,sell,out,0.18,1967.45,452,-0.63,0.00,13.14,2 800.64,sl 1967.45
2023.06.01 15:36:00,453,XAUUSD,buy,in,0.14,1964.87,453,-0.49,0.00,0.00,2 800.15,RSI Oversold Crossover Buy #M7
2023.06.01 15:48:00,454,XAUUSD,sell,out,0.14,1966.07,454,-0.49,0.00,16.80,2 816.46,
2023.06.01 16:35:00,455,NVDA.NAS,sell,in,23.4,38.53,455,-0.47,0.00,0.00,2 815.99,RSI Scalping Sell #M20003
2023.06.01 17:00:00,456,EURUSD,buy,in,0.04,1.07358,456,-0.14,0.00,0.00,2 815.85,WP Buy #M20260524
2023.06.01 17:45:00,457,NVDA.NAS,buy,out,23.4,39.02,457,-0.47,0.00,-11.47,2 803.91,
2023.06.01 20:00:00,458,TSLA.NAS,buy,in,0.1,206.35,458,-0.02,0.00,0.00,2 803.89,WP Buy #M20260530
2023.06.01 20:00:01,459,XAUUSD,sell,in,0.23,1978.27,459,-0.81,0.00,0.00,2 803.08,RSI Scalping Sell #M129102315
2023.06.01 20:09:51,460,XAUUSD,buy,out,0.23,1977.81,460,-0.81,0.00,10.58,2 812.85,sl 1977.73
2023.06.01 22:00:00,461,TSLA.NAS,buy,in,35.1,209.48,461,-0.70,0.00,0.00,2 812.15,RSI Scalping Buy #M125421321
2023.06.01 22:23:41,462,TSLA.NAS,sell,out,0.1,207.95,462,-0.02,0.00,0.16,2 812.29,sl 207.97
2023.06.02 07:00:00,463,XAUUSD,buy,in,0.07,1982.60,463,-0.25,0.00,0.00,2 812.04,RSI Reverse BUY #M1002
2023.06.02 12:00:00,464,XAUUSD,buy,in,0.23,1979.20,464,-0.81,0.00,0.00,2 811.23,RSI Scalping Buy #M129102315
2023.06.02 12:45:00,465,XAUUSD,buy,in,0.04,1980.72,465,-0.14,0.00,0.00,2 811.09,United SuperEMA long #M940001
2023.06.02 12:59:34,466,XAUUSD,sell,out,0.23,1980.52,466,-0.81,0.00,30.36,2 840.64,sl 1980.52
2023.06.02 15:30:01,467,XAUUSD,sell,out,0.04,1977.94,467,-0.14,0.00,-11.12,2 829.38,
2023.06.02 15:30:01,468,EURUSD,sell,out,0.04,1.07444,468,-0.14,-0.30,3.44,2 832.38,sl 1.07490
2023.06.02 16:35:00,469,TSLA.NAS,sell,out,35.1,212.07,469,-0.70,-0.01,90.91,2 922.58,
2023.06.02 16:45:00,470,XAUUSD,sell,in,0.04,1968.26,470,-0.14,0.00,0.00,2 922.44,United SuperEMA short #M940001
2023.06.02 17:00:00,471,NVDA.NAS,sell,in,14.6,39.27,471,-0.29,0.00,0.00,2 922.15,RSI Scalping Sell #M20003
2023.06.02 17:00:00,472,TSLA.NAS,buy,in,0.1,210.93,472,-0.02,0.00,0.00,2 922.13,WP Buy #M20260530
2023.06.02 18:00:00,473,TSLA.NAS,buy,in,21.9,215.83,473,-0.44,0.00,0.00,2 921.69,RSI Scalping Buy #M125421321
2023.06.02 18:15:00,474,NVDA.NAS,buy,out,14.6,39.67,474,-0.29,0.00,-5.84,2 915.56,
2023.06.02 18:30:38,475,TSLA.NAS,sell,out,0.1,216.95,475,-0.02,0.00,0.60,2 916.14,tp 216.93
2023.06.02 19:00:00,476,TSLA.NAS,buy,in,0.1,216.17,476,-0.02,0.00,0.00,2 916.12,WP Buy #M20260530
2023.06.02 20:00:00,477,XAUUSD,sell,out,0.07,1952.35,477,-0.25,-3.63,-77.63,2 834.61,
2023.06.02 20:00:00,478,XAUUSD,sell,out,0.07,1952.35,478,-0.25,0.00,-211.75,2 622.61,
2023.06.05 07:00:00,479,XAUUSD,buy,out,0.04,1947.22,479,-0.14,1.79,84.16,2 708.42,
2023.06.05 16:36:57,480,TSLA.NAS,sell,out,0.1,219.42,480,-0.02,0.00,0.33,2 708.73,sl 219.43
2023.06.05 19:00:00,481,TSLA.NAS,sell,out,21.9,217.43,481,-0.44,-0.01,35.04,2 743.32,
2023.06.05 19:00:00,482,AAPL.NAS,buy,in,0.1,184.119,482,-0.02,0.00,0.00,2 743.30,WP Buy #M20260528
2023.06.05 19:10:00,483,AAPL.NAS,sell,out,0.1,184.524,483,-0.02,0.00,0.04,2 743.32,tp 184.519
2023.06.05 19:15:00,484,XAUUSD,buy,in,0.04,1960.38,484,-0.14,0.00,0.00,2 743.18,United SuperEMA long #M940001
2023.06.05 20:00:00,485,XAUUSD,buy,in,0.01,1958.38,485,-0.04,0.00,0.00,2 743.14,WP Buy #M20260526
2023.06.05 20:45:00,486,NVDA.NAS,sell,in,22.8,38.93,486,-0.46,0.00,0.00,2 742.68,RSI Scalping Sell #M20003
2023.06.05 21:15:00,487,NVDA.NAS,buy,out,22.8,38.81,487,-0.46,0.00,2.74,2 744.96,
2023.06.05 22:00:00,488,NVDA.NAS,buy,in,22.8,39.07,488,-0.46,0.00,0.00,2 744.50,RSI Scalping Buy #M20003
2023.06.06 01:45:00,489,XAUUSD,sell,out,0.04,1960.94,489,-0.14,-2.08,2.24,2 744.52,
2023.06.06 07:30:04,490,AUDUSD,sell,in,0.18,0.66644,490,-0.63,0.00,0.00,2 743.89,RSI Overbought Crossover Sell #
2023.06.06 08:00:00,491,AUDUSD,buy,out,0.18,0.66654,491,-0.63,0.00,-1.80,2 741.46,
2023.06.06 08:00:01,492,XAUUSD,buy,in,0.22,1961.39,492,-0.77,0.00,0.00,2 740.69,RSI Scalping Buy #M129102315
2023.06.06 08:14:41,493,XAUUSD,sell,out,0.22,1961.99,493,-0.77,0.00,13.20,2 753.12,sl 1961.99
2023.06.06 10:41:39,494,XAUUSD,sell,out,0.01,1957.02,494,-0.04,-0.52,-1.36,2 751.20,sl 1957.10
2023.06.06 11:00:00,495,XBRUSD,sell,in,0.5,75.60,495,0.00,0.00,0.00,2 751.20,WP Sell #M20260534
2023.06.06 12:15:00,496,XAUUSD,buy,in,0.04,1961.70,496,-0.14,0.00,0.00,2 751.06,United SuperEMA long #M940001
2023.06.06 13:00:00,497,XAUUSD,buy,in,0.22,1962.46,497,-0.77,0.00,0.00,2 750.29,RSI Scalping Buy #M129102315
2023.06.06 13:08:18,498,XAUUSD,sell,out,0.22,1962.13,498,-0.77,0.00,-7.26,2 742.26,sl 1962.26
2023.06.06 15:45:00,499,XAUUSD,sell,out,0.04,1960.46,499,-0.14,0.00,-4.96,2 737.16,
2023.06.06 16:10:00,500,XBRUSD,buy,out,0.5,75.70,500,0.00,0.00,-5.00,2 732.16,sl 75.70
2023.06.06 19:00:00,501,XAUUSD,buy,in,0.18,1963.60,501,-0.63,0.00,0.00,2 731.53,RSI Scalping Buy #M129102315
2023.06.06 19:00:00,502,XAUUSD,buy,in,0.03,1963.66,502,-0.11,0.00,0.00,2 731.42,United SuperEMA long #M940001
2023.06.06 19:09:18,503,XAUUSD,sell,out,0.18,1965.64,503,-0.63,0.00,36.72,2 767.51,sl 1965.70
2023.06.06 20:22:09,504,BTCUSD,buy,in,0.01,26480.30,504,0.00,0.00,0.00,2 767.51,WP Buy #M20260527
2023.06.06 22:15:01,505,XAUUSD,sell,out,0.03,1963.07,505,-0.11,0.00,-1.77,2 765.63,
2023.06.06 23:00:01,506,XAUUSD,buy,in,0.06,1963.12,506,-0.21,0.00,0.00,2 765.42,RSI Follow BUY #M1001
2023.06.06 23:00:01,507,BTCUSD,buy,in,0.23,27118.43,507,0.00,0.00,0.00,2 765.42,RSI Scalping Buy #M123459123
2023.06.06 23:00:09,508,BTCUSD,sell,out,0.23,27116.38,508,0.00,0.00,-0.47,2 764.95,sl 27120.68
2023.06.06 23:24:00,509,BTCUSD,sell,out,0.01,26883.78,509,0.00,0.00,4.03,2 768.98,sl 26892.94
2023.06.07 01:00:00,510,BTCUSD,buy,in,0.23,27075.52,510,0.00,0.00,0.00,2 768.98,RSI Scalping Buy #M123459123
2023.06.07 01:02:14,511,BTCUSD,sell,out,0.23,27080.30,511,0.00,0.00,1.10,2 770.08,sl 27082.60
2023.06.07 17:00:00,512,TSLA.NAS,buy,in,0.1,228.36,512,-0.02,0.00,0.00,2 770.06,WP Buy #M20260530
2023.06.07 17:19:06,513,TSLA.NAS,sell,out,0.1,229.00,513,-0.02,0.00,0.06,2 770.10,sl 229.00
2023.06.07 19:00:01,514,XAUUSD,sell,out,0.06,1947.49,514,-0.21,-3.11,-93.78,2 673.00,
2023.06.07 21:00:00,515,NVDA.NAS,sell,out,22.8,38.10,515,-0.46,0.00,-22.12,2 650.42,
2023.07.03 07:00:10,516,XAUUSD,buy,in,0.22,1918.41,516,-0.77,0.00,0.00,2 649.65,RSI Scalping Buy #M129102315
2023.07.03 08:12:40,517,XAUUSD,sell,out,0.22,1919.82,517,-0.77,0.00,31.02,2 679.90,sl 1919.84
2023.07.03 11:15:01,518,XAUUSD,sell,in,0.04,1910.79,518,-0.14,0.00,0.00,2 679.76,United SuperEMA short #M940001
2023.07.03 14:00:00,519,XAUUSD,buy,out,0.04,1914.00,519,-0.14,0.00,-12.84,2 666.78,
2023.07.03 16:00:00,520,XAUUSD,buy,in,0.22,1921.90,520,-0.77,0.00,0.00,2 666.01,RSI Scalping Buy #M129102315
2023.07.03 16:18:10,521,XAUUSD,sell,out,0.22,1924.54,521,-0.77,0.00,58.08,2 723.32,sl 1924.56
2023.07.03 16:35:00,522,AAPL.NAS,buy,in,0.1,193.360,522,-0.02,0.00,0.00,2 723.30,WP Buy #M20260528
2023.07.03 16:37:04,523,AAPL.NAS,sell,out,0.1,193.149,523,-0.02,0.00,-0.02,2 723.26,sl 193.160
2023.07.03 16:40:00,524,AAPL.NAS,sell,in,11.3,193.294,524,-0.23,0.00,0.00,2 723.03,RSI Scalping Sell #M20001
2023.07.03 16:46:38,525,AAPL.NAS,buy,out,11.3,192.987,525,-0.23,0.00,3.47,2 726.27,sl 192.935
2023.07.03 17:00:00,526,TSLA.NAS,buy,in,34,282.00,526,-0.68,0.00,0.00,2 725.59,RSI Scalping Buy #M125421321
2023.07.03 17:00:00,527,TSLA.NAS,buy,in,0.1,282.16,527,-0.02,0.00,0.00,2 725.57,WP Buy #M20260530
2023.07.03 17:40:27,528,TSLA.NAS,sell,out,0.1,279.00,528,-0.02,0.00,-0.32,2 725.23,sl 279.00
2023.07.03 18:00:00,529,TSLA.NAS,buy,in,0.1,279.22,529,-0.02,0.00,0.00,2 725.21,WP Buy #M20260530
2023.07.03 18:00:00,530,XAUUSD,buy,in,0.01,1930.23,530,-0.04,0.00,0.00,2 725.17,WP Buy #M20260526
2023.07.03 18:40:25,531,TSLA.NAS,sell,out,0.1,276.21,531,-0.02,0.00,-0.30,2 724.85,sl 276.22
2023.07.03 19:00:00,532,TSLA.NAS,sell,out,34,276.25,532,-0.68,0.00,-195.50,2 528.67,
2023.07.05 22:06:51,533,XAUUSD,sell,out,0.01,1915.24,533,-0.04,-1.04,-14.99,2 512.60,sl 1915.27
2023.08.01 01:02:03,534,XAUUSD,buy,in,0.05,1965.91,534,-0.18,0.00,0.00,2 512.42,RSI Follow BUY #M1001
2023.08.01 07:00:04,535,XAUUSD,sell,in,0.05,1962.07,535,-0.18,0.00,0.00,2 512.24,RSI Reverse SELL #M1002
2023.08.01 07:00:04,536,XAUUSD,buy,out,0.05,1962.19,536,-0.18,0.00,-0.60,2 511.46,
2023.08.01 12:00:00,537,AUDUSD,sell,in,0.03,0.66355,537,-0.11,0.00,0.00,2 511.35,WP Sell #M20260525
2023.08.01 14:45:01,538,XAUUSD,sell,in,0.03,1953.74,538,-0.11,0.00,0.00,2 511.24,United SuperEMA short #M940001
2023.08.01 15:00:00,539,XAUUSD,sell,out,0.05,1953.65,539,-0.18,0.00,-61.30,2 449.76,
2023.08.01 16:35:00,540,TSLA.NAS,sell,in,24.4,264.23,540,-0.49,0.00,0.00,2 449.27,RSI Scalping Sell #M125421321
2023.08.01 16:45:00,541,NVDA.NAS,sell,in,16.3,46.32,541,-0.33,0.00,0.00,2 448.94,RSI Scalping Sell #M20003
2023.08.01 17:00:00,542,NVDA.NAS,buy,out,16.3,46.09,542,-0.33,0.00,3.75,2 452.36,
2023.08.01 17:00:19,543,AUDUSD,buy,out,0.03,0.66294,543,-0.11,0.00,1.83,2 454.08,sl 0.66294
2023.08.01 17:30:00,544,NVDA.NAS,buy,in,20.4,46.36,544,-0.41,0.00,0.00,2 453.67,RSI Scalping Buy #M20003
2023.08.01 21:30:01,545,XAUUSD,buy,out,0.03,1945.02,545,-0.11,0.00,26.16,2 479.72,
2023.08.02 03:00:00,546,BTCUSD,buy,in,0.2,29706.74,546,0.00,0.00,0.00,2 479.72,RSI Scalping Buy #M123459123
2023.08.02 03:00:00,547,XTIUSD,buy,in,0.5,82.30,547,0.00,0.00,0.00,2 479.72,WP Buy #M20260533
2023.08.02 03:00:06,548,BTCUSD,sell,out,0.2,29711.79,548,0.00,0.00,1.01,2 480.73,sl 29712.51
2023.08.02 05:00:01,549,XBRUSD,buy,in,0.5,86.21,549,0.00,0.00,0.00,2 480.73,WP Buy #M20260534
2023.08.02 08:00:00,550,XAUUSD,sell,in,0.04,1946.40,550,-0.14,0.00,0.00,2 480.59,United SuperEMA short #M940001
2023.08.02 08:30:03,551,XAUUSD,buy,out,0.04,1948.45,551,-0.14,0.00,-8.20,2 472.25,
2023.08.02 15:30:00,552,XAUUSD,sell,in,0.04,1948.54,552,-0.14,0.00,0.00,2 472.11,United SuperEMA short #M940001
2023.08.02 16:32:03,553,XBRUSD,sell,out,0.5,84.71,553,0.00,0.00,-75.00,2 397.11,sl 84.71
2023.08.02 16:33:28,554,XTIUSD,sell,out,0.5,80.79,554,0.00,0.00,-75.50,2 321.61,sl 80.80
2023.08.02 16:35:00,555,TSLA.NAS,buy,out,24.4,255.26,555,-0.49,0.00,218.87,2 539.99,
2023.08.02 17:30:02,556,NVDA.NAS,sell,out,20.4,45.13,556,-0.41,0.00,-25.09,2 514.49,
2023.08.02 18:00:00,557,AUDUSD,sell,in,0.03,0.65396,557,-0.11,0.00,0.00,2 514.38,WP Sell #M20260525
2023.08.02 20:15:01,558,NVDA.NAS,buy,in,20.9,44.15,558,-0.42,0.00,0.00,2 513.96,RSI Scalping Buy #M20003
2023.08.02 20:30:00,559,XAUUSD,buy,out,0.04,1938.69,559,-0.14,0.00,39.40,2 553.22,
2023.08.03 14:38:53,560,AUDUSD,buy,out,0.03,0.65385,560,-0.11,-0.40,0.33,2 553.04,sl 0.65382
2023.08.03 21:00:00,561,XTIUSD,buy,in,0.5,81.59,561,0.00,0.00,0.00,2 553.04,WP Buy #M20260533
2023.08.04 18:00:00,562,EURUSD,buy,in,0.03,1.10234,562,-0.11,0.00,0.00,2 552.93,WP Buy #M20260524
2023.08.04 22:30:00,563,NVDA.NAS,sell,out,20.9,44.67,563,-0.42,0.00,10.87,2 563.38,
2023.08.04 22:30:00,564,NVDA.NAS,sell,in,21.2,44.68,564,-0.42,0.00,0.00,2 562.96,RSI Scalping Sell #M20003
2023.08.04 22:45:01,565,NVDA.NAS,buy,out,21.2,44.59,565,-0.42,0.00,1.91,2 564.45,
2023.08.07 09:33:13,566,EURUSD,sell,out,0.03,1.09733,566,-0.11,-0.23,-15.03,2 549.08,sl 1.09734
2023.08.07 11:37:02,567,XTIUSD,sell,out,0.5,82.40,567,0.00,21.40,40.50,2 610.98,sl 82.40
2023.08.07 16:45:00,568,NVDA.NAS,buy,in,21.7,45.34,568,-0.43,0.00,0.00,2 610.55,RSI Scalping Buy #M20003
2023.08.08 02:15:26,569,XAUUSD,buy,in,0.04,1936.89,569,-0.14,0.00,0.00,2 610.41,United SuperEMA long #M940001
2023.08.08 03:15:00,570,XAUUSD,sell,out,0.04,1936.00,570,-0.14,0.00,-3.56,2 606.71,
2023.08.08 03:30:02,571,XAUUSD,sell,in,0.04,1935.57,571,-0.14,0.00,0.00,2 606.57,United SuperEMA short #M940001
2023.08.08 05:00:01,572,XAUUSD,sell,in,0.06,1931.64,572,-0.21,0.00,0.00,2 606.36,RSI Follow SELL #M1001
2023.08.08 06:00:01,573,XAUUSD,buy,out,0.06,1935.03,573,-0.21,0.00,-20.34,2 585.81,
2023.08.08 07:00:00,574,XAUUSD,buy,in,0.06,1933.20,574,-0.21,0.00,0.00,2 585.60,RSI Follow BUY #M1001
2023.08.08 08:00:00,575,XAUUSD,buy,out,0.04,1934.49,575,-0.14,0.00,4.32,2 589.78,
2023.08.08 10:45:03,576,XAUUSD,sell,in,0.04,1932.44,576,-0.14,0.00,0.00,2 589.64,United SuperEMA short #M940001
2023.08.08 11:00:00,577,XAUUSD,sell,out,0.06,1930.85,577,-0.21,0.00,-14.10,2 575.33,
2023.08.08 12:00:00,578,XAUUSD,buy,out,0.04,1935.03,578,-0.14,0.00,-10.36,2 564.83,
2023.08.08 14:00:01,579,AUDUSD,sell,in,0.03,0.65047,579,-0.11,0.00,0.00,2 564.72,WP Sell #M20260525
2023.08.08 15:00:00,580,XAUUSD,sell,in,0.04,1928.89,580,-0.14,0.00,0.00,2 564.58,United SuperEMA short #M940001
2023.08.08 16:00:00,581,BTCUSD,buy,in,0.21,29564.81,581,0.00,0.00,0.00,2 564.58,RSI Scalping Buy #M123459123
2023.08.08 16:00:40,582,BTCUSD,sell,out,0.21,29569.21,582,0.00,0.00,0.92,2 565.50,sl 29569.29
2023.08.08 17:30:00,583,XAUUSD,buy,out,0.04,1929.63,583,-0.14,0.00,-2.96,2 562.40,
2023.08.08 21:00:00,584,BTCUSD,buy,in,0.21,29802.60,584,0.00,0.00,0.00,2 562.40,RSI Scalping Buy #M123459123
2023.08.08 21:02:00,585,BTCUSD,sell,out,0.21,29806.27,585,0.00,0.00,0.77,2 563.17,sl 29806.45
2023.08.08 23:58:11,586,AUDUSD,buy,out,0.03,0.65451,586,-0.11,0.00,-12.12,2 550.94,sl 0.65450
2023.08.09 08:15:00,587,XAUUSD,buy,in,0.04,1931.71,587,-0.14,0.00,0.00,2 550.80,United SuperEMA long #M940001
2023.08.09 09:30:01,588,XAUUSD,sell,out,0.04,1929.80,588,-0.14,0.00,-7.64,2 543.02,
2023.08.09 13:00:00,589,XAUUSD,sell,in,0.02,1926.20,589,-0.07,0.00,0.00,2 542.95,United SuperEMA short #M940001
2023.08.09 17:15:00,590,XAUUSD,buy,out,0.02,1925.31,590,-0.07,0.00,1.78,2 544.66,
2023.08.09 17:30:00,591,NVDA.NAS,sell,out,21.7,43.28,591,-0.43,0.00,-44.70,2 499.53,
2023.08.09 17:45:00,592,XAUUSD,sell,in,0.02,1921.90,592,-0.07,0.00,0.00,2 499.46,United SuperEMA short #M940001
2023.08.09 19:15:01,593,NVDA.NAS,buy,in,20.8,42.83,593,-0.42,0.00,0.00,2 499.04,RSI Scalping Buy #M20003
2023.08.10 01:45:00,594,XAUUSD,buy,out,0.02,1916.07,594,-0.07,2.69,11.66,2 513.32,
2023.08.10 15:00:00,595,XAUUSD,buy,in,0.04,1921.96,595,-0.14,0.00,0.00,2 513.18,United SuperEMA long #M940001
2023.08.10 16:00:00,596,XAUUSD,buy,in,0.2,1926.41,596,-0.70,0.00,0.00,2 512.48,RSI Scalping Buy #M129102315
2023.08.10 16:00:21,597,XAUUSD,sell,out,0.2,1926.37,597,-0.70,0.00,-0.80,2 510.98,sl 1926.39
2023.08.10 16:30:00,598,XAUUSD,sell,out,0.04,1920.32,598,-0.14,0.00,-6.56,2 504.28,
2023.08.10 19:30:01,599,NVDA.NAS,sell,out,20.8,42.38,599,-0.42,0.00,-9.36,2 494.50,
2023.08.10 19:45:00,600,NVDA.NAS,buy,in,20.7,42.50,600,-0.41,0.00,0.00,2 494.09,RSI Scalping Buy #M20003
2023.08.11 07:45:04,601,XAUUSD,sell,in,0.04,1912.95,601,-0.14,0.00,0.00,2 493.95,United SuperEMA short #M940001
2023.08.11 08:45:04,602,XAUUSD,buy,out,0.04,1915.36,602,-0.14,0.00,-9.64,2 484.17,
2023.08.11 17:30:00,603,NVDA.NAS,sell,out,20.7,41.59,603,-0.41,0.00,-18.84,2 464.92,
2023.08.11 20:30:00,604,NVDA.NAS,buy,in,16.4,41.10,604,-0.33,0.00,0.00,2 464.59,RSI Scalping Buy #M20003
2023.08.11 21:00:00,605,XTIUSD,buy,in,0.5,83.75,605,0.00,0.00,0.00,2 464.59,WP Buy #M20260533
2023.08.14 04:17:52,606,AUDUSD,buy,in,0.13,0.64711,606,-0.46,0.00,0.00,2 464.13,RSI Oversold Crossover Buy #M30
2023.08.14 08:00:00,607,AUDUSD,sell,out,0.13,0.64702,607,-0.46,0.00,-1.17,2 462.50,
2023.08.14 08:35:59,608,XTIUSD,sell,out,0.5,82.25,608,0.00,16.05,-75.00,2 403.55,sl 82.25
2023.08.15 16:35:00,609,NVDA.NAS,sell,out,16.4,45.02,609,-0.33,-0.01,64.29,2 467.50,
2023.08.15 18:00:00,610,XAUUSD,buy,in,0.2,1910.21,610,-0.70,0.00,0.00,2 466.80,RSI Scalping Buy #M129102315
2023.08.15 18:00:35,611,XAUUSD,sell,out,0.2,1909.90,611,-0.70,0.00,-6.20,2 459.90,sl 1909.95
2023.08.15 22:45:01,612,NVDA.NAS,sell,in,20.4,43.97,612,-0.41,0.00,0.00,2 459.49,RSI Scalping Sell #M20003
2023.08.15 23:45:03,613,XAUUSD,sell,in,0.04,1901.62,613,-0.14,0.00,0.00,2 459.35,United SuperEMA short #M940001
2023.08.16 03:45:10,614,XAUUSD,buy,out,0.04,1902.40,614,-0.14,1.79,-3.12,2 457.88,
2023.08.16 04:16:41,615,AUDUSD,buy,in,0.16,0.64287,615,-0.56,0.00,0.00,2 457.32,RSI Oversold Crossover Buy #M30
2023.08.16 06:07:37,616,AUDUSD,sell,out,0.16,0.64552,616,-0.56,0.00,42.40,2 499.16,
2023.08.16 13:15:00,617,XAUUSD,buy,in,0.02,1906.45,617,-0.07,0.00,0.00,2 499.09,United SuperEMA long #M940001
2023.08.16 14:30:04,618,XAUUSD,sell,out,0.02,1905.27,618,-0.07,0.00,-2.36,2 496.66,
2023.08.16 15:00:00,619,XAUUSD,sell,in,0.02,1903.12,619,-0.07,0.00,0.00,2 496.59,United SuperEMA short #M940001
2023.08.16 16:45:00,620,XAUUSD,buy,out,0.02,1905.08,620,-0.07,0.00,-3.92,2 492.60,
2023.08.16 17:30:00,621,NVDA.NAS,buy,out,20.4,44.18,621,-0.41,0.00,-4.28,2 487.91,
2023.08.16 19:00:00,622,NVDA.NAS,sell,in,20.7,43.80,622,-0.41,0.00,0.00,2 487.50,RSI Scalping Sell #M20003
2023.08.16 19:15:00,623,NVDA.NAS,buy,out,20.7,43.60,623,-0.41,0.00,4.14,2 491.23,
2023.08.16 19:30:04,624,XAUUSD,sell,in,0.02,1899.98,624,-0.07,0.00,0.00,2 491.16,United SuperEMA short #M940001
2023.08.16 19:45:00,625,NVDA.NAS,buy,in,20.7,43.76,625,-0.41,0.00,0.00,2 490.75,RSI Scalping Buy #M20003
2023.08.16 22:00:00,626,XAUUSD,sell,in,0.01,1894.98,626,-0.04,0.00,0.00,2 490.71,WP Sell #M20260526
2023.08.17 04:00:01,627,AUDUSD,sell,in,0.03,0.64000,627,-0.11,0.00,0.00,2 490.60,WP Sell #M20260525
2023.08.17 05:30:00,628,XAUUSD,buy,out,0.02,1893.12,628,-0.07,2.69,13.72,2 506.94,
2023.08.17 07:17:52,629,AUDUSD,buy,out,0.03,0.63890,629,-0.11,0.00,3.30,2 510.13,sl 0.63890
2023.08.17 09:59:24,630,XAUUSD,buy,out,0.01,1897.19,630,-0.04,1.34,-2.21,2 509.22,sl 1897.18
2023.08.17 17:30:00,631,XAUUSD,sell,in,0.02,1894.53,631,-0.07,0.00,0.00,2 509.15,United SuperEMA short #M940001
2023.08.17 21:00:00,632,XAUUSD,sell,in,0.01,1886.16,632,-0.04,0.00,0.00,2 509.11,WP Sell #M20260526
2023.08.17 22:30:01,633,XAUUSD,buy,out,0.02,1888.73,633,-0.07,0.00,11.60,2 520.64,
2023.08.18 04:00:00,634,XAUUSD,buy,in,0.06,1893.50,634,-0.21,0.00,0.00,2 520.43,RSI Follow BUY #M1001
2023.08.18 08:00:00,635,XAUUSD,sell,out,0.06,1892.22,635,-0.21,0.00,-7.68,2 512.54,
2023.08.18 16:35:01,636,NVDA.NAS,sell,out,20.7,42.33,636,-0.41,0.00,-29.60,2 482.53,
2023.08.18 16:35:01,637,NVDA.NAS,buy,in,20.9,42.37,637,-0.42,0.00,0.00,2 482.11,RSI Scalping Buy #M20003
2023.08.18 17:00:00,638,TSLA.NAS,sell,in,0.1,215.98,638,-0.02,0.00,0.00,2 482.09,WP Sell #M20260530
2023.08.18 17:45:00,639,NVDA.NAS,sell,out,20.9,42.29,639,-0.42,0.00,-1.67,2 480.00,
2023.08.18 18:00:01,640,NVDA.NAS,sell,in,20.6,42.20,640,-0.41,0.00,0.00,2 479.59,RSI Scalping Sell #M20003
2023.08.18 18:55:52,641,TSLA.NAS,buy,out,0.1,214.22,641,-0.02,0.00,0.18,2 479.75,sl 214.22
2023.08.18 19:15:00,642,NVDA.NAS,buy,out,20.6,42.88,642,-0.41,0.00,-14.01,2 465.33,
2023.08.21 02:00:01,643,XAUUSD,buy,in,0.06,1890.35,643,-0.21,0.00,0.00,2 465.12,RSI Follow BUY #M1001
2023.08.21 03:00:00,644,XAUUSD,sell,out,0.06,1889.98,644,-0.21,0.00,-2.22,2 462.69,
2023.08.21 06:00:00,645,XAUUSD,buy,in,0.06,1892.98,645,-0.21,0.00,0.00,2 462.48,RSI Follow BUY #M1001
2023.08.21 09:00:00,646,XAUUSD,sell,out,0.06,1888.12,646,-0.21,0.00,-29.16,2 433.11,
2023.08.22 10:43:52,647,XAUUSD,buy,out,0.01,1901.21,647,-0.04,1.35,-15.05,2 419.37,sl 1901.16
2023.09.01 12:00:01,648,XAUUSD,buy,in,0.03,1943.06,648,-0.11,0.00,0.00,2 419.26,United SuperEMA long #M940001
2023.09.01 13:00:00,649,XAUUSD,buy,in,0.16,1944.35,649,-0.56,0.00,0.00,2 418.70,RSI Scalping Buy #M129102315
2023.09.01 14:07:17,650,XAUUSD,sell,out,0.16,1944.61,650,-0.56,0.00,4.16,2 422.30,sl 1944.62
2023.09.01 16:45:00,651,NVDA.NAS,sell,in,10,49.07,651,-0.20,0.00,0.00,2 422.10,RSI Scalping Sell #M20003
2023.09.01 17:00:00,652,NVDA.NAS,buy,out,10,48.92,652,-0.20,0.00,1.50,2 423.40,
2023.09.01 17:00:00,653,TSLA.NAS,sell,in,30.2,252.62,653,-0.60,0.00,0.00,2 422.80,RSI Scalping Sell #M125421321
2023.09.01 17:00:00,654,XAUUSD,sell,in,0.2,1940.97,654,-0.70,0.00,0.00,2 422.10,RSI Scalping Sell #M129102315
2023.09.01 17:00:00,655,XAUUSD,sell,out,0.03,1940.34,655,-0.11,0.00,-8.16,2 413.83,
2023.09.01 17:00:08,656,XAUUSD,buy,out,0.2,1941.04,656,-0.70,0.00,-1.40,2 411.73,sl 1941.04
2023.09.01 19:45:02,657,NVDA.NAS,sell,in,20,48.43,657,-0.40,0.00,0.00,2 411.33,RSI Scalping Sell #M20003
2023.09.01 21:00:00,658,NVDA.NAS,buy,out,20,48.65,658,-0.40,0.00,-4.40,2 406.53,
2023.09.04 06:00:00,659,XAUUSD,buy,in,0.2,1945.80,659,-0.70,0.00,0.00,2 405.83,RSI Scalping Buy #M129102315
2023.09.04 09:35:51,660,XAUUSD,sell,out,0.2,1945.50,660,-0.70,0.00,-6.00,2 399.13,sl 1945.62
2023.09.04 10:00:00,661,XAUUSD,buy,in,0.01,1945.21,661,-0.04,0.00,0.00,2 399.09,RSI Scalping Buy #M129102315
2023.09.04 14:00:00,662,XAUUSD,sell,out,0.01,1940.57,662,-0.04,0.00,-4.64,2 394.41,
2023.09.04 14:00:00,663,XAUUSD,sell,in,0.01,1940.57,663,-0.04,0.00,0.00,2 394.37,United SuperEMA short #M940001
2023.09.04 20:30:00,664,XAUUSD,buy,out,0.01,1938.51,664,-0.04,0.00,2.06,2 396.39,
2023.09.05 05:00:00,665,XAUUSD,sell,in,0.01,1935.90,665,-0.04,0.00,0.00,2 396.35,United SuperEMA short #M940001
2023.09.05 05:26:06,666,AUDUSD,buy,in,0.15,0.64284,666,-0.53,0.00,0.00,2 395.82,RSI Oversold Crossover Buy #M30
2023.09.05 07:15:00,667,XAUUSD,buy,out,0.01,1937.31,667,-0.04,0.00,-1.41,2 394.37,
2023.09.05 08:00:00,668,AUDUSD,sell,out,0.15,0.64255,668,-0.53,0.00,-4.35,2 389.49,
2023.09.05 11:15:00,669,XAUUSD,sell,in,0.01,1934.98,669,-0.04,0.00,0.00,2 389.45,United SuperEMA short #M940001
2023.09.05 12:00:00,670,AUDUSD,sell,in,0.03,0.63770,670,-0.11,0.00,0.00,2 389.34,WP Sell #M20260525
2023.09.05 15:44:04,671,AUDUSD,buy,out,0.03,0.63819,671,-0.11,0.00,-1.47,2 387.76,sl 0.63816
2023.09.05 16:00:00,672,XAUUSD,buy,out,0.01,1933.86,672,-0.04,0.00,1.12,2 388.84,
2023.09.05 16:37:51,673,TSLA.NAS,buy,out,30.2,251.53,673,-0.60,0.00,32.92,2 421.16,sl 251.53
2023.09.05 16:45:00,674,NVDA.NAS,sell,in,2,48.28,674,-0.04,0.00,0.00,2 421.12,RSI Scalping Sell #M20003
2023.09.05 17:00:00,675,NVDA.NAS,buy,out,2,48.26,675,-0.04,0.00,0.04,2 421.12,
2023.09.05 17:30:00,676,NVDA.NAS,buy,in,2,48.33,676,-0.04,0.00,0.00,2 421.08,RSI Scalping Buy #M20003
2023.09.05 22:06:09,677,SOXX.NAS,buy,in,0.1,171.363,677,-0.02,0.00,0.00,2 421.06,WP Buy #M20260532
2023.09.05 22:12:04,678,SOXX.NAS,sell,out,0.1,171.054,678,-0.02,0.00,-0.03,2 421.01,sl 171.067
2023.09.06 10:30:00,679,XAUUSD,sell,in,0.02,1923.87,679,-0.07,0.00,0.00,2 420.94,United SuperEMA short #M940001
2023.09.06 13:15:00,680,XAUUSD,buy,out,0.02,1927.44,680,-0.07,0.00,-7.14,2 413.73,
2023.09.06 16:15:01,681,XAUUSD,sell,in,0.02,1921.90,681,-0.07,0.00,0.00,2 413.66,United SuperEMA short #M940001
2023.09.06 17:00:00,682,TSLA.NAS,sell,in,30.1,249.42,682,-0.60,0.00,0.00,2 413.06,RSI Scalping Sell #M125421321
2023.09.06 17:00:00,683,XAUUSD,buy,out,0.02,1924.89,683,-0.07,0.00,-5.98,2 407.01,
2023.09.06 17:15:00,684,XAUUSD,sell,in,0.02,1922.36,684,-0.07,0.00,0.00,2 406.94,United SuperEMA short #M940001
2023.09.06 17:45:01,685,NVDA.NAS,sell,out,2,47.03,685,-0.04,0.00,-2.60,2 404.30,
2023.09.06 20:15:00,686,XAUUSD,buy,out,0.02,1919.13,686,-0.07,0.00,6.46,2 410.69,
2023.09.06 20:15:08,687,NVDA.NAS,buy,in,2,46.95,687,-0.04,0.00,0.00,2 410.65,RSI Scalping Buy #M20003
2023.09.06 21:00:00,688,XTIUSD,buy,in,0.5,87.96,688,0.00,0.00,0.00,2 410.65,WP Buy #M20260533
2023.09.06 21:00:00,689,XBRUSD,buy,in,0.5,91.34,689,0.00,0.00,0.00,2 410.65,WP Buy #M20260534
2023.09.07 09:00:00,690,XAUUSD,sell,in,0.01,1917.54,690,-0.04,0.00,0.00,2 410.61,United SuperEMA short #M940001
2023.09.07 09:45:02,691,XAUUSD,buy,out,0.01,1919.54,691,-0.04,0.00,-2.00,2 408.57,
2023.09.07 16:00:01,692,XAUUSD,buy,in,0.01,1923.24,692,-0.04,0.00,0.00,2 408.53,RSI Scalping Buy #M129102315
2023.09.07 16:00:01,693,XAUUSD,buy,in,0.01,1923.24,693,-0.04,0.00,0.00,2 408.49,United SuperEMA long #M940001
2023.09.07 17:00:02,694,XAUUSD,sell,out,0.01,1920.05,694,-0.04,0.00,-3.19,2 405.26,
2023.09.07 17:30:02,695,NVDA.NAS,sell,out,2,45.80,695,-0.04,0.00,-2.30,2 402.92,
2023.09.07 19:30:00,696,NVDA.NAS,buy,in,1.2,45.81,696,-0.02,0.00,0.00,2 402.90,RSI Scalping Buy #M20003
2023.09.07 20:00:00,697,XAUUSD,sell,out,0.01,1918.05,697,-0.04,0.00,-5.19,2 397.67,
2023.09.07 20:45:00,698,NVDA.NAS,sell,out,1.2,45.64,698,-0.02,0.00,-0.20,2 397.45,
2023.09.07 21:00:01,699,NVDA.NAS,buy,in,0.5,45.84,699,-0.02,0.00,0.00,2 397.43,RSI Scalping Buy #M20003
2023.09.08 01:00:00,700,BTCUSD,buy,in,0.05,26166.16,700,0.00,0.00,0.00,2 397.43,RSI Scalping Buy #M123459123
2023.09.08 01:01:00,701,BTCUSD,sell,out,0.05,26206.40,701,0.00,0.00,2.01,2 399.44,sl 26206.45
2023.09.08 04:00:00,702,BTCUSD,buy,in,0.06,26364.65,702,0.00,0.00,0.00,2 399.44,RSI Scalping Buy #M123459123
2023.09.08 04:00:00,703,XAUUSD,buy,in,0.01,1923.78,703,-0.04,0.00,0.00,2 399.40,RSI Scalping Buy #M129102315
2023.09.08 04:00:05,704,BTCUSD,sell,out,0.06,26368.41,704,0.00,0.00,0.23,2 399.63,sl 26368.96
2023.09.08 04:13:33,705,XAUUSD,sell,out,0.01,1923.98,705,-0.04,0.00,0.20,2 399.79,sl 1923.98
2023.09.08 04:53:30,706,XTIUSD,sell,out,0.5,86.46,706,0.00,10.70,-75.00,2 335.49,sl 86.46
2023.09.08 05:18:58,707,XBRUSD,sell,out,0.5,89.84,707,0.00,8.02,-75.00,2 268.51,sl 89.84
2023.09.08 16:35:00,708,TSLA.NAS,buy,out,30.1,255.60,708,-0.60,0.00,-186.02,2 081.89,
2023.09.15 17:45:00,709,NVDA.NAS,sell,out,0.5,44.62,709,-0.02,0.00,-0.61,2 081.26,
2023.10.02 02:00:00,710,BTCUSD,buy,in,0.13,27993.83,710,0.00,0.00,0.00,2 081.26,RSI Scalping Buy #M123459123
2023.10.02 02:00:07,711,BTCUSD,sell,out,0.13,27998.71,711,0.00,0.00,0.63,2 081.89,sl 28000.86
2023.10.02 12:15:00,712,XAUUSD,sell,in,0.01,1838.26,712,-0.04,0.00,0.00,2 081.85,United SuperEMA short #M940001
2023.10.02 15:00:00,713,XAUUSD,buy,out,0.01,1837.42,713,-0.04,0.00,0.84,2 082.65,
2023.10.02 16:00:00,714,BTCUSD,buy,in,0.17,28346.99,714,0.00,0.00,0.00,2 082.65,RSI Scalping Buy #M123459123
2023.10.02 16:00:10,715,BTCUSD,sell,out,0.17,28352.45,715,0.00,0.00,0.93,2 083.58,sl 28353.45
2023.10.02 17:00:00,716,TSLA.NAS,sell,in,26,245.95,716,-0.52,0.00,0.00,2 083.06,RSI Scalping Sell #M125421321
2023.10.02 17:00:00,717,AUDUSD,sell,in,0.03,0.63738,717,-0.11,0.00,0.00,2 082.95,WP Sell #M20260525
2023.10.02 17:15:00,718,XAUUSD,sell,in,0.02,1828.30,718,-0.07,0.00,0.00,2 082.88,United SuperEMA short #M940001
2023.10.02 18:00:00,719,TSLA.NAS,buy,out,26,250.32,719,-0.52,0.00,-113.62,1 968.74,
2023.10.02 20:15:02,720,XAUUSD,buy,out,0.02,1832.60,720,-0.07,0.00,-8.60,1 960.07,
2023.10.03 11:18:01,721,AUDUSD,buy,out,0.03,0.63301,721,-0.11,-0.13,13.11,1 972.94,sl 0.63297
2023.11.01 02:00:00,722,XAUUSD,buy,in,0.04,1985.04,722,-0.14,0.00,0.00,1 972.80,RSI Follow BUY #M1001
2023.11.01 03:00:00,723,XAUUSD,sell,out,0.04,1983.65,723,-0.14,0.00,-5.56,1 967.10,
2023.11.01 07:00:00,724,XAUUSD,sell,in,0.04,1977.14,724,-0.14,0.00,0.00,1 966.96,RSI Reverse SELL #M1002
2023.11.01 07:15:00,725,XAUUSD,sell,in,0.03,1975.84,725,-0.11,0.00,0.00,1 966.85,United SuperEMA short #M940001
2023.11.01 08:45:00,726,XAUUSD,buy,out,0.03,1978.99,726,-0.11,0.00,-9.45,1 957.29,
2023.11.01 12:00:00,727,XAUUSD,buy,out,0.04,1982.57,727,-0.14,0.00,-21.72,1 935.43,
2023.11.01 18:45:03,728,XAUUSD,sell,in,0.03,1978.70,728,-0.11,0.00,0.00,1 935.32,United SuperEMA short #M940001
2023.11.01 22:20:00,729,AAPL.NAS,buy,in,8,173.819,729,-0.16,0.00,0.00,1 935.16,RSI Scalping Buy #M20001
2023.11.01 22:23:46,730,AAPL.NAS,sell,out,8,173.912,730,-0.16,0.00,0.74,1 935.74,sl 173.939
2023.11.01 22:30:00,731,XAUUSD,buy,out,0.03,1978.93,731,-0.11,0.00,-0.69,1 934.94,
2023.11.01 22:40:00,732,AAPL.NAS,sell,in,8,173.822,732,-0.16,0.00,0.00,1 934.78,RSI Scalping Sell #M20001
2023.11.01 22:41:43,733,AAPL.NAS,buy,out,8,173.757,733,-0.16,0.00,0.52,1 935.14,sl 173.752
2023.11.01 22:50:00,734,AAPL.NAS,buy,in,8,174.173,734,-0.16,0.00,0.00,1 934.98,RSI Scalping Buy #M20001
2023.11.02 06:00:00,735,BTCUSD,buy,in,0.16,35705.20,735,0.00,0.00,0.00,1 934.98,RSI Scalping Buy #M123459123
2023.11.02 06:00:13,736,BTCUSD,sell,out,0.16,35717.94,736,0.00,0.00,2.04,1 937.02,sl 35721.74
2023.11.02 13:00:00,737,XAUUSD,buy,in,0.16,1988.28,737,-0.56,0.00,0.00,1 936.46,RSI Scalping Buy #M129102315
2023.11.02 13:43:33,738,XAUUSD,sell,out,0.16,1988.46,738,-0.56,0.00,2.88,1 938.78,sl 1988.49
2023.11.02 16:35:01,739,AAPL.NAS,buy,in,0.1,175.964,739,-0.02,0.00,0.00,1 938.76,WP Buy #M20260528
2023.11.02 16:35:06,740,AAPL.NAS,sell,out,8,175.788,740,-0.16,0.00,12.92,1 951.52,sl 175.818
2023.11.02 16:35:07,741,AAPL.NAS,sell,out,0.1,175.755,741,-0.02,0.00,-0.02,1 951.48,sl 175.764
2023.11.02 16:40:01,742,AAPL.NAS,buy,in,8.1,176.304,742,-0.16,0.00,0.00,1 951.32,RSI Scalping Buy #M20001
2023.11.02 16:40:22,743,AAPL.NAS,sell,out,8.1,176.348,743,-0.16,0.00,0.36,1 951.52,sl 176.355
2023.11.02 17:00:01,744,AAPL.NAS,buy,in,0.1,176.404,744,-0.02,0.00,0.00,1 951.50,WP Buy #M20260528
2023.11.02 17:01:03,745,AAPL.NAS,sell,out,0.1,176.485,745,-0.02,0.00,0.01,1 951.49,sl 176.485
2023.11.02 17:10:00,746,AAPL.NAS,sell,in,8.1,176.188,746,-0.16,0.00,0.00,1 951.33,RSI Scalping Sell #M20001
2023.11.02 18:00:01,747,AAPL.NAS,buy,in,0.1,177.444,747,-0.02,0.00,0.00,1 951.31,WP Buy #M20260528
2023.11.02 18:01:30,748,AAPL.NAS,sell,out,0.1,177.448,748,-0.02,0.00,0.00,1 951.29,sl 177.448
2023.11.02 19:00:00,749,AAPL.NAS,buy,in,0.1,176.831,749,-0.02,0.00,0.00,1 951.27,WP Buy #M20260528
2023.11.02 19:02:04,750,AAPL.NAS,sell,out,0.1,176.618,750,-0.02,0.00,-0.02,1 951.23,sl 176.631
2023.11.02 21:00:00,751,XBRUSD,buy,in,0.5,87.99,751,0.00,0.00,0.00,1 951.23,WP Buy #M20260534
2023.11.03 10:00:00,752,XAUUSD,sell,in,0.04,1987.60,752,-0.14,0.00,0.00,1 951.09,RSI Reverse SELL #M1002
2023.11.03 10:00:00,753,XAUUSD,buy,out,0.04,1987.71,753,-0.14,0.00,-0.44,1 950.51,
2023.11.03 12:00:01,754,XAUUSD,buy,in,0.13,1988.57,754,-0.46,0.00,0.00,1 950.05,RSI Scalping Buy #M129102315
2023.11.03 12:06:25,755,XAUUSD,sell,out,0.13,1989.20,755,-0.46,0.00,8.19,1 957.78,sl 1989.22
2023.11.03 16:00:00,756,XAUUSD,buy,in,0.16,2000.36,756,-0.56,0.00,0.00,1 957.22,RSI Scalping Buy #M129102315
2023.11.03 16:05:32,757,XAUUSD,sell,out,0.16,2000.31,757,-0.56,0.00,-0.80,1 955.86,sl 2000.39
2023.11.03 16:21:00,758,XBRUSD,sell,out,0.5,87.82,758,0.00,4.01,-8.50,1 951.37,sl 87.83
2023.11.03 16:35:00,759,AAPL.NAS,buy,out,8.1,174.624,759,-0.16,0.00,12.67,1 963.88,
2023.11.03 17:00:00,760,TSLA.NAS,buy,in,24.5,225.15,760,-0.49,0.00,0.00,1 963.39,RSI Scalping Buy #M125421321
2023.11.03 17:00:00,761,XAUUSD,sell,in,0.16,1997.48,761,-0.56,0.00,0.00,1 962.83,RSI Scalping Sell #M129102315
2023.11.03 17:00:00,762,XAUUSD,buy,in,0.03,1998.32,762,-0.11,0.00,0.00,1 962.72,United SuperEMA long #M940001
2023.11.03 17:01:19,763,XAUUSD,buy,out,0.16,1995.19,763,-0.56,0.00,36.64,1 998.80,sl 1995.06
2023.11.03 17:30:00,764,XAUUSD,sell,out,0.03,1989.58,764,-0.11,0.00,-26.22,1 972.47,
2023.11.03 18:00:00,765,TSLA.NAS,sell,out,24.5,221.76,765,-0.49,0.00,-83.06,1 888.92,
2023.12.01 08:30:01,766,XAUUSD,buy,in,0.03,2041.76,766,-0.11,0.00,0.00,1 888.81,United SuperEMA long #M940001
2023.12.01 08:45:00,767,XAUUSD,sell,out,0.03,2040.01,767,-0.11,0.00,-5.25,1 883.45,
2023.12.01 11:00:00,768,XAUUSD,buy,in,0.15,2045.48,768,-0.53,0.00,0.00,1 882.92,RSI Scalping Buy #M129102315
2023.12.01 11:03:50,769,XAUUSD,sell,out,0.15,2046.02,769,-0.53,0.00,8.10,1 890.49,sl 2046.03
2023.12.01 12:00:00,770,BTCUSD,buy,in,0.15,38733.06,770,0.00,0.00,0.00,1 890.49,RSI Scalping Buy #M123459123
2023.12.01 12:00:07,771,BTCUSD,sell,out,0.15,38743.27,771,0.00,0.00,1.53,1 892.02,sl 38743.87
2023.12.01 17:30:00,772,NVDA.NAS,sell,in,15.7,46.34,772,-0.31,0.00,0.00,1 891.71,RSI Scalping Sell #M20003
2023.12.01 18:00:00,773,XAUUSD,buy,in,0.15,2049.39,773,-0.53,0.00,0.00,1 891.18,RSI Scalping Buy #M129102315
2023.12.01 18:02:20,774,XAUUSD,sell,out,0.15,2049.41,774,-0.53,0.00,0.30,1 890.95,sl 2049.42
2023.12.01 18:45:00,775,NVDA.NAS,buy,out,15.7,47.02,775,-0.31,0.00,-10.68,1 879.96,
2023.12.01 21:00:03,776,XAUUSD,buy,in,0.01,2071.87,776,-0.04,0.00,0.00,1 879.92,WP Buy #M20260526
2023.12.01 23:00:00,777,XTIUSD,sell,in,0.5,74.22,777,0.00,0.00,0.00,1 879.92,WP Sell #M20260533
2023.12.04 01:16:59,778,XAUUSD,sell,out,0.01,2083.12,778,-0.04,-0.52,11.25,1 890.61,sl 2084.14
2023.12.04 03:00:00,779,XAUUSD,sell,in,0.15,2095.64,779,-0.53,0.00,0.00,1 890.08,RSI Scalping Sell #M129102315
2023.12.04 03:00:11,780,XAUUSD,buy,out,0.15,2095.54,780,-0.53,0.00,1.50,1 891.05,sl 2095.19
2023.12.04 04:00:00,781,BTCUSD,buy,in,0.15,40604.41,781,0.00,0.00,0.00,1 891.05,RSI Scalping Buy #M123459123
2023.12.04 04:00:08,782,BTCUSD,sell,out,0.15,40614.88,782,0.00,0.00,1.57,1 892.62,sl 40617.92
2023.12.04 11:53:54,783,XTIUSD,buy,out,0.5,73.81,783,0.00,-21.83,20.50,1 891.29,sl 73.81
2023.12.04 16:45:00,784,NVDA.NAS,sell,in,15.7,45.45,784,-0.31,0.00,0.00,1 890.98,RSI Scalping Sell #M20003
2023.12.04 17:00:00,785,NVDA.NAS,buy,out,15.7,45.63,785,-0.31,0.00,-2.83,1 887.84,
2023.12.04 17:30:00,786,XAUUSD,sell,in,0.03,2032.82,786,-0.11,0.00,0.00,1 887.73,United SuperEMA short #M940001
2023.12.04 19:00:00,787,NVDA.NAS,buy,in,15.7,45.46,787,-0.31,0.00,0.00,1 887.42,RSI Scalping Buy #M20003
2023.12.04 21:30:00,788,NVDA.NAS,sell,out,15.7,45.25,788,-0.31,0.00,-3.30,1 883.81,
2023.12.04 21:45:00,789,XAUUSD,buy,out,0.03,2030.19,789,-0.11,0.00,7.89,1 891.59,
2023.12.04 22:00:00,790,NVDA.NAS,sell,in,15.7,45.23,790,-0.31,0.00,0.00,1 891.28,RSI Scalping Sell #M20003
2023.12.04 22:15:00,791,NVDA.NAS,buy,out,15.7,45.14,791,-0.31,0.00,1.41,1 892.38,
2023.12.04 22:30:00,792,NVDA.NAS,buy,in,15.7,45.27,792,-0.31,0.00,0.00,1 892.07,RSI Scalping Buy #M20003
2023.12.05 05:42:30,793,AUDUSD,buy,in,0.12,0.65754,793,-0.42,0.00,0.00,1 891.65,RSI Oversold Crossover Buy #M30
2023.12.05 08:00:00,794,AUDUSD,sell,out,0.12,0.65834,794,-0.42,0.00,9.60,1 900.83,
2023.12.05 08:00:00,795,XAUUSD,sell,in,0.04,2032.18,795,-0.14,0.00,0.00,1 900.69,RSI Reverse SELL #M1002
2023.12.05 08:00:00,796,XAUUSD,buy,out,0.04,2032.26,796,-0.14,0.00,-0.32,1 900.23,
2023.12.05 11:15:00,797,XAUUSD,sell,in,0.03,2028.83,797,-0.11,0.00,0.00,1 900.12,United SuperEMA short #M940001
2023.12.05 15:15:00,798,XAUUSD,buy,out,0.03,2027.83,798,-0.11,0.00,3.00,1 903.01,
2023.12.05 16:40:00,799,AAPL.NAS,buy,in,7.9,192.463,799,-0.16,0.00,0.00,1 902.85,RSI Scalping Buy #M20001
2023.12.05 16:40:25,800,AAPL.NAS,sell,out,7.9,192.601,800,-0.16,0.00,1.09,1 903.78,sl 192.601
2023.12.05 17:00:00,801,XAUUSD,sell,in,0.03,2016.77,801,-0.11,0.00,0.00,1 903.67,United SuperEMA short #M940001
2023.12.05 18:20:00,802,AAPL.NAS,sell,in,7.9,193.536,802,-0.16,0.00,0.00,1 903.51,RSI Scalping Sell #M20001
2023.12.05 18:40:29,803,AAPL.NAS,buy,out,7.9,193.455,803,-0.16,0.00,0.64,1 903.99,sl 193.453
2023.12.05 20:00:00,804,BTCUSD,buy,in,0.15,43380.13,804,0.00,0.00,0.00,1 903.99,RSI Scalping Buy #M123459123
2023.12.05 20:00:00,805,TSLA.NAS,sell,in,23.7,241.23,805,-0.47,0.00,0.00,1 903.52,RSI Scalping Sell #M125421321
2023.12.05 20:00:03,806,BTCUSD,sell,out,0.15,43390.62,806,0.00,0.00,1.57,1 905.09,sl 43397.92
2023.12.05 20:30:00,807,XAUUSD,buy,out,0.03,2018.41,807,-0.11,0.00,-4.92,1 900.06,
2023.12.05 23:00:00,808,XAUUSD,sell,in,0.04,2019.28,808,-0.14,0.00,0.00,1 899.92,RSI Follow SELL #M1001
2023.12.06 06:00:01,809,XAUUSD,buy,out,0.04,2023.34,809,-0.14,1.79,-16.24,1 885.33,
2023.12.06 10:00:01,810,XAUUSD,buy,in,0.15,2034.13,810,-0.53,0.00,0.00,1 884.80,RSI Scalping Buy #M129102315
2023.12.06 10:00:01,811,XAUUSD,buy,in,0.01,2034.15,811,-0.04,0.00,0.00,1 884.76,WP Buy #M20260526
2023.12.06 10:03:29,812,XAUUSD,sell,out,0.15,2034.07,812,-0.53,0.00,-0.90,1 883.33,sl 2034.07
2023.12.06 16:35:00,813,TSLA.NAS,buy,out,23.7,244.29,813,-0.47,0.00,-72.52,1 810.34,
2023.12.06 21:00:00,814,NVDA.NAS,sell,out,15.7,45.98,814,-0.31,0.00,11.15,1 821.18,
2023.12.07 16:16:38,815,XAUUSD,sell,out,0.01,2032.32,815,-0.04,-1.56,-1.83,1 817.75,sl 2032.36
2024.01.02 01:00:21,816,XTIUSD,sell,in,0.5,71.74,816,0.00,0.00,0.00,1 817.75,WP Sell #M20260533
2024.01.02 02:00:00,817,BTCUSD,buy,in,0.15,44224.31,817,0.00,0.00,0.00,1 817.75,RSI Scalping Buy #M123459123
2024.01.02 02:01:24,818,BTCUSD,sell,out,0.15,44229.29,818,0.00,0.00,0.75,1 818.50,sl 44229.61
2024.01.02 07:00:00,819,XAUUSD,sell,in,0.04,2069.74,819,-0.14,0.00,0.00,1 818.36,RSI Reverse SELL #M1002
2024.01.02 07:00:00,820,XAUUSD,buy,out,0.04,2069.74,820,-0.14,0.00,0.00,1 818.22,
2024.01.02 08:00:02,821,XAUUSD,buy,in,0.15,2074.80,821,-0.53,0.00,0.00,1 817.69,RSI Scalping Buy #M129102315
2024.01.02 08:23:43,822,XAUUSD,sell,out,0.15,2075.99,822,-0.53,0.00,17.85,1 835.01,sl 2075.99
2024.01.02 12:09:12,823,XTIUSD,buy,out,0.5,73.24,823,0.00,0.00,-75.00,1 760.01,sl 73.24
2024.02.01 18:00:00,824,TSLA.NAS,sell,in,0.1,184.54,824,-0.02,0.00,0.00,1 759.99,WP Sell #M20260530
2024.02.01 19:00:00,825,EURUSD,buy,in,0.02,1.08649,825,-0.07,0.00,0.00,1 759.92,WP Buy #M20260524
2024.02.01 19:48:19,826,TSLA.NAS,buy,out,0.1,187.56,826,-0.02,0.00,-0.30,1 759.60,sl 187.54
2024.02.01 22:00:02,827,XTIUSD,sell,in,0.5,74.10,827,0.00,0.00,0.00,1 759.60,WP Sell #M20260533
2024.02.02 04:03:17,828,AUDUSD,sell,in,0.11,0.65944,828,-0.39,0.00,0.00,1 759.21,RSI Overbought Crossover Sell #
2024.02.02 08:00:00,829,AUDUSD,buy,out,0.11,0.65937,829,-0.39,0.00,0.77,1 759.59,
2024.02.02 15:30:02,830,EURUSD,sell,out,0.02,1.08578,830,-0.07,-0.15,-1.42,1 757.95,sl 1.08675
2024.02.02 17:00:00,831,XBRUSD,sell,in,0.5,77.59,831,0.00,0.00,0.00,1 757.95,WP Sell #M20260534
2024.02.02 17:22:11,832,XTIUSD,buy,out,0.5,72.68,832,0.00,-7.28,71.00,1 821.67,sl 72.68
2024.02.02 18:00:00,833,AUDUSD,sell,in,0.02,0.65193,833,-0.07,0.00,0.00,1 821.60,WP Sell #M20260525
2024.02.02 18:00:00,834,XTIUSD,sell,in,0.5,72.15,834,0.00,0.00,0.00,1 821.60,WP Sell #M20260533
2024.02.05 00:21:59,835,AUDUSD,buy,out,0.02,0.65264,835,-0.07,-0.09,-1.42,1 820.02,sl 0.65264
2024.02.05 01:13:34,836,AUDUSD,buy,in,0.03,0.64947,836,-0.11,0.00,0.00,1 819.91,RSI Oversold Crossover Buy #M30
2024.02.05 03:00:00,837,XAUUSD,buy,in,0.02,2035.78,837,-0.07,0.00,0.00,1 819.84,RSI Follow BUY #M1001
2024.02.05 05:00:00,838,XAUUSD,sell,out,0.02,2033.55,838,-0.07,0.00,-4.46,1 815.31,
2024.02.05 05:30:00,839,XAUUSD,sell,in,0.01,2031.21,839,-0.04,0.00,0.00,1 815.27,United SuperEMA short #M940001
2024.02.05 07:00:00,840,XAUUSD,sell,in,0.02,2031.78,840,-0.07,0.00,0.00,1 815.20,RSI Reverse SELL #M1002
2024.02.05 07:45:18,841,AUDUSD,sell,out,0.03,0.65118,841,-0.11,0.00,5.13,1 820.22,
2024.02.05 13:15:00,842,XAUUSD,buy,out,0.01,2025.70,842,-0.04,0.00,5.51,1 825.69,
2024.02.05 15:30:00,843,XAUUSD,sell,in,0.03,2017.13,843,-0.11,0.00,0.00,1 825.58,United SuperEMA short #M940001
2024.02.05 15:59:42,844,XTIUSD,buy,out,0.5,72.41,844,0.00,-21.83,-13.00,1 790.75,sl 72.41
2024.02.05 18:30:00,845,XAUUSD,buy,out,0.03,2020.46,845,-0.11,0.00,-9.99,1 780.65,
2024.02.06 08:00:00,846,XAUUSD,buy,out,0.02,2029.59,846,-0.07,0.90,4.38,1 785.86,
2024.02.06 15:00:38,847,XBRUSD,buy,out,0.5,79.11,847,0.00,-22.65,-76.00,1 687.21,sl 79.11
2024.03.01 12:00:00,848,XAUUSD,buy,in,0.14,2046.49,848,-0.49,0.00,0.00,1 686.72,RSI Scalping Buy #M129102315
2024.03.01 12:15:00,849,XAUUSD,buy,in,0.02,2048.96,849,-0.07,0.00,0.00,1 686.65,United SuperEMA long #M940001
2024.03.01 12:30:08,850,XAUUSD,sell,out,0.14,2050.33,850,-0.49,0.00,53.76,1 739.92,sl 2050.34
2024.03.01 15:30:01,851,XAUUSD,sell,out,0.02,2051.70,851,-0.07,0.00,5.48,1 745.33,
2024.03.01 17:00:00,852,TSLA.NAS,sell,in,21.8,199.84,852,-0.44,0.00,0.00,1 744.89,RSI Scalping Sell #M125421321
2024.03.01 17:30:00,853,XAUUSD,buy,in,0.02,2063.76,853,-0.07,0.00,0.00,1 744.82,United SuperEMA long #M940001
2024.03.01 17:31:27,854,SOXX.NAS,buy,in,0.1,222.147,854,-0.02,0.00,0.00,1 744.80,WP Buy #M20260532
2024.03.01 17:32:06,855,SOXX.NAS,sell,out,0.1,222.080,855,-0.02,0.00,-0.01,1 744.77,sl 222.087
2024.03.01 18:00:00,856,XAUUSD,buy,in,0.14,2069.36,856,-0.49,0.00,0.00,1 744.28,RSI Scalping Buy #M129102315
2024.03.01 18:05:12,857,XAUUSD,sell,out,0.14,2070.62,857,-0.49,0.00,17.64,1 761.43,sl 2070.62
2024.03.01 18:29:00,858,SOXX.NAS,buy,in,0.1,224.555,858,-0.02,0.00,0.00,1 761.41,WP Buy #M20260532
2024.03.01 18:35:11,859,SOXX.NAS,sell,out,0.1,224.251,859,-0.02,0.00,-0.03,1 761.36,sl 224.255
2024.03.01 19:00:01,860,XTIUSD,buy,in,0.5,80.92,860,0.00,0.00,0.00,1 761.36,WP Buy #M20260533
2024.03.01 19:01:09,861,SOXX.NAS,buy,in,0.1,224.120,861,-0.02,0.00,0.00,1 761.34,WP Buy #M20260532
2024.03.01 19:03:04,862,SOXX.NAS,sell,out,0.1,224.096,862,-0.02,0.00,0.00,1 761.32,sl 224.115
2024.03.01 20:00:01,863,TSLA.NAS,buy,out,21.8,203.16,863,-0.44,0.00,-72.38,1 688.50,
2024.03.01 20:00:01,864,XAUUSD,buy,in,0.01,2084.98,864,-0.04,0.00,0.00,1 688.46,WP Buy #M20260526
2024.03.01 20:02:50,865,SOXX.NAS,buy,in,0.1,225.715,865,-0.02,0.00,0.00,1 688.44,WP Buy #M20260532
2024.03.01 20:23:38,866,SOXX.NAS,sell,out,0.1,226.315,866,-0.02,0.00,0.06,1 688.48,tp 226.315
2024.03.01 21:04:01,867,SOXX.NAS,buy,in,0.1,227.498,867,-0.02,0.00,0.00,1 688.46,WP Buy #M20260532
2024.03.01 21:06:23,868,SOXX.NAS,sell,out,0.1,227.179,868,-0.02,0.00,-0.03,1 688.41,sl 227.180
2024.03.01 23:00:01,869,XAUUSD,sell,out,0.02,2083.36,869,-0.07,0.00,39.20,1 727.54,
2024.03.04 04:00:00,870,XAUUSD,sell,in,0.14,2080.19,870,-0.49,0.00,0.00,1 727.05,RSI Scalping Sell #M129102315
2024.03.04 05:00:06,871,BTCUSD,buy,in,0.14,63748.97,871,0.00,0.00,0.00,1 727.05,RSI Scalping Buy #M123459123
2024.03.04 05:30:03,872,BTCUSD,sell,out,0.14,63773.25,872,0.00,0.00,3.40,1 730.45,sl 63773.98
2024.03.04 11:00:00,873,BTCUSD,buy,in,0.08,65297.16,873,0.00,0.00,0.00,1 730.45,RSI Scalping Buy #M123459123
2024.03.04 11:00:13,874,BTCUSD,sell,out,0.08,65294.77,874,0.00,0.00,-0.19,1 730.26,sl 65306.18
2024.03.04 14:31:01,875,XTIUSD,sell,out,0.5,79.38,875,0.00,16.05,-77.00,1 669.31,sl 79.42
2024.03.04 16:00:00,876,XAUUSD,buy,in,0.01,2091.80,876,-0.04,0.00,0.00,1 669.27,United SuperEMA long #M940001
2024.03.04 16:33:55,877,XAUUSD,buy,out,0.14,2098.32,877,-0.49,0.00,-253.82,1 414.96,
2024.03.04 18:13:40,878,XAUUSD,sell,out,0.01,2115.05,878,-0.04,-0.52,30.07,1 444.47,tp 2114.97
2024.03.04 23:15:00,879,XAUUSD,sell,out,0.01,2115.60,879,-0.04,0.00,23.80,1 468.23,
2024.04.01 02:00:00,880,XAUUSD,buy,in,0.01,2237.27,880,-0.04,0.00,0.00,1 468.19,WP Buy #M20260526
2024.04.01 07:42:04,881,XAUUSD,sell,out,0.01,2258.15,881,-0.04,0.00,20.88,1 489.03,sl 2258.21
2024.04.01 13:00:00,882,XAUUSD,sell,in,0.12,2251.79,882,-0.42,0.00,0.00,1 488.61,RSI Scalping Sell #M129102315
2024.04.01 13:05:39,883,XAUUSD,buy,out,0.12,2251.90,883,-0.42,0.00,-1.32,1 486.87,sl 2251.83
2024.04.01 16:15:00,884,XAUUSD,buy,in,0.02,2255.52,884,-0.07,0.00,0.00,1 486.80,United SuperEMA long #M940001
2024.04.01 17:00:00,885,XAUUSD,sell,out,0.02,2243.08,885,-0.07,0.00,-24.88,1 461.85,
2024.04.01 18:30:00,886,NVDA.NAS,sell,in,12.1,89.93,886,-0.24,0.00,0.00,1 461.61,RSI Scalping Sell #M20003
2024.04.01 18:45:08,887,NVDA.NAS,buy,out,12.1,89.66,887,-0.24,0.00,3.27,1 464.64,
2024.04.01 19:30:01,888,NVDA.NAS,buy,in,12.2,89.89,888,-0.24,0.00,0.00,1 464.40,RSI Scalping Buy #M20003
2024.04.01 22:15:00,889,XAUUSD,buy,in,0.02,2240.85,889,-0.07,0.00,0.00,1 464.33,United SuperEMA long #M940001
2024.04.02 04:15:00,890,XAUUSD,sell,out,0.02,2248.76,890,-0.07,-1.04,15.82,1 479.04,
2024.04.02 06:00:00,891,XAUUSD,buy,in,0.12,2254.38,891,-0.42,0.00,0.00,1 478.62,RSI Scalping Buy #M129102315
2024.04.02 06:09:19,892,XAUUSD,sell,out,0.12,2254.37,892,-0.42,0.00,-0.12,1 478.08,sl 2254.43
2024.04.02 07:45:00,893,XAUUSD,buy,in,0.02,2256.73,893,-0.07,0.00,0.00,1 478.01,United SuperEMA long #M940001
2024.04.02 13:15:02,894,XAUUSD,sell,out,0.02,2256.48,894,-0.07,0.00,-0.50,1 477.44,
2024.04.02 17:00:00,895,XAUUSD,buy,in,0.02,2265.37,895,-0.07,0.00,0.00,1 477.37,United SuperEMA long #M940001
2024.04.02 17:30:00,896,NVDA.NAS,sell,out,12.2,88.02,896,-0.24,0.00,-22.81,1 454.32,
2024.04.02 18:15:00,897,XAUUSD,sell,out,0.02,2259.11,897,-0.07,0.00,-12.52,1 441.73,
2024.04.02 18:15:00,898,NVDA.NAS,buy,in,9.6,88.74,898,-0.19,0.00,0.00,1 441.54,RSI Scalping Buy #M20003
2024.04.02 20:00:00,899,XAUUSD,buy,in,0.09,2260.43,899,-0.32,0.00,0.00,1 441.22,RSI Scalping Buy #M129102315
2024.04.02 20:05:58,900,XAUUSD,sell,out,0.09,2260.18,900,-0.32,0.00,-2.25,1 438.65,sl 2260.22
2024.04.02 21:15:00,901,XAUUSD,buy,in,0.01,2271.66,901,-0.04,0.00,0.00,1 438.61,United SuperEMA long #M940001
2024.04.03 02:00:00,902,XAUUSD,buy,in,0.01,2282.01,902,-0.04,0.00,0.00,1 438.57,WP Buy #M20260526
2024.04.03 03:00:00,903,XAUUSD,sell,in,0.09,2279.97,903,-0.32,0.00,0.00,1 438.25,RSI Scalping Sell #M129102315
2024.04.03 03:00:06,904,XAUUSD,buy,out,0.09,2280.08,904,-0.32,0.00,-0.99,1 436.94,sl 2280.08
2024.04.03 04:15:00,905,XAUUSD,sell,out,0.01,2277.99,905,-0.04,-0.52,6.33,1 442.71,
2024.04.03 08:00:00,906,XAUUSD,sell,in,0.01,2283.77,906,-0.04,0.00,0.00,1 442.67,RSI Scalping Sell #M129102315
2024.04.03 08:07:38,907,XAUUSD,buy,out,0.01,2281.90,907,-0.04,0.00,1.87,1 444.50,sl 2281.90
2024.04.03 10:00:00,908,XAUUSD,sell,in,0.01,2282.07,908,-0.04,0.00,0.00,1 444.46,RSI Scalping Sell #M129102315
2024.04.03 10:02:08,909,XAUUSD,sell,out,0.01,2280.36,909,-0.04,0.00,-1.65,1 442.77,sl 2280.47
2024.04.03 10:08:14,910,XAUUSD,buy,out,0.01,2277.89,910,-0.04,0.00,4.18,1 446.91,sl 2277.89
2024.04.03 15:00:00,911,XAUUSD,buy,in,0.02,2273.81,911,-0.07,0.00,0.00,1 446.84,United SuperEMA long #M940001
2024.04.03 15:30:02,912,XAUUSD,sell,out,0.02,2268.39,912,-0.07,0.00,-10.84,1 435.93,
2024.04.03 18:00:00,913,AAPL.NAS,buy,in,5.9,170.520,913,-0.12,0.00,0.00,1 435.81,RSI Scalping Buy #M20001
2024.04.03 18:00:00,914,XAUUSD,buy,in,0.05,2282.66,914,-0.18,0.00,0.00,1 435.63,RSI Scalping Buy #M129102315
2024.04.03 18:04:44,915,XAUUSD,sell,out,0.05,2282.49,915,-0.18,0.00,-0.85,1 434.60,sl 2282.51
2024.04.03 18:23:43,916,AAPL.NAS,sell,out,5.9,170.540,916,-0.12,0.00,0.12,1 434.60,sl 170.540
2024.04.03 18:30:01,917,AAPL.NAS,buy,in,5.9,170.540,917,-0.12,0.00,0.00,1 434.48,RSI Scalping Buy #M20001
2024.04.03 18:38:39,918,AAPL.NAS,sell,out,5.9,170.530,918,-0.12,0.00,-0.06,1 434.30,sl 170.540
2024.04.03 18:50:01,919,AAPL.NAS,buy,in,5.9,170.600,919,-0.12,0.00,0.00,1 434.18,RSI Scalping Buy #M20001
2024.04.03 20:00:01,920,AAPL.NAS,sell,out,5.9,170.210,920,-0.12,0.00,-2.30,1 431.76,
2024.04.03 21:00:00,921,XAUUSD,buy,in,0.01,2295.13,921,-0.04,0.00,0.00,1 431.72,WP Buy #M20260526
2024.04.03 23:00:01,922,XAUUSD,buy,in,0.02,2297.58,922,-0.07,0.00,0.00,1 431.65,United SuperEMA long #M940001
2024.04.04 02:31:05,923,AUDUSD,sell,in,0.09,0.65699,923,-0.32,0.00,0.00,1 431.33,RSI Overbought Crossover Sell #
2024.04.04 02:45:02,924,XAUUSD,sell,out,0.02,2297.56,924,-0.07,-3.11,-0.04,1 428.11,
2024.04.04 03:00:00,925,XAUUSD,sell,in,0.01,2297.63,925,-0.04,0.00,0.00,1 428.07,RSI Scalping Sell #M129102315
2024.04.04 08:00:00,926,AUDUSD,buy,out,0.09,0.65852,926,-0.32,0.00,-13.77,1 413.98,
2024.04.04 08:52:27,927,XAUUSD,sell,out,0.01,2297.30,927,-0.04,-1.56,2.17,1 414.55,sl 2297.30
2024.04.04 08:59:15,928,XAUUSD,buy,out,0.01,2295.87,928,-0.04,0.00,1.76,1 416.27,sl 2295.86
2024.04.04 22:00:00,929,NVDA.NAS,sell,out,9.6,87.43,929,-0.19,0.00,-12.58,1 403.50,
2024.05.01 16:00:00,930,XAUUSD,buy,in,0.01,2298.35,930,-0.04,0.00,0.00,1 403.46,WP Buy #M20260526
2024.05.01 17:00:00,931,XAUUSD,buy,in,0.11,2305.07,931,-0.39,0.00,0.00,1 403.07,RSI Scalping Buy #M129102315
2024.05.01 17:00:02,932,XAUUSD,sell,out,0.11,2305.22,932,-0.39,0.00,1.65,1 404.33,sl 2305.26
2024.05.01 17:32:44,933,XAUUSD,sell,out,0.01,2302.99,933,-0.04,0.00,4.64,1 408.93,sl 2303.01
2024.05.01 18:15:00,934,XAUUSD,buy,in,0.01,2304.91,934,-0.04,0.00,0.00,1 408.89,United SuperEMA long #M940001
2024.05.01 20:15:00,935,XAUUSD,sell,out,0.01,2303.55,935,-0.04,0.00,-1.36,1 407.49,
2024.05.01 22:00:00,936,XAUUSD,buy,in,0.05,2325.42,936,-0.18,0.00,0.00,1 407.31,EMA Crossover Trade BUY #M12350
2024.05.01 22:00:00,937,XAUUSD,buy,in,0.11,2325.36,937,-0.39,0.00,0.00,1 406.92,RSI Scalping Buy #M129102315
2024.05.01 22:00:05,938,XAUUSD,sell,out,0.11,2325.07,938,-0.39,0.00,-3.19,1 403.34,sl 2325.07
2024.05.01 22:03:26,939,XAUUSD,sell,out,0.05,2324.22,939,-0.18,0.00,-6.00,1 397.16,sl 2324.23
2024.05.01 23:00:00,940,XAUUSD,sell,in,0.11,2309.67,940,-0.39,0.00,0.00,1 396.77,RSI Scalping Sell #M129102315
2024.05.01 23:00:16,941,XAUUSD,buy,out,0.11,2309.68,941,-0.39,0.00,-0.11,1 396.27,sl 2309.63
2024.05.02 12:45:01,942,XAUUSD,sell,in,0.01,2301.21,942,-0.04,0.00,0.00,1 396.23,United SuperEMA short #M940001
2024.05.02 15:30:00,943,XAUUSD,buy,out,0.01,2302.39,943,-0.04,0.00,-1.18,1 395.01,
2024.05.02 16:15:00,944,XAUUSD,sell,in,0.01,2288.84,944,-0.04,0.00,0.00,1 394.97,United SuperEMA short #M940001
2024.05.02 17:45:01,945,XAUUSD,buy,out,0.01,2300.59,945,-0.04,0.00,-11.75,1 383.18,
2024.05.02 19:00:00,946,XTIUSD,sell,in,0.5,78.98,946,0.00,0.00,0.00,1 383.18,WP Sell #M20260533
2024.05.03 01:15:55,947,EURUSD,sell,in,0.04,1.07294,947,-0.14,0.00,0.00,1 383.04,RSI Overbought Crossover Sell #
2024.05.03 03:12:44,948,EURUSD,buy,out,0.04,1.07245,948,-0.14,0.00,1.96,1 384.86,
2024.05.03 03:30:00,949,XAUUSD,sell,in,0.01,2301.44,949,-0.04,0.00,0.00,1 384.82,United SuperEMA short #M940001
2024.05.03 03:56:52,950,EURUSD,sell,in,0.03,1.07317,950,-0.11,0.00,0.00,1 384.71,RSI Overbought Crossover Sell #
2024.05.03 04:00:01,951,XAUUSD,buy,out,0.01,2304.04,951,-0.04,0.00,-2.60,1 382.07,
2024.05.03 05:15:00,952,XAUUSD,sell,in,0.01,2301.22,952,-0.04,0.00,0.00,1 382.03,United SuperEMA short #M940001
2024.05.03 07:15:01,953,XAUUSD,buy,out,0.01,2303.66,953,-0.04,0.00,-2.44,1 379.55,
2024.05.03 14:15:00,954,XAUUSD,sell,in,0.01,2297.10,954,-0.04,0.00,0.00,1 379.51,United SuperEMA short #M940001
2024.05.03 15:45:00,955,XAUUSD,buy,out,0.01,2303.47,955,-0.04,0.00,-6.37,1 373.10,
2024.05.03 17:00:00,956,BTCUSD,buy,in,0.11,61760.35,956,0.00,0.00,0.00,1 373.10,RSI Scalping Buy #M123459123
2024.05.03 17:00:01,957,BTCUSD,sell,out,0.11,61766.72,957,0.00,0.00,0.70,1 373.80,sl 61770.01
2024.05.03 17:30:00,958,XAUUSD,sell,in,0.01,2286.92,958,-0.04,0.00,0.00,1 373.76,United SuperEMA short #M940001
2024.05.03 18:04:22,959,BTCUSD,buy,in,0.01,61621.84,959,0.00,0.00,0.00,1 373.76,WP Buy #M20260527
2024.05.03 18:45:00,960,XAUUSD,buy,out,0.01,2298.19,960,-0.04,0.00,-11.27,1 362.45,
2024.05.03 19:42:46,961,BTCUSD,sell,out,0.01,61883.24,961,0.00,0.00,2.61,1 365.06,sl 61885.38
2024.05.06 03:50:48,962,EURUSD,buy,out,0.03,1.07666,962,-0.11,0.05,-10.47,1 354.53,
2024.05.06 11:25:26,963,XTIUSD,buy,out,0.5,79.25,963,0.00,-29.11,-13.50,1 311.92,sl 79.25
2024.06.03 10:00:00,964,BTCUSD,buy,in,0.1,69009.81,964,0.00,0.00,0.00,1 311.92,RSI Scalping Buy #M123459123
2024.06.03 10:00:01,965,BTCUSD,buy,in,0.01,69037.58,965,0.00,0.00,0.00,1 311.92,WP Buy #M20260527
2024.06.03 10:00:03,966,BTCUSD,sell,out,0.1,69019.23,966,0.00,0.00,0.94,1 312.86,sl 69019.58
2024.06.03 12:16:04,967,BTCUSD,sell,out,0.01,69012.15,967,0.00,0.00,-0.25,1 312.61,sl 69016.74
2024.06.03 16:00:00,968,BTCUSD,buy,in,0.1,69782.26,968,0.00,0.00,0.00,1 312.61,RSI Scalping Buy #M123459123
2024.06.03 16:31:18,969,BTCUSD,sell,out,0.1,69787.99,969,0.00,0.00,0.57,1 313.18,sl 69788.78
2024.06.03 18:00:00,970,XBRUSD,sell,in,0.5,79.00,970,0.00,0.00,0.00,1 313.18,WP Sell #M20260534
2024.06.03 18:00:00,971,XTIUSD,sell,in,0.5,74.77,971,0.00,0.00,0.00,1 313.18,WP Sell #M20260533
2024.06.04 17:18:35,972,XTIUSD,buy,out,0.5,73.66,972,0.00,-7.28,55.50,1 361.40,sl 73.66
2024.06.04 18:16:53,973,XBRUSD,buy,out,0.5,77.89,973,0.00,-5.66,55.50,1 411.24,sl 77.89
2024.06.04 19:00:00,974,BTCUSD,buy,in,0.11,70500.28,974,0.00,0.00,0.00,1 411.24,RSI Scalping Buy #M123459123
2024.06.04 19:00:07,975,BTCUSD,sell,out,0.11,70514.60,975,0.00,0.00,1.58,1 412.82,sl 70519.55
2024.06.07 15:17:52,976,BTCUSD,buy,in,0.01,71916.01,976,0.00,0.00,0.00,1 412.82,WP Buy #M20260527
2024.06.07 15:30:10,977,BTCUSD,sell,out,0.01,71287.90,977,0.00,0.00,-6.28,1 406.54,sl 71395.01
2024.06.10 00:05:12,978,AUDUSD,buy,in,0.09,0.65833,978,-0.32,0.00,0.00,1 406.22,RSI Oversold Crossover Buy #M30
2024.06.10 07:19:12,979,AUDUSD,sell,out,0.09,0.65907,979,-0.32,0.00,6.66,1 412.56,
2024.06.12 16:00:00,980,BTCUSD,buy,in,0.11,69360.89,980,0.00,0.00,0.00,1 412.56,RSI Scalping Buy #M123459123
2024.06.12 16:00:02,981,BTCUSD,sell,out,0.11,69362.39,981,0.00,0.00,0.17,1 412.73,sl 69362.58
2024.06.12 18:00:00,982,BTCUSD,buy,in,0.11,69989.58,982,0.00,0.00,0.00,1 412.73,RSI Scalping Buy #M123459123
2024.06.12 18:04:25,983,BTCUSD,buy,in,0.01,70017.94,983,0.00,0.00,0.00,1 412.73,WP Buy #M20260527
2024.06.12 18:04:25,984,BTCUSD,sell,out,0.11,69996.29,984,0.00,0.00,0.74,1 413.47,sl 69998.17
2024.06.12 19:26:40,985,BTCUSD,sell,out,0.01,69499.83,985,0.00,0.00,-5.18,1 408.29,sl 69501.76
2024.06.20 11:00:41,986,BTCUSD,buy,in,0.01,65850.22,986,0.00,0.00,0.00,1 408.29,WP Buy #M20260527
2024.06.20 14:43:58,987,BTCUSD,sell,out,0.01,66135.69,987,0.00,0.00,2.85,1 411.14,sl 66154.50
2024.06.20 15:02:48,988,BTCUSD,buy,in,0.01,66058.04,988,0.00,0.00,0.00,1 411.14,WP Buy #M20260527
2024.06.20 15:16:08,989,BTCUSD,sell,out,0.01,65975.71,989,0.00,0.00,-0.82,1 410.32,sl 65976.43
2024.06.26 02:00:00,990,XAUUSD,buy,in,0.03,2320.73,990,-0.11,0.00,0.00,1 410.21,RSI Follow BUY #M1001
2024.06.26 04:00:00,991,XAUUSD,sell,out,0.03,2318.43,991,-0.11,0.00,-6.90,1 403.20,
2024.06.26 06:00:00,992,XAUUSD,buy,in,0.03,2319.56,992,-0.11,0.00,0.00,1 403.09,RSI Follow BUY #M1001
2024.06.26 07:00:00,993,XAUUSD,sell,in,0.03,2317.28,993,-0.11,0.00,0.00,1 402.98,RSI Reverse SELL #M1002
2024.06.26 07:00:00,994,XAUUSD,sell,out,0.03,2317.28,994,-0.11,0.00,-6.84,1 396.03,
2024.06.27 14:00:00,995,XAUUSD,buy,out,0.03,2315.30,995,-0.11,4.03,5.94,1 405.89,
2024.06.28 04:20:03,996,AUDUSD,buy,in,0.09,0.66257,996,-0.32,0.00,0.00,1 405.57,RSI Oversold Crossover Buy #M30
2024.06.28 08:00:00,997,AUDUSD,sell,out,0.09,0.66228,997,-0.32,0.00,-2.61,1 402.64,
2024.07.01 02:00:00,998,BTCUSD,buy,in,0.11,62792.61,998,0.00,0.00,0.00,1 402.64,RSI Scalping Buy #M123459123
2024.07.01 02:00:05,999,BTCUSD,sell,out,0.11,62813.01,999,0.00,0.00,2.24,1 404.88,sl 62814.02
2024.07.01 02:58:59,1000,EURUSD,sell,in,0.05,1.07353,1000,-0.18,0.00,0.00,1 404.70,RSI Overbought Crossover Sell #
2024.07.01 04:06:41,1001,BTCUSD,buy,in,0.01,63175.15,1001,0.00,0.00,0.00,1 404.70,WP Buy #M20260527
2024.07.01 05:11:33,1002,BTCUSD,sell,out,0.01,63370.26,1002,0.00,0.00,1.95,1 406.65,sl 63426.84
2024.07.01 06:14:00,1003,BTCUSD,buy,in,0.01,63369.35,1003,0.00,0.00,0.00,1 406.65,WP Buy #M20260527
2024.07.01 11:37:26,1004,BTCUSD,sell,out,0.01,62869.00,1004,0.00,0.00,-5.00,1 401.65,sl 62869.35
2024.07.03 04:02:16,1005,EURUSD,buy,out,0.05,1.07461,1005,-0.18,0.18,-5.40,1 396.25,
2024.07.05 03:45:00,1006,XAUUSD,buy,in,0.02,2358.42,1006,-0.07,0.00,0.00,1 396.18,United SuperEMA long #M940001
2024.07.05 04:00:00,1007,XAUUSD,buy,in,0.11,2358.94,1007,-0.39,0.00,0.00,1 395.79,RSI Scalping Buy #M129102315
2024.07.05 04:04:15,1008,XAUUSD,sell,out,0.11,2359.09,1008,-0.39,0.00,1.65,1 397.05,sl 2359.09
2024.07.05 06:00:00,1009,XAUUSD,buy,in,0.11,2360.60,1009,-0.39,0.00,0.00,1 396.66,RSI Scalping Buy #M129102315
2024.07.05 06:11:42,1010,XAUUSD,sell,out,0.11,2361.61,1010,-0.39,0.00,11.11,1 407.38,sl 2361.61
2024.07.05 11:00:00,1011,XAUUSD,buy,in,0.01,2365.37,1011,-0.04,0.00,0.00,1 407.34,WP Buy #M20260526
2024.07.05 12:45:00,1012,XAUUSD,sell,out,0.02,2365.22,1012,-0.07,0.00,13.60,1 420.87,
2024.07.05 13:00:00,1013,XAUUSD,sell,in,0.11,2362.19,1013,-0.39,0.00,0.00,1 420.48,RSI Scalping Sell #M129102315
2024.07.05 15:30:02,1014,XAUUSD,sell,out,0.01,2350.34,1014,-0.04,0.00,-15.03,1 405.41,sl 2350.37
2024.07.05 15:30:06,1015,XAUUSD,buy,out,0.11,2353.33,1015,-0.39,0.00,97.46,1 502.48,sl 2350.19
2024.07.05 16:00:00,1016,XAUUSD,buy,in,0.02,2372.27,1016,-0.07,0.00,0.00,1 502.41,United SuperEMA long #M940001
2024.07.05 17:00:00,1017,XAUUSD,buy,in,0.06,2383.28,1017,-0.21,0.00,0.00,1 502.20,EMA Crossover Trade BUY #M12350
2024.07.05 17:00:00,1018,XAUUSD,buy,in,0.01,2383.16,1018,-0.04,0.00,0.00,1 502.16,WP Buy #M20260526
2024.07.05 17:02:05,1019,XAUUSD,sell,out,0.06,2379.88,1019,-0.21,0.00,-20.40,1 481.55,sl 2379.88
2024.07.05 18:00:00,1020,XAUUSD,buy,in,0.06,2380.87,1020,-0.21,0.00,0.00,1 481.34,EMA Crossover Trade BUY #M12350
2024.07.05 18:39:19,1021,XAUUSD,sell,out,0.06,2384.67,1021,-0.21,0.00,22.80,1 503.93,sl 2384.67
2024.07.05 19:00:00,1022,XAUUSD,buy,in,0.06,2384.81,1022,-0.21,0.00,0.00,1 503.72,EMA Crossover Trade BUY #M12350
2024.07.05 20:39:13,1023,XAUUSD,sell,out,0.06,2386.15,1023,-0.21,0.00,8.04,1 511.55,sl 2386.16
2024.07.05 21:00:00,1024,XAUUSD,buy,in,0.06,2385.92,1024,-0.21,0.00,0.00,1 511.34,EMA Crossover Trade BUY #M12350
2024.07.05 22:53:58,1025,XAUUSD,sell,out,0.06,2389.24,1025,-0.21,0.00,19.92,1 531.05,sl 2389.24
2024.07.05 23:00:00,1026,XAUUSD,buy,in,0.06,2389.00,1026,-0.21,0.00,0.00,1 530.84,EMA Crossover Trade BUY #M12350
2024.07.08 01:02:00,1027,XAUUSD,sell,out,0.06,2386.57,1027,-0.21,-3.11,-14.58,1 512.94,sl 2387.93
2024.07.08 01:15:01,1028,XAUUSD,sell,out,0.02,2389.28,1028,-0.07,-1.04,34.02,1 545.85,
2024.07.08 01:58:30,1029,XAUUSD,sell,out,0.01,2385.36,1029,-0.04,-0.52,2.20,1 547.49,sl 2385.41
2024.07.08 02:00:00,1030,XAUUSD,sell,in,0.12,2385.37,1030,-0.42,0.00,0.00,1 547.07,RSI Scalping Sell #M129102315
2024.07.08 02:02:48,1031,XAUUSD,buy,out,0.12,2385.62,1031,-0.42,0.00,-3.00,1 543.65,sl 2385.62
2024.07.08 04:01:15,1032,BTCUSD,sell,in,0.01,55054.93,1032,0.00,0.00,0.00,1 543.65,WP Sell #M20260527
2024.07.08 04:12:07,1033,BTCUSD,buy,out,0.01,54600.31,1033,0.00,0.00,4.55,1 548.20,sl 54598.48
2024.07.08 18:30:00,1034,XAUUSD,sell,in,0.02,2369.53,1034,-0.07,0.00,0.00,1 548.13,United SuperEMA short #M940001
2024.07.08 22:45:00,1035,XAUUSD,buy,out,0.02,2359.15,1035,-0.07,0.00,20.76,1 568.82,
2024.07.09 10:30:00,1036,XAUUSD,sell,in,0.02,2359.46,1036,-0.07,0.00,0.00,1 568.75,United SuperEMA short #M940001
2024.07.09 12:00:02,1037,XAUUSD,sell,in,0.03,2361.76,1037,-0.11,0.00,0.00,1 568.64,RSI Reverse SELL #M1002
2024.07.09 12:00:02,1038,XAUUSD,buy,out,0.03,2361.85,1038,-0.11,0.00,-0.27,1 568.26,
2024.07.09 12:15:00,1039,XAUUSD,buy,out,0.02,2363.41,1039,-0.07,0.00,-7.90,1 560.29,
2024.07.09 18:15:00,1040,XAUUSD,sell,in,0.02,2352.60,1040,-0.07,0.00,0.00,1 560.22,United SuperEMA short #M940001
2024.07.09 19:00:00,1041,XAUUSD,buy,out,0.02,2362.19,1041,-0.07,0.00,-19.18,1 540.97,
2024.07.09 23:00:00,1042,XAUUSD,buy,in,0.03,2363.67,1042,-0.11,0.00,0.00,1 540.86,RSI Follow BUY #M1001
2024.07.10 07:00:00,1043,XAUUSD,sell,in,0.03,2368.22,1043,-0.11,0.00,0.00,1 540.75,RSI Reverse SELL #M1002
2024.07.10 07:00:00,1044,XAUUSD,buy,out,0.03,2368.34,1044,-0.11,0.00,-0.36,1 540.28,
2024.07.10 10:00:00,1045,XAUUSD,buy,in,0.1,2372.14,1045,-0.35,0.00,0.00,1 539.93,RSI Scalping Buy #M129102315
2024.07.10 10:04:59,1046,XAUUSD,sell,out,0.1,2372.91,1046,-0.35,0.00,7.70,1 547.28,sl 2372.92
2024.07.10 16:30:00,1047,XAUUSD,buy,in,0.02,2380.66,1047,-0.07,0.00,0.00,1 547.21,United SuperEMA long #M940001
2024.07.10 17:45:00,1048,XAUUSD,sell,out,0.02,2377.08,1048,-0.07,0.00,-7.16,1 539.98,
2024.07.10 18:00:00,1049,XAUUSD,sell,in,0.12,2374.90,1049,-0.42,0.00,0.00,1 539.56,RSI Scalping Sell #M129102315
2024.07.10 18:00:05,1050,XAUUSD,buy,out,0.12,2375.02,1050,-0.42,0.00,-1.44,1 537.70,sl 2375.01
2024.07.10 19:00:00,1051,XAUUSD,buy,in,0.12,2378.93,1051,-0.42,0.00,0.00,1 537.28,RSI Scalping Buy #M129102315
2024.07.10 19:07:13,1052,XAUUSD,sell,out,0.12,2379.49,1052,-0.42,0.00,6.72,1 543.58,sl 2379.49
2024.07.11 01:45:00,1053,XAUUSD,buy,in,0.02,2372.62,1053,-0.07,0.00,0.00,1 543.51,United SuperEMA long #M940001
2024.07.11 06:00:00,1054,XAUUSD,buy,in,0.12,2377.51,1054,-0.42,0.00,0.00,1 543.09,RSI Scalping Buy #M129102315
2024.07.11 06:16:05,1055,XAUUSD,sell,out,0.12,2378.18,1055,-0.42,0.00,8.04,1 550.71,sl 2378.19
2024.07.11 09:45:00,1056,XAUUSD,sell,out,0.02,2378.79,1056,-0.07,0.00,12.34,1 562.98,
2024.07.11 12:15:00,1057,XAUUSD,buy,in,0.02,2384.47,1057,-0.07,0.00,0.00,1 562.91,United SuperEMA long #M940001
2024.07.11 13:45:00,1058,XAUUSD,sell,out,0.02,2380.77,1058,-0.07,0.00,-7.40,1 555.44,
2024.07.11 15:45:00,1059,XAUUSD,buy,in,0.02,2407.64,1059,-0.07,0.00,0.00,1 555.37,United SuperEMA long #M940001
2024.07.11 16:00:00,1060,XAUUSD,buy,in,0.06,2406.74,1060,-0.21,0.00,0.00,1 555.16,EMA Crossover Trade BUY #M12350
2024.07.11 16:02:41,1061,XAUUSD,sell,out,0.06,2405.37,1061,-0.21,0.00,-8.22,1 546.73,sl 2405.38
2024.07.11 17:00:00,1062,XAUUSD,buy,in,0.06,2407.04,1062,-0.21,0.00,0.00,1 546.52,EMA Crossover Trade BUY #M12350
2024.07.11 17:20:26,1063,XAUUSD,sell,out,0.06,2408.21,1063,-0.21,0.00,7.02,1 553.33,sl 2408.21
2024.07.11 18:00:00,1064,XAUUSD,buy,in,0.06,2417.91,1064,-0.21,0.00,0.00,1 553.12,EMA Crossover Trade BUY #M12350
2024.07.11 18:00:00,1065,XAUUSD,buy,in,0.01,2417.95,1065,-0.04,0.00,0.00,1 553.08,WP Buy #M20260526
2024.07.11 18:02:16,1066,XAUUSD,sell,out,0.06,2414.47,1066,-0.21,0.00,-20.64,1 532.23,sl 2414.48
2024.07.11 19:00:00,1067,XAUUSD,buy,in,0.06,2417.35,1067,-0.21,0.00,0.00,1 532.02,EMA Crossover Trade BUY #M12350
2024.07.11 19:00:00,1068,XAUUSD,sell,out,0.01,2417.02,1068,-0.04,0.00,-0.93,1 531.05,sl 2417.06
2024.07.11 19:13:38,1069,XAUUSD,sell,out,0.06,2415.53,1069,-0.21,0.00,-10.92,1 519.92,sl 2415.57
2024.07.11 20:00:00,1070,XAUUSD,buy,in,0.06,2411.75,1070,-0.21,0.00,0.00,1 519.71,EMA Crossover Trade BUY #M12350
2024.07.11 20:40:09,1071,XAUUSD,sell,out,0.06,2412.96,1071,-0.21,0.00,7.26,1 526.76,sl 2412.99
2024.07.11 21:00:00,1072,XAUUSD,buy,in,0.06,2413.65,1072,-0.21,0.00,0.00,1 526.55,EMA Crossover Trade BUY #M12350
2024.07.11 21:00:00,1073,XAUUSD,sell,out,0.02,2413.60,1073,-0.07,0.00,11.92,1 538.40,
2024.07.11 22:53:18,1074,XAUUSD,sell,out,0.06,2414.96,1074,-0.21,0.00,7.86,1 546.05,sl 2414.97
2024.07.11 23:00:00,1075,XAUUSD,buy,in,0.06,2414.62,1075,-0.21,0.00,0.00,1 545.84,EMA Crossover Trade BUY #M12350
2024.07.12 01:23:01,1076,XAUUSD,sell,out,0.06,2411.69,1076,-0.21,-3.11,-17.58,1 524.94,sl 2411.73
2024.07.12 02:00:01,1077,XAUUSD,buy,in,0.06,2414.00,1077,-0.21,0.00,0.00,1 524.73,EMA Crossover Trade BUY #M12350
2024.07.12 03:01:54,1078,XAUUSD,sell,out,0.06,2412.55,1078,-0.21,0.00,-8.70,1 515.82,sl 2412.62
2024.07.12 04:00:01,1079,XAUUSD,buy,in,0.06,2411.68,1079,-0.21,0.00,0.00,1 515.61,EMA Crossover Trade BUY #M12350
2024.07.12 04:00:01,1080,XAUUSD,sell,in,0.12,2411.60,1080,-0.42,0.00,0.00,1 515.19,RSI Scalping Sell #M129102315
2024.07.12 04:18:57,1081,XAUUSD,sell,out,0.06,2410.41,1081,-0.21,0.00,-7.62,1 507.36,sl 2410.41
2024.07.12 04:20:54,1082,XAUUSD,buy,out,0.12,2410.73,1082,-0.42,0.00,10.44,1 517.38,sl 2410.73
2024.07.12 12:00:00,1083,XAUUSD,buy,in,0.12,2407.56,1083,-0.42,0.00,0.00,1 516.96,RSI Scalping Buy #M129102315
2024.07.12 12:18:57,1084,XAUUSD,sell,out,0.12,2407.61,1084,-0.42,0.00,0.60,1 517.14,sl 2407.62
2024.07.12 17:15:00,1085,XAUUSD,buy,in,0.02,2409.25,1085,-0.07,0.00,0.00,1 517.07,United SuperEMA long #M940001
2024.07.12 18:00:00,1086,XAUUSD,buy,in,0.12,2409.05,1086,-0.42,0.00,0.00,1 516.65,RSI Scalping Buy #M129102315
2024.07.12 18:06:57,1087,XAUUSD,sell,out,0.12,2410.33,1087,-0.42,0.00,15.36,1 531.59,sl 2410.34
2024.07.12 22:15:02,1088,XAUUSD,sell,out,0.02,2414.32,1088,-0.07,0.00,10.14,1 541.66,
2024.07.15 01:00:00,1089,BTCUSD,buy,in,0.12,61328.98,1089,0.00,0.00,0.00,1 541.66,RSI Scalping Buy #M123459123
2024.07.15 01:00:01,1090,BTCUSD,sell,out,0.12,61337.00,1090,0.00,0.00,0.96,1 542.62,sl 61342.20
2024.07.15 05:15:00,1091,XAUUSD,buy,in,0.02,2410.88,1091,-0.07,0.00,0.00,1 542.55,United SuperEMA long #M940001
2024.07.15 06:00:01,1092,BTCUSD,buy,in,0.12,62558.91,1092,0.00,0.00,0.00,1 542.55,RSI Scalping Buy #M123459123
2024.07.15 06:00:33,1093,BTCUSD,sell,out,0.12,62568.66,1093,0.00,0.00,1.17,1 543.72,sl 62568.83
2024.07.15 06:03:21,1094,BTCUSD,buy,in,0.01,62404.16,1094,0.00,0.00,0.00,1 543.72,WP Buy #M20260527
2024.07.15 07:31:33,1095,BTCUSD,sell,out,0.01,62527.89,1095,0.00,0.00,1.24,1 544.96,sl 62529.00
2024.07.15 08:16:05,1096,BTCUSD,buy,in,0.01,62764.31,1096,0.00,0.00,0.00,1 544.96,WP Buy #M20260527
2024.07.15 09:00:00,1097,XAUUSD,sell,out,0.02,2408.19,1097,-0.07,0.00,-5.38,1 539.51,
2024.07.15 11:50:06,1098,BTCUSD,sell,out,0.01,62941.94,1098,0.00,0.00,1.78,1 541.29,sl 62942.20
2024.07.15 12:00:00,1099,XAUUSD,buy,in,0.02,2412.12,1099,-0.07,0.00,0.00,1 541.22,United SuperEMA long #M940001
2024.07.15 14:00:00,1100,XAUUSD,buy,in,0.12,2414.89,1100,-0.42,0.00,0.00,1 540.80,RSI Scalping Buy #M129102315
2024.07.15 14:11:15,1101,XAUUSD,sell,out,0.12,2418.06,1101,-0.42,0.00,38.04,1 578.42,sl 2418.06
2024.07.15 16:15:01,1102,XAUUSD,sell,out,0.02,2412.51,1102,-0.07,0.00,0.78,1 579.13,
2024.07.15 17:00:00,1103,XAUUSD,buy,in,0.13,2418.78,1103,-0.46,0.00,0.00,1 578.67,RSI Scalping Buy #M129102315
2024.07.15 17:00:31,1104,XAUUSD,sell,out,0.13,2418.83,1104,-0.46,0.00,0.65,1 578.86,sl 2418.84
2024.07.15 17:15:00,1105,XAUUSD,buy,in,0.02,2421.27,1105,-0.07,0.00,0.00,1 578.79,United SuperEMA long #M940001
2024.07.15 18:00:00,1106,BTCUSD,buy,in,0.13,63272.32,1106,0.00,0.00,0.00,1 578.79,RSI Scalping Buy #M123459123
2024.07.15 18:00:02,1107,XAUUSD,buy,in,0.06,2432.21,1107,-0.21,0.00,0.00,1 578.58,EMA Crossover Trade BUY #M12350
2024.07.15 18:00:06,1108,BTCUSD,sell,out,0.13,63273.99,1108,0.00,0.00,0.22,1 578.80,sl 63274.53
2024.07.15 18:17:24,1109,XAUUSD,sell,out,0.06,2432.29,1109,-0.21,0.00,0.48,1 579.07,sl 2432.29
2024.07.15 19:00:00,1110,XAUUSD,buy,in,0.06,2433.38,1110,-0.21,0.00,0.00,1 578.86,EMA Crossover Trade BUY #M12350
2024.07.15 19:00:00,1111,XAUUSD,buy,in,0.01,2433.38,1111,-0.04,0.00,0.00,1 578.82,WP Buy #M20260526
2024.07.15 19:23:53,1112,XAUUSD,sell,out,0.06,2431.13,1112,-0.21,0.00,-13.50,1 565.11,sl 2431.15
2024.07.15 19:45:22,1113,XAUUSD,sell,out,0.01,2432.25,1113,-0.04,0.00,-1.13,1 563.94,sl 2432.26
2024.07.15 20:00:00,1114,XAUUSD,buy,in,0.06,2430.36,1114,-0.21,0.00,0.00,1 563.73,EMA Crossover Trade BUY #M12350
2024.07.15 20:00:00,1115,BTCUSD,buy,in,0.13,63473.62,1115,0.00,0.00,0.00,1 563.73,RSI Scalping Buy #M123459123
2024.07.15 20:00:00,1116,XAUUSD,sell,in,0.13,2430.25,1116,-0.46,0.00,0.00,1 563.27,RSI Scalping Sell #M129102315
2024.07.15 20:00:41,1117,XAUUSD,buy,out,0.13,2429.07,1117,-0.46,0.00,15.34,1 578.15,sl 2429.03
2024.07.15 20:06:00,1118,BTCUSD,sell,out,0.13,63494.87,1118,0.00,0.00,2.76,1 580.91,sl 63500.44
2024.07.15 20:30:00,1119,XAUUSD,sell,out,0.02,2424.56,1119,-0.07,0.00,6.58,1 587.42,
2024.07.15 22:00:00,1120,XAUUSD,buy,in,0.13,2422.49,1120,-0.46,0.00,0.00,1 586.96,RSI Scalping Buy #M129102315
2024.07.15 22:19:31,1121,XAUUSD,sell,out,0.13,2422.44,1121,-0.46,0.00,-0.65,1 585.85,sl 2422.54
2024.07.16 03:00:00,1122,BTCUSD,buy,in,0.13,64765.11,1122,0.00,0.00,0.00,1 585.85,RSI Scalping Buy #M123459123
2024.07.16 03:00:08,1123,BTCUSD,sell,out,0.13,64789.40,1123,0.00,0.00,3.16,1 589.01,sl 64789.51
2024.07.16 04:15:00,1124,XAUUSD,buy,in,0.02,2424.85,1124,-0.07,0.00,0.00,1 588.94,United SuperEMA long #M940001
2024.07.16 04:21:37,1125,BTCUSD,buy,in,0.01,64784.67,1125,0.00,0.00,0.00,1 588.94,WP Buy #M20260527
2024.07.16 05:00:00,1126,XAUUSD,buy,in,0.13,2427.41,1126,-0.46,0.00,0.00,1 588.48,RSI Scalping Buy #M129102315
2024.07.16 05:06:03,1127,XAUUSD,sell,out,0.13,2427.58,1127,-0.46,0.00,2.21,1 590.23,sl 2427.59
2024.07.16 06:19:48,1128,XAUUSD,sell,out,0.06,2427.75,1128,-0.21,-3.11,-15.66,1 571.25,sl 2427.76
2024.07.16 07:00:00,1129,XAUUSD,buy,in,0.03,2428.77,1129,-0.11,0.00,0.00,1 571.14,RSI Reverse BUY #M1002
2024.07.16 07:15:18,1130,BTCUSD,sell,out,0.01,64727.13,1130,0.00,0.00,-0.58,1 570.56,sl 64728.00
2024.07.16 07:30:00,1131,XAUUSD,sell,out,0.02,2425.28,1131,-0.07,0.00,0.86,1 571.35,
2024.07.16 08:15:04,1132,XAUUSD,buy,in,0.02,2429.73,1132,-0.07,0.00,0.00,1 571.28,United SuperEMA long #M940001
2024.07.16 11:00:00,1133,XAUUSD,buy,in,0.06,2437.07,1133,-0.21,0.00,0.00,1 571.07,EMA Crossover Trade BUY #M12350
2024.07.16 11:09:27,1134,XAUUSD,sell,out,0.06,2433.93,1134,-0.21,0.00,-18.84,1 552.02,sl 2433.93
2024.07.16 13:00:00,1135,XAUUSD,buy,in,0.03,2442.60,1135,-0.11,0.00,0.00,1 551.91,EMA Crossover Trade BUY #M12350
2024.07.16 13:00:00,1136,XAUUSD,buy,in,0.01,2442.64,1136,-0.04,0.00,0.00,1 551.87,WP Buy #M20260526
2024.07.16 14:00:00,1137,XAUUSD,sell,in,0.12,2440.25,1137,-0.42,0.00,0.00,1 551.45,RSI Scalping Sell #M129102315
2024.07.16 14:11:06,1138,XAUUSD,sell,out,0.03,2439.67,1138,-0.11,0.00,-8.79,1 542.55,sl 2439.67
2024.07.16 14:16:11,1139,XAUUSD,buy,out,0.12,2439.44,1139,-0.42,0.00,9.72,1 551.85,sl 2439.44
2024.07.16 15:45:00,1140,XAUUSD,sell,out,0.02,2434.48,1140,-0.07,0.00,9.50,1 561.28,
2024.07.16 17:00:00,1141,XAUUSD,buy,in,0.03,2442.85,1141,-0.11,0.00,0.00,1 561.17,EMA Crossover Trade BUY #M12350
2024.07.16 17:00:00,1142,XAUUSD,buy,in,0.13,2442.85,1142,-0.46,0.00,0.00,1 560.71,RSI Scalping Buy #M129102315
2024.07.16 17:00:44,1143,XAUUSD,sell,out,0.13,2443.08,1143,-0.46,0.00,2.99,1 563.24,sl 2443.08
2024.07.16 17:09:21,1144,XAUUSD,sell,out,0.03,2441.60,1144,-0.11,0.00,-3.75,1 559.38,sl 2441.60
2024.07.16 18:00:00,1145,XAUUSD,buy,in,0.03,2452.20,1145,-0.11,0.00,0.00,1 559.27,EMA Crossover Trade BUY #M12350
2024.07.16 18:10:56,1146,XAUUSD,sell,out,0.03,2453.95,1146,-0.11,0.00,5.25,1 564.41,sl 2453.95
2024.07.16 19:00:00,1147,XAUUSD,buy,in,0.03,2463.29,1147,-0.11,0.00,0.00,1 564.30,EMA Crossover Trade BUY #M12350
2024.07.16 19:05:09,1148,XAUUSD,sell,out,0.03,2459.72,1148,-0.11,0.00,-10.71,1 553.48,sl 2459.72
2024.07.16 20:00:00,1149,XAUUSD,buy,in,0.06,2459.24,1149,-0.21,0.00,0.00,1 553.27,EMA Crossover Trade BUY #M12350
2024.07.16 21:00:00,1150,XAUUSD,buy,in,0.02,2464.76,1150,-0.07,0.00,0.00,1 553.20,United SuperEMA long #M940001
2024.07.16 21:31:02,1151,XAUUSD,sell,out,0.06,2462.82,1151,-0.21,0.00,21.48,1 574.47,sl 2462.82
2024.07.17 03:15:00,1152,XAUUSD,sell,out,0.02,2466.69,1152,-0.07,-1.04,3.86,1 577.22,
2024.07.17 03:40:38,1153,XAUUSD,sell,out,0.01,2472.60,1153,-0.04,-0.52,29.96,1 606.62,tp 2472.60
2024.07.17 07:00:01,1154,XAUUSD,sell,in,0.13,2471.92,1154,-0.46,0.00,0.00,1 606.16,RSI Scalping Sell #M129102315
2024.07.17 07:04:22,1155,XAUUSD,buy,out,0.13,2471.70,1155,-0.46,0.00,2.86,1 608.56,sl 2471.70
2024.07.17 11:00:00,1156,XAUUSD,buy,in,0.02,2474.27,1156,-0.07,0.00,0.00,1 608.49,United SuperEMA long #M940001
2024.07.17 13:45:00,1157,XAUUSD,sell,out,0.02,2468.52,1157,-0.07,0.00,-11.50,1 596.92,
2024.07.17 16:15:00,1158,XAUUSD,buy,in,0.02,2475.98,1158,-0.07,0.00,0.00,1 596.85,United SuperEMA long #M940001
2024.07.17 17:15:00,1159,XAUUSD,sell,out,0.02,2467.38,1159,-0.07,0.00,-17.20,1 579.58,
2024.07.18 05:45:04,1160,XAUUSD,buy,in,0.02,2463.78,1160,-0.07,0.00,0.00,1 579.51,United SuperEMA long #M940001
2024.07.18 09:15:01,1161,XAUUSD,sell,out,0.02,2466.21,1161,-0.07,0.00,4.86,1 584.30,
2024.07.18 09:45:00,1162,XAUUSD,buy,in,0.02,2470.47,1162,-0.07,0.00,0.00,1 584.23,United SuperEMA long #M940001
2024.07.18 10:00:00,1163,XAUUSD,buy,in,0.13,2471.71,1163,-0.46,0.00,0.00,1 583.77,RSI Scalping Buy #M129102315
2024.07.18 10:06:22,1164,XAUUSD,sell,out,0.13,2473.42,1164,-0.46,0.00,22.23,1 605.54,sl 2473.42
2024.07.18 11:45:00,1165,XAUUSD,sell,out,0.02,2468.54,1165,-0.07,0.00,-3.86,1 601.61,
2024.07.18 16:45:00,1166,XAUUSD,sell,in,0.02,2459.91,1166,-0.07,0.00,0.00,1 601.54,United SuperEMA short #M940001
2024.07.18 17:15:00,1167,XAUUSD,buy,out,0.02,2463.38,1167,-0.07,0.00,-6.94,1 594.53,
2024.07.18 19:45:01,1168,XAUUSD,sell,in,0.02,2456.42,1168,-0.07,0.00,0.00,1 594.46,United SuperEMA short #M940001
2024.07.19 03:00:00,1169,XAUUSD,sell,out,0.03,2441.35,1169,-0.11,-18.70,233.04,1 808.69,
2024.07.19 03:12:04,1170,AUDUSD,buy,in,0.12,0.66951,1170,-0.42,0.00,0.00,1 808.27,RSI Oversold Crossover Buy #M30
2024.07.19 05:00:00,1171,XAUUSD,sell,out,0.03,2426.22,1171,-0.11,-7.79,-7.65,1 792.72,
2024.07.19 07:00:01,1172,XAUUSD,buy,out,0.02,2428.84,1172,-0.07,0.90,55.16,1 848.71,
2024.07.19 08:00:01,1173,AUDUSD,sell,out,0.12,0.66994,1173,-0.42,0.00,5.16,1 853.45,
2024.07.19 15:15:00,1174,XAUUSD,sell,in,0.03,2407.95,1174,-0.11,0.00,0.00,1 853.34,United SuperEMA short #M940001
2024.07.19 18:30:00,1175,XAUUSD,buy,out,0.03,2404.32,1175,-0.11,0.00,10.89,1 864.12,
2024.07.19 20:00:00,1176,BTCUSD,buy,in,0.15,66443.90,1176,0.00,0.00,0.00,1 864.12,RSI Scalping Buy #M123459123
2024.07.19 20:00:03,1177,BTCUSD,sell,out,0.15,66452.54,1177,0.00,0.00,1.30,1 865.42,sl 66452.54
2024.07.19 20:01:55,1178,BTCUSD,buy,in,0.01,66349.22,1178,0.00,0.00,0.00,1 865.42,WP Buy #M20260527
2024.07.19 20:31:18,1179,BTCUSD,sell,out,0.01,66455.55,1179,0.00,0.00,1.06,1 866.48,sl 66457.07
2024.07.19 21:03:29,1180,BTCUSD,buy,in,0.01,66618.71,1180,0.00,0.00,0.00,1 866.48,WP Buy #M20260527
2024.07.19 22:37:49,1181,BTCUSD,sell,out,0.01,67134.71,1181,0.00,0.00,5.16,1 871.64,sl 67145.47
2024.07.19 23:01:02,1182,BTCUSD,buy,in,0.01,67051.41,1182,0.00,0.00,0.00,1 871.64,WP Buy #M20260527
2024.07.20 03:26:35,1183,BTCUSD,sell,out,0.01,66550.59,1183,0.00,0.00,-5.01,1 866.63,sl 66551.41
2024.07.22 05:30:00,1184,XAUUSD,sell,in,0.03,2405.46,1184,-0.11,0.00,0.00,1 866.52,United SuperEMA short #M940001
2024.07.22 06:30:00,1185,XAUUSD,buy,out,0.03,2409.16,1185,-0.11,0.00,-11.10,1 855.31,
2024.07.22 09:15:00,1186,XAUUSD,sell,in,0.03,2401.12,1186,-0.11,0.00,0.00,1 855.20,United SuperEMA short #M940001
2024.07.22 11:45:01,1187,XAUUSD,buy,out,0.03,2402.99,1187,-0.11,0.00,-5.61,1 849.48,
2024.07.22 15:00:00,1188,XAUUSD,sell,in,0.03,2398.10,1188,-0.11,0.00,0.00,1 849.37,United SuperEMA short #M940001
2024.07.22 19:45:00,1189,XAUUSD,buy,out,0.03,2391.57,1189,-0.11,0.00,19.59,1 868.85,
2024.07.23 08:30:00,1190,XAUUSD,sell,in,0.03,2393.79,1190,-0.11,0.00,0.00,1 868.74,United SuperEMA short #M940001
2024.07.23 10:45:00,1191,XAUUSD,buy,out,0.03,2395.59,1191,-0.11,0.00,-5.40,1 863.23,
2024.07.23 13:00:00,1192,XAUUSD,buy,in,0.15,2406.99,1192,-0.53,0.00,0.00,1 862.70,RSI Scalping Buy #M129102315
2024.07.23 13:07:15,1193,XAUUSD,sell,out,0.15,2407.53,1193,-0.53,0.00,8.10,1 870.27,sl 2407.54
2024.07.23 14:30:00,1194,XAUUSD,buy,in,0.03,2409.95,1194,-0.11,0.00,0.00,1 870.16,United SuperEMA long #M940001
2024.07.23 15:30:00,1195,XAUUSD,sell,out,0.03,2405.39,1195,-0.11,0.00,-13.68,1 856.37,
2024.07.23 23:00:01,1196,XAUUSD,buy,in,0.15,2407.59,1196,-0.53,0.00,0.00,1 855.84,RSI Scalping Buy #M129102315
2024.07.23 23:10:07,1197,XAUUSD,sell,out,0.15,2407.62,1197,-0.53,0.00,0.45,1 855.76,sl 2407.64
2024.07.24 02:45:01,1198,XAUUSD,buy,in,0.03,2409.22,1198,-0.11,0.00,0.00,1 855.65,United SuperEMA long #M940001
2024.07.24 04:30:00,1199,XAUUSD,sell,out,0.03,2405.93,1199,-0.11,0.00,-9.87,1 845.67,
2024.07.24 08:00:00,1200,XAUUSD,sell,in,0.04,2417.90,1200,-0.14,0.00,0.00,1 845.53,RSI Reverse SELL #M1002
2024.07.24 08:00:00,1201,XAUUSD,buy,out,0.04,2417.95,1201,-0.14,0.00,-0.20,1 845.19,
2024.07.24 08:00:00,1202,XAUUSD,buy,in,0.01,2417.93,1202,-0.04,0.00,0.00,1 845.15,WP Buy #M20260526
2024.07.24 09:00:00,1203,XAUUSD,sell,in,0.12,2416.12,1203,-0.42,0.00,0.00,1 844.73,RSI Scalping Sell #M129102315
2024.07.24 09:33:05,1204,XAUUSD,buy,out,0.12,2415.62,1204,-0.42,0.00,6.00,1 850.31,sl 2415.62
2024.07.24 13:00:05,1205,XAUUSD,buy,in,0.15,2413.73,1205,-0.53,0.00,0.00,1 849.78,RSI Scalping Buy #M129102315
2024.07.24 13:05:06,1206,XAUUSD,sell,out,0.15,2414.13,1206,-0.53,0.00,6.00,1 855.25,sl 2414.13
2024.07.24 15:00:00,1207,XAUUSD,buy,in,0.03,2417.61,1207,-0.11,0.00,0.00,1 855.14,United SuperEMA long #M940001
2024.07.24 16:18:12,1208,XAUUSD,sell,out,0.01,2415.49,1208,-0.04,0.00,-2.44,1 852.66,sl 2415.49
2024.07.24 18:00:00,1209,XAUUSD,buy,in,0.03,2430.48,1209,-0.11,0.00,0.00,1 852.55,EMA Crossover Trade BUY #M12350
2024.07.24 18:06:55,1210,XAUUSD,sell,out,0.03,2427.70,1210,-0.11,0.00,-8.34,1 844.10,sl 2427.70
2024.07.24 19:00:00,1211,XAUUSD,sell,in,0.15,2424.86,1211,-0.53,0.00,0.00,1 843.57,RSI Scalping Sell #M129102315
2024.07.24 19:08:30,1212,XAUUSD,buy,out,0.15,2422.03,1212,-0.53,0.00,42.45,1 885.49,sl 2422.00
2024.07.24 19:15:00,1213,XAUUSD,sell,out,0.03,2421.20,1213,-0.11,0.00,10.77,1 896.15,
2024.07.25 04:30:00,1214,XAUUSD,sell,in,0.03,2388.00,1214,-0.11,0.00,0.00,1 896.04,United SuperEMA short #M940001
2024.07.25 09:00:00,1215,XAUUSD,buy,out,0.03,2376.62,1215,-0.11,0.00,34.14,1 930.07,
2024.07.25 17:15:00,1216,XAUUSD,sell,in,0.03,2361.09,1216,-0.11,0.00,0.00,1 929.96,United SuperEMA short #M940001
2024.07.25 22:30:00,1217,XAUUSD,buy,out,0.03,2362.58,1217,-0.11,0.00,-4.47,1 925.38,
2024.07.26 02:47:50,1218,BTCUSD,buy,in,0.01,65729.41,1218,0.00,0.00,0.00,1 925.38,WP Buy #M20260527
2024.07.26 03:26:55,1219,BTCUSD,sell,out,0.01,65974.94,1219,0.00,0.00,2.46,1 927.84,sl 65975.47
2024.07.26 04:02:12,1220,BTCUSD,buy,in,0.01,66327.86,1220,0.00,0.00,0.00,1 927.84,WP Buy #M20260527
2024.07.26 04:31:18,1221,BTCUSD,sell,out,0.01,66231.72,1221,0.00,0.00,-0.96,1 926.88,sl 66232.48
2024.07.26 05:22:15,1222,BTCUSD,buy,in,0.01,66595.90,1222,0.00,0.00,0.00,1 926.88,WP Buy #M20260527
2024.07.26 06:22:51,1223,BTCUSD,sell,out,0.01,67143.24,1223,0.00,0.00,5.47,1 932.35,sl 67152.42
2024.07.26 09:30:00,1224,XAUUSD,sell,in,0.03,2367.86,1224,-0.11,0.00,0.00,1 932.24,United SuperEMA short #M940001
2024.07.26 11:15:00,1225,XAUUSD,buy,out,0.03,2370.81,1225,-0.11,0.00,-8.85,1 923.28,
2024.07.26 17:00:00,1226,BTCUSD,buy,in,0.16,67886.40,1226,0.00,0.00,0.00,1 923.28,RSI Scalping Buy #M123459123
2024.07.26 17:00:00,1227,XAUUSD,buy,in,0.16,2381.40,1227,-0.56,0.00,0.00,1 922.72,RSI Scalping Buy #M129102315
2024.07.26 17:00:10,1228,BTCUSD,sell,out,0.16,67907.20,1228,0.00,0.00,3.33,1 926.05,sl 67907.75
2024.07.26 17:00:21,1229,XAUUSD,sell,out,0.16,2381.57,1229,-0.56,0.00,2.72,1 928.21,sl 2381.62
2024.07.26 18:45:05,1230,XAUUSD,buy,in,0.03,2386.26,1230,-0.11,0.00,0.00,1 928.10,United SuperEMA long #M940001
2024.07.26 20:30:00,1231,XAUUSD,sell,out,0.03,2382.19,1231,-0.11,0.00,-12.21,1 915.78,
2024.07.26 23:00:00,1232,XAUUSD,buy,in,0.04,2386.69,1232,-0.14,0.00,0.00,1 915.64,RSI Follow BUY #M1001
2024.07.29 03:45:00,1233,XAUUSD,buy,in,0.03,2399.63,1233,-0.11,0.00,0.00,1 915.53,United SuperEMA long #M940001
2024.07.29 04:45:00,1234,XAUUSD,sell,out,0.03,2393.01,1234,-0.11,0.00,-19.86,1 895.56,
2024.07.29 05:00:00,1235,XAUUSD,sell,in,0.15,2392.75,1235,-0.53,0.00,0.00,1 895.03,RSI Scalping Sell #M129102315
2024.07.29 05:07:02,1236,XAUUSD,buy,out,0.15,2391.80,1236,-0.53,0.00,14.25,1 908.75,sl 2391.80
2024.07.29 13:00:00,1237,XAUUSD,buy,in,0.15,2392.90,1237,-0.53,0.00,0.00,1 908.22,RSI Scalping Buy #M129102315
2024.07.29 13:08:10,1238,XAUUSD,sell,out,0.15,2393.29,1238,-0.53,0.00,5.85,1 913.54,sl 2393.29
2024.07.29 13:15:00,1239,XAUUSD,buy,in,0.01,2393.14,1239,-0.04,0.00,0.00,1 913.50,United SuperEMA long #M940001
2024.07.29 14:30:00,1240,XAUUSD,sell,out,0.01,2390.61,1240,-0.04,0.00,-2.53,1 910.93,
2024.07.29 16:00:00,1241,XAUUSD,buy,in,0.15,2393.94,1241,-0.53,0.00,0.00,1 910.40,RSI Scalping Buy #M129102315
2024.07.29 16:02:42,1242,XAUUSD,sell,out,0.15,2393.88,1242,-0.53,0.00,-0.90,1 908.97,sl 2393.88
2024.07.29 16:15:00,1243,XAUUSD,buy,in,0.01,2394.57,1243,-0.04,0.00,0.00,1 908.93,United SuperEMA long #M940001
2024.07.29 17:00:00,1244,XAUUSD,sell,out,0.01,2392.43,1244,-0.04,0.00,-2.14,1 906.75,
2024.07.29 20:00:00,1245,XTIUSD,sell,in,0.5,76.66,1245,0.00,0.00,0.00,1 906.75,WP Sell #M20260533
2024.07.29 20:00:00,1246,XBRUSD,sell,in,0.5,79.71,1246,0.00,0.00,0.00,1 906.75,WP Sell #M20260534
2024.07.30 03:30:00,1247,XAUUSD,sell,in,0.01,2380.99,1247,-0.04,0.00,0.00,1 906.71,United SuperEMA short #M940001
2024.07.30 06:00:02,1248,XAUUSD,buy,out,0.01,2381.98,1248,-0.04,0.00,-0.99,1 905.68,
2024.07.30 10:00:00,1249,XAUUSD,buy,in,0.12,2390.82,1249,-0.42,0.00,0.00,1 905.26,RSI Scalping Buy #M129102315
2024.07.30 10:10:43,1250,XAUUSD,sell,out,0.12,2391.25,1250,-0.42,0.00,5.16,1 910.00,sl 2391.25
2024.07.30 11:45:01,1251,XAUUSD,buy,in,0.01,2390.99,1251,-0.04,0.00,0.00,1 909.96,United SuperEMA long #M940001
2024.07.30 12:15:00,1252,XAUUSD,sell,out,0.01,2389.51,1252,-0.04,0.00,-1.48,1 908.44,
2024.07.30 14:00:00,1253,XAUUSD,buy,in,0.15,2391.73,1253,-0.53,0.00,0.00,1 907.91,RSI Scalping Buy #M129102315
2024.07.30 14:16:38,1254,XAUUSD,sell,out,0.15,2391.47,1254,-0.53,0.00,-3.90,1 903.48,sl 2391.47
2024.07.30 17:00:00,1255,XAUUSD,buy,in,0.15,2394.03,1255,-0.53,0.00,0.00,1 902.95,RSI Scalping Buy #M129102315
2024.07.30 17:33:14,1256,XAUUSD,sell,out,0.15,2394.06,1256,-0.53,0.00,0.45,1 902.87,sl 2394.07
2024.07.30 20:00:00,1257,XAUUSD,buy,in,0.15,2400.11,1257,-0.53,0.00,0.00,1 902.34,RSI Scalping Buy #M129102315
2024.07.30 20:00:00,1258,XAUUSD,buy,in,0.01,2400.30,1258,-0.04,0.00,0.00,1 902.30,United SuperEMA long #M940001
2024.07.30 20:01:45,1259,XAUUSD,sell,out,0.15,2403.93,1259,-0.53,0.00,57.30,1 959.07,sl 2403.96
2024.07.31 03:30:00,1260,XAUUSD,sell,out,0.01,2408.70,1260,-0.04,-0.52,8.40,1 966.91,
2024.07.31 04:30:08,1261,AUDUSD,buy,in,0.13,0.65116,1261,-0.46,0.00,0.00,1 966.45,RSI Oversold Crossover Buy #M30
2024.07.31 05:14:11,1262,XTIUSD,buy,out,0.5,76.60,1262,0.00,-14.56,3.00,1 954.89,sl 76.60
2024.07.31 05:34:39,1263,XBRUSD,buy,out,0.5,79.80,1263,0.00,-11.32,-4.50,1 939.07,sl 79.80
2024.07.31 07:00:00,1264,XAUUSD,buy,in,0.04,2416.70,1264,-0.14,0.00,0.00,1 938.93,EMA Crossover Trade BUY #M12350
2024.07.31 08:00:00,1265,AUDUSD,sell,out,0.13,0.64941,1265,-0.46,0.00,-22.75,1 915.72,
2024.07.31 08:39:22,1266,XAUUSD,sell,out,0.04,2418.43,1266,-0.14,0.00,6.92,1 922.50,sl 2418.44
2024.07.31 09:00:00,1267,XAUUSD,buy,in,0.04,2417.90,1267,-0.14,0.00,0.00,1 922.36,EMA Crossover Trade BUY #M12350
2024.07.31 09:00:00,1268,XAUUSD,sell,in,0.16,2417.81,1268,-0.56,0.00,0.00,1 921.80,RSI Scalping Sell #M129102315
2024.07.31 09:01:19,1269,XAUUSD,buy,out,0.16,2417.67,1269,-0.56,0.00,2.24,1 923.48,sl 2417.67
2024.07.31 09:30:00,1270,XAUUSD,buy,in,0.01,2424.01,1270,-0.04,0.00,0.00,1 923.44,United SuperEMA long #M940001
2024.07.31 09:41:05,1271,XAUUSD,sell,out,0.04,2421.74,1271,-0.14,0.00,15.36,1 938.66,sl 2421.74
2024.07.31 10:00:00,1272,XAUUSD,buy,in,0.08,2421.53,1272,-0.28,0.00,0.00,1 938.38,EMA Crossover Trade BUY #M12350
2024.07.31 10:15:09,1273,XAUUSD,sell,out,0.08,2418.22,1273,-0.28,0.00,-26.48,1 911.62,sl 2418.22
2024.07.31 10:30:00,1274,XAUUSD,sell,out,0.01,2417.26,1274,-0.04,0.00,-6.75,1 904.83,
2024.07.31 11:00:00,1275,XAUUSD,sell,in,0.15,2417.20,1275,-0.53,0.00,0.00,1 904.30,RSI Scalping Sell #M129102315
2024.07.31 11:05:34,1276,XAUUSD,buy,out,0.15,2417.25,1276,-0.53,0.00,-0.75,1 903.02,sl 2417.23
2024.07.31 12:00:00,1277,XAUUSD,buy,in,0.03,2421.58,1277,-0.11,0.00,0.00,1 902.91,EMA Crossover Trade BUY #M12350
2024.07.31 12:36:10,1278,XAUUSD,sell,out,0.03,2418.59,1278,-0.11,0.00,-8.97,1 893.83,sl 2418.60
2024.07.31 13:00:00,1279,XAUUSD,buy,in,0.03,2421.10,1279,-0.11,0.00,0.00,1 893.72,EMA Crossover Trade BUY #M12350
2024.07.31 13:28:36,1280,XAUUSD,sell,out,0.03,2419.18,1280,-0.11,0.00,-5.76,1 887.85,sl 2419.20
2024.07.31 17:00:00,1281,XAUUSD,buy,in,0.03,2426.33,1281,-0.11,0.00,0.00,1 887.74,EMA Crossover Trade BUY #M12350
2024.07.31 17:20:23,1282,XAUUSD,sell,out,0.03,2425.31,1282,-0.11,0.00,-3.06,1 884.57,sl 2425.32
2024.07.31 19:30:01,1283,XAUUSD,buy,in,0.01,2427.27,1283,-0.04,0.00,0.00,1 884.53,United SuperEMA long #M940001
2024.07.31 20:00:00,1284,XAUUSD,buy,in,0.03,2427.22,1284,-0.11,0.00,0.00,1 884.42,EMA Crossover Trade BUY #M12350
2024.07.31 21:00:03,1285,XAUUSD,sell,out,0.03,2425.30,1285,-0.11,0.00,-5.76,1 878.55,sl 2425.35
2024.07.31 21:15:00,1286,XAUUSD,sell,out,0.01,2422.39,1286,-0.04,0.00,-4.88,1 873.63,
2024.07.31 21:45:00,1287,XAUUSD,buy,in,0.01,2432.36,1287,-0.04,0.00,0.00,1 873.59,United SuperEMA long #M940001
2024.07.31 22:00:00,1288,XAUUSD,buy,in,0.01,2433.42,1288,-0.04,0.00,0.00,1 873.55,EMA Crossover Trade BUY #M12350
2024.07.31 22:10:04,1289,XAUUSD,sell,out,0.01,2432.16,1289,-0.04,0.00,-1.26,1 872.25,sl 2432.18
2024.07.31 23:00:00,1290,XAUUSD,buy,in,0.01,2450.11,1290,-0.04,0.00,0.00,1 872.21,EMA Crossover Trade BUY #M12350
2024.07.31 23:26:23,1291,XAUUSD,sell,out,0.01,2447.20,1291,-0.04,0.00,-2.91,1 869.26,sl 2447.23
2024.08.01 02:00:00,1292,XAUUSD,buy,in,0.01,2447.65,1292,-0.04,0.00,0.00,1 869.22,WP Buy #M20260526
2024.08.01 03:15:01,1293,XAUUSD,sell,out,0.01,2445.76,1293,-0.04,-1.56,13.40,1 881.02,
2024.08.01 04:58:43,1294,XAUUSD,sell,out,0.01,2450.88,1294,-0.04,0.00,3.23,1 884.21,sl 2450.90
2024.08.01 06:00:00,1295,XAUUSD,sell,in,0.15,2441.52,1295,-0.53,0.00,0.00,1 883.68,RSI Scalping Sell #M129102315
2024.08.01 06:00:15,1296,XAUUSD,buy,out,0.15,2441.59,1296,-0.53,0.00,-1.05,1 882.10,sl 2441.59
2024.08.01 15:00:00,1297,XAUUSD,buy,in,0.15,2440.92,1297,-0.53,0.00,0.00,1 881.57,RSI Scalping Buy #M129102315
2024.08.01 15:00:00,1298,XAUUSD,buy,in,0.01,2440.99,1298,-0.04,0.00,0.00,1 881.53,United SuperEMA long #M940001
2024.08.01 15:01:04,1299,XAUUSD,sell,out,0.15,2440.64,1299,-0.53,0.00,-4.20,1 876.80,sl 2440.65
2024.08.01 18:30:00,1300,XAUUSD,sell,out,0.01,2446.96,1300,-0.04,0.00,5.97,1 882.73,
2024.08.01 20:00:00,1301,XTIUSD,sell,in,0.5,78.19,1301,0.00,0.00,0.00,1 882.73,WP Sell #M20260533
2024.08.01 20:00:01,1302,XBRUSD,sell,in,0.5,81.18,1302,0.00,0.00,0.00,1 882.73,WP Sell #M20260534
2024.08.02 03:30:00,1303,XAUUSD,buy,in,0.01,2449.66,1303,-0.04,0.00,0.00,1 882.69,United SuperEMA long #M940001
2024.08.02 04:00:00,1304,XAUUSD,buy,in,0.15,2449.16,1304,-0.53,0.00,0.00,1 882.16,RSI Scalping Buy #M129102315
2024.08.02 04:02:03,1305,XAUUSD,sell,out,0.15,2450.25,1305,-0.53,0.00,16.35,1 897.98,sl 2450.25
2024.08.02 04:15:00,1306,XAUUSD,sell,out,0.01,2437.69,1306,-0.04,0.00,-11.97,1 885.97,
2024.08.02 05:15:00,1307,XAUUSD,buy,in,0.01,2450.87,1307,-0.04,0.00,0.00,1 885.93,United SuperEMA long #M940001
2024.08.02 10:00:00,1308,XAUUSD,sell,in,0.15,2465.59,1308,-0.53,0.00,0.00,1 885.40,RSI Scalping Sell #M129102315
2024.08.02 10:00:00,1309,XAUUSD,buy,in,0.01,2465.79,1309,-0.04,0.00,0.00,1 885.36,WP Buy #M20260526
2024.08.02 10:06:20,1310,XAUUSD,buy,out,0.15,2463.22,1310,-0.53,0.00,35.55,1 920.38,sl 2463.22
2024.08.02 10:45:22,1311,XBRUSD,buy,out,0.5,81.23,1311,0.00,-5.66,-2.50,1 912.22,sl 81.23
2024.08.02 10:45:22,1312,XTIUSD,buy,out,0.5,78.14,1312,0.00,-7.28,2.50,1 907.44,sl 78.14
2024.08.02 12:00:00,1313,XAUUSD,sell,out,0.01,2462.08,1313,-0.04,0.00,11.21,1 918.61,
2024.08.02 15:42:58,1314,XAUUSD,sell,out,0.01,2470.24,1314,-0.04,0.00,4.45,1 923.02,sl 2470.25
2024.08.02 16:00:00,1315,XTIUSD,sell,in,0.5,75.59,1315,0.00,0.00,0.00,1 923.02,WP Sell #M20260533
2024.08.02 16:00:00,1316,XBRUSD,sell,in,0.5,78.86,1316,0.00,0.00,0.00,1 923.02,WP Sell #M20260534
2024.08.02 17:00:00,1317,XAUUSD,buy,in,0.01,2469.83,1317,-0.04,0.00,0.00,1 922.98,United SuperEMA long #M940001
2024.08.02 17:45:00,1318,XAUUSD,sell,out,0.01,2436.76,1318,-0.04,0.00,-33.07,1 889.87,
2024.08.02 22:30:31,1319,XTIUSD,buy,out,0.5,74.80,1319,0.00,0.00,39.50,1 929.37,sl 74.80
2024.08.02 23:17:59,1320,XBRUSD,buy,out,0.5,78.18,1320,0.00,0.00,34.00,1 963.37,sl 78.18
2024.08.05 03:30:00,1321,XAUUSD,sell,in,0.01,2425.41,1321,-0.04,0.00,0.00,1 963.33,United SuperEMA short #M940001
2024.08.05 05:00:00,1322,XAUUSD,buy,out,0.01,2439.56,1322,-0.04,0.00,-14.15,1 949.14,
2024.08.05 09:30:00,1323,XAUUSD,sell,in,0.01,2427.97,1323,-0.04,0.00,0.00,1 949.10,United SuperEMA short #M940001
2024.08.05 14:00:00,1324,XAUUSD,sell,out,0.04,2408.44,1324,-0.14,-16.63,87.00,2 019.33,
2024.08.05 17:45:00,1325,XAUUSD,buy,out,0.01,2393.90,1325,-0.04,0.00,34.07,2 053.36,
2024.08.06 08:00:00,1326,XAUUSD,sell,in,0.05,2408.19,1326,-0.18,0.00,0.00,2 053.18,RSI Reverse SELL #M1002
2024.08.06 09:00:00,1327,XAUUSD,sell,in,0.01,2398.79,1327,-0.04,0.00,0.00,2 053.14,United SuperEMA short #M940001
2024.08.06 10:45:00,1328,XAUUSD,buy,out,0.01,2408.71,1328,-0.04,0.00,-9.92,2 043.18,
2024.08.06 11:00:00,1329,XAUUSD,buy,out,0.05,2410.00,1329,-0.18,0.00,-9.05,2 033.95,
2024.08.06 15:15:00,1330,XAUUSD,sell,in,0.01,2410.69,1330,-0.04,0.00,0.00,2 033.91,United SuperEMA short #M940001
2024.08.06 20:45:03,1331,XAUUSD,buy,out,0.01,2391.65,1331,-0.04,0.00,19.04,2 052.91,
2024.08.07 23:00:00,1332,AUDUSD,sell,in,0.03,0.65196,1332,-0.11,0.00,0.00,2 052.80,WP Sell #M20260525
2024.08.07 23:00:07,1333,BTCUSD,sell,in,0.01,54716.07,1333,0.00,0.00,0.00,2 052.80,WP Sell #M20260527
2024.08.07 23:22:20,1334,BTCUSD,buy,out,0.01,55217.03,1334,0.00,0.00,-5.01,2 047.79,sl 55216.07
2024.08.08 06:42:30,1335,AUDUSD,buy,out,0.03,0.65595,1335,-0.11,-0.40,-11.97,2 035.31,sl 0.65595
2024.08.09 01:00:00,1336,BTCUSD,buy,in,0.16,61214.10,1336,0.00,0.00,0.00,2 035.31,RSI Scalping Buy #M123459123
2024.08.09 01:00:06,1337,BTCUSD,sell,out,0.16,61197.24,1337,0.00,0.00,-2.70,2 032.61,sl 61245.05
2024.08.09 01:07:23,1338,BTCUSD,buy,in,0.01,60754.30,1338,0.00,0.00,0.00,2 032.61,WP Buy #M20260527
2024.08.09 01:14:59,1339,BTCUSD,sell,out,0.01,60710.24,1339,0.00,0.00,-0.44,2 032.17,sl 60710.91
2024.08.09 02:05:42,1340,BTCUSD,buy,in,0.01,62273.79,1340,0.00,0.00,0.00,2 032.17,WP Buy #M20260527
2024.08.09 02:16:20,1341,BTCUSD,sell,out,0.01,62230.23,1341,0.00,0.00,-0.44,2 031.73,sl 62231.10
2024.08.13 02:00:00,1342,XAUUSD,buy,in,0.01,2473.82,1342,-0.04,0.00,0.00,2 031.69,EMA Crossover Trade BUY #M12350
2024.08.13 03:31:39,1343,XAUUSD,sell,out,0.01,2473.27,1343,-0.04,0.00,-0.55,2 031.10,sl 2473.27
2024.08.13 04:00:00,1344,XAUUSD,buy,in,0.01,2472.26,1344,-0.04,0.00,0.00,2 031.06,EMA Crossover Trade BUY #M12350
2024.08.13 04:09:25,1345,XAUUSD,sell,out,0.01,2469.98,1345,-0.04,0.00,-2.28,2 028.74,sl 2469.98
2024.08.13 05:00:00,1346,XAUUSD,buy,in,0.01,2466.30,1346,-0.04,0.00,0.00,2 028.70,EMA Crossover Trade BUY #M12350
2024.08.13 05:00:00,1347,XAUUSD,sell,in,0.13,2466.19,1347,-0.46,0.00,0.00,2 028.24,RSI Scalping Sell #M129102315
2024.08.13 05:03:04,1348,XAUUSD,buy,out,0.13,2465.16,1348,-0.46,0.00,13.39,2 041.17,sl 2465.15
2024.08.13 05:49:13,1349,XAUUSD,sell,out,0.01,2463.94,1349,-0.04,0.00,-2.36,2 038.77,sl 2463.97
2024.08.13 10:30:00,1350,XAUUSD,buy,in,0.01,2464.75,1350,-0.04,0.00,0.00,2 038.73,United SuperEMA long #M940001
2024.08.13 11:30:00,1351,XAUUSD,sell,out,0.01,2462.40,1351,-0.04,0.00,-2.35,2 036.34,
2024.08.13 14:00:00,1352,XAUUSD,buy,in,0.16,2462.22,1352,-0.56,0.00,0.00,2 035.78,RSI Scalping Buy #M129102315
2024.08.13 14:04:45,1353,XAUUSD,sell,out,0.16,2462.16,1353,-0.56,0.00,-0.96,2 034.26,sl 2462.16
2024.08.13 14:30:00,1354,XAUUSD,buy,in,0.01,2464.58,1354,-0.04,0.00,0.00,2 034.22,United SuperEMA long #M940001
2024.08.13 17:00:00,1355,XAUUSD,buy,in,0.01,2472.95,1355,-0.04,0.00,0.00,2 034.18,EMA Crossover Trade BUY #M12350
2024.08.13 17:23:47,1356,XAUUSD,sell,out,0.01,2469.60,1356,-0.04,0.00,-3.35,2 030.79,sl 2469.60
2024.08.13 18:45:01,1357,XAUUSD,sell,out,0.01,2467.59,1357,-0.04,0.00,3.01,2 033.76,
2024.08.14 04:15:00,1358,XAUUSD,buy,in,0.01,2468.45,1358,-0.04,0.00,0.00,2 033.72,United SuperEMA long #M940001
2024.08.14 05:15:00,1359,XAUUSD,sell,out,0.01,2461.08,1359,-0.04,0.00,-7.37,2 026.31,
2024.08.14 09:30:00,1360,XAUUSD,buy,in,0.01,2466.38,1360,-0.04,0.00,0.00,2 026.27,United SuperEMA long #M940001
2024.08.14 10:00:00,1361,XAUUSD,buy,in,0.16,2467.48,1361,-0.56,0.00,0.00,2 025.71,RSI Scalping Buy #M129102315
2024.08.14 10:17:54,1362,XAUUSD,sell,out,0.16,2469.42,1362,-0.56,0.00,31.04,2 056.19,sl 2469.43
2024.08.14 15:30:00,1363,XAUUSD,sell,out,0.01,2472.14,1363,-0.04,0.00,5.76,2 061.91,
2024.08.15 10:30:00,1364,XAUUSD,buy,in,0.03,2456.15,1364,-0.11,0.00,0.00,2 061.80,United SuperEMA long #M940001
2024.08.15 11:30:00,1365,XAUUSD,sell,out,0.03,2454.69,1365,-0.11,0.00,-4.38,2 057.31,
2024.08.15 15:00:00,1366,XAUUSD,buy,in,0.17,2463.70,1366,-0.60,0.00,0.00,2 056.71,RSI Scalping Buy #M129102315
2024.08.15 15:00:00,1367,XAUUSD,buy,in,0.01,2463.72,1367,-0.04,0.00,0.00,2 056.67,WP Buy #M20260526
2024.08.15 15:02:03,1368,XAUUSD,sell,out,0.17,2463.49,1368,-0.60,0.00,-3.57,2 052.50,sl 2463.50
2024.08.15 15:30:15,1369,XAUUSD,sell,out,0.01,2462.47,1369,-0.04,0.00,-1.25,2 051.21,sl 2462.56
2024.08.15 22:00:00,1370,XAUUSD,buy,in,0.03,2458.37,1370,-0.11,0.00,0.00,2 051.10,United SuperEMA long #M940001
2024.08.15 23:00:00,1371,XAUUSD,sell,out,0.03,2455.35,1371,-0.11,0.00,-9.06,2 041.93,
2024.08.16 03:30:00,1372,XAUUSD,buy,in,0.02,2458.79,1372,-0.07,0.00,0.00,2 041.86,United SuperEMA long #M940001
2024.08.16 05:15:00,1373,XAUUSD,sell,out,0.02,2456.35,1373,-0.07,0.00,-4.88,2 036.91,
2024.08.16 11:00:00,1374,XAUUSD,buy,in,0.13,2462.12,1374,-0.46,0.00,0.00,2 036.45,RSI Scalping Buy #M129102315
2024.08.16 11:03:08,1375,XAUUSD,sell,out,0.13,2462.49,1375,-0.46,0.00,4.81,2 040.80,sl 2462.49
2024.08.16 13:00:00,1376,XAUUSD,buy,in,0.03,2463.45,1376,-0.11,0.00,0.00,2 040.69,United SuperEMA long #M940001
2024.08.16 16:00:00,1377,XAUUSD,buy,in,0.01,2492.00,1377,-0.04,0.00,0.00,2 040.65,EMA Crossover Trade BUY #M12350
2024.08.16 16:01:00,1378,XAUUSD,sell,out,0.01,2488.38,1378,-0.04,0.00,-3.62,2 036.99,sl 2488.38
2024.08.16 17:00:00,1379,XAUUSD,buy,in,0.01,2494.31,1379,-0.04,0.00,0.00,2 036.95,EMA Crossover Trade BUY #M12350
2024.08.16 17:00:00,1380,XAUUSD,buy,in,0.01,2493.87,1380,-0.04,0.00,0.00,2 036.91,WP Buy #M20260526
2024.08.16 17:00:44,1381,XAUUSD,sell,out,0.01,2491.46,1381,-0.04,0.00,-2.85,2 034.02,sl 2491.48
2024.08.16 17:23:30,1382,XAUUSD,sell,out,0.01,2479.30,1382,-0.04,0.00,-14.57,2 019.41,sl 2479.31
2024.08.16 18:00:00,1383,XAUUSD,buy,in,0.01,2487.30,1383,-0.04,0.00,0.00,2 019.37,EMA Crossover Trade BUY #M12350
2024.08.16 18:00:00,1384,XAUUSD,sell,in,0.16,2487.51,1384,-0.56,0.00,0.00,2 018.81,RSI Scalping Sell #M129102315
2024.08.16 18:03:16,1385,XAUUSD,buy,out,0.16,2486.93,1385,-0.56,0.00,9.28,2 027.53,sl 2486.93
2024.08.16 18:23:04,1386,XAUUSD,sell,out,0.01,2486.81,1386,-0.04,0.00,-0.49,2 027.00,sl 2486.81
2024.08.16 19:00:00,1387,XAUUSD,buy,in,0.01,2491.86,1387,-0.04,0.00,0.00,2 026.96,EMA Crossover Trade BUY #M12350
2024.08.16 20:08:24,1388,XAUUSD,sell,out,0.01,2494.05,1388,-0.04,0.00,2.19,2 029.11,sl 2494.06
2024.08.16 21:00:00,1389,XAUUSD,buy,in,0.01,2499.83,1389,-0.04,0.00,0.00,2 029.07,EMA Crossover Trade BUY #M12350
2024.08.16 21:56:38,1390,XAUUSD,sell,out,0.01,2501.85,1390,-0.04,0.00,2.02,2 031.05,sl 2501.88
2024.08.16 22:00:00,1391,XAUUSD,buy,in,0.01,2503.51,1391,-0.04,0.00,0.00,2 031.01,EMA Crossover Trade BUY #M12350
2024.08.16 23:31:56,1392,XAUUSD,sell,out,0.01,2506.02,1392,-0.04,0.00,2.51,2 033.48,sl 2506.02
2024.08.19 02:00:00,1393,XAUUSD,buy,in,0.01,2504.99,1393,-0.04,0.00,0.00,2 033.44,EMA Crossover Trade BUY #M12350
2024.08.19 02:15:02,1394,XAUUSD,sell,out,0.03,2504.34,1394,-0.11,-1.56,122.67,2 154.44,
2024.08.19 03:25:35,1395,XAUUSD,sell,out,0.01,2503.10,1395,-0.04,0.00,-1.89,2 152.51,sl 2503.10
2024.08.19 04:00:00,1396,XAUUSD,buy,in,0.01,2502.22,1396,-0.04,0.00,0.00,2 152.47,EMA Crossover Trade BUY #M12350
2024.08.19 04:00:00,1397,XAUUSD,sell,in,0.17,2502.08,1397,-0.60,0.00,0.00,2 151.87,RSI Scalping Sell #M129102315
2024.08.19 04:00:26,1398,XAUUSD,buy,out,0.17,2501.59,1398,-0.60,0.00,8.33,2 159.60,sl 2501.59
2024.08.19 04:03:34,1399,XAUUSD,sell,out,0.01,2502.06,1399,-0.04,0.00,-0.16,2 159.40,sl 2502.07
2024.08.19 05:00:06,1400,XAUUSD,buy,in,0.01,2497.59,1400,-0.04,0.00,0.00,2 159.36,EMA Crossover Trade BUY #M12350
2024.08.19 06:21:08,1401,XAUUSD,sell,out,0.01,2502.14,1401,-0.04,0.00,4.55,2 163.87,sl 2502.16
2024.08.19 09:45:01,1402,XAUUSD,buy,in,0.03,2504.39,1402,-0.11,0.00,0.00,2 163.76,United SuperEMA long #M940001
2024.08.19 10:45:00,1403,XAUUSD,sell,out,0.03,2501.29,1403,-0.11,0.00,-9.30,2 154.35,
2024.08.19 11:15:01,1404,XAUUSD,buy,in,0.03,2504.95,1404,-0.11,0.00,0.00,2 154.24,United SuperEMA long #M940001
2024.08.19 12:15:00,1405,XAUUSD,sell,out,0.03,2502.36,1405,-0.11,0.00,-7.77,2 146.36,
2024.08.19 18:00:01,1406,XAUUSD,buy,in,0.17,2501.45,1406,-0.60,0.00,0.00,2 145.76,RSI Scalping Buy #M129102315
2024.08.19 18:03:19,1407,XAUUSD,sell,out,0.17,2502.18,1407,-0.60,0.00,12.41,2 157.57,sl 2502.22
2024.08.19 19:45:02,1408,XAUUSD,buy,in,0.03,2506.86,1408,-0.11,0.00,0.00,2 157.46,United SuperEMA long #M940001
2024.08.19 21:00:00,1409,XBRUSD,sell,in,0.5,77.91,1409,0.00,0.00,0.00,2 157.46,WP Sell #M20260534
2024.08.19 22:00:05,1410,XTIUSD,sell,in,0.5,74.99,1410,0.00,0.00,0.00,2 157.46,WP Sell #M20260533
2024.08.19 23:30:02,1411,XAUUSD,sell,out,0.03,2504.11,1411,-0.11,0.00,-8.25,2 149.10,
2024.08.20 03:45:00,1412,XAUUSD,buy,in,0.03,2506.24,1412,-0.11,0.00,0.00,2 148.99,United SuperEMA long #M940001
2024.08.20 04:00:01,1413,BTCUSD,buy,in,0.17,60526.61,1413,0.00,0.00,0.00,2 148.99,RSI Scalping Buy #M123459123
2024.08.20 04:00:04,1414,BTCUSD,sell,out,0.17,60528.04,1414,0.00,0.00,0.24,2 149.23,sl 60528.23
2024.08.20 05:00:02,1415,XAUUSD,sell,out,0.03,2501.88,1415,-0.11,0.00,-13.08,2 136.04,
2024.08.20 07:00:00,1416,BTCUSD,buy,in,0.17,60677.36,1416,0.00,0.00,0.00,2 136.04,RSI Scalping Buy #M123459123
2024.08.20 07:00:08,1417,BTCUSD,sell,out,0.17,60671.96,1417,0.00,0.00,-0.92,2 135.12,sl 60678.16
2024.08.20 09:30:00,1418,XAUUSD,buy,in,0.01,2505.00,1418,-0.04,0.00,0.00,2 135.08,United SuperEMA long #M940001
2024.08.20 11:00:00,1419,XAUUSD,buy,in,0.17,2515.10,1419,-0.60,0.00,0.00,2 134.48,RSI Scalping Buy #M129102315
2024.08.20 11:00:05,1420,XAUUSD,sell,out,0.17,2514.96,1420,-0.60,0.00,-2.38,2 131.50,sl 2514.96
2024.08.20 12:45:05,1421,XBRUSD,buy,out,0.5,77.76,1421,0.00,-5.66,7.50,2 133.34,sl 77.76
2024.08.20 12:45:05,1422,XTIUSD,buy,out,0.5,74.62,1422,0.00,-7.28,18.50,2 144.56,sl 74.62
2024.08.20 13:00:00,1423,XAUUSD,buy,in,0.01,2521.86,1423,-0.04,0.00,0.00,2 144.52,WP Buy #M20260526
2024.08.20 16:36:03,1424,XAUUSD,sell,out,0.01,2524.07,1424,-0.04,0.00,2.21,2 146.69,sl 2524.16
2024.08.20 17:30:00,1425,XAUUSD,sell,out,0.01,2523.30,1425,-0.04,0.00,18.30,2 164.95,
2024.08.20 18:00:00,1426,XAUUSD,sell,in,0.18,2523.83,1426,-0.63,0.00,0.00,2 164.32,RSI Scalping Sell #M129102315
2024.08.20 18:02:26,1427,XAUUSD,buy,out,0.18,2516.81,1427,-0.63,0.00,126.36,2 290.05,sl 2516.81
2024.08.20 22:45:00,1428,XAUUSD,buy,in,0.01,2513.90,1428,-0.04,0.00,0.00,2 290.01,United SuperEMA long #M940001
2024.08.21 03:00:00,1429,XAUUSD,sell,out,0.01,2512.95,1429,-0.04,-0.52,-0.95,2 288.50,
2024.08.21 05:00:00,1430,XAUUSD,buy,in,0.01,2516.90,1430,-0.04,0.00,0.00,2 288.46,United SuperEMA long #M940001
2024.08.21 06:00:00,1431,XAUUSD,buy,in,0.19,2519.44,1431,-0.67,0.00,0.00,2 287.79,RSI Scalping Buy #M129102315
2024.08.21 06:30:02,1432,XAUUSD,sell,out,0.01,2513.31,1432,-0.04,0.00,-3.59,2 284.16,
2024.08.21 07:00:00,1433,XAUUSD,buy,in,0.05,2517.54,1433,-0.18,0.00,0.00,2 283.98,RSI Reverse BUY #M1002
2024.08.21 08:00:00,1434,XAUUSD,buy,in,0.05,2516.25,1434,-0.18,0.00,0.00,2 283.80,EMA Cross Distance BUY #M1003
2024.08.21 10:00:00,1435,XAUUSD,sell,out,0.19,2514.52,1435,-0.67,0.00,-93.48,2 189.65,
2024.08.21 14:00:00,1436,XAUUSD,sell,out,0.05,2509.48,1436,-0.18,0.00,-33.85,2 155.62,
2024.08.21 21:00:00,1437,XTIUSD,sell,in,0.5,72.65,1437,0.00,0.00,0.00,2 155.62,WP Sell #M20260533
2024.08.21 21:00:00,1438,XBRUSD,sell,in,0.5,75.98,1438,0.00,0.00,0.00,2 155.62,WP Sell #M20260534
2024.08.21 23:00:00,1439,BTCUSD,buy,in,0.08,61617.74,1439,0.00,0.00,0.00,2 155.62,RSI Scalping Buy #M123459123
2024.08.21 23:00:01,1440,BTCUSD,sell,out,0.08,61618.34,1440,0.00,0.00,0.05,2 155.67,sl 61618.36
2024.08.22 16:30:01,1441,XAUUSD,sell,in,0.01,2492.79,1441,-0.04,0.00,0.00,2 155.63,United SuperEMA short #M940001
2024.08.22 17:00:00,1442,XAUUSD,sell,out,0.05,2487.90,1442,-0.18,-7.78,-148.20,1 999.47,
2024.08.22 17:53:16,1443,XTIUSD,buy,out,0.5,74.19,1443,0.00,-7.28,-77.00,1 915.19,sl 74.14
2024.08.22 17:53:16,1444,XBRUSD,buy,out,0.5,77.48,1444,0.00,-5.66,-75.00,1 834.53,sl 77.48
2024.08.22 20:45:03,1445,XAUUSD,buy,out,0.01,2482.33,1445,-0.04,0.00,10.46,1 844.95,
2024.08.23 12:00:00,1446,XAUUSD,sell,in,0.04,2499.03,1446,-0.14,0.00,0.00,1 844.81,RSI Reverse SELL #M1002
2024.08.23 12:00:00,1447,XAUUSD,buy,out,0.04,2499.09,1447,-0.14,0.00,-0.24,1 844.43,
2024.08.23 12:00:00,1448,XAUUSD,buy,in,0.15,2499.13,1448,-0.53,0.00,0.00,1 843.90,RSI Scalping Buy #M129102315
2024.08.23 12:02:40,1449,XAUUSD,sell,out,0.15,2499.04,1449,-0.53,0.00,-1.35,1 842.02,sl 2499.04
2024.08.23 15:00:00,1450,XAUUSD,buy,in,0.01,2501.68,1450,-0.04,0.00,0.00,1 841.98,United SuperEMA long #M940001
2024.08.23 16:45:00,1451,XAUUSD,sell,out,0.01,2496.91,1451,-0.04,0.00,-4.77,1 837.17,
2024.08.23 17:15:00,1452,XAUUSD,buy,in,0.01,2517.24,1452,-0.04,0.00,0.00,1 837.13,United SuperEMA long #M940001
2024.08.23 18:00:00,1453,XAUUSD,buy,in,0.15,2509.28,1453,-0.53,0.00,0.00,1 836.60,RSI Scalping Buy #M129102315
2024.08.23 18:03:01,1454,XAUUSD,sell,out,0.15,2509.70,1454,-0.53,0.00,6.30,1 842.37,sl 2509.71
2024.08.23 19:00:00,1455,AUDUSD,buy,in,0.02,0.67763,1455,-0.07,0.00,0.00,1 842.30,WP Buy #M20260525
2024.08.23 19:45:00,1456,XAUUSD,sell,out,0.01,2503.67,1456,-0.04,0.00,-13.57,1 828.69,
2024.08.23 21:00:02,1457,BTCUSD,buy,in,0.15,63049.86,1457,0.00,0.00,0.00,1 828.69,RSI Scalping Buy #M123459123
2024.08.23 21:00:08,1458,BTCUSD,sell,out,0.15,63082.87,1458,0.00,0.00,4.95,1 833.64,sl 63087.64
2024.08.23 23:00:50,1459,BTCUSD,buy,in,0.01,63646.79,1459,0.00,0.00,0.00,1 833.64,WP Buy #M20260527
2024.08.24 01:26:27,1460,BTCUSD,sell,out,0.01,64655.13,1460,0.00,0.00,10.08,1 843.72,tp 64646.32
2024.08.26 04:00:00,1461,XAUUSD,sell,in,0.15,2513.63,1461,-0.53,0.00,0.00,1 843.19,RSI Scalping Sell #M129102315
2024.08.26 04:03:19,1462,XAUUSD,buy,out,0.15,2513.83,1462,-0.53,0.00,-3.00,1 839.66,sl 2513.82
2024.08.26 08:01:21,1463,AUDUSD,sell,out,0.02,0.67745,1463,-0.07,-0.04,-0.36,1 839.19,sl 0.67745
2024.08.26 09:45:00,1464,XAUUSD,buy,in,0.01,2513.65,1464,-0.04,0.00,0.00,1 839.15,United SuperEMA long #M940001
2024.08.26 12:00:00,1465,XAUUSD,buy,in,0.01,2524.32,1465,-0.04,0.00,0.00,1 839.11,WP Buy #M20260526
2024.08.26 14:30:00,1466,XAUUSD,sell,out,0.01,2521.39,1466,-0.04,0.00,7.74,1 846.81,
2024.08.26 16:00:00,1467,XAUUSD,sell,in,0.15,2523.88,1467,-0.53,0.00,0.00,1 846.28,RSI Scalping Sell #M129102315
2024.08.26 16:00:38,1468,XAUUSD,buy,out,0.15,2523.20,1468,-0.53,0.00,10.20,1 855.95,sl 2523.18
2024.08.26 20:00:01,1469,XAUUSD,buy,in,0.15,2520.03,1469,-0.53,0.00,0.00,1 855.42,RSI Scalping Buy #M129102315
2024.08.26 20:02:23,1470,XAUUSD,sell,out,0.15,2521.65,1470,-0.53,0.00,24.30,1 879.19,sl 2521.65
2024.08.26 20:15:00,1471,XAUUSD,buy,in,0.01,2521.77,1471,-0.04,0.00,0.00,1 879.15,United SuperEMA long #M940001
2024.08.26 21:45:00,1472,XAUUSD,sell,out,0.01,2516.75,1472,-0.04,0.00,-5.02,1 874.09,
2024.08.26 22:30:00,1473,XAUUSD,buy,in,0.01,2519.72,1473,-0.04,0.00,0.00,1 874.05,United SuperEMA long #M940001
2024.08.26 23:45:00,1474,XAUUSD,sell,out,0.01,2517.94,1474,-0.04,0.00,-1.78,1 872.23,
2024.08.27 04:48:48,1475,XAUUSD,sell,out,0.01,2509.32,1475,-0.04,-0.52,-15.00,1 856.67,sl 2509.32
2024.08.27 05:00:00,1476,XAUUSD,sell,in,0.01,2509.69,1476,-0.04,0.00,0.00,1 856.63,United SuperEMA short #M940001
2024.08.27 08:30:00,1477,XAUUSD,buy,out,0.01,2510.56,1477,-0.04,0.00,-0.87,1 855.72,
2024.08.27 16:30:00,1478,XAUUSD,sell,in,0.01,2506.68,1478,-0.04,0.00,0.00,1 855.68,United SuperEMA short #M940001
2024.08.27 17:00:00,1479,XAUUSD,buy,out,0.01,2512.50,1479,-0.04,0.00,-5.82,1 849.82,
2024.08.27 20:30:00,1480,XAUUSD,buy,in,0.01,2517.79,1480,-0.04,0.00,0.00,1 849.78,United SuperEMA long #M940001
2024.08.27 21:00:00,1481,XAUUSD,buy,in,0.12,2520.12,1481,-0.42,0.00,0.00,1 849.36,RSI Scalping Buy #M129102315
2024.08.27 21:02:27,1482,XAUUSD,sell,out,0.12,2520.44,1482,-0.42,0.00,3.84,1 852.78,sl 2520.46
2024.08.27 23:00:00,1483,XAUUSD,buy,in,0.04,2525.17,1483,-0.14,0.00,0.00,1 852.64,RSI Follow BUY #M1001
2024.08.27 23:00:00,1484,XAUUSD,buy,in,0.01,2525.13,1484,-0.04,0.00,0.00,1 852.60,WP Buy #M20260526
2024.08.28 03:15:01,1485,XAUUSD,sell,out,0.01,2524.69,1485,-0.04,-0.52,6.90,1 858.94,
2024.08.28 07:00:03,1486,XAUUSD,sell,in,0.04,2516.14,1486,-0.14,0.00,0.00,1 858.80,RSI Reverse SELL #M1002
2024.08.28 07:00:03,1487,XAUUSD,buy,out,0.04,2516.18,1487,-0.14,0.00,-0.16,1 858.50,
2024.08.28 08:07:24,1488,XAUUSD,sell,out,0.01,2510.17,1488,-0.04,-0.52,-14.96,1 842.98,sl 2510.17
2024.08.28 14:45:00,1489,XAUUSD,sell,in,0.01,2502.34,1489,-0.04,0.00,0.00,1 842.94,United SuperEMA short #M940001
2024.08.28 15:00:00,1490,XAUUSD,sell,out,0.04,2501.48,1490,-0.14,-2.08,-94.76,1 745.96,
2024.08.28 16:30:00,1491,XAUUSD,buy,out,0.01,2510.37,1491,-0.04,0.00,-8.03,1 737.89,
2024.09.03 06:12:03,1492,AUDUSD,buy,in,0.09,0.67558,1492,-0.32,0.00,0.00,1 737.57,RSI Oversold Crossover Buy #M30
2024.09.03 08:00:00,1493,AUDUSD,sell,out,0.09,0.67422,1493,-0.32,0.00,-12.24,1 725.01,
2024.09.03 16:00:00,1494,XTIUSD,sell,in,0.5,72.65,1494,0.00,0.00,0.00,1 725.01,WP Sell #M20260533
2024.09.03 16:00:00,1495,XBRUSD,sell,in,0.5,76.34,1495,0.00,0.00,0.00,1 725.01,WP Sell #M20260534
2024.09.03 19:00:21,1496,BTCUSD,sell,in,0.01,57729.80,1496,0.00,0.00,0.00,1 725.01,WP Sell #M20260527
2024.09.03 22:20:39,1497,BTCUSD,buy,out,0.01,58216.71,1497,0.00,0.00,-4.87,1 720.14,sl 58215.40
2024.09.04 11:31:42,1498,XBRUSD,buy,out,0.5,74.48,1498,0.00,-5.66,93.00,1 807.48,sl 74.48
2024.09.04 11:31:48,1499,XTIUSD,buy,out,0.5,70.70,1499,0.00,-7.28,97.50,1 897.70,sl 70.70
2024.09.04 17:00:00,1500,AUDUSD,buy,in,0.02,0.67331,1500,-0.07,0.00,0.00,1 897.63,WP Buy #M20260525
2024.09.04 18:25:28,1501,AUDUSD,sell,out,0.02,0.67255,1501,-0.07,0.00,-1.52,1 896.04,sl 0.67255
2024.09.05 21:00:00,1502,XTIUSD,sell,in,0.5,69.44,1502,0.00,0.00,0.00,1 896.04,WP Sell #M20260533
2024.09.06 20:00:04,1503,BTCUSD,sell,in,0.01,54024.75,1503,0.00,0.00,0.00,1 896.04,WP Sell #M20260527
2024.09.06 20:55:47,1504,BTCUSD,buy,out,0.01,54004.01,1504,0.00,0.00,0.21,1 896.25,sl 53997.28
2024.09.06 21:01:23,1505,BTCUSD,sell,in,0.01,53865.34,1505,0.00,0.00,0.00,1 896.25,WP Sell #M20260527
2024.09.06 21:58:36,1506,XTIUSD,buy,out,0.5,68.60,1506,0.00,-7.28,42.00,1 930.97,sl 68.60
2024.09.06 22:02:44,1507,BTCUSD,buy,out,0.01,53609.45,1507,0.00,0.00,2.56,1 933.53,sl 53604.49
2024.09.09 23:00:00,1508,BTCUSD,buy,in,0.16,57108.43,1508,0.00,0.00,0.00,1 933.53,RSI Scalping Buy #M123459123
2024.09.09 23:00:06,1509,BTCUSD,sell,out,0.16,57123.92,1509,0.00,0.00,2.48,1 936.01,sl 57127.26
2024.09.10 01:00:00,1510,BTCUSD,buy,in,0.16,57485.93,1510,0.00,0.00,0.00,1 936.01,RSI Scalping Buy #M123459123
2024.09.10 01:00:05,1511,BTCUSD,sell,out,0.16,57508.66,1511,0.00,0.00,3.64,1 939.65,sl 57511.27
2024.09.10 19:00:00,1512,XBRUSD,sell,in,0.5,69.71,1512,0.00,0.00,0.00,1 939.65,WP Sell #M20260534
2024.09.10 20:00:00,1513,XTIUSD,sell,in,0.5,66.03,1513,0.00,0.00,0.00,1 939.65,WP Sell #M20260533
2024.09.11 10:41:59,1514,XBRUSD,buy,out,0.5,71.17,1514,0.00,-5.66,-73.00,1 860.99,sl 71.17
2024.09.11 11:30:09,1515,XTIUSD,buy,out,0.5,67.52,1515,0.00,-7.28,-74.50,1 779.21,sl 67.52
2024.09.13 21:00:02,1516,XTIUSD,sell,in,0.5,69.00,1516,0.00,0.00,0.00,1 779.21,WP Sell #M20260533
2024.09.16 02:00:00,1517,XAUUSD,buy,in,0.07,2580.19,1517,-0.25,0.00,0.00,1 778.96,EMA Crossover Trade BUY #M12350
2024.09.16 04:30:00,1518,XAUUSD,buy,in,0.01,2582.39,1518,-0.04,0.00,0.00,1 778.92,United SuperEMA long #M940001
2024.09.16 06:12:11,1519,XAUUSD,sell,out,0.07,2585.15,1519,-0.25,0.00,34.72,1 813.39,sl 2585.16
2024.09.16 07:00:00,1520,XAUUSD,buy,in,0.07,2586.44,1520,-0.25,0.00,0.00,1 813.14,EMA Crossover Trade BUY #M12350
2024.09.16 09:56:42,1521,XAUUSD,sell,out,0.07,2585.91,1521,-0.25,0.00,-3.71,1 809.18,sl 2585.91
2024.09.16 10:00:00,1522,XAUUSD,buy,in,0.07,2585.65,1522,-0.25,0.00,0.00,1 808.93,EMA Crossover Trade BUY #M12350
2024.09.16 10:00:00,1523,XAUUSD,sell,in,0.15,2585.50,1523,-0.53,0.00,0.00,1 808.40,RSI Scalping Sell #M129102315
2024.09.16 10:00:11,1524,XAUUSD,buy,out,0.15,2585.32,1524,-0.53,0.00,2.70,1 810.57,sl 2585.30
2024.09.16 10:12:00,1525,XAUUSD,sell,out,0.07,2581.90,1525,-0.25,0.00,-26.25,1 784.07,sl 2581.96
2024.09.16 10:15:00,1526,XAUUSD,sell,out,0.01,2581.92,1526,-0.04,0.00,-0.47,1 783.56,
2024.09.16 12:00:00,1527,XAUUSD,buy,in,0.03,2586.95,1527,-0.11,0.00,0.00,1 783.45,EMA Crossover Trade BUY #M12350
2024.09.16 12:42:04,1528,XAUUSD,sell,out,0.03,2584.67,1528,-0.11,0.00,-6.84,1 776.50,sl 2584.67
2024.09.16 15:00:00,1529,XAUUSD,buy,in,0.14,2583.23,1529,-0.49,0.00,0.00,1 776.01,RSI Scalping Buy #M129102315
2024.09.16 16:00:46,1530,XAUUSD,sell,out,0.14,2584.27,1530,-0.49,0.00,14.56,1 790.08,sl 2584.27
2024.09.16 16:13:03,1531,XTIUSD,buy,out,0.5,70.50,1531,0.00,-21.83,-75.00,1 693.25,sl 70.50
2024.09.16 17:00:00,1532,XAUUSD,buy,in,0.01,2588.35,1532,-0.04,0.00,0.00,1 693.21,United SuperEMA long #M940001
2024.09.16 17:30:00,1533,XAUUSD,sell,out,0.01,2578.99,1533,-0.04,0.00,-9.36,1 683.81,
2024.10.01 10:00:00,1534,XAUUSD,buy,in,0.01,2645.56,1534,-0.04,0.00,0.00,1 683.77,WP Buy #M20260526
2024.10.01 12:00:00,1535,XAUUSD,buy,in,0.02,2646.65,1535,-0.07,0.00,0.00,1 683.70,United SuperEMA long #M940001
2024.10.01 13:00:00,1536,XAUUSD,buy,in,0.14,2648.76,1536,-0.49,0.00,0.00,1 683.21,RSI Scalping Buy #M129102315
2024.10.01 13:10:09,1537,XAUUSD,sell,out,0.14,2649.28,1537,-0.49,0.00,7.28,1 690.00,sl 2649.29
2024.10.01 16:08:33,1538,XAUUSD,sell,out,0.01,2649.23,1538,-0.04,0.00,3.67,1 693.63,sl 2649.23
2024.10.01 16:15:00,1539,XAUUSD,sell,out,0.02,2650.10,1539,-0.07,0.00,6.90,1 700.46,
2024.10.01 16:45:00,1540,XAUUSD,buy,in,0.02,2662.64,1540,-0.07,0.00,0.00,1 700.39,United SuperEMA long #M940001
2024.10.01 17:00:00,1541,XAUUSD,buy,in,0.07,2668.65,1541,-0.25,0.00,0.00,1 700.14,EMA Crossover Trade BUY #M12350
2024.10.01 17:04:09,1542,XAUUSD,sell,out,0.07,2666.16,1542,-0.25,0.00,-17.43,1 682.46,sl 2666.17
2024.10.01 18:00:00,1543,XAUUSD,sell,in,0.14,2659.26,1543,-0.49,0.00,0.00,1 681.97,RSI Scalping Sell #M129102315
2024.10.01 18:01:22,1544,XAUUSD,buy,out,0.14,2658.71,1544,-0.49,0.00,7.70,1 689.18,sl 2658.70
2024.10.01 21:00:00,1545,XAUUSD,sell,out,0.02,2662.46,1545,-0.07,0.00,-0.36,1 688.75,
2024.10.02 05:00:00,1546,XAUUSD,buy,in,0.14,2660.60,1546,-0.49,0.00,0.00,1 688.26,RSI Scalping Buy #M129102315
2024.10.02 05:06:03,1547,XAUUSD,sell,out,0.14,2660.44,1547,-0.49,0.00,-2.24,1 685.53,sl 2660.45
2024.10.02 08:30:00,1548,XAUUSD,sell,in,0.02,2649.21,1548,-0.07,0.00,0.00,1 685.46,United SuperEMA short #M940001
2024.10.02 10:30:02,1549,XAUUSD,buy,out,0.02,2652.71,1549,-0.07,0.00,-7.00,1 678.39,
2024.10.02 15:30:00,1550,XAUUSD,sell,in,0.01,2645.52,1550,-0.04,0.00,0.00,1 678.35,United SuperEMA short #M940001
2024.10.02 16:15:00,1551,XAUUSD,buy,out,0.01,2651.18,1551,-0.04,0.00,-5.66,1 672.65,
2024.10.02 17:00:00,1552,XAUUSD,buy,in,0.11,2659.73,1552,-0.39,0.00,0.00,1 672.26,RSI Scalping Buy #M129102315
2024.10.02 17:05:36,1553,XAUUSD,sell,out,0.11,2662.63,1553,-0.39,0.00,31.90,1 703.77,sl 2662.64
2024.10.02 23:00:00,1554,XAUUSD,buy,in,0.04,2658.65,1554,-0.14,0.00,0.00,1 703.63,RSI Follow BUY #M1001
2024.10.03 02:00:00,1555,XAUUSD,buy,in,0.14,2659.61,1555,-0.49,0.00,0.00,1 703.14,RSI Scalping Buy #M129102315
2024.10.03 02:15:35,1556,XAUUSD,buy,in,0.01,2660.89,1556,-0.04,0.00,0.00,1 703.10,United SuperEMA long #M940001
2024.10.03 02:40:01,1557,XAUUSD,sell,out,0.14,2660.56,1557,-0.49,0.00,13.30,1 715.91,sl 2660.56
2024.10.03 03:30:00,1558,XAUUSD,sell,out,0.01,2658.51,1558,-0.04,0.00,-2.38,1 713.49,
2024.10.03 07:00:00,1559,XAUUSD,sell,in,0.04,2656.09,1559,-0.14,0.00,0.00,1 713.35,RSI Reverse SELL #M1002
2024.10.03 07:00:00,1560,XAUUSD,buy,out,0.04,2656.13,1560,-0.14,0.00,-0.16,1 713.05,
2024.10.03 20:00:00,1561,XAUUSD,buy,in,0.14,2660.15,1561,-0.49,0.00,0.00,1 712.56,RSI Scalping Buy #M129102315
2024.10.03 20:05:37,1562,XAUUSD,sell,out,0.14,2660.67,1562,-0.49,0.00,7.28,1 719.35,sl 2660.67
2024.10.04 05:00:00,1563,XAUUSD,buy,in,0.14,2658.47,1563,-0.49,0.00,0.00,1 718.86,RSI Scalping Buy #M129102315
2024.10.04 05:31:34,1564,XAUUSD,sell,out,0.14,2660.79,1564,-0.49,0.00,32.48,1 750.85,sl 2660.83
2024.10.04 07:00:02,1565,XAUUSD,sell,in,0.04,2661.19,1565,-0.14,0.00,0.00,1 750.71,RSI Reverse SELL #M1002
2024.10.04 07:00:02,1566,XAUUSD,buy,out,0.04,2661.24,1566,-0.14,0.00,-0.20,1 750.37,
2024.10.04 16:00:00,1567,XAUUSD,sell,out,0.04,2638.98,1567,-0.14,-8.31,-78.68,1 663.24,
2024.10.07 04:00:00,1568,BTCUSD,buy,in,0.13,63674.02,1568,0.00,0.00,0.00,1 663.24,RSI Scalping Buy #M123459123
2024.10.07 04:00:19,1569,BTCUSD,sell,out,0.13,63693.22,1569,0.00,0.00,2.50,1 665.74,sl 63693.47
2024.10.07 05:38:17,1570,BTCUSD,buy,in,0.01,63740.64,1570,0.00,0.00,0.00,1 665.74,WP Buy #M20260527
2024.10.07 12:18:59,1571,BTCUSD,sell,out,0.01,63241.03,1571,0.00,0.00,-5.00,1 660.74,sl 63241.16
2024.10.08 07:00:01,1572,XAUUSD,buy,in,0.04,2643.13,1572,-0.14,0.00,0.00,1 660.60,RSI Follow BUY #M1001
2024.10.08 11:00:00,1573,XAUUSD,sell,out,0.04,2634.00,1573,-0.14,0.00,-36.52,1 623.94,
2024.11.01 10:45:00,1574,XAUUSD,sell,in,0.02,2747.26,1574,-0.07,0.00,0.00,1 623.87,United SuperEMA short #M940001
2024.11.01 11:30:00,1575,XAUUSD,buy,out,0.02,2754.19,1575,-0.07,0.00,-13.86,1 609.94,
2024.11.01 13:45:00,1576,XAUUSD,sell,in,0.02,2747.13,1576,-0.07,0.00,0.00,1 609.87,United SuperEMA short #M940001
2024.11.01 14:15:00,1577,XAUUSD,buy,out,0.02,2751.66,1577,-0.07,0.00,-9.06,1 600.74,
2024.11.01 17:45:00,1578,XAUUSD,sell,in,0.02,2740.08,1578,-0.07,0.00,0.00,1 600.67,United SuperEMA short #M940001
2024.11.01 18:00:43,1579,BTCUSD,buy,in,0.01,71291.57,1579,0.00,0.00,0.00,1 600.67,WP Buy #M20260527
2024.11.01 18:20:53,1580,BTCUSD,sell,out,0.01,70780.28,1580,0.00,0.00,-5.11,1 595.56,sl 70791.14
2024.11.01 21:00:01,1581,XBRUSD,sell,in,0.5,73.65,1581,0.00,0.00,0.00,1 595.56,WP Sell #M20260534
2024.11.01 23:00:01,1582,XTIUSD,sell,in,0.5,69.81,1582,0.00,0.00,0.00,1 595.56,WP Sell #M20260533
2024.11.04 00:02:46,1583,EURUSD,sell,in,0.05,1.08806,1583,-0.18,0.00,0.00,1 595.38,RSI Overbought Crossover Sell #
2024.11.04 00:09:03,1584,BTCUSD,buy,in,0.01,69282.09,1584,0.00,0.00,0.00,1 595.38,WP Buy #M20260527
2024.11.04 00:42:59,1585,BTCUSD,sell,out,0.01,68764.49,1585,0.00,0.00,-5.18,1 590.20,sl 68767.69
2024.11.04 01:30:00,1586,XAUUSD,buy,out,0.02,2739.41,1586,-0.07,0.90,1.34,1 592.37,
2024.11.04 02:16:30,1587,EURUSD,buy,out,0.05,1.08699,1587,-0.18,0.00,5.35,1 597.54,
2024.11.04 03:15:46,1588,EURUSD,sell,in,0.02,1.08824,1588,-0.07,0.00,0.00,1 597.47,RSI Overbought Crossover Sell #
2024.11.04 07:00:01,1589,XAUUSD,sell,in,0.01,2741.06,1589,-0.04,0.00,0.00,1 597.43,RSI Reverse SELL #M1002
2024.11.04 08:30:00,1590,XAUUSD,sell,in,0.01,2738.40,1590,-0.04,0.00,0.00,1 597.39,United SuperEMA short #M940001
2024.11.04 09:15:00,1591,XAUUSD,buy,out,0.01,2742.78,1591,-0.04,0.00,-4.38,1 592.97,
2024.11.04 10:00:00,1592,XAUUSD,sell,in,0.01,2735.85,1592,-0.04,0.00,0.00,1 592.93,United SuperEMA short #M940001
2024.11.04 10:14:17,1593,XTIUSD,buy,out,0.5,71.31,1593,0.00,-21.83,-75.00,1 496.10,sl 71.31
2024.11.04 10:38:22,1594,XBRUSD,buy,out,0.5,75.15,1594,0.00,-16.99,-75.00,1 404.11,sl 75.15
2024.11.04 11:30:00,1595,XAUUSD,buy,out,0.01,2741.19,1595,-0.04,0.00,-5.34,1 398.73,
2024.11.04 16:00:00,1596,XAUUSD,buy,out,0.01,2746.85,1596,-0.04,0.00,-5.79,1 392.90,
2024.11.06 01:12:44,1597,EURUSD,buy,out,0.02,1.09212,1597,-0.07,0.08,-7.76,1 385.15,
2024.12.02 02:45:00,1598,XAUUSD,sell,in,0.01,2632.83,1598,-0.04,0.00,0.00,1 385.11,United SuperEMA short #M940001
2024.12.02 03:00:00,1599,XAUUSD,buy,in,0.02,2637.80,1599,-0.07,0.00,0.00,1 385.04,RSI Follow BUY #M1001
2024.12.02 05:00:00,1600,XAUUSD,sell,out,0.02,2626.96,1600,-0.07,0.00,-21.68,1 363.29,
2024.12.02 05:00:00,1601,EURUSD,sell,in,0.01,1.05254,1601,-0.04,0.00,0.00,1 363.25,WP Sell #M20260524
2024.12.02 07:00:00,1602,XAUUSD,sell,in,0.02,2628.65,1602,-0.07,0.00,0.00,1 363.18,RSI Reverse SELL #M1002
2024.12.02 09:15:00,1603,XAUUSD,buy,out,0.01,2629.67,1603,-0.04,0.00,3.16,1 366.30,
2024.12.02 13:00:00,1604,XAUUSD,buy,out,0.02,2635.97,1604,-0.07,0.00,-14.64,1 351.59,
2024.12.02 13:13:25,1605,EURUSD,buy,out,0.01,1.05259,1605,-0.04,0.00,-0.05,1 351.50,sl 1.05259
2024.12.02 20:30:00,1606,XAUUSD,sell,in,0.02,2635.62,1606,-0.07,0.00,0.00,1 351.43,United SuperEMA short #M940001
2024.12.02 22:30:00,1607,XAUUSD,buy,out,0.02,2642.44,1607,-0.07,0.00,-13.64,1 337.72,
2025.01.02 11:33:42,1608,BTCUSD,buy,in,0.01,96258.06,1608,0.00,0.00,0.00,1 337.72,WP Buy #M20260527
2025.01.02 12:00:00,1609,BTCUSD,buy,in,0.11,96535.88,1609,0.00,0.00,0.00,1 337.72,RSI Scalping Buy #M123459123
2025.01.02 12:00:02,1610,BTCUSD,sell,out,0.11,96529.57,1610,0.00,0.00,-0.69,1 337.03,sl 96538.37
2025.01.02 13:22:44,1611,BTCUSD,sell,out,0.01,96463.26,1611,0.00,0.00,2.05,1 339.08,sl 96464.06
2025.01.02 17:00:00,1612,EURUSD,sell,in,0.02,1.03039,1612,-0.07,0.00,0.00,1 339.01,WP Sell #M20260524
2025.01.02 17:00:00,1613,BTCUSD,buy,in,0.11,97218.18,1613,0.00,0.00,0.00,1 339.01,RSI Scalping Buy #M123459123
2025.01.02 17:00:04,1614,BTCUSD,sell,out,0.11,97214.59,1614,0.00,0.00,-0.39,1 338.62,sl 97227.76
2025.01.02 18:07:46,1615,EURUSD,buy,out,0.02,1.02546,1615,-0.07,0.00,9.86,1 348.41,sl 1.02546
2025.01.03 21:00:00,1616,BTCUSD,buy,in,0.11,98501.84,1616,0.00,0.00,0.00,1 348.41,RSI Scalping Buy #M123459123
2025.01.03 21:00:08,1617,BTCUSD,sell,out,0.11,98524.97,1617,0.00,0.00,2.54,1 350.95,sl 98527.64
2025.01.03 22:34:51,1618,BTCUSD,buy,in,0.01,98531.97,1618,0.00,0.00,0.00,1 350.95,WP Buy #M20260527
2025.01.04 01:31:05,1619,BTCUSD,sell,out,0.01,98022.77,1619,0.00,0.00,-5.09,1 345.86,sl 98031.97
2025.01.06 04:13:13,1620,EURUSD,sell,in,0.05,1.03175,1620,-0.18,0.00,0.00,1 345.68,RSI Overbought Crossover Sell #
2025.01.06 07:44:54,1621,EURUSD,buy,out,0.05,1.03128,1621,-0.18,0.00,2.35,1 347.85,
2025.01.06 08:09:46,1622,BTCUSD,buy,in,0.01,99541.59,1622,0.00,0.00,0.00,1 347.85,WP Buy #M20260527
2025.01.06 10:41:43,1623,BTCUSD,sell,out,0.01,99036.06,1623,0.00,0.00,-5.06,1 342.79,sl 99041.59
2025.01.06 17:00:00,1624,BTCUSD,buy,in,0.11,100751.41,1624,0.00,0.00,0.00,1 342.79,RSI Scalping Buy #M123459123
2025.01.06 17:00:00,1625,BTCUSD,sell,out,0.11,100751.52,1625,0.00,0.00,0.01,1 342.80,sl 100752.68
2025.01.06 19:00:01,1626,TSLA.NAS,sell,in,16.7,408.83,1626,-0.33,0.00,0.00,1 342.47,RSI Scalping Sell #M125421321
2025.01.06 19:00:49,1627,BTCUSD,buy,in,0.01,102097.37,1627,0.00,0.00,0.00,1 342.47,WP Buy #M20260527
2025.01.06 19:39:37,1628,BTCUSD,sell,out,0.01,101605.24,1628,0.00,0.00,-4.92,1 337.55,sl 101605.45
2025.01.07 17:00:00,1629,NVDA.NAS,sell,in,11.1,146.20,1629,-0.22,0.00,0.00,1 337.33,RSI Scalping Sell #M20003
2025.01.07 17:15:00,1630,NVDA.NAS,buy,out,11.1,145.44,1630,-0.22,0.00,8.44,1 345.55,
2025.01.07 20:15:00,1631,NVDA.NAS,buy,in,11.2,143.23,1631,-0.22,0.00,0.00,1 345.33,RSI Scalping Buy #M20003
2025.01.07 22:00:00,1632,NVDA.NAS,sell,out,11.2,141.24,1632,-0.22,0.00,-22.29,1 322.82,
2025.01.08 16:35:00,1633,TSLA.NAS,buy,out,16.7,399.19,1633,-0.33,0.00,160.99,1 483.48,sl 399.12
2025.01.08 16:45:02,1634,NVDA.NAS,buy,in,12.3,142.71,1634,-0.25,0.00,0.00,1 483.23,RSI Scalping Buy #M20003
2025.01.08 17:14:11,1635,NVDA.NAS,sell,out,12.3,140.19,1635,-0.25,0.00,-31.00,1 451.98,sl 140.19
2025.01.08 17:15:00,1636,NVDA.NAS,sell,in,12,139.84,1636,-0.24,0.00,0.00,1 451.74,RSI Scalping Sell #M20003
2025.01.08 18:30:00,1637,NVDA.NAS,buy,out,12,140.05,1637,-0.24,0.00,-2.52,1 448.98,
2025.01.08 19:30:00,1638,NVDA.NAS,sell,in,12,138.10,1638,-0.24,0.00,0.00,1 448.74,RSI Scalping Sell #M20003
2025.01.08 20:45:02,1639,NVDA.NAS,buy,out,12,140.36,1639,-0.24,0.00,-27.12,1 421.38,
2025.01.08 21:00:01,1640,XBRUSD,sell,in,0.5,76.38,1640,0.00,0.00,0.00,1 421.38,WP Sell #M20260534
2025.01.10 09:20:16,1641,XBRUSD,buy,out,0.5,77.88,1641,0.00,-11.32,-75.00,1 335.06,sl 77.88
2025.01.10 16:45:00,1642,NVDA.NAS,sell,in,0.8,135.92,1642,-0.02,0.00,0.00,1 335.04,RSI Scalping Sell #M20003
2025.01.10 17:00:00,1643,XTIUSD,buy,in,0.5,77.21,1643,0.00,0.00,0.00,1 335.04,WP Buy #M20260533
2025.01.10 17:00:00,1644,NVDA.NAS,buy,out,0.8,135.44,1644,-0.02,0.00,0.38,1 335.40,
2025.01.10 18:01:18,1645,XTIUSD,sell,out,0.5,75.74,1645,0.00,0.00,-73.50,1 261.90,sl 75.74
2025.02.03 03:15:00,1646,XAUUSD,sell,in,0.02,2785.68,1646,-0.07,0.00,0.00,1 261.83,United SuperEMA short #M940001
2025.02.03 04:00:00,1647,EURUSD,sell,in,0.01,1.02378,1647,-0.04,0.00,0.00,1 261.79,WP Sell #M20260524
2025.02.03 04:00:00,1648,AUDUSD,sell,in,0.01,0.61158,1648,-0.04,0.00,0.00,1 261.75,WP Sell #M20260525
2025.02.03 06:01:17,1649,AUDUSD,buy,out,0.01,0.61119,1649,-0.04,0.00,0.39,1 262.10,sl 0.61118
2025.02.03 07:00:00,1650,XAUUSD,buy,out,0.02,2780.95,1650,-0.07,0.00,9.46,1 271.49,
2025.02.03 07:52:02,1651,EURUSD,buy,out,0.01,1.02422,1651,-0.04,0.00,-0.44,1 271.01,sl 1.02422
2025.02.03 13:15:05,1652,XAUUSD,buy,in,0.02,2801.87,1652,-0.07,0.00,0.00,1 270.94,United SuperEMA long #M940001
2025.02.03 14:00:00,1653,XAUUSD,buy,in,0.1,2801.47,1653,-0.35,0.00,0.00,1 270.59,RSI Scalping Buy #M129102315
2025.02.03 14:10:16,1654,XAUUSD,sell,out,0.1,2801.61,1654,-0.35,0.00,1.40,1 271.64,sl 2801.61
2025.02.03 17:00:00,1655,XAUUSD,buy,in,0.01,2830.71,1655,-0.04,0.00,0.00,1 271.60,WP Buy #M20260526
2025.02.03 17:25:44,1656,XAUUSD,sell,out,0.01,2815.51,1656,-0.04,0.00,-15.20,1 256.36,sl 2815.71
2025.02.03 17:45:00,1657,NVDA.NAS,buy,in,5.2,117.60,1657,-0.10,0.00,0.00,1 256.26,RSI Scalping Buy #M20003
2025.02.03 18:00:00,1658,XAUUSD,sell,in,0.1,2817.53,1658,-0.35,0.00,0.00,1 255.91,RSI Scalping Sell #M129102315
2025.02.03 18:00:24,1659,XAUUSD,buy,out,0.1,2817.67,1659,-0.35,0.00,-1.40,1 254.16,sl 2817.66
2025.02.03 19:00:00,1660,XAUUSD,sell,out,0.02,2814.05,1660,-0.07,0.00,24.36,1 278.45,
2025.02.03 21:03:13,1661,BTCUSD,buy,in,0.01,100190.73,1661,0.00,0.00,0.00,1 278.45,WP Buy #M20260527
2025.02.03 21:19:46,1662,BTCUSD,sell,out,0.01,100546.70,1662,0.00,0.00,3.56,1 282.01,sl 100550.69
2025.02.03 22:00:07,1663,BTCUSD,buy,in,0.01,102009.84,1663,0.00,0.00,0.00,1 282.01,WP Buy #M20260527
2025.02.03 22:05:51,1664,BTCUSD,sell,out,0.01,101463.30,1664,0.00,0.00,-5.47,1 276.54,sl 101496.22
2025.02.04 01:07:05,1665,AUDUSD,sell,in,0.08,0.62282,1665,-0.28,0.00,0.00,1 276.26,RSI Overbought Crossover Sell #
2025.02.04 01:33:13,1666,EURUSD,sell,in,0.05,1.03341,1666,-0.18,0.00,0.00,1 276.08,RSI Overbought Crossover Sell #
2025.02.04 02:40:48,1667,EURUSD,buy,out,0.05,1.03179,1667,-0.18,0.00,8.10,1 284.00,
2025.02.04 03:30:00,1668,XAUUSD,buy,in,0.02,2820.75,1668,-0.07,0.00,0.00,1 283.93,United SuperEMA long #M940001
2025.02.04 07:00:00,1669,XAUUSD,sell,out,0.02,2818.75,1669,-0.07,0.00,-4.00,1 279.86,
2025.02.04 07:01:27,1670,AUDUSD,buy,out,0.08,0.61926,1670,-0.28,0.00,28.48,1 308.06,
2025.02.04 11:30:00,1671,XAUUSD,buy,in,0.02,2817.02,1671,-0.07,0.00,0.00,1 307.99,United SuperEMA long #M940001
2025.02.04 12:00:00,1672,XAUUSD,buy,in,0.1,2820.49,1672,-0.35,0.00,0.00,1 307.64,RSI Scalping Buy #M129102315
2025.02.04 12:45:00,1673,XAUUSD,sell,out,0.02,2814.30,1673,-0.07,0.00,-5.44,1 302.13,
2025.02.04 14:30:00,1674,XAUUSD,buy,in,0.02,2819.58,1674,-0.07,0.00,0.00,1 302.06,United SuperEMA long #M940001
2025.02.04 14:50:33,1675,XAUUSD,sell,out,0.1,2821.10,1675,-0.35,0.00,6.10,1 307.81,sl 2821.11
2025.02.04 15:00:00,1676,XAUUSD,buy,in,0.1,2821.96,1676,-0.35,0.00,0.00,1 307.46,RSI Scalping Buy #M129102315
2025.02.04 15:04:06,1677,XAUUSD,sell,out,0.1,2822.32,1677,-0.35,0.00,3.60,1 310.71,sl 2822.36
2025.02.04 17:00:07,1678,XAUUSD,buy,in,0.01,2841.54,1678,-0.04,0.00,0.00,1 310.67,WP Buy #M20260526
2025.02.04 21:00:01,1679,XAUUSD,sell,in,0.1,2842.68,1679,-0.35,0.00,0.00,1 310.32,RSI Scalping Sell #M129102315
2025.02.04 21:02:02,1680,XAUUSD,buy,out,0.1,2842.97,1680,-0.35,0.00,-2.90,1 307.07,sl 2842.96
2025.02.04 22:30:00,1681,XAUUSD,sell,out,0.02,2841.58,1681,-0.07,0.00,44.00,1 351.00,
2025.02.05 01:02:09,1682,EURUSD,sell,in,0.05,1.03792,1682,-0.18,0.00,0.00,1 350.82,RSI Overbought Crossover Sell #
2025.02.05 01:57:20,1683,EURUSD,buy,out,0.05,1.03727,1683,-0.18,0.00,3.25,1 353.89,
2025.02.05 03:06:09,1684,EURUSD,sell,in,0.05,1.03830,1684,-0.18,0.00,0.00,1 353.71,RSI Overbought Crossover Sell #
2025.02.05 03:32:00,1685,XAUUSD,sell,out,0.01,2841.68,1685,-0.04,-0.52,0.14,1 353.29,sl 2841.69
2025.02.05 03:40:32,1686,EURUSD,buy,out,0.05,1.03761,1686,-0.18,0.00,3.45,1 356.56,
2025.02.05 04:15:00,1687,XAUUSD,buy,in,0.02,2852.47,1687,-0.07,0.00,0.00,1 356.49,United SuperEMA long #M940001
2025.02.05 12:00:00,1688,XAUUSD,buy,in,0.01,2870.51,1688,-0.04,0.00,0.00,1 356.45,WP Buy #M20260526
2025.02.05 12:47:20,1689,XAUUSD,sell,out,0.01,2869.48,1689,-0.04,0.00,-1.03,1 355.38,sl 2869.54
2025.02.05 14:30:00,1690,XAUUSD,sell,out,0.02,2869.62,1690,-0.07,0.00,34.30,1 389.61,
2025.02.05 16:00:00,1691,XAUUSD,sell,in,0.11,2861.86,1691,-0.39,0.00,0.00,1 389.22,RSI Scalping Sell #M129102315
2025.02.05 16:00:54,1692,XAUUSD,buy,out,0.11,2861.66,1692,-0.39,0.00,2.20,1 391.03,sl 2861.65
2025.02.05 19:00:00,1693,XAUUSD,sell,in,0.11,2875.30,1693,-0.39,0.00,0.00,1 390.64,RSI Scalping Sell #M129102315
2025.02.05 19:11:37,1694,XAUUSD,buy,out,0.11,2874.99,1694,-0.39,0.00,3.41,1 393.66,sl 2874.99
2025.02.05 19:15:01,1695,XAUUSD,buy,in,0.02,2875.37,1695,-0.07,0.00,0.00,1 393.59,United SuperEMA long #M940001
2025.02.05 20:15:00,1696,XAUUSD,sell,out,0.02,2870.99,1696,-0.07,0.00,-8.76,1 384.76,
2025.02.06 01:30:02,1697,XAUUSD,buy,in,0.02,2868.64,1697,-0.07,0.00,0.00,1 384.69,United SuperEMA long #M940001
2025.02.06 05:30:00,1698,XAUUSD,sell,out,0.02,2865.13,1698,-0.07,0.00,-7.02,1 377.60,
2025.02.06 13:12:02,1699,BTCUSD,buy,in,0.01,98872.90,1699,0.00,0.00,0.00,1 377.60,WP Buy #M20260527
2025.02.06 13:58:57,1700,BTCUSD,sell,out,0.01,98882.90,1700,0.00,0.00,0.10,1 377.70,sl 98885.22
2025.02.06 17:00:00,1701,XAUUSD,sell,in,0.02,2841.89,1701,-0.07,0.00,0.00,1 377.63,United SuperEMA short #M940001
2025.02.06 20:00:00,1702,XAUUSD,buy,out,0.02,2852.48,1702,-0.07,0.00,-21.18,1 356.38,
2025.02.06 22:00:00,1703,XTIUSD,sell,in,0.5,71.24,1703,0.00,0.00,0.00,1 356.38,WP Sell #M20260533
2025.02.07 04:00:00,1704,XAUUSD,buy,in,0.11,2866.29,1704,-0.39,0.00,0.00,1 355.99,RSI Scalping Buy #M129102315
2025.02.07 04:06:49,1705,XAUUSD,sell,out,0.11,2867.73,1705,-0.39,0.00,15.84,1 371.44,sl 2867.76
2025.02.07 11:00:00,1706,XAUUSD,buy,in,0.11,2866.50,1706,-0.39,0.00,0.00,1 371.05,RSI Scalping Buy #M129102315
2025.02.07 11:01:22,1707,XAUUSD,sell,out,0.11,2866.18,1707,-0.39,0.00,-3.52,1 367.14,sl 2866.37
2025.02.07 11:15:00,1708,XAUUSD,buy,in,0.02,2867.79,1708,-0.07,0.00,0.00,1 367.07,United SuperEMA long #M940001
2025.02.07 13:45:01,1709,XAUUSD,sell,out,0.02,2866.28,1709,-0.07,0.00,-3.02,1 363.98,
2025.02.07 16:30:00,1710,XAUUSD,buy,in,0.02,2873.84,1710,-0.07,0.00,0.00,1 363.91,United SuperEMA long #M940001
2025.02.07 17:00:00,1711,XAUUSD,buy,in,0.11,2875.26,1711,-0.39,0.00,0.00,1 363.52,RSI Scalping Buy #M129102315
2025.02.07 17:00:37,1712,XAUUSD,sell,out,0.11,2875.08,1712,-0.39,0.00,-1.98,1 361.15,sl 2875.10
2025.02.07 18:30:00,1713,XAUUSD,sell,out,0.02,2869.43,1713,-0.07,0.00,-8.82,1 352.26,
2025.02.07 21:00:00,1714,EURUSD,sell,in,0.01,1.03253,1714,-0.04,0.00,0.00,1 352.22,WP Sell #M20260524
2025.02.10 00:04:20,1715,EURUSD,buy,out,0.01,1.03216,1715,-0.04,0.02,0.37,1 352.57,sl 1.03194
2025.02.10 03:15:00,1716,XAUUSD,buy,in,0.01,2871.15,1716,-0.04,0.00,0.00,1 352.53,United SuperEMA long #M940001
2025.02.10 04:00:00,1717,XAUUSD,buy,in,0.11,2872.11,1717,-0.39,0.00,0.00,1 352.14,RSI Scalping Buy #M129102315
2025.02.10 04:03:34,1718,XAUUSD,sell,out,0.11,2873.42,1718,-0.39,0.00,14.41,1 366.16,sl 2873.47
2025.02.10 09:00:00,1719,XAUUSD,buy,in,0.05,2888.56,1719,-0.18,0.00,0.00,1 365.98,EMA Crossover Trade BUY #M12350
2025.02.10 09:47:17,1720,XAUUSD,sell,out,0.05,2891.72,1720,-0.18,0.00,15.80,1 381.60,sl 2891.72
2025.02.10 10:00:00,1721,XAUUSD,buy,in,0.05,2895.67,1721,-0.18,0.00,0.00,1 381.42,EMA Crossover Trade BUY #M12350
2025.02.10 10:18:11,1722,XAUUSD,sell,out,0.05,2892.71,1722,-0.18,0.00,-14.80,1 366.44,sl 2892.71
2025.02.10 11:00:00,1723,XAUUSD,buy,in,0.05,2896.57,1723,-0.18,0.00,0.00,1 366.26,EMA Crossover Trade BUY #M12350
2025.02.10 11:00:00,1724,XAUUSD,buy,in,0.01,2896.57,1724,-0.04,0.00,0.00,1 366.22,WP Buy #M20260526
2025.02.10 12:22:48,1725,XAUUSD,sell,out,0.05,2902.40,1725,-0.18,0.00,29.15,1 395.19,sl 2902.45
2025.02.10 12:34:11,1726,XAUUSD,sell,out,0.01,2898.64,1726,-0.04,0.00,2.07,1 397.22,sl 2898.64
2025.02.10 13:00:00,1727,XAUUSD,buy,in,0.05,2902.52,1727,-0.18,0.00,0.00,1 397.04,EMA Crossover Trade BUY #M12350
2025.02.10 13:11:00,1728,XAUUSD,sell,out,0.05,2901.26,1728,-0.18,0.00,-6.30,1 390.56,sl 2901.27
2025.02.10 14:00:00,1729,XAUUSD,buy,in,0.05,2904.80,1729,-0.18,0.00,0.00,1 390.38,EMA Crossover Trade BUY #M12350
2025.02.10 14:39:48,1730,XAUUSD,sell,out,0.05,2903.29,1730,-0.18,0.00,-7.55,1 382.65,sl 2903.30
2025.02.10 15:00:00,1731,XAUUSD,buy,in,0.05,2902.94,1731,-0.18,0.00,0.00,1 382.47,EMA Crossover Trade BUY #M12350
2025.02.10 15:22:34,1732,XAUUSD,sell,out,0.05,2907.20,1732,-0.18,0.00,21.30,1 403.59,sl 2907.27
2025.02.10 15:45:01,1733,XAUUSD,sell,out,0.01,2900.01,1733,-0.04,0.00,28.86,1 432.41,
2025.02.10 16:00:01,1734,XAUUSD,buy,in,0.05,2901.57,1734,-0.18,0.00,0.00,1 432.23,EMA Crossover Trade BUY #M12350
2025.02.10 16:02:57,1735,XAUUSD,sell,out,0.05,2897.97,1735,-0.18,0.00,-18.00,1 414.05,sl 2898.02
2025.02.10 17:00:00,1736,XAUUSD,buy,in,0.05,2908.81,1736,-0.18,0.00,0.00,1 413.87,EMA Crossover Trade BUY #M12350
2025.02.10 17:02:15,1737,XAUUSD,sell,out,0.05,2905.22,1737,-0.18,0.00,-17.95,1 395.74,sl 2905.23
2025.02.10 17:55:14,1738,XTIUSD,buy,out,0.5,72.74,1738,0.00,-29.11,-75.00,1 291.63,sl 72.74
2025.02.10 18:00:00,1739,XAUUSD,buy,in,0.05,2909.15,1739,-0.18,0.00,0.00,1 291.45,EMA Crossover Trade BUY #M12350
2025.02.10 18:18:20,1740,XAUUSD,sell,out,0.05,2906.54,1740,-0.18,0.00,-13.05,1 278.22,sl 2906.54
2025.02.10 19:00:00,1741,XAUUSD,sell,in,0.08,2901.12,1741,-0.28,0.00,0.00,1 277.94,RSI Scalping Sell #M129102315
2025.02.10 19:08:36,1742,XAUUSD,buy,out,0.08,2901.15,1742,-0.28,0.00,-0.24,1 277.42,sl 2901.11
2025.02.11 04:00:00,1743,XAUUSD,buy,in,0.01,2934.06,1743,-0.04,0.00,0.00,1 277.38,WP Buy #M20260526
2025.02.11 04:33:44,1744,XAUUSD,sell,out,0.01,2935.09,1744,-0.04,0.00,1.03,1 278.37,sl 2935.12
2025.02.11 05:00:00,1745,XAUUSD,sell,in,0.1,2918.55,1745,-0.35,0.00,0.00,1 278.02,RSI Scalping Sell #M129102315
2025.02.11 05:01:16,1746,XAUUSD,buy,out,0.1,2917.28,1746,-0.35,0.00,12.70,1 290.37,sl 2917.26
2025.02.11 14:45:00,1747,XAUUSD,sell,in,0.02,2899.01,1747,-0.07,0.00,0.00,1 290.30,United SuperEMA short #M940001
2025.02.11 16:30:00,1748,XAUUSD,buy,out,0.02,2901.11,1748,-0.07,0.00,-4.20,1 286.03,
2025.02.11 17:50:00,1749,AAPL.NAS,buy,in,5.3,234.250,1749,-0.11,0.00,0.00,1 285.92,RSI Scalping Buy #M20001
2025.02.11 17:51:33,1750,AAPL.NAS,sell,out,5.3,234.270,1750,-0.11,0.00,0.11,1 285.92,sl 234.300
2025.02.11 19:08:49,1751,NVDA.NAS,sell,out,5.2,131.23,1751,-0.10,0.00,70.88,1 356.70,sl 131.25
2025.02.11 19:45:00,1752,NVDA.NAS,sell,in,11.3,132.07,1752,-0.23,0.00,0.00,1 356.47,RSI Scalping Sell #M20003
2025.02.11 20:15:00,1753,NVDA.NAS,buy,out,11.3,132.20,1753,-0.23,0.00,-1.47,1 354.77,
2025.02.11 20:15:00,1754,NVDA.NAS,sell,in,11.3,132.20,1754,-0.23,0.00,0.00,1 354.54,RSI Scalping Sell #M20003
2025.02.11 21:30:03,1755,NVDA.NAS,buy,out,11.3,133.04,1755,-0.23,0.00,-9.49,1 344.82,
2025.02.11 22:00:00,1756,XAUUSD,sell,in,0.01,2900.18,1756,-0.04,0.00,0.00,1 344.78,United SuperEMA short #M940001
2025.02.12 01:45:01,1757,XAUUSD,buy,out,0.01,2900.57,1757,-0.04,0.45,-0.39,1 344.80,
2025.02.12 02:06:01,1758,EURUSD,sell,in,0.05,1.03599,1758,-0.18,0.00,0.00,1 344.62,RSI Overbought Crossover Sell #
2025.02.12 02:45:01,1759,XAUUSD,sell,in,0.02,2893.45,1759,-0.07,0.00,0.00,1 344.55,United SuperEMA short #M940001
2025.02.12 03:07:14,1760,EURUSD,buy,out,0.05,1.03541,1760,-0.18,0.00,2.90,1 347.27,
2025.02.12 03:47:13,1761,EURUSD,sell,in,0.05,1.03610,1761,-0.18,0.00,0.00,1 347.09,RSI Overbought Crossover Sell #
2025.02.12 06:40:20,1762,EURUSD,buy,out,0.05,1.03595,1762,-0.18,0.00,0.75,1 347.66,
2025.02.12 08:15:02,1763,XAUUSD,buy,out,0.02,2891.65,1763,-0.07,0.00,3.60,1 351.19,
2025.02.12 12:15:00,1764,XAUUSD,sell,in,0.02,2887.20,1764,-0.07,0.00,0.00,1 351.12,United SuperEMA short #M940001
2025.02.12 16:15:00,1765,XAUUSD,buy,out,0.02,2893.83,1765,-0.07,0.00,-13.26,1 337.79,
2025.02.12 16:45:00,1766,NVDA.NAS,sell,in,11.1,131.92,1766,-0.22,0.00,0.00,1 337.57,RSI Scalping Sell #M20003
2025.02.12 17:00:00,1767,NVDA.NAS,buy,out,11.1,131.98,1767,-0.22,0.00,-0.67,1 336.68,
2025.02.12 18:15:00,1768,NVDA.NAS,sell,in,11.1,130.87,1768,-0.22,0.00,0.00,1 336.46,RSI Scalping Sell #M20003
2025.02.12 18:30:00,1769,NVDA.NAS,buy,out,11.1,130.65,1769,-0.22,0.00,2.44,1 338.68,
2025.02.12 18:45:00,1770,NVDA.NAS,buy,in,11.1,131.27,1770,-0.22,0.00,0.00,1 338.46,RSI Scalping Buy #M20003
2025.02.12 19:00:00,1771,XAUUSD,buy,in,0.11,2902.63,1771,-0.39,0.00,0.00,1 338.07,RSI Scalping Buy #M129102315
2025.02.12 19:00:00,1772,XAUUSD,buy,in,0.02,2902.67,1772,-0.07,0.00,0.00,1 338.00,United SuperEMA long #M940001
2025.02.12 19:01:52,1773,XAUUSD,sell,out,0.11,2904.19,1773,-0.39,0.00,17.16,1 354.77,sl 2904.19
2025.02.12 21:15:01,1774,XAUUSD,sell,out,0.02,2897.90,1774,-0.07,0.00,-9.54,1 345.16,
2025.02.13 00:27:47,1775,BTCUSD,buy,in,0.01,97946.54,1775,0.00,0.00,0.00,1 345.16,WP Buy #M20260527
2025.02.13 00:44:03,1776,BTCUSD,sell,out,0.01,97861.18,1776,0.00,0.00,-0.85,1 344.31,sl 97861.89
2025.02.13 02:00:01,1777,XAUUSD,buy,in,0.02,2906.11,1777,-0.07,0.00,0.00,1 344.24,United SuperEMA long #M940001
2025.02.13 03:30:00,1778,XAUUSD,sell,out,0.02,2902.45,1778,-0.07,0.00,-7.32,1 336.85,
2025.02.13 07:00:00,1779,XAUUSD,buy,in,0.02,2918.79,1779,-0.07,0.00,0.00,1 336.78,EMA Crossover Trade BUY #M12350
2025.02.13 07:00:00,1780,XAUUSD,buy,in,0.03,2918.79,1780,-0.11,0.00,0.00,1 336.67,RSI Reverse BUY #M1002
2025.02.13 07:51:06,1781,XAUUSD,sell,out,0.02,2919.03,1781,-0.07,0.00,0.48,1 337.08,sl 2919.05
2025.02.13 08:00:00,1782,XAUUSD,buy,in,0.03,2918.30,1782,-0.11,0.00,0.00,1 336.97,EMA Cross Distance BUY #M1003
2025.02.13 08:00:00,1783,XAUUSD,sell,in,0.11,2918.00,1783,-0.39,0.00,0.00,1 336.58,RSI Scalping Sell #M129102315
2025.02.13 08:05:05,1784,XAUUSD,buy,out,0.11,2915.55,1784,-0.39,0.00,26.95,1 363.14,sl 2915.54
2025.02.13 12:45:00,1785,XAUUSD,buy,in,0.01,2918.34,1785,-0.04,0.00,0.00,1 363.10,United SuperEMA long #M940001
2025.02.13 14:00:00,1786,XAUUSD,sell,out,0.03,2918.07,1786,-0.11,0.00,-0.69,1 362.30,
2025.02.13 15:15:00,1787,XAUUSD,sell,out,0.01,2915.40,1787,-0.04,0.00,-2.94,1 359.32,
2025.02.13 17:00:00,1788,XAUUSD,buy,in,0.11,2915.29,1788,-0.39,0.00,0.00,1 358.93,RSI Scalping Buy #M129102315
2025.02.13 17:00:57,1789,XAUUSD,sell,out,0.11,2916.27,1789,-0.39,0.00,10.78,1 369.32,sl 2916.31
2025.02.13 17:50:00,1790,AAPL.NAS,buy,in,5.7,239.070,1790,-0.11,0.00,0.00,1 369.21,RSI Scalping Buy #M20001
2025.02.13 17:52:30,1791,AAPL.NAS,sell,out,5.7,239.100,1791,-0.11,0.00,0.17,1 369.27,sl 239.120
2025.02.13 18:00:00,1792,XAUUSD,buy,in,0.01,2920.38,1792,-0.04,0.00,0.00,1 369.23,United SuperEMA long #M940001
2025.02.13 18:30:02,1793,AAPL.NAS,sell,in,5.7,240.470,1793,-0.11,0.00,0.00,1 369.12,RSI Scalping Sell #M20001
2025.02.13 18:30:35,1794,AAPL.NAS,buy,out,5.7,240.470,1794,-0.11,0.00,0.00,1 369.01,sl 240.460
2025.02.13 19:00:00,1795,XAUUSD,sell,out,0.01,2913.86,1795,-0.04,0.00,-6.52,1 362.45,
2025.02.13 19:00:00,1796,TSLA.NAS,sell,in,17,349.14,1796,-0.34,0.00,0.00,1 362.11,RSI Scalping Sell #M125421321
2025.02.13 20:00:00,1797,XAUUSD,buy,in,0.11,2918.98,1797,-0.39,0.00,0.00,1 361.72,RSI Scalping Buy #M129102315
2025.02.13 20:40:42,1798,XAUUSD,sell,out,0.11,2919.00,1798,-0.39,0.00,0.22,1 361.55,sl 2919.02
2025.02.13 21:00:00,1799,XAUUSD,buy,in,0.01,2924.20,1799,-0.04,0.00,0.00,1 361.51,United SuperEMA long #M940001
2025.02.13 22:00:00,1800,XAUUSD,buy,in,0.05,2926.89,1800,-0.18,0.00,0.00,1 361.33,EMA Crossover Trade BUY #M12350
2025.02.13 22:47:36,1801,XAUUSD,sell,out,0.05,2925.14,1801,-0.18,0.00,-8.75,1 352.40,sl 2925.16
2025.02.13 23:00:00,1802,XAUUSD,buy,in,0.02,2928.73,1802,-0.07,0.00,0.00,1 352.33,EMA Crossover Trade BUY #M12350
2025.02.13 23:00:00,1803,XAUUSD,buy,in,0.01,2928.72,1803,-0.04,0.00,0.00,1 352.29,WP Buy #M20260526
2025.02.14 02:09:40,1804,XAUUSD,sell,out,0.02,2928.37,1804,-0.07,-1.04,-0.72,1 350.46,sl 2928.52
2025.02.14 03:00:00,1805,XAUUSD,sell,out,0.01,2928.15,1805,-0.04,-0.52,3.95,1 353.85,
2025.02.14 04:16:07,1806,XAUUSD,sell,out,0.01,2926.30,1806,-0.04,-0.52,-2.42,1 350.87,sl 2926.30
2025.02.14 07:00:00,1807,XAUUSD,buy,in,0.06,2928.53,1807,-0.21,0.00,0.00,1 350.66,RSI Scalping Buy #M129102315
2025.02.14 07:03:51,1808,XAUUSD,sell,out,0.06,2928.50,1808,-0.21,0.00,-0.18,1 350.27,sl 2928.52
2025.02.14 08:00:00,1809,XAUUSD,buy,in,0.01,2931.04,1809,-0.04,0.00,0.00,1 350.23,United SuperEMA long #M940001
2025.02.14 09:00:00,1810,XAUUSD,buy,in,0.02,2934.38,1810,-0.07,0.00,0.00,1 350.16,EMA Crossover Trade BUY #M12350
2025.02.14 09:56:23,1811,XAUUSD,sell,out,0.02,2931.42,1811,-0.07,0.00,-5.92,1 344.17,sl 2931.43
2025.02.14 13:30:01,1812,XAUUSD,sell,out,0.01,2934.24,1812,-0.04,0.00,3.20,1 347.33,
2025.02.14 16:35:00,1813,TSLA.NAS,buy,out,17,358.01,1813,-0.34,0.00,-150.79,1 196.20,
2025.02.14 20:00:00,1814,XAUUSD,sell,out,0.03,2887.23,1814,-0.11,-1.56,-94.68,1 099.85,
2025.02.18 16:35:00,1815,NVDA.NAS,sell,out,11.1,143.03,1815,-0.22,-0.01,130.54,1 230.16,
2025.02.18 20:00:01,1816,TSLA.NAS,sell,in,15.3,354.61,1816,-0.31,0.00,0.00,1 229.85,RSI Scalping Sell #M125421321
2025.02.19 16:35:01,1817,TSLA.NAS,buy,out,15.3,358.53,1817,-0.31,0.00,-59.98,1 169.56,
2025.03.03 12:00:00,1818,XAUUSD,buy,in,0.01,2867.56,1818,-0.04,0.00,0.00,1 169.52,United SuperEMA long #M940001
2025.03.03 14:00:00,1819,XAUUSD,buy,in,0.09,2874.48,1819,-0.32,0.00,0.00,1 169.20,RSI Scalping Buy #M129102315
2025.03.03 14:04:42,1820,XAUUSD,sell,out,0.09,2875.48,1820,-0.32,0.00,9.00,1 177.88,sl 2875.49
2025.03.03 15:30:00,1821,XAUUSD,sell,out,0.01,2870.40,1821,-0.04,0.00,2.84,1 180.68,
2025.03.03 17:00:00,1822,XAUUSD,buy,in,0.09,2877.49,1822,-0.32,0.00,0.00,1 180.36,RSI Scalping Buy #M129102315
2025.03.03 17:01:21,1823,XAUUSD,sell,out,0.09,2877.75,1823,-0.32,0.00,2.34,1 182.38,sl 2877.75
2025.03.03 17:15:00,1824,NVDA.NAS,sell,in,9.8,118.66,1824,-0.20,0.00,0.00,1 182.18,RSI Scalping Sell #M20003
2025.03.03 18:30:00,1825,NVDA.NAS,buy,out,9.8,119.24,1825,-0.20,0.00,-5.68,1 176.30,
2025.03.03 19:00:00,1826,XAUUSD,buy,in,0.02,2891.52,1826,-0.07,0.00,0.00,1 176.23,EMA Crossover Trade BUY #M12350
2025.03.03 19:24:06,1827,XAUUSD,sell,out,0.02,2889.21,1827,-0.07,0.00,-4.62,1 171.54,sl 2889.21
2025.03.03 19:45:00,1828,NVDA.NAS,sell,in,9.7,117.95,1828,-0.19,0.00,0.00,1 171.35,RSI Scalping Sell #M20003
2025.03.03 20:00:00,1829,TSLA.NAS,sell,in,14.6,289.90,1829,-0.29,0.00,0.00,1 171.06,RSI Scalping Sell #M125421321
2025.03.03 20:00:00,1830,XAUUSD,buy,in,0.01,2890.92,1830,-0.04,0.00,0.00,1 171.02,WP Buy #M20260526
2025.03.03 20:00:00,1831,NVDA.NAS,buy,out,9.7,116.79,1831,-0.19,0.00,11.25,1 182.08,
2025.03.03 21:00:00,1832,NVDA.NAS,buy,in,9.8,116.53,1832,-0.20,0.00,0.00,1 181.88,RSI Scalping Buy #M20003
2025.03.03 22:12:16,1833,NVDA.NAS,sell,out,9.8,113.84,1833,-0.20,0.00,-26.36,1 155.32,sl 113.84
2025.03.03 23:00:00,1834,XBRUSD,sell,in,0.5,71.69,1834,0.00,0.00,0.00,1 155.32,WP Sell #M20260534
2025.03.04 00:10:43,1835,BTCUSD,sell,in,0.01,85987.66,1835,0.00,0.00,0.00,1 155.32,WP Sell #M20260527
2025.03.04 00:26:27,1836,BTCUSD,buy,out,0.01,86485.93,1836,0.00,0.00,-4.98,1 150.34,sl 86484.97
2025.03.04 06:00:00,1837,XAUUSD,buy,in,0.09,2888.57,1837,-0.32,0.00,0.00,1 150.02,RSI Scalping Buy #M129102315
2025.03.04 06:25:17,1838,XAUUSD,sell,out,0.09,2888.45,1838,-0.32,0.00,-1.08,1 148.62,sl 2888.45
2025.03.04 06:45:00,1839,XAUUSD,buy,in,0.01,2891.96,1839,-0.04,0.00,0.00,1 148.58,United SuperEMA long #M940001
2025.03.04 08:15:00,1840,XAUUSD,sell,out,0.01,2887.94,1840,-0.04,0.00,-4.02,1 144.52,
2025.03.04 09:30:01,1841,XAUUSD,buy,in,0.01,2899.74,1841,-0.04,0.00,0.00,1 144.48,United SuperEMA long #M940001
2025.03.04 10:00:00,1842,XAUUSD,buy,in,0.01,2899.86,1842,-0.04,0.00,0.00,1 144.44,EMA Crossover Trade BUY #M12350
2025.03.04 10:00:00,1843,XAUUSD,buy,in,0.07,2899.76,1843,-0.25,0.00,0.00,1 144.19,RSI Scalping Buy #M129102315
2025.03.04 10:09:57,1844,XAUUSD,sell,out,0.07,2900.40,1844,-0.25,0.00,4.48,1 148.42,sl 2900.40
2025.03.04 10:24:06,1845,XAUUSD,sell,out,0.01,2906.58,1845,-0.04,0.00,6.72,1 155.10,sl 2906.60
2025.03.04 10:51:14,1846,XAUUSD,sell,out,0.01,2911.11,1846,-0.04,-0.52,20.19,1 174.73,sl 2911.13
2025.03.04 11:00:00,1847,XAUUSD,buy,in,0.01,2914.27,1847,-0.04,0.00,0.00,1 174.69,EMA Crossover Trade BUY #M12350
2025.03.04 11:37:59,1848,XAUUSD,sell,out,0.01,2917.38,1848,-0.04,0.00,3.11,1 177.76,sl 2917.42
2025.03.04 12:00:00,1849,XAUUSD,buy,in,0.02,2918.16,1849,-0.07,0.00,0.00,1 177.69,EMA Crossover Trade BUY #M12350
2025.03.04 12:00:00,1850,XAUUSD,buy,in,0.01,2918.06,1850,-0.04,0.00,0.00,1 177.65,WP Buy #M20260526
2025.03.04 13:00:00,1851,XAUUSD,sell,in,0.09,2914.55,1851,-0.32,0.00,0.00,1 177.33,RSI Scalping Sell #M129102315
2025.03.04 13:01:54,1852,XAUUSD,buy,out,0.09,2913.94,1852,-0.32,0.00,5.49,1 182.50,sl 2913.91
2025.03.04 14:34:12,1853,XAUUSD,sell,out,0.02,2920.11,1853,-0.07,0.00,3.90,1 186.33,sl 2920.14
2025.03.04 15:00:00,1854,XAUUSD,buy,in,0.02,2925.21,1854,-0.07,0.00,0.00,1 186.26,EMA Crossover Trade BUY #M12350
2025.03.04 15:20:06,1855,XAUUSD,sell,out,0.02,2924.10,1855,-0.07,0.00,-2.22,1 183.97,sl 2924.11
2025.03.04 15:44:45,1856,XAUUSD,sell,out,0.01,2920.28,1856,-0.04,0.00,2.22,1 186.15,sl 2920.31
2025.03.04 16:00:00,1857,XAUUSD,buy,in,0.04,2922.72,1857,-0.14,0.00,0.00,1 186.01,EMA Crossover Trade BUY #M12350
2025.03.04 16:12:04,1858,XAUUSD,sell,out,0.04,2919.34,1858,-0.14,0.00,-13.52,1 172.35,sl 2919.34
2025.03.04 16:30:00,1859,XAUUSD,sell,out,0.01,2916.53,1859,-0.04,0.00,16.79,1 189.10,
2025.03.04 17:00:00,1860,XAUUSD,sell,in,0.09,2903.36,1860,-0.32,0.00,0.00,1 188.78,RSI Scalping Sell #M129102315
2025.03.04 17:00:00,1861,TSLA.NAS,buy,out,14.6,266.04,1861,-0.29,0.00,348.36,1 536.85,
2025.03.04 17:00:04,1862,XAUUSD,buy,out,0.09,2901.33,1862,-0.32,0.00,18.27,1 554.80,sl 2901.28
2025.03.04 17:01:55,1863,SOXX.NAS,sell,in,0.1,199.310,1863,-0.02,0.00,0.00,1 554.78,WP Sell #M20260532
2025.03.04 17:02:49,1864,SOXX.NAS,buy,out,0.1,198.710,1864,-0.02,0.00,0.06,1 554.82,tp 198.710
2025.03.04 17:45:00,1865,NVDA.NAS,buy,in,12.9,112.94,1865,-0.26,0.00,0.00,1 554.56,RSI Scalping Buy #M20003
2025.03.04 18:00:15,1866,SOXX.NAS,sell,in,0.1,199.150,1866,-0.02,0.00,0.00,1 554.54,WP Sell #M20260532
2025.03.04 18:00:50,1867,SOXX.NAS,buy,out,0.1,199.480,1867,-0.02,0.00,-0.03,1 554.49,sl 199.450
2025.03.04 18:58:34,1868,XBRUSD,buy,out,0.5,70.98,1868,0.00,-5.66,35.50,1 584.33,sl 70.98
2025.03.04 19:00:00,1869,XAUUSD,buy,in,0.03,2915.30,1869,-0.11,0.00,0.00,1 584.22,EMA Crossover Trade BUY #M12350
2025.03.04 19:00:00,1870,XAUUSD,buy,in,0.13,2915.29,1870,-0.46,0.00,0.00,1 583.76,RSI Scalping Buy #M129102315
2025.03.04 19:05:09,1871,XAUUSD,sell,out,0.13,2915.53,1871,-0.46,0.00,3.12,1 586.42,sl 2915.53
2025.03.04 19:32:20,1872,XAUUSD,sell,out,0.03,2912.70,1872,-0.11,0.00,-7.80,1 578.51,sl 2912.72
2025.03.04 20:00:00,1873,XAUUSD,buy,in,0.03,2911.68,1873,-0.11,0.00,0.00,1 578.40,EMA Crossover Trade BUY #M12350
2025.03.04 20:22:53,1874,XAUUSD,sell,out,0.03,2911.49,1874,-0.11,0.00,-0.57,1 577.72,sl 2911.52
2025.03.04 22:00:00,1875,XAUUSD,buy,in,0.03,2916.05,1875,-0.11,0.00,0.00,1 577.61,EMA Crossover Trade BUY #M12350
2025.03.04 22:00:00,1876,XAUUSD,buy,in,0.02,2916.05,1876,-0.07,0.00,0.00,1 577.54,United SuperEMA long #M940001
2025.03.04 22:32:24,1877,XAUUSD,sell,out,0.03,2916.82,1877,-0.11,0.00,2.31,1 579.74,sl 2916.85
2025.03.04 22:51:50,1878,NVDA.NAS,sell,out,12.9,115.52,1878,-0.26,0.00,33.28,1 612.76,sl 115.54
2025.03.05 02:00:00,1879,XAUUSD,sell,out,0.02,2914.62,1879,-0.07,-1.04,-2.86,1 608.79,
2025.03.05 07:30:00,1880,XAUUSD,buy,in,0.01,2912.06,1880,-0.04,0.00,0.00,1 608.75,United SuperEMA long #M940001
2025.03.05 08:00:00,1881,XAUUSD,buy,in,0.13,2918.86,1881,-0.46,0.00,0.00,1 608.29,RSI Scalping Buy #M129102315
2025.03.05 08:03:06,1882,XAUUSD,sell,out,0.13,2918.54,1882,-0.46,0.00,-4.16,1 603.67,sl 2918.59
2025.03.05 11:30:01,1883,XAUUSD,sell,out,0.01,2916.52,1883,-0.04,0.00,4.46,1 608.09,
2025.03.05 15:00:03,1884,BTCUSD,buy,in,0.01,90401.21,1884,0.00,0.00,0.00,1 608.09,WP Buy #M20260527
2025.03.05 15:09:28,1885,BTCUSD,sell,out,0.01,89850.40,1885,0.00,0.00,-5.51,1 602.58,sl 89882.73
2025.03.05 17:15:01,1886,NVDA.NAS,buy,in,13.3,116.14,1886,-0.27,0.00,0.00,1 602.31,RSI Scalping Buy #M20003
2025.03.05 17:30:00,1887,XAUUSD,buy,in,0.02,2918.37,1887,-0.07,0.00,0.00,1 602.24,United SuperEMA long #M940001
2025.03.05 19:00:00,1888,XAUUSD,buy,in,0.13,2923.98,1888,-0.46,0.00,0.00,1 601.78,RSI Scalping Buy #M129102315
2025.03.05 19:00:35,1889,XAUUSD,sell,out,0.13,2924.54,1889,-0.46,0.00,7.28,1 608.60,sl 2924.54
2025.03.05 20:00:00,1890,XAUUSD,sell,out,0.02,2916.10,1890,-0.07,0.00,-4.54,1 603.99,
2025.03.05 23:00:00,1891,XAUUSD,buy,in,0.04,2922.36,1891,-0.14,0.00,0.00,1 603.85,RSI Follow BUY #M1001
2025.03.05 23:00:00,1892,XAUUSD,buy,in,0.13,2922.28,1892,-0.46,0.00,0.00,1 603.39,RSI Scalping Buy #M129102315
2025.03.05 23:00:00,1893,XAUUSD,buy,in,0.02,2922.34,1893,-0.07,0.00,0.00,1 603.32,United SuperEMA long #M940001
2025.03.05 23:45:00,1894,XAUUSD,sell,out,0.02,2918.14,1894,-0.07,0.00,-8.40,1 594.85,
2025.03.06 03:45:00,1895,XAUUSD,buy,in,0.02,2922.77,1895,-0.07,0.00,0.00,1 594.78,United SuperEMA long #M940001
2025.03.06 03:45:15,1896,XAUUSD,sell,out,0.13,2922.16,1896,-0.46,-20.24,-1.56,1 572.52,sl 2922.21
2025.03.06 04:00:00,1897,XAUUSD,buy,in,0.13,2924.94,1897,-0.46,0.00,0.00,1 572.06,RSI Scalping Buy #M129102315
2025.03.06 04:07:02,1898,XAUUSD,sell,out,0.13,2925.81,1898,-0.46,0.00,11.31,1 582.91,sl 2925.81
2025.03.06 06:00:00,1899,XAUUSD,sell,out,0.02,2921.27,1899,-0.07,0.00,-3.00,1 579.84,
2025.03.06 07:00:00,1900,XAUUSD,sell,in,0.03,2917.38,1900,-0.11,0.00,0.00,1 579.73,RSI Reverse SELL #M1002
2025.03.06 07:00:00,1901,XAUUSD,buy,out,0.03,2917.45,1901,-0.11,0.00,-0.21,1 579.41,
2025.03.06 07:00:10,1902,BTCUSD,buy,in,0.01,92303.52,1902,0.00,0.00,0.00,1 579.41,WP Buy #M20260527
2025.03.06 08:03:30,1903,BTCUSD,sell,out,0.01,92502.65,1903,0.00,0.00,1.99,1 581.40,sl 92505.32
2025.03.06 08:05:08,1904,BTCUSD,buy,in,0.01,92433.05,1904,0.00,0.00,0.00,1 581.40,WP Buy #M20260527
2025.03.06 08:32:57,1905,BTCUSD,sell,out,0.01,91908.92,1905,0.00,0.00,-5.24,1 576.16,sl 91930.02
2025.03.06 16:35:00,1906,NVDA.NAS,sell,out,13.3,113.66,1906,-0.27,0.00,-32.98,1 542.91,sl 114.53
2025.03.06 16:45:00,1907,NVDA.NAS,sell,in,12.8,113.05,1907,-0.26,0.00,0.00,1 542.65,RSI Scalping Sell #M20003
2025.03.06 17:00:00,1908,NVDA.NAS,buy,out,12.8,113.51,1908,-0.26,0.00,-5.89,1 536.50,
2025.03.06 17:30:00,1909,NVDA.NAS,buy,in,12.8,114.84,1909,-0.26,0.00,0.00,1 536.24,RSI Scalping Buy #M20003
2025.03.06 19:30:02,1910,NVDA.NAS,sell,out,12.8,111.63,1910,-0.26,0.00,-41.09,1 494.89,
2025.03.06 21:00:01,1911,NVDA.NAS,buy,in,4.9,111.63,1911,-0.10,0.00,0.00,1 494.79,RSI Scalping Buy #M20003
2025.03.07 05:00:00,1912,AUDUSD,sell,in,0.01,0.63145,1912,-0.04,0.00,0.00,1 494.75,WP Sell #M20260525
2025.03.07 09:00:00,1913,XAUUSD,sell,in,0.01,2913.52,1913,-0.04,0.00,0.00,1 494.71,RSI Reverse SELL #M1002
2025.03.07 09:00:00,1914,XAUUSD,buy,out,0.01,2913.52,1914,-0.04,0.00,0.00,1 494.67,
2025.03.07 10:00:00,1915,XAUUSD,buy,in,0.09,2917.31,1915,-0.32,0.00,0.00,1 494.35,RSI Scalping Buy #M129102315
2025.03.07 10:01:14,1916,XAUUSD,sell,out,0.09,2917.14,1916,-0.32,0.00,-1.53,1 492.50,sl 2917.17
2025.03.07 11:00:00,1917,EURUSD,buy,in,0.01,1.08508,1917,-0.04,0.00,0.00,1 492.46,WP Buy #M20260524
2025.03.07 11:14:18,1918,AUDUSD,buy,out,0.01,0.63208,1918,-0.04,0.00,-0.63,1 491.79,sl 0.63208
2025.03.07 14:11:44,1919,EURUSD,sell,out,0.01,1.08414,1919,-0.04,0.00,-0.94,1 490.81,sl 1.08414
2025.03.07 17:00:00,1920,XAUUSD,buy,in,0.09,2926.82,1920,-0.32,0.00,0.00,1 490.49,RSI Scalping Buy #M129102315
2025.03.07 17:01:40,1921,XAUUSD,sell,out,0.09,2929.22,1921,-0.32,0.00,21.60,1 511.77,sl 2929.22
2025.03.07 17:32:21,1922,NVDA.NAS,sell,out,4.9,109.55,1922,-0.10,0.00,-10.19,1 501.48,sl 109.72
2025.03.07 18:30:00,1923,NVDA.NAS,sell,in,6.2,109.71,1923,-0.12,0.00,0.00,1 501.36,RSI Scalping Sell #M20003
2025.03.07 18:45:00,1924,NVDA.NAS,buy,out,6.2,109.30,1924,-0.12,0.00,2.54,1 503.78,
2025.03.07 19:00:00,1925,TSLA.NAS,sell,in,0.1,252.62,1925,-0.02,0.00,0.00,1 503.76,WP Sell #M20260530
2025.03.07 19:28:48,1926,TSLA.NAS,buy,out,0.1,255.62,1926,-0.02,0.00,-0.30,1 503.44,sl 255.62
2025.03.07 19:30:00,1927,NVDA.NAS,buy,in,7.5,108.98,1927,-0.15,0.00,0.00,1 503.29,RSI Scalping Buy #M20003
2025.03.10 10:00:00,1928,XAUUSD,sell,in,0.03,2914.44,1928,-0.11,0.00,0.00,1 503.18,RSI Reverse SELL #M1002
2025.03.10 10:00:00,1929,XAUUSD,buy,out,0.03,2914.74,1929,-0.11,0.00,-0.90,1 502.17,
2025.03.10 17:01:30,1930,NVDA.NAS,sell,out,7.5,109.16,1930,-0.15,0.00,1.35,1 503.37,sl 109.17
2025.03.10 17:15:00,1931,NVDA.NAS,sell,in,7.5,108.92,1931,-0.15,0.00,0.00,1 503.22,RSI Scalping Sell #M20003
2025.03.10 17:30:00,1932,NVDA.NAS,buy,out,7.5,108.09,1932,-0.15,0.00,6.23,1 509.30,
2025.03.10 19:00:00,1933,NVDA.NAS,sell,in,7.5,107.18,1933,-0.15,0.00,0.00,1 509.15,RSI Scalping Sell #M20003
2025.03.10 19:00:01,1934,TSLA.NAS,sell,in,0.1,238.66,1934,-0.02,0.00,0.00,1 509.13,WP Sell #M20260530
2025.03.10 19:13:09,1935,TSLA.NAS,buy,out,0.1,237.19,1935,-0.02,0.00,0.15,1 509.26,sl 237.19
2025.03.10 20:00:01,1936,TSLA.NAS,sell,in,0.1,230.95,1936,-0.02,0.00,0.00,1 509.24,WP Sell #M20260530
2025.03.10 20:01:24,1937,BTCUSD,sell,in,0.01,79068.09,1937,0.00,0.00,0.00,1 509.24,WP Sell #M20260527
2025.03.10 20:09:18,1938,BTCUSD,buy,out,0.01,78673.38,1938,0.00,0.00,3.95,1 513.19,sl 78663.86
2025.03.10 20:14:04,1939,TSLA.NAS,buy,out,0.1,227.53,1939,-0.02,0.00,0.34,1 513.51,sl 227.47
2025.03.10 20:15:00,1940,NVDA.NAS,buy,out,7.5,106.88,1940,-0.15,0.00,2.25,1 515.61,
2025.03.10 20:15:00,1941,NVDA.NAS,sell,in,4,106.86,1941,-0.08,0.00,0.00,1 515.53,RSI Scalping Sell #M20003
2025.03.10 20:30:02,1942,NVDA.NAS,buy,out,4,107.05,1942,-0.08,0.00,-0.76,1 514.69,
2025.03.10 21:00:00,1943,XAUUSD,sell,out,0.04,2886.13,1943,-0.14,-10.39,-144.92,1 359.24,
2025.03.10 21:00:00,1944,TSLA.NAS,sell,in,0.1,225.72,1944,-0.02,0.00,0.00,1 359.22,WP Sell #M20260530
2025.03.10 21:03:47,1945,BTCUSD,sell,in,0.01,78576.96,1945,0.00,0.00,0.00,1 359.22,WP Sell #M20260527
2025.03.10 21:10:25,1946,BTCUSD,buy,out,0.01,78437.29,1946,0.00,0.00,1.40,1 360.62,sl 78421.80
2025.03.10 21:11:32,1947,TSLA.NAS,buy,out,0.1,226.18,1947,-0.02,0.00,-0.05,1 360.55,sl 226.07
2025.03.10 21:15:00,1948,NVDA.NAS,buy,in,11.3,106.97,1948,-0.23,0.00,0.00,1 360.32,RSI Scalping Buy #M20003
2025.03.10 22:00:00,1949,TSLA.NAS,sell,in,0.1,222.77,1949,-0.02,0.00,0.00,1 360.30,WP Sell #M20260530
2025.03.10 22:00:00,1950,XTIUSD,sell,in,0.5,65.87,1950,0.00,0.00,0.00,1 360.30,WP Sell #M20260533
2025.03.10 22:00:21,1951,BTCUSD,sell,in,0.01,77470.19,1951,0.00,0.00,0.00,1 360.30,WP Sell #M20260527
2025.03.10 22:12:44,1952,TSLA.NAS,buy,out,0.1,222.59,1952,-0.02,0.00,0.02,1 360.30,sl 222.55
2025.03.10 22:14:18,1953,BTCUSD,buy,out,0.01,77972.49,1953,0.00,0.00,-5.02,1 355.28,sl 77970.19
2025.03.11 13:00:00,1954,EURUSD,buy,in,0.02,1.09085,1954,-0.07,0.00,0.00,1 355.21,WP Buy #M20260524
2025.03.11 17:12:53,1955,EURUSD,sell,out,0.02,1.09009,1955,-0.07,0.00,-1.52,1 353.62,sl 1.09009
2025.03.11 17:24:21,1956,NVDA.NAS,sell,out,11.3,107.18,1956,-0.23,0.00,2.37,1 355.76,sl 107.23
2025.03.11 18:00:00,1957,NVDA.NAS,buy,in,6.7,106.30,1957,-0.13,0.00,0.00,1 355.63,RSI Scalping Buy #M20003
2025.03.12 16:31:38,1958,XTIUSD,buy,out,0.5,67.37,1958,0.00,-14.56,-75.00,1 266.07,sl 67.37
2025.03.12 18:07:37,1959,NVDA.NAS,sell,out,6.7,113.01,1959,-0.13,0.00,44.96,1 310.90,sl 113.01
2025.03.13 16:35:00,1960,TSLA.NAS,sell,in,16.3,244.33,1960,-0.33,0.00,0.00,1 310.57,RSI Scalping Sell #M125421321
2025.03.13 17:15:00,1961,NVDA.NAS,buy,in,10.9,116.12,1961,-0.22,0.00,0.00,1 310.35,RSI Scalping Buy #M20003
2025.03.13 22:02:24,1962,TSLA.NAS,buy,out,16.3,242.59,1962,-0.33,0.00,28.36,1 338.38,sl 242.57
2025.03.14 19:00:00,1963,BTCUSD,buy,in,0.11,84768.16,1963,0.00,0.00,0.00,1 338.38,RSI Scalping Buy #M123459123
2025.03.14 19:00:03,1964,BTCUSD,sell,out,0.11,84769.10,1964,0.00,0.00,0.10,1 338.48,sl 84773.18
2025.03.17 01:15:04,1965,XAUUSD,buy,in,0.01,2990.08,1965,-0.04,0.00,0.00,1 338.44,United SuperEMA long #M940001
2025.03.17 02:00:00,1966,XAUUSD,buy,in,0.11,2989.23,1966,-0.39,0.00,0.00,1 338.05,RSI Scalping Buy #M129102315
2025.03.17 02:21:37,1967,XAUUSD,sell,out,0.11,2991.74,1967,-0.39,0.00,27.61,1 365.27,sl 2991.74
2025.03.17 05:15:00,1968,XAUUSD,sell,out,0.01,2989.74,1968,-0.04,0.00,-0.34,1 364.89,
2025.03.17 09:30:00,1969,XAUUSD,buy,in,0.01,2990.11,1969,-0.04,0.00,0.00,1 364.85,United SuperEMA long #M940001
2025.03.17 10:00:00,1970,XAUUSD,buy,in,0.11,2989.65,1970,-0.39,0.00,0.00,1 364.46,RSI Scalping Buy #M129102315
2025.03.17 11:00:00,1971,XAUUSD,sell,out,0.01,2985.58,1971,-0.04,0.00,-4.53,1 359.89,
2025.03.17 12:12:26,1972,XAUUSD,sell,out,0.11,2990.32,1972,-0.39,0.00,7.37,1 366.87,sl 2990.33
2025.03.17 12:15:00,1973,XAUUSD,buy,in,0.01,2990.93,1973,-0.04,0.00,0.00,1 366.83,United SuperEMA long #M940001
2025.03.17 13:00:00,1974,XAUUSD,buy,in,0.11,2995.81,1974,-0.39,0.00,0.00,1 366.44,RSI Scalping Buy #M129102315
2025.03.17 13:02:58,1975,XAUUSD,sell,out,0.11,2996.12,1975,-0.39,0.00,3.41,1 369.46,sl 2996.12
2025.03.17 14:00:00,1976,XAUUSD,buy,in,0.05,2999.23,1976,-0.18,0.00,0.00,1 369.28,EMA Crossover Trade BUY #M12350
2025.03.17 14:52:57,1977,XAUUSD,sell,out,0.05,2997.52,1977,-0.18,0.00,-8.55,1 360.55,sl 2997.53
2025.03.17 15:15:00,1978,XAUUSD,sell,out,0.01,2990.61,1978,-0.04,0.00,-0.32,1 360.19,
2025.03.17 17:00:01,1979,TSLA.NAS,sell,in,17,243.23,1979,-0.34,0.00,0.00,1 359.85,RSI Scalping Sell #M125421321
2025.03.17 18:00:00,1980,XAUUSD,buy,in,0.11,2998.72,1980,-0.39,0.00,0.00,1 359.46,RSI Scalping Buy #M129102315
2025.03.17 18:00:30,1981,XAUUSD,sell,out,0.11,2998.52,1981,-0.39,0.00,-2.20,1 356.87,sl 2998.59
2025.03.17 18:06:15,1982,NVDA.NAS,sell,out,10.9,118.89,1982,-0.22,-0.01,30.19,1 386.83,sl 118.89
2025.03.17 18:30:00,1983,NVDA.NAS,sell,in,11.5,119.29,1983,-0.23,0.00,0.00,1 386.60,RSI Scalping Sell #M20003
2025.03.17 18:45:00,1984,NVDA.NAS,buy,out,11.5,119.27,1984,-0.23,0.00,0.23,1 386.60,
2025.03.17 19:15:00,1985,NVDA.NAS,buy,in,11.5,119.47,1985,-0.23,0.00,0.00,1 386.37,RSI Scalping Buy #M20003
2025.03.17 20:45:00,1986,XAUUSD,buy,in,0.01,2998.34,1986,-0.04,0.00,0.00,1 386.33,United SuperEMA long #M940001
2025.03.17 21:00:00,1987,XAUUSD,buy,in,0.11,2997.92,1987,-0.39,0.00,0.00,1 385.94,RSI Scalping Buy #M129102315
2025.03.17 21:13:55,1988,XAUUSD,sell,out,0.11,2998.01,1988,-0.39,0.00,0.99,1 386.54,sl 2998.05
2025.03.18 04:15:00,1989,XAUUSD,sell,out,0.01,3001.39,1989,-0.04,-0.52,3.05,1 389.03,
2025.03.18 04:30:00,1990,XAUUSD,buy,in,0.01,3004.45,1990,-0.04,0.00,0.00,1 388.99,United SuperEMA long #M940001
2025.03.18 06:00:00,1991,XAUUSD,buy,in,0.05,3010.94,1991,-0.18,0.00,0.00,1 388.81,EMA Crossover Trade BUY #M12350
2025.03.18 06:00:00,1992,XAUUSD,buy,in,0.01,3010.94,1992,-0.04,0.00,0.00,1 388.77,WP Buy #M20260526
2025.03.18 06:36:59,1993,XAUUSD,sell,out,0.05,3010.88,1993,-0.18,0.00,-0.30,1 388.29,sl 3011.00
2025.03.18 07:00:00,1994,XAUUSD,buy,in,0.05,3011.52,1994,-0.18,0.00,0.00,1 388.11,EMA Crossover Trade BUY #M12350
2025.03.18 08:04:40,1995,XAUUSD,sell,out,0.05,3013.38,1995,-0.18,0.00,9.30,1 397.23,sl 3013.39
2025.03.18 08:18:27,1996,XAUUSD,sell,out,0.01,3009.59,1996,-0.04,0.00,-1.35,1 395.84,sl 3009.59
2025.03.18 08:30:00,1997,XAUUSD,sell,out,0.01,3007.58,1997,-0.04,0.00,3.13,1 398.93,
2025.03.18 09:00:00,1998,XAUUSD,buy,in,0.02,3012.12,1998,-0.07,0.00,0.00,1 398.86,EMA Crossover Trade BUY #M12350
2025.03.18 09:00:00,1999,XAUUSD,sell,in,0.11,3012.01,1999,-0.39,0.00,0.00,1 398.47,RSI Scalping Sell #M129102315
2025.03.18 09:01:24,2000,XAUUSD,buy,out,0.11,3011.99,2000,-0.39,0.00,0.22,1 398.30,sl 3011.99
2025.03.18 09:23:02,2001,XAUUSD,sell,out,0.02,3013.37,2001,-0.07,0.00,2.50,1 400.73,sl 3013.49
2025.03.18 10:00:00,2002,XAUUSD,buy,in,0.05,3015.75,2002,-0.18,0.00,0.00,1 400.55,EMA Crossover Trade BUY #M12350
2025.03.18 10:26:45,2003,XAUUSD,sell,out,0.05,3015.08,2003,-0.18,0.00,-3.35,1 397.02,sl 3015.08
2025.03.18 11:00:00,2004,XAUUSD,buy,in,0.05,3016.56,2004,-0.18,0.00,0.00,1 396.84,EMA Crossover Trade BUY #M12350
2025.03.18 12:00:00,2005,XAUUSD,buy,in,0.01,3026.88,2005,-0.04,0.00,0.00,1 396.80,WP Buy #M20260526
2025.03.18 12:13:16,2006,XAUUSD,sell,out,0.05,3024.79,2006,-0.18,0.00,41.15,1 437.77,sl 3024.80
2025.03.18 13:00:00,2007,XAUUSD,buy,in,0.05,3020.09,2007,-0.18,0.00,0.00,1 437.59,EMA Crossover Trade BUY #M12350
2025.03.18 13:00:01,2008,XAUUSD,sell,in,0.11,3020.02,2008,-0.39,0.00,0.00,1 437.20,RSI Scalping Sell #M129102315
2025.03.18 13:14:28,2009,DE40,buy,in,0.1,23401.50,2009,0.00,0.00,0.00,1 437.20,WP Buy #M20260531
2025.03.18 13:15:17,2010,DE40,sell,out,0.1,23403.30,2010,0.00,0.00,0.20,1 437.40,sl 23403.50
2025.03.18 13:32:30,2011,XAUUSD,sell,out,0.05,3022.15,2011,-0.18,0.00,10.30,1 447.52,sl 3022.15
2025.03.18 14:00:00,2012,XAUUSD,buy,in,0.06,3024.28,2012,-0.21,0.00,0.00,1 447.31,EMA Crossover Trade BUY #M12350
2025.03.18 14:51:04,2013,XAUUSD,sell,out,0.06,3025.85,2013,-0.21,0.00,9.42,1 456.52,sl 3025.87
2025.03.18 15:00:00,2014,XAUUSD,buy,in,0.06,3026.90,2014,-0.21,0.00,0.00,1 456.31,EMA Crossover Trade BUY #M12350
2025.03.18 15:23:56,2015,XAUUSD,sell,out,0.06,3027.74,2015,-0.21,0.00,5.04,1 461.14,sl 3027.75
2025.03.18 16:35:13,2016,NVDA.NAS,sell,out,11.5,117.31,2016,-0.23,0.00,-24.84,1 436.07,sl 117.31
2025.03.18 16:39:21,2017,XAUUSD,sell,out,0.01,3030.72,2017,-0.04,0.00,3.84,1 439.87,sl 3030.72
2025.03.18 16:45:00,2018,NVDA.NAS,sell,in,11.9,115.78,2018,-0.24,0.00,0.00,1 439.63,RSI Scalping Sell #M20003
2025.03.18 17:00:00,2019,TSLA.NAS,buy,out,17,223.92,2019,-0.34,0.00,328.27,1 767.56,
2025.03.18 17:00:00,2020,NVDA.NAS,buy,out,11.9,115.11,2020,-0.24,0.00,7.97,1 775.29,
2025.03.18 18:15:00,2021,NVDA.NAS,buy,in,8.8,116.58,2021,-0.18,0.00,0.00,1 775.11,RSI Scalping Buy #M20003
2025.03.18 22:47:11,2022,NVDA.NAS,sell,out,8.8,115.24,2022,-0.18,0.00,-11.79,1 763.14,sl 115.25
2025.03.19 06:15:02,2023,XAUUSD,buy,in,0.01,3034.83,2023,-0.04,0.00,0.00,1 763.10,United SuperEMA long #M940001
2025.03.19 09:00:00,2024,XAUUSD,buy,in,0.01,3044.58,2024,-0.04,0.00,0.00,1 763.06,WP Buy #M20260526
2025.03.19 11:00:00,2025,XAUUSD,sell,out,0.01,3035.97,2025,-0.04,0.00,1.14,1 764.16,
2025.03.19 11:38:49,2026,XAUUSD,sell,out,0.01,3029.60,2026,-0.04,0.00,-14.98,1 749.14,sl 3029.61
2025.03.19 12:00:00,2027,XAUUSD,buy,out,0.11,3025.13,2027,-0.39,4.93,-56.21,1 697.47,
2025.03.19 14:30:00,2028,XAUUSD,buy,in,0.02,3039.55,2028,-0.07,0.00,0.00,1 697.40,United SuperEMA long #M940001
2025.03.19 15:00:00,2029,XAUUSD,buy,in,0.14,3039.21,2029,-0.49,0.00,0.00,1 696.91,RSI Scalping Buy #M129102315
2025.03.19 15:02:48,2030,XAUUSD,sell,out,0.14,3039.07,2030,-0.49,0.00,-1.96,1 694.46,sl 3039.07
2025.03.19 16:30:00,2031,XAUUSD,sell,out,0.02,3034.08,2031,-0.07,0.00,-10.94,1 683.45,
2025.03.19 16:45:01,2032,NVDA.NAS,buy,in,11.2,116.10,2032,-0.22,0.00,0.00,1 683.23,RSI Scalping Buy #M20003
2025.03.19 16:50:00,2033,AAPL.NAS,buy,in,5.6,215.860,2033,-0.11,0.00,0.00,1 683.12,RSI Scalping Buy #M20001
2025.03.19 16:50:43,2034,AAPL.NAS,sell,out,5.6,215.920,2034,-0.11,0.00,0.34,1 683.35,sl 215.920
2025.03.19 17:20:05,2035,AAPL.NAS,sell,in,7,217.950,2035,-0.14,0.00,0.00,1 683.21,RSI Scalping Sell #M20001
2025.03.19 17:20:42,2036,AAPL.NAS,buy,out,7,217.860,2036,-0.14,0.00,0.63,1 683.70,sl 217.850
2025.03.19 21:15:00,2037,XAUUSD,buy,in,0.02,3038.60,2037,-0.07,0.00,0.00,1 683.63,United SuperEMA long #M940001
2025.03.19 22:00:00,2038,XAUUSD,buy,in,0.14,3047.00,2038,-0.49,0.00,0.00,1 683.14,RSI Scalping Buy #M129102315
2025.03.19 22:00:22,2039,XAUUSD,sell,out,0.14,3046.94,2039,-0.49,0.00,-0.84,1 681.81,sl 3046.95
2025.03.20 02:00:00,2040,BTCUSD,buy,in,0.14,86216.01,2040,0.00,0.00,0.00,1 681.81,RSI Scalping Buy #M123459123
2025.03.20 02:00:03,2041,BTCUSD,sell,out,0.14,86264.18,2041,0.00,0.00,6.74,1 688.55,sl 86264.73
2025.03.20 05:00:01,2042,XAUUSD,sell,out,0.02,3049.35,2042,-0.07,-3.11,21.50,1 706.87,
2025.03.20 07:45:00,2043,XAUUSD,buy,in,0.02,3057.14,2043,-0.07,0.00,0.00,1 706.80,United SuperEMA long #M940001
2025.03.20 08:30:00,2044,XAUUSD,sell,out,0.02,3048.81,2044,-0.07,0.00,-16.66,1 690.07,
2025.03.20 10:00:00,2045,XAUUSD,buy,in,0.14,3049.11,2045,-0.49,0.00,0.00,1 689.58,RSI Scalping Buy #M129102315
2025.03.20 13:00:00,2046,AUDUSD,sell,in,0.01,0.62942,2046,-0.04,0.00,0.00,1 689.54,WP Sell #M20260525
2025.03.20 14:00:00,2047,XAUUSD,sell,out,0.14,3034.39,2047,-0.49,0.00,-206.08,1 482.97,
2025.03.20 18:24:56,2048,AUDUSD,buy,out,0.01,0.62952,2048,-0.04,0.00,-0.10,1 482.83,sl 0.62952
2025.03.20 19:00:00,2049,XAUUSD,buy,in,0.02,3040.80,2049,-0.07,0.00,0.00,1 482.76,United SuperEMA long #M940001
2025.03.20 19:45:01,2050,XAUUSD,sell,out,0.02,3035.13,2050,-0.07,0.00,-11.34,1 471.35,
2025.03.20 21:58:27,2051,BTCUSD,sell,in,0.01,84019.87,2051,0.00,0.00,0.00,1 471.35,WP Sell #M20260527
2025.03.20 23:27:18,2052,BTCUSD,buy,out,0.01,84525.39,2052,0.00,0.00,-5.06,1 466.29,sl 84524.64
2025.03.21 02:00:00,2053,XAUUSD,buy,in,0.01,3046.13,2053,-0.04,0.00,0.00,1 466.25,United SuperEMA long #M940001
2025.03.21 03:30:00,2054,XAUUSD,sell,out,0.01,3043.80,2054,-0.04,0.00,-2.33,1 463.88,
2025.03.21 08:45:01,2055,XAUUSD,sell,in,0.01,3024.80,2055,-0.04,0.00,0.00,1 463.84,United SuperEMA short #M940001
2025.03.21 09:30:01,2056,XAUUSD,buy,out,0.01,3031.50,2056,-0.04,0.00,-6.70,1 457.10,
2025.03.21 16:35:00,2057,NVDA.NAS,sell,out,11.2,116.52,2057,-0.22,0.00,4.70,1 461.58,sl 116.69
2025.03.21 16:45:00,2058,XAUUSD,sell,in,0.01,3014.85,2058,-0.04,0.00,0.00,1 461.54,United SuperEMA short #M940001
2025.03.21 16:45:00,2059,NVDA.NAS,sell,in,12.1,115.97,2059,-0.24,0.00,0.00,1 461.30,RSI Scalping Sell #M20003
2025.03.21 17:00:01,2060,NVDA.NAS,buy,out,12.1,116.07,2060,-0.24,0.00,-1.21,1 459.85,
2025.03.21 18:00:00,2061,NVDA.NAS,buy,in,12.1,116.80,2061,-0.24,0.00,0.00,1 459.61,RSI Scalping Buy #M20003
2025.03.21 20:15:00,2062,XAUUSD,buy,out,0.01,3017.17,2062,-0.04,0.00,-2.32,1 457.25,
2025.03.24 03:00:01,2063,BTCUSD,buy,in,0.12,86106.51,2063,0.00,0.00,0.00,1 457.25,RSI Scalping Buy #M123459123
2025.03.24 03:20:06,2064,BTCUSD,sell,out,0.12,86121.26,2064,0.00,0.00,1.77,1 459.02,sl 86122.00
2025.03.24 04:00:00,2065,XAUUSD,sell,in,0.01,3018.42,2065,-0.04,0.00,0.00,1 458.98,United SuperEMA short #M940001
2025.03.24 07:00:01,2066,BTCUSD,buy,in,0.12,86560.66,2066,0.00,0.00,0.00,1 458.98,RSI Scalping Buy #M123459123
2025.03.24 07:00:08,2067,BTCUSD,sell,out,0.12,86614.98,2067,0.00,0.00,6.52,1 465.50,sl 86615.32
2025.03.24 08:15:02,2068,XAUUSD,buy,out,0.01,3022.62,2068,-0.04,0.00,-4.20,1 461.26,
2025.03.24 12:00:00,2069,BTCUSD,buy,in,0.12,87435.52,2069,0.00,0.00,0.00,1 461.26,RSI Scalping Buy #M123459123
2025.03.24 12:00:08,2070,BTCUSD,sell,out,0.12,87503.45,2070,0.00,0.00,8.15,1 469.41,sl 87509.45
2025.03.24 14:00:02,2071,BTCUSD,buy,in,0.12,87792.75,2071,0.00,0.00,0.00,1 469.41,RSI Scalping Buy #M123459123
2025.03.24 14:00:04,2072,BTCUSD,sell,out,0.12,87803.92,2072,0.00,0.00,1.34,1 470.75,sl 87805.10
2025.03.24 16:40:01,2073,AAPL.NAS,buy,in,6.1,220.530,2073,-0.12,0.00,0.00,1 470.63,RSI Scalping Buy #M20001
2025.03.24 16:57:51,2074,AAPL.NAS,sell,out,6.1,220.570,2074,-0.12,0.00,0.24,1 470.75,sl 220.590
2025.03.24 17:00:00,2075,TSLA.NAS,buy,in,18.3,267.55,2075,-0.37,0.00,0.00,1 470.38,RSI Scalping Buy #M125421321
2025.03.24 17:10:01,2076,AAPL.NAS,sell,in,6.1,219.460,2076,-0.12,0.00,0.00,1 470.26,RSI Scalping Sell #M20001
2025.03.24 17:16:20,2077,AAPL.NAS,buy,out,6.1,219.400,2077,-0.12,0.00,0.37,1 470.51,sl 219.390
2025.03.24 17:30:00,2078,XAUUSD,sell,in,0.01,3016.72,2078,-0.04,0.00,0.00,1 470.47,United SuperEMA short #M940001
2025.03.24 18:00:00,2079,AAPL.NAS,buy,in,0.1,219.800,2079,-0.02,0.00,0.00,1 470.45,WP Buy #M20260528
2025.03.24 18:06:35,2080,AAPL.NAS,sell,out,0.1,220.200,2080,-0.02,0.00,0.04,1 470.47,tp 220.200
2025.03.24 19:00:00,2081,BTCUSD,buy,in,0.12,88371.28,2081,0.00,0.00,0.00,1 470.47,RSI Scalping Buy #M123459123
2025.03.24 19:00:09,2082,BTCUSD,sell,out,0.12,88400.37,2082,0.00,0.00,3.49,1 473.96,sl 88401.46
2025.03.24 23:30:00,2083,XAUUSD,buy,out,0.01,3011.87,2083,-0.04,0.00,4.85,1 478.77,
2025.03.25 06:00:00,2084,XAUUSD,sell,in,0.01,3009.21,2084,-0.04,0.00,0.00,1 478.73,United SuperEMA short #M940001
2025.03.25 06:30:00,2085,XAUUSD,buy,out,0.01,3014.32,2085,-0.04,0.00,-5.11,1 473.58,
2025.03.25 11:00:00,2086,XAUUSD,sell,in,0.01,3011.42,2086,-0.04,0.00,0.00,1 473.54,United SuperEMA short #M940001
2025.03.25 11:30:01,2087,XAUUSD,buy,out,0.01,3018.09,2087,-0.04,0.00,-6.67,1 466.83,
2025.03.25 12:00:01,2088,XAUUSD,sell,in,0.03,3021.09,2088,-0.11,0.00,0.00,1 466.72,RSI Reverse SELL #M1002
2025.03.25 12:00:01,2089,XAUUSD,buy,out,0.03,3021.17,2089,-0.11,0.00,-0.24,1 466.37,
2025.03.25 13:00:00,2090,XAUUSD,buy,in,0.12,3023.33,2090,-0.42,0.00,0.00,1 465.95,RSI Scalping Buy #M129102315
2025.03.25 13:14:54,2091,XAUUSD,sell,out,0.12,3024.03,2091,-0.42,0.00,8.40,1 473.93,sl 3024.07
2025.03.25 14:00:00,2092,XAUUSD,buy,in,0.01,3023.69,2092,-0.04,0.00,0.00,1 473.89,WP Buy #M20260526
2025.03.25 16:45:00,2093,XAUUSD,buy,in,0.01,3027.73,2093,-0.04,0.00,0.00,1 473.85,United SuperEMA long #M940001
2025.03.25 17:00:00,2094,XAUUSD,buy,in,0.12,3028.85,2094,-0.42,0.00,0.00,1 473.43,RSI Scalping Buy #M129102315
2025.03.25 17:00:00,2095,AAPL.NAS,buy,in,6.1,222.690,2095,-0.12,0.00,0.00,1 473.31,RSI Scalping Buy #M20001
2025.03.25 17:00:05,2096,AAPL.NAS,sell,out,6.1,222.810,2096,-0.12,0.00,0.73,1 473.92,sl 222.830
2025.03.25 17:01:27,2097,XAUUSD,sell,out,0.12,3028.65,2097,-0.42,0.00,-2.40,1 471.10,sl 3028.71
2025.03.25 17:22:04,2098,XAUUSD,sell,out,0.01,3028.44,2098,-0.04,0.00,4.75,1 475.81,sl 3028.44
2025.03.25 17:30:01,2099,NVDA.NAS,sell,out,12.1,119.99,2099,-0.24,-0.01,38.60,1 514.16,
2025.03.25 17:40:00,2100,AAPL.NAS,sell,in,6.3,222.700,2100,-0.13,0.00,0.00,1 514.03,RSI Scalping Sell #M20001
2025.03.25 18:00:00,2101,NVDA.NAS,sell,in,12.6,119.92,2101,-0.25,0.00,0.00,1 513.78,RSI Scalping Sell #M20003
2025.03.25 18:15:00,2102,XAUUSD,sell,out,0.01,3023.06,2102,-0.04,0.00,-4.67,1 509.07,
2025.03.25 19:15:00,2103,NVDA.NAS,buy,out,12.6,120.76,2103,-0.25,0.00,-10.58,1 498.24,
2025.03.25 23:00:00,2104,XAUUSD,buy,in,0.03,3019.71,2104,-0.11,0.00,0.00,1 498.13,RSI Follow BUY #M1001
2025.03.26 02:15:05,2105,XAUUSD,buy,in,0.01,3021.37,2105,-0.04,0.00,0.00,1 498.09,United SuperEMA long #M940001
2025.03.26 03:45:05,2106,XAUUSD,sell,out,0.01,3018.04,2106,-0.04,0.00,-3.33,1 494.72,
2025.03.26 11:00:00,2107,XAUUSD,buy,in,0.12,3030.59,2107,-0.42,0.00,0.00,1 494.30,RSI Scalping Buy #M129102315
2025.03.26 11:04:35,2108,XAUUSD,sell,out,0.12,3031.25,2108,-0.42,0.00,7.92,1 501.80,sl 3031.26
2025.03.26 14:45:00,2109,XAUUSD,buy,in,0.01,3029.37,2109,-0.04,0.00,0.00,1 501.76,United SuperEMA long #M940001
2025.03.26 16:30:00,2110,XAUUSD,sell,out,0.01,3024.73,2110,-0.04,0.00,-4.64,1 497.08,
2025.03.26 16:35:00,2111,TSLA.NAS,sell,out,18.3,281.13,2111,-0.37,0.00,248.51,1 745.22,
2025.03.26 16:45:00,2112,NVDA.NAS,sell,in,14.5,117.62,2112,-0.29,0.00,0.00,1 744.93,RSI Scalping Sell #M20003
2025.03.26 17:00:00,2113,NVDA.NAS,buy,out,14.5,116.34,2113,-0.29,0.00,18.56,1 763.20,
2025.03.26 18:56:11,2114,AAPL.NAS,buy,out,6.3,222.590,2114,-0.13,0.00,0.69,1 763.76,sl 222.570
2025.03.26 21:45:01,2115,NVDA.NAS,sell,in,14.6,113.10,2115,-0.29,0.00,0.00,1 763.47,RSI Scalping Sell #M20003
2025.03.26 22:00:02,2116,NVDA.NAS,buy,out,14.6,112.87,2116,-0.29,0.00,3.36,1 766.54,
2025.03.26 22:00:03,2117,TSLA.NAS,sell,in,22,269.80,2117,-0.44,0.00,0.00,1 766.10,RSI Scalping Sell #M125421321
2025.03.26 22:15:00,2118,NVDA.NAS,buy,in,14.7,113.26,2118,-0.29,0.00,0.00,1 765.81,RSI Scalping Buy #M20003
2025.03.27 05:15:01,2119,XAUUSD,buy,in,0.01,3026.43,2119,-0.04,0.00,0.00,1 765.77,United SuperEMA long #M940001
2025.03.27 06:00:00,2120,XAUUSD,buy,in,0.14,3031.96,2120,-0.49,0.00,0.00,1 765.28,RSI Scalping Buy #M129102315
2025.03.27 06:43:43,2121,XAUUSD,sell,out,0.14,3032.54,2121,-0.49,0.00,8.12,1 772.91,sl 3032.54
2025.03.27 08:00:07,2122,XAUUSD,buy,in,0.01,3034.41,2122,-0.04,0.00,0.00,1 772.87,WP Buy #M20260526
2025.03.27 09:00:00,2123,XAUUSD,sell,out,0.01,3029.69,2123,-0.04,0.00,3.26,1 776.09,
2025.03.27 12:00:00,2124,XAUUSD,buy,in,0.01,3036.32,2124,-0.04,0.00,0.00,1 776.05,United SuperEMA long #M940001
2025.03.27 14:00:00,2125,XAUUSD,buy,in,0.07,3051.55,2125,-0.25,0.00,0.00,1 775.80,EMA Crossover Trade BUY #M12350
2025.03.27 14:20:40,2126,XAUUSD,sell,out,0.07,3051.79,2126,-0.25,0.00,1.68,1 777.23,sl 3051.80
2025.03.27 15:00:00,2127,XAUUSD,buy,in,0.07,3054.78,2127,-0.25,0.00,0.00,1 776.98,EMA Crossover Trade BUY #M12350
2025.03.27 15:13:36,2128,XAUUSD,sell,out,0.07,3052.15,2128,-0.25,0.00,-18.41,1 758.32,sl 3052.17
2025.03.27 15:31:30,2129,XAUUSD,sell,out,0.01,3048.35,2129,-0.04,0.00,13.94,1 772.22,sl 3048.36
2025.03.27 16:00:00,2130,XAUUSD,buy,in,0.07,3050.22,2130,-0.25,0.00,0.00,1 771.97,EMA Crossover Trade BUY #M12350
2025.03.27 16:00:00,2131,XAUUSD,sell,in,0.14,3050.46,2131,-0.49,0.00,0.00,1 771.48,RSI Scalping Sell #M129102315
2025.03.27 16:01:01,2132,XAUUSD,buy,out,0.14,3047.99,2132,-0.49,0.00,34.58,1 805.57,sl 3047.99
2025.03.27 16:08:25,2133,XAUUSD,sell,out,0.07,3048.40,2133,-0.25,0.00,-12.74,1 792.58,sl 3048.44
2025.03.27 16:30:00,2134,XAUUSD,sell,out,0.01,3042.47,2134,-0.04,0.00,6.15,1 798.69,
2025.03.27 16:35:00,2135,TSLA.NAS,buy,out,22,275.45,2135,-0.44,0.00,-124.30,1 673.95,
2025.03.27 18:00:00,2136,XAUUSD,buy,in,0.06,3057.87,2136,-0.21,0.00,0.00,1 673.74,EMA Crossover Trade BUY #M12350
2025.03.27 18:02:27,2137,XAUUSD,sell,out,0.06,3054.74,2137,-0.21,0.00,-18.78,1 654.75,sl 3054.87
2025.03.27 19:00:00,2138,XAUUSD,buy,in,0.06,3052.37,2138,-0.21,0.00,0.00,1 654.54,EMA Crossover Trade BUY #M12350
2025.03.27 19:40:38,2139,XAUUSD,sell,out,0.06,3050.46,2139,-0.21,0.00,-11.46,1 642.87,sl 3050.49
2025.03.27 21:00:00,2140,XAUUSD,buy,in,0.06,3052.96,2140,-0.21,0.00,0.00,1 642.66,EMA Crossover Trade BUY #M12350
2025.03.28 01:57:25,2141,XAUUSD,sell,out,0.06,3054.08,2141,-0.21,-3.11,6.72,1 646.06,sl 3054.15
2025.03.28 04:00:00,2142,XAUUSD,buy,in,0.06,3061.97,2142,-0.21,0.00,0.00,1 645.85,EMA Crossover Trade BUY #M12350
2025.03.28 05:06:56,2143,XAUUSD,buy,in,0.01,3075.88,2143,-0.04,0.00,0.00,1 645.81,WP Buy #M20260526
2025.03.28 05:14:57,2144,XAUUSD,sell,out,0.06,3073.63,2144,-0.21,0.00,69.96,1 715.56,sl 3073.63
2025.03.28 06:00:01,2145,XAUUSD,buy,in,0.07,3072.11,2145,-0.25,0.00,0.00,1 715.31,EMA Crossover Trade BUY #M12350
2025.03.28 06:00:01,2146,XAUUSD,sell,in,0.14,3071.70,2146,-0.49,0.00,0.00,1 714.82,RSI Scalping Sell #M129102315
2025.03.28 06:08:14,2147,XAUUSD,buy,out,0.14,3071.75,2147,-0.49,0.00,-0.70,1 713.63,sl 3071.75
2025.03.28 06:33:46,2148,XAUUSD,sell,out,0.07,3070.24,2148,-0.25,0.00,-13.09,1 700.29,sl 3070.26
2025.03.28 07:00:02,2149,XAUUSD,buy,in,0.07,3075.27,2149,-0.25,0.00,0.00,1 700.04,EMA Crossover Trade BUY #M12350
2025.03.28 07:00:02,2150,XAUUSD,buy,in,0.01,3075.22,2150,-0.04,0.00,0.00,1 700.00,United SuperEMA long #M940001
2025.03.28 08:00:00,2151,XAUUSD,sell,in,0.14,3073.87,2151,-0.49,0.00,0.00,1 699.51,RSI Scalping Sell #M129102315
2025.03.28 08:15:30,2152,XAUUSD,buy,out,0.14,3073.53,2152,-0.49,0.00,4.76,1 703.78,sl 3073.53
2025.03.28 08:59:32,2153,XAUUSD,sell,out,0.07,3078.33,2153,-0.25,0.00,21.42,1 724.95,sl 3078.33
2025.03.28 10:50:19,2154,XAUUSD,sell,out,0.01,3078.40,2154,-0.04,0.00,2.52,1 727.43,sl 3078.43
2025.03.28 11:00:00,2155,XAUUSD,sell,in,0.14,3079.40,2155,-0.49,0.00,0.00,1 726.94,RSI Scalping Sell #M129102315
2025.03.28 11:00:12,2156,XAUUSD,buy,out,0.14,3079.71,2156,-0.49,0.00,-4.34,1 722.11,sl 3079.70
2025.03.28 11:15:00,2157,XAUUSD,sell,out,0.01,3075.07,2157,-0.04,0.00,-0.15,1 721.92,
2025.03.28 14:45:05,2158,XAUUSD,buy,in,0.01,3077.86,2158,-0.04,0.00,0.00,1 721.88,United SuperEMA long #M940001
2025.03.28 16:30:00,2159,XAUUSD,sell,out,0.01,3076.92,2159,-0.04,0.00,-0.94,1 720.90,
2025.03.28 16:35:00,2160,TSLA.NAS,sell,in,21.5,269.57,2160,-0.43,0.00,0.00,1 720.47,RSI Scalping Sell #M125421321
2025.03.28 17:00:00,2161,XAUUSD,buy,in,0.01,3083.35,2161,-0.04,0.00,0.00,1 720.43,United SuperEMA long #M940001
2025.03.28 17:06:51,2162,NVDA.NAS,sell,out,14.7,110.69,2162,-0.29,0.00,-37.78,1 682.36,sl 110.69
2025.03.28 17:15:00,2163,NVDA.NAS,sell,in,11.2,110.29,2163,-0.22,0.00,0.00,1 682.14,RSI Scalping Sell #M20003
2025.03.28 17:30:00,2164,NVDA.NAS,buy,out,11.2,109.31,2164,-0.22,0.00,10.98,1 692.90,
2025.03.28 17:45:00,2165,XAUUSD,sell,out,0.01,3074.31,2165,-0.04,0.00,-9.04,1 683.82,
2025.03.28 18:45:00,2166,NVDA.NAS,buy,in,14,110.10,2166,-0.28,0.00,0.00,1 683.54,RSI Scalping Buy #M20003
2025.03.28 18:45:00,2167,XAUUSD,buy,in,0.01,3083.55,2167,-0.04,0.00,0.00,1 683.50,United SuperEMA long #M940001
2025.03.28 19:00:00,2168,XAUUSD,buy,in,0.14,3083.63,2168,-0.49,0.00,0.00,1 683.01,RSI Scalping Buy #M129102315
2025.03.28 19:05:00,2169,XAUUSD,sell,out,0.14,3085.76,2169,-0.49,0.00,29.82,1 712.34,sl 3085.79
2025.03.28 21:00:01,2170,XAUUSD,sell,out,0.01,3077.67,2170,-0.04,0.00,-5.88,1 706.42,
2025.03.28 23:45:01,2171,XAUUSD,buy,in,0.01,3083.51,2171,-0.04,0.00,0.00,1 706.38,United SuperEMA long #M940001
2025.03.31 03:30:01,2172,XAUUSD,sell,out,0.01,3084.27,2172,-0.04,-0.52,0.76,1 706.58,
2025.03.31 05:00:00,2173,XAUUSD,buy,in,0.14,3094.87,2173,-0.49,0.00,0.00,1 706.09,RSI Scalping Buy #M129102315
2025.03.31 05:03:25,2174,XAUUSD,sell,out,0.14,3097.36,2174,-0.49,0.00,34.86,1 740.46,sl 3097.37
2025.03.31 07:00:00,2175,XAUUSD,buy,in,0.01,3107.29,2175,-0.04,0.00,0.00,1 740.42,WP Buy #M20260526
2025.03.31 08:03:51,2176,XAUUSD,sell,out,0.01,3108.23,2176,-0.04,0.00,0.94,1 741.32,sl 3108.26
2025.03.31 08:45:00,2177,XAUUSD,buy,in,0.01,3113.55,2177,-0.04,0.00,0.00,1 741.28,United SuperEMA long #M940001
2025.03.31 09:00:00,2178,XAUUSD,buy,in,0.01,3116.46,2178,-0.04,0.00,0.00,1 741.24,WP Buy #M20260526
2025.03.31 09:21:32,2179,XAUUSD,sell,out,0.01,3120.38,2179,-0.04,0.00,3.92,1 745.12,sl 3120.39
2025.03.31 10:00:00,2180,XAUUSD,buy,in,0.01,3119.60,2180,-0.04,0.00,0.00,1 745.08,WP Buy #M20260526
2025.03.31 12:24:41,2181,XAUUSD,sell,out,0.01,3119.68,2181,-0.04,0.00,0.08,1 745.12,sl 3119.68
2025.03.31 12:45:00,2182,XAUUSD,sell,out,0.01,3115.38,2182,-0.04,0.00,1.83,1 746.91,
2025.03.31 13:00:00,2183,XAUUSD,sell,in,0.14,3115.03,2183,-0.49,0.00,0.00,1 746.42,RSI Scalping Sell #M129102315
2025.03.31 13:00:41,2184,XAUUSD,buy,out,0.14,3114.83,2184,-0.49,0.00,2.80,1 748.73,sl 3114.68
2025.03.31 16:35:00,2185,TSLA.NAS,buy,out,21.5,244.74,2185,-0.43,0.00,533.85,2 282.15,
2025.03.31 17:00:00,2186,TSLA.NAS,sell,in,0.1,248.73,2186,-0.02,0.00,0.00,2 282.13,WP Sell #M20260530
2025.03.31 17:00:04,2187,SOXX.NAS,sell,in,0.1,184.250,2187,-0.02,0.00,0.00,2 282.11,WP Sell #M20260532
2025.03.31 17:00:20,2188,SOXX.NAS,buy,out,0.1,184.590,2188,-0.02,0.00,-0.03,2 282.06,sl 184.550
2025.03.31 17:08:46,2189,TSLA.NAS,buy,out,0.1,251.73,2189,-0.02,0.00,-0.30,2 281.74,sl 251.73
2025.03.31 17:30:00,2190,NVDA.NAS,sell,out,14,103.90,2190,-0.28,-0.01,-86.80,2 194.65,
2025.03.31 18:00:00,2191,TSLA.NAS,sell,in,0.1,248.07,2191,-0.02,0.00,0.00,2 194.63,WP Sell #M20260530
2025.03.31 18:21:20,2192,TSLA.NAS,buy,out,0.1,251.11,2192,-0.02,0.00,-0.30,2 194.31,sl 251.07
2025.03.31 18:30:01,2193,NVDA.NAS,buy,in,14.6,105.17,2193,-0.29,0.00,0.00,2 194.02,RSI Scalping Buy #M20003
2025.03.31 21:30:00,2194,XAUUSD,buy,in,0.01,3122.01,2194,-0.04,0.00,0.00,2 193.98,United SuperEMA long #M940001
2025.04.01 03:00:00,2195,XAUUSD,sell,out,0.01,3120.45,2195,-0.04,-0.52,-1.56,2 191.86,
2025.04.01 06:00:00,2196,XAUUSD,buy,in,0.01,3145.12,2196,-0.04,0.00,0.00,2 191.82,WP Buy #M20260526
2025.04.01 09:00:00,2197,XAUUSD,sell,in,0.14,3131.78,2197,-0.49,0.00,0.00,2 191.33,RSI Scalping Sell #M129102315
2025.04.01 09:00:07,2198,XAUUSD,sell,out,0.01,3130.15,2198,-0.04,0.00,-14.97,2 176.32,sl 3130.15
2025.04.01 09:00:25,2199,XAUUSD,buy,out,0.14,3129.39,2199,-0.49,0.00,33.46,2 209.29,sl 3129.37
2025.04.01 13:00:00,2200,XAUUSD,buy,in,0.18,3132.46,2200,-0.63,0.00,0.00,2 208.66,RSI Scalping Buy #M129102315
2025.04.01 13:09:26,2201,XAUUSD,sell,out,0.18,3133.01,2201,-0.63,0.00,9.90,2 217.93,sl 3133.02
2025.04.01 13:30:00,2202,XAUUSD,buy,in,0.01,3136.27,2202,-0.04,0.00,0.00,2 217.89,United SuperEMA long #M940001
2025.04.01 14:30:00,2203,XAUUSD,sell,out,0.01,3130.87,2203,-0.04,0.00,-5.40,2 212.45,
2025.04.01 16:00:00,2204,XAUUSD,buy,in,0.18,3133.47,2204,-0.63,0.00,0.00,2 211.82,RSI Scalping Buy #M129102315
2025.04.01 16:02:47,2205,XAUUSD,sell,out,0.18,3133.77,2205,-0.63,0.00,5.40,2 216.59,sl 3133.91
2025.04.01 16:15:00,2206,XAUUSD,buy,in,0.01,3134.80,2206,-0.04,0.00,0.00,2 216.55,United SuperEMA long #M940001
2025.04.01 16:30:00,2207,XAUUSD,sell,out,0.01,3129.55,2207,-0.04,0.00,-5.25,2 211.26,
2025.04.01 22:00:00,2208,TSLA.NAS,sell,in,27.6,269.14,2208,-0.55,0.00,0.00,2 210.71,RSI Scalping Sell #M125421321
2025.04.02 05:00:00,2209,XAUUSD,buy,in,0.18,3133.25,2209,-0.63,0.00,0.00,2 210.08,RSI Scalping Buy #M129102315
2025.04.02 05:06:12,2210,XAUUSD,sell,out,0.18,3134.51,2210,-0.63,0.00,22.68,2 232.13,sl 3134.51
2025.04.02 13:00:02,2211,XAUUSD,buy,in,0.01,3131.17,2211,-0.04,0.00,0.00,2 232.09,United SuperEMA long #M940001
2025.04.02 13:45:00,2212,XAUUSD,sell,out,0.01,3117.30,2212,-0.04,0.00,-13.87,2 218.18,
2025.04.02 16:45:00,2213,XAUUSD,buy,in,0.01,3127.71,2213,-0.04,0.00,0.00,2 218.14,United SuperEMA long #M940001
2025.04.02 16:52:19,2214,TSLA.NAS,buy,out,27.6,263.08,2214,-0.55,0.00,167.26,2 384.85,sl 263.07
2025.04.02 17:00:00,2215,XAUUSD,sell,out,0.01,3122.24,2215,-0.04,0.00,-5.47,2 379.34,
2025.04.02 17:00:00,2216,TSLA.NAS,sell,in,29.7,261.32,2216,-0.59,0.00,0.00,2 378.75,RSI Scalping Sell #M125421321
2025.04.02 18:45:00,2217,XAUUSD,buy,in,0.01,3127.39,2217,-0.04,0.00,0.00,2 378.71,United SuperEMA long #M940001
2025.04.02 19:00:00,2218,EURUSD,buy,in,0.02,1.08675,2218,-0.07,0.00,0.00,2 378.64,WP Buy #M20260524
2025.04.02 19:00:00,2219,TSLA.NAS,buy,out,29.7,278.45,2219,-0.59,0.00,-508.76,1 869.29,
2025.04.02 19:00:00,2220,BTCUSD,buy,in,0.15,86799.43,2220,0.00,0.00,0.00,1 869.29,RSI Scalping Buy #M123459123
2025.04.02 19:00:02,2221,BTCUSD,sell,out,0.15,86801.20,2221,0.00,0.00,0.27,1 869.56,sl 86801.49
2025.04.02 20:30:04,2222,XAUUSD,sell,out,0.01,3124.11,2222,-0.04,0.00,-3.28,1 866.24,
2025.04.02 23:18:16,2223,EURUSD,sell,out,0.02,1.08942,2223,-0.07,0.00,5.34,1 871.51,sl 1.08942
2025.04.03 14:00:00,2224,XAUUSD,sell,out,0.03,3095.92,2224,-0.11,-17.14,228.63,2 082.89,
2025.04.03 16:35:00,2225,NVDA.NAS,sell,out,14.6,104.88,2225,-0.29,0.00,-4.23,2 078.37,sl 108.22
2025.05.01 07:00:02,2226,XAUUSD,sell,in,0.05,3229.55,2226,-0.18,0.00,0.00,2 078.19,RSI Reverse SELL #M1002
2025.05.01 07:30:00,2227,XAUUSD,sell,in,0.01,3226.45,2227,-0.04,0.00,0.00,2 078.15,United SuperEMA short #M940001
2025.05.01 09:00:00,2228,XAUUSD,buy,out,0.01,3236.77,2228,-0.04,0.00,-10.32,2 067.79,
2025.05.01 13:00:05,2229,BTCUSD,buy,in,0.01,95605.15,2229,0.00,0.00,0.00,2 067.79,WP Buy #M20260527
2025.05.01 13:32:13,2230,BTCUSD,sell,out,0.01,96142.36,2230,0.00,0.00,5.37,2 073.16,sl 96143.47
2025.05.01 15:00:00,2231,XAUUSD,sell,in,0.01,3205.43,2231,-0.04,0.00,0.00,2 073.12,United SuperEMA short #M940001
2025.05.01 15:31:10,2232,BTCUSD,buy,in,0.01,96288.20,2232,0.00,0.00,0.00,2 073.12,WP Buy #M20260527
2025.05.01 15:45:00,2233,XAUUSD,buy,out,0.01,3226.86,2233,-0.04,0.00,-21.43,2 051.65,
2025.05.01 16:31:52,2234,BTCUSD,sell,out,0.01,96463.52,2234,0.00,0.00,1.75,2 053.40,sl 96477.63
2025.05.01 21:00:00,2235,TSLA.NAS,sell,in,25.6,282.44,2235,-0.51,0.00,0.00,2 052.89,RSI Scalping Sell #M125421321
2025.05.01 22:00:00,2236,TSLA.NAS,buy,out,25.6,282.85,2236,-0.51,0.00,-10.50,2 041.88,
2025.05.01 22:45:01,2237,NVDA.NAS,sell,in,17,112.33,2237,-0.34,0.00,0.00,2 041.54,RSI Scalping Sell #M20003
2025.05.02 07:00:01,2238,XAUUSD,buy,in,0.1,3255.11,2238,-0.35,0.00,0.00,2 041.19,RSI Scalping Buy #M129102315
2025.05.02 07:00:01,2239,XAUUSD,buy,in,0.01,3255.11,2239,-0.04,0.00,0.00,2 041.15,WP Buy #M20260526
2025.05.02 07:00:56,2240,XAUUSD,sell,out,0.1,3255.14,2240,-0.35,0.00,0.30,2 041.10,sl 3255.17
2025.05.02 09:39:22,2241,XAUUSD,sell,out,0.01,3254.72,2241,-0.04,0.00,-0.39,2 040.67,sl 3254.81
2025.05.02 11:00:00,2242,XAUUSD,buy,in,0.05,3259.15,2242,-0.18,0.00,0.00,2 040.49,RSI Scalping Buy #M129102315
2025.05.02 11:04:13,2243,XAUUSD,sell,out,0.05,3260.70,2243,-0.18,0.00,7.75,2 048.06,sl 3260.73
2025.05.02 13:00:00,2244,XAUUSD,buy,out,0.05,3265.47,2244,-0.18,2.24,-179.60,1 870.52,
2025.05.02 17:30:01,2245,NVDA.NAS,buy,out,17,113.89,2245,-0.34,0.00,-26.52,1 843.66,
2025.06.02 04:00:00,2246,AUDUSD,buy,in,0.02,0.64563,2246,-0.07,0.00,0.00,1 843.59,WP Buy #M20260525
2025.06.02 06:28:07,2247,AUDUSD,sell,out,0.02,0.64489,2247,-0.07,0.00,-1.48,1 842.04,sl 0.64489
2025.06.02 16:40:00,2248,AAPL.NAS,buy,in,7.6,201.330,2248,-0.15,0.00,0.00,1 841.89,RSI Scalping Buy #M20001
2025.06.02 16:41:13,2249,AAPL.NAS,sell,out,7.6,201.380,2249,-0.15,0.00,0.38,1 842.12,sl 201.400
2025.06.02 16:50:00,2250,AAPL.NAS,sell,in,7.6,201.090,2250,-0.15,0.00,0.00,1 841.97,RSI Scalping Sell #M20001
2025.06.02 16:50:43,2251,AAPL.NAS,buy,out,7.6,201.050,2251,-0.15,0.00,0.30,1 842.12,sl 201.040
2025.06.03 20:00:03,2252,SOXX.NAS,buy,in,0.1,213.630,2252,-0.02,0.00,0.00,1 842.10,WP Buy #M20260532
2025.06.03 20:06:37,2253,SOXX.NAS,sell,out,0.1,213.320,2253,-0.02,0.00,-0.03,1 842.05,sl 213.330
2025.06.03 21:00:00,2254,TSLA.NAS,sell,in,23,351.04,2254,-0.46,0.00,0.00,1 841.59,RSI Scalping Sell #M125421321
2025.06.03 21:15:00,2255,NVDA.NAS,sell,in,15.3,140.41,2255,-0.31,0.00,0.00,1 841.28,RSI Scalping Sell #M20003
2025.06.03 22:30:00,2256,NVDA.NAS,buy,out,15.3,141.46,2256,-0.31,0.00,-16.07,1 824.90,
2025.06.04 17:10:00,2257,AAPL.NAS,buy,in,7.6,205.640,2257,-0.15,0.00,0.00,1 824.75,RSI Scalping Buy #M20001
2025.06.04 17:11:29,2258,AAPL.NAS,sell,out,7.6,206.080,2258,-0.15,0.00,3.34,1 827.94,sl 206.080
2025.06.04 17:20:01,2259,AAPL.NAS,sell,in,7.6,205.170,2259,-0.15,0.00,0.00,1 827.79,RSI Scalping Sell #M20001
2025.06.04 17:22:55,2260,AAPL.NAS,buy,out,7.6,204.790,2260,-0.15,0.00,2.89,1 830.53,sl 204.790
2025.06.04 18:00:00,2261,AUDUSD,buy,in,0.02,0.65005,2261,-0.07,0.00,0.00,1 830.46,WP Buy #M20260525
2025.06.04 19:15:01,2262,NVDA.NAS,sell,in,15.2,140.57,2262,-0.30,0.00,0.00,1 830.16,RSI Scalping Sell #M20003
2025.06.04 19:30:04,2263,NVDA.NAS,buy,out,15.2,140.53,2263,-0.30,0.00,0.61,1 830.47,
2025.06.04 19:45:00,2264,NVDA.NAS,buy,in,15.2,140.69,2264,-0.30,0.00,0.00,1 830.17,RSI Scalping Buy #M20003
2025.06.04 20:00:00,2265,EURUSD,buy,in,0.02,1.14335,2265,-0.07,0.00,0.00,1 830.10,WP Buy #M20260524
2025.06.05 16:35:00,2266,TSLA.NAS,buy,out,23,319.48,2266,-0.46,0.00,725.88,2 555.52,
2025.06.05 17:41:49,2267,EURUSD,sell,out,0.02,1.14651,2267,-0.07,-0.46,6.32,2 561.31,sl 1.14651
2025.06.05 18:44:04,2268,AUDUSD,sell,out,0.02,0.65140,2268,-0.07,-0.11,2.70,2 563.83,sl 0.65140
2025.06.05 21:16:50,2269,NVDA.NAS,sell,out,15.2,140.21,2269,-0.30,0.00,-7.30,2 556.23,sl 140.24
2025.06.06 16:35:00,2270,TSLA.NAS,sell,in,0.1,298.28,2270,-0.02,0.00,0.00,2 556.21,WP Sell #M20260530
2025.06.06 16:35:01,2271,NVDA.NAS,sell,in,21.3,142.05,2271,-0.43,0.00,0.00,2 555.78,RSI Scalping Sell #M20003
2025.06.06 16:55:37,2272,TSLA.NAS,buy,out,0.1,292.23,2272,-0.02,0.00,0.61,2 556.37,tp 292.28
2025.06.06 17:45:00,2273,NVDA.NAS,buy,out,21.3,142.38,2273,-0.43,0.00,-7.03,2 548.91,
2025.06.09 15:00:00,2274,BTCUSD,buy,in,0.21,107842.56,2274,0.00,0.00,0.00,2 548.91,RSI Scalping Buy #M123459123
2025.06.09 15:00:05,2275,BTCUSD,sell,out,0.21,107854.58,2275,0.00,0.00,2.52,2 551.43,sl 107855.46
2025.06.09 15:01:02,2276,BTCUSD,buy,in,0.01,107828.97,2276,0.00,0.00,0.00,2 551.43,WP Buy #M20260527
2025.06.09 16:39:08,2277,BTCUSD,sell,out,0.01,107327.36,2277,0.00,0.00,-5.02,2 546.41,sl 107328.97
2025.06.09 19:15:01,2278,NVDA.NAS,sell,in,21.2,142.24,2278,-0.42,0.00,0.00,2 545.99,RSI Scalping Sell #M20003
2025.06.09 19:30:00,2279,NVDA.NAS,buy,out,21.2,142.24,2279,-0.42,0.00,0.00,2 545.57,
2025.06.09 19:45:10,2280,NVDA.NAS,buy,in,21.2,142.49,2280,-0.42,0.00,0.00,2 545.15,RSI Scalping Buy #M20003
2025.06.09 21:00:00,2281,BTCUSD,buy,in,0.21,108439.68,2281,0.00,0.00,0.00,2 545.15,RSI Scalping Buy #M123459123
2025.06.09 21:00:12,2282,BTCUSD,sell,out,0.21,108455.30,2282,0.00,0.00,3.28,2 548.43,sl 108455.99
2025.06.10 01:10:04,2283,BTCUSD,buy,in,0.01,109895.33,2283,0.00,0.00,0.00,2 548.43,WP Buy #M20260527
2025.06.10 01:56:17,2284,BTCUSD,sell,out,0.01,110160.32,2284,0.00,0.00,2.65,2 551.08,sl 110160.63
2025.06.10 18:00:00,2285,TSLA.NAS,buy,in,0.1,316.32,2285,-0.02,0.00,0.00,2 551.06,WP Buy #M20260530
2025.06.10 18:24:14,2286,TSLA.NAS,sell,out,0.1,319.29,2286,-0.02,0.00,0.30,2 551.34,sl 319.31
2025.06.10 19:00:00,2287,TSLA.NAS,buy,in,0.1,319.04,2287,-0.02,0.00,0.00,2 551.32,WP Buy #M20260530
2025.06.10 20:05:06,2288,TSLA.NAS,sell,out,0.1,316.04,2288,-0.02,0.00,-0.30,2 551.00,sl 316.04
2025.06.12 12:00:00,2289,EURUSD,buy,in,0.03,1.15442,2289,-0.11,0.00,0.00,2 550.89,WP Buy #M20260524
2025.06.12 16:13:15,2290,EURUSD,sell,out,0.03,1.16017,2290,-0.11,0.00,17.25,2 568.03,sl 1.16017
2025.06.12 16:35:00,2291,AAPL.NAS,sell,in,0.1,198.050,2291,-0.02,0.00,0.00,2 568.01,WP Sell #M20260528
2025.06.12 16:35:05,2292,AAPL.NAS,buy,out,0.1,198.260,2292,-0.02,0.00,-0.02,2 567.97,sl 198.250
2025.06.12 17:00:00,2293,AAPL.NAS,sell,in,0.1,197.960,2293,-0.02,0.00,0.00,2 567.95,WP Sell #M20260528
2025.06.12 17:03:06,2294,AAPL.NAS,buy,out,0.1,197.540,2294,-0.02,0.00,0.04,2 567.97,tp 197.560
2025.06.12 21:00:00,2295,TSLA.NAS,sell,in,32,322.79,2295,-0.64,0.00,0.00,2 567.33,RSI Scalping Sell #M125421321
2025.06.13 03:36:22,2296,AUDUSD,buy,in,0.17,0.64792,2296,-0.60,0.00,0.00,2 566.73,RSI Oversold Crossover Buy #M30
2025.06.13 08:00:00,2297,AUDUSD,sell,out,0.17,0.64698,2297,-0.60,0.00,-15.98,2 550.15,
2025.06.13 17:28:34,2298,NVDA.NAS,sell,out,21.2,141.24,2298,-0.42,0.00,-26.50,2 523.23,sl 141.24
2025.06.13 18:15:00,2299,NVDA.NAS,buy,in,2.1,142.68,2299,-0.04,0.00,0.00,2 523.19,RSI Scalping Buy #M20003
2025.06.13 20:00:01,2300,TSLA.NAS,buy,out,32,329.72,2300,-0.64,0.00,-221.76,2 300.79,
2025.06.16 12:00:00,2301,EURUSD,buy,in,0.03,1.15782,2301,-0.11,0.00,0.00,2 300.68,WP Buy #M20260524
2025.06.16 12:01:11,2302,BTCUSD,buy,in,0.01,107273.04,2302,0.00,0.00,0.00,2 300.68,WP Buy #M20260527
2025.06.16 14:17:19,2303,BTCUSD,sell,out,0.01,106711.25,2303,0.00,0.00,-5.62,2 295.06,sl 106716.21
2025.06.16 16:35:00,2304,TSLA.NAS,sell,in,22.9,328.11,2304,-0.46,0.00,0.00,2 294.60,RSI Scalping Sell #M125421321
2025.06.16 17:00:00,2305,TSLA.NAS,buy,out,22.9,327.55,2305,-0.46,0.00,12.82,2 306.96,
2025.06.16 18:18:16,2306,EURUSD,sell,out,0.03,1.15848,2306,-0.11,0.00,1.98,2 308.83,sl 1.15849
2025.06.16 22:00:00,2307,BTCUSD,buy,in,0.19,108322.23,2307,0.00,0.00,0.00,2 308.83,RSI Scalping Buy #M123459123
2025.06.16 22:00:03,2308,BTCUSD,sell,out,0.19,108325.49,2308,0.00,0.00,0.62,2 309.45,sl 108325.51
2025.06.17 06:15:00,2309,XAUUSD,sell,in,0.03,3384.86,2309,-0.11,0.00,0.00,2 309.34,United SuperEMA short #M940001
2025.06.17 08:00:00,2310,XAUUSD,buy,out,0.03,3394.09,2310,-0.11,0.00,-27.69,2 281.54,
2025.06.17 12:00:00,2311,XAUUSD,sell,in,0.03,3378.87,2311,-0.11,0.00,0.00,2 281.43,United SuperEMA short #M940001
2025.06.17 13:15:00,2312,XAUUSD,buy,out,0.03,3391.65,2312,-0.11,0.00,-38.34,2 242.98,
2025.06.17 17:00:01,2313,TSLA.NAS,sell,in,28,323.20,2313,-0.56,0.00,0.00,2 242.42,RSI Scalping Sell #M125421321
2025.06.17 17:45:00,2314,XAUUSD,sell,in,0.03,3375.89,2314,-0.11,0.00,0.00,2 242.31,United SuperEMA short #M940001
2025.06.17 20:30:00,2315,XAUUSD,buy,out,0.03,3388.44,2315,-0.11,0.00,-37.65,2 204.55,
2025.06.18 04:00:00,2316,XAUUSD,buy,in,0.05,3385.84,2316,-0.18,0.00,0.00,2 204.37,RSI Follow BUY #M1001
2025.06.18 05:00:00,2317,XAUUSD,sell,in,0.03,3378.92,2317,-0.11,0.00,0.00,2 204.26,United SuperEMA short #M940001
2025.06.18 06:30:00,2318,XAUUSD,buy,out,0.03,3385.02,2318,-0.11,0.00,-18.30,2 185.85,
2025.06.18 07:00:00,2319,XAUUSD,sell,in,0.04,3391.00,2319,-0.14,0.00,0.00,2 185.71,RSI Reverse SELL #M1002
2025.06.18 07:00:00,2320,XAUUSD,buy,out,0.04,3391.05,2320,-0.14,0.00,-0.20,2 185.37,
2025.06.18 13:00:00,2321,XAUUSD,sell,in,0.02,3378.21,2321,-0.07,0.00,0.00,2 185.30,United SuperEMA short #M940001
2025.06.18 14:30:00,2322,XAUUSD,buy,out,0.02,3385.87,2322,-0.07,0.00,-15.32,2 169.91,
2025.06.18 19:00:00,2323,TSLA.NAS,buy,out,28,327.01,2323,-0.56,0.00,-106.68,2 062.67,
2025.06.18 20:00:00,2324,TSLA.NAS,sell,in,20.6,322.48,2324,-0.41,0.00,0.00,2 062.26,RSI Scalping Sell #M125421321
2025.06.18 23:00:00,2325,XAUUSD,sell,out,0.05,3366.65,2325,-0.18,0.00,-95.95,1 966.13,
2025.06.20 16:35:01,2326,TSLA.NAS,buy,out,20.6,330.85,2326,-0.41,0.00,-172.42,1 793.30,
2025.06.20 16:40:00,2327,AAPL.NAS,buy,in,5.9,200.460,2327,-0.12,0.00,0.00,1 793.18,RSI Scalping Buy #M20001
2025.06.20 16:40:48,2328,AAPL.NAS,sell,out,5.9,200.810,2328,-0.12,0.00,2.07,1 795.13,sl 200.810
2025.06.23 00:16:26,2329,AUDUSD,buy,in,0.11,0.64360,2329,-0.39,0.00,0.00,1 794.74,RSI Oversold Crossover Buy #M30
2025.06.23 08:00:00,2330,AUDUSD,sell,out,0.11,0.64045,2330,-0.39,0.00,-34.65,1 759.70,
2025.06.23 16:35:05,2331,NVDA.NAS,sell,out,2.1,142.38,2331,-0.04,0.00,-0.63,1 759.03,sl 142.42
2025.07.01 00:07:47,2332,EURUSD,buy,in,0.02,1.17843,2332,-0.07,0.00,0.00,1 758.96,WP Buy #M20260524
2025.07.01 09:13:01,2333,EURUSD,sell,out,0.02,1.17777,2333,-0.07,0.00,-1.32,1 757.57,sl 1.17777
2025.07.01 16:45:01,2334,NVDA.NAS,sell,in,1.4,156.07,2334,-0.03,0.00,0.00,1 757.54,RSI Scalping Sell #M20003
2025.07.01 17:00:00,2335,NVDA.NAS,buy,out,1.4,156.04,2335,-0.03,0.00,0.04,1 757.55,
2025.07.01 17:40:00,2336,AAPL.NAS,sell,in,7.3,208.570,2336,-0.15,0.00,0.00,1 757.40,RSI Scalping Sell #M20001
2025.07.01 17:40:14,2337,AAPL.NAS,buy,out,7.3,208.480,2337,-0.15,0.00,0.66,1 757.91,sl 208.470
2025.07.01 19:30:00,2338,NVDA.NAS,buy,in,1.4,153.39,2338,-0.03,0.00,0.00,1 757.88,RSI Scalping Buy #M20003
2025.07.02 10:01:41,2339,BTCUSD,buy,in,0.01,106979.24,2339,0.00,0.00,0.00,1 757.88,WP Buy #M20260527
2025.07.02 14:36:13,2340,BTCUSD,sell,out,0.01,107596.39,2340,0.00,0.00,6.17,1 764.05,sl 107597.92
2025.07.02 14:58:00,2341,BTCUSD,buy,in,0.01,107513.95,2341,0.00,0.00,0.00,1 764.05,WP Buy #M20260527
2025.07.02 16:50:00,2342,AAPL.NAS,buy,in,7.3,212.330,2342,-0.15,0.00,0.00,1 763.90,RSI Scalping Buy #M20001
2025.07.02 16:50:54,2343,AAPL.NAS,sell,out,7.3,212.510,2343,-0.15,0.00,1.31,1 765.06,sl 212.530
2025.07.02 16:51:26,2344,BTCUSD,sell,out,0.01,107707.56,2344,0.00,0.00,1.94,1 767.00,sl 107708.81
2025.07.02 17:00:00,2345,AAPL.NAS,buy,in,0.1,212.620,2345,-0.02,0.00,0.00,1 766.98,WP Buy #M20260528
2025.07.02 17:00:24,2346,AAPL.NAS,sell,out,0.1,212.590,2346,-0.02,0.00,0.00,1 766.96,sl 212.620
2025.07.02 20:00:00,2347,BTCUSD,buy,in,0.14,109521.54,2347,0.00,0.00,0.00,1 766.96,RSI Scalping Buy #M123459123
2025.07.02 20:00:00,2348,SOXX.NAS,buy,in,0.1,242.380,2348,-0.02,0.00,0.00,1 766.94,WP Buy #M20260532
2025.07.02 20:00:01,2349,BTCUSD,buy,in,0.01,109579.54,2349,0.00,0.00,0.00,1 766.94,WP Buy #M20260527
2025.07.02 20:00:02,2350,BTCUSD,sell,out,0.14,109576.84,2350,0.00,0.00,7.74,1 774.68,sl 109576.85
2025.07.02 20:10:01,2351,SOXX.NAS,sell,out,0.1,242.070,2351,-0.02,0.00,-0.03,1 774.63,sl 242.080
2025.07.02 20:25:34,2352,BTCUSD,sell,out,0.01,109522.77,2352,0.00,0.00,-0.57,1 774.06,sl 109523.20
2025.07.02 22:00:00,2353,BTCUSD,buy,in,0.14,109631.73,2353,0.00,0.00,0.00,1 774.06,RSI Scalping Buy #M123459123
2025.07.02 22:04:14,2354,BTCUSD,sell,out,0.14,109633.65,2354,0.00,0.00,0.27,1 774.33,sl 109635.12
2025.07.03 17:30:00,2355,NVDA.NAS,sell,out,1.4,160.64,2355,-0.03,0.00,10.15,1 784.45,
2025.07.07 16:35:00,2356,TSLA.NAS,sell,in,22.3,290.80,2356,-0.45,0.00,0.00,1 784.00,RSI Scalping Sell #M125421321
2025.07.07 17:00:00,2357,TSLA.NAS,buy,out,22.3,291.41,2357,-0.45,0.00,-13.60,1 769.95,
2025.07.07 17:45:01,2358,NVDA.NAS,buy,in,14.7,158.50,2358,-0.29,0.00,0.00,1 769.66,RSI Scalping Buy #M20003
2025.07.08 15:35:44,2359,BTCUSD,buy,in,0.01,108761.90,2359,0.00,0.00,0.00,1 769.66,WP Buy #M20260527
2025.07.08 16:39:06,2360,BTCUSD,sell,out,0.01,108666.20,2360,0.00,0.00,-0.96,1 768.70,sl 108667.80
2025.07.08 17:00:01,2361,BTCUSD,buy,in,0.01,109049.83,2361,0.00,0.00,0.00,1 768.70,WP Buy #M20260527
2025.07.08 17:11:21,2362,BTCUSD,sell,out,0.01,108548.37,2362,0.00,0.00,-5.01,1 763.69,sl 108549.83
2025.07.09 16:35:00,2363,NVDA.NAS,sell,out,14.7,163.36,2363,-0.29,0.00,71.44,1 834.84,
2025.07.09 23:00:00,2364,BTCUSD,buy,in,0.15,111817.48,2364,0.00,0.00,0.00,1 834.84,RSI Scalping Buy #M123459123
2025.07.09 23:00:04,2365,BTCUSD,sell,out,0.15,111834.17,2365,0.00,0.00,2.50,1 837.34,sl 111837.32
2025.07.10 17:40:01,2366,AAPL.NAS,buy,in,7.6,212.670,2366,-0.15,0.00,0.00,1 837.19,RSI Scalping Buy #M20001
2025.07.10 17:41:04,2367,AAPL.NAS,sell,out,7.6,213.010,2367,-0.15,0.00,2.58,1 839.62,sl 213.010
2025.07.10 17:50:00,2368,AAPL.NAS,sell,in,7.6,212.530,2368,-0.15,0.00,0.00,1 839.47,RSI Scalping Sell #M20001
2025.07.10 17:51:04,2369,AAPL.NAS,buy,out,7.6,212.530,2369,-0.15,0.00,0.00,1 839.32,sl 212.510
2025.07.10 18:00:00,2370,AAPL.NAS,buy,in,0.1,212.360,2370,-0.02,0.00,0.00,1 839.30,WP Buy #M20260528
2025.07.10 18:03:29,2371,AAPL.NAS,sell,out,0.1,212.620,2371,-0.02,0.00,0.03,1 839.31,sl 212.620
2025.07.10 18:15:00,2372,NVDA.NAS,sell,in,15.3,161.70,2372,-0.31,0.00,0.00,1 839.00,RSI Scalping Sell #M20003
2025.07.10 18:20:00,2373,AAPL.NAS,buy,in,7.6,213.150,2373,-0.15,0.00,0.00,1 838.85,RSI Scalping Buy #M20001
2025.07.10 18:27:23,2374,AAPL.NAS,sell,out,7.6,213.130,2374,-0.15,0.00,-0.15,1 838.55,sl 213.150
2025.07.10 19:30:00,2375,NVDA.NAS,buy,out,15.3,163.30,2375,-0.31,0.00,-24.48,1 813.76,
2025.07.10 20:00:00,2376,BTCUSD,buy,in,0.15,112767.57,2376,0.00,0.00,0.00,1 813.76,RSI Scalping Buy #M123459123
2025.07.10 20:00:04,2377,BTCUSD,sell,out,0.15,112779.97,2377,0.00,0.00,1.86,1 815.62,sl 112780.66
2025.07.10 21:08:05,2378,BTCUSD,buy,in,0.01,113554.56,2378,0.00,0.00,0.00,1 815.62,WP Buy #M20260527
2025.07.10 22:25:51,2379,BTCUSD,sell,out,0.01,113476.07,2379,0.00,0.00,-0.78,1 814.84,sl 113477.07
2025.07.11 01:02:02,2380,BTCUSD,buy,in,0.01,116396.93,2380,0.00,0.00,0.00,1 814.84,WP Buy #M20260527
2025.07.11 01:25:18,2381,BTCUSD,sell,out,0.01,115886.69,2381,0.00,0.00,-5.10,1 809.74,sl 115887.23
2025.07.11 17:00:00,2382,BTCUSD,buy,in,0.15,118038.09,2382,0.00,0.00,0.00,1 809.74,RSI Scalping Buy #M123459123
2025.07.11 17:00:03,2383,BTCUSD,sell,out,0.15,118041.77,2383,0.00,0.00,0.55,1 810.29,sl 118045.48
2025.07.11 22:15:00,2384,NVDA.NAS,sell,in,15,165.22,2384,-0.30,0.00,0.00,1 809.99,RSI Scalping Sell #M20003
2025.07.11 22:30:05,2385,NVDA.NAS,buy,out,15,165.05,2385,-0.30,0.00,2.55,1 812.24,
2025.07.14 07:00:00,2386,BTCUSD,buy,in,0.15,120818.90,2386,0.00,0.00,0.00,1 812.24,RSI Scalping Buy #M123459123
2025.07.14 07:00:01,2387,BTCUSD,sell,out,0.15,120818.86,2387,0.00,0.00,-0.01,1 812.23,sl 120819.69
2025.07.14 10:00:38,2388,BTCUSD,buy,in,0.01,122189.52,2388,0.00,0.00,0.00,1 812.23,WP Buy #M20260527
2025.07.14 10:38:23,2389,BTCUSD,sell,out,0.01,123195.09,2389,0.00,0.00,10.06,1 822.29,tp 123189.87
2025.07.14 11:15:09,2390,BTCUSD,buy,in,0.01,122445.74,2390,0.00,0.00,0.00,1 822.29,WP Buy #M20260527
2025.07.14 12:09:44,2391,BTCUSD,sell,out,0.01,122415.12,2391,0.00,0.00,-0.31,1 821.98,sl 122415.47
2025.07.14 16:45:00,2392,NVDA.NAS,sell,in,15.1,162.09,2392,-0.30,0.00,0.00,1 821.68,RSI Scalping Sell #M20003
2025.07.14 17:00:00,2393,NVDA.NAS,buy,out,15.1,163.19,2393,-0.30,0.00,-16.61,1 804.77,
2025.07.14 17:15:00,2394,NVDA.NAS,buy,in,15,163.89,2394,-0.30,0.00,0.00,1 804.47,RSI Scalping Buy #M20003
2025.07.14 19:00:02,2395,XBRUSD,sell,in,0.5,69.93,2395,0.00,0.00,0.00,1 804.47,WP Sell #M20260534
2025.07.15 16:35:00,2396,NVDA.NAS,sell,out,15,170.48,2396,-0.30,0.00,98.85,1 903.02,
2025.07.15 16:35:00,2397,NVDA.NAS,buy,in,15,170.52,2397,-0.30,0.00,0.00,1 902.72,RSI Scalping Buy #M20003
2025.07.15 16:45:00,2398,NVDA.NAS,sell,out,15,171.27,2398,-0.30,0.00,11.25,1 913.67,
2025.07.15 22:00:00,2399,TSLA.NAS,sell,in,23.9,311.95,2399,-0.48,0.00,0.00,1 913.19,RSI Scalping Sell #M125421321
2025.07.16 13:17:36,2400,BTCUSD,buy,in,0.01,119186.50,2400,0.00,0.00,0.00,1 913.19,WP Buy #M20260527
2025.07.16 14:03:38,2401,BTCUSD,sell,out,0.01,118678.63,2401,0.00,0.00,-5.08,1 908.11,sl 118690.50
2025.07.16 16:35:00,2402,TSLA.NAS,buy,out,23.9,314.92,2402,-0.48,0.00,-70.98,1 836.65,
2025.07.16 17:45:00,2403,NVDA.NAS,sell,in,15.3,169.82,2403,-0.31,0.00,0.00,1 836.34,RSI Scalping Sell #M20003
2025.07.16 18:00:00,2404,NVDA.NAS,buy,out,15.3,169.85,2404,-0.31,0.00,-0.46,1 835.57,
2025.07.16 18:15:01,2405,NVDA.NAS,buy,in,15.2,170.60,2405,-0.30,0.00,0.00,1 835.27,RSI Scalping Buy #M20003
2025.07.16 20:03:51,2406,XBRUSD,buy,out,0.5,69.04,2406,0.00,-11.32,44.50,1 868.45,sl 69.04
2025.07.17 06:03:09,2407,AUDUSD,buy,in,0.12,0.64730,2407,-0.42,0.00,0.00,1 868.03,RSI Oversold Crossover Buy #M30
2025.07.17 08:00:00,2408,AUDUSD,sell,out,0.12,0.64908,2408,-0.42,0.00,21.36,1 888.97,
2025.07.17 16:35:02,2409,TSLA.NAS,buy,in,0.1,323.15,2409,-0.02,0.00,0.00,1 888.95,WP Buy #M20260530
2025.07.17 16:45:03,2410,TSLA.NAS,sell,out,0.1,320.08,2410,-0.02,0.00,-0.31,1 888.62,sl 320.15
2025.07.21 16:40:01,2411,AAPL.NAS,buy,in,7.8,213.870,2411,-0.16,0.00,0.00,1 888.46,RSI Scalping Buy #M20001
2025.07.21 16:40:16,2412,AAPL.NAS,sell,out,7.8,213.860,2412,-0.16,0.00,-0.08,1 888.22,sl 213.890
2025.07.21 17:00:00,2413,AAPL.NAS,sell,in,7.8,214.050,2413,-0.16,0.00,0.00,1 888.06,RSI Scalping Sell #M20001
2025.07.21 17:41:21,2414,AAPL.NAS,buy,out,7.8,213.840,2414,-0.16,0.00,1.64,1 889.54,sl 213.830
2025.07.22 16:35:00,2415,NVDA.NAS,sell,out,15.2,168.83,2415,-0.30,-0.01,-26.90,1 862.33,sl 170.40
2025.07.22 17:00:00,2416,TSLA.NAS,sell,in,23.2,323.86,2416,-0.46,0.00,0.00,1 861.87,RSI Scalping Sell #M125421321
2025.07.22 18:00:00,2417,TSLA.NAS,buy,out,23.2,329.55,2417,-0.46,0.00,-132.01,1 729.40,
2025.07.22 18:30:00,2418,NVDA.NAS,buy,in,14.4,167.89,2418,-0.29,0.00,0.00,1 729.11,RSI Scalping Buy #M20003
2025.07.22 19:00:00,2419,EURUSD,buy,in,0.02,1.17483,2419,-0.07,0.00,0.00,1 729.04,WP Buy #M20260524
2025.07.24 04:02:06,2420,BTCUSD,buy,in,0.01,119134.13,2420,0.00,0.00,0.00,1 729.04,WP Buy #M20260527
2025.07.24 06:00:00,2421,XAUUSD,sell,in,0.02,3383.84,2421,-0.07,0.00,0.00,1 728.97,United SuperEMA short #M940001
2025.07.24 06:38:48,2422,BTCUSD,sell,out,0.01,119040.13,2422,0.00,0.00,-0.94,1 728.03,sl 119042.50
2025.07.24 12:31:32,2423,EURUSD,sell,out,0.02,1.17503,2423,-0.07,-0.61,0.40,1 727.75,sl 1.17503
2025.07.24 16:45:00,2424,XAUUSD,buy,out,0.02,3365.97,2424,-0.07,0.00,35.74,1 763.42,
2025.07.24 17:00:00,2425,TSLA.NAS,sell,in,22,306.96,2425,-0.44,0.00,0.00,1 762.98,RSI Scalping Sell #M125421321
2025.07.24 18:00:00,2426,TSLA.NAS,buy,out,22,303.57,2426,-0.44,0.00,74.58,1 837.12,
2025.07.25 01:30:00,2427,XAUUSD,sell,in,0.03,3366.46,2427,-0.11,0.00,0.00,1 837.01,United SuperEMA short #M940001
2025.07.25 02:15:00,2428,XAUUSD,buy,out,0.03,3370.81,2428,-0.11,0.00,-13.05,1 823.85,
2025.07.25 05:30:00,2429,XAUUSD,sell,in,0.03,3366.29,2429,-0.11,0.00,0.00,1 823.74,United SuperEMA short #M940001
2025.07.25 17:00:00,2430,XAUUSD,buy,out,0.03,3343.96,2430,-0.11,0.00,66.99,1 890.62,
2025.07.28 19:00:00,2431,SOXX.NAS,buy,in,0.1,245.470,2431,-0.02,0.00,0.00,1 890.60,WP Buy #M20260532
2025.07.28 19:23:33,2432,SOXX.NAS,sell,out,0.1,245.790,2432,-0.02,0.00,0.03,1 890.61,sl 245.790
2025.07.29 16:35:00,2433,NVDA.NAS,sell,out,14.4,178.29,2433,-0.29,-0.01,149.76,2 040.07,
2025.07.29 17:00:00,2434,TSLA.NAS,sell,in,25.5,320.34,2434,-0.51,0.00,0.00,2 039.56,RSI Scalping Sell #M125421321
2025.07.29 18:45:00,2435,NVDA.NAS,sell,in,16.9,175.59,2435,-0.34,0.00,0.00,2 039.22,RSI Scalping Sell #M20003
2025.07.29 20:00:00,2436,NVDA.NAS,buy,out,16.9,176.45,2436,-0.34,0.00,-14.53,2 024.35,
2025.07.30 16:45:00,2437,NVDA.NAS,buy,in,16.8,177.34,2437,-0.34,0.00,0.00,2 024.01,RSI Scalping Buy #M20003
2025.07.30 19:00:00,2438,XTIUSD,buy,in,0.5,70.90,2438,0.00,0.00,0.00,2 024.01,WP Buy #M20260533
2025.07.30 20:00:01,2439,XBRUSD,buy,in,0.5,73.25,2439,0.00,0.00,0.00,2 024.01,WP Buy #M20260534
2025.07.31 18:10:11,2440,XTIUSD,sell,out,0.5,69.40,2440,0.00,5.35,-75.00,1 954.36,sl 69.40
2025.07.31 18:15:35,2441,NVDA.NAS,sell,out,16.8,178.81,2441,-0.34,0.00,24.70,1 978.72,sl 178.82
2025.07.31 18:26:48,2442,XBRUSD,sell,out,0.5,71.77,2442,0.00,4.01,-74.00,1 908.73,sl 71.77
2025.07.31 20:30:00,2443,NVDA.NAS,sell,in,15.9,179.02,2443,-0.32,0.00,0.00,1 908.41,RSI Scalping Sell #M20003
2025.07.31 21:00:00,2444,NVDA.NAS,buy,out,15.9,177.59,2444,-0.32,0.00,22.74,1 930.83,
2025.07.31 21:00:00,2445,NVDA.NAS,sell,in,15.9,177.51,2445,-0.32,0.00,0.00,1 930.51,RSI Scalping Sell #M20003
2025.07.31 21:15:01,2446,NVDA.NAS,buy,out,15.9,176.58,2446,-0.32,0.00,14.79,1 944.98,
2025.07.31 21:45:00,2447,NVDA.NAS,buy,in,16.2,178.07,2447,-0.32,0.00,0.00,1 944.66,RSI Scalping Buy #M20003
2025.08.01 16:35:00,2448,TSLA.NAS,buy,out,25.5,304.39,2448,-0.51,0.00,406.73,2 350.88,
2025.08.01 18:00:00,2449,EURUSD,buy,in,0.03,1.15561,2449,-0.11,0.00,0.00,2 350.77,WP Buy #M20260524
2025.08.01 21:00:00,2450,NVDA.NAS,sell,out,16.2,173.02,2450,-0.32,0.00,-81.81,2 268.64,
2025.08.01 21:30:00,2451,NVDA.NAS,buy,in,18.9,173.28,2451,-0.38,0.00,0.00,2 268.26,RSI Scalping Buy #M20003
2025.08.04 03:23:12,2452,EURUSD,sell,out,0.03,1.15671,2452,-0.11,-0.23,3.30,2 271.22,sl 1.15671
2025.08.05 17:48:05,2453,NVDA.NAS,sell,out,18.9,176.51,2453,-0.38,-0.01,61.05,2 331.88,sl 176.51
2025.08.05 18:30:00,2454,NVDA.NAS,sell,in,19.4,176.88,2454,-0.39,0.00,0.00,2 331.49,RSI Scalping Sell #M20003
2025.08.05 18:45:01,2455,NVDA.NAS,buy,out,19.4,176.65,2455,-0.39,0.00,4.46,2 335.56,
2025.08.05 19:15:00,2456,NVDA.NAS,buy,in,19.4,177.88,2456,-0.39,0.00,0.00,2 335.17,RSI Scalping Buy #M20003
2025.08.06 16:40:01,2457,AAPL.NAS,buy,in,9.7,208.440,2457,-0.19,0.00,0.00,2 334.98,RSI Scalping Buy #M20001
2025.08.06 16:40:18,2458,AAPL.NAS,sell,out,9.7,208.530,2458,-0.19,0.00,0.87,2 335.66,sl 208.530
2025.08.06 17:00:00,2459,AAPL.NAS,sell,in,9.7,209.530,2459,-0.19,0.00,0.00,2 335.47,RSI Scalping Sell #M20001
2025.08.06 21:00:42,2460,BTCUSD,buy,in,0.01,115593.75,2460,0.00,0.00,0.00,2 335.47,WP Buy #M20260527
2025.08.06 22:00:00,2461,EURUSD,buy,in,0.03,1.16626,2461,-0.11,0.00,0.00,2 335.36,WP Buy #M20260524
2025.08.06 23:00:00,2462,XBRUSD,sell,in,0.5,67.15,2462,0.00,0.00,0.00,2 335.36,WP Sell #M20260534
2025.08.06 23:00:23,2463,XTIUSD,sell,in,0.5,64.50,2463,0.00,0.00,0.00,2 335.36,WP Sell #M20260533
2025.08.06 23:33:46,2464,BTCUSD,sell,out,0.01,115079.00,2464,0.00,0.00,-5.15,2 330.21,sl 115088.50
2025.08.07 13:02:03,2465,EURUSD,sell,out,0.03,1.16689,2465,-0.11,-0.68,1.89,2 331.31,sl 1.16689
2025.08.07 14:00:00,2466,BTCUSD,buy,in,0.11,116383.13,2466,0.00,0.00,0.00,2 331.31,RSI Scalping Buy #M123459123
2025.08.07 14:00:03,2467,BTCUSD,sell,out,0.11,116424.13,2467,0.00,0.00,4.51,2 335.82,sl 116426.43
2025.08.07 16:02:03,2468,BTCUSD,buy,in,0.01,116399.63,2468,0.00,0.00,0.00,2 335.82,WP Buy #M20260527
2025.08.07 16:45:01,2469,NVDA.NAS,sell,out,19.4,183.02,2469,-0.39,0.00,99.72,2 435.15,
2025.08.07 16:45:54,2470,BTCUSD,sell,out,0.01,116486.13,2470,0.00,0.00,0.87,2 436.02,sl 116488.63
2025.08.07 17:00:00,2471,BTCUSD,buy,in,0.06,116715.50,2471,0.00,0.00,0.00,2 436.02,RSI Scalping Buy #M123459123
2025.08.07 17:00:01,2472,AAPL.NAS,buy,in,0.1,219.660,2472,-0.02,0.00,0.00,2 436.00,WP Buy #M20260528
2025.08.07 17:00:01,2473,BTCUSD,sell,out,0.06,116723.88,2473,0.00,0.00,0.50,2 436.50,sl 116728.68
2025.08.07 17:00:25,2474,AAPL.NAS,sell,out,0.1,219.710,2474,-0.02,0.00,0.01,2 436.49,sl 219.720
2025.08.07 17:04:36,2475,BTCUSD,buy,in,0.01,116588.63,2475,0.00,0.00,0.00,2 436.49,WP Buy #M20260527
2025.08.07 19:10:43,2476,BTCUSD,sell,out,0.01,116565.38,2476,0.00,0.00,-0.23,2 436.26,sl 116565.88
2025.08.07 19:45:00,2477,NVDA.NAS,sell,in,12.1,180.02,2477,-0.24,0.00,0.00,2 436.02,RSI Scalping Sell #M20003
2025.08.07 20:45:00,2478,NVDA.NAS,buy,out,12.1,179.84,2478,-0.24,0.00,2.18,2 437.96,
2025.08.07 20:45:00,2479,NVDA.NAS,sell,in,12.1,179.84,2479,-0.24,0.00,0.00,2 437.72,RSI Scalping Sell #M20003
2025.08.07 21:15:01,2480,NVDA.NAS,buy,out,12.1,179.09,2480,-0.24,0.00,9.08,2 446.56,
2025.08.07 21:15:01,2481,NVDA.NAS,sell,in,12.1,179.05,2481,-0.24,0.00,0.00,2 446.32,RSI Scalping Sell #M20003
2025.08.07 21:30:00,2482,NVDA.NAS,buy,out,12.1,179.42,2482,-0.24,0.00,-4.48,2 441.60,
2025.08.07 22:00:01,2483,NVDA.NAS,buy,in,12.2,180.14,2483,-0.24,0.00,0.00,2 441.36,RSI Scalping Buy #M20003
2025.08.07 23:00:00,2484,BTCUSD,buy,in,0.12,117556.63,2484,0.00,0.00,0.00,2 441.36,RSI Scalping Buy #M123459123
2025.08.07 23:00:02,2485,BTCUSD,sell,out,0.12,117553.50,2485,0.00,0.00,-0.38,2 440.98,sl 117559.18
2025.08.08 11:44:04,2486,XTIUSD,buy,out,0.5,64.46,2486,0.00,-14.56,2.00,2 428.42,sl 64.46
2025.08.08 11:49:40,2487,XBRUSD,buy,out,0.5,67.18,2487,0.00,-11.32,-1.50,2 415.60,sl 67.18
2025.08.08 17:00:00,2488,TSLA.NAS,buy,in,14.4,332.92,2488,-0.29,0.00,0.00,2 415.31,RSI Scalping Buy #M125421321
2025.08.08 18:00:00,2489,TSLA.NAS,buy,in,0.1,333.09,2489,-0.02,0.00,0.00,2 415.29,WP Buy #M20260530
2025.08.08 19:00:00,2490,TSLA.NAS,sell,out,14.4,330.89,2490,-0.29,0.00,-29.23,2 385.77,
2025.08.08 19:23:25,2491,TSLA.NAS,sell,out,0.1,330.06,2491,-0.02,0.00,-0.30,2 385.45,sl 330.09
2025.08.08 19:40:00,2492,AAPL.NAS,buy,out,9.7,228.880,2492,-0.19,0.00,-187.70,2 197.56,
2025.08.08 20:20:02,2493,AAPL.NAS,sell,in,7.3,229.260,2493,-0.15,0.00,0.00,2 197.41,RSI Scalping Sell #M20001
2025.08.08 20:23:41,2494,AAPL.NAS,buy,out,7.3,229.260,2494,-0.15,0.00,0.00,2 197.26,sl 229.260
2025.08.08 21:10:04,2495,AAPL.NAS,buy,in,3.6,230.760,2495,-0.07,0.00,0.00,2 197.19,RSI Scalping Buy #M20001
2025.08.08 22:20:02,2496,AAPL.NAS,sell,out,3.6,229.530,2496,-0.07,0.00,-4.43,2 192.69,
2025.08.11 05:00:00,2497,BTCUSD,buy,in,0.14,120028.25,2497,0.00,0.00,0.00,2 192.69,RSI Scalping Buy #M123459123
2025.08.11 05:00:07,2498,BTCUSD,sell,out,0.14,120030.50,2498,0.00,0.00,0.32,2 193.01,sl 120031.80
2025.08.11 17:00:00,2499,TSLA.NAS,buy,in,27.4,340.33,2499,-0.55,0.00,0.00,2 192.46,RSI Scalping Buy #M125421321
2025.08.11 19:00:00,2500,TSLA.NAS,buy,in,0.1,345.29,2500,-0.02,0.00,0.00,2 192.44,WP Buy #M20260530
2025.08.11 19:40:34,2501,TSLA.NAS,sell,out,0.1,344.70,2501,-0.02,0.00,-0.06,2 192.36,sl 344.75
2025.08.12 16:35:00,2502,TSLA.NAS,sell,out,27.4,343.16,2502,-0.55,0.00,77.54,2 269.35,
2025.08.12 16:58:57,2503,NVDA.NAS,sell,out,12.2,180.08,2503,-0.24,-0.01,-0.73,2 268.37,sl 180.08
2025.08.12 18:00:00,2504,NVDA.NAS,buy,in,18.9,181.56,2504,-0.38,0.00,0.00,2 267.99,RSI Scalping Buy #M20003
2025.08.12 20:00:00,2505,SOXX.NAS,buy,in,0.1,249.330,2505,-0.02,0.00,0.00,2 267.97,WP Buy #M20260532
2025.08.12 20:40:12,2506,SOXX.NAS,sell,out,0.1,249.400,2506,-0.02,0.00,0.01,2 267.96,sl 249.410
2025.08.13 17:00:02,2507,SOXX.NAS,buy,in,0.1,252.910,2507,-0.02,0.00,0.00,2 267.94,WP Buy #M20260532
2025.08.13 17:00:25,2508,SOXX.NAS,sell,out,0.1,252.610,2508,-0.02,0.00,-0.03,2 267.89,sl 252.610
2025.08.13 17:20:00,2509,AAPL.NAS,buy,in,4.7,232.560,2509,-0.09,0.00,0.00,2 267.80,RSI Scalping Buy #M20001
2025.08.13 17:21:02,2510,AAPL.NAS,sell,out,4.7,232.600,2510,-0.09,0.00,0.19,2 267.90,sl 232.600
2025.08.13 18:00:02,2511,AAPL.NAS,buy,in,0.1,233.550,2511,-0.02,0.00,0.00,2 267.88,WP Buy #M20260528
2025.08.13 18:01:53,2512,AAPL.NAS,sell,out,0.1,233.760,2512,-0.02,0.00,0.02,2 267.88,sl 233.760
2025.08.13 18:12:23,2513,NVDA.NAS,sell,out,18.9,180.11,2513,-0.38,0.00,-27.41,2 240.09,sl 180.20
2025.08.13 18:45:00,2514,NVDA.NAS,buy,in,18.6,180.97,2514,-0.37,0.00,0.00,2 239.72,RSI Scalping Buy #M20003
2025.08.13 20:00:00,2515,NVDA.NAS,sell,out,18.6,179.81,2515,-0.37,0.00,-21.58,2 217.77,
2025.08.13 20:30:00,2516,NVDA.NAS,buy,in,18.4,181.01,2516,-0.37,0.00,0.00,2 217.40,RSI Scalping Buy #M20003
2025.08.14 04:00:00,2517,BTCUSD,buy,in,0.18,123906.00,2517,0.00,0.00,0.00,2 217.40,RSI Scalping Buy #M123459123
2025.08.14 04:00:11,2518,BTCUSD,sell,out,0.18,123948.75,2518,0.00,0.00,7.70,2 225.10,sl 123949.30
2025.08.14 17:00:00,2519,TSLA.NAS,sell,in,27.8,337.81,2519,-0.56,0.00,0.00,2 224.54,RSI Scalping Sell #M125421321
2025.08.15 16:49:24,2520,NVDA.NAS,sell,out,18.4,179.24,2520,-0.37,0.00,-32.57,2 191.60,sl 179.25
2025.08.15 17:15:01,2521,NVDA.NAS,buy,in,18.2,180.23,2521,-0.36,0.00,0.00,2 191.24,RSI Scalping Buy #M20003
2025.08.15 18:30:00,2522,NVDA.NAS,sell,out,18.2,179.51,2522,-0.36,0.00,-13.10,2 177.78,
2025.08.15 18:45:01,2523,NVDA.NAS,sell,in,18.1,178.47,2523,-0.36,0.00,0.00,2 177.42,RSI Scalping Sell #M20003
2025.08.15 20:00:00,2524,NVDA.NAS,buy,out,18.1,179.57,2524,-0.36,0.00,-19.91,2 157.15,
2025.08.18 22:00:00,2525,TSLA.NAS,buy,out,27.8,335.35,2525,-0.56,0.00,68.39,2 224.98,
2025.08.19 16:35:01,2526,TSLA.NAS,sell,in,27.8,334.70,2526,-0.56,0.00,0.00,2 224.42,RSI Scalping Sell #M125421321
2025.08.19 16:45:01,2527,NVDA.NAS,sell,in,18.5,180.32,2527,-0.37,0.00,0.00,2 224.05,RSI Scalping Sell #M20003
2025.08.19 17:00:00,2528,NVDA.NAS,buy,out,18.5,180.68,2528,-0.37,0.00,-6.66,2 217.02,
2025.08.19 17:00:00,2529,TSLA.NAS,buy,out,27.8,339.00,2529,-0.56,0.00,-119.54,2 096.92,
2025.08.19 18:00:01,2530,TSLA.NAS,sell,in,26.2,332.27,2530,-0.52,0.00,0.00,2 096.40,RSI Scalping Sell #M125421321
2025.08.19 21:00:01,2531,NVDA.NAS,buy,in,17.4,177.14,2531,-0.35,0.00,0.00,2 096.05,RSI Scalping Buy #M20003
2025.08.19 22:15:00,2532,NVDA.NAS,sell,out,17.4,175.93,2532,-0.35,0.00,-21.05,2 074.65,
2025.08.19 22:45:02,2533,NVDA.NAS,sell,in,17.2,176.19,2533,-0.34,0.00,0.00,2 074.31,RSI Scalping Sell #M20003
2025.08.20 16:35:03,2534,NVDA.NAS,buy,out,17.2,174.12,2534,-0.34,0.00,35.60,2 109.57,
2025.08.20 17:00:00,2535,TSLA.NAS,buy,out,26.2,321.38,2535,-0.52,0.00,285.32,2 394.37,
2025.08.20 18:30:00,2536,NVDA.NAS,buy,in,19.9,172.41,2536,-0.40,0.00,0.00,2 393.97,RSI Scalping Buy #M20003
2025.08.22 16:35:00,2537,NVDA.NAS,sell,out,19.9,172.47,2537,-0.40,0.00,1.19,2 394.76,sl 173.12
2025.08.22 17:00:00,2538,NVDA.NAS,sell,in,19.9,173.93,2538,-0.40,0.00,0.00,2 394.36,RSI Scalping Sell #M20003
2025.08.22 18:00:00,2539,BTCUSD,buy,in,0.19,115845.00,2539,0.00,0.00,0.00,2 394.36,RSI Scalping Buy #M123459123
2025.08.22 18:00:03,2540,BTCUSD,sell,out,0.19,115928.00,2540,0.00,0.00,15.77,2 410.13,sl 115928.55
2025.08.22 18:15:00,2541,NVDA.NAS,buy,out,19.9,178.11,2541,-0.40,0.00,-83.18,2 326.55,
2025.08.22 19:00:01,2542,TSLA.NAS,buy,in,0.1,335.11,2542,-0.02,0.00,0.00,2 326.53,WP Buy #M20260530
2025.08.22 19:00:18,2543,SOXX.NAS,buy,in,0.1,249.910,2543,-0.02,0.00,0.00,2 326.51,WP Buy #M20260532
2025.08.22 19:05:25,2544,SOXX.NAS,sell,out,0.1,250.160,2544,-0.02,0.00,0.03,2 326.52,sl 250.180
2025.08.22 19:56:49,2545,TSLA.NAS,sell,out,0.1,336.40,2545,-0.02,0.00,0.13,2 326.63,sl 336.40
2025.08.22 20:00:00,2546,EURUSD,buy,in,0.03,1.17222,2546,-0.11,0.00,0.00,2 326.52,WP Buy #M20260524
2025.08.22 20:00:01,2547,TSLA.NAS,buy,in,0.1,336.59,2547,-0.02,0.00,0.00,2 326.50,WP Buy #M20260530
2025.08.22 22:36:18,2548,TSLA.NAS,sell,out,0.1,337.69,2548,-0.02,0.00,0.11,2 326.59,sl 337.70
2025.08.25 01:41:11,2549,EURUSD,sell,out,0.03,1.17126,2549,-0.11,-0.23,-2.88,2 323.37,sl 1.17127
2025.08.25 16:45:00,2550,NVDA.NAS,sell,in,19.3,177.02,2550,-0.39,0.00,0.00,2 322.98,RSI Scalping Sell #M20003
2025.08.25 18:00:01,2551,NVDA.NAS,buy,out,19.3,179.89,2551,-0.39,0.00,-55.39,2 267.20,
2025.08.25 20:00:01,2552,TSLA.NAS,buy,in,28.3,346.89,2552,-0.57,0.00,0.00,2 266.63,RSI Scalping Buy #M125421321
2025.08.26 16:45:01,2553,NVDA.NAS,sell,in,18.8,179.77,2553,-0.38,0.00,0.00,2 266.25,RSI Scalping Sell #M20003
2025.08.26 17:00:00,2554,NVDA.NAS,buy,out,18.8,179.62,2554,-0.38,0.00,2.82,2 268.69,
2025.08.26 17:00:00,2555,TSLA.NAS,sell,out,28.3,347.45,2555,-0.57,0.00,15.85,2 283.97,
2025.08.26 17:15:00,2556,NVDA.NAS,buy,in,19,180.05,2556,-0.38,0.00,0.00,2 283.59,RSI Scalping Buy #M20003
2025.08.27 00:05:37,2557,BTCUSD,buy,in,0.01,111321.88,2557,0.00,0.00,0.00,2 283.59,WP Buy #M20260527
2025.08.27 01:27:19,2558,BTCUSD,sell,out,0.01,111672.38,2558,0.00,0.00,3.51,2 287.10,sl 111672.63
2025.08.27 18:00:01,2559,TSLA.NAS,buy,in,28.5,352.37,2559,-0.57,0.00,0.00,2 286.53,RSI Scalping Buy #M125421321
2025.08.27 20:00:00,2560,TSLA.NAS,sell,out,28.5,350.88,2560,-0.57,0.00,-42.47,2 243.49,
2025.08.28 16:50:43,2561,NVDA.NAS,sell,out,19,178.72,2561,-0.38,0.00,-25.27,2 217.84,sl 178.73
2025.08.28 17:45:00,2562,NVDA.NAS,buy,in,18.4,179.20,2562,-0.37,0.00,0.00,2 217.47,RSI Scalping Buy #M20003
2025.08.28 18:00:01,2563,TSLA.NAS,sell,in,27.7,345.48,2563,-0.55,0.00,0.00,2 216.92,RSI Scalping Sell #M125421321
2025.08.29 07:00:00,2564,XAUUSD,buy,in,0.05,3410.94,2564,-0.18,0.00,0.00,2 216.74,RSI Reverse BUY #M1002
2025.08.29 11:00:00,2565,XAUUSD,buy,in,0.18,3412.31,2565,-0.63,0.00,0.00,2 216.11,RSI Scalping Buy #M129102315
2025.08.29 11:00:00,2566,XAUUSD,buy,in,0.03,3412.19,2566,-0.11,0.00,0.00,2 216.00,United SuperEMA long #M940001
2025.08.29 11:03:40,2567,XAUUSD,sell,out,0.18,3412.29,2567,-0.63,0.00,-0.36,2 215.01,sl 3412.33
2025.08.29 12:15:00,2568,XAUUSD,sell,out,0.03,3409.61,2568,-0.11,0.00,-7.74,2 207.16,
2025.08.29 16:00:00,2569,XAUUSD,buy,in,0.14,3416.76,2569,-0.49,0.00,0.00,2 206.67,RSI Scalping Buy #M129102315
2025.08.29 16:01:02,2570,XAUUSD,sell,out,0.14,3417.02,2570,-0.49,0.00,3.64,2 209.82,sl 3417.13
2025.08.29 16:35:00,2571,NVDA.NAS,sell,out,18.4,176.66,2571,-0.37,0.00,-46.74,2 162.71,sl 177.77
2025.08.29 16:45:00,2572,NVDA.NAS,sell,in,18,175.06,2572,-0.36,0.00,0.00,2 162.35,RSI Scalping Sell #M20003
2025.08.29 17:00:00,2573,NVDA.NAS,buy,out,18,174.79,2573,-0.36,0.00,4.86,2 166.85,
2025.08.29 19:45:01,2574,NVDA.NAS,buy,in,9,174.75,2574,-0.18,0.00,0.00,2 166.67,RSI Scalping Buy #M20003
2025.08.29 21:00:01,2575,TSLA.NAS,buy,out,27.7,333.56,2575,-0.55,0.00,330.18,2 496.30,
2025.09.01 03:00:00,2576,XAUUSD,sell,in,0.2,3447.96,2576,-0.70,0.00,0.00,2 495.60,RSI Scalping Sell #M129102315
2025.09.01 03:03:36,2577,XAUUSD,buy,out,0.2,3445.99,2577,-0.70,0.00,39.40,2 534.30,sl 3445.99
2025.09.01 06:00:00,2578,XAUUSD,buy,in,0.01,3483.93,2578,-0.04,0.00,0.00,2 534.26,WP Buy #M20260526
2025.09.01 09:58:02,2579,XAUUSD,sell,out,0.01,3482.18,2579,-0.04,0.00,-1.75,2 532.47,sl 3482.20
2025.09.01 13:00:00,2580,XAUUSD,sell,in,0.21,3469.52,2580,-0.74,0.00,0.00,2 531.73,RSI Scalping Sell #M129102315
2025.09.01 13:01:53,2581,XAUUSD,buy,out,0.21,3467.24,2581,-0.74,0.00,47.88,2 578.87,sl 3467.24
2025.09.01 20:45:00,2582,XAUUSD,buy,in,0.04,3478.19,2582,-0.14,0.00,0.00,2 578.73,United SuperEMA long #M940001
2025.09.02 02:00:00,2583,XAUUSD,sell,out,0.04,3475.70,2583,-0.14,-2.08,-9.96,2 566.55,
2025.09.02 04:15:02,2584,XAUUSD,buy,in,0.04,3489.16,2584,-0.14,0.00,0.00,2 566.41,United SuperEMA long #M940001
2025.09.02 08:30:00,2585,XAUUSD,sell,out,0.04,3493.40,2585,-0.14,0.00,16.96,2 583.23,
2025.09.02 09:00:00,2586,XAUUSD,sell,in,0.21,3492.97,2586,-0.74,0.00,0.00,2 582.49,RSI Scalping Sell #M129102315
2025.09.02 09:04:16,2587,XAUUSD,buy,out,0.21,3492.55,2587,-0.74,0.00,8.82,2 590.57,sl 3492.54
2025.09.02 14:00:00,2588,XAUUSD,buy,in,0.21,3485.75,2588,-0.74,0.00,0.00,2 589.83,RSI Scalping Buy #M129102315
2025.09.02 14:00:00,2589,XAUUSD,buy,in,0.04,3485.66,2589,-0.14,0.00,0.00,2 589.69,United SuperEMA long #M940001
2025.09.02 14:01:31,2590,XAUUSD,sell,out,0.21,3485.95,2590,-0.74,0.00,4.20,2 593.15,sl 3485.96
2025.09.02 15:45:00,2591,XAUUSD,sell,out,0.04,3476.80,2591,-0.14,0.00,-35.44,2 557.57,
2025.09.02 16:45:00,2592,XAUUSD,buy,in,0.04,3489.36,2592,-0.14,0.00,0.00,2 557.43,United SuperEMA long #M940001
2025.09.02 17:00:00,2593,XAUUSD,buy,in,0.21,3489.76,2593,-0.74,0.00,0.00,2 556.69,RSI Scalping Buy #M129102315
2025.09.02 17:00:01,2594,XAUUSD,sell,out,0.21,3490.67,2594,-0.74,0.00,19.11,2 575.06,sl 3490.70
2025.09.02 17:30:00,2595,NVDA.NAS,sell,out,9,170.58,2595,-0.18,0.00,-37.53,2 537.35,
2025.09.02 20:00:00,2596,XAUUSD,buy,in,0.01,3528.07,2596,-0.04,0.00,0.00,2 537.31,WP Buy #M20260526
2025.09.02 20:00:00,2597,NVDA.NAS,buy,in,10.5,169.00,2597,-0.21,0.00,0.00,2 537.10,RSI Scalping Buy #M20003
2025.09.03 01:02:00,2598,XAUUSD,sell,out,0.01,3531.94,2598,-0.04,-0.52,3.87,2 540.41,sl 3532.51
2025.09.03 01:45:00,2599,XAUUSD,sell,out,0.04,3529.39,2599,-0.14,-2.08,160.12,2 698.31,
2025.09.03 02:00:00,2600,XAUUSD,sell,in,0.22,3529.75,2600,-0.77,0.00,0.00,2 697.54,RSI Scalping Sell #M129102315
2025.09.03 02:13:27,2601,XAUUSD,buy,out,0.22,3529.20,2601,-0.77,0.00,12.10,2 708.87,sl 3529.18
2025.09.03 06:00:00,2602,XAUUSD,sell,in,0.22,3531.82,2602,-0.77,0.00,0.00,2 708.10,RSI Scalping Sell #M129102315
2025.09.03 06:04:33,2603,XAUUSD,buy,out,0.22,3532.12,2603,-0.77,0.00,-6.60,2 700.73,sl 3532.11
2025.09.03 14:15:01,2604,XAUUSD,buy,in,0.04,3546.44,2604,-0.14,0.00,0.00,2 700.59,United SuperEMA long #M940001
2025.09.03 16:40:00,2605,AAPL.NAS,buy,in,11.2,235.290,2605,-0.22,0.00,0.00,2 700.37,RSI Scalping Buy #M20001
2025.09.03 16:51:18,2606,AAPL.NAS,sell,out,11.2,235.800,2606,-0.22,0.00,5.71,2 705.86,sl 235.830
2025.09.03 18:10:00,2607,AAPL.NAS,sell,in,11.2,236.110,2607,-0.22,0.00,0.00,2 705.64,RSI Scalping Sell #M20001
2025.09.03 18:31:42,2608,AAPL.NAS,buy,out,11.2,235.830,2608,-0.22,0.00,3.14,2 708.56,sl 235.810
2025.09.03 20:00:00,2609,XAUUSD,buy,in,0.01,3572.62,2609,-0.04,0.00,0.00,2 708.52,WP Buy #M20260526
2025.09.03 21:32:25,2610,XAUUSD,sell,out,0.01,3570.88,2610,-0.04,0.00,-1.74,2 706.74,sl 3570.91
2025.09.03 22:00:01,2611,NVDA.NAS,sell,out,10.5,169.34,2611,-0.21,0.00,3.57,2 710.10,
2025.09.03 22:00:01,2612,TSLA.NAS,sell,in,33.8,334.95,2612,-0.68,0.00,0.00,2 709.42,RSI Scalping Sell #M125421321
2025.09.03 22:30:00,2613,XAUUSD,sell,out,0.04,3564.16,2613,-0.14,0.00,70.88,2 780.16,
2025.09.03 22:45:00,2614,NVDA.NAS,buy,in,11.5,169.65,2614,-0.23,0.00,0.00,2 779.93,RSI Scalping Buy #M20003
2025.09.03 23:00:00,2615,XAUUSD,sell,in,0.23,3563.78,2615,-0.81,0.00,0.00,2 779.12,RSI Scalping Sell #M129102315
2025.09.03 23:01:44,2616,XAUUSD,buy,out,0.23,3564.10,2616,-0.81,0.00,-7.36,2 770.95,sl 3564.08
2025.09.04 12:15:01,2617,XAUUSD,buy,in,0.04,3543.99,2617,-0.14,0.00,0.00,2 770.81,United SuperEMA long #M940001
2025.09.04 14:00:00,2618,XAUUSD,sell,out,0.04,3541.10,2618,-0.14,0.00,-11.56,2 759.11,
2025.09.04 16:00:00,2619,XAUUSD,buy,in,0.04,3548.48,2619,-0.14,0.00,0.00,2 758.97,United SuperEMA long #M940001
2025.09.04 16:50:00,2620,AAPL.NAS,buy,in,11.4,239.480,2620,-0.23,0.00,0.00,2 758.74,RSI Scalping Buy #M20001
2025.09.04 16:50:19,2621,AAPL.NAS,sell,out,11.4,239.530,2621,-0.23,0.00,0.57,2 759.08,sl 239.550
2025.09.04 17:15:00,2622,XAUUSD,sell,out,0.04,3544.82,2622,-0.14,0.00,-14.64,2 744.30,
2025.09.04 19:00:00,2623,XAUUSD,buy,in,0.22,3553.33,2623,-0.77,0.00,0.00,2 743.53,RSI Scalping Buy #M129102315
2025.09.04 19:00:00,2624,XAUUSD,buy,in,0.02,3553.45,2624,-0.07,0.00,0.00,2 743.46,United SuperEMA long #M940001
2025.09.04 19:00:23,2625,XAUUSD,sell,out,0.22,3553.14,2625,-0.77,0.00,-4.18,2 738.51,sl 3553.14
2025.09.04 20:45:01,2626,XAUUSD,sell,out,0.02,3546.51,2626,-0.07,0.00,-13.88,2 724.56,
2025.09.04 22:00:00,2627,SOXX.NAS,buy,in,0.1,243.890,2627,-0.02,0.00,0.00,2 724.54,WP Buy #M20260532
2025.09.04 22:31:14,2628,SOXX.NAS,sell,out,0.1,244.200,2628,-0.02,0.00,0.03,2 724.55,sl 244.220
2025.09.05 03:45:00,2629,XAUUSD,buy,in,0.02,3551.82,2629,-0.07,0.00,0.00,2 724.48,United SuperEMA long #M940001
2025.09.05 05:45:00,2630,XAUUSD,sell,out,0.02,3550.33,2630,-0.07,0.00,-2.98,2 721.43,
2025.09.05 06:30:01,2631,XAUUSD,buy,in,0.02,3555.24,2631,-0.07,0.00,0.00,2 721.36,United SuperEMA long #M940001
2025.09.05 07:00:00,2632,XAUUSD,buy,in,0.22,3558.44,2632,-0.77,0.00,0.00,2 720.59,RSI Scalping Buy #M129102315
2025.09.05 07:44:54,2633,XAUUSD,sell,out,0.22,3558.36,2633,-0.77,0.00,-1.76,2 718.06,sl 3558.37
2025.09.05 09:15:00,2634,XAUUSD,sell,out,0.02,3551.10,2634,-0.07,0.00,-8.28,2 709.71,
2025.09.05 14:15:00,2635,XAUUSD,buy,in,0.01,3552.50,2635,-0.04,0.00,0.00,2 709.67,United SuperEMA long #M940001
2025.09.05 16:00:00,2636,XAUUSD,buy,in,0.22,3581.08,2636,-0.77,0.00,0.00,2 708.90,RSI Scalping Buy #M129102315
2025.09.05 16:00:04,2637,XAUUSD,sell,out,0.22,3582.05,2637,-0.77,0.00,21.34,2 729.47,sl 3582.07
2025.09.05 16:35:00,2638,NVDA.NAS,sell,out,11.5,167.13,2638,-0.23,0.00,-28.98,2 700.26,sl 168.07
2025.09.05 16:35:00,2639,TSLA.NAS,buy,out,33.8,349.45,2639,-0.68,0.00,-490.10,2 209.48,
2025.09.05 22:15:00,2640,XAUUSD,sell,out,0.01,3592.96,2640,-0.04,0.00,40.46,2 249.90,
2025.09.18 10:00:00,2641,XAUUSD,sell,out,0.05,3637.51,2641,-0.18,-51.83,1 132.85,3 330.74,
2025.09.18 15:30:00,2642,XAUUSD,buy,in,0.02,3669.84,2642,-0.07,0.00,0.00,3 330.67,United SuperEMA long #M940001
2025.09.18 16:00:00,2643,XAUUSD,sell,out,0.02,3663.10,2643,-0.07,0.00,-13.48,3 317.12,
2025.09.18 17:00:00,2644,TSLA.NAS,buy,in,41.4,428.00,2644,-0.83,0.00,0.00,3 316.29,RSI Scalping Buy #M125421321
2025.09.18 18:00:01,2645,TSLA.NAS,buy,in,0.1,429.30,2645,-0.02,0.00,0.00,3 316.27,WP Buy #M20260530
2025.09.18 18:25:47,2646,TSLA.NAS,sell,out,0.1,426.21,2646,-0.02,0.00,-0.31,3 315.94,sl 426.30
2025.09.18 19:00:00,2647,TSLA.NAS,sell,out,41.4,425.11,2647,-0.83,0.00,-119.65,3 195.46,
2025.09.18 19:00:00,2648,SOXX.NAS,buy,in,0.1,268.370,2648,-0.02,0.00,0.00,3 195.44,WP Buy #M20260532
2025.09.18 19:03:08,2649,SOXX.NAS,sell,out,0.1,268.340,2649,-0.02,0.00,0.00,3 195.42,sl 268.350
2025.09.18 20:00:00,2650,SOXX.NAS,buy,in,0.1,268.600,2650,-0.02,0.00,0.00,3 195.40,WP Buy #M20260532
2025.09.18 20:06:21,2651,SOXX.NAS,sell,out,0.1,268.670,2651,-0.02,0.00,0.01,3 195.39,sl 268.670
2025.09.18 23:00:00,2652,XAUUSD,buy,in,0.06,3646.94,2652,-0.21,0.00,0.00,3 195.18,RSI Follow BUY #M1001
2025.09.19 02:00:01,2653,XAUUSD,sell,out,0.06,3640.12,2653,-0.21,-3.11,-40.92,3 150.94,
2025.09.19 02:30:00,2654,XAUUSD,sell,in,0.02,3639.26,2654,-0.07,0.00,0.00,3 150.87,United SuperEMA short #M940001
2025.09.19 04:15:00,2655,XAUUSD,buy,out,0.02,3648.42,2655,-0.07,0.00,-18.32,3 132.48,
2025.09.19 12:00:00,2656,XAUUSD,sell,in,0.06,3655.77,2656,-0.21,0.00,0.00,3 132.27,RSI Reverse SELL #M1002
2025.09.19 12:00:00,2657,XAUUSD,buy,out,0.06,3655.83,2657,-0.21,0.00,-0.36,3 131.70,
2025.09.19 12:15:00,2658,XAUUSD,buy,in,0.01,3656.73,2658,-0.04,0.00,0.00,3 131.66,United SuperEMA long #M940001
2025.09.19 14:15:00,2659,XAUUSD,sell,out,0.01,3652.79,2659,-0.04,0.00,-3.94,3 127.68,
2025.09.19 14:45:00,2660,XAUUSD,sell,in,0.01,3647.63,2660,-0.04,0.00,0.00,3 127.64,United SuperEMA short #M940001
2025.09.19 16:30:00,2661,XAUUSD,buy,out,0.01,3656.69,2661,-0.04,0.00,-9.06,3 118.54,
2025.09.19 16:40:00,2662,AAPL.NAS,buy,in,10.3,241.270,2662,-0.21,0.00,0.00,3 118.33,RSI Scalping Buy #M20001
2025.09.19 16:50:23,2663,AAPL.NAS,sell,out,10.3,241.300,2663,-0.21,0.00,0.31,3 118.43,sl 241.310
2025.09.19 17:00:00,2664,XAUUSD,buy,in,0.25,3663.50,2664,-0.88,0.00,0.00,3 117.55,RSI Scalping Buy #M129102315
2025.09.19 17:00:00,2665,XAUUSD,buy,in,0.01,3663.72,2665,-0.04,0.00,0.00,3 117.51,United SuperEMA long #M940001
2025.09.19 17:00:09,2666,XAUUSD,sell,out,0.25,3663.43,2666,-0.88,0.00,-1.75,3 114.88,sl 3663.45
2025.09.19 18:00:00,2667,AAPL.NAS,buy,in,12.9,242.870,2667,-0.26,0.00,0.00,3 114.62,RSI Scalping Buy #M20001
2025.09.19 18:58:02,2668,AAPL.NAS,sell,out,12.9,243.050,2668,-0.26,0.00,2.32,3 116.68,sl 243.060
2025.09.19 19:00:00,2669,XAUUSD,buy,in,0.01,3670.79,2669,-0.04,0.00,0.00,3 116.64,WP Buy #M20260526
2025.09.19 19:00:01,2670,NVDA.NAS,buy,in,25.9,176.37,2670,-0.52,0.00,0.00,3 116.12,RSI Scalping Buy #M20003
2025.09.19 19:20:08,2671,AAPL.NAS,buy,in,12.9,244.080,2671,-0.26,0.00,0.00,3 115.86,RSI Scalping Buy #M20001
2025.09.19 19:23:42,2672,AAPL.NAS,sell,out,12.9,244.340,2672,-0.26,0.00,3.35,3 118.95,sl 244.350
2025.09.19 20:00:00,2673,AAPL.NAS,sell,in,12.9,245.150,2673,-0.26,0.00,0.00,3 118.69,RSI Scalping Sell #M20001
2025.09.19 20:00:00,2674,AAPL.NAS,buy,in,0.1,245.180,2674,-0.02,0.00,0.00,3 118.67,WP Buy #M20260528
2025.09.19 20:00:20,2675,AAPL.NAS,sell,out,0.1,245.240,2675,-0.02,0.00,0.01,3 118.66,sl 245.240
2025.09.19 20:02:54,2676,AAPL.NAS,buy,out,12.9,245.050,2676,-0.26,0.00,1.29,3 119.69,sl 245.040
2025.09.19 21:00:03,2677,AAPL.NAS,buy,in,0.1,245.470,2677,-0.02,0.00,0.00,3 119.67,WP Buy #M20260528
2025.09.19 21:00:06,2678,AAPL.NAS,sell,out,0.1,245.250,2678,-0.02,0.00,-0.02,3 119.63,sl 245.270
2025.09.19 21:10:01,2679,AAPL.NAS,buy,in,12.9,245.820,2679,-0.26,0.00,0.00,3 119.37,RSI Scalping Buy #M20001
2025.09.19 21:13:59,2680,AAPL.NAS,sell,out,12.9,245.900,2680,-0.26,0.00,1.03,3 120.14,sl 245.900
2025.09.19 22:00:00,2681,AAPL.NAS,buy,in,0.1,245.500,2681,-0.02,0.00,0.00,3 120.12,WP Buy #M20260528
2025.09.19 22:02:08,2682,AAPL.NAS,sell,out,0.1,245.530,2682,-0.02,0.00,0.00,3 120.10,sl 245.550
2025.09.19 23:00:00,2683,XAUUSD,buy,in,0.07,3684.49,2683,-0.25,0.00,0.00,3 119.85,RSI Follow BUY #M1001
2025.09.22 04:30:01,2684,XAUUSD,sell,out,0.01,3689.17,2684,-0.04,-0.52,18.38,3 137.67,sl 3689.18
2025.09.22 05:00:00,2685,XAUUSD,sell,out,0.01,3689.38,2685,-0.04,-0.52,25.66,3 162.77,
2025.09.22 07:00:00,2686,XAUUSD,buy,in,0.07,3695.47,2686,-0.25,0.00,0.00,3 162.52,RSI Reverse BUY #M1002
2025.09.22 10:00:00,2687,XAUUSD,buy,in,0.01,3714.49,2687,-0.04,0.00,0.00,3 162.48,WP Buy #M20260526
2025.09.22 15:14:55,2688,XAUUSD,sell,out,0.01,3720.86,2688,-0.04,0.00,6.37,3 168.81,sl 3720.86
2025.09.22 16:40:00,2689,AAPL.NAS,buy,in,13.2,250.370,2689,-0.26,0.00,0.00,3 168.55,RSI Scalping Buy #M20001
2025.09.22 16:44:15,2690,AAPL.NAS,sell,out,13.2,250.400,2690,-0.26,0.00,0.40,3 168.69,sl 250.490
2025.09.22 17:00:00,2691,TSLA.NAS,buy,in,39.6,440.96,2691,-0.79,0.00,0.00,3 167.90,RSI Scalping Buy #M125421321
2025.09.22 17:00:00,2692,AAPL.NAS,buy,in,0.1,251.120,2692,-0.02,0.00,0.00,3 167.88,WP Buy #M20260528
2025.09.22 17:00:04,2693,AAPL.NAS,sell,out,0.1,250.910,2693,-0.02,0.00,-0.02,3 167.84,sl 250.920
2025.09.22 18:00:00,2694,AAPL.NAS,buy,in,0.1,253.610,2694,-0.02,0.00,0.00,3 167.82,WP Buy #M20260528
2025.09.22 18:02:48,2695,AAPL.NAS,sell,out,0.1,253.380,2695,-0.02,0.00,-0.02,3 167.78,sl 253.410
2025.09.22 19:00:00,2696,TSLA.NAS,sell,out,39.6,440.67,2696,-0.79,0.00,-11.48,3 155.51,
2025.09.22 19:00:00,2697,AAPL.NAS,buy,in,0.1,256.040,2697,-0.02,0.00,0.00,3 155.49,WP Buy #M20260528
2025.09.22 19:00:01,2698,TSLA.NAS,buy,in,0.1,440.71,2698,-0.02,0.00,0.00,3 155.47,WP Buy #M20260530
2025.09.22 19:01:50,2699,AAPL.NAS,sell,out,0.1,256.150,2699,-0.02,0.00,0.01,3 155.46,sl 256.160
2025.09.22 19:10:00,2700,AAPL.NAS,sell,in,10.5,254.930,2700,-0.21,0.00,0.00,3 155.25,RSI Scalping Sell #M20001
2025.09.22 19:11:00,2701,AAPL.NAS,buy,out,10.5,254.900,2701,-0.21,0.00,0.32,3 155.36,sl 254.900
2025.09.22 19:33:08,2702,TSLA.NAS,sell,out,0.1,437.63,2702,-0.02,0.00,-0.31,3 155.03,sl 437.71
2025.09.22 20:00:00,2703,NVDA.NAS,sell,out,25.9,183.83,2703,-0.52,-0.01,193.21,3 347.71,
2025.09.23 04:15:00,2704,XAUUSD,buy,in,0.01,3754.75,2704,-0.04,0.00,0.00,3 347.67,United SuperEMA long #M940001
2025.09.23 05:15:00,2705,XAUUSD,sell,out,0.01,3744.13,2705,-0.04,0.00,-10.62,3 337.01,
2025.09.23 06:00:00,2706,XAUUSD,sell,in,0.27,3741.91,2706,-0.95,0.00,0.00,3 336.06,RSI Scalping Sell #M129102315
2025.09.23 06:02:17,2707,XAUUSD,buy,out,0.27,3741.13,2707,-0.95,0.00,21.06,3 356.17,sl 3741.12
2025.09.23 08:45:00,2708,XAUUSD,buy,in,0.01,3757.43,2708,-0.04,0.00,0.00,3 356.13,United SuperEMA long #M940001
2025.09.23 14:00:00,2709,XAUUSD,buy,in,0.01,3783.02,2709,-0.04,0.00,0.00,3 356.09,WP Buy #M20260526
2025.09.23 14:51:01,2710,XAUUSD,sell,out,0.01,3781.23,2710,-0.04,0.00,-1.79,3 354.26,sl 3781.25
2025.09.23 15:00:00,2711,XAUUSD,buy,in,0.01,3783.91,2711,-0.04,0.00,0.00,3 354.22,WP Buy #M20260526
2025.09.23 16:45:01,2712,NVDA.NAS,sell,in,27.9,179.92,2712,-0.56,0.00,0.00,3 353.66,RSI Scalping Sell #M20003
2025.09.23 17:00:00,2713,XAUUSD,sell,out,0.01,3784.08,2713,-0.04,0.00,26.65,3 380.27,
2025.09.23 17:00:00,2714,NVDA.NAS,buy,out,27.9,179.48,2714,-0.56,0.00,12.28,3 391.99,
2025.09.23 17:21:27,2715,XAUUSD,sell,out,0.01,3768.66,2715,-0.04,0.00,-15.25,3 376.70,sl 3768.73
2025.09.23 17:30:01,2716,NVDA.NAS,buy,in,28.1,180.70,2716,-0.56,0.00,0.00,3 376.14,RSI Scalping Buy #M20003
2025.09.23 18:00:00,2717,XAUUSD,sell,in,0.28,3774.07,2717,-0.98,0.00,0.00,3 375.16,RSI Scalping Sell #M129102315
2025.09.23 18:01:39,2718,XAUUSD,buy,out,0.28,3773.96,2718,-0.98,0.00,3.08,3 377.26,sl 3773.96
2025.09.23 20:15:00,2719,NVDA.NAS,sell,out,28.1,179.20,2719,-0.56,0.00,-42.15,3 334.55,
2025.09.23 21:00:00,2720,TSLA.NAS,sell,in,20.8,428.18,2720,-0.42,0.00,0.00,3 334.13,RSI Scalping Sell #M125421321
2025.09.23 22:45:00,2721,NVDA.NAS,buy,in,27.7,178.69,2721,-0.55,0.00,0.00,3 333.58,RSI Scalping Buy #M20003
2025.09.24 07:00:00,2722,XAUUSD,buy,in,0.02,3765.41,2722,-0.07,0.00,0.00,3 333.51,United SuperEMA long #M940001
2025.09.24 09:00:00,2723,XAUUSD,buy,in,0.27,3774.98,2723,-0.95,0.00,0.00,3 332.56,RSI Scalping Buy #M129102315
2025.09.24 09:00:30,2724,XAUUSD,sell,out,0.27,3774.83,2724,-0.95,0.00,-4.05,3 327.56,sl 3774.89
2025.09.24 11:30:00,2725,XAUUSD,sell,out,0.02,3770.47,2725,-0.07,0.00,10.12,3 337.61,
2025.09.24 16:15:00,2726,XAUUSD,buy,in,0.02,3771.59,2726,-0.07,0.00,0.00,3 337.54,United SuperEMA long #M940001
2025.09.24 16:35:00,2727,TSLA.NAS,buy,out,20.8,433.17,2727,-0.42,0.00,-103.79,3 233.33,
2025.09.24 16:45:00,2728,XAUUSD,sell,out,0.02,3762.72,2728,-0.07,0.00,-17.74,3 215.52,
2025.09.24 18:37:24,2729,BTCUSD,buy,in,0.01,113707.00,2729,0.00,0.00,0.00,3 215.52,WP Buy #M20260527
2025.09.24 18:45:00,2730,XAUUSD,sell,in,0.02,3745.74,2730,-0.07,0.00,0.00,3 215.45,United SuperEMA short #M940001
2025.09.24 19:08:34,2731,NVDA.NAS,sell,out,27.7,175.72,2731,-0.55,0.00,-82.27,3 132.63,sl 175.73
2025.09.24 19:12:31,2732,BTCUSD,sell,out,0.01,113211.00,2732,0.00,0.00,-4.96,3 127.67,sl 113212.00
2025.09.24 20:15:00,2733,NVDA.NAS,buy,in,20.8,176.94,2733,-0.42,0.00,0.00,3 127.25,RSI Scalping Buy #M20003
2025.09.24 23:30:00,2734,XAUUSD,buy,out,0.02,3732.04,2734,-0.07,0.00,27.40,3 154.58,
2025.09.25 05:15:00,2735,XAUUSD,sell,in,0.05,3732.82,2735,-0.18,0.00,0.00,3 154.40,United SuperEMA short #M940001
2025.09.25 08:00:00,2736,XAUUSD,buy,out,0.05,3738.13,2736,-0.18,0.00,-26.55,3 127.67,
2025.09.25 13:00:00,2737,XAUUSD,buy,in,0.02,3757.16,2737,-0.07,0.00,0.00,3 127.60,United SuperEMA long #M940001
2025.09.25 14:00:00,2738,XAUUSD,buy,in,0.26,3757.36,2738,-0.91,0.00,0.00,3 126.69,RSI Scalping Buy #M129102315
2025.09.25 14:15:00,2739,XAUUSD,sell,out,0.02,3743.30,2739,-0.07,0.00,-27.72,3 098.90,
2025.09.25 16:45:00,2740,XAUUSD,sell,in,0.01,3726.42,2740,-0.04,0.00,0.00,3 098.86,United SuperEMA short #M940001
2025.09.25 17:00:00,2741,TSLA.NAS,sell,in,3.8,425.11,2741,-0.08,0.00,0.00,3 098.78,RSI Scalping Sell #M125421321
2025.09.25 18:00:00,2742,XAUUSD,sell,out,0.26,3731.74,2742,-0.91,0.00,-666.12,2 431.75,
2025.09.25 19:15:00,2743,XAUUSD,buy,out,0.01,3742.44,2743,-0.04,0.00,-16.02,2 415.69,
2025.09.25 20:57:31,2744,NVDA.NAS,sell,out,20.8,176.48,2744,-0.42,0.00,-9.57,2 405.70,sl 176.48
2025.09.25 21:30:00,2745,NVDA.NAS,buy,in,8,177.23,2745,-0.16,0.00,0.00,2 405.54,RSI Scalping Buy #M20003
2025.09.25 22:20:00,2746,AAPL.NAS,buy,in,8,256.780,2746,-0.16,0.00,0.00,2 405.38,RSI Scalping Buy #M20001
2025.09.25 22:24:04,2747,AAPL.NAS,sell,out,8,257.020,2747,-0.16,0.00,1.92,2 407.14,sl 257.020
2025.09.26 17:00:00,2748,XAUUSD,buy,in,0.2,3761.89,2748,-0.70,0.00,0.00,2 406.44,RSI Scalping Buy #M129102315
2025.09.26 17:00:16,2749,XAUUSD,sell,out,0.2,3762.37,2749,-0.70,0.00,9.60,2 415.34,sl 3762.37
2025.09.26 21:00:01,2750,TSLA.NAS,buy,out,3.8,435.99,2750,-0.08,0.00,-41.34,2 373.92,
2025.09.29 15:00:00,2751,XAUUSD,buy,in,0.09,3828.96,2751,-0.32,0.00,0.00,2 373.60,EMA Crossover Trade BUY #M12350
2025.09.29 15:01:56,2752,XAUUSD,sell,out,0.09,3826.88,2752,-0.32,0.00,-18.72,2 354.56,sl 3826.88
2025.09.29 16:35:01,2753,NVDA.NAS,sell,out,8,182.34,2753,-0.16,0.00,40.88,2 395.28,
2025.09.29 17:00:00,2754,XAUUSD,buy,in,0.09,3821.29,2754,-0.32,0.00,0.00,2 394.96,EMA Crossover Trade BUY #M12350
2025.09.29 17:00:00,2755,BTCUSD,buy,in,0.19,113325.00,2755,0.00,0.00,0.00,2 394.96,RSI Scalping Buy #M123459123
2025.09.29 17:00:04,2756,SOXX.NAS,buy,in,0.1,272.250,2756,-0.02,0.00,0.00,2 394.94,WP Buy #M20260532
2025.09.29 17:00:17,2757,BTCUSD,sell,out,0.19,113329.00,2757,0.00,0.00,0.76,2 395.70,sl 113329.30
2025.09.29 17:00:53,2758,SOXX.NAS,sell,out,0.1,272.300,2758,-0.02,0.00,0.01,2 395.69,sl 272.300
2025.09.29 17:13:42,2759,XAUUSD,sell,out,0.09,3826.77,2759,-0.32,0.00,49.32,2 444.69,sl 3826.78
2025.09.29 18:00:00,2760,XAUUSD,buy,in,0.1,3828.27,2760,-0.35,0.00,0.00,2 444.34,EMA Crossover Trade BUY #M12350
2025.09.29 18:06:16,2761,XAUUSD,sell,out,0.1,3828.96,2761,-0.35,0.00,6.90,2 450.89,sl 3828.98
2025.09.29 19:00:00,2762,XAUUSD,buy,in,0.1,3830.47,2762,-0.35,0.00,0.00,2 450.54,EMA Crossover Trade BUY #M12350
2025.09.29 19:00:00,2763,XAUUSD,buy,in,0.02,3830.45,2763,-0.07,0.00,0.00,2 450.47,United SuperEMA long #M940001
2025.09.29 19:21:59,2764,XAUUSD,sell,out,0.1,3829.74,2764,-0.35,0.00,-7.30,2 442.82,sl 3829.74
2025.09.29 20:00:00,2765,XAUUSD,buy,in,0.1,3830.46,2765,-0.35,0.00,0.00,2 442.47,EMA Crossover Trade BUY #M12350
2025.09.29 20:14:47,2766,XAUUSD,sell,out,0.1,3829.10,2766,-0.35,0.00,-13.60,2 428.52,sl 3829.10
2025.09.29 20:30:00,2767,XAUUSD,sell,out,0.02,3826.78,2767,-0.07,0.00,-7.34,2 421.11,
2025.09.29 21:00:00,2768,XAUUSD,buy,in,0.1,3829.30,2768,-0.35,0.00,0.00,2 420.76,EMA Crossover Trade BUY #M12350
2025.09.29 21:09:07,2769,XAUUSD,sell,out,0.1,3826.35,2769,-0.35,0.00,-29.50,2 390.91,sl 3826.41
2025.09.29 22:00:00,2770,XAUUSD,buy,in,0.07,3824.81,2770,-0.25,0.00,0.00,2 390.66,EMA Crossover Trade BUY #M12350
2025.09.29 22:15:00,2771,NVDA.NAS,sell,in,15.9,181.12,2771,-0.32,0.00,0.00,2 390.34,RSI Scalping Sell #M20003
2025.09.29 22:27:15,2772,XAUUSD,sell,out,0.07,3825.46,2772,-0.25,0.00,4.55,2 394.64,sl 3825.47
2025.09.29 22:30:00,2773,NVDA.NAS,buy,out,15.9,180.90,2773,-0.32,0.00,3.50,2 397.82,
2025.09.29 22:45:00,2774,NVDA.NAS,buy,in,19.9,181.31,2774,-0.40,0.00,0.00,2 397.42,RSI Scalping Buy #M20003
2025.09.29 23:00:00,2775,XAUUSD,buy,in,0.04,3828.98,2775,-0.14,0.00,0.00,2 397.28,EMA Crossover Trade BUY #M12350
2025.09.30 01:06:52,2776,XAUUSD,sell,out,0.04,3830.28,2776,-0.14,-2.08,5.20,2 400.26,sl 3830.39
2025.09.30 02:00:00,2777,XAUUSD,buy,in,0.1,3830.74,2777,-0.35,0.00,0.00,2 399.91,EMA Crossover Trade BUY #M12350
2025.09.30 03:06:20,2778,XAUUSD,sell,out,0.1,3835.44,2778,-0.35,0.00,47.00,2 446.56,sl 3835.46
2025.09.30 05:00:00,2779,XAUUSD,buy,in,0.01,3848.22,2779,-0.04,0.00,0.00,2 446.52,WP Buy #M20260526
2025.09.30 08:09:44,2780,XAUUSD,sell,out,0.01,3862.60,2780,-0.04,0.00,14.38,2 460.86,sl 3862.60
2025.09.30 09:00:00,2781,XAUUSD,buy,in,0.01,3869.99,2781,-0.04,0.00,0.00,2 460.82,WP Buy #M20260526
2025.09.30 09:58:58,2782,XAUUSD,sell,out,0.01,3854.99,2782,-0.04,0.00,-15.00,2 445.78,sl 3854.99
2025.09.30 10:00:00,2783,XAUUSD,sell,in,0.2,3855.93,2783,-0.70,0.00,0.00,2 445.08,RSI Scalping Sell #M129102315
2025.09.30 10:00:57,2784,XAUUSD,buy,out,0.2,3855.57,2784,-0.70,0.00,7.20,2 451.58,sl 3855.56
2025.09.30 17:00:00,2785,TSLA.NAS,sell,in,3,438.28,2785,-0.06,0.00,0.00,2 451.52,RSI Scalping Sell #M125421321
2025.09.30 18:00:00,2786,XAUUSD,buy,in,0.1,3854.04,2786,-0.35,0.00,0.00,2 451.17,EMA Crossover Trade BUY #M12350
2025.09.30 18:00:00,2787,XAUUSD,buy,in,0.2,3854.01,2787,-0.70,0.00,0.00,2 450.47,RSI Scalping Buy #M129102315
2025.09.30 18:00:01,2788,TSLA.NAS,buy,out,3,439.98,2788,-0.06,0.00,-5.10,2 445.31,
2025.09.30 18:01:52,2789,XAUUSD,sell,out,0.1,3850.35,2789,-0.35,0.00,-36.90,2 408.06,sl 3850.43
2025.09.30 18:15:00,2790,NVDA.NAS,sell,out,19.9,186.90,2790,-0.40,0.00,111.24,2 518.90,
2025.09.30 19:00:00,2791,XAUUSD,buy,in,0.1,3839.08,2791,-0.35,0.00,0.00,2 518.55,EMA Crossover Trade BUY #M12350
2025.09.30 19:00:00,2792,TSLA.NAS,sell,in,3.1,435.47,2792,-0.06,0.00,0.00,2 518.49,RSI Scalping Sell #M125421321
2025.09.30 19:24:00,2793,XAUUSD,sell,out,0.1,3840.93,2793,-0.35,0.00,18.50,2 536.64,sl 3840.93
2025.09.30 20:00:00,2794,XAUUSD,buy,in,0.1,3846.08,2794,-0.35,0.00,0.00,2 536.29,EMA Crossover Trade BUY #M12350
2025.09.30 20:44:25,2795,XAUUSD,sell,out,0.1,3845.52,2795,-0.35,0.00,-5.60,2 530.34,sl 3845.56
2025.09.30 21:00:00,2796,XAUUSD,buy,in,0.1,3844.13,2796,-0.35,0.00,0.00,2 529.99,EMA Crossover Trade BUY #M12350
2025.09.30 21:04:47,2797,XAUUSD,sell,out,0.1,3840.96,2797,-0.35,0.00,-31.70,2 497.94,sl 3841.05
2025.09.30 22:00:00,2798,XAUUSD,buy,in,0.1,3848.06,2798,-0.35,0.00,0.00,2 497.59,EMA Crossover Trade BUY #M12350
2025.09.30 22:00:00,2799,XAUUSD,sell,out,0.2,3848.01,2799,-0.70,0.00,-120.00,2 376.89,
2025.09.30 22:00:00,2800,XAUUSD,buy,in,0.01,3848.07,2800,-0.04,0.00,0.00,2 376.85,United SuperEMA long #M940001
2025.09.30 22:00:01,2801,TSLA.NAS,buy,out,3.1,442.03,2801,-0.06,0.00,-20.34,2 356.45,
2025.09.30 23:00:00,2802,XAUUSD,buy,in,0.15,3859.16,2802,-0.53,0.00,0.00,2 355.92,RSI Scalping Buy #M129102315
2025.09.30 23:00:28,2803,XAUUSD,sell,out,0.1,3857.08,2803,-0.35,0.00,90.20,2 445.77,sl 3857.10
2025.09.30 23:53:06,2804,XAUUSD,sell,out,0.15,3858.98,2804,-0.53,0.00,-2.70,2 442.54,sl 3859.03
2025.10.01 02:00:00,2805,XAUUSD,buy,in,0.1,3860.30,2805,-0.35,0.00,0.00,2 442.19,EMA Crossover Trade BUY #M12350
2025.10.01 03:26:32,2806,XAUUSD,sell,out,0.1,3861.64,2806,-0.35,0.00,13.40,2 455.24,sl 3861.64
2025.10.01 04:00:00,2807,XAUUSD,buy,in,0.1,3860.39,2807,-0.35,0.00,0.00,2 454.89,EMA Crossover Trade BUY #M12350
2025.10.01 05:12:53,2808,XAUUSD,sell,out,0.1,3871.53,2808,-0.35,0.00,111.40,2 565.94,sl 3871.53
2025.10.01 06:00:00,2809,XAUUSD,buy,in,0.1,3863.46,2809,-0.35,0.00,0.00,2 565.59,EMA Crossover Trade BUY #M12350
2025.10.01 06:00:00,2810,XAUUSD,sell,out,0.01,3863.40,2810,-0.04,-0.52,15.33,2 580.36,
2025.10.01 06:03:21,2811,XAUUSD,sell,out,0.1,3862.83,2811,-0.35,0.00,-6.30,2 573.71,sl 3862.84
2025.10.01 07:00:00,2812,XAUUSD,buy,in,0.1,3862.15,2812,-0.35,0.00,0.00,2 573.36,EMA Crossover Trade BUY #M12350
2025.10.01 07:07:27,2813,XAUUSD,sell,out,0.1,3860.98,2813,-0.35,0.00,-11.70,2 561.31,sl 3861.00
2025.10.01 11:00:00,2814,XAUUSD,buy,in,0.21,3879.47,2814,-0.74,0.00,0.00,2 560.57,RSI Scalping Buy #M129102315
2025.10.01 11:01:07,2815,XAUUSD,sell,out,0.21,3880.00,2815,-0.74,0.00,11.13,2 570.96,sl 3880.02
2025.10.01 13:00:00,2816,BTCUSD,buy,in,0.21,116463.00,2816,0.00,0.00,0.00,2 570.96,RSI Scalping Buy #M123459123
2025.10.01 13:00:03,2817,BTCUSD,sell,out,0.21,116473.50,2817,0.00,0.00,2.21,2 573.17,sl 116473.80
2025.10.01 14:46:47,2818,BTCUSD,buy,in,0.01,116604.00,2818,0.00,0.00,0.00,2 573.17,WP Buy #M20260527
2025.10.01 15:00:00,2819,BTCUSD,buy,in,0.21,116853.00,2819,0.00,0.00,0.00,2 573.17,RSI Scalping Buy #M123459123
2025.10.01 15:00:03,2820,BTCUSD,sell,out,0.21,116856.00,2820,0.00,0.00,0.63,2 573.80,sl 116858.80
2025.10.01 15:30:45,2821,BTCUSD,sell,out,0.01,116650.00,2821,0.00,0.00,0.46,2 574.26,sl 116652.50
2025.10.01 16:40:00,2822,AAPL.NAS,buy,in,10.7,258.030,2822,-0.21,0.00,0.00,2 574.05,RSI Scalping Buy #M20001
2025.10.01 16:40:24,2823,AAPL.NAS,sell,out,10.7,258.260,2823,-0.21,0.00,2.46,2 576.30,sl 258.280
2025.10.01 16:50:00,2824,AAPL.NAS,sell,in,10.7,255.390,2824,-0.21,0.00,0.00,2 576.09,RSI Scalping Sell #M20001
2025.10.01 17:00:00,2825,NVDA.NAS,sell,in,21.4,184.17,2825,-0.43,0.00,0.00,2 575.66,RSI Scalping Sell #M20003
2025.10.01 18:00:00,2826,BTCUSD,buy,in,0.21,117409.00,2826,0.00,0.00,0.00,2 575.66,RSI Scalping Buy #M123459123
2025.10.01 18:00:00,2827,TSLA.NAS,buy,in,3.2,458.65,2827,-0.06,0.00,0.00,2 575.60,RSI Scalping Buy #M125421321
2025.10.01 18:00:43,2828,BTCUSD,sell,out,0.21,117413.00,2828,0.00,0.00,0.84,2 576.44,sl 117413.80
2025.10.01 18:12:58,2829,AAPL.NAS,buy,out,10.7,255.340,2829,-0.21,0.00,0.54,2 576.77,sl 255.330
2025.10.01 18:15:00,2830,NVDA.NAS,buy,out,21.4,187.27,2830,-0.43,0.00,-66.34,2 510.00,
2025.10.01 19:00:00,2831,TSLA.NAS,sell,out,3.2,455.45,2831,-0.06,0.00,-10.24,2 499.70,
2025.10.01 20:00:01,2832,TSLA.NAS,buy,in,0.1,456.92,2832,-0.02,0.00,0.00,2 499.68,WP Buy #M20260530
2025.10.01 20:58:21,2833,TSLA.NAS,sell,out,0.1,458.26,2833,-0.02,0.00,0.13,2 499.79,sl 458.26
2025.10.01 21:00:00,2834,TSLA.NAS,buy,in,0.1,458.27,2834,-0.02,0.00,0.00,2 499.77,WP Buy #M20260530
2025.10.01 21:28:02,2835,TSLA.NAS,sell,out,0.1,459.30,2835,-0.02,0.00,0.10,2 499.85,sl 459.32
2025.10.02 03:00:00,2836,BTCUSD,buy,in,0.2,118681.00,2836,0.00,0.00,0.00,2 499.85,RSI Scalping Buy #M123459123
2025.10.02 03:00:04,2837,BTCUSD,sell,out,0.2,118697.00,2837,0.00,0.00,3.20,2 503.05,sl 118703.80
2025.10.02 03:15:01,2838,XAUUSD,sell,in,0.02,3858.39,2838,-0.07,0.00,0.00,2 502.98,United SuperEMA short #M940001
2025.10.02 04:30:00,2839,XAUUSD,buy,out,0.02,3864.05,2839,-0.07,0.00,-11.32,2 491.59,
2025.10.02 05:00:00,2840,BTCUSD,buy,in,0.2,118702.00,2840,0.00,0.00,0.00,2 491.59,RSI Scalping Buy #M123459123
2025.10.02 05:00:00,2841,XAUUSD,buy,in,0.02,3865.18,2841,-0.07,0.00,0.00,2 491.52,United SuperEMA long #M940001
2025.10.02 05:00:02,2842,BTCUSD,sell,out,0.2,118705.50,2842,0.00,0.00,0.70,2 492.22,sl 118705.80
2025.10.02 08:00:00,2843,XAUUSD,sell,out,0.02,3864.34,2843,-0.07,0.00,-1.68,2 490.47,
2025.10.02 08:15:00,2844,XAUUSD,buy,in,0.02,3868.15,2844,-0.07,0.00,0.00,2 490.40,United SuperEMA long #M940001
2025.10.02 10:00:00,2845,XAUUSD,sell,out,0.02,3863.82,2845,-0.07,0.00,-8.66,2 481.67,
2025.10.02 10:15:00,2846,XAUUSD,buy,in,0.02,3873.36,2846,-0.07,0.00,0.00,2 481.60,United SuperEMA long #M940001
2025.10.02 10:30:00,2847,XAUUSD,sell,out,0.02,3864.64,2847,-0.07,0.00,-17.44,2 464.09,
2025.10.02 11:45:00,2848,XAUUSD,buy,in,0.02,3875.82,2848,-0.07,0.00,0.00,2 464.02,United SuperEMA long #M940001
2025.10.02 12:00:00,2849,XAUUSD,buy,in,0.2,3874.62,2849,-0.70,0.00,0.00,2 463.32,RSI Scalping Buy #M129102315
2025.10.02 12:01:30,2850,XAUUSD,sell,out,0.2,3874.63,2850,-0.70,0.00,0.20,2 462.82,sl 3874.63
2025.10.02 14:00:00,2851,XAUUSD,buy,in,0.01,3881.94,2851,-0.04,0.00,0.00,2 462.78,WP Buy #M20260526
2025.10.02 15:15:42,2852,XAUUSD,sell,out,0.01,3884.35,2852,-0.04,0.00,2.41,2 465.15,sl 3884.36
2025.10.02 17:00:00,2853,BTCUSD,buy,in,0.2,119725.00,2853,0.00,0.00,0.00,2 465.15,RSI Scalping Buy #M123459123
2025.10.02 17:00:00,2854,XAUUSD,sell,out,0.02,3875.05,2854,-0.07,0.00,-1.54,2 463.54,
2025.10.02 17:00:10,2855,BTCUSD,sell,out,0.2,119728.00,2855,0.00,0.00,0.60,2 464.14,sl 119729.80
2025.10.02 19:00:00,2856,TSLA.NAS,sell,in,3,447.51,2856,-0.06,0.00,0.00,2 464.08,RSI Scalping Sell #M125421321
2025.10.02 23:00:00,2857,BTCUSD,buy,in,0.2,120935.50,2857,0.00,0.00,0.00,2 464.08,RSI Scalping Buy #M123459123
2025.10.02 23:00:13,2858,BTCUSD,sell,out,0.2,120939.00,2858,0.00,0.00,0.70,2 464.78,sl 120939.80
2025.10.03 04:30:00,2859,XAUUSD,sell,in,0.01,3851.83,2859,-0.04,0.00,0.00,2 464.74,United SuperEMA short #M940001
2025.10.03 05:00:00,2860,XAUUSD,buy,out,0.01,3858.49,2860,-0.04,0.00,-6.66,2 458.04,
2025.10.03 05:45:00,2861,XAUUSD,sell,in,0.01,3849.51,2861,-0.04,0.00,0.00,2 458.00,United SuperEMA short #M940001
2025.10.03 08:30:00,2862,XAUUSD,buy,out,0.01,3854.42,2862,-0.04,0.00,-4.91,2 453.05,
2025.10.03 12:00:00,2863,XAUUSD,buy,in,0.01,3864.69,2863,-0.04,0.00,0.00,2 453.01,United SuperEMA long #M940001
2025.10.03 12:30:00,2864,XAUUSD,sell,out,0.01,3859.50,2864,-0.04,0.00,-5.19,2 447.78,
2025.10.03 13:15:00,2865,XAUUSD,buy,in,0.01,3865.53,2865,-0.04,0.00,0.00,2 447.74,United SuperEMA long #M940001
2025.10.03 14:30:00,2866,XAUUSD,sell,out,0.01,3858.82,2866,-0.04,0.00,-6.71,2 440.99,
2025.10.03 15:45:00,2867,XAUUSD,buy,in,0.01,3870.75,2867,-0.04,0.00,0.00,2 440.95,United SuperEMA long #M940001
2025.10.03 16:00:00,2868,XAUUSD,buy,in,0.16,3874.40,2868,-0.56,0.00,0.00,2 440.39,RSI Scalping Buy #M129102315
2025.10.03 16:00:00,2869,XAUUSD,buy,in,0.01,3874.42,2869,-0.04,0.00,0.00,2 440.35,WP Buy #M20260526
2025.10.03 16:01:38,2870,XAUUSD,sell,out,0.16,3875.16,2870,-0.56,0.00,12.16,2 451.95,sl 3875.16
2025.10.03 16:31:49,2871,XAUUSD,sell,out,0.01,3877.02,2871,-0.04,0.00,2.60,2 454.51,sl 3877.03
2025.10.03 17:00:00,2872,XAUUSD,buy,in,0.1,3883.14,2872,-0.35,0.00,0.00,2 454.16,EMA Crossover Trade BUY #M12350
2025.10.03 17:00:00,2873,XAUUSD,buy,in,0.01,3885.70,2873,-0.04,0.00,0.00,2 454.12,WP Buy #M20260526
2025.10.03 17:00:11,2874,XAUUSD,sell,out,0.1,3882.13,2874,-0.35,0.00,-10.10,2 443.67,sl 3882.23
2025.10.03 17:14:35,2875,XAUUSD,sell,out,0.01,3868.00,2875,-0.04,0.00,-17.70,2 425.93,sl 3868.14
2025.10.03 18:00:00,2876,XAUUSD,buy,in,0.1,3879.98,2876,-0.35,0.00,0.00,2 425.58,EMA Crossover Trade BUY #M12350
2025.10.03 18:01:22,2877,XAUUSD,sell,out,0.1,3878.04,2877,-0.35,0.00,-19.40,2 405.83,sl 3878.09
2025.10.03 19:00:00,2878,XAUUSD,buy,in,0.1,3889.86,2878,-0.35,0.00,0.00,2 405.48,EMA Crossover Trade BUY #M12350
2025.10.03 19:00:00,2879,BTCUSD,buy,in,0.2,122406.00,2879,0.00,0.00,0.00,2 405.48,RSI Scalping Buy #M123459123
2025.10.03 19:00:09,2880,BTCUSD,sell,out,0.2,122438.00,2880,0.00,0.00,6.40,2 411.88,sl 122439.30
2025.10.03 19:15:00,2881,NVDA.NAS,sell,in,20,188.57,2881,-0.40,0.00,0.00,2 411.48,RSI Scalping Sell #M20003
2025.10.03 19:45:01,2882,NVDA.NAS,buy,out,20,187.67,2882,-0.40,0.00,18.00,2 429.08,
2025.10.03 19:45:02,2883,NVDA.NAS,sell,in,20,187.66,2883,-0.40,0.00,0.00,2 428.68,RSI Scalping Sell #M20003
2025.10.03 20:00:00,2884,NVDA.NAS,buy,out,20,187.99,2884,-0.40,0.00,-6.60,2 421.68,
2025.10.03 20:00:00,2885,TSLA.NAS,buy,out,3,424.22,2885,-0.06,0.00,69.87,2 491.49,
2025.10.03 21:00:00,2886,XAUUSD,sell,out,0.01,3882.03,2886,-0.04,0.00,11.28,2 502.73,
2025.10.03 21:30:01,2887,NVDA.NAS,buy,in,20.8,187.48,2887,-0.42,0.00,0.00,2 502.31,RSI Scalping Buy #M20003
2025.10.03 23:00:00,2888,BTCUSD,buy,in,0.2,122799.00,2888,0.00,0.00,0.00,2 502.31,RSI Scalping Buy #M123459123
2025.10.03 23:00:06,2889,BTCUSD,sell,out,0.2,122799.00,2889,0.00,0.00,0.00,2 502.31,sl 122809.80
2025.10.06 01:05:00,2890,XAUUSD,sell,out,0.1,3888.32,2890,-0.35,-5.19,-15.40,2 481.37,sl 3888.35
2025.10.06 02:00:00,2891,XAUUSD,buy,in,0.1,3899.50,2891,-0.35,0.00,0.00,2 481.02,EMA Crossover Trade BUY #M12350
2025.10.06 02:05:43,2892,XAUUSD,sell,out,0.1,3917.14,2892,-0.35,0.00,176.40,2 657.07,sl 3917.19
2025.10.06 03:00:00,2893,XAUUSD,buy,in,0.11,3909.84,2893,-0.39,0.00,0.00,2 656.68,EMA Crossover Trade BUY #M12350
2025.10.06 03:00:00,2894,XAUUSD,buy,in,0.01,3909.51,2894,-0.04,0.00,0.00,2 656.64,WP Buy #M20260526
2025.10.06 03:01:25,2895,XAUUSD,sell,out,0.11,3906.38,2895,-0.39,0.00,-38.06,2 618.19,sl 3906.39
2025.10.06 04:00:00,2896,XAUUSD,buy,in,0.1,3900.59,2896,-0.35,0.00,0.00,2 617.84,EMA Crossover Trade BUY #M12350
2025.10.06 04:00:00,2897,XAUUSD,sell,in,0.21,3900.92,2897,-0.74,0.00,0.00,2 617.10,RSI Scalping Sell #M129102315
2025.10.06 04:00:13,2898,XAUUSD,buy,out,0.21,3901.06,2898,-0.74,0.00,-2.94,2 613.42,sl 3901.00
2025.10.06 04:19:44,2899,XAUUSD,sell,out,0.1,3904.33,2899,-0.35,0.00,37.40,2 650.47,sl 3904.34
2025.10.06 05:00:00,2900,XAUUSD,buy,in,0.11,3918.28,2900,-0.39,0.00,0.00,2 650.08,EMA Crossover Trade BUY #M12350
2025.10.06 05:00:00,2901,XAUUSD,buy,in,0.01,3918.28,2901,-0.04,0.00,0.00,2 650.04,United SuperEMA long #M940001
2025.10.06 05:10:59,2902,XAUUSD,sell,out,0.11,3920.75,2902,-0.39,0.00,27.17,2 676.82,sl 3920.79
2025.10.06 06:00:00,2903,XAUUSD,buy,in,0.11,3920.76,2903,-0.39,0.00,0.00,2 676.43,EMA Crossover Trade BUY #M12350
2025.10.06 06:14:16,2904,XAUUSD,sell,out,0.11,3922.56,2904,-0.39,0.00,19.80,2 695.84,sl 3922.56
2025.10.06 07:00:00,2905,XAUUSD,buy,in,0.11,3929.58,2905,-0.39,0.00,0.00,2 695.45,EMA Crossover Trade BUY #M12350
2025.10.06 07:10:09,2906,XAUUSD,sell,out,0.11,3929.43,2906,-0.39,0.00,-1.65,2 693.41,sl 3929.43
2025.10.06 07:44:54,2907,XAUUSD,sell,out,0.01,3939.87,2907,-0.04,0.00,30.36,2 723.73,tp 3939.84
2025.10.06 08:00:00,2908,XAUUSD,buy,in,0.01,3938.72,2908,-0.04,0.00,0.00,2 723.69,WP Buy #M20260526
2025.10.06 08:17:37,2909,XAUUSD,sell,out,0.01,3937.14,2909,-0.04,0.00,-1.58,2 722.07,sl 3937.15
2025.10.06 09:15:00,2910,XAUUSD,sell,out,0.01,3925.92,2910,-0.04,0.00,7.64,2 729.67,
2025.10.06 12:00:00,2911,XAUUSD,buy,in,0.02,3942.61,2911,-0.07,0.00,0.00,2 729.60,United SuperEMA long #M940001
2025.10.06 14:15:00,2912,XAUUSD,sell,out,0.02,3936.73,2912,-0.07,0.00,-11.76,2 717.77,
2025.10.06 15:00:00,2913,XAUUSD,sell,in,0.22,3937.77,2913,-0.77,0.00,0.00,2 717.00,RSI Scalping Sell #M129102315
2025.10.06 15:00:17,2914,XAUUSD,buy,out,0.22,3936.70,2914,-0.77,0.00,23.54,2 739.77,sl 3936.60
2025.10.06 17:21:27,2915,BTCUSD,buy,in,0.01,125065.00,2915,0.00,0.00,0.00,2 739.77,WP Buy #M20260527
2025.10.06 17:30:01,2916,NVDA.NAS,sell,out,20.8,185.51,2916,-0.42,-0.01,-40.98,2 698.36,
2025.10.06 17:56:11,2917,BTCUSD,sell,out,0.01,124522.00,2917,0.00,0.00,-5.43,2 692.93,sl 124523.00
2025.10.06 18:15:00,2918,NVDA.NAS,buy,in,22.4,185.58,2918,-0.45,0.00,0.00,2 692.48,RSI Scalping Buy #M20003
2025.10.06 19:00:00,2919,SOXX.NAS,buy,in,0.1,291.500,2919,-0.02,0.00,0.00,2 692.46,WP Buy #M20260532
2025.10.06 19:03:29,2920,SOXX.NAS,sell,out,0.1,291.200,2920,-0.02,0.00,-0.03,2 692.41,sl 291.200
2025.10.06 20:00:00,2921,XAUUSD,sell,in,0.22,3954.33,2921,-0.77,0.00,0.00,2 691.64,RSI Scalping Sell #M129102315
2025.10.06 20:26:25,2922,XAUUSD,buy,out,0.22,3953.53,2922,-0.77,0.00,17.60,2 708.47,sl 3953.50
2025.10.07 02:30:00,2923,XAUUSD,buy,in,0.01,3969.86,2923,-0.04,0.00,0.00,2 708.43,United SuperEMA long #M940001
2025.10.07 04:00:00,2924,XAUUSD,sell,in,0.22,3962.78,2924,-0.77,0.00,0.00,2 707.66,RSI Scalping Sell #M129102315
2025.10.07 04:00:00,2925,XAUUSD,sell,out,0.01,3962.78,2925,-0.04,0.00,-7.08,2 700.54,
2025.10.07 04:00:51,2926,XAUUSD,buy,out,0.22,3960.04,2926,-0.77,0.00,60.28,2 760.05,sl 3960.04
2025.10.07 07:00:00,2927,XAUUSD,buy,in,0.01,3973.57,2927,-0.04,0.00,0.00,2 760.01,United SuperEMA long #M940001
2025.10.07 08:30:00,2928,XAUUSD,sell,out,0.01,3963.74,2928,-0.04,0.00,-9.83,2 750.14,
2025.10.07 09:00:00,2929,XAUUSD,sell,in,0.22,3965.08,2929,-0.77,0.00,0.00,2 749.37,RSI Scalping Sell #M129102315
2025.10.07 09:00:29,2930,XAUUSD,buy,out,0.22,3963.63,2930,-0.77,0.00,31.90,2 780.50,sl 3963.61
2025.10.07 14:00:00,2931,XAUUSD,buy,in,0.01,3960.24,2931,-0.04,0.00,0.00,2 780.46,United SuperEMA long #M940001
2025.10.07 15:00:00,2932,XAUUSD,buy,in,0.23,3966.79,2932,-0.81,0.00,0.00,2 779.65,RSI Scalping Buy #M129102315
2025.10.07 15:00:30,2933,XAUUSD,sell,out,0.23,3968.28,2933,-0.81,0.00,34.27,2 813.11,sl 3968.29
2025.10.07 18:00:00,2934,XAUUSD,buy,in,0.01,3985.65,2934,-0.04,0.00,0.00,2 813.07,WP Buy #M20260526
2025.10.07 18:06:12,2935,NVDA.NAS,sell,out,22.4,185.26,2935,-0.45,0.00,-7.17,2 805.45,sl 185.28
2025.10.07 18:30:00,2936,NVDA.NAS,sell,in,23.3,185.22,2936,-0.47,0.00,0.00,2 804.98,RSI Scalping Sell #M20003
2025.10.07 18:30:50,2937,XAUUSD,sell,out,0.01,3983.35,2937,-0.04,0.00,-2.30,2 802.64,sl 3983.45
2025.10.07 18:45:01,2938,NVDA.NAS,buy,out,23.3,185.16,2938,-0.47,0.00,1.40,2 803.57,
2025.10.07 19:00:00,2939,XAUUSD,sell,out,0.01,3966.35,2939,-0.04,0.00,6.11,2 809.64,
2025.10.07 19:00:00,2940,TSLA.NAS,sell,in,3.5,441.05,2940,-0.07,0.00,0.00,2 809.57,RSI Scalping Sell #M125421321
2025.10.07 19:15:00,2941,NVDA.NAS,sell,in,23.4,185.29,2941,-0.47,0.00,0.00,2 809.10,RSI Scalping Sell #M20003
2025.10.07 20:00:00,2942,XAUUSD,buy,in,0.23,3977.02,2942,-0.81,0.00,0.00,2 808.29,RSI Scalping Buy #M129102315
2025.10.07 20:00:36,2943,XAUUSD,sell,out,0.23,3976.91,2943,-0.81,0.00,-2.53,2 804.95,sl 3976.91
2025.10.07 20:30:00,2944,NVDA.NAS,buy,out,23.4,185.90,2944,-0.47,0.00,-14.27,2 790.21,
2025.10.07 20:45:00,2945,XAUUSD,buy,in,0.01,3986.43,2945,-0.04,0.00,0.00,2 790.17,United SuperEMA long #M940001
2025.10.07 21:00:01,2946,TSLA.NAS,buy,out,3.5,447.38,2946,-0.07,0.00,-22.16,2 767.94,
2025.10.07 21:15:00,2947,NVDA.NAS,buy,in,23,185.81,2947,-0.46,0.00,0.00,2 767.48,RSI Scalping Buy #M20003
2025.10.07 22:00:00,2948,TSLA.NAS,sell,in,3.4,440.80,2948,-0.07,0.00,0.00,2 767.41,RSI Scalping Sell #M125421321
2025.10.08 04:15:00,2949,XAUUSD,sell,out,0.01,3988.50,2949,-0.04,-0.52,2.07,2 768.92,
2025.10.08 05:00:00,2950,XAUUSD,buy,in,0.01,4000.87,2950,-0.04,0.00,0.00,2 768.88,United SuperEMA long #M940001
2025.10.08 06:00:00,2951,XAUUSD,buy,in,0.01,4011.93,2951,-0.04,0.00,0.00,2 768.84,WP Buy #M20260526
2025.10.08 08:46:27,2952,XAUUSD,sell,out,0.01,4029.61,2952,-0.04,0.00,17.68,2 786.48,sl 4029.61
2025.10.08 09:00:00,2953,XAUUSD,buy,in,0.01,4029.23,2953,-0.04,0.00,0.00,2 786.44,WP Buy #M20260526
2025.10.08 10:58:15,2954,XAUUSD,sell,out,0.01,4031.18,2954,-0.04,0.00,1.95,2 788.35,sl 4031.46
2025.10.08 14:00:00,2955,XAUUSD,sell,out,0.01,4037.30,2955,-0.04,0.00,36.43,2 824.74,
2025.10.08 17:00:00,2956,XAUUSD,sell,in,0.23,4037.89,2956,-0.81,0.00,0.00,2 823.93,RSI Scalping Sell #M129102315
2025.10.08 17:06:22,2957,XAUUSD,buy,out,0.23,4037.55,2957,-0.81,0.00,7.82,2 830.94,sl 4037.54
2025.10.08 17:24:11,2958,TSLA.NAS,buy,out,3.4,434.42,2958,-0.07,0.00,21.69,2 852.56,sl 434.41
2025.10.08 21:00:00,2959,XAUUSD,sell,in,0.23,4051.30,2959,-0.81,0.00,0.00,2 851.75,RSI Scalping Sell #M129102315
2025.10.08 21:01:06,2960,XAUUSD,buy,out,0.23,4050.34,2960,-0.81,0.00,22.08,2 873.02,sl 4050.33
2025.10.09 06:45:02,2961,XAUUSD,buy,in,0.02,4029.00,2961,-0.07,0.00,0.00,2 872.95,United SuperEMA long #M940001
2025.10.09 08:00:00,2962,XAUUSD,buy,in,0.23,4038.90,2962,-0.81,0.00,0.00,2 872.14,RSI Scalping Buy #M129102315
2025.10.09 08:16:56,2963,XAUUSD,sell,out,0.23,4038.55,2963,-0.81,0.00,-8.05,2 863.28,sl 4038.63
2025.10.09 10:00:00,2964,XAUUSD,sell,out,0.02,4026.16,2964,-0.07,0.00,-5.68,2 857.53,
2025.10.09 12:15:00,2965,XAUUSD,buy,in,0.02,4040.53,2965,-0.07,0.00,0.00,2 857.46,United SuperEMA long #M940001
2025.10.09 14:00:00,2966,XAUUSD,buy,in,0.23,4044.42,2966,-0.81,0.00,0.00,2 856.65,RSI Scalping Buy #M129102315
2025.10.09 14:00:35,2967,XAUUSD,sell,out,0.23,4045.90,2967,-0.81,0.00,34.04,2 889.88,sl 4045.92
2025.10.09 14:30:00,2968,XAUUSD,sell,out,0.02,4036.06,2968,-0.07,0.00,-8.94,2 880.87,
2025.10.09 14:45:00,2969,XAUUSD,buy,in,0.02,4044.68,2969,-0.07,0.00,0.00,2 880.80,United SuperEMA long #M940001
2025.10.09 16:45:00,2970,XAUUSD,sell,out,0.02,4031.50,2970,-0.07,0.00,-26.36,2 854.37,
2025.10.09 17:00:00,2971,NVDA.NAS,sell,out,23,194.39,2971,-0.46,0.00,197.34,3 051.25,
2025.10.09 19:45:00,2972,XAUUSD,sell,in,0.01,3986.11,2972,-0.04,0.00,0.00,3 051.21,United SuperEMA short #M940001
2025.10.09 20:00:00,2973,XAUUSD,sell,out,0.07,3969.29,2973,-0.25,-72.63,1 993.60,4 971.93,
2025.10.09 21:00:00,2974,XAUUSD,sell,out,0.07,3950.11,2974,-0.25,-69.00,1 782.48,6 685.16,
2025.10.09 22:45:00,2975,XAUUSD,buy,out,0.01,3979.28,2975,-0.04,0.00,6.83,6 691.95,
2025.10.10 06:30:00,2976,XAUUSD,sell,in,0.05,3970.37,2976,-0.18,0.00,0.00,6 691.77,United SuperEMA short #M940001
2025.10.10 08:30:01,2977,XAUUSD,buy,out,0.05,3973.50,2977,-0.18,0.00,-15.65,6 675.94,
2025.10.10 16:00:00,2978,XAUUSD,sell,in,0.05,3985.45,2978,-0.18,0.00,0.00,6 675.76,United SuperEMA short #M940001
2025.10.10 16:45:00,2979,XAUUSD,buy,out,0.05,3993.26,2979,-0.18,0.00,-39.05,6 636.53,
2025.10.10 17:15:00,2980,XAUUSD,sell,in,0.05,3980.77,2980,-0.18,0.00,0.00,6 636.35,United SuperEMA short #M940001
2025.10.10 18:15:00,2981,XAUUSD,buy,out,0.05,4009.34,2981,-0.18,0.00,-142.85,6 493.32,
2025.10.10 18:30:00,2982,NVDA.NAS,sell,in,54.1,188.73,2982,-1.08,0.00,0.00,6 492.24,RSI Scalping Sell #M20003
2025.10.10 18:45:00,2983,NVDA.NAS,buy,out,54.1,189.68,2983,-1.08,0.00,-51.40,6 439.76,
2025.10.10 21:00:00,2984,XTIUSD,sell,in,0.5,59.04,2984,0.00,0.00,0.00,6 439.76,WP Sell #M20260533
2025.10.10 21:00:00,2985,XBRUSD,sell,in,0.5,63.11,2985,0.00,0.00,0.00,6 439.76,WP Sell #M20260534
2025.10.10 22:30:00,2986,XAUUSD,buy,in,0.04,4005.48,2986,-0.14,0.00,0.00,6 439.62,United SuperEMA long #M940001
2025.10.10 23:00:00,2987,XAUUSD,buy,in,0.42,4011.65,2987,-1.47,0.00,0.00,6 438.15,RSI Scalping Buy #M129102315
2025.10.10 23:00:08,2988,XAUUSD,sell,out,0.42,4011.40,2988,-1.47,0.00,-10.50,6 426.18,sl 4011.41
2025.10.13 01:00:15,2989,XTIUSD,buy,out,0.5,59.31,2989,0.00,-21.83,-13.50,6 390.85,sl 59.28
2025.10.13 02:00:00,2990,XAUUSD,buy,in,0.21,4042.58,2990,-0.74,0.00,0.00,6 390.11,EMA Crossover Trade BUY #M12350
2025.10.13 02:00:00,2991,XAUUSD,buy,in,0.01,4042.56,2991,-0.04,0.00,0.00,6 390.07,WP Buy #M20260526
2025.10.13 02:08:39,2992,XAUUSD,sell,out,0.21,4054.94,2992,-0.74,0.00,259.56,6 648.89,sl 4055.08
2025.10.13 02:12:13,2993,XAUUSD,sell,out,0.01,4052.21,2993,-0.04,0.00,9.65,6 658.50,sl 4052.21
2025.10.13 03:00:00,2994,XAUUSD,buy,in,0.27,4035.25,2994,-0.95,0.00,0.00,6 657.55,EMA Crossover Trade BUY #M12350
2025.10.13 03:03:17,2995,XAUUSD,sell,out,0.27,4032.34,2995,-0.95,0.00,-78.57,6 578.03,sl 4032.38
2025.10.13 04:00:00,2996,XAUUSD,buy,in,0.27,4044.35,2996,-0.95,0.00,0.00,6 577.08,EMA Crossover Trade BUY #M12350
2025.10.13 04:00:02,2997,XAUUSD,sell,out,0.27,4041.24,2997,-0.95,0.00,-83.97,6 492.16,sl 4041.25
2025.10.13 05:00:00,2998,XAUUSD,buy,in,0.27,4052.81,2998,-0.95,0.00,0.00,6 491.21,EMA Crossover Trade BUY #M12350
2025.10.13 05:03:20,2999,XAUUSD,sell,out,0.27,4051.83,2999,-0.95,0.00,-26.46,6 463.80,sl 4051.86
2025.10.13 06:00:00,3000,XAUUSD,buy,in,0.26,4048.12,3000,-0.91,0.00,0.00,6 462.89,EMA Crossover Trade BUY #M12350
2025.10.13 06:24:26,3001,XAUUSD,sell,out,0.26,4047.04,3001,-0.91,0.00,-28.08,6 433.90,sl 4047.06
2025.10.13 07:00:01,3002,XAUUSD,buy,in,0.21,4052.01,3002,-0.74,0.00,0.00,6 433.16,EMA Crossover Trade BUY #M12350
2025.10.13 07:20:40,3003,XAUUSD,sell,out,0.21,4053.47,3003,-0.74,0.00,30.66,6 463.08,sl 4053.47
2025.10.13 08:00:00,3004,XAUUSD,buy,in,0.26,4056.37,3004,-0.91,0.00,0.00,6 462.17,EMA Crossover Trade BUY #M12350
2025.10.13 08:11:07,3005,XAUUSD,sell,out,0.26,4061.84,3005,-0.91,0.00,142.22,6 603.48,sl 4061.88
2025.10.13 09:00:00,3006,XAUUSD,buy,in,0.27,4063.44,3006,-0.95,0.00,0.00,6 602.53,EMA Crossover Trade BUY #M12350
2025.10.13 09:04:47,3007,XAUUSD,sell,out,0.27,4063.74,3007,-0.95,0.00,8.10,6 609.68,sl 4063.75
2025.10.13 10:00:00,3008,XAUUSD,buy,in,0.27,4068.99,3008,-0.95,0.00,0.00,6 608.73,EMA Crossover Trade BUY #M12350
2025.10.13 10:16:57,3009,XAUUSD,sell,out,0.27,4069.36,3009,-0.95,0.00,9.99,6 617.77,sl 4069.36
2025.10.13 15:00:00,3010,XAUUSD,sell,in,0.55,4074.11,3010,-1.93,0.00,0.00,6 615.84,RSI Scalping Sell #M129102315
2025.10.13 15:00:00,3011,XAUUSD,sell,out,0.04,4074.10,3011,-0.14,-2.08,274.48,6 888.10,
2025.10.13 15:02:34,3012,XAUUSD,buy,out,0.55,4074.41,3012,-1.93,0.00,-16.50,6 869.67,sl 4074.41
2025.10.13 16:45:00,3013,NVDA.NAS,buy,in,57.2,188.53,3013,-1.14,0.00,0.00,6 868.53,RSI Scalping Buy #M20003
2025.10.13 17:57:00,3014,NVDA.NAS,sell,out,57.2,186.34,3014,-1.14,0.00,-125.27,6 742.12,sl 186.34
2025.10.13 18:45:00,3015,XAUUSD,buy,in,0.05,4100.06,3015,-0.18,0.00,0.00,6 741.94,United SuperEMA long #M940001
2025.10.13 21:15:00,3016,XAUUSD,sell,out,0.05,4101.90,3016,-0.18,0.00,9.20,6 750.96,
2025.10.14 06:00:00,3017,XAUUSD,buy,in,0.01,4145.90,3017,-0.04,0.00,0.00,6 750.92,WP Buy #M20260526
2025.10.14 07:17:42,3018,XAUUSD,sell,out,0.01,4161.84,3018,-0.04,0.00,15.94,6 766.82,sl 4161.90
2025.10.14 07:44:21,3019,AUDUSD,buy,in,0.45,0.64791,3019,-1.58,0.00,0.00,6 765.24,RSI Oversold Crossover Buy #M30
2025.10.14 08:00:00,3020,AUDUSD,sell,out,0.45,0.64803,3020,-1.58,0.00,5.40,6 769.06,
2025.10.14 08:00:00,3021,XAUUSD,buy,in,0.01,4167.50,3021,-0.04,0.00,0.00,6 769.02,WP Buy #M20260526
2025.10.14 08:34:33,3022,XAUUSD,sell,out,0.01,4171.86,3022,-0.04,0.00,4.36,6 773.34,sl 4171.92
2025.10.14 09:00:00,3023,XAUUSD,sell,in,0.56,4121.31,3023,-1.96,0.00,0.00,6 771.38,RSI Scalping Sell #M129102315
2025.10.14 09:00:02,3024,XAUUSD,buy,out,0.56,4121.10,3024,-1.96,0.00,11.76,6 781.18,sl 4120.86
2025.10.14 11:00:00,3025,XAUUSD,buy,in,0.56,4125.68,3025,-1.96,0.00,0.00,6 779.22,RSI Scalping Buy #M129102315
2025.10.14 11:00:16,3026,XAUUSD,sell,out,0.56,4127.21,3026,-1.96,0.00,85.68,6 862.94,sl 4127.28
2025.10.14 14:00:00,3027,XAUUSD,buy,in,0.57,4132.05,3027,-2.00,0.00,0.00,6 860.94,RSI Scalping Buy #M129102315
2025.10.14 14:00:15,3028,XAUUSD,sell,out,0.57,4133.80,3028,-2.00,0.00,99.75,6 958.69,sl 4133.83
2025.10.14 16:31:16,3029,XBRUSD,buy,out,0.5,62.67,3029,0.00,-22.65,22.00,6 958.04,sl 62.67
2025.10.14 16:45:00,3030,NVDA.NAS,sell,in,57.9,180.36,3030,-1.16,0.00,0.00,6 956.88,RSI Scalping Sell #M20003
2025.10.14 17:00:00,3031,NVDA.NAS,buy,out,57.9,181.14,3031,-1.16,0.00,-45.16,6 910.56,
2025.10.14 17:00:00,3032,TSLA.NAS,sell,in,8.6,419.84,3032,-0.17,0.00,0.00,6 910.39,RSI Scalping Sell #M125421321
2025.10.14 18:15:00,3033,XAUUSD,buy,in,0.11,4141.24,3033,-0.39,0.00,0.00,6 910.00,United SuperEMA long #M940001
2025.10.14 18:45:00,3034,NVDA.NAS,buy,in,57.5,182.45,3034,-1.15,0.00,0.00,6 908.85,RSI Scalping Buy #M20003
2025.10.14 19:00:00,3035,XAUUSD,buy,in,0.57,4138.03,3035,-2.00,0.00,0.00,6 906.85,RSI Scalping Buy #M129102315
2025.10.14 19:00:39,3036,XAUUSD,sell,out,0.57,4137.77,3036,-2.00,0.00,-14.82,6 890.03,sl 4137.81
2025.10.14 22:44:06,3037,NVDA.NAS,sell,out,57.5,180.44,3037,-1.15,0.00,-115.58,6 773.30,sl 180.44
2025.10.14 22:45:00,3038,XAUUSD,sell,out,0.11,4139.68,3038,-0.39,0.00,-17.16,6 755.75,
2025.10.14 22:45:00,3039,NVDA.NAS,sell,in,45,180.38,3039,-0.90,0.00,0.00,6 754.85,RSI Scalping Sell #M20003
2025.10.15 04:15:00,3040,XAUUSD,buy,in,0.09,4178.73,3040,-0.32,0.00,0.00,6 754.53,United SuperEMA long #M940001
2025.10.15 05:00:00,3041,XAUUSD,buy,in,0.01,4181.85,3041,-0.04,0.00,0.00,6 754.49,WP Buy #M20260526
2025.10.15 07:03:47,3042,XAUUSD,sell,out,0.01,4182.90,3042,-0.04,0.00,1.05,6 755.50,sl 4183.02
2025.10.15 07:45:02,3043,XAUUSD,sell,out,0.09,4179.41,3043,-0.32,0.00,6.12,6 761.30,
2025.10.15 13:00:00,3044,XAUUSD,sell,in,0.56,4192.46,3044,-1.96,0.00,0.00,6 759.34,RSI Scalping Sell #M129102315
2025.10.15 13:01:17,3045,XAUUSD,buy,out,0.56,4192.45,3045,-1.96,0.00,0.56,6 757.94,sl 4192.32
2025.10.15 17:00:00,3046,TSLA.NAS,buy,out,8.6,435.66,3046,-0.17,0.00,-136.05,6 621.72,
2025.10.15 17:30:00,3047,NVDA.NAS,buy,out,45,182.41,3047,-0.90,0.00,-91.35,6 529.47,
2025.10.15 18:45:02,3048,NVDA.NAS,sell,in,27.2,180.77,3048,-0.54,0.00,0.00,6 528.93,RSI Scalping Sell #M20003
2025.10.15 19:00:00,3049,NVDA.NAS,buy,out,27.2,180.50,3049,-0.54,0.00,7.34,6 535.73,
2025.10.15 19:00:00,3050,TSLA.NAS,sell,in,8.1,433.43,3050,-0.16,0.00,0.00,6 535.57,RSI Scalping Sell #M125421321
2025.10.15 19:30:02,3051,NVDA.NAS,buy,in,27.2,180.69,3051,-0.54,0.00,0.00,6 535.03,RSI Scalping Buy #M20003
2025.10.15 20:45:01,3052,NVDA.NAS,sell,out,27.2,178.98,3052,-0.54,0.00,-46.51,6 487.98,
2025.10.15 21:00:00,3053,NVDA.NAS,buy,in,27,179.52,3053,-0.54,0.00,0.00,6 487.44,RSI Scalping Buy #M20003
2025.10.15 22:00:01,3054,TSLA.NAS,buy,out,8.1,434.42,3054,-0.16,0.00,-8.02,6 479.26,
2025.10.15 22:00:01,3055,XAUUSD,buy,in,0.1,4200.82,3055,-0.35,0.00,0.00,6 478.91,United SuperEMA long #M940001
2025.10.16 07:00:00,3056,XAUUSD,sell,in,0.53,4233.57,3056,-1.86,0.00,0.00,6 477.05,RSI Scalping Sell #M129102315
2025.10.16 07:00:23,3057,XAUUSD,buy,out,0.53,4233.61,3057,-1.86,0.00,-2.12,6 473.07,sl 4233.59
2025.10.16 08:15:00,3058,XAUUSD,sell,out,0.1,4227.40,3058,-0.35,-15.57,265.80,6 722.95,
2025.10.16 10:00:00,3059,XAUUSD,buy,in,0.56,4222.74,3059,-1.96,0.00,0.00,6 720.99,RSI Scalping Buy #M129102315
2025.10.16 10:00:31,3060,XAUUSD,sell,out,0.56,4223.99,3060,-1.96,0.00,70.00,6 789.03,sl 4223.99
2025.10.16 16:30:00,3061,XAUUSD,buy,in,0.11,4251.87,3061,-0.39,0.00,0.00,6 788.64,United SuperEMA long #M940001
2025.10.16 16:35:00,3062,TSLA.NAS,sell,in,8.4,434.76,3062,-0.17,0.00,0.00,6 788.47,RSI Scalping Sell #M125421321
2025.10.16 17:00:01,3063,TSLA.NAS,buy,out,8.4,435.19,3063,-0.17,0.00,-3.61,6 784.69,
2025.10.16 19:00:00,3064,TSLA.NAS,sell,in,8.4,432.96,3064,-0.17,0.00,0.00,6 784.52,RSI Scalping Sell #M125421321
2025.10.16 20:00:00,3065,XAUUSD,buy,in,0.01,4282.91,3065,-0.04,0.00,0.00,6 784.48,WP Buy #M20260526
2025.10.16 20:09:10,3066,XAUUSD,sell,out,0.01,4280.86,3066,-0.04,0.00,-2.05,6 782.39,sl 4280.91
2025.10.16 21:00:00,3067,XAUUSD,buy,in,0.01,4293.74,3067,-0.04,0.00,0.00,6 782.35,WP Buy #M20260526
2025.10.16 21:15:33,3068,XAUUSD,sell,out,0.01,4278.64,3068,-0.04,0.00,-15.10,6 767.21,sl 4278.70
2025.10.16 22:00:00,3069,XTIUSD,sell,in,0.5,57.60,3069,0.00,0.00,0.00,6 767.21,WP Sell #M20260533
2025.10.16 22:00:00,3070,XBRUSD,sell,in,0.5,61.41,3070,0.00,0.00,0.00,6 767.21,WP Sell #M20260534
2025.10.16 23:00:00,3071,XAUUSD,buy,in,0.01,4308.39,3071,-0.04,0.00,0.00,6 767.17,WP Buy #M20260526
2025.10.16 23:35:49,3072,XAUUSD,sell,out,0.01,4312.83,3072,-0.04,0.00,4.44,6 771.57,sl 4312.83
2025.10.17 04:30:00,3073,XAUUSD,sell,out,0.11,4334.09,3073,-0.39,-5.71,904.42,7 669.89,
2025.10.17 05:00:03,3074,XAUUSD,sell,in,0.63,4314.60,3074,-2.21,0.00,0.00,7 667.68,RSI Scalping Sell #M129102315
2025.10.17 05:00:14,3075,XAUUSD,buy,out,0.63,4313.86,3075,-2.21,0.00,46.62,7 712.09,sl 4313.84
2025.10.17 07:15:08,3076,XAUUSD,buy,in,0.12,4371.06,3076,-0.42,0.00,0.00,7 711.67,United SuperEMA long #M940001
2025.10.17 09:00:00,3077,XAUUSD,sell,in,0.64,4365.98,3077,-2.24,0.00,0.00,7 709.43,RSI Scalping Sell #M129102315
2025.10.17 09:00:04,3078,XAUUSD,buy,out,0.64,4365.99,3078,-2.24,0.00,-0.64,7 706.55,sl 4365.99
2025.10.17 09:45:00,3079,XAUUSD,sell,out,0.12,4364.17,3079,-0.42,0.00,-82.68,7 623.45,
2025.10.17 12:00:09,3080,BTCUSD,sell,in,0.01,104820.70,3080,0.00,0.00,0.00,7 623.45,WP Sell #M20260527
2025.10.17 12:08:17,3081,BTCUSD,buy,out,0.01,105324.02,3081,0.00,0.00,-5.03,7 618.42,sl 105320.70
2025.10.17 13:00:00,3082,BTCUSD,sell,in,0.01,104508.13,3082,0.00,0.00,0.00,7 618.42,WP Sell #M20260527
2025.10.17 13:14:37,3083,BTCUSD,buy,out,0.01,104580.93,3083,0.00,0.00,-0.73,7 617.69,sl 104580.23
2025.10.17 14:13:17,3084,XBRUSD,buy,out,0.5,61.27,3084,0.00,-5.66,7.00,7 619.03,sl 61.25
2025.10.17 14:13:17,3085,XTIUSD,buy,out,0.5,57.53,3085,0.00,-7.28,3.50,7 615.25,sl 57.52
2025.10.17 16:51:17,3086,TSLA.NAS,buy,out,8.4,430.54,3086,-0.17,0.00,20.33,7 635.41,sl 430.47
2025.10.17 22:00:00,3087,AAPL.NAS,buy,in,0.1,252.290,3087,-0.02,0.00,0.00,7 635.39,WP Buy #M20260528
2025.10.17 22:00:51,3088,AAPL.NAS,sell,out,0.1,252.310,3088,-0.02,0.00,0.00,7 635.37,sl 252.310
2025.10.20 09:00:00,3089,BTCUSD,buy,in,0.63,111097.11,3089,0.00,0.00,0.00,7 635.37,RSI Scalping Buy #M123459123
2025.10.20 09:00:00,3090,XAUUSD,sell,in,0.12,4239.96,3090,-0.42,0.00,0.00,7 634.95,United SuperEMA short #M940001
2025.10.20 09:00:01,3091,BTCUSD,buy,in,0.01,111072.61,3091,0.00,0.00,0.00,7 634.95,WP Buy #M20260527
2025.10.20 09:01:51,3092,BTCUSD,sell,out,0.63,111104.68,3092,0.00,0.00,4.77,7 639.72,sl 111104.68
2025.10.20 10:30:01,3093,XAUUSD,buy,out,0.12,4254.16,3093,-0.42,0.00,-170.40,7 468.90,
2025.10.20 10:54:11,3094,BTCUSD,sell,out,0.01,111141.39,3094,0.00,0.00,0.69,7 469.59,sl 111145.52
2025.10.20 16:00:00,3095,XAUUSD,buy,in,0.31,4323.90,3095,-1.09,0.00,0.00,7 468.50,EMA Crossover Trade BUY #M12350
2025.10.20 16:00:00,3096,XAUUSD,buy,in,0.62,4324.63,3096,-2.17,0.00,0.00,7 466.33,RSI Scalping Buy #M129102315
2025.10.20 16:00:02,3097,XAUUSD,sell,out,0.31,4320.49,3097,-1.09,0.00,-105.71,7 359.53,sl 4320.56
2025.10.20 16:40:00,3098,AAPL.NAS,buy,in,9.7,258.360,3098,-0.19,0.00,0.00,7 359.34,RSI Scalping Buy #M20001
2025.10.20 16:40:30,3099,AAPL.NAS,sell,out,9.7,258.450,3099,-0.19,0.00,0.87,7 360.02,sl 258.480
2025.10.20 17:00:00,3100,XAUUSD,buy,in,0.01,4300.67,3100,-0.04,0.00,0.00,7 359.98,EMA Crossover Trade BUY #M12350
2025.10.20 17:00:00,3101,AAPL.NAS,buy,in,0.1,259.050,3101,-0.02,0.00,0.00,7 359.96,WP Buy #M20260528
2025.10.20 17:00:45,3102,XAUUSD,sell,out,0.01,4297.30,3102,-0.04,0.00,-3.37,7 356.55,sl 4297.32
2025.10.20 17:01:01,3103,AAPL.NAS,sell,out,0.1,259.450,3103,-0.02,0.00,0.04,7 356.57,tp 259.450
2025.10.20 17:10:00,3104,AAPL.NAS,sell,in,7.5,258.460,3104,-0.15,0.00,0.00,7 356.42,RSI Scalping Sell #M20001
2025.10.20 17:11:15,3105,AAPL.NAS,buy,out,7.5,258.230,3105,-0.15,0.00,1.73,7 358.00,sl 258.210
2025.10.20 17:20:30,3106,XAUUSD,sell,out,0.62,4329.58,3106,-2.17,0.00,306.90,7 662.73,sl 4329.60
2025.10.20 17:30:00,3107,XAUUSD,buy,in,0.12,4326.55,3107,-0.42,0.00,0.00,7 662.31,United SuperEMA long #M940001
2025.10.20 18:00:00,3108,XAUUSD,buy,in,0.31,4333.02,3108,-1.09,0.00,0.00,7 661.22,EMA Crossover Trade BUY #M12350
2025.10.20 18:00:00,3109,AAPL.NAS,buy,in,0.1,261.580,3109,-0.02,0.00,0.00,7 661.20,WP Buy #M20260528
2025.10.20 18:00:40,3110,AAPL.NAS,sell,out,0.1,261.740,3110,-0.02,0.00,0.02,7 661.20,sl 261.780
2025.10.20 18:03:57,3111,XAUUSD,sell,out,0.31,4335.25,3111,-1.09,0.00,69.13,7 729.24,sl 4335.33
2025.10.20 19:00:00,3112,AAPL.NAS,sell,in,32.2,263.300,3112,-0.64,0.00,0.00,7 728.60,RSI Scalping Sell #M20001
2025.10.20 19:00:00,3113,AAPL.NAS,buy,in,0.1,263.320,3113,-0.02,0.00,0.00,7 728.58,WP Buy #M20260528
2025.10.20 19:00:00,3114,XAUUSD,buy,in,0.32,4349.29,3114,-1.12,0.00,0.00,7 727.46,EMA Crossover Trade BUY #M12350
2025.10.20 19:01:04,3115,AAPL.NAS,sell,out,0.1,263.480,3115,-0.02,0.00,0.02,7 727.46,sl 263.480
2025.10.20 19:02:54,3116,AAPL.NAS,buy,out,32.2,263.360,3116,-0.64,0.00,-1.93,7 724.89,sl 263.260
2025.10.20 19:10:03,3117,AAPL.NAS,buy,in,32.1,263.630,3117,-0.64,0.00,0.00,7 724.25,RSI Scalping Buy #M20001
2025.10.20 19:10:04,3118,XAUUSD,sell,out,0.32,4347.06,3118,-1.12,0.00,-71.36,7 651.77,sl 4347.12
2025.10.20 19:11:11,3119,AAPL.NAS,sell,out,32.1,263.760,3119,-0.64,0.00,4.17,7 655.30,sl 263.820
2025.10.20 20:00:00,3120,XAUUSD,buy,in,0.31,4348.00,3120,-1.09,0.00,0.00,7 654.21,EMA Crossover Trade BUY #M12350
2025.10.20 20:00:00,3121,XAUUSD,buy,in,0.01,4347.96,3121,-0.04,0.00,0.00,7 654.17,WP Buy #M20260526
2025.10.20 20:00:00,3122,AAPL.NAS,buy,in,0.1,263.630,3122,-0.02,0.00,0.00,7 654.15,WP Buy #M20260528
2025.10.20 20:05:25,3123,AAPL.NAS,sell,out,0.1,263.730,3123,-0.02,0.00,0.01,7 654.14,sl 263.850
2025.10.20 20:11:14,3124,XAUUSD,sell,out,0.31,4347.29,3124,-1.09,0.00,-22.01,7 631.04,sl 4347.29
2025.10.20 21:00:00,3125,XAUUSD,buy,in,0.31,4348.21,3125,-1.09,0.00,0.00,7 629.95,EMA Crossover Trade BUY #M12350
2025.10.20 21:08:22,3126,XAUUSD,sell,out,0.31,4345.30,3126,-1.09,0.00,-90.21,7 538.65,sl 4345.31
2025.10.20 22:00:00,3127,XAUUSD,buy,in,0.31,4359.55,3127,-1.09,0.00,0.00,7 537.56,EMA Crossover Trade BUY #M12350
2025.10.20 22:55:47,3128,XAUUSD,sell,out,0.01,4378.01,3128,-0.04,0.00,30.05,7 567.57,tp 4378.00
2025.10.20 22:59:57,3129,XAUUSD,sell,out,0.31,4377.56,3129,-1.09,0.00,558.31,8 124.79,sl 4377.56
2025.10.20 23:00:00,3130,XAUUSD,buy,in,0.33,4378.16,3130,-1.16,0.00,0.00,8 123.63,EMA Crossover Trade BUY #M12350
2025.10.20 23:01:40,3131,XAUUSD,sell,out,0.33,4376.24,3131,-1.16,0.00,-63.36,8 059.11,sl 4376.25
2025.10.20 23:30:00,3132,XAUUSD,sell,out,0.12,4354.17,3132,-0.42,0.00,331.44,8 390.13,
2025.10.21 02:00:01,3133,XAUUSD,buy,in,0.34,4367.66,3133,-1.19,0.00,0.00,8 388.94,EMA Crossover Trade BUY #M12350
2025.10.21 02:08:42,3134,XAUUSD,sell,out,0.34,4367.86,3134,-1.19,0.00,6.80,8 394.55,sl 4368.00
2025.10.21 15:15:00,3135,XAUUSD,sell,in,0.13,4224.35,3135,-0.46,0.00,0.00,8 394.09,United SuperEMA short #M940001
2025.10.21 16:42:02,3136,NVDA.NAS,sell,out,27,181.42,3136,-0.54,-0.01,51.30,8 444.84,sl 181.42
2025.10.21 18:00:00,3137,NVDA.NAS,buy,in,70.3,181.33,3137,-1.41,0.00,0.00,8 443.43,RSI Scalping Buy #M20003
2025.10.21 19:00:00,3138,BTCUSD,buy,in,0.7,113518.04,3138,0.00,0.00,0.00,8 443.43,RSI Scalping Buy #M123459123
2025.10.21 19:00:28,3139,BTCUSD,sell,out,0.7,113570.09,3139,0.00,0.00,36.44,8 479.87,sl 113571.80
2025.10.21 23:15:02,3140,XAUUSD,buy,out,0.13,4121.14,3140,-0.46,0.00,1 341.73,9 821.14,
2025.10.22 11:15:01,3141,XAUUSD,sell,in,0.16,4088.02,3141,-0.56,0.00,0.00,9 820.58,United SuperEMA short #M940001
2025.10.22 16:15:00,3142,XAUUSD,buy,out,0.16,4064.92,3142,-0.56,0.00,369.60,10 189.62,
2025.10.22 17:00:00,3143,TSLA.NAS,sell,in,12.7,441.52,3143,-0.25,0.00,0.00,10 189.37,RSI Scalping Sell #M125421321
2025.10.22 17:43:32,3144,NVDA.NAS,sell,out,70.3,179.68,3144,-1.41,-0.01,-116.00,10 071.95,sl 179.68
2025.10.22 18:00:00,3145,NVDA.NAS,buy,in,83.9,180.69,3145,-1.68,0.00,0.00,10 070.27,RSI Scalping Buy #M20003
2025.10.22 20:45:01,3146,NVDA.NAS,sell,out,83.9,177.24,3146,-1.68,0.00,-289.46,9 779.13,
2025.10.22 21:45:05,3147,NVDA.NAS,buy,in,40.7,178.40,3147,-0.81,0.00,0.00,9 778.32,RSI Scalping Buy #M20003
2025.10.22 22:26:02,3148,TSLA.NAS,buy,out,12.7,438.20,3148,-0.25,0.00,42.16,9 820.23,sl 438.19
2025.10.23 03:30:00,3149,XAUUSD,sell,in,0.16,4077.07,3149,-0.56,0.00,0.00,9 819.67,United SuperEMA short #M940001
2025.10.23 06:15:01,3150,XAUUSD,buy,out,0.16,4089.51,3150,-0.56,0.00,-199.04,9 620.07,
2025.10.23 17:00:00,3151,XAUUSD,buy,in,0.4,4144.60,3151,-1.40,0.00,0.00,9 618.67,EMA Crossover Trade BUY #M12350
2025.10.23 17:00:00,3152,XAUUSD,buy,in,0.8,4144.71,3152,-2.80,0.00,0.00,9 615.87,RSI Scalping Buy #M129102315
2025.10.23 17:01:04,3153,XAUUSD,sell,out,0.4,4141.14,3153,-1.40,0.00,-138.40,9 476.07,sl 4141.14
2025.10.23 17:01:09,3154,XAUUSD,sell,out,0.8,4144.80,3154,-2.80,0.00,7.20,9 480.47,sl 4144.84
2025.10.23 18:00:00,3155,XAUUSD,buy,in,0.39,4148.55,3155,-1.37,0.00,0.00,9 479.10,EMA Crossover Trade BUY #M12350
2025.10.23 18:00:00,3156,XAUUSD,buy,in,0.02,4148.56,3156,-0.07,0.00,0.00,9 479.03,WP Buy #M20260526
2025.10.23 18:06:01,3157,XAUUSD,sell,out,0.39,4148.01,3157,-1.37,0.00,-21.06,9 456.60,sl 4148.02
2025.10.23 19:20:12,3158,XAUUSD,sell,out,0.02,4133.41,3158,-0.07,0.00,-30.30,9 426.23,sl 4133.55
2025.10.23 21:00:00,3159,XAUUSD,buy,in,0.78,4137.73,3159,-2.73,0.00,0.00,9 423.50,RSI Scalping Buy #M129102315
2025.10.23 21:00:07,3160,XAUUSD,sell,out,0.78,4137.91,3160,-2.73,0.00,14.04,9 434.81,sl 4137.97
2025.10.24 03:30:00,3161,XAUUSD,buy,in,0.15,4132.76,3161,-0.53,0.00,0.00,9 434.28,United SuperEMA long #M940001
2025.10.24 05:00:00,3162,XAUUSD,sell,out,0.15,4118.65,3162,-0.53,0.00,-211.65,9 222.10,
2025.10.24 08:00:00,3163,XAUUSD,sell,in,0.23,4112.02,3163,-0.81,0.00,0.00,9 221.29,RSI Reverse SELL #M1002
2025.10.24 09:15:00,3164,XAUUSD,sell,in,0.15,4083.70,3164,-0.53,0.00,0.00,9 220.76,United SuperEMA short #M940001
2025.10.24 15:15:00,3165,XAUUSD,buy,out,0.15,4062.38,3165,-0.53,0.00,319.80,9 540.03,
2025.10.24 17:00:01,3166,TSLA.NAS,sell,in,59.6,440.94,3166,-1.19,0.00,0.00,9 538.84,RSI Scalping Sell #M125421321
2025.10.24 18:00:00,3167,XAUUSD,buy,out,0.23,4117.64,3167,-0.81,0.00,-129.26,9 408.77,
2025.10.24 18:20:00,3168,AAPL.NAS,buy,in,39.2,262.800,3168,-0.78,0.00,0.00,9 407.99,RSI Scalping Buy #M20001
2025.10.24 18:22:17,3169,AAPL.NAS,sell,out,39.2,263.020,3169,-0.78,0.00,8.62,9 415.83,sl 263.020
2025.10.24 18:50:00,3170,AAPL.NAS,sell,in,39.2,263.280,3170,-0.78,0.00,0.00,9 415.05,RSI Scalping Sell #M20001
2025.10.24 18:56:10,3171,AAPL.NAS,buy,out,39.2,263.130,3171,-0.78,0.00,5.88,9 420.15,sl 263.090
2025.10.24 19:00:00,3172,XAUUSD,buy,in,0.39,4130.97,3172,-1.37,0.00,0.00,9 418.78,EMA Crossover Trade BUY #M12350
2025.10.24 19:00:00,3173,XAUUSD,buy,in,0.78,4130.99,3173,-2.73,0.00,0.00,9 416.05,RSI Scalping Buy #M129102315
2025.10.24 19:00:35,3174,XAUUSD,sell,out,0.78,4131.13,3174,-2.73,0.00,10.92,9 424.24,sl 4131.13
2025.10.24 19:01:47,3175,XAUUSD,sell,out,0.39,4128.34,3175,-1.37,0.00,-102.57,9 320.30,sl 4128.34
2025.10.24 19:15:05,3176,XAUUSD,buy,in,0.15,4133.11,3176,-0.53,0.00,0.00,9 319.77,United SuperEMA long #M940001
2025.10.24 19:30:00,3177,AAPL.NAS,sell,in,38.8,263.580,3177,-0.78,0.00,0.00,9 318.99,RSI Scalping Sell #M20001
2025.10.24 19:30:39,3178,AAPL.NAS,buy,out,38.8,263.590,3178,-0.78,0.00,-0.39,9 317.82,sl 263.580
2025.10.24 20:30:00,3179,XAUUSD,sell,out,0.15,4121.08,3179,-0.53,0.00,-180.45,9 136.84,
2025.10.24 23:00:00,3180,XAUUSD,buy,in,0.22,4104.42,3180,-0.77,0.00,0.00,9 136.07,RSI Follow BUY #M1001
2025.10.27 02:00:00,3181,BTCUSD,buy,in,0.76,114703.33,3181,0.00,0.00,0.00,9 136.07,RSI Scalping Buy #M123459123
2025.10.27 02:00:01,3182,BTCUSD,sell,out,0.76,114701.79,3182,0.00,0.00,-1.17,9 134.90,sl 114707.24
2025.10.27 03:00:00,3183,XAUUSD,sell,out,0.22,4065.18,3183,-0.77,-11.42,-863.28,8 259.43,
2025.10.27 04:00:00,3184,XAUUSD,buy,in,0.16,4081.44,3184,-0.56,0.00,0.00,8 258.87,RSI Follow BUY #M1001
2025.10.27 07:00:02,3185,BTCUSD,buy,in,0.55,115008.89,3185,0.00,0.00,0.00,8 258.87,RSI Scalping Buy #M123459123
2025.10.27 07:00:09,3186,BTCUSD,sell,out,0.55,115012.59,3186,0.00,0.00,2.04,8 260.91,sl 115014.99
2025.10.27 10:00:54,3187,BTCUSD,buy,in,0.02,116003.16,3187,0.00,0.00,0.00,8 260.91,WP Buy #M20260527
2025.10.27 10:06:37,3188,BTCUSD,sell,out,0.02,116093.28,3188,0.00,0.00,1.80,8 262.71,sl 116096.50
2025.10.27 12:00:00,3189,XAUUSD,sell,out,0.16,4043.06,3189,-0.56,0.00,-614.08,7 648.07,
2025.10.27 12:00:00,3190,XAUUSD,sell,in,0.13,4043.13,3190,-0.46,0.00,0.00,7 647.61,United SuperEMA short #M940001
2025.10.27 16:00:00,3191,XAUUSD,buy,out,0.13,4046.44,3191,-0.46,0.00,-43.03,7 604.12,
2025.10.27 16:35:01,3192,TSLA.NAS,buy,out,59.6,442.62,3192,-1.19,0.00,-100.13,7 502.80,sl 439.28
2025.10.27 22:50:06,3193,AAPL.NAS,buy,in,31.2,268.080,3193,-0.62,0.00,0.00,7 502.18,RSI Scalping Buy #M20001
2025.10.27 22:52:15,3194,AAPL.NAS,sell,out,31.2,268.240,3194,-0.62,0.00,4.99,7 506.55,sl 268.260
2025.10.28 07:30:03,3195,XAUUSD,sell,in,0.12,3972.13,3195,-0.42,0.00,0.00,7 506.13,United SuperEMA short #M940001
2025.10.28 14:00:00,3196,XAUUSD,buy,out,0.12,3926.62,3196,-0.42,0.00,546.12,8 051.83,
2025.10.28 16:35:12,3197,AAPL.NAS,buy,in,0.2,269.170,3197,-0.02,0.00,0.00,8 051.81,WP Buy #M20260528
2025.10.28 16:35:15,3198,AAPL.NAS,sell,out,0.2,268.970,3198,-0.02,0.00,-0.04,8 051.75,sl 268.970
2025.10.28 16:40:00,3199,AAPL.NAS,sell,in,33.5,268.310,3199,-0.67,0.00,0.00,8 051.08,RSI Scalping Sell #M20001
2025.10.28 17:41:48,3200,AAPL.NAS,buy,out,33.5,268.310,3200,-0.67,0.00,0.00,8 050.41,sl 268.290
2025.10.29 01:15:00,3201,XAUUSD,sell,in,0.13,3936.87,3201,-0.46,0.00,0.00,8 049.95,United SuperEMA short #M940001
2025.10.29 02:30:15,3202,XAUUSD,buy,out,0.13,3950.85,3202,-0.46,0.00,-181.74,7 867.75,
2025.10.29 11:00:00,3203,XAUUSD,buy,in,0.65,4001.63,3203,-2.28,0.00,0.00,7 865.47,RSI Scalping Buy #M129102315
2025.10.29 11:00:13,3204,XAUUSD,sell,out,0.65,4002.28,3204,-2.28,0.00,42.25,7 905.44,sl 4002.28
2025.10.29 12:00:00,3205,XAUUSD,buy,in,0.16,4016.86,3205,-0.56,0.00,0.00,7 904.88,EMA Crossover Trade BUY #M12350
2025.10.29 12:00:00,3206,XAUUSD,buy,in,0.01,4016.84,3206,-0.04,0.00,0.00,7 904.84,WP Buy #M20260526
2025.10.29 12:07:10,3207,XAUUSD,sell,out,0.16,4015.96,3207,-0.56,0.00,-14.40,7 889.88,sl 4015.97
2025.10.29 13:00:00,3208,XAUUSD,buy,in,0.16,4024.22,3208,-0.56,0.00,0.00,7 889.32,EMA Crossover Trade BUY #M12350
2025.10.29 13:02:23,3209,XAUUSD,sell,out,0.01,4022.11,3209,-0.04,0.00,5.27,7 894.55,sl 4022.12
2025.10.29 13:02:23,3210,XAUUSD,sell,out,0.16,4022.11,3210,-0.56,0.00,-33.76,7 860.23,sl 4022.15
2025.10.29 14:00:00,3211,XAUUSD,buy,in,0.16,4023.52,3211,-0.56,0.00,0.00,7 859.67,EMA Crossover Trade BUY #M12350
2025.10.29 14:00:00,3212,XAUUSD,buy,in,0.01,4023.52,3212,-0.04,0.00,0.00,7 859.63,WP Buy #M20260526
2025.10.29 14:14:09,3213,XAUUSD,sell,out,0.16,4024.65,3213,-0.56,0.00,18.08,7 877.15,sl 4024.66
2025.10.29 15:00:00,3214,XAUUSD,buy,in,0.16,4016.89,3214,-0.56,0.00,0.00,7 876.59,EMA Crossover Trade BUY #M12350
2025.10.29 15:04:05,3215,XAUUSD,sell,out,0.16,4015.27,3215,-0.56,0.00,-25.92,7 850.11,sl 4015.33
2025.10.29 15:39:44,3216,XAUUSD,sell,out,0.01,4022.21,3216,-0.04,0.00,-1.31,7 848.76,sl 4022.46
2025.10.29 16:00:00,3217,XAUUSD,buy,in,0.32,4025.70,3217,-1.12,0.00,0.00,7 847.64,EMA Crossover Trade BUY #M12350
2025.10.29 16:35:00,3218,NVDA.NAS,sell,out,40.7,210.79,3218,-0.81,-0.06,1 318.27,9 165.04,
2025.10.29 17:00:39,3219,SOXX.NAS,buy,in,0.1,312.490,3219,-0.02,0.00,0.00,9 165.02,WP Buy #M20260532
2025.10.29 17:00:51,3220,SOXX.NAS,sell,out,0.1,312.390,3220,-0.02,0.00,-0.01,9 164.99,sl 312.450
2025.10.29 18:51:00,3221,XAUUSD,sell,out,0.32,3992.96,3221,-1.12,0.00,-1 047.68,8 116.19,
2025.10.29 22:00:00,3222,NVDA.NAS,buy,in,33.8,206.66,3222,-0.68,0.00,0.00,8 115.51,RSI Scalping Buy #M20003
2025.10.30 06:00:00,3223,XAUUSD,sell,in,0.13,3922.21,3223,-0.46,0.00,0.00,8 115.05,United SuperEMA short #M940001
2025.10.30 07:30:00,3224,XAUUSD,buy,out,0.13,3959.50,3224,-0.46,0.00,-484.77,7 629.82,
2025.10.30 13:00:00,3225,XAUUSD,buy,in,0.15,3998.48,3225,-0.53,0.00,0.00,7 629.29,EMA Crossover Trade BUY #M12350
2025.10.30 13:00:00,3226,XAUUSD,buy,in,0.63,3998.57,3226,-2.21,0.00,0.00,7 627.08,RSI Scalping Buy #M129102315
2025.10.30 13:02:10,3227,XAUUSD,sell,out,0.63,3999.34,3227,-2.21,0.00,48.51,7 673.38,sl 3999.84
2025.10.30 13:03:43,3228,XAUUSD,sell,out,0.15,3997.17,3228,-0.53,0.00,-19.65,7 653.20,sl 3997.34
2025.10.30 16:35:00,3229,NVDA.NAS,sell,out,33.8,202.92,3229,-0.68,-0.01,-126.41,7 526.10,sl 204.26
2025.10.30 16:45:01,3230,NVDA.NAS,sell,in,31.3,202.91,3230,-0.63,0.00,0.00,7 525.47,RSI Scalping Sell #M20003
2025.10.30 17:00:01,3231,TSLA.NAS,sell,in,47,451.61,3231,-0.94,0.00,0.00,7 524.53,RSI Scalping Sell #M125421321
2025.10.30 17:15:00,3232,NVDA.NAS,buy,out,31.3,203.67,3232,-0.63,0.00,-23.79,7 500.11,
2025.10.30 17:15:00,3233,XAUUSD,buy,in,0.12,4011.63,3233,-0.42,0.00,0.00,7 499.69,United SuperEMA long #M940001
2025.10.30 17:45:00,3234,NVDA.NAS,buy,in,31.2,203.49,3234,-0.62,0.00,0.00,7 499.07,RSI Scalping Buy #M20003
2025.10.30 19:00:00,3235,XAUUSD,buy,in,0.15,4001.93,3235,-0.53,0.00,0.00,7 498.54,EMA Crossover Trade BUY #M12350
2025.10.30 19:00:00,3236,XAUUSD,buy,in,0.62,4001.77,3236,-2.17,0.00,0.00,7 496.37,RSI Scalping Buy #M129102315
2025.10.30 19:01:00,3237,XAUUSD,sell,out,0.62,4003.41,3237,-2.17,0.00,101.68,7 595.88,sl 4003.41
2025.10.30 19:02:09,3238,XAUUSD,sell,out,0.15,4000.20,3238,-0.53,0.00,-25.95,7 569.40,sl 4000.29
2025.10.30 20:00:00,3239,XAUUSD,buy,in,0.03,4001.66,3239,-0.11,0.00,0.00,7 569.29,EMA Crossover Trade BUY #M12350
2025.10.30 20:05:52,3240,XAUUSD,sell,out,0.03,4000.25,3240,-0.11,0.00,-4.23,7 564.95,sl 4000.28
2025.10.30 21:00:00,3241,XAUUSD,buy,in,0.03,4004.80,3241,-0.11,0.00,0.00,7 564.84,EMA Crossover Trade BUY #M12350
2025.10.30 21:01:00,3242,XAUUSD,sell,out,0.03,4001.16,3242,-0.11,0.00,-10.92,7 553.81,sl 4001.18
2025.10.30 22:00:00,3243,XAUUSD,buy,in,0.03,4016.64,3243,-0.11,0.00,0.00,7 553.70,EMA Crossover Trade BUY #M12350
2025.10.30 22:21:20,3244,XAUUSD,sell,out,0.03,4022.15,3244,-0.11,0.00,16.53,7 570.12,sl 4022.15
2025.10.30 23:00:00,3245,XAUUSD,buy,in,0.03,4023.51,3245,-0.11,0.00,0.00,7 570.01,EMA Crossover Trade BUY #M12350
2025.10.30 23:00:00,3246,XAUUSD,buy,in,0.18,4023.29,3246,-0.63,0.00,0.00,7 569.38,RSI Follow BUY #M1001
2025.10.30 23:08:07,3247,XAUUSD,sell,out,0.03,4023.30,3247,-0.11,0.00,-0.63,7 568.64,sl 4023.30
2025.10.31 02:00:00,3248,XAUUSD,buy,in,0.03,4037.86,3248,-0.11,0.00,0.00,7 568.53,EMA Crossover Trade BUY #M12350
2025.10.31 02:01:12,3249,XAUUSD,sell,out,0.03,4034.84,3249,-0.11,0.00,-9.06,7 559.36,sl 4034.92
2025.10.31 03:00:00,3250,XAUUSD,buy,in,0.03,4036.59,3250,-0.11,0.00,0.00,7 559.25,EMA Crossover Trade BUY #M12350
2025.10.31 03:03:19,3251,XAUUSD,sell,out,0.03,4033.02,3251,-0.11,0.00,-10.71,7 548.43,sl 4033.04
2025.10.31 04:00:00,3252,XAUUSD,buy,in,0.03,4025.39,3252,-0.11,0.00,0.00,7 548.32,EMA Crossover Trade BUY #M12350
2025.10.31 04:12:55,3253,XAUUSD,sell,out,0.03,4034.92,3253,-0.11,0.00,28.59,7 576.80,sl 4035.07
2025.10.31 04:45:02,3254,XAUUSD,sell,out,0.12,4024.21,3254,-0.42,-6.23,150.96,7 721.11,
2025.10.31 05:00:00,3255,XAUUSD,buy,in,0.03,4018.43,3255,-0.11,0.00,0.00,7 721.00,EMA Crossover Trade BUY #M12350
2025.10.31 05:01:58,3256,XAUUSD,sell,out,0.03,4015.24,3256,-0.11,0.00,-9.57,7 711.32,sl 4015.25
2025.10.31 09:30:00,3257,XAUUSD,buy,in,0.12,4009.11,3257,-0.42,0.00,0.00,7 710.90,United SuperEMA long #M940001
2025.10.31 11:00:00,3258,XAUUSD,buy,in,0.64,4021.17,3258,-2.24,0.00,0.00,7 708.66,RSI Scalping Buy #M129102315
2025.10.31 11:00:15,3259,XAUUSD,sell,out,0.64,4020.89,3259,-2.24,0.00,-17.92,7 688.50,sl 4021.05
2025.10.31 12:15:00,3260,XAUUSD,sell,out,0.12,4005.41,3260,-0.42,0.00,-44.40,7 643.68,
2025.10.31 15:30:00,3261,XAUUSD,buy,in,0.12,4019.80,3261,-0.42,0.00,0.00,7 643.26,United SuperEMA long #M940001
2025.10.31 16:00:00,3262,XAUUSD,buy,in,0.63,4022.82,3262,-2.21,0.00,0.00,7 641.05,RSI Scalping Buy #M129102315
2025.10.31 16:00:22,3263,XAUUSD,sell,out,0.63,4023.22,3263,-2.21,0.00,25.20,7 664.04,sl 4023.22
2025.10.31 16:35:05,3264,TSLA.NAS,buy,out,47,448.81,3264,-0.94,0.00,131.60,7 794.70,sl 448.78
2025.10.31 18:15:00,3265,XAUUSD,sell,out,0.12,4017.27,3265,-0.42,0.00,-30.36,7 763.92,
2025.10.31 18:55:10,3266,NVDA.NAS,sell,out,31.2,204.19,3266,-0.62,-0.01,21.84,7 785.13,sl 204.20
2025.10.31 19:00:00,3267,TSLA.NAS,sell,in,97.3,453.72,3267,-1.95,0.00,0.00,7 783.18,RSI Scalping Sell #M125421321
2025.10.31 19:45:03,3268,NVDA.NAS,sell,in,10.3,203.07,3268,-0.21,0.00,0.00,7 782.97,RSI Scalping Sell #M20003
2025.10.31 20:00:00,3269,NVDA.NAS,buy,out,10.3,202.71,3269,-0.21,0.00,3.71,7 786.47,
2025.10.31 20:45:00,3270,NVDA.NAS,buy,in,32.4,203.25,3270,-0.65,0.00,0.00,7 785.82,RSI Scalping Buy #M20003
2025.10.31 21:20:31,3271,TSLA.NAS,buy,out,97.3,452.77,3271,-1.95,0.00,92.44,7 876.31,sl 452.75
2025.11.03 10:00:00,3272,XAUUSD,sell,in,0.19,4025.62,3272,-0.67,0.00,0.00,7 875.64,RSI Reverse SELL #M1002
2025.11.03 10:00:00,3273,XAUUSD,buy,out,0.19,4025.65,3273,-0.67,0.00,-0.57,7 874.40,
2025.11.03 10:00:00,3274,XAUUSD,buy,in,0.65,4025.61,3274,-2.28,0.00,0.00,7 872.12,RSI Scalping Buy #M129102315
2025.11.03 10:00:11,3275,XAUUSD,sell,out,0.65,4025.52,3275,-2.28,0.00,-5.85,7 863.99,sl 4025.62
2025.11.03 21:32:08,3276,NVDA.NAS,sell,out,32.4,207.57,3276,-0.65,-0.02,139.97,8 003.29,sl 207.57
2025.11.03 22:00:00,3277,NVDA.NAS,buy,in,20,208.25,3277,-0.40,0.00,0.00,8 002.89,RSI Scalping Buy #M20003
2025.11.04 01:15:01,3278,XAUUSD,sell,in,0.04,3988.37,3278,-0.14,0.00,0.00,8 002.75,United SuperEMA short #M940001
2025.11.04 05:30:00,3279,XAUUSD,buy,out,0.04,3992.92,3279,-0.14,0.00,-18.20,7 984.41,
2025.11.04 10:01:34,3280,BTCUSD,sell,in,0.01,104358.50,3280,0.00,0.00,0.00,7 984.41,WP Sell #M20260527
2025.11.04 10:21:08,3281,BTCUSD,buy,out,0.01,104010.50,3281,0.00,0.00,3.48,7 987.89,sl 104008.49
2025.11.04 11:00:16,3282,BTCUSD,sell,in,0.01,103969.57,3282,0.00,0.00,0.00,7 987.89,WP Sell #M20260527
2025.11.04 11:17:07,3283,BTCUSD,buy,out,0.01,103946.84,3283,0.00,0.00,0.23,7 988.12,sl 103943.03
2025.11.04 17:00:00,3284,XAUUSD,sell,out,0.18,3957.77,3284,-0.63,-28.02,-1 179.36,6 780.11,
2025.11.04 17:30:01,3285,NVDA.NAS,sell,out,20,201.62,3285,-0.40,0.00,-132.60,6 647.11,
2025.12.01 02:00:00,3286,XAUUSD,buy,in,0.27,4221.88,3286,-0.95,0.00,0.00,6 646.16,EMA Crossover Trade BUY #M12350
2025.12.01 02:06:41,3287,XAUUSD,sell,out,0.27,4220.60,3287,-0.95,0.00,-34.56,6 610.65,sl 4220.68
2025.12.01 03:00:00,3288,XAUUSD,buy,in,0.27,4230.77,3288,-0.95,0.00,0.00,6 609.70,EMA Crossover Trade BUY #M12350
2025.12.01 03:00:39,3289,XAUUSD,sell,out,0.27,4229.63,3289,-0.95,0.00,-30.78,6 577.97,sl 4229.64
2025.12.01 04:00:00,3290,XAUUSD,buy,in,0.21,4255.73,3290,-0.74,0.00,0.00,6 577.23,EMA Crossover Trade BUY #M12350
2025.12.01 04:00:00,3291,XAUUSD,buy,in,0.01,4255.85,3291,-0.04,0.00,0.00,6 577.19,WP Buy #M20260526
2025.12.01 04:00:10,3292,XAUUSD,sell,out,0.21,4252.40,3292,-0.74,0.00,-69.93,6 506.52,sl 4252.48
2025.12.01 04:30:01,3293,XAUUSD,sell,out,0.01,4240.73,3293,-0.04,0.00,-15.12,6 491.36,sl 4240.73
2025.12.01 05:00:00,3294,XAUUSD,buy,in,0.21,4242.88,3294,-0.74,0.00,0.00,6 490.62,EMA Crossover Trade BUY #M12350
2025.12.01 05:05:00,3295,XAUUSD,sell,out,0.21,4240.14,3295,-0.74,0.00,-57.54,6 432.34,sl 4240.14
2026.01.02 05:00:01,3296,XAUUSD,buy,in,0.53,4362.88,3296,-1.86,0.00,0.00,6 430.48,RSI Scalping Buy #M129102315
2026.01.02 05:00:35,3297,XAUUSD,sell,out,0.53,4363.25,3297,-1.86,0.00,19.61,6 448.23,sl 4363.30
2026.01.02 07:00:00,3298,XAUUSD,sell,in,0.16,4373.45,3298,-0.56,0.00,0.00,6 447.67,RSI Reverse SELL #M1002
2026.01.02 07:00:00,3299,XAUUSD,buy,out,0.16,4373.51,3299,-0.56,0.00,-0.96,6 446.15,
2026.01.02 12:00:00,3300,XAUUSD,buy,in,0.26,4385.58,3300,-0.91,0.00,0.00,6 445.24,EMA Crossover Trade BUY #M12350
2026.01.02 12:27:15,3301,XAUUSD,sell,out,0.26,4386.16,3301,-0.91,0.00,15.08,6 459.41,sl 4386.25
2026.01.02 13:00:00,3302,XAUUSD,buy,in,0.26,4396.26,3302,-0.91,0.00,0.00,6 458.50,EMA Crossover Trade BUY #M12350
2026.01.02 13:00:00,3303,BTCUSD,buy,in,0.53,89595.50,3303,0.00,0.00,0.00,6 458.50,RSI Scalping Buy #M123459123
2026.01.02 13:00:02,3304,BTCUSD,sell,out,0.53,89592.50,3304,0.00,0.00,-1.59,6 456.91,sl 89596.80
2026.01.02 13:12:17,3305,XAUUSD,sell,out,0.26,4394.00,3305,-0.91,0.00,-58.76,6 397.24,sl 4394.20
2026.01.02 14:00:00,3306,XAUUSD,buy,in,0.26,4393.14,3306,-0.91,0.00,0.00,6 396.33,EMA Crossover Trade BUY #M12350
2026.01.02 14:14:04,3307,XAUUSD,sell,out,0.26,4393.70,3307,-0.91,0.00,14.56,6 409.98,sl 4393.70
2026.01.02 15:00:00,3308,XAUUSD,buy,in,0.26,4394.62,3308,-0.91,0.00,0.00,6 409.07,EMA Crossover Trade BUY #M12350
2026.01.02 15:19:43,3309,XAUUSD,sell,out,0.26,4398.61,3309,-0.91,0.00,103.74,6 511.90,sl 4398.68
2026.01.02 16:45:00,3310,NVDA.NAS,buy,in,54.2,191.80,3310,-1.08,0.00,0.00,6 510.82,RSI Scalping Buy #M20003
2026.01.02 16:50:00,3311,AAPL.NAS,buy,in,27.1,277.410,3311,-0.54,0.00,0.00,6 510.28,RSI Scalping Buy #M20001
2026.01.02 16:50:40,3312,AAPL.NAS,sell,out,27.1,277.660,3312,-0.54,0.00,6.78,6 516.52,sl 277.670
2026.01.02 17:00:01,3313,AAPL.NAS,sell,in,27.1,276.900,3313,-0.54,0.00,0.00,6 515.98,RSI Scalping Sell #M20001
2026.01.02 17:07:02,3314,AAPL.NAS,buy,out,27.1,276.740,3314,-0.54,0.00,4.34,6 519.78,sl 276.740
2026.01.02 17:58:34,3315,NVDA.NAS,sell,out,54.2,189.12,3315,-1.08,0.00,-145.26,6 373.44,sl 189.13
2026.01.02 19:00:00,3316,BTCUSD,buy,in,0.53,90343.50,3316,0.00,0.00,0.00,6 373.44,RSI Scalping Buy #M123459123
2026.01.02 19:00:02,3317,BTCUSD,sell,out,0.53,90360.50,3317,0.00,0.00,9.01,6 382.45,sl 90360.80
2026.01.02 21:15:00,3318,NVDA.NAS,buy,in,53.1,189.11,3318,-1.06,0.00,0.00,6 381.39,RSI Scalping Buy #M20003
2026.01.02 23:00:00,3319,XAUUSD,buy,in,0.15,4331.69,3319,-0.53,0.00,0.00,6 380.86,RSI Follow BUY #M1001
2026.01.05 02:00:00,3320,XAUUSD,buy,in,0.53,4372.60,3320,-1.86,0.00,0.00,6 379.00,RSI Scalping Buy #M129102315
2026.01.05 02:00:50,3321,XAUUSD,sell,out,0.53,4374.02,3321,-1.86,0.00,75.26,6 452.40,sl 4374.02
2026.01.05 03:00:00,3322,BTCUSD,buy,in,0.53,92381.00,3322,0.00,0.00,0.00,6 452.40,RSI Scalping Buy #M123459123
2026.01.05 03:00:01,3323,BTCUSD,sell,out,0.53,92399.00,3323,0.00,0.00,9.54,6 461.94,sl 92399.30
2026.01.05 07:00:00,3324,XAUUSD,sell,in,0.16,4404.08,3324,-0.56,0.00,0.00,6 461.38,RSI Reverse SELL #M1002
2026.01.05 07:00:00,3325,XAUUSD,buy,out,0.16,4404.20,3325,-0.56,0.00,-1.92,6 458.90,
2026.01.05 12:00:00,3326,XAUUSD,buy,in,0.26,4434.99,3326,-0.91,0.00,0.00,6 457.99,EMA Crossover Trade BUY #M12350
2026.01.05 12:03:52,3327,XAUUSD,sell,out,0.26,4431.48,3327,-0.91,0.00,-91.26,6 365.82,sl 4431.52
2026.01.05 13:00:00,3328,XAUUSD,buy,in,0.26,4436.42,3328,-0.91,0.00,0.00,6 364.91,EMA Crossover Trade BUY #M12350
2026.01.05 13:01:51,3329,XAUUSD,sell,out,0.26,4433.62,3329,-0.91,0.00,-72.80,6 291.20,sl 4433.62
2026.01.05 14:00:00,3330,XAUUSD,buy,in,0.26,4419.64,3330,-0.91,0.00,0.00,6 290.29,EMA Crossover Trade BUY #M12350
2026.01.05 14:00:00,3331,XAUUSD,sell,in,0.52,4419.70,3331,-1.82,0.00,0.00,6 288.47,RSI Scalping Sell #M129102315
2026.01.05 14:00:31,3332,XAUUSD,buy,out,0.52,4419.76,3332,-1.82,0.00,-3.12,6 283.53,sl 4419.62
2026.01.05 14:06:39,3333,XAUUSD,sell,out,0.26,4417.68,3333,-0.91,0.00,-50.96,6 231.66,sl 4417.69
2026.01.05 15:00:00,3334,XAUUSD,buy,in,0.2,4409.71,3334,-0.70,0.00,0.00,6 230.96,EMA Crossover Trade BUY #M12350
2026.01.05 15:08:07,3335,XAUUSD,sell,out,0.2,4414.88,3335,-0.70,0.00,103.40,6 333.66,sl 4415.01
2026.01.05 16:00:00,3336,XAUUSD,buy,in,0.26,4417.02,3336,-0.91,0.00,0.00,6 332.75,EMA Crossover Trade BUY #M12350
2026.01.05 16:06:29,3337,XAUUSD,sell,out,0.26,4420.53,3337,-0.91,0.00,91.26,6 423.10,sl 4420.76
2026.01.05 17:00:00,3338,XAUUSD,buy,in,0.26,4436.80,3338,-0.91,0.00,0.00,6 422.19,EMA Crossover Trade BUY #M12350
2026.01.05 17:00:00,3339,XAUUSD,buy,in,0.1,4438.08,3339,-0.35,0.00,0.00,6 421.84,United SuperEMA long #M940001
2026.01.05 17:06:42,3340,XAUUSD,sell,out,0.26,4451.03,3340,-0.91,0.00,369.98,6 790.91,sl 4451.09
2026.01.05 18:00:00,3341,XAUUSD,buy,in,0.28,4448.63,3341,-0.98,0.00,0.00,6 789.93,EMA Crossover Trade BUY #M12350
2026.01.05 18:00:00,3342,BTCUSD,buy,in,0.56,93974.50,3342,0.00,0.00,0.00,6 789.93,RSI Scalping Buy #M123459123
2026.01.05 18:00:11,3343,BTCUSD,sell,out,0.56,93975.00,3343,0.00,0.00,0.28,6 790.21,sl 93976.80
2026.01.05 18:03:53,3344,XAUUSD,sell,out,0.28,4447.71,3344,-0.98,0.00,-25.76,6 763.47,sl 4447.73
2026.01.05 19:00:00,3345,XAUUSD,buy,in,0.28,4441.90,3345,-0.98,0.00,0.00,6 762.49,EMA Crossover Trade BUY #M12350
2026.01.05 19:00:04,3346,NVDA.NAS,sell,out,53.1,189.19,3346,-1.06,-0.03,4.25,6 765.65,sl 189.19
2026.01.05 19:01:18,3347,XAUUSD,sell,out,0.28,4438.32,3347,-0.98,0.00,-100.24,6 664.43,sl 4438.53
2026.01.05 19:15:00,3348,NVDA.NAS,sell,in,55.5,187.85,3348,-1.11,0.00,0.00,6 663.32,RSI Scalping Sell #M20003
2026.01.05 19:30:00,3349,NVDA.NAS,buy,out,55.5,187.62,3349,-1.11,0.00,12.77,6 674.98,
2026.01.05 20:00:00,3350,XAUUSD,buy,in,0.27,4443.81,3350,-0.95,0.00,0.00,6 674.03,EMA Crossover Trade BUY #M12350
2026.01.05 20:00:00,3351,BTCUSD,buy,in,0.55,94338.00,3351,0.00,0.00,0.00,6 674.03,RSI Scalping Buy #M123459123
2026.01.05 20:00:09,3352,BTCUSD,sell,out,0.55,94346.00,3352,0.00,0.00,4.40,6 678.43,sl 94347.80
2026.01.05 20:19:07,3353,XAUUSD,sell,out,0.27,4444.87,3353,-0.95,0.00,28.62,6 706.10,sl 4444.87
2026.01.05 20:45:01,3354,NVDA.NAS,buy,in,55.8,188.19,3354,-1.12,0.00,0.00,6 704.98,RSI Scalping Buy #M20003
2026.01.05 21:15:00,3355,XAUUSD,sell,out,0.1,4439.99,3355,-0.35,0.00,19.10,6 723.73,
2026.01.05 22:00:00,3356,NVDA.NAS,sell,out,55.8,186.72,3356,-1.12,0.00,-82.03,6 640.58,
2026.01.05 22:15:01,3357,NVDA.NAS,buy,in,55.3,187.24,3357,-1.11,0.00,0.00,6 639.47,RSI Scalping Buy #M20003
2026.01.06 04:15:01,3358,XAUUSD,buy,in,0.11,4459.06,3358,-0.39,0.00,0.00,6 639.08,United SuperEMA long #M940001
2026.01.06 06:00:00,3359,XAUUSD,buy,in,0.01,4467.76,3359,-0.04,0.00,0.00,6 639.04,WP Buy #M20260526
2026.01.06 07:39:23,3360,XAUUSD,sell,out,0.01,4466.48,3360,-0.04,0.00,-1.28,6 637.72,sl 4466.62
2026.01.06 08:00:00,3361,XAUUSD,sell,out,0.11,4452.68,3361,-0.39,0.00,-70.18,6 567.15,
2026.01.06 14:00:00,3362,XAUUSD,buy,in,0.54,4463.41,3362,-1.89,0.00,0.00,6 565.26,RSI Scalping Buy #M129102315
2026.01.06 14:00:31,3363,XAUUSD,sell,out,0.54,4463.86,3363,-1.89,0.00,24.30,6 587.67,sl 4463.86
2026.01.06 15:15:00,3364,XAUUSD,buy,in,0.1,4465.70,3364,-0.35,0.00,0.00,6 587.32,United SuperEMA long #M940001
2026.01.06 18:03:09,3365,NVDA.NAS,sell,out,55.3,188.34,3365,-1.11,-0.01,60.83,6 647.03,sl 188.38
2026.01.06 21:30:00,3366,XAUUSD,sell,out,0.1,4480.85,3366,-0.35,0.00,151.50,6 798.18,
2026.01.06 21:30:00,3367,NVDA.NAS,buy,in,56.6,187.99,3367,-1.13,0.00,0.00,6 797.05,RSI Scalping Buy #M20003
2026.01.07 08:45:00,3368,XAUUSD,sell,in,0.11,4446.52,3368,-0.39,0.00,0.00,6 796.66,United SuperEMA short #M940001
2026.01.07 10:00:00,3369,XAUUSD,buy,out,0.11,4461.20,3369,-0.39,0.00,-161.48,6 634.79,
2026.01.07 10:45:00,3370,XAUUSD,buy,in,0.11,4466.93,3370,-0.39,0.00,0.00,6 634.40,United SuperEMA long #M940001
2026.01.07 13:30:00,3371,XAUUSD,sell,out,0.11,4459.10,3371,-0.39,0.00,-86.13,6 547.88,
2026.01.07 13:45:00,3372,XAUUSD,sell,in,0.1,4450.74,3372,-0.35,0.00,0.00,6 547.53,United SuperEMA short #M940001
2026.01.07 17:45:00,3373,XAUUSD,buy,out,0.1,4442.29,3373,-0.35,0.00,84.50,6 631.68,
2026.01.08 04:00:00,3374,XAUUSD,sell,in,0.11,4448.41,3374,-0.39,0.00,0.00,6 631.29,United SuperEMA short #M940001
2026.01.08 07:00:00,3375,XAUUSD,sell,in,0.16,4431.54,3375,-0.56,0.00,0.00,6 630.73,RSI Reverse SELL #M1002
2026.01.08 07:00:00,3376,XAUUSD,buy,out,0.16,4431.62,3376,-0.56,0.00,-1.28,6 628.89,
2026.01.08 09:00:00,3377,XAUUSD,buy,out,0.11,4433.65,3377,-0.39,0.00,162.36,6 790.86,
2026.01.08 14:15:01,3378,XAUUSD,sell,in,0.11,4412.27,3378,-0.39,0.00,0.00,6 790.47,United SuperEMA short #M940001
2026.01.08 15:00:00,3379,XAUUSD,buy,out,0.11,4427.42,3379,-0.39,0.00,-166.65,6 623.43,
2026.01.08 16:41:44,3380,NVDA.NAS,sell,out,56.6,187.59,3380,-1.13,-0.02,-22.64,6 599.64,sl 187.61
2026.01.08 16:45:00,3381,NVDA.NAS,sell,in,54.9,186.95,3381,-1.10,0.00,0.00,6 598.54,RSI Scalping Sell #M20003
2026.01.08 17:00:00,3382,NVDA.NAS,buy,out,54.9,185.04,3382,-1.10,0.00,104.86,6 702.30,
2026.01.08 17:45:00,3383,NVDA.NAS,buy,in,55.8,186.87,3383,-1.12,0.00,0.00,6 701.18,RSI Scalping Buy #M20003
2026.01.08 19:00:00,3384,XAUUSD,buy,in,0.55,4463.37,3384,-1.93,0.00,0.00,6 699.25,RSI Scalping Buy #M129102315
2026.01.08 19:00:00,3385,NVDA.NAS,sell,out,55.8,184.81,3385,-1.12,0.00,-114.95,6 583.18,
2026.01.08 19:00:12,3386,XAUUSD,sell,out,0.55,4463.67,3386,-1.93,0.00,16.50,6 597.75,sl 4463.77
2026.01.08 20:30:00,3387,NVDA.NAS,buy,in,54.9,184.75,3387,-1.10,0.00,0.00,6 596.65,RSI Scalping Buy #M20003
2026.01.08 22:30:00,3388,XAUUSD,buy,in,0.1,4470.77,3388,-0.35,0.00,0.00,6 596.30,United SuperEMA long #M940001
2026.01.08 23:00:00,3389,XAUUSD,buy,in,0.27,4476.46,3389,-0.95,0.00,0.00,6 595.35,EMA Crossover Trade BUY #M12350
2026.01.08 23:00:00,3390,XAUUSD,buy,in,0.54,4476.43,3390,-1.89,0.00,0.00,6 593.46,RSI Scalping Buy #M129102315
2026.01.08 23:00:35,3391,XAUUSD,sell,out,0.54,4478.64,3391,-1.89,0.00,119.34,6 710.91,sl 4478.64
2026.01.08 23:17:37,3392,XAUUSD,sell,out,0.27,4475.68,3392,-0.95,0.00,-21.06,6 688.90,sl 4475.69
2026.01.09 02:00:00,3393,XAUUSD,buy,in,0.27,4475.85,3393,-0.95,0.00,0.00,6 687.95,EMA Crossover Trade BUY #M12350
2026.01.09 02:13:32,3394,XAUUSD,sell,out,0.27,4472.86,3394,-0.95,0.00,-80.73,6 606.27,sl 4472.86
2026.01.09 02:30:00,3395,XAUUSD,sell,out,0.1,4465.77,3395,-0.35,-5.19,-50.00,6 550.73,
2026.01.09 04:00:00,3396,XAUUSD,buy,in,0.54,4469.22,3396,-1.89,0.00,0.00,6 548.84,RSI Scalping Buy #M129102315
2026.01.09 04:00:45,3397,XAUUSD,sell,out,0.54,4472.10,3397,-1.89,0.00,155.52,6 702.47,sl 4472.10
2026.01.09 07:00:00,3398,XAUUSD,sell,in,0.16,4464.08,3398,-0.56,0.00,0.00,6 701.91,RSI Reverse SELL #M1002
2026.01.09 07:00:00,3399,XAUUSD,buy,out,0.16,4464.29,3399,-0.56,0.00,-3.36,6 697.99,
2026.01.09 09:00:00,3400,XAUUSD,buy,in,0.55,4474.31,3400,-1.93,0.00,0.00,6 696.06,RSI Scalping Buy #M129102315
2026.01.09 09:03:21,3401,XAUUSD,sell,out,0.55,4474.69,3401,-1.93,0.00,20.90,6 715.03,sl 4474.69
2026.01.09 12:00:00,3402,XAUUSD,buy,in,0.55,4471.25,3402,-1.93,0.00,0.00,6 713.10,RSI Scalping Buy #M129102315
2026.01.09 12:01:17,3403,XAUUSD,sell,out,0.55,4471.33,3403,-1.93,0.00,4.40,6 715.57,sl 4471.37
2026.01.09 15:45:00,3404,XAUUSD,buy,in,0.11,4487.47,3404,-0.39,0.00,0.00,6 715.18,United SuperEMA long #M940001
2026.01.09 16:00:00,3405,XAUUSD,buy,in,0.27,4482.09,3405,-0.95,0.00,0.00,6 714.23,EMA Crossover Trade BUY #M12350
2026.01.09 16:00:00,3406,XAUUSD,buy,in,0.55,4481.49,3406,-1.93,0.00,0.00,6 712.30,RSI Scalping Buy #M129102315
2026.01.09 16:00:02,3407,XAUUSD,sell,out,0.55,4485.63,3407,-1.93,0.00,227.70,6 938.07,sl 4485.73
2026.01.09 16:04:21,3408,XAUUSD,sell,out,0.27,4484.22,3408,-0.95,0.00,57.51,6 994.63,sl 4484.43
2026.01.09 17:00:00,3409,XAUUSD,buy,in,0.29,4494.74,3409,-1.02,0.00,0.00,6 993.61,EMA Crossover Trade BUY #M12350
2026.01.09 17:04:39,3410,XAUUSD,sell,out,0.29,4495.16,3410,-1.02,0.00,12.18,7 004.77,sl 4495.24
2026.01.09 18:00:00,3411,XAUUSD,buy,in,0.29,4513.03,3411,-1.02,0.00,0.00,7 003.75,EMA Crossover Trade BUY #M12350
2026.01.09 18:00:00,3412,TSLA.NAS,buy,in,0.1,442.84,3412,-0.02,0.00,0.00,7 003.73,WP Buy #M20260530
2026.01.09 18:05:32,3413,XAUUSD,sell,out,0.29,4510.54,3413,-1.02,0.00,-72.21,6 930.50,sl 4510.58
2026.01.09 18:27:32,3414,TSLA.NAS,sell,out,0.1,442.39,3414,-0.02,0.00,-0.05,6 930.43,sl 442.41
2026.01.09 19:00:00,3415,XAUUSD,buy,in,0.28,4507.59,3415,-0.98,0.00,0.00,6 929.45,EMA Crossover Trade BUY #M12350
2026.01.09 19:00:00,3416,XAUUSD,sell,in,0.57,4507.53,3416,-2.00,0.00,0.00,6 927.45,RSI Scalping Sell #M129102315
2026.01.09 19:00:00,3417,XAUUSD,buy,in,0.01,4507.88,3417,-0.04,0.00,0.00,6 927.41,WP Buy #M20260526
2026.01.09 19:00:00,3418,TSLA.NAS,buy,in,0.1,443.58,3418,-0.02,0.00,0.00,6 927.39,WP Buy #M20260530
2026.01.09 19:03:34,3419,XAUUSD,sell,out,0.28,4507.65,3419,-0.98,0.00,1.68,6 928.09,sl 4507.75
2026.01.09 19:04:05,3420,XAUUSD,buy,out,0.57,4505.86,3420,-2.00,0.00,95.19,7 021.28,sl 4505.59
2026.01.09 19:53:37,3421,XAUUSD,sell,out,0.01,4492.47,3421,-0.04,0.00,-15.41,7 005.83,sl 4492.59
2026.01.09 20:00:00,3422,XAUUSD,buy,in,0.29,4483.92,3422,-1.02,0.00,0.00,7 004.81,EMA Crossover Trade BUY #M12350
2026.01.09 20:00:00,3423,XAUUSD,sell,out,0.11,4483.79,3423,-0.39,0.00,-40.48,6 963.94,
2026.01.09 20:02:45,3424,XAUUSD,sell,out,0.29,4484.36,3424,-1.02,0.00,12.76,6 975.68,sl 4484.41
2026.01.09 20:16:18,3425,TSLA.NAS,sell,out,0.1,447.18,3425,-0.02,0.00,0.36,6 976.02,sl 447.18
2026.01.09 21:00:00,3426,XAUUSD,buy,in,0.29,4496.44,3426,-1.02,0.00,0.00,6 975.00,EMA Crossover Trade BUY #M12350
2026.01.09 21:00:00,3427,XAUUSD,buy,in,0.58,4496.54,3427,-2.03,0.00,0.00,6 972.97,RSI Scalping Buy #M129102315
2026.01.09 21:00:00,3428,TSLA.NAS,buy,in,0.1,447.66,3428,-0.02,0.00,0.00,6 972.95,WP Buy #M20260530
2026.01.09 21:00:55,3429,XAUUSD,sell,out,0.58,4497.34,3429,-2.03,0.00,46.40,7 017.32,sl 4497.35
2026.01.09 21:04:52,3430,XAUUSD,sell,out,0.29,4494.35,3430,-1.02,0.00,-60.61,6 955.69,sl 4494.36
2026.01.09 22:00:00,3431,XAUUSD,buy,in,0.28,4498.01,3431,-0.98,0.00,0.00,6 954.71,EMA Crossover Trade BUY #M12350
2026.01.09 22:18:37,3432,TSLA.NAS,sell,out,0.1,444.66,3432,-0.02,0.00,-0.30,6 954.39,sl 444.66
2026.01.09 22:20:17,3433,XAUUSD,sell,out,0.28,4505.43,3433,-0.98,0.00,207.76,7 161.17,sl 4505.58
2026.01.09 23:00:00,3434,XAUUSD,buy,in,0.11,4507.35,3434,-0.39,0.00,0.00,7 160.78,United SuperEMA long #M940001
2026.01.12 02:00:00,3435,XAUUSD,buy,in,0.01,4540.27,3435,-0.04,0.00,0.00,7 160.74,WP Buy #M20260526
2026.01.12 02:24:20,3436,XAUUSD,sell,out,0.01,4556.64,3436,-0.04,0.00,16.37,7 177.07,sl 4557.02
2026.01.12 03:00:00,3437,XAUUSD,buy,in,0.01,4589.01,3437,-0.04,0.00,0.00,7 177.03,WP Buy #M20260526
2026.01.12 03:02:25,3438,XAUUSD,sell,out,0.01,4587.22,3438,-0.04,0.00,-1.79,7 175.20,sl 4587.26
2026.01.12 05:00:00,3439,BTCUSD,buy,in,0.59,92101.00,3439,0.00,0.00,0.00,7 175.20,RSI Scalping Buy #M123459123
2026.01.12 05:00:05,3440,BTCUSD,sell,out,0.59,92214.50,3440,0.00,0.00,66.97,7 242.17,sl 92216.80
2026.01.12 06:00:00,3441,XAUUSD,sell,in,0.6,4570.76,3441,-2.10,0.00,0.00,7 240.07,RSI Scalping Sell #M129102315
2026.01.12 06:00:00,3442,XAUUSD,sell,out,0.11,4570.82,3442,-0.39,-5.71,698.17,7 932.14,
2026.01.12 06:02:47,3443,XAUUSD,buy,out,0.6,4566.68,3443,-2.10,0.00,244.80,8 174.84,sl 4566.68
2026.01.12 09:00:00,3444,XAUUSD,sell,in,0.68,4578.49,3444,-2.38,0.00,0.00,8 172.46,RSI Scalping Sell #M129102315
2026.01.12 09:01:10,3445,XAUUSD,buy,out,0.68,4575.66,3445,-2.38,0.00,192.44,8 362.52,sl 4575.62
2026.01.12 12:00:00,3446,XAUUSD,sell,in,0.69,4589.27,3446,-2.42,0.00,0.00,8 360.10,RSI Scalping Sell #M129102315
2026.01.12 12:08:44,3447,XAUUSD,buy,out,0.69,4587.69,3447,-2.42,0.00,109.02,8 466.70,sl 4587.68
2026.01.12 14:00:00,3448,XAUUSD,sell,in,0.7,4584.53,3448,-2.45,0.00,0.00,8 464.25,RSI Scalping Sell #M129102315
2026.01.12 14:00:12,3449,XAUUSD,buy,out,0.7,4584.36,3449,-2.45,0.00,11.90,8 473.70,sl 4584.28
2026.01.12 17:00:00,3450,XAUUSD,sell,in,0.7,4602.00,3450,-2.45,0.00,0.00,8 471.25,RSI Scalping Sell #M129102315
2026.01.12 17:15:00,3451,XAUUSD,buy,in,0.14,4617.71,3451,-0.49,0.00,0.00,8 470.76,United SuperEMA long #M940001
2026.01.12 20:15:01,3452,XAUUSD,sell,out,0.14,4607.22,3452,-0.49,0.00,-146.86,8 323.41,
2026.01.12 20:26:46,3453,XAUUSD,buy,out,0.7,4601.84,3453,-2.45,0.00,11.20,8 332.16,sl 4601.82
2026.01.13 05:00:00,3454,XAUUSD,buy,in,0.13,4594.22,3454,-0.46,0.00,0.00,8 331.70,United SuperEMA long #M940001
2026.01.13 08:15:00,3455,XAUUSD,sell,out,0.13,4590.33,3455,-0.46,0.00,-50.57,8 280.67,
2026.01.13 15:00:00,3456,XAUUSD,buy,in,0.06,4593.34,3456,-0.21,0.00,0.00,8 280.46,United SuperEMA long #M940001
2026.01.13 16:00:00,3457,XAUUSD,buy,in,0.69,4611.54,3457,-2.42,0.00,0.00,8 278.04,RSI Scalping Buy #M129102315
2026.01.13 16:01:15,3458,XAUUSD,sell,out,0.69,4612.31,3458,-2.42,0.00,53.13,8 328.75,sl 4612.31
2026.01.13 17:15:00,3459,NVDA.NAS,sell,out,54.9,184.24,3459,-1.10,-0.05,-28.00,8 299.60,
2026.01.13 18:00:01,3460,NVDA.NAS,buy,in,69.1,184.81,3460,-1.38,0.00,0.00,8 298.22,RSI Scalping Buy #M20003
2026.01.13 18:30:00,3461,XAUUSD,sell,out,0.06,4598.31,3461,-0.21,0.00,29.82,8 327.83,
2026.01.13 20:00:00,3462,TSLA.NAS,sell,in,104,446.94,3462,-2.08,0.00,0.00,8 325.75,RSI Scalping Sell #M125421321
2026.01.13 21:36:13,3463,NVDA.NAS,sell,out,69.1,184.34,3463,-1.38,0.00,-32.48,8 291.89,sl 184.34
2026.01.13 21:45:00,3464,NVDA.NAS,sell,in,69,184.30,3464,-1.38,0.00,0.00,8 290.51,RSI Scalping Sell #M20003
2026.01.13 22:00:00,3465,BTCUSD,buy,in,0.69,94200.23,3465,0.00,0.00,0.00,8 290.51,RSI Scalping Buy #M123459123
2026.01.13 22:00:01,3466,BTCUSD,sell,out,0.69,94199.85,3466,0.00,0.00,-0.26,8 290.25,sl 94207.99
2026.01.14 01:00:00,3467,BTCUSD,buy,in,0.69,95721.85,3467,0.00,0.00,0.00,8 290.25,RSI Scalping Buy #M123459123
2026.01.14 01:00:00,3468,BTCUSD,sell,out,0.69,95724.83,3468,0.00,0.00,2.06,8 292.31,sl 95727.74
2026.01.14 02:00:00,3469,XAUUSD,buy,in,0.13,4597.58,3469,-0.46,0.00,0.00,8 291.85,United SuperEMA long #M940001
2026.01.14 04:00:00,3470,XAUUSD,buy,in,0.69,4619.42,3470,-2.42,0.00,0.00,8 289.43,RSI Scalping Buy #M129102315
2026.01.14 04:03:19,3471,XAUUSD,sell,out,0.69,4619.98,3471,-2.42,0.00,38.64,8 325.65,sl 4619.99
2026.01.14 06:00:00,3472,BTCUSD,buy,in,0.69,95656.18,3472,0.00,0.00,0.00,8 325.65,RSI Scalping Buy #M123459123
2026.01.14 06:00:36,3473,BTCUSD,sell,out,0.69,95657.30,3473,0.00,0.00,0.77,8 326.42,sl 95665.71
2026.01.14 10:15:00,3474,XAUUSD,sell,out,0.13,4627.46,3474,-0.46,0.00,388.44,8 714.40,
2026.01.14 16:35:00,3475,NVDA.NAS,buy,out,69,183.44,3475,-1.38,0.00,59.34,8 772.36,
2026.01.14 16:45:00,3476,NVDA.NAS,sell,in,73.1,182.28,3476,-1.46,0.00,0.00,8 770.90,RSI Scalping Sell #M20003
2026.01.14 17:00:00,3477,NVDA.NAS,buy,out,73.1,181.69,3477,-1.46,0.00,43.13,8 812.57,
2026.01.14 18:00:00,3478,BTCUSD,buy,in,0.73,96759.11,3478,0.00,0.00,0.00,8 812.57,RSI Scalping Buy #M123459123
2026.01.14 18:00:06,3479,BTCUSD,sell,out,0.73,96762.37,3479,0.00,0.00,2.38,8 814.95,sl 96764.68
2026.01.14 18:30:00,3480,NVDA.NAS,buy,in,73.4,181.98,3480,-1.47,0.00,0.00,8 813.48,RSI Scalping Buy #M20003
2026.01.14 21:00:00,3481,XAUUSD,buy,in,0.73,4635.86,3481,-2.56,0.00,0.00,8 810.92,RSI Scalping Buy #M129102315
2026.01.14 21:02:34,3482,XAUUSD,sell,out,0.73,4642.05,3482,-2.56,0.00,451.87,9 260.23,sl 4642.20
2026.01.14 23:00:00,3483,BTCUSD,buy,in,0.77,97660.88,3483,0.00,0.00,0.00,9 260.23,RSI Scalping Buy #M123459123
2026.01.14 23:31:27,3484,BTCUSD,sell,out,0.77,97676.95,3484,0.00,0.00,12.37,9 272.60,sl 97683.55
2026.01.15 03:30:00,3485,XAUUSD,sell,in,0.15,4600.49,3485,-0.53,0.00,0.00,9 272.07,United SuperEMA short #M940001
2026.01.15 08:15:00,3486,XAUUSD,buy,out,0.15,4605.54,3486,-0.53,0.00,-75.75,9 195.79,
2026.01.15 15:45:00,3487,XAUUSD,sell,in,0.15,4589.75,3487,-0.53,0.00,0.00,9 195.26,United SuperEMA short #M940001
2026.01.15 16:35:01,3488,TSLA.NAS,buy,out,104,443.29,3488,-2.08,0.00,379.60,9 572.78,sl 443.29
2026.01.15 16:45:01,3489,NVDA.NAS,sell,out,73.4,188.86,3489,-1.47,-0.01,504.99,10 076.29,
2026.01.15 17:15:00,3490,XAUUSD,buy,out,0.15,4613.48,3490,-0.53,0.00,-355.95,9 719.81,
2026.01.15 18:15:00,3491,XAUUSD,buy,in,0.16,4622.14,3491,-0.56,0.00,0.00,9 719.25,United SuperEMA long #M940001
2026.01.15 19:00:00,3492,XAUUSD,sell,out,0.16,4605.80,3492,-0.56,0.00,-261.44,9 457.25,
2026.01.15 19:00:15,3493,SOXX.NAS,buy,in,0.1,343.440,3493,-0.02,0.00,0.00,9 457.23,WP Buy #M20260532
2026.01.15 19:08:19,3494,SOXX.NAS,sell,out,0.1,343.400,3494,-0.02,0.00,0.00,9 457.21,sl 343.400
2026.01.15 20:00:00,3495,XAUUSD,buy,in,0.07,4616.79,3495,-0.25,0.00,0.00,9 456.96,United SuperEMA long #M940001
2026.01.15 22:15:01,3496,XAUUSD,sell,out,0.07,4605.66,3496,-0.25,0.00,-77.91,9 378.80,
2026.01.16 03:00:00,3497,XAUUSD,sell,in,0.06,4600.06,3497,-0.21,0.00,0.00,9 378.59,United SuperEMA short #M940001
2026.01.16 07:00:00,3498,XAUUSD,buy,out,0.06,4601.38,3498,-0.21,0.00,-7.92,9 370.46,
2026.01.16 15:30:01,3499,XAUUSD,sell,in,0.06,4586.56,3499,-0.21,0.00,0.00,9 370.25,United SuperEMA short #M940001
2026.01.16 16:15:02,3500,XAUUSD,buy,out,0.06,4608.25,3500,-0.21,0.00,-130.14,9 239.90,
2026.01.16 16:35:00,3501,NVDA.NAS,sell,in,61.5,189.36,3501,-1.23,0.00,0.00,9 238.67,RSI Scalping Sell #M20003
2026.01.16 17:15:00,3502,XAUUSD,buy,in,0.06,4616.25,3502,-0.21,0.00,0.00,9 238.46,United SuperEMA long #M940001
2026.01.16 17:30:00,3503,XAUUSD,sell,out,0.06,4565.12,3503,-0.21,0.00,-306.78,8 931.47,
2026.01.16 17:45:01,3504,NVDA.NAS,buy,out,61.5,187.45,3504,-1.23,0.00,117.47,9 047.71,
2026.01.16 18:00:00,3505,XAUUSD,sell,out,0.15,4570.43,3505,-0.53,-116.73,3 581.10,12 511.55,
2026.01.19 02:00:00,3506,XAUUSD,buy,in,0.52,4672.82,3506,-1.82,0.00,0.00,12 509.73,EMA Crossover Trade BUY #M12350
2026.01.19 02:00:00,3507,XAUUSD,buy,in,1.04,4672.33,3507,-3.64,0.00,0.00,12 506.09,RSI Scalping Buy #M129102315
2026.01.19 02:00:02,3508,XAUUSD,sell,out,1.04,4674.16,3508,-3.64,0.00,190.32,12 692.77,sl 4674.31
2026.01.19 02:00:22,3509,XAUUSD,sell,out,0.52,4671.70,3509,-1.82,0.00,-58.24,12 632.71,sl 4671.73
2026.01.19 03:00:00,3510,XAUUSD,buy,in,0.52,4675.40,3510,-1.82,0.00,0.00,12 630.89,EMA Crossover Trade BUY #M12350
2026.01.19 03:00:37,3511,XAUUSD,sell,out,0.52,4674.42,3511,-1.82,0.00,-50.96,12 578.11,sl 4674.43
2026.01.19 04:00:00,3512,XAUUSD,buy,in,0.52,4657.45,3512,-1.82,0.00,0.00,12 576.29,EMA Crossover Trade BUY #M12350
2026.01.19 04:00:26,3513,XAUUSD,sell,out,0.52,4655.10,3513,-1.82,0.00,-122.20,12 452.27,sl 4655.18
2026.01.19 05:00:00,3514,XAUUSD,buy,in,0.51,4662.61,3514,-1.79,0.00,0.00,12 450.48,EMA Crossover Trade BUY #M12350
2026.01.19 05:21:01,3515,XAUUSD,sell,out,0.51,4666.07,3515,-1.79,0.00,176.46,12 625.15,sl 4666.23
2026.01.19 06:00:00,3516,XAUUSD,buy,in,0.52,4658.61,3516,-1.82,0.00,0.00,12 623.33,EMA Crossover Trade BUY #M12350
2026.01.19 06:30:59,3517,XAUUSD,sell,out,0.52,4660.85,3517,-1.82,0.00,116.48,12 737.99,sl 4661.19
2026.01.19 07:00:00,3518,XAUUSD,buy,in,0.53,4663.38,3518,-1.86,0.00,0.00,12 736.13,EMA Crossover Trade BUY #M12350
2026.01.19 07:35:00,3519,XAUUSD,sell,out,0.53,4670.43,3519,-1.86,0.00,373.65,13 107.92,sl 4670.44
2026.01.19 08:00:01,3520,XAUUSD,buy,in,0.54,4670.12,3520,-1.89,0.00,0.00,13 106.03,EMA Crossover Trade BUY #M12350
2026.01.19 08:41:04,3521,XAUUSD,sell,out,0.54,4672.64,3521,-1.89,0.00,136.08,13 240.22,sl 4672.65
2026.01.19 09:00:00,3522,XAUUSD,buy,in,0.55,4678.11,3522,-1.93,0.00,0.00,13 238.29,EMA Crossover Trade BUY #M12350
2026.01.19 09:01:00,3523,XAUUSD,sell,out,0.55,4674.66,3523,-1.93,0.00,-189.75,13 046.61,sl 4674.66
2026.01.19 10:00:00,3524,XAUUSD,buy,in,0.54,4664.66,3524,-1.89,0.00,0.00,13 044.72,EMA Crossover Trade BUY #M12350
2026.01.19 10:14:36,3525,XAUUSD,sell,out,0.54,4670.15,3525,-1.89,0.00,296.46,13 339.29,sl 4670.17
2026.01.19 18:45:02,3526,XAUUSD,buy,in,0.11,4673.14,3526,-0.39,0.00,0.00,13 338.90,United SuperEMA long #M940001
2026.01.20 04:00:00,3527,XAUUSD,buy,in,1.11,4669.70,3527,-3.89,0.00,0.00,13 335.01,RSI Scalping Buy #M129102315
2026.01.20 04:01:35,3528,XAUUSD,sell,out,1.11,4671.13,3528,-3.89,0.00,158.73,13 489.85,sl 4671.15
2026.01.20 04:15:01,3529,XAUUSD,sell,out,0.11,4665.95,3529,-0.39,-5.71,-79.09,13 404.66,
2026.01.20 04:45:01,3530,XAUUSD,buy,in,0.11,4674.23,3530,-0.39,0.00,0.00,13 404.27,United SuperEMA long #M940001
2026.01.20 06:00:00,3531,XAUUSD,buy,in,1.11,4680.47,3531,-3.89,0.00,0.00,13 400.38,RSI Scalping Buy #M129102315
2026.01.20 06:01:03,3532,XAUUSD,sell,out,1.11,4680.82,3532,-3.89,0.00,38.85,13 435.34,sl 4680.83
2026.01.20 07:00:00,3533,XAUUSD,buy,in,0.33,4695.39,3533,-1.16,0.00,0.00,13 434.18,RSI Reverse BUY #M1002
2026.01.20 07:00:39,3534,BTCUSD,sell,in,0.03,91893.21,3534,0.00,0.00,0.00,13 434.18,WP Sell #M20260527
2026.01.20 07:02:17,3535,BTCUSD,buy,out,0.03,91839.70,3535,0.00,0.00,1.61,13 435.79,sl 91837.96
2026.01.20 08:00:00,3536,XAUUSD,buy,in,0.03,4714.51,3536,-0.11,0.00,0.00,13 435.68,WP Buy #M20260526
2026.01.20 09:13:23,3537,BTCUSD,sell,in,0.03,90966.59,3537,0.00,0.00,0.00,13 435.68,WP Sell #M20260527
2026.01.20 09:58:13,3538,XAUUSD,sell,out,0.03,4715.12,3538,-0.11,0.00,1.83,13 437.40,sl 4715.12
2026.01.20 10:00:00,3539,XAUUSD,buy,in,0.03,4716.32,3539,-0.11,0.00,0.00,13 437.29,WP Buy #M20260526
2026.01.20 10:21:10,3540,BTCUSD,buy,out,0.03,91037.21,3540,0.00,0.00,-2.12,13 435.17,sl 91035.96
2026.01.20 10:29:38,3541,XAUUSD,sell,out,0.03,4718.07,3541,-0.11,0.00,5.25,13 440.31,sl 4718.07
2026.01.20 11:00:00,3542,XAUUSD,buy,in,0.03,4729.56,3542,-0.11,0.00,0.00,13 440.20,WP Buy #M20260526
2026.01.20 12:28:48,3543,XAUUSD,sell,out,0.03,4729.65,3543,-0.11,0.00,0.27,13 440.36,sl 4729.71
2026.01.20 14:30:00,3544,XAUUSD,sell,out,0.11,4726.68,3544,-0.39,0.00,576.95,14 016.92,
2026.01.20 15:00:00,3545,XAUUSD,sell,in,1.16,4727.76,3545,-4.06,0.00,0.00,14 012.86,RSI Scalping Sell #M129102315
2026.01.20 15:00:01,3546,XAUUSD,buy,out,1.16,4727.96,3546,-4.06,0.00,-23.20,13 985.60,sl 4727.91
2026.01.20 16:35:00,3547,NVDA.NAS,sell,in,116.5,182.05,3547,-2.33,0.00,0.00,13 983.27,RSI Scalping Sell #M20003
2026.01.20 16:45:00,3548,NVDA.NAS,buy,out,116.5,180.68,3548,-2.33,0.00,159.61,14 140.55,
2026.01.20 18:00:00,3549,XAUUSD,sell,in,1.17,4737.64,3549,-4.10,0.00,0.00,14 136.45,RSI Scalping Sell #M129102315
2026.01.20 18:01:25,3550,XAUUSD,buy,out,1.17,4737.88,3550,-4.10,0.00,-28.08,14 104.27,sl 4737.83
2026.01.20 21:15:01,3551,NVDA.NAS,sell,in,117.5,179.54,3551,-2.35,0.00,0.00,14 101.92,RSI Scalping Sell #M20003
2026.01.20 21:30:02,3552,NVDA.NAS,buy,out,117.5,179.41,3552,-2.35,0.00,15.28,14 114.85,
2026.01.20 22:15:00,3553,NVDA.NAS,sell,in,117.6,178.86,3553,-2.35,0.00,0.00,14 112.50,RSI Scalping Sell #M20003
2026.01.20 22:30:00,3554,NVDA.NAS,buy,out,117.6,178.52,3554,-2.35,0.00,39.98,14 150.13,
2026.01.21 04:00:00,3555,XAUUSD,buy,in,0.03,4835.56,3555,-0.11,0.00,0.00,14 150.02,WP Buy #M20260526
2026.01.21 04:03:29,3556,XAUUSD,sell,out,0.03,4834.46,3556,-0.11,0.00,-3.30,14 146.61,sl 4834.53
2026.01.21 05:00:01,3557,XAUUSD,buy,in,0.03,4836.93,3557,-0.11,0.00,0.00,14 146.50,WP Buy #M20260526
2026.01.21 05:13:40,3558,XAUUSD,sell,out,0.03,4842.04,3558,-0.11,0.00,15.33,14 161.72,sl 4842.06
2026.01.21 05:45:00,3559,XAUUSD,buy,in,0.11,4843.06,3559,-0.39,0.00,0.00,14 161.33,United SuperEMA long #M940001
2026.01.21 06:00:00,3560,XAUUSD,buy,in,0.03,4844.89,3560,-0.11,0.00,0.00,14 161.22,WP Buy #M20260526
2026.01.21 07:02:38,3561,XAUUSD,sell,out,0.03,4863.14,3561,-0.11,0.00,54.75,14 215.86,sl 4863.22
2026.01.21 08:00:00,3562,XAUUSD,buy,in,0.03,4870.11,3562,-0.11,0.00,0.00,14 215.75,WP Buy #M20260526
2026.01.21 08:04:34,3563,XAUUSD,sell,out,0.03,4867.78,3563,-0.11,0.00,-6.99,14 208.65,sl 4867.90
2026.01.21 09:00:00,3564,XAUUSD,sell,out,0.11,4846.92,3564,-0.39,0.00,42.46,14 250.72,
2026.01.21 16:45:00,3565,NVDA.NAS,buy,in,118.7,179.96,3565,-2.37,0.00,0.00,14 248.35,RSI Scalping Buy #M20003
2026.01.21 17:00:00,3566,XAUUSD,sell,in,1.18,4851.79,3566,-4.13,0.00,0.00,14 244.22,RSI Scalping Sell #M129102315
2026.01.21 17:00:12,3567,XAUUSD,buy,out,1.18,4849.78,3567,-4.13,0.00,237.18,14 477.27,sl 4849.73
2026.01.21 19:05:56,3568,NVDA.NAS,sell,out,118.7,179.96,3568,-2.37,0.00,0.00,14 474.90,sl 179.98
2026.01.21 21:00:00,3569,XAUUSD,buy,in,1.2,4850.31,3569,-4.20,0.00,0.00,14 470.70,RSI Scalping Buy #M129102315
2026.01.21 21:10:17,3570,XAUUSD,sell,out,1.2,4849.98,3570,-4.20,0.00,-39.60,14 426.90,sl 4850.02
2026.01.21 21:15:00,3571,XAUUSD,buy,in,0.12,4848.95,3571,-0.42,0.00,0.00,14 426.48,United SuperEMA long #M940001
2026.01.21 21:30:00,3572,XAUUSD,sell,out,0.12,4816.60,3572,-0.42,0.00,-388.20,14 037.86,
2026.01.21 23:00:00,3573,XAUUSD,buy,in,0.58,4825.59,3573,-2.03,0.00,0.00,14 035.83,EMA Crossover Trade BUY #M12350
2026.01.21 23:25:26,3574,XAUUSD,sell,out,0.58,4834.80,3574,-2.03,0.00,534.18,14 567.98,sl 4834.80
2026.01.22 08:00:00,3575,XAUUSD,buy,in,0.6,4821.54,3575,-2.10,0.00,0.00,14 565.88,EMA Crossover Trade BUY #M12350
2026.01.22 08:08:00,3576,XAUUSD,sell,out,0.6,4821.05,3576,-2.10,0.00,-29.40,14 534.38,sl 4821.12
2026.01.22 09:00:00,3577,XAUUSD,buy,in,0.6,4827.71,3577,-2.10,0.00,0.00,14 532.28,EMA Crossover Trade BUY #M12350
2026.01.22 09:17:39,3578,XAUUSD,sell,out,0.6,4832.99,3578,-2.10,0.00,316.80,14 846.98,sl 4833.12
2026.01.22 10:00:00,3579,XAUUSD,buy,in,0.61,4833.22,3579,-2.14,0.00,0.00,14 844.84,EMA Crossover Trade BUY #M12350
2026.01.22 10:09:03,3580,XAUUSD,sell,out,0.61,4831.72,3580,-2.14,0.00,-91.50,14 751.20,sl 4831.81
2026.01.22 11:00:00,3581,XAUUSD,buy,in,0.61,4830.02,3581,-2.14,0.00,0.00,14 749.06,EMA Crossover Trade BUY #M12350
2026.01.22 11:13:41,3582,XAUUSD,sell,out,0.61,4833.96,3582,-2.14,0.00,240.34,14 987.26,sl 4834.08
2026.01.22 12:00:00,3583,XAUUSD,buy,in,0.62,4823.24,3583,-2.17,0.00,0.00,14 985.09,EMA Crossover Trade BUY #M12350
2026.01.22 12:05:03,3584,XAUUSD,sell,out,0.62,4821.27,3584,-2.17,0.00,-122.14,14 860.78,sl 4821.34
2026.01.22 13:00:00,3585,XAUUSD,buy,in,0.61,4829.14,3585,-2.14,0.00,0.00,14 858.64,EMA Crossover Trade BUY #M12350
2026.01.22 13:11:39,3586,XAUUSD,sell,out,0.61,4828.02,3586,-2.14,0.00,-68.32,14 788.18,sl 4828.04
2026.01.22 14:00:00,3587,XAUUSD,buy,in,0.61,4831.27,3587,-2.14,0.00,0.00,14 786.04,EMA Crossover Trade BUY #M12350
2026.01.22 14:45:12,3588,XAUUSD,sell,out,0.61,4828.76,3588,-2.14,0.00,-153.11,14 630.79,sl 4828.84
2026.01.22 15:00:00,3589,XAUUSD,buy,in,0.6,4819.41,3589,-2.10,0.00,0.00,14 628.69,EMA Crossover Trade BUY #M12350
2026.01.22 15:01:01,3590,XAUUSD,sell,out,0.6,4816.52,3590,-2.10,0.00,-173.40,14 453.19,sl 4816.53
2026.01.22 16:00:00,3591,XAUUSD,buy,in,0.48,4822.28,3591,-1.68,0.00,0.00,14 451.51,EMA Crossover Trade BUY #M12350
2026.01.22 16:00:57,3592,XAUUSD,sell,out,0.48,4821.89,3592,-1.68,0.00,-18.72,14 431.11,sl 4821.95
2026.01.22 16:35:00,3593,TSLA.NAS,sell,in,144.3,433.35,3593,-2.89,0.00,0.00,14 428.22,RSI Scalping Sell #M125421321
2026.01.22 16:45:00,3594,XAUUSD,buy,in,0.09,4846.83,3594,-0.32,0.00,0.00,14 427.90,United SuperEMA long #M940001
2026.01.22 18:00:00,3595,XAUUSD,buy,in,0.96,4872.19,3595,-3.36,0.00,0.00,14 424.54,RSI Scalping Buy #M129102315
2026.01.22 18:00:01,3596,TSLA.NAS,buy,out,144.3,437.31,3596,-2.89,0.00,-571.43,13 850.22,
2026.01.22 18:00:15,3597,XAUUSD,sell,out,0.96,4873.52,3597,-3.36,0.00,127.68,13 974.54,sl 4873.53
2026.01.22 19:00:00,3598,XAUUSD,buy,in,0.03,4877.96,3598,-0.11,0.00,0.00,13 974.43,WP Buy #M20260526
2026.01.22 19:08:37,3599,XAUUSD,sell,out,0.03,4877.07,3599,-0.11,0.00,-2.67,13 971.65,sl 4877.09
2026.01.22 20:00:00,3600,XAUUSD,buy,in,0.03,4904.49,3600,-0.11,0.00,0.00,13 971.54,WP Buy #M20260526
2026.01.22 20:25:38,3601,XAUUSD,sell,out,0.03,4907.18,3601,-0.11,0.00,8.07,13 979.50,sl 4907.54
2026.01.22 21:00:00,3602,XAUUSD,buy,in,0.03,4915.91,3602,-0.11,0.00,0.00,13 979.39,WP Buy #M20260526
2026.01.22 21:25:58,3603,XAUUSD,sell,out,0.03,4916.98,3603,-0.11,0.00,3.21,13 982.49,sl 4916.99
2026.01.22 22:00:00,3604,XAUUSD,sell,in,1.16,4911.91,3604,-4.06,0.00,0.00,13 978.43,RSI Scalping Sell #M129102315
2026.01.22 22:30:01,3605,NVDA.NAS,sell,in,116.4,184.08,3605,-2.33,0.00,0.00,13 976.10,RSI Scalping Sell #M20003
2026.01.23 02:00:00,3606,XAUUSD,buy,in,0.03,4959.57,3606,-0.11,0.00,0.00,13 975.99,WP Buy #M20260526
2026.01.23 03:00:00,3607,XAUUSD,buy,out,1.16,4966.00,3607,-4.06,51.95,-6 274.44,7 749.44,
2026.01.23 03:00:13,3608,XAUUSD,sell,out,0.03,4959.42,3608,-0.11,0.00,-0.45,7 748.88,sl 4959.54
2026.01.23 05:30:00,3609,XAUUSD,sell,out,0.09,4943.66,3609,-0.32,-4.67,871.47,8 615.36,
2026.01.23 09:00:00,3610,XAUUSD,sell,in,0.71,4953.43,3610,-2.49,0.00,0.00,8 612.87,RSI Scalping Sell #M129102315
2026.01.23 09:00:12,3611,XAUUSD,buy,out,0.71,4953.43,3611,-2.49,0.00,0.00,8 610.38,sl 4953.32
2026.01.23 13:00:00,3612,XAUUSD,buy,in,0.71,4929.94,3612,-2.49,0.00,0.00,8 607.89,RSI Scalping Buy #M129102315
2026.01.23 14:03:01,3613,XAUUSD,sell,out,0.71,4929.99,3613,-2.49,0.00,3.55,8 608.95,sl 4930.02
2026.01.23 14:15:00,3614,XAUUSD,buy,in,0.07,4934.10,3614,-0.25,0.00,0.00,8 608.70,United SuperEMA long #M940001
2026.01.23 15:00:00,3615,XAUUSD,buy,in,0.71,4938.14,3615,-2.49,0.00,0.00,8 606.21,RSI Scalping Buy #M129102315
2026.01.23 15:00:01,3616,XAUUSD,sell,out,0.71,4938.58,3616,-2.49,0.00,31.24,8 634.96,sl 4938.63
2026.01.23 17:15:01,3617,NVDA.NAS,buy,out,116.4,187.69,3617,-2.33,0.00,-420.20,8 212.43,
2026.01.23 20:00:00,3618,AUDUSD,buy,in,0.12,0.68825,3618,-0.42,0.00,0.00,8 212.01,WP Buy #M20260525
2026.01.23 21:00:00,3619,XAUUSD,sell,out,0.07,4967.27,3619,-0.25,0.00,232.19,8 443.95,
2026.01.23 22:00:00,3620,EURUSD,buy,in,0.12,1.18119,3620,-0.42,0.00,0.00,8 443.53,WP Buy #M20260524
2026.01.26 01:27:53,3621,EURUSD,sell,out,0.12,1.18676,3621,-0.42,-0.91,66.84,8 509.04,sl 1.18676
2026.01.26 02:00:00,3622,XAUUSD,buy,in,0.02,5040.22,3622,-0.07,0.00,0.00,8 508.97,WP Buy #M20260526
2026.01.26 02:03:44,3623,AUDUSD,sell,out,0.12,0.69063,3623,-0.42,-0.22,28.56,8 536.89,sl 0.69063
2026.01.26 02:54:59,3624,XAUUSD,sell,out,0.02,5044.31,3624,-0.07,0.00,8.18,8 545.00,sl 5044.56
2026.01.26 03:00:00,3625,XAUUSD,buy,in,0.02,5041.52,3625,-0.07,0.00,0.00,8 544.93,WP Buy #M20260526
2026.01.26 03:25:18,3626,XAUUSD,sell,out,0.02,5071.99,3626,-0.07,0.00,60.94,8 605.80,tp 5071.85
2026.01.26 04:00:00,3627,XAUUSD,buy,in,0.02,5070.98,3627,-0.07,0.00,0.00,8 605.73,WP Buy #M20260526
2026.01.26 04:03:12,3628,XAUUSD,sell,out,0.02,5071.14,3628,-0.07,0.00,0.32,8 605.98,sl 5071.16
2026.01.26 05:00:00,3629,XAUUSD,buy,in,0.02,5080.52,3629,-0.07,0.00,0.00,8 605.91,WP Buy #M20260526
2026.01.26 05:18:58,3630,XAUUSD,sell,out,0.02,5080.24,3630,-0.07,0.00,-0.56,8 605.28,sl 5080.38
2026.01.26 15:00:00,3631,XAUUSD,sell,in,0.71,5079.48,3631,-2.49,0.00,0.00,8 602.79,RSI Scalping Sell #M129102315
2026.01.26 15:00:05,3632,XAUUSD,buy,out,0.71,5078.07,3632,-2.49,0.00,100.11,8 700.41,sl 5078.04
2026.01.26 17:00:00,3633,TSLA.NAS,sell,in,108.7,439.02,3633,-2.17,0.00,0.00,8 698.24,RSI Scalping Sell #M125421321
2026.01.26 17:10:00,3634,AAPL.NAS,buy,in,36.2,253.750,3634,-0.72,0.00,0.00,8 697.52,RSI Scalping Buy #M20001
2026.01.26 17:18:26,3635,AAPL.NAS,sell,out,36.2,254.030,3635,-0.72,0.00,10.14,8 706.94,sl 254.030
2026.01.26 17:30:00,3636,AAPL.NAS,sell,in,36.2,254.010,3636,-0.72,0.00,0.00,8 706.22,RSI Scalping Sell #M20001
2026.01.26 18:00:00,3637,XAUUSD,sell,in,0.72,5091.04,3637,-2.52,0.00,0.00,8 703.70,RSI Scalping Sell #M129102315
2026.01.26 18:00:20,3638,XAUUSD,buy,out,0.72,5090.84,3638,-2.52,0.00,14.40,8 715.58,sl 5090.79
2026.01.26 18:15:00,3639,XAUUSD,buy,in,0.07,5100.99,3639,-0.25,0.00,0.00,8 715.33,United SuperEMA long #M940001
2026.01.26 18:45:00,3640,XAUUSD,sell,out,0.07,5076.93,3640,-0.25,0.00,-168.42,8 546.66,
2026.01.26 18:45:01,3641,NVDA.NAS,sell,in,71.2,186.69,3641,-1.42,0.00,0.00,8 545.24,RSI Scalping Sell #M20003
2026.01.26 19:00:00,3642,AAPL.NAS,buy,in,0.2,254.880,3642,-0.02,0.00,0.00,8 545.22,WP Buy #M20260528
2026.01.26 19:04:22,3643,AAPL.NAS,sell,out,0.2,255.280,3643,-0.02,0.00,0.08,8 545.28,tp 255.280
2026.01.26 19:45:01,3644,XAUUSD,buy,in,0.07,5102.94,3644,-0.25,0.00,0.00,8 545.03,United SuperEMA long #M940001
2026.01.26 19:45:07,3645,NVDA.NAS,buy,out,71.2,186.46,3645,-1.42,0.00,16.38,8 559.99,
2026.01.26 19:45:07,3646,NVDA.NAS,sell,in,71.2,186.45,3646,-1.42,0.00,0.00,8 558.57,RSI Scalping Sell #M20003
2026.01.26 20:00:01,3647,NVDA.NAS,buy,out,71.2,186.47,3647,-1.42,0.00,-1.42,8 555.73,
2026.01.26 20:15:00,3648,XAUUSD,sell,out,0.07,5079.13,3648,-0.25,0.00,-166.67,8 388.81,
2026.01.26 20:30:01,3649,NVDA.NAS,buy,in,69.9,186.44,3649,-1.40,0.00,0.00,8 387.41,RSI Scalping Buy #M20003
2026.01.26 23:45:00,3650,XAUUSD,sell,in,0.06,5004.14,3650,-0.21,0.00,0.00,8 387.20,United SuperEMA short #M940001
2026.01.27 01:30:00,3651,XAUUSD,buy,out,0.06,5045.39,3651,-0.21,2.69,-247.50,8 142.18,
2026.01.27 05:45:01,3652,XAUUSD,buy,in,0.06,5074.90,3652,-0.21,0.00,0.00,8 141.97,United SuperEMA long #M940001
2026.01.27 07:15:00,3653,XAUUSD,sell,out,0.06,5063.72,3653,-0.21,0.00,-67.08,8 074.68,
2026.01.27 08:00:00,3654,XAUUSD,buy,in,0.53,5083.11,3654,-1.86,0.00,0.00,8 072.82,RSI Scalping Buy #M129102315
2026.01.27 08:00:00,3655,XAUUSD,buy,in,0.05,5083.11,3655,-0.18,0.00,0.00,8 072.64,United SuperEMA long #M940001
2026.01.27 08:01:51,3656,XAUUSD,sell,out,0.53,5085.33,3656,-1.86,0.00,117.66,8 188.44,sl 5085.40
2026.01.27 10:45:00,3657,XAUUSD,sell,out,0.05,5082.67,3657,-0.18,0.00,-2.20,8 186.06,
2026.01.27 12:00:00,3658,XAUUSD,buy,in,0.68,5098.54,3658,-2.38,0.00,0.00,8 183.68,RSI Scalping Buy #M129102315
2026.01.27 16:00:00,3659,XAUUSD,sell,out,0.68,5077.55,3659,-2.38,0.00,-1 427.32,6 753.98,
2026.01.27 16:00:00,3660,EURUSD,buy,in,0.12,1.19236,3660,-0.42,0.00,0.00,6 753.56,WP Buy #M20260524
2026.01.27 17:00:00,3661,AUDUSD,buy,in,0.1,0.69604,3661,-0.35,0.00,0.00,6 753.21,WP Buy #M20260525
2026.01.27 17:00:00,3662,XAUUSD,sell,in,0.05,5052.57,3662,-0.18,0.00,0.00,6 753.03,United SuperEMA short #M940001
2026.01.27 17:00:02,3663,AAPL.NAS,buy,in,0.1,261.470,3663,-0.02,0.00,0.00,6 753.01,WP Buy #M20260528
2026.01.27 17:00:04,3664,AAPL.NAS,sell,out,0.1,261.260,3664,-0.02,0.00,-0.02,6 752.97,sl 261.270
2026.01.27 17:45:00,3665,XAUUSD,buy,out,0.05,5080.77,3665,-0.18,0.00,-141.00,6 611.79,
2026.01.27 18:00:00,3666,XAUUSD,buy,in,0.01,5091.25,3666,-0.04,0.00,0.00,6 611.75,United SuperEMA long #M940001
2026.01.27 19:29:41,3667,EURUSD,sell,out,0.12,1.19602,3667,-0.42,0.00,43.92,6 655.25,sl 1.19602
2026.01.27 20:00:00,3668,EURUSD,buy,in,0.09,1.19802,3668,-0.32,0.00,0.00,6 654.93,WP Buy #M20260524
2026.01.27 22:00:00,3669,XAUUSD,buy,in,0.55,5099.09,3669,-1.93,0.00,0.00,6 653.00,RSI Scalping Buy #M129102315
2026.01.27 22:00:26,3670,XAUUSD,sell,out,0.55,5099.45,3670,-1.93,0.00,19.80,6 670.87,sl 5099.49
2026.01.27 22:48:52,3671,EURUSD,sell,out,0.09,1.20800,3671,-0.32,0.00,89.82,6 760.37,tp 1.20800
2026.01.28 02:00:00,3672,XAUUSD,sell,in,0.56,5172.25,3672,-1.96,0.00,0.00,6 758.41,RSI Scalping Sell #M129102315
2026.01.28 02:00:00,3673,XAUUSD,buy,in,0.01,5172.36,3673,-0.04,0.00,0.00,6 758.37,WP Buy #M20260526
2026.01.28 02:01:45,3674,XAUUSD,buy,out,0.56,5162.86,3674,-1.96,0.00,525.84,7 282.25,sl 5162.79
2026.01.28 02:04:09,3675,AUDUSD,sell,out,0.1,0.69919,3675,-0.35,-0.19,31.50,7 313.21,sl 0.69919
2026.01.28 02:05:14,3676,XAUUSD,sell,out,0.01,5157.28,3676,-0.04,0.00,-15.08,7 298.09,sl 5157.36
2026.01.28 04:00:00,3677,XAUUSD,buy,in,0.01,5205.06,3677,-0.04,0.00,0.00,7 298.05,WP Buy #M20260526
2026.01.28 04:01:38,3678,XAUUSD,sell,out,0.01,5209.37,3678,-0.04,0.00,4.31,7 302.32,sl 5209.40
2026.01.28 05:00:00,3679,XAUUSD,buy,in,0.01,5231.85,3679,-0.04,0.00,0.00,7 302.28,WP Buy #M20260526
2026.01.28 05:18:26,3680,XAUUSD,sell,out,0.01,5239.68,3680,-0.04,0.00,7.83,7 310.07,sl 5239.93
2026.01.28 11:45:00,3681,XAUUSD,sell,out,0.01,5266.84,3681,-0.04,-0.52,175.59,7 485.10,
2026.01.28 14:00:00,3682,XAUUSD,sell,in,0.62,5262.10,3682,-2.17,0.00,0.00,7 482.93,RSI Scalping Sell #M129102315
2026.01.28 14:00:11,3683,XAUUSD,buy,out,0.62,5261.51,3683,-2.17,0.00,36.58,7 517.34,sl 5261.41
2026.01.28 16:00:00,3684,XAUUSD,sell,in,0.62,5267.18,3684,-2.17,0.00,0.00,7 515.17,RSI Scalping Sell #M129102315
2026.01.28 16:01:01,3685,XAUUSD,buy,out,0.62,5265.04,3685,-2.17,0.00,132.68,7 645.68,sl 5265.01
2026.01.28 16:35:01,3686,AAPL.NAS,buy,out,36.2,257.560,3686,-0.72,0.00,-128.51,7 516.45,
2026.01.28 18:15:00,3687,XAUUSD,buy,in,0.01,5284.68,3687,-0.04,0.00,0.00,7 516.41,United SuperEMA long #M940001
2026.01.28 20:00:00,3688,XAUUSD,sell,in,0.62,5298.52,3688,-2.17,0.00,0.00,7 514.24,RSI Scalping Sell #M129102315
2026.01.28 20:00:14,3689,XAUUSD,buy,out,0.62,5298.74,3689,-2.17,0.00,-13.64,7 498.43,sl 5298.69
2026.01.28 20:45:00,3690,XAUUSD,sell,out,0.01,5274.00,3690,-0.04,0.00,-10.68,7 487.71,
2026.01.29 01:00:00,3691,AUDUSD,buy,in,0.11,0.70398,3691,-0.39,0.00,0.00,7 487.32,WP Buy #M20260525
2026.01.29 03:45:00,3692,XAUUSD,buy,in,0.01,5540.52,3692,-0.04,0.00,0.00,7 487.28,United SuperEMA long #M940001
2026.01.29 04:00:01,3693,XBRUSD,buy,in,0.5,68.39,3693,0.00,0.00,0.00,7 487.28,WP Buy #M20260534
2026.01.29 09:30:00,3694,XAUUSD,sell,out,0.01,5541.98,3694,-0.04,0.00,1.46,7 488.70,
2026.01.29 09:31:26,3695,AUDUSD,sell,out,0.11,0.70699,3695,-0.39,0.00,33.11,7 521.42,sl 0.70700
2026.01.29 11:00:00,3696,XAUUSD,sell,in,0.62,5510.20,3696,-2.17,0.00,0.00,7 519.25,RSI Scalping Sell #M129102315
2026.01.29 11:00:37,3697,XAUUSD,buy,out,0.62,5509.39,3697,-2.17,0.00,50.22,7 567.30,sl 5509.32
2026.01.29 16:30:00,3698,XAUUSD,buy,in,0.06,5544.20,3698,-0.21,0.00,0.00,7 567.09,United SuperEMA long #M940001
2026.01.29 17:00:00,3699,XAUUSD,sell,out,0.06,5495.64,3699,-0.21,0.00,-291.36,7 275.52,
2026.01.29 17:00:01,3700,TSLA.NAS,buy,out,108.7,423.22,3700,-2.17,0.00,1 717.46,8 990.81,
2026.01.29 17:03:59,3701,NVDA.NAS,sell,out,69.9,189.07,3701,-1.40,-0.03,183.84,9 173.22,sl 189.08
2026.01.29 17:12:13,3702,XBRUSD,sell,out,0.5,70.17,3702,0.00,0.00,89.00,9 262.22,sl 70.17
2026.01.29 17:15:01,3703,NVDA.NAS,sell,in,77.1,188.44,3703,-1.54,0.00,0.00,9 260.68,RSI Scalping Sell #M20003
2026.01.29 17:30:01,3704,NVDA.NAS,buy,out,77.1,188.94,3704,-1.54,0.00,-38.55,9 220.59,
2026.01.29 19:00:00,3705,NVDA.NAS,buy,in,76.8,188.09,3705,-1.54,0.00,0.00,9 219.05,RSI Scalping Buy #M20003
2026.01.29 23:00:00,3706,XAUUSD,buy,in,0.38,5394.49,3706,-1.33,0.00,0.00,9 217.72,EMA Crossover Trade BUY #M12350
2026.01.29 23:00:27,3707,XAUUSD,sell,out,0.38,5398.82,3707,-1.33,0.00,164.54,9 380.93,sl 5399.04
2026.01.30 02:00:00,3708,XAUUSD,buy,in,0.39,5438.78,3708,-1.37,0.00,0.00,9 379.56,EMA Crossover Trade BUY #M12350
2026.01.30 02:00:20,3709,XAUUSD,sell,out,0.39,5436.22,3709,-1.37,0.00,-99.84,9 278.35,sl 5436.64
2026.01.30 03:00:00,3710,XAUUSD,buy,in,0.38,5409.85,3710,-1.33,0.00,0.00,9 277.02,EMA Crossover Trade BUY #M12350
2026.01.30 03:11:07,3711,XAUUSD,sell,out,0.38,5357.72,3711,-1.33,0.00,-1 980.94,7 294.75,
2026.01.30 04:00:00,3712,XAUUSD,sell,in,0.06,5301.11,3712,-0.21,0.00,0.00,7 294.54,United SuperEMA short #M940001
2026.01.30 07:30:00,3713,XAUUSD,buy,out,0.06,5230.22,3713,-0.21,0.00,425.34,7 719.67,
2026.01.30 08:45:00,3714,XAUUSD,sell,in,0.06,5158.05,3714,-0.21,0.00,0.00,7 719.46,United SuperEMA short #M940001
2026.01.30 11:00:00,3715,XAUUSD,sell,out,0.33,5116.83,3715,-1.16,-205.46,13 907.52,21 420.36,
2026.01.30 13:00:00,3716,XAUUSD,buy,out,0.06,5119.35,3716,-0.21,0.00,232.20,21 652.35,
2026.01.30 18:45:00,3717,XAUUSD,sell,in,0.36,5008.99,3717,-1.26,0.00,0.00,21 651.09,United SuperEMA short #M940001
2026.01.30 20:21:24,3718,NVDA.NAS,sell,out,76.8,190.71,3718,-1.54,-0.01,201.22,21 850.76,sl 190.71
2026.01.30 21:00:01,3719,NVDA.NAS,buy,in,182,191.53,3719,-3.64,0.00,0.00,21 847.12,RSI Scalping Buy #M20003
2026.01.30 22:00:00,3720,TSLA.NAS,sell,in,273,433.53,3720,-5.46,0.00,0.00,21 841.66,RSI Scalping Sell #M125421321
2026.01.30 22:00:00,3721,XAUUSD,buy,out,0.36,4932.41,3721,-1.26,0.00,2 756.88,24 597.28,
2026.01.30 22:50:00,3722,AAPL.NAS,buy,in,102.4,261.820,3722,-2.05,0.00,0.00,24 595.23,RSI Scalping Buy #M20001
2026.02.02 01:30:00,3723,XAUUSD,sell,in,0.4,4728.03,3723,-1.40,0.00,0.00,24 593.83,United SuperEMA short #M940001
2026.02.02 02:30:00,3724,XAUUSD,buy,out,0.4,4846.92,3724,-1.40,0.00,-4 755.60,19 836.83,
2026.02.02 16:35:00,3725,NVDA.NAS,sell,out,182,186.93,3725,-3.64,-0.09,-837.20,18 995.90,
2026.02.02 16:35:03,3726,AAPL.NAS,sell,out,102.4,262.570,3726,-2.05,-0.05,76.80,19 070.60,sl 262.580
2026.02.02 19:45:16,3727,TSLA.NAS,buy,out,273,424.08,3727,-5.46,0.02,2 579.85,21 645.01,sl 424.08
2026.03.02 00:21:00,3728,AUDUSD,buy,in,1.44,0.70572,3728,-5.04,0.00,0.00,21 639.97,RSI Oversold Crossover Buy #M30
2026.03.02 02:00:00,3729,XAUUSD,buy,in,0.9,5387.19,3729,-3.15,0.00,0.00,21 636.82,EMA Crossover Trade BUY #M12350
2026.03.02 02:00:00,3730,XAUUSD,buy,in,0.05,5387.38,3730,-0.18,0.00,0.00,21 636.64,WP Buy #M20260526
2026.03.02 02:00:03,3731,XAUUSD,sell,out,0.9,5384.30,3731,-3.15,0.00,-260.10,21 373.39,sl 5384.30
2026.03.02 02:01:46,3732,XAUUSD,sell,out,0.05,5372.16,3732,-0.18,0.00,-76.10,21 297.11,sl 5372.19
2026.03.02 03:00:00,3733,XAUUSD,buy,in,0.88,5346.46,3733,-3.08,0.00,0.00,21 294.03,EMA Crossover Trade BUY #M12350
2026.03.02 03:00:00,3734,XAUUSD,sell,out,0.88,5342.77,3734,-3.08,0.00,-324.72,20 966.23,sl 5342.92
2026.03.02 03:01:10,3735,AUDUSD,sell,out,1.44,0.70901,3735,-5.04,0.00,473.76,21 434.95,
2026.03.02 04:00:00,3736,XAUUSD,buy,in,0.89,5324.93,3736,-3.12,0.00,0.00,21 431.83,EMA Crossover Trade BUY #M12350
2026.03.02 04:00:00,3737,XAUUSD,sell,in,1.78,5324.78,3737,-6.23,0.00,0.00,21 425.60,RSI Scalping Sell #M129102315
2026.03.02 04:00:10,3738,XAUUSD,buy,out,1.78,5325.07,3738,-6.23,0.00,-51.62,21 367.75,sl 5324.57
2026.03.02 04:01:50,3739,XAUUSD,sell,out,0.89,5327.04,3739,-3.12,0.00,187.79,21 552.42,sl 5327.06
2026.03.02 05:00:00,3740,XAUUSD,buy,in,0.89,5346.80,3740,-3.12,0.00,0.00,21 549.30,EMA Crossover Trade BUY #M12350
2026.03.02 05:01:57,3741,XAUUSD,sell,out,0.89,5346.07,3741,-3.12,0.00,-64.97,21 481.21,sl 5346.17
2026.03.02 06:00:00,3742,XAUUSD,buy,in,0.89,5366.48,3742,-3.12,0.00,0.00,21 478.09,EMA Crossover Trade BUY #M12350
2026.03.02 06:04:40,3743,XAUUSD,sell,out,0.89,5363.27,3743,-3.12,0.00,-285.69,21 189.28,sl 5363.40
2026.03.02 07:00:00,3744,XAUUSD,buy,in,0.08,5356.18,3744,-0.28,0.00,0.00,21 189.00,EMA Crossover Trade BUY #M12350
2026.03.02 07:00:00,3745,XAUUSD,sell,in,1.76,5356.10,3745,-6.16,0.00,0.00,21 182.84,RSI Scalping Sell #M129102315
2026.03.02 07:00:01,3746,XAUUSD,buy,out,1.76,5355.24,3746,-6.16,0.00,151.36,21 328.04,sl 5354.81
2026.03.02 07:35:12,3747,XAUUSD,sell,out,0.08,5354.15,3747,-0.28,0.00,-16.24,21 311.52,sl 5354.25
2026.03.02 08:00:00,3748,XAUUSD,buy,in,0.08,5366.17,3748,-0.28,0.00,0.00,21 311.24,EMA Crossover Trade BUY #M12350
2026.03.02 08:09:55,3749,XAUUSD,sell,out,0.08,5376.09,3749,-0.28,0.00,79.36,21 390.32,sl 5376.24
2026.03.02 09:00:00,3750,XAUUSD,buy,in,0.08,5387.72,3750,-0.28,0.00,0.00,21 390.04,EMA Crossover Trade BUY #M12350
2026.03.02 09:08:17,3751,XAUUSD,sell,out,0.08,5395.98,3751,-0.28,0.00,66.08,21 455.84,sl 5396.13
2026.03.02 10:00:00,3752,XAUUSD,buy,in,0.44,5408.56,3752,-1.54,0.00,0.00,21 454.30,EMA Crossover Trade BUY #M12350
2026.03.02 10:01:06,3753,XAUUSD,sell,out,0.44,5407.81,3753,-1.54,0.00,-33.00,21 419.76,sl 5408.10
2026.03.02 11:00:00,3754,XAUUSD,sell,in,1.78,5394.31,3754,-6.23,0.00,0.00,21 413.53,RSI Scalping Sell #M129102315
2026.03.02 11:00:22,3755,XAUUSD,buy,out,1.78,5391.80,3755,-6.23,0.00,446.78,21 854.08,sl 5391.70
2026.03.02 16:45:01,3756,NVDA.NAS,buy,in,182.1,179.54,3756,-3.64,0.00,0.00,21 850.44,RSI Scalping Buy #M20003
2026.03.03 02:00:00,3757,XAUUSD,buy,in,0.36,5346.05,3757,-1.26,0.00,0.00,21 849.18,United SuperEMA long #M940001
2026.03.03 05:00:00,3758,XAUUSD,buy,in,1.82,5367.01,3758,-6.37,0.00,0.00,21 842.81,RSI Scalping Buy #M129102315
2026.03.03 05:00:34,3759,XAUUSD,sell,out,1.82,5369.04,3759,-6.37,0.00,369.46,22 205.90,sl 5369.17
2026.03.03 07:15:00,3760,XAUUSD,sell,out,0.36,5362.34,3760,-1.26,0.00,586.44,22 791.08,
2026.03.03 10:00:00,3761,XTIUSD,buy,in,0.5,73.95,3761,0.00,0.00,0.00,22 791.08,WP Buy #M20260533
2026.03.03 10:00:00,3762,XBRUSD,buy,in,0.5,81.18,3762,0.00,0.00,0.00,22 791.08,WP Buy #M20260534
2026.03.03 11:30:00,3763,XAUUSD,sell,in,0.37,5242.08,3763,-1.30,0.00,0.00,22 789.78,United SuperEMA short #M940001
2026.03.03 12:55:57,3764,XBRUSD,sell,out,0.5,84.18,3764,0.00,0.00,150.00,22 939.78,tp 84.18
2026.03.03 12:55:59,3765,XTIUSD,sell,out,0.5,76.95,3765,0.00,0.00,150.00,23 089.78,tp 76.95
2026.03.03 13:00:00,3766,XTIUSD,buy,in,0.5,76.58,3766,0.00,0.00,0.00,23 089.78,WP Buy #M20260533
2026.03.03 13:00:00,3767,XBRUSD,buy,in,0.5,83.90,3767,0.00,0.00,0.00,23 089.78,WP Buy #M20260534
2026.03.03 13:25:56,3768,XBRUSD,sell,out,0.5,84.44,3768,0.00,0.00,27.00,23 116.78,sl 84.45
2026.03.03 13:30:00,3769,XTIUSD,sell,out,0.5,76.69,3769,0.00,0.00,5.50,23 122.28,sl 76.69
2026.03.03 14:00:00,3770,XTIUSD,buy,in,0.5,77.26,3770,0.00,0.00,0.00,23 122.28,WP Buy #M20260533
2026.03.03 14:00:00,3771,XBRUSD,buy,in,0.5,84.79,3771,0.00,0.00,0.00,23 122.28,WP Buy #M20260534
2026.03.03 14:14:23,3772,XBRUSD,sell,out,0.5,83.29,3772,0.00,0.00,-75.00,23 047.28,sl 83.29
2026.03.03 15:00:20,3773,XTIUSD,sell,out,0.5,75.73,3773,0.00,0.00,-76.50,22 970.78,sl 75.76
2026.03.03 16:35:00,3774,NVDA.NAS,sell,out,182.1,178.04,3774,-3.64,-0.03,-273.15,22 693.96,sl 179.70
2026.03.03 16:45:00,3775,NVDA.NAS,sell,in,189.1,178.42,3775,-3.78,0.00,0.00,22 690.18,RSI Scalping Sell #M20003
2026.03.03 17:00:01,3776,NVDA.NAS,buy,out,189.1,178.87,3776,-3.78,0.00,-85.10,22 601.30,
2026.03.03 17:15:01,3777,NVDA.NAS,buy,in,150.6,179.96,3777,-3.01,0.00,0.00,22 598.29,RSI Scalping Buy #M20003
2026.03.03 20:15:00,3778,XAUUSD,buy,out,0.37,5104.85,3778,-1.30,0.00,5 077.51,27 674.50,
2026.03.04 08:15:00,3779,XAUUSD,sell,in,0.46,5141.80,3779,-1.61,0.00,0.00,27 672.89,United SuperEMA short #M940001
2026.03.04 09:15:00,3780,XAUUSD,buy,out,0.46,5167.88,3780,-1.61,0.00,-1 199.68,26 471.60,
2026.03.04 11:00:00,3781,BTCUSD,buy,in,2.2,71016.18,3781,0.00,0.00,0.00,26 471.60,RSI Scalping Buy #M123459123
2026.03.04 11:00:02,3782,BTCUSD,sell,out,2.2,71023.61,3782,0.00,0.00,16.35,26 487.95,sl 71023.82
2026.03.04 12:00:00,3783,XAUUSD,sell,in,0.66,5182.37,3783,-2.31,0.00,0.00,26 485.64,RSI Reverse SELL #M1002
2026.03.04 12:00:00,3784,XAUUSD,buy,out,0.66,5182.73,3784,-2.31,0.00,-23.76,26 459.57,
2026.03.04 14:15:00,3785,XAUUSD,buy,in,0.44,5197.64,3785,-1.54,0.00,0.00,26 458.03,United SuperEMA long #M940001
2026.03.04 14:45:00,3786,XAUUSD,sell,out,0.44,5165.72,3786,-1.54,0.00,-1 404.48,25 052.01,
2026.03.04 17:00:00,3787,XAUUSD,sell,in,0.41,5143.86,3787,-1.44,0.00,0.00,25 050.57,United SuperEMA short #M940001
2026.03.04 17:00:00,3788,BTCUSD,buy,in,2.08,71615.28,3788,0.00,0.00,0.00,25 050.57,RSI Scalping Buy #M123459123
2026.03.04 17:00:01,3789,BTCUSD,sell,out,2.08,71642.04,3789,0.00,0.00,55.66,25 106.23,sl 71665.57
2026.03.04 19:05:29,3790,XNGUSD,sell,in,0.62,3.0120,3790,0.00,0.00,0.00,25 106.23,WP Sell #M20260535
2026.03.04 19:08:12,3791,XNGUSD,buy,out,0.62,3.0220,3791,0.00,0.00,-62.00,25 044.23,sl 3.0220
2026.03.04 22:45:01,3792,XAUUSD,buy,out,0.41,5143.81,3792,-1.44,0.00,2.05,25 044.84,
2026.03.04 23:00:00,3793,XAUUSD,buy,in,0.62,5135.41,3793,-2.17,0.00,0.00,25 042.67,RSI Follow BUY #M1001
2026.03.05 05:00:00,3794,XAUUSD,buy,in,2.08,5192.18,3794,-7.28,0.00,0.00,25 035.39,RSI Scalping Buy #M129102315
2026.03.05 05:00:07,3795,XAUUSD,sell,out,2.08,5191.95,3795,-7.28,0.00,-47.84,24 980.27,sl 5191.98
2026.03.05 16:00:00,3796,XAUUSD,sell,out,0.62,5117.96,3796,-2.17,-96.52,-1 081.90,23 799.68,
2026.03.05 16:45:32,3797,NVDA.NAS,sell,out,150.6,180.94,3797,-3.01,-0.04,147.59,23 944.22,sl 180.94
2026.03.05 17:00:00,3798,NVDA.NAS,buy,in,199.5,182.50,3798,-3.99,0.00,0.00,23 940.23,RSI Scalping Buy #M20003
2026.03.05 19:00:00,3799,XTIUSD,buy,in,0.5,79.29,3799,0.00,0.00,0.00,23 940.23,WP Buy #M20260533
2026.03.05 19:31:24,3800,NVDA.NAS,sell,out,199.5,180.29,3800,-3.99,0.00,-440.90,23 495.34,sl 180.29
2026.03.05 20:00:00,3801,TSLA.NAS,sell,in,293.6,401.12,3801,-5.87,0.00,0.00,23 489.47,RSI Scalping Sell #M125421321
2026.03.05 20:45:00,3802,NVDA.NAS,buy,in,195.7,179.95,3802,-3.91,0.00,0.00,23 485.56,RSI Scalping Buy #M20003
2026.03.05 21:00:00,3803,XBRUSD,buy,in,0.5,85.42,3803,0.00,0.00,0.00,23 485.56,WP Buy #M20260534
2026.03.05 21:33:00,3804,XTIUSD,sell,out,0.5,80.78,3804,0.00,0.00,74.50,23 560.06,sl 80.80
2026.03.05 22:00:00,3805,XTIUSD,buy,in,0.5,81.72,3805,0.00,0.00,0.00,23 560.06,WP Buy #M20260533
2026.03.05 22:04:36,3806,XBRUSD,sell,out,0.5,85.59,3806,0.00,0.00,8.50,23 568.56,sl 85.60
2026.03.05 22:11:52,3807,XTIUSD,sell,out,0.5,80.19,3807,0.00,0.00,-76.50,23 492.06,sl 80.19
2026.03.05 23:00:00,3808,XAUUSD,sell,in,0.58,5076.70,3808,-2.03,0.00,0.00,23 490.03,RSI Follow SELL #M1001
2026.03.06 04:00:00,3809,XAUUSD,buy,out,0.58,5134.87,3809,-2.03,25.98,-3 373.86,20 140.12,
2026.03.06 22:10:39,3810,NVDA.NAS,sell,out,195.7,179.12,3810,-3.91,-0.03,-162.43,19 973.75,sl 179.23
2026.03.09 17:00:01,3811,TSLA.NAS,buy,out,293.6,384.44,3811,-5.87,0.03,4 897.25,24 865.16,
2026.03.09 17:30:00,3812,NVDA.NAS,buy,in,20.7,178.10,3812,-0.41,0.00,0.00,24 864.75,RSI Scalping Buy #M20003
2026.03.09 23:00:00,3813,XAUUSD,buy,in,0.62,5141.68,3813,-2.17,0.00,0.00,24 862.58,RSI Follow BUY #M1001
2026.03.09 23:00:00,3814,XAUUSD,buy,in,2.07,5141.68,3814,-7.25,0.00,0.00,24 855.33,RSI Scalping Buy #M129102315
2026.03.09 23:00:03,3815,XAUUSD,sell,out,2.07,5141.76,3815,-7.25,0.00,16.56,24 864.64,sl 5141.82
2026.03.10 05:00:00,3816,XAUUSD,buy,in,2.07,5184.36,3816,-7.25,0.00,0.00,24 857.39,RSI Scalping Buy #M129102315
2026.03.10 05:00:05,3817,XAUUSD,sell,out,2.07,5185.45,3817,-7.25,0.00,225.63,25 075.77,sl 5185.47
2026.03.10 08:00:00,3818,XAUUSD,sell,in,0.62,5163.87,3818,-2.17,0.00,0.00,25 073.60,RSI Reverse SELL #M1002
2026.03.10 08:00:00,3819,XAUUSD,buy,out,0.62,5163.90,3819,-2.17,0.00,-1.86,25 069.57,
2026.03.10 11:00:00,3820,AUDUSD,buy,in,0.37,0.71131,3820,-1.30,0.00,0.00,25 068.27,WP Buy #M20260525
2026.03.10 18:00:00,3821,SOXX.NAS,buy,in,0.5,343.260,3821,-0.02,0.00,0.00,25 068.25,WP Buy #M20260532
2026.03.10 18:01:41,3822,SOXX.NAS,sell,out,0.5,343.600,3822,-0.02,0.00,0.17,25 068.40,sl 343.600
2026.03.10 19:00:01,3823,SOXX.NAS,buy,in,0.5,344.120,3823,-0.02,0.00,0.00,25 068.38,WP Buy #M20260532
2026.03.10 19:00:26,3824,SOXX.NAS,sell,out,0.5,343.820,3824,-0.02,0.00,-0.15,25 068.21,sl 343.820
2026.03.10 20:00:00,3825,XAUUSD,buy,in,0.52,5227.81,3825,-1.82,0.00,0.00,25 066.39,EMA Crossover Trade BUY #M12350
2026.03.10 20:15:00,3826,XAUUSD,buy,in,0.41,5234.60,3826,-1.44,0.00,0.00,25 064.95,United SuperEMA long #M940001
2026.03.10 20:15:54,3827,XAUUSD,sell,out,0.52,5231.67,3827,-1.82,0.00,200.72,25 263.85,sl 5231.75
2026.03.10 21:00:00,3828,XAUUSD,buy,in,0.52,5228.15,3828,-1.82,0.00,0.00,25 262.03,EMA Crossover Trade BUY #M12350
2026.03.10 21:00:01,3829,AAPL.NAS,buy,in,0.6,262.270,3829,-0.02,0.00,0.00,25 262.01,WP Buy #M20260528
2026.03.10 21:01:46,3830,AAPL.NAS,sell,out,0.6,262.070,3830,-0.02,0.00,-0.12,25 261.87,sl 262.070
2026.03.10 21:14:16,3831,AUDUSD,sell,out,0.37,0.71444,3831,-1.30,0.00,115.81,25 376.38,sl 0.71444
2026.03.10 21:15:00,3832,XAUUSD,sell,out,0.41,5215.86,3832,-1.44,0.00,-768.34,24 606.60,
2026.03.10 22:00:00,3833,XAUUSD,sell,in,2.05,5191.82,3833,-7.18,0.00,0.00,24 599.42,RSI Scalping Sell #M129102315
2026.03.10 22:00:00,3834,TSLA.NAS,sell,in,307.4,400.61,3834,-6.15,0.00,0.00,24 593.27,RSI Scalping Sell #M125421321
2026.03.10 22:00:02,3835,XAUUSD,buy,out,2.05,5190.51,3835,-7.18,0.00,268.55,24 854.64,sl 5190.32
2026.03.10 23:00:00,3836,XAUUSD,buy,in,2.07,5198.88,3836,-7.25,0.00,0.00,24 847.39,RSI Scalping Buy #M129102315
2026.03.11 03:18:51,3837,XAUUSD,sell,out,2.07,5202.44,3837,-7.25,-107.41,736.92,25 469.65,sl 5202.53
2026.03.11 03:30:00,3838,XAUUSD,buy,in,0.42,5212.48,3838,-1.47,0.00,0.00,25 468.18,United SuperEMA long #M940001
2026.03.11 04:00:00,3839,XAUUSD,buy,in,2.12,5215.46,3839,-7.42,0.00,0.00,25 460.76,RSI Scalping Buy #M129102315
2026.03.11 04:00:02,3840,XAUUSD,sell,out,2.12,5216.27,3840,-7.42,0.00,171.72,25 625.06,sl 5216.32
2026.03.11 06:45:00,3841,XAUUSD,sell,out,0.42,5208.01,3841,-1.47,0.00,-187.74,25 435.85,
2026.03.11 08:00:00,3842,AUDUSD,buy,in,0.38,0.71820,3842,-1.33,0.00,0.00,25 434.52,WP Buy #M20260525
2026.03.11 14:58:41,3843,XAUUSD,sell,out,0.52,5176.26,3843,-1.82,-26.98,-2 698.28,22 707.44,
2026.03.11 16:35:01,3844,TSLA.NAS,buy,out,307.4,409.04,3844,-6.15,0.01,-2 591.38,20 109.92,
2026.03.11 20:37:57,3845,AUDUSD,sell,out,0.38,0.71420,3845,-1.33,0.00,-152.00,19 956.59,sl 0.71420
2026.03.12 16:41:39,3846,NVDA.NAS,sell,out,20.7,183.83,3846,-0.41,0.00,118.61,20 074.79,sl 183.83
2026.03.12 20:00:00,3847,XAUUSD,sell,out,0.62,5123.17,3847,-2.17,-160.86,-1 147.62,18 764.14,
2026.04.01 02:00:00,3848,XAUUSD,buy,in,0.39,4681.38,3848,-1.37,0.00,0.00,18 762.77,EMA Crossover Trade BUY #M12350
2026.04.01 02:01:02,3849,XAUUSD,sell,out,0.39,4678.10,3849,-1.37,0.00,-127.92,18 633.48,sl 4678.10
2026.04.01 03:00:00,3850,AUDUSD,buy,in,0.27,0.69200,3850,-0.95,0.00,0.00,18 632.53,WP Buy #M20260525
2026.04.01 03:00:00,3851,XAUUSD,buy,in,0.77,4695.46,3851,-2.70,0.00,0.00,18 629.83,EMA Crossover Trade BUY #M12350
2026.04.01 03:01:29,3852,XAUUSD,sell,out,0.77,4695.34,3852,-2.70,0.00,-9.24,18 617.89,sl 4695.75
2026.04.01 04:00:00,3853,XAUUSD,buy,in,0.77,4712.21,3853,-2.70,0.00,0.00,18 615.19,EMA Crossover Trade BUY #M12350
2026.04.01 04:00:03,3854,XAUUSD,sell,out,0.77,4710.86,3854,-2.70,0.00,-103.95,18 508.54,sl 4710.94
2026.04.01 05:00:00,3855,XAUUSD,buy,in,0.3,4693.52,3855,-1.05,0.00,0.00,18 507.49,EMA Crossover Trade BUY #M12350
2026.04.01 05:00:00,3856,XAUUSD,sell,in,1.23,4693.56,3856,-4.31,0.00,0.00,18 503.18,RSI Scalping Sell #M129102315
2026.04.01 05:00:02,3857,XAUUSD,buy,out,1.23,4693.45,3857,-4.31,0.00,13.53,18 512.40,sl 4693.29
2026.04.01 05:00:32,3858,XAUUSD,sell,out,0.3,4691.23,3858,-1.05,0.00,-68.70,18 442.65,sl 4691.34
2026.04.01 06:00:00,3859,XAUUSD,buy,in,0.07,4684.57,3859,-0.25,0.00,0.00,18 442.40,EMA Crossover Trade BUY #M12350
2026.04.01 06:03:03,3860,XAUUSD,sell,out,0.07,4686.38,3860,-0.25,0.00,12.67,18 454.82,sl 4686.45
2026.04.01 07:00:01,3861,XAUUSD,buy,in,0.07,4681.98,3861,-0.25,0.00,0.00,18 454.57,EMA Crossover Trade BUY #M12350
2026.04.01 08:20:19,3862,XAUUSD,sell,out,0.07,4684.16,3862,-0.25,0.00,15.26,18 469.58,sl 4684.28
2026.04.01 09:00:00,3863,XAUUSD,buy,in,0.76,4684.40,3863,-2.66,0.00,0.00,18 466.92,EMA Crossover Trade BUY #M12350
2026.04.01 09:00:42,3864,XAUUSD,sell,out,0.76,4683.20,3864,-2.66,0.00,-91.20,18 373.06,sl 4684.13
2026.04.01 10:00:00,3865,XAUUSD,buy,in,0.76,4731.82,3865,-2.66,0.00,0.00,18 370.40,EMA Crossover Trade BUY #M12350
2026.04.01 10:00:23,3866,XAUUSD,sell,out,0.76,4728.90,3866,-2.66,0.00,-221.92,18 145.82,sl 4728.96
2026.04.01 15:58:09,3867,AUDUSD,sell,out,0.27,0.69385,3867,-0.95,0.00,49.95,18 194.82,sl 0.69391
2026.05.01 01:15:00,3868,XAUUSD,buy,in,0.3,4631.57,3868,-1.05,0.00,0.00,18 193.77,United SuperEMA long #M940001
2026.05.01 02:00:00,3869,XAUUSD,buy,in,0.07,4630.56,3869,-0.25,0.00,0.00,18 193.52,EMA Crossover Trade BUY #M12350
2026.05.01 02:52:05,3870,XAUUSD,sell,out,0.07,4630.29,3870,-0.25,0.00,-1.89,18 191.38,sl 4630.36
2026.05.01 03:00:00,3871,XAUUSD,buy,in,0.07,4626.86,3871,-0.25,0.00,0.00,18 191.13,EMA Crossover Trade BUY #M12350
2026.05.01 03:08:12,3872,XAUUSD,sell,out,0.07,4627.31,3872,-0.25,0.00,3.15,18 194.03,sl 4627.36
2026.05.01 03:15:00,3873,XAUUSD,sell,out,0.3,4622.02,3873,-1.05,0.00,-286.50,17 906.48,
2026.05.01 07:00:00,3874,XAUUSD,buy,in,0.74,4626.86,3874,-2.59,0.00,0.00,17 903.89,EMA Crossover Trade BUY #M12350
2026.05.01 07:00:00,3875,XAUUSD,sell,in,0.44,4626.86,3875,-1.54,0.00,0.00,17 902.35,RSI Reverse SELL #M1002
2026.05.01 07:00:00,3876,XAUUSD,buy,out,0.44,4627.11,3876,-1.54,0.00,-11.00,17 889.81,
2026.05.01 07:00:00,3877,XAUUSD,buy,in,1.49,4627.05,3877,-5.22,0.00,0.00,17 884.59,RSI Scalping Buy #M129102315
2026.05.01 07:03:03,3878,XAUUSD,sell,out,1.49,4627.78,3878,-5.22,0.00,108.77,17 988.14,sl 4627.89
2026.05.01 07:03:33,3879,XAUUSD,sell,out,0.74,4624.84,3879,-2.59,0.00,-149.48,17 836.07,sl 4624.93
2026.05.01 11:00:00,3880,XAUUSD,sell,in,0.29,4579.65,3880,-1.02,0.00,0.00,17 835.05,United SuperEMA short #M940001
2026.05.01 14:45:00,3881,XAUUSD,buy,out,0.29,4575.68,3881,-1.02,0.00,115.13,17 949.16,
2026.05.01 16:00:00,3882,BTCUSD,buy,in,1.49,77875.06,3882,0.00,0.00,0.00,17 949.16,RSI Scalping Buy #M123459123
2026.05.01 16:00:02,3883,BTCUSD,sell,out,1.49,77893.96,3883,0.00,0.00,28.16,17 977.32,sl 77897.25
2026.05.01 16:50:00,3884,AAPL.NAS,buy,in,74.9,283.580,3884,-1.50,0.00,0.00,17 975.82,RSI Scalping Buy #M20001
2026.05.01 16:51:04,3885,AAPL.NAS,sell,out,74.9,284.240,3885,-1.50,0.00,49.43,18 023.75,sl 284.310
2026.05.01 17:00:00,3886,XAUUSD,buy,in,0.75,4627.26,3886,-2.63,0.00,0.00,18 021.12,EMA Crossover Trade BUY #M12350
2026.05.01 17:00:00,3887,XAUUSD,buy,in,1.5,4625.20,3887,-5.25,0.00,0.00,18 015.87,RSI Scalping Buy #M129102315
2026.05.01 17:00:03,3888,XAUUSD,sell,out,1.5,4626.07,3888,-5.25,0.00,130.50,18 141.12,sl 4626.12
2026.05.01 17:00:56,3889,XAUUSD,sell,out,0.75,4632.89,3889,-2.63,0.00,422.25,18 560.74,sl 4632.94
2026.05.01 17:30:00,3890,NVDA.NAS,sell,in,154.6,199.30,3890,-3.09,0.00,0.00,18 557.65,RSI Scalping Sell #M20003
2026.05.01 17:40:01,3891,AAPL.NAS,sell,in,77.3,283.050,3891,-1.55,0.00,0.00,18 556.10,RSI Scalping Sell #M20001
2026.05.01 17:40:44,3892,AAPL.NAS,buy,out,77.3,282.960,3892,-1.55,0.00,6.96,18 561.51,sl 282.900
2026.05.01 17:45:00,3893,NVDA.NAS,buy,out,154.6,199.31,3893,-3.09,0.00,-1.55,18 556.87,
2026.05.01 18:00:00,3894,XAUUSD,buy,in,0.77,4632.76,3894,-2.70,0.00,0.00,18 554.17,EMA Crossover Trade BUY #M12350
2026.05.01 18:01:27,3895,XAUUSD,sell,out,0.77,4629.62,3895,-2.70,0.00,-241.78,18 309.69,sl 4629.64
2026.05.01 18:15:01,3896,NVDA.NAS,sell,in,152.5,199.47,3896,-3.05,0.00,0.00,18 306.64,RSI Scalping Sell #M20003
2026.05.01 18:30:00,3897,XAUUSD,buy,in,0.3,4637.79,3897,-1.05,0.00,0.00,18 305.59,United SuperEMA long #M940001
2026.05.01 18:30:02,3898,NVDA.NAS,buy,out,152.5,198.94,3898,-3.05,0.00,80.83,18 383.37,
2026.05.01 18:45:00,3899,NVDA.NAS,buy,in,153.1,199.56,3899,-3.06,0.00,0.00,18 380.31,RSI Scalping Buy #M20003
2026.05.01 19:00:00,3900,XAUUSD,buy,in,0.76,4643.59,3900,-2.66,0.00,0.00,18 377.65,EMA Crossover Trade BUY #M12350
2026.05.01 19:00:00,3901,TSLA.NAS,buy,in,229.7,394.29,3901,-4.59,0.00,0.00,18 373.06,RSI Scalping Buy #M125421321
2026.05.01 19:07:21,3902,XAUUSD,sell,out,0.76,4641.82,3902,-2.66,0.00,-134.52,18 235.88,sl 4641.82
2026.05.01 20:45:00,3903,XAUUSD,sell,out,0.3,4628.06,3903,-1.05,0.00,-291.90,17 942.93,
2026.05.01 22:00:00,3904,TSLA.NAS,sell,out,229.7,394.30,3904,-4.59,0.00,2.30,17 940.64,
2026.05.04 06:00:00,3905,BTCUSD,buy,in,1.49,80160.30,3905,0.00,0.00,0.00,17 940.64,RSI Scalping Buy #M123459123
2026.05.04 06:00:05,3906,BTCUSD,sell,out,1.49,80187.73,3906,0.00,0.00,40.87,17 981.51,sl 80190.56
2026.05.04 16:55:37,3907,NVDA.NAS,sell,out,153.1,197.93,3907,-3.06,-0.08,-249.55,17 728.82,sl 197.94
2026.05.04 17:30:00,3908,NVDA.NAS,sell,in,147.7,197.37,3908,-2.95,0.00,0.00,17 725.87,RSI Scalping Sell #M20003
2026.05.04 18:00:00,3909,NVDA.NAS,buy,out,147.7,197.23,3909,-2.95,0.00,20.68,17 743.60,
2026.05.04 18:00:00,3910,NVDA.NAS,sell,in,147.7,197.20,3910,-2.95,0.00,0.00,17 740.65,RSI Scalping Sell #M20003
2026.05.04 18:15:00,3911,NVDA.NAS,buy,out,147.7,196.97,3911,-2.95,0.00,33.97,17 771.67,
2026.05.04 19:00:00,3912,TSLA.NAS,sell,in,222.1,387.10,3912,-4.44,0.00,0.00,17 767.23,RSI Scalping Sell #M125421321
2026.05.04 20:00:01,3913,TSLA.NAS,buy,out,222.1,390.06,3913,-4.44,0.00,-657.42,17 105.37,
2026.06.01 03:00:00,3914,XAUUSD,buy,in,1.42,4539.98,3914,-4.97,0.00,0.00,17 100.40,RSI Scalping Buy #M129102315
2026.06.01 03:01:43,3915,XAUUSD,sell,out,1.42,4539.90,3915,-4.97,0.00,-11.36,17 084.07,sl 4539.95
2026.06.01 06:45:00,3916,XAUUSD,sell,in,0.28,4510.86,3916,-0.98,0.00,0.00,17 083.09,United SuperEMA short #M940001
2026.06.01 09:00:00,3917,XAUUSD,buy,out,0.28,4518.25,3917,-0.98,0.00,-206.92,16 875.19,
2026.06.01 09:45:00,3918,XAUUSD,sell,in,0.28,4504.46,3918,-0.98,0.00,0.00,16 874.21,United SuperEMA short #M940001
2026.06.01 13:45:00,3919,XAUUSD,buy,out,0.28,4506.06,3919,-0.98,0.00,-44.80,16 828.43,
2026.06.01 15:00:01,3920,BTCUSD,sell,in,0.03,72434.69,3920,0.00,0.00,0.00,16 828.43,WP Sell #M20260527
2026.06.01 15:20:30,3921,BTCUSD,buy,out,0.03,72137.23,3921,0.00,0.00,8.92,16 837.35,sl 72128.26
2026.06.01 16:11:05,3922,BTCUSD,sell,in,0.04,71855.22,3922,0.00,0.00,0.00,16 837.35,WP Sell #M20260527
2026.06.01 16:15:00,3923,XAUUSD,sell,in,0.28,4484.28,3923,-0.98,0.00,0.00,16 836.37,United SuperEMA short #M940001
2026.06.01 16:17:07,3924,BTCUSD,buy,out,0.04,71929.30,3924,0.00,0.00,-2.96,16 833.41,sl 71927.61
2026.06.01 16:35:00,3925,NVDA.NAS,sell,in,140.2,217.94,3925,-2.80,0.00,0.00,16 830.61,RSI Scalping Sell #M20003
2026.06.01 17:09:44,3926,BTCUSD,sell,in,0.04,71607.24,3926,0.00,0.00,0.00,16 830.61,WP Sell #M20260527
2026.06.01 17:45:01,3927,NVDA.NAS,buy,out,140.2,220.47,3927,-2.80,0.00,-354.71,16 473.10,
2026.06.01 18:30:43,3928,BTCUSD,buy,out,0.04,71251.79,3928,0.00,0.00,14.22,16 487.32,sl 71251.14
2026.06.01 20:00:00,3929,XAUUSD,buy,out,0.28,4480.81,3929,-0.98,0.00,97.16,16 583.50,
