Time,Deal,Symbol,Type,Direction,Volume,Price,Order,Commission,Swap,Profit,Balance,Comment
2026.01.01 00:00:00,1,,balance,,,,,0.00,0.00,3 000.00,3 000.00,
2026.01.02 03:45:00,2,DE40,buy,in,0.1,24522.70,2,0.00,0.00,0.00,3 000.00,SimpleTrendline BUY #M26042502
2026.01.02 04:00:00,3,XAUUSD,sell,in,0.03,4348.08,3,-0.11,0.00,0.00,2 999.89,RSIConsolidation SELL #M2025042
2026.01.02 04:00:01,4,DE40,sell,out,0.1,24507.70,4,0.00,0.00,-1.76,2 998.13,
2026.01.02 04:56:56,5,XAUUSD,buy,out,0.03,4361.26,5,-0.11,0.00,-39.54,2 958.48,sl 4361.23
2026.01.02 05:00:01,6,XAUUSD,buy,in,0.14,4362.88,6,-0.49,0.00,0.00,2 957.99,RSI Scalping Buy #M129102315
2026.01.02 05:00:35,7,XAUUSD,sell,out,0.14,4363.25,7,-0.49,0.00,5.18,2 962.68,sl 4363.30
2026.01.02 12:00:00,8,XAUUSD,buy,in,0.07,4385.58,8,-0.25,0.00,0.00,2 962.43,EMA Crossover Trade BUY #M12350
2026.01.02 12:27:15,9,XAUUSD,sell,out,0.07,4386.16,9,-0.25,0.00,4.06,2 966.24,sl 4386.25
2026.01.02 13:00:00,10,XAUUSD,buy,in,0.07,4396.26,10,-0.25,0.00,0.00,2 965.99,EMA Crossover Trade BUY #M12350
2026.01.02 13:00:00,11,BTCUSD,buy,in,0.14,89595.50,11,0.00,0.00,0.00,2 965.99,RSI Scalping Buy #M123459123
2026.01.02 13:00:02,12,BTCUSD,sell,out,0.14,89592.50,12,0.00,0.00,-0.42,2 965.57,sl 89596.80
2026.01.02 13:12:17,13,XAUUSD,sell,out,0.07,4394.00,13,-0.25,0.00,-15.82,2 949.50,sl 4394.20
2026.01.02 14:00:00,14,XAUUSD,buy,in,0.07,4393.14,14,-0.25,0.00,0.00,2 949.25,EMA Crossover Trade BUY #M12350
2026.01.02 14:14:04,15,XAUUSD,sell,out,0.07,4393.70,15,-0.25,0.00,3.92,2 952.92,sl 4393.70
2026.01.02 15:00:00,16,XAUUSD,buy,in,0.07,4394.62,16,-0.25,0.00,0.00,2 952.67,EMA Crossover Trade BUY #M12350
2026.01.02 15:19:43,17,XAUUSD,sell,out,0.07,4398.61,17,-0.25,0.00,27.93,2 980.35,sl 4398.68
2026.01.02 16:45:00,18,NVDA.NAS,buy,in,14.9,191.80,18,-0.30,0.00,0.00,2 980.05,RSI Scalping Buy #M20003
2026.01.02 16:50:00,19,AAPL.NAS,buy,in,7.4,277.410,19,-0.15,0.00,0.00,2 979.90,RSI Scalping Buy #M20001
2026.01.02 16:50:40,20,AAPL.NAS,sell,out,7.4,277.660,20,-0.15,0.00,1.85,2 981.60,sl 277.670
2026.01.02 17:00:01,21,AAPL.NAS,sell,in,7.4,276.900,21,-0.15,0.00,0.00,2 981.45,RSI Scalping Sell #M20001
2026.01.02 17:07:02,22,AAPL.NAS,buy,out,7.4,276.740,22,-0.15,0.00,1.18,2 982.48,sl 276.740
2026.01.02 17:58:34,23,NVDA.NAS,sell,out,14.9,189.12,23,-0.30,0.00,-39.93,2 942.25,sl 189.13
2026.01.02 19:00:00,24,BTCUSD,buy,in,0.14,90343.50,24,0.00,0.00,0.00,2 942.25,RSI Scalping Buy #M123459123
2026.01.02 19:00:02,25,BTCUSD,sell,out,0.14,90360.50,25,0.00,0.00,2.38,2 944.63,sl 90360.80
2026.01.02 21:15:00,26,NVDA.NAS,buy,in,14.7,189.11,26,-0.29,0.00,0.00,2 944.34,RSI Scalping Buy #M20003
2026.01.02 23:00:00,27,XAUUSD,buy,in,0.04,4331.69,27,-0.14,0.00,0.00,2 944.20,RSI Follow BUY #M1001
2026.01.05 02:00:00,28,XAUUSD,buy,in,0.14,4372.60,28,-0.49,0.00,0.00,2 943.71,RSI Scalping Buy #M129102315
2026.01.05 02:00:50,29,XAUUSD,sell,out,0.14,4374.02,29,-0.49,0.00,19.88,2 963.10,sl 4374.02
2026.01.05 03:00:00,30,BTCUSD,buy,in,0.14,92381.00,30,0.00,0.00,0.00,2 963.10,RSI Scalping Buy #M123459123
2026.01.05 03:00:01,31,BTCUSD,sell,out,0.14,92399.00,31,0.00,0.00,2.52,2 965.62,sl 92399.30
2026.01.05 07:00:00,32,XAUUSD,sell,in,0.04,4404.08,32,-0.14,0.00,0.00,2 965.48,RSI Reverse SELL #M1002
2026.01.05 07:00:00,33,XAUUSD,buy,out,0.04,4404.20,33,-0.14,0.00,-0.48,2 964.86,
2026.01.05 10:45:00,34,DE40,buy,in,0.1,24764.50,34,0.00,0.00,0.00,2 964.86,SimpleTrendline BUY #M26042502
2026.01.05 11:30:01,35,DE40,sell,out,0.1,24726.80,35,0.00,0.00,-4.40,2 960.46,
2026.01.05 12:00:00,36,XAUUSD,buy,in,0.07,4434.99,36,-0.25,0.00,0.00,2 960.21,EMA Crossover Trade BUY #M12350
2026.01.05 12:03:52,37,XAUUSD,sell,out,0.07,4431.48,37,-0.25,0.00,-24.57,2 935.39,sl 4431.52
2026.01.05 13:00:00,38,XAUUSD,buy,in,0.07,4436.42,38,-0.25,0.00,0.00,2 935.14,EMA Crossover Trade BUY #M12350
2026.01.05 13:01:51,39,XAUUSD,sell,out,0.07,4433.62,39,-0.25,0.00,-19.60,2 915.29,sl 4433.62
2026.01.05 14:00:00,40,XAUUSD,buy,in,0.05,4419.64,40,-0.18,0.00,0.00,2 915.11,EMA Crossover Trade BUY #M12350
2026.01.05 14:00:00,41,XAUUSD,sell,in,0.11,4419.70,41,-0.39,0.00,0.00,2 914.72,RSI Scalping Sell #M129102315
2026.01.05 14:00:31,42,XAUUSD,buy,out,0.11,4419.76,42,-0.39,0.00,-0.66,2 913.67,sl 4419.62
2026.01.05 14:06:39,43,XAUUSD,sell,out,0.05,4417.68,43,-0.18,0.00,-9.80,2 903.69,sl 4417.69
2026.01.05 17:15:00,44,DE40,buy,in,0.1,24804.70,44,0.00,0.00,0.00,2 903.69,SimpleTrendline BUY #M26042502
2026.01.05 18:00:00,45,XAUUSD,buy,in,0.05,4448.63,45,-0.18,0.00,0.00,2 903.51,EMA Crossover Trade BUY #M12350
2026.01.05 18:03:53,46,XAUUSD,sell,out,0.05,4447.71,46,-0.18,0.00,-4.60,2 898.73,sl 4447.73
2026.01.05 19:00:04,47,NVDA.NAS,sell,out,14.7,189.19,47,-0.29,-0.01,1.18,2 899.61,sl 189.19
2026.01.06 04:00:00,48,XAUUSD,buy,in,0.03,4450.65,48,-0.11,0.00,0.00,2 899.50,EMA Crossover Trade BUY #M12350
2026.01.06 04:15:01,49,XAUUSD,buy,in,0.02,4459.06,49,-0.07,0.00,0.00,2 899.43,United SuperEMA long #M940001
2026.01.06 04:33:40,50,XAUUSD,sell,out,0.03,4457.24,50,-0.11,0.00,19.77,2 919.09,sl 4457.25
2026.01.06 05:00:00,51,XAUUSD,buy,in,0.03,4454.99,51,-0.11,0.00,0.00,2 918.98,EMA Crossover Trade BUY #M12350
2026.01.06 05:21:06,52,XAUUSD,sell,out,0.03,4463.37,52,-0.11,0.00,25.14,2 944.01,sl 4463.40
2026.01.06 06:00:00,53,XAUUSD,buy,in,0.07,4467.76,53,-0.25,0.00,0.00,2 943.76,EMA Crossover Trade BUY #M12350
2026.01.06 06:00:00,54,XAUUSD,buy,in,0.01,4467.76,54,-0.04,0.00,0.00,2 943.72,WP Buy #M20260526
2026.01.06 06:15:20,55,XAUUSD,sell,out,0.07,4464.75,55,-0.25,0.00,-21.07,2 922.40,sl 4464.82
2026.01.06 07:00:00,56,XAUUSD,buy,in,0.07,4467.22,56,-0.25,0.00,0.00,2 922.15,EMA Crossover Trade BUY #M12350
2026.01.06 07:34:28,57,XAUUSD,sell,out,0.07,4470.28,57,-0.25,0.00,21.42,2 943.32,sl 4470.42
2026.01.06 07:39:23,58,XAUUSD,sell,out,0.01,4466.48,58,-0.04,0.00,-1.28,2 942.00,sl 4466.65
2026.01.06 08:00:00,59,XAUUSD,buy,in,0.07,4452.80,59,-0.25,0.00,0.00,2 941.75,EMA Crossover Trade BUY #M12350
2026.01.06 08:00:00,60,XAUUSD,sell,out,0.02,4452.68,60,-0.07,0.00,-12.76,2 928.92,
2026.01.06 08:06:34,61,XAUUSD,sell,out,0.07,4452.75,61,-0.25,0.00,-0.35,2 928.32,sl 4452.93
2026.01.06 10:15:00,62,DE40,sell,out,0.1,24868.60,62,0.00,-0.53,7.50,2 935.29,
2026.01.06 10:30:00,63,DE40,sell,in,0.1,24845.60,63,0.00,0.00,0.00,2 935.29,SimpleTrendline SELL #M26042502
2026.01.06 10:45:01,64,DE40,buy,out,0.1,24878.10,64,0.00,0.00,-3.81,2 931.48,
2026.01.06 11:45:01,65,DE40,buy,in,0.1,24905.80,65,0.00,0.00,0.00,2 931.48,SimpleTrendline BUY #M26042502
2026.01.06 12:00:00,66,DE40,sell,out,0.1,24861.80,66,0.00,0.00,-5.15,2 926.33,
2026.01.06 12:45:06,67,DE40,buy,in,0.1,24887.80,67,0.00,0.00,0.00,2 926.33,SimpleTrendline BUY #M26042502
2026.01.06 13:00:00,68,DE40,sell,out,0.1,24872.80,68,0.00,0.00,-1.76,2 924.57,
2026.01.06 14:00:00,69,XAUUSD,buy,in,0.14,4463.41,69,-0.49,0.00,0.00,2 924.08,RSI Scalping Buy #M129102315
2026.01.06 14:00:00,70,DE40,buy,in,0.1,24918.30,70,0.00,0.00,0.00,2 924.08,SimpleTrendline BUY #M26042502
2026.01.06 14:00:31,71,XAUUSD,sell,out,0.14,4463.86,71,-0.49,0.00,6.30,2 929.89,sl 4463.86
2026.01.06 15:00:00,72,XAUUSD,buy,in,0.01,4463.68,72,-0.04,0.00,0.00,2 929.85,SimpleTrendline BUY #M26042503
2026.01.06 15:15:00,73,XAUUSD,buy,in,0.02,4465.70,73,-0.07,0.00,0.00,2 929.78,United SuperEMA long #M940001
2026.01.06 16:45:00,74,DE40,sell,out,0.1,24931.80,74,0.00,0.00,1.58,2 931.36,
2026.01.06 21:30:00,75,XAUUSD,sell,out,0.02,4480.85,75,-0.07,0.00,30.30,2 961.59,
2026.01.06 21:30:00,76,NVDA.NAS,buy,in,14.8,187.99,76,-0.30,0.00,0.00,2 961.29,RSI Scalping Buy #M20003
2026.01.07 04:00:00,77,XAUUSD,sell,out,0.01,4465.38,77,-0.04,-0.57,1.70,2 962.38,
2026.01.07 04:15:11,78,DE40,buy,in,0.1,24959.90,78,0.00,0.00,0.00,2 962.38,SimpleTrendline BUY #M26042502
2026.01.07 07:46:00,79,DE40,sell,out,0.1,24960.20,79,0.00,0.00,0.04,2 962.42,
2026.01.07 08:15:03,80,DE40,buy,in,0.1,24967.40,80,0.00,0.00,0.00,2 962.42,SimpleTrendline BUY #M26042502
2026.01.07 08:45:00,81,XAUUSD,sell,in,0.02,4446.52,81,-0.07,0.00,0.00,2 962.35,United SuperEMA short #M940001
2026.01.07 08:45:00,82,DE40,sell,out,0.1,24956.20,82,0.00,0.00,-1.31,2 961.04,
2026.01.07 09:30:00,83,DE40,buy,in,0.1,24999.30,83,0.00,0.00,0.00,2 961.04,SimpleTrendline BUY #M26042502
2026.01.07 10:00:00,84,XAUUSD,buy,out,0.02,4461.20,84,-0.07,0.00,-29.36,2 931.61,
2026.01.07 10:00:00,85,DE40,sell,out,0.1,24993.30,85,0.00,0.00,-0.70,2 930.91,
2026.01.07 10:45:00,86,XAUUSD,buy,in,0.02,4466.93,86,-0.07,0.00,0.00,2 930.84,United SuperEMA long #M940001
2026.01.07 12:00:00,87,XAUUSD,sell,in,0.01,4463.03,87,-0.04,0.00,0.00,2 930.80,SimpleTrendline SELL #M26042503
2026.01.07 12:45:00,88,DE40,buy,in,0.1,25057.10,88,0.00,0.00,0.00,2 930.80,SimpleTrendline BUY #M26042502
2026.01.07 13:30:00,89,XAUUSD,sell,out,0.02,4459.10,89,-0.07,0.00,-15.66,2 915.07,
2026.01.07 13:30:01,90,DE40,sell,out,0.1,25055.10,90,0.00,0.00,-0.23,2 914.84,
2026.01.07 13:45:00,91,XAUUSD,sell,in,0.02,4450.74,91,-0.07,0.00,0.00,2 914.77,United SuperEMA short #M940001
2026.01.07 17:45:00,92,XAUUSD,buy,out,0.02,4442.29,92,-0.07,0.00,16.90,2 931.60,
2026.01.07 19:00:00,93,BTCUSD,sell,in,0.1,91183.00,93,0.00,0.00,0.00,2 931.60,SimpleTrendline SELL #M26042501
2026.01.07 19:00:00,94,XAUUSD,buy,out,0.01,4464.13,94,-0.04,0.00,-1.10,2 930.46,
2026.01.07 20:00:00,95,BTCUSD,buy,out,0.1,91185.00,95,0.00,0.00,-0.20,2 930.26,
2026.01.07 21:00:01,96,MU.NAS,buy,in,14.6,339.37,96,-0.29,0.00,0.00,2 929.97,RSI Scalping Buy #M20004
2026.01.08 02:45:01,97,XAUUSD,sell,in,0.02,4451.43,97,-0.07,0.00,0.00,2 929.90,RSIConsolidation SELL #M2025042
2026.01.08 02:45:03,98,XAUUSD,buy,out,0.02,4451.40,98,-0.07,0.00,0.06,2 929.89,
2026.01.08 02:45:06,99,DE40,buy,in,0.1,25088.90,99,0.00,0.00,0.00,2 929.89,SimpleTrendline BUY #M26042502
2026.01.08 04:00:00,100,XAUUSD,sell,in,0.02,4448.41,100,-0.07,0.00,0.00,2 929.82,United SuperEMA short #M940001
2026.01.08 05:30:01,101,DE40,sell,out,0.1,25112.20,101,0.00,0.00,2.72,2 932.54,
2026.01.08 07:00:00,102,XAUUSD,sell,in,0.04,4431.54,102,-0.14,0.00,0.00,2 932.40,RSI Reverse SELL #M1002
2026.01.08 07:00:00,103,XAUUSD,buy,out,0.04,4431.62,103,-0.14,0.00,-0.32,2 931.94,
2026.01.08 09:00:00,104,XAUUSD,buy,out,0.02,4433.65,104,-0.07,0.00,29.52,2 961.39,
2026.01.08 09:45:03,105,DE40,sell,in,0.1,25087.80,105,0.00,0.00,0.00,2 961.39,SimpleTrendline SELL #M26042502
2026.01.08 10:15:00,106,DE40,buy,out,0.1,25184.60,106,0.00,0.00,-11.30,2 950.09,
2026.01.08 12:00:00,107,BTCUSD,sell,in,0.1,89901.50,107,0.00,0.00,0.00,2 950.09,SimpleTrendline SELL #M26042501
2026.01.08 13:00:00,108,BTCUSD,buy,out,0.1,90321.00,108,0.00,0.00,-41.95,2 908.14,
2026.01.08 16:41:44,109,NVDA.NAS,sell,out,14.8,187.59,109,-0.30,0.00,-5.92,2 901.92,sl 187.61
2026.01.08 17:30:01,110,MU.NAS,sell,out,14.6,328.11,110,-0.29,0.00,-164.40,2 737.23,
2026.01.16 18:00:00,111,XAUUSD,sell,out,0.04,4570.43,111,-0.14,-31.94,954.96,3 660.11,
2026.01.16 23:00:00,112,XAUUSD,sell,in,0.01,4582.48,112,-0.04,0.00,0.00,3 660.07,SimpleTrendline SELL #M26042503
2026.01.19 02:00:00,113,XAUUSD,buy,in,0.09,4672.82,113,-0.32,0.00,0.00,3 659.75,EMA Crossover Trade BUY #M12350
2026.01.19 02:00:00,114,XAUUSD,buy,in,0.18,4672.33,114,-0.63,0.00,0.00,3 659.12,RSI Scalping Buy #M129102315
2026.01.19 02:00:02,115,XAUUSD,sell,out,0.18,4674.16,115,-0.63,0.00,32.94,3 691.43,sl 4674.31
2026.01.19 02:00:22,116,XAUUSD,sell,out,0.09,4671.70,116,-0.32,0.00,-10.08,3 681.03,sl 4671.73
2026.01.19 03:00:00,117,XAUUSD,buy,in,0.09,4675.40,117,-0.32,0.00,0.00,3 680.71,EMA Crossover Trade BUY #M12350
2026.01.19 03:00:37,118,XAUUSD,sell,out,0.09,4674.42,118,-0.32,0.00,-8.82,3 671.57,sl 4674.43
2026.01.19 04:00:00,119,XAUUSD,buy,in,0.09,4657.45,119,-0.32,0.00,0.00,3 671.25,EMA Crossover Trade BUY #M12350
2026.01.19 04:00:26,120,XAUUSD,sell,out,0.09,4655.10,120,-0.32,0.00,-21.15,3 649.78,sl 4655.18
2026.01.19 05:00:00,121,XAUUSD,buy,in,0.04,4662.61,121,-0.14,0.00,0.00,3 649.64,EMA Crossover Trade BUY #M12350
2026.01.19 05:21:01,122,XAUUSD,sell,out,0.04,4666.07,122,-0.14,0.00,13.84,3 663.34,sl 4666.23
2026.01.19 06:00:00,123,XAUUSD,buy,in,0.09,4658.61,123,-0.32,0.00,0.00,3 663.02,EMA Crossover Trade BUY #M12350
2026.01.19 06:30:59,124,XAUUSD,sell,out,0.09,4660.85,124,-0.32,0.00,20.16,3 682.86,sl 4661.19
2026.01.19 07:00:00,125,XAUUSD,buy,in,0.09,4663.38,125,-0.32,0.00,0.00,3 682.54,EMA Crossover Trade BUY #M12350
2026.01.19 07:35:00,126,XAUUSD,sell,out,0.09,4670.43,126,-0.32,0.00,63.45,3 745.67,sl 4670.44
2026.01.19 08:00:01,127,XAUUSD,buy,in,0.09,4670.12,127,-0.32,0.00,0.00,3 745.35,EMA Crossover Trade BUY #M12350
2026.01.19 08:41:04,128,XAUUSD,sell,out,0.09,4672.64,128,-0.32,0.00,22.68,3 767.71,sl 4672.65
2026.01.19 09:00:00,129,XAUUSD,buy,in,0.09,4678.11,129,-0.32,0.00,0.00,3 767.39,EMA Crossover Trade BUY #M12350
2026.01.19 09:01:00,130,XAUUSD,sell,out,0.09,4674.66,130,-0.32,0.00,-31.05,3 736.02,sl 4674.66
2026.01.19 10:00:00,131,XAUUSD,buy,in,0.09,4664.66,131,-0.32,0.00,0.00,3 735.70,EMA Crossover Trade BUY #M12350
2026.01.19 10:14:36,132,XAUUSD,sell,out,0.09,4670.15,132,-0.32,0.00,49.41,3 784.79,sl 4670.17
2026.01.19 17:00:00,133,XAUUSD,buy,out,0.01,4666.52,133,-0.04,0.40,-84.04,3 701.11,
2026.01.19 17:00:00,134,XAUUSD,buy,in,0.01,4666.69,134,-0.04,0.00,0.00,3 701.07,SimpleTrendline BUY #M26042503
2026.01.19 18:45:02,135,XAUUSD,buy,in,0.03,4673.14,135,-0.11,0.00,0.00,3 700.96,United SuperEMA long #M940001
2026.01.19 21:15:12,136,XAUUSD,sell,in,0.03,4672.12,136,-0.11,0.00,0.00,3 700.85,RSIConsolidation SELL #M2025042
2026.01.19 21:15:13,137,XAUUSD,buy,out,0.03,4672.17,137,-0.11,0.00,-0.15,3 700.59,
2026.01.20 03:00:00,138,XAUUSD,sell,out,0.01,4660.68,138,-0.04,-0.57,-6.01,3 693.97,
2026.01.20 04:00:00,139,XAUUSD,buy,in,0.18,4669.70,139,-0.63,0.00,0.00,3 693.34,RSI Scalping Buy #M129102315
2026.01.20 04:01:35,140,XAUUSD,sell,out,0.18,4671.13,140,-0.63,0.00,25.74,3 718.45,sl 4671.15
2026.01.20 04:15:01,141,XAUUSD,sell,out,0.03,4665.95,141,-0.11,-1.71,-21.57,3 695.06,
2026.01.20 04:45:01,142,XAUUSD,buy,in,0.03,4674.23,142,-0.11,0.00,0.00,3 694.95,United SuperEMA long #M940001
2026.01.20 06:00:00,143,XAUUSD,buy,in,0.18,4680.47,143,-0.63,0.00,0.00,3 694.32,RSI Scalping Buy #M129102315
2026.01.20 06:00:00,144,XAUUSD,buy,in,0.01,4680.51,144,-0.04,0.00,0.00,3 694.28,SimpleTrendline BUY #M26042503
2026.01.20 06:01:03,145,XAUUSD,sell,out,0.18,4680.82,145,-0.63,0.00,6.30,3 699.95,sl 4680.83
2026.01.20 07:00:39,146,BTCUSD,sell,in,0.01,91893.21,146,0.00,0.00,0.00,3 699.95,WP Sell #M20260527
2026.01.20 07:02:17,147,BTCUSD,buy,out,0.01,91839.70,147,0.00,0.00,0.54,3 700.49,sl 91837.96
2026.01.20 08:00:00,148,XAUUSD,buy,in,0.01,4714.51,148,-0.04,0.00,0.00,3 700.45,WP Buy #M20260526
2026.01.20 09:13:23,149,BTCUSD,sell,in,0.01,90966.59,149,0.00,0.00,0.00,3 700.45,WP Sell #M20260527
2026.01.20 09:58:13,150,XAUUSD,sell,out,0.01,4715.12,150,-0.04,0.00,0.61,3 701.02,sl 4715.12
2026.01.20 10:00:00,151,XAUUSD,sell,out,0.01,4716.21,151,-0.04,0.00,35.70,3 736.68,
2026.01.20 10:00:00,152,XAUUSD,buy,in,0.01,4716.21,152,-0.04,0.00,0.00,3 736.64,WP Buy #M20260526
2026.01.20 10:21:10,153,BTCUSD,buy,out,0.01,91037.21,153,0.00,0.00,-0.71,3 735.93,sl 91035.96
2026.01.20 10:29:38,154,XAUUSD,sell,out,0.01,4718.07,154,-0.04,0.00,1.86,3 737.75,sl 4718.07
2026.01.20 11:00:00,155,XAUUSD,buy,in,0.01,4729.56,155,-0.04,0.00,0.00,3 737.71,WP Buy #M20260526
2026.01.20 12:28:48,156,XAUUSD,sell,out,0.01,4729.65,156,-0.04,0.00,0.09,3 737.76,sl 4729.71
2026.01.20 14:30:00,157,XAUUSD,sell,out,0.03,4726.68,157,-0.11,0.00,157.35,3 895.00,
2026.01.20 15:00:00,158,XAUUSD,sell,in,0.19,4727.76,158,-0.67,0.00,0.00,3 894.33,RSI Scalping Sell #M129102315
2026.01.20 15:00:01,159,XAUUSD,buy,out,0.19,4727.96,159,-0.67,0.00,-3.80,3 889.86,sl 4727.91
2026.01.20 16:35:00,160,NVDA.NAS,sell,in,19.4,182.05,160,-0.39,0.00,0.00,3 889.47,RSI Scalping Sell #M20003
2026.01.20 16:45:00,161,NVDA.NAS,buy,out,19.4,180.68,161,-0.39,0.00,26.58,3 915.66,
2026.01.20 17:00:00,162,DE40,sell,in,0.1,24663.90,162,0.00,0.00,0.00,3 915.66,SimpleTrendline SELL #M26042502
2026.01.20 17:30:00,163,DE40,buy,out,0.1,24704.90,163,0.00,0.00,-4.81,3 910.85,
2026.01.20 18:00:00,164,XAUUSD,sell,in,0.19,4737.64,164,-0.67,0.00,0.00,3 910.18,RSI Scalping Sell #M129102315
2026.01.20 18:01:25,165,XAUUSD,buy,out,0.19,4737.88,165,-0.67,0.00,-4.56,3 904.95,sl 4737.83
2026.01.20 18:45:00,166,DE40,sell,in,0.1,24687.70,166,0.00,0.00,0.00,3 904.95,SimpleTrendline SELL #M26042502
2026.01.20 18:55:10,167,XAUUSD,buy,in,0.09,4751.38,167,-0.32,0.00,0.00,3 904.63,Darvas Box Breakout #M135790
2026.01.20 19:00:00,168,DE40,buy,out,0.1,24697.00,168,0.00,0.00,-1.09,3 903.54,
2026.01.20 19:30:00,169,DE40,sell,in,0.1,24682.70,169,0.00,0.00,0.00,3 903.54,SimpleTrendline SELL #M26042502
2026.01.20 20:15:00,170,DE40,buy,out,0.1,24644.50,170,0.00,0.00,4.48,3 908.02,
2026.01.20 20:45:01,171,DE40,sell,in,0.1,24599.70,171,0.00,0.00,0.00,3 908.02,SimpleTrendline SELL #M26042502
2026.01.20 21:15:01,172,NVDA.NAS,sell,in,19.5,179.54,172,-0.39,0.00,0.00,3 907.63,RSI Scalping Sell #M20003
2026.01.20 21:30:02,173,NVDA.NAS,buy,out,19.5,179.41,173,-0.39,0.00,2.54,3 909.78,
2026.01.20 22:00:00,174,DE40,buy,out,0.1,24582.00,174,0.00,0.00,2.07,3 911.85,
2026.01.20 22:15:00,175,NVDA.NAS,sell,in,19.5,178.86,175,-0.39,0.00,0.00,3 911.46,RSI Scalping Sell #M20003
2026.01.20 22:30:00,176,NVDA.NAS,buy,out,19.5,178.52,176,-0.39,0.00,6.63,3 917.70,
2026.01.21 03:01:13,177,XAUUSD,sell,out,0.09,4788.26,177,-0.32,-5.14,331.92,4 244.16,tp 4788.23
2026.01.21 04:00:00,178,XAUUSD,buy,in,0.01,4835.56,178,-0.04,0.00,0.00,4 244.12,WP Buy #M20260526
2026.01.21 04:03:29,179,XAUUSD,sell,out,0.01,4834.46,179,-0.04,0.00,-1.10,4 242.98,sl 4834.53
2026.01.21 05:00:01,180,XAUUSD,buy,in,0.01,4836.93,180,-0.04,0.00,0.00,4 242.94,WP Buy #M20260526
2026.01.21 05:13:40,181,XAUUSD,sell,out,0.01,4842.04,181,-0.04,0.00,5.11,4 248.01,sl 4842.06
2026.01.21 05:45:00,182,XAUUSD,buy,in,0.04,4843.06,182,-0.14,0.00,0.00,4 247.87,United SuperEMA long #M940001
2026.01.21 06:00:00,183,XAUUSD,buy,in,0.01,4844.89,183,-0.04,0.00,0.00,4 247.83,WP Buy #M20260526
2026.01.21 07:02:38,184,XAUUSD,sell,out,0.01,4863.14,184,-0.04,0.00,18.25,4 266.04,sl 4863.22
2026.01.21 08:00:00,185,XAUUSD,buy,in,0.01,4870.11,185,-0.04,0.00,0.00,4 266.00,WP Buy #M20260526
2026.01.21 08:04:34,186,XAUUSD,sell,out,0.01,4867.78,186,-0.04,0.00,-2.33,4 263.63,sl 4867.90
2026.01.21 09:00:00,187,XAUUSD,sell,out,0.04,4846.92,187,-0.14,0.00,15.44,4 278.93,
2026.01.21 16:35:00,188,AAPL.NAS,sell,in,0.1,246.960,188,-0.02,0.00,0.00,4 278.91,WP Sell #M20260528
2026.01.21 16:35:03,189,AAPL.NAS,buy,out,0.1,247.160,189,-0.02,0.00,-0.02,4 278.87,sl 247.160
2026.01.21 16:45:00,190,NVDA.NAS,buy,in,21.3,179.96,190,-0.43,0.00,0.00,4 278.44,RSI Scalping Buy #M20003
2026.01.21 17:00:00,191,XAUUSD,sell,in,0.21,4851.79,191,-0.74,0.00,0.00,4 277.70,RSI Scalping Sell #M129102315
2026.01.21 17:00:12,192,XAUUSD,buy,out,0.21,4849.78,192,-0.74,0.00,42.21,4 319.17,sl 4849.73
2026.01.21 17:15:00,193,DE40,sell,in,0.1,24575.70,193,0.00,0.00,0.00,4 319.17,SimpleTrendline SELL #M26042502
2026.01.21 17:30:01,194,DE40,buy,out,0.1,24601.70,194,0.00,0.00,-3.04,4 316.13,
2026.01.21 18:00:00,195,XAUUSD,sell,in,0.02,4848.54,195,-0.07,0.00,0.00,4 316.06,SimpleTrendline SELL #M26042503
2026.01.21 18:30:00,196,DE40,sell,in,0.1,24571.50,196,0.00,0.00,0.00,4 316.06,SimpleTrendline SELL #M26042502
2026.01.21 19:00:00,197,XAUUSD,buy,out,0.02,4834.03,197,-0.07,0.00,29.02,4 345.01,
2026.01.21 19:05:56,198,NVDA.NAS,sell,out,21.3,179.96,198,-0.43,0.00,0.00,4 344.58,sl 179.98
2026.01.21 20:00:00,199,DE40,buy,out,0.1,24507.30,199,0.00,0.00,7.51,4 352.09,
2026.01.21 20:45:00,200,DE40,sell,in,0.1,24496.00,200,0.00,0.00,0.00,4 352.09,SimpleTrendline SELL #M26042502
2026.01.21 21:00:00,201,XAUUSD,buy,in,0.21,4850.31,201,-0.74,0.00,0.00,4 351.35,RSI Scalping Buy #M129102315
2026.01.21 21:00:01,202,DE40,buy,out,0.1,24521.30,202,0.00,0.00,-2.96,4 348.39,
2026.01.21 21:10:17,203,XAUUSD,sell,out,0.21,4849.98,203,-0.74,0.00,-6.93,4 340.72,sl 4850.02
2026.01.21 21:15:00,204,XAUUSD,buy,in,0.04,4848.95,204,-0.14,0.00,0.00,4 340.58,United SuperEMA long #M940001
2026.01.21 21:30:00,205,XAUUSD,sell,out,0.04,4816.60,205,-0.14,0.00,-129.40,4 211.04,
2026.01.21 23:00:00,206,XAUUSD,buy,in,0.1,4825.59,206,-0.35,0.00,0.00,4 210.69,EMA Crossover Trade BUY #M12350
2026.01.21 23:25:26,207,XAUUSD,sell,out,0.1,4834.80,207,-0.35,0.00,92.10,4 302.44,sl 4834.80
2026.01.22 08:00:00,208,XAUUSD,buy,in,0.1,4821.54,208,-0.35,0.00,0.00,4 302.09,EMA Crossover Trade BUY #M12350
2026.01.22 08:08:00,209,XAUUSD,sell,out,0.1,4821.05,209,-0.35,0.00,-4.90,4 296.84,sl 4821.12
2026.01.22 09:00:00,210,XAUUSD,buy,in,0.1,4827.71,210,-0.35,0.00,0.00,4 296.49,EMA Crossover Trade BUY #M12350
2026.01.22 09:17:39,211,XAUUSD,sell,out,0.1,4832.99,211,-0.35,0.00,52.80,4 348.94,sl 4833.12
2026.01.22 10:00:00,212,XAUUSD,buy,in,0.1,4833.22,212,-0.35,0.00,0.00,4 348.59,EMA Crossover Trade BUY #M12350
2026.01.22 10:09:03,213,XAUUSD,sell,out,0.1,4831.72,213,-0.35,0.00,-15.00,4 333.24,sl 4831.81
2026.01.22 10:15:00,214,DE40,buy,in,0.1,24853.10,214,0.00,0.00,0.00,4 333.24,SimpleTrendline BUY #M26042502
2026.01.22 11:00:00,215,XAUUSD,buy,in,0.1,4830.02,215,-0.35,0.00,0.00,4 332.89,EMA Crossover Trade BUY #M12350
2026.01.22 11:00:00,216,DE40,sell,out,0.1,24842.60,216,0.00,0.00,-1.23,4 331.66,
2026.01.22 11:13:41,217,XAUUSD,sell,out,0.1,4833.96,217,-0.35,0.00,39.40,4 370.71,sl 4834.08
2026.01.22 11:30:00,218,DE40,buy,in,0.1,24893.10,218,0.00,0.00,0.00,4 370.71,SimpleTrendline BUY #M26042502
2026.01.22 12:00:00,219,XAUUSD,buy,in,0.1,4823.24,219,-0.35,0.00,0.00,4 370.36,EMA Crossover Trade BUY #M12350
2026.01.22 12:05:03,220,XAUUSD,sell,out,0.1,4821.27,220,-0.35,0.00,-19.70,4 350.31,sl 4821.34
2026.01.22 12:30:01,221,DE40,sell,out,0.1,24882.10,221,0.00,0.00,-1.29,4 349.02,
2026.01.22 13:00:00,222,XAUUSD,buy,in,0.1,4829.14,222,-0.35,0.00,0.00,4 348.67,EMA Crossover Trade BUY #M12350
2026.01.22 13:11:39,223,XAUUSD,sell,out,0.1,4828.02,223,-0.35,0.00,-11.20,4 337.12,sl 4828.04
2026.01.22 13:45:00,224,DE40,sell,in,0.1,24815.60,224,0.00,0.00,0.00,4 337.12,SimpleTrendline SELL #M26042502
2026.01.22 14:00:00,225,XAUUSD,buy,in,0.1,4831.27,225,-0.35,0.00,0.00,4 336.77,EMA Crossover Trade BUY #M12350
2026.01.22 14:45:00,226,DE40,buy,out,0.1,24871.60,226,0.00,0.00,-6.55,4 330.22,
2026.01.22 14:45:12,227,XAUUSD,sell,out,0.1,4828.76,227,-0.35,0.00,-25.10,4 304.77,sl 4828.84
2026.01.22 15:00:00,228,XAUUSD,buy,in,0.08,4819.41,228,-0.28,0.00,0.00,4 304.49,EMA Crossover Trade BUY #M12350
2026.01.22 15:01:01,229,XAUUSD,sell,out,0.08,4816.52,229,-0.28,0.00,-23.12,4 281.09,sl 4816.53
2026.01.22 16:00:00,230,XAUUSD,buy,in,0.08,4822.28,230,-0.28,0.00,0.00,4 280.81,EMA Crossover Trade BUY #M12350
2026.01.22 16:00:57,231,XAUUSD,sell,out,0.08,4821.89,231,-0.28,0.00,-3.12,4 277.41,sl 4821.95
2026.01.22 16:35:00,232,TSLA.NAS,sell,in,25.6,433.35,232,-0.51,0.00,0.00,4 276.90,RSI Scalping Sell #M125421321
2026.01.22 16:45:00,233,MU.NAS,sell,in,17.1,379.78,233,-0.34,0.00,0.00,4 276.56,RSI Scalping Sell #M20004
2026.01.22 16:45:00,234,XAUUSD,buy,in,0.03,4846.80,234,-0.11,0.00,0.00,4 276.45,United SuperEMA long #M940001
2026.01.22 16:50:17,235,MU.NAS,buy,out,17.1,381.12,235,-0.34,0.00,-22.91,4 253.20,sl 381.04
2026.01.22 17:00:00,236,XAUUSD,buy,in,0.01,4835.16,236,-0.04,0.00,0.00,4 253.16,SimpleTrendline BUY #M26042503
2026.01.22 17:00:02,237,MU.NAS,buy,in,17,384.17,237,-0.34,0.00,0.00,4 252.82,RSI Scalping Buy #M20004
2026.01.22 18:00:00,238,XAUUSD,buy,in,0.17,4872.19,238,-0.60,0.00,0.00,4 252.22,RSI Scalping Buy #M129102315
2026.01.22 18:00:01,239,TSLA.NAS,buy,out,25.6,437.31,239,-0.51,0.00,-101.38,4 150.33,
2026.01.22 18:00:15,240,XAUUSD,sell,out,0.17,4873.52,240,-0.60,0.00,22.61,4 172.34,sl 4873.53
2026.01.22 18:56:46,241,MU.NAS,sell,out,17,388.27,241,-0.34,0.00,69.70,4 241.70,sl 388.32
2026.01.22 19:00:00,242,XAUUSD,buy,in,0.01,4877.96,242,-0.04,0.00,0.00,4 241.66,WP Buy #M20260526
2026.01.22 19:08:37,243,XAUUSD,sell,out,0.01,4877.07,243,-0.04,0.00,-0.89,4 240.73,sl 4877.09
2026.01.22 20:00:00,244,XAUUSD,buy,in,0.01,4904.49,244,-0.04,0.00,0.00,4 240.69,WP Buy #M20260526
2026.01.22 20:25:38,245,XAUUSD,sell,out,0.01,4907.18,245,-0.04,0.00,2.69,4 243.34,sl 4907.54
2026.01.22 21:00:00,246,XAUUSD,buy,in,0.01,4915.91,246,-0.04,0.00,0.00,4 243.30,WP Buy #M20260526
2026.01.22 21:25:58,247,XAUUSD,sell,out,0.01,4916.98,247,-0.04,0.00,1.07,4 244.33,sl 4916.99
2026.01.22 22:00:00,248,XAUUSD,sell,in,0.21,4911.91,248,-0.74,0.00,0.00,4 243.59,RSI Scalping Sell #M129102315
2026.01.22 22:30:01,249,NVDA.NAS,sell,in,21.2,184.08,249,-0.42,0.00,0.00,4 243.17,RSI Scalping Sell #M20003
2026.01.23 02:00:00,250,XAUUSD,buy,in,0.01,4959.57,250,-0.04,0.00,0.00,4 243.13,WP Buy #M20260526
2026.01.23 03:00:00,251,XAUUSD,buy,out,0.21,4966.00,251,-0.74,8.46,-1 135.89,3 114.96,
2026.01.23 03:00:13,252,XAUUSD,sell,out,0.01,4959.42,252,-0.04,0.00,-0.15,3 114.77,sl 4959.54
2026.01.23 05:30:00,253,XAUUSD,sell,out,0.03,4943.66,253,-0.11,-1.71,290.58,3 403.53,
2026.01.23 09:00:00,254,XAUUSD,sell,in,0.17,4953.43,254,-0.60,0.00,0.00,3 402.93,RSI Scalping Sell #M129102315
2026.01.23 09:00:12,255,XAUUSD,buy,out,0.17,4953.43,255,-0.60,0.00,0.00,3 402.33,sl 4953.32
2026.01.23 11:00:00,256,XAUUSD,sell,out,0.01,4913.29,256,-0.04,-0.57,78.13,3 479.85,
2026.01.23 13:00:00,257,XAUUSD,buy,in,0.17,4929.94,257,-0.60,0.00,0.00,3 479.25,RSI Scalping Buy #M129102315
2026.01.23 14:03:01,258,XAUUSD,sell,out,0.17,4929.99,258,-0.60,0.00,0.85,3 479.50,sl 4930.02
2026.01.23 14:15:00,259,XAUUSD,buy,in,0.03,4934.10,259,-0.11,0.00,0.00,3 479.39,United SuperEMA long #M940001
2026.01.23 15:00:00,260,XAUUSD,buy,in,0.17,4938.14,260,-0.60,0.00,0.00,3 478.79,RSI Scalping Buy #M129102315
2026.01.23 15:00:01,261,XAUUSD,sell,out,0.17,4938.58,261,-0.60,0.00,7.48,3 485.67,sl 4938.63
2026.01.23 17:00:00,262,XAUUSD,buy,in,0.01,4943.28,262,-0.04,0.00,0.00,3 485.63,SimpleTrendline BUY #M26042503
2026.01.23 17:15:01,263,NVDA.NAS,buy,out,21.2,187.69,263,-0.42,0.00,-76.53,3 408.68,
2026.01.23 19:45:02,264,MU.NAS,sell,in,17,395.44,264,-0.34,0.00,0.00,3 408.34,RSI Scalping Sell #M20004
2026.01.23 20:00:00,265,AUDUSD,buy,in,0.03,0.68825,265,-0.11,0.00,0.00,3 408.23,WP Buy #M20260525
2026.01.23 20:00:00,266,MU.NAS,buy,out,17,394.69,266,-0.34,0.00,12.75,3 420.64,
2026.01.23 20:15:02,267,MU.NAS,buy,in,17.1,398.43,267,-0.34,0.00,0.00,3 420.30,RSI Scalping Buy #M20004
2026.01.23 21:00:00,268,XAUUSD,sell,out,0.03,4967.27,268,-0.11,0.00,99.51,3 519.70,
2026.01.23 22:00:00,269,EURUSD,buy,in,0.03,1.18119,269,-0.11,0.00,0.00,3 519.59,WP Buy #M20260524
2026.01.23 22:31:11,270,MU.NAS,sell,out,17.1,398.13,270,-0.34,0.00,-5.13,3 514.12,sl 398.14
2026.01.26 01:27:53,271,EURUSD,sell,out,0.03,1.18676,271,-0.11,-0.25,16.71,3 530.47,sl 1.18676
2026.01.26 02:00:00,272,XAUUSD,buy,in,0.01,5040.22,272,-0.04,0.00,0.00,3 530.43,WP Buy #M20260526
2026.01.26 02:03:44,273,AUDUSD,sell,out,0.03,0.69063,273,-0.11,-0.06,7.14,3 537.40,sl 0.69063
2026.01.26 02:54:59,274,XAUUSD,sell,out,0.01,5044.31,274,-0.04,0.00,4.09,3 541.45,sl 5044.56
2026.01.26 03:00:00,275,XAUUSD,buy,in,0.01,5041.52,275,-0.04,0.00,0.00,3 541.41,WP Buy #M20260526
2026.01.26 03:25:18,276,XAUUSD,sell,out,0.01,5071.99,276,-0.04,0.00,30.47,3 571.84,tp 5071.85
2026.01.26 04:00:00,277,XAUUSD,buy,in,0.01,5070.98,277,-0.04,0.00,0.00,3 571.80,WP Buy #M20260526
2026.01.26 04:03:12,278,XAUUSD,sell,out,0.01,5071.14,278,-0.04,0.00,0.16,3 571.92,sl 5071.16
2026.01.26 05:00:00,279,XAUUSD,buy,in,0.01,5080.52,279,-0.04,0.00,0.00,3 571.88,WP Buy #M20260526
2026.01.26 05:18:58,280,XAUUSD,sell,out,0.01,5080.24,280,-0.04,0.00,-0.28,3 571.56,sl 5080.38
2026.01.26 15:00:00,281,XAUUSD,sell,in,0.17,5079.48,281,-0.60,0.00,0.00,3 570.96,RSI Scalping Sell #M129102315
2026.01.26 15:00:05,282,XAUUSD,buy,out,0.17,5078.07,282,-0.60,0.00,23.97,3 594.33,sl 5078.04
2026.01.26 16:00:00,283,XAUUSD,sell,out,0.01,5068.50,283,-0.04,-0.57,125.22,3 718.94,
2026.01.26 16:45:00,284,MU.NAS,sell,in,18.5,392.92,284,-0.37,0.00,0.00,3 718.57,RSI Scalping Sell #M20004
2026.01.26 16:59:19,285,MU.NAS,buy,out,18.5,393.58,285,-0.37,0.00,-12.21,3 705.99,sl 393.53
2026.01.26 17:00:00,286,TSLA.NAS,sell,in,27.7,439.02,286,-0.55,0.00,0.00,3 705.44,RSI Scalping Sell #M125421321
2026.01.26 17:10:00,287,AAPL.NAS,buy,in,9.2,253.750,287,-0.18,0.00,0.00,3 705.26,RSI Scalping Buy #M20001
2026.01.26 17:18:26,288,AAPL.NAS,sell,out,9.2,254.030,288,-0.18,0.00,2.58,3 707.66,sl 254.030
2026.01.26 17:30:00,289,AAPL.NAS,sell,in,9.2,254.010,289,-0.18,0.00,0.00,3 707.48,RSI Scalping Sell #M20001
2026.01.26 18:00:00,290,XAUUSD,sell,in,0.18,5091.04,290,-0.63,0.00,0.00,3 706.85,RSI Scalping Sell #M129102315
2026.01.26 18:00:00,291,MU.NAS,buy,in,18.5,392.66,291,-0.37,0.00,0.00,3 706.48,RSI Scalping Buy #M20004
2026.01.26 18:00:20,292,XAUUSD,buy,out,0.18,5090.84,292,-0.63,0.00,3.60,3 709.45,sl 5090.79
2026.01.26 18:15:00,293,XAUUSD,buy,in,0.03,5100.99,293,-0.11,0.00,0.00,3 709.34,United SuperEMA long #M940001
2026.01.26 18:45:00,294,XAUUSD,sell,out,0.03,5076.93,294,-0.11,0.00,-72.18,3 637.05,
2026.01.26 18:45:01,295,NVDA.NAS,sell,in,14.8,186.69,295,-0.30,0.00,0.00,3 636.75,RSI Scalping Sell #M20003
2026.01.26 19:00:00,296,AAPL.NAS,buy,in,0.1,254.880,296,-0.02,0.00,0.00,3 636.73,WP Buy #M20260528
2026.01.26 19:04:22,297,AAPL.NAS,sell,out,0.1,255.280,297,-0.02,0.00,0.04,3 636.75,tp 255.280
2026.01.26 19:45:01,298,XAUUSD,buy,in,0.01,5102.94,298,-0.04,0.00,0.00,3 636.71,United SuperEMA long #M940001
2026.01.26 19:45:07,299,NVDA.NAS,buy,out,14.8,186.46,299,-0.30,0.00,3.40,3 639.81,
2026.01.26 19:45:07,300,NVDA.NAS,sell,in,0.6,186.45,300,-0.02,0.00,0.00,3 639.79,RSI Scalping Sell #M20003
2026.01.26 20:00:00,301,XAUUSD,buy,in,0.01,5101.01,301,-0.04,0.00,0.00,3 639.75,SimpleTrendline BUY #M26042503
2026.01.26 20:00:01,302,NVDA.NAS,buy,out,0.6,186.47,302,-0.02,0.00,-0.01,3 639.72,
2026.01.26 20:15:00,303,XAUUSD,sell,out,0.01,5079.13,303,-0.04,0.00,-23.81,3 615.87,
2026.01.26 20:30:01,304,NVDA.NAS,buy,in,14.7,186.44,304,-0.29,0.00,0.00,3 615.58,RSI Scalping Buy #M20003
2026.01.26 21:00:00,305,XAUUSD,sell,out,0.01,5069.04,305,-0.04,0.00,-31.97,3 583.57,
2026.01.26 22:00:00,306,XAUUSD,sell,in,0.01,5029.06,306,-0.04,0.00,0.00,3 583.53,SimpleTrendline SELL #M26042503
2026.01.26 22:21:04,307,MU.NAS,sell,out,18.5,390.50,307,-0.37,0.00,-39.96,3 543.20,sl 390.54
2026.01.26 23:45:00,308,XAUUSD,sell,in,0.02,5004.14,308,-0.07,0.00,0.00,3 543.13,United SuperEMA short #M940001
2026.01.27 01:15:21,309,DE40,buy,in,0.1,24928.30,309,0.00,0.00,0.00,3 543.13,SimpleTrendline BUY #M26042502
2026.01.27 01:30:00,310,XAUUSD,buy,out,0.02,5045.39,310,-0.07,0.81,-82.50,3 461.37,
2026.01.27 01:45:01,311,DE40,sell,out,0.1,24927.10,311,0.00,0.00,-0.14,3 461.23,
2026.01.27 02:16:01,312,DE40,buy,in,0.1,24949.60,312,0.00,0.00,0.00,3 461.23,SimpleTrendline BUY #M26042502
2026.01.27 02:45:00,313,DE40,sell,out,0.1,24934.90,313,0.00,0.00,-1.74,3 459.49,
2026.01.27 05:00:00,314,XAUUSD,buy,out,0.01,5072.64,314,-0.04,0.40,-43.58,3 416.27,
2026.01.27 05:00:19,315,DE40,buy,in,0.1,24968.60,315,0.00,0.00,0.00,3 416.27,SimpleTrendline BUY #M26042502
2026.01.27 05:45:01,316,XAUUSD,buy,in,0.02,5074.90,316,-0.07,0.00,0.00,3 416.20,United SuperEMA long #M940001
2026.01.27 07:15:00,317,XAUUSD,sell,out,0.02,5063.72,317,-0.07,0.00,-22.36,3 393.77,
2026.01.27 08:00:00,318,XAUUSD,buy,in,0.13,5083.11,318,-0.46,0.00,0.00,3 393.31,RSI Scalping Buy #M129102315
2026.01.27 08:00:00,319,XAUUSD,buy,in,0.02,5083.11,319,-0.07,0.00,0.00,3 393.24,United SuperEMA long #M940001
2026.01.27 08:01:51,320,XAUUSD,sell,out,0.13,5085.33,320,-0.46,0.00,28.86,3 421.64,sl 5085.40
2026.01.27 09:30:00,321,DE40,sell,out,0.1,24988.00,321,0.00,0.00,2.30,3 423.94,
2026.01.27 10:45:00,322,XAUUSD,sell,out,0.02,5082.67,322,-0.07,0.00,-0.88,3 422.99,
2026.01.27 12:00:00,323,XAUUSD,buy,in,0.17,5098.54,323,-0.60,0.00,0.00,3 422.39,RSI Scalping Buy #M129102315
2026.01.27 16:00:00,324,XAUUSD,sell,out,0.17,5077.55,324,-0.60,0.00,-356.83,3 064.96,
2026.01.27 16:00:00,325,EURUSD,buy,in,0.02,1.19236,325,-0.07,0.00,0.00,3 064.89,WP Buy #M20260524
2026.01.27 16:45:01,326,MU.NAS,buy,in,14,405.26,326,-0.28,0.00,0.00,3 064.61,RSI Scalping Buy #M20004
2026.01.27 17:00:00,327,AUDUSD,buy,in,0.01,0.69604,327,-0.04,0.00,0.00,3 064.57,WP Buy #M20260525
2026.01.27 17:00:00,328,XAUUSD,sell,in,0.01,5052.57,328,-0.04,0.00,0.00,3 064.53,United SuperEMA short #M940001
2026.01.27 17:00:02,329,AAPL.NAS,buy,in,0.1,261.470,329,-0.02,0.00,0.00,3 064.51,WP Buy #M20260528
2026.01.27 17:00:04,330,AAPL.NAS,sell,out,0.1,261.260,330,-0.02,0.00,-0.02,3 064.47,sl 261.270
2026.01.27 17:45:00,331,XAUUSD,buy,out,0.01,5080.77,331,-0.04,0.00,-28.20,3 036.23,
2026.01.27 17:46:27,332,MU.NAS,sell,out,14,406.89,332,-0.28,0.00,22.82,3 058.77,sl 406.91
2026.01.27 18:00:00,333,XAUUSD,buy,in,0.01,5091.25,333,-0.04,0.00,0.00,3 058.73,United SuperEMA long #M940001
2026.01.27 18:30:00,334,DE40,sell,in,0.1,24904.60,334,0.00,0.00,0.00,3 058.73,SimpleTrendline SELL #M26042502
2026.01.27 19:29:41,335,EURUSD,sell,out,0.02,1.19602,335,-0.07,0.00,7.32,3 065.98,sl 1.19602
2026.01.27 20:00:00,336,EURUSD,buy,in,0.02,1.19802,336,-0.07,0.00,0.00,3 065.91,WP Buy #M20260524
2026.01.27 22:00:00,337,XAUUSD,buy,in,0.14,5099.09,337,-0.49,0.00,0.00,3 065.42,RSI Scalping Buy #M129102315
2026.01.27 22:00:26,338,XAUUSD,sell,out,0.14,5099.45,338,-0.49,0.00,5.04,3 069.97,sl 5099.49
2026.01.27 22:15:02,339,DE40,buy,out,0.1,24917.00,339,0.00,0.00,-1.49,3 068.48,
2026.01.27 22:30:00,340,DE40,sell,in,0.1,24896.70,340,0.00,0.00,0.00,3 068.48,SimpleTrendline SELL #M26042502
2026.01.27 22:48:52,341,EURUSD,sell,out,0.02,1.20800,341,-0.07,0.00,19.96,3 088.37,tp 1.20800
2026.01.28 02:00:00,342,XAUUSD,sell,in,0.14,5172.25,342,-0.49,0.00,0.00,3 087.88,RSI Scalping Sell #M129102315
2026.01.28 02:00:00,343,XAUUSD,buy,in,0.01,5172.36,343,-0.04,0.00,0.00,3 087.84,WP Buy #M20260526
2026.01.28 02:01:45,344,XAUUSD,buy,out,0.14,5162.86,344,-0.49,0.00,131.46,3 218.81,sl 5162.79
2026.01.28 02:04:09,345,AUDUSD,sell,out,0.01,0.69919,345,-0.04,-0.02,3.15,3 221.90,sl 0.69919
2026.01.28 02:05:14,346,XAUUSD,sell,out,0.01,5157.28,346,-0.04,0.00,-15.08,3 206.78,sl 5157.36
2026.01.28 02:45:04,347,DE40,buy,out,0.1,24905.90,347,0.00,-0.19,-1.11,3 205.48,
2026.01.28 03:00:14,348,DE40,sell,in,0.1,24901.70,348,0.00,0.00,0.00,3 205.48,SimpleTrendline SELL #M26042502
2026.01.28 04:00:00,349,XAUUSD,buy,in,0.01,5205.06,349,-0.04,0.00,0.00,3 205.44,WP Buy #M20260526
2026.01.28 04:01:38,350,XAUUSD,sell,out,0.01,5209.37,350,-0.04,0.00,4.31,3 209.71,sl 5209.40
2026.01.28 05:00:00,351,XAUUSD,buy,in,0.01,5231.85,351,-0.04,0.00,0.00,3 209.67,WP Buy #M20260526
2026.01.28 05:16:02,352,DE40,buy,out,0.1,24894.90,352,0.00,0.00,0.82,3 210.49,
2026.01.28 05:18:26,353,XAUUSD,sell,out,0.01,5239.68,353,-0.04,0.00,7.83,3 218.28,sl 5239.93
2026.01.28 09:30:00,354,DE40,sell,in,0.1,24891.80,354,0.00,0.00,0.00,3 218.28,SimpleTrendline SELL #M26042502
2026.01.28 10:15:00,355,DE40,buy,out,0.1,24897.30,355,0.00,0.00,-0.66,3 217.62,
2026.01.28 11:45:00,356,XAUUSD,sell,out,0.01,5266.84,356,-0.04,-0.57,175.59,3 392.60,
2026.01.28 14:00:00,357,XAUUSD,sell,in,0.16,5262.10,357,-0.56,0.00,0.00,3 392.04,RSI Scalping Sell #M129102315
2026.01.28 14:00:11,358,XAUUSD,buy,out,0.16,5261.51,358,-0.56,0.00,9.44,3 400.92,sl 5261.41
2026.01.28 16:00:00,359,XAUUSD,sell,in,0.17,5267.18,359,-0.60,0.00,0.00,3 400.32,RSI Scalping Sell #M129102315
2026.01.28 16:01:01,360,XAUUSD,buy,out,0.17,5265.04,360,-0.60,0.00,36.38,3 436.10,sl 5265.01
2026.01.28 16:35:01,361,AAPL.NAS,buy,out,9.2,257.560,361,-0.18,0.00,-32.66,3 403.26,
2026.01.28 18:15:00,362,XAUUSD,buy,in,0.03,5284.68,362,-0.11,0.00,0.00,3 403.15,United SuperEMA long #M940001
2026.01.28 20:00:00,363,XAUUSD,sell,in,0.17,5298.52,363,-0.60,0.00,0.00,3 402.55,RSI Scalping Sell #M129102315
2026.01.28 20:00:14,364,XAUUSD,buy,out,0.17,5298.74,364,-0.60,0.00,-3.74,3 398.21,sl 5298.69
2026.01.28 20:45:00,365,XAUUSD,sell,out,0.03,5274.00,365,-0.11,0.00,-32.04,3 366.06,
2026.01.28 21:15:00,366,DE40,buy,in,0.1,24858.30,366,0.00,0.00,0.00,3 366.06,SimpleTrendline BUY #M26042502
2026.01.28 21:30:00,367,DE40,sell,out,0.1,24825.50,367,0.00,0.00,-3.96,3 362.10,
2026.01.28 22:00:00,368,XAUUSD,buy,in,0.01,5325.63,368,-0.04,0.00,0.00,3 362.06,SimpleTrendline BUY #M26042503
2026.01.28 23:15:00,369,DE40,buy,in,0.1,24875.30,369,0.00,0.00,0.00,3 362.06,SimpleTrendline BUY #M26042502
2026.01.29 01:00:00,370,AUDUSD,buy,in,0.02,0.70398,370,-0.07,0.00,0.00,3 361.99,WP Buy #M20260525
2026.01.29 01:15:00,371,DE40,sell,out,0.1,24841.10,371,0.00,-0.54,-4.13,3 357.32,
2026.01.29 03:45:00,372,XAUUSD,buy,in,0.02,5540.52,372,-0.07,0.00,0.00,3 357.25,United SuperEMA long #M940001
2026.01.29 04:00:01,373,XBRUSD,buy,in,0.5,68.39,373,0.00,0.00,0.00,3 357.25,WP Buy #M20260534
2026.01.29 09:30:00,374,XAUUSD,sell,out,0.02,5541.98,374,-0.07,0.00,2.92,3 360.10,
2026.01.29 09:31:26,375,AUDUSD,sell,out,0.02,0.70699,375,-0.07,0.00,6.02,3 366.05,sl 0.70700
2026.01.29 11:00:00,376,XAUUSD,sell,in,0.16,5510.20,376,-0.56,0.00,0.00,3 365.49,RSI Scalping Sell #M129102315
2026.01.29 11:00:37,377,XAUUSD,buy,out,0.16,5509.39,377,-0.56,0.00,12.96,3 377.89,sl 5509.32
2026.01.29 13:00:00,378,XAUUSD,sell,out,0.01,5483.74,378,-0.04,-1.71,158.11,3 534.25,
2026.01.29 15:00:00,379,XAUUSD,buy,in,0.01,5535.12,379,-0.04,0.00,0.00,3 534.21,SimpleTrendline BUY #M26042503
2026.01.29 16:00:00,380,XAUUSD,sell,out,0.01,5510.60,380,-0.04,0.00,-24.52,3 509.65,
2026.01.29 16:30:00,381,XAUUSD,buy,in,0.03,5544.20,381,-0.11,0.00,0.00,3 509.54,United SuperEMA long #M940001
2026.01.29 17:00:00,382,XAUUSD,sell,out,0.03,5495.64,382,-0.11,0.00,-145.68,3 363.75,
2026.01.29 17:00:01,383,TSLA.NAS,buy,out,27.7,423.22,383,-0.55,0.00,437.66,3 800.86,
2026.01.29 17:03:59,384,NVDA.NAS,sell,out,14.7,189.07,384,-0.29,0.00,38.66,3 839.23,sl 189.08
2026.01.29 17:12:13,385,XBRUSD,sell,out,0.5,70.17,385,0.00,0.00,89.00,3 928.23,sl 70.17
2026.01.29 17:15:01,386,NVDA.NAS,sell,in,19.6,188.44,386,-0.39,0.00,0.00,3 927.84,RSI Scalping Sell #M20003
2026.01.29 17:30:01,387,NVDA.NAS,buy,out,19.6,188.94,387,-0.39,0.00,-9.80,3 917.65,
2026.01.29 17:45:00,388,MU.NAS,sell,in,19.5,423.62,388,-0.39,0.00,0.00,3 917.26,RSI Scalping Sell #M20004
2026.01.29 17:56:25,389,MU.NAS,buy,out,19.5,423.68,389,-0.39,0.00,-1.17,3 915.70,sl 423.43
2026.01.29 18:00:00,390,XAUUSD,sell,in,0.01,5181.60,390,-0.04,0.00,0.00,3 915.66,SimpleTrendline SELL #M26042503
2026.01.29 18:15:01,391,MU.NAS,buy,in,19.5,425.80,391,-0.39,0.00,0.00,3 915.27,RSI Scalping Buy #M20004
2026.01.29 19:00:00,392,NVDA.NAS,buy,in,19.5,188.09,392,-0.39,0.00,0.00,3 914.88,RSI Scalping Buy #M20003
2026.01.29 19:06:58,393,MU.NAS,sell,out,19.5,429.29,393,-0.39,0.00,68.06,3 982.55,sl 429.42
2026.01.29 23:00:00,394,XAUUSD,buy,in,0.09,5394.49,394,-0.32,0.00,0.00,3 982.23,EMA Crossover Trade BUY #M12350
2026.01.29 23:00:00,395,XAUUSD,buy,out,0.01,5395.29,395,-0.04,0.00,-213.69,3 768.50,
2026.01.29 23:00:27,396,XAUUSD,sell,out,0.09,5398.82,396,-0.32,0.00,38.97,3 807.15,sl 5399.04
2026.01.30 02:00:00,397,XAUUSD,buy,in,0.09,5438.78,397,-0.32,0.00,0.00,3 806.83,EMA Crossover Trade BUY #M12350
2026.01.30 02:00:00,398,DE40,sell,in,0.1,24467.40,398,0.00,0.00,0.00,3 806.83,SimpleTrendline SELL #M26042502
2026.01.30 02:00:20,399,XAUUSD,sell,out,0.09,5436.22,399,-0.32,0.00,-23.04,3 783.47,sl 5436.64
2026.01.30 02:30:00,400,DE40,buy,out,0.1,24503.10,400,0.00,0.00,-4.31,3 779.16,
2026.01.30 03:00:00,401,XAUUSD,buy,in,0.09,5409.85,401,-0.32,0.00,0.00,3 778.84,EMA Crossover Trade BUY #M12350
2026.01.30 03:11:07,402,XAUUSD,sell,out,0.09,5357.72,402,-0.32,0.00,-469.17,3 309.35,
2026.01.30 03:45:02,403,DE40,sell,in,0.1,24432.40,403,0.00,0.00,0.00,3 309.35,SimpleTrendline SELL #M26042502
2026.01.30 04:00:00,404,XAUUSD,sell,in,0.03,5301.11,404,-0.11,0.00,0.00,3 309.24,United SuperEMA short #M940001
2026.01.30 05:15:11,405,DE40,buy,out,0.1,24467.60,405,0.00,0.00,-4.25,3 304.99,
2026.01.30 07:00:21,406,DE40,sell,in,0.1,24437.90,406,0.00,0.00,0.00,3 304.99,SimpleTrendline SELL #M26042502
2026.01.30 07:30:00,407,XAUUSD,buy,out,0.03,5230.22,407,-0.11,0.00,212.67,3 517.55,
2026.01.30 08:15:01,408,DE40,buy,out,0.1,24434.60,408,0.00,0.00,0.40,3 517.95,
2026.01.30 08:45:00,409,XAUUSD,sell,in,0.03,5158.05,409,-0.11,0.00,0.00,3 517.84,United SuperEMA short #M940001
2026.01.30 10:45:01,410,DE40,buy,in,0.1,24498.50,410,0.00,0.00,0.00,3 517.84,SimpleTrendline BUY #M26042502
2026.01.30 12:00:00,411,DE40,sell,out,0.1,24461.10,411,0.00,0.00,-4.52,3 513.32,
2026.01.30 13:00:00,412,XAUUSD,buy,out,0.03,5119.35,412,-0.11,0.00,116.10,3 629.31,
2026.01.30 18:45:00,413,XAUUSD,sell,in,0.03,5008.99,413,-0.11,0.00,0.00,3 629.20,United SuperEMA short #M940001
2026.01.30 20:00:01,414,MU.NAS,sell,in,18.1,428.30,414,-0.36,0.00,0.00,3 628.84,RSI Scalping Sell #M20004
2026.01.30 20:15:01,415,MU.NAS,buy,out,18.1,427.63,415,-0.36,0.00,12.13,3 640.61,
2026.01.30 20:21:24,416,NVDA.NAS,sell,out,19.5,190.71,416,-0.39,0.00,51.09,3 691.31,sl 190.71
2026.01.30 21:00:01,417,NVDA.NAS,buy,in,18.4,191.53,417,-0.37,0.00,0.00,3 690.94,RSI Scalping Buy #M20003
2026.01.30 21:15:00,418,MU.NAS,buy,in,18.4,428.09,418,-0.37,0.00,0.00,3 690.57,RSI Scalping Buy #M20004
2026.01.30 21:15:00,419,DE40,buy,in,0.1,24508.00,419,0.00,0.00,0.00,3 690.57,SimpleTrendline BUY #M26042502
2026.01.30 22:00:00,420,TSLA.NAS,sell,in,27.6,433.53,420,-0.55,0.00,0.00,3 690.02,RSI Scalping Sell #M125421321
2026.01.30 22:00:00,421,XAUUSD,buy,out,0.03,4932.41,421,-0.11,0.00,229.74,3 919.65,
2026.01.30 22:00:00,422,DE40,sell,out,0.1,24494.20,422,0.00,0.00,-1.67,3 917.98,
2026.01.30 22:45:00,423,MU.NAS,sell,out,18.4,415.03,423,-0.37,0.00,-240.30,3 677.31,
2026.01.30 22:50:00,424,AAPL.NAS,buy,in,9.1,261.820,424,-0.18,0.00,0.00,3 677.13,RSI Scalping Buy #M20001
2026.02.02 01:30:00,425,XAUUSD,sell,in,0.03,4728.03,425,-0.11,0.00,0.00,3 677.02,United SuperEMA short #M940001
2026.02.02 02:30:00,426,XAUUSD,buy,out,0.03,4846.92,426,-0.11,0.00,-356.67,3 320.24,
2026.02.02 16:35:00,427,NVDA.NAS,sell,out,18.4,186.93,427,-0.37,-0.01,-84.64,3 235.22,
2026.02.02 16:35:03,428,AAPL.NAS,sell,out,9.1,262.570,428,-0.18,0.00,6.83,3 241.87,sl 262.580
2026.02.02 19:45:16,429,TSLA.NAS,buy,out,27.6,424.08,429,-0.55,0.00,260.82,3 502.14,sl 424.08
2026.03.02 00:21:00,430,AUDUSD,buy,in,0.14,0.70572,430,-0.49,0.00,0.00,3 501.65,RSI Oversold Crossover Buy #M30
2026.03.02 02:00:00,431,XAUUSD,buy,in,0.08,5387.19,431,-0.28,0.00,0.00,3 501.37,EMA Crossover Trade BUY #M12350
2026.03.02 02:00:00,432,XAUUSD,buy,in,0.01,5387.38,432,-0.04,0.00,0.00,3 501.33,WP Buy #M20260526
2026.03.02 02:00:03,433,XAUUSD,sell,out,0.08,5384.30,433,-0.28,0.00,-23.12,3 477.93,sl 5384.30
2026.03.02 02:01:46,434,XAUUSD,sell,out,0.01,5372.16,434,-0.04,0.00,-15.22,3 462.67,sl 5372.19
2026.03.02 03:00:00,435,XAUUSD,buy,in,0.08,5346.46,435,-0.28,0.00,0.00,3 462.39,EMA Crossover Trade BUY #M12350
2026.03.02 03:00:00,436,XAUUSD,sell,out,0.08,5342.77,436,-0.28,0.00,-29.52,3 432.59,sl 5342.92
2026.03.02 03:01:10,437,AUDUSD,sell,out,0.14,0.70901,437,-0.49,0.00,46.06,3 478.16,
2026.03.02 04:00:00,438,XAUUSD,buy,in,0.08,5324.93,438,-0.28,0.00,0.00,3 477.88,EMA Crossover Trade BUY #M12350
2026.03.02 04:00:00,439,XAUUSD,sell,in,0.17,5324.78,439,-0.60,0.00,0.00,3 477.28,RSI Scalping Sell #M129102315
2026.03.02 04:00:10,440,XAUUSD,buy,out,0.17,5325.07,440,-0.60,0.00,-4.93,3 471.75,sl 5324.57
2026.03.02 04:01:50,441,XAUUSD,sell,out,0.08,5327.04,441,-0.28,0.00,16.88,3 488.35,sl 5327.06
2026.03.02 05:00:00,442,XAUUSD,buy,in,0.08,5346.80,442,-0.28,0.00,0.00,3 488.07,EMA Crossover Trade BUY #M12350
2026.03.02 05:01:57,443,XAUUSD,sell,out,0.08,5346.07,443,-0.28,0.00,-5.84,3 481.95,sl 5346.17
2026.03.02 06:00:00,444,XAUUSD,buy,in,0.08,5366.48,444,-0.28,0.00,0.00,3 481.67,EMA Crossover Trade BUY #M12350
2026.03.02 06:04:40,445,XAUUSD,sell,out,0.08,5363.27,445,-0.28,0.00,-25.68,3 455.71,sl 5363.40
2026.03.02 07:00:00,446,XAUUSD,buy,in,0.01,5356.18,446,-0.04,0.00,0.00,3 455.67,EMA Crossover Trade BUY #M12350
2026.03.02 07:00:00,447,XAUUSD,sell,in,0.17,5356.10,447,-0.60,0.00,0.00,3 455.07,RSI Scalping Sell #M129102315
2026.03.02 07:00:01,448,XAUUSD,buy,out,0.17,5355.24,448,-0.60,0.00,14.62,3 469.09,sl 5354.81
2026.03.02 07:35:12,449,XAUUSD,sell,out,0.01,5354.15,449,-0.04,0.00,-2.03,3 467.02,sl 5354.25
2026.03.02 08:00:00,450,XAUUSD,buy,in,0.01,5366.17,450,-0.04,0.00,0.00,3 466.98,EMA Crossover Trade BUY #M12350
2026.03.02 08:09:55,451,XAUUSD,sell,out,0.01,5376.09,451,-0.04,0.00,9.92,3 476.86,sl 5376.24
2026.03.02 09:00:00,452,XAUUSD,buy,in,0.01,5387.72,452,-0.04,0.00,0.00,3 476.82,EMA Crossover Trade BUY #M12350
2026.03.02 09:08:17,453,XAUUSD,sell,out,0.01,5395.98,453,-0.04,0.00,8.26,3 485.04,sl 5396.13
2026.03.02 10:00:00,454,XAUUSD,buy,in,0.04,5408.56,454,-0.14,0.00,0.00,3 484.90,EMA Crossover Trade BUY #M12350
2026.03.02 10:01:06,455,XAUUSD,sell,out,0.04,5407.81,455,-0.14,0.00,-3.00,3 481.76,sl 5408.10
2026.03.02 11:00:00,456,XAUUSD,sell,in,0.17,5394.31,456,-0.60,0.00,0.00,3 481.16,RSI Scalping Sell #M129102315
2026.03.02 11:00:22,457,XAUUSD,buy,out,0.17,5391.80,457,-0.60,0.00,42.67,3 523.23,sl 5391.70
2026.03.02 11:45:00,458,DE40,sell,in,0.1,24849.00,458,0.00,0.00,0.00,3 523.23,SimpleTrendline SELL #M26042502
2026.03.02 16:45:01,459,NVDA.NAS,buy,in,17.6,179.54,459,-0.35,0.00,0.00,3 522.88,RSI Scalping Buy #M20003
2026.03.02 17:30:01,460,MU.NAS,sell,in,17.6,399.63,460,-0.35,0.00,0.00,3 522.53,RSI Scalping Sell #M20004
2026.03.02 17:40:05,461,MU.NAS,buy,out,17.6,402.32,461,-0.35,0.00,-47.34,3 474.84,sl 402.32
2026.03.02 18:00:01,462,MU.NAS,buy,in,17.3,405.49,462,-0.35,0.00,0.00,3 474.49,RSI Scalping Buy #M20004
2026.03.02 18:18:51,463,MU.NAS,sell,out,17.3,409.26,463,-0.35,0.00,65.22,3 539.36,sl 409.26
2026.03.02 22:45:00,464,MU.NAS,buy,in,17.6,411.90,464,-0.35,0.00,0.00,3 539.01,RSI Scalping Buy #M20004
2026.03.03 02:00:00,465,XAUUSD,buy,in,0.03,5346.05,465,-0.11,0.00,0.00,3 538.90,United SuperEMA long #M940001
2026.03.03 05:00:00,466,XAUUSD,buy,in,0.17,5367.01,466,-0.60,0.00,0.00,3 538.30,RSI Scalping Buy #M129102315
2026.03.03 05:00:34,467,XAUUSD,sell,out,0.17,5369.04,467,-0.60,0.00,34.51,3 572.21,sl 5369.17
2026.03.03 07:15:00,468,XAUUSD,sell,out,0.03,5362.34,468,-0.11,0.00,48.87,3 620.97,
2026.03.03 10:00:00,469,XTIUSD,buy,in,0.5,73.95,469,0.00,0.00,0.00,3 620.97,WP Buy #M20260533
2026.03.03 10:00:00,470,XBRUSD,buy,in,0.5,81.18,470,0.00,0.00,0.00,3 620.97,WP Buy #M20260534
2026.03.03 11:00:00,471,XAUUSD,sell,in,0.01,5295.57,471,-0.04,0.00,0.00,3 620.93,SimpleTrendline SELL #M26042503
2026.03.03 11:30:00,472,XAUUSD,sell,in,0.03,5242.08,472,-0.11,0.00,0.00,3 620.82,United SuperEMA short #M940001
2026.03.03 12:55:57,473,XBRUSD,sell,out,0.5,84.18,473,0.00,0.00,150.00,3 770.82,tp 84.18
2026.03.03 12:55:59,474,XTIUSD,sell,out,0.5,76.95,474,0.00,0.00,150.00,3 920.82,tp 76.95
2026.03.03 13:00:00,475,XTIUSD,buy,in,0.5,76.58,475,0.00,0.00,0.00,3 920.82,WP Buy #M20260533
2026.03.03 13:00:00,476,XBRUSD,buy,in,0.5,83.90,476,0.00,0.00,0.00,3 920.82,WP Buy #M20260534
2026.03.03 13:25:56,477,XBRUSD,sell,out,0.5,84.44,477,0.00,0.00,27.00,3 947.82,sl 84.45
2026.03.03 13:30:00,478,XTIUSD,sell,out,0.5,76.69,478,0.00,0.00,5.50,3 953.32,sl 76.69
2026.03.03 14:00:00,479,XTIUSD,buy,in,0.5,77.26,479,0.00,0.00,0.00,3 953.32,WP Buy #M20260533
2026.03.03 14:00:00,480,XBRUSD,buy,in,0.5,84.79,480,0.00,0.00,0.00,3 953.32,WP Buy #M20260534
2026.03.03 14:14:23,481,XBRUSD,sell,out,0.5,83.29,481,0.00,0.00,-75.00,3 878.32,sl 83.29
2026.03.03 15:00:20,482,XTIUSD,sell,out,0.5,75.73,482,0.00,0.00,-76.50,3 801.82,sl 75.76
2026.03.03 16:35:00,483,MU.NAS,sell,out,17.6,381.64,483,-0.35,0.00,-532.58,3 268.89,sl 410.32
2026.03.03 16:35:00,484,NVDA.NAS,sell,out,17.6,178.04,484,-0.35,0.00,-26.40,3 242.14,sl 179.70
2026.03.03 20:15:00,485,XAUUSD,buy,out,0.03,5104.85,485,-0.11,0.00,411.69,3 653.72,
2026.03.03 20:15:01,486,DE40,buy,out,0.1,23887.60,486,0.00,-0.19,116.14,3 769.67,
2026.03.03 20:30:00,487,MU.NAS,buy,in,18.8,383.81,487,-0.38,0.00,0.00,3 769.29,RSI Scalping Buy #M20004
2026.03.03 21:09:59,488,MU.NAS,sell,out,18.8,381.21,488,-0.38,0.00,-48.88,3 720.03,sl 381.27
2026.03.03 21:15:01,489,MU.NAS,sell,in,18.6,381.75,489,-0.37,0.00,0.00,3 719.66,RSI Scalping Sell #M20004
2026.03.03 21:30:02,490,MU.NAS,buy,out,18.6,379.38,490,-0.37,0.00,44.08,3 763.37,
2026.03.03 21:45:00,491,MU.NAS,buy,in,18.8,381.81,491,-0.38,0.00,0.00,3 762.99,RSI Scalping Buy #M20004
2026.03.04 03:45:02,492,DE40,buy,in,0.1,23937.40,492,0.00,0.00,0.00,3 762.99,SimpleTrendline BUY #M26042502
2026.03.04 04:00:00,493,XAUUSD,buy,out,0.01,5174.63,493,-0.04,0.40,120.94,3 884.29,
2026.03.04 04:00:00,494,DE40,sell,out,0.1,23898.20,494,0.00,0.00,-4.74,3 879.55,
2026.03.04 08:15:00,495,XAUUSD,sell,in,0.03,5141.80,495,-0.11,0.00,0.00,3 879.44,United SuperEMA short #M940001
2026.03.04 09:15:00,496,XAUUSD,buy,out,0.03,5167.88,496,-0.11,0.00,-78.24,3 801.09,
2026.03.04 10:00:00,497,DE40,sell,in,0.1,23875.30,497,0.00,0.00,0.00,3 801.09,SimpleTrendline SELL #M26042502
2026.03.04 10:15:00,498,DE40,buy,out,0.1,23941.60,498,0.00,0.00,-8.01,3 793.08,
2026.03.04 10:45:00,499,DE40,sell,in,0.1,23863.30,499,0.00,0.00,0.00,3 793.08,SimpleTrendline SELL #M26042502
2026.03.04 11:00:00,500,BTCUSD,buy,in,0.18,71016.18,500,0.00,0.00,0.00,3 793.08,RSI Scalping Buy #M123459123
2026.03.04 11:00:02,501,BTCUSD,sell,out,0.18,71023.61,501,0.00,0.00,1.34,3 794.42,sl 71023.82
2026.03.04 11:15:00,502,DE40,buy,out,0.1,23933.20,502,0.00,0.00,-8.44,3 785.98,
2026.03.04 11:30:00,503,DE40,buy,in,0.1,23948.70,503,0.00,0.00,0.00,3 785.98,SimpleTrendline BUY #M26042502
2026.03.04 12:00:00,504,XAUUSD,sell,in,0.05,5182.37,504,-0.18,0.00,0.00,3 785.80,RSI Reverse SELL #M1002
2026.03.04 12:00:00,505,XAUUSD,buy,out,0.05,5182.73,505,-0.18,0.00,-1.80,3 783.82,
2026.03.04 12:45:00,506,XAUUSD,sell,in,0.03,5185.54,506,-0.11,0.00,0.00,3 783.71,RSIConsolidation SELL #M2025042
2026.03.04 14:15:00,507,XAUUSD,buy,in,0.03,5197.64,507,-0.11,0.00,0.00,3 783.60,United SuperEMA long #M940001
2026.03.04 14:30:00,508,XAUUSD,buy,out,0.03,5178.41,508,-0.11,0.00,21.39,3 804.88,
2026.03.04 14:45:00,509,XAUUSD,sell,out,0.03,5165.72,509,-0.11,0.00,-95.76,3 709.01,
2026.03.04 14:45:00,510,XAUUSD,sell,in,0.03,5165.94,510,-0.11,0.00,0.00,3 708.90,RSIConsolidation SELL #M2025042
2026.03.04 14:45:00,511,XAUUSD,buy,out,0.03,5166.04,511,-0.11,0.00,-0.30,3 708.49,
2026.03.04 16:36:18,512,MU.NAS,sell,out,18.8,389.62,512,-0.38,0.00,146.83,3 854.94,sl 389.87
2026.03.04 16:45:01,513,MU.NAS,buy,in,19.2,387.94,513,-0.38,0.00,0.00,3 854.56,RSI Scalping Buy #M20004
2026.03.04 16:51:33,514,MU.NAS,sell,out,19.2,390.56,514,-0.38,0.00,50.30,3 904.48,sl 390.64
2026.03.04 17:00:00,515,XAUUSD,sell,in,0.03,5143.86,515,-0.11,0.00,0.00,3 904.37,United SuperEMA short #M940001
2026.03.04 17:00:00,516,XAUUSD,sell,in,0.01,5145.38,516,-0.04,0.00,0.00,3 904.33,SimpleTrendline SELL #M26042503
2026.03.04 17:00:00,517,BTCUSD,buy,in,0.19,71646.66,517,0.00,0.00,0.00,3 904.33,RSI Scalping Buy #M123459123
2026.03.04 17:00:01,518,BTCUSD,sell,out,0.19,71642.04,518,0.00,0.00,-0.88,3 903.45,sl 71665.57
2026.03.04 18:00:00,519,XAUUSD,buy,out,0.01,5151.52,519,-0.04,0.00,-6.14,3 897.27,
2026.03.04 19:05:29,520,XNGUSD,sell,in,0.05,3.0120,520,0.00,0.00,0.00,3 897.27,WP Sell #M20260535
2026.03.04 19:08:12,521,XNGUSD,buy,out,0.05,3.0220,521,0.00,0.00,-5.00,3 892.27,sl 3.0220
2026.03.04 22:45:01,522,XAUUSD,buy,out,0.03,5143.81,522,-0.11,0.00,0.15,3 892.31,
2026.03.04 23:00:00,523,XAUUSD,buy,in,0.05,5135.41,523,-0.18,0.00,0.00,3 892.13,RSI Follow BUY #M1001
2026.03.05 03:30:00,524,DE40,sell,out,0.1,24227.80,524,0.00,-0.54,33.72,3 925.31,
2026.03.05 05:00:00,525,XAUUSD,buy,in,0.19,5192.18,525,-0.67,0.00,0.00,3 924.64,RSI Scalping Buy #M129102315
2026.03.05 05:00:07,526,XAUUSD,sell,out,0.19,5191.95,526,-0.67,0.00,-4.37,3 919.60,sl 5191.98
2026.03.05 08:45:00,527,XAUUSD,buy,in,0.03,5151.01,527,-0.11,0.00,0.00,3 919.49,RSIConsolidation BUY #M20250420
2026.03.05 09:00:00,528,XAUUSD,sell,out,0.03,5167.66,528,-0.11,0.00,49.95,3 969.33,
2026.03.05 11:45:00,529,XAUUSD,sell,in,0.03,5162.91,529,-0.11,0.00,0.00,3 969.22,RSIConsolidation SELL #M2025042
2026.03.05 11:45:00,530,XAUUSD,buy,out,0.03,5163.37,530,-0.11,0.00,-1.38,3 967.73,
2026.03.05 13:00:00,531,DE40,buy,in,0.1,24262.40,531,0.00,0.00,0.00,3 967.73,SimpleTrendline BUY #M26042502
2026.03.05 13:45:01,532,DE40,sell,out,0.1,24250.90,532,0.00,0.00,-1.39,3 966.34,
2026.03.05 16:00:00,533,XAUUSD,sell,out,0.05,5117.96,533,-0.18,-8.56,-87.25,3 870.35,
2026.03.05 16:45:00,534,NVDA.NAS,sell,in,19.3,181.09,534,-0.39,0.00,0.00,3 869.96,RSI Scalping Sell #M20003
2026.03.05 16:45:00,535,MU.NAS,sell,in,19.3,397.50,535,-0.39,0.00,0.00,3 869.57,RSI Scalping Sell #M20004
2026.03.05 17:30:01,536,MU.NAS,buy,out,19.3,396.02,536,-0.39,0.00,28.56,3 897.74,
2026.03.05 17:30:02,537,MU.NAS,sell,in,19.3,395.83,537,-0.39,0.00,0.00,3 897.35,RSI Scalping Sell #M20004
2026.03.05 17:37:32,538,MU.NAS,buy,out,19.3,397.49,538,-0.39,0.00,-32.04,3 864.92,sl 397.47
2026.03.05 17:45:00,539,MU.NAS,buy,in,19.3,398.22,539,-0.39,0.00,0.00,3 864.53,RSI Scalping Buy #M20004
2026.03.05 18:00:00,540,NVDA.NAS,buy,out,19.3,183.90,540,-0.39,0.00,-54.23,3 809.91,
2026.03.05 18:19:18,541,MU.NAS,sell,out,19.3,397.90,541,-0.39,0.00,-6.18,3 803.34,sl 397.91
2026.03.05 19:00:00,542,XTIUSD,buy,in,0.5,79.29,542,0.00,0.00,0.00,3 803.34,WP Buy #M20260533
2026.03.05 19:00:01,543,MU.NAS,sell,in,19,394.59,543,-0.38,0.00,0.00,3 802.96,RSI Scalping Sell #M20004
2026.03.05 19:15:01,544,MU.NAS,buy,out,19,393.97,544,-0.38,0.00,11.78,3 814.36,
2026.03.05 19:30:00,545,NVDA.NAS,sell,in,19,181.13,545,-0.38,0.00,0.00,3 813.98,RSI Scalping Sell #M20003
2026.03.05 19:45:00,546,NVDA.NAS,buy,out,19,179.36,546,-0.38,0.00,33.63,3 847.23,
2026.03.05 20:00:00,547,TSLA.NAS,sell,in,28.8,401.12,547,-0.58,0.00,0.00,3 846.65,RSI Scalping Sell #M125421321
2026.03.05 20:45:00,548,MU.NAS,buy,in,19.2,386.96,548,-0.38,0.00,0.00,3 846.27,RSI Scalping Buy #M20004
2026.03.05 20:45:00,549,NVDA.NAS,buy,in,19.2,179.95,549,-0.38,0.00,0.00,3 845.89,RSI Scalping Buy #M20003
2026.03.05 21:00:00,550,XBRUSD,buy,in,0.5,85.42,550,0.00,0.00,0.00,3 845.89,WP Buy #M20260534
2026.03.05 21:32:12,551,MU.NAS,sell,out,19.2,384.04,551,-0.38,0.00,-56.06,3 789.45,sl 384.09
2026.03.05 21:33:00,552,XTIUSD,sell,out,0.5,80.78,552,0.00,0.00,74.50,3 863.95,sl 80.80
2026.03.05 22:00:00,553,XTIUSD,buy,in,0.5,81.72,553,0.00,0.00,0.00,3 863.95,WP Buy #M20260533
2026.03.05 22:00:01,554,MU.NAS,buy,in,19.3,385.91,554,-0.39,0.00,0.00,3 863.56,RSI Scalping Buy #M20004
2026.03.05 22:04:36,555,XBRUSD,sell,out,0.5,85.59,555,0.00,0.00,8.50,3 872.06,sl 85.60
2026.03.05 22:11:52,556,XTIUSD,sell,out,0.5,80.19,556,0.00,0.00,-76.50,3 795.56,sl 80.19
2026.03.05 23:00:00,557,XAUUSD,sell,in,0.04,5076.70,557,-0.14,0.00,0.00,3 795.42,RSI Follow SELL #M1001
2026.03.06 02:15:00,558,XAUUSD,sell,in,0.03,5085.11,558,-0.11,0.00,0.00,3 795.31,RSIConsolidation SELL #M2025042
2026.03.06 02:15:01,559,XAUUSD,buy,out,0.03,5085.44,559,-0.11,0.00,-0.99,3 794.21,
2026.03.06 03:30:00,560,DE40,sell,in,0.1,23868.60,560,0.00,0.00,0.00,3 794.21,SimpleTrendline SELL #M26042502
2026.03.06 03:45:00,561,DE40,buy,out,0.1,23886.30,561,0.00,0.00,-2.14,3 792.07,
2026.03.06 04:00:00,562,XAUUSD,buy,out,0.04,5134.87,562,-0.14,1.61,-232.68,3 560.86,
2026.03.06 06:45:00,563,XAUUSD,sell,in,0.02,5132.60,563,-0.07,0.00,0.00,3 560.79,RSIConsolidation SELL #M2025042
2026.03.06 07:45:00,564,XAUUSD,buy,out,0.02,5121.26,564,-0.07,0.00,22.68,3 583.40,
2026.03.06 13:00:00,565,XTIUSD,buy,in,0.5,84.10,565,0.00,0.00,0.00,3 583.40,WP Buy #M20260533
2026.03.06 14:00:00,566,XBRUSD,buy,in,0.5,89.53,566,0.00,0.00,0.00,3 583.40,WP Buy #M20260534
2026.03.06 14:17:41,567,XTIUSD,sell,out,0.5,85.73,567,0.00,0.00,81.50,3 664.90,sl 85.73
2026.03.06 15:00:00,568,XTIUSD,buy,in,0.5,86.16,568,0.00,0.00,0.00,3 664.90,WP Buy #M20260533
2026.03.06 15:09:11,569,XBRUSD,sell,out,0.5,88.05,569,0.00,0.00,-74.00,3 590.90,sl 88.07
2026.03.06 16:00:00,570,XBRUSD,buy,in,0.5,89.93,570,0.00,0.00,0.00,3 590.90,WP Buy #M20260534
2026.03.06 16:00:34,571,BTCUSD,sell,in,0.01,69167.97,571,0.00,0.00,0.00,3 590.90,WP Sell #M20260527
2026.03.06 16:01:38,572,BTCUSD,buy,out,0.01,69167.96,572,0.00,0.00,0.00,3 590.90,sl 69166.14
2026.03.06 16:12:13,573,XTIUSD,sell,out,0.5,87.40,573,0.00,0.00,62.00,3 652.90,sl 87.40
2026.03.06 16:12:28,574,XBRUSD,sell,out,0.5,89.77,574,0.00,0.00,-8.00,3 644.90,sl 89.77
2026.03.06 16:35:00,575,MU.NAS,sell,out,19.3,380.03,575,-0.39,0.00,-113.48,3 531.03,sl 390.36
2026.03.06 16:45:00,576,MU.NAS,sell,in,17.6,382.30,576,-0.35,0.00,0.00,3 530.68,RSI Scalping Sell #M20004
2026.03.06 16:50:04,577,MU.NAS,buy,out,17.6,385.48,577,-0.35,0.00,-55.97,3 474.36,sl 385.26
2026.03.06 17:00:00,578,XTIUSD,buy,in,0.5,88.81,578,0.00,0.00,0.00,3 474.36,WP Buy #M20260533
2026.03.06 17:00:00,579,XBRUSD,buy,in,0.5,91.66,579,0.00,0.00,0.00,3 474.36,WP Buy #M20260534
2026.03.06 17:00:01,580,MU.NAS,buy,in,17.3,388.71,580,-0.35,0.00,0.00,3 474.01,RSI Scalping Buy #M20004
2026.03.06 17:00:02,581,BTCUSD,sell,in,0.01,68439.65,581,0.00,0.00,0.00,3 474.01,WP Sell #M20260527
2026.03.06 17:23:09,582,BTCUSD,buy,out,0.01,68955.43,582,0.00,0.00,-5.16,3 468.85,sl 68947.89
2026.03.06 17:46:45,583,MU.NAS,sell,out,17.3,386.52,583,-0.35,0.00,-37.89,3 430.61,sl 386.62
2026.03.06 17:56:20,584,XTIUSD,sell,out,0.5,88.69,584,0.00,0.00,-6.00,3 424.61,sl 88.69
2026.03.06 18:00:00,585,XAUUSD,buy,in,0.13,5142.38,585,-0.46,0.00,0.00,3 424.15,RSI Scalping Buy #M129102315
2026.03.06 18:00:06,586,XAUUSD,sell,out,0.13,5142.62,586,-0.46,0.00,3.12,3 426.81,sl 5142.64
2026.03.06 18:02:23,587,BTCUSD,sell,in,0.01,68504.01,587,0.00,0.00,0.00,3 426.81,WP Sell #M20260527
2026.03.06 18:27:41,588,BTCUSD,buy,out,0.01,68528.85,588,0.00,0.00,-0.25,3 426.56,sl 68524.78
2026.03.06 19:00:00,589,XTIUSD,buy,in,0.5,90.37,589,0.00,0.00,0.00,3 426.56,WP Buy #M20260533
2026.03.06 19:32:44,590,BTCUSD,sell,in,0.01,68060.04,590,0.00,0.00,0.00,3 426.56,WP Sell #M20260527
2026.03.06 19:43:41,591,XBRUSD,sell,out,0.5,94.72,591,0.00,0.00,153.00,3 579.56,tp 94.71
2026.03.06 19:49:19,592,BTCUSD,buy,out,0.01,68044.98,592,0.00,0.00,0.15,3 579.71,sl 68033.99
2026.03.06 20:00:00,593,XBRUSD,buy,in,0.5,94.33,593,0.00,0.00,0.00,3 579.71,WP Buy #M20260534
2026.03.06 20:00:00,594,MU.NAS,sell,in,17.8,383.80,594,-0.36,0.00,0.00,3 579.35,RSI Scalping Sell #M20004
2026.03.06 20:01:18,595,XTIUSD,sell,out,0.5,91.69,595,0.00,0.00,66.00,3 645.35,sl 91.69
2026.03.06 20:11:20,596,XBRUSD,sell,out,0.5,92.83,596,0.00,0.00,-75.00,3 570.35,sl 92.83
2026.03.06 21:15:00,597,MU.NAS,buy,out,17.8,383.77,597,-0.36,0.00,0.53,3 570.52,
2026.03.06 21:30:00,598,MU.NAS,sell,in,17.8,382.34,598,-0.36,0.00,0.00,3 570.16,RSI Scalping Sell #M20004
2026.03.06 21:45:00,599,MU.NAS,buy,out,17.8,380.97,599,-0.36,0.00,24.39,3 594.19,
2026.03.06 22:00:00,600,XAUUSD,sell,in,0.03,5160.27,600,-0.11,0.00,0.00,3 594.08,RSIConsolidation SELL #M2025042
2026.03.06 22:10:39,601,NVDA.NAS,sell,out,19.2,179.12,601,-0.38,0.00,-15.94,3 577.76,sl 179.23
2026.03.06 23:00:00,602,XAUUSD,buy,out,0.03,5152.96,602,-0.11,0.00,21.93,3 599.58,
2026.03.09 01:15:00,603,XAUUSD,sell,in,0.03,5159.76,603,-0.11,0.00,0.00,3 599.47,RSIConsolidation SELL #M2025042
2026.03.09 01:15:00,604,XAUUSD,buy,out,0.03,5159.78,604,-0.11,0.00,-0.06,3 599.30,
2026.03.09 02:00:00,605,XTIUSD,buy,in,0.5,106.97,605,0.00,0.00,0.00,3 599.30,WP Buy #M20260533
2026.03.09 02:04:14,606,XTIUSD,sell,out,0.5,105.47,606,0.00,0.00,-75.00,3 524.30,sl 105.47
2026.03.09 03:00:00,607,XTIUSD,buy,in,0.5,108.12,607,0.00,0.00,0.00,3 524.30,WP Buy #M20260533
2026.03.09 03:09:06,608,XTIUSD,sell,out,0.5,106.62,608,0.00,0.00,-75.00,3 449.30,sl 106.62
2026.03.09 04:00:00,609,XTIUSD,buy,in,0.5,108.34,609,0.00,0.00,0.00,3 449.30,WP Buy #M20260533
2026.03.09 04:00:00,610,XBRUSD,buy,in,0.5,108.78,610,0.00,0.00,0.00,3 449.30,WP Buy #M20260534
2026.03.09 04:45:12,611,XTIUSD,sell,out,0.5,111.34,611,0.00,0.00,150.00,3 599.30,tp 111.34
2026.03.09 04:45:35,612,XBRUSD,sell,out,0.5,111.79,612,0.00,0.00,150.50,3 749.80,tp 111.79
2026.03.09 05:00:00,613,XBRUSD,buy,in,0.5,114.81,613,0.00,0.00,0.00,3 749.80,WP Buy #M20260534
2026.03.09 05:00:00,614,XTIUSD,buy,in,0.5,115.12,614,0.00,0.00,0.00,3 749.80,WP Buy #M20260533
2026.03.09 05:01:33,615,XTIUSD,sell,out,0.5,113.59,615,0.00,0.00,-76.50,3 673.30,sl 113.60
2026.03.09 05:02:38,616,XBRUSD,sell,out,0.5,113.31,616,0.00,0.00,-75.00,3 598.30,sl 113.31
2026.03.09 06:00:00,617,XAUUSD,buy,in,0.05,5094.94,617,-0.18,0.00,0.00,3 598.12,RSI Follow BUY #M1001
2026.03.09 06:00:00,618,XBRUSD,buy,in,0.5,115.74,618,0.00,0.00,0.00,3 598.12,WP Buy #M20260534
2026.03.09 06:05:51,619,XBRUSD,sell,out,0.5,114.23,619,0.00,0.00,-75.50,3 522.62,sl 114.23
2026.03.09 07:00:00,620,XBRUSD,buy,in,0.5,116.31,620,0.00,0.00,0.00,3 522.62,WP Buy #M20260534
2026.03.09 07:25:32,621,XBRUSD,sell,out,0.5,116.24,621,0.00,0.00,-3.50,3 519.12,sl 116.24
2026.03.09 10:00:00,622,XAUUSD,sell,in,0.02,5097.41,622,-0.07,0.00,0.00,3 519.05,RSIConsolidation SELL #M2025042
2026.03.09 10:00:00,623,XAUUSD,buy,out,0.02,5097.72,623,-0.07,0.00,-0.62,3 518.36,
2026.03.09 11:00:00,624,DE40,sell,in,0.1,22962.50,624,0.00,0.00,0.00,3 518.36,SimpleTrendline SELL #M26042502
2026.03.09 12:00:00,625,DE40,buy,out,0.1,23042.00,625,0.00,0.00,-9.60,3 508.76,
2026.03.09 13:00:00,626,XAUUSD,sell,in,0.02,5105.33,626,-0.07,0.00,0.00,3 508.69,RSIConsolidation SELL #M2025042
2026.03.09 13:00:00,627,XAUUSD,buy,out,0.02,5105.38,627,-0.07,0.00,-0.10,3 508.52,
2026.03.09 17:00:01,628,TSLA.NAS,buy,out,28.8,384.44,628,-0.58,0.00,480.38,3 988.32,
2026.03.09 17:30:00,629,NVDA.NAS,buy,in,19.9,178.10,629,-0.40,0.00,0.00,3 987.92,RSI Scalping Buy #M20003
2026.03.09 17:45:00,630,MU.NAS,buy,in,19.9,372.19,630,-0.40,0.00,0.00,3 987.52,RSI Scalping Buy #M20004
2026.03.09 18:38:56,631,MU.NAS,sell,out,19.9,374.98,631,-0.40,0.00,55.52,4 042.64,sl 375.10
2026.03.09 23:00:00,632,XAUUSD,buy,in,0.2,5141.68,632,-0.70,0.00,0.00,4 041.94,RSI Scalping Buy #M129102315
2026.03.09 23:00:03,633,XAUUSD,sell,out,0.2,5141.76,633,-0.70,0.00,1.60,4 042.84,sl 5141.82
2026.03.10 01:15:00,634,XAUUSD,sell,in,0.04,5133.29,634,-0.14,0.00,0.00,4 042.70,RSIConsolidation SELL #M2025042
2026.03.10 03:30:00,635,XAUUSD,buy,out,0.04,5130.71,635,-0.14,0.00,10.32,4 052.88,
2026.03.10 05:00:00,636,XAUUSD,buy,in,0.2,5184.36,636,-0.70,0.00,0.00,4 052.18,RSI Scalping Buy #M129102315
2026.03.10 05:00:05,637,XAUUSD,sell,out,0.2,5185.45,637,-0.70,0.00,21.80,4 073.28,sl 5185.47
2026.03.10 06:15:00,638,XAUUSD,sell,in,0.04,5166.35,638,-0.14,0.00,0.00,4 073.14,RSIConsolidation SELL #M2025042
2026.03.10 06:45:00,639,XAUUSD,buy,out,0.04,5162.64,639,-0.14,0.00,14.84,4 087.84,
2026.03.10 08:00:00,640,XAUUSD,sell,in,0.06,5163.87,640,-0.21,0.00,0.00,4 087.63,RSI Reverse SELL #M1002
2026.03.10 08:00:00,641,XAUUSD,buy,out,0.06,5163.90,641,-0.21,0.00,-0.18,4 087.24,
2026.03.10 08:45:00,642,XAUUSD,sell,in,0.04,5168.66,642,-0.14,0.00,0.00,4 087.10,RSIConsolidation SELL #M2025042
2026.03.10 10:30:00,643,XAUUSD,buy,out,0.04,5169.54,643,-0.14,0.00,-3.52,4 083.44,
2026.03.10 11:00:00,644,AUDUSD,buy,in,0.03,0.71131,644,-0.11,0.00,0.00,4 083.33,WP Buy #M20260525
2026.03.10 11:30:00,645,XAUUSD,sell,in,0.04,5184.12,645,-0.14,0.00,0.00,4 083.19,RSIConsolidation SELL #M2025042
2026.03.10 13:15:00,646,XAUUSD,buy,out,0.04,5181.19,646,-0.14,0.00,11.72,4 094.77,
2026.03.10 18:00:00,647,SOXX.NAS,buy,in,0.1,343.260,647,-0.02,0.00,0.00,4 094.75,WP Buy #M20260532
2026.03.10 18:01:41,648,SOXX.NAS,sell,out,0.1,343.600,648,-0.02,0.00,0.03,4 094.76,sl 343.600
2026.03.10 19:00:01,649,SOXX.NAS,buy,in,0.1,344.120,649,-0.02,0.00,0.00,4 094.74,WP Buy #M20260532
2026.03.10 19:00:26,650,SOXX.NAS,sell,out,0.1,343.820,650,-0.02,0.00,-0.03,4 094.69,sl 343.820
2026.03.10 19:30:00,651,XAUUSD,sell,in,0.04,5232.47,651,-0.14,0.00,0.00,4 094.55,RSIConsolidation SELL #M2025042
2026.03.10 20:00:00,652,XAUUSD,buy,in,0.05,5227.81,652,-0.18,0.00,0.00,4 094.37,EMA Crossover Trade BUY #M12350
2026.03.10 20:15:00,653,XAUUSD,buy,in,0.04,5234.60,653,-0.14,0.00,0.00,4 094.23,United SuperEMA long #M940001
2026.03.10 20:15:54,654,XAUUSD,sell,out,0.05,5231.67,654,-0.18,0.00,19.30,4 113.35,sl 5231.75
2026.03.10 21:00:00,655,XAUUSD,buy,in,0.05,5228.15,655,-0.18,0.00,0.00,4 113.17,EMA Crossover Trade BUY #M12350
2026.03.10 21:00:01,656,AAPL.NAS,buy,in,0.1,262.270,656,-0.02,0.00,0.00,4 113.15,WP Buy #M20260528
2026.03.10 21:01:46,657,AAPL.NAS,sell,out,0.1,262.070,657,-0.02,0.00,-0.02,4 113.11,sl 262.070
2026.03.10 21:14:16,658,AUDUSD,sell,out,0.03,0.71444,658,-0.11,0.00,9.39,4 122.39,sl 0.71444
2026.03.10 21:15:00,659,XAUUSD,sell,out,0.04,5215.86,659,-0.14,0.00,-74.96,4 047.29,
2026.03.10 21:15:00,660,XAUUSD,buy,out,0.04,5216.02,660,-0.14,0.00,65.80,4 112.95,
2026.03.10 22:00:00,661,XAUUSD,sell,in,0.2,5191.82,661,-0.70,0.00,0.00,4 112.25,RSI Scalping Sell #M129102315
2026.03.10 22:00:00,662,TSLA.NAS,sell,in,30.8,400.61,662,-0.62,0.00,0.00,4 111.63,RSI Scalping Sell #M125421321
2026.03.10 22:00:02,663,XAUUSD,buy,out,0.2,5190.51,663,-0.70,0.00,26.20,4 137.13,sl 5190.32
2026.03.10 22:30:01,664,MU.NAS,sell,in,20.6,405.35,664,-0.41,0.00,0.00,4 136.72,RSI Scalping Sell #M20004
2026.03.10 22:45:00,665,MU.NAS,buy,out,20.6,403.87,665,-0.41,0.00,30.49,4 166.80,
2026.03.10 23:00:00,666,XAUUSD,buy,in,0.2,5198.88,666,-0.70,0.00,0.00,4 166.10,RSI Scalping Buy #M129102315
2026.03.10 23:00:00,667,XAUUSD,buy,in,0.02,5198.01,667,-0.07,0.00,0.00,4 166.03,SimpleTrendline BUY #M26042503
2026.03.11 02:00:00,668,XAUUSD,sell,out,0.02,5189.36,668,-0.07,-1.14,-17.30,4 147.52,
2026.03.11 03:18:51,669,XAUUSD,sell,out,0.2,5202.44,669,-0.70,-11.42,71.20,4 206.60,sl 5202.53
2026.03.11 03:30:00,670,XAUUSD,buy,in,0.04,5212.48,670,-0.14,0.00,0.00,4 206.46,United SuperEMA long #M940001
2026.03.11 04:00:00,671,XAUUSD,buy,in,0.21,5215.46,671,-0.74,0.00,0.00,4 205.72,RSI Scalping Buy #M129102315
2026.03.11 04:00:02,672,XAUUSD,sell,out,0.21,5216.27,672,-0.74,0.00,17.01,4 221.99,sl 5216.32
2026.03.11 06:45:00,673,XAUUSD,sell,out,0.04,5208.01,673,-0.14,0.00,-17.88,4 203.97,
2026.03.11 08:00:00,674,AUDUSD,buy,in,0.03,0.71820,674,-0.11,0.00,0.00,4 203.86,WP Buy #M20260525
2026.03.11 09:00:00,675,XAUUSD,sell,in,0.02,5199.72,675,-0.07,0.00,0.00,4 203.79,SimpleTrendline SELL #M26042503
2026.03.11 14:58:41,676,XAUUSD,sell,out,0.05,5176.26,676,-0.18,-2.85,-259.45,3 941.31,
2026.03.11 16:35:01,677,TSLA.NAS,buy,out,30.8,409.04,677,-0.62,0.00,-259.64,3 681.05,
2026.03.11 16:45:00,678,XAUUSD,sell,in,0.03,5165.25,678,-0.11,0.00,0.00,3 680.94,United SuperEMA short #M940001
2026.03.11 16:45:01,679,MU.NAS,buy,in,18.4,409.31,679,-0.37,0.00,0.00,3 680.57,RSI Scalping Buy #M20004
2026.03.11 17:15:00,680,XAUUSD,buy,out,0.03,5190.13,680,-0.11,0.00,-74.64,3 605.82,
2026.03.11 17:34:20,681,MU.NAS,sell,out,18.4,413.84,681,-0.37,0.00,83.35,3 688.80,sl 414.00
2026.03.11 20:37:57,682,AUDUSD,sell,out,0.03,0.71420,682,-0.11,0.00,-12.00,3 676.69,sl 0.71420
2026.03.11 23:30:00,683,XAUUSD,sell,in,0.03,5177.60,683,-0.11,0.00,0.00,3 676.58,RSIConsolidation SELL #M2025042
2026.03.12 01:15:00,684,XAUUSD,buy,out,0.03,5175.28,684,-0.11,3.63,6.96,3 687.06,
2026.03.12 01:45:00,685,XAUUSD,sell,in,0.01,5158.59,685,-0.04,0.00,0.00,3 687.02,United SuperEMA short #M940001
2026.03.12 02:30:00,686,XAUUSD,buy,in,0.03,5155.59,686,-0.11,0.00,0.00,3 686.91,RSIConsolidation BUY #M20250420
2026.03.12 03:45:02,687,XAUUSD,sell,out,0.03,5153.97,687,-0.11,0.00,-4.86,3 681.94,
2026.03.12 04:00:00,688,XTIUSD,buy,in,0.5,93.12,688,0.00,0.00,0.00,3 681.94,WP Buy #M20260533
2026.03.12 04:00:00,689,XBRUSD,buy,in,0.5,98.76,689,0.00,0.00,0.00,3 681.94,WP Buy #M20260534
2026.03.12 04:21:49,690,XBRUSD,sell,out,0.5,97.22,690,0.00,0.00,-77.00,3 604.94,sl 97.26
2026.03.12 04:45:00,691,XAUUSD,buy,out,0.01,5169.95,691,-0.04,0.00,-11.36,3 593.54,
2026.03.12 05:00:00,692,XBRUSD,buy,in,0.5,98.38,692,0.00,0.00,0.00,3 593.54,WP Buy #M20260534
2026.03.12 05:38:16,693,XBRUSD,sell,out,0.5,101.38,693,0.00,0.00,150.00,3 743.54,tp 101.38
2026.03.12 05:40:23,694,XTIUSD,sell,out,0.5,95.08,694,0.00,0.00,98.00,3 841.54,sl 95.08
2026.03.12 05:45:00,695,XAUUSD,sell,in,0.03,5158.12,695,-0.11,0.00,0.00,3 841.43,RSIConsolidation SELL #M2025042
2026.03.12 05:45:00,696,XAUUSD,buy,out,0.03,5158.28,696,-0.11,0.00,-0.48,3 840.84,
2026.03.12 06:00:00,697,XBRUSD,buy,in,0.5,100.24,697,0.00,0.00,0.00,3 840.84,WP Buy #M20260534
2026.03.12 06:00:01,698,XTIUSD,buy,in,0.5,94.61,698,0.00,0.00,0.00,3 840.84,WP Buy #M20260533
2026.03.12 06:40:34,699,XTIUSD,sell,out,0.5,94.66,699,0.00,0.00,2.50,3 843.34,sl 94.66
2026.03.12 06:47:33,700,XBRUSD,sell,out,0.5,100.65,700,0.00,0.00,20.50,3 863.84,sl 100.65
2026.03.12 07:00:00,701,XAUUSD,sell,in,0.05,5153.09,701,-0.18,0.00,0.00,3 863.66,RSI Reverse SELL #M1002
2026.03.12 07:00:00,702,XAUUSD,buy,out,0.05,5153.14,702,-0.18,0.00,-0.25,3 863.23,
2026.03.12 07:00:00,703,XBRUSD,buy,in,0.5,100.66,703,0.00,0.00,0.00,3 863.23,WP Buy #M20260534
2026.03.12 08:02:48,704,XBRUSD,sell,out,0.5,98.90,704,0.00,0.00,-88.00,3 775.23,sl 99.16
2026.03.12 10:00:00,705,XAUUSD,buy,out,0.02,5166.42,705,-0.07,2.42,66.60,3 844.18,
2026.03.12 12:30:00,706,XAUUSD,sell,in,0.03,5180.31,706,-0.11,0.00,0.00,3 844.07,RSIConsolidation SELL #M2025042
2026.03.12 12:45:00,707,XAUUSD,buy,in,0.01,5185.18,707,-0.04,0.00,0.00,3 844.03,United SuperEMA long #M940001
2026.03.12 14:15:00,708,XAUUSD,buy,out,0.03,5179.04,708,-0.11,0.00,3.81,3 847.73,
2026.03.12 14:30:00,709,XAUUSD,sell,out,0.01,5176.49,709,-0.04,0.00,-8.69,3 839.00,
2026.03.12 16:41:39,710,NVDA.NAS,sell,out,19.9,183.83,710,-0.40,0.00,114.03,3 952.63,sl 183.83
2026.03.12 16:45:00,711,NVDA.NAS,sell,in,19.7,183.65,711,-0.39,0.00,0.00,3 952.24,RSI Scalping Sell #M20003
2026.03.12 16:45:01,712,MU.NAS,sell,in,19.7,407.85,712,-0.39,0.00,0.00,3 951.85,RSI Scalping Sell #M20004
2026.03.12 17:00:00,713,MU.NAS,buy,out,19.7,403.97,713,-0.39,0.00,76.44,4 027.90,
2026.03.12 17:00:00,714,NVDA.NAS,buy,out,19.7,182.39,714,-0.39,0.00,24.82,4 052.33,
2026.03.12 17:00:00,715,TSLA.NAS,sell,in,29.6,400.93,715,-0.59,0.00,0.00,4 051.74,RSI Scalping Sell #M125421321
2026.03.12 18:30:00,716,NVDA.NAS,buy,in,20.2,182.90,716,-0.40,0.00,0.00,4 051.34,RSI Scalping Buy #M20003
2026.03.12 18:45:00,717,MU.NAS,buy,in,20.2,404.47,717,-0.40,0.00,0.00,4 050.94,RSI Scalping Buy #M20004
2026.03.12 19:09:11,718,MU.NAS,sell,out,20.2,402.52,718,-0.40,0.00,-39.39,4 011.15,sl 402.68
2026.03.12 20:00:00,719,XAUUSD,sell,out,0.05,5123.17,719,-0.18,-14.26,141.15,4 137.86,
2026.03.12 21:00:00,720,XAUUSD,sell,in,0.02,5105.08,720,-0.07,0.00,0.00,4 137.79,United SuperEMA short #M940001
2026.03.12 22:30:01,721,MU.NAS,buy,in,20.6,405.39,721,-0.41,0.00,0.00,4 137.38,RSI Scalping Buy #M20004
2026.03.13 02:00:00,722,XAUUSD,buy,out,0.02,5096.09,722,-0.07,0.81,17.98,4 156.10,
2026.03.13 06:45:05,723,DE40,buy,in,0.1,23616.00,723,0.00,0.00,0.00,4 156.10,SimpleTrendline BUY #M26042502
2026.03.13 07:45:00,724,XAUUSD,sell,in,0.01,5104.56,724,-0.04,0.00,0.00,4 156.06,United SuperEMA short #M940001
2026.03.13 08:00:00,725,XAUUSD,sell,in,0.01,5104.75,725,-0.04,0.00,0.00,4 156.02,SimpleTrendline SELL #M26042503
2026.03.13 08:00:00,726,DE40,sell,out,0.1,23605.80,726,0.00,0.00,-1.23,4 154.79,
2026.03.13 12:15:00,727,XAUUSD,buy,out,0.01,5093.17,727,-0.04,0.00,11.39,4 166.14,
2026.03.13 15:00:00,728,XAUUSD,buy,out,0.01,5107.60,728,-0.04,0.00,-2.85,4 163.25,
2026.03.13 17:00:00,729,BTCUSD,buy,in,0.2,73408.53,729,0.00,0.00,0.00,4 163.25,RSI Scalping Buy #M123459123
2026.03.13 17:00:03,730,BTCUSD,sell,out,0.2,73479.95,730,0.00,0.00,14.28,4 177.53,sl 73480.68
2026.03.13 17:14:24,731,MU.NAS,sell,out,20.6,425.48,731,-0.41,0.00,413.85,4 590.97,sl 425.49
2026.03.13 17:56:49,732,NVDA.NAS,sell,out,20.2,182.14,732,-0.40,0.00,-15.35,4 575.22,sl 182.14
2026.03.13 18:00:00,733,XAUUSD,sell,in,0.04,5041.87,733,-0.14,0.00,0.00,4 575.08,United SuperEMA short #M940001
2026.03.13 18:00:00,734,XAUUSD,sell,in,0.02,5041.09,734,-0.07,0.00,0.00,4 575.01,SimpleTrendline SELL #M26042503
2026.03.13 18:00:00,735,NVDA.NAS,sell,in,22.8,182.06,735,-0.46,0.00,0.00,4 574.55,RSI Scalping Sell #M20003
2026.03.13 18:30:01,736,NVDA.NAS,buy,out,22.8,181.90,736,-0.46,0.00,3.65,4 577.74,
2026.03.13 18:30:01,737,NVDA.NAS,sell,in,22.8,181.90,737,-0.46,0.00,0.00,4 577.28,RSI Scalping Sell #M20003
2026.03.13 18:45:01,738,NVDA.NAS,buy,out,22.8,181.16,738,-0.46,0.00,16.87,4 593.69,
2026.03.13 20:15:01,739,NVDA.NAS,buy,in,22.9,181.54,739,-0.46,0.00,0.00,4 593.23,RSI Scalping Buy #M20003
2026.03.16 03:15:00,740,XAUUSD,buy,out,0.04,5022.75,740,-0.14,1.61,76.48,4 671.18,
2026.03.16 08:00:00,741,BTCUSD,buy,in,0.23,73842.66,741,0.00,0.00,0.00,4 671.18,RSI Scalping Buy #M123459123
2026.03.16 08:00:05,742,BTCUSD,sell,out,0.23,73862.44,742,0.00,0.00,4.55,4 675.73,sl 73863.18
2026.03.16 10:30:00,743,XAUUSD,sell,in,0.04,5002.74,743,-0.14,0.00,0.00,4 675.59,United SuperEMA short #M940001
2026.03.16 14:00:00,744,XAUUSD,buy,out,0.04,4998.97,744,-0.14,0.00,15.08,4 690.53,
2026.03.16 14:00:00,745,AUDUSD,buy,in,0.04,0.70500,745,-0.14,0.00,0.00,4 690.39,WP Buy #M20260525
2026.03.16 15:00:00,746,BTCUSD,sell,in,0.16,73553.02,746,0.00,0.00,0.00,4 690.39,SimpleTrendline SELL #M26042501
2026.03.16 16:00:00,747,XAUUSD,buy,out,0.02,5020.16,747,-0.07,0.81,41.86,4 732.99,
2026.03.16 16:00:00,748,BTCUSD,buy,out,0.16,73877.26,748,0.00,0.00,-51.88,4 681.11,
2026.03.16 16:35:01,749,TSLA.NAS,buy,out,29.6,399.12,749,-0.59,0.00,53.58,4 734.10,sl 399.02
2026.03.16 18:52:25,750,AUDUSD,sell,out,0.04,0.70520,750,-0.14,0.00,0.80,4 734.76,sl 0.70520
2026.03.16 19:00:00,751,BTCUSD,sell,in,0.16,73283.09,751,0.00,0.00,0.00,4 734.76,SimpleTrendline SELL #M26042501
2026.03.16 19:00:01,752,TSLA.NAS,sell,in,35.5,398.28,752,-0.71,0.00,0.00,4 734.05,RSI Scalping Sell #M125421321
2026.03.16 20:00:00,753,BTCUSD,buy,out,0.16,73791.84,753,0.00,0.00,-81.40,4 652.65,
2026.03.16 21:45:45,754,XNGUSD,sell,in,0.06,3.0630,754,0.00,0.00,0.00,4 652.65,WP Sell #M20260535
2026.03.16 22:04:49,755,XNGUSD,buy,out,0.06,3.0640,755,0.00,0.00,-0.60,4 652.05,sl 3.0640
2026.03.16 22:16:02,756,NVDA.NAS,sell,out,22.9,184.93,756,-0.46,-0.01,77.63,4 729.21,sl 185.05
2026.03.16 22:30:00,757,NVDA.NAS,sell,in,23.6,181.83,757,-0.47,0.00,0.00,4 728.74,RSI Scalping Sell #M20003
2026.03.17 02:00:00,758,XAUUSD,sell,in,0.02,5002.25,758,-0.07,0.00,0.00,4 728.67,SimpleTrendline SELL #M26042503
2026.03.17 03:00:00,759,XAUUSD,buy,out,0.02,5012.98,759,-0.07,0.00,-21.46,4 707.14,
2026.03.17 03:00:00,760,XAUUSD,buy,in,0.02,5012.97,760,-0.07,0.00,0.00,4 707.07,SimpleTrendline BUY #M26042503
2026.03.17 04:00:00,761,BTCUSD,buy,in,0.23,75329.28,761,0.00,0.00,0.00,4 707.07,RSI Scalping Buy #M123459123
2026.03.17 04:00:00,762,XAUUSD,sell,out,0.02,5001.84,762,-0.07,0.00,-22.26,4 684.74,
2026.03.17 04:00:06,763,BTCUSD,sell,out,0.23,75337.09,763,0.00,0.00,1.80,4 686.54,sl 75339.10
2026.03.17 05:00:00,764,XAUUSD,buy,in,0.01,5027.86,764,-0.04,0.00,0.00,4 686.50,SimpleTrendline BUY #M26042503
2026.03.17 06:30:00,765,XAUUSD,buy,in,0.04,5032.78,765,-0.14,0.00,0.00,4 686.36,United SuperEMA long #M940001
2026.03.17 09:00:00,766,XAUUSD,sell,out,0.04,5020.76,766,-0.14,0.00,-48.08,4 638.14,
2026.03.17 09:00:00,767,XAUUSD,sell,out,0.01,5020.76,767,-0.04,0.00,-7.10,4 631.00,
2026.03.17 12:00:00,768,XAUUSD,buy,in,0.01,5024.75,768,-0.04,0.00,0.00,4 630.96,SimpleTrendline BUY #M26042503
2026.03.17 13:00:00,769,XAUUSD,sell,out,0.01,5010.04,769,-0.04,0.00,-14.71,4 616.21,
2026.03.17 13:15:00,770,XAUUSD,sell,in,0.04,5003.97,770,-0.14,0.00,0.00,4 616.07,United SuperEMA short #M940001
2026.03.17 15:30:00,771,XAUUSD,buy,out,0.04,5020.36,771,-0.14,0.00,-65.56,4 550.37,
2026.03.17 16:35:01,772,MU.NAS,sell,in,18.2,451.12,772,-0.36,0.00,0.00,4 550.01,RSI Scalping Sell #M20004
2026.03.17 16:57:19,773,MU.NAS,buy,out,18.2,449.51,773,-0.36,0.00,29.30,4 578.95,sl 449.05
2026.03.17 17:00:00,774,XAUUSD,buy,in,0.01,5017.08,774,-0.04,0.00,0.00,4 578.91,SimpleTrendline BUY #M26042503
2026.03.17 17:15:00,775,NVDA.NAS,buy,out,23.6,182.38,775,-0.47,0.00,-12.98,4 565.46,
2026.03.17 18:00:00,776,XAUUSD,sell,out,0.01,5007.43,776,-0.04,0.00,-9.65,4 555.77,
2026.03.17 18:00:00,777,XAUUSD,sell,in,0.01,5007.37,777,-0.04,0.00,0.00,4 555.73,SimpleTrendline SELL #M26042503
2026.03.17 18:30:00,778,XAUUSD,sell,in,0.04,4994.91,778,-0.14,0.00,0.00,4 555.59,United SuperEMA short #M940001
2026.03.17 19:30:01,779,NVDA.NAS,buy,in,22.7,182.73,779,-0.45,0.00,0.00,4 555.14,RSI Scalping Buy #M20003
2026.03.17 21:15:02,780,XAUUSD,buy,out,0.04,5006.69,780,-0.14,0.00,-47.12,4 507.88,
2026.03.18 02:00:00,781,XAUUSD,buy,out,0.01,5000.04,781,-0.04,0.40,7.33,4 515.57,
2026.03.18 05:00:00,782,XAUUSD,sell,in,0.01,4999.12,782,-0.04,0.00,0.00,4 515.53,SimpleTrendline SELL #M26042503
2026.03.18 06:00:00,783,XAUUSD,sell,in,0.04,4991.85,783,-0.14,0.00,0.00,4 515.39,United SuperEMA short #M940001
2026.03.18 06:02:14,784,XNGUSD,sell,in,0.06,3.0010,784,0.00,0.00,0.00,4 515.39,WP Sell #M20260535
2026.03.18 06:17:36,785,XNGUSD,buy,out,0.06,3.0030,785,0.00,0.00,-1.20,4 514.19,sl 3.0030
2026.03.18 07:00:00,786,XAUUSD,buy,out,0.01,4991.31,786,-0.04,0.00,7.81,4 521.96,
2026.03.18 07:08:33,787,XNGUSD,sell,in,0.06,2.9710,787,0.00,0.00,0.00,4 521.96,WP Sell #M20260535
2026.03.18 07:49:31,788,XNGUSD,buy,out,0.06,2.9810,788,0.00,0.00,-6.00,4 515.96,sl 2.9810
2026.03.18 08:00:01,789,XNGUSD,sell,in,0.06,2.9730,789,0.00,0.00,0.00,4 515.96,WP Sell #M20260535
2026.03.18 08:45:01,790,XAUUSD,buy,out,0.04,4999.27,790,-0.14,0.00,-29.68,4 486.14,
2026.03.18 09:00:17,791,XNGUSD,buy,out,0.06,2.9730,791,0.00,0.00,0.00,4 486.14,sl 2.9720
2026.03.18 12:00:00,792,XAUUSD,sell,in,0.01,4987.52,792,-0.04,0.00,0.00,4 486.10,SimpleTrendline SELL #M26042503
2026.03.18 13:45:00,793,XAUUSD,sell,in,0.02,4976.57,793,-0.07,0.00,0.00,4 486.03,United SuperEMA short #M940001
2026.03.18 17:00:00,794,TSLA.NAS,buy,out,35.5,403.00,794,-0.71,0.00,-167.56,4 317.76,
2026.03.18 17:06:44,795,BTCUSD,sell,in,0.01,71982.48,795,0.00,0.00,0.00,4 317.76,WP Sell #M20260527
2026.03.18 17:36:51,796,BTCUSD,buy,out,0.01,71878.84,796,0.00,0.00,1.04,4 318.80,sl 71872.60
2026.03.18 18:00:00,797,XBRUSD,buy,in,0.5,109.25,797,0.00,0.00,0.00,4 318.80,WP Buy #M20260534
2026.03.18 18:00:00,798,TSLA.NAS,sell,in,32.3,398.46,798,-0.65,0.00,0.00,4 318.15,RSI Scalping Sell #M125421321
2026.03.18 19:30:00,799,XAUUSD,buy,out,0.02,4882.43,799,-0.07,0.00,188.28,4 506.36,
2026.03.18 19:58:24,800,BTCUSD,sell,in,0.01,71360.80,800,0.00,0.00,0.00,4 506.36,WP Sell #M20260527
2026.03.18 20:40:17,801,XBRUSD,sell,out,0.5,107.58,801,0.00,0.00,-83.50,4 422.86,sl 107.75
2026.03.18 21:00:18,802,BTCUSD,buy,out,0.01,71836.14,802,0.00,0.00,-4.75,4 418.11,sl 71836.09
2026.03.18 22:45:01,803,NVDA.NAS,sell,out,22.7,180.76,803,-0.45,0.00,-44.72,4 372.94,
2026.03.18 23:00:00,804,XAUUSD,sell,in,0.04,4842.75,804,-0.14,0.00,0.00,4 372.80,United SuperEMA short #M940001
2026.03.19 03:00:00,805,XAUUSD,buy,out,0.04,4836.80,805,-0.14,4.84,23.80,4 401.30,
2026.03.19 08:45:00,806,XAUUSD,sell,in,0.04,4833.76,806,-0.14,0.00,0.00,4 401.16,United SuperEMA short #M940001
2026.03.19 12:00:00,807,XBRUSD,buy,in,0.5,116.16,807,0.00,0.00,0.00,4 401.16,WP Buy #M20260534
2026.03.19 12:29:41,808,XBRUSD,sell,out,0.5,119.20,808,0.00,0.00,152.00,4 553.16,tp 119.20
2026.03.19 16:35:00,809,TSLA.NAS,buy,out,32.3,381.68,809,-0.65,0.00,541.99,5 094.50,
2026.03.19 16:45:00,810,MU.NAS,sell,in,25.4,434.78,810,-0.51,0.00,0.00,5 093.99,RSI Scalping Sell #M20004
2026.03.19 16:48:21,811,MU.NAS,buy,out,25.4,435.68,811,-0.51,0.00,-22.86,5 070.62,sl 435.65
2026.03.19 17:15:00,812,XAUUSD,buy,out,0.04,4631.54,812,-0.14,0.00,808.88,5 879.36,
2026.03.19 17:30:00,813,MU.NAS,buy,in,29.3,449.77,813,-0.59,0.00,0.00,5 878.77,RSI Scalping Buy #M20004
2026.03.19 17:38:25,814,MU.NAS,sell,out,29.3,451.76,814,-0.59,0.00,58.31,5 936.49,sl 451.86
2026.03.19 18:15:00,815,NVDA.NAS,buy,in,29.6,178.87,815,-0.59,0.00,0.00,5 935.90,RSI Scalping Buy #M20003
2026.03.19 18:30:00,816,MU.NAS,sell,in,29.6,442.18,816,-0.59,0.00,0.00,5 935.31,RSI Scalping Sell #M20004
2026.03.19 18:45:00,817,MU.NAS,buy,out,29.6,439.21,817,-0.59,0.00,87.91,6 022.63,
2026.03.19 19:45:01,818,MU.NAS,buy,in,30.1,444.28,818,-0.60,0.00,0.00,6 022.03,RSI Scalping Buy #M20004
2026.03.19 20:07:59,819,MU.NAS,sell,out,30.1,443.36,819,-0.60,0.00,-27.69,5 993.74,sl 443.40
2026.03.19 22:30:00,820,DE40,sell,in,0.1,23007.40,820,0.00,0.00,0.00,5 993.74,SimpleTrendline SELL #M26042502
2026.03.20 02:22:19,821,EURUSD,sell,in,0.14,1.15769,821,-0.49,0.00,0.00,5 993.25,RSI Overbought Crossover Sell #
2026.03.20 04:15:00,822,DE40,buy,out,0.1,23045.40,822,0.00,-0.19,-4.40,5 988.66,
2026.03.20 04:50:57,823,EURUSD,buy,out,0.14,1.15656,823,-0.49,0.00,15.82,6 003.99,
2026.03.20 05:00:00,824,XAUUSD,buy,out,0.01,4678.57,824,-0.04,1.61,308.95,6 314.51,
2026.03.20 09:45:00,825,XAUUSD,sell,in,0.06,4666.51,825,-0.21,0.00,0.00,6 314.30,United SuperEMA short #M940001
2026.03.20 09:45:00,826,DE40,sell,in,0.1,22970.70,826,0.00,0.00,0.00,6 314.30,SimpleTrendline SELL #M26042502
2026.03.20 10:30:00,827,DE40,buy,out,0.1,23011.80,827,0.00,0.00,-4.75,6 309.55,
2026.03.20 11:00:00,828,XAUUSD,buy,out,0.06,4706.45,828,-0.21,0.00,-239.64,6 069.70,
2026.03.20 13:00:00,829,XAUUSD,sell,in,0.03,4667.48,829,-0.11,0.00,0.00,6 069.59,SimpleTrendline SELL #M26042503
2026.03.20 15:00:00,830,XAUUSD,buy,out,0.03,4671.75,830,-0.11,0.00,-12.81,6 056.67,
2026.03.20 16:58:15,831,NVDA.NAS,sell,out,29.6,176.19,831,-0.59,0.00,-79.33,5 976.75,sl 176.21
2026.03.20 17:00:00,832,NVDA.NAS,sell,in,23.9,175.84,832,-0.48,0.00,0.00,5 976.27,RSI Scalping Sell #M20003
2026.03.20 17:00:00,833,XAUUSD,sell,in,0.04,4616.32,833,-0.14,0.00,0.00,5 976.13,United SuperEMA short #M940001
2026.03.20 17:00:00,834,TSLA.NAS,sell,in,0.1,371.14,834,-0.02,0.00,0.00,5 976.11,WP Sell #M20260530
2026.03.20 17:00:01,835,MU.NAS,sell,in,23.9,437.27,835,-0.48,0.00,0.00,5 975.63,RSI Scalping Sell #M20004
2026.03.20 17:06:45,836,MU.NAS,buy,out,23.9,438.21,836,-0.48,0.00,-22.47,5 952.68,sl 438.18
2026.03.20 17:15:00,837,NVDA.NAS,buy,out,23.9,175.57,837,-0.48,0.00,6.45,5 958.65,
2026.03.20 18:11:51,838,TSLA.NAS,buy,out,0.1,374.18,838,-0.02,0.00,-0.30,5 958.33,sl 374.14
2026.03.20 19:15:00,839,NVDA.NAS,buy,in,29.7,176.38,839,-0.59,0.00,0.00,5 957.74,RSI Scalping Buy #M20003
2026.03.20 19:30:01,840,MU.NAS,sell,in,29.7,430.42,840,-0.59,0.00,0.00,5 957.15,RSI Scalping Sell #M20004
2026.03.20 19:45:00,841,MU.NAS,buy,out,29.7,429.24,841,-0.59,0.00,35.05,5 991.61,
2026.03.20 20:45:00,842,NVDA.NAS,sell,out,29.7,174.61,842,-0.59,0.00,-52.57,5 938.45,
2026.03.23 12:15:00,843,XAUUSD,buy,out,0.04,4268.76,843,-0.14,1.61,1 390.24,7 330.16,
2026.03.23 16:45:00,844,MU.NAS,buy,in,36.6,420.47,844,-0.73,0.00,0.00,7 329.43,RSI Scalping Buy #M20004
2026.03.23 16:45:00,845,NVDA.NAS,buy,in,36.6,176.57,845,-0.73,0.00,0.00,7 328.70,RSI Scalping Buy #M20003
2026.03.23 16:49:57,846,MU.NAS,sell,out,36.6,426.17,846,-0.73,0.00,208.62,7 536.59,sl 426.23
2026.03.23 17:00:00,847,BTCUSD,buy,in,0.37,71477.20,847,0.00,0.00,0.00,7 536.59,RSI Scalping Buy #M123459123
2026.03.23 17:00:08,848,BTCUSD,sell,out,0.37,71495.22,848,0.00,0.00,6.67,7 543.26,sl 71495.68
2026.03.23 18:30:00,849,MU.NAS,sell,in,37.7,414.53,849,-0.75,0.00,0.00,7 542.51,RSI Scalping Sell #M20004
2026.03.23 18:45:00,850,MU.NAS,buy,out,37.7,410.35,850,-0.75,0.00,157.59,7 699.35,
2026.03.23 21:00:01,851,MU.NAS,buy,in,38.4,406.18,851,-0.77,0.00,0.00,7 698.58,RSI Scalping Buy #M20004
2026.03.23 21:53:00,852,MU.NAS,sell,out,38.4,405.37,852,-0.77,0.00,-31.10,7 666.71,sl 405.38
2026.03.24 01:00:00,853,BTCUSD,sell,in,0.26,70839.14,853,0.00,0.00,0.00,7 666.71,SimpleTrendline SELL #M26042501
2026.03.24 03:00:00,854,XAUUSD,buy,in,0.07,4441.09,854,-0.25,0.00,0.00,7 666.46,United SuperEMA long #M940001
2026.03.24 03:00:00,855,BTCUSD,buy,out,0.26,70886.20,855,0.00,0.00,-12.24,7 654.22,
2026.03.24 03:30:00,856,XAUUSD,sell,out,0.07,4378.03,856,-0.25,0.00,-441.42,7 212.55,
2026.03.24 03:45:00,857,XAUUSD,sell,in,0.07,4344.33,857,-0.25,0.00,0.00,7 212.30,United SuperEMA short #M940001
2026.03.24 05:00:00,858,XAUUSD,sell,in,0.03,4322.73,858,-0.11,0.00,0.00,7 212.19,SimpleTrendline SELL #M26042503
2026.03.24 05:00:00,859,BTCUSD,sell,in,0.25,70484.40,859,0.00,0.00,0.00,7 212.19,SimpleTrendline SELL #M26042501
2026.03.24 08:45:00,860,XAUUSD,buy,out,0.07,4358.33,860,-0.25,0.00,-98.00,7 113.94,
2026.03.24 10:00:00,861,XAUUSD,buy,out,0.03,4401.28,861,-0.11,0.00,-235.65,6 878.18,
2026.03.24 11:00:00,862,BTCUSD,buy,out,0.25,71289.83,862,0.00,0.00,-201.36,6 676.82,
2026.03.24 16:41:40,863,NVDA.NAS,sell,out,36.6,174.54,863,-0.73,-0.01,-74.30,6 601.78,sl 174.60
2026.03.24 16:45:01,864,MU.NAS,sell,in,26.4,391.74,864,-0.53,0.00,0.00,6 601.25,RSI Scalping Sell #M20004
2026.03.24 16:45:01,865,NVDA.NAS,sell,in,26.4,174.79,865,-0.53,0.00,0.00,6 600.72,RSI Scalping Sell #M20003
2026.03.24 16:53:35,866,MU.NAS,buy,out,26.4,394.23,866,-0.53,0.00,-65.74,6 534.45,sl 394.06
2026.03.24 17:00:01,867,NVDA.NAS,buy,out,26.4,174.94,867,-0.53,0.00,-3.96,6 529.96,
2026.03.24 17:15:01,868,MU.NAS,sell,in,26.1,396.54,868,-0.52,0.00,0.00,6 529.44,RSI Scalping Sell #M20004
2026.03.24 17:30:00,869,MU.NAS,buy,out,26.1,392.91,869,-0.52,0.00,94.74,6 623.66,
2026.03.24 18:00:00,870,XAUUSD,buy,in,0.01,4416.06,870,-0.04,0.00,0.00,6 623.62,SimpleTrendline BUY #M26042503
2026.03.24 18:00:00,871,NVDA.NAS,buy,in,33.1,174.79,871,-0.66,0.00,0.00,6 622.96,RSI Scalping Buy #M20003
2026.03.24 18:45:00,872,XAUUSD,buy,in,0.06,4424.61,872,-0.21,0.00,0.00,6 622.75,United SuperEMA long #M940001
2026.03.24 19:00:01,873,TSLA.NAS,sell,in,49.6,382.48,873,-0.99,0.00,0.00,6 621.76,RSI Scalping Sell #M125421321
2026.03.24 19:45:01,874,MU.NAS,buy,in,33.1,395.24,874,-0.66,0.00,0.00,6 621.10,RSI Scalping Buy #M20004
2026.03.24 20:30:00,875,XAUUSD,sell,out,0.06,4398.16,875,-0.21,0.00,-158.70,6 462.19,
2026.03.24 21:00:00,876,XAUUSD,sell,out,0.01,4388.54,876,-0.04,0.00,-27.52,6 434.63,
2026.03.24 21:00:01,877,MU.NAS,sell,out,33.1,391.33,877,-0.66,0.00,-129.42,6 304.55,
2026.03.24 21:15:00,878,MU.NAS,buy,in,31.5,393.14,878,-0.63,0.00,0.00,6 303.92,RSI Scalping Buy #M20004
2026.03.25 02:00:00,879,XAUUSD,buy,in,0.06,4484.50,879,-0.21,0.00,0.00,6 303.71,EMA Crossover Trade BUY #M12350
2026.03.25 02:00:00,880,BTCUSD,sell,in,0.18,70281.02,880,0.00,0.00,0.00,6 303.71,SimpleTrendline SELL #M26042501
2026.03.25 02:00:00,881,XAUUSD,buy,in,0.01,4484.22,881,-0.04,0.00,0.00,6 303.67,SimpleTrendline BUY #M26042503
2026.03.25 02:00:35,882,XAUUSD,sell,out,0.06,4481.19,882,-0.21,0.00,-19.86,6 283.60,sl 4481.19
2026.03.25 03:00:00,883,XAUUSD,buy,in,0.05,4546.96,883,-0.18,0.00,0.00,6 283.42,EMA Crossover Trade BUY #M12350
2026.03.25 03:00:01,884,XAUUSD,buy,in,0.01,4546.56,884,-0.04,0.00,0.00,6 283.38,WP Buy #M20260526
2026.03.25 03:00:19,885,XAUUSD,sell,out,0.05,4550.03,885,-0.18,0.00,15.35,6 298.55,sl 4550.03
2026.03.25 03:00:27,886,XAUUSD,sell,out,0.01,4546.01,886,-0.04,0.00,-0.55,6 297.96,sl 4546.25
2026.03.25 04:00:00,887,XAUUSD,buy,in,0.06,4563.63,887,-0.21,0.00,0.00,6 297.75,EMA Crossover Trade BUY #M12350
2026.03.25 04:00:00,888,BTCUSD,buy,out,0.18,70811.11,888,0.00,0.00,-95.42,6 202.33,
2026.03.25 04:00:00,889,XAUUSD,buy,in,0.01,4564.59,889,-0.04,0.00,0.00,6 202.29,WP Buy #M20260526
2026.03.25 04:00:02,890,XAUUSD,sell,out,0.06,4564.26,890,-0.21,0.00,3.78,6 205.86,sl 4564.29
2026.03.25 04:00:46,891,XAUUSD,sell,out,0.01,4562.97,891,-0.04,0.00,-1.62,6 204.20,sl 4562.98
2026.03.25 05:00:00,892,XAUUSD,buy,in,0.13,4595.22,892,-0.46,0.00,0.00,6 203.74,EMA Crossover Trade BUY #M12350
2026.03.25 05:00:00,893,XAUUSD,buy,in,0.01,4595.17,893,-0.04,0.00,0.00,6 203.70,WP Buy #M20260526
2026.03.25 05:00:02,894,XNGUSD,sell,in,0.07,2.8500,894,0.00,0.00,0.00,6 203.70,WP Sell #M20260535
2026.03.25 05:00:22,895,XAUUSD,sell,out,0.13,4592.44,895,-0.46,0.00,-36.14,6 167.10,sl 4592.58
2026.03.25 05:12:52,896,XAUUSD,sell,out,0.01,4580.15,896,-0.04,0.00,-15.02,6 152.04,sl 4580.22
2026.03.25 05:23:01,897,XNGUSD,buy,out,0.07,2.8600,897,0.00,0.00,-7.00,6 145.04,sl 2.8600
2026.03.25 06:00:00,898,XAUUSD,buy,in,0.1,4583.86,898,-0.35,0.00,0.00,6 144.69,EMA Crossover Trade BUY #M12350
2026.03.25 06:00:00,899,XAUUSD,sell,in,0.2,4583.72,899,-0.70,0.00,0.00,6 143.99,RSI Scalping Sell #M129102315
2026.03.25 06:00:00,900,XAUUSD,buy,in,0.01,4583.80,900,-0.04,0.00,0.00,6 143.95,WP Buy #M20260526
2026.03.25 06:00:13,901,XAUUSD,buy,out,0.2,4584.01,901,-0.70,0.00,-5.80,6 137.45,sl 4584.00
2026.03.25 06:02:50,902,XAUUSD,sell,out,0.1,4582.24,902,-0.35,0.00,-16.20,6 120.90,sl 4582.24
2026.03.25 06:45:36,903,XAUUSD,sell,out,0.01,4568.80,903,-0.04,0.00,-15.00,6 105.86,sl 4568.84
2026.03.25 07:00:00,904,XAUUSD,buy,in,0.05,4569.86,904,-0.18,0.00,0.00,6 105.68,EMA Crossover Trade BUY #M12350
2026.03.25 07:00:00,905,XAUUSD,sell,out,0.01,4569.70,905,-0.04,0.00,85.48,6 191.12,
2026.03.25 07:07:16,906,XAUUSD,sell,out,0.05,4570.45,906,-0.18,0.00,2.95,6 193.89,sl 4570.48
2026.03.25 08:00:00,907,XAUUSD,buy,in,0.13,4573.08,907,-0.46,0.00,0.00,6 193.43,EMA Crossover Trade BUY #M12350
2026.03.25 08:11:08,908,XAUUSD,sell,out,0.13,4569.58,908,-0.46,0.00,-45.50,6 147.47,sl 4569.65
2026.03.25 09:00:00,909,XAUUSD,buy,in,0.06,4555.63,909,-0.21,0.00,0.00,6 147.26,EMA Crossover Trade BUY #M12350
2026.03.25 09:01:28,910,XAUUSD,sell,out,0.06,4552.56,910,-0.21,0.00,-18.42,6 128.63,sl 4553.26
2026.03.25 10:00:00,911,XAUUSD,buy,in,0.06,4545.04,911,-0.21,0.00,0.00,6 128.42,EMA Crossover Trade BUY #M12350
2026.03.25 10:11:59,912,XAUUSD,sell,out,0.06,4549.84,912,-0.21,0.00,28.80,6 157.01,sl 4549.99
2026.03.25 15:00:00,913,XAUUSD,buy,in,0.01,4579.44,913,-0.04,0.00,0.00,6 156.97,SimpleTrendline BUY #M26042503
2026.03.25 15:45:00,914,DE40,buy,in,0.1,22969.70,914,0.00,0.00,0.00,6 156.97,SimpleTrendline BUY #M26042502
2026.03.25 16:00:00,915,XAUUSD,sell,out,0.01,4544.57,915,-0.04,0.00,-34.87,6 122.06,
2026.03.25 16:35:01,916,MU.NAS,sell,out,31.5,377.51,916,-0.63,-0.01,-492.35,5 629.07,sl 394.52
2026.03.25 16:35:01,917,TSLA.NAS,buy,out,49.6,393.12,917,-0.99,0.00,-527.74,5 100.34,
2026.03.25 16:45:01,918,MU.NAS,sell,in,25.5,379.63,918,-0.51,0.00,0.00,5 099.83,RSI Scalping Sell #M20004
2026.03.25 16:55:46,919,MU.NAS,buy,out,25.5,377.44,919,-0.51,0.00,55.85,5 155.17,sl 377.26
2026.03.25 17:00:00,920,XAUUSD,buy,in,0.25,4545.29,920,-0.88,0.00,0.00,5 154.29,RSI Scalping Buy #M129102315
2026.03.25 17:00:00,921,DE40,sell,out,0.1,22951.40,921,0.00,0.00,-2.12,5 152.17,
2026.03.25 17:00:01,922,XAUUSD,sell,out,0.25,4545.97,922,-0.88,0.00,17.00,5 168.29,sl 4546.00
2026.03.25 17:15:00,923,DE40,buy,in,0.1,22995.40,923,0.00,0.00,0.00,5 168.29,SimpleTrendline BUY #M26042502
2026.03.25 18:00:00,924,DE40,sell,out,0.1,22983.40,924,0.00,0.00,-1.39,5 166.90,
2026.03.25 19:00:01,925,MU.NAS,buy,in,25.8,380.31,925,-0.52,0.00,0.00,5 166.38,RSI Scalping Buy #M20004
2026.03.25 19:41:00,926,MU.NAS,sell,out,25.8,378.84,926,-0.52,0.00,-37.93,5 127.93,sl 378.85
2026.03.25 20:00:01,927,MU.NAS,sell,in,25.6,378.77,927,-0.51,0.00,0.00,5 127.42,RSI Scalping Sell #M20004
2026.03.25 20:15:00,928,MU.NAS,buy,out,25.6,378.64,928,-0.51,0.00,3.33,5 130.24,
2026.03.25 20:30:01,929,MU.NAS,buy,in,25.6,380.67,929,-0.51,0.00,0.00,5 129.73,RSI Scalping Buy #M20004
2026.03.25 20:53:15,930,MU.NAS,sell,out,25.6,380.82,930,-0.51,0.00,3.84,5 133.06,sl 381.01
2026.03.25 22:00:00,931,TSLA.NAS,sell,in,38.4,386.23,931,-0.77,0.00,0.00,5 132.29,RSI Scalping Sell #M125421321
2026.03.26 04:00:00,932,XAUUSD,buy,in,0.12,4535.92,932,-0.42,0.00,0.00,5 131.87,EMA Crossover Trade BUY #M12350
2026.03.26 04:00:00,933,XAUUSD,buy,in,0.07,4535.92,933,-0.25,0.00,0.00,5 131.62,RSI Follow BUY #M1001
2026.03.26 04:00:01,934,XAUUSD,sell,out,0.12,4533.06,934,-0.42,0.00,-34.32,5 096.88,sl 4533.10
2026.03.26 04:45:00,935,XAUUSD,sell,in,0.05,4530.20,935,-0.18,0.00,0.00,5 096.70,RSIConsolidation SELL #M2025042
2026.03.26 05:00:00,936,XAUUSD,buy,in,0.12,4535.71,936,-0.42,0.00,0.00,5 096.28,EMA Crossover Trade BUY #M12350
2026.03.26 05:00:52,937,XAUUSD,sell,out,0.12,4532.20,937,-0.42,0.00,-42.12,5 053.74,sl 4532.20
2026.03.26 05:30:00,938,XAUUSD,buy,out,0.05,4527.66,938,-0.18,0.00,12.70,5 066.26,
2026.03.26 08:00:00,939,XAUUSD,sell,in,0.07,4520.77,939,-0.25,0.00,0.00,5 066.01,EMA Cross Distance SELL #M1003
2026.03.26 12:00:00,940,BTCUSD,sell,in,0.01,69980.73,940,0.00,0.00,0.00,5 066.01,SimpleTrendline SELL #M26042501
2026.03.26 13:00:00,941,XAUUSD,sell,out,0.07,4423.72,941,-0.25,0.00,-785.40,4 280.36,
2026.03.26 14:00:00,942,XAUUSD,buy,out,0.07,4443.69,942,-0.25,0.00,539.56,4 819.67,
2026.03.26 14:15:01,943,DE40,sell,in,0.1,22657.70,943,0.00,0.00,0.00,4 819.67,SimpleTrendline SELL #M26042502
2026.03.26 15:00:00,944,XBRUSD,buy,in,0.5,105.81,944,0.00,0.00,0.00,4 819.67,WP Buy #M20260534
2026.03.26 16:35:00,945,NVDA.NAS,sell,out,33.1,176.09,945,-0.66,-0.02,43.03,4 862.02,sl 177.45
2026.03.26 16:45:00,946,DE40,buy,out,0.1,22697.70,946,0.00,0.00,-4.63,4 857.39,
2026.03.26 16:45:00,947,MU.NAS,sell,in,24.2,369.12,947,-0.48,0.00,0.00,4 856.91,RSI Scalping Sell #M20004
2026.03.26 16:45:00,948,NVDA.NAS,sell,in,24.2,176.02,948,-0.48,0.00,0.00,4 856.43,RSI Scalping Sell #M20003
2026.03.26 17:00:00,949,MU.NAS,buy,out,24.2,364.68,949,-0.48,0.00,107.45,4 963.40,
2026.03.26 17:00:01,950,NVDA.NAS,buy,out,24.2,175.68,950,-0.48,0.00,8.23,4 971.15,
2026.03.26 17:15:00,951,DE40,sell,in,0.1,22755.70,951,0.00,0.00,0.00,4 971.15,SimpleTrendline SELL #M26042502
2026.03.26 17:40:18,952,XBRUSD,sell,out,0.5,104.30,952,0.00,0.00,-75.50,4 895.65,sl 104.31
2026.03.26 18:30:00,953,XAUUSD,sell,in,0.04,4453.73,953,-0.14,0.00,0.00,4 895.51,RSIConsolidation SELL #M2025042
2026.03.26 18:30:00,954,DE40,buy,out,0.1,22683.70,954,0.00,0.00,8.33,4 903.84,
2026.03.26 18:45:00,955,DE40,sell,in,0.1,22643.20,955,0.00,0.00,0.00,4 903.84,SimpleTrendline SELL #M26042502
2026.03.26 18:45:00,956,XAUUSD,buy,out,0.04,4439.94,956,-0.14,0.00,55.16,4 958.86,
2026.03.26 19:15:01,957,MU.NAS,buy,in,24.7,367.04,957,-0.49,0.00,0.00,4 958.37,RSI Scalping Buy #M20004
2026.03.26 19:30:00,958,XAUUSD,sell,in,0.04,4394.97,958,-0.14,0.00,0.00,4 958.23,United SuperEMA short #M940001
2026.03.26 20:15:00,959,XAUUSD,buy,in,0.04,4395.43,959,-0.14,0.00,0.00,4 958.09,RSIConsolidation BUY #M20250420
2026.03.26 20:30:01,960,MU.NAS,sell,out,24.7,359.07,960,-0.49,0.00,-196.86,4 760.74,
2026.03.26 21:00:01,961,TSLA.NAS,sell,in,0.1,374.84,961,-0.02,0.00,0.00,4 760.72,WP Sell #M20260530
2026.03.26 22:00:01,962,MU.NAS,buy,in,23.8,356.46,962,-0.48,0.00,0.00,4 760.24,RSI Scalping Buy #M20004
2026.03.26 23:06:04,963,XAUUSD,sell,out,0.04,4351.70,963,-0.14,0.00,-174.92,4 585.18,sl 4352.05
2026.03.26 23:15:01,964,DE40,buy,out,0.1,22702.50,964,0.00,0.00,-6.86,4 578.32,
2026.03.26 23:30:00,965,XAUUSD,buy,out,0.04,4405.11,965,-0.14,0.00,-40.56,4 537.62,
2026.03.26 23:30:01,966,DE40,sell,in,0.1,22642.70,966,0.00,0.00,0.00,4 537.62,SimpleTrendline SELL #M26042502
2026.03.27 01:15:00,967,DE40,buy,out,0.1,22663.40,967,0.00,-0.18,-2.39,4 535.05,
2026.03.27 03:45:01,968,DE40,sell,in,0.1,22580.50,968,0.00,0.00,0.00,4 535.05,SimpleTrendline SELL #M26042502
2026.03.27 04:15:01,969,DE40,buy,out,0.1,22643.70,969,0.00,0.00,-7.31,4 527.74,
2026.03.27 06:00:00,970,XAUUSD,buy,in,0.01,4432.05,970,-0.04,0.00,0.00,4 527.70,SimpleTrendline BUY #M26042503
2026.03.27 12:00:00,971,XAUUSD,sell,in,0.03,4424.20,971,-0.11,0.00,0.00,4 527.59,United SuperEMA short #M940001
2026.03.27 12:00:00,972,XAUUSD,sell,out,0.01,4424.50,972,-0.04,0.00,-7.55,4 520.00,
2026.03.27 12:00:00,973,XTIUSD,buy,in,0.5,96.43,973,0.00,0.00,0.00,4 520.00,WP Buy #M20260533
2026.03.27 12:00:00,974,XBRUSD,buy,in,0.5,107.02,974,0.00,0.00,0.00,4 520.00,WP Buy #M20260534
2026.03.27 12:32:25,975,XBRUSD,sell,out,0.5,107.05,975,0.00,0.00,1.50,4 521.50,sl 107.05
2026.03.27 12:36:22,976,XTIUSD,sell,out,0.5,96.19,976,0.00,0.00,-12.00,4 509.50,sl 96.19
2026.03.27 13:00:00,977,XTIUSD,buy,in,0.5,96.46,977,0.00,0.00,0.00,4 509.50,WP Buy #M20260533
2026.03.27 13:00:00,978,XBRUSD,buy,in,0.5,107.15,978,0.00,0.00,0.00,4 509.50,WP Buy #M20260534
2026.03.27 15:30:00,979,XAUUSD,buy,out,0.03,4429.95,979,-0.11,0.00,-17.25,4 492.14,
2026.03.27 16:00:00,980,XBRUSD,sell,out,0.5,107.55,980,0.00,0.00,20.00,4 512.14,sl 107.55
2026.03.27 16:00:00,981,DE40,sell,in,0.1,22330.00,981,0.00,0.00,0.00,4 512.14,SimpleTrendline SELL #M26042502
2026.03.27 16:28:03,982,XTIUSD,sell,out,0.5,97.10,982,0.00,0.00,32.00,4 544.14,sl 97.10
2026.03.27 16:30:00,983,XAUUSD,sell,in,0.04,4422.28,983,-0.14,0.00,0.00,4 544.00,RSIConsolidation SELL #M2025042
2026.03.27 16:30:00,984,DE40,buy,out,0.1,22329.50,984,0.00,0.00,0.06,4 544.06,
2026.03.27 16:30:00,985,XAUUSD,buy,out,0.04,4421.46,985,-0.14,0.00,3.28,4 547.20,
2026.03.27 16:35:01,986,TSLA.NAS,buy,out,0.1,365.47,986,-0.02,0.00,0.94,4 548.12,tp 368.84
2026.03.27 16:35:01,987,TSLA.NAS,buy,out,38.4,365.60,987,-0.77,0.00,792.19,5 339.54,
2026.03.27 16:43:03,988,MU.NAS,sell,out,23.8,360.37,988,-0.48,0.00,93.06,5 432.12,sl 360.53
2026.03.27 17:00:00,989,XAUUSD,sell,in,0.01,4430.99,989,-0.04,0.00,0.00,5 432.08,SimpleTrendline SELL #M26042503
2026.03.27 17:00:00,990,TSLA.NAS,sell,in,0.1,362.56,990,-0.02,0.00,0.00,5 432.06,WP Sell #M20260530
2026.03.27 17:00:00,991,XTIUSD,buy,in,0.5,98.12,991,0.00,0.00,0.00,5 432.06,WP Buy #M20260533
2026.03.27 17:49:58,992,TSLA.NAS,buy,out,0.1,365.61,992,-0.02,0.00,-0.31,5 431.73,sl 365.56
2026.03.27 18:00:00,993,XAUUSD,buy,in,0.13,4510.62,993,-0.46,0.00,0.00,5 431.27,EMA Crossover Trade BUY #M12350
2026.03.27 18:00:00,994,XAUUSD,buy,in,0.27,4511.62,994,-0.95,0.00,0.00,5 430.32,RSI Scalping Buy #M129102315
2026.03.27 18:00:00,995,XAUUSD,buy,out,0.01,4511.76,995,-0.04,0.00,-80.77,5 349.51,
2026.03.27 18:00:00,996,TSLA.NAS,sell,in,0.1,365.39,996,-0.02,0.00,0.00,5 349.49,WP Sell #M20260530
2026.03.27 18:00:10,997,XAUUSD,sell,out,0.27,4512.48,997,-0.95,0.00,23.22,5 371.76,sl 4512.57
2026.03.27 18:00:20,998,XAUUSD,sell,out,0.13,4509.80,998,-0.46,0.00,-10.66,5 360.64,sl 4509.98
2026.03.27 18:30:00,999,NVDA.NAS,buy,in,26.8,169.57,999,-0.54,0.00,0.00,5 360.10,RSI Scalping Buy #M20003
2026.03.27 19:00:00,1000,XAUUSD,buy,in,0.06,4524.66,1000,-0.21,0.00,0.00,5 359.89,EMA Crossover Trade BUY #M12350
2026.03.27 19:00:41,1001,XAUUSD,sell,out,0.06,4523.68,1001,-0.21,0.00,-5.88,5 353.80,sl 4523.74
2026.03.27 20:00:00,1002,XAUUSD,buy,in,0.06,4516.14,1002,-0.21,0.00,0.00,5 353.59,EMA Crossover Trade BUY #M12350
2026.03.27 20:00:00,1003,XAUUSD,sell,in,0.05,4515.54,1003,-0.18,0.00,0.00,5 353.41,RSIConsolidation SELL #M2025042
2026.03.27 20:07:07,1004,XAUUSD,sell,out,0.06,4517.82,1004,-0.21,0.00,10.08,5 363.28,sl 4517.86
2026.03.27 20:30:00,1005,MU.NAS,sell,in,26.8,358.46,1005,-0.54,0.00,0.00,5 362.74,RSI Scalping Sell #M20004
2026.03.27 20:30:00,1006,NVDA.NAS,sell,out,26.8,167.83,1006,-0.54,0.00,-46.63,5 315.57,
2026.03.27 20:30:00,1007,XAUUSD,buy,out,0.05,4492.03,1007,-0.18,0.00,117.55,5 432.94,
2026.03.27 20:45:01,1008,MU.NAS,buy,out,26.8,357.87,1008,-0.54,0.00,15.81,5 448.21,
2026.03.27 21:00:00,1009,XAUUSD,buy,in,0.13,4486.97,1009,-0.46,0.00,0.00,5 447.75,EMA Crossover Trade BUY #M12350
2026.03.27 21:00:01,1010,MU.NAS,buy,in,27.2,359.21,1010,-0.54,0.00,0.00,5 447.21,RSI Scalping Buy #M20004
2026.03.27 21:02:39,1011,XAUUSD,sell,out,0.13,4493.96,1011,-0.46,0.00,90.87,5 537.62,sl 4494.23
2026.03.27 21:34:43,1012,XTIUSD,sell,out,0.5,99.46,1012,0.00,0.00,67.00,5 604.62,sl 99.48
2026.03.27 21:37:14,1013,TSLA.NAS,buy,out,0.1,361.35,1013,-0.02,0.00,0.40,5 605.00,sl 361.35
2026.03.27 22:00:00,1014,XAUUSD,buy,in,0.14,4517.76,1014,-0.49,0.00,0.00,5 604.51,EMA Crossover Trade BUY #M12350
2026.03.27 22:00:00,1015,XAUUSD,buy,in,0.28,4517.70,1015,-0.98,0.00,0.00,5 603.53,RSI Scalping Buy #M129102315
2026.03.27 22:00:17,1016,XAUUSD,sell,out,0.28,4518.42,1016,-0.98,0.00,20.16,5 622.71,sl 4518.43
2026.03.27 22:01:35,1017,XAUUSD,sell,out,0.14,4515.41,1017,-0.49,0.00,-32.90,5 589.32,sl 4515.54
2026.03.27 22:15:00,1018,XAUUSD,sell,in,0.05,4511.26,1018,-0.18,0.00,0.00,5 589.14,RSIConsolidation SELL #M2025042
2026.03.27 22:45:00,1019,MU.NAS,sell,out,27.2,357.10,1019,-0.54,0.00,-57.39,5 531.21,
2026.03.27 22:45:00,1020,XAUUSD,buy,out,0.05,4509.47,1020,-0.18,0.00,8.95,5 539.98,
2026.03.27 23:00:00,1021,XAUUSD,buy,in,0.13,4515.04,1021,-0.46,0.00,0.00,5 539.52,EMA Crossover Trade BUY #M12350
2026.03.27 23:00:00,1022,XAUUSD,buy,in,0.08,4515.04,1022,-0.28,0.00,0.00,5 539.24,RSI Follow BUY #M1001
2026.03.27 23:00:30,1023,XAUUSD,sell,out,0.13,4512.66,1023,-0.46,0.00,-30.94,5 507.84,sl 4512.89
2026.03.30 02:00:00,1024,XTIUSD,buy,in,0.5,102.45,1024,0.00,0.00,0.00,5 507.84,WP Buy #M20260533
2026.03.30 02:00:00,1025,XAUUSD,buy,in,0.06,4484.68,1025,-0.21,0.00,0.00,5 507.63,EMA Crossover Trade BUY #M12350
2026.03.30 02:02:21,1026,XAUUSD,sell,out,0.06,4488.16,1026,-0.21,0.00,20.88,5 528.30,sl 4488.42
2026.03.30 03:00:00,1027,XBRUSD,buy,in,0.5,111.95,1027,0.00,0.00,0.00,5 528.30,WP Buy #M20260534
2026.03.30 03:17:52,1028,XTIUSD,sell,out,0.5,102.50,1028,0.00,0.00,2.50,5 530.80,sl 102.51
2026.03.30 03:21:19,1029,XBRUSD,sell,out,0.5,110.44,1029,0.00,0.00,-75.50,5 455.30,sl 110.44
2026.03.30 04:00:00,1030,XBRUSD,buy,in,0.5,112.82,1030,0.00,0.00,0.00,5 455.30,WP Buy #M20260534
2026.03.30 05:45:00,1031,XAUUSD,buy,in,0.05,4494.88,1031,-0.18,0.00,0.00,5 455.12,United SuperEMA long #M940001
2026.03.30 05:51:10,1032,XBRUSD,sell,out,0.5,111.29,1032,0.00,0.00,-76.50,5 378.62,sl 111.32
2026.03.30 06:15:00,1033,XAUUSD,sell,in,0.05,4504.63,1033,-0.18,0.00,0.00,5 378.44,RSIConsolidation SELL #M2025042
2026.03.30 07:00:01,1034,XAUUSD,buy,in,0.13,4496.35,1034,-0.46,0.00,0.00,5 377.98,EMA Crossover Trade BUY #M12350
2026.03.30 07:02:48,1035,XAUUSD,sell,out,0.13,4494.82,1035,-0.46,0.00,-19.89,5 357.63,sl 4494.96
2026.03.30 09:00:00,1036,XAUUSD,buy,in,0.26,4521.77,1036,-0.91,0.00,0.00,5 356.72,RSI Scalping Buy #M129102315
2026.03.30 09:01:57,1037,XAUUSD,sell,out,0.26,4523.57,1037,-0.91,0.00,46.80,5 402.61,sl 4523.84
2026.03.30 09:47:10,1038,XAUUSD,buy,out,0.05,4544.48,1038,-0.18,0.00,-199.25,5 203.18,sl 4544.41
2026.03.30 10:00:00,1039,XAUUSD,sell,in,0.07,4531.70,1039,-0.25,0.00,0.00,5 202.93,RSI Reverse SELL #M1002
2026.03.30 10:00:00,1040,XAUUSD,buy,out,0.07,4531.21,1040,-0.25,0.00,3.43,5 206.11,
2026.03.30 10:45:00,1041,XAUUSD,sell,in,0.05,4521.35,1041,-0.18,0.00,0.00,5 205.93,RSIConsolidation SELL #M2025042
2026.03.30 14:26:50,1042,XAUUSD,buy,out,0.05,4547.08,1042,-0.18,0.00,-128.65,5 077.10,sl 4546.96
2026.03.30 16:35:00,1043,AAPL.NAS,sell,in,0.1,247.980,1043,-0.02,0.00,0.00,5 077.08,WP Sell #M20260528
2026.03.30 16:35:04,1044,AAPL.NAS,buy,out,0.1,247.960,1044,-0.02,0.00,0.00,5 077.06,sl 247.950
2026.03.30 16:45:00,1045,NVDA.NAS,buy,in,25.3,167.89,1045,-0.51,0.00,0.00,5 076.55,RSI Scalping Buy #M20003
2026.03.30 16:45:01,1046,MU.NAS,sell,in,25.3,344.44,1046,-0.51,0.00,0.00,5 076.04,RSI Scalping Sell #M20004
2026.03.30 17:00:00,1047,XAUUSD,sell,out,0.05,4523.24,1047,-0.18,0.00,141.80,5 217.66,
2026.03.30 17:00:00,1048,AAPL.NAS,sell,in,0.1,247.580,1048,-0.02,0.00,0.00,5 217.64,WP Sell #M20260528
2026.03.30 17:00:00,1049,MU.NAS,buy,out,25.3,343.28,1049,-0.51,0.00,29.35,5 246.48,
2026.03.30 17:00:29,1050,AAPL.NAS,buy,out,0.1,247.780,1050,-0.02,0.00,-0.02,5 246.44,sl 247.780
2026.03.30 18:00:00,1051,XAUUSD,buy,in,0.26,4538.85,1051,-0.91,0.00,0.00,5 245.53,RSI Scalping Buy #M129102315
2026.03.30 18:00:00,1052,AAPL.NAS,sell,in,0.1,246.500,1052,-0.02,0.00,0.00,5 245.51,WP Sell #M20260528
2026.03.30 18:00:14,1053,XAUUSD,sell,out,0.26,4541.87,1053,-0.91,0.00,78.52,5 323.12,sl 4542.13
2026.03.30 18:00:58,1054,AAPL.NAS,buy,out,0.1,246.480,1054,-0.02,0.00,0.00,5 323.10,sl 246.480
2026.03.30 20:00:00,1055,XAUUSD,buy,in,0.06,4539.99,1055,-0.21,0.00,0.00,5 322.89,EMA Crossover Trade BUY #M12350
2026.03.30 20:01:27,1056,XAUUSD,sell,out,0.06,4538.51,1056,-0.21,0.00,-8.88,5 313.80,sl 4538.61
2026.03.30 22:00:00,1057,XAUUSD,sell,in,0.01,4498.55,1057,-0.04,0.00,0.00,5 313.76,SimpleTrendline SELL #M26042503
2026.03.30 22:30:02,1058,NVDA.NAS,sell,out,25.3,164.49,1058,-0.51,0.00,-86.02,5 227.23,
2026.03.30 23:00:00,1059,DE40,buy,in,0.1,22455.50,1059,0.00,0.00,0.00,5 227.23,SimpleTrendline BUY #M26042502
2026.03.30 23:00:00,1060,XTIUSD,buy,in,0.5,104.46,1060,0.00,0.00,0.00,5 227.23,WP Buy #M20260533
2026.03.30 23:15:00,1061,DE40,sell,out,0.1,22408.70,1061,0.00,0.00,-5.41,5 221.82,
2026.03.31 02:00:00,1062,XAUUSD,buy,out,0.01,4510.32,1062,-0.04,0.40,-11.77,5 210.41,
2026.03.31 03:00:00,1063,XTIUSD,sell,out,0.5,106.16,1063,0.00,5.37,85.00,5 300.78,sl 106.19
2026.03.31 04:00:00,1064,XAUUSD,buy,in,0.26,4546.28,1064,-0.91,0.00,0.00,5 299.87,RSI Scalping Buy #M129102315
2026.03.31 04:00:03,1065,XAUUSD,sell,out,0.26,4547.47,1065,-0.91,0.00,30.94,5 329.90,sl 4547.89
2026.03.31 06:15:00,1066,XAUUSD,sell,in,0.05,4570.08,1066,-0.18,0.00,0.00,5 329.72,RSIConsolidation SELL #M2025042
2026.03.31 06:30:00,1067,XAUUSD,buy,out,0.05,4561.84,1067,-0.18,0.00,41.20,5 370.74,
2026.03.31 07:00:00,1068,XAUUSD,sell,in,0.08,4557.23,1068,-0.28,0.00,0.00,5 370.46,RSI Reverse SELL #M1002
2026.03.31 07:00:00,1069,XAUUSD,buy,out,0.08,4557.37,1069,-0.28,0.00,-1.12,5 369.06,
2026.03.31 08:00:00,1070,XAUUSD,buy,in,0.26,4564.36,1070,-0.91,0.00,0.00,5 368.15,RSI Scalping Buy #M129102315
2026.03.31 08:00:22,1071,XAUUSD,sell,out,0.26,4564.48,1071,-0.91,0.00,3.12,5 370.36,sl 4564.83
2026.03.31 12:00:00,1072,XAUUSD,buy,in,0.26,4568.80,1072,-0.91,0.00,0.00,5 369.45,RSI Scalping Buy #M129102315
2026.03.31 12:00:00,1073,XAUUSD,sell,in,0.05,4568.57,1073,-0.18,0.00,0.00,5 369.27,RSIConsolidation SELL #M2025042
2026.03.31 12:04:54,1074,XAUUSD,sell,out,0.26,4571.54,1074,-0.91,0.00,71.24,5 439.60,sl 4571.60
2026.03.31 12:30:00,1075,XAUUSD,buy,out,0.05,4562.15,1075,-0.18,0.00,32.10,5 471.52,
2026.03.31 15:00:00,1076,XAUUSD,buy,in,0.27,4583.14,1076,-0.95,0.00,0.00,5 470.57,RSI Scalping Buy #M129102315
2026.03.31 15:00:03,1077,XAUUSD,sell,out,0.27,4583.37,1077,-0.95,0.00,6.21,5 475.83,sl 4583.37
2026.03.31 16:00:00,1078,XAUUSD,buy,in,0.06,4575.59,1078,-0.21,0.00,0.00,5 475.62,EMA Crossover Trade BUY #M12350
2026.03.31 16:01:08,1079,XAUUSD,sell,out,0.06,4575.49,1079,-0.21,0.00,-0.60,5 474.81,sl 4575.71
2026.03.31 16:35:00,1080,NVDA.NAS,buy,in,27.3,168.67,1080,-0.55,0.00,0.00,5 474.26,RSI Scalping Buy #M20003
2026.03.31 17:00:00,1081,MU.NAS,buy,in,27.3,325.72,1081,-0.55,0.00,0.00,5 473.71,RSI Scalping Buy #M20004
2026.03.31 17:00:00,1082,XAUUSD,buy,in,0.06,4608.18,1082,-0.21,0.00,0.00,5 473.50,EMA Crossover Trade BUY #M12350
2026.03.31 17:00:00,1083,XAUUSD,buy,in,0.05,4608.27,1083,-0.18,0.00,0.00,5 473.32,United SuperEMA long #M940001
2026.03.31 17:00:00,1084,XAUUSD,buy,in,0.01,4608.27,1084,-0.04,0.00,0.00,5 473.28,SimpleTrendline BUY #M26042503
2026.03.31 17:01:47,1085,XAUUSD,sell,out,0.06,4613.22,1085,-0.21,0.00,30.24,5 503.31,sl 4613.62
2026.03.31 17:10:29,1086,MU.NAS,sell,out,27.3,324.60,1086,-0.55,0.00,-30.58,5 472.18,sl 324.69
2026.03.31 18:00:00,1087,XAUUSD,buy,in,0.06,4600.07,1087,-0.21,0.00,0.00,5 471.97,EMA Crossover Trade BUY #M12350
2026.03.31 18:03:30,1088,XAUUSD,sell,out,0.06,4609.41,1088,-0.21,0.00,56.04,5 527.80,sl 4609.41
2026.03.31 18:15:00,1089,DE40,buy,in,0.1,22747.30,1089,0.00,0.00,0.00,5 527.80,SimpleTrendline BUY #M26042502
2026.03.31 18:15:00,1090,XAUUSD,sell,in,0.05,4623.70,1090,-0.18,0.00,0.00,5 527.62,RSIConsolidation SELL #M2025042
2026.03.31 18:30:00,1091,DE40,sell,out,0.1,22631.10,1091,0.00,0.00,-13.44,5 514.18,
2026.03.31 18:45:00,1092,MU.NAS,sell,in,27.5,319.02,1092,-0.55,0.00,0.00,5 513.63,RSI Scalping Sell #M20004
2026.03.31 19:00:00,1093,MU.NAS,buy,out,27.5,318.69,1093,-0.55,0.00,9.08,5 522.16,
2026.03.31 19:00:00,1094,XAUUSD,buy,in,0.06,4609.18,1094,-0.21,0.00,0.00,5 521.95,EMA Crossover Trade BUY #M12350
2026.03.31 19:03:34,1095,XAUUSD,sell,out,0.06,4614.80,1095,-0.21,0.00,33.72,5 555.46,sl 4614.93
2026.03.31 19:15:00,1096,MU.NAS,buy,in,27.7,323.89,1096,-0.55,0.00,0.00,5 554.91,RSI Scalping Buy #M20004
2026.03.31 19:48:23,1097,MU.NAS,sell,out,27.7,329.14,1097,-0.55,0.00,145.43,5 699.79,sl 329.14
2026.03.31 19:50:00,1098,AAPL.NAS,buy,in,14.2,252.880,1098,-0.28,0.00,0.00,5 699.51,RSI Scalping Buy #M20001
2026.03.31 19:50:44,1099,AAPL.NAS,sell,out,14.2,253.100,1099,-0.28,0.00,3.12,5 702.35,sl 253.150
2026.03.31 20:00:00,1100,XAUUSD,buy,in,0.07,4639.02,1100,-0.25,0.00,0.00,5 702.10,EMA Crossover Trade BUY #M12350
2026.03.31 20:04:46,1101,XAUUSD,sell,out,0.07,4652.03,1101,-0.25,0.00,91.07,5 792.92,sl 4652.10
2026.03.31 20:10:00,1102,AAPL.NAS,sell,in,14.4,252.640,1102,-0.29,0.00,0.00,5 792.63,RSI Scalping Sell #M20001
2026.03.31 20:44:42,1103,AAPL.NAS,buy,out,14.4,252.550,1103,-0.29,0.00,1.30,5 793.64,sl 252.540
2026.03.31 20:47:13,1104,XAUUSD,buy,out,0.05,4664.31,1104,-0.18,0.00,-203.05,5 590.41,sl 4664.30
2026.03.31 21:00:00,1105,XAUUSD,buy,in,0.13,4654.75,1105,-0.46,0.00,0.00,5 589.95,EMA Crossover Trade BUY #M12350
2026.03.31 21:03:09,1106,XAUUSD,sell,out,0.13,4657.02,1106,-0.46,0.00,29.51,5 619.00,sl 4657.34
2026.03.31 22:00:00,1107,XAUUSD,buy,in,0.14,4667.67,1107,-0.49,0.00,0.00,5 618.51,EMA Crossover Trade BUY #M12350
2026.03.31 22:00:00,1108,XAUUSD,buy,in,0.01,4669.03,1108,-0.04,0.00,0.00,5 618.47,WP Buy #M20260526
2026.03.31 22:03:45,1109,XAUUSD,sell,out,0.14,4672.62,1109,-0.49,0.00,69.30,5 687.28,sl 4672.66
2026.03.31 22:05:05,1110,XAUUSD,sell,out,0.01,4668.84,1110,-0.04,0.00,-0.19,5 687.05,sl 4668.86
2026.03.31 23:00:00,1111,XAUUSD,buy,in,0.01,4683.89,1111,-0.04,0.00,0.00,5 687.01,WP Buy #M20260526
2026.03.31 23:37:10,1112,XAUUSD,sell,out,0.01,4668.68,1112,-0.04,0.00,-15.21,5 671.76,sl 4668.89
2026.04.01 03:00:00,1113,AUDUSD,buy,in,0.05,0.69200,1113,-0.18,0.00,0.00,5 671.58,WP Buy #M20260525
2026.04.01 04:00:00,1114,BTCUSD,buy,out,0.01,68273.43,1114,0.00,0.00,17.07,5 688.65,
2026.04.01 05:00:00,1115,XAUUSD,sell,in,0.28,4693.47,1115,-0.98,0.00,0.00,5 687.67,RSI Scalping Sell #M129102315
2026.04.01 05:00:02,1116,XAUUSD,buy,out,0.28,4693.45,1116,-0.98,0.00,0.56,5 687.25,sl 4693.29
2026.04.01 05:30:00,1117,XAUUSD,sell,out,0.05,4687.33,1117,-0.18,-2.85,395.30,6 079.52,
2026.04.01 11:00:00,1118,XAUUSD,sell,in,0.3,4712.59,1118,-1.05,0.00,0.00,6 078.47,RSI Scalping Sell #M129102315
2026.04.01 11:00:08,1119,XAUUSD,buy,out,0.3,4711.59,1119,-1.05,0.00,30.00,6 107.42,sl 4711.31
2026.04.01 11:30:00,1120,XAUUSD,buy,in,0.06,4731.33,1120,-0.21,0.00,0.00,6 107.21,United SuperEMA long #M940001
2026.04.01 13:15:00,1121,XAUUSD,sell,out,0.06,4715.65,1121,-0.21,0.00,-94.08,6 012.92,
2026.04.01 13:30:00,1122,DE40,buy,in,0.1,23138.10,1122,0.00,0.00,0.00,6 012.92,SimpleTrendline BUY #M26042502
2026.04.01 15:58:09,1123,AUDUSD,sell,out,0.05,0.69385,1123,-0.18,0.00,9.25,6 021.99,sl 0.69391
2026.04.01 16:00:00,1124,XAUUSD,sell,in,0.3,4725.08,1124,-1.05,0.00,0.00,6 020.94,RSI Scalping Sell #M129102315
2026.04.01 16:00:01,1125,XAUUSD,buy,out,0.3,4721.82,1125,-1.05,0.00,97.80,6 117.69,sl 4721.53
2026.04.01 17:00:31,1126,SOXX.NAS,buy,in,0.1,338.040,1126,-0.02,0.00,0.00,6 117.67,WP Buy #M20260532
2026.04.01 17:00:45,1127,SOXX.NAS,sell,out,0.1,338.040,1127,-0.02,0.00,0.00,6 117.65,sl 338.040
2026.04.01 18:00:02,1128,SOXX.NAS,buy,in,0.1,340.530,1128,-0.02,0.00,0.00,6 117.63,WP Buy #M20260532
2026.04.01 18:01:10,1129,SOXX.NAS,sell,out,0.1,340.690,1129,-0.02,0.00,0.02,6 117.63,sl 340.700
2026.04.01 19:00:01,1130,SOXX.NAS,buy,in,0.1,342.150,1130,-0.02,0.00,0.00,6 117.61,WP Buy #M20260532
2026.04.01 19:02:28,1131,SOXX.NAS,sell,out,0.1,342.130,1131,-0.02,0.00,0.00,6 117.59,sl 342.130
2026.04.01 20:00:00,1132,XAUUSD,buy,in,0.01,4787.33,1132,-0.04,0.00,0.00,6 117.55,WP Buy #M20260526
2026.04.01 20:17:42,1133,XAUUSD,sell,out,0.01,4785.16,1133,-0.04,0.00,-2.17,6 115.34,sl 4785.22
2026.04.01 20:25:37,1134,XNGUSD,sell,in,0.09,2.8100,1134,0.00,0.00,0.00,6 115.34,WP Sell #M20260535
2026.04.01 20:35:15,1135,XNGUSD,buy,out,0.09,2.8200,1135,0.00,0.00,-9.00,6 106.34,sl 2.8200
2026.04.01 21:00:00,1136,XAUUSD,sell,in,0.3,4773.90,1136,-1.05,0.00,0.00,6 105.29,RSI Scalping Sell #M129102315
2026.04.01 21:00:39,1137,XAUUSD,buy,out,0.3,4772.81,1137,-1.05,0.00,32.70,6 136.94,sl 4772.79
2026.04.01 22:00:01,1138,DE40,sell,out,0.1,23222.40,1138,0.00,0.00,9.75,6 146.69,
2026.04.02 05:00:00,1139,XAUUSD,sell,out,0.01,4696.73,1139,-0.04,-2.28,88.46,6 232.83,
2026.04.02 07:00:00,1140,XTIUSD,buy,in,0.5,104.97,1140,0.00,0.00,0.00,6 232.83,WP Buy #M20260533
2026.04.02 07:00:05,1141,XBRUSD,buy,in,0.5,109.75,1141,0.00,0.00,0.00,6 232.83,WP Buy #M20260534
2026.04.02 07:49:19,1142,XBRUSD,sell,out,0.5,110.30,1142,0.00,0.00,27.50,6 260.33,sl 110.31
2026.04.02 08:00:00,1143,XBRUSD,buy,in,0.5,110.25,1143,0.00,0.00,0.00,6 260.33,WP Buy #M20260534
2026.04.02 08:00:01,1144,XTIUSD,sell,out,0.5,104.98,1144,0.00,0.00,0.50,6 260.83,sl 104.99
2026.04.02 08:45:00,1145,XAUUSD,sell,in,0.06,4634.25,1145,-0.21,0.00,0.00,6 260.62,United SuperEMA short #M940001
2026.04.02 09:00:00,1146,XTIUSD,buy,in,0.5,106.30,1146,0.00,0.00,0.00,6 260.62,WP Buy #M20260533
2026.04.02 10:15:24,1147,XBRUSD,sell,out,0.5,110.51,1147,0.00,0.00,13.00,6 273.62,sl 110.51
2026.04.02 11:00:00,1148,XAUUSD,buy,out,0.06,4644.24,1148,-0.21,0.00,-59.94,6 213.47,
2026.04.02 14:28:42,1149,XTIUSD,sell,out,0.5,109.37,1149,0.00,0.00,153.50,6 366.97,tp 109.37
2026.04.02 16:00:00,1150,XTIUSD,buy,in,0.5,113.23,1150,0.00,0.00,0.00,6 366.97,WP Buy #M20260533
2026.04.02 16:00:22,1151,XTIUSD,sell,out,0.5,113.30,1151,0.00,0.00,3.50,6 370.47,sl 113.30
2026.04.02 16:35:00,1152,NVDA.NAS,sell,out,27.3,173.47,1152,-0.55,0.00,131.04,6 500.96,sl 173.61
2026.04.02 16:45:00,1153,NVDA.NAS,sell,in,32.5,172.03,1153,-0.65,0.00,0.00,6 500.31,RSI Scalping Sell #M20003
2026.04.02 16:45:01,1154,MU.NAS,sell,in,32.5,343.64,1154,-0.65,0.00,0.00,6 499.66,RSI Scalping Sell #M20004
2026.04.02 17:00:01,1155,TSLA.NAS,sell,in,48.7,365.37,1155,-0.97,0.00,0.00,6 498.69,RSI Scalping Sell #M125421321
2026.04.02 18:00:01,1156,MU.NAS,buy,out,32.5,363.50,1156,-0.65,0.00,-645.45,5 852.59,
2026.04.02 18:00:01,1157,NVDA.NAS,buy,out,32.5,176.33,1157,-0.65,0.00,-139.75,5 712.19,
2026.04.02 22:00:00,1158,XAUUSD,buy,in,0.01,4668.88,1158,-0.04,0.00,0.00,5 712.15,SimpleTrendline BUY #M26042503
2026.04.06 02:00:00,1159,BTCUSD,buy,in,0.28,68322.24,1159,0.00,0.00,0.00,5 712.15,RSI Scalping Buy #M123459123
2026.04.06 02:00:00,1160,XAUUSD,sell,out,0.01,4646.86,1160,-0.04,-1.14,-22.02,5 688.95,
2026.04.06 02:00:02,1161,BTCUSD,sell,out,0.28,68330.61,1161,0.00,0.00,2.34,5 691.29,sl 68336.21
2026.04.06 02:30:00,1162,XAUUSD,sell,in,0.05,4610.18,1162,-0.18,0.00,0.00,5 691.11,United SuperEMA short #M940001
2026.04.06 04:30:00,1163,XAUUSD,buy,out,0.05,4641.18,1163,-0.18,0.00,-155.00,5 535.93,
2026.04.06 11:00:00,1164,XAUUSD,buy,in,0.13,4685.61,1164,-0.46,0.00,0.00,5 535.47,EMA Crossover Trade BUY #M12350
2026.04.06 11:05:27,1165,XAUUSD,sell,out,0.13,4690.83,1165,-0.46,0.00,67.86,5 602.87,sl 4690.90
2026.04.06 12:00:00,1166,XAUUSD,buy,in,0.14,4696.39,1166,-0.49,0.00,0.00,5 602.38,EMA Crossover Trade BUY #M12350
2026.04.06 12:00:00,1167,XAUUSD,buy,in,0.28,4696.45,1167,-0.98,0.00,0.00,5 601.40,RSI Scalping Buy #M129102315
2026.04.06 12:00:04,1168,XAUUSD,sell,out,0.28,4696.94,1168,-0.98,0.00,13.72,5 614.14,sl 4696.94
2026.04.06 12:00:37,1169,XAUUSD,sell,out,0.14,4697.20,1169,-0.49,0.00,11.34,5 624.99,sl 4697.48
2026.04.06 13:00:00,1170,BTCUSD,buy,in,0.28,69735.53,1170,0.00,0.00,0.00,5 624.99,RSI Scalping Buy #M123459123
2026.04.06 13:00:00,1171,XAUUSD,buy,in,0.14,4693.71,1171,-0.49,0.00,0.00,5 624.50,EMA Crossover Trade BUY #M12350
2026.04.06 13:00:03,1172,BTCUSD,sell,out,0.28,69754.03,1172,0.00,0.00,5.18,5 629.68,sl 69757.31
2026.04.06 13:03:16,1173,XAUUSD,sell,out,0.14,4693.67,1173,-0.49,0.00,-0.56,5 628.63,sl 4693.81
2026.04.06 14:00:00,1174,XAUUSD,buy,in,0.14,4689.87,1174,-0.49,0.00,0.00,5 628.14,EMA Crossover Trade BUY #M12350
2026.04.06 14:07:13,1175,XAUUSD,sell,out,0.14,4692.12,1175,-0.49,0.00,31.50,5 659.15,sl 4692.27
2026.04.06 17:00:01,1176,AAPL.NAS,buy,in,14.1,259.700,1176,-0.28,0.00,0.00,5 658.87,RSI Scalping Buy #M20001
2026.04.06 17:00:19,1177,AAPL.NAS,sell,out,14.1,259.720,1177,-0.28,0.00,0.28,5 658.87,sl 259.730
2026.04.06 17:40:01,1178,AAPL.NAS,sell,in,14.1,260.680,1178,-0.28,0.00,0.00,5 658.59,RSI Scalping Sell #M20001
2026.04.06 17:45:57,1179,AAPL.NAS,buy,out,14.1,260.470,1179,-0.28,0.00,2.96,5 661.27,sl 260.470
2026.04.06 18:00:00,1180,XAUUSD,buy,in,0.01,4683.08,1180,-0.04,0.00,0.00,5 661.23,SimpleTrendline BUY #M26042503
2026.04.06 19:00:00,1181,BTCUSD,buy,in,0.28,69972.67,1181,0.00,0.00,0.00,5 661.23,RSI Scalping Buy #M123459123
2026.04.06 19:01:20,1182,BTCUSD,sell,out,0.28,69970.08,1182,0.00,0.00,-0.73,5 660.50,sl 69973.96
2026.04.06 20:00:00,1183,TSLA.NAS,buy,out,48.7,350.10,1183,-0.97,0.00,743.65,6 403.18,
2026.04.06 20:15:00,1184,XAUUSD,sell,in,0.03,4653.92,1184,-0.11,0.00,0.00,6 403.07,United SuperEMA short #M940001
2026.04.06 20:30:01,1185,NVDA.NAS,buy,in,32,176.93,1185,-0.64,0.00,0.00,6 402.43,RSI Scalping Buy #M20003
2026.04.07 01:15:01,1186,XAUUSD,buy,out,0.03,4664.17,1186,-0.11,1.21,-30.75,6 372.78,
2026.04.07 02:00:00,1187,XAUUSD,sell,out,0.01,4658.36,1187,-0.04,-0.57,-24.72,6 347.45,
2026.04.07 07:00:00,1188,XAUUSD,sell,in,0.09,4649.66,1188,-0.32,0.00,0.00,6 347.13,RSI Reverse SELL #M1002
2026.04.07 07:00:00,1189,XAUUSD,buy,out,0.09,4649.82,1189,-0.32,0.00,-1.44,6 345.37,
2026.04.07 08:30:00,1190,XAUUSD,sell,in,0.06,4631.78,1190,-0.21,0.00,0.00,6 345.16,RSIConsolidation SELL #M2025042
2026.04.07 08:30:01,1191,XAUUSD,buy,out,0.06,4631.76,1191,-0.21,0.00,0.12,6 345.07,
2026.04.07 10:15:00,1192,DE40,buy,in,0.1,23174.30,1192,0.00,0.00,0.00,6 345.07,SimpleTrendline BUY #M26042502
2026.04.07 10:30:00,1193,DE40,sell,out,0.1,23121.30,1193,0.00,0.00,-6.13,6 338.94,
2026.04.07 11:00:00,1194,DE40,buy,in,0.1,23187.30,1194,0.00,0.00,0.00,6 338.94,SimpleTrendline BUY #M26042502
2026.04.07 12:00:00,1195,XAUUSD,buy,in,0.25,4683.21,1195,-0.88,0.00,0.00,6 338.06,RSI Scalping Buy #M129102315
2026.04.07 12:00:10,1196,XAUUSD,sell,out,0.25,4682.93,1196,-0.88,0.00,-7.00,6 330.18,sl 4682.96
2026.04.07 13:00:00,1197,XAUUSD,sell,in,0.05,4671.30,1197,-0.18,0.00,0.00,6 330.00,RSIConsolidation SELL #M2025042
2026.04.07 13:30:00,1198,XAUUSD,buy,out,0.05,4668.30,1198,-0.18,0.00,15.00,6 344.82,
2026.04.07 13:45:00,1199,DE40,sell,out,0.1,23219.80,1199,0.00,0.00,3.76,6 348.58,
2026.04.07 16:45:01,1200,MU.NAS,sell,in,31.7,374.75,1200,-0.63,0.00,0.00,6 347.95,RSI Scalping Sell #M20004
2026.04.07 17:00:01,1201,MU.NAS,buy,out,31.7,368.31,1201,-0.63,0.00,204.15,6 551.47,
2026.04.07 17:30:01,1202,NVDA.NAS,sell,out,32,175.07,1202,-0.64,-0.01,-59.52,6 491.30,
2026.04.07 18:30:01,1203,MU.NAS,buy,in,32.4,370.05,1203,-0.65,0.00,0.00,6 490.65,RSI Scalping Buy #M20004
2026.04.07 18:30:01,1204,NVDA.NAS,buy,in,32.4,175.02,1204,-0.65,0.00,0.00,6 490.00,RSI Scalping Buy #M20003
2026.04.07 19:19:22,1205,MU.NAS,sell,out,32.4,373.01,1205,-0.65,0.00,95.90,6 585.25,sl 373.21
2026.04.07 22:00:00,1206,MU.NAS,sell,in,32.9,371.08,1206,-0.66,0.00,0.00,6 584.59,RSI Scalping Sell #M20004
2026.04.07 22:15:00,1207,XAUUSD,sell,in,0.06,4667.91,1207,-0.21,0.00,0.00,6 584.38,RSIConsolidation SELL #M2025042
2026.04.07 22:15:01,1208,XAUUSD,buy,out,0.06,4668.30,1208,-0.21,0.00,-2.34,6 581.83,
2026.04.07 22:20:16,1209,MU.NAS,buy,out,32.9,373.88,1209,-0.66,0.00,-92.12,6 489.05,sl 373.86
2026.04.07 22:45:00,1210,MU.NAS,buy,in,32.4,373.83,1210,-0.65,0.00,0.00,6 488.40,RSI Scalping Buy #M20004
2026.04.07 23:00:00,1211,XAUUSD,buy,in,0.32,4701.55,1211,-1.12,0.00,0.00,6 487.28,RSI Scalping Buy #M129102315
2026.04.07 23:00:02,1212,XAUUSD,sell,out,0.32,4701.62,1212,-1.12,0.00,2.24,6 488.40,sl 4702.73
2026.04.08 01:32:57,1213,EURUSD,sell,in,0.16,1.15990,1213,-0.56,0.00,0.00,6 487.84,RSI Overbought Crossover Sell #
2026.04.08 02:00:00,1214,BTCUSD,buy,in,0.32,71509.96,1214,0.00,0.00,0.00,6 487.84,RSI Scalping Buy #M123459123
2026.04.08 02:00:00,1215,EURUSD,buy,in,0.05,1.16682,1215,-0.18,0.00,0.00,6 487.66,WP Buy #M20260524
2026.04.08 02:00:04,1216,BTCUSD,sell,out,0.32,71498.18,1216,0.00,0.00,-3.77,6 483.89,sl 71517.80
2026.04.08 03:36:51,1217,EURUSD,sell,out,0.05,1.16669,1217,-0.18,0.00,-0.65,6 483.06,sl 1.16669
2026.04.08 04:00:00,1218,EURUSD,buy,in,0.05,1.16721,1218,-0.18,0.00,0.00,6 482.88,WP Buy #M20260524
2026.04.08 04:00:00,1219,AUDUSD,buy,in,0.05,0.70540,1219,-0.18,0.00,0.00,6 482.70,WP Buy #M20260525
2026.04.08 06:12:38,1220,AUDUSD,sell,out,0.05,0.70487,1220,-0.18,0.00,-2.65,6 479.87,sl 0.70487
2026.04.08 11:42:00,1221,EURUSD,sell,out,0.05,1.16784,1221,-0.18,0.00,3.15,6 482.84,sl 1.16786
2026.04.08 13:15:01,1222,DE40,buy,in,0.1,23958.70,1222,0.00,0.00,0.00,6 482.84,SimpleTrendline BUY #M26042502
2026.04.08 16:30:00,1223,DE40,sell,out,0.1,24108.00,1223,0.00,0.00,17.47,6 500.31,
2026.04.08 16:35:00,1224,MU.NAS,sell,out,32.4,410.03,1224,-0.65,-0.01,1 172.88,7 672.53,
2026.04.08 16:35:01,1225,NVDA.NAS,sell,out,32.4,184.31,1225,-0.65,-0.01,301.00,7 972.87,
2026.04.08 16:50:00,1226,AAPL.NAS,buy,in,19.9,258.640,1226,-0.40,0.00,0.00,7 972.47,RSI Scalping Buy #M20001
2026.04.08 17:03:12,1227,AAPL.NAS,sell,out,19.9,258.700,1227,-0.40,0.00,1.19,7 973.26,sl 258.720
2026.04.08 17:15:00,1228,DE40,buy,in,0.1,24100.80,1228,0.00,0.00,0.00,7 973.26,SimpleTrendline BUY #M26042502
2026.04.08 17:20:00,1229,AAPL.NAS,sell,in,19.9,258.400,1229,-0.40,0.00,0.00,7 972.86,RSI Scalping Sell #M20001
2026.04.08 17:25:58,1230,AAPL.NAS,buy,out,19.9,258.240,1230,-0.40,0.00,3.18,7 975.64,sl 258.200
2026.04.08 17:30:00,1231,DE40,sell,out,0.1,24043.80,1231,0.00,0.00,-6.67,7 968.97,
2026.04.08 18:00:00,1232,BTCUSD,sell,in,0.02,70914.86,1232,0.00,0.00,0.00,7 968.97,SimpleTrendline SELL #M26042501
2026.04.08 20:00:00,1233,BTCUSD,buy,out,0.02,71602.68,1233,0.00,0.00,-13.76,7 955.21,
2026.04.09 02:00:00,1234,BTCUSD,sell,in,0.02,71055.04,1234,0.00,0.00,0.00,7 955.21,SimpleTrendline SELL #M26042501
2026.04.09 03:45:00,1235,DE40,sell,in,0.1,23937.30,1235,0.00,0.00,0.00,7 955.21,SimpleTrendline SELL #M26042502
2026.04.09 04:00:00,1236,XBRUSD,buy,in,0.5,100.07,1236,0.00,0.00,0.00,7 955.21,WP Buy #M20260534
2026.04.09 08:45:02,1237,DE40,buy,out,0.1,23952.50,1237,0.00,0.00,-1.77,7 953.44,
2026.04.09 09:00:00,1238,DE40,sell,in,0.1,23926.30,1238,0.00,0.00,0.00,7 953.44,SimpleTrendline SELL #M26042502
2026.04.09 10:00:00,1239,DE40,buy,out,0.1,23958.90,1239,0.00,0.00,-3.80,7 949.64,
2026.04.09 12:06:46,1240,XBRUSD,sell,out,0.5,99.83,1240,0.00,0.00,-12.00,7 937.64,sl 99.83
2026.04.09 17:45:00,1241,MU.NAS,buy,in,31.7,400.95,1241,-0.63,0.00,0.00,7 937.01,RSI Scalping Buy #M20004
2026.04.09 18:00:00,1242,XTIUSD,buy,in,0.5,102.05,1242,0.00,0.00,0.00,7 937.01,WP Buy #M20260533
2026.04.09 18:14:18,1243,XTIUSD,sell,out,0.5,101.85,1243,0.00,0.00,-10.00,7 927.01,sl 101.85
2026.04.09 19:00:00,1244,BTCUSD,buy,out,0.02,72149.51,1244,0.00,0.00,-21.89,7 905.12,
2026.04.09 19:00:00,1245,AUDUSD,buy,in,0.05,0.70852,1245,-0.18,0.00,0.00,7 904.94,WP Buy #M20260525
2026.04.09 21:00:19,1246,XNGUSD,sell,in,0.09,2.6680,1246,0.00,0.00,0.00,7 904.94,WP Sell #M20260535
2026.04.09 21:02:23,1247,XNGUSD,buy,out,0.09,2.6780,1247,0.00,0.00,-9.00,7 895.94,sl 2.6780
2026.04.09 21:12:46,1248,MU.NAS,sell,out,31.7,410.40,1248,-0.63,0.00,299.57,8 194.88,sl 410.41
2026.04.10 01:00:13,1249,EURUSD,buy,out,0.16,1.17032,1249,-0.56,1.03,-166.72,8 028.63,
2026.04.10 02:00:01,1250,XAUUSD,buy,in,0.2,4764.38,1250,-0.70,0.00,0.00,8 027.93,EMA Crossover Trade BUY #M12350
2026.04.10 04:00:19,1251,XAUUSD,sell,out,0.2,4762.53,1251,-0.70,0.00,-37.00,7 990.23,sl 4762.54
2026.04.10 04:45:00,1252,XAUUSD,buy,in,0.03,4771.96,1252,-0.11,0.00,0.00,7 990.12,United SuperEMA long #M940001
2026.04.10 05:15:00,1253,XAUUSD,sell,out,0.03,4752.60,1253,-0.11,0.00,-58.08,7 931.93,
2026.04.10 05:15:01,1254,XAUUSD,sell,in,0.07,4752.60,1254,-0.25,0.00,0.00,7 931.68,RSIConsolidation SELL #M2025042
2026.04.10 05:15:02,1255,XAUUSD,buy,out,0.07,4752.64,1255,-0.25,0.00,-0.28,7 931.15,
2026.04.10 06:00:00,1256,XAUUSD,sell,in,0.01,4753.06,1256,-0.04,0.00,0.00,7 931.11,SimpleTrendline SELL #M26042503
2026.04.10 07:00:00,1257,XAUUSD,buy,in,0.09,4766.76,1257,-0.32,0.00,0.00,7 930.79,RSI Reverse BUY #M1002
2026.04.10 07:00:00,1258,XAUUSD,buy,in,0.03,4766.80,1258,-0.11,0.00,0.00,7 930.68,United SuperEMA long #M940001
2026.04.10 07:00:00,1259,XAUUSD,buy,out,0.01,4766.62,1259,-0.04,0.00,-13.56,7 917.08,
2026.04.10 09:15:02,1260,XAUUSD,sell,out,0.03,4756.08,1260,-0.11,0.00,-32.16,7 884.81,
2026.04.10 14:00:00,1261,XAUUSD,sell,in,0.06,4757.30,1261,-0.21,0.00,0.00,7 884.60,RSIConsolidation SELL #M2025042
2026.04.10 15:30:03,1262,XAUUSD,buy,out,0.06,4775.33,1262,-0.21,0.00,-108.18,7 776.21,sl 4774.02
2026.04.10 15:45:00,1263,XAUUSD,sell,in,0.06,4772.97,1263,-0.21,0.00,0.00,7 776.00,RSIConsolidation SELL #M2025042
2026.04.10 17:00:00,1264,XAUUSD,buy,in,0.31,4776.30,1264,-1.09,0.00,0.00,7 774.91,RSI Scalping Buy #M129102315
2026.04.10 17:02:54,1265,XAUUSD,sell,out,0.31,4778.86,1265,-1.09,0.00,79.36,7 853.18,sl 4779.07
2026.04.10 17:24:58,1266,XAUUSD,buy,out,0.06,4791.04,1266,-0.21,0.00,-108.42,7 744.55,sl 4790.86
2026.04.10 18:00:00,1267,XAUUSD,sell,in,0.07,4774.49,1267,-0.25,0.00,0.00,7 744.30,RSIConsolidation SELL #M2025042
2026.04.10 18:45:00,1268,XAUUSD,buy,out,0.07,4766.06,1268,-0.25,0.00,59.01,7 803.06,
2026.04.13 00:01:00,1269,AUDUSD,sell,out,0.05,0.69863,1269,-0.18,-0.20,-49.45,7 753.23,sl 0.70452
2026.04.13 00:01:00,1270,AUDUSD,buy,in,0.31,0.70006,1270,-1.09,0.00,0.00,7 752.14,RSI Oversold Crossover Buy #M30
2026.04.13 02:00:00,1271,XAUUSD,sell,out,0.08,4659.06,1271,-0.28,-68.53,1 152.16,8 835.49,
2026.04.13 02:00:00,1272,XAUUSD,sell,out,0.09,4658.76,1272,-0.32,-5.14,-972.00,7 858.03,
2026.04.13 05:00:00,1273,XAUUSD,buy,in,0.11,4721.38,1273,-0.39,0.00,0.00,7 857.64,RSI Follow BUY #M1001
2026.04.13 06:00:00,1274,XAUUSD,sell,in,0.07,4720.67,1274,-0.25,0.00,0.00,7 857.39,RSIConsolidation SELL #M2025042
2026.04.13 06:00:00,1275,BTCUSD,sell,in,0.02,71088.16,1275,0.00,0.00,0.00,7 857.39,SimpleTrendline SELL #M26042501
2026.04.13 07:30:00,1276,XAUUSD,buy,out,0.07,4712.86,1276,-0.25,0.00,54.67,7 911.81,
2026.04.13 07:32:06,1277,AUDUSD,sell,out,0.31,0.70404,1277,-1.09,0.00,123.38,8 034.10,
2026.04.13 09:30:00,1278,XAUUSD,sell,in,0.08,4732.21,1278,-0.28,0.00,0.00,8 033.82,RSIConsolidation SELL #M2025042
2026.04.13 11:45:00,1279,XAUUSD,buy,out,0.08,4722.42,1279,-0.28,0.00,78.32,8 111.86,
2026.04.13 16:00:00,1280,BTCUSD,buy,out,0.02,71095.11,1280,0.00,0.00,-0.14,8 111.72,
2026.04.13 16:45:01,1281,MU.NAS,sell,in,40.5,411.53,1281,-0.81,0.00,0.00,8 110.91,RSI Scalping Sell #M20004
2026.04.13 16:45:01,1282,NVDA.NAS,sell,in,20.2,186.20,1282,-0.40,0.00,0.00,8 110.51,RSI Scalping Sell #M20003
2026.04.13 16:49:02,1283,MU.NAS,buy,out,40.5,412.63,1283,-0.81,0.00,-44.55,8 065.15,sl 412.62
2026.04.13 17:00:00,1284,XAUUSD,sell,in,0.08,4730.46,1284,-0.28,0.00,0.00,8 064.87,RSIConsolidation SELL #M2025042
2026.04.13 17:00:01,1285,MU.NAS,buy,in,40.3,416.52,1285,-0.81,0.00,0.00,8 064.06,RSI Scalping Buy #M20004
2026.04.13 17:02:41,1286,MU.NAS,sell,out,40.3,414.00,1286,-0.81,0.00,-101.56,7 961.69,sl 414.05
2026.04.13 17:15:00,1287,MU.NAS,sell,in,39.8,411.53,1287,-0.80,0.00,0.00,7 960.89,RSI Scalping Sell #M20004
2026.04.13 17:30:00,1288,XAUUSD,buy,out,0.08,4715.56,1288,-0.28,0.00,119.20,8 079.81,
2026.04.13 18:00:01,1289,NVDA.NAS,buy,out,20.2,189.35,1289,-0.40,0.00,-63.63,8 015.78,
2026.04.13 18:30:01,1290,MU.NAS,buy,out,39.8,417.88,1290,-0.80,0.00,-252.73,7 762.25,
2026.04.13 19:00:00,1291,TSLA.NAS,sell,in,58.2,350.87,1291,-1.16,0.00,0.00,7 761.09,RSI Scalping Sell #M125421321
2026.04.13 20:00:01,1292,TSLA.NAS,buy,out,58.2,352.90,1292,-1.16,0.00,-118.15,7 641.78,
2026.04.13 20:15:00,1293,XAUUSD,sell,in,0.07,4731.21,1293,-0.25,0.00,0.00,7 641.53,RSIConsolidation SELL #M2025042
2026.04.13 20:42:16,1294,XNGUSD,sell,in,0.11,2.6340,1294,0.00,0.00,0.00,7 641.53,WP Sell #M20260535
2026.04.13 21:00:00,1295,XAUUSD,buy,out,0.07,4730.28,1295,-0.25,0.00,6.51,7 647.79,
2026.04.13 21:15:00,1296,XAUUSD,sell,in,0.07,4730.18,1296,-0.25,0.00,0.00,7 647.54,RSIConsolidation SELL #M2025042
2026.04.13 21:15:01,1297,XAUUSD,buy,out,0.07,4730.29,1297,-0.25,0.00,-0.77,7 646.52,
2026.04.13 21:24:35,1298,XNGUSD,buy,out,0.11,2.6350,1298,0.00,0.00,-1.10,7 645.42,sl 2.6350
2026.04.13 22:00:00,1299,EURUSD,buy,in,0.06,1.17645,1299,-0.21,0.00,0.00,7 645.21,WP Buy #M20260524
2026.04.13 22:00:00,1300,AUDUSD,buy,in,0.06,0.70992,1300,-0.21,0.00,0.00,7 645.00,WP Buy #M20260525
2026.04.13 23:00:00,1301,BTCUSD,buy,in,0.38,73366.49,1301,0.00,0.00,0.00,7 645.00,RSI Scalping Buy #M123459123
2026.04.13 23:00:00,1302,XAUUSD,sell,in,0.07,4741.39,1302,-0.25,0.00,0.00,7 644.75,RSIConsolidation SELL #M2025042
2026.04.13 23:00:06,1303,BTCUSD,sell,out,0.38,73367.45,1303,0.00,0.00,0.36,7 645.11,sl 73367.48
2026.04.14 01:55:36,1304,XAUUSD,buy,out,0.07,4756.54,1304,-0.25,2.82,-106.05,7 541.63,sl 4756.54
2026.04.14 02:00:00,1305,BTCUSD,buy,in,0.37,74660.86,1305,0.00,0.00,0.00,7 541.63,RSI Scalping Buy #M123459123
2026.04.14 02:00:13,1306,BTCUSD,sell,out,0.37,74677.95,1306,0.00,0.00,6.32,7 547.95,sl 74681.64
2026.04.14 10:00:00,1307,DE40,buy,in,0.1,23943.10,1307,0.00,0.00,0.00,7 547.95,SimpleTrendline BUY #M26042502
2026.04.14 12:30:00,1308,DE40,sell,out,0.1,23983.20,1308,0.00,0.00,4.73,7 552.68,
2026.04.14 14:30:00,1309,DE40,buy,in,0.1,23985.70,1309,0.00,0.00,0.00,7 552.68,SimpleTrendline BUY #M26042502
2026.04.14 17:00:00,1310,BTCUSD,buy,in,0.37,75569.50,1310,0.00,0.00,0.00,7 552.68,RSI Scalping Buy #M123459123
2026.04.14 17:00:06,1311,BTCUSD,sell,out,0.37,75571.58,1311,0.00,0.00,0.77,7 553.45,sl 75571.83
2026.04.14 21:14:18,1312,SOXX.NAS,buy,in,0.1,400.060,1312,-0.02,0.00,0.00,7 553.43,WP Buy #M20260532
2026.04.14 21:25:29,1313,SOXX.NAS,sell,out,0.1,399.010,1313,-0.02,0.00,-0.11,7 553.30,sl 399.760
2026.04.15 00:01:00,1314,AUDUSD,sell,out,0.06,0.71091,1314,-0.21,-0.24,5.94,7 558.79,sl 0.71239
2026.04.15 03:30:00,1315,DE40,sell,out,0.1,24060.40,1315,0.00,-0.53,8.81,7 567.07,
2026.04.15 04:00:11,1316,DE40,buy,in,0.1,24049.10,1316,0.00,0.00,0.00,7 567.07,SimpleTrendline BUY #M26042502
2026.04.15 04:45:03,1317,DE40,sell,out,0.1,24038.40,1317,0.00,0.00,-1.26,7 565.81,
2026.04.15 05:31:00,1318,EURUSD,sell,out,0.06,1.17811,1318,-0.21,-1.00,9.96,7 574.56,sl 1.17811
2026.04.15 07:30:02,1319,DE40,sell,in,0.1,24030.90,1319,0.00,0.00,0.00,7 574.56,SimpleTrendline SELL #M26042502
2026.04.15 09:30:00,1320,DE40,buy,out,0.1,24048.50,1320,0.00,0.00,-2.07,7 572.49,
2026.04.15 09:45:01,1321,DE40,buy,in,0.1,24075.50,1321,0.00,0.00,0.00,7 572.49,SimpleTrendline BUY #M26042502
2026.04.15 11:00:00,1322,DE40,sell,out,0.1,24050.00,1322,0.00,0.00,-3.00,7 569.49,
2026.04.15 11:45:00,1323,DE40,buy,in,0.1,24089.50,1323,0.00,0.00,0.00,7 569.49,SimpleTrendline BUY #M26042502
2026.04.15 12:30:06,1324,DE40,sell,out,0.1,24037.00,1324,0.00,0.00,-6.19,7 563.30,
2026.04.15 15:00:00,1325,DE40,buy,in,0.1,24067.50,1325,0.00,0.00,0.00,7 563.30,SimpleTrendline BUY #M26042502
2026.04.15 15:30:00,1326,DE40,sell,out,0.1,24058.00,1326,0.00,0.00,-1.12,7 562.18,
2026.04.15 17:00:00,1327,TSLA.NAS,buy,in,45.3,370.55,1327,-0.91,0.00,0.00,7 561.27,RSI Scalping Buy #M125421321
2026.04.15 17:30:01,1328,MU.NAS,buy,in,30.2,450.14,1328,-0.60,0.00,0.00,7 560.67,RSI Scalping Buy #M20004
2026.04.15 18:00:11,1329,MU.NAS,sell,out,30.2,450.02,1329,-0.60,0.00,-3.62,7 556.45,sl 450.06
2026.04.15 19:10:02,1330,AAPL.NAS,buy,in,15.1,265.320,1330,-0.30,0.00,0.00,7 556.15,RSI Scalping Buy #M20001
2026.04.15 19:15:02,1331,MU.NAS,buy,in,30.2,447.58,1331,-0.60,0.00,0.00,7 555.55,RSI Scalping Buy #M20004
2026.04.15 19:15:03,1332,DE40,buy,in,0.1,24066.60,1332,0.00,0.00,0.00,7 555.55,SimpleTrendline BUY #M26042502
2026.04.15 19:19:06,1333,AAPL.NAS,sell,out,15.1,265.350,1333,-0.30,0.00,0.45,7 555.70,sl 265.350
2026.04.15 19:45:02,1334,DE40,sell,out,0.1,24029.30,1334,0.00,0.00,-4.39,7 551.31,
2026.04.15 20:00:01,1335,NVDA.NAS,sell,in,18.8,197.05,1335,-0.38,0.00,0.00,7 550.93,RSI Scalping Sell #M20003
2026.04.15 20:00:01,1336,AAPL.NAS,buy,in,0.1,265.480,1336,-0.02,0.00,0.00,7 550.91,WP Buy #M20260528
2026.04.15 20:01:53,1337,AAPL.NAS,sell,out,0.1,265.290,1337,-0.02,0.00,-0.02,7 550.87,sl 265.290
2026.04.15 20:30:00,1338,NVDA.NAS,buy,out,18.8,196.99,1338,-0.38,0.00,1.13,7 551.62,
2026.04.15 20:30:00,1339,NVDA.NAS,sell,in,18.8,196.98,1339,-0.38,0.00,0.00,7 551.24,RSI Scalping Sell #M20003
2026.04.15 20:45:00,1340,NVDA.NAS,buy,out,18.8,196.81,1340,-0.38,0.00,3.20,7 554.06,
2026.04.15 21:15:01,1341,NVDA.NAS,buy,in,37.7,196.85,1341,-0.75,0.00,0.00,7 553.31,RSI Scalping Buy #M20003
2026.04.15 21:30:01,1342,DE40,buy,in,0.1,24075.10,1342,0.00,0.00,0.00,7 553.31,SimpleTrendline BUY #M26042502
2026.04.15 22:00:01,1343,AAPL.NAS,buy,in,0.1,265.650,1343,-0.02,0.00,0.00,7 553.29,WP Buy #M20260528
2026.04.15 22:04:08,1344,AAPL.NAS,sell,out,0.1,265.660,1344,-0.02,0.00,0.00,7 553.27,sl 265.660
2026.04.15 23:00:00,1345,DE40,sell,out,0.1,24063.20,1345,0.00,0.00,-1.40,7 551.87,
2026.04.16 01:30:03,1346,DE40,buy,in,0.1,24087.60,1346,0.00,0.00,0.00,7 551.87,SimpleTrendline BUY #M26042502
2026.04.16 10:15:00,1347,DE40,sell,out,0.1,24070.70,1347,0.00,0.00,-1.99,7 549.88,
2026.04.16 16:35:00,1348,MU.NAS,sell,out,30.2,450.70,1348,-0.60,0.00,94.22,7 643.50,sl 452.14
2026.04.16 16:37:16,1349,TSLA.NAS,sell,out,45.3,385.52,1349,-0.91,-0.01,678.14,8 320.72,sl 385.57
2026.04.16 20:00:00,1350,XBRUSD,buy,in,0.5,100.87,1350,0.00,0.00,0.00,8 320.72,WP Buy #M20260534
2026.04.16 21:30:01,1351,MU.NAS,sell,in,41.6,452.43,1351,-0.83,0.00,0.00,8 319.89,RSI Scalping Sell #M20004
2026.04.16 22:45:01,1352,MU.NAS,buy,out,41.6,455.78,1352,-0.83,0.00,-139.36,8 179.70,
2026.04.16 23:38:55,1353,XBRUSD,sell,out,0.5,99.37,1353,0.00,0.00,-75.00,8 104.70,sl 99.37
2026.04.17 07:15:06,1354,DE40,buy,in,0.2,24138.20,1354,0.00,0.00,0.00,8 104.70,SimpleTrendline BUY #M26042502
2026.04.17 09:30:00,1355,DE40,sell,out,0.2,24126.60,1355,0.00,0.00,-2.73,8 101.97,
2026.04.17 16:40:01,1356,AAPL.NAS,buy,in,20.2,268.200,1356,-0.40,0.00,0.00,8 101.57,RSI Scalping Buy #M20001
2026.04.17 16:49:16,1357,AAPL.NAS,sell,out,20.2,268.300,1357,-0.40,0.00,2.02,8 103.19,sl 268.310
2026.04.17 17:00:00,1358,BTCUSD,buy,in,0.4,77392.15,1358,0.00,0.00,0.00,8 103.19,RSI Scalping Buy #M123459123
2026.04.17 17:00:01,1359,BTCUSD,sell,out,0.4,77408.14,1359,0.00,0.00,6.40,8 109.59,sl 77414.87
2026.04.17 17:00:01,1360,AAPL.NAS,buy,in,20.2,268.980,1360,-0.40,0.00,0.00,8 109.19,RSI Scalping Buy #M20001
2026.04.17 17:00:11,1361,SOXX.NAS,buy,in,0.1,411.370,1361,-0.02,0.00,0.00,8 109.17,WP Buy #M20260532
2026.04.17 17:00:34,1362,SOXX.NAS,sell,out,0.1,411.410,1362,-0.02,0.00,0.00,8 109.15,sl 411.420
2026.04.17 17:03:36,1363,AAPL.NAS,sell,out,20.2,269.040,1363,-0.40,0.00,1.21,8 109.96,sl 269.060
2026.04.17 17:50:01,1364,AAPL.NAS,buy,in,20.2,270.360,1364,-0.40,0.00,0.00,8 109.56,RSI Scalping Buy #M20001
2026.04.17 18:00:01,1365,TSLA.NAS,buy,in,60.8,406.41,1365,-1.22,0.00,0.00,8 108.34,RSI Scalping Buy #M125421321
2026.04.17 18:00:02,1366,SOXX.NAS,buy,in,0.1,413.190,1366,-0.02,0.00,0.00,8 108.32,WP Buy #M20260532
2026.04.17 18:00:14,1367,SOXX.NAS,sell,out,0.1,412.880,1367,-0.02,0.00,-0.03,8 108.27,sl 412.890
2026.04.17 18:03:48,1368,AAPL.NAS,sell,out,20.2,271.280,1368,-0.40,0.00,18.58,8 126.45,sl 271.280
2026.04.17 18:50:02,1369,AAPL.NAS,sell,in,20.3,271.540,1369,-0.41,0.00,0.00,8 126.04,RSI Scalping Sell #M20001
2026.04.17 18:56:48,1370,AAPL.NAS,buy,out,20.3,271.290,1370,-0.41,0.00,5.08,8 130.71,sl 271.290
2026.04.17 19:00:01,1371,MU.NAS,sell,in,40.6,452.53,1371,-0.81,0.00,0.00,8 129.90,RSI Scalping Sell #M20004
2026.04.17 19:00:03,1372,AAPL.NAS,buy,in,0.1,270.960,1372,-0.02,0.00,0.00,8 129.88,WP Buy #M20260528
2026.04.17 19:04:38,1373,AAPL.NAS,sell,out,0.1,271.360,1373,-0.02,0.00,0.04,8 129.90,tp 271.360
2026.04.17 20:15:00,1374,MU.NAS,buy,out,40.6,458.86,1374,-0.81,0.00,-257.00,7 872.09,
2026.04.17 21:00:00,1375,TSLA.NAS,sell,out,60.8,402.00,1375,-1.22,0.00,-268.13,7 602.74,
2026.04.17 22:45:01,1376,MU.NAS,buy,in,38,456.09,1376,-0.76,0.00,0.00,7 601.98,RSI Scalping Buy #M20004
2026.04.20 03:00:00,1377,XAUUSD,sell,out,0.11,4755.16,1377,-0.39,-43.96,371.58,7 929.21,
2026.04.20 07:15:01,1378,DE40,buy,in,0.1,24425.00,1378,0.00,0.00,0.00,7 929.21,SimpleTrendline BUY #M26042502
2026.04.20 07:30:06,1379,DE40,sell,out,0.1,24411.80,1379,0.00,0.00,-1.56,7 927.65,
2026.04.20 16:35:45,1380,MU.NAS,sell,out,38,453.47,1380,-0.76,-0.02,-99.56,7 827.31,sl 453.64
2026.04.20 16:45:00,1381,MU.NAS,sell,in,39.1,453.55,1381,-0.78,0.00,0.00,7 826.53,RSI Scalping Sell #M20004
2026.04.20 17:00:00,1382,MU.NAS,buy,out,39.1,451.57,1382,-0.78,0.00,77.42,7 903.17,
2026.04.20 18:00:01,1383,TSLA.NAS,sell,in,59.2,390.40,1383,-1.18,0.00,0.00,7 901.99,RSI Scalping Sell #M125421321
2026.04.20 18:07:19,1384,NVDA.NAS,sell,out,37.7,197.88,1384,-0.75,-0.04,38.83,7 940.03,sl 197.91
2026.04.20 18:30:00,1385,NVDA.NAS,buy,in,39.7,199.30,1385,-0.79,0.00,0.00,7 939.24,RSI Scalping Buy #M20003
2026.04.20 19:30:02,1386,MU.NAS,buy,in,39.6,443.01,1386,-0.79,0.00,0.00,7 938.45,RSI Scalping Buy #M20004
2026.04.20 20:00:01,1387,TSLA.NAS,buy,out,59.2,391.07,1387,-1.18,0.00,-39.66,7 897.61,
2026.04.21 02:00:05,1388,XNGUSD,sell,in,0.11,2.6680,1388,0.00,0.00,0.00,7 897.61,WP Sell #M20260535
2026.04.21 03:45:58,1389,XNGUSD,buy,out,0.11,2.6680,1389,0.00,0.00,0.00,7 897.61,sl 2.6680
2026.04.21 16:42:31,1390,MU.NAS,sell,out,39.6,451.96,1390,-0.79,-0.01,354.42,8 251.23,sl 451.96
2026.04.21 18:00:01,1391,MU.NAS,sell,in,41.2,443.72,1391,-0.82,0.00,0.00,8 250.41,RSI Scalping Sell #M20004
2026.04.21 18:00:01,1392,TSLA.NAS,sell,in,61.8,390.50,1392,-1.24,0.00,0.00,8 249.17,RSI Scalping Sell #M125421321
2026.04.21 18:15:00,1393,MU.NAS,buy,out,41.2,445.26,1393,-0.82,0.00,-63.45,8 184.90,sl 445.23
2026.04.21 18:15:01,1394,MU.NAS,buy,in,40.9,445.26,1394,-0.82,0.00,0.00,8 184.08,RSI Scalping Buy #M20004
2026.04.21 19:07:58,1395,MU.NAS,sell,out,40.9,445.80,1395,-0.82,0.00,22.09,8 205.35,sl 446.08
2026.04.21 20:00:00,1396,XTIUSD,buy,in,0.5,92.97,1396,0.00,0.00,0.00,8 205.35,WP Buy #M20260533
2026.04.21 20:15:01,1397,NVDA.NAS,sell,out,39.7,199.50,1397,-0.79,-0.01,7.94,8 212.49,
2026.04.21 20:38:52,1398,XTIUSD,sell,out,0.5,93.08,1398,0.00,0.00,5.50,8 217.99,sl 93.08
2026.04.21 20:45:01,1399,NVDA.NAS,buy,in,41,200.08,1399,-0.82,0.00,0.00,8 217.17,RSI Scalping Buy #M20003
2026.04.22 08:00:00,1400,DE40,sell,in,0.1,24206.80,1400,0.00,0.00,0.00,8 217.17,SimpleTrendline SELL #M26042502
2026.04.22 08:15:02,1401,DE40,buy,out,0.1,24247.50,1401,0.00,0.00,-4.79,8 212.38,
2026.04.22 08:30:00,1402,DE40,buy,in,0.1,24298.50,1402,0.00,0.00,0.00,8 212.38,SimpleTrendline BUY #M26042502
2026.04.22 11:30:00,1403,DE40,sell,out,0.1,24242.80,1403,0.00,0.00,-6.56,8 205.82,
2026.04.22 12:00:00,1404,DE40,buy,in,0.1,24286.30,1404,0.00,0.00,0.00,8 205.82,SimpleTrendline BUY #M26042502
2026.04.22 13:00:00,1405,DE40,sell,out,0.1,24213.30,1405,0.00,0.00,-8.60,8 197.22,
2026.04.22 13:15:00,1406,DE40,sell,in,0.1,24184.80,1406,0.00,0.00,0.00,8 197.22,SimpleTrendline SELL #M26042502
2026.04.22 13:30:00,1407,DE40,buy,out,0.1,24214.80,1407,0.00,0.00,-3.53,8 193.69,
2026.04.22 15:00:00,1408,BTCUSD,buy,in,0.32,78326.92,1408,0.00,0.00,0.00,8 193.69,RSI Scalping Buy #M123459123
2026.04.22 15:02:19,1409,BTCUSD,sell,out,0.32,78339.79,1409,0.00,0.00,4.12,8 197.81,sl 78340.11
2026.04.22 15:15:00,1410,DE40,buy,in,0.1,24294.80,1410,0.00,0.00,0.00,8 197.81,SimpleTrendline BUY #M26042502
2026.04.22 15:30:00,1411,DE40,sell,out,0.1,24265.30,1411,0.00,0.00,-3.48,8 194.33,
2026.04.22 17:00:00,1412,BTCUSD,buy,in,0.4,78865.79,1412,0.00,0.00,0.00,8 194.33,RSI Scalping Buy #M123459123
2026.04.22 17:01:17,1413,BTCUSD,sell,out,0.4,78871.06,1413,0.00,0.00,2.11,8 196.44,sl 78876.28
2026.04.22 18:00:00,1414,XBRUSD,buy,in,0.5,101.99,1414,0.00,0.00,0.00,8 196.44,WP Buy #M20260534
2026.04.22 18:00:01,1415,TSLA.NAS,buy,out,61.8,391.34,1415,-1.24,0.00,-51.91,8 143.29,
2026.04.22 19:00:00,1416,XTIUSD,buy,in,0.5,95.48,1416,0.00,0.00,0.00,8 143.29,WP Buy #M20260533
2026.04.22 19:00:01,1417,TSLA.NAS,sell,in,30.5,390.81,1417,-0.61,0.00,0.00,8 142.68,RSI Scalping Sell #M125421321
2026.04.22 19:01:51,1418,SOXX.NAS,buy,in,0.1,427.640,1418,-0.02,0.00,0.00,8 142.66,WP Buy #M20260532
2026.04.22 19:04:38,1419,SOXX.NAS,sell,out,0.1,428.240,1419,-0.02,0.00,0.06,8 142.70,tp 428.240
2026.04.22 20:00:15,1420,SOXX.NAS,buy,in,0.1,428.720,1420,-0.02,0.00,0.00,8 142.68,WP Buy #M20260532
2026.04.22 20:01:17,1421,SOXX.NAS,sell,out,0.1,428.690,1421,-0.02,0.00,0.00,8 142.66,sl 428.760
2026.04.22 20:10:13,1422,XTIUSD,sell,out,0.5,95.21,1422,0.00,0.00,-13.50,8 129.16,sl 95.23
2026.04.22 20:10:30,1423,XBRUSD,sell,out,0.5,101.94,1423,0.00,0.00,-2.50,8 126.66,sl 102.01
2026.04.22 21:00:15,1424,SOXX.NAS,buy,in,0.1,430.970,1424,-0.02,0.00,0.00,8 126.64,WP Buy #M20260532
2026.04.22 21:04:31,1425,SOXX.NAS,sell,out,0.1,431.090,1425,-0.02,0.00,0.01,8 126.63,sl 431.110
2026.04.23 13:15:00,1426,DE40,sell,in,0.1,24020.70,1426,0.00,0.00,0.00,8 126.63,SimpleTrendline SELL #M26042502
2026.04.23 13:30:00,1427,DE40,buy,out,0.1,24053.20,1427,0.00,0.00,-3.83,8 122.80,
2026.04.23 16:35:01,1428,TSLA.NAS,buy,out,30.5,379.04,1428,-0.61,0.00,358.99,8 481.18,
2026.04.23 16:45:01,1429,MU.NAS,sell,in,42.4,477.58,1429,-0.85,0.00,0.00,8 480.33,RSI Scalping Sell #M20004
2026.04.23 16:52:57,1430,MU.NAS,buy,out,42.4,479.87,1430,-0.85,0.00,-97.10,8 382.38,sl 479.85
2026.04.23 17:00:03,1431,MU.NAS,buy,in,41.9,479.47,1431,-0.84,0.00,0.00,8 381.54,RSI Scalping Buy #M20004
2026.04.23 17:00:03,1432,SOXX.NAS,buy,in,0.1,440.250,1432,-0.02,0.00,0.00,8 381.52,WP Buy #M20260532
2026.04.23 17:00:07,1433,SOXX.NAS,sell,out,0.1,439.950,1433,-0.02,0.00,-0.03,8 381.47,sl 439.950
2026.04.23 17:40:43,1434,MU.NAS,sell,out,41.9,479.14,1434,-0.84,0.00,-13.83,8 366.80,sl 479.14
2026.04.23 18:00:01,1435,SOXX.NAS,buy,in,0.1,443.380,1435,-0.02,0.00,0.00,8 366.78,WP Buy #M20260532
2026.04.23 18:00:46,1436,SOXX.NAS,sell,out,0.1,443.400,1436,-0.02,0.00,0.00,8 366.76,sl 443.410
2026.04.23 19:00:00,1437,SOXX.NAS,buy,in,0.1,444.690,1437,-0.02,0.00,0.00,8 366.74,WP Buy #M20260532
2026.04.23 19:00:37,1438,SOXX.NAS,sell,out,0.1,444.390,1438,-0.02,0.00,-0.03,8 366.69,sl 444.390
2026.04.23 20:10:04,1439,NVDA.NAS,sell,out,41,200.04,1439,-0.82,-0.02,-1.64,8 364.21,sl 200.05
2026.04.23 20:15:00,1440,NVDA.NAS,sell,in,33.4,200.16,1440,-0.67,0.00,0.00,8 363.54,RSI Scalping Sell #M20003
2026.04.23 20:30:01,1441,NVDA.NAS,buy,out,33.4,199.45,1441,-0.67,0.00,23.71,8 386.58,
2026.04.23 20:45:00,1442,MU.NAS,sell,in,41.9,476.38,1442,-0.84,0.00,0.00,8 385.74,RSI Scalping Sell #M20004
2026.04.23 20:53:27,1443,MU.NAS,buy,out,41.9,477.27,1443,-0.84,0.00,-37.29,8 347.61,sl 477.15
2026.04.23 21:00:00,1444,MU.NAS,buy,in,41.7,479.00,1444,-0.83,0.00,0.00,8 346.78,RSI Scalping Buy #M20004
2026.04.23 21:26:46,1445,MU.NAS,sell,out,41.7,477.42,1445,-0.83,0.00,-65.89,8 280.06,sl 477.44
2026.04.23 22:00:00,1446,MU.NAS,sell,in,41.4,474.43,1446,-0.83,0.00,0.00,8 279.23,RSI Scalping Sell #M20004
2026.04.23 22:00:01,1447,NVDA.NAS,sell,in,41.4,198.34,1447,-0.83,0.00,0.00,8 278.40,RSI Scalping Sell #M20003
2026.04.23 22:16:34,1448,MU.NAS,buy,out,41.4,477.20,1448,-0.83,0.00,-114.68,8 162.89,sl 477.07
2026.04.23 22:30:01,1449,MU.NAS,buy,in,40.8,476.76,1449,-0.82,0.00,0.00,8 162.07,RSI Scalping Buy #M20004
2026.04.24 14:30:00,1450,DE40,buy,in,0.1,24314.10,1450,0.00,0.00,0.00,8 162.07,SimpleTrendline BUY #M26042502
2026.04.24 14:45:00,1451,DE40,sell,out,0.1,24198.10,1451,0.00,0.00,-13.67,8 148.40,
2026.04.24 15:15:00,1452,DE40,buy,in,0.1,24243.10,1452,0.00,0.00,0.00,8 148.40,SimpleTrendline BUY #M26042502
2026.04.24 15:30:00,1453,DE40,sell,out,0.1,24208.60,1453,0.00,0.00,-4.06,8 144.34,
2026.04.24 16:43:10,1454,MU.NAS,sell,out,40.8,500.81,1454,-0.82,-0.01,981.24,9 124.75,sl 500.90
2026.04.24 16:45:00,1455,NVDA.NAS,buy,out,41.4,201.77,1455,-0.83,0.00,-142.00,8 981.92,
2026.04.24 19:00:02,1456,SOXX.NAS,buy,in,0.1,461.170,1456,-0.02,0.00,0.00,8 981.90,WP Buy #M20260532
2026.04.24 19:00:37,1457,SOXX.NAS,sell,out,0.1,461.170,1457,-0.02,0.00,0.00,8 981.88,sl 461.170
2026.04.24 19:10:34,1458,XNGUSD,sell,in,0.13,2.5190,1458,0.00,0.00,0.00,8 981.88,WP Sell #M20260535
2026.04.24 19:13:48,1459,XNGUSD,buy,out,0.13,2.5300,1459,0.00,0.00,-14.30,8 967.58,sl 2.5290
2026.04.27 04:00:00,1460,BTCUSD,buy,in,0.44,79384.44,1460,0.00,0.00,0.00,8 967.58,RSI Scalping Buy #M123459123
2026.04.27 04:00:02,1461,BTCUSD,sell,out,0.44,79386.84,1461,0.00,0.00,1.06,8 968.64,sl 79392.28
2026.04.27 10:15:01,1462,DE40,buy,in,0.1,24218.70,1462,0.00,0.00,0.00,8 968.64,SimpleTrendline BUY #M26042502
2026.04.27 10:30:00,1463,DE40,sell,out,0.1,24187.20,1463,0.00,0.00,-3.71,8 964.93,
2026.04.28 12:00:00,1464,XTIUSD,buy,in,0.5,100.75,1464,0.00,0.00,0.00,8 964.93,WP Buy #M20260533
2026.04.28 15:00:00,1465,XBRUSD,buy,in,0.5,111.62,1465,0.00,0.00,0.00,8 964.93,WP Buy #M20260534
2026.04.28 15:05:27,1466,XTIUSD,sell,out,0.5,102.69,1466,0.00,0.00,97.00,9 061.93,sl 102.69
2026.04.28 15:20:28,1467,XBRUSD,sell,out,0.5,110.09,1467,0.00,0.00,-76.50,8 985.43,sl 110.13
2026.04.28 16:40:00,1468,AAPL.NAS,buy,in,22.4,269.820,1468,-0.45,0.00,0.00,8 984.98,RSI Scalping Buy #M20001
2026.04.28 16:45:00,1469,NVDA.NAS,sell,in,44.9,211.79,1469,-0.90,0.00,0.00,8 984.08,RSI Scalping Sell #M20003
2026.04.28 16:45:33,1470,AAPL.NAS,sell,out,22.4,269.840,1470,-0.45,0.00,0.45,8 984.08,sl 269.840
2026.04.28 17:00:00,1471,AAPL.NAS,sell,in,22.4,269.860,1471,-0.45,0.00,0.00,8 983.63,RSI Scalping Sell #M20001
2026.04.28 17:00:38,1472,AAPL.NAS,buy,out,22.4,269.850,1472,-0.45,0.00,0.22,8 983.40,sl 269.820
2026.04.28 17:15:00,1473,MU.NAS,sell,in,44.9,507.67,1473,-0.90,0.00,0.00,8 982.50,RSI Scalping Sell #M20004
2026.04.28 17:18:24,1474,MU.NAS,buy,out,44.9,508.40,1474,-0.90,0.00,-32.78,8 948.82,sl 508.34
2026.04.28 17:30:00,1475,AAPL.NAS,buy,in,22.3,271.310,1475,-0.45,0.00,0.00,8 948.37,RSI Scalping Buy #M20001
2026.04.28 17:32:23,1476,AAPL.NAS,sell,out,22.3,271.520,1476,-0.45,0.00,4.68,8 952.60,sl 271.520
2026.04.28 17:35:45,1477,BTCUSD,sell,in,0.01,75740.53,1477,0.00,0.00,0.00,8 952.60,WP Sell #M20260527
2026.04.28 17:45:00,1478,NVDA.NAS,buy,out,44.9,210.44,1478,-0.90,0.00,60.62,9 012.32,
2026.04.28 17:45:00,1479,NVDA.NAS,sell,in,44.7,210.42,1479,-0.89,0.00,0.00,9 011.43,RSI Scalping Sell #M20003
2026.04.28 18:00:00,1480,NVDA.NAS,buy,out,44.7,209.80,1480,-0.89,0.00,27.71,9 038.25,
2026.04.28 20:00:00,1481,MU.NAS,buy,in,45,496.96,1481,-0.90,0.00,0.00,9 037.35,RSI Scalping Buy #M20004
2026.04.28 20:00:01,1482,NVDA.NAS,buy,in,45,210.71,1482,-0.90,0.00,0.00,9 036.45,RSI Scalping Buy #M20003
2026.04.28 20:35:08,1483,BTCUSD,buy,out,0.01,76251.09,1483,0.00,0.00,-5.11,9 031.34,sl 76240.85
2026.04.28 22:15:10,1484,MU.NAS,sell,out,45,506.78,1484,-0.90,0.00,441.90,9 472.34,sl 506.86
2026.04.29 04:30:00,1485,DE40,sell,in,0.1,23993.40,1485,0.00,0.00,0.00,9 472.34,SimpleTrendline SELL #M26042502
2026.04.29 04:45:04,1486,DE40,buy,out,0.1,24027.60,1486,0.00,0.00,-4.03,9 468.31,
2026.04.29 12:00:00,1487,XTIUSD,buy,in,0.5,105.28,1487,0.00,0.00,0.00,9 468.31,WP Buy #M20260533
2026.04.29 12:00:00,1488,XBRUSD,buy,in,0.5,113.48,1488,0.00,0.00,0.00,9 468.31,WP Buy #M20260534
2026.04.29 16:01:55,1489,XTIUSD,sell,out,0.5,105.08,1489,0.00,0.00,-10.00,9 458.31,sl 105.08
2026.04.29 16:35:00,1490,NVDA.NAS,sell,out,45,210.95,1490,-0.90,-0.01,10.80,9 468.20,sl 210.96
2026.04.29 16:45:00,1491,NVDA.NAS,sell,in,45,210.99,1491,-0.90,0.00,0.00,9 467.30,RSI Scalping Sell #M20003
2026.04.29 17:00:00,1492,NVDA.NAS,buy,out,45,210.81,1492,-0.90,0.00,8.10,9 474.50,
2026.04.29 17:00:00,1493,XTIUSD,buy,in,0.5,106.62,1493,0.00,0.00,0.00,9 474.50,WP Buy #M20260533
2026.04.29 17:45:01,1494,NVDA.NAS,buy,in,45,211.62,1494,-0.90,0.00,0.00,9 473.60,RSI Scalping Buy #M20003
2026.04.29 18:54:00,1495,XBRUSD,sell,out,0.5,116.49,1495,0.00,0.00,150.50,9 624.10,tp 116.48
2026.04.29 19:00:00,1496,XBRUSD,buy,in,0.5,116.96,1496,0.00,0.00,0.00,9 624.10,WP Buy #M20260534
2026.04.29 20:15:00,1497,MU.NAS,buy,in,45,512.46,1497,-0.90,0.00,0.00,9 623.20,RSI Scalping Buy #M20004
2026.04.29 20:15:03,1498,NVDA.NAS,sell,out,45,209.46,1498,-0.90,0.00,-97.20,9 525.10,
2026.04.29 20:26:47,1499,MU.NAS,sell,out,45,509.69,1499,-0.90,0.00,-124.65,9 399.55,sl 509.74
2026.04.29 20:29:58,1500,XTIUSD,sell,out,0.5,108.42,1500,0.00,0.00,90.00,9 489.55,sl 108.42
2026.04.29 20:30:00,1501,MU.NAS,sell,in,45,510.03,1501,-0.90,0.00,0.00,9 488.65,RSI Scalping Sell #M20004
2026.04.29 20:45:00,1502,MU.NAS,buy,out,45,510.31,1502,-0.90,0.00,-12.60,9 475.15,
2026.04.29 21:00:00,1503,MU.NAS,buy,in,45,512.62,1503,-0.90,0.00,0.00,9 474.25,RSI Scalping Buy #M20004
2026.04.29 21:45:10,1504,MU.NAS,sell,out,45,510.86,1504,-0.90,0.00,-79.20,9 394.15,sl 510.95
2026.04.29 22:00:00,1505,NVDA.NAS,buy,in,45,208.97,1505,-0.90,0.00,0.00,9 393.25,RSI Scalping Buy #M20003
2026.04.30 03:00:00,1506,XAUUSD,buy,in,0.04,4561.83,1506,-0.14,0.00,0.00,9 393.11,SimpleTrendline BUY #M26042503
2026.04.30 03:00:15,1507,XBRUSD,sell,out,0.5,116.76,1507,0.00,4.02,-10.00,9 387.13,sl 116.94
2026.04.30 07:00:00,1508,XAUUSD,sell,out,0.04,4556.07,1508,-0.14,0.00,-23.04,9 363.95,
2026.04.30 07:15:06,1509,XAUUSD,sell,in,0.01,4555.94,1509,-0.04,0.00,0.00,9 363.91,United SuperEMA short #M940001
2026.04.30 09:00:00,1510,XAUUSD,buy,out,0.01,4562.77,1510,-0.04,0.00,-6.83,9 357.04,
2026.04.30 10:00:00,1511,XAUUSD,buy,in,0.36,4590.25,1511,-1.26,0.00,0.00,9 355.78,RSI Scalping Buy #M129102315
2026.04.30 10:00:00,1512,XAUUSD,buy,in,0.01,4589.90,1512,-0.04,0.00,0.00,9 355.74,SimpleTrendline BUY #M26042503
2026.04.30 10:00:13,1513,XAUUSD,sell,out,0.36,4589.89,1513,-1.26,0.00,-12.96,9 341.52,sl 4590.29
2026.04.30 12:00:00,1514,XAUUSD,buy,in,0.18,4616.69,1514,-0.63,0.00,0.00,9 340.89,EMA Crossover Trade BUY #M12350
2026.04.30 12:00:00,1515,XAUUSD,buy,in,0.01,4616.75,1515,-0.04,0.00,0.00,9 340.85,WP Buy #M20260526
2026.04.30 12:08:02,1516,XAUUSD,sell,out,0.18,4616.40,1516,-0.63,0.00,-5.22,9 335.00,sl 4616.41
2026.04.30 12:32:30,1517,XAUUSD,sell,out,0.01,4624.28,1517,-0.04,0.00,7.53,9 342.49,sl 4624.34
2026.04.30 13:00:00,1518,XAUUSD,buy,in,0.22,4625.39,1518,-0.77,0.00,0.00,9 341.72,EMA Crossover Trade BUY #M12350
2026.04.30 13:00:00,1519,XAUUSD,buy,in,0.01,4625.38,1519,-0.04,0.00,0.00,9 341.68,WP Buy #M20260526
2026.04.30 13:04:30,1520,XAUUSD,sell,out,0.22,4624.85,1520,-0.77,0.00,-11.88,9 329.03,sl 4625.23
2026.04.30 13:32:01,1521,XAUUSD,sell,out,0.01,4639.28,1521,-0.04,0.00,13.90,9 342.89,sl 4639.36
2026.04.30 14:00:00,1522,XAUUSD,buy,in,0.22,4639.92,1522,-0.77,0.00,0.00,9 342.12,EMA Crossover Trade BUY #M12350
2026.04.30 14:00:06,1523,XAUUSD,buy,in,0.01,4641.05,1523,-0.04,0.00,0.00,9 342.08,WP Buy #M20260526
2026.04.30 14:01:18,1524,XAUUSD,sell,out,0.22,4638.12,1524,-0.77,0.00,-39.60,9 301.71,sl 4638.28
2026.04.30 15:00:00,1525,XAUUSD,buy,in,0.22,4630.37,1525,-0.77,0.00,0.00,9 300.94,EMA Crossover Trade BUY #M12350
2026.04.30 15:02:22,1526,XAUUSD,sell,out,0.22,4632.62,1526,-0.77,0.00,49.50,9 349.67,sl 4632.66
2026.04.30 15:30:02,1527,XAUUSD,sell,out,0.01,4624.98,1527,-0.04,0.00,-16.07,9 333.56,sl 4626.05
2026.04.30 16:00:00,1528,XAUUSD,buy,in,0.22,4639.70,1528,-0.77,0.00,0.00,9 332.79,EMA Crossover Trade BUY #M12350
2026.04.30 16:01:01,1529,XAUUSD,sell,out,0.22,4638.99,1529,-0.77,0.00,-15.62,9 316.40,sl 4639.27
2026.04.30 17:45:00,1530,NVDA.NAS,sell,out,45,200.60,1530,-0.90,-0.01,-376.65,8 938.84,
2026.04.30 18:00:00,1531,XAUUSD,buy,in,0.22,4620.01,1531,-0.77,0.00,0.00,8 938.07,EMA Crossover Trade BUY #M12350
2026.04.30 18:00:00,1532,XAUUSD,buy,in,0.44,4620.09,1532,-1.54,0.00,0.00,8 936.53,RSI Scalping Buy #M129102315
2026.04.30 18:00:02,1533,MU.NAS,buy,in,44.6,510.29,1533,-0.89,0.00,0.00,8 935.64,RSI Scalping Buy #M20004
2026.04.30 18:00:18,1534,XAUUSD,sell,out,0.44,4621.64,1534,-1.54,0.00,68.20,9 002.30,sl 4621.64
2026.04.30 18:02:11,1535,XAUUSD,sell,out,0.22,4618.92,1535,-0.77,0.00,-23.98,8 977.55,sl 4618.95
2026.04.30 18:03:48,1536,MU.NAS,sell,out,44.6,507.93,1536,-0.89,0.00,-105.26,8 871.40,sl 508.12
2026.04.30 18:15:00,1537,MU.NAS,sell,in,44.3,505.40,1537,-0.89,0.00,0.00,8 870.51,RSI Scalping Sell #M20004
2026.04.30 19:00:00,1538,XAUUSD,buy,in,0.22,4615.53,1538,-0.77,0.00,0.00,8 869.74,EMA Crossover Trade BUY #M12350
2026.04.30 19:00:01,1539,AUDUSD,buy,in,0.07,0.71832,1539,-0.25,0.00,0.00,8 869.49,WP Buy #M20260525
2026.04.30 19:01:41,1540,XAUUSD,sell,out,0.22,4612.18,1540,-0.77,0.00,-73.70,8 795.02,sl 4612.25
2026.04.30 19:30:01,1541,MU.NAS,buy,out,44.3,511.30,1541,-0.89,0.00,-261.37,8 532.76,
2026.04.30 20:00:00,1542,TSLA.NAS,sell,in,51.1,377.69,1542,-1.02,0.00,0.00,8 531.74,RSI Scalping Sell #M125421321
2026.04.30 20:00:00,1543,XAUUSD,sell,out,0.01,4607.74,1543,-0.04,0.00,17.84,8 549.54,
2026.04.30 21:00:00,1544,XAUUSD,buy,in,0.21,4617.21,1544,-0.74,0.00,0.00,8 548.80,EMA Crossover Trade BUY #M12350
2026.04.30 21:00:00,1545,XAUUSD,buy,in,0.02,4617.21,1545,-0.07,0.00,0.00,8 548.73,SimpleTrendline BUY #M26042503
2026.04.30 21:00:00,1546,TSLA.NAS,buy,out,51.1,379.36,1546,-1.02,0.00,-85.34,8 462.37,
2026.04.30 21:00:01,1547,NVDA.NAS,buy,in,42.3,201.25,1547,-0.85,0.00,0.00,8 461.52,RSI Scalping Buy #M20003
2026.04.30 21:04:03,1548,XAUUSD,sell,out,0.21,4620.84,1548,-0.74,0.00,76.23,8 537.01,sl 4620.84
2026.04.30 22:00:00,1549,XAUUSD,buy,in,0.21,4622.30,1549,-0.74,0.00,0.00,8 536.27,EMA Crossover Trade BUY #M12350
2026.04.30 22:00:00,1550,XAUUSD,buy,in,0.42,4622.30,1550,-1.47,0.00,0.00,8 534.80,RSI Scalping Buy #M129102315
2026.04.30 22:00:00,1551,XAUUSD,sell,out,0.02,4622.25,1551,-0.07,0.00,10.08,8 544.81,
2026.04.30 22:01:29,1552,XAUUSD,sell,out,0.42,4624.96,1552,-1.47,0.00,111.72,8 655.06,sl 4624.96
2026.04.30 22:15:04,1553,XAUUSD,sell,out,0.21,4623.65,1553,-0.74,0.00,28.35,8 682.67,sl 4623.66
2026.05.01 01:15:00,1554,XAUUSD,buy,in,0.01,4631.57,1554,-0.04,0.00,0.00,8 682.63,United SuperEMA long #M940001
2026.05.01 03:15:00,1555,XAUUSD,sell,out,0.01,4622.02,1555,-0.04,0.00,-9.55,8 673.04,
2026.05.01 03:15:00,1556,XAUUSD,sell,in,0.08,4622.24,1556,-0.28,0.00,0.00,8 672.76,RSIConsolidation SELL #M2025042
2026.05.01 03:15:00,1557,XAUUSD,buy,out,0.08,4622.55,1557,-0.28,0.00,-2.48,8 670.00,
2026.05.01 05:00:00,1558,XAUUSD,buy,in,0.04,4620.72,1558,-0.14,0.00,0.00,8 669.86,SimpleTrendline BUY #M26042503
2026.05.01 06:00:00,1559,XAUUSD,sell,in,0.08,4619.00,1559,-0.28,0.00,0.00,8 669.58,RSIConsolidation SELL #M2025042
2026.05.01 06:00:00,1560,XAUUSD,sell,out,0.04,4618.86,1560,-0.14,0.00,-7.44,8 662.00,
2026.05.01 06:00:00,1561,XAUUSD,buy,out,0.08,4619.03,1561,-0.28,0.00,-0.24,8 661.48,
2026.05.01 07:00:00,1562,XAUUSD,sell,in,0.1,4626.74,1562,-0.35,0.00,0.00,8 661.13,RSI Reverse SELL #M1002
2026.05.01 07:00:00,1563,XAUUSD,buy,out,0.1,4626.98,1563,-0.35,0.00,-2.40,8 658.38,
2026.05.01 07:00:00,1564,XAUUSD,buy,in,0.34,4627.11,1564,-1.19,0.00,0.00,8 657.19,RSI Scalping Buy #M129102315
2026.05.01 07:00:00,1565,XAUUSD,buy,in,0.01,4627.05,1565,-0.04,0.00,0.00,8 657.15,SimpleTrendline BUY #M26042503
2026.05.01 07:03:03,1566,XAUUSD,sell,out,0.34,4627.78,1566,-1.19,0.00,22.78,8 678.74,sl 4627.92
2026.05.01 08:00:00,1567,XAUUSD,sell,out,0.01,4609.28,1567,-0.04,0.00,-17.77,8 660.93,
2026.05.01 08:00:00,1568,XAUUSD,sell,in,0.02,4609.28,1568,-0.07,0.00,0.00,8 660.86,SimpleTrendline SELL #M26042503
2026.05.01 11:00:00,1569,XAUUSD,sell,in,0.01,4579.65,1569,-0.04,0.00,0.00,8 660.82,United SuperEMA short #M940001
2026.05.01 14:00:00,1570,XAUUSD,buy,out,0.02,4566.96,1570,-0.07,0.00,84.64,8 745.39,
2026.05.01 14:45:00,1571,XAUUSD,buy,out,0.01,4575.68,1571,-0.04,0.00,3.97,8 749.32,
2026.05.01 16:00:00,1572,BTCUSD,buy,in,0.43,77875.06,1572,0.00,0.00,0.00,8 749.32,RSI Scalping Buy #M123459123
2026.05.01 16:00:02,1573,BTCUSD,sell,out,0.43,77893.96,1573,0.00,0.00,8.13,8 757.45,sl 77897.25
2026.05.01 16:50:00,1574,AAPL.NAS,buy,in,21.8,283.580,1574,-0.44,0.00,0.00,8 757.01,RSI Scalping Buy #M20001
2026.05.01 16:51:04,1575,AAPL.NAS,sell,out,21.8,284.240,1575,-0.44,0.00,14.39,8 770.96,sl 284.310
2026.05.01 17:00:00,1576,XAUUSD,buy,in,0.21,4627.26,1576,-0.74,0.00,0.00,8 770.22,EMA Crossover Trade BUY #M12350
2026.05.01 17:00:00,1577,XAUUSD,buy,in,0.43,4625.20,1577,-1.51,0.00,0.00,8 768.71,RSI Scalping Buy #M129102315
2026.05.01 17:00:03,1578,XAUUSD,sell,out,0.43,4626.07,1578,-1.51,0.00,37.41,8 804.61,sl 4626.12
2026.05.01 17:00:56,1579,XAUUSD,sell,out,0.21,4632.89,1579,-0.74,0.00,118.23,8 922.10,sl 4632.94
2026.05.01 17:30:51,1580,NVDA.NAS,sell,out,42.3,198.70,1580,-0.85,-0.01,-107.87,8 813.37,sl 198.75
2026.05.01 17:40:01,1581,AAPL.NAS,sell,in,22,283.050,1581,-0.44,0.00,0.00,8 812.93,RSI Scalping Sell #M20001
2026.05.01 17:40:44,1582,AAPL.NAS,buy,out,22,282.960,1582,-0.44,0.00,1.98,8 814.47,sl 282.900
2026.05.01 18:00:00,1583,XAUUSD,buy,in,0.22,4632.76,1583,-0.77,0.00,0.00,8 813.70,EMA Crossover Trade BUY #M12350
2026.05.01 18:01:27,1584,XAUUSD,sell,out,0.22,4629.62,1584,-0.77,0.00,-69.08,8 743.85,sl 4629.64
2026.05.01 18:15:01,1585,NVDA.NAS,sell,in,43.7,199.47,1585,-0.87,0.00,0.00,8 742.98,RSI Scalping Sell #M20003
2026.05.01 18:30:00,1586,XAUUSD,buy,in,0.01,4637.79,1586,-0.04,0.00,0.00,8 742.94,United SuperEMA long #M940001
2026.05.01 18:30:02,1587,NVDA.NAS,buy,out,43.7,198.94,1587,-0.87,0.00,23.16,8 765.23,
2026.05.01 18:45:00,1588,NVDA.NAS,buy,in,43.8,199.56,1588,-0.88,0.00,0.00,8 764.35,RSI Scalping Buy #M20003
2026.05.01 19:00:00,1589,XAUUSD,buy,in,0.21,4643.59,1589,-0.74,0.00,0.00,8 763.61,EMA Crossover Trade BUY #M12350
2026.05.01 19:00:00,1590,TSLA.NAS,buy,in,32.8,394.29,1590,-0.66,0.00,0.00,8 762.95,RSI Scalping Buy #M125421321
2026.05.01 19:07:21,1591,XAUUSD,sell,out,0.21,4641.82,1591,-0.74,0.00,-37.17,8 725.04,sl 4641.82
2026.05.01 19:45:07,1592,XAUUSD,sell,in,0.08,4638.20,1592,-0.28,0.00,0.00,8 724.76,RSIConsolidation SELL #M2025042
2026.05.01 20:30:00,1593,XAUUSD,buy,out,0.08,4631.84,1593,-0.28,0.00,50.88,8 775.36,
2026.05.01 20:45:00,1594,XAUUSD,sell,out,0.01,4628.06,1594,-0.04,0.00,-9.73,8 765.59,
2026.05.01 20:45:00,1595,XAUUSD,sell,in,0.08,4628.13,1595,-0.28,0.00,0.00,8 765.31,RSIConsolidation SELL #M2025042
2026.05.01 20:45:01,1596,XAUUSD,buy,out,0.08,4628.10,1596,-0.28,0.00,0.24,8 765.27,
2026.05.01 21:05:08,1597,AUDUSD,sell,out,0.07,0.72037,1597,-0.25,-0.14,14.35,8 779.23,sl 0.72038
2026.05.01 22:00:00,1598,TSLA.NAS,sell,out,32.8,394.30,1598,-0.66,0.00,0.33,8 778.90,
2026.05.04 01:30:00,1599,XAUUSD,sell,in,0.08,4620.75,1599,-0.28,0.00,0.00,8 778.62,RSIConsolidation SELL #M2025042
2026.05.04 01:30:01,1600,XAUUSD,buy,out,0.08,4620.71,1600,-0.28,0.00,0.32,8 778.66,
2026.05.04 06:00:00,1601,BTCUSD,buy,in,0.43,80160.30,1601,0.00,0.00,0.00,8 778.66,RSI Scalping Buy #M123459123
2026.05.04 06:00:05,1602,BTCUSD,sell,out,0.43,80187.73,1602,0.00,0.00,11.79,8 790.45,sl 80190.56
2026.05.04 10:00:00,1603,DE40,buy,in,0.1,24298.10,1603,0.00,0.00,0.00,8 790.45,SimpleTrendline BUY #M26042502
2026.05.04 11:15:00,1604,DE40,sell,out,0.1,24303.60,1604,0.00,0.00,0.65,8 791.10,
2026.05.04 12:30:00,1605,DE40,buy,in,0.1,24352.60,1605,0.00,0.00,0.00,8 791.10,SimpleTrendline BUY #M26042502
2026.05.04 13:15:00,1606,DE40,sell,out,0.1,24097.10,1606,0.00,0.00,-30.10,8 761.00,
2026.05.04 16:55:37,1607,NVDA.NAS,sell,out,43.8,197.93,1607,-0.88,-0.02,-71.39,8 688.71,sl 197.94
2026.05.04 17:30:00,1608,NVDA.NAS,sell,in,43.4,197.37,1608,-0.87,0.00,0.00,8 687.84,RSI Scalping Sell #M20003
2026.05.04 18:00:00,1609,XAUUSD,sell,in,0.02,4561.28,1609,-0.07,0.00,0.00,8 687.77,SimpleTrendline SELL #M26042503
2026.05.04 18:00:00,1610,NVDA.NAS,buy,out,43.4,197.23,1610,-0.87,0.00,6.08,8 692.98,
2026.05.04 18:00:00,1611,NVDA.NAS,sell,in,43.4,197.20,1611,-0.87,0.00,0.00,8 692.11,RSI Scalping Sell #M20003
2026.05.04 18:15:00,1612,NVDA.NAS,buy,out,43.4,196.97,1612,-0.87,0.00,9.98,8 701.22,
2026.05.04 19:00:00,1613,TSLA.NAS,sell,in,32.6,387.10,1613,-0.65,0.00,0.00,8 700.57,RSI Scalping Sell #M125421321
2026.05.04 19:30:01,1614,NVDA.NAS,buy,in,43.5,196.23,1614,-0.87,0.00,0.00,8 699.70,RSI Scalping Buy #M20003
2026.05.04 20:00:01,1615,TSLA.NAS,buy,out,32.6,390.06,1615,-0.65,0.00,-96.50,8 602.55,
2026.05.05 05:00:00,1616,XAUUSD,buy,out,0.02,4541.68,1616,-0.07,0.81,39.20,8 642.49,
2026.05.05 08:00:00,1617,XAUUSD,sell,in,0.04,4533.79,1617,-0.14,0.00,0.00,8 642.35,SimpleTrendline SELL #M26042503
2026.05.05 08:00:00,1618,DE40,sell,in,0.1,23928.60,1618,0.00,0.00,0.00,8 642.35,SimpleTrendline SELL #M26042502
2026.05.05 08:15:00,1619,DE40,buy,out,0.1,23930.80,1619,0.00,0.00,-0.26,8 642.09,
2026.05.05 09:00:00,1620,XAUUSD,buy,out,0.04,4545.97,1620,-0.14,0.00,-48.72,8 593.23,
2026.05.05 09:00:00,1621,XAUUSD,buy,in,0.04,4545.97,1621,-0.14,0.00,0.00,8 593.09,SimpleTrendline BUY #M26042503
2026.05.05 10:00:00,1622,XAUUSD,sell,out,0.04,4547.91,1622,-0.14,0.00,7.76,8 600.71,
2026.05.05 14:00:00,1623,XAUUSD,sell,in,0.01,4543.10,1623,-0.04,0.00,0.00,8 600.67,United SuperEMA short #M940001
2026.05.05 14:30:00,1624,XAUUSD,buy,out,0.01,4556.15,1624,-0.04,0.00,-13.05,8 587.58,
2026.05.05 17:00:00,1625,XAUUSD,buy,in,0.21,4582.49,1625,-0.74,0.00,0.00,8 586.84,EMA Crossover Trade BUY #M12350
2026.05.05 17:00:00,1626,XAUUSD,buy,in,0.42,4582.64,1626,-1.47,0.00,0.00,8 585.37,RSI Scalping Buy #M129102315
2026.05.05 17:00:01,1627,XAUUSD,buy,in,0.01,4582.00,1627,-0.04,0.00,0.00,8 585.33,WP Buy #M20260526
2026.05.05 17:00:11,1628,XAUUSD,sell,out,0.42,4582.42,1628,-1.47,0.00,-9.24,8 574.62,sl 4582.52
2026.05.05 17:00:33,1629,XAUUSD,sell,out,0.21,4580.35,1629,-0.74,0.00,-44.94,8 528.94,sl 4580.37
2026.05.05 17:18:34,1630,XAUUSD,sell,out,0.01,4566.62,1630,-0.04,0.00,-15.38,8 513.52,sl 4566.66
2026.05.05 18:00:00,1631,AUDUSD,buy,in,0.06,0.71884,1631,-0.21,0.00,0.00,8 513.31,WP Buy #M20260525
2026.05.05 18:00:00,1632,XAUUSD,buy,in,0.01,4582.66,1632,-0.04,0.00,0.00,8 513.27,WP Buy #M20260526
2026.05.05 19:00:01,1633,SOXX.NAS,buy,in,0.1,483.980,1633,-0.02,0.00,0.00,8 513.25,WP Buy #M20260532
2026.05.05 19:00:09,1634,XAUUSD,sell,out,0.01,4567.66,1634,-0.04,0.00,-15.00,8 498.21,sl 4567.68
2026.05.05 19:01:11,1635,SOXX.NAS,sell,out,0.1,483.610,1635,-0.02,0.00,-0.04,8 498.15,sl 483.680
2026.05.05 20:00:01,1636,SOXX.NAS,buy,in,0.1,484.010,1636,-0.02,0.00,0.00,8 498.13,WP Buy #M20260532
2026.05.05 20:00:30,1637,SOXX.NAS,sell,out,0.1,483.610,1637,-0.02,0.00,-0.04,8 498.07,sl 483.700
2026.05.05 21:00:01,1638,SOXX.NAS,buy,in,0.1,485.060,1638,-0.02,0.00,0.00,8 498.05,WP Buy #M20260532
2026.05.05 21:05:03,1639,SOXX.NAS,sell,out,0.1,485.700,1639,-0.02,0.00,0.06,8 498.09,tp 485.660
2026.05.05 21:53:30,1640,NVDA.NAS,sell,out,43.5,196.44,1640,-0.87,-0.01,9.14,8 506.35,sl 196.46
2026.05.05 22:00:00,1641,NVDA.NAS,sell,in,42.5,196.69,1641,-0.85,0.00,0.00,8 505.50,RSI Scalping Sell #M20003
2026.05.05 22:15:00,1642,NVDA.NAS,buy,out,42.5,196.54,1642,-0.85,0.00,6.38,8 511.03,
2026.05.06 01:15:00,1643,XAUUSD,sell,in,0.01,4550.58,1643,-0.04,0.00,0.00,8 510.99,United SuperEMA short #M940001
2026.05.06 02:00:00,1644,XAUUSD,buy,in,0.42,4573.60,1644,-1.47,0.00,0.00,8 509.52,RSI Scalping Buy #M129102315
2026.05.06 02:00:00,1645,XAUUSD,buy,out,0.01,4573.13,1645,-0.04,0.00,-22.55,8 486.93,
2026.05.06 02:00:03,1646,XAUUSD,sell,out,0.42,4573.55,1646,-1.47,0.00,-2.10,8 483.36,sl 4573.55
2026.05.06 03:00:00,1647,XAUUSD,buy,in,0.1,4595.32,1647,-0.35,0.00,0.00,8 483.01,EMA Crossover Trade BUY #M12350
2026.05.06 03:00:00,1648,XAUUSD,buy,in,0.04,4595.64,1648,-0.14,0.00,0.00,8 482.87,SimpleTrendline BUY #M26042503
2026.05.06 03:00:30,1649,XAUUSD,sell,out,0.1,4592.28,1649,-0.35,0.00,-30.40,8 452.12,sl 4592.32
2026.05.06 04:00:00,1650,XAUUSD,buy,in,0.1,4618.88,1650,-0.35,0.00,0.00,8 451.77,EMA Crossover Trade BUY #M12350
2026.05.06 04:00:13,1651,XAUUSD,sell,out,0.1,4619.01,1651,-0.35,0.00,1.30,8 452.72,sl 4619.06
2026.05.06 05:00:00,1652,XAUUSD,buy,in,0.21,4625.93,1652,-0.74,0.00,0.00,8 451.98,EMA Crossover Trade BUY #M12350
2026.05.06 05:00:00,1653,XAUUSD,buy,in,0.01,4626.00,1653,-0.04,0.00,0.00,8 451.94,WP Buy #M20260526
2026.05.06 05:22:33,1654,XAUUSD,sell,out,0.21,4632.52,1654,-0.74,0.00,138.39,8 589.59,sl 4632.53
2026.05.06 05:30:12,1655,XAUUSD,sell,out,0.01,4628.66,1655,-0.04,0.00,2.66,8 592.21,sl 4628.73
2026.05.06 06:00:00,1656,XAUUSD,buy,in,0.21,4640.68,1656,-0.74,0.00,0.00,8 591.47,EMA Crossover Trade BUY #M12350
2026.05.06 06:00:00,1657,XAUUSD,buy,in,0.01,4640.68,1657,-0.04,0.00,0.00,8 591.43,WP Buy #M20260526
2026.05.06 06:16:38,1658,XAUUSD,sell,out,0.21,4646.52,1658,-0.74,0.00,122.64,8 713.33,sl 4646.58
2026.05.06 06:31:15,1659,XAUUSD,sell,out,0.01,4643.24,1659,-0.04,0.00,2.56,8 715.85,sl 4643.29
2026.05.06 07:00:00,1660,XAUUSD,buy,in,0.21,4643.87,1660,-0.74,0.00,0.00,8 715.11,EMA Crossover Trade BUY #M12350
2026.05.06 07:00:00,1661,XAUUSD,buy,in,0.01,4643.87,1661,-0.04,0.00,0.00,8 715.07,WP Buy #M20260526
2026.05.06 07:34:54,1662,XAUUSD,sell,out,0.21,4649.79,1662,-0.74,0.00,124.32,8 838.65,sl 4650.00
2026.05.06 07:43:06,1663,XAUUSD,sell,out,0.01,4646.11,1663,-0.04,0.00,2.24,8 840.85,sl 4646.19
2026.05.06 08:00:00,1664,XAUUSD,buy,in,0.22,4649.06,1664,-0.77,0.00,0.00,8 840.08,EMA Crossover Trade BUY #M12350
2026.05.06 08:00:00,1665,XAUUSD,buy,in,0.01,4649.04,1665,-0.04,0.00,0.00,8 840.04,WP Buy #M20260526
2026.05.06 08:15:38,1666,XAUUSD,sell,out,0.22,4652.80,1666,-0.77,0.00,82.28,8 921.55,sl 4652.80
2026.05.06 08:30:11,1667,XAUUSD,sell,out,0.01,4648.98,1667,-0.04,0.00,-0.06,8 921.45,sl 4649.00
2026.05.06 09:00:00,1668,XAUUSD,buy,in,0.22,4663.11,1668,-0.77,0.00,0.00,8 920.68,EMA Crossover Trade BUY #M12350
2026.05.06 09:00:00,1669,XAUUSD,buy,in,0.01,4663.11,1669,-0.04,0.00,0.00,8 920.64,WP Buy #M20260526
2026.05.06 09:02:19,1670,XAUUSD,sell,out,0.22,4661.88,1670,-0.77,0.00,-27.06,8 892.81,sl 4661.88
2026.05.06 09:42:08,1671,XAUUSD,sell,out,0.01,4660.78,1671,-0.04,0.00,-2.33,8 890.44,sl 4660.81
2026.05.06 10:00:00,1672,XAUUSD,buy,in,0.22,4669.65,1672,-0.77,0.00,0.00,8 889.67,EMA Crossover Trade BUY #M12350
2026.05.06 10:01:27,1673,XAUUSD,sell,out,0.22,4666.56,1673,-0.77,0.00,-67.98,8 820.92,sl 4666.68
2026.05.06 11:00:00,1674,XAUUSD,buy,in,0.17,4681.39,1674,-0.60,0.00,0.00,8 820.32,EMA Crossover Trade BUY #M12350
2026.05.06 11:00:56,1675,XAUUSD,sell,out,0.17,4678.63,1675,-0.60,0.00,-46.92,8 772.80,sl 4678.66
2026.05.06 13:44:34,1676,AUDUSD,sell,out,0.06,0.72685,1676,-0.21,-0.12,48.06,8 820.53,tp 0.72684
2026.05.06 14:00:00,1677,EURUSD,buy,in,0.07,1.17892,1677,-0.25,0.00,0.00,8 820.28,WP Buy #M20260524
2026.05.06 16:00:00,1678,XAUUSD,sell,in,0.44,4683.35,1678,-1.54,0.00,0.00,8 818.74,RSI Scalping Sell #M129102315
2026.05.06 16:00:08,1679,XAUUSD,buy,out,0.44,4680.72,1679,-1.54,0.00,115.72,8 932.92,sl 4680.69
2026.05.06 16:35:00,1680,TSLA.NAS,sell,in,33.4,387.69,1680,-0.67,0.00,0.00,8 932.25,RSI Scalping Sell #M125421321
2026.05.06 16:45:00,1681,NVDA.NAS,buy,in,44.6,201.28,1681,-0.89,0.00,0.00,8 931.36,RSI Scalping Buy #M20003
2026.05.06 17:02:29,1682,SOXX.NAS,buy,in,0.1,496.220,1682,-0.02,0.00,0.00,8 931.34,WP Buy #M20260532
2026.05.06 17:02:43,1683,SOXX.NAS,sell,out,0.1,495.810,1683,-0.02,0.00,-0.04,8 931.28,sl 495.920
2026.05.06 18:00:00,1684,TSLA.NAS,buy,out,33.4,391.31,1684,-0.67,0.00,-120.91,8 809.70,
2026.05.06 19:00:00,1685,XAUUSD,sell,in,0.44,4687.85,1685,-1.54,0.00,0.00,8 808.16,RSI Scalping Sell #M129102315
2026.05.06 19:00:01,1686,XAUUSD,buy,out,0.44,4688.33,1686,-1.54,0.00,-21.12,8 785.50,sl 4688.15
2026.05.06 22:30:00,1687,XAUUSD,buy,in,0.01,4698.54,1687,-0.04,0.00,0.00,8 785.46,United SuperEMA long #M940001
2026.05.07 02:00:00,1688,XAUUSD,sell,out,0.04,4694.90,1688,-0.14,-6.85,397.04,9 175.51,
2026.05.07 02:45:01,1689,XAUUSD,sell,out,0.01,4694.16,1689,-0.04,-1.71,-4.38,9 169.38,
2026.05.07 04:15:00,1690,XAUUSD,buy,in,0.01,4710.00,1690,-0.04,0.00,0.00,9 169.34,United SuperEMA long #M940001
2026.05.07 07:00:00,1691,XAUUSD,sell,out,0.01,4699.02,1691,-0.04,0.00,-10.98,9 158.32,
2026.05.07 09:00:00,1692,XAUUSD,buy,in,0.04,4701.15,1692,-0.14,0.00,0.00,9 158.18,SimpleTrendline BUY #M26042503
2026.05.07 09:15:00,1693,DE40,sell,in,0.1,24905.20,1693,0.00,0.00,0.00,9 158.18,SimpleTrendline SELL #M26042502
2026.05.07 09:45:00,1694,DE40,buy,out,0.1,24956.70,1694,0.00,0.00,-6.05,9 152.13,
2026.05.07 10:00:00,1695,DE40,buy,in,0.1,24960.20,1695,0.00,0.00,0.00,9 152.13,SimpleTrendline BUY #M26042502
2026.05.07 11:30:00,1696,DE40,sell,out,0.1,24935.20,1696,0.00,0.00,-2.94,9 149.19,
2026.05.07 11:45:00,1697,DE40,sell,in,0.1,24926.20,1697,0.00,0.00,0.00,9 149.19,SimpleTrendline SELL #M26042502
2026.05.07 12:00:00,1698,XAUUSD,sell,in,0.36,4731.10,1698,-1.26,0.00,0.00,9 147.93,RSI Scalping Sell #M129102315
2026.05.07 12:00:00,1699,XAUUSD,sell,out,0.04,4731.08,1699,-0.14,0.00,119.72,9 267.51,
2026.05.07 12:00:09,1700,XAUUSD,buy,out,0.36,4730.31,1700,-1.26,0.00,28.44,9 294.69,sl 4730.22
2026.05.07 13:45:00,1701,DE40,buy,out,0.1,24893.20,1701,0.00,0.00,3.88,9 298.57,
2026.05.07 14:30:00,1702,DE40,sell,in,0.1,24867.20,1702,0.00,0.00,0.00,9 298.57,SimpleTrendline SELL #M26042502
2026.05.07 14:45:00,1703,DE40,buy,out,0.1,24880.70,1703,0.00,0.00,-1.59,9 296.98,
2026.05.07 16:45:00,1704,XAUUSD,buy,in,0.01,4749.43,1704,-0.04,0.00,0.00,9 296.94,United SuperEMA long #M940001
2026.05.07 16:45:00,1705,MU.NAS,sell,in,45,644.06,1705,-0.90,0.00,0.00,9 296.04,RSI Scalping Sell #M20004
2026.05.07 16:46:15,1706,MU.NAS,buy,out,45,645.16,1706,-0.90,0.00,-49.50,9 245.64,sl 645.04
2026.05.07 17:00:00,1707,AAPL.NAS,buy,in,22.5,291.000,1707,-0.45,0.00,0.00,9 245.19,RSI Scalping Buy #M20001
2026.05.07 17:00:00,1708,DE40,sell,in,0.1,24802.70,1708,0.00,0.00,0.00,9 245.19,SimpleTrendline SELL #M26042502
2026.05.07 17:00:00,1709,TSLA.NAS,buy,in,0.1,413.53,1709,-0.02,0.00,0.00,9 245.17,WP Buy #M20260530
2026.05.07 17:00:01,1710,MU.NAS,buy,in,45,659.92,1710,-0.90,0.00,0.00,9 244.27,RSI Scalping Buy #M20004
2026.05.07 17:00:01,1711,TSLA.NAS,buy,in,6.7,413.46,1711,-0.13,0.00,0.00,9 244.14,RSI Scalping Buy #M125421321
2026.05.07 17:00:04,1712,AAPL.NAS,sell,out,22.5,291.070,1712,-0.45,0.00,1.58,9 245.27,sl 291.070
2026.05.07 17:07:51,1713,TSLA.NAS,sell,out,0.1,410.43,1713,-0.02,0.00,-0.31,9 244.94,sl 410.53
2026.05.07 17:11:19,1714,MU.NAS,sell,out,45,667.70,1714,-0.90,0.00,350.10,9 594.14,sl 667.81
2026.05.07 17:20:01,1715,AAPL.NAS,sell,in,22.5,290.600,1715,-0.45,0.00,0.00,9 593.69,RSI Scalping Sell #M20001
2026.05.07 17:21:39,1716,AAPL.NAS,buy,out,22.5,290.550,1716,-0.45,0.00,1.13,9 594.37,sl 290.550
2026.05.07 17:52:39,1717,XAUUSD,buy,in,0.22,4760.69,1717,-0.77,0.00,0.00,9 593.60,Darvas Box Breakout #M135790
2026.05.07 18:00:01,1718,TSLA.NAS,buy,in,0.1,411.42,1718,-0.02,0.00,0.00,9 593.58,WP Buy #M20260530
2026.05.07 18:26:25,1719,XAUUSD,sell,out,0.22,4744.00,1719,-0.77,0.00,-367.18,9 225.63,sl 4744.03
2026.05.07 18:26:47,1720,TSLA.NAS,sell,out,0.1,408.06,1720,-0.02,0.00,-0.34,9 225.27,sl 408.42
2026.05.07 18:30:00,1721,XAUUSD,sell,out,0.01,4740.75,1721,-0.04,0.00,-8.68,9 216.55,
2026.05.07 19:00:00,1722,XAUUSD,sell,in,0.45,4729.29,1722,-1.58,0.00,0.00,9 214.97,RSI Scalping Sell #M129102315
2026.05.07 19:00:00,1723,TSLA.NAS,sell,out,6.7,407.47,1723,-0.13,0.00,-40.13,9 174.71,
2026.05.07 19:00:26,1724,XAUUSD,buy,out,0.45,4727.21,1724,-1.58,0.00,93.60,9 266.73,sl 4727.20
2026.05.07 19:15:00,1725,MU.NAS,sell,in,45,643.11,1725,-0.90,0.00,0.00,9 265.83,RSI Scalping Sell #M20004
2026.05.07 19:16:58,1726,MU.NAS,buy,out,45,641.41,1726,-0.90,0.00,76.50,9 341.43,sl 641.19
2026.05.07 19:45:01,1727,MU.NAS,buy,in,45,646.81,1727,-0.90,0.00,0.00,9 340.53,RSI Scalping Buy #M20004
2026.05.07 19:57:36,1728,MU.NAS,sell,out,45,645.86,1728,-0.90,0.00,-42.75,9 296.88,sl 645.89
2026.05.07 20:15:00,1729,MU.NAS,sell,in,45,642.06,1729,-0.90,0.00,0.00,9 295.98,RSI Scalping Sell #M20004
2026.05.07 20:22:03,1730,MU.NAS,buy,out,45,641.72,1730,-0.90,0.00,15.30,9 310.38,sl 641.62
2026.05.07 20:33:45,1731,EURUSD,sell,out,0.07,1.17388,1731,-0.25,-1.75,-35.28,9 273.10,sl 1.17392
2026.05.07 20:45:02,1732,MU.NAS,buy,in,45,643.33,1732,-0.90,0.00,0.00,9 272.20,RSI Scalping Buy #M20004
2026.05.07 20:56:35,1733,BTCUSD,sell,in,0.01,80008.56,1733,0.00,0.00,0.00,9 272.20,WP Sell #M20260527
2026.05.07 21:09:51,1734,MU.NAS,sell,out,45,644.11,1734,-0.90,0.00,35.10,9 306.40,sl 644.12
2026.05.07 22:00:00,1735,MU.NAS,sell,in,45,639.57,1735,-0.90,0.00,0.00,9 305.50,RSI Scalping Sell #M20004
2026.05.07 22:33:55,1736,MU.NAS,buy,out,45,642.55,1736,-0.90,0.00,-134.10,9 170.50,sl 642.37
2026.05.08 00:30:01,1737,BTCUSD,buy,out,0.01,79942.86,1737,0.00,0.00,0.66,9 171.16,sl 79941.98
2026.05.08 08:00:00,1738,DE40,buy,out,0.1,24478.90,1738,0.00,-0.18,38.01,9 208.99,
2026.05.08 12:30:00,1739,DE40,buy,in,0.1,24495.30,1739,0.00,0.00,0.00,9 208.99,SimpleTrendline BUY #M26042502
2026.05.08 13:00:00,1740,DE40,sell,out,0.1,24446.30,1740,0.00,0.00,-5.75,9 203.24,
2026.05.08 17:00:00,1741,TSLA.NAS,buy,in,6.7,428.19,1741,-0.13,0.00,0.00,9 203.11,RSI Scalping Buy #M125421321
2026.05.08 22:00:00,1742,TSLA.NAS,sell,out,6.7,425.96,1742,-0.13,0.00,-14.94,9 188.04,
2026.05.11 01:45:03,1743,DE40,sell,in,0.1,24299.70,1743,0.00,0.00,0.00,9 188.04,SimpleTrendline SELL #M26042502
2026.05.11 02:00:00,1744,DE40,buy,out,0.1,24328.50,1744,0.00,0.00,-3.38,9 184.66,
2026.05.11 04:00:00,1745,DE40,sell,in,0.1,24260.70,1745,0.00,0.00,0.00,9 184.66,SimpleTrendline SELL #M26042502
2026.05.11 04:00:00,1746,XTIUSD,buy,in,0.5,99.57,1746,0.00,0.00,0.00,9 184.66,WP Buy #M20260533
2026.05.11 04:00:00,1747,XBRUSD,buy,in,0.5,108.32,1747,0.00,0.00,0.00,9 184.66,WP Buy #M20260534
2026.05.11 06:45:00,1748,DE40,buy,out,0.1,24298.90,1748,0.00,0.00,-4.48,9 180.18,
2026.05.11 08:45:00,1749,DE40,sell,in,0.1,24259.70,1749,0.00,0.00,0.00,9 180.18,SimpleTrendline SELL #M26042502
2026.05.11 09:30:00,1750,DE40,buy,out,0.1,24289.80,1750,0.00,0.00,-3.53,9 176.65,
2026.05.11 09:33:27,1751,XTIUSD,sell,out,0.5,99.74,1751,0.00,0.00,8.50,9 185.15,sl 99.76
2026.05.11 09:33:56,1752,XBRUSD,sell,out,0.5,108.31,1752,0.00,0.00,-0.50,9 184.65,sl 108.31
2026.05.11 11:30:00,1753,DE40,buy,in,0.1,24333.30,1753,0.00,0.00,0.00,9 184.65,SimpleTrendline BUY #M26042502
2026.05.11 12:00:00,1754,DE40,sell,out,0.1,24291.80,1754,0.00,0.00,-4.87,9 179.78,
2026.05.11 12:15:01,1755,DE40,sell,in,0.1,24288.80,1755,0.00,0.00,0.00,9 179.78,SimpleTrendline SELL #M26042502
2026.05.11 12:30:00,1756,DE40,buy,out,0.1,24301.80,1756,0.00,0.00,-1.53,9 178.25,
2026.05.11 14:00:00,1757,DE40,sell,in,0.1,24296.30,1757,0.00,0.00,0.00,9 178.25,SimpleTrendline SELL #M26042502
2026.05.11 16:15:00,1758,DE40,buy,out,0.1,24300.30,1758,0.00,0.00,-0.47,9 177.78,
2026.05.11 16:58:53,1759,NVDA.NAS,sell,out,44.6,217.11,1759,-0.89,-0.04,706.02,9 882.87,sl 217.11
2026.05.11 18:04:31,1760,SOXX.NAS,buy,in,0.1,529.390,1760,-0.02,0.00,0.00,9 882.85,WP Buy #M20260532
2026.05.11 18:04:33,1761,SOXX.NAS,sell,out,0.1,529.030,1761,-0.02,0.00,-0.04,9 882.79,sl 529.090
2026.05.11 19:00:01,1762,TSLA.NAS,buy,in,6.7,437.60,1762,-0.13,0.00,0.00,9 882.66,RSI Scalping Buy #M125421321
2026.05.11 20:00:01,1763,DE40,sell,in,0.1,24261.40,1763,0.00,0.00,0.00,9 882.66,SimpleTrendline SELL #M26042502
2026.05.11 20:30:00,1764,DE40,buy,out,0.1,24276.70,1764,0.00,0.00,-1.80,9 880.86,
2026.05.12 01:30:02,1765,DE40,buy,in,0.1,24309.20,1765,0.00,0.00,0.00,9 880.86,SimpleTrendline BUY #M26042502
2026.05.12 02:30:01,1766,DE40,sell,out,0.1,24302.60,1766,0.00,0.00,-0.77,9 880.09,
2026.05.12 04:41:00,1767,AUDUSD,buy,in,0.36,0.72231,1767,-1.26,0.00,0.00,9 878.83,RSI Oversold Crossover Buy #M30
2026.05.12 08:00:00,1768,AUDUSD,sell,out,0.36,0.72320,1768,-1.26,0.00,32.04,9 909.61,
2026.05.12 12:00:00,1769,XTIUSD,buy,in,0.5,101.16,1769,0.00,0.00,0.00,9 909.61,WP Buy #M20260533
2026.05.12 12:00:00,1770,XBRUSD,buy,in,0.5,109.79,1770,0.00,0.00,0.00,9 909.61,WP Buy #M20260534
2026.05.12 13:11:13,1771,XTIUSD,sell,out,0.5,101.06,1771,0.00,0.00,-5.00,9 904.61,sl 101.06
2026.05.12 14:00:00,1772,XTIUSD,buy,in,0.5,101.92,1772,0.00,0.00,0.00,9 904.61,WP Buy #M20260533
2026.05.12 14:30:51,1773,XBRUSD,sell,out,0.5,110.36,1773,0.00,0.00,28.50,9 933.11,sl 110.36
2026.05.12 16:35:00,1774,NVDA.NAS,buy,in,45,221.22,1774,-0.90,0.00,0.00,9 932.21,RSI Scalping Buy #M20003
2026.05.12 16:35:00,1775,TSLA.NAS,sell,out,6.7,439.95,1775,-0.13,0.00,15.75,9 947.83,sl 440.05
2026.05.12 16:45:00,1776,MU.NAS,sell,in,45,776.96,1776,-0.90,0.00,0.00,9 946.93,RSI Scalping Sell #M20004
2026.05.12 16:46:00,1777,MU.NAS,buy,out,45,776.89,1777,-0.90,0.00,3.15,9 949.18,sl 776.72
2026.05.12 17:18:09,1778,NVDA.NAS,sell,out,45,219.84,1778,-0.90,0.00,-62.10,9 886.18,sl 219.95
2026.05.12 17:20:22,1779,XNGUSD,sell,in,0.13,2.7610,1779,0.00,0.00,0.00,9 886.18,WP Sell #M20260535
2026.05.12 17:23:02,1780,XNGUSD,buy,out,0.13,2.7710,1780,0.00,0.00,-13.00,9 873.18,sl 2.7710
2026.05.12 18:00:00,1781,NVDA.NAS,sell,in,45,217.38,1781,-0.90,0.00,0.00,9 872.28,RSI Scalping Sell #M20003
2026.05.12 18:15:00,1782,NVDA.NAS,buy,out,45,217.35,1782,-0.90,0.00,1.35,9 872.73,
2026.05.12 18:35:59,1783,XNGUSD,sell,in,0.13,2.7730,1783,0.00,0.00,0.00,9 872.73,WP Sell #M20260535
2026.05.12 18:45:01,1784,NVDA.NAS,buy,in,45,217.34,1784,-0.90,0.00,0.00,9 871.83,RSI Scalping Buy #M20003
2026.05.12 18:46:05,1785,XNGUSD,buy,out,0.13,2.7720,1785,0.00,0.00,1.30,9 873.13,sl 2.7720
2026.05.12 19:00:00,1786,TSLA.NAS,sell,in,6.7,425.08,1786,-0.13,0.00,0.00,9 873.00,RSI Scalping Sell #M125421321
2026.05.12 19:03:52,1787,XNGUSD,sell,in,0.13,2.7580,1787,0.00,0.00,0.00,9 873.00,WP Sell #M20260535
2026.05.12 19:06:28,1788,XNGUSD,buy,out,0.13,2.7680,1788,0.00,0.00,-13.00,9 860.00,sl 2.7680
2026.05.12 20:05:40,1789,XNGUSD,sell,in,0.13,2.7520,1789,0.00,0.00,0.00,9 860.00,WP Sell #M20260535
2026.05.12 20:12:15,1790,XNGUSD,buy,out,0.13,2.7620,1790,0.00,0.00,-13.00,9 847.00,sl 2.7620
2026.05.12 20:15:00,1791,MU.NAS,buy,in,45,731.21,1791,-0.90,0.00,0.00,9 846.10,RSI Scalping Buy #M20004
2026.05.12 20:19:29,1792,MU.NAS,sell,out,45,732.51,1792,-0.90,0.00,58.50,9 903.70,sl 733.53
2026.05.12 21:00:01,1793,TSLA.NAS,buy,out,6.7,427.71,1793,-0.13,0.00,-17.62,9 885.95,
2026.05.12 22:30:00,1794,DE40,sell,in,0.1,24044.50,1794,0.00,0.00,0.00,9 885.95,SimpleTrendline SELL #M26042502
2026.05.12 22:45:00,1795,DE40,buy,out,0.1,24064.30,1795,0.00,0.00,-2.32,9 883.63,
2026.05.13 01:16:55,1796,XTIUSD,sell,out,0.5,102.00,1796,0.00,5.37,4.00,9 893.00,sl 102.03
2026.05.13 12:45:00,1797,DE40,buy,in,0.1,24102.20,1797,0.00,0.00,0.00,9 893.00,SimpleTrendline BUY #M26042502
2026.05.13 13:30:00,1798,DE40,sell,out,0.1,24101.20,1798,0.00,0.00,-0.12,9 892.88,
2026.05.13 13:45:00,1799,DE40,buy,in,0.1,24141.20,1799,0.00,0.00,0.00,9 892.88,SimpleTrendline BUY #M26042502
2026.05.13 14:00:00,1800,DE40,sell,out,0.1,24121.20,1800,0.00,0.00,-2.35,9 890.53,
2026.05.13 15:00:00,1801,DE40,buy,in,0.1,24179.70,1801,0.00,0.00,0.00,9 890.53,SimpleTrendline BUY #M26042502
2026.05.13 15:15:00,1802,DE40,sell,out,0.1,24162.20,1802,0.00,0.00,-2.05,9 888.48,
2026.05.13 16:30:00,1803,DE40,sell,in,0.1,24071.70,1803,0.00,0.00,0.00,9 888.48,SimpleTrendline SELL #M26042502
2026.05.13 16:45:00,1804,DE40,buy,out,0.1,24103.70,1804,0.00,0.00,-3.76,9 884.72,
2026.05.13 16:46:41,1805,NVDA.NAS,sell,out,45,223.33,1805,-0.90,-0.01,269.55,10 153.36,sl 223.34
2026.05.13 19:10:21,1806,BTCUSD,sell,in,0.01,78728.48,1806,0.00,0.00,0.00,10 153.36,WP Sell #M20260527
2026.05.13 20:00:01,1807,AAPL.NAS,buy,in,0.1,299.180,1807,-0.02,0.00,0.00,10 153.34,WP Buy #M20260528
2026.05.13 20:02:35,1808,AAPL.NAS,sell,out,0.1,299.420,1808,-0.02,0.00,0.02,10 153.34,sl 299.430
2026.05.13 20:15:23,1809,BTCUSD,buy,out,0.01,79231.38,1809,0.00,0.00,-5.03,10 148.31,sl 79228.29
2026.05.13 20:30:00,1810,AAPL.NAS,buy,in,22.5,300.140,1810,-0.45,0.00,0.00,10 147.86,RSI Scalping Buy #M20001
2026.05.13 20:31:45,1811,AAPL.NAS,sell,out,22.5,300.220,1811,-0.45,0.00,1.80,10 149.21,sl 300.230
2026.05.13 21:00:01,1812,AAPL.NAS,sell,in,22.5,300.110,1812,-0.45,0.00,0.00,10 148.76,RSI Scalping Sell #M20001
2026.05.13 21:00:04,1813,AAPL.NAS,buy,in,0.1,300.150,1813,-0.02,0.00,0.00,10 148.74,WP Buy #M20260528
2026.05.13 21:00:28,1814,AAPL.NAS,sell,out,0.1,299.910,1814,-0.02,0.00,-0.02,10 148.70,sl 299.950
2026.05.13 21:01:34,1815,AAPL.NAS,buy,out,22.5,299.950,1815,-0.45,0.00,3.60,10 151.85,sl 299.950
2026.05.14 09:15:00,1816,DE40,buy,in,0.1,24271.90,1816,0.00,0.00,0.00,10 151.85,SimpleTrendline BUY #M26042502
2026.05.14 16:45:00,1817,DE40,sell,out,0.1,24376.90,1817,0.00,0.00,12.33,10 164.18,
2026.05.14 17:00:01,1818,NVDA.NAS,buy,in,0.1,230.70,1818,-0.02,0.00,0.00,10 164.16,WP Buy #M20260529
2026.05.14 17:07:44,1819,XNGUSD,sell,in,0.13,2.7590,1819,0.00,0.00,0.00,10 164.16,WP Sell #M20260535
2026.05.14 17:12:52,1820,XNGUSD,buy,out,0.13,2.7690,1820,0.00,0.00,-13.00,10 151.16,sl 2.7690
2026.05.14 17:15:00,1821,DE40,buy,in,0.1,24423.80,1821,0.00,0.00,0.00,10 151.16,SimpleTrendline BUY #M26042502
2026.05.14 18:45:01,1822,MU.NAS,sell,in,45,781.83,1822,-0.90,0.00,0.00,10 150.26,RSI Scalping Sell #M20004
2026.05.14 18:48:06,1823,MU.NAS,buy,out,45,783.59,1823,-0.90,0.00,-79.20,10 070.16,sl 783.52
2026.05.14 19:00:00,1824,MU.NAS,buy,in,45,786.33,1824,-0.90,0.00,0.00,10 069.26,RSI Scalping Buy #M20004
2026.05.14 19:15:01,1825,DE40,sell,out,0.1,24420.20,1825,0.00,0.00,-0.42,10 068.84,
2026.05.14 19:19:31,1826,MU.NAS,sell,out,45,786.43,1826,-0.90,0.00,4.50,10 072.44,sl 786.43
2026.05.14 20:15:00,1827,DE40,sell,in,0.1,24364.20,1827,0.00,0.00,0.00,10 072.44,SimpleTrendline SELL #M26042502
2026.05.15 12:00:00,1828,XBRUSD,buy,in,0.5,111.42,1828,0.00,0.00,0.00,10 072.44,WP Buy #M20260534
2026.05.15 12:00:01,1829,XTIUSD,buy,in,0.5,104.57,1829,0.00,0.00,0.00,10 072.44,WP Buy #M20260533
2026.05.15 13:14:14,1830,XBRUSD,sell,out,0.5,111.12,1830,0.00,0.00,-15.00,10 057.44,sl 111.14
2026.05.15 13:51:26,1831,XTIUSD,sell,out,0.5,103.01,1831,0.00,0.00,-78.00,9 979.44,sl 103.05
2026.05.15 16:35:00,1832,NVDA.NAS,sell,out,0.1,227.49,1832,-0.02,0.00,-0.32,9 979.10,sl 230.52
2026.05.15 16:45:00,1833,MU.NAS,sell,in,45,738.16,1833,-0.90,0.00,0.00,9 978.20,RSI Scalping Sell #M20004
2026.05.15 16:45:00,1834,NVDA.NAS,sell,in,45,226.15,1834,-0.90,0.00,0.00,9 977.30,RSI Scalping Sell #M20003
2026.05.15 16:48:20,1835,MU.NAS,buy,out,45,732.51,1835,-0.90,0.00,254.25,10 230.65,sl 732.39
2026.05.15 17:00:00,1836,NVDA.NAS,buy,out,45,225.28,1836,-0.90,0.00,39.15,10 268.90,
2026.05.15 17:00:00,1837,TSLA.NAS,sell,in,6.7,426.12,1837,-0.13,0.00,0.00,10 268.77,RSI Scalping Sell #M125421321
2026.05.15 18:09:31,1838,BTCUSD,sell,in,0.01,79146.81,1838,0.00,0.00,0.00,10 268.77,WP Sell #M20260527
2026.05.15 18:30:01,1839,NVDA.NAS,buy,in,45,227.91,1839,-0.90,0.00,0.00,10 267.87,RSI Scalping Buy #M20003
2026.05.15 20:15:01,1840,MU.NAS,buy,in,45,739.04,1840,-0.90,0.00,0.00,10 266.97,RSI Scalping Buy #M20004
2026.05.15 20:46:37,1841,MU.NAS,sell,out,45,741.17,1841,-0.90,0.00,95.85,10 361.92,sl 741.21
2026.05.15 22:00:00,1842,MU.NAS,buy,in,45,739.16,1842,-0.90,0.00,0.00,10 361.02,RSI Scalping Buy #M20004
2026.05.15 22:09:06,1843,NVDA.NAS,sell,out,45,227.68,1843,-0.90,0.00,-10.35,10 349.77,sl 227.73
2026.05.15 22:30:00,1844,NVDA.NAS,sell,in,45,227.02,1844,-0.90,0.00,0.00,10 348.87,RSI Scalping Sell #M20003
2026.05.15 22:45:00,1845,NVDA.NAS,buy,out,45,227.15,1845,-0.90,0.00,-5.85,10 342.12,
2026.05.16 10:13:18,1846,BTCUSD,buy,out,0.01,78103.45,1846,0.00,0.00,10.43,10 352.55,tp 78107.44
2026.05.18 01:05:16,1847,DE40,buy,out,0.1,23882.50,1847,0.00,-0.73,56.55,10 408.37,
2026.05.18 16:35:35,1848,MU.NAS,sell,out,45,749.38,1848,-0.90,-0.02,459.90,10 867.35,sl 749.61
2026.05.18 17:00:01,1849,TSLA.NAS,buy,out,6.7,416.27,1849,-0.13,0.00,66.00,10 933.22,
2026.05.18 20:00:01,1850,NVDA.NAS,buy,in,45,222.13,1850,-0.90,0.00,0.00,10 932.32,RSI Scalping Buy #M20003
2026.05.18 22:45:01,1851,MU.NAS,buy,in,45,676.96,1851,-0.90,0.00,0.00,10 931.42,RSI Scalping Buy #M20004
2026.05.19 08:00:00,1852,BTCUSD,buy,in,0.31,76871.16,1852,0.00,0.00,0.00,10 931.42,SimpleTrendline BUY #M26042501
2026.05.19 09:45:00,1853,DE40,buy,in,0.1,24360.50,1853,0.00,0.00,0.00,10 931.42,SimpleTrendline BUY #M26042502
2026.05.19 10:00:00,1854,DE40,sell,out,0.1,24332.50,1854,0.00,0.00,-3.29,10 928.13,
2026.05.19 15:00:00,1855,BTCUSD,sell,out,0.31,76638.14,1855,0.00,0.00,-72.24,10 855.89,
2026.05.19 16:35:43,1856,MU.NAS,sell,out,45,692.44,1856,-0.90,-0.01,696.60,11 551.58,sl 692.67
2026.05.19 17:05:48,1857,NVDA.NAS,sell,out,45,219.54,1857,-0.90,-0.01,-116.55,11 434.12,sl 219.54
2026.05.19 17:15:00,1858,MU.NAS,sell,in,45,658.17,1858,-0.90,0.00,0.00,11 433.22,RSI Scalping Sell #M20004
2026.05.19 17:15:00,1859,NVDA.NAS,sell,in,45,218.61,1859,-0.90,0.00,0.00,11 432.32,RSI Scalping Sell #M20003
2026.05.19 17:18:27,1860,MU.NAS,buy,out,45,656.72,1860,-0.90,0.00,65.25,11 496.67,sl 656.38
2026.05.19 17:30:00,1861,NVDA.NAS,buy,out,45,218.61,1861,-0.90,0.00,0.00,11 495.77,
2026.05.19 17:45:00,1862,MU.NAS,buy,in,45,670.80,1862,-0.90,0.00,0.00,11 494.87,RSI Scalping Buy #M20004
2026.05.19 17:46:11,1863,MU.NAS,sell,out,45,668.17,1863,-0.90,0.00,-118.35,11 375.62,sl 668.39
2026.05.19 18:00:00,1864,NVDA.NAS,buy,in,45,220.94,1864,-0.90,0.00,0.00,11 374.72,RSI Scalping Buy #M20003
2026.05.19 22:50:13,1865,NVDA.NAS,sell,out,45,220.68,1865,-0.90,0.00,-11.70,11 362.12,sl 220.71
2026.05.20 04:45:00,1866,XAUUSD,sell,in,0.01,4467.71,1866,-0.04,0.00,0.00,11 362.08,United SuperEMA short #M940001
2026.05.20 05:00:00,1867,XAUUSD,sell,in,0.04,4482.50,1867,-0.14,0.00,0.00,11 361.94,SimpleTrendline SELL #M26042503
2026.05.20 08:30:00,1868,XAUUSD,buy,out,0.01,4468.44,1868,-0.04,0.00,-0.73,11 361.17,
2026.05.20 12:00:00,1869,XAUUSD,buy,out,0.04,4483.83,1869,-0.14,0.00,-5.32,11 355.71,
2026.05.20 16:15:00,1870,XAUUSD,buy,in,0.01,4505.39,1870,-0.04,0.00,0.00,11 355.67,United SuperEMA long #M940001
2026.05.20 16:35:00,1871,MU.NAS,sell,in,36,723.09,1871,-0.72,0.00,0.00,11 354.95,RSI Scalping Sell #M20004
2026.05.20 16:35:00,1872,NVDA.NAS,sell,in,36,222.15,1872,-0.72,0.00,0.00,11 354.23,RSI Scalping Sell #M20003
2026.05.20 16:39:25,1873,MU.NAS,buy,out,36,717.59,1873,-0.72,0.00,198.00,11 551.51,sl 717.08
2026.05.20 16:45:00,1874,XAUUSD,sell,out,0.01,4489.80,1874,-0.04,0.00,-15.59,11 535.88,
2026.05.20 16:45:01,1875,MU.NAS,buy,in,45,726.98,1875,-0.90,0.00,0.00,11 534.98,RSI Scalping Buy #M20004
2026.05.20 16:50:00,1876,AAPL.NAS,buy,in,22.5,301.390,1876,-0.45,0.00,0.00,11 534.53,RSI Scalping Buy #M20001
2026.05.20 16:51:15,1877,AAPL.NAS,sell,out,22.5,301.390,1877,-0.45,0.00,0.00,11 534.08,sl 301.430
2026.05.20 17:15:00,1878,XAUUSD,sell,in,0.01,4477.96,1878,-0.04,0.00,0.00,11 534.04,United SuperEMA short #M940001
2026.05.20 17:16:49,1879,NVDA.NAS,buy,out,36,224.37,1879,-0.72,0.00,-79.92,11 453.40,sl 224.33
2026.05.20 17:30:00,1880,XAUUSD,buy,out,0.01,4507.22,1880,-0.04,0.00,-29.26,11 424.10,
2026.05.20 18:00:00,1881,XAUUSD,buy,in,0.36,4531.01,1881,-1.26,0.00,0.00,11 422.84,RSI Scalping Buy #M129102315
2026.05.20 18:00:08,1882,XAUUSD,sell,out,0.36,4532.63,1882,-1.26,0.00,58.32,11 479.90,sl 4532.66
2026.05.20 19:00:36,1883,MU.NAS,sell,out,45,724.05,1883,-0.90,0.00,-131.85,11 347.15,sl 724.07
2026.05.20 20:00:00,1884,XNGUSD,sell,in,0.13,3.0010,1884,0.00,0.00,0.00,11 347.15,WP Sell #M20260535
2026.05.20 20:27:55,1885,XNGUSD,buy,out,0.13,3.0010,1885,0.00,0.00,0.00,11 347.15,sl 3.0010
2026.05.20 21:00:00,1886,BTCUSD,buy,in,0.31,77495.90,1886,0.00,0.00,0.00,11 347.15,SimpleTrendline BUY #M26042501
2026.05.20 21:45:00,1887,NVDA.NAS,sell,in,45,222.81,1887,-0.90,0.00,0.00,11 346.25,RSI Scalping Sell #M20003
2026.05.20 22:00:00,1888,NVDA.NAS,buy,out,45,222.76,1888,-0.90,0.00,2.25,11 347.60,
2026.05.20 22:45:00,1889,NVDA.NAS,buy,in,45,223.42,1889,-0.90,0.00,0.00,11 346.70,RSI Scalping Buy #M20003
2026.05.21 09:00:00,1890,XAUUSD,sell,in,0.04,4527.25,1890,-0.14,0.00,0.00,11 346.56,SimpleTrendline SELL #M26042503
2026.05.21 10:00:00,1891,XAUUSD,buy,out,0.04,4521.76,1891,-0.14,0.00,21.96,11 368.38,
2026.05.21 10:30:00,1892,XAUUSD,sell,in,0.01,4512.71,1892,-0.04,0.00,0.00,11 368.34,United SuperEMA short #M940001
2026.05.21 11:15:00,1893,XAUUSD,buy,out,0.01,4534.59,1893,-0.04,0.00,-21.88,11 346.42,
2026.05.21 12:15:00,1894,XAUUSD,buy,in,0.01,4537.73,1894,-0.04,0.00,0.00,11 346.38,United SuperEMA long #M940001
2026.05.21 13:30:00,1895,XAUUSD,sell,out,0.01,4518.23,1895,-0.04,0.00,-19.50,11 326.84,
2026.05.21 14:00:00,1896,BTCUSD,sell,out,0.31,77134.63,1896,0.00,0.00,-111.99,11 214.85,
2026.05.21 14:00:00,1897,XAUUSD,sell,in,0.04,4511.36,1897,-0.14,0.00,0.00,11 214.71,SimpleTrendline SELL #M26042503
2026.05.21 15:00:00,1898,XAUUSD,buy,out,0.04,4514.27,1898,-0.14,0.00,-11.64,11 202.93,
2026.05.21 16:00:00,1899,XTIUSD,buy,in,0.5,104.56,1899,0.00,0.00,0.00,11 202.93,WP Buy #M20260533
2026.05.21 16:38:55,1900,NVDA.NAS,sell,out,45,223.37,1900,-0.90,-0.01,-2.25,11 199.77,sl 223.52
2026.05.21 16:45:00,1901,XAUUSD,sell,in,0.01,4497.66,1901,-0.04,0.00,0.00,11 199.73,United SuperEMA short #M940001
2026.05.21 16:52:00,1902,XTIUSD,sell,out,0.5,105.06,1902,0.00,0.00,25.00,11 224.73,sl 105.11
2026.05.21 17:00:00,1903,NVDA.NAS,sell,in,45,222.22,1903,-0.90,0.00,0.00,11 223.83,RSI Scalping Sell #M20003
2026.05.21 17:30:00,1904,NVDA.NAS,buy,out,45,218.93,1904,-0.90,0.00,148.05,11 370.98,
2026.05.21 17:30:00,1905,NVDA.NAS,sell,in,45,218.91,1905,-0.90,0.00,0.00,11 370.08,RSI Scalping Sell #M20003
2026.05.21 17:45:00,1906,NVDA.NAS,buy,out,45,219.48,1906,-0.90,0.00,-25.65,11 343.53,
2026.05.21 18:00:00,1907,TSLA.NAS,sell,in,6.7,415.97,1907,-0.13,0.00,0.00,11 343.40,RSI Scalping Sell #M125421321
2026.05.21 19:00:00,1908,TSLA.NAS,buy,out,6.7,417.33,1908,-0.13,0.00,-9.11,11 334.16,
2026.05.21 19:00:00,1909,XAUUSD,buy,out,0.01,4512.54,1909,-0.04,0.00,-14.88,11 319.24,
2026.05.21 20:00:00,1910,NVDA.NAS,buy,in,45,220.19,1910,-0.90,0.00,0.00,11 318.34,RSI Scalping Buy #M20003
2026.05.21 21:00:00,1911,XAUUSD,buy,in,0.45,4550.79,1911,-1.58,0.00,0.00,11 316.76,RSI Scalping Buy #M129102315
2026.05.21 21:00:47,1912,XAUUSD,sell,out,0.45,4553.83,1912,-1.58,0.00,136.80,11 451.98,sl 4553.92
2026.05.21 22:00:00,1913,TSLA.NAS,sell,in,6.7,417.86,1913,-0.13,0.00,0.00,11 451.85,RSI Scalping Sell #M125421321
2026.05.21 23:00:00,1914,XAUUSD,buy,in,0.13,4543.54,1914,-0.46,0.00,0.00,11 451.39,RSI Follow BUY #M1001
2026.05.22 02:45:01,1915,XAUUSD,sell,in,0.09,4532.96,1915,-0.32,0.00,0.00,11 451.07,RSIConsolidation SELL #M2025042
2026.05.22 02:45:02,1916,XAUUSD,buy,out,0.09,4533.60,1916,-0.32,0.00,-5.76,11 444.99,
2026.05.22 07:00:00,1917,XAUUSD,sell,in,0.13,4529.59,1917,-0.46,0.00,0.00,11 444.53,RSI Reverse SELL #M1002
2026.05.22 07:00:00,1918,XAUUSD,buy,out,0.13,4529.71,1918,-0.46,0.00,-1.56,11 442.51,
2026.05.22 13:45:00,1919,XAUUSD,sell,in,0.04,4512.46,1919,-0.14,0.00,0.00,11 442.37,RSIConsolidation SELL #M2025042
2026.05.22 13:45:00,1920,XAUUSD,buy,out,0.04,4512.54,1920,-0.14,0.00,-0.32,11 441.91,
2026.05.22 16:35:00,1921,TSLA.NAS,buy,out,6.7,426.76,1921,-0.13,0.00,-59.63,11 382.15,
2026.05.22 16:40:00,1922,AAPL.NAS,buy,in,18,308.440,1922,-0.36,0.00,0.00,11 381.79,RSI Scalping Buy #M20001
2026.05.22 16:46:54,1923,NVDA.NAS,sell,out,45,218.61,1923,-0.90,-0.01,-71.10,11 309.78,sl 218.61
2026.05.22 17:00:00,1924,NVDA.NAS,sell,in,36,217.91,1924,-0.72,0.00,0.00,11 309.06,RSI Scalping Sell #M20003
2026.05.22 17:00:00,1925,AAPL.NAS,sell,out,18,308.500,1925,-0.36,0.00,1.08,11 309.78,sl 308.560
2026.05.22 17:00:00,1926,AAPL.NAS,buy,in,0.1,308.510,1926,-0.02,0.00,0.00,11 309.76,WP Buy #M20260528
2026.05.22 17:00:30,1927,AAPL.NAS,sell,out,0.1,308.510,1927,-0.02,0.00,0.00,11 309.74,sl 308.520
2026.05.22 17:08:42,1928,SOXX.NAS,buy,in,0.1,535.390,1928,-0.02,0.00,0.00,11 309.72,WP Buy #M20260532
2026.05.22 17:09:07,1929,SOXX.NAS,sell,out,0.1,535.600,1929,-0.02,0.00,0.02,11 309.72,sl 535.710
2026.05.22 17:15:00,1930,NVDA.NAS,buy,out,36,216.55,1930,-0.72,0.00,48.96,11 357.96,
2026.05.22 17:30:00,1931,AAPL.NAS,sell,in,22.5,308.620,1931,-0.45,0.00,0.00,11 357.51,RSI Scalping Sell #M20001
2026.05.22 17:37:44,1932,XNGUSD,sell,in,0.13,2.9140,1932,0.00,0.00,0.00,11 357.51,WP Sell #M20260535
2026.05.22 17:56:55,1933,XNGUSD,buy,out,0.13,2.9160,1933,0.00,0.00,-2.60,11 354.91,sl 2.9160
2026.05.22 18:00:00,1934,AAPL.NAS,buy,in,0.1,310.330,1934,-0.02,0.00,0.00,11 354.89,WP Buy #M20260528
2026.05.22 18:02:09,1935,AAPL.NAS,sell,out,0.1,310.370,1935,-0.02,0.00,0.00,11 354.87,sl 310.410
2026.05.22 18:03:34,1936,XNGUSD,sell,in,0.13,2.9100,1936,0.00,0.00,0.00,11 354.87,WP Sell #M20260535
2026.05.22 18:24:41,1937,XNGUSD,buy,out,0.13,2.8900,1937,0.00,0.00,26.00,11 380.87,tp 2.8900
2026.05.22 18:30:00,1938,NVDA.NAS,buy,in,45,218.16,1938,-0.90,0.00,0.00,11 379.97,RSI Scalping Buy #M20003
2026.05.22 19:00:01,1939,AAPL.NAS,buy,in,0.1,309.970,1939,-0.02,0.00,0.00,11 379.95,WP Buy #M20260528
2026.05.22 19:00:43,1940,AAPL.NAS,sell,out,0.1,309.770,1940,-0.02,0.00,-0.02,11 379.91,sl 309.770
2026.05.22 19:06:28,1941,XNGUSD,sell,in,0.13,2.8840,1941,0.00,0.00,0.00,11 379.91,WP Sell #M20260535
2026.05.22 19:13:46,1942,XNGUSD,buy,out,0.13,2.8860,1942,0.00,0.00,-2.60,11 377.31,sl 2.8860
2026.05.22 20:00:00,1943,XAUUSD,sell,in,0.04,4515.09,1943,-0.14,0.00,0.00,11 377.17,SimpleTrendline SELL #M26042503
2026.05.22 20:00:01,1944,XNGUSD,sell,in,0.13,2.8740,1944,0.00,0.00,0.00,11 377.17,WP Sell #M20260535
2026.05.22 20:01:44,1945,XNGUSD,buy,out,0.13,2.8830,1945,0.00,0.00,-11.70,11 365.47,sl 2.8830
2026.05.22 21:00:00,1946,XAUUSD,buy,out,0.04,4519.38,1946,-0.14,0.00,-17.16,11 348.17,
2026.05.22 21:00:00,1947,XAUUSD,buy,in,0.04,4519.32,1947,-0.14,0.00,0.00,11 348.03,SimpleTrendline BUY #M26042503
2026.05.22 22:00:00,1948,XAUUSD,sell,out,0.04,4515.18,1948,-0.14,0.00,-16.56,11 331.33,
2026.05.22 22:00:01,1949,NVDA.NAS,sell,out,45,215.93,1949,-0.90,0.00,-100.35,11 230.08,
2026.05.22 22:15:00,1950,XAUUSD,sell,in,0.01,4507.32,1950,-0.04,0.00,0.00,11 230.04,United SuperEMA short #M940001
2026.05.22 22:30:00,1951,MU.NAS,sell,in,36,759.40,1951,-0.72,0.00,0.00,11 229.32,RSI Scalping Sell #M20004
2026.05.22 22:30:01,1952,AAPL.NAS,buy,out,22.5,308.710,1952,-0.45,0.00,-2.03,11 226.84,
2026.05.22 22:45:00,1953,MU.NAS,buy,out,36,758.41,1953,-0.72,0.00,35.64,11 261.76,
2026.05.25 01:15:00,1954,XAUUSD,buy,out,0.01,4555.16,1954,-0.04,0.40,-47.84,11 214.28,
2026.05.25 02:00:00,1955,XAUUSD,buy,in,0.45,4565.35,1955,-1.58,0.00,0.00,11 212.70,RSI Scalping Buy #M129102315
2026.05.25 02:00:15,1956,XAUUSD,sell,out,0.45,4567.31,1956,-1.58,0.00,88.20,11 299.32,sl 4567.34
2026.05.25 04:30:00,1957,XAUUSD,sell,in,0.01,4573.52,1957,-0.04,0.00,0.00,11 299.28,RSIConsolidation SELL #M2025042
2026.05.25 05:00:00,1958,XAUUSD,buy,out,0.01,4563.12,1958,-0.04,0.00,10.40,11 309.64,
2026.05.25 07:00:00,1959,XAUUSD,sell,in,0.13,4559.86,1959,-0.46,0.00,0.00,11 309.18,RSI Reverse SELL #M1002
2026.05.25 07:00:00,1960,XAUUSD,buy,out,0.13,4559.94,1960,-0.46,0.00,-1.04,11 307.68,
2026.05.25 10:00:00,1961,XAUUSD,buy,in,0.45,4562.73,1961,-1.58,0.00,0.00,11 306.10,RSI Scalping Buy #M129102315
2026.05.25 10:02:59,1962,XAUUSD,sell,out,0.45,4563.80,1962,-1.58,0.00,48.15,11 352.67,sl 4563.94
2026.05.25 13:00:00,1963,XAUUSD,buy,in,0.45,4567.82,1963,-1.58,0.00,0.00,11 351.09,RSI Scalping Buy #M129102315
2026.05.25 13:03:33,1964,XAUUSD,sell,out,0.45,4568.91,1964,-1.58,0.00,49.05,11 398.56,sl 4569.01
2026.05.25 14:15:00,1965,XAUUSD,sell,in,0.04,4572.20,1965,-0.14,0.00,0.00,11 398.42,RSIConsolidation SELL #M2025042
2026.05.25 15:07:53,1966,XAUUSD,buy,out,0.04,4561.81,1966,-0.14,0.00,41.56,11 439.84,tp 4561.84
2026.05.25 15:15:00,1967,XAUUSD,sell,in,0.04,4556.34,1967,-0.14,0.00,0.00,11 439.70,RSIConsolidation SELL #M2025042
2026.05.25 15:15:00,1968,XAUUSD,buy,out,0.04,4556.44,1968,-0.14,0.00,-0.40,11 439.16,
2026.05.25 18:00:00,1969,XAUUSD,buy,in,0.45,4566.72,1969,-1.58,0.00,0.00,11 437.58,RSI Scalping Buy #M129102315
2026.05.25 18:02:15,1970,XAUUSD,sell,out,0.45,4568.48,1970,-1.58,0.00,79.20,11 515.20,sl 4568.51
2026.05.25 19:00:00,1971,XAUUSD,sell,in,0.09,4571.07,1971,-0.32,0.00,0.00,11 514.88,RSIConsolidation SELL #M2025042
2026.05.25 19:30:00,1972,XAUUSD,buy,out,0.09,4568.37,1972,-0.32,0.00,24.30,11 538.86,
2026.05.25 20:45:01,1973,XAUUSD,sell,in,0.09,4566.39,1973,-0.32,0.00,0.00,11 538.54,RSIConsolidation SELL #M2025042
2026.05.25 20:45:01,1974,XAUUSD,buy,out,0.09,4566.45,1974,-0.32,0.00,-0.54,11 537.68,
2026.05.26 02:45:00,1975,XAUUSD,sell,in,0.09,4556.90,1975,-0.32,0.00,0.00,11 537.36,RSIConsolidation SELL #M2025042
2026.05.26 02:45:01,1976,XAUUSD,buy,out,0.09,4557.14,1976,-0.32,0.00,-2.16,11 534.88,
2026.05.26 05:15:00,1977,XAUUSD,buy,in,0.04,4538.85,1977,-0.14,0.00,0.00,11 534.74,RSIConsolidation BUY #M20250420
2026.05.26 09:45:00,1978,XAUUSD,sell,out,0.04,4533.89,1978,-0.14,0.00,-19.84,11 514.76,
2026.05.26 09:45:00,1979,DE40,buy,in,0.1,25368.80,1979,0.00,0.00,0.00,11 514.76,SimpleTrendline BUY #M26042502
2026.05.26 10:15:00,1980,DE40,sell,out,0.1,25343.80,1980,0.00,0.00,-2.93,11 511.83,
2026.05.26 11:00:00,1981,DE40,sell,in,0.1,25271.50,1981,0.00,0.00,0.00,11 511.83,SimpleTrendline SELL #M26042502
2026.05.26 14:15:00,1982,DE40,buy,out,0.1,25272.50,1982,0.00,0.00,-0.12,11 511.71,
2026.05.26 15:00:00,1983,XAUUSD,sell,out,0.13,4506.51,1983,-0.46,-22.26,-481.39,11 007.60,
2026.05.26 16:45:00,1984,NVDA.NAS,buy,in,36,216.43,1984,-0.72,0.00,0.00,11 006.88,RSI Scalping Buy #M20003
2026.05.26 16:45:00,1985,MU.NAS,buy,in,36,853.05,1985,-0.72,0.00,0.00,11 006.16,RSI Scalping Buy #M20004
2026.05.26 16:47:48,1986,MU.NAS,sell,out,36,856.75,1986,-0.72,0.00,133.20,11 138.64,sl 857.31
2026.05.26 17:00:00,1987,XAUUSD,sell,in,0.04,4514.97,1987,-0.14,0.00,0.00,11 138.50,SimpleTrendline SELL #M26042503
2026.05.26 17:06:13,1988,SOXX.NAS,buy,in,0.1,562.870,1988,-0.02,0.00,0.00,11 138.48,WP Buy #M20260532
2026.05.26 17:06:42,1989,SOXX.NAS,sell,out,0.1,562.540,1989,-0.02,0.00,-0.03,11 138.43,sl 562.570
2026.05.26 18:07:19,1990,NVDA.NAS,sell,out,36,214.40,1990,-0.72,0.00,-73.08,11 064.63,sl 214.40
2026.05.26 18:15:00,1991,NVDA.NAS,sell,in,45,214.41,1991,-0.90,0.00,0.00,11 063.73,RSI Scalping Sell #M20003
2026.05.26 18:16:27,1992,SOXX.NAS,buy,in,0.1,565.960,1992,-0.02,0.00,0.00,11 063.71,WP Buy #M20260532
2026.05.26 18:16:28,1993,SOXX.NAS,sell,out,0.1,565.650,1993,-0.02,0.00,-0.03,11 063.66,sl 565.660
2026.05.26 18:30:00,1994,NVDA.NAS,buy,out,45,214.44,1994,-0.90,0.00,-1.35,11 061.41,
2026.05.26 19:15:00,1995,DE40,sell,in,0.1,25191.70,1995,0.00,0.00,0.00,11 061.41,SimpleTrendline SELL #M26042502
2026.05.26 20:00:00,1996,NVDA.NAS,buy,in,18,213.63,1996,-0.36,0.00,0.00,11 061.05,RSI Scalping Buy #M20003
2026.05.26 20:15:01,1997,DE40,buy,out,0.1,25205.50,1997,0.00,0.00,-1.62,11 059.43,
2026.05.26 21:00:00,1998,XAUUSD,sell,in,0.01,4490.76,1998,-0.04,0.00,0.00,11 059.39,United SuperEMA short #M940001
2026.05.26 21:00:00,1999,DE40,sell,in,0.1,25185.60,1999,0.00,0.00,0.00,11 059.39,SimpleTrendline SELL #M26042502
2026.05.26 21:00:07,2000,BTCUSD,sell,in,0.01,75779.43,2000,0.00,0.00,0.00,11 059.39,WP Sell #M20260527
2026.05.26 21:15:01,2001,DE40,buy,out,0.1,25201.90,2001,0.00,0.00,-1.91,11 057.48,
2026.05.26 22:00:05,2002,XNGUSD,sell,in,0.1,2.8870,2002,0.00,0.00,0.00,11 057.48,WP Sell #M20260535
2026.05.26 22:30:00,2003,XAUUSD,buy,out,0.01,4502.42,2003,-0.04,0.00,-11.66,11 045.78,
2026.05.26 23:30:00,2004,DE40,sell,in,0.1,25232.30,2004,0.00,0.00,0.00,11 045.78,SimpleTrendline SELL #M26042502
2026.05.26 23:45:02,2005,DE40,buy,out,0.1,25239.40,2005,0.00,0.00,-0.83,11 044.95,
2026.05.27 01:00:17,2006,XNGUSD,buy,out,0.1,2.8890,2006,0.00,3.84,-2.00,11 046.79,sl 2.8840
2026.05.27 02:38:40,2007,BTCUSD,buy,out,0.01,75869.19,2007,0.00,0.00,-0.90,11 045.89,sl 75865.33
2026.05.27 03:00:00,2008,XAUUSD,buy,out,0.04,4519.53,2008,-0.14,1.61,-18.24,11 029.12,
2026.05.27 03:00:00,2009,XAUUSD,buy,in,0.04,4518.54,2009,-0.14,0.00,0.00,11 028.98,SimpleTrendline BUY #M26042503
2026.05.27 05:00:00,2010,XAUUSD,sell,out,0.04,4508.05,2010,-0.14,0.00,-41.96,10 986.88,
2026.05.27 07:00:00,2011,XAUUSD,sell,in,0.04,4497.14,2011,-0.14,0.00,0.00,10 986.74,SimpleTrendline SELL #M26042503
2026.05.27 08:45:00,2012,XAUUSD,sell,in,0.01,4493.45,2012,-0.04,0.00,0.00,10 986.70,United SuperEMA short #M940001
2026.05.27 12:00:00,2013,XAUUSD,buy,out,0.01,4497.78,2013,-0.04,0.00,-4.33,10 982.33,
2026.05.27 13:45:00,2014,XAUUSD,sell,in,0.01,4465.69,2014,-0.04,0.00,0.00,10 982.29,United SuperEMA short #M940001
2026.05.27 16:44:25,2015,NVDA.NAS,sell,out,18,210.78,2015,-0.36,0.00,-51.30,10 930.63,sl 210.79
2026.05.27 16:45:00,2016,NVDA.NAS,sell,in,18,210.86,2016,-0.36,0.00,0.00,10 930.27,RSI Scalping Sell #M20003
2026.05.27 17:00:00,2017,NVDA.NAS,buy,out,18,211.34,2017,-0.36,0.00,-8.64,10 921.27,
2026.05.27 17:00:00,2018,TSLA.NAS,buy,in,0.1,440.72,2018,-0.02,0.00,0.00,10 921.25,WP Buy #M20260530
2026.05.27 17:04:06,2019,TSLA.NAS,sell,out,0.1,440.63,2019,-0.02,0.00,-0.01,10 921.22,sl 440.74
2026.05.27 17:30:00,2020,XAUUSD,buy,out,0.01,4445.06,2020,-0.04,0.00,20.63,10 941.81,
2026.05.27 18:00:00,2021,TSLA.NAS,buy,in,0.1,441.98,2021,-0.02,0.00,0.00,10 941.79,WP Buy #M20260530
2026.05.27 19:15:00,2022,NVDA.NAS,buy,in,22.5,210.92,2022,-0.45,0.00,0.00,10 941.34,RSI Scalping Buy #M20003
2026.05.27 20:09:45,2023,TSLA.NAS,sell,out,0.1,438.90,2023,-0.02,0.00,-0.31,10 941.01,sl 438.98
2026.05.28 02:00:00,2024,XAUUSD,buy,out,0.04,4457.14,2024,-0.14,4.84,160.00,11 105.71,
2026.05.28 03:00:00,2025,XAUUSD,sell,in,0.01,4445.44,2025,-0.04,0.00,0.00,11 105.67,United SuperEMA short #M940001
2026.05.28 04:00:00,2026,XAUUSD,buy,out,0.01,4457.51,2026,-0.04,0.00,-12.07,11 093.56,
2026.05.28 04:15:00,2027,XAUUSD,sell,in,0.01,4438.21,2027,-0.04,0.00,0.00,11 093.52,United SuperEMA short #M940001
2026.05.28 07:02:38,2028,BTCUSD,sell,in,0.01,72806.07,2028,0.00,0.00,0.00,11 093.52,WP Sell #M20260527
2026.05.28 07:03:07,2029,BTCUSD,buy,out,0.01,72904.15,2029,0.00,0.00,-0.98,11 092.54,sl 72899.62
2026.05.28 07:03:27,2030,AUDUSD,buy,in,0.36,0.70985,2030,-1.26,0.00,0.00,11 091.28,RSI Oversold Crossover Buy #M30
2026.05.28 08:00:00,2031,AUDUSD,sell,out,0.36,0.71043,2031,-1.26,0.00,20.88,11 110.90,
2026.05.28 08:00:00,2032,XTIUSD,buy,in,0.5,94.68,2032,0.00,0.00,0.00,11 110.90,WP Buy #M20260533
2026.05.28 08:00:00,2033,XBRUSD,buy,in,0.5,98.38,2033,0.00,0.00,0.00,11 110.90,WP Buy #M20260534
2026.05.28 09:00:00,2034,XAUUSD,buy,out,0.01,4388.10,2034,-0.04,0.00,50.11,11 160.97,
2026.05.28 11:00:45,2035,XTIUSD,sell,out,0.5,93.18,2035,0.00,0.00,-75.00,11 085.97,sl 93.18
2026.05.28 12:04:03,2036,XBRUSD,sell,out,0.5,96.88,2036,0.00,0.00,-75.00,11 010.97,sl 96.88
2026.05.28 14:00:00,2037,XAUUSD,sell,in,0.04,4383.57,2037,-0.14,0.00,0.00,11 010.83,SimpleTrendline SELL #M26042503
2026.05.28 16:00:00,2038,XAUUSD,buy,out,0.04,4432.98,2038,-0.14,0.00,-197.64,10 813.05,
2026.05.28 18:00:00,2039,XAUUSD,buy,in,0.45,4470.30,2039,-1.58,0.00,0.00,10 811.47,RSI Scalping Buy #M129102315
2026.05.28 18:00:17,2040,XAUUSD,sell,out,0.45,4470.53,2040,-1.58,0.00,10.35,10 820.24,sl 4470.53
2026.05.28 20:00:00,2041,AUDUSD,buy,in,0.08,0.71682,2041,-0.28,0.00,0.00,10 819.96,WP Buy #M20260525
2026.05.28 20:00:00,2042,XAUUSD,buy,in,0.01,4511.70,2042,-0.04,0.00,0.00,10 819.92,WP Buy #M20260526
2026.05.28 22:30:01,2043,MU.NAS,sell,in,45,923.54,2043,-0.90,0.00,0.00,10 819.02,RSI Scalping Sell #M20004
2026.05.28 22:36:19,2044,MU.NAS,buy,out,45,926.44,2044,-0.90,0.00,-130.50,10 687.62,sl 926.44
2026.05.28 22:45:00,2045,MU.NAS,buy,in,45,926.60,2045,-0.90,0.00,0.00,10 686.72,RSI Scalping Buy #M20004
2026.05.28 22:51:13,2046,MU.NAS,sell,out,45,924.25,2046,-0.90,0.00,-105.75,10 580.07,sl 924.25
2026.05.28 23:02:23,2047,XAUUSD,sell,out,0.01,4496.49,2047,-0.04,0.00,-15.21,10 564.82,sl 4496.64
2026.05.29 09:00:00,2048,XAUUSD,buy,in,0.01,4515.08,2048,-0.04,0.00,0.00,10 564.78,United SuperEMA long #M940001
2026.05.29 12:00:00,2049,XAUUSD,sell,out,0.01,4515.06,2049,-0.04,0.00,-0.02,10 564.72,
2026.05.29 16:35:00,2050,MU.NAS,sell,in,36,956.04,2050,-0.72,0.00,0.00,10 564.00,RSI Scalping Sell #M20004
2026.05.29 16:35:33,2051,MU.NAS,buy,out,36,958.64,2051,-0.72,0.00,-93.60,10 469.68,sl 958.45
2026.05.29 16:40:00,2052,AAPL.NAS,buy,in,18,314.250,2052,-0.36,0.00,0.00,10 469.32,RSI Scalping Buy #M20001
2026.05.29 16:40:19,2053,AAPL.NAS,sell,out,18,314.320,2053,-0.36,0.00,1.26,10 470.22,sl 314.340
2026.05.29 16:45:00,2054,MU.NAS,buy,in,45,955.61,2054,-0.90,0.00,0.00,10 469.32,RSI Scalping Buy #M20004
2026.05.29 16:50:32,2055,MU.NAS,sell,out,45,965.83,2055,-0.90,0.00,459.90,10 928.32,sl 965.83
2026.05.29 17:00:00,2056,XAUUSD,buy,in,0.04,4537.18,2056,-0.14,0.00,0.00,10 928.18,SimpleTrendline BUY #M26042503
2026.05.29 17:00:00,2057,TSLA.NAS,sell,in,6.7,436.68,2057,-0.13,0.00,0.00,10 928.05,RSI Scalping Sell #M125421321
2026.05.29 18:00:00,2058,XAUUSD,buy,in,0.01,4564.60,2058,-0.04,0.00,0.00,10 928.01,United SuperEMA long #M940001
2026.05.29 20:45:00,2059,XAUUSD,sell,out,0.01,4554.22,2059,-0.04,0.00,-10.38,10 917.59,
2026.05.29 21:00:00,2060,XAUUSD,sell,in,0.45,4553.34,2060,-1.58,0.00,0.00,10 916.01,RSI Scalping Sell #M129102315
2026.05.29 21:00:32,2061,XAUUSD,buy,out,0.45,4553.57,2061,-1.58,0.00,-10.35,10 904.08,sl 4553.57
2026.05.29 22:15:00,2062,MU.NAS,sell,in,45,946.30,2062,-0.90,0.00,0.00,10 903.18,RSI Scalping Sell #M20004
2026.05.29 22:30:00,2063,MU.NAS,buy,out,45,943.97,2063,-0.90,0.00,104.85,11 007.13,
2026.05.29 22:45:00,2064,MU.NAS,buy,in,45,955.49,2064,-0.90,0.00,0.00,11 006.23,RSI Scalping Buy #M20004
2026.05.29 22:50:22,2065,NVDA.NAS,sell,out,22.5,214.00,2065,-0.45,0.00,69.30,11 075.08,sl 214.01
2026.05.29 23:00:00,2066,XAUUSD,sell,out,0.04,4545.44,2066,-0.14,0.00,33.04,11 107.98,
2026.06.01 00:01:00,2067,AUDUSD,sell,out,0.08,0.71688,2067,-0.28,-0.32,0.48,11 107.86,sl 0.71766
2026.06.01 03:00:00,2068,XAUUSD,buy,in,0.45,4539.98,2068,-1.58,0.00,0.00,11 106.28,RSI Scalping Buy #M129102315
2026.06.01 03:01:43,2069,XAUUSD,sell,out,0.45,4539.90,2069,-1.58,0.00,-3.60,11 101.10,sl 4539.95
2026.06.01 05:00:00,2070,XAUUSD,sell,in,0.04,4525.58,2070,-0.14,0.00,0.00,11 100.96,SimpleTrendline SELL #M26042503
2026.06.01 06:45:00,2071,XAUUSD,sell,in,0.01,4510.86,2071,-0.04,0.00,0.00,11 100.92,United SuperEMA short #M940001
2026.06.01 09:00:00,2072,XAUUSD,buy,out,0.01,4518.25,2072,-0.04,0.00,-7.39,11 093.49,
2026.06.01 09:45:00,2073,XAUUSD,sell,in,0.01,4504.46,2073,-0.04,0.00,0.00,11 093.45,United SuperEMA short #M940001
2026.06.01 13:45:00,2074,XAUUSD,buy,out,0.01,4506.06,2074,-0.04,0.00,-1.60,11 091.81,
2026.06.01 15:00:01,2075,BTCUSD,sell,in,0.01,72434.69,2075,0.00,0.00,0.00,11 091.81,WP Sell #M20260527
2026.06.01 15:20:30,2076,BTCUSD,buy,out,0.01,72137.23,2076,0.00,0.00,2.97,11 094.78,sl 72128.26
2026.06.01 16:11:05,2077,BTCUSD,sell,in,0.01,71855.22,2077,0.00,0.00,0.00,11 094.78,WP Sell #M20260527
2026.06.01 16:15:00,2078,XAUUSD,sell,in,0.01,4484.28,2078,-0.04,0.00,0.00,11 094.74,United SuperEMA short #M940001
2026.06.01 16:17:07,2079,BTCUSD,buy,out,0.01,71929.30,2079,0.00,0.00,-0.74,11 094.00,sl 71927.61
2026.06.01 16:35:00,2080,NVDA.NAS,sell,in,22.5,217.94,2080,-0.45,0.00,0.00,11 093.55,RSI Scalping Sell #M20003
2026.06.01 16:35:39,2081,MU.NAS,sell,out,45,1017.67,2081,-0.90,-0.02,2 798.10,13 890.73,sl 1018.14
2026.06.01 17:09:44,2082,BTCUSD,sell,in,0.01,71607.24,2082,0.00,0.00,0.00,13 890.73,WP Sell #M20260527
2026.06.01 17:45:01,2083,NVDA.NAS,buy,out,22.5,220.47,2083,-0.45,0.00,-56.93,13 833.35,
2026.06.01 18:00:00,2084,TSLA.NAS,buy,out,6.7,419.48,2084,-0.13,0.00,115.24,13 948.46,
2026.06.01 18:27:05,2085,XNGUSD,sell,in,0.13,3.0750,2085,0.00,0.00,0.00,13 948.46,WP Sell #M20260535
2026.06.01 18:30:43,2086,BTCUSD,buy,out,0.01,71251.79,2086,0.00,0.00,3.55,13 952.01,sl 71251.14
2026.06.01 18:30:54,2087,XNGUSD,buy,out,0.13,3.0760,2087,0.00,0.00,-1.30,13 950.71,sl 3.0760
2026.06.01 19:00:00,2088,XBRUSD,buy,in,0.5,99.28,2088,0.00,0.00,0.00,13 950.71,WP Buy #M20260534
2026.06.01 19:00:00,2089,XNGUSD,sell,in,0.13,3.0770,2089,0.00,0.00,0.00,13 950.71,WP Sell #M20260535
2026.06.01 19:00:26,2090,BTCUSD,sell,in,0.01,71065.53,2090,0.00,0.00,0.00,13 950.71,WP Sell #M20260527
2026.06.01 19:08:38,2091,XNGUSD,buy,out,0.13,3.0890,2091,0.00,0.00,-15.60,13 935.11,sl 3.0870
2026.06.01 19:25:58,2092,BTCUSD,buy,out,0.01,70883.11,2092,0.00,0.00,1.82,13 936.93,sl 70882.39
2026.06.01 20:00:00,2093,XAUUSD,buy,out,0.01,4480.81,2093,-0.04,0.00,3.47,13 940.36,
2026.06.01 20:29:53,2094,XBRUSD,sell,out,0.5,97.68,2094,0.00,0.00,-80.00,13 860.36,sl 97.77
2026.06.01 21:15:00,2095,XAUUSD,sell,in,0.09,4488.60,2095,-0.32,0.00,0.00,13 860.04,RSIConsolidation SELL #M2025042
2026.06.01 22:00:00,2096,NVDA.NAS,buy,in,0.1,223.99,2096,-0.02,0.00,0.00,13 860.02,WP Buy #M20260529
2026.06.01 22:45:00,2097,XAUUSD,buy,out,0.09,4483.38,2097,-0.32,0.00,46.98,13 906.68,
2026.06.01 23:00:00,2098,XAUUSD,buy,in,0.13,4481.25,2098,-0.46,0.00,0.00,13 906.22,RSI Follow BUY #M1001
2026.06.02 05:00:01,2099,XAUUSD,sell,in,0.01,4474.03,2099,-0.04,0.00,0.00,13 906.18,United SuperEMA short #M940001
2026.06.02 06:00:00,2100,XAUUSD,buy,out,0.04,4486.08,2100,-0.14,1.61,158.00,14 065.65,
2026.06.02 06:15:00,2101,XAUUSD,buy,out,0.01,4488.29,2101,-0.04,0.00,-14.26,14 051.35,
2026.06.02 07:00:00,2102,XAUUSD,buy,in,0.04,4499.41,2102,-0.14,0.00,0.00,14 051.21,SimpleTrendline BUY #M26042503
2026.06.02 08:00:00,2103,XAUUSD,sell,in,0.13,4517.32,2103,-0.46,0.00,0.00,14 050.75,RSI Reverse SELL #M1002
2026.06.02 08:00:00,2104,XAUUSD,buy,out,0.13,4517.44,2104,-0.46,0.00,-1.56,14 048.73,
2026.06.02 08:00:00,2105,XAUUSD,buy,in,0.45,4517.44,2105,-1.58,0.00,0.00,14 047.15,RSI Scalping Buy #M129102315
2026.06.02 08:02:01,2106,XAUUSD,sell,out,0.45,4517.29,2106,-1.58,0.00,-6.75,14 038.82,sl 4517.37
2026.06.02 10:00:00,2107,XAUUSD,buy,in,0.01,4535.99,2107,-0.04,0.00,0.00,14 038.78,WP Buy #M20260526
2026.06.02 10:28:33,2108,XAUUSD,sell,out,0.01,4533.61,2108,-0.04,0.00,-2.38,14 036.36,sl 4533.62
2026.06.02 11:00:00,2109,XAUUSD,buy,in,0.01,4535.32,2109,-0.04,0.00,0.00,14 036.32,WP Buy #M20260526
2026.06.02 11:15:00,2110,XAUUSD,buy,in,0.01,4535.30,2110,-0.04,0.00,0.00,14 036.28,United SuperEMA long #M940001
2026.06.02 12:00:00,2111,XAUUSD,sell,out,0.01,4526.90,2111,-0.04,0.00,-8.40,14 027.84,
2026.06.02 15:49:47,2112,XAUUSD,sell,out,0.01,4519.89,2112,-0.04,0.00,-15.43,14 012.37,sl 4519.99
2026.06.02 17:00:00,2113,XAUUSD,sell,out,0.04,4502.63,2113,-0.14,0.00,12.88,14 025.11,
2026.06.02 17:55:50,2114,NVDA.NAS,sell,out,0.1,226.20,2114,-0.02,0.00,0.22,14 025.31,sl 226.22
2026.06.02 18:00:00,2115,XAUUSD,buy,in,0.09,4504.22,2115,-0.32,0.00,0.00,14 024.99,RSIConsolidation BUY #M20250420
2026.06.02 18:03:27,2116,BTCUSD,sell,in,0.01,67737.80,2116,0.00,0.00,0.00,14 024.99,WP Sell #M20260527
2026.06.02 18:32:03,2117,BTCUSD,buy,out,0.01,67386.32,2117,0.00,0.00,3.51,14 028.50,sl 67378.14
2026.06.02 19:05:38,2118,BTCUSD,sell,in,0.01,67315.54,2118,0.00,0.00,0.00,14 028.50,WP Sell #M20260527
2026.06.02 19:13:30,2119,BTCUSD,buy,out,0.01,67817.27,2119,0.00,0.00,-5.02,14 023.48,sl 67816.02
2026.06.02 19:20:24,2120,SOXX.NAS,buy,in,0.1,598.750,2120,-0.02,0.00,0.00,14 023.46,WP Buy #M20260532
2026.06.02 19:20:41,2121,SOXX.NAS,sell,out,0.1,598.780,2121,-0.02,0.00,0.00,14 023.44,sl 598.780
2026.06.02 19:45:01,2122,XAUUSD,sell,in,0.01,4489.70,2122,-0.04,0.00,0.00,14 023.40,United SuperEMA short #M940001
2026.06.02 20:00:17,2123,BTCUSD,sell,in,0.01,67292.07,2123,0.00,0.00,0.00,14 023.40,WP Sell #M20260527
2026.06.02 20:36:24,2124,XAUUSD,sell,out,0.09,4485.93,2124,-0.32,0.00,-164.61,13 858.47,sl 4486.17
2026.06.02 20:45:01,2125,NVDA.NAS,sell,in,4.5,222.99,2125,-0.09,0.00,0.00,13 858.38,RSI Scalping Sell #M20003
2026.06.02 21:00:00,2126,XTIUSD,buy,in,0.5,95.73,2126,0.00,0.00,0.00,13 858.38,WP Buy #M20260533
2026.06.02 21:00:00,2127,NVDA.NAS,buy,out,4.5,223.19,2127,-0.09,0.00,-0.90,13 857.39,
2026.06.02 22:00:50,2128,BTCUSD,buy,out,0.01,67324.87,2128,0.00,0.00,-0.33,13 857.06,sl 67322.81
2026.06.02 22:30:01,2129,NVDA.NAS,sell,in,3.6,222.65,2129,-0.07,0.00,0.00,13 856.99,RSI Scalping Sell #M20003
2026.06.02 22:45:02,2130,NVDA.NAS,buy,out,3.6,221.94,2130,-0.07,0.00,2.56,13 859.48,
2026.06.02 23:15:00,2131,XAUUSD,buy,out,0.01,4489.99,2131,-0.04,0.00,-0.29,13 859.15,
2026.06.03 02:35:57,2132,XTIUSD,sell,out,0.5,96.90,2132,0.00,5.37,58.50,13 923.02,sl 96.90
2026.06.03 08:00:00,2133,XAUUSD,sell,in,0.04,4469.56,2133,-0.14,0.00,0.00,13 922.88,SimpleTrendline SELL #M26042503
2026.06.03 08:45:00,2134,XAUUSD,sell,in,0.01,4461.72,2134,-0.04,0.00,0.00,13 922.84,United SuperEMA short #M940001
2026.06.03 09:00:00,2135,XAUUSD,sell,out,0.13,4457.16,2135,-0.46,-14.84,-313.17,13 594.37,
2026.06.03 13:15:00,2136,XAUUSD,buy,out,0.01,4463.17,2136,-0.04,0.00,-1.45,13 592.88,
2026.06.03 16:35:00,2137,NVDA.NAS,buy,in,4.5,220.03,2137,-0.09,0.00,0.00,13 592.79,RSI Scalping Buy #M20003
2026.06.03 16:45:00,2138,XAUUSD,sell,in,0.01,4427.35,2138,-0.04,0.00,0.00,13 592.75,United SuperEMA short #M940001
2026.06.03 17:45:00,2139,NVDA.NAS,sell,out,4.5,215.38,2139,-0.09,0.00,-20.93,13 571.73,
2026.06.03 19:00:00,2140,TSLA.NAS,sell,in,33.7,423.68,2140,-0.67,0.00,0.00,13 571.06,RSI Scalping Sell #M125421321
2026.06.03 20:15:00,2141,NVDA.NAS,sell,in,4.5,215.36,2141,-0.09,0.00,0.00,13 570.97,RSI Scalping Sell #M20003
2026.06.03 21:15:00,2142,NVDA.NAS,buy,out,4.5,215.45,2142,-0.09,0.00,-0.41,13 570.47,
2026.06.03 21:15:00,2143,NVDA.NAS,sell,in,4.5,215.43,2143,-0.09,0.00,0.00,13 570.38,RSI Scalping Sell #M20003
2026.06.03 21:45:00,2144,DE40,sell,in,0.1,24788.10,2144,0.00,0.00,0.00,13 570.38,SimpleTrendline SELL #M26042502
2026.06.03 22:15:00,2145,XAUUSD,buy,out,0.01,4449.97,2145,-0.04,0.00,-22.62,13 547.72,
2026.06.03 22:30:02,2146,NVDA.NAS,buy,out,4.5,215.29,2146,-0.09,0.00,0.63,13 548.26,
2026.06.03 22:45:00,2147,NVDA.NAS,buy,in,4.5,215.72,2147,-0.09,0.00,0.00,13 548.17,RSI Scalping Buy #M20003
2026.06.04 01:30:00,2148,XAUUSD,sell,in,0.01,4434.21,2148,-0.04,0.00,0.00,13 548.13,United SuperEMA short #M940001
2026.06.04 02:00:00,2149,XAUUSD,buy,out,0.01,4449.30,2149,-0.04,0.00,-15.09,13 533.00,
2026.06.04 02:00:00,2150,XAUUSD,buy,out,0.04,4449.35,2150,-0.14,4.84,80.84,13 618.54,
2026.06.04 03:16:00,2151,DE40,buy,out,0.1,24697.60,2151,0.00,-0.18,10.62,13 628.98,
2026.06.04 04:03:05,2152,BTCUSD,sell,in,0.01,63354.38,2152,0.00,0.00,0.00,13 628.98,WP Sell #M20260527
2026.06.04 04:26:31,2153,BTCUSD,buy,out,0.01,62832.73,2153,0.00,0.00,5.22,13 634.20,sl 62832.19
2026.06.04 04:30:00,2154,DE40,sell,in,0.1,24757.40,2154,0.00,0.00,0.00,13 634.20,SimpleTrendline SELL #M26042502
2026.06.04 06:15:01,2155,DE40,buy,out,0.1,24748.60,2155,0.00,0.00,1.03,13 635.23,
2026.06.04 08:00:00,2156,XAUUSD,buy,in,0.45,4481.20,2156,-1.58,0.00,0.00,13 633.65,RSI Scalping Buy #M129102315
2026.06.04 08:01:09,2157,XAUUSD,sell,out,0.45,4481.54,2157,-1.58,0.00,15.30,13 647.37,sl 4481.61
2026.06.04 09:00:00,2158,DE40,buy,in,0.1,24759.60,2158,0.00,0.00,0.00,13 647.37,SimpleTrendline BUY #M26042502
2026.06.04 13:45:00,2159,XAUUSD,buy,in,0.01,4472.58,2159,-0.04,0.00,0.00,13 647.33,United SuperEMA long #M940001
2026.06.04 15:00:00,2160,XAUUSD,buy,in,0.45,4512.05,2160,-1.58,0.00,0.00,13 645.75,RSI Scalping Buy #M129102315
2026.06.04 15:00:03,2161,XAUUSD,sell,out,0.45,4513.01,2161,-1.58,0.00,43.20,13 687.37,sl 4513.06
2026.06.04 16:00:00,2162,XAUUSD,buy,in,0.01,4503.53,2162,-0.04,0.00,0.00,13 687.33,WP Buy #M20260526
2026.06.04 16:11:01,2163,XAUUSD,sell,out,0.01,4502.43,2163,-0.04,0.00,-1.10,13 686.19,sl 4502.51
2026.06.04 16:45:00,2164,MU.NAS,sell,in,45,989.46,2164,-0.90,0.00,0.00,13 685.29,RSI Scalping Sell #M20004
2026.06.04 16:50:50,2165,MU.NAS,buy,out,45,992.62,2165,-0.90,0.00,-142.20,13 542.19,sl 992.40
2026.06.04 17:30:00,2166,XAUUSD,sell,out,0.01,4486.44,2166,-0.04,0.00,13.86,13 556.01,
2026.06.04 17:30:01,2167,NVDA.NAS,sell,out,4.5,213.43,2167,-0.09,0.00,-10.31,13 545.61,
2026.06.04 17:45:00,2168,NVDA.NAS,buy,in,22.5,214.39,2168,-0.45,0.00,0.00,13 545.16,RSI Scalping Buy #M20003
2026.06.04 18:45:01,2169,MU.NAS,buy,in,45,1009.94,2169,-0.90,0.00,0.00,13 544.26,RSI Scalping Buy #M20004
2026.06.04 18:46:52,2170,MU.NAS,sell,out,45,1007.22,2170,-0.90,0.00,-122.40,13 420.96,sl 1007.30
2026.06.04 19:00:00,2171,XAUUSD,buy,in,0.04,4477.55,2171,-0.14,0.00,0.00,13 420.82,SimpleTrendline BUY #M26042503
2026.06.04 22:00:00,2172,XAUUSD,sell,out,0.04,4478.49,2172,-0.14,0.00,3.76,13 424.44,
2026.06.04 23:00:00,2173,XAUUSD,buy,in,0.04,4480.95,2173,-0.14,0.00,0.00,13 424.30,SimpleTrendline BUY #M26042503
2026.06.04 23:30:00,2174,DE40,sell,out,0.1,24906.90,2174,0.00,0.00,17.29,13 441.59,
2026.06.05 02:00:00,2175,XAUUSD,sell,out,0.04,4469.94,2175,-0.14,-2.28,-44.04,13 395.13,
2026.06.05 02:00:00,2176,XAUUSD,sell,in,0.04,4469.94,2176,-0.14,0.00,0.00,13 394.99,SimpleTrendline SELL #M26042503
2026.06.05 03:45:00,2177,XAUUSD,buy,in,0.04,4463.17,2177,-0.14,0.00,0.00,13 394.85,RSIConsolidation BUY #M20250420
2026.06.05 04:42:07,2178,XAUUSD,sell,out,0.04,4447.04,2178,-0.14,0.00,-64.52,13 330.19,sl 4447.34
2026.06.05 04:45:00,2179,XAUUSD,sell,in,0.01,4446.29,2179,-0.04,0.00,0.00,13 330.15,United SuperEMA short #M940001
2026.06.05 05:00:00,2180,XAUUSD,buy,in,0.13,4446.92,2180,-0.46,0.00,0.00,13 329.69,RSI Follow BUY #M1001
2026.06.05 06:00:00,2181,XAUUSD,sell,out,0.13,4440.65,2181,-0.46,0.00,-81.51,13 247.72,
2026.06.05 07:00:00,2182,XAUUSD,buy,in,0.13,4442.80,2182,-0.46,0.00,0.00,13 247.26,RSI Follow BUY #M1001
2026.06.05 08:15:00,2183,XAUUSD,buy,out,0.01,4448.87,2183,-0.04,0.00,-2.58,13 244.64,
2026.06.05 09:00:00,2184,XAUUSD,sell,out,0.13,4440.05,2184,-0.46,0.00,-35.75,13 208.43,
2026.06.05 11:00:00,2185,XAUUSD,buy,out,0.04,4460.73,2185,-0.14,0.00,36.84,13 245.13,
2026.06.05 12:15:00,2186,DE40,buy,in,0.1,24999.30,2186,0.00,0.00,0.00,13 245.13,SimpleTrendline BUY #M26042502
2026.06.05 14:00:00,2187,XAUUSD,buy,in,0.01,4466.53,2187,-0.04,0.00,0.00,13 245.09,United SuperEMA long #M940001
2026.06.05 14:15:01,2188,XAUUSD,sell,out,0.01,4461.55,2188,-0.04,0.00,-4.98,13 240.07,
2026.06.05 15:00:00,2189,XAUUSD,buy,in,0.01,4470.31,2189,-0.04,0.00,0.00,13 240.03,United SuperEMA long #M940001
2026.06.05 15:30:01,2190,DE40,sell,out,0.1,24961.80,2190,0.00,0.00,-4.40,13 235.63,
2026.06.05 15:45:00,2191,XAUUSD,sell,out,0.01,4446.12,2191,-0.04,0.00,-24.19,13 211.40,
2026.06.05 16:35:00,2192,NVDA.NAS,sell,out,22.5,214.33,2192,-0.45,0.00,-1.35,13 209.60,sl 217.81
2026.06.05 16:45:01,2193,NVDA.NAS,sell,in,18,213.25,2193,-0.36,0.00,0.00,13 209.24,RSI Scalping Sell #M20003
2026.06.05 16:45:01,2194,MU.NAS,sell,in,36,935.45,2194,-0.72,0.00,0.00,13 208.52,RSI Scalping Sell #M20004
2026.06.05 16:50:03,2195,MU.NAS,buy,out,36,928.36,2195,-0.72,0.00,255.24,13 463.04,sl 928.28
2026.06.05 17:00:00,2196,NVDA.NAS,buy,out,18,211.99,2196,-0.36,0.00,22.68,13 485.36,
2026.06.05 17:00:01,2197,TSLA.NAS,buy,out,33.7,409.81,2197,-0.67,0.00,467.42,13 952.11,
2026.06.05 19:00:41,2198,BTCUSD,sell,in,0.01,60257.61,2198,0.00,0.00,0.00,13 952.11,WP Sell #M20260527
2026.06.05 19:09:37,2199,XNGUSD,sell,in,0.13,3.1480,2199,0.00,0.00,0.00,13 952.11,WP Sell #M20260535
2026.06.05 19:12:29,2200,BTCUSD,buy,out,0.01,60046.77,2200,0.00,0.00,2.11,13 954.22,sl 60042.05
2026.06.05 19:15:54,2201,XNGUSD,buy,out,0.13,3.1460,2201,0.00,0.00,2.60,13 956.82,sl 3.1460
2026.06.05 20:00:03,2202,XNGUSD,sell,in,0.13,3.1400,2202,0.00,0.00,0.00,13 956.82,WP Sell #M20260535
2026.06.05 20:01:12,2203,XNGUSD,buy,out,0.13,3.1500,2203,0.00,0.00,-13.00,13 943.82,sl 3.1500
2026.06.05 21:00:00,2204,MU.NAS,buy,in,45,905.34,2204,-0.90,0.00,0.00,13 942.92,RSI Scalping Buy #M20004
2026.06.05 21:02:46,2205,MU.NAS,sell,out,45,902.62,2205,-0.90,0.00,-122.40,13 819.62,sl 902.89
2026.06.05 21:03:34,2206,XNGUSD,sell,in,0.13,3.1400,2206,0.00,0.00,0.00,13 819.62,WP Sell #M20260535
2026.06.05 21:10:27,2207,XNGUSD,buy,out,0.13,3.1410,2207,0.00,0.00,-1.30,13 818.32,sl 3.1410
2026.06.05 21:15:03,2208,MU.NAS,sell,in,45,891.12,2208,-0.90,0.00,0.00,13 817.42,RSI Scalping Sell #M20004
2026.06.05 21:20:59,2209,MU.NAS,buy,out,45,890.07,2209,-0.90,0.00,47.25,13 863.77,sl 890.04
2026.06.05 22:30:00,2210,MU.NAS,buy,in,45,884.22,2210,-0.90,0.00,0.00,13 862.87,RSI Scalping Buy #M20004
2026.06.05 22:30:00,2211,NVDA.NAS,buy,in,22.5,206.41,2211,-0.45,0.00,0.00,13 862.42,RSI Scalping Buy #M20003
2026.06.05 22:40:50,2212,MU.NAS,sell,out,45,881.82,2212,-0.90,0.00,-108.00,13 753.52,sl 882.00
2026.06.08 02:00:00,2213,XAUUSD,sell,in,0.04,4317.59,2213,-0.14,0.00,0.00,13 753.38,SimpleTrendline SELL #M26042503
2026.06.08 03:00:00,2214,XAUUSD,buy,out,0.04,4343.02,2214,-0.14,0.00,-101.72,13 651.52,
2026.06.08 08:00:00,2215,XBRUSD,buy,in,0.5,98.89,2215,0.00,0.00,0.00,13 651.52,WP Buy #M20260534
2026.06.08 08:45:00,2216,XAUUSD,sell,in,0.01,4288.07,2216,-0.04,0.00,0.00,13 651.48,United SuperEMA short #M940001
2026.06.08 10:30:00,2217,XAUUSD,buy,out,0.01,4306.44,2217,-0.04,0.00,-18.37,13 633.07,
2026.06.08 11:00:00,2218,XAUUSD,sell,in,0.04,4295.15,2218,-0.14,0.00,0.00,13 632.93,SimpleTrendline SELL #M26042503
2026.06.08 11:15:00,2219,DE40,sell,in,0.1,24525.40,2219,0.00,0.00,0.00,13 632.93,SimpleTrendline SELL #M26042502
2026.06.08 11:30:00,2220,XBRUSD,sell,out,0.5,98.80,2220,0.00,0.00,-4.50,13 628.43,sl 98.80
2026.06.08 12:00:00,2221,DE40,buy,out,0.1,24532.40,2221,0.00,0.00,-0.82,13 627.61,
2026.06.08 14:00:00,2222,XAUUSD,buy,out,0.04,4302.64,2222,-0.14,0.00,-29.96,13 597.51,
2026.06.08 16:00:00,2223,AUDUSD,buy,in,0.06,0.70705,2223,-0.21,0.00,0.00,13 597.30,WP Buy #M20260525
2026.06.08 16:35:00,2224,MU.NAS,sell,in,36,931.52,2224,-0.72,0.00,0.00,13 596.58,RSI Scalping Sell #M20004
2026.06.08 16:59:19,2225,MU.NAS,buy,out,36,926.44,2225,-0.72,0.00,182.88,13 778.74,sl 926.21
2026.06.08 22:15:01,2226,MU.NAS,sell,in,45,931.69,2226,-0.90,0.00,0.00,13 777.84,RSI Scalping Sell #M20004
2026.06.08 22:20:14,2227,MU.NAS,buy,out,45,934.02,2227,-0.90,0.00,-104.85,13 672.09,sl 933.74
2026.06.08 22:30:00,2228,XAUUSD,sell,in,0.01,4327.77,2228,-0.04,0.00,0.00,13 672.05,United SuperEMA short #M940001
2026.06.08 22:30:00,2229,DE40,sell,in,0.1,24566.20,2229,0.00,0.00,0.00,13 672.05,SimpleTrendline SELL #M26042502
2026.06.08 22:45:00,2230,MU.NAS,buy,in,45,935.33,2230,-0.90,0.00,0.00,13 671.15,RSI Scalping Buy #M20004
2026.06.08 22:49:30,2231,MU.NAS,sell,out,45,936.50,2231,-0.90,0.00,52.65,13 722.90,sl 936.53
2026.06.09 02:15:02,2232,DE40,buy,out,0.1,24590.30,2232,0.00,-0.18,-2.83,13 719.89,
2026.06.09 03:00:00,2233,XAUUSD,sell,in,0.04,4317.72,2233,-0.14,0.00,0.00,13 719.75,SimpleTrendline SELL #M26042503
2026.06.09 04:30:00,2234,XAUUSD,buy,out,0.01,4335.73,2234,-0.04,0.40,-7.96,13 712.15,
2026.06.09 05:00:00,2235,XAUUSD,buy,out,0.04,4336.87,2235,-0.14,0.00,-76.60,13 635.41,
2026.06.09 07:39:36,2236,EURUSD,sell,in,0.22,1.15452,2236,-0.77,0.00,0.00,13 634.64,RSI Overbought Crossover Sell #
2026.06.09 07:45:03,2237,DE40,buy,in,0.1,24625.20,2237,0.00,0.00,0.00,13 634.64,SimpleTrendline BUY #M26042502
2026.06.09 08:15:01,2238,DE40,sell,out,0.1,24612.20,2238,0.00,0.00,-1.50,13 633.14,
2026.06.09 11:00:00,2239,XAUUSD,sell,in,0.03,4326.47,2239,-0.11,0.00,0.00,13 633.03,SimpleTrendline SELL #M26042503
2026.06.09 13:00:00,2240,XAUUSD,buy,out,0.03,4332.19,2240,-0.11,0.00,-17.16,13 615.76,
2026.06.09 14:00:00,2241,XAUUSD,buy,in,0.03,4339.32,2241,-0.11,0.00,0.00,13 615.65,SimpleTrendline BUY #M26042503
2026.06.09 17:00:00,2242,XAUUSD,sell,out,0.03,4328.72,2242,-0.11,0.00,-31.80,13 583.74,
2026.06.09 17:11:19,2243,NVDA.NAS,sell,out,22.5,207.18,2243,-0.45,-0.01,17.33,13 600.61,sl 207.18
2026.06.09 17:15:00,2244,XAUUSD,sell,in,0.01,4321.16,2244,-0.04,0.00,0.00,13 600.57,United SuperEMA short #M940001
2026.06.09 17:45:00,2245,NVDA.NAS,sell,in,22.5,206.23,2245,-0.45,0.00,0.00,13 600.12,RSI Scalping Sell #M20003
2026.06.09 18:00:00,2246,NVDA.NAS,buy,out,22.5,206.36,2246,-0.45,0.00,-2.93,13 596.74,
2026.06.09 18:00:01,2247,BTCUSD,sell,in,0.01,61465.05,2247,0.00,0.00,0.00,13 596.74,WP Sell #M20260527
2026.06.09 18:30:00,2248,MU.NAS,sell,in,45,906.23,2248,-0.90,0.00,0.00,13 595.84,RSI Scalping Sell #M20004
2026.06.09 18:31:13,2249,AUDUSD,sell,out,0.06,0.70305,2249,-0.21,-0.12,-24.00,13 571.51,sl 0.70305
2026.06.09 18:32:10,2250,MU.NAS,buy,out,45,906.75,2250,-0.90,0.00,-23.40,13 547.21,sl 906.49
2026.06.09 19:32:42,2251,BTCUSD,buy,out,0.01,61109.13,2251,0.00,0.00,3.56,13 550.77,sl 61106.11
2026.06.09 20:15:00,2252,MU.NAS,buy,in,45,893.35,2252,-0.90,0.00,0.00,13 549.87,RSI Scalping Buy #M20004
2026.06.09 20:15:00,2253,NVDA.NAS,buy,in,22.5,203.32,2253,-0.45,0.00,0.00,13 549.42,RSI Scalping Buy #M20003
2026.06.09 20:22:43,2254,MU.NAS,sell,out,45,900.54,2254,-0.90,0.00,323.55,13 872.07,sl 900.98
2026.06.09 23:45:00,2255,XAUUSD,buy,out,0.01,4261.78,2255,-0.04,0.00,59.38,13 931.41,
2026.06.10 03:45:00,2256,XAUUSD,sell,in,0.01,4203.06,2256,-0.04,0.00,0.00,13 931.37,United SuperEMA short #M940001
2026.06.10 04:30:00,2257,DE40,sell,in,0.1,24501.00,2257,0.00,0.00,0.00,13 931.37,SimpleTrendline SELL #M26042502
2026.06.10 05:00:00,2258,XAUUSD,sell,in,0.01,4189.21,2258,-0.04,0.00,0.00,13 931.33,WP Sell #M20260526
2026.06.10 05:28:42,2259,XAUUSD,buy,out,0.01,4185.98,2259,-0.04,0.00,3.23,13 934.52,sl 4185.87
2026.06.10 06:00:00,2260,XAUUSD,sell,in,0.01,4173.88,2260,-0.04,0.00,0.00,13 934.48,WP Sell #M20260526
2026.06.10 06:54:06,2261,EURUSD,buy,out,0.22,1.15513,2261,-0.77,0.35,-13.42,13 920.64,
2026.06.10 08:30:00,2262,XAUUSD,buy,out,0.01,4188.18,2262,-0.04,0.00,14.88,13 935.48,
2026.06.10 08:30:03,2263,XAUUSD,buy,out,0.01,4189.00,2263,-0.04,0.00,-15.12,13 920.32,sl 4188.99
2026.06.10 09:00:00,2264,DE40,buy,out,0.1,24481.50,2264,0.00,0.00,2.25,13 922.57,
2026.06.10 17:15:00,2265,DE40,sell,in,0.2,24309.50,2265,0.00,0.00,0.00,13 922.57,SimpleTrendline SELL #M26042502
2026.06.10 18:00:00,2266,XAUUSD,sell,in,0.04,4124.93,2266,-0.14,0.00,0.00,13 922.43,SimpleTrendline SELL #M26042503
2026.06.10 18:00:17,2267,NVDA.NAS,sell,out,22.5,203.69,2267,-0.45,0.00,8.33,13 930.31,sl 203.69
2026.06.10 18:15:00,2268,NVDA.NAS,sell,in,22.5,202.33,2268,-0.45,0.00,0.00,13 929.86,RSI Scalping Sell #M20003
2026.06.10 18:30:01,2269,NVDA.NAS,buy,out,22.5,202.76,2269,-0.45,0.00,-9.68,13 919.73,
2026.06.10 18:45:00,2270,NVDA.NAS,buy,in,22.5,203.54,2270,-0.45,0.00,0.00,13 919.28,RSI Scalping Buy #M20003
2026.06.10 20:00:00,2271,XBRUSD,buy,in,0.5,95.39,2271,0.00,0.00,0.00,13 919.28,WP Buy #M20260534
2026.06.10 20:45:00,2272,MU.NAS,sell,in,45,891.62,2272,-0.90,0.00,0.00,13 918.38,RSI Scalping Sell #M20004
2026.06.10 21:05:33,2273,XBRUSD,sell,out,0.5,95.08,2273,0.00,0.00,-15.50,13 902.88,sl 95.14
2026.06.10 21:52:25,2274,MU.NAS,buy,out,45,894.71,2274,-0.90,0.00,-139.05,13 762.93,sl 894.16
2026.06.10 22:00:00,2275,XAUUSD,sell,in,0.01,4101.82,2275,-0.04,0.00,0.00,13 762.89,United SuperEMA short #M940001
2026.06.10 22:15:01,2276,MU.NAS,sell,in,45,890.25,2276,-0.90,0.00,0.00,13 761.99,RSI Scalping Sell #M20004
2026.06.10 22:21:17,2277,MU.NAS,buy,out,45,887.68,2277,-0.90,0.00,115.65,13 876.74,sl 887.60
2026.06.10 22:30:00,2278,MU.NAS,buy,in,45,895.31,2278,-0.90,0.00,0.00,13 875.84,RSI Scalping Buy #M20004
2026.06.10 22:36:48,2279,MU.NAS,sell,out,45,897.89,2279,-0.90,0.00,116.10,13 991.04,sl 897.93
2026.06.10 23:00:00,2280,XAUUSD,sell,in,0.01,4082.41,2280,-0.04,0.00,0.00,13 991.00,WP Sell #M20260526
2026.06.10 23:21:59,2281,XAUUSD,buy,out,0.01,4077.42,2281,-0.04,0.00,4.99,13 995.95,sl 4077.14
2026.06.11 02:00:00,2282,XAUUSD,sell,in,0.01,4046.71,2282,-0.04,0.00,0.00,13 995.91,WP Sell #M20260526
2026.06.11 02:15:03,2283,XAUUSD,buy,out,0.01,4031.63,2283,-0.04,0.00,15.08,14 010.95,sl 4031.62
2026.06.11 03:45:00,2284,XAUUSD,buy,out,0.01,4063.59,2284,-0.04,1.21,38.23,14 050.35,
2026.06.11 04:30:00,2285,DE40,buy,out,0.2,24153.90,2285,0.00,-0.36,35.95,14 085.94,
2026.06.11 06:15:00,2286,DE40,sell,in,0.2,24043.90,2286,0.00,0.00,0.00,14 085.94,SimpleTrendline SELL #M26042502
2026.06.11 06:45:00,2287,DE40,buy,out,0.2,24110.40,2287,0.00,0.00,-15.36,14 070.58,
2026.06.11 10:00:00,2288,XAUUSD,buy,out,0.04,4095.21,2288,-0.14,4.84,118.88,14 194.16,
2026.06.11 12:00:13,2289,XNGUSD,sell,in,0.13,3.0700,2289,0.00,0.00,0.00,14 194.16,WP Sell #M20260535
2026.06.11 12:42:06,2290,XNGUSD,buy,out,0.13,3.0710,2290,0.00,0.00,-1.30,14 192.86,sl 3.0710
2026.06.11 13:00:16,2291,XNGUSD,sell,in,0.13,3.0660,2291,0.00,0.00,0.00,14 192.86,WP Sell #M20260535
2026.06.11 13:30:33,2292,XNGUSD,buy,out,0.13,3.0680,2292,0.00,0.00,-2.60,14 190.26,sl 3.0680
2026.06.11 14:00:03,2293,XAUUSD,sell,in,0.04,4089.59,2293,-0.14,0.00,0.00,14 190.12,SimpleTrendline SELL #M26042503
2026.06.11 14:00:03,2294,XNGUSD,sell,in,0.13,3.0700,2294,0.00,0.00,0.00,14 190.12,WP Sell #M20260535
2026.06.11 14:24:39,2295,XNGUSD,buy,out,0.13,3.0600,2295,0.00,0.00,13.00,14 203.12,sl 3.0600
2026.06.11 15:15:00,2296,XAUUSD,sell,in,0.01,4076.28,2296,-0.04,0.00,0.00,14 203.08,United SuperEMA short #M940001
2026.06.11 16:00:00,2297,XAUUSD,buy,out,0.04,4082.30,2297,-0.14,0.00,29.16,14 232.10,
2026.06.11 17:00:00,2298,XAUUSD,buy,out,0.01,4083.98,2298,-0.04,0.00,-7.70,14 224.36,
2026.06.11 17:15:00,2299,XAUUSD,sell,in,0.01,4061.20,2299,-0.04,0.00,0.00,14 224.32,United SuperEMA short #M940001
2026.06.11 18:15:00,2300,XAUUSD,buy,out,0.01,4080.70,2300,-0.04,0.00,-19.50,14 204.78,
2026.06.11 19:45:00,2301,DE40,buy,in,0.2,24221.30,2301,0.00,0.00,0.00,14 204.78,SimpleTrendline BUY #M26042502
2026.06.11 20:00:00,2302,DE40,sell,out,0.2,24195.50,2302,0.00,0.00,-5.96,14 198.82,
2026.06.11 20:15:00,2303,DE40,sell,in,0.2,24192.50,2303,0.00,0.00,0.00,14 198.82,SimpleTrendline SELL #M26042502
2026.06.11 20:30:00,2304,DE40,buy,out,0.2,24418.80,2304,0.00,0.00,-52.28,14 146.54,
2026.06.11 20:45:00,2305,DE40,buy,in,0.1,24558.30,2305,0.00,0.00,0.00,14 146.54,SimpleTrendline BUY #M26042502
2026.06.11 21:00:00,2306,XAUUSD,buy,in,0.36,4152.35,2306,-1.26,0.00,0.00,14 145.28,RSI Scalping Buy #M129102315
2026.06.11 21:00:00,2307,DE40,sell,out,0.1,24518.00,2307,0.00,0.00,-4.66,14 140.62,
2026.06.11 21:00:06,2308,XAUUSD,sell,out,0.36,4153.67,2308,-1.26,0.00,47.52,14 186.88,sl 4153.69
2026.06.11 23:00:00,2309,AUDUSD,buy,in,0.08,0.70478,2309,-0.28,0.00,0.00,14 186.60,WP Buy #M20260525
2026.06.12 01:45:00,2310,XAUUSD,buy,in,0.01,4225.85,2310,-0.04,0.00,0.00,14 186.56,United SuperEMA long #M940001
2026.06.12 02:33:47,2311,EURUSD,sell,in,0.22,1.15764,2311,-0.77,0.00,0.00,14 185.79,RSI Overbought Crossover Sell #
2026.06.12 03:00:00,2312,XAUUSD,sell,in,0.45,4219.86,2312,-1.58,0.00,0.00,14 184.21,RSI Scalping Sell #M129102315
2026.06.12 03:00:11,2313,XAUUSD,buy,out,0.45,4218.27,2313,-1.58,0.00,71.55,14 254.18,sl 4218.13
2026.06.12 03:39:46,2314,EURUSD,buy,out,0.22,1.15679,2314,-0.77,0.00,18.70,14 272.11,
2026.06.12 03:45:00,2315,XAUUSD,sell,out,0.01,4204.16,2315,-0.04,0.00,-21.69,14 250.38,
2026.06.12 09:30:00,2316,DE40,buy,in,0.2,24580.60,2316,0.00,0.00,0.00,14 250.38,SimpleTrendline BUY #M26042502
2026.06.12 09:45:02,2317,DE40,sell,out,0.2,24536.10,2317,0.00,0.00,-10.30,14 240.08,
2026.06.12 10:30:00,2318,DE40,sell,in,0.1,24504.60,2318,0.00,0.00,0.00,14 240.08,SimpleTrendline SELL #M26042502
2026.06.12 10:45:01,2319,DE40,buy,out,0.1,24557.10,2319,0.00,0.00,-6.07,14 234.01,
2026.06.12 11:00:00,2320,XAUUSD,buy,in,0.45,4194.77,2320,-1.58,0.00,0.00,14 232.43,RSI Scalping Buy #M129102315
2026.06.12 11:00:00,2321,XAUUSD,buy,in,0.04,4194.15,2321,-0.14,0.00,0.00,14 232.29,SimpleTrendline BUY #M26042503
2026.06.12 11:00:21,2322,XAUUSD,sell,out,0.45,4195.31,2322,-1.58,0.00,24.30,14 255.01,sl 4195.39
2026.06.12 11:15:00,2323,XAUUSD,buy,in,0.01,4203.96,2323,-0.04,0.00,0.00,14 254.97,United SuperEMA long #M940001
2026.06.12 11:15:00,2324,DE40,buy,in,0.1,24698.80,2324,0.00,0.00,0.00,14 254.97,SimpleTrendline BUY #M26042502
2026.06.12 11:45:00,2325,DE40,sell,out,0.1,24624.80,2325,0.00,0.00,-8.56,14 246.41,
2026.06.12 14:00:00,2326,XAUUSD,sell,out,0.04,4211.40,2326,-0.14,0.00,69.00,14 315.27,
2026.06.12 14:30:01,2327,XAUUSD,sell,out,0.01,4202.41,2327,-0.04,0.00,-1.55,14 313.68,
2026.06.12 16:36:52,2328,SOXX.NAS,buy,in,0.1,588.230,2328,-0.02,0.00,0.00,14 313.66,WP Buy #M20260532
2026.06.12 16:36:52,2329,SOXX.NAS,sell,out,0.1,587.870,2329,-0.02,0.00,-0.04,14 313.60,sl 587.930
2026.06.12 17:00:00,2330,XAUUSD,sell,in,0.04,4187.05,2330,-0.14,0.00,0.00,14 313.46,SimpleTrendline SELL #M26042503
2026.06.12 17:00:02,2331,TSLA.NAS,sell,in,67.5,394.56,2331,-1.35,0.00,0.00,14 312.11,RSI Scalping Sell #M125421321
2026.06.12 17:00:20,2332,SOXX.NAS,buy,in,0.1,589.770,2332,-0.02,0.00,0.00,14 312.09,WP Buy #M20260532
2026.06.12 17:00:22,2333,SOXX.NAS,sell,out,0.1,589.590,2333,-0.02,0.00,-0.02,14 312.05,sl 589.870
2026.06.12 18:00:00,2334,XAUUSD,buy,in,0.45,4204.59,2334,-1.58,0.00,0.00,14 310.47,RSI Scalping Buy #M129102315
2026.06.12 18:00:00,2335,XAUUSD,buy,out,0.04,4204.61,2335,-0.14,0.00,-70.24,14 240.09,
2026.06.12 18:00:28,2336,XAUUSD,sell,out,0.45,4204.70,2336,-1.58,0.00,4.95,14 243.46,sl 4204.83
2026.06.12 18:15:44,2337,SOXX.NAS,buy,in,0.1,598.040,2337,-0.02,0.00,0.00,14 243.44,WP Buy #M20260532
2026.06.12 18:15:45,2338,SOXX.NAS,sell,out,0.1,597.690,2338,-0.02,0.00,-0.04,14 243.38,sl 597.740
2026.06.12 19:00:00,2339,XAUUSD,buy,in,0.04,4211.68,2339,-0.14,0.00,0.00,14 243.24,SimpleTrendline BUY #M26042503
2026.06.12 19:15:00,2340,XAUUSD,buy,in,0.01,4221.88,2340,-0.04,0.00,0.00,14 243.20,United SuperEMA long #M940001
2026.06.12 20:00:00,2341,TSLA.NAS,buy,out,67.5,399.22,2341,-1.35,0.00,-314.55,13 927.30,
2026.06.12 22:15:00,2342,XAUUSD,sell,out,0.01,4217.15,2342,-0.04,0.00,-4.73,13 922.53,
2026.06.15 00:27:13,2343,EURUSD,sell,in,0.22,1.15892,2343,-0.77,0.00,0.00,13 921.76,RSI Overbought Crossover Sell #
2026.06.15 01:15:00,2344,XAUUSD,buy,in,0.01,4299.83,2344,-0.04,0.00,0.00,13 921.72,United SuperEMA long #M940001
2026.06.15 03:00:00,2345,BTCUSD,buy,in,0.45,65710.06,2345,0.00,0.00,0.00,13 921.72,RSI Scalping Buy #M123459123
2026.06.15 03:00:05,2346,BTCUSD,sell,out,0.45,65704.28,2346,0.00,0.00,-2.60,13 919.12,sl 65714.53
2026.06.15 04:06:29,2347,EURUSD,buy,out,0.22,1.15945,2347,-0.77,0.00,-11.66,13 906.69,
2026.06.15 07:00:00,2348,BTCUSD,buy,in,0.36,65898.89,2348,0.00,0.00,0.00,13 906.69,RSI Scalping Buy #M123459123
2026.06.15 07:24:40,2349,EURUSD,sell,in,0.18,1.16060,2349,-0.63,0.00,0.00,13 906.06,RSI Overbought Crossover Sell #
2026.06.15 08:45:00,2350,XAUUSD,sell,out,0.01,4312.76,2350,-0.04,0.00,12.93,13 918.95,
2026.06.15 09:00:00,2351,XAUUSD,sell,in,0.45,4310.21,2351,-1.58,0.00,0.00,13 917.37,RSI Scalping Sell #M129102315
2026.06.15 09:07:21,2352,XAUUSD,buy,out,0.45,4309.66,2352,-1.58,0.00,24.75,13 940.54,sl 4309.61
2026.06.15 09:26:20,2353,BTCUSD,sell,out,0.36,65893.58,2353,0.00,0.00,-1.91,13 938.63,sl 65903.18
2026.06.15 15:20:43,2354,AUDUSD,sell,out,0.08,0.70645,2354,-0.28,-0.32,13.36,13 951.39,sl 0.70645
2026.06.15 16:00:00,2355,BTCUSD,buy,in,0.45,66524.65,2355,0.00,0.00,0.00,13 951.39,RSI Scalping Buy #M123459123
2026.06.15 16:00:55,2356,BTCUSD,sell,out,0.45,66536.42,2356,0.00,0.00,5.30,13 956.69,sl 66538.15
2026.06.15 19:00:00,2357,BTCUSD,buy,in,0.45,67262.00,2357,0.00,0.00,0.00,13 956.69,RSI Scalping Buy #M123459123
2026.06.15 19:00:01,2358,XAUUSD,sell,out,0.04,4356.37,2358,-0.14,-2.28,578.76,14 533.03,
2026.06.15 20:00:00,2359,XAUUSD,sell,in,0.45,4339.03,2359,-1.58,0.00,0.00,14 531.45,RSI Scalping Sell #M129102315
2026.06.15 20:00:48,2360,XAUUSD,buy,out,0.45,4336.35,2360,-1.58,0.00,120.60,14 650.47,sl 4336.35
2026.06.15 21:00:01,2361,XAUUSD,sell,in,0.04,4324.52,2361,-0.14,0.00,0.00,14 650.33,SimpleTrendline SELL #M26042503
2026.06.15 22:00:00,2362,XAUUSD,buy,out,0.04,4325.80,2362,-0.14,0.00,-5.12,14 645.07,
2026.06.16 02:00:00,2363,BTCUSD,sell,out,0.45,66160.00,2363,0.00,0.00,-495.90,14 149.17,
2026.06.16 04:00:00,2364,XAUUSD,buy,in,0.01,4319.45,2364,-0.04,0.00,0.00,14 149.13,United SuperEMA long #M940001
2026.06.16 05:15:00,2365,XAUUSD,sell,out,0.01,4309.65,2365,-0.04,0.00,-9.80,14 139.29,
2026.06.16 06:15:00,2366,XAUUSD,buy,in,0.01,4318.75,2366,-0.04,0.00,0.00,14 139.25,United SuperEMA long #M940001
2026.06.16 07:00:00,2367,XAUUSD,buy,in,0.45,4330.51,2367,-1.58,0.00,0.00,14 137.67,RSI Scalping Buy #M129102315
2026.06.16 07:00:44,2368,XAUUSD,sell,out,0.45,4331.12,2368,-1.58,0.00,27.45,14 163.54,sl 4331.12
2026.06.16 09:00:00,2369,XAUUSD,sell,out,0.01,4315.89,2369,-0.04,0.00,-2.86,14 160.64,
2026.06.16 10:45:00,2370,XAUUSD,buy,in,0.01,4327.76,2370,-0.04,0.00,0.00,14 160.60,United SuperEMA long #M940001
2026.06.16 11:00:00,2371,XAUUSD,buy,in,0.45,4335.53,2371,-1.58,0.00,0.00,14 159.02,RSI Scalping Buy #M129102315
2026.06.16 11:00:00,2372,XAUUSD,buy,in,0.04,4335.50,2372,-0.14,0.00,0.00,14 158.88,SimpleTrendline BUY #M26042503
2026.06.16 11:07:46,2373,XAUUSD,sell,out,0.45,4335.38,2373,-1.58,0.00,-6.75,14 150.55,sl 4335.42
2026.06.16 13:00:00,2374,XBRUSD,sell,in,0.5,82.35,2374,0.00,0.00,0.00,14 150.55,WP Sell #M20260534
2026.06.16 14:45:01,2375,XAUUSD,sell,out,0.01,4338.81,2375,-0.04,0.00,11.05,14 161.56,
2026.06.16 16:10:40,2376,XBRUSD,buy,out,0.5,81.38,2376,0.00,0.00,48.50,14 210.06,sl 81.38
2026.06.16 16:35:00,2377,NVDA.NAS,sell,out,22.5,208.87,2377,-0.45,-0.01,119.93,14 329.53,sl 208.92
2026.06.16 16:45:00,2378,NVDA.NAS,sell,in,22.5,209.45,2378,-0.45,0.00,0.00,14 329.08,RSI Scalping Sell #M20003
2026.06.16 17:00:00,2379,XAUUSD,sell,out,0.04,4332.16,2379,-0.14,0.00,-13.36,14 315.58,
2026.06.16 17:00:01,2380,NVDA.NAS,buy,out,22.5,208.78,2380,-0.45,0.00,15.08,14 330.21,
2026.06.16 18:00:00,2381,XAUUSD,sell,in,0.04,4324.44,2381,-0.14,0.00,0.00,14 330.07,SimpleTrendline SELL #M26042503
2026.06.16 18:00:00,2382,MU.NAS,sell,in,45,1061.23,2382,-0.90,0.00,0.00,14 329.17,RSI Scalping Sell #M20004
2026.06.16 18:03:01,2383,MU.NAS,buy,out,45,1059.77,2383,-0.90,0.00,65.70,14 393.97,sl 1059.75
2026.06.16 18:15:00,2384,NVDA.NAS,buy,in,45,209.70,2384,-0.90,0.00,0.00,14 393.07,RSI Scalping Buy #M20003
2026.06.16 19:00:00,2385,XAUUSD,buy,out,0.04,4335.48,2385,-0.14,0.00,-44.16,14 348.77,
2026.06.16 19:15:00,2386,MU.NAS,buy,in,45,1052.96,2386,-0.90,0.00,0.00,14 347.87,RSI Scalping Buy #M20004
2026.06.16 19:17:11,2387,MU.NAS,sell,out,45,1051.27,2387,-0.90,0.00,-76.05,14 270.92,sl 1051.30
2026.06.16 20:00:00,2388,XBRUSD,sell,in,0.5,79.59,2388,0.00,0.00,0.00,14 270.92,WP Sell #M20260534
2026.06.16 20:00:01,2389,TSLA.NAS,sell,in,67.5,405.08,2389,-1.35,0.00,0.00,14 269.57,RSI Scalping Sell #M125421321
2026.06.16 21:00:01,2390,MU.NAS,buy,in,45,1048.42,2390,-0.90,0.00,0.00,14 268.67,RSI Scalping Buy #M20004
2026.06.16 21:13:53,2391,MU.NAS,sell,out,45,1047.21,2391,-0.90,0.00,-54.45,14 213.32,sl 1047.23
2026.06.16 21:45:00,2392,MU.NAS,sell,in,45,1037.35,2392,-0.90,0.00,0.00,14 212.42,RSI Scalping Sell #M20004
2026.06.16 22:00:00,2393,MU.NAS,buy,out,45,1034.93,2393,-0.90,0.00,108.90,14 320.42,
2026.06.16 22:30:00,2394,MU.NAS,buy,in,45,1040.18,2394,-0.90,0.00,0.00,14 319.52,RSI Scalping Buy #M20004
2026.06.16 22:35:40,2395,MU.NAS,sell,out,45,1039.31,2395,-0.90,0.00,-39.15,14 279.47,sl 1039.53
2026.06.16 23:58:59,2396,TSLA.NAS,buy,out,67.5,405.07,2396,-1.35,0.00,0.68,14 278.80,end of test
2026.06.16 23:58:59,2397,XBRUSD,buy,out,0.5,80.36,2397,0.00,-5.64,-38.50,14 234.66,end of test
2026.06.16 23:58:59,2398,NVDA.NAS,sell,out,45,208.76,2398,-0.90,-0.01,-42.30,14 191.45,end of test
2026.06.16 23:58:59,2399,EURUSD,buy,out,0.18,1.16087,2399,-0.63,0.58,-4.86,14 186.54,end of test
