Time,Deal,Symbol,Type,Direction,Volume,Price,Order,Commission,Swap,Profit,Balance,Comment
2023.01.01 00:00:00,1,,balance,,,,,0.00,0.00,3 000.00,3 000.00,
2023.01.03 09:26:13,2,XAUUSD,buy,in,0.02,1846.88,2,-0.07,0.00,0.00,2 999.93,
2023.01.03 09:29:38,3,XAUUSD,sell,out,0.02,1847.17,3,-0.07,0.00,0.58,3 000.44,sl 1847.18
2023.01.03 09:53:41,4,XAUUSD,buy,in,0.02,1846.93,4,-0.07,0.00,0.00,3 000.37,
2023.01.03 10:00:29,5,XAUUSD,sell,out,0.02,1847.45,5,-0.07,0.00,1.04,3 001.34,sl 1847.45
2023.01.04 09:38:47,6,XAUUSD,buy,in,0.02,1857.82,6,-0.07,0.00,0.00,3 001.27,
2023.01.04 09:45:19,7,XAUUSD,sell,out,0.02,1857.96,7,-0.07,0.00,0.28,3 001.48,sl 1857.97
2023.01.04 10:03:02,8,XAUUSD,buy,in,0.02,1859.76,8,-0.07,0.00,0.00,3 001.41,
2023.01.04 10:16:55,9,XAUUSD,sell,out,0.02,1861.98,9,-0.07,0.00,4.44,3 005.78,sl 1862.00
2023.01.04 10:27:05,10,XAUUSD,buy,in,0.02,1862.80,10,-0.07,0.00,0.00,3 005.71,
2023.01.04 10:31:33,11,XAUUSD,sell,out,0.02,1864.58,11,-0.07,0.00,3.56,3 009.20,sl 1864.59
2023.01.04 10:51:16,12,XAUUSD,buy,in,0.02,1859.76,12,-0.07,0.00,0.00,3 009.13,
2023.01.04 10:54:53,13,XAUUSD,sell,out,0.02,1860.62,13,-0.07,0.00,1.72,3 010.78,sl 1860.62
2023.01.04 11:15:19,14,XAUUSD,buy,in,0.02,1860.24,14,-0.07,0.00,0.00,3 010.71,
2023.01.04 11:16:54,15,XAUUSD,sell,out,0.02,1860.59,15,-0.07,0.00,0.70,3 011.34,sl 1860.59
2023.01.04 11:39:26,16,XAUUSD,buy,in,0.02,1861.02,16,-0.07,0.00,0.00,3 011.27,
2023.01.04 11:54:15,17,XAUUSD,sell,out,0.02,1861.09,17,-0.07,0.00,0.14,3 011.34,sl 1861.10
2023.01.04 12:03:26,18,XAUUSD,buy,in,0.02,1860.80,18,-0.07,0.00,0.00,3 011.27,
2023.01.04 12:12:35,19,XAUUSD,sell,out,0.02,1861.03,19,-0.07,0.00,0.46,3 011.66,sl 1861.04
2023.01.04 13:14:35,20,XAUUSD,buy,in,0.02,1861.57,20,-0.07,0.00,0.00,3 011.59,
2023.01.04 13:15:14,21,XAUUSD,sell,out,0.02,1861.59,21,-0.07,0.00,0.04,3 011.56,sl 1861.59
2023.01.09 03:45:48,22,XAUUSD,buy,in,0.02,1874.26,22,-0.07,0.00,0.00,3 011.49,
2023.01.09 03:53:28,23,XAUUSD,sell,out,0.02,1874.79,23,-0.07,0.00,1.06,3 012.48,sl 1874.80
2023.01.09 04:13:07,24,XAUUSD,buy,in,0.02,1875.26,24,-0.07,0.00,0.00,3 012.41,
2023.01.09 04:17:13,25,XAUUSD,sell,out,0.02,1876.37,25,-0.07,0.00,2.22,3 014.56,sl 1876.37
2023.01.09 04:37:11,26,XAUUSD,buy,in,0.02,1878.44,26,-0.07,0.00,0.00,3 014.49,
2023.01.09 04:42:36,27,XAUUSD,sell,out,0.02,1878.44,27,-0.07,0.00,0.00,3 014.42,sl 1878.46
2023.01.09 05:01:17,28,XAUUSD,buy,in,0.02,1878.85,28,-0.07,0.00,0.00,3 014.35,
2023.01.09 05:03:49,29,XAUUSD,sell,out,0.02,1878.98,29,-0.07,0.00,0.26,3 014.54,sl 1878.98
2023.01.09 05:25:19,30,XAUUSD,buy,in,0.02,1877.20,30,-0.07,0.00,0.00,3 014.47,
2023.01.09 05:31:59,31,XAUUSD,sell,out,0.02,1877.25,31,-0.07,0.00,0.10,3 014.50,sl 1877.26
2023.01.09 05:49:22,32,XAUUSD,buy,in,0.02,1877.65,32,-0.07,0.00,0.00,3 014.43,
2023.01.09 05:51:24,33,XAUUSD,sell,out,0.02,1877.65,33,-0.07,0.00,0.00,3 014.36,sl 1877.67
2023.01.09 06:13:21,34,XAUUSD,buy,in,0.02,1877.67,34,-0.07,0.00,0.00,3 014.29,
2023.01.09 08:02:38,35,XAUUSD,sell,out,0.02,1877.83,35,-0.07,0.00,0.32,3 014.54,sl 1877.86
2023.01.09 08:09:35,36,XAUUSD,buy,in,0.02,1878.94,36,-0.07,0.00,0.00,3 014.47,
2023.01.09 08:18:39,37,XAUUSD,sell,out,0.02,1879.49,37,-0.07,0.00,1.10,3 015.50,sl 1879.50
2023.01.09 08:33:41,38,XAUUSD,buy,in,0.02,1878.76,38,-0.07,0.00,0.00,3 015.43,
2023.01.09 09:11:34,39,XAUUSD,sell,out,0.02,1879.14,39,-0.07,0.00,0.76,3 016.12,sl 1879.14
2023.01.09 09:13:25,40,XAUUSD,buy,in,0.02,1879.51,40,-0.07,0.00,0.00,3 016.05,
2023.01.09 09:21:33,41,XAUUSD,sell,out,0.02,1880.46,41,-0.07,0.00,1.90,3 017.88,sl 1880.47
2023.01.13 17:46:57,42,XAUUSD,buy,in,0.02,1916.39,42,-0.07,0.00,0.00,3 017.81,
2023.01.13 19:34:16,43,XAUUSD,sell,out,0.02,1916.63,43,-0.07,0.00,0.48,3 018.22,sl 1916.67
2023.01.13 19:57:11,44,XAUUSD,buy,in,0.02,1917.83,44,-0.07,0.00,0.00,3 018.15,
2023.01.13 20:11:11,45,XAUUSD,sell,out,0.02,1917.86,45,-0.07,0.00,0.06,3 018.14,sl 1917.87
2023.01.13 20:29:45,46,XAUUSD,buy,in,0.02,1918.77,46,-0.07,0.00,0.00,3 018.07,
2023.01.13 20:32:40,47,XAUUSD,sell,out,0.02,1919.02,47,-0.07,0.00,0.50,3 018.50,sl 1919.02
2023.01.13 20:53:51,48,XAUUSD,buy,in,0.02,1920.28,48,-0.07,0.00,0.00,3 018.43,
2023.01.13 21:02:15,49,XAUUSD,sell,out,0.02,1920.31,49,-0.07,0.00,0.06,3 018.42,sl 1920.38
2023.01.13 21:17:56,50,XAUUSD,buy,in,0.02,1920.22,50,-0.07,0.00,0.00,3 018.35,
2023.01.13 21:34:39,51,XAUUSD,sell,out,0.02,1920.93,51,-0.07,0.00,1.42,3 019.70,sl 1921.01
2023.01.13 21:41:57,52,XAUUSD,buy,in,0.02,1921.14,52,-0.07,0.00,0.00,3 019.63,
2023.01.16 01:02:08,53,XAUUSD,sell,in,0.3,1919.04,53,-1.05,0.00,0.00,3 018.58,
2023.01.16 01:06:27,54,XAUUSD,buy,out,0.3,1919.15,54,-1.05,0.00,-3.30,3 014.23,sl 1918.97
2023.01.16 03:25:11,55,XAUUSD,sell,out,0.02,1921.75,55,-0.07,-1.04,1.22,3 014.34,sl 1921.75
2023.02.02 01:13:39,56,XAUUSD,buy,in,0.02,1955.63,56,-0.07,0.00,0.00,3 014.27,
2023.02.02 01:14:04,57,XAUUSD,sell,out,0.02,1955.70,57,-0.07,0.00,0.14,3 014.34,sl 1955.77
2023.02.02 03:11:08,58,XAUUSD,buy,in,0.02,1957.11,58,-0.07,0.00,0.00,3 014.27,
2023.02.02 05:38:14,59,XAUUSD,sell,in,0.3,1951.86,59,-1.05,0.00,0.00,3 013.22,
2023.02.02 09:15:56,60,XAUUSD,sell,out,0.02,1958.94,60,-0.07,0.00,3.66,3 016.81,sl 1959.09
2023.02.02 15:20:54,61,XAUUSD,buy,out,0.3,1951.61,61,-1.05,0.00,7.50,3 023.26,sl 1951.61
2023.02.03 15:33:56,62,XAUUSD,sell,in,0.02,1898.43,62,-0.07,0.00,0.00,3 023.19,
2023.02.03 15:34:06,63,XAUUSD,buy,out,0.02,1898.71,63,-0.07,0.00,-0.56,3 022.56,sl 1898.42
2023.02.03 15:58:14,64,XAUUSD,sell,in,0.02,1885.04,64,-0.07,0.00,0.00,3 022.49,
2023.02.03 15:58:48,65,XAUUSD,buy,out,0.02,1884.94,65,-0.07,0.00,0.20,3 022.62,sl 1884.78
2023.02.03 16:22:14,66,XAUUSD,sell,in,0.02,1878.89,66,-0.07,0.00,0.00,3 022.55,
2023.02.03 17:00:17,67,XAUUSD,buy,out,0.02,1879.11,67,-0.07,0.00,-0.44,3 022.04,sl 1878.87
2023.02.03 17:00:37,68,XAUUSD,sell,in,0.02,1877.20,68,-0.07,0.00,0.00,3 021.97,
2023.02.03 17:01:15,69,XAUUSD,buy,out,0.02,1876.40,69,-0.07,0.00,1.60,3 023.50,sl 1876.23
2023.02.03 17:24:38,70,XAUUSD,sell,in,0.02,1875.78,70,-0.07,0.00,0.00,3 023.43,
2023.02.03 17:25:58,71,XAUUSD,buy,out,0.02,1875.99,71,-0.07,0.00,-0.42,3 022.94,sl 1875.74
2023.02.03 17:48:47,72,XAUUSD,sell,in,0.02,1876.06,72,-0.07,0.00,0.00,3 022.87,
2023.02.03 17:49:53,73,XAUUSD,buy,out,0.02,1875.91,73,-0.07,0.00,0.30,3 023.10,sl 1875.91
2023.02.03 18:13:02,74,XAUUSD,sell,in,0.02,1870.01,74,-0.07,0.00,0.00,3 023.03,
2023.02.03 18:18:45,75,XAUUSD,buy,out,0.02,1867.96,75,-0.07,0.00,4.10,3 027.06,sl 1867.90
2023.02.03 18:37:03,76,XAUUSD,sell,in,0.02,1866.09,76,-0.07,0.00,0.00,3 026.99,
2023.02.03 19:19:07,77,XAUUSD,buy,out,0.02,1864.06,77,-0.07,0.00,4.06,3 030.98,sl 1864.06
2023.02.03 19:19:24,78,XAUUSD,sell,in,0.02,1864.01,78,-0.07,0.00,0.00,3 030.91,
2023.02.03 19:25:09,79,XAUUSD,buy,out,0.02,1863.48,79,-0.07,0.00,1.06,3 031.90,sl 1863.36
2023.02.03 19:43:28,80,XAUUSD,sell,in,0.02,1865.54,80,-0.07,0.00,0.00,3 031.83,
2023.02.03 19:55:27,81,XAUUSD,buy,out,0.02,1864.04,81,-0.07,0.00,3.00,3 034.76,sl 1863.98
2023.02.03 20:07:37,82,XAUUSD,sell,in,0.02,1863.67,82,-0.07,0.00,0.00,3 034.69,
2023.02.03 20:10:40,83,XAUUSD,buy,out,0.02,1863.19,83,-0.07,0.00,0.96,3 035.58,sl 1863.18
2023.02.03 20:31:42,84,XAUUSD,sell,in,0.02,1863.24,84,-0.07,0.00,0.00,3 035.51,
2023.02.03 20:33:05,85,XAUUSD,buy,out,0.02,1862.88,85,-0.07,0.00,0.72,3 036.16,sl 1862.82
2023.02.03 20:55:42,86,XAUUSD,sell,in,0.02,1865.43,86,-0.07,0.00,0.00,3 036.09,
2023.02.03 21:13:22,87,XAUUSD,buy,out,0.02,1865.16,87,-0.07,0.00,0.54,3 036.56,sl 1865.00
2023.02.03 21:19:43,88,XAUUSD,sell,in,0.02,1865.04,88,-0.07,0.00,0.00,3 036.49,
2023.02.03 21:29:03,89,XAUUSD,buy,out,0.02,1864.75,89,-0.07,0.00,0.58,3 037.00,sl 1864.74
2023.02.03 21:43:42,90,XAUUSD,sell,in,0.02,1865.42,90,-0.07,0.00,0.00,3 036.93,
2023.02.03 21:53:48,91,XAUUSD,buy,out,0.02,1865.07,91,-0.07,0.00,0.70,3 037.56,sl 1865.04
2023.02.03 22:07:49,92,XAUUSD,sell,in,0.02,1865.18,92,-0.07,0.00,0.00,3 037.49,
2023.02.03 22:56:54,93,XAUUSD,buy,in,0.3,1865.34,93,-1.05,0.00,0.00,3 036.44,
2023.02.03 23:00:00,94,XAUUSD,buy,out,0.02,1865.40,94,-0.07,0.00,-0.44,3 035.93,sl 1865.10
2023.02.03 23:20:22,95,XAUUSD,sell,out,0.3,1865.58,95,-1.05,0.00,7.20,3 042.08,sl 1865.87
2023.03.07 17:52:22,96,XAUUSD,sell,in,0.02,1816.32,96,-0.07,0.00,0.00,3 042.01,
2023.03.07 17:52:51,97,XAUUSD,buy,out,0.02,1816.42,97,-0.07,0.00,-0.20,3 041.74,sl 1816.28
2023.03.07 20:51:18,98,XAUUSD,sell,in,0.02,1814.15,98,-0.07,0.00,0.00,3 041.67,
2023.03.07 20:51:47,99,XAUUSD,buy,out,0.02,1814.06,99,-0.07,0.00,0.18,3 041.78,sl 1814.04
2023.03.07 21:35:24,100,XAUUSD,sell,in,0.02,1813.56,100,-0.07,0.00,0.00,3 041.71,
2023.03.07 21:48:43,101,XAUUSD,buy,out,0.02,1813.33,101,-0.07,0.00,0.46,3 042.10,sl 1813.32
2023.03.10 16:38:06,102,XAUUSD,buy,in,0.02,1855.97,102,-0.07,0.00,0.00,3 042.03,
2023.03.10 16:39:27,103,XAUUSD,sell,out,0.02,1856.48,103,-0.07,0.00,1.02,3 042.98,sl 1856.49
2023.03.10 17:02:14,104,XAUUSD,buy,in,0.02,1860.85,104,-0.07,0.00,0.00,3 042.91,
2023.03.10 17:03:56,105,XAUUSD,sell,out,0.02,1861.34,105,-0.07,0.00,0.98,3 043.82,sl 1861.35
2023.03.10 17:26:15,106,XAUUSD,buy,in,0.02,1864.05,106,-0.07,0.00,0.00,3 043.75,
2023.03.10 17:31:37,107,XAUUSD,sell,out,0.02,1865.05,107,-0.07,0.00,2.00,3 045.68,sl 1865.12
2023.03.10 17:50:22,108,XAUUSD,buy,in,0.02,1866.53,108,-0.07,0.00,0.00,3 045.61,
2023.03.10 20:17:32,109,XAUUSD,sell,in,0.3,1861.24,109,-1.05,0.00,0.00,3 044.56,
2023.03.10 22:41:14,110,XAUUSD,sell,out,0.02,1867.38,110,-0.07,0.00,1.70,3 046.19,sl 1867.46
2023.03.13 01:02:03,111,XAUUSD,buy,out,0.3,1883.38,111,-1.05,13.44,-664.20,2 394.38,
2023.03.15 14:34:03,112,XAUUSD,buy,in,0.02,1918.18,112,-0.07,0.00,0.00,2 394.31,
2023.03.15 14:34:59,113,XAUUSD,sell,out,0.02,1918.34,113,-0.07,0.00,0.32,2 394.56,sl 1918.35
2023.03.15 15:02:47,114,XAUUSD,buy,in,0.02,1919.58,114,-0.07,0.00,0.00,2 394.49,
2023.03.15 15:04:53,115,XAUUSD,sell,out,0.02,1922.98,115,-0.07,0.00,6.80,2 401.22,sl 1922.98
2023.03.15 15:26:49,116,XAUUSD,buy,in,0.02,1920.92,116,-0.07,0.00,0.00,2 401.15,
2023.03.15 15:26:59,117,XAUUSD,sell,out,0.02,1920.94,117,-0.07,0.00,0.04,2 401.12,sl 1920.99
2023.03.15 15:51:04,118,XAUUSD,buy,in,0.02,1926.40,118,-0.07,0.00,0.00,2 401.05,
2023.03.15 15:53:15,119,XAUUSD,sell,out,0.02,1928.72,119,-0.07,0.00,4.64,2 405.62,sl 1928.77
2023.03.15 16:15:07,120,XAUUSD,buy,in,0.02,1929.64,120,-0.07,0.00,0.00,2 405.55,
2023.03.15 18:42:16,121,XAUUSD,sell,in,0.3,1924.56,121,-1.05,0.00,0.00,2 404.50,
2023.03.15 18:45:54,122,XAUUSD,buy,out,0.3,1922.55,122,-1.05,0.00,60.30,2 463.75,sl 1922.54
2023.03.15 19:14:53,123,XAUUSD,sell,out,0.02,1929.70,123,-0.07,0.00,0.12,2 463.80,sl 1929.71
2023.03.23 19:23:33,124,XAUUSD,buy,in,0.02,1991.06,124,-0.07,0.00,0.00,2 463.73,
2023.03.23 19:26:01,125,XAUUSD,sell,out,0.02,1991.74,125,-0.07,0.00,1.36,2 465.02,sl 1991.75
2023.03.23 19:47:41,126,XAUUSD,buy,in,0.02,1993.76,126,-0.07,0.00,0.00,2 464.95,
2023.03.23 19:51:14,127,XAUUSD,sell,out,0.02,1994.64,127,-0.07,0.00,1.76,2 466.64,sl 1994.65
2023.03.23 20:11:45,128,XAUUSD,buy,in,0.02,1993.67,128,-0.07,0.00,0.00,2 466.57,
2023.03.23 20:27:30,129,XAUUSD,sell,out,0.02,1993.62,129,-0.07,0.00,-0.10,2 466.40,sl 1993.69
2023.03.23 20:35:50,130,XAUUSD,buy,in,0.02,1996.83,130,-0.07,0.00,0.00,2 466.33,
2023.03.23 20:37:35,131,XAUUSD,sell,out,0.02,1997.74,131,-0.07,0.00,1.82,2 468.08,sl 1997.75
2023.03.23 20:59:52,132,XAUUSD,buy,in,0.02,1999.71,132,-0.07,0.00,0.00,2 468.01,
2023.03.23 21:03:15,133,XAUUSD,sell,out,0.02,1999.78,133,-0.07,0.00,0.14,2 468.08,sl 1999.83
2023.03.23 21:23:52,134,XAUUSD,buy,in,0.02,1999.54,134,-0.07,0.00,0.00,2 468.01,
2023.03.23 21:33:32,135,XAUUSD,sell,out,0.02,1999.60,135,-0.07,0.00,0.12,2 468.06,sl 1999.63
2023.03.23 21:47:59,136,XAUUSD,buy,in,0.02,2001.40,136,-0.07,0.00,0.00,2 467.99,
2023.03.23 21:48:09,137,XAUUSD,sell,out,0.02,2001.58,137,-0.07,0.00,0.36,2 468.28,sl 2001.59
2023.03.23 22:12:04,138,XAUUSD,buy,in,0.02,1997.88,138,-0.07,0.00,0.00,2 468.21,
2023.03.23 23:00:34,139,XAUUSD,sell,out,0.02,1998.16,139,-0.07,0.00,0.56,2 468.70,sl 1998.21
2023.03.23 23:00:36,140,XAUUSD,buy,in,0.02,1998.32,140,-0.07,0.00,0.00,2 468.63,
2023.03.24 01:28:01,141,XAUUSD,sell,in,0.3,1991.18,141,-1.05,0.00,0.00,2 467.58,
2023.03.24 01:31:29,142,XAUUSD,buy,out,0.3,1990.92,142,-1.05,0.00,7.80,2 474.33,sl 1990.91
2023.03.24 13:13:48,143,XAUUSD,sell,out,0.02,1998.34,143,-0.07,-1.04,0.04,2 473.26,sl 1998.34
2023.03.27 13:43:39,144,XAUUSD,sell,in,0.02,1948.74,144,-0.07,0.00,0.00,2 473.19,
2023.03.27 14:32:58,145,XAUUSD,buy,in,0.3,1952.46,145,-1.05,0.00,0.00,2 472.14,
2023.03.27 14:42:55,146,XAUUSD,sell,out,0.3,1952.45,146,-1.05,0.00,-0.30,2 470.79,sl 1952.48
2023.03.27 15:48:06,147,XAUUSD,buy,out,0.02,1947.21,147,-0.07,0.00,3.06,2 473.78,sl 1947.13
2023.04.04 17:05:06,148,XAUUSD,buy,in,0.02,2004.99,148,-0.07,0.00,0.00,2 473.71,
2023.04.04 17:06:15,149,XAUUSD,sell,out,0.02,2007.52,149,-0.07,0.00,5.06,2 478.70,sl 2007.52
2023.04.04 17:29:10,150,XAUUSD,buy,in,0.02,2021.61,150,-0.07,0.00,0.00,2 478.63,
2023.04.04 18:15:00,151,XAUUSD,sell,out,0.02,2021.62,151,-0.07,0.00,0.02,2 478.58,sl 2021.63
2023.04.04 18:15:05,152,XAUUSD,buy,in,0.02,2021.70,152,-0.07,0.00,0.00,2 478.51,
2023.04.04 18:17:18,153,XAUUSD,sell,out,0.02,2022.43,153,-0.07,0.00,1.46,2 479.90,sl 2022.53
2023.04.04 18:39:05,154,XAUUSD,buy,in,0.02,2020.21,154,-0.07,0.00,0.00,2 479.83,
2023.04.04 18:39:52,155,XAUUSD,sell,out,0.02,2020.97,155,-0.07,0.00,1.52,2 481.28,sl 2021.01
2023.04.04 19:03:19,156,XAUUSD,buy,in,0.02,2021.43,156,-0.07,0.00,0.00,2 481.21,
2023.04.04 19:04:11,157,XAUUSD,sell,out,0.02,2021.47,157,-0.07,0.00,0.08,2 481.22,sl 2021.53
2023.04.04 19:27:23,158,XAUUSD,buy,in,0.02,2022.02,158,-0.07,0.00,0.00,2 481.15,
2023.04.04 19:37:56,159,XAUUSD,sell,out,0.02,2022.35,159,-0.07,0.00,0.66,2 481.74,sl 2022.45
2023.04.04 19:51:27,160,XAUUSD,buy,in,0.02,2021.30,160,-0.07,0.00,0.00,2 481.67,
2023.04.04 22:03:14,161,XAUUSD,sell,out,0.02,2021.78,161,-0.07,0.00,0.96,2 482.56,sl 2021.80
2023.04.04 22:03:18,162,XAUUSD,buy,in,0.02,2021.89,162,-0.07,0.00,0.00,2 482.49,
2023.04.04 22:51:34,163,XAUUSD,sell,out,0.02,2021.91,163,-0.07,0.00,0.04,2 482.46,sl 2021.92
2023.04.04 22:51:34,164,XAUUSD,buy,in,0.02,2021.98,164,-0.07,0.00,0.00,2 482.39,
2023.04.05 01:18:40,165,XAUUSD,sell,in,0.3,2019.98,165,-1.05,0.00,0.00,2 481.34,
2023.04.05 02:22:35,166,XAUUSD,sell,out,0.02,2022.30,166,-0.07,-1.04,0.64,2 480.87,sl 2022.32
2023.04.05 04:00:07,167,XAUUSD,buy,out,0.3,2019.99,167,-1.05,0.00,-0.30,2 479.52,sl 2019.97
2023.04.13 15:49:55,168,XAUUSD,buy,in,0.02,2039.74,168,-0.07,0.00,0.00,2 479.45,
2023.04.13 15:50:26,169,XAUUSD,sell,out,0.02,2040.19,169,-0.07,0.00,0.90,2 480.28,sl 2040.20
2023.04.13 16:14:03,170,XAUUSD,buy,in,0.02,2042.68,170,-0.07,0.00,0.00,2 480.21,
2023.04.13 16:15:03,171,XAUUSD,sell,out,0.02,2042.71,171,-0.07,0.00,0.06,2 480.20,sl 2042.72
2023.04.13 16:38:13,172,XAUUSD,buy,in,0.02,2041.82,172,-0.07,0.00,0.00,2 480.13,
2023.04.13 16:40:24,173,XAUUSD,sell,out,0.02,2042.08,173,-0.07,0.00,0.52,2 480.58,sl 2042.10
2023.04.13 17:02:13,174,XAUUSD,buy,in,0.02,2045.95,174,-0.07,0.00,0.00,2 480.51,
2023.04.13 17:02:44,175,XAUUSD,sell,out,0.02,2046.86,175,-0.07,0.00,1.82,2 482.26,sl 2046.89
2023.04.13 17:26:18,176,XAUUSD,buy,in,0.02,2041.70,176,-0.07,0.00,0.00,2 482.19,
2023.04.13 17:27:15,177,XAUUSD,sell,out,0.02,2042.70,177,-0.07,0.00,2.00,2 484.12,sl 2042.80
2023.04.13 20:53:26,178,XAUUSD,buy,in,0.02,2043.90,178,-0.07,0.00,0.00,2 484.05,
2023.04.13 23:20:45,179,XAUUSD,sell,in,0.3,2040.09,179,-1.05,0.00,0.00,2 483.00,
2023.04.14 02:45:05,180,XAUUSD,buy,out,0.3,2039.46,180,-1.05,13.44,18.90,2 514.29,sl 2039.35
2023.04.14 04:31:04,181,XAUUSD,sell,out,0.02,2045.03,181,-0.07,-1.04,2.26,2 515.44,sl 2045.03
2023.04.14 17:57:57,182,XAUUSD,sell,in,0.02,1998.44,182,-0.07,0.00,0.00,2 515.37,
2023.04.14 18:00:26,183,XAUUSD,buy,out,0.02,1998.07,183,-0.07,0.00,0.74,2 516.04,sl 1998.07
2023.04.14 18:35:11,184,XAUUSD,sell,in,0.02,1997.56,184,-0.07,0.00,0.00,2 515.97,
2023.04.14 18:39:10,185,XAUUSD,buy,out,0.02,1997.08,185,-0.07,0.00,0.96,2 516.86,sl 1997.06
2023.04.14 18:59:14,186,XAUUSD,sell,in,0.02,1995.59,186,-0.07,0.00,0.00,2 516.79,
2023.04.14 19:13:44,187,XAUUSD,buy,out,0.02,1994.35,187,-0.07,0.00,2.48,2 519.20,sl 1994.34
2023.04.14 19:23:14,188,XAUUSD,sell,in,0.02,1995.52,188,-0.07,0.00,0.00,2 519.13,
2023.04.14 19:27:32,189,XAUUSD,buy,out,0.02,1995.51,189,-0.07,0.00,0.02,2 519.08,sl 1995.51
2023.04.14 19:47:21,190,XAUUSD,sell,in,0.02,1995.42,190,-0.07,0.00,0.00,2 519.01,
2023.04.14 20:36:23,191,XAUUSD,buy,in,0.3,2003.34,191,-1.05,0.00,0.00,2 517.96,
2023.04.14 20:49:19,192,XAUUSD,sell,out,0.3,2003.45,192,-1.05,0.00,3.30,2 520.21,sl 2003.45
2023.04.17 16:47:18,193,XAUUSD,buy,out,0.02,1993.08,193,-0.07,0.90,4.68,2 525.72,sl 1992.90
2023.04.19 11:44:58,194,XAUUSD,sell,in,0.02,1977.85,194,-0.07,0.00,0.00,2 525.65,
2023.04.19 11:47:12,195,XAUUSD,buy,out,0.02,1977.36,195,-0.07,0.00,0.98,2 526.56,sl 1977.22
2023.04.19 12:30:41,196,XAUUSD,sell,in,0.02,1976.52,196,-0.07,0.00,0.00,2 526.49,
2023.04.19 12:36:22,197,XAUUSD,buy,out,0.02,1975.94,197,-0.07,0.00,1.16,2 527.58,sl 1975.85
2023.04.19 12:54:57,198,XAUUSD,sell,in,0.02,1974.75,198,-0.07,0.00,0.00,2 527.51,
2023.04.19 13:00:12,199,XAUUSD,buy,out,0.02,1974.74,199,-0.07,0.00,0.02,2 527.46,sl 1974.53
2023.04.19 13:18:57,200,XAUUSD,sell,in,0.02,1971.78,200,-0.07,0.00,0.00,2 527.39,
2023.04.19 14:07:49,201,XAUUSD,buy,out,0.02,1971.00,201,-0.07,0.00,1.56,2 528.88,sl 1970.95
2023.04.19 14:07:52,202,XAUUSD,sell,in,0.02,1970.97,202,-0.07,0.00,0.00,2 528.81,
2023.04.19 14:08:50,203,XAUUSD,buy,out,0.02,1971.04,203,-0.07,0.00,-0.14,2 528.60,sl 1970.96
2023.04.19 14:32:05,204,XAUUSD,sell,in,0.02,1970.54,204,-0.07,0.00,0.00,2 528.53,
2023.04.19 14:34:50,205,XAUUSD,buy,out,0.02,1970.49,205,-0.07,0.00,0.10,2 528.56,sl 1970.49
2023.04.19 14:56:06,206,XAUUSD,sell,in,0.02,1970.56,206,-0.07,0.00,0.00,2 528.49,
2023.04.19 15:00:32,207,XAUUSD,buy,out,0.02,1970.53,207,-0.07,0.00,0.06,2 528.48,sl 1970.53
2023.04.19 15:20:08,208,XAUUSD,sell,in,0.02,1972.41,208,-0.07,0.00,0.00,2 528.41,
2023.04.19 16:09:12,209,XAUUSD,buy,in,0.3,1980.80,209,-1.05,0.00,0.00,2 527.36,
2023.04.19 16:13:40,210,XAUUSD,sell,out,0.3,1980.97,210,-1.05,0.00,5.10,2 531.41,sl 1980.98
2023.04.20 09:15:35,211,XAUUSD,buy,out,0.02,1998.02,211,-0.07,2.69,-51.22,2 482.81,
2023.05.02 18:53:11,212,XAUUSD,buy,in,0.02,2014.01,212,-0.07,0.00,0.00,2 482.74,
2023.05.02 18:59:44,213,XAUUSD,sell,out,0.02,2014.36,213,-0.07,0.00,0.70,2 483.37,sl 2014.43
2023.05.02 19:17:12,214,XAUUSD,buy,in,0.02,2017.20,214,-0.07,0.00,0.00,2 483.30,
2023.05.02 19:21:23,215,XAUUSD,sell,out,0.02,2018.06,215,-0.07,0.00,1.72,2 484.95,sl 2018.07
2023.05.02 19:41:19,216,XAUUSD,buy,in,0.02,2015.85,216,-0.07,0.00,0.00,2 484.88,
2023.05.02 19:44:43,217,XAUUSD,sell,out,0.02,2015.96,217,-0.07,0.00,0.22,2 485.03,sl 2015.97
2023.05.02 20:19:05,218,XAUUSD,buy,in,0.02,2016.00,218,-0.07,0.00,0.00,2 484.96,
2023.05.02 20:22:13,219,XAUUSD,sell,out,0.02,2016.49,219,-0.07,0.00,0.98,2 485.87,sl 2016.52
2023.05.02 22:47:09,220,XAUUSD,buy,in,0.02,2017.46,220,-0.07,0.00,0.00,2 485.80,
2023.05.02 23:00:28,221,XAUUSD,sell,out,0.02,2017.68,221,-0.07,0.00,0.44,2 486.17,sl 2017.82
2023.05.03 21:02:11,222,XAUUSD,buy,in,0.02,2032.06,222,-0.07,0.00,0.00,2 486.10,
2023.05.03 21:02:34,223,XAUUSD,sell,out,0.02,2032.07,223,-0.07,0.00,0.02,2 486.05,sl 2032.09
2023.05.03 22:52:45,224,XAUUSD,buy,in,0.02,2032.07,224,-0.07,0.00,0.00,2 485.98,
2023.05.03 22:55:44,225,XAUUSD,sell,out,0.02,2035.32,225,-0.07,0.00,6.50,2 492.41,sl 2035.38
2023.05.03 23:46:06,226,XAUUSD,buy,in,0.02,2033.46,226,-0.07,0.00,0.00,2 492.34,
2023.05.03 23:46:55,227,XAUUSD,sell,out,0.02,2033.50,227,-0.07,0.00,0.08,2 492.35,sl 2033.55
2023.05.04 01:02:08,228,XAUUSD,buy,in,0.02,2067.97,228,-0.07,0.00,0.00,2 492.28,
2023.05.04 03:29:10,229,XAUUSD,sell,in,0.3,2055.36,229,-1.05,0.00,0.00,2 491.23,
2023.05.04 03:42:20,230,XAUUSD,buy,out,0.3,2055.36,230,-1.05,0.00,0.00,2 490.18,sl 2055.34
2023.05.05 15:30:05,231,XAUUSD,sell,out,0.02,2023.67,231,-0.07,-1.04,-88.60,2 400.47,
2023.05.05 16:46:14,232,XAUUSD,sell,in,0.02,2004.12,232,-0.07,0.00,0.00,2 400.40,
2023.05.05 16:46:47,233,XAUUSD,buy,out,0.02,2003.38,233,-0.07,0.00,1.48,2 401.81,sl 2003.31
2023.05.05 17:10:35,234,XAUUSD,sell,in,0.02,2003.38,234,-0.07,0.00,0.00,2 401.74,
2023.05.05 17:59:44,235,XAUUSD,buy,in,0.3,2010.56,235,-1.05,0.00,0.00,2 400.69,
2023.05.05 18:14:14,236,XAUUSD,sell,out,0.3,2011.01,236,-1.05,0.00,13.50,2 413.14,sl 2011.01
2023.05.08 15:44:36,237,XAUUSD,buy,in,0.3,2025.86,237,-1.05,0.00,0.00,2 412.09,
2023.05.08 15:48:22,238,XAUUSD,sell,out,0.3,2026.42,238,-1.05,0.00,16.80,2 427.84,sl 2026.42
2023.05.08 16:02:31,239,XAUUSD,buy,in,0.3,2024.56,239,-1.05,0.00,0.00,2 426.79,
2023.05.08 16:20:31,240,XAUUSD,sell,out,0.3,2022.38,240,-1.05,0.00,-65.40,2 360.34,
2023.05.08 16:20:39,241,XAUUSD,buy,out,0.02,2022.28,241,-0.07,0.90,-37.80,2 323.37,
2023.05.16 20:08:31,242,XAUUSD,sell,in,0.02,1985.70,242,-0.07,0.00,0.00,2 323.30,
2023.05.16 20:57:34,243,XAUUSD,buy,in,0.3,1987.32,243,-1.05,0.00,0.00,2 322.25,
2023.05.16 21:02:05,244,XAUUSD,sell,out,0.3,1987.88,244,-1.05,0.00,16.80,2 338.00,sl 1987.91
2023.05.17 12:02:45,245,XAUUSD,buy,out,0.02,1985.05,245,-0.07,0.90,1.30,2 340.13,sl 1985.05
2023.09.27 18:26:21,246,XAUUSD,sell,in,0.02,1879.91,246,-0.07,0.00,0.00,2 340.06,
2023.09.27 19:14:03,247,XAUUSD,buy,out,0.02,1878.67,247,-0.07,0.00,2.48,2 342.47,sl 1878.67
2023.09.27 19:14:10,248,XAUUSD,sell,in,0.02,1878.74,248,-0.07,0.00,0.00,2 342.40,
2023.09.27 19:31:06,249,XAUUSD,buy,out,0.02,1877.47,249,-0.07,0.00,2.54,2 344.87,sl 1877.43
2023.09.27 19:38:21,250,XAUUSD,sell,in,0.02,1876.51,250,-0.07,0.00,0.00,2 344.80,
2023.09.27 20:00:00,251,XAUUSD,buy,out,0.02,1876.09,251,-0.07,0.00,0.84,2 345.57,sl 1876.08
2023.09.27 20:02:23,252,XAUUSD,sell,in,0.02,1875.81,252,-0.07,0.00,0.00,2 345.50,
2023.09.27 20:19:39,253,XAUUSD,buy,out,0.02,1875.49,253,-0.07,0.00,0.64,2 346.07,sl 1875.44
2023.09.27 20:26:31,254,XAUUSD,sell,in,0.02,1873.71,254,-0.07,0.00,0.00,2 346.00,
2023.09.27 20:32:42,255,XAUUSD,buy,out,0.02,1873.63,255,-0.07,0.00,0.16,2 346.09,sl 1873.58
2023.09.27 20:50:32,256,XAUUSD,sell,in,0.02,1874.89,256,-0.07,0.00,0.00,2 346.02,
2023.09.27 20:57:50,257,XAUUSD,buy,out,0.02,1874.37,257,-0.07,0.00,1.04,2 346.99,sl 1874.36
2023.09.27 21:14:36,258,XAUUSD,sell,in,0.02,1873.04,258,-0.07,0.00,0.00,2 346.92,
2023.09.27 23:41:42,259,XAUUSD,buy,in,0.3,1876.11,259,-1.05,0.00,0.00,2 345.87,
2023.09.28 01:30:30,260,XAUUSD,sell,out,0.3,1876.78,260,-1.05,-46.70,20.10,2 318.22,sl 1876.79
2023.09.28 15:46:28,261,XAUUSD,buy,out,0.02,1872.59,261,-0.07,2.69,0.90,2 321.74,sl 1872.54
2023.09.29 20:29:38,262,XAUUSD,sell,in,0.02,1849.72,262,-0.07,0.00,0.00,2 321.67,
2023.09.29 21:32:00,263,XAUUSD,buy,out,0.02,1847.75,263,-0.07,0.00,3.94,2 325.54,sl 1847.73
2023.09.29 21:32:05,264,XAUUSD,sell,in,0.02,1847.48,264,-0.07,0.00,0.00,2 325.47,
2023.09.29 21:44:20,265,XAUUSD,buy,out,0.02,1846.95,265,-0.07,0.00,1.06,2 326.46,sl 1846.94
2023.09.29 21:56:13,266,XAUUSD,sell,in,0.02,1848.26,266,-0.07,0.00,0.00,2 326.39,
2023.10.02 01:04:23,267,XAUUSD,buy,out,0.02,1848.13,267,-0.07,0.90,0.26,2 327.48,sl 1848.13
2023.10.09 01:03:46,268,XAUUSD,buy,in,0.02,1855.32,268,-0.07,0.00,0.00,2 327.41,
2023.10.09 01:52:49,269,XAUUSD,sell,in,0.3,1848.91,269,-1.05,0.00,0.00,2 326.36,
2023.10.09 02:00:42,270,XAUUSD,buy,out,0.3,1848.62,270,-1.05,0.00,8.70,2 334.01,sl 1848.43
2023.10.09 21:57:23,271,XAUUSD,sell,out,0.02,1857.09,271,-0.07,0.00,3.54,2 337.48,sl 1857.09
2023.11.28 18:21:56,272,XAUUSD,buy,in,0.02,2037.28,272,-0.07,0.00,0.00,2 337.41,
2023.11.28 18:27:29,273,XAUUSD,sell,out,0.02,2037.38,273,-0.07,0.00,0.20,2 337.54,sl 2037.40
2023.11.28 18:45:58,274,XAUUSD,buy,in,0.02,2038.86,274,-0.07,0.00,0.00,2 337.47,
2023.11.28 18:46:30,275,XAUUSD,sell,out,0.02,2039.86,275,-0.07,0.00,2.00,2 339.40,sl 2040.04
2023.11.28 19:10:03,276,XAUUSD,buy,in,0.02,2040.29,276,-0.07,0.00,0.00,2 339.33,
2023.11.28 19:17:01,277,XAUUSD,sell,out,0.02,2042.42,277,-0.07,0.00,4.26,2 343.52,sl 2042.51
2023.11.28 19:34:07,278,XAUUSD,buy,in,0.02,2041.84,278,-0.07,0.00,0.00,2 343.45,
2023.11.28 19:35:19,279,XAUUSD,sell,out,0.02,2042.04,279,-0.07,0.00,0.40,2 343.78,sl 2042.04
2023.11.28 19:58:07,280,XAUUSD,buy,in,0.02,2040.53,281,-0.07,0.00,0.00,2 343.71,
2023.11.28 20:02:11,281,XAUUSD,sell,out,0.02,2040.83,282,-0.07,0.00,0.60,2 344.24,sl 2040.90
2023.11.28 20:22:09,282,XAUUSD,buy,in,0.02,2038.92,283,-0.07,0.00,0.00,2 344.17,
2023.11.28 20:32:17,283,XAUUSD,sell,out,0.02,2039.06,284,-0.07,0.00,0.28,2 344.38,sl 2039.14
2023.11.28 20:46:30,284,XAUUSD,buy,in,0.02,2038.78,285,-0.07,0.00,0.00,2 344.31,
2023.11.28 20:51:31,285,XAUUSD,sell,out,0.02,2039.06,286,-0.07,0.00,0.56,2 344.80,sl 2039.06
2023.11.28 21:10:35,286,XAUUSD,buy,in,0.02,2040.50,287,-0.07,0.00,0.00,2 344.73,
2023.11.28 21:15:35,287,XAUUSD,sell,out,0.02,2040.62,288,-0.07,0.00,0.24,2 344.90,sl 2040.67
2023.11.28 21:34:35,288,XAUUSD,buy,in,0.02,2040.08,289,-0.07,0.00,0.00,2 344.83,
2023.11.28 21:37:03,289,XAUUSD,sell,out,0.02,2040.46,290,-0.07,0.00,0.76,2 345.52,sl 2040.51
2023.11.28 21:58:41,290,XAUUSD,buy,in,0.02,2041.85,291,-0.07,0.00,0.00,2 345.45,
2023.11.29 01:32:03,291,XAUUSD,sell,out,0.02,2043.81,292,-0.07,-1.04,3.92,2 348.26,sl 2043.83
2023.12.01 19:49:16,292,XAUUSD,buy,in,0.02,2065.90,293,-0.07,0.00,0.00,2 348.19,
2023.12.01 19:51:16,293,XAUUSD,sell,out,0.02,2066.60,294,-0.07,0.00,1.40,2 349.52,sl 2066.61
2023.12.01 20:13:24,294,XAUUSD,buy,in,0.02,2067.84,295,-0.07,0.00,0.00,2 349.45,
2023.12.01 20:16:47,295,XAUUSD,sell,out,0.02,2068.24,296,-0.07,0.00,0.80,2 350.18,sl 2068.33
2023.12.01 20:37:30,296,XAUUSD,buy,in,0.02,2073.15,297,-0.07,0.00,0.00,2 350.11,
2023.12.01 20:49:59,297,XAUUSD,sell,out,0.02,2073.78,298,-0.07,0.00,1.26,2 351.30,sl 2073.83
2023.12.01 21:01:44,298,XAUUSD,buy,in,0.02,2071.67,299,-0.07,0.00,0.00,2 351.23,
2023.12.01 23:28:46,299,XAUUSD,sell,in,0.3,2071.32,300,-1.05,0.00,0.00,2 350.18,
2023.12.01 23:56:51,300,XAUUSD,sell,out,0.02,2071.64,301,-0.07,0.00,-0.06,2 350.05,
2023.12.04 01:16:43,301,XAUUSD,buy,out,0.3,2089.54,302,-1.05,13.44,-546.60,1 815.84,
2023.12.04 17:27:13,302,XAUUSD,sell,in,0.01,2030.06,303,-0.04,0.00,0.00,1 815.80,
2023.12.04 17:27:28,303,XAUUSD,buy,out,0.01,2029.77,304,-0.04,0.00,0.29,1 816.05,sl 2029.72
2023.12.04 17:51:17,304,XAUUSD,sell,in,0.01,2024.19,305,-0.04,0.00,0.00,1 816.01,
2023.12.04 17:52:34,305,XAUUSD,buy,out,0.01,2023.18,306,-0.04,0.00,1.01,1 816.98,sl 2023.00
2023.12.04 18:15:28,306,XAUUSD,sell,in,0.01,2025.96,307,-0.04,0.00,0.00,1 816.94,
2023.12.04 18:16:22,307,XAUUSD,buy,out,0.01,2025.68,308,-0.04,0.00,0.28,1 817.18,sl 2025.68
2023.12.04 18:39:30,308,XAUUSD,sell,in,0.01,2023.16,309,-0.04,0.00,0.00,1 817.14,
2023.12.04 18:44:02,309,XAUUSD,buy,out,0.01,2022.19,310,-0.04,0.00,0.97,1 818.07,sl 2022.12
2023.12.04 19:05:05,310,XAUUSD,sell,in,0.01,2026.12,311,-0.04,0.00,0.00,1 818.03,
2023.12.04 19:25:50,311,XAUUSD,buy,out,0.01,2026.23,312,-0.04,0.00,-0.11,1 817.88,sl 2026.09
2023.12.04 19:29:11,312,XAUUSD,sell,in,0.01,2025.11,313,-0.04,0.00,0.00,1 817.84,
2023.12.04 19:36:15,313,XAUUSD,buy,out,0.01,2024.57,314,-0.04,0.00,0.54,1 818.34,sl 2024.53
2023.12.04 19:53:16,314,XAUUSD,sell,in,0.01,2024.92,315,-0.04,0.00,0.00,1 818.30,
2023.12.04 20:03:04,315,XAUUSD,buy,out,0.01,2024.61,316,-0.04,0.00,0.31,1 818.57,sl 2024.60
2023.12.04 20:17:16,316,XAUUSD,sell,in,0.01,2023.62,317,-0.04,0.00,0.00,1 818.53,
2023.12.04 20:19:56,317,XAUUSD,buy,out,0.01,2023.45,318,-0.04,0.00,0.17,1 818.66,sl 2023.44
2023.12.04 20:41:22,318,XAUUSD,sell,in,0.01,2023.54,319,-0.04,0.00,0.00,1 818.62,
2023.12.04 20:43:48,319,XAUUSD,buy,out,0.01,2023.49,320,-0.04,0.00,0.05,1 818.63,sl 2023.46
2023.12.04 21:17:10,320,XAUUSD,sell,in,0.01,2024.43,321,-0.04,0.00,0.00,1 818.59,
2023.12.04 22:06:20,321,XAUUSD,buy,in,0.15,2031.49,322,-0.53,0.00,0.00,1 818.06,
2023.12.04 22:09:14,322,XAUUSD,sell,out,0.15,2031.76,323,-0.53,0.00,4.05,1 821.58,sl 2031.77
2023.12.05 12:27:54,323,XAUUSD,buy,out,0.01,2024.20,324,-0.04,0.45,0.23,1 822.22,sl 2024.08
2023.12.08 19:02:57,324,XAUUSD,sell,in,0.01,2000.43,325,-0.04,0.00,0.00,1 822.18,
2023.12.08 19:04:39,325,XAUUSD,buy,out,0.01,1999.01,326,-0.04,0.00,1.42,1 823.56,sl 1998.92
2023.12.08 19:26:57,326,XAUUSD,sell,in,0.01,1996.09,327,-0.04,0.00,0.00,1 823.52,
2023.12.08 20:15:58,327,XAUUSD,buy,in,0.15,1997.61,328,-0.53,0.00,0.00,1 822.99,
2023.12.08 20:23:42,328,XAUUSD,sell,out,0.15,1998.72,329,-0.53,0.00,16.65,1 839.11,sl 1998.72
2023.12.11 06:17:53,329,XAUUSD,buy,out,0.01,1995.53,330,-0.04,0.45,0.56,1 840.08,sl 1995.52
2023.12.13 21:43:01,330,XAUUSD,buy,in,0.01,2015.97,331,-0.04,0.00,0.00,1 840.04,
2023.12.13 21:49:04,331,XAUUSD,sell,out,0.01,2015.97,332,-0.04,0.00,0.00,1 840.00,sl 2016.02
2023.12.13 22:17:15,332,XAUUSD,buy,in,0.01,2017.38,333,-0.04,0.00,0.00,1 839.96,
2023.12.13 22:18:56,333,XAUUSD,sell,out,0.01,2017.25,334,-0.04,0.00,-0.13,1 839.79,sl 2017.40
2023.12.13 22:41:17,334,XAUUSD,buy,in,0.01,2020.94,335,-0.04,0.00,0.00,1 839.75,
2023.12.13 22:59:55,335,XAUUSD,sell,out,0.01,2023.45,336,-0.04,0.00,2.51,1 842.22,sl 2023.54
2023.12.13 23:05:25,336,XAUUSD,buy,in,0.01,2024.09,337,-0.04,0.00,0.00,1 842.18,
2023.12.13 23:06:07,337,XAUUSD,sell,out,0.01,2024.18,338,-0.04,0.00,0.09,1 842.23,sl 2024.28
2023.12.13 23:29:27,338,XAUUSD,buy,in,0.01,2025.95,339,-0.04,0.00,0.00,1 842.19,
2023.12.13 23:31:57,339,XAUUSD,sell,out,0.01,2025.97,340,-0.04,0.00,0.02,1 842.17,sl 2026.09
2023.12.13 23:53:28,340,XAUUSD,buy,in,0.01,2026.35,341,-0.04,0.00,0.00,1 842.13,
2023.12.13 23:54:49,341,XAUUSD,sell,out,0.01,2026.40,342,-0.04,0.00,0.05,1 842.14,sl 2026.40
2023.12.14 01:02:02,342,XAUUSD,buy,in,0.01,2025.68,343,-0.04,0.00,0.00,1 842.10,
2023.12.14 01:06:40,343,XAUUSD,sell,out,0.01,2025.74,344,-0.04,0.00,0.06,1 842.12,sl 2025.75
2023.12.14 01:26:08,344,XAUUSD,buy,in,0.01,2027.24,345,-0.04,0.00,0.00,1 842.08,
2023.12.14 01:30:00,345,XAUUSD,sell,out,0.01,2029.07,346,-0.04,0.00,1.83,1 843.87,sl 2029.07
2023.12.14 01:50:13,346,XAUUSD,buy,in,0.01,2031.41,347,-0.04,0.00,0.00,1 843.83,
2023.12.14 01:50:34,347,XAUUSD,sell,out,0.01,2031.23,348,-0.04,0.00,-0.18,1 843.61,sl 2031.50
2023.12.14 02:14:13,348,XAUUSD,buy,in,0.01,2031.21,349,-0.04,0.00,0.00,1 843.57,
2023.12.14 02:17:21,349,XAUUSD,sell,out,0.01,2031.56,350,-0.04,0.00,0.35,1 843.88,
2023.12.14 02:38:20,350,XAUUSD,buy,in,0.01,2037.39,351,-0.04,0.00,0.00,1 843.84,
2023.12.14 02:38:36,351,XAUUSD,sell,out,0.01,2037.59,352,-0.04,0.00,0.20,1 844.00,sl 2037.67
2023.12.14 03:02:21,352,XAUUSD,buy,in,0.01,2036.41,353,-0.04,0.00,0.00,1 843.96,
2023.12.14 03:02:50,353,XAUUSD,sell,out,0.01,2037.01,354,-0.04,0.00,0.60,1 844.52,sl 2037.12
2023.12.14 03:26:26,354,XAUUSD,buy,in,0.01,2031.00,355,-0.04,0.00,0.00,1 844.48,
2023.12.14 03:31:21,355,XAUUSD,sell,out,0.01,2031.33,356,-0.04,0.00,0.33,1 844.77,sl 2031.39
2023.12.14 03:50:27,356,XAUUSD,buy,in,0.01,2031.16,357,-0.04,0.00,0.00,1 844.73,
2023.12.14 03:55:17,357,XAUUSD,sell,out,0.01,2032.25,358,-0.04,0.00,1.09,1 845.78,sl 2032.31
2023.12.14 04:14:29,358,XAUUSD,buy,in,0.01,2033.17,359,-0.04,0.00,0.00,1 845.74,
2023.12.14 04:26:37,359,XAUUSD,sell,out,0.01,2034.24,360,-0.04,0.00,1.07,1 846.77,sl 2034.26
2023.12.14 04:38:28,360,XAUUSD,buy,in,0.01,2032.47,361,-0.04,0.00,0.00,1 846.73,
2023.12.14 05:00:01,361,XAUUSD,sell,out,0.01,2032.71,362,-0.04,0.00,0.24,1 846.93,sl 2032.71
2023.12.14 05:02:34,362,XAUUSD,buy,in,0.01,2033.30,363,-0.04,0.00,0.00,1 846.89,
2023.12.14 05:16:10,363,XAUUSD,sell,out,0.01,2033.71,364,-0.04,0.00,0.41,1 847.26,sl 2033.71
2023.12.14 05:26:39,364,XAUUSD,buy,in,0.01,2033.83,365,-0.04,0.00,0.00,1 847.22,
2023.12.14 05:28:27,365,XAUUSD,sell,out,0.01,2034.34,366,-0.04,0.00,0.51,1 847.69,sl 2034.36
2023.12.14 05:50:46,366,XAUUSD,buy,in,0.01,2031.98,367,-0.04,0.00,0.00,1 847.65,
2023.12.14 07:43:06,367,XAUUSD,sell,out,0.01,2033.19,368,-0.04,0.00,1.21,1 848.82,sl 2033.23
2023.12.14 07:43:09,368,XAUUSD,buy,in,0.01,2033.30,369,-0.04,0.00,0.00,1 848.78,
2023.12.14 07:47:14,369,XAUUSD,sell,out,0.01,2033.32,370,-0.04,0.00,0.02,1 848.76,sl 2033.36
2023.12.14 08:07:08,370,XAUUSD,buy,in,0.01,2035.79,371,-0.04,0.00,0.00,1 848.72,
2023.12.14 08:13:08,371,XAUUSD,sell,out,0.01,2035.90,372,-0.04,0.00,0.11,1 848.79,sl 2035.92
2023.12.14 08:31:08,372,XAUUSD,buy,in,0.01,2034.31,373,-0.04,0.00,0.00,1 848.75,
2023.12.14 08:37:17,373,XAUUSD,sell,out,0.01,2034.60,374,-0.04,0.00,0.29,1 849.00,sl 2034.60
2023.12.14 08:55:15,374,XAUUSD,buy,in,0.01,2034.80,375,-0.04,0.00,0.00,1 848.96,
2023.12.14 09:01:00,375,XAUUSD,sell,out,0.01,2036.10,376,-0.04,0.00,1.30,1 850.22,sl 2036.17
2023.12.14 09:19:19,376,XAUUSD,buy,in,0.01,2032.17,377,-0.04,0.00,0.00,1 850.18,
2023.12.14 09:21:19,377,XAUUSD,sell,out,0.01,2032.26,378,-0.04,0.00,0.09,1 850.23,sl 2032.27
2023.12.14 09:43:25,378,XAUUSD,buy,in,0.01,2031.17,379,-0.04,0.00,0.00,1 850.19,
2023.12.14 09:48:15,379,XAUUSD,sell,out,0.01,2031.68,380,-0.04,0.00,0.51,1 850.66,sl 2031.77
2023.12.14 10:07:28,380,XAUUSD,buy,in,0.01,2035.73,381,-0.04,0.00,0.00,1 850.62,
2023.12.14 10:16:41,381,XAUUSD,sell,out,0.01,2036.33,382,-0.04,0.00,0.60,1 851.18,sl 2036.33
2023.12.14 10:31:28,382,XAUUSD,buy,in,0.01,2039.14,383,-0.04,0.00,0.00,1 851.14,
2023.12.14 10:33:38,383,XAUUSD,sell,out,0.01,2039.71,384,-0.04,0.00,0.57,1 851.67,sl 2039.79
2023.12.14 10:55:32,384,XAUUSD,buy,in,0.01,2037.55,385,-0.04,0.00,0.00,1 851.63,
2023.12.14 11:12:46,385,XAUUSD,sell,out,0.01,2037.69,386,-0.04,0.00,0.14,1 851.73,sl 2037.70
2023.12.14 11:19:35,386,XAUUSD,buy,in,0.01,2038.62,387,-0.04,0.00,0.00,1 851.69,
2023.12.14 13:46:42,387,XAUUSD,sell,in,0.15,2034.61,388,-0.53,0.00,0.00,1 851.16,
2023.12.14 13:54:51,388,XAUUSD,buy,out,0.15,2034.42,389,-0.53,0.00,2.85,1 853.48,sl 2034.41
2023.12.14 14:55:22,389,XAUUSD,sell,out,0.01,2038.69,390,-0.04,0.00,0.07,1 853.51,sl 2038.71
2024.01.03 16:17:21,390,XAUUSD,sell,in,0.01,2035.14,391,-0.04,0.00,0.00,1 853.47,
2024.01.03 16:37:22,391,XAUUSD,buy,out,0.01,2033.16,392,-0.04,0.00,1.98,1 855.41,sl 2033.14
2024.01.03 16:41:24,392,XAUUSD,sell,in,0.01,2034.63,393,-0.04,0.00,0.00,1 855.37,
2024.01.03 17:30:26,393,XAUUSD,buy,in,0.15,2037.96,394,-0.53,0.00,0.00,1 854.84,
2024.01.03 17:32:01,394,XAUUSD,sell,out,0.15,2038.21,395,-0.53,0.00,3.75,1 858.06,sl 2038.37
2024.01.03 17:38:29,395,XAUUSD,buy,out,0.01,2034.28,396,-0.04,0.00,0.35,1 858.37,sl 2034.26
2024.01.12 16:34:19,396,XAUUSD,buy,in,0.01,2061.06,397,-0.04,0.00,0.00,1 858.33,
2024.01.12 16:37:29,397,XAUUSD,sell,out,0.01,2061.67,398,-0.04,0.00,0.61,1 858.90,sl 2061.70
2024.01.17 17:32:15,398,XAUUSD,sell,in,0.01,2006.88,399,-0.04,0.00,0.00,1 858.86,
2024.01.17 17:34:44,399,XAUUSD,buy,out,0.01,2006.81,400,-0.04,0.00,0.07,1 858.89,sl 2006.81
2024.01.17 18:49:57,400,XAUUSD,sell,in,0.01,2005.15,401,-0.04,0.00,0.00,1 858.85,
2024.01.17 19:14:30,401,XAUUSD,buy,out,0.01,2004.97,402,-0.04,0.00,0.18,1 858.99,sl 2004.90
2024.01.17 19:14:37,402,XAUUSD,sell,in,0.01,2004.91,403,-0.04,0.00,0.00,1 858.95,
2024.01.17 19:30:27,403,XAUUSD,buy,out,0.01,2004.17,404,-0.04,0.00,0.74,1 859.65,sl 2004.15
2024.01.17 19:38:39,404,XAUUSD,sell,in,0.01,2005.41,405,-0.04,0.00,0.00,1 859.61,
2024.01.17 20:06:57,405,XAUUSD,buy,out,0.01,2004.96,406,-0.04,0.00,0.45,1 860.02,sl 2004.96
2024.01.17 20:06:58,406,XAUUSD,sell,in,0.01,2004.82,407,-0.04,0.00,0.00,1 859.98,
2024.01.17 20:21:20,407,XAUUSD,buy,out,0.01,2002.99,408,-0.04,0.00,1.83,1 861.77,sl 2002.99
2024.01.17 20:31:03,408,XAUUSD,sell,in,0.01,2003.45,409,-0.04,0.00,0.00,1 861.73,
2024.01.17 20:32:58,409,XAUUSD,buy,out,0.01,2002.99,410,-0.04,0.00,0.46,1 862.15,sl 2002.94
2024.01.17 20:55:11,410,XAUUSD,sell,in,0.01,2003.98,411,-0.04,0.00,0.00,1 862.11,
2024.01.17 21:44:16,411,XAUUSD,buy,in,0.15,2005.53,412,-0.53,0.00,0.00,1 861.58,
2024.01.17 21:48:30,412,XAUUSD,sell,out,0.15,2005.62,413,-0.53,0.00,1.35,1 862.40,sl 2005.66
2024.01.18 22:30:12,413,XAUUSD,buy,out,0.01,2021.43,414,-0.04,1.34,-17.45,1 846.25,
2024.02.13 16:32:23,414,XAUUSD,sell,in,0.01,1996.16,415,-0.04,0.00,0.00,1 846.21,
2024.02.13 16:48:16,415,XAUUSD,buy,out,0.01,1996.13,416,-0.04,0.00,0.03,1 846.20,sl 1996.10
2024.02.13 16:56:28,416,XAUUSD,sell,in,0.01,1993.67,417,-0.04,0.00,0.00,1 846.16,
2024.02.13 17:06:46,417,XAUUSD,buy,out,0.01,1991.65,418,-0.04,0.00,2.02,1 848.14,sl 1991.42
2024.02.13 17:20:28,418,XAUUSD,sell,in,0.01,1992.51,419,-0.04,0.00,0.00,1 848.10,
2024.02.13 17:35:17,419,XAUUSD,buy,out,0.01,1992.54,420,-0.04,0.00,-0.03,1 848.03,sl 1992.46
2024.02.13 17:44:31,420,XAUUSD,sell,in,0.01,1991.65,421,-0.04,0.00,0.00,1 847.99,
2024.02.13 17:46:27,421,XAUUSD,buy,out,0.01,1991.56,422,-0.04,0.00,0.09,1 848.04,sl 1991.56
2024.02.13 18:08:33,422,XAUUSD,sell,in,0.01,1994.65,423,-0.04,0.00,0.00,1 848.00,
2024.02.13 18:18:41,423,XAUUSD,buy,out,0.01,1993.76,424,-0.04,0.00,0.89,1 848.85,sl 1993.72
2024.02.13 18:32:32,424,XAUUSD,sell,in,0.01,1994.54,425,-0.04,0.00,0.00,1 848.81,
2024.02.13 18:47:14,425,XAUUSD,buy,out,0.01,1993.90,426,-0.04,0.00,0.64,1 849.41,sl 1993.87
2024.02.13 18:56:37,426,XAUUSD,sell,in,0.01,1994.52,427,-0.04,0.00,0.00,1 849.37,
2024.02.13 19:26:08,427,XAUUSD,buy,out,0.01,1993.83,428,-0.04,0.00,0.69,1 850.02,sl 1993.83
2024.02.13 19:26:12,428,XAUUSD,sell,in,0.01,1993.82,429,-0.04,0.00,0.00,1 849.98,
2024.02.13 19:31:05,429,XAUUSD,buy,out,0.01,1993.60,430,-0.04,0.00,0.22,1 850.16,sl 1993.50
2024.02.13 19:50:13,430,XAUUSD,sell,in,0.01,1993.70,431,-0.04,0.00,0.00,1 850.12,
2024.02.13 19:58:11,431,XAUUSD,buy,out,0.01,1993.53,432,-0.04,0.00,0.17,1 850.25,sl 1993.53
2024.02.13 21:25:45,432,XAUUSD,sell,in,0.01,1992.13,433,-0.04,0.00,0.00,1 850.21,
2024.02.13 21:36:55,433,XAUUSD,buy,out,0.01,1992.15,434,-0.04,0.00,-0.02,1 850.15,sl 1992.10
2024.02.13 21:49:51,434,XAUUSD,sell,in,0.01,1992.06,435,-0.04,0.00,0.00,1 850.11,
2024.02.13 21:58:50,435,XAUUSD,buy,out,0.01,1991.91,436,-0.04,0.00,0.15,1 850.22,sl 1991.89
2024.03.01 17:47:46,436,XAUUSD,buy,in,0.01,2068.01,437,-0.04,0.00,0.00,1 850.18,
2024.03.01 17:51:40,437,XAUUSD,sell,out,0.01,2068.68,438,-0.04,0.00,0.67,1 850.81,sl 2068.69
2024.03.01 18:11:49,438,XAUUSD,buy,in,0.01,2073.83,439,-0.04,0.00,0.00,1 850.77,
2024.03.01 18:17:35,439,XAUUSD,sell,out,0.01,2074.76,440,-0.04,0.00,0.93,1 851.66,sl 2074.77
2024.03.01 18:35:53,440,XAUUSD,buy,in,0.01,2075.84,441,-0.04,0.00,0.00,1 851.62,
2024.03.01 18:40:30,441,XAUUSD,sell,out,0.01,2079.16,442,-0.04,0.00,3.32,1 854.90,sl 2079.16
2024.03.01 19:00:00,442,XAUUSD,buy,in,0.01,2081.22,443,-0.04,0.00,0.00,1 854.86,
2024.03.01 19:03:44,443,XAUUSD,sell,out,0.01,2082.43,444,-0.04,0.00,1.21,1 856.03,sl 2082.45
2024.03.01 19:24:04,444,XAUUSD,buy,in,0.01,2083.06,445,-0.04,0.00,0.00,1 855.99,
2024.03.01 19:30:22,445,XAUUSD,sell,out,0.01,2083.85,446,-0.04,0.00,0.79,1 856.74,sl 2083.85
2024.03.01 19:48:07,446,XAUUSD,buy,in,0.01,2084.27,447,-0.04,0.00,0.00,1 856.70,
2024.03.01 19:51:29,447,XAUUSD,sell,out,0.01,2084.82,448,-0.04,0.00,0.55,1 857.21,sl 2084.84
2024.03.01 20:12:12,448,XAUUSD,buy,in,0.01,2085.51,449,-0.04,0.00,0.00,1 857.17,
2024.03.01 20:16:59,449,XAUUSD,sell,out,0.01,2086.10,450,-0.04,0.00,0.59,1 857.72,sl 2086.10
2024.03.01 20:36:16,450,XAUUSD,buy,in,0.01,2087.17,451,-0.04,0.00,0.00,1 857.68,
2024.03.01 20:45:35,451,XAUUSD,sell,out,0.01,2087.78,452,-0.04,0.00,0.61,1 858.25,sl 2087.78
2024.03.01 21:00:24,452,XAUUSD,buy,in,0.01,2086.25,453,-0.04,0.00,0.00,1 858.21,
2024.03.01 23:27:32,453,XAUUSD,sell,in,0.15,2083.28,454,-0.53,0.00,0.00,1 857.68,
2024.03.04 01:04:39,454,XAUUSD,buy,out,0.15,2083.15,455,-0.53,6.72,1.95,1 865.82,sl 2083.13
2024.03.04 09:48:54,455,XAUUSD,sell,out,0.01,2087.68,456,-0.04,-0.52,1.43,1 866.69,sl 2087.70
2024.03.20 22:25:23,456,XAUUSD,buy,in,0.01,2186.49,457,-0.04,0.00,0.00,1 866.65,
2024.03.20 22:29:41,457,XAUUSD,sell,out,0.01,2188.27,458,-0.04,0.00,1.78,1 868.39,sl 2188.34
2024.03.20 23:26:26,458,XAUUSD,buy,in,0.01,2187.04,459,-0.04,0.00,0.00,1 868.35,
2024.03.21 01:02:16,459,XAUUSD,sell,out,0.01,2186.79,460,-0.04,-1.56,-0.25,1 866.50,sl 2187.21
2024.03.21 01:03:59,460,XAUUSD,buy,in,0.01,2188.20,461,-0.04,0.00,0.00,1 866.46,
2024.03.21 01:13:00,461,XAUUSD,sell,out,0.01,2192.08,462,-0.04,0.00,3.88,1 870.30,sl 2192.08
2024.03.21 01:27:56,462,XAUUSD,buy,in,0.01,2208.12,463,-0.04,0.00,0.00,1 870.26,
2024.03.21 01:29:42,463,XAUUSD,sell,out,0.01,2208.55,464,-0.04,0.00,0.43,1 870.65,sl 2208.68
2024.03.21 01:51:58,464,XAUUSD,buy,in,0.01,2202.03,465,-0.04,0.00,0.00,1 870.61,
2024.03.21 01:52:05,465,XAUUSD,sell,out,0.01,2202.07,466,-0.04,0.00,0.04,1 870.61,sl 2202.08
2024.03.21 02:16:01,466,XAUUSD,buy,in,0.01,2201.70,467,-0.04,0.00,0.00,1 870.57,
2024.03.21 02:17:03,467,XAUUSD,sell,out,0.01,2201.81,468,-0.04,0.00,0.11,1 870.64,sl 2201.88
2024.03.21 02:40:05,468,XAUUSD,buy,in,0.01,2205.57,469,-0.04,0.00,0.00,1 870.60,
2024.03.21 02:40:41,469,XAUUSD,sell,out,0.01,2205.69,470,-0.04,0.00,0.12,1 870.68,sl 2205.69
2024.03.21 03:04:04,470,XAUUSD,buy,in,0.01,2202.57,471,-0.04,0.00,0.00,1 870.64,
2024.03.21 03:13:13,471,XAUUSD,sell,out,0.01,2202.66,472,-0.04,0.00,0.09,1 870.69,sl 2202.67
2024.03.21 03:28:07,472,XAUUSD,buy,in,0.01,2196.90,473,-0.04,0.00,0.00,1 870.65,
2024.03.21 03:28:21,473,XAUUSD,sell,out,0.01,2197.30,474,-0.04,0.00,0.40,1 871.01,sl 2197.36
2024.03.21 03:52:09,474,XAUUSD,buy,in,0.01,2196.43,475,-0.04,0.00,0.00,1 870.97,
2024.03.21 03:57:13,475,XAUUSD,sell,out,0.01,2198.09,476,-0.04,0.00,1.66,1 872.59,sl 2198.09
2024.03.21 04:16:11,476,XAUUSD,buy,in,0.01,2208.25,477,-0.04,0.00,0.00,1 872.55,
2024.03.21 06:43:20,477,XAUUSD,sell,in,0.15,2202.85,478,-0.53,0.00,0.00,1 872.02,
2024.03.21 06:52:25,478,XAUUSD,buy,out,0.15,2202.47,479,-0.53,0.00,5.70,1 877.19,sl 2202.46
2024.03.21 09:10:05,479,XAUUSD,sell,out,0.01,2209.01,480,-0.04,0.00,0.76,1 877.91,sl 2209.03
2024.03.28 13:50:10,480,XAUUSD,buy,in,0.01,2212.82,481,-0.04,0.00,0.00,1 877.87,
2024.03.28 13:50:53,481,XAUUSD,sell,out,0.01,2212.45,482,-0.04,0.00,-0.37,1 877.46,sl 2212.86
2024.03.28 15:07:28,482,XAUUSD,buy,in,0.01,2215.02,483,-0.04,0.00,0.00,1 877.42,
2024.03.28 15:17:18,483,XAUUSD,sell,out,0.01,2215.13,484,-0.04,0.00,0.11,1 877.49,sl 2215.16
2024.03.28 15:57:45,484,XAUUSD,buy,in,0.01,2214.78,485,-0.04,0.00,0.00,1 877.45,
2024.03.28 15:58:05,485,XAUUSD,sell,out,0.01,2215.03,486,-0.04,0.00,0.25,1 877.66,sl 2215.05
2024.03.28 18:07:53,486,XAUUSD,buy,in,0.01,2216.77,487,-0.04,0.00,0.00,1 877.62,
2024.03.28 19:25:19,487,XAUUSD,sell,out,0.01,2217.27,488,-0.04,0.00,0.50,1 878.08,sl 2217.30
2024.03.28 19:26:32,488,XAUUSD,buy,in,0.01,2218.09,489,-0.04,0.00,0.00,1 878.04,
2024.03.28 19:27:15,489,XAUUSD,sell,out,0.01,2218.72,490,-0.04,0.00,0.63,1 878.63,sl 2218.78
2024.03.28 19:50:40,490,XAUUSD,buy,in,0.01,2220.71,491,-0.04,0.00,0.00,1 878.59,
2024.03.28 19:56:03,491,XAUUSD,sell,out,0.01,2221.37,492,-0.04,0.00,0.66,1 879.21,sl 2221.39
2024.03.28 20:14:40,492,XAUUSD,buy,in,0.01,2219.91,493,-0.04,0.00,0.00,1 879.17,
2024.03.28 20:43:59,493,XAUUSD,sell,out,0.01,2220.01,494,-0.04,0.00,0.10,1 879.23,sl 2220.05
2024.03.28 20:44:07,494,XAUUSD,buy,in,0.01,2220.07,495,-0.04,0.00,0.00,1 879.19,
2024.03.28 20:47:07,495,XAUUSD,sell,out,0.01,2220.86,496,-0.04,0.00,0.79,1 879.94,sl 2220.88
2024.03.28 21:08:09,496,XAUUSD,buy,in,0.01,2221.37,497,-0.04,0.00,0.00,1 879.90,
2024.03.28 21:11:56,497,XAUUSD,sell,out,0.01,2221.87,498,-0.04,0.00,0.50,1 880.36,sl 2221.87
2024.03.28 21:32:13,498,XAUUSD,buy,in,0.01,2220.55,499,-0.04,0.00,0.00,1 880.32,
2024.03.28 22:11:53,499,XAUUSD,sell,out,0.01,2220.95,500,-0.04,0.00,0.40,1 880.68,sl 2220.95
2024.03.28 22:12:00,500,XAUUSD,buy,in,0.01,2221.15,501,-0.04,0.00,0.00,1 880.64,
2024.03.28 22:59:39,501,XAUUSD,sell,out,0.01,2221.77,502,-0.04,0.00,0.62,1 881.22,sl 2221.77
2024.03.28 22:59:41,502,XAUUSD,buy,in,0.01,2221.81,503,-0.04,0.00,0.00,1 881.18,
2024.03.28 23:46:43,503,XAUUSD,sell,out,0.01,2223.86,504,-0.04,0.00,2.05,1 883.19,sl 2223.89
2024.03.28 23:46:48,504,XAUUSD,buy,in,0.01,2224.15,505,-0.04,0.00,0.00,1 883.15,
2024.03.28 23:48:30,505,XAUUSD,sell,out,0.01,2225.06,506,-0.04,0.00,0.91,1 884.02,sl 2225.14
2024.04.01 01:02:05,506,XAUUSD,buy,in,0.01,2237.09,507,-0.04,0.00,0.00,1 883.98,
2024.04.01 01:02:27,507,XAUUSD,sell,out,0.01,2237.14,508,-0.04,0.00,0.05,1 883.99,sl 2237.15
2024.04.01 01:26:07,508,XAUUSD,buy,in,0.01,2241.78,509,-0.04,0.00,0.00,1 883.95,
2024.04.01 02:34:06,509,XAUUSD,sell,out,0.01,2241.88,510,-0.04,0.00,0.10,1 884.01,sl 2241.88
2024.04.01 02:34:13,510,XAUUSD,buy,in,0.01,2241.99,511,-0.04,0.00,0.00,1 883.97,
2024.04.01 02:41:16,511,XAUUSD,sell,out,0.01,2242.71,512,-0.04,0.00,0.72,1 884.65,sl 2242.71
2024.04.01 02:58:21,512,XAUUSD,buy,in,0.01,2245.16,513,-0.04,0.00,0.00,1 884.61,
2024.04.01 03:00:17,513,XAUUSD,sell,out,0.01,2246.04,514,-0.04,0.00,0.88,1 885.45,sl 2246.05
2024.04.01 03:22:23,514,XAUUSD,buy,in,0.01,2250.12,515,-0.04,0.00,0.00,1 885.41,
2024.04.01 03:32:45,515,XAUUSD,sell,out,0.01,2252.87,516,-0.04,0.00,2.75,1 888.12,sl 2252.94
2024.04.01 03:46:21,516,XAUUSD,buy,in,0.01,2252.69,517,-0.04,0.00,0.00,1 888.08,
2024.04.01 04:00:43,517,XAUUSD,sell,out,0.01,2254.02,518,-0.04,0.00,1.33,1 889.37,sl 2254.21
2024.04.01 04:10:26,518,XAUUSD,buy,in,0.01,2257.71,519,-0.04,0.00,0.00,1 889.33,
2024.04.01 04:12:38,519,XAUUSD,sell,out,0.01,2258.10,520,-0.04,0.00,0.39,1 889.68,sl 2258.10
2024.04.01 04:34:26,520,XAUUSD,buy,in,0.01,2257.59,521,-0.04,0.00,0.00,1 889.64,
2024.04.01 04:42:28,521,XAUUSD,sell,out,0.01,2258.24,522,-0.04,0.00,0.65,1 890.25,sl 2258.31
2024.04.01 04:58:34,522,XAUUSD,buy,in,0.01,2256.97,523,-0.04,0.00,0.00,1 890.21,
2024.04.01 05:17:25,523,XAUUSD,sell,out,0.01,2257.36,524,-0.04,0.00,0.39,1 890.56,sl 2257.45
2024.04.01 05:22:36,524,XAUUSD,buy,in,0.01,2256.41,525,-0.04,0.00,0.00,1 890.52,
2024.04.01 05:30:59,525,XAUUSD,sell,out,0.01,2257.60,526,-0.04,0.00,1.19,1 891.67,sl 2257.60
2024.04.01 05:46:40,526,XAUUSD,buy,in,0.01,2256.24,527,-0.04,0.00,0.00,1 891.63,
2024.04.01 05:50:13,527,XAUUSD,sell,out,0.01,2256.42,528,-0.04,0.00,0.18,1 891.77,sl 2256.45
2024.04.01 06:10:40,528,XAUUSD,buy,in,0.01,2257.70,529,-0.04,0.00,0.00,1 891.73,
2024.04.01 06:17:01,529,XAUUSD,sell,out,0.01,2258.20,530,-0.04,0.00,0.50,1 892.19,sl 2258.21
2024.04.01 06:34:43,530,XAUUSD,buy,in,0.01,2259.60,531,-0.04,0.00,0.00,1 892.15,
2024.04.01 06:38:35,531,XAUUSD,sell,out,0.01,2261.22,532,-0.04,0.00,1.62,1 893.73,sl 2261.24
2024.04.01 06:58:48,532,XAUUSD,buy,in,0.01,2264.66,533,-0.04,0.00,0.00,1 893.69,
2024.04.01 07:03:46,533,XAUUSD,sell,out,0.01,2265.03,534,-0.04,0.00,0.37,1 894.02,sl 2265.07
2024.04.01 07:22:48,534,XAUUSD,buy,in,0.01,2260.57,535,-0.04,0.00,0.00,1 893.98,
2024.04.01 07:29:55,535,XAUUSD,sell,out,0.01,2260.68,536,-0.04,0.00,0.11,1 894.05,sl 2260.68
2024.04.01 07:46:55,536,XAUUSD,buy,in,0.01,2259.40,537,-0.04,0.00,0.00,1 894.01,
2024.04.01 07:50:12,537,XAUUSD,sell,out,0.01,2259.52,538,-0.04,0.00,0.12,1 894.09,sl 2259.54
2024.04.01 08:10:57,538,XAUUSD,buy,in,0.01,2260.69,539,-0.04,0.00,0.00,1 894.05,
2024.04.01 08:39:35,539,XAUUSD,sell,out,0.01,2260.60,540,-0.04,0.00,-0.09,1 893.92,sl 2260.71
2024.04.01 08:39:43,540,XAUUSD,buy,in,0.01,2260.36,541,-0.04,0.00,0.00,1 893.88,
2024.04.01 08:41:08,541,XAUUSD,sell,out,0.01,2260.38,542,-0.04,0.00,0.02,1 893.86,sl 2260.42
2024.04.01 09:03:44,542,XAUUSD,buy,in,0.01,2261.03,543,-0.04,0.00,0.00,1 893.82,
2024.04.01 09:21:15,543,XAUUSD,sell,out,0.01,2261.58,544,-0.04,0.00,0.55,1 894.33,sl 2261.60
2024.04.01 09:27:45,544,XAUUSD,buy,in,0.01,2261.94,545,-0.04,0.00,0.00,1 894.29,
2024.04.01 09:39:27,545,XAUUSD,sell,out,0.01,2262.09,546,-0.04,0.00,0.15,1 894.40,sl 2262.12
2024.04.01 09:51:48,546,XAUUSD,buy,in,0.01,2259.83,547,-0.04,0.00,0.00,1 894.36,
2024.04.01 09:57:23,547,XAUUSD,sell,out,0.01,2261.02,548,-0.04,0.00,1.19,1 895.51,sl 2261.02
2024.04.01 10:15:49,548,XAUUSD,buy,in,0.01,2259.58,549,-0.04,0.00,0.00,1 895.47,
2024.04.01 10:17:29,549,XAUUSD,sell,out,0.01,2259.79,550,-0.04,0.00,0.21,1 895.64,sl 2259.82
2024.04.01 10:39:56,550,XAUUSD,buy,in,0.01,2260.96,551,-0.04,0.00,0.00,1 895.60,
2024.04.01 13:07:00,551,XAUUSD,sell,in,0.15,2251.95,552,-0.53,0.00,0.00,1 895.07,
2024.04.01 13:21:15,552,XAUUSD,buy,out,0.15,2251.47,553,-0.53,0.00,7.20,1 901.74,sl 2251.45
2024.04.02 11:09:02,553,XAUUSD,sell,out,0.01,2261.93,554,-0.04,-0.52,0.97,1 902.15,sl 2262.22
2024.04.05 17:26:47,554,XAUUSD,buy,in,0.01,2309.86,555,-0.04,0.00,0.00,1 902.11,
2024.04.05 17:29:22,555,XAUUSD,sell,out,0.01,2310.30,556,-0.04,0.00,0.44,1 902.51,sl 2310.30
2024.04.05 17:50:48,556,XAUUSD,buy,in,0.01,2317.64,557,-0.04,0.00,0.00,1 902.47,
2024.04.05 17:50:50,557,XAUUSD,sell,out,0.01,2317.96,558,-0.04,0.00,0.32,1 902.75,sl 2317.98
2024.04.05 18:14:55,558,XAUUSD,buy,in,0.01,2323.98,559,-0.04,0.00,0.00,1 902.71,
2024.04.05 18:16:27,559,XAUUSD,sell,out,0.01,2324.27,560,-0.04,0.00,0.29,1 902.96,sl 2324.30
2024.04.05 18:39:01,560,XAUUSD,buy,in,0.01,2327.13,561,-0.04,0.00,0.00,1 902.92,
2024.04.05 18:39:18,561,XAUUSD,sell,out,0.01,2327.21,562,-0.04,0.00,0.08,1 902.96,sl 2327.21
2024.04.05 19:03:07,562,XAUUSD,buy,in,0.01,2328.24,563,-0.04,0.00,0.00,1 902.92,
2024.04.05 19:07:34,563,XAUUSD,sell,out,0.01,2328.62,564,-0.04,0.00,0.38,1 903.26,sl 2328.64
2024.04.05 19:27:07,564,XAUUSD,buy,in,0.01,2324.99,565,-0.04,0.00,0.00,1 903.22,
2024.04.05 19:29:47,565,XAUUSD,sell,out,0.01,2325.13,566,-0.04,0.00,0.14,1 903.32,sl 2325.33
2024.04.05 19:51:10,566,XAUUSD,buy,in,0.01,2326.85,567,-0.04,0.00,0.00,1 903.28,
2024.04.05 19:57:02,567,XAUUSD,sell,out,0.01,2327.19,568,-0.04,0.00,0.34,1 903.58,sl 2327.22
2024.04.05 20:15:12,568,XAUUSD,buy,in,0.01,2327.16,569,-0.04,0.00,0.00,1 903.54,
2024.04.05 20:40:43,569,XAUUSD,sell,out,0.01,2327.05,570,-0.04,0.00,-0.11,1 903.39,sl 2327.18
2024.04.05 20:40:54,570,XAUUSD,buy,in,0.01,2327.01,571,-0.04,0.00,0.00,1 903.35,
2024.04.05 20:44:32,571,XAUUSD,sell,out,0.01,2327.55,572,-0.04,0.00,0.54,1 903.85,sl 2327.56
2024.04.05 21:04:57,572,XAUUSD,buy,in,0.01,2324.60,573,-0.04,0.00,0.00,1 903.81,
2024.04.05 21:12:18,573,XAUUSD,sell,out,0.01,2327.82,574,-0.04,0.00,3.22,1 906.99,sl 2327.85
2024.04.05 21:29:06,574,XAUUSD,buy,in,0.01,2326.36,575,-0.04,0.00,0.00,1 906.95,
2024.04.05 21:44:57,575,XAUUSD,sell,out,0.01,2326.66,576,-0.04,0.00,0.30,1 907.21,sl 2326.67
2024.04.05 21:53:06,576,XAUUSD,buy,in,0.01,2325.65,577,-0.04,0.00,0.00,1 907.17,
2024.04.05 21:56:05,577,XAUUSD,sell,out,0.01,2325.84,578,-0.04,0.00,0.19,1 907.32,sl 2325.87
2024.04.05 22:17:10,578,XAUUSD,buy,in,0.01,2321.60,579,-0.04,0.00,0.00,1 907.28,
2024.04.05 22:18:48,579,XAUUSD,sell,out,0.01,2321.61,580,-0.04,0.00,0.01,1 907.25,sl 2321.63
2024.04.05 22:41:12,580,XAUUSD,buy,in,0.01,2321.97,581,-0.04,0.00,0.00,1 907.21,
2024.04.05 22:53:28,581,XAUUSD,sell,out,0.01,2323.08,582,-0.04,0.00,1.11,1 908.28,sl 2323.10
2024.04.05 23:05:16,582,XAUUSD,buy,in,0.01,2323.60,583,-0.04,0.00,0.00,1 908.24,
2024.04.05 23:24:15,583,XAUUSD,sell,out,0.01,2324.82,584,-0.04,0.00,1.22,1 909.42,sl 2324.82
2024.04.05 23:29:27,584,XAUUSD,buy,in,0.01,2324.64,585,-0.04,0.00,0.00,1 909.38,
2024.04.05 23:39:32,585,XAUUSD,sell,out,0.01,2327.46,586,-0.04,0.00,2.82,1 912.16,sl 2327.46
2024.04.05 23:53:30,586,XAUUSD,buy,in,0.01,2330.01,587,-0.04,0.00,0.00,1 912.12,
2024.04.08 05:16:03,587,XAUUSD,sell,out,0.01,2332.38,588,-0.04,-0.52,2.37,1 913.93,sl 2332.38
2024.04.11 22:42:49,588,XAUUSD,buy,in,0.01,2368.31,589,-0.04,0.00,0.00,1 913.89,
2024.04.11 22:43:23,589,XAUUSD,sell,out,0.01,2368.94,590,-0.04,0.00,0.63,1 914.48,sl 2369.00
2024.04.11 23:06:52,590,XAUUSD,buy,in,0.01,2374.19,591,-0.04,0.00,0.00,1 914.44,
2024.04.11 23:20:38,591,XAUUSD,sell,out,0.01,2375.23,592,-0.04,0.00,1.04,1 915.44,sl 2375.24
2024.04.11 23:30:51,592,XAUUSD,buy,in,0.01,2375.74,593,-0.04,0.00,0.00,1 915.40,
2024.04.11 23:33:56,593,XAUUSD,sell,out,0.01,2376.13,594,-0.04,0.00,0.39,1 915.75,sl 2376.13
2024.04.11 23:54:54,594,XAUUSD,buy,in,0.01,2375.12,595,-0.04,0.00,0.00,1 915.71,
2024.04.12 01:10:32,595,XAUUSD,sell,out,0.01,2376.81,596,-0.04,-0.52,1.69,1 916.84,sl 2376.83
2024.04.12 01:10:45,596,XAUUSD,buy,in,0.01,2376.39,597,-0.04,0.00,0.00,1 916.80,
2024.04.12 01:15:02,597,XAUUSD,sell,out,0.01,2376.69,598,-0.04,0.00,0.30,1 917.06,sl 2376.70
2024.04.12 01:34:49,598,XAUUSD,buy,in,0.01,2373.25,599,-0.04,0.00,0.00,1 917.02,
2024.04.12 01:52:04,599,XAUUSD,sell,out,0.01,2374.00,600,-0.04,0.00,0.75,1 917.73,sl 2374.02
2024.04.12 01:59:16,600,XAUUSD,buy,in,0.01,2374.24,601,-0.04,0.00,0.00,1 917.69,
2024.04.12 02:01:54,601,XAUUSD,sell,out,0.01,2374.22,602,-0.04,0.00,-0.02,1 917.63,sl 2374.38
2024.04.12 02:23:29,602,XAUUSD,buy,in,0.01,2376.42,603,-0.04,0.00,0.00,1 917.59,
2024.04.12 02:51:23,603,XAUUSD,sell,out,0.01,2376.42,604,-0.04,0.00,0.00,1 917.55,sl 2376.48
2024.04.12 02:51:26,604,XAUUSD,buy,in,0.01,2376.61,605,-0.04,0.00,0.00,1 917.51,
2024.04.12 02:53:25,605,XAUUSD,sell,out,0.01,2376.56,606,-0.04,0.00,-0.05,1 917.42,sl 2376.64
2024.04.12 03:15:28,606,XAUUSD,buy,in,0.01,2376.03,607,-0.04,0.00,0.00,1 917.38,
2024.04.12 03:40:18,607,XAUUSD,sell,out,0.01,2376.14,608,-0.04,0.00,0.11,1 917.45,sl 2376.16
2024.04.12 03:40:22,608,XAUUSD,buy,in,0.01,2376.24,609,-0.04,0.00,0.00,1 917.41,
2024.04.12 03:46:19,609,XAUUSD,sell,out,0.01,2376.20,610,-0.04,0.00,-0.04,1 917.33,sl 2376.27
2024.04.12 04:04:31,610,XAUUSD,buy,in,0.01,2385.77,611,-0.04,0.00,0.00,1 917.29,
2024.04.12 04:05:14,611,XAUUSD,sell,out,0.01,2386.19,612,-0.04,0.00,0.42,1 917.67,sl 2386.25
2024.04.12 04:28:36,612,XAUUSD,buy,in,0.01,2383.21,613,-0.04,0.00,0.00,1 917.63,
2024.04.12 04:31:40,613,XAUUSD,sell,out,0.01,2387.45,614,-0.04,0.00,4.24,1 921.83,sl 2387.45
2024.04.12 04:52:40,614,XAUUSD,buy,in,0.01,2387.97,615,-0.04,0.00,0.00,1 921.79,
2024.04.12 04:53:50,615,XAUUSD,sell,out,0.01,2387.96,616,-0.04,0.00,-0.01,1 921.74,sl 2388.06
2024.04.12 05:16:43,616,XAUUSD,buy,in,0.01,2392.61,617,-0.04,0.00,0.00,1 921.70,
2024.04.12 05:21:02,617,XAUUSD,sell,out,0.01,2394.07,618,-0.04,0.00,1.46,1 923.12,sl 2394.23
2024.04.12 05:40:59,618,XAUUSD,buy,in,0.01,2388.59,619,-0.04,0.00,0.00,1 923.08,
2024.04.12 05:41:48,619,XAUUSD,sell,out,0.01,2389.16,620,-0.04,0.00,0.57,1 923.61,sl 2389.22
2024.04.12 06:05:02,620,XAUUSD,buy,in,0.01,2388.61,621,-0.04,0.00,0.00,1 923.57,
2024.04.12 06:05:27,621,XAUUSD,sell,out,0.01,2388.88,622,-0.04,0.00,0.27,1 923.80,sl 2388.90
2024.04.12 06:29:04,622,XAUUSD,buy,in,0.01,2389.03,623,-0.04,0.00,0.00,1 923.76,
2024.04.12 08:44:37,623,XAUUSD,sell,out,0.01,2389.63,624,-0.04,0.00,0.60,1 924.32,sl 2389.64
2024.04.12 08:44:45,624,XAUUSD,buy,in,0.01,2389.73,625,-0.04,0.00,0.00,1 924.28,
2024.04.12 09:35:34,625,XAUUSD,sell,out,0.01,2390.24,626,-0.04,0.00,0.51,1 924.75,sl 2390.28
2024.04.12 09:35:36,626,XAUUSD,buy,in,0.01,2390.29,627,-0.04,0.00,0.00,1 924.71,
2024.04.12 09:37:04,627,XAUUSD,sell,out,0.01,2391.10,628,-0.04,0.00,0.81,1 925.48,sl 2391.10
2024.04.12 09:59:38,628,XAUUSD,buy,in,0.01,2394.68,629,-0.04,0.00,0.00,1 925.44,
2024.04.12 09:59:48,629,XAUUSD,sell,out,0.01,2394.72,630,-0.04,0.00,0.04,1 925.44,sl 2394.72
2024.04.12 10:23:40,630,XAUUSD,buy,in,0.01,2396.94,631,-0.04,0.00,0.00,1 925.40,
2024.04.12 10:58:26,631,XAUUSD,sell,out,0.01,2399.68,632,-0.04,0.00,2.74,1 928.10,sl 2399.68
2024.04.12 10:58:35,632,XAUUSD,buy,in,0.01,2399.87,633,-0.04,0.00,0.00,1 928.06,
2024.04.12 11:00:33,633,XAUUSD,sell,out,0.01,2400.07,634,-0.04,0.00,0.20,1 928.22,sl 2400.09
2024.04.12 11:22:41,634,XAUUSD,buy,in,0.01,2398.44,635,-0.04,0.00,0.00,1 928.18,
2024.04.12 11:25:17,635,XAUUSD,sell,out,0.01,2398.92,636,-0.04,0.00,0.48,1 928.62,sl 2398.93
2024.04.12 11:46:48,636,XAUUSD,buy,in,0.01,2395.72,637,-0.04,0.00,0.00,1 928.58,
2024.04.12 11:48:56,637,XAUUSD,sell,out,0.01,2396.16,638,-0.04,0.00,0.44,1 928.98,sl 2396.32
2024.04.12 12:10:50,638,XAUUSD,buy,in,0.01,2396.01,639,-0.04,0.00,0.00,1 928.94,
2024.04.12 12:12:05,639,XAUUSD,sell,out,0.01,2395.99,640,-0.04,0.00,-0.02,1 928.88,sl 2396.15
2024.04.12 12:34:50,640,XAUUSD,buy,in,0.01,2395.01,641,-0.04,0.00,0.00,1 928.84,
2024.04.12 12:37:01,641,XAUUSD,sell,out,0.01,2395.82,642,-0.04,0.00,0.81,1 929.61,sl 2395.83
2024.04.12 12:58:54,642,XAUUSD,buy,in,0.01,2398.21,643,-0.04,0.00,0.00,1 929.57,
2024.04.12 13:03:08,643,XAUUSD,sell,out,0.01,2398.30,644,-0.04,0.00,0.09,1 929.62,sl 2398.33
2024.04.12 13:22:53,644,XAUUSD,buy,in,0.01,2397.94,645,-0.04,0.00,0.00,1 929.58,
2024.04.12 13:27:42,645,XAUUSD,sell,out,0.01,2398.39,646,-0.04,0.00,0.45,1 929.99,sl 2398.46
2024.04.12 13:46:54,646,XAUUSD,buy,in,0.01,2399.34,647,-0.04,0.00,0.00,1 929.95,
2024.04.12 13:48:09,647,XAUUSD,sell,out,0.01,2399.44,648,-0.04,0.00,0.10,1 930.01,sl 2399.51
2024.04.12 14:10:57,648,XAUUSD,buy,in,0.01,2395.58,649,-0.04,0.00,0.00,1 929.97,
2024.04.12 14:12:02,649,XAUUSD,sell,out,0.01,2395.84,650,-0.04,0.00,0.26,1 930.19,sl 2395.98
2024.04.12 14:35:01,650,XAUUSD,buy,in,0.01,2391.80,651,-0.04,0.00,0.00,1 930.15,
2024.04.12 14:40:09,651,XAUUSD,sell,out,0.01,2393.40,652,-0.04,0.00,1.60,1 931.71,sl 2393.41
2024.04.12 14:59:04,652,XAUUSD,buy,in,0.01,2395.32,653,-0.04,0.00,0.00,1 931.67,
2024.04.12 15:20:00,653,XAUUSD,sell,out,0.01,2395.29,654,-0.04,0.00,-0.03,1 931.60,sl 2395.34
2024.04.12 15:23:11,654,XAUUSD,buy,in,0.01,2396.03,655,-0.04,0.00,0.00,1 931.56,
2024.04.12 15:26:01,655,XAUUSD,sell,out,0.01,2396.84,656,-0.04,0.00,0.81,1 932.33,sl 2396.84
2024.04.12 15:47:16,656,XAUUSD,buy,in,0.01,2393.88,657,-0.04,0.00,0.00,1 932.29,
2024.04.12 15:47:54,657,XAUUSD,sell,out,0.01,2393.76,658,-0.04,0.00,-0.12,1 932.13,sl 2393.90
2024.04.12 16:11:16,658,XAUUSD,buy,in,0.01,2394.82,659,-0.04,0.00,0.00,1 932.09,
2024.04.12 16:11:57,659,XAUUSD,sell,out,0.01,2395.52,660,-0.04,0.00,0.70,1 932.75,sl 2395.54
2024.04.12 16:35:24,660,XAUUSD,buy,in,0.01,2397.79,661,-0.04,0.00,0.00,1 932.71,
2024.04.12 16:36:14,661,XAUUSD,sell,out,0.01,2398.04,662,-0.04,0.00,0.25,1 932.92,sl 2398.07
2024.04.12 16:59:41,662,XAUUSD,buy,in,0.01,2404.09,663,-0.04,0.00,0.00,1 932.88,
2024.04.12 17:03:30,663,XAUUSD,sell,out,0.01,2407.85,664,-0.04,0.00,3.76,1 936.60,sl 2407.86
2024.04.12 21:44:27,664,XAUUSD,sell,in,0.01,2336.31,665,-0.04,0.00,0.00,1 936.56,
2024.04.12 21:53:40,665,XAUUSD,buy,out,0.01,2336.34,666,-0.04,0.00,-0.03,1 936.49,sl 2336.27
2024.04.12 22:15:31,666,XAUUSD,sell,in,0.01,2335.79,667,-0.04,0.00,0.00,1 936.45,
2024.04.12 23:04:39,667,XAUUSD,buy,in,0.15,2343.07,668,-0.53,0.00,0.00,1 935.92,
2024.04.12 23:10:43,668,XAUUSD,sell,out,0.15,2343.98,669,-0.53,0.00,13.65,1 949.04,sl 2343.99
2024.04.15 01:18:22,669,XAUUSD,buy,in,0.15,2363.68,670,-0.53,0.00,0.00,1 948.51,
2024.04.15 01:44:02,670,XAUUSD,sell,out,0.15,2362.40,671,-0.53,0.00,-19.20,1 928.78,
2024.04.15 01:44:08,671,XAUUSD,buy,out,0.01,2360.83,672,-0.04,0.45,-25.04,1 904.15,
2024.04.15 17:07:26,672,XAUUSD,sell,in,0.01,2330.93,673,-0.04,0.00,0.00,1 904.11,
2024.04.15 17:08:31,673,XAUUSD,buy,out,0.01,2329.27,674,-0.04,0.00,1.66,1 905.73,sl 2329.23
2024.04.16 01:15:31,674,XAUUSD,buy,in,0.01,2389.41,675,-0.04,0.00,0.00,1 905.69,
2024.04.16 01:16:12,675,XAUUSD,sell,out,0.01,2389.53,676,-0.04,0.00,0.12,1 905.77,sl 2389.53
2024.04.16 19:46:42,676,XAUUSD,buy,in,0.01,2396.46,677,-0.04,0.00,0.00,1 905.73,
2024.04.16 19:47:29,677,XAUUSD,sell,out,0.01,2396.78,678,-0.04,0.00,0.32,1 906.01,sl 2396.78
2024.04.19 04:34:13,678,XAUUSD,buy,in,0.01,2407.63,679,-0.04,0.00,0.00,1 905.97,
2024.04.19 04:34:42,679,XAUUSD,sell,out,0.01,2408.00,680,-0.04,0.00,0.37,1 906.30,sl 2408.01
2024.04.19 04:58:19,680,XAUUSD,buy,in,0.01,2409.77,681,-0.04,0.00,0.00,1 906.26,
2024.04.19 04:58:27,681,XAUUSD,sell,out,0.01,2409.75,682,-0.04,0.00,-0.02,1 906.20,sl 2409.79
2024.04.19 05:22:21,682,XAUUSD,buy,in,0.01,2409.69,683,-0.04,0.00,0.00,1 906.16,
2024.04.19 05:23:11,683,XAUUSD,sell,out,0.01,2410.38,684,-0.04,0.00,0.69,1 906.81,sl 2410.39
2024.04.19 05:49:08,684,XAUUSD,buy,in,0.01,2406.74,685,-0.04,0.00,0.00,1 906.77,
2024.04.19 05:49:17,685,XAUUSD,sell,out,0.01,2406.69,686,-0.04,0.00,-0.05,1 906.68,sl 2406.77
2024.04.22 09:47:08,686,XAUUSD,sell,in,0.01,2353.70,687,-0.04,0.00,0.00,1 906.64,
2024.04.22 09:47:55,687,XAUUSD,buy,out,0.01,2352.69,688,-0.04,0.00,1.01,1 907.61,sl 2352.68
2024.04.22 14:07:46,688,XAUUSD,sell,in,0.01,2349.76,689,-0.04,0.00,0.00,1 907.57,
2024.04.22 14:07:58,689,XAUUSD,buy,out,0.01,2349.68,690,-0.04,0.00,0.08,1 907.61,sl 2349.68
2024.04.22 14:31:57,690,XAUUSD,sell,in,0.01,2343.64,691,-0.04,0.00,0.00,1 907.57,
2024.04.22 14:32:21,691,XAUUSD,buy,out,0.01,2343.64,692,-0.04,0.00,0.00,1 907.53,sl 2343.63
2024.04.22 14:56:02,692,XAUUSD,sell,in,0.01,2342.13,693,-0.04,0.00,0.00,1 907.49,
2024.04.22 15:01:15,693,XAUUSD,buy,out,0.01,2340.38,694,-0.04,0.00,1.75,1 909.20,sl 2340.37
2024.04.22 15:20:05,694,XAUUSD,sell,in,0.01,2344.31,695,-0.04,0.00,0.00,1 909.16,
2024.04.22 15:42:39,695,XAUUSD,buy,out,0.01,2342.61,696,-0.04,0.00,1.70,1 910.82,sl 2342.60
2024.04.22 15:44:05,696,XAUUSD,sell,in,0.01,2343.33,697,-0.04,0.00,0.00,1 910.78,
2024.04.22 15:46:03,697,XAUUSD,buy,out,0.01,2340.81,698,-0.04,0.00,2.52,1 913.26,sl 2340.58
2024.04.22 16:08:05,698,XAUUSD,sell,in,0.01,2336.92,699,-0.04,0.00,0.00,1 913.22,
2024.04.22 16:09:21,699,XAUUSD,buy,out,0.01,2335.99,700,-0.04,0.00,0.93,1 914.11,sl 2335.97
2024.04.22 16:32:11,700,XAUUSD,sell,in,0.01,2335.99,701,-0.04,0.00,0.00,1 914.07,
2024.04.22 16:32:28,701,XAUUSD,buy,out,0.01,2335.42,702,-0.04,0.00,0.57,1 914.60,sl 2335.42
2024.04.22 16:56:18,702,XAUUSD,sell,in,0.01,2337.33,703,-0.04,0.00,0.00,1 914.56,
2024.04.22 17:00:56,703,XAUUSD,buy,out,0.01,2337.29,704,-0.04,0.00,0.04,1 914.56,sl 2337.26
2024.04.22 17:20:24,704,XAUUSD,sell,in,0.01,2335.66,705,-0.04,0.00,0.00,1 914.52,
2024.04.22 18:09:28,705,XAUUSD,buy,in,0.15,2336.93,706,-0.53,0.00,0.00,1 913.99,
2024.04.22 18:11:09,706,XAUUSD,buy,out,0.01,2335.28,707,-0.04,0.00,0.38,1 914.33,sl 2335.28
2024.04.22 18:31:39,707,XAUUSD,sell,out,0.15,2336.93,708,-0.53,0.00,0.00,1 913.80,sl 2336.96
2024.04.30 17:09:27,708,XAUUSD,sell,in,0.01,2301.69,709,-0.04,0.00,0.00,1 913.76,
2024.04.30 17:09:54,709,XAUUSD,buy,out,0.01,2301.55,710,-0.04,0.00,0.14,1 913.86,sl 2301.55
2024.04.30 17:33:33,710,XAUUSD,sell,in,0.01,2299.63,711,-0.04,0.00,0.00,1 913.82,
2024.04.30 17:34:16,711,XAUUSD,buy,out,0.01,2299.62,712,-0.04,0.00,0.01,1 913.79,sl 2299.62
2024.04.30 17:57:37,712,XAUUSD,sell,in,0.01,2296.40,713,-0.04,0.00,0.00,1 913.75,
2024.04.30 17:58:22,713,XAUUSD,buy,out,0.01,2296.05,714,-0.04,0.00,0.35,1 914.06,sl 2295.86
2024.04.30 18:21:42,714,XAUUSD,sell,in,0.01,2298.53,715,-0.04,0.00,0.00,1 914.02,
2024.04.30 18:22:17,715,XAUUSD,buy,out,0.01,2298.32,716,-0.04,0.00,0.21,1 914.19,sl 2298.32
2024.04.30 18:45:42,716,XAUUSD,sell,in,0.01,2294.95,717,-0.04,0.00,0.00,1 914.15,
2024.04.30 19:34:49,717,XAUUSD,buy,in,0.15,2295.53,718,-0.53,0.00,0.00,1 913.62,
2024.04.30 19:36:24,718,XAUUSD,sell,out,0.15,2295.90,719,-0.53,0.00,5.55,1 918.64,sl 2295.93
2024.04.30 20:24:44,719,XAUUSD,buy,out,0.01,2294.00,720,-0.04,0.00,0.95,1 919.55,sl 2293.92
2024.05.03 16:35:34,720,XAUUSD,sell,in,0.01,2278.59,721,-0.04,0.00,0.00,1 919.51,
2024.05.03 17:24:38,721,XAUUSD,buy,in,0.15,2289.08,722,-0.53,0.00,0.00,1 918.98,
2024.05.03 17:40:08,722,XAUUSD,sell,out,0.15,2289.76,723,-0.53,0.00,10.20,1 928.65,sl 2289.77
2024.05.06 04:02:15,723,XAUUSD,buy,in,0.15,2303.81,724,-0.53,0.00,0.00,1 928.12,
2024.05.06 04:02:38,724,XAUUSD,sell,out,0.15,2304.61,725,-0.53,0.00,12.00,1 939.59,sl 2304.62
2024.05.06 04:20:20,725,XAUUSD,buy,in,0.15,2304.22,726,-0.53,0.00,0.00,1 939.06,
2024.05.06 04:21:11,726,XAUUSD,sell,out,0.15,2304.31,727,-0.53,0.00,1.35,1 939.88,sl 2304.32
2024.05.06 04:38:16,727,XAUUSD,buy,in,0.15,2308.86,728,-0.53,0.00,0.00,1 939.35,
2024.05.06 04:56:21,728,XAUUSD,sell,out,0.15,2307.63,729,-0.53,0.00,-18.45,1 920.37,
2024.05.06 04:56:33,729,XAUUSD,buy,out,0.01,2307.69,730,-0.04,0.45,-29.10,1 891.68,
2024.05.09 23:08:01,730,XAUUSD,buy,in,0.01,2345.32,731,-0.04,0.00,0.00,1 891.64,
2024.05.09 23:15:23,731,XAUUSD,sell,out,0.01,2346.15,732,-0.04,0.00,0.83,1 892.43,sl 2346.15
2024.05.09 23:36:56,732,XAUUSD,buy,in,0.01,2345.36,733,-0.04,0.00,0.00,1 892.39,
2024.05.09 23:56:17,733,XAUUSD,sell,out,0.01,2346.10,734,-0.04,0.00,0.74,1 893.09,
2024.05.10 01:02:07,734,XAUUSD,buy,in,0.01,2346.86,735,-0.04,0.00,0.00,1 893.05,
2024.05.10 01:09:57,735,XAUUSD,sell,out,0.01,2347.31,736,-0.04,0.00,0.45,1 893.46,sl 2347.33
2024.05.10 01:30:49,736,XAUUSD,buy,in,0.01,2346.10,737,-0.04,0.00,0.00,1 893.42,
2024.05.10 01:59:29,737,XAUUSD,sell,out,0.01,2346.44,738,-0.04,0.00,0.34,1 893.72,sl 2346.45
2024.05.10 01:59:36,738,XAUUSD,buy,in,0.01,2346.49,739,-0.04,0.00,0.00,1 893.68,
2024.05.10 02:04:54,739,XAUUSD,sell,out,0.01,2346.98,740,-0.04,0.00,0.49,1 894.13,sl 2346.98
2024.05.10 02:23:54,740,XAUUSD,buy,in,0.01,2347.96,741,-0.04,0.00,0.00,1 894.09,
2024.05.10 03:32:11,741,XAUUSD,sell,out,0.01,2348.51,742,-0.04,0.00,0.55,1 894.60,sl 2348.52
2024.05.10 03:32:11,742,XAUUSD,buy,in,0.01,2348.56,743,-0.04,0.00,0.00,1 894.56,
2024.05.10 04:02:50,743,XAUUSD,sell,out,0.01,2351.56,744,-0.04,0.00,3.00,1 897.52,sl 2351.57
2024.05.10 04:02:50,744,XAUUSD,buy,in,0.01,2351.61,745,-0.04,0.00,0.00,1 897.48,
2024.05.10 04:03:19,745,XAUUSD,sell,out,0.01,2352.09,746,-0.04,0.00,0.48,1 897.92,sl 2352.09
2024.05.10 04:26:54,746,XAUUSD,buy,in,0.01,2354.02,747,-0.04,0.00,0.00,1 897.88,
2024.05.10 04:34:05,747,XAUUSD,sell,out,0.01,2354.05,748,-0.04,0.00,0.03,1 897.87,sl 2354.08
2024.05.10 04:50:55,748,XAUUSD,buy,in,0.01,2349.77,749,-0.04,0.00,0.00,1 897.83,
2024.05.10 04:57:39,749,XAUUSD,sell,out,0.01,2351.73,750,-0.04,0.00,1.96,1 899.75,sl 2351.73
2024.05.10 05:14:55,750,XAUUSD,buy,in,0.01,2351.26,751,-0.04,0.00,0.00,1 899.71,
2024.05.10 06:27:02,751,XAUUSD,sell,out,0.01,2351.49,752,-0.04,0.00,0.23,1 899.90,sl 2351.49
2024.05.10 06:27:04,752,XAUUSD,buy,in,0.01,2351.58,753,-0.04,0.00,0.00,1 899.86,
2024.05.10 06:38:25,753,XAUUSD,sell,out,0.01,2352.10,754,-0.04,0.00,0.52,1 900.34,sl 2352.13
2024.05.10 06:51:09,754,XAUUSD,buy,in,0.01,2352.54,755,-0.04,0.00,0.00,1 900.30,
2024.05.10 06:55:26,755,XAUUSD,sell,out,0.01,2353.22,756,-0.04,0.00,0.68,1 900.94,sl 2353.25
2024.05.10 07:15:13,756,XAUUSD,buy,in,0.01,2352.41,757,-0.04,0.00,0.00,1 900.90,
2024.05.10 07:34:35,757,XAUUSD,sell,out,0.01,2353.07,758,-0.04,0.00,0.66,1 901.52,sl 2353.08
2024.05.10 07:39:27,758,XAUUSD,buy,in,0.01,2353.94,759,-0.04,0.00,0.00,1 901.48,
2024.05.10 07:55:08,759,XAUUSD,sell,out,0.01,2354.08,760,-0.04,0.00,0.14,1 901.58,sl 2354.08
2024.05.10 08:03:29,760,XAUUSD,buy,in,0.01,2354.81,761,-0.04,0.00,0.00,1 901.54,
2024.05.10 08:13:03,761,XAUUSD,sell,out,0.01,2355.69,762,-0.04,0.00,0.88,1 902.38,sl 2355.70
2024.05.10 08:27:41,762,XAUUSD,buy,in,0.01,2356.03,763,-0.04,0.00,0.00,1 902.34,
2024.05.10 08:30:39,763,XAUUSD,sell,out,0.01,2356.11,764,-0.04,0.00,0.08,1 902.38,sl 2356.14
2024.05.10 08:51:48,764,XAUUSD,buy,in,0.01,2357.37,765,-0.04,0.00,0.00,1 902.34,
2024.05.10 09:03:02,765,XAUUSD,sell,out,0.01,2358.13,766,-0.04,0.00,0.76,1 903.06,sl 2358.18
2024.05.10 09:15:50,766,XAUUSD,buy,in,0.01,2360.56,767,-0.04,0.00,0.00,1 903.02,
2024.05.10 09:18:30,767,XAUUSD,sell,out,0.01,2361.50,768,-0.04,0.00,0.94,1 903.92,sl 2361.50
2024.05.10 09:39:55,768,XAUUSD,buy,in,0.01,2362.37,769,-0.04,0.00,0.00,1 903.88,
2024.05.10 09:42:59,769,XAUUSD,sell,out,0.01,2365.06,770,-0.04,0.00,2.69,1 906.53,sl 2365.09
2024.05.10 10:03:58,770,XAUUSD,buy,in,0.01,2369.61,771,-0.04,0.00,0.00,1 906.49,
2024.05.10 10:05:55,771,XAUUSD,sell,out,0.01,2369.64,772,-0.04,0.00,0.03,1 906.48,sl 2369.64
2024.05.10 10:27:57,772,XAUUSD,buy,in,0.01,2368.72,773,-0.04,0.00,0.00,1 906.44,
2024.05.10 11:18:39,773,XAUUSD,sell,out,0.01,2368.76,774,-0.04,0.00,0.04,1 906.44,sl 2368.76
2024.05.10 11:18:41,774,XAUUSD,buy,in,0.01,2368.98,775,-0.04,0.00,0.00,1 906.40,
2024.05.10 11:56:35,775,XAUUSD,sell,out,0.01,2371.59,776,-0.04,0.00,2.61,1 908.97,sl 2371.60
2024.05.10 11:56:46,776,XAUUSD,buy,in,0.01,2370.85,777,-0.04,0.00,0.00,1 908.93,
2024.05.10 12:01:19,777,XAUUSD,sell,out,0.01,2370.98,778,-0.04,0.00,0.13,1 909.02,sl 2371.00
2024.05.10 12:20:47,778,XAUUSD,buy,in,0.01,2373.60,779,-0.04,0.00,0.00,1 908.98,
2024.05.10 13:18:04,779,XAUUSD,sell,out,0.01,2374.09,780,-0.04,0.00,0.49,1 909.43,sl 2374.09
2024.05.10 13:18:08,780,XAUUSD,buy,in,0.01,2374.19,781,-0.04,0.00,0.00,1 909.39,
2024.05.10 13:25:40,781,XAUUSD,sell,out,0.01,2375.52,782,-0.04,0.00,1.33,1 910.68,sl 2375.52
2024.05.10 13:42:12,782,XAUUSD,buy,in,0.01,2378.25,783,-0.04,0.00,0.00,1 910.64,
2024.05.10 16:09:20,783,XAUUSD,sell,in,0.15,2364.29,784,-0.53,0.00,0.00,1 910.11,
2024.05.10 16:38:00,784,XAUUSD,buy,out,0.15,2364.26,785,-0.53,0.00,0.45,1 910.03,sl 2364.26
2024.05.13 11:29:54,785,XAUUSD,sell,out,0.01,2343.79,786,-0.04,-0.52,-34.46,1 875.01,
2024.05.15 18:13:32,786,XAUUSD,buy,in,0.01,2380.54,787,-0.04,0.00,0.00,1 874.97,
2024.05.15 18:13:48,787,XAUUSD,sell,out,0.01,2380.58,788,-0.04,0.00,0.04,1 874.97,sl 2380.59
2024.05.15 18:37:40,788,XAUUSD,buy,in,0.01,2381.00,789,-0.04,0.00,0.00,1 874.93,
2024.05.15 18:44:27,789,XAUUSD,sell,out,0.01,2383.09,790,-0.04,0.00,2.09,1 876.98,sl 2383.09
2024.05.15 19:13:09,790,XAUUSD,buy,in,0.01,2381.52,791,-0.04,0.00,0.00,1 876.94,
2024.05.15 19:14:40,791,XAUUSD,sell,out,0.01,2381.94,792,-0.04,0.00,0.42,1 877.32,sl 2381.94
2024.05.15 19:37:09,792,XAUUSD,buy,in,0.01,2383.49,793,-0.04,0.00,0.00,1 877.28,
2024.05.15 19:38:39,793,XAUUSD,sell,out,0.01,2383.96,794,-0.04,0.00,0.47,1 877.71,sl 2383.98
2024.05.15 20:01:26,794,XAUUSD,buy,in,0.01,2384.33,795,-0.04,0.00,0.00,1 877.67,
2024.05.15 20:05:57,795,XAUUSD,sell,out,0.01,2385.85,796,-0.04,0.00,1.52,1 879.15,sl 2385.85
2024.05.15 20:25:32,796,XAUUSD,buy,in,0.01,2388.33,797,-0.04,0.00,0.00,1 879.11,
2024.05.15 20:28:18,797,XAUUSD,sell,out,0.01,2388.68,798,-0.04,0.00,0.35,1 879.42,sl 2388.68
2024.05.15 20:49:35,798,XAUUSD,buy,in,0.01,2388.08,799,-0.04,0.00,0.00,1 879.38,
2024.05.15 20:55:03,799,XAUUSD,sell,out,0.01,2389.54,800,-0.04,0.00,1.46,1 880.80,sl 2389.54
2024.05.15 21:13:39,800,XAUUSD,buy,in,0.01,2386.26,801,-0.04,0.00,0.00,1 880.76,
2024.05.15 21:18:17,801,XAUUSD,sell,out,0.01,2386.68,802,-0.04,0.00,0.42,1 881.14,sl 2386.70
2024.05.15 21:37:47,802,XAUUSD,buy,in,0.01,2384.68,803,-0.04,0.00,0.00,1 881.10,
2024.05.15 21:40:05,803,XAUUSD,sell,out,0.01,2384.88,804,-0.04,0.00,0.20,1 881.26,sl 2384.92
2024.05.15 22:01:46,804,XAUUSD,buy,in,0.01,2386.33,805,-0.04,0.00,0.00,1 881.22,
2024.05.15 22:14:43,805,XAUUSD,sell,out,0.01,2386.93,806,-0.04,0.00,0.60,1 881.78,sl 2386.94
2024.05.15 22:25:50,806,XAUUSD,buy,in,0.01,2386.81,807,-0.04,0.00,0.00,1 881.74,
2024.05.15 22:47:56,807,XAUUSD,sell,out,0.01,2386.83,808,-0.04,0.00,0.02,1 881.72,sl 2386.83
2024.05.15 22:49:49,808,XAUUSD,buy,in,0.01,2387.27,809,-0.04,0.00,0.00,1 881.68,
2024.05.15 23:19:12,809,XAUUSD,sell,out,0.01,2387.55,810,-0.04,0.00,0.28,1 881.92,sl 2387.56
2024.05.15 23:19:16,810,XAUUSD,buy,in,0.01,2387.59,811,-0.04,0.00,0.00,1 881.88,
2024.05.15 23:22:36,811,XAUUSD,sell,out,0.01,2387.86,812,-0.04,0.00,0.27,1 882.11,sl 2387.86
2024.05.15 23:43:26,812,XAUUSD,buy,in,0.01,2387.50,813,-0.04,0.00,0.00,1 882.07,
2024.05.15 23:49:20,813,XAUUSD,sell,out,0.01,2387.55,814,-0.04,0.00,0.05,1 882.08,sl 2387.56
2024.05.16 01:02:03,814,XAUUSD,buy,in,0.01,2387.10,815,-0.04,0.00,0.00,1 882.04,
2024.05.16 01:04:38,815,XAUUSD,sell,out,0.01,2387.35,816,-0.04,0.00,0.25,1 882.25,sl 2387.35
2024.05.16 01:26:09,816,XAUUSD,buy,in,0.01,2388.59,817,-0.04,0.00,0.00,1 882.21,
2024.05.16 01:31:00,817,XAUUSD,sell,out,0.01,2388.66,818,-0.04,0.00,0.07,1 882.24,sl 2388.69
2024.05.16 01:50:03,818,XAUUSD,buy,in,0.01,2388.21,819,-0.04,0.00,0.00,1 882.20,
2024.05.16 02:14:43,819,XAUUSD,sell,out,0.01,2389.59,820,-0.04,0.00,1.38,1 883.54,sl 2389.63
2024.05.16 02:14:46,820,XAUUSD,buy,in,0.01,2389.60,821,-0.04,0.00,0.00,1 883.50,
2024.05.16 02:19:45,821,XAUUSD,sell,out,0.01,2390.20,822,-0.04,0.00,0.60,1 884.06,sl 2390.29
2024.05.16 02:38:50,822,XAUUSD,buy,in,0.01,2390.15,823,-0.04,0.00,0.00,1 884.02,
2024.05.16 02:46:20,823,XAUUSD,sell,out,0.01,2390.96,824,-0.04,0.00,0.81,1 884.79,sl 2390.96
2024.05.16 03:02:54,824,XAUUSD,buy,in,0.01,2391.58,825,-0.04,0.00,0.00,1 884.75,
2024.05.16 03:20:40,825,XAUUSD,sell,out,0.01,2393.35,826,-0.04,0.00,1.77,1 886.48,sl 2393.35
2024.05.16 03:26:59,826,XAUUSD,buy,in,0.01,2393.87,827,-0.04,0.00,0.00,1 886.44,
2024.05.16 03:28:23,827,XAUUSD,sell,out,0.01,2393.89,828,-0.04,0.00,0.02,1 886.42,sl 2393.90
2024.05.16 03:51:02,828,XAUUSD,buy,in,0.01,2394.21,829,-0.04,0.00,0.00,1 886.38,
2024.05.16 03:56:26,829,XAUUSD,sell,out,0.01,2394.32,830,-0.04,0.00,0.11,1 886.45,sl 2394.32
2024.05.16 04:15:05,830,XAUUSD,buy,in,0.01,2394.50,831,-0.04,0.00,0.00,1 886.41,
2024.05.16 04:16:30,831,XAUUSD,sell,out,0.01,2394.56,832,-0.04,0.00,0.06,1 886.43,sl 2394.58
2024.05.16 04:39:11,832,XAUUSD,buy,in,0.01,2396.08,833,-0.04,0.00,0.00,1 886.39,
2024.05.16 07:06:18,833,XAUUSD,sell,in,0.15,2387.81,834,-0.53,0.00,0.00,1 885.86,
2024.05.16 09:24:39,834,XAUUSD,buy,out,0.15,2387.79,835,-0.53,0.00,0.30,1 885.63,sl 2387.78
2024.05.17 16:03:09,835,XAUUSD,sell,out,0.01,2397.51,836,-0.04,-0.52,1.43,1 886.50,sl 2397.52
2024.05.22 17:23:51,836,XAUUSD,sell,in,0.01,2387.95,837,-0.04,0.00,0.00,1 886.46,
2024.05.22 17:24:04,837,XAUUSD,buy,out,0.01,2387.85,838,-0.04,0.00,0.10,1 886.52,sl 2387.79
2024.05.22 17:57:42,838,XAUUSD,sell,in,0.01,2387.16,839,-0.04,0.00,0.00,1 886.48,
2024.05.22 18:46:48,839,XAUUSD,buy,in,0.15,2389.29,840,-0.53,0.00,0.00,1 885.95,
2024.05.22 18:48:32,840,XAUUSD,sell,out,0.15,2390.28,841,-0.53,0.00,14.85,1 900.27,sl 2390.29
2024.05.22 21:02:58,841,XAUUSD,buy,out,0.01,2385.70,842,-0.04,0.00,1.46,1 901.69,sl 2385.69
2024.06.06 04:30:32,842,XAUUSD,buy,in,0.01,2368.41,843,-0.04,0.00,0.00,1 901.65,
2024.06.06 04:31:22,843,XAUUSD,sell,out,0.01,2372.21,844,-0.04,0.00,3.80,1 905.41,sl 2372.22
2024.06.06 04:56:12,844,XAUUSD,buy,in,0.01,2368.27,845,-0.04,0.00,0.00,1 905.37,
2024.06.06 05:10:48,845,XAUUSD,sell,out,0.01,2368.27,846,-0.04,0.00,0.00,1 905.33,sl 2368.29
2024.06.06 05:33:32,846,XAUUSD,buy,in,0.01,2369.60,847,-0.04,0.00,0.00,1 905.29,
2024.06.06 05:35:50,847,XAUUSD,sell,out,0.01,2370.08,848,-0.04,0.00,0.48,1 905.73,sl 2370.10
2024.06.06 05:57:40,848,XAUUSD,buy,in,0.01,2372.80,849,-0.04,0.00,0.00,1 905.69,
2024.06.06 05:59:02,849,XAUUSD,sell,out,0.01,2373.13,850,-0.04,0.00,0.33,1 905.98,sl 2373.13
2024.06.06 06:21:45,850,XAUUSD,buy,in,0.01,2370.87,851,-0.04,0.00,0.00,1 905.94,
2024.06.06 08:09:22,851,XAUUSD,sell,out,0.01,2370.91,852,-0.04,0.00,0.04,1 905.94,sl 2370.92
2024.06.06 18:30:57,852,XAUUSD,buy,in,0.01,2376.69,853,-0.04,0.00,0.00,1 905.90,
2024.06.06 18:31:13,853,XAUUSD,sell,out,0.01,2377.17,854,-0.04,0.00,0.48,1 906.34,sl 2377.25
2024.06.06 18:55:01,854,XAUUSD,buy,in,0.01,2376.31,855,-0.04,0.00,0.00,1 906.30,
2024.06.06 18:55:40,855,XAUUSD,sell,out,0.01,2376.50,856,-0.04,0.00,0.19,1 906.45,sl 2376.52
2024.06.07 07:30:22,856,XAUUSD,buy,in,0.01,2384.85,857,-0.04,0.00,0.00,1 906.41,
2024.06.07 07:34:03,857,XAUUSD,sell,out,0.01,2385.71,858,-0.04,0.00,0.86,1 907.23,sl 2385.72
2024.06.07 07:54:28,858,XAUUSD,buy,in,0.01,2385.61,859,-0.04,0.00,0.00,1 907.19,
2024.06.07 08:00:15,859,XAUUSD,sell,out,0.01,2386.27,860,-0.04,0.00,0.66,1 907.81,sl 2386.33
2024.06.07 15:30:11,860,XAUUSD,sell,in,0.01,2320.84,861,-0.04,0.00,0.00,1 907.77,
2024.06.07 15:30:26,861,XAUUSD,buy,out,0.01,2320.72,862,-0.04,0.00,0.12,1 907.85,sl 2320.72
2024.06.07 15:54:15,862,XAUUSD,sell,in,0.01,2317.51,863,-0.04,0.00,0.00,1 907.81,
2024.06.07 15:55:38,863,XAUUSD,buy,out,0.01,2316.69,864,-0.04,0.00,0.82,1 908.59,sl 2316.66
2024.06.07 16:18:23,864,XAUUSD,sell,in,0.01,2325.47,865,-0.04,0.00,0.00,1 908.55,
2024.06.07 16:20:47,865,XAUUSD,buy,out,0.01,2325.50,866,-0.04,0.00,-0.03,1 908.48,sl 2325.46
2024.06.07 16:42:29,866,XAUUSD,sell,in,0.01,2319.55,867,-0.04,0.00,0.00,1 908.44,
2024.06.07 16:43:36,867,XAUUSD,buy,out,0.01,2318.52,868,-0.04,0.00,1.03,1 909.43,sl 2318.48
2024.06.07 17:06:34,868,XAUUSD,sell,in,0.01,2308.91,869,-0.04,0.00,0.00,1 909.39,
2024.06.07 17:06:42,869,XAUUSD,buy,out,0.01,2308.99,870,-0.04,0.00,-0.08,1 909.27,sl 2308.90
2024.06.07 17:30:40,870,XAUUSD,sell,in,0.01,2319.24,871,-0.04,0.00,0.00,1 909.23,
2024.06.07 17:31:17,871,XAUUSD,buy,out,0.01,2319.19,872,-0.04,0.00,0.05,1 909.24,sl 2319.18
2024.06.07 17:54:41,872,XAUUSD,sell,in,0.01,2312.84,873,-0.04,0.00,0.00,1 909.20,
2024.06.07 17:55:08,873,XAUUSD,buy,out,0.01,2312.50,874,-0.04,0.00,0.34,1 909.50,sl 2312.50
2024.06.07 18:18:48,874,XAUUSD,sell,in,0.01,2313.60,875,-0.04,0.00,0.00,1 909.46,
2024.06.07 18:19:52,875,XAUUSD,buy,out,0.01,2313.05,876,-0.04,0.00,0.55,1 909.97,sl 2313.05
2024.06.07 18:42:54,876,XAUUSD,sell,in,0.01,2308.96,877,-0.04,0.00,0.00,1 909.93,
2024.06.07 18:45:32,877,XAUUSD,buy,out,0.01,2308.62,878,-0.04,0.00,0.34,1 910.23,sl 2308.61
2024.06.07 19:07:00,878,XAUUSD,sell,in,0.01,2303.83,879,-0.04,0.00,0.00,1 910.19,
2024.06.07 19:56:04,879,XAUUSD,buy,in,0.15,2310.03,880,-0.53,0.00,0.00,1 909.66,
2024.06.07 20:00:52,880,XAUUSD,sell,out,0.15,2311.62,881,-0.53,0.00,23.85,1 932.98,sl 2311.62
2024.06.07 21:32:59,881,XAUUSD,buy,out,0.01,2303.56,882,-0.04,0.00,0.27,1 933.21,sl 2303.56
2024.06.20 17:21:51,882,XAUUSD,buy,in,0.01,2357.50,883,-0.04,0.00,0.00,1 933.17,
2024.06.20 17:22:51,883,XAUUSD,sell,out,0.01,2358.30,884,-0.04,0.00,0.80,1 933.93,sl 2358.32
2024.06.20 17:45:56,884,XAUUSD,buy,in,0.01,2358.90,885,-0.04,0.00,0.00,1 933.89,
2024.06.20 17:46:58,885,XAUUSD,sell,out,0.01,2359.64,886,-0.04,0.00,0.74,1 934.59,sl 2359.64
2024.06.20 18:09:59,886,XAUUSD,buy,in,0.01,2363.46,887,-0.04,0.00,0.00,1 934.55,
2024.06.20 20:37:02,887,XAUUSD,sell,in,0.15,2357.07,888,-0.53,0.00,0.00,1 934.02,
2024.06.20 20:44:49,888,XAUUSD,buy,out,0.15,2356.03,889,-0.53,0.00,15.60,1 949.09,sl 2356.03
2024.06.21 03:31:12,889,XAUUSD,sell,out,0.01,2363.71,890,-0.04,-0.52,0.25,1 948.78,sl 2363.72
2024.06.26 16:29:41,890,XAUUSD,sell,in,0.01,2296.92,891,-0.04,0.00,0.00,1 948.74,
2024.06.26 16:32:54,891,XAUUSD,buy,out,0.01,2295.62,892,-0.04,0.00,1.30,1 950.00,sl 2295.58
2024.06.26 16:55:13,892,XAUUSD,sell,in,0.01,2296.86,893,-0.04,0.00,0.00,1 949.96,
2024.06.26 16:58:28,893,XAUUSD,buy,out,0.01,2296.00,894,-0.04,0.00,0.86,1 950.78,sl 2296.00
2024.06.26 17:27:39,894,XAUUSD,sell,in,0.01,2296.13,895,-0.04,0.00,0.00,1 950.74,
2024.06.26 17:36:43,895,XAUUSD,buy,out,0.01,2296.07,896,-0.04,0.00,0.06,1 950.76,sl 2296.06
2024.07.03 17:00:07,896,XAUUSD,buy,in,0.01,2361.50,897,-0.04,0.00,0.00,1 950.72,
2024.07.03 17:01:07,897,XAUUSD,sell,out,0.01,2361.49,898,-0.04,0.00,-0.01,1 950.67,sl 2361.53
2024.07.03 17:24:16,898,XAUUSD,buy,in,0.01,2362.51,899,-0.04,0.00,0.00,1 950.63,
2024.07.03 17:38:37,899,XAUUSD,sell,out,0.01,2363.16,900,-0.04,0.00,0.65,1 951.24,sl 2363.16
2024.07.03 17:48:17,900,XAUUSD,buy,in,0.01,2364.35,901,-0.04,0.00,0.00,1 951.20,
2024.07.03 17:50:56,901,XAUUSD,sell,out,0.01,2364.38,902,-0.04,0.00,0.03,1 951.19,sl 2364.38
2024.07.03 18:12:23,902,XAUUSD,buy,in,0.01,2362.14,903,-0.04,0.00,0.00,1 951.15,
2024.07.03 18:13:34,903,XAUUSD,sell,out,0.01,2362.65,904,-0.04,0.00,0.51,1 951.62,sl 2362.66
2024.07.03 18:36:25,904,XAUUSD,buy,in,0.01,2361.57,905,-0.04,0.00,0.00,1 951.58,
2024.07.03 18:41:10,905,XAUUSD,sell,out,0.01,2362.43,906,-0.04,0.00,0.86,1 952.40,sl 2362.45
2024.07.03 19:00:25,906,XAUUSD,buy,in,0.01,2363.12,907,-0.04,0.00,0.00,1 952.36,
2024.07.03 21:27:38,907,XAUUSD,sell,in,0.15,2356.83,908,-0.53,0.00,0.00,1 951.83,
2024.07.03 21:34:22,908,XAUUSD,buy,out,0.15,2356.61,909,-0.53,0.00,3.30,1 954.60,sl 2356.61
2024.07.05 07:56:56,909,XAUUSD,sell,out,0.01,2364.17,910,-0.04,-2.08,1.05,1 953.53,sl 2364.17
2024.07.05 16:41:18,910,XAUUSD,buy,in,0.01,2381.31,911,-0.04,0.00,0.00,1 953.49,
2024.07.05 16:41:43,911,XAUUSD,sell,out,0.01,2382.78,912,-0.04,0.00,1.47,1 954.92,sl 2382.78
2024.07.05 17:33:21,912,XAUUSD,buy,in,0.01,2382.11,913,-0.04,0.00,0.00,1 954.88,
2024.07.05 17:34:02,913,XAUUSD,sell,out,0.01,2382.13,914,-0.04,0.00,0.02,1 954.86,sl 2382.13
2024.07.05 18:11:25,914,XAUUSD,buy,in,0.01,2382.91,915,-0.04,0.00,0.00,1 954.82,
2024.07.05 18:12:45,915,XAUUSD,sell,out,0.01,2382.96,916,-0.04,0.00,0.05,1 954.83,sl 2382.97
2024.07.05 18:35:26,916,XAUUSD,buy,in,0.01,2386.69,917,-0.04,0.00,0.00,1 954.79,
2024.07.05 18:36:39,917,XAUUSD,sell,out,0.01,2386.97,918,-0.04,0.00,0.28,1 955.03,sl 2386.97
2024.07.05 18:59:32,918,XAUUSD,buy,in,0.01,2384.72,919,-0.04,0.00,0.00,1 954.99,
2024.07.05 19:01:06,919,XAUUSD,sell,out,0.01,2384.92,920,-0.04,0.00,0.20,1 955.15,sl 2384.93
2024.07.05 19:23:48,920,XAUUSD,buy,in,0.01,2385.18,921,-0.04,0.00,0.00,1 955.11,
2024.07.05 19:26:43,921,XAUUSD,sell,out,0.01,2385.75,922,-0.04,0.00,0.57,1 955.64,sl 2385.75
2024.07.05 19:47:47,922,XAUUSD,buy,in,0.01,2385.97,923,-0.04,0.00,0.00,1 955.60,
2024.07.05 19:56:33,923,XAUUSD,sell,out,0.01,2386.89,924,-0.04,0.00,0.92,1 956.48,sl 2386.92
2024.07.05 20:11:50,924,XAUUSD,buy,in,0.01,2388.95,925,-0.04,0.00,0.00,1 956.44,
2024.07.05 20:28:27,925,XAUUSD,sell,out,0.01,2389.00,926,-0.04,0.00,0.05,1 956.45,sl 2389.00
2024.07.05 20:35:52,926,XAUUSD,buy,in,0.01,2387.69,927,-0.04,0.00,0.00,1 956.41,
2024.07.05 21:24:28,927,XAUUSD,sell,out,0.01,2389.88,928,-0.04,0.00,2.19,1 958.56,sl 2389.92
2024.07.05 21:24:30,928,XAUUSD,buy,in,0.01,2390.09,929,-0.04,0.00,0.00,1 958.52,
2024.07.05 21:27:28,929,XAUUSD,sell,out,0.01,2390.62,930,-0.04,0.00,0.53,1 959.01,sl 2390.65
2024.07.05 21:48:37,930,XAUUSD,buy,in,0.01,2392.07,931,-0.04,0.00,0.00,1 958.97,
2024.07.05 22:05:15,931,XAUUSD,sell,out,0.01,2392.38,932,-0.04,0.00,0.31,1 959.24,sl 2392.41
2024.07.05 22:12:41,932,XAUUSD,buy,in,0.01,2391.55,933,-0.04,0.00,0.00,1 959.20,
2024.07.05 22:17:07,933,XAUUSD,sell,out,0.01,2392.12,934,-0.04,0.00,0.57,1 959.73,sl 2392.12
2024.07.05 22:36:53,934,XAUUSD,buy,in,0.01,2389.98,935,-0.04,0.00,0.00,1 959.69,
2024.07.05 22:42:01,935,XAUUSD,sell,out,0.01,2390.43,936,-0.04,0.00,0.45,1 960.10,sl 2390.43
2024.07.05 23:00:56,936,XAUUSD,buy,in,0.01,2388.56,937,-0.04,0.00,0.00,1 960.06,
2024.07.05 23:04:08,937,XAUUSD,sell,out,0.01,2388.60,938,-0.04,0.00,0.04,1 960.06,sl 2388.60
2024.07.05 23:24:57,938,XAUUSD,buy,in,0.01,2388.98,939,-0.04,0.00,0.00,1 960.02,
2024.07.05 23:46:06,939,XAUUSD,sell,out,0.01,2391.14,940,-0.04,0.00,2.16,1 962.14,sl 2391.15
2024.07.05 23:49:02,940,XAUUSD,buy,in,0.01,2391.36,941,-0.04,0.00,0.00,1 962.10,
2024.07.08 18:33:01,941,XAUUSD,sell,out,0.01,2368.03,942,-0.04,-0.52,-23.33,1 938.21,
2024.07.11 15:33:06,942,XAUUSD,buy,in,0.01,2400.40,943,-0.04,0.00,0.00,1 938.17,
2024.07.11 15:36:24,943,XAUUSD,sell,out,0.01,2401.05,944,-0.04,0.00,0.65,1 938.78,sl 2401.05
2024.07.11 15:57:14,944,XAUUSD,buy,in,0.01,2407.27,945,-0.04,0.00,0.00,1 938.74,
2024.07.11 15:58:18,945,XAUUSD,sell,out,0.01,2408.98,946,-0.04,0.00,1.71,1 940.41,sl 2408.98
2024.07.11 16:21:16,946,XAUUSD,buy,in,0.01,2407.96,947,-0.04,0.00,0.00,1 940.37,
2024.07.11 16:21:54,947,XAUUSD,sell,out,0.01,2408.18,948,-0.04,0.00,0.22,1 940.55,sl 2408.19
2024.07.11 16:51:19,948,XAUUSD,buy,in,0.01,2401.38,949,-0.04,0.00,0.00,1 940.51,
2024.07.11 16:51:59,949,XAUUSD,sell,out,0.01,2401.41,950,-0.04,0.00,0.03,1 940.50,sl 2401.42
2024.07.11 17:15:24,950,XAUUSD,buy,in,0.01,2410.59,951,-0.04,0.00,0.00,1 940.46,
2024.07.11 17:17:31,951,XAUUSD,sell,out,0.01,2411.16,952,-0.04,0.00,0.57,1 940.99,sl 2411.16
2024.07.11 17:39:37,952,XAUUSD,buy,in,0.01,2407.87,953,-0.04,0.00,0.00,1 940.95,
2024.07.11 17:40:31,953,XAUUSD,sell,out,0.01,2408.36,954,-0.04,0.00,0.49,1 941.40,sl 2408.37
2024.07.11 18:03:37,954,XAUUSD,buy,in,0.01,2413.45,955,-0.04,0.00,0.00,1 941.36,
2024.07.11 18:04:41,955,XAUUSD,sell,out,0.01,2414.03,956,-0.04,0.00,0.58,1 941.90,sl 2414.03
2024.07.11 18:27:39,956,XAUUSD,buy,in,0.01,2422.69,957,-0.04,0.00,0.00,1 941.86,
2024.07.11 18:34:39,957,XAUUSD,sell,out,0.01,2423.80,958,-0.04,0.00,1.11,1 942.93,sl 2423.80
2024.07.11 18:51:40,958,XAUUSD,buy,in,0.01,2418.94,959,-0.04,0.00,0.00,1 942.89,
2024.07.11 21:18:49,959,XAUUSD,sell,in,0.15,2414.34,960,-0.53,0.00,0.00,1 942.36,
2024.07.11 21:25:09,960,XAUUSD,buy,out,0.15,2413.70,961,-0.53,0.00,9.60,1 951.43,sl 2413.69
2024.07.15 14:27:23,961,XAUUSD,sell,out,0.01,2419.22,962,-0.04,-1.04,0.28,1 950.63,sl 2419.22
2024.07.19 04:14:07,962,XAUUSD,sell,in,0.01,2424.24,963,-0.04,0.00,0.00,1 950.59,
2024.07.19 04:24:48,963,XAUUSD,buy,out,0.01,2423.75,964,-0.04,0.00,0.49,1 951.04,sl 2423.72
2024.07.19 04:45:30,964,XAUUSD,sell,in,0.01,2425.20,965,-0.04,0.00,0.00,1 951.00,
2024.07.19 04:46:50,965,XAUUSD,buy,out,0.01,2425.19,966,-0.04,0.00,0.01,1 950.97,sl 2425.18
2024.07.19 05:19:22,966,XAUUSD,sell,in,0.01,2424.48,967,-0.04,0.00,0.00,1 950.93,
2024.07.19 05:19:58,967,XAUUSD,buy,out,0.01,2424.43,968,-0.04,0.00,0.05,1 950.94,sl 2424.41
2024.07.19 05:44:30,968,XAUUSD,sell,in,0.01,2424.46,969,-0.04,0.00,0.00,1 950.90,
2024.07.19 05:45:08,969,XAUUSD,buy,out,0.01,2424.13,970,-0.04,0.00,0.33,1 951.19,sl 2424.11
2024.07.19 08:35:09,970,XAUUSD,sell,in,0.01,2422.48,971,-0.04,0.00,0.00,1 951.15,
2024.07.19 08:51:50,971,XAUUSD,buy,out,0.01,2421.85,972,-0.04,0.00,0.63,1 951.74,sl 2421.78
2024.07.19 09:04:22,972,XAUUSD,sell,in,0.01,2421.76,973,-0.04,0.00,0.00,1 951.70,
2024.07.19 09:07:04,973,XAUUSD,buy,out,0.01,2420.54,974,-0.04,0.00,1.22,1 952.88,sl 2420.52
2024.07.19 09:28:30,974,XAUUSD,sell,in,0.01,2417.48,975,-0.04,0.00,0.00,1 952.84,
2024.07.19 09:43:42,975,XAUUSD,buy,out,0.01,2417.48,976,-0.04,0.00,0.00,1 952.80,sl 2417.47
2024.07.19 09:52:34,976,XAUUSD,sell,in,0.01,2420.10,977,-0.04,0.00,0.00,1 952.76,
2024.07.19 10:13:50,977,XAUUSD,buy,out,0.01,2419.68,978,-0.04,0.00,0.42,1 953.14,sl 2419.65
2024.07.19 10:16:41,978,XAUUSD,sell,in,0.01,2418.09,979,-0.04,0.00,0.00,1 953.10,
2024.07.19 10:18:40,979,XAUUSD,buy,out,0.01,2417.53,980,-0.04,0.00,0.56,1 953.62,sl 2417.52
2024.07.19 10:40:41,980,XAUUSD,sell,in,0.01,2416.45,981,-0.04,0.00,0.00,1 953.58,
2024.07.19 10:41:46,981,XAUUSD,buy,out,0.01,2414.76,982,-0.04,0.00,1.69,1 955.23,sl 2414.76
2024.07.19 11:04:47,982,XAUUSD,sell,in,0.01,2418.03,983,-0.04,0.00,0.00,1 955.19,
2024.07.19 11:19:34,983,XAUUSD,buy,out,0.01,2417.86,984,-0.04,0.00,0.17,1 955.32,sl 2417.86
2024.07.19 11:37:20,984,XAUUSD,sell,in,0.01,2419.79,985,-0.04,0.00,0.00,1 955.28,
2024.07.19 11:43:34,985,XAUUSD,buy,out,0.01,2419.45,986,-0.04,0.00,0.34,1 955.58,sl 2419.44
2024.07.19 12:06:17,986,XAUUSD,sell,in,0.01,2418.87,987,-0.04,0.00,0.00,1 955.54,
2024.07.19 12:08:18,987,XAUUSD,buy,out,0.01,2418.85,988,-0.04,0.00,0.02,1 955.52,sl 2418.85
2024.07.19 12:30:28,988,XAUUSD,sell,in,0.01,2416.71,989,-0.04,0.00,0.00,1 955.48,
2024.07.19 12:37:16,989,XAUUSD,buy,out,0.01,2415.53,990,-0.04,0.00,1.18,1 956.62,sl 2415.52
2024.07.19 12:54:28,990,XAUUSD,sell,in,0.01,2415.71,991,-0.04,0.00,0.00,1 956.58,
2024.07.19 13:02:55,991,XAUUSD,buy,out,0.01,2415.51,992,-0.04,0.00,0.20,1 956.74,sl 2415.51
2024.07.19 13:18:30,992,XAUUSD,sell,in,0.01,2413.02,993,-0.04,0.00,0.00,1 956.70,
2024.07.19 13:20:53,993,XAUUSD,buy,out,0.01,2412.43,994,-0.04,0.00,0.59,1 957.25,sl 2412.41
2024.07.19 13:42:36,994,XAUUSD,sell,in,0.01,2413.23,995,-0.04,0.00,0.00,1 957.21,
2024.07.19 13:45:39,995,XAUUSD,buy,out,0.01,2413.12,996,-0.04,0.00,0.11,1 957.28,sl 2413.12
2024.07.19 14:06:41,996,XAUUSD,sell,in,0.01,2411.72,997,-0.04,0.00,0.00,1 957.24,
2024.07.19 14:09:20,997,XAUUSD,buy,out,0.01,2411.27,998,-0.04,0.00,0.45,1 957.65,sl 2411.26
2024.07.19 14:30:40,998,XAUUSD,sell,in,0.01,2413.98,999,-0.04,0.00,0.00,1 957.61,
2024.07.19 14:33:00,999,XAUUSD,buy,out,0.01,2412.93,1000,-0.04,0.00,1.05,1 958.62,sl 2412.93
2024.07.19 14:54:46,1000,XAUUSD,sell,in,0.01,2409.47,1001,-0.04,0.00,0.00,1 958.58,
2024.07.19 14:55:40,1001,XAUUSD,buy,out,0.01,2409.17,1002,-0.04,0.00,0.30,1 958.84,sl 2409.09
2024.07.19 15:18:45,1002,XAUUSD,sell,in,0.01,2408.25,1003,-0.04,0.00,0.00,1 958.80,
2024.07.19 15:21:26,1003,XAUUSD,buy,out,0.01,2407.96,1004,-0.04,0.00,0.29,1 959.05,sl 2407.95
2024.07.19 15:42:51,1004,XAUUSD,sell,in,0.01,2405.64,1005,-0.04,0.00,0.00,1 959.01,
2024.07.19 15:45:23,1005,XAUUSD,buy,out,0.01,2403.22,1006,-0.04,0.00,2.42,1 961.39,sl 2403.22
2024.07.19 16:06:53,1006,XAUUSD,sell,in,0.01,2398.44,1007,-0.04,0.00,0.00,1 961.35,
2024.07.19 16:08:44,1007,XAUUSD,buy,out,0.01,2398.07,1008,-0.04,0.00,0.37,1 961.68,sl 2398.07
2024.07.19 16:30:54,1008,XAUUSD,sell,in,0.01,2397.53,1009,-0.04,0.00,0.00,1 961.64,
2024.07.19 16:32:23,1009,XAUUSD,buy,out,0.01,2395.58,1010,-0.04,0.00,1.95,1 963.55,sl 2395.57
2024.07.19 16:54:54,1010,XAUUSD,sell,in,0.01,2402.44,1011,-0.04,0.00,0.00,1 963.51,
2024.07.19 16:55:18,1011,XAUUSD,buy,out,0.01,2402.44,1012,-0.04,0.00,0.00,1 963.47,sl 2402.43
2024.07.19 17:18:55,1012,XAUUSD,sell,in,0.01,2401.31,1013,-0.04,0.00,0.00,1 963.43,
2024.07.19 17:21:28,1013,XAUUSD,buy,out,0.01,2401.15,1014,-0.04,0.00,0.16,1 963.55,sl 2401.11
2024.07.19 17:43:01,1014,XAUUSD,sell,in,0.01,2401.68,1015,-0.04,0.00,0.00,1 963.51,
2024.07.19 17:45:02,1015,XAUUSD,buy,out,0.01,2401.65,1016,-0.04,0.00,0.03,1 963.50,sl 2401.65
2024.07.19 18:07:07,1016,XAUUSD,sell,in,0.01,2404.46,1017,-0.04,0.00,0.00,1 963.46,
2024.07.19 18:27:01,1017,XAUUSD,buy,out,0.01,2404.46,1018,-0.04,0.00,0.00,1 963.42,sl 2404.45
2024.07.19 18:31:12,1018,XAUUSD,sell,in,0.01,2403.00,1019,-0.04,0.00,0.00,1 963.38,
2024.07.19 19:20:28,1019,XAUUSD,buy,in,0.15,2403.22,1020,-0.53,0.00,0.00,1 962.85,
2024.07.19 19:22:35,1020,XAUUSD,buy,out,0.01,2402.77,1021,-0.04,0.00,0.23,1 963.04,sl 2402.75
2024.07.22 01:02:13,1021,XAUUSD,sell,out,0.15,2403.49,1022,-0.53,-7.78,4.05,1 958.78,sl 2403.71
2024.07.25 04:38:46,1022,XAUUSD,sell,in,0.01,2381.33,1023,-0.04,0.00,0.00,1 958.74,
2024.07.25 04:38:57,1023,XAUUSD,buy,out,0.01,2381.28,1024,-0.04,0.00,0.05,1 958.75,sl 2381.28
2024.07.25 05:02:53,1024,XAUUSD,sell,in,0.01,2376.84,1025,-0.04,0.00,0.00,1 958.71,
2024.07.25 05:06:28,1025,XAUUSD,buy,out,0.01,2376.75,1026,-0.04,0.00,0.09,1 958.76,sl 2376.72
2024.07.25 05:26:53,1026,XAUUSD,sell,in,0.01,2378.47,1027,-0.04,0.00,0.00,1 958.72,
2024.07.25 05:28:27,1027,XAUUSD,buy,out,0.01,2378.06,1028,-0.04,0.00,0.41,1 959.09,sl 2378.03
2024.07.25 05:50:55,1028,XAUUSD,sell,in,0.01,2372.82,1029,-0.04,0.00,0.00,1 959.05,
2024.07.25 05:51:43,1029,XAUUSD,buy,out,0.01,2372.37,1030,-0.04,0.00,0.45,1 959.46,sl 2372.36
2024.07.25 06:15:01,1030,XAUUSD,sell,in,0.01,2371.88,1031,-0.04,0.00,0.00,1 959.42,
2024.07.25 06:18:33,1031,XAUUSD,buy,out,0.01,2370.25,1032,-0.04,0.00,1.63,1 961.01,sl 2370.25
2024.07.25 06:39:02,1032,XAUUSD,sell,in,0.01,2375.01,1033,-0.04,0.00,0.00,1 960.97,
2024.07.25 06:40:53,1033,XAUUSD,buy,out,0.01,2374.62,1034,-0.04,0.00,0.39,1 961.32,sl 2374.62
2024.07.25 07:03:16,1034,XAUUSD,sell,in,0.01,2374.59,1035,-0.04,0.00,0.00,1 961.28,
2024.07.25 07:09:54,1035,XAUUSD,buy,out,0.01,2373.87,1036,-0.04,0.00,0.72,1 961.96,sl 2373.87
2024.07.25 07:27:30,1036,XAUUSD,sell,in,0.01,2375.33,1037,-0.04,0.00,0.00,1 961.92,
2024.07.25 08:07:23,1037,XAUUSD,buy,out,0.01,2375.32,1038,-0.04,0.00,0.01,1 961.89,sl 2375.30
2024.07.25 08:07:31,1038,XAUUSD,sell,in,0.01,2375.18,1039,-0.04,0.00,0.00,1 961.85,
2024.07.25 08:12:01,1039,XAUUSD,buy,out,0.01,2374.68,1040,-0.04,0.00,0.50,1 962.31,sl 2374.67
2024.07.25 08:31:39,1040,XAUUSD,sell,in,0.01,2370.56,1041,-0.04,0.00,0.00,1 962.27,
2024.07.25 08:32:19,1041,XAUUSD,buy,out,0.01,2369.78,1042,-0.04,0.00,0.78,1 963.01,sl 2369.78
2024.07.25 08:55:43,1042,XAUUSD,sell,in,0.01,2374.05,1043,-0.04,0.00,0.00,1 962.97,
2024.07.25 09:28:45,1043,XAUUSD,buy,out,0.01,2373.63,1044,-0.04,0.00,0.42,1 963.35,sl 2373.62
2024.07.25 09:28:53,1044,XAUUSD,sell,in,0.01,2373.65,1045,-0.04,0.00,0.00,1 963.31,
2024.07.25 09:37:04,1045,XAUUSD,buy,out,0.01,2373.45,1046,-0.04,0.00,0.20,1 963.47,sl 2373.45
2024.07.25 09:53:10,1046,XAUUSD,sell,in,0.01,2371.07,1047,-0.04,0.00,0.00,1 963.43,
2024.07.25 09:54:15,1047,XAUUSD,buy,out,0.01,2370.53,1048,-0.04,0.00,0.54,1 963.93,sl 2370.51
2024.07.25 10:17:17,1048,XAUUSD,sell,in,0.01,2368.74,1049,-0.04,0.00,0.00,1 963.89,
2024.07.25 11:06:24,1049,XAUUSD,buy,in,0.15,2374.27,1050,-0.53,0.00,0.00,1 963.36,
2024.07.25 11:07:45,1050,XAUUSD,sell,out,0.15,2374.54,1051,-0.53,0.00,4.05,1 966.88,sl 2374.55
2024.07.25 14:58:23,1051,XAUUSD,buy,out,0.01,2368.71,1052,-0.04,0.00,0.03,1 966.87,sl 2368.71
2024.07.31 07:58:12,1052,XAUUSD,buy,in,0.01,2420.85,1053,-0.04,0.00,0.00,1 966.83,
2024.07.31 08:01:18,1053,XAUUSD,sell,out,0.01,2421.05,1054,-0.04,0.00,0.20,1 966.99,sl 2421.05
2024.07.31 08:27:52,1054,XAUUSD,buy,in,0.01,2421.60,1055,-0.04,0.00,0.00,1 966.95,
2024.07.31 08:32:15,1055,XAUUSD,sell,out,0.01,2421.63,1056,-0.04,0.00,0.03,1 966.94,sl 2421.63
2024.07.31 09:26:22,1056,XAUUSD,buy,in,0.01,2422.59,1057,-0.04,0.00,0.00,1 966.90,
2024.07.31 09:27:04,1057,XAUUSD,sell,out,0.01,2422.62,1058,-0.04,0.00,0.03,1 966.89,sl 2422.62
2024.07.31 16:55:36,1058,XAUUSD,buy,in,0.01,2426.87,1059,-0.04,0.00,0.00,1 966.85,
2024.07.31 16:56:01,1059,XAUUSD,sell,out,0.01,2427.05,1060,-0.04,0.00,0.18,1 966.99,sl 2427.07
2024.07.31 21:41:32,1060,XAUUSD,buy,in,0.01,2431.13,1061,-0.04,0.00,0.00,1 966.95,
2024.07.31 21:43:00,1061,XAUUSD,sell,out,0.01,2431.31,1062,-0.04,0.00,0.18,1 967.09,sl 2431.31
2024.07.31 22:05:49,1062,XAUUSD,buy,in,0.01,2434.25,1063,-0.04,0.00,0.00,1 967.05,
2024.07.31 22:06:42,1063,XAUUSD,sell,out,0.01,2434.29,1064,-0.04,0.00,0.04,1 967.05,sl 2434.29
2024.07.31 22:29:55,1064,XAUUSD,buy,in,0.01,2442.10,1065,-0.04,0.00,0.00,1 967.01,
2024.07.31 22:30:26,1065,XAUUSD,sell,out,0.01,2443.06,1066,-0.04,0.00,0.96,1 967.93,sl 2443.07
2024.07.31 22:54:01,1066,XAUUSD,buy,in,0.01,2447.97,1067,-0.04,0.00,0.00,1 967.89,
2024.07.31 22:55:00,1067,XAUUSD,sell,out,0.01,2448.33,1068,-0.04,0.00,0.36,1 968.21,sl 2448.37
2024.07.31 23:18:07,1068,XAUUSD,buy,in,0.01,2448.72,1069,-0.04,0.00,0.00,1 968.17,
2024.07.31 23:20:10,1069,XAUUSD,sell,out,0.01,2448.78,1070,-0.04,0.00,0.06,1 968.19,sl 2448.78
2024.07.31 23:42:11,1070,XAUUSD,buy,in,0.01,2448.30,1071,-0.04,0.00,0.00,1 968.15,
2024.08.01 02:09:33,1071,XAUUSD,sell,in,0.15,2447.27,1072,-0.53,0.00,0.00,1 967.62,
2024.08.01 02:25:49,1072,XAUUSD,buy,out,0.15,2445.40,1073,-0.53,0.00,28.05,1 995.14,sl 2445.40
2024.08.01 03:46:07,1073,XAUUSD,sell,out,0.01,2448.50,1074,-0.04,-1.56,0.20,1 993.74,sl 2448.54
2024.08.02 18:15:12,1074,XAUUSD,sell,in,0.01,2411.18,1075,-0.04,0.00,0.00,1 993.70,
2024.08.02 19:04:20,1075,XAUUSD,buy,in,0.15,2430.18,1076,-0.53,0.00,0.00,1 993.17,
2024.08.02 19:05:28,1076,XAUUSD,sell,out,0.15,2431.89,1077,-0.53,0.00,25.65,2 018.29,sl 2431.91
2024.08.02 19:15:49,1077,XAUUSD,buy,out,0.01,2438.35,1078,-0.04,0.00,-27.17,1 991.08,
2024.08.05 13:57:41,1078,XAUUSD,sell,in,0.01,2409.68,1079,-0.04,0.00,0.00,1 991.04,
2024.08.05 13:59:08,1079,XAUUSD,buy,out,0.01,2409.66,1080,-0.04,0.00,0.02,1 991.02,sl 2409.64
2024.08.05 14:21:47,1080,XAUUSD,sell,in,0.01,2402.60,1081,-0.04,0.00,0.00,1 990.98,
2024.08.05 14:22:32,1081,XAUUSD,buy,out,0.01,2398.46,1082,-0.04,0.00,4.14,1 995.08,sl 2398.42
2024.08.05 14:45:54,1082,XAUUSD,sell,in,0.01,2386.68,1083,-0.04,0.00,0.00,1 995.04,
2024.08.05 14:46:48,1083,XAUUSD,buy,out,0.01,2384.34,1084,-0.04,0.00,2.34,1 997.34,sl 2384.30
2024.08.05 15:10:02,1084,XAUUSD,sell,in,0.01,2390.31,1085,-0.04,0.00,0.00,1 997.30,
2024.08.05 15:11:36,1085,XAUUSD,buy,out,0.01,2390.25,1086,-0.04,0.00,0.06,1 997.32,sl 2390.23
2024.08.05 15:34:08,1086,XAUUSD,sell,in,0.01,2368.70,1087,-0.04,0.00,0.00,1 997.28,
2024.08.05 15:34:37,1087,XAUUSD,buy,out,0.01,2366.84,1088,-0.04,0.00,1.86,1 999.10,sl 2366.84
2024.08.05 15:58:08,1088,XAUUSD,sell,in,0.01,2376.58,1089,-0.04,0.00,0.00,1 999.06,
2024.08.05 15:59:13,1089,XAUUSD,buy,out,0.01,2376.34,1090,-0.04,0.00,0.24,1 999.26,sl 2376.30
2024.08.05 16:22:09,1090,XAUUSD,sell,in,0.01,2386.69,1091,-0.04,0.00,0.00,1 999.22,
2024.08.05 16:23:10,1091,XAUUSD,buy,out,0.01,2385.80,1092,-0.04,0.00,0.89,2 000.07,sl 2385.77
2024.08.05 16:46:12,1092,XAUUSD,sell,in,0.01,2390.96,1093,-0.04,0.00,0.00,2 000.03,
2024.08.05 16:46:40,1093,XAUUSD,buy,out,0.01,2390.94,1094,-0.04,0.00,0.02,2 000.01,sl 2390.93
2024.08.05 17:10:12,1094,XAUUSD,sell,in,0.01,2393.25,1095,-0.04,0.00,0.00,1 999.97,
2024.08.05 17:11:07,1095,XAUUSD,buy,out,0.01,2392.61,1096,-0.04,0.00,0.64,2 000.57,sl 2392.60
2024.08.05 17:34:17,1096,XAUUSD,sell,in,0.01,2390.06,1097,-0.04,0.00,0.00,2 000.53,
2024.08.05 18:23:20,1097,XAUUSD,buy,in,0.15,2410.01,1098,-0.53,0.00,0.00,2 000.00,
2024.08.05 18:24:03,1098,XAUUSD,sell,out,0.15,2410.02,1099,-0.53,0.00,0.15,1 999.62,sl 2410.03
2024.08.06 16:09:41,1099,XAUUSD,buy,out,0.01,2389.92,1100,-0.04,0.45,0.14,2 000.17,sl 2389.91
2024.08.12 16:38:10,1100,XAUUSD,buy,in,0.01,2450.97,1101,-0.04,0.00,0.00,2 000.13,
2024.08.12 16:39:04,1101,XAUUSD,sell,out,0.01,2451.17,1102,-0.04,0.00,0.20,2 000.29,sl 2451.18
2024.08.12 17:02:10,1102,XAUUSD,buy,in,0.01,2453.49,1103,-0.04,0.00,0.00,2 000.25,
2024.08.12 17:02:49,1103,XAUUSD,sell,out,0.01,2453.55,1104,-0.04,0.00,0.06,2 000.27,sl 2453.56
2024.08.12 17:41:30,1104,XAUUSD,buy,in,0.01,2452.24,1105,-0.04,0.00,0.00,2 000.23,
2024.08.12 17:47:42,1105,XAUUSD,sell,out,0.01,2452.33,1106,-0.04,0.00,0.09,2 000.28,sl 2452.33
2024.08.12 18:05:37,1106,XAUUSD,buy,in,0.01,2454.12,1107,-0.04,0.00,0.00,2 000.24,
2024.08.12 18:07:58,1107,XAUUSD,sell,out,0.01,2454.64,1108,-0.04,0.00,0.52,2 000.72,sl 2454.65
2024.08.12 18:29:37,1108,XAUUSD,buy,in,0.01,2456.97,1109,-0.04,0.00,0.00,2 000.68,
2024.08.12 18:30:10,1109,XAUUSD,sell,out,0.01,2457.00,1110,-0.04,0.00,0.03,2 000.67,sl 2457.04
2024.08.12 18:53:42,1110,XAUUSD,buy,in,0.01,2459.10,1111,-0.04,0.00,0.00,2 000.63,
2024.08.12 18:55:28,1111,XAUUSD,sell,out,0.01,2459.51,1112,-0.04,0.00,0.41,2 001.00,sl 2459.51
2024.08.12 19:17:43,1112,XAUUSD,buy,in,0.01,2464.43,1113,-0.04,0.00,0.00,2 000.96,
2024.08.12 19:20:45,1113,XAUUSD,sell,out,0.01,2464.68,1114,-0.04,0.00,0.25,2 001.17,sl 2464.69
2024.08.12 19:41:47,1114,XAUUSD,buy,in,0.01,2463.53,1115,-0.04,0.00,0.00,2 001.13,
2024.08.12 19:49:33,1115,XAUUSD,sell,out,0.01,2464.02,1116,-0.04,0.00,0.49,2 001.58,sl 2464.02
2024.08.12 20:05:47,1116,XAUUSD,buy,in,0.01,2464.73,1117,-0.04,0.00,0.00,2 001.54,
2024.08.12 20:31:58,1117,XAUUSD,sell,out,0.01,2464.90,1118,-0.04,0.00,0.17,2 001.67,sl 2464.90
2024.08.12 20:32:06,1118,XAUUSD,buy,in,0.01,2465.16,1119,-0.04,0.00,0.00,2 001.63,
2024.08.12 20:35:26,1119,XAUUSD,sell,out,0.01,2466.23,1120,-0.04,0.00,1.07,2 002.66,sl 2466.23
2024.08.12 20:56:13,1120,XAUUSD,buy,in,0.01,2466.79,1121,-0.04,0.00,0.00,2 002.62,
2024.08.12 21:00:33,1121,XAUUSD,sell,out,0.01,2466.87,1122,-0.04,0.00,0.08,2 002.66,sl 2466.87
2024.08.12 21:20:16,1122,XAUUSD,buy,in,0.01,2468.37,1123,-0.04,0.00,0.00,2 002.62,
2024.08.12 21:24:50,1123,XAUUSD,sell,out,0.01,2469.51,1124,-0.04,0.00,1.14,2 003.72,sl 2469.55
2024.08.12 21:44:20,1124,XAUUSD,buy,in,0.01,2470.30,1125,-0.04,0.00,0.00,2 003.68,
2024.08.12 21:57:41,1125,XAUUSD,sell,out,0.01,2470.52,1126,-0.04,0.00,0.22,2 003.86,sl 2470.52
2024.08.12 22:08:20,1126,XAUUSD,buy,in,0.01,2470.82,1127,-0.04,0.00,0.00,2 003.82,
2024.08.12 22:13:44,1127,XAUUSD,sell,out,0.01,2470.86,1128,-0.04,0.00,0.04,2 003.82,sl 2470.86
2024.08.12 22:32:24,1128,XAUUSD,buy,in,0.01,2470.78,1129,-0.04,0.00,0.00,2 003.78,
2024.08.12 22:38:43,1129,XAUUSD,sell,out,0.01,2471.66,1130,-0.04,0.00,0.88,2 004.62,sl 2471.69
2024.08.12 22:56:22,1130,XAUUSD,buy,in,0.01,2470.49,1131,-0.04,0.00,0.00,2 004.58,
2024.08.12 22:59:26,1131,XAUUSD,sell,out,0.01,2470.72,1132,-0.04,0.00,0.23,2 004.77,sl 2470.72
2024.08.12 23:20:26,1132,XAUUSD,buy,in,0.01,2471.79,1133,-0.04,0.00,0.00,2 004.73,
2024.08.12 23:34:08,1133,XAUUSD,sell,out,0.01,2471.84,1134,-0.04,0.00,0.05,2 004.74,sl 2471.84
2024.08.12 23:44:27,1134,XAUUSD,buy,in,0.01,2471.81,1135,-0.04,0.00,0.00,2 004.70,
2024.08.12 23:56:10,1135,XAUUSD,sell,out,0.01,2472.74,1136,-0.04,0.00,0.93,2 005.59,
2024.08.13 01:02:07,1136,XAUUSD,buy,in,0.01,2470.58,1137,-0.04,0.00,0.00,2 005.55,
2024.08.13 01:15:53,1137,XAUUSD,sell,out,0.01,2471.47,1138,-0.04,0.00,0.89,2 006.40,sl 2471.47
2024.08.13 01:26:09,1138,XAUUSD,buy,in,0.01,2472.46,1139,-0.04,0.00,0.00,2 006.36,
2024.08.13 01:32:28,1139,XAUUSD,sell,out,0.01,2473.13,1140,-0.04,0.00,0.67,2 006.99,sl 2473.19
2024.08.13 01:50:18,1140,XAUUSD,buy,in,0.01,2473.89,1141,-0.04,0.00,0.00,2 006.95,
2024.08.13 02:23:57,1141,XAUUSD,sell,out,0.01,2474.56,1142,-0.04,0.00,0.67,2 007.58,sl 2474.56
2024.08.13 02:24:03,1142,XAUUSD,buy,in,0.01,2474.59,1143,-0.04,0.00,0.00,2 007.54,
2024.08.13 02:38:31,1143,XAUUSD,sell,out,0.01,2474.81,1144,-0.04,0.00,0.22,2 007.72,sl 2474.81
2024.08.13 02:48:02,1144,XAUUSD,buy,in,0.01,2474.53,1145,-0.04,0.00,0.00,2 007.68,
2024.08.13 03:01:12,1145,XAUUSD,sell,out,0.01,2476.38,1146,-0.04,0.00,1.85,2 009.49,sl 2476.41
2024.08.13 03:12:08,1146,XAUUSD,buy,in,0.01,2476.45,1147,-0.04,0.00,0.00,2 009.45,
2024.08.13 05:39:13,1147,XAUUSD,sell,in,0.15,2465.34,1148,-0.53,0.00,0.00,2 008.92,
2024.08.13 05:41:03,1148,XAUUSD,buy,out,0.15,2465.21,1149,-0.53,0.00,1.95,2 010.34,sl 2465.21
2024.08.14 11:44:58,1149,XAUUSD,sell,out,0.01,2477.58,1150,-0.04,-0.52,1.13,2 010.91,sl 2477.58
2024.08.16 15:54:01,1150,XAUUSD,buy,in,0.01,2485.55,1151,-0.04,0.00,0.00,2 010.87,
2024.08.16 15:54:16,1151,XAUUSD,sell,out,0.01,2485.57,1152,-0.04,0.00,0.02,2 010.85,sl 2485.57
2024.08.16 16:18:09,1152,XAUUSD,buy,in,0.01,2486.66,1153,-0.04,0.00,0.00,2 010.81,
2024.08.16 16:22:42,1153,XAUUSD,sell,out,0.01,2486.68,1154,-0.04,0.00,0.02,2 010.79,sl 2486.69
2024.08.16 16:42:10,1154,XAUUSD,buy,in,0.01,2494.96,1155,-0.04,0.00,0.00,2 010.75,
2024.08.16 16:43:15,1155,XAUUSD,sell,out,0.01,2495.16,1156,-0.04,0.00,0.20,2 010.91,sl 2495.16
2024.08.16 17:06:16,1156,XAUUSD,buy,in,0.01,2486.07,1157,-0.04,0.00,0.00,2 010.87,
2024.08.16 17:07:07,1157,XAUUSD,sell,out,0.01,2486.60,1158,-0.04,0.00,0.53,2 011.36,sl 2486.62
2024.08.16 17:43:49,1158,XAUUSD,buy,in,0.01,2485.34,1159,-0.04,0.00,0.00,2 011.32,
2024.08.16 17:44:37,1159,XAUUSD,sell,out,0.01,2485.39,1160,-0.04,0.00,0.05,2 011.33,sl 2485.39
2024.08.16 18:07:54,1160,XAUUSD,buy,in,0.01,2489.47,1161,-0.04,0.00,0.00,2 011.29,
2024.08.16 18:10:18,1161,XAUUSD,sell,out,0.01,2489.57,1162,-0.04,0.00,0.10,2 011.35,sl 2489.57
2024.08.16 18:36:33,1162,XAUUSD,buy,in,0.01,2486.56,1163,-0.04,0.00,0.00,2 011.31,
2024.08.16 18:39:09,1163,XAUUSD,sell,out,0.01,2486.62,1164,-0.04,0.00,0.06,2 011.33,sl 2486.62
2024.08.16 19:00:38,1164,XAUUSD,buy,in,0.01,2492.09,1165,-0.04,0.00,0.00,2 011.29,
2024.08.16 19:03:20,1165,XAUUSD,sell,out,0.01,2493.12,1166,-0.04,0.00,1.03,2 012.28,sl 2493.12
2024.08.16 19:24:37,1166,XAUUSD,buy,in,0.01,2494.83,1167,-0.04,0.00,0.00,2 012.24,
2024.08.16 19:27:04,1167,XAUUSD,sell,out,0.01,2495.87,1168,-0.04,0.00,1.04,2 013.24,sl 2495.87
2024.08.16 19:48:42,1168,XAUUSD,buy,in,0.01,2497.27,1169,-0.04,0.00,0.00,2 013.20,
2024.08.16 19:55:42,1169,XAUUSD,sell,out,0.01,2497.35,1170,-0.04,0.00,0.08,2 013.24,sl 2497.35
2024.08.16 20:12:49,1170,XAUUSD,buy,in,0.01,2494.22,1171,-0.04,0.00,0.00,2 013.20,
2024.08.16 20:18:40,1171,XAUUSD,sell,out,0.01,2495.24,1172,-0.04,0.00,1.02,2 014.18,sl 2495.26
2024.08.16 20:36:50,1172,XAUUSD,buy,in,0.01,2498.81,1173,-0.04,0.00,0.00,2 014.14,
2024.08.16 20:59:14,1173,XAUUSD,sell,out,0.01,2499.37,1174,-0.04,0.00,0.56,2 014.66,sl 2499.38
2024.08.16 21:01:02,1174,XAUUSD,buy,in,0.01,2499.39,1175,-0.04,0.00,0.00,2 014.62,
2024.08.16 21:03:00,1175,XAUUSD,sell,out,0.01,2499.43,1176,-0.04,0.00,0.04,2 014.62,sl 2499.44
2024.08.16 21:25:03,1176,XAUUSD,buy,in,0.01,2499.72,1177,-0.04,0.00,0.00,2 014.58,
2024.08.16 21:26:09,1177,XAUUSD,sell,out,0.01,2499.81,1178,-0.04,0.00,0.09,2 014.63,sl 2499.82
2024.08.16 21:49:19,1178,XAUUSD,buy,in,0.01,2504.60,1179,-0.04,0.00,0.00,2 014.59,
2024.08.16 21:51:10,1179,XAUUSD,sell,out,0.01,2505.07,1180,-0.04,0.00,0.47,2 015.02,sl 2505.07
2024.08.16 22:13:27,1180,XAUUSD,buy,in,0.01,2503.23,1181,-0.04,0.00,0.00,2 014.98,
2024.08.16 22:16:21,1181,XAUUSD,sell,out,0.01,2503.40,1182,-0.04,0.00,0.17,2 015.11,sl 2503.40
2024.08.16 22:37:31,1182,XAUUSD,buy,in,0.01,2504.99,1183,-0.04,0.00,0.00,2 015.07,
2024.08.16 22:43:31,1183,XAUUSD,sell,out,0.01,2505.30,1184,-0.04,0.00,0.31,2 015.34,sl 2505.30
2024.08.16 23:01:38,1184,XAUUSD,buy,in,0.01,2508.59,1185,-0.04,0.00,0.00,2 015.30,
2024.08.16 23:05:05,1185,XAUUSD,sell,out,0.01,2508.89,1186,-0.04,0.00,0.30,2 015.56,sl 2508.92
2024.08.16 23:25:41,1186,XAUUSD,buy,in,0.01,2507.50,1187,-0.04,0.00,0.00,2 015.52,
2024.08.16 23:26:46,1187,XAUUSD,sell,out,0.01,2507.52,1188,-0.04,0.00,0.02,2 015.50,sl 2507.52
2024.08.16 23:49:41,1188,XAUUSD,buy,in,0.01,2509.03,1189,-0.04,0.00,0.00,2 015.46,
2024.08.20 10:42:11,1189,XAUUSD,sell,out,0.01,2509.32,1190,-0.04,-1.04,0.29,2 014.67,sl 2509.32
2024.08.22 17:14:02,1190,XAUUSD,sell,in,0.01,2476.99,1191,-0.04,0.00,0.00,2 014.63,
2024.08.22 17:14:25,1191,XAUUSD,buy,out,0.01,2476.96,1192,-0.04,0.00,0.03,2 014.62,sl 2476.95
2024.08.22 17:38:04,1192,XAUUSD,sell,in,0.01,2472.55,1193,-0.04,0.00,0.00,2 014.58,
2024.08.22 18:27:11,1193,XAUUSD,buy,in,0.15,2479.21,1194,-0.53,0.00,0.00,2 014.05,
2024.08.22 18:45:00,1194,XAUUSD,sell,out,0.15,2480.48,1195,-0.53,0.00,19.05,2 032.57,sl 2480.53
2024.08.23 11:41:06,1195,XAUUSD,buy,out,0.01,2498.01,1196,-0.04,0.45,-25.46,2 007.52,
2024.09.03 17:20:02,1196,XAUUSD,sell,in,0.01,2474.09,1197,-0.04,0.00,0.00,2 007.48,
2024.09.03 18:09:03,1197,XAUUSD,buy,in,0.15,2480.63,1198,-0.53,0.00,0.00,2 006.95,
2024.09.03 18:11:11,1198,XAUUSD,sell,out,0.15,2481.31,1199,-0.53,0.00,10.20,2 016.62,sl 2481.31
2024.09.04 11:54:58,1199,XAUUSD,buy,out,0.01,2474.11,1200,-0.04,0.45,-0.02,2 017.01,sl 2474.06
2024.09.12 16:10:23,1200,XAUUSD,buy,in,0.01,2542.24,1201,-0.04,0.00,0.00,2 016.97,
2024.09.12 16:37:29,1201,XAUUSD,sell,out,0.01,2542.26,1202,-0.04,0.00,0.02,2 016.95,sl 2542.27
2024.09.12 16:37:36,1202,XAUUSD,buy,in,0.01,2542.01,1203,-0.04,0.00,0.00,2 016.91,
2024.09.12 16:37:51,1203,XAUUSD,sell,out,0.01,2541.94,1204,-0.04,0.00,-0.07,2 016.80,sl 2542.07
2024.09.12 17:01:37,1204,XAUUSD,buy,in,0.01,2546.07,1205,-0.04,0.00,0.00,2 016.76,
2024.09.12 17:02:11,1205,XAUUSD,sell,out,0.01,2547.79,1206,-0.04,0.00,1.72,2 018.44,sl 2547.79
2024.09.12 17:25:45,1206,XAUUSD,buy,in,0.01,2543.75,1207,-0.04,0.00,0.00,2 018.40,
2024.09.12 17:28:48,1207,XAUUSD,sell,out,0.01,2544.31,1208,-0.04,0.00,0.56,2 018.92,sl 2544.31
2024.09.12 17:49:44,1208,XAUUSD,buy,in,0.01,2552.46,1209,-0.04,0.00,0.00,2 018.88,
2024.09.12 17:50:13,1209,XAUUSD,sell,out,0.01,2553.42,1210,-0.04,0.00,0.96,2 019.80,sl 2553.43
2024.09.12 18:13:48,1210,XAUUSD,buy,in,0.01,2551.60,1211,-0.04,0.00,0.00,2 019.76,
2024.09.12 18:22:13,1211,XAUUSD,sell,out,0.01,2552.52,1212,-0.04,0.00,0.92,2 020.64,sl 2552.53
2024.09.12 18:37:51,1212,XAUUSD,buy,in,0.01,2553.60,1213,-0.04,0.00,0.00,2 020.60,
2024.09.12 18:50:43,1213,XAUUSD,sell,out,0.01,2553.64,1214,-0.04,0.00,0.04,2 020.60,sl 2553.64
2024.09.12 19:01:51,1214,XAUUSD,buy,in,0.01,2553.14,1215,-0.04,0.00,0.00,2 020.56,
2024.09.12 19:03:22,1215,XAUUSD,sell,out,0.01,2553.18,1216,-0.04,0.00,0.04,2 020.56,sl 2553.18
2024.09.12 19:25:53,1216,XAUUSD,buy,in,0.01,2546.30,1217,-0.04,0.00,0.00,2 020.52,
2024.09.12 19:34:23,1217,XAUUSD,sell,out,0.01,2546.33,1218,-0.04,0.00,0.03,2 020.51,sl 2546.36
2024.09.12 19:50:02,1218,XAUUSD,buy,in,0.01,2548.43,1219,-0.04,0.00,0.00,2 020.47,
2024.09.12 19:56:39,1219,XAUUSD,sell,out,0.01,2550.83,1220,-0.04,0.00,2.40,2 022.83,sl 2550.83
2024.09.12 20:14:09,1220,XAUUSD,buy,in,0.01,2553.54,1221,-0.04,0.00,0.00,2 022.79,
2024.09.12 20:18:29,1221,XAUUSD,sell,out,0.01,2554.02,1222,-0.04,0.00,0.48,2 023.23,sl 2554.02
2024.09.12 20:38:10,1222,XAUUSD,buy,in,0.01,2552.40,1223,-0.04,0.00,0.00,2 023.19,
2024.09.12 20:40:03,1223,XAUUSD,sell,out,0.01,2552.50,1224,-0.04,0.00,0.10,2 023.25,sl 2552.52
2024.09.12 21:02:15,1224,XAUUSD,buy,in,0.01,2552.83,1225,-0.04,0.00,0.00,2 023.21,
2024.09.12 21:06:25,1225,XAUUSD,sell,out,0.01,2553.22,1226,-0.04,0.00,0.39,2 023.56,sl 2553.24
2024.09.12 21:26:18,1226,XAUUSD,buy,in,0.01,2554.71,1227,-0.04,0.00,0.00,2 023.52,
2024.09.12 21:36:40,1227,XAUUSD,sell,out,0.01,2554.83,1228,-0.04,0.00,0.12,2 023.60,sl 2554.84
2024.09.12 21:50:19,1228,XAUUSD,buy,in,0.01,2556.50,1229,-0.04,0.00,0.00,2 023.56,
2024.09.12 21:56:08,1229,XAUUSD,sell,out,0.01,2557.94,1230,-0.04,0.00,1.44,2 024.96,sl 2557.94
2024.09.12 22:14:18,1230,XAUUSD,buy,in,0.01,2557.58,1231,-0.04,0.00,0.00,2 024.92,
2024.09.12 22:51:11,1231,XAUUSD,sell,out,0.01,2558.39,1232,-0.04,0.00,0.81,2 025.69,sl 2558.39
2024.09.12 22:51:25,1232,XAUUSD,buy,in,0.01,2558.78,1233,-0.04,0.00,0.00,2 025.65,
2024.09.12 23:24:58,1233,XAUUSD,sell,out,0.01,2558.83,1234,-0.04,0.00,0.05,2 025.66,sl 2558.83
2024.09.12 23:24:58,1234,XAUUSD,buy,in,0.01,2558.89,1235,-0.04,0.00,0.00,2 025.62,
2024.09.12 23:29:58,1235,XAUUSD,sell,out,0.01,2559.21,1236,-0.04,0.00,0.32,2 025.90,sl 2559.21
2024.09.12 23:49:04,1236,XAUUSD,buy,in,0.01,2559.57,1237,-0.04,0.00,0.00,2 025.86,
2024.09.13 02:16:09,1237,XAUUSD,sell,in,0.15,2557.77,1238,-0.53,0.00,0.00,2 025.33,
2024.09.13 02:35:00,1238,XAUUSD,buy,out,0.15,2557.49,1239,-0.53,0.00,4.20,2 029.00,sl 2557.46
2024.09.13 03:44:00,1239,XAUUSD,sell,out,0.01,2562.11,1240,-0.04,-0.52,2.54,2 030.98,sl 2562.14
2024.09.18 21:33:58,1240,XAUUSD,buy,in,0.01,2599.83,1241,-0.04,0.00,0.00,2 030.94,
2024.09.18 22:27:54,1241,XAUUSD,sell,out,0.01,2564.87,1242,-0.04,0.00,-34.96,1 995.94,
2024.09.20 09:51:15,1242,XAUUSD,buy,in,0.01,2606.21,1243,-0.04,0.00,0.00,1 995.90,
2024.09.20 09:51:33,1243,XAUUSD,sell,out,0.01,2606.25,1244,-0.04,0.00,0.04,1 995.90,sl 2606.25
2024.09.20 10:15:20,1244,XAUUSD,buy,in,0.01,2607.57,1245,-0.04,0.00,0.00,1 995.86,
2024.09.20 10:16:24,1245,XAUUSD,sell,out,0.01,2607.59,1246,-0.04,0.00,0.02,1 995.84,sl 2607.59
2024.09.20 10:40:02,1246,XAUUSD,buy,in,0.01,2607.38,1247,-0.04,0.00,0.00,1 995.80,
2024.09.20 10:59:17,1247,XAUUSD,sell,out,0.01,2607.56,1248,-0.04,0.00,0.18,1 995.94,sl 2607.59
2024.09.20 11:24:36,1248,XAUUSD,buy,in,0.01,2608.07,1249,-0.04,0.00,0.00,1 995.90,
2024.09.20 11:25:54,1249,XAUUSD,sell,out,0.01,2608.09,1250,-0.04,0.00,0.02,1 995.88,sl 2608.11
2024.09.20 11:48:38,1250,XAUUSD,buy,in,0.01,2611.88,1251,-0.04,0.00,0.00,1 995.84,
2024.09.20 11:50:13,1251,XAUUSD,sell,out,0.01,2612.00,1252,-0.04,0.00,0.12,1 995.92,sl 2612.00
2024.09.20 12:12:38,1252,XAUUSD,buy,in,0.01,2609.88,1253,-0.04,0.00,0.00,1 995.88,
2024.09.20 13:44:31,1253,XAUUSD,sell,out,0.01,2610.19,1254,-0.04,0.00,0.31,1 996.15,sl 2610.19
2024.09.20 13:44:33,1254,XAUUSD,buy,in,0.01,2610.26,1255,-0.04,0.00,0.00,1 996.11,
2024.09.20 13:48:01,1255,XAUUSD,sell,out,0.01,2611.30,1256,-0.04,0.00,1.04,1 997.11,sl 2611.30
2024.09.20 14:08:40,1256,XAUUSD,buy,in,0.01,2613.75,1257,-0.04,0.00,0.00,1 997.07,
2024.09.20 14:10:47,1257,XAUUSD,sell,out,0.01,2614.68,1258,-0.04,0.00,0.93,1 997.96,sl 2614.68
2024.09.20 14:32:43,1258,XAUUSD,buy,in,0.01,2612.89,1259,-0.04,0.00,0.00,1 997.92,
2024.09.20 14:33:11,1259,XAUUSD,sell,out,0.01,2612.89,1260,-0.04,0.00,0.00,1 997.88,sl 2612.91
2024.09.20 14:56:47,1260,XAUUSD,buy,in,0.01,2613.91,1261,-0.04,0.00,0.00,1 997.84,
2024.09.20 14:59:30,1261,XAUUSD,sell,out,0.01,2614.22,1262,-0.04,0.00,0.31,1 998.11,sl 2614.22
2024.09.20 15:20:53,1262,XAUUSD,buy,in,0.01,2617.28,1263,-0.04,0.00,0.00,1 998.07,
2024.09.20 15:23:10,1263,XAUUSD,sell,out,0.01,2617.51,1264,-0.04,0.00,0.23,1 998.26,sl 2617.54
2024.09.20 15:44:58,1264,XAUUSD,buy,in,0.01,2616.88,1265,-0.04,0.00,0.00,1 998.22,
2024.09.20 15:46:03,1265,XAUUSD,sell,out,0.01,2616.91,1266,-0.04,0.00,0.03,1 998.21,sl 2616.91
2024.09.20 16:08:58,1266,XAUUSD,buy,in,0.01,2612.60,1267,-0.04,0.00,0.00,1 998.17,
2024.09.20 16:20:19,1267,XAUUSD,sell,out,0.01,2612.63,1268,-0.04,0.00,0.03,1 998.16,sl 2612.63
2024.09.20 17:29:46,1268,XAUUSD,buy,in,0.01,2613.12,1269,-0.04,0.00,0.00,1 998.12,
2024.09.20 17:30:14,1269,XAUUSD,sell,out,0.01,2613.13,1270,-0.04,0.00,0.01,1 998.09,sl 2613.16
2024.09.20 17:53:51,1270,XAUUSD,buy,in,0.01,2615.17,1271,-0.04,0.00,0.00,1 998.05,
2024.09.20 17:54:21,1271,XAUUSD,sell,out,0.01,2615.76,1272,-0.04,0.00,0.59,1 998.60,sl 2615.77
2024.09.20 18:17:58,1272,XAUUSD,buy,in,0.01,2614.21,1273,-0.04,0.00,0.00,1 998.56,
2024.09.20 18:20:05,1273,XAUUSD,sell,out,0.01,2614.23,1274,-0.04,0.00,0.02,1 998.54,sl 2614.26
2024.09.20 18:42:02,1274,XAUUSD,buy,in,0.01,2620.50,1275,-0.04,0.00,0.00,1 998.50,
2024.09.20 18:42:23,1275,XAUUSD,sell,out,0.01,2621.42,1276,-0.04,0.00,0.92,1 999.38,sl 2621.42
2024.09.20 19:06:04,1276,XAUUSD,buy,in,0.01,2621.90,1277,-0.04,0.00,0.00,1 999.34,
2024.09.20 19:12:00,1277,XAUUSD,sell,out,0.01,2622.36,1278,-0.04,0.00,0.46,1 999.76,sl 2622.36
2024.09.20 19:30:03,1278,XAUUSD,buy,in,0.01,2623.68,1279,-0.04,0.00,0.00,1 999.72,
2024.09.20 19:30:58,1279,XAUUSD,sell,out,0.01,2623.72,1280,-0.04,0.00,0.04,1 999.72,sl 2623.73
2024.09.20 19:54:04,1280,XAUUSD,buy,in,0.01,2624.62,1281,-0.04,0.00,0.00,1 999.68,
2024.09.20 19:55:40,1281,XAUUSD,sell,out,0.01,2625.22,1282,-0.04,0.00,0.60,2 000.24,sl 2625.22
2024.09.20 20:18:10,1282,XAUUSD,buy,in,0.01,2621.65,1283,-0.04,0.00,0.00,2 000.20,
2024.09.20 20:19:37,1283,XAUUSD,sell,out,0.01,2621.85,1284,-0.04,0.00,0.20,2 000.36,sl 2621.86
2024.09.20 20:42:11,1284,XAUUSD,buy,in,0.01,2620.38,1285,-0.04,0.00,0.00,2 000.32,
2024.09.20 20:43:16,1285,XAUUSD,sell,out,0.01,2620.47,1286,-0.04,0.00,0.09,2 000.37,sl 2620.47
2024.09.20 21:06:13,1286,XAUUSD,buy,in,0.01,2618.51,1287,-0.04,0.00,0.00,2 000.33,
2024.09.20 21:15:07,1287,XAUUSD,sell,out,0.01,2620.18,1288,-0.04,0.00,1.67,2 001.96,sl 2620.18
2024.09.20 21:30:29,1288,XAUUSD,buy,in,0.01,2619.48,1289,-0.04,0.00,0.00,2 001.92,
2024.09.20 21:32:02,1289,XAUUSD,sell,out,0.01,2619.72,1290,-0.04,0.00,0.24,2 002.12,sl 2619.72
2024.09.20 21:54:32,1290,XAUUSD,buy,in,0.01,2620.89,1291,-0.04,0.00,0.00,2 002.08,
2024.09.20 21:55:06,1291,XAUUSD,sell,out,0.01,2621.08,1292,-0.04,0.00,0.19,2 002.23,sl 2621.08
2024.09.20 22:18:39,1292,XAUUSD,buy,in,0.01,2622.85,1293,-0.04,0.00,0.00,2 002.19,
2024.09.20 22:32:20,1293,XAUUSD,sell,out,0.01,2622.91,1294,-0.04,0.00,0.06,2 002.21,sl 2622.91
2024.09.20 22:42:41,1294,XAUUSD,buy,in,0.01,2621.86,1295,-0.04,0.00,0.00,2 002.17,
2024.09.20 22:47:11,1295,XAUUSD,sell,out,0.01,2622.22,1296,-0.04,0.00,0.36,2 002.49,sl 2622.22
2024.09.20 23:06:41,1296,XAUUSD,buy,in,0.01,2620.98,1297,-0.04,0.00,0.00,2 002.45,
2024.09.20 23:44:43,1297,XAUUSD,sell,out,0.01,2621.13,1298,-0.04,0.00,0.15,2 002.56,sl 2621.14
2024.09.20 23:44:46,1298,XAUUSD,buy,in,0.01,2621.27,1299,-0.04,0.00,0.00,2 002.52,
2024.09.20 23:49:11,1299,XAUUSD,sell,out,0.01,2621.58,1300,-0.04,0.00,0.31,2 002.79,sl 2621.59
2024.09.23 01:03:03,1300,XAUUSD,buy,in,0.01,2620.48,1301,-0.04,0.00,0.00,2 002.75,
2024.09.23 01:03:31,1301,XAUUSD,sell,out,0.01,2620.80,1302,-0.04,0.00,0.32,2 003.03,sl 2620.81
2024.09.23 01:28:04,1302,XAUUSD,buy,in,0.01,2620.22,1303,-0.04,0.00,0.00,2 002.99,
2024.09.23 01:36:11,1303,XAUUSD,sell,out,0.01,2620.66,1304,-0.04,0.00,0.44,2 003.39,sl 2620.67
2024.09.23 01:52:15,1304,XAUUSD,buy,in,0.01,2620.97,1305,-0.04,0.00,0.00,2 003.35,
2024.09.23 02:19:48,1305,XAUUSD,sell,out,0.01,2621.01,1306,-0.04,0.00,0.04,2 003.35,sl 2621.02
2024.09.23 02:19:52,1306,XAUUSD,buy,in,0.01,2621.09,1307,-0.04,0.00,0.00,2 003.31,
2024.09.23 04:46:58,1307,XAUUSD,sell,in,0.15,2620.47,1308,-0.53,0.00,0.00,2 002.78,
2024.09.23 05:00:41,1308,XAUUSD,buy,out,0.15,2620.44,1309,-0.53,0.00,0.45,2 002.70,sl 2620.44
2024.09.23 05:36:54,1309,XAUUSD,sell,out,0.01,2625.26,1310,-0.04,0.00,4.17,2 006.83,sl 2625.27
2024.09.30 21:26:49,1310,XAUUSD,sell,in,0.01,2625.34,1311,-0.04,0.00,0.00,2 006.79,
2024.09.30 22:15:58,1311,XAUUSD,buy,in,0.15,2627.98,1312,-0.53,0.00,0.00,2 006.26,
2024.09.30 22:20:09,1312,XAUUSD,sell,out,0.15,2628.00,1313,-0.53,0.00,0.30,2 006.03,sl 2628.01
2024.10.01 12:17:04,1313,XAUUSD,buy,out,0.01,2648.19,1314,-0.04,0.45,-22.85,1 983.59,
2024.10.08 18:01:26,1314,XAUUSD,sell,in,0.01,2618.54,1315,-0.04,0.00,0.00,1 983.55,
2024.10.08 18:02:15,1315,XAUUSD,buy,out,0.01,2617.71,1316,-0.04,0.00,0.83,1 984.34,sl 2617.70
2024.10.08 18:25:27,1316,XAUUSD,sell,in,0.01,2611.82,1317,-0.04,0.00,0.00,1 984.30,
2024.10.08 18:26:31,1317,XAUUSD,buy,out,0.01,2611.06,1318,-0.04,0.00,0.76,1 985.02,sl 2611.03
2024.10.08 18:49:33,1318,XAUUSD,sell,in,0.01,2610.82,1319,-0.04,0.00,0.00,1 984.98,
2024.10.08 19:38:35,1319,XAUUSD,buy,in,0.15,2612.31,1320,-0.53,0.00,0.00,1 984.45,
2024.10.08 19:39:52,1320,XAUUSD,sell,out,0.15,2612.87,1321,-0.53,0.00,8.40,1 992.32,sl 2612.87
2024.10.08 19:44:26,1321,XAUUSD,buy,out,0.01,2610.72,1322,-0.04,0.00,0.10,1 992.38,sl 2610.72
2024.10.11 18:30:05,1322,XAUUSD,buy,in,0.01,2658.77,1323,-0.04,0.00,0.00,1 992.34,
2024.10.11 18:42:22,1323,XAUUSD,sell,out,0.01,2658.79,1324,-0.04,0.00,0.02,1 992.32,sl 2658.79
2024.10.11 19:00:03,1324,XAUUSD,buy,in,0.01,2658.74,1325,-0.04,0.00,0.00,1 992.28,
2024.10.11 19:08:02,1325,XAUUSD,sell,out,0.01,2659.42,1326,-0.04,0.00,0.68,1 992.92,sl 2659.46
2024.10.11 19:24:10,1326,XAUUSD,buy,in,0.01,2659.95,1327,-0.04,0.00,0.00,1 992.88,
2024.10.11 19:29:28,1327,XAUUSD,sell,out,0.01,2660.95,1328,-0.04,0.00,1.00,1 993.84,sl 2660.95
2024.10.11 19:50:16,1328,XAUUSD,buy,in,0.01,2659.70,1329,-0.04,0.00,0.00,1 993.80,
2024.10.11 20:00:13,1329,XAUUSD,sell,out,0.01,2660.42,1330,-0.04,0.00,0.72,1 994.48,sl 2660.44
2024.10.18 04:35:29,1330,XAUUSD,buy,in,0.01,2704.43,1331,-0.04,0.00,0.00,1 994.44,
2024.10.18 04:44:03,1331,XAUUSD,sell,out,0.01,2704.50,1332,-0.04,0.00,0.07,1 994.47,sl 2704.52
2024.10.18 04:59:35,1332,XAUUSD,buy,in,0.01,2704.52,1333,-0.04,0.00,0.00,1 994.43,
2024.10.18 05:03:06,1333,XAUUSD,sell,out,0.01,2706.48,1334,-0.04,0.00,1.96,1 996.35,sl 2706.49
2024.10.18 05:23:38,1334,XAUUSD,buy,in,0.01,2708.11,1335,-0.04,0.00,0.00,1 996.31,
2024.10.18 05:25:54,1335,XAUUSD,sell,out,0.01,2709.33,1336,-0.04,0.00,1.22,1 997.49,sl 2709.33
2024.10.18 05:47:44,1336,XAUUSD,buy,in,0.01,2709.32,1337,-0.04,0.00,0.00,1 997.45,
2024.10.18 06:04:58,1337,XAUUSD,sell,out,0.01,2709.65,1338,-0.04,0.00,0.33,1 997.74,sl 2709.65
2024.10.18 06:11:58,1338,XAUUSD,buy,in,0.01,2707.67,1339,-0.04,0.00,0.00,1 997.70,
2024.10.18 06:16:16,1339,XAUUSD,sell,out,0.01,2708.49,1340,-0.04,0.00,0.82,1 998.48,sl 2708.49
2024.10.18 06:35:59,1340,XAUUSD,buy,in,0.01,2708.43,1341,-0.04,0.00,0.00,1 998.44,
2024.10.18 06:48:20,1341,XAUUSD,sell,out,0.01,2709.12,1342,-0.04,0.00,0.69,1 999.09,sl 2709.13
2024.10.18 07:00:07,1342,XAUUSD,buy,in,0.01,2709.95,1343,-0.04,0.00,0.00,1 999.05,
2024.10.18 07:03:23,1343,XAUUSD,sell,out,0.01,2710.36,1344,-0.04,0.00,0.41,1 999.42,sl 2710.38
2024.10.18 07:24:08,1344,XAUUSD,buy,in,0.01,2709.88,1345,-0.04,0.00,0.00,1 999.38,
2024.10.18 07:43:29,1345,XAUUSD,sell,out,0.01,2710.05,1346,-0.04,0.00,0.17,1 999.51,sl 2710.06
2024.10.18 07:48:13,1346,XAUUSD,buy,in,0.01,2709.21,1347,-0.04,0.00,0.00,1 999.47,
2024.10.18 08:02:12,1347,XAUUSD,sell,out,0.01,2710.30,1348,-0.04,0.00,1.09,2 000.52,sl 2710.32
2024.10.18 08:12:12,1348,XAUUSD,buy,in,0.01,2711.70,1349,-0.04,0.00,0.00,2 000.48,
2024.10.18 08:35:04,1349,XAUUSD,sell,out,0.01,2711.85,1350,-0.04,0.00,0.15,2 000.59,sl 2711.88
2024.10.18 08:36:27,1350,XAUUSD,buy,in,0.01,2712.52,1351,-0.04,0.00,0.00,2 000.55,
2024.10.18 08:38:44,1351,XAUUSD,sell,out,0.01,2712.82,1352,-0.04,0.00,0.30,2 000.81,sl 2712.82
2024.10.18 09:00:33,1352,XAUUSD,buy,in,0.01,2711.45,1353,-0.04,0.00,0.00,2 000.77,
2024.10.18 11:27:34,1353,XAUUSD,sell,in,0.15,2703.38,1354,-0.53,0.00,0.00,2 000.24,
2024.10.18 11:30:48,1354,XAUUSD,buy,out,0.15,2703.32,1355,-0.53,0.00,0.90,2 000.61,sl 2703.32
2024.10.18 12:26:09,1355,XAUUSD,sell,out,0.01,2711.94,1356,-0.04,0.00,0.49,2 001.06,sl 2711.96
2024.10.29 17:18:17,1356,XAUUSD,buy,in,0.01,2769.57,1357,-0.04,0.00,0.00,2 001.02,
2024.10.29 17:19:24,1357,XAUUSD,sell,out,0.01,2769.70,1358,-0.04,0.00,0.13,2 001.11,sl 2769.76
2024.10.29 17:42:35,1358,XAUUSD,buy,in,0.01,2769.67,1359,-0.04,0.00,0.00,2 001.07,
2024.10.29 17:43:32,1359,XAUUSD,sell,out,0.01,2769.73,1360,-0.04,0.00,0.06,2 001.09,sl 2769.74
2024.10.29 18:07:08,1360,XAUUSD,buy,in,0.01,2770.11,1361,-0.04,0.00,0.00,2 001.05,
2024.10.29 20:04:05,1361,XAUUSD,sell,out,0.01,2771.94,1362,-0.04,0.00,1.83,2 002.84,sl 2771.94
2024.10.29 20:04:06,1362,XAUUSD,buy,in,0.01,2772.02,1363,-0.04,0.00,0.00,2 002.80,
2024.10.29 20:04:43,1363,XAUUSD,sell,out,0.01,2772.06,1364,-0.04,0.00,0.04,2 002.80,sl 2772.06
2024.10.29 21:26:21,1364,XAUUSD,buy,in,0.01,2772.42,1365,-0.04,0.00,0.00,2 002.76,
2024.10.29 21:32:51,1365,XAUUSD,sell,out,0.01,2772.94,1366,-0.04,0.00,0.52,2 003.24,sl 2772.94
2024.10.29 21:50:22,1366,XAUUSD,buy,in,0.01,2772.62,1367,-0.04,0.00,0.00,2 003.20,
2024.10.29 21:54:23,1367,XAUUSD,sell,out,0.01,2773.01,1368,-0.04,0.00,0.39,2 003.55,sl 2773.01
2024.10.29 22:14:30,1368,XAUUSD,buy,in,0.01,2773.42,1369,-0.04,0.00,0.00,2 003.51,
2024.10.29 23:51:41,1369,XAUUSD,sell,out,0.01,2773.68,1370,-0.04,0.00,0.26,2 003.73,sl 2773.70
2024.10.29 23:54:39,1370,XAUUSD,buy,in,0.01,2774.14,1371,-0.04,0.00,0.00,2 003.69,
2024.10.29 23:56:25,1371,XAUUSD,sell,out,0.01,2774.46,1372,-0.04,0.00,0.32,2 003.97,
2024.10.30 01:26:00,1372,XAUUSD,buy,in,0.01,2775.17,1373,-0.04,0.00,0.00,2 003.93,
2024.10.30 03:07:08,1373,XAUUSD,sell,out,0.01,2776.34,1374,-0.04,0.00,1.17,2 005.06,sl 2776.34
2024.10.30 03:08:06,1374,XAUUSD,buy,in,0.01,2776.63,1375,-0.04,0.00,0.00,2 005.02,
2024.10.30 03:12:10,1375,XAUUSD,sell,out,0.01,2778.23,1376,-0.04,0.00,1.60,2 006.58,sl 2778.24
2024.10.30 03:32:13,1376,XAUUSD,buy,in,0.01,2778.60,1377,-0.04,0.00,0.00,2 006.54,
2024.10.30 03:53:42,1377,XAUUSD,sell,out,0.01,2778.52,1378,-0.04,0.00,-0.08,2 006.42,sl 2778.62
2024.10.30 03:56:18,1378,XAUUSD,buy,in,0.01,2778.73,1379,-0.04,0.00,0.00,2 006.38,
2024.10.30 04:00:41,1379,XAUUSD,sell,out,0.01,2778.98,1380,-0.04,0.00,0.25,2 006.59,sl 2778.98
2024.10.30 04:20:19,1380,XAUUSD,buy,in,0.01,2777.62,1381,-0.04,0.00,0.00,2 006.55,
2024.10.30 04:23:28,1381,XAUUSD,sell,out,0.01,2777.66,1382,-0.04,0.00,0.04,2 006.55,sl 2777.66
2024.10.30 04:44:35,1382,XAUUSD,buy,in,0.01,2780.40,1383,-0.04,0.00,0.00,2 006.51,
2024.10.30 04:49:15,1383,XAUUSD,sell,out,0.01,2780.93,1384,-0.04,0.00,0.53,2 007.00,sl 2780.93
2024.10.30 05:08:43,1384,XAUUSD,buy,in,0.01,2780.86,1385,-0.04,0.00,0.00,2 006.96,
2024.10.30 07:35:48,1385,XAUUSD,sell,in,0.15,2780.09,1386,-0.53,0.00,0.00,2 006.43,
2024.10.30 07:48:52,1386,XAUUSD,buy,out,0.15,2780.05,1387,-0.53,0.00,0.60,2 006.50,sl 2780.05
2024.10.30 08:30:01,1387,XAUUSD,sell,out,0.01,2781.08,1388,-0.04,0.00,0.22,2 006.68,sl 2781.08
2024.10.31 17:39:40,1388,XAUUSD,sell,in,0.01,2743.57,1389,-0.04,0.00,0.00,2 006.64,
2024.10.31 17:40:04,1389,XAUUSD,buy,out,0.01,2743.57,1390,-0.04,0.00,0.00,2 006.60,sl 2743.54
2024.10.31 18:03:48,1390,XAUUSD,sell,in,0.01,2735.55,1391,-0.04,0.00,0.00,2 006.56,
2024.10.31 18:04:57,1391,XAUUSD,buy,out,0.01,2734.02,1392,-0.04,0.00,1.53,2 008.05,sl 2733.98
2024.10.31 18:27:49,1392,XAUUSD,sell,in,0.01,2737.32,1393,-0.04,0.00,0.00,2 008.01,
2024.10.31 18:33:55,1393,XAUUSD,buy,out,0.01,2737.17,1394,-0.04,0.00,0.15,2 008.12,sl 2737.17
2024.10.31 18:51:53,1394,XAUUSD,sell,in,0.01,2736.39,1395,-0.04,0.00,0.00,2 008.08,
2024.10.31 18:54:15,1395,XAUUSD,buy,out,0.01,2736.07,1396,-0.04,0.00,0.32,2 008.36,sl 2736.07
2024.10.31 19:15:52,1396,XAUUSD,sell,in,0.01,2741.02,1397,-0.04,0.00,0.00,2 008.32,
2024.10.31 19:37:50,1397,XAUUSD,buy,out,0.01,2740.39,1398,-0.04,0.00,0.63,2 008.91,sl 2740.38
2024.10.31 19:39:56,1398,XAUUSD,sell,in,0.01,2740.01,1399,-0.04,0.00,0.00,2 008.87,
2024.10.31 19:41:24,1399,XAUUSD,buy,out,0.01,2740.00,1400,-0.04,0.00,0.01,2 008.84,sl 2740.00
2024.10.31 20:27:33,1400,XAUUSD,sell,in,0.01,2740.61,1401,-0.04,0.00,0.00,2 008.80,
2024.10.31 20:29:35,1401,XAUUSD,buy,out,0.01,2739.45,1402,-0.04,0.00,1.16,2 009.92,sl 2739.39
2024.10.31 20:51:37,1402,XAUUSD,sell,in,0.01,2738.70,1403,-0.04,0.00,0.00,2 009.88,
2024.10.31 21:40:45,1403,XAUUSD,buy,in,0.15,2746.89,1404,-0.53,0.00,0.00,2 009.35,
2024.10.31 21:58:36,1404,XAUUSD,sell,out,0.15,2747.52,1405,-0.53,0.00,9.45,2 018.27,sl 2747.52
2024.11.01 16:05:05,1405,XAUUSD,buy,out,0.01,2758.62,1406,-0.04,0.45,-19.92,1 998.76,
2024.11.06 08:32:43,1406,XAUUSD,sell,in,0.01,2716.85,1407,-0.04,0.00,0.00,1 998.72,
2024.11.06 08:33:22,1407,XAUUSD,buy,out,0.01,2714.43,1408,-0.04,0.00,2.42,2 001.10,sl 2714.39
2024.11.06 08:56:49,1408,XAUUSD,sell,in,0.01,2709.88,1409,-0.04,0.00,0.00,2 001.06,
2024.11.06 08:57:24,1409,XAUUSD,buy,out,0.01,2707.96,1410,-0.04,0.00,1.92,2 002.94,sl 2707.87
2024.11.06 13:29:01,1410,XAUUSD,sell,in,0.01,2711.96,1411,-0.04,0.00,0.00,2 002.90,
2024.11.06 13:30:18,1411,XAUUSD,buy,out,0.01,2711.90,1412,-0.04,0.00,0.06,2 002.92,sl 2711.89
2024.11.06 13:53:04,1412,XAUUSD,sell,in,0.01,2704.36,1413,-0.04,0.00,0.00,2 002.88,
2024.11.06 13:53:30,1413,XAUUSD,buy,out,0.01,2703.19,1414,-0.04,0.00,1.17,2 004.01,sl 2703.19
2024.11.06 14:17:04,1414,XAUUSD,sell,in,0.01,2706.95,1415,-0.04,0.00,0.00,2 003.97,
2024.11.06 14:22:02,1415,XAUUSD,buy,out,0.01,2704.53,1416,-0.04,0.00,2.42,2 006.35,sl 2704.51
2024.11.06 14:41:11,1416,XAUUSD,sell,in,0.01,2702.24,1417,-0.04,0.00,0.00,2 006.31,
2024.11.06 14:42:31,1417,XAUUSD,buy,out,0.01,2701.73,1418,-0.04,0.00,0.51,2 006.78,sl 2701.66
2024.11.06 15:05:16,1418,XAUUSD,sell,in,0.01,2687.34,1419,-0.04,0.00,0.00,2 006.74,
2024.11.06 15:05:59,1419,XAUUSD,buy,out,0.01,2685.70,1420,-0.04,0.00,1.64,2 008.34,sl 2685.65
2024.11.06 15:29:18,1420,XAUUSD,sell,in,0.01,2675.94,1421,-0.04,0.00,0.00,2 008.30,
2024.11.06 15:31:30,1421,XAUUSD,buy,out,0.01,2670.28,1422,-0.04,0.00,5.66,2 013.92,sl 2670.27
2024.11.06 15:53:25,1422,XAUUSD,sell,in,0.01,2666.33,1423,-0.04,0.00,0.00,2 013.88,
2024.11.06 15:53:37,1423,XAUUSD,buy,out,0.01,2666.34,1424,-0.04,0.00,-0.01,2 013.83,sl 2666.30
2024.11.06 16:17:33,1424,XAUUSD,sell,in,0.01,2669.32,1425,-0.04,0.00,0.00,2 013.79,
2024.11.06 16:19:09,1425,XAUUSD,buy,out,0.01,2666.42,1426,-0.04,0.00,2.90,2 016.65,sl 2666.41
2024.11.06 16:41:48,1426,XAUUSD,sell,in,0.01,2658.98,1427,-0.04,0.00,0.00,2 016.61,
2024.11.06 16:42:27,1427,XAUUSD,buy,out,0.01,2659.04,1428,-0.04,0.00,-0.06,2 016.51,sl 2658.97
2024.11.06 17:05:48,1428,XAUUSD,sell,in,0.01,2659.13,1429,-0.04,0.00,0.00,2 016.47,
2024.11.06 17:06:05,1429,XAUUSD,buy,out,0.01,2659.06,1430,-0.04,0.00,0.07,2 016.50,sl 2659.06
2024.11.06 17:29:53,1430,XAUUSD,sell,in,0.01,2668.37,1431,-0.04,0.00,0.00,2 016.46,
2024.11.06 17:30:04,1431,XAUUSD,buy,out,0.01,2668.35,1432,-0.04,0.00,0.02,2 016.44,sl 2668.34
2024.11.06 17:53:59,1432,XAUUSD,sell,in,0.01,2673.32,1433,-0.04,0.00,0.00,2 016.40,
2024.11.06 18:06:29,1433,XAUUSD,buy,out,0.01,2672.07,1434,-0.04,0.00,1.25,2 017.61,sl 2672.07
2024.11.06 18:18:14,1434,XAUUSD,sell,in,0.01,2665.58,1435,-0.04,0.00,0.00,2 017.57,
2024.11.06 18:21:01,1435,XAUUSD,buy,out,0.01,2663.74,1436,-0.04,0.00,1.84,2 019.37,sl 2663.73
2024.11.06 18:42:22,1436,XAUUSD,sell,in,0.01,2665.56,1437,-0.04,0.00,0.00,2 019.33,
2024.11.06 19:01:14,1437,XAUUSD,buy,out,0.01,2665.50,1438,-0.04,0.00,0.06,2 019.35,sl 2665.44
2024.11.06 19:06:30,1438,XAUUSD,sell,in,0.01,2666.53,1439,-0.04,0.00,0.00,2 019.31,
2024.11.06 19:32:22,1439,XAUUSD,buy,out,0.01,2665.99,1440,-0.04,0.00,0.54,2 019.81,sl 2665.99
2024.11.06 19:32:26,1440,XAUUSD,sell,in,0.01,2666.08,1441,-0.04,0.00,0.00,2 019.77,
2024.11.06 19:41:18,1441,XAUUSD,buy,out,0.01,2666.07,1442,-0.04,0.00,0.01,2 019.74,sl 2666.06
2024.11.06 19:56:27,1442,XAUUSD,sell,in,0.01,2662.52,1443,-0.04,0.00,0.00,2 019.70,
2024.11.06 20:45:33,1443,XAUUSD,buy,in,0.15,2666.67,1444,-0.53,0.00,0.00,2 019.17,
2024.11.06 21:04:03,1444,XAUUSD,sell,out,0.15,2666.72,1445,-0.53,0.00,0.75,2 019.39,sl 2666.72
2024.11.06 22:32:16,1445,XAUUSD,buy,out,0.01,2662.04,1446,-0.04,0.00,0.48,2 019.83,sl 2662.02
2024.11.11 13:03:38,1446,XAUUSD,sell,in,0.01,2659.40,1447,-0.04,0.00,0.00,2 019.79,
2024.11.11 13:52:47,1447,XAUUSD,buy,in,0.15,2663.41,1448,-0.53,0.00,0.00,2 019.26,
2024.11.11 14:35:09,1448,XAUUSD,buy,out,0.01,2658.42,1449,-0.04,0.00,0.98,2 020.20,sl 2658.41
2024.11.11 15:39:38,1449,XAUUSD,sell,out,0.15,2639.87,1450,-0.53,0.00,-353.10,1 666.57,
2024.11.18 16:38:43,1450,XAUUSD,buy,in,0.01,2609.35,1451,-0.04,0.00,0.00,1 666.53,
2024.11.18 16:40:06,1451,XAUUSD,sell,out,0.01,2609.30,1452,-0.04,0.00,-0.05,1 666.44,sl 2609.38
2024.11.18 17:18:29,1452,XAUUSD,buy,in,0.01,2610.41,1453,-0.04,0.00,0.00,1 666.40,
2024.11.18 17:20:37,1453,XAUUSD,sell,out,0.01,2610.52,1454,-0.04,0.00,0.11,1 666.47,sl 2610.54
2024.11.18 17:42:29,1454,XAUUSD,buy,in,0.01,2611.45,1455,-0.04,0.00,0.00,1 666.43,
2024.11.18 17:58:42,1455,XAUUSD,sell,out,0.01,2612.82,1456,-0.04,0.00,1.37,1 667.76,sl 2612.82
2024.11.18 18:06:36,1456,XAUUSD,buy,in,0.01,2613.54,1457,-0.04,0.00,0.00,1 667.72,
2024.11.18 18:08:02,1457,XAUUSD,sell,out,0.01,2613.70,1458,-0.04,0.00,0.16,1 667.84,sl 2613.70
2024.11.18 18:30:37,1458,XAUUSD,buy,in,0.01,2611.55,1459,-0.04,0.00,0.00,1 667.80,
2024.11.18 18:57:05,1459,XAUUSD,sell,out,0.01,2611.76,1460,-0.04,0.00,0.21,1 667.97,sl 2611.76
2024.11.18 18:57:11,1460,XAUUSD,buy,in,0.01,2612.00,1461,-0.04,0.00,0.00,1 667.93,
2024.11.18 21:10:23,1461,XAUUSD,sell,out,0.01,2612.16,1462,-0.04,0.00,0.16,1 668.05,sl 2612.16
2024.11.19 03:12:49,1462,XAUUSD,buy,in,0.01,2617.43,1463,-0.04,0.00,0.00,1 668.01,
2024.11.19 04:10:29,1463,XAUUSD,sell,out,0.01,2617.55,1464,-0.04,0.00,0.12,1 668.09,sl 2617.57
2024.11.19 04:11:11,1464,XAUUSD,buy,in,0.01,2618.49,1465,-0.04,0.00,0.00,1 668.05,
2024.11.19 04:11:22,1465,XAUUSD,sell,out,0.01,2618.54,1466,-0.04,0.00,0.05,1 668.06,sl 2618.55
2024.11.19 04:35:17,1466,XAUUSD,buy,in,0.01,2621.04,1467,-0.04,0.00,0.00,1 668.02,
2024.11.19 04:39:02,1467,XAUUSD,sell,out,0.01,2622.16,1468,-0.04,0.00,1.12,1 669.10,sl 2622.17
2024.11.19 04:59:23,1468,XAUUSD,buy,in,0.01,2622.66,1469,-0.04,0.00,0.00,1 669.06,
2024.11.19 05:02:28,1469,XAUUSD,sell,out,0.01,2623.13,1470,-0.04,0.00,0.47,1 669.49,sl 2623.13
2024.11.19 05:23:29,1470,XAUUSD,buy,in,0.01,2624.35,1471,-0.04,0.00,0.00,1 669.45,
2024.11.19 05:31:24,1471,XAUUSD,sell,out,0.01,2624.34,1472,-0.04,0.00,-0.01,1 669.40,sl 2624.37
2024.11.19 05:47:35,1472,XAUUSD,buy,in,0.01,2623.61,1473,-0.04,0.00,0.00,1 669.36,
2024.11.19 05:55:09,1473,XAUUSD,sell,out,0.01,2624.03,1474,-0.04,0.00,0.42,1 669.74,sl 2624.04
2024.11.19 06:11:36,1474,XAUUSD,buy,in,0.01,2623.76,1475,-0.04,0.00,0.00,1 669.70,
2024.11.19 06:13:22,1475,XAUUSD,sell,out,0.01,2623.79,1476,-0.04,0.00,0.03,1 669.69,sl 2623.79
2024.11.19 06:35:43,1476,XAUUSD,buy,in,0.01,2622.07,1477,-0.04,0.00,0.00,1 669.65,
2024.11.19 06:45:47,1477,XAUUSD,sell,out,0.01,2623.84,1478,-0.04,0.00,1.77,1 671.38,sl 2623.86
2024.11.19 06:59:58,1478,XAUUSD,buy,in,0.01,2623.03,1479,-0.04,0.00,0.00,1 671.34,
2024.11.19 08:03:43,1479,XAUUSD,sell,out,0.01,2624.15,1480,-0.04,0.00,1.12,1 672.42,sl 2624.20
2024.11.19 08:03:50,1480,XAUUSD,buy,in,0.01,2624.18,1481,-0.04,0.00,0.00,1 672.38,
2024.11.19 08:51:57,1481,XAUUSD,sell,out,0.01,2625.04,1482,-0.04,0.00,0.86,1 673.20,sl 2625.06
2024.11.19 08:51:58,1482,XAUUSD,buy,in,0.01,2625.24,1483,-0.04,0.00,0.00,1 673.16,
2024.11.19 08:54:04,1483,XAUUSD,sell,out,0.01,2625.78,1484,-0.04,0.00,0.54,1 673.66,sl 2625.79
2024.11.19 10:41:53,1484,XAUUSD,buy,in,0.01,2623.86,1485,-0.04,0.00,0.00,1 673.62,
2024.11.19 10:43:00,1485,XAUUSD,sell,out,0.01,2624.54,1486,-0.04,0.00,0.68,1 674.26,sl 2624.57
2024.11.19 11:05:54,1486,XAUUSD,buy,in,0.01,2626.33,1487,-0.04,0.00,0.00,1 674.22,
2024.11.19 11:07:30,1487,XAUUSD,sell,out,0.01,2626.36,1488,-0.04,0.00,0.03,1 674.21,sl 2626.36
2024.11.19 11:29:55,1488,XAUUSD,buy,in,0.01,2630.49,1489,-0.04,0.00,0.00,1 674.17,
2024.11.19 11:31:43,1489,XAUUSD,sell,out,0.01,2631.41,1490,-0.04,0.00,0.92,1 675.05,sl 2631.41
2024.11.19 11:54:03,1490,XAUUSD,buy,in,0.01,2630.35,1491,-0.04,0.00,0.00,1 675.01,
2024.11.19 11:54:57,1491,XAUUSD,sell,out,0.01,2630.37,1492,-0.04,0.00,0.02,1 674.99,sl 2630.38
2024.11.19 12:18:04,1492,XAUUSD,buy,in,0.01,2634.07,1493,-0.04,0.00,0.00,1 674.95,
2024.11.19 12:29:00,1493,XAUUSD,sell,out,0.01,2634.81,1494,-0.04,0.00,0.74,1 675.65,sl 2634.81
2024.11.19 12:42:11,1494,XAUUSD,buy,in,0.01,2634.62,1495,-0.04,0.00,0.00,1 675.61,
2024.11.19 12:44:56,1495,XAUUSD,sell,out,0.01,2635.05,1496,-0.04,0.00,0.43,1 676.00,sl 2635.05
2024.11.19 13:06:19,1496,XAUUSD,buy,in,0.01,2635.32,1497,-0.04,0.00,0.00,1 675.96,
2024.11.19 13:07:38,1497,XAUUSD,sell,out,0.01,2635.34,1498,-0.04,0.00,0.02,1 675.94,sl 2635.37
2024.11.19 13:30:20,1498,XAUUSD,buy,in,0.01,2634.51,1499,-0.04,0.00,0.00,1 675.90,
2024.11.19 13:32:57,1499,XAUUSD,sell,out,0.01,2634.54,1500,-0.04,0.00,0.03,1 675.89,sl 2634.56
2024.11.19 13:54:21,1500,XAUUSD,buy,in,0.01,2631.96,1501,-0.04,0.00,0.00,1 675.85,
2024.11.19 14:18:21,1501,XAUUSD,sell,out,0.01,2632.59,1502,-0.04,0.00,0.63,1 676.44,sl 2632.65
2024.11.19 14:18:23,1502,XAUUSD,buy,in,0.01,2632.85,1503,-0.04,0.00,0.00,1 676.40,
2024.11.19 14:20:53,1503,XAUUSD,sell,out,0.01,2634.61,1504,-0.04,0.00,1.76,1 678.12,sl 2634.73
2024.11.19 14:42:30,1504,XAUUSD,buy,in,0.01,2636.44,1505,-0.04,0.00,0.00,1 678.08,
2024.11.19 14:56:46,1505,XAUUSD,sell,out,0.01,2638.45,1506,-0.04,0.00,2.01,1 680.05,sl 2638.45
2024.11.19 15:06:31,1506,XAUUSD,buy,in,0.01,2638.96,1507,-0.04,0.00,0.00,1 680.01,
2024.11.19 17:33:39,1507,XAUUSD,sell,in,0.15,2624.37,1508,-0.53,0.00,0.00,1 679.48,
2024.11.19 17:36:32,1508,XAUUSD,buy,out,0.15,2621.77,1509,-0.53,0.00,39.00,1 717.95,sl 2621.74
2024.11.20 03:01:55,1509,XAUUSD,sell,out,0.01,2640.88,1510,-0.04,-0.52,1.92,1 719.31,sl 2640.89
2024.11.25 16:20:24,1510,XAUUSD,sell,in,0.01,2648.18,1511,-0.04,0.00,0.00,1 719.27,
2024.11.25 16:20:48,1511,XAUUSD,buy,out,0.01,2645.62,1512,-0.04,0.00,2.56,1 721.79,sl 2645.60
2024.11.25 16:44:24,1512,XAUUSD,sell,in,0.01,2636.09,1513,-0.04,0.00,0.00,1 721.75,
2024.11.25 16:44:56,1513,XAUUSD,buy,out,0.01,2634.61,1514,-0.04,0.00,1.48,1 723.19,sl 2634.59
2024.11.25 17:08:25,1514,XAUUSD,sell,in,0.01,2634.28,1515,-0.04,0.00,0.00,1 723.15,
2024.11.25 17:08:38,1515,XAUUSD,buy,out,0.01,2634.02,1516,-0.04,0.00,0.26,1 723.37,sl 2634.02
2024.11.25 17:32:32,1516,XAUUSD,sell,in,0.01,2635.92,1517,-0.04,0.00,0.00,1 723.33,
2024.11.25 17:33:25,1517,XAUUSD,buy,out,0.01,2635.33,1518,-0.04,0.00,0.59,1 723.88,sl 2635.32
2024.11.25 17:56:35,1518,XAUUSD,sell,in,0.01,2628.91,1519,-0.04,0.00,0.00,1 723.84,
2024.11.25 17:57:51,1519,XAUUSD,buy,out,0.01,2627.18,1520,-0.04,0.00,1.73,1 725.53,sl 2627.18
2024.11.25 18:20:39,1520,XAUUSD,sell,in,0.01,2632.79,1521,-0.04,0.00,0.00,1 725.49,
2024.11.25 18:21:59,1521,XAUUSD,buy,out,0.01,2632.49,1522,-0.04,0.00,0.30,1 725.75,sl 2632.47
2024.11.25 18:44:42,1522,XAUUSD,sell,in,0.01,2634.98,1523,-0.04,0.00,0.00,1 725.71,
2024.11.25 18:45:37,1523,XAUUSD,buy,out,0.01,2634.89,1524,-0.04,0.00,0.09,1 725.76,sl 2634.89
2024.11.25 19:08:58,1524,XAUUSD,sell,in,0.01,2633.52,1525,-0.04,0.00,0.00,1 725.72,
2024.11.25 19:13:27,1525,XAUUSD,buy,out,0.01,2631.23,1526,-0.04,0.00,2.29,1 727.97,sl 2631.21
2024.11.25 19:33:05,1526,XAUUSD,sell,in,0.01,2626.29,1527,-0.04,0.00,0.00,1 727.93,
2024.11.25 20:10:27,1527,XAUUSD,buy,out,0.01,2624.29,1528,-0.04,0.00,2.00,1 729.89,sl 2624.28
2024.11.25 20:10:30,1528,XAUUSD,sell,in,0.01,2624.41,1529,-0.04,0.00,0.00,1 729.85,
2024.11.25 20:15:03,1529,XAUUSD,buy,out,0.01,2623.70,1530,-0.04,0.00,0.71,1 730.52,sl 2623.70
2024.11.25 20:34:36,1530,XAUUSD,sell,in,0.01,2621.13,1531,-0.04,0.00,0.00,1 730.48,
2024.11.25 20:36:31,1531,XAUUSD,buy,out,0.01,2620.32,1532,-0.04,0.00,0.81,1 731.25,sl 2620.30
2024.11.25 20:58:44,1532,XAUUSD,sell,in,0.01,2619.14,1533,-0.04,0.00,0.00,1 731.21,
2024.11.25 21:00:45,1533,XAUUSD,buy,out,0.01,2619.10,1534,-0.04,0.00,0.04,1 731.21,sl 2619.09
2024.11.25 21:22:49,1534,XAUUSD,sell,in,0.01,2623.00,1535,-0.04,0.00,0.00,1 731.17,
2024.11.25 21:26:57,1535,XAUUSD,buy,out,0.01,2622.59,1536,-0.04,0.00,0.41,1 731.54,sl 2622.58
2024.11.25 21:46:53,1536,XAUUSD,sell,in,0.01,2625.67,1537,-0.04,0.00,0.00,1 731.50,
2024.11.25 21:50:42,1537,XAUUSD,buy,out,0.01,2624.90,1538,-0.04,0.00,0.77,1 732.23,sl 2624.89
2024.11.25 22:10:53,1538,XAUUSD,sell,in,0.01,2625.51,1539,-0.04,0.00,0.00,1 732.19,
2024.11.25 23:00:00,1539,XAUUSD,buy,in,0.15,2626.13,1540,-0.53,0.00,0.00,1 731.66,
2024.11.25 23:01:04,1540,XAUUSD,sell,out,0.15,2626.08,1541,-0.53,0.00,-0.75,1 730.38,sl 2626.15
2024.11.25 23:57:12,1541,XAUUSD,buy,out,0.01,2625.60,1542,-0.04,0.00,-0.09,1 730.25,
2024.12.06 03:10:42,1542,XAUUSD,sell,in,0.01,2614.86,1543,-0.04,0.00,0.00,1 730.21,
2024.12.06 03:11:28,1543,XAUUSD,buy,out,0.01,2614.83,1544,-0.04,0.00,0.03,1 730.20,sl 2614.83
2024.12.09 16:32:18,1544,XAUUSD,buy,in,0.01,2670.56,1545,-0.04,0.00,0.00,1 730.16,
2024.12.09 16:42:02,1545,XAUUSD,sell,out,0.01,2670.59,1546,-0.04,0.00,0.03,1 730.15,sl 2670.59
2024.12.09 16:56:23,1546,XAUUSD,buy,in,0.01,2673.03,1547,-0.04,0.00,0.00,1 730.11,
2024.12.09 16:58:34,1547,XAUUSD,sell,out,0.01,2674.59,1548,-0.04,0.00,1.56,1 731.63,sl 2674.60
2024.12.09 17:20:26,1548,XAUUSD,buy,in,0.01,2675.33,1549,-0.04,0.00,0.00,1 731.59,
2024.12.09 19:47:30,1549,XAUUSD,sell,in,0.15,2664.24,1550,-0.53,0.00,0.00,1 731.06,
2024.12.09 20:01:10,1550,XAUUSD,buy,out,0.15,2664.23,1551,-0.53,0.00,0.15,1 730.68,sl 2664.23
2024.12.10 12:52:37,1551,XAUUSD,sell,out,0.01,2675.50,1552,-0.04,-0.52,0.17,1 730.29,sl 2675.66
2024.12.13 15:51:57,1552,XAUUSD,sell,in,0.01,2659.91,1553,-0.04,0.00,0.00,1 730.25,
2024.12.13 16:18:02,1553,XAUUSD,buy,out,0.01,2659.90,1554,-0.04,0.00,0.01,1 730.22,sl 2659.90
2024.12.13 16:25:29,1554,XAUUSD,sell,in,0.01,2659.58,1555,-0.04,0.00,0.00,1 730.18,
2024.12.13 16:36:46,1555,XAUUSD,buy,out,0.01,2658.68,1556,-0.04,0.00,0.90,1 731.04,sl 2658.61
2024.12.13 16:49:49,1556,XAUUSD,sell,in,0.01,2659.11,1557,-0.04,0.00,0.00,1 731.00,
2024.12.13 16:50:48,1557,XAUUSD,buy,out,0.01,2658.98,1558,-0.04,0.00,0.13,1 731.09,sl 2658.92
2024.12.13 17:13:49,1558,XAUUSD,sell,in,0.01,2657.84,1559,-0.04,0.00,0.00,1 731.05,
2024.12.13 17:15:19,1559,XAUUSD,buy,out,0.01,2657.83,1560,-0.04,0.00,0.01,1 731.02,sl 2657.82
2024.12.13 19:46:04,1560,XAUUSD,sell,in,0.01,2656.75,1561,-0.04,0.00,0.00,1 730.98,
2024.12.13 19:51:01,1561,XAUUSD,buy,out,0.01,2656.68,1562,-0.04,0.00,0.07,1 731.01,sl 2656.66
2024.12.13 20:10:04,1562,XAUUSD,sell,in,0.01,2655.71,1563,-0.04,0.00,0.00,1 730.97,
2024.12.13 20:18:55,1563,XAUUSD,buy,out,0.01,2655.20,1564,-0.04,0.00,0.51,1 731.44,sl 2655.20
2024.12.13 20:34:13,1564,XAUUSD,sell,in,0.01,2655.10,1565,-0.04,0.00,0.00,1 731.40,
2024.12.13 20:42:03,1565,XAUUSD,buy,out,0.01,2653.88,1566,-0.04,0.00,1.22,1 732.58,sl 2653.84
2024.12.13 20:58:17,1566,XAUUSD,sell,in,0.01,2653.79,1567,-0.04,0.00,0.00,1 732.54,
2024.12.13 21:29:01,1567,XAUUSD,buy,out,0.01,2653.18,1568,-0.04,0.00,0.61,1 733.11,sl 2653.18
2024.12.13 21:29:01,1568,XAUUSD,sell,in,0.01,2653.06,1569,-0.04,0.00,0.00,1 733.07,
2024.12.13 21:30:47,1569,XAUUSD,buy,out,0.01,2653.02,1570,-0.04,0.00,0.04,1 733.07,sl 2653.02
2024.12.13 21:53:13,1570,XAUUSD,sell,in,0.01,2652.68,1571,-0.04,0.00,0.00,1 733.03,
2024.12.13 22:01:29,1571,XAUUSD,buy,out,0.01,2652.56,1572,-0.04,0.00,0.12,1 733.11,sl 2652.56
2024.12.13 22:17:16,1572,XAUUSD,sell,in,0.01,2651.15,1573,-0.04,0.00,0.00,1 733.07,
2024.12.13 22:20:52,1573,XAUUSD,buy,out,0.01,2650.93,1574,-0.04,0.00,0.22,1 733.25,sl 2650.93
2024.12.13 22:41:33,1574,XAUUSD,sell,in,0.01,2649.47,1575,-0.04,0.00,0.00,1 733.21,
2024.12.13 22:47:17,1575,XAUUSD,buy,out,0.01,2649.39,1576,-0.04,0.00,0.08,1 733.25,sl 2649.39
2024.12.13 23:05:41,1576,XAUUSD,sell,in,0.01,2648.13,1577,-0.04,0.00,0.00,1 733.21,
2024.12.13 23:11:06,1577,XAUUSD,buy,out,0.01,2647.12,1578,-0.04,0.00,1.01,1 734.18,sl 2647.12
2024.12.13 23:29:42,1578,XAUUSD,sell,in,0.01,2649.33,1579,-0.04,0.00,0.00,1 734.14,
2024.12.13 23:31:34,1579,XAUUSD,buy,out,0.01,2648.98,1580,-0.04,0.00,0.35,1 734.45,sl 2648.95
2024.12.13 23:53:51,1580,XAUUSD,sell,in,0.01,2648.75,1581,-0.04,0.00,0.00,1 734.41,
2024.12.16 02:48:01,1581,XAUUSD,buy,out,0.01,2648.07,1582,-0.04,0.45,0.68,1 735.50,sl 2648.07
2025.01.02 17:34:26,1582,XAUUSD,buy,in,0.01,2652.92,1583,-0.04,0.00,0.00,1 735.46,
2025.01.02 17:38:27,1583,XAUUSD,sell,out,0.01,2653.09,1584,-0.04,0.00,0.17,1 735.59,sl 2653.14
2025.01.02 17:58:39,1584,XAUUSD,buy,in,0.01,2654.47,1585,-0.04,0.00,0.00,1 735.55,
2025.01.02 18:20:36,1585,XAUUSD,sell,out,0.01,2656.51,1586,-0.04,0.00,2.04,1 737.55,sl 2656.52
2025.01.02 18:22:55,1586,XAUUSD,buy,in,0.01,2657.19,1587,-0.04,0.00,0.00,1 737.51,
2025.01.02 18:25:14,1587,XAUUSD,sell,out,0.01,2657.20,1588,-0.04,0.00,0.01,1 737.48,sl 2657.23
2025.01.02 18:47:01,1588,XAUUSD,buy,in,0.01,2658.83,1589,-0.04,0.00,0.00,1 737.44,
2025.01.02 18:48:00,1589,XAUUSD,sell,out,0.01,2658.84,1590,-0.04,0.00,0.01,1 737.41,sl 2658.85
2025.01.02 19:11:00,1590,XAUUSD,buy,in,0.01,2658.31,1591,-0.04,0.00,0.00,1 737.37,
2025.01.02 19:12:45,1591,XAUUSD,sell,out,0.01,2658.88,1592,-0.04,0.00,0.57,1 737.90,sl 2658.93
2025.01.02 19:52:21,1592,XAUUSD,buy,in,0.01,2654.83,1593,-0.04,0.00,0.00,1 737.86,
2025.01.02 20:00:50,1593,XAUUSD,sell,out,0.01,2656.73,1594,-0.04,0.00,1.90,1 739.72,sl 2656.74
2025.01.02 20:16:26,1594,XAUUSD,buy,in,0.01,2657.46,1595,-0.04,0.00,0.00,1 739.68,
2025.01.02 20:18:45,1595,XAUUSD,sell,out,0.01,2657.54,1596,-0.04,0.00,0.08,1 739.72,sl 2657.56
2025.01.02 20:42:17,1596,XAUUSD,buy,in,0.01,2655.66,1597,-0.04,0.00,0.00,1 739.68,
2025.01.02 20:45:45,1597,XAUUSD,sell,out,0.01,2655.69,1598,-0.04,0.00,0.03,1 739.67,sl 2655.70
2025.01.02 21:36:03,1598,XAUUSD,buy,in,0.01,2656.20,1599,-0.04,0.00,0.00,1 739.63,
2025.01.02 21:39:07,1599,XAUUSD,sell,out,0.01,2656.60,1600,-0.04,0.00,0.40,1 739.99,sl 2656.61
2025.01.02 22:13:05,1600,XAUUSD,buy,in,0.01,2657.26,1601,-0.04,0.00,0.00,1 739.95,
2025.01.02 22:25:30,1601,XAUUSD,sell,out,0.01,2658.98,1602,-0.04,0.00,1.72,1 741.63,sl 2658.98
2025.01.02 22:37:12,1602,XAUUSD,buy,in,0.01,2659.28,1603,-0.04,0.00,0.00,1 741.59,
2025.01.02 22:44:35,1603,XAUUSD,sell,out,0.01,2659.40,1604,-0.04,0.00,0.12,1 741.67,sl 2659.46
2025.01.02 23:01:20,1604,XAUUSD,buy,in,0.01,2660.00,1605,-0.04,0.00,0.00,1 741.63,
2025.01.03 01:28:24,1605,XAUUSD,sell,in,0.15,2658.72,1606,-0.53,0.00,0.00,1 741.10,
2025.01.03 01:51:39,1606,XAUUSD,buy,out,0.15,2658.53,1607,-0.53,0.00,2.85,1 743.42,sl 2658.53
2025.01.03 02:09:19,1607,XAUUSD,sell,out,0.01,2660.60,1608,-0.04,-0.52,0.60,1 743.46,sl 2660.60
2025.01.10 16:34:04,1608,XAUUSD,buy,in,0.01,2692.67,1609,-0.04,0.00,0.00,1 743.42,
2025.01.10 16:35:21,1609,XAUUSD,sell,out,0.01,2692.68,1610,-0.04,0.00,0.01,1 743.39,sl 2692.69
2025.01.10 17:23:34,1610,XAUUSD,buy,in,0.01,2693.52,1611,-0.04,0.00,0.00,1 743.35,
2025.01.10 17:26:06,1611,XAUUSD,sell,out,0.01,2694.26,1612,-0.04,0.00,0.74,1 744.05,sl 2694.28
2025.01.10 17:47:40,1612,XAUUSD,buy,in,0.01,2693.86,1613,-0.04,0.00,0.00,1 744.01,
2025.01.10 17:51:06,1613,XAUUSD,sell,out,0.01,2693.94,1614,-0.04,0.00,0.08,1 744.05,sl 2693.95
2025.01.10 18:46:17,1614,XAUUSD,buy,in,0.01,2694.45,1615,-0.04,0.00,0.00,1 744.01,
2025.01.10 18:51:14,1615,XAUUSD,sell,out,0.01,2694.49,1616,-0.04,0.00,0.04,1 744.01,sl 2694.51
2025.01.10 19:14:42,1616,XAUUSD,buy,in,0.01,2695.57,1617,-0.04,0.00,0.00,1 743.97,
2025.01.10 19:15:44,1617,XAUUSD,sell,out,0.01,2696.37,1618,-0.04,0.00,0.80,1 744.73,sl 2696.42
2025.01.10 19:38:47,1618,XAUUSD,buy,in,0.01,2697.34,1619,-0.04,0.00,0.00,1 744.69,
2025.01.10 22:05:53,1619,XAUUSD,sell,in,0.15,2685.68,1620,-0.53,0.00,0.00,1 744.16,
2025.01.13 03:07:25,1620,XAUUSD,buy,out,0.15,2685.77,1621,-0.53,6.72,-1.35,1 749.00,sl 2685.66
2025.01.13 13:59:21,1621,XAUUSD,sell,out,0.01,2675.64,1622,-0.04,-0.52,-21.70,1 726.74,
2025.01.16 15:30:18,1622,XAUUSD,buy,in,0.01,2714.14,1623,-0.04,0.00,0.00,1 726.70,
2025.01.16 15:44:19,1623,XAUUSD,sell,out,0.01,2714.49,1624,-0.04,0.00,0.35,1 727.01,sl 2714.50
2025.01.16 15:54:26,1624,XAUUSD,buy,in,0.01,2718.08,1625,-0.04,0.00,0.00,1 726.97,
2025.01.16 16:56:11,1625,XAUUSD,sell,out,0.01,2718.52,1626,-0.04,0.00,0.44,1 727.37,sl 2718.54
2025.01.16 16:56:17,1626,XAUUSD,buy,in,0.01,2718.82,1627,-0.04,0.00,0.00,1 727.33,
2025.01.16 17:31:20,1627,XAUUSD,sell,out,0.01,2718.94,1628,-0.04,0.00,0.12,1 727.41,sl 2718.94
2025.01.16 17:31:26,1628,XAUUSD,buy,in,0.01,2718.68,1629,-0.04,0.00,0.00,1 727.37,
2025.01.16 17:36:07,1629,XAUUSD,sell,out,0.01,2718.98,1630,-0.04,0.00,0.30,1 727.63,sl 2718.98
2025.01.16 17:57:48,1630,XAUUSD,buy,in,0.01,2715.86,1631,-0.04,0.00,0.00,1 727.59,
2025.01.16 18:00:15,1631,XAUUSD,sell,out,0.01,2716.56,1632,-0.04,0.00,0.70,1 728.25,sl 2716.67
2025.01.16 18:21:53,1632,XAUUSD,buy,in,0.01,2719.46,1633,-0.04,0.00,0.00,1 728.21,
2025.01.16 18:34:37,1633,XAUUSD,sell,out,0.01,2719.98,1634,-0.04,0.00,0.52,1 728.69,sl 2720.00
2025.01.16 18:45:52,1634,XAUUSD,buy,in,0.01,2720.29,1635,-0.04,0.00,0.00,1 728.65,
2025.01.16 18:55:12,1635,XAUUSD,sell,out,0.01,2721.98,1636,-0.04,0.00,1.69,1 730.30,sl 2721.99
2025.01.16 19:09:54,1636,XAUUSD,buy,in,0.01,2721.52,1637,-0.04,0.00,0.00,1 730.26,
2025.01.16 19:12:05,1637,XAUUSD,sell,out,0.01,2721.71,1638,-0.04,0.00,0.19,1 730.41,sl 2721.73
2025.01.16 19:34:06,1638,XAUUSD,buy,in,0.01,2722.84,1639,-0.04,0.00,0.00,1 730.37,
2025.01.16 19:37:34,1639,XAUUSD,sell,out,0.01,2724.02,1640,-0.04,0.00,1.18,1 731.51,sl 2724.03
2025.01.16 19:58:11,1640,XAUUSD,buy,in,0.01,2722.26,1641,-0.04,0.00,0.00,1 731.47,
2025.01.16 20:06:10,1641,XAUUSD,sell,out,0.01,2722.58,1642,-0.04,0.00,0.32,1 731.75,sl 2722.58
2025.01.16 20:22:10,1642,XAUUSD,buy,in,0.01,2720.04,1643,-0.04,0.00,0.00,1 731.71,
2025.01.16 22:49:16,1643,XAUUSD,sell,in,0.15,2716.52,1644,-0.53,0.00,0.00,1 731.18,
2025.01.16 22:56:00,1644,XAUUSD,buy,out,0.15,2716.36,1645,-0.53,0.00,2.40,1 733.05,sl 2716.36
2025.01.17 22:01:42,1645,XAUUSD,sell,out,0.01,2701.84,1646,-0.04,-0.52,-18.20,1 714.29,
2025.01.21 16:59:37,1646,XAUUSD,buy,in,0.01,2738.56,1647,-0.04,0.00,0.00,1 714.25,
2025.01.21 17:01:42,1647,XAUUSD,sell,out,0.01,2738.85,1648,-0.04,0.00,0.29,1 714.50,sl 2738.87
2025.01.21 17:53:54,1648,XAUUSD,buy,in,0.01,2739.87,1649,-0.04,0.00,0.00,1 714.46,
2025.01.21 17:56:17,1649,XAUUSD,sell,out,0.01,2739.89,1650,-0.04,0.00,0.02,1 714.44,sl 2739.90
2025.01.21 18:18:00,1650,XAUUSD,buy,in,0.01,2741.50,1651,-0.04,0.00,0.00,1 714.40,
2025.01.21 18:19:37,1651,XAUUSD,sell,out,0.01,2742.47,1652,-0.04,0.00,0.97,1 715.33,sl 2742.49
2025.01.21 18:42:01,1652,XAUUSD,buy,in,0.01,2740.73,1653,-0.04,0.00,0.00,1 715.29,
2025.01.21 18:45:24,1653,XAUUSD,sell,out,0.01,2740.89,1654,-0.04,0.00,0.16,1 715.41,sl 2740.89
2025.01.21 19:06:03,1654,XAUUSD,buy,in,0.01,2744.54,1655,-0.04,0.00,0.00,1 715.37,
2025.01.21 19:09:04,1655,XAUUSD,sell,out,0.01,2744.80,1656,-0.04,0.00,0.26,1 715.59,sl 2744.93
2025.01.21 19:30:11,1656,XAUUSD,buy,in,0.01,2744.44,1657,-0.04,0.00,0.00,1 715.55,
2025.01.21 20:39:38,1657,XAUUSD,sell,out,0.01,2745.05,1658,-0.04,0.00,0.61,1 716.12,sl 2745.05
2025.01.21 20:39:38,1658,XAUUSD,buy,in,0.01,2745.18,1659,-0.04,0.00,0.00,1 716.08,
2025.01.21 20:42:48,1659,XAUUSD,sell,out,0.01,2745.22,1660,-0.04,0.00,0.04,1 716.08,sl 2745.37
2025.01.21 21:03:41,1660,XAUUSD,buy,in,0.01,2743.78,1661,-0.04,0.00,0.00,1 716.04,
2025.01.21 21:09:56,1661,XAUUSD,sell,out,0.01,2744.81,1662,-0.04,0.00,1.03,1 717.03,sl 2744.81
2025.01.21 21:35:30,1662,XAUUSD,buy,in,0.01,2742.96,1663,-0.04,0.00,0.00,1 716.99,
2025.01.21 23:35:09,1663,XAUUSD,sell,out,0.01,2743.09,1664,-0.04,0.00,0.13,1 717.08,sl 2743.09
2025.01.21 23:48:50,1664,XAUUSD,buy,in,0.01,2744.99,1665,-0.04,0.00,0.00,1 717.04,
2025.01.21 23:53:04,1665,XAUUSD,sell,out,0.01,2745.09,1666,-0.04,0.00,0.10,1 717.10,sl 2745.10
2025.01.22 02:45:58,1666,XAUUSD,buy,in,0.01,2746.41,1667,-0.04,0.00,0.00,1 717.06,
2025.01.22 02:46:50,1667,XAUUSD,sell,out,0.01,2747.00,1668,-0.04,0.00,0.59,1 717.61,sl 2747.05
2025.01.22 03:10:07,1668,XAUUSD,buy,in,0.01,2748.93,1669,-0.04,0.00,0.00,1 717.57,
2025.01.22 03:11:01,1669,XAUUSD,sell,out,0.01,2748.96,1670,-0.04,0.00,0.03,1 717.56,sl 2748.96
2025.01.22 03:34:11,1670,XAUUSD,buy,in,0.01,2749.18,1671,-0.04,0.00,0.00,1 717.52,
2025.01.22 05:30:06,1671,XAUUSD,sell,out,0.01,2749.20,1672,-0.04,0.00,0.02,1 717.50,sl 2749.20
2025.01.22 05:30:10,1672,XAUUSD,buy,in,0.01,2749.11,1673,-0.04,0.00,0.00,1 717.46,
2025.01.22 05:34:16,1673,XAUUSD,sell,out,0.01,2749.47,1674,-0.04,0.00,0.36,1 717.78,sl 2749.49
2025.01.22 05:54:10,1674,XAUUSD,buy,in,0.01,2749.51,1675,-0.04,0.00,0.00,1 717.74,
2025.01.22 06:01:43,1675,XAUUSD,sell,out,0.01,2749.90,1676,-0.04,0.00,0.39,1 718.09,sl 2749.93
2025.01.22 06:18:20,1676,XAUUSD,buy,in,0.01,2751.44,1677,-0.04,0.00,0.00,1 718.05,
2025.01.22 06:31:20,1677,XAUUSD,sell,out,0.01,2751.54,1678,-0.04,0.00,0.10,1 718.11,sl 2751.54
2025.01.22 06:42:30,1678,XAUUSD,buy,in,0.01,2751.94,1679,-0.04,0.00,0.00,1 718.07,
2025.01.22 06:55:07,1679,XAUUSD,sell,out,0.01,2752.41,1680,-0.04,0.00,0.47,1 718.50,sl 2752.42
2025.01.22 07:06:43,1680,XAUUSD,buy,in,0.01,2752.07,1681,-0.04,0.00,0.00,1 718.46,
2025.01.22 07:25:24,1681,XAUUSD,sell,out,0.01,2752.33,1682,-0.04,0.00,0.26,1 718.68,sl 2752.33
2025.01.22 07:30:50,1682,XAUUSD,buy,in,0.01,2753.21,1683,-0.04,0.00,0.00,1 718.64,
2025.01.22 07:31:35,1683,XAUUSD,sell,out,0.01,2753.27,1684,-0.04,0.00,0.06,1 718.66,sl 2753.27
2025.01.22 07:54:57,1684,XAUUSD,buy,in,0.01,2757.68,1685,-0.04,0.00,0.00,1 718.62,
2025.01.22 07:55:26,1685,XAUUSD,sell,out,0.01,2757.78,1686,-0.04,0.00,0.10,1 718.68,sl 2757.85
2025.01.22 09:48:50,1686,XAUUSD,buy,in,0.01,2752.72,1687,-0.04,0.00,0.00,1 718.64,
2025.01.22 09:50:36,1687,XAUUSD,sell,out,0.01,2753.20,1688,-0.04,0.00,0.48,1 719.08,sl 2753.25
2025.01.22 10:39:01,1688,XAUUSD,buy,in,0.01,2753.41,1689,-0.04,0.00,0.00,1 719.04,
2025.01.22 11:00:23,1689,XAUUSD,sell,out,0.01,2753.42,1690,-0.04,0.00,0.01,1 719.01,sl 2753.43
2025.01.22 11:03:19,1690,XAUUSD,buy,in,0.01,2753.90,1691,-0.04,0.00,0.00,1 718.97,
2025.01.22 11:06:11,1691,XAUUSD,sell,out,0.01,2755.57,1692,-0.04,0.00,1.67,1 720.60,sl 2755.59
2025.01.22 11:27:23,1692,XAUUSD,buy,in,0.01,2759.84,1693,-0.04,0.00,0.00,1 720.56,
2025.01.22 11:28:06,1693,XAUUSD,sell,out,0.01,2760.42,1694,-0.04,0.00,0.58,1 721.10,sl 2760.59
2025.01.22 11:51:32,1694,XAUUSD,buy,in,0.01,2758.80,1695,-0.04,0.00,0.00,1 721.06,
2025.01.22 12:05:33,1695,XAUUSD,sell,out,0.01,2760.57,1696,-0.04,0.00,1.77,1 722.79,sl 2760.89
2025.01.22 12:15:34,1696,XAUUSD,buy,in,0.01,2760.27,1697,-0.04,0.00,0.00,1 722.75,
2025.01.22 12:16:07,1697,XAUUSD,sell,out,0.01,2760.21,1698,-0.04,0.00,-0.06,1 722.65,sl 2760.29
2025.01.22 12:39:47,1698,XAUUSD,buy,in,0.01,2762.99,1699,-0.04,0.00,0.00,1 722.61,
2025.01.22 15:07:06,1699,XAUUSD,sell,in,0.15,2758.91,1700,-0.53,0.00,0.00,1 722.08,
2025.01.22 15:13:09,1700,XAUUSD,buy,out,0.15,2758.96,1701,-0.53,0.00,-0.75,1 720.80,sl 2758.88
2025.01.23 11:36:09,1701,XAUUSD,sell,in,0.15,2741.00,1702,-0.53,0.00,0.00,1 720.27,
2025.01.23 15:14:19,1702,XAUUSD,buy,out,0.15,2741.63,1703,-0.53,0.00,-9.45,1 710.29,
2025.01.23 15:14:24,1703,XAUUSD,sell,out,0.01,2741.24,1704,-0.04,-1.56,-21.75,1 686.94,
2025.01.24 04:42:50,1704,XAUUSD,buy,in,0.01,2772.93,1705,-0.04,0.00,0.00,1 686.90,
2025.01.24 04:46:44,1705,XAUUSD,sell,out,0.01,2773.40,1706,-0.04,0.00,0.47,1 687.33,sl 2773.40
2025.01.24 05:06:58,1706,XAUUSD,buy,in,0.01,2776.42,1707,-0.04,0.00,0.00,1 687.29,
2025.01.24 07:34:05,1707,XAUUSD,sell,in,0.15,2775.28,1708,-0.53,0.00,0.00,1 686.76,
2025.01.24 07:35:55,1708,XAUUSD,buy,out,0.15,2775.26,1709,-0.53,0.00,0.30,1 686.53,sl 2775.25
2025.01.24 08:08:06,1709,XAUUSD,sell,out,0.01,2776.84,1710,-0.04,0.00,0.42,1 686.91,sl 2776.84
2025.01.30 16:55:28,1710,XAUUSD,buy,in,0.01,2788.72,1711,-0.04,0.00,0.00,1 686.87,
2025.01.30 17:05:26,1711,XAUUSD,sell,out,0.01,2788.69,1712,-0.04,0.00,-0.03,1 686.80,sl 2788.77
2025.01.30 17:20:54,1712,XAUUSD,buy,in,0.01,2789.69,1713,-0.04,0.00,0.00,1 686.76,
2025.01.30 17:26:09,1713,XAUUSD,sell,out,0.01,2790.51,1714,-0.04,0.00,0.82,1 687.54,sl 2790.52
2025.01.30 17:44:58,1714,XAUUSD,buy,in,0.01,2791.80,1715,-0.04,0.00,0.00,1 687.50,
2025.01.30 17:47:55,1715,XAUUSD,sell,out,0.01,2792.71,1716,-0.04,0.00,0.91,1 688.37,sl 2792.81
2025.01.30 18:09:04,1716,XAUUSD,buy,in,0.01,2797.50,1717,-0.04,0.00,0.00,1 688.33,
2025.01.30 18:11:18,1717,XAUUSD,sell,out,0.01,2797.75,1718,-0.04,0.00,0.25,1 688.54,sl 2797.79
2025.01.30 18:33:07,1718,XAUUSD,buy,in,0.01,2791.96,1719,-0.04,0.00,0.00,1 688.50,
2025.01.30 18:34:05,1719,XAUUSD,sell,out,0.01,2792.86,1720,-0.04,0.00,0.90,1 689.36,sl 2792.88
2025.01.30 18:57:08,1720,XAUUSD,buy,in,0.01,2792.25,1721,-0.04,0.00,0.00,1 689.32,
2025.01.30 19:33:01,1721,XAUUSD,sell,out,0.01,2792.91,1722,-0.04,0.00,0.66,1 689.94,sl 2792.94
2025.01.30 19:33:04,1722,XAUUSD,buy,in,0.01,2792.93,1723,-0.04,0.00,0.00,1 689.90,
2025.01.30 19:37:02,1723,XAUUSD,sell,out,0.01,2793.98,1724,-0.04,0.00,1.05,1 690.91,sl 2794.00
2025.01.30 19:57:11,1724,XAUUSD,buy,in,0.01,2795.67,1725,-0.04,0.00,0.00,1 690.87,
2025.01.30 20:02:53,1725,XAUUSD,sell,out,0.01,2795.67,1726,-0.04,0.00,0.00,1 690.83,sl 2795.69
2025.01.30 20:21:11,1726,XAUUSD,buy,in,0.01,2795.35,1727,-0.04,0.00,0.00,1 690.79,
2025.01.30 20:24:54,1727,XAUUSD,sell,out,0.01,2796.44,1728,-0.04,0.00,1.09,1 691.84,sl 2796.45
2025.01.30 20:45:15,1728,XAUUSD,buy,in,0.01,2794.78,1729,-0.04,0.00,0.00,1 691.80,
2025.01.30 20:49:17,1729,XAUUSD,sell,out,0.01,2795.02,1730,-0.04,0.00,0.24,1 692.00,sl 2795.04
2025.01.30 21:09:23,1730,XAUUSD,buy,in,0.01,2793.42,1731,-0.04,0.00,0.00,1 691.96,
2025.01.30 21:15:47,1731,XAUUSD,sell,out,0.01,2793.74,1732,-0.04,0.00,0.32,1 692.24,sl 2793.75
2025.01.30 21:46:29,1732,XAUUSD,buy,in,0.01,2793.37,1733,-0.04,0.00,0.00,1 692.20,
2025.01.30 22:11:42,1733,XAUUSD,sell,out,0.01,2794.45,1734,-0.04,0.00,1.08,1 693.24,sl 2794.45
2025.01.30 22:11:49,1734,XAUUSD,buy,in,0.01,2794.37,1735,-0.04,0.00,0.00,1 693.20,
2025.01.30 22:25:05,1735,XAUUSD,sell,out,0.01,2794.56,1736,-0.04,0.00,0.19,1 693.35,sl 2794.63
2025.01.30 22:36:00,1736,XAUUSD,buy,in,0.01,2796.11,1737,-0.04,0.00,0.00,1 693.31,
2025.01.30 22:37:15,1737,XAUUSD,sell,out,0.01,2796.08,1738,-0.04,0.00,-0.03,1 693.24,sl 2796.15
2025.01.30 23:00:14,1738,XAUUSD,buy,in,0.01,2795.94,1739,-0.04,0.00,0.00,1 693.20,
2025.01.30 23:02:27,1739,XAUUSD,sell,out,0.01,2796.73,1740,-0.04,0.00,0.79,1 693.95,sl 2796.74
2025.01.30 23:26:57,1740,XAUUSD,buy,in,0.01,2795.38,1741,-0.04,0.00,0.00,1 693.91,
2025.01.31 01:48:11,1741,XAUUSD,sell,out,0.01,2795.40,1742,-0.04,-0.52,0.02,1 693.37,sl 2795.43
2025.01.31 01:51:53,1742,XAUUSD,buy,in,0.01,2796.02,1743,-0.04,0.00,0.00,1 693.33,
2025.01.31 01:59:02,1743,XAUUSD,sell,out,0.01,2796.16,1744,-0.04,0.00,0.14,1 693.43,sl 2796.23
2025.01.31 02:15:56,1744,XAUUSD,buy,in,0.01,2797.56,1745,-0.04,0.00,0.00,1 693.39,
2025.01.31 02:19:02,1745,XAUUSD,sell,out,0.01,2798.07,1746,-0.04,0.00,0.51,1 693.86,sl 2798.09
2025.01.31 02:43:47,1746,XAUUSD,buy,in,0.01,2796.77,1747,-0.04,0.00,0.00,1 693.82,
2025.01.31 04:19:53,1747,XAUUSD,sell,out,0.01,2797.41,1748,-0.04,0.00,0.64,1 694.42,sl 2797.43
2025.01.31 14:19:46,1748,XAUUSD,buy,in,0.01,2805.12,1749,-0.04,0.00,0.00,1 694.38,
2025.01.31 14:30:18,1749,XAUUSD,sell,out,0.01,2805.23,1750,-0.04,0.00,0.11,1 694.45,sl 2805.25
2025.01.31 14:43:52,1750,XAUUSD,buy,in,0.01,2807.53,1751,-0.04,0.00,0.00,1 694.41,
2025.01.31 15:40:14,1751,XAUUSD,sell,out,0.01,2807.86,1752,-0.04,0.00,0.33,1 694.70,sl 2807.86
2025.01.31 15:40:14,1752,XAUUSD,buy,in,0.01,2807.96,1753,-0.04,0.00,0.00,1 694.66,
2025.01.31 16:35:05,1753,XAUUSD,sell,out,0.01,2808.57,1754,-0.04,0.00,0.61,1 695.23,sl 2808.57
2025.01.31 16:35:13,1754,XAUUSD,buy,in,0.01,2807.93,1755,-0.04,0.00,0.00,1 695.19,
2025.01.31 16:35:54,1755,XAUUSD,sell,out,0.01,2807.94,1756,-0.04,0.00,0.01,1 695.16,sl 2807.95
2025.01.31 16:59:19,1756,XAUUSD,buy,in,0.01,2811.49,1757,-0.04,0.00,0.00,1 695.12,
2025.01.31 17:00:46,1757,XAUUSD,sell,out,0.01,2812.94,1758,-0.04,0.00,1.45,1 696.53,sl 2812.95
2025.01.31 17:23:24,1758,XAUUSD,buy,in,0.01,2810.20,1759,-0.04,0.00,0.00,1 696.49,
2025.01.31 17:26:48,1759,XAUUSD,sell,out,0.01,2811.17,1760,-0.04,0.00,0.97,1 697.42,sl 2811.20
2025.01.31 17:47:30,1760,XAUUSD,buy,in,0.01,2810.27,1761,-0.04,0.00,0.00,1 697.38,
2025.01.31 17:56:23,1761,XAUUSD,sell,out,0.01,2810.30,1762,-0.04,0.00,0.03,1 697.37,sl 2810.31
2025.01.31 18:11:34,1762,XAUUSD,buy,in,0.01,2809.75,1763,-0.04,0.00,0.00,1 697.33,
2025.01.31 18:13:43,1763,XAUUSD,sell,out,0.01,2809.77,1764,-0.04,0.00,0.02,1 697.31,sl 2809.77
2025.01.31 18:41:41,1764,XAUUSD,buy,in,0.01,2809.11,1765,-0.04,0.00,0.00,1 697.27,
2025.01.31 18:43:05,1765,XAUUSD,sell,out,0.01,2809.15,1766,-0.04,0.00,0.04,1 697.27,sl 2809.15
2025.01.31 19:06:09,1766,XAUUSD,buy,in,0.01,2809.60,1767,-0.04,0.00,0.00,1 697.23,
2025.01.31 19:19:01,1767,XAUUSD,sell,out,0.01,2812.12,1768,-0.04,0.00,2.52,1 699.71,sl 2812.17
2025.01.31 19:31:11,1768,XAUUSD,buy,in,0.01,2809.64,1769,-0.04,0.00,0.00,1 699.67,
2025.01.31 19:35:58,1769,XAUUSD,sell,out,0.01,2810.02,1770,-0.04,0.00,0.38,1 700.01,sl 2810.05
2025.01.31 19:55:19,1770,XAUUSD,buy,in,0.01,2809.90,1771,-0.04,0.00,0.00,1 699.97,
2025.01.31 19:56:17,1771,XAUUSD,sell,out,0.01,2809.96,1772,-0.04,0.00,0.06,1 699.99,sl 2809.96
2025.02.03 16:19:35,1772,XAUUSD,buy,in,0.01,2815.33,1773,-0.04,0.00,0.00,1 699.95,
2025.02.03 16:32:35,1773,XAUUSD,sell,out,0.01,2815.56,1774,-0.04,0.00,0.23,1 700.14,sl 2815.56
2025.02.03 16:43:37,1774,XAUUSD,buy,in,0.01,2818.40,1775,-0.04,0.00,0.00,1 700.10,
2025.02.03 16:44:18,1775,XAUUSD,sell,out,0.01,2818.61,1776,-0.04,0.00,0.21,1 700.27,sl 2818.61
2025.02.03 17:07:41,1776,XAUUSD,buy,in,0.01,2825.35,1777,-0.04,0.00,0.00,1 700.23,
2025.02.03 17:08:03,1777,XAUUSD,sell,out,0.01,2825.86,1778,-0.04,0.00,0.51,1 700.70,sl 2825.86
2025.02.03 17:31:43,1778,XAUUSD,buy,in,0.01,2819.48,1779,-0.04,0.00,0.00,1 700.66,
2025.02.03 17:31:58,1779,XAUUSD,sell,out,0.01,2819.50,1780,-0.04,0.00,0.02,1 700.64,sl 2819.53
2025.02.03 17:55:49,1780,XAUUSD,buy,in,0.01,2817.77,1781,-0.04,0.00,0.00,1 700.60,
2025.02.03 17:56:01,1781,XAUUSD,sell,out,0.01,2817.83,1782,-0.04,0.00,0.06,1 700.62,sl 2817.83
2025.02.03 18:19:52,1782,XAUUSD,buy,in,0.01,2821.79,1783,-0.04,0.00,0.00,1 700.58,
2025.02.03 18:35:53,1783,XAUUSD,sell,out,0.01,2822.24,1784,-0.04,0.00,0.45,1 700.99,sl 2822.27
2025.02.03 18:43:57,1784,XAUUSD,buy,in,0.01,2821.47,1785,-0.04,0.00,0.00,1 700.95,
2025.02.03 18:44:29,1785,XAUUSD,sell,out,0.01,2822.11,1786,-0.04,0.00,0.64,1 701.55,sl 2822.14
2025.02.03 19:18:39,1786,XAUUSD,buy,in,0.01,2818.46,1787,-0.04,0.00,0.00,1 701.51,
2025.02.03 19:28:44,1787,XAUUSD,sell,out,0.01,2818.72,1788,-0.04,0.00,0.26,1 701.73,sl 2818.72
2025.02.03 19:42:39,1788,XAUUSD,buy,in,0.01,2818.67,1789,-0.04,0.00,0.00,1 701.69,
2025.02.03 19:44:03,1789,XAUUSD,sell,out,0.01,2819.03,1790,-0.04,0.00,0.36,1 702.01,sl 2819.03
2025.02.03 20:06:46,1790,XAUUSD,buy,in,0.01,2820.10,1791,-0.04,0.00,0.00,1 701.97,
2025.02.03 20:09:14,1791,XAUUSD,sell,out,0.01,2820.53,1792,-0.04,0.00,0.43,1 702.36,sl 2820.60
2025.02.03 20:32:20,1792,XAUUSD,buy,in,0.01,2820.02,1793,-0.04,0.00,0.00,1 702.32,
2025.02.03 20:53:21,1793,XAUUSD,sell,out,0.01,2820.06,1794,-0.04,0.00,0.04,1 702.32,sl 2820.06
2025.02.03 20:56:26,1794,XAUUSD,buy,in,0.01,2819.94,1795,-0.04,0.00,0.00,1 702.28,
2025.02.03 21:00:00,1795,XAUUSD,sell,out,0.01,2820.85,1796,-0.04,0.00,0.91,1 703.15,sl 2820.85
2025.02.03 21:20:25,1796,XAUUSD,buy,in,0.01,2822.14,1797,-0.04,0.00,0.00,1 703.11,
2025.02.03 21:22:52,1797,XAUUSD,sell,out,0.01,2822.43,1798,-0.04,0.00,0.29,1 703.36,sl 2822.47
2025.02.04 03:43:29,1798,XAUUSD,buy,in,0.01,2823.48,1799,-0.04,0.00,0.00,1 703.32,
2025.02.04 03:47:51,1799,XAUUSD,sell,out,0.01,2823.65,1800,-0.04,0.00,0.17,1 703.45,sl 2823.65
2025.02.04 04:07:41,1800,XAUUSD,buy,in,0.01,2823.64,1801,-0.04,0.00,0.00,1 703.41,
2025.02.04 05:10:24,1801,XAUUSD,sell,out,0.01,2823.71,1802,-0.04,0.00,0.07,1 703.44,sl 2823.72
2025.02.04 15:21:55,1802,XAUUSD,buy,in,0.01,2831.11,1803,-0.04,0.00,0.00,1 703.40,
2025.02.04 15:23:32,1803,XAUUSD,sell,out,0.01,2832.03,1804,-0.04,0.00,0.92,1 704.28,sl 2832.03
2025.02.04 15:45:59,1804,XAUUSD,buy,in,0.01,2834.40,1805,-0.04,0.00,0.00,1 704.24,
2025.02.04 15:47:34,1805,XAUUSD,sell,out,0.01,2834.52,1806,-0.04,0.00,0.12,1 704.32,sl 2834.53
2025.02.04 16:10:09,1806,XAUUSD,buy,in,0.01,2834.12,1807,-0.04,0.00,0.00,1 704.28,
2025.02.04 16:24:06,1807,XAUUSD,sell,out,0.01,2834.36,1808,-0.04,0.00,0.24,1 704.48,sl 2834.36
2025.02.04 16:34:12,1808,XAUUSD,buy,in,0.01,2839.73,1809,-0.04,0.00,0.00,1 704.44,
2025.02.04 16:35:35,1809,XAUUSD,sell,out,0.01,2839.75,1810,-0.04,0.00,0.02,1 704.42,sl 2839.75
2025.02.04 16:58:16,1810,XAUUSD,buy,in,0.01,2839.92,1811,-0.04,0.00,0.00,1 704.38,
2025.02.04 16:58:51,1811,XAUUSD,sell,out,0.01,2840.10,1812,-0.04,0.00,0.18,1 704.52,sl 2840.11
2025.02.04 17:22:23,1812,XAUUSD,buy,in,0.01,2840.81,1813,-0.04,0.00,0.00,1 704.48,
2025.02.04 17:22:48,1813,XAUUSD,sell,out,0.01,2840.80,1814,-0.04,0.00,-0.01,1 704.43,sl 2840.83
2025.02.04 17:46:25,1814,XAUUSD,buy,in,0.01,2834.37,1815,-0.04,0.00,0.00,1 704.39,
2025.02.04 17:47:22,1815,XAUUSD,sell,out,0.01,2835.73,1816,-0.04,0.00,1.36,1 705.71,sl 2835.73
2025.02.04 18:10:28,1816,XAUUSD,buy,in,0.01,2837.06,1817,-0.04,0.00,0.00,1 705.67,
2025.02.04 18:12:45,1817,XAUUSD,sell,out,0.01,2838.43,1818,-0.04,0.00,1.37,1 707.00,sl 2838.43
2025.02.04 18:34:40,1818,XAUUSD,buy,in,0.01,2840.93,1819,-0.04,0.00,0.00,1 706.96,
2025.02.04 18:42:00,1819,XAUUSD,sell,out,0.01,2841.20,1820,-0.04,0.00,0.27,1 707.19,sl 2841.28
2025.02.04 18:58:44,1820,XAUUSD,buy,in,0.01,2840.30,1821,-0.04,0.00,0.00,1 707.15,
2025.02.04 19:00:52,1821,XAUUSD,sell,out,0.01,2840.77,1822,-0.04,0.00,0.47,1 707.58,sl 2840.78
2025.02.04 19:22:49,1822,XAUUSD,buy,in,0.01,2842.42,1823,-0.04,0.00,0.00,1 707.54,
2025.02.04 19:26:48,1823,XAUUSD,sell,out,0.01,2842.76,1824,-0.04,0.00,0.34,1 707.84,sl 2842.78
2025.02.04 19:46:54,1824,XAUUSD,buy,in,0.01,2843.72,1825,-0.04,0.00,0.00,1 707.80,
2025.02.04 19:53:11,1825,XAUUSD,sell,out,0.01,2843.98,1826,-0.04,0.00,0.26,1 708.02,sl 2843.98
2025.02.04 20:11:00,1826,XAUUSD,buy,in,0.01,2844.56,1827,-0.04,0.00,0.00,1 707.98,
2025.02.04 22:38:14,1827,XAUUSD,sell,in,0.15,2842.90,1828,-0.53,0.00,0.00,1 707.45,
2025.02.04 22:40:06,1828,XAUUSD,buy,out,0.15,2842.82,1829,-0.53,0.00,1.20,1 708.12,sl 2842.82
2025.02.05 02:31:10,1829,XAUUSD,sell,out,0.01,2844.64,1830,-0.04,-0.52,0.08,1 707.64,sl 2844.65
2025.02.07 17:26:21,1830,XAUUSD,buy,in,0.01,2883.30,1831,-0.04,0.00,0.00,1 707.60,
2025.02.07 17:32:10,1831,XAUUSD,sell,out,0.01,2883.99,1832,-0.04,0.00,0.69,1 708.25,sl 2883.99
2025.02.07 17:50:49,1832,XAUUSD,buy,in,0.01,2883.26,1833,-0.04,0.00,0.00,1 708.21,
2025.02.07 17:52:13,1833,XAUUSD,sell,out,0.01,2883.34,1834,-0.04,0.00,0.08,1 708.25,sl 2883.34
2025.02.10 08:46:54,1834,XAUUSD,buy,in,0.01,2888.17,1835,-0.04,0.00,0.00,1 708.21,
2025.02.10 08:48:34,1835,XAUUSD,sell,out,0.01,2891.52,1836,-0.04,0.00,3.35,1 711.52,sl 2891.52
2025.02.10 09:13:36,1836,XAUUSD,buy,in,0.01,2889.11,1837,-0.04,0.00,0.00,1 711.48,
2025.02.10 09:16:24,1837,XAUUSD,sell,out,0.01,2889.47,1838,-0.04,0.00,0.36,1 711.80,sl 2889.54
2025.02.10 09:37:39,1838,XAUUSD,buy,in,0.01,2894.25,1839,-0.04,0.00,0.00,1 711.76,
2025.02.10 09:53:52,1839,XAUUSD,sell,out,0.01,2894.88,1840,-0.04,0.00,0.63,1 712.35,sl 2895.14
2025.02.10 10:01:44,1840,XAUUSD,buy,in,0.01,2895.01,1841,-0.04,0.00,0.00,1 712.31,
2025.02.10 10:03:59,1841,XAUUSD,sell,out,0.01,2895.78,1842,-0.04,0.00,0.77,1 713.04,sl 2895.84
2025.02.10 10:25:48,1842,XAUUSD,buy,in,0.01,2894.34,1843,-0.04,0.00,0.00,1 713.00,
2025.02.10 10:29:08,1843,XAUUSD,sell,out,0.01,2895.07,1844,-0.04,0.00,0.73,1 713.69,sl 2895.07
2025.02.10 10:49:47,1844,XAUUSD,buy,in,0.01,2898.10,1845,-0.04,0.00,0.00,1 713.65,
2025.02.10 11:06:52,1845,XAUUSD,sell,out,0.01,2898.79,1846,-0.04,0.00,0.69,1 714.30,sl 2898.79
2025.02.10 11:13:48,1846,XAUUSD,buy,in,0.01,2900.32,1847,-0.04,0.00,0.00,1 714.26,
2025.02.10 11:15:53,1847,XAUUSD,sell,out,0.01,2900.56,1848,-0.04,0.00,0.24,1 714.46,sl 2900.56
2025.02.10 11:37:53,1848,XAUUSD,buy,in,0.01,2903.07,1849,-0.04,0.00,0.00,1 714.42,
2025.02.10 12:04:58,1849,XAUUSD,sell,out,0.01,2903.96,1850,-0.04,0.00,0.89,1 715.27,sl 2904.11
2025.02.10 12:05:03,1850,XAUUSD,buy,in,0.01,2904.46,1851,-0.04,0.00,0.00,1 715.23,
2025.02.10 12:11:15,1851,XAUUSD,sell,out,0.01,2904.61,1852,-0.04,0.00,0.15,1 715.34,sl 2904.61
2025.02.10 12:29:08,1852,XAUUSD,buy,in,0.01,2902.53,1853,-0.04,0.00,0.00,1 715.30,
2025.02.10 13:04:18,1853,XAUUSD,sell,out,0.01,2904.34,1854,-0.04,0.00,1.81,1 717.07,sl 2904.35
2025.02.10 13:04:22,1854,XAUUSD,buy,in,0.01,2904.34,1855,-0.04,0.00,0.00,1 717.03,
2025.02.10 13:40:22,1855,XAUUSD,sell,out,0.01,2904.40,1856,-0.04,0.00,0.06,1 717.05,sl 2904.40
2025.02.10 13:40:22,1856,XAUUSD,buy,in,0.01,2904.52,1857,-0.04,0.00,0.00,1 717.01,
2025.02.10 13:42:05,1857,XAUUSD,sell,out,0.01,2904.57,1858,-0.04,0.00,0.05,1 717.02,sl 2904.59
2025.02.10 14:04:23,1858,XAUUSD,buy,in,0.01,2905.15,1859,-0.04,0.00,0.00,1 716.98,
2025.02.10 14:07:31,1859,XAUUSD,sell,out,0.01,2905.42,1860,-0.04,0.00,0.27,1 717.21,sl 2905.42
2025.02.10 14:28:35,1860,XAUUSD,buy,in,0.01,2904.77,1861,-0.04,0.00,0.00,1 717.17,
2025.02.10 14:31:26,1861,XAUUSD,sell,out,0.01,2905.70,1862,-0.04,0.00,0.93,1 718.06,sl 2905.70
2025.02.10 14:52:37,1862,XAUUSD,buy,in,0.01,2906.79,1863,-0.04,0.00,0.00,1 718.02,
2025.02.10 15:19:18,1863,XAUUSD,sell,out,0.01,2907.09,1864,-0.04,0.00,0.30,1 718.28,sl 2907.09
2025.02.10 15:19:22,1864,XAUUSD,buy,in,0.01,2907.75,1865,-0.04,0.00,0.00,1 718.24,
2025.02.10 15:20:26,1865,XAUUSD,sell,out,0.01,2910.10,1866,-0.04,0.00,2.35,1 720.55,sl 2910.37
2025.02.10 15:43:25,1866,XAUUSD,buy,in,0.01,2900.46,1867,-0.04,0.00,0.00,1 720.51,
2025.02.10 15:44:44,1867,XAUUSD,sell,out,0.01,2900.49,1868,-0.04,0.00,0.03,1 720.50,sl 2900.49
2025.02.10 16:07:27,1868,XAUUSD,buy,in,0.01,2897.11,1869,-0.04,0.00,0.00,1 720.46,
2025.02.10 16:08:39,1869,XAUUSD,sell,out,0.01,2898.07,1870,-0.04,0.00,0.96,1 721.38,sl 2898.09
2025.02.10 16:31:33,1870,XAUUSD,buy,in,0.01,2904.87,1871,-0.04,0.00,0.00,1 721.34,
2025.02.10 16:35:53,1871,XAUUSD,sell,out,0.01,2904.88,1872,-0.04,0.00,0.01,1 721.31,sl 2904.89
2025.02.10 16:55:37,1872,XAUUSD,buy,in,0.01,2908.19,1873,-0.04,0.00,0.00,1 721.27,
2025.02.10 16:59:44,1873,XAUUSD,sell,out,0.01,2908.58,1874,-0.04,0.00,0.39,1 721.62,sl 2908.58
2025.02.10 17:19:42,1874,XAUUSD,buy,in,0.01,2911.30,1875,-0.04,0.00,0.00,1 721.58,
2025.02.10 17:40:19,1875,XAUUSD,sell,out,0.01,2911.34,1876,-0.04,0.00,0.04,1 721.58,sl 2911.41
2025.02.10 17:43:45,1876,XAUUSD,buy,in,0.01,2908.29,1877,-0.04,0.00,0.00,1 721.54,
2025.02.10 17:59:50,1877,XAUUSD,sell,out,0.01,2908.97,1878,-0.04,0.00,0.68,1 722.18,sl 2909.00
2025.02.10 18:07:50,1878,XAUUSD,buy,in,0.01,2908.54,1879,-0.04,0.00,0.00,1 722.14,
2025.02.10 20:34:57,1879,XAUUSD,sell,in,0.15,2906.81,1880,-0.53,0.00,0.00,1 721.61,
2025.02.10 20:37:59,1880,XAUUSD,buy,out,0.15,2905.43,1881,-0.53,0.00,20.70,1 741.78,sl 2905.43
2025.02.11 01:03:19,1881,XAUUSD,sell,out,0.01,2912.31,1882,-0.04,-0.52,3.77,1 744.99,sl 2912.42
2025.02.14 19:43:37,1882,XAUUSD,sell,in,0.01,2886.31,1883,-0.04,0.00,0.00,1 744.95,
2025.02.14 19:51:40,1883,XAUUSD,buy,out,0.01,2886.23,1884,-0.04,0.00,0.08,1 744.99,sl 2886.20
2025.02.14 20:07:40,1884,XAUUSD,sell,in,0.01,2884.68,1885,-0.04,0.00,0.00,1 744.95,
2025.02.14 20:11:43,1885,XAUUSD,buy,out,0.01,2884.57,1886,-0.04,0.00,0.11,1 745.02,sl 2884.46
2025.02.14 20:31:41,1886,XAUUSD,sell,in,0.01,2884.09,1887,-0.04,0.00,0.00,1 744.98,
2025.02.14 20:34:00,1887,XAUUSD,buy,out,0.01,2883.78,1888,-0.04,0.00,0.31,1 745.25,sl 2883.75
2025.02.14 20:55:43,1888,XAUUSD,sell,in,0.01,2883.21,1889,-0.04,0.00,0.00,1 745.21,
2025.02.14 21:28:42,1889,XAUUSD,buy,out,0.01,2883.20,1890,-0.04,0.00,0.01,1 745.18,sl 2883.16
2025.02.14 21:28:49,1890,XAUUSD,sell,in,0.01,2883.04,1891,-0.04,0.00,0.00,1 745.14,
2025.02.14 21:34:22,1891,XAUUSD,buy,out,0.01,2883.03,1892,-0.04,0.00,0.01,1 745.11,sl 2883.03
2025.02.14 21:52:54,1892,XAUUSD,sell,in,0.01,2879.45,1893,-0.04,0.00,0.00,1 745.07,
2025.02.14 22:38:44,1893,XAUUSD,buy,out,0.01,2878.99,1894,-0.04,0.00,0.46,1 745.49,sl 2878.98
2025.02.14 22:38:45,1894,XAUUSD,sell,in,0.01,2878.87,1895,-0.04,0.00,0.00,1 745.45,
2025.02.14 22:41:03,1895,XAUUSD,buy,out,0.01,2877.69,1896,-0.04,0.00,1.18,1 746.59,sl 2877.68
2025.02.14 23:20:00,1896,XAUUSD,sell,in,0.01,2882.89,1897,-0.04,0.00,0.00,1 746.55,
2025.02.14 23:39:54,1897,XAUUSD,buy,out,0.01,2882.73,1898,-0.04,0.00,0.16,1 746.67,sl 2882.73
2025.02.14 23:44:00,1898,XAUUSD,sell,in,0.01,2882.78,1899,-0.04,0.00,0.00,1 746.63,
2025.02.17 01:27:40,1899,XAUUSD,buy,out,0.01,2882.32,1900,-0.04,0.45,0.46,1 747.50,sl 2882.29
2025.02.19 11:19:42,1900,XAUUSD,buy,in,0.01,2946.10,1901,-0.04,0.00,0.00,1 747.46,
2025.02.19 12:06:55,1901,XAUUSD,sell,out,0.01,2946.39,1902,-0.04,0.00,0.29,1 747.71,sl 2946.39
2025.02.19 12:07:07,1902,XAUUSD,buy,in,0.01,2946.33,1903,-0.04,0.00,0.00,1 747.67,
2025.02.19 14:34:12,1903,XAUUSD,sell,in,0.15,2934.30,1904,-0.53,0.00,0.00,1 747.14,
2025.02.19 14:57:15,1904,XAUUSD,buy,out,0.15,2934.16,1905,-0.53,0.00,2.10,1 748.71,sl 2934.14
2025.02.19 19:45:22,1905,XAUUSD,sell,out,0.01,2921.76,1906,-0.04,0.00,-24.57,1 724.10,
2025.02.25 17:24:30,1906,XAUUSD,sell,in,0.01,2911.04,1907,-0.04,0.00,0.00,1 724.06,
2025.02.25 17:25:03,1907,XAUUSD,buy,out,0.01,2911.07,1908,-0.04,0.00,-0.03,1 723.99,sl 2911.03
2025.02.25 17:48:33,1908,XAUUSD,sell,in,0.01,2907.46,1910,-0.04,0.00,0.00,1 723.95,
2025.02.25 17:49:13,1909,XAUUSD,buy,out,0.01,2907.42,1911,-0.04,0.00,0.04,1 723.95,sl 2907.42
2025.02.25 18:12:34,1910,XAUUSD,sell,in,0.01,2898.11,1912,-0.04,0.00,0.00,1 723.91,
2025.02.25 18:13:16,1911,XAUUSD,buy,out,0.01,2898.15,1913,-0.04,0.00,-0.04,1 723.83,sl 2898.10
2025.02.25 18:36:40,1912,XAUUSD,sell,in,0.01,2897.75,1914,-0.04,0.00,0.00,1 723.79,
2025.02.25 18:41:17,1913,XAUUSD,buy,out,0.01,2897.74,1915,-0.04,0.00,0.01,1 723.76,sl 2897.64
2025.02.25 19:00:49,1914,XAUUSD,sell,in,0.01,2895.13,1916,-0.04,0.00,0.00,1 723.72,
2025.02.25 19:04:27,1915,XAUUSD,buy,out,0.01,2894.50,1917,-0.04,0.00,0.63,1 724.31,sl 2894.42
2025.02.25 19:24:49,1916,XAUUSD,sell,in,0.01,2898.53,1918,-0.04,0.00,0.00,1 724.27,
2025.02.25 20:13:51,1917,XAUUSD,buy,in,0.15,2907.58,1919,-0.53,0.00,0.00,1 723.74,
2025.02.25 20:25:48,1918,XAUUSD,sell,out,0.15,2907.64,1920,-0.53,0.00,0.90,1 724.11,sl 2907.67
2025.02.26 16:09:36,1919,XAUUSD,buy,out,0.01,2898.05,1921,-0.04,0.45,0.48,1 725.00,sl 2898.05
2025.03.04 10:19:43,1920,XAUUSD,buy,in,0.01,2909.80,1922,-0.04,0.00,0.00,1 724.96,
2025.03.04 10:28:20,1921,XAUUSD,sell,out,0.01,2910.27,1923,-0.04,0.00,0.47,1 725.39,sl 2910.28
2025.03.04 10:43:44,1922,XAUUSD,buy,in,0.01,2913.31,1924,-0.04,0.00,0.00,1 725.35,
2025.03.04 10:44:56,1923,XAUUSD,sell,out,0.01,2913.68,1925,-0.04,0.00,0.37,1 725.68,sl 2913.71
2025.03.04 11:07:44,1924,XAUUSD,buy,in,0.01,2912.64,1926,-0.04,0.00,0.00,1 725.64,
2025.03.04 11:09:00,1925,XAUUSD,sell,out,0.01,2913.59,1927,-0.04,0.00,0.95,1 726.55,sl 2913.63
2025.03.04 11:31:47,1926,XAUUSD,buy,in,0.01,2921.01,1928,-0.04,0.00,0.00,1 726.51,
2025.03.04 13:51:55,1927,XAUUSD,sell,out,0.01,2921.00,1929,-0.04,0.00,-0.01,1 726.46,sl 2921.11
2025.03.04 13:52:00,1928,XAUUSD,buy,in,0.01,2921.53,1930,-0.04,0.00,0.00,1 726.42,
2025.03.04 14:21:36,1929,XAUUSD,sell,out,0.01,2921.72,1931,-0.04,0.00,0.19,1 726.57,sl 2921.72
2025.03.04 14:21:54,1930,XAUUSD,buy,in,0.01,2921.86,1932,-0.04,0.00,0.00,1 726.53,
2025.03.04 14:27:35,1931,XAUUSD,sell,out,0.01,2923.27,1933,-0.04,0.00,1.41,1 727.90,sl 2923.27
2025.03.04 14:45:58,1932,XAUUSD,buy,in,0.01,2923.51,1934,-0.04,0.00,0.00,1 727.86,
2025.03.04 14:51:49,1933,XAUUSD,sell,out,0.01,2923.54,1935,-0.04,0.00,0.03,1 727.85,sl 2923.54
2025.03.04 15:09:59,1934,XAUUSD,buy,in,0.01,2927.45,1936,-0.04,0.00,0.00,1 727.81,
2025.03.04 17:37:02,1935,XAUUSD,sell,in,0.15,2908.86,1937,-0.53,0.00,0.00,1 727.28,
2025.03.04 17:40:07,1936,XAUUSD,buy,out,0.15,2908.35,1938,-0.53,0.00,7.65,1 734.40,sl 2908.34
2025.03.05 15:44:14,1937,XAUUSD,sell,out,0.01,2899.21,1939,-0.04,-0.52,-28.24,1 705.60,
2025.03.05 18:24:54,1938,XAUUSD,buy,in,0.01,2929.74,1940,-0.04,0.00,0.00,1 705.56,
2025.03.05 20:51:58,1939,XAUUSD,sell,in,0.15,2917.50,1941,-0.53,0.00,0.00,1 705.03,
2025.03.05 20:58:09,1940,XAUUSD,buy,out,0.15,2917.27,1942,-0.53,0.00,3.45,1 707.95,sl 2917.27
2025.03.06 10:01:11,1941,XAUUSD,sell,out,0.01,2908.84,1943,-0.04,-1.56,-20.90,1 685.45,
2025.03.10 21:05:29,1942,XAUUSD,sell,in,0.01,2881.00,1944,-0.04,0.00,0.00,1 685.41,
2025.03.10 21:05:58,1943,XAUUSD,buy,out,0.01,2880.99,1945,-0.04,0.00,0.01,1 685.38,sl 2880.99
2025.03.12 20:45:40,1944,XAUUSD,buy,in,0.01,2940.09,1946,-0.04,0.00,0.00,1 685.34,
2025.03.12 23:12:42,1945,XAUUSD,sell,in,0.15,2932.66,1947,-0.53,0.00,0.00,1 684.81,
2025.03.12 23:18:57,1946,XAUUSD,buy,out,0.15,2932.51,1948,-0.53,0.00,2.25,1 686.53,sl 2932.50
2025.03.13 04:03:18,1947,XAUUSD,sell,out,0.01,2940.56,1949,-0.04,-1.56,0.47,1 685.40,sl 2940.56
2025.03.21 16:59:10,1948,XAUUSD,sell,in,0.01,3005.44,1950,-0.04,0.00,0.00,1 685.36,
2025.03.21 17:01:00,1949,XAUUSD,buy,out,0.01,3005.60,1951,-0.04,0.00,-0.16,1 685.16,sl 3005.43
2025.03.27 13:25:12,1950,XAUUSD,buy,in,0.01,3051.50,1952,-0.04,0.00,0.00,1 685.12,
2025.03.27 13:27:01,1951,XAUUSD,sell,out,0.01,3052.19,1953,-0.04,0.00,0.69,1 685.77,sl 3052.19
2025.03.27 13:49:17,1952,XAUUSD,buy,in,0.01,3054.23,1954,-0.04,0.00,0.00,1 685.73,
2025.03.27 14:17:09,1953,XAUUSD,sell,out,0.01,3054.94,1955,-0.04,0.00,0.71,1 686.40,sl 3054.95
2025.03.27 14:17:11,1954,XAUUSD,buy,in,0.01,3055.08,1956,-0.04,0.00,0.00,1 686.36,
2025.03.27 15:01:21,1955,XAUUSD,sell,out,0.01,3055.39,1957,-0.04,0.00,0.31,1 686.63,sl 3055.39
2025.03.27 15:01:28,1956,XAUUSD,buy,in,0.01,3055.43,1958,-0.04,0.00,0.00,1 686.59,
2025.03.27 17:28:30,1957,XAUUSD,sell,in,0.15,3050.30,1959,-0.53,0.00,0.00,1 686.06,
2025.03.27 17:39:57,1958,XAUUSD,sell,out,0.01,3056.41,1960,-0.04,0.00,0.98,1 687.00,sl 3056.46
2025.03.27 19:51:27,1959,XAUUSD,buy,out,0.15,3048.60,1961,-0.53,0.00,25.50,1 711.97,sl 3048.60
2025.04.02 04:32:49,1960,XAUUSD,buy,in,0.01,3135.35,1962,-0.04,0.00,0.00,1 711.93,
2025.04.02 06:59:50,1961,XAUUSD,sell,in,0.15,3125.36,1963,-0.53,0.00,0.00,1 711.40,
2025.04.02 07:19:32,1962,XAUUSD,buy,out,0.15,3125.15,1964,-0.53,0.00,3.15,1 714.02,sl 3125.15
2025.04.02 08:33:11,1963,XAUUSD,sell,out,0.01,3111.08,1965,-0.04,0.00,-24.27,1 689.71,
2025.04.02 23:29:35,1964,XAUUSD,buy,in,0.01,3142.16,1966,-0.04,0.00,0.00,1 689.67,
2025.04.03 01:05:21,1965,XAUUSD,sell,out,0.01,3126.25,1967,-0.04,-1.56,-15.91,1 672.16,
2025.04.03 01:10:04,1966,XAUUSD,buy,in,0.01,3141.63,1968,-0.04,0.00,0.00,1 672.12,
2025.04.03 01:10:34,1967,XAUUSD,sell,out,0.01,3143.79,1969,-0.04,0.00,2.16,1 674.24,sl 3143.81
2025.04.03 01:36:19,1968,XAUUSD,buy,in,0.01,3144.49,1970,-0.04,0.00,0.00,1 674.20,
2025.04.03 01:47:58,1969,XAUUSD,sell,out,0.01,3144.37,1971,-0.04,0.00,-0.12,1 674.04,sl 3144.58
2025.04.03 02:00:24,1970,XAUUSD,buy,in,0.01,3148.07,1972,-0.04,0.00,0.00,1 674.00,
2025.04.03 02:01:43,1971,XAUUSD,sell,out,0.01,3148.90,1973,-0.04,0.00,0.83,1 674.79,sl 3148.91
2025.04.03 02:24:29,1972,XAUUSD,buy,in,0.01,3157.71,1974,-0.04,0.00,0.00,1 674.75,
2025.04.03 02:28:42,1973,XAUUSD,sell,out,0.01,3157.60,1975,-0.04,0.00,-0.11,1 674.60,sl 3157.85
2025.04.03 02:48:31,1974,XAUUSD,buy,in,0.01,3163.24,1976,-0.04,0.00,0.00,1 674.56,
2025.04.03 02:50:37,1975,XAUUSD,sell,out,0.01,3165.42,1977,-0.04,0.00,2.18,1 676.70,sl 3165.57
2025.04.03 03:12:39,1976,XAUUSD,buy,in,0.01,3153.95,1978,-0.04,0.00,0.00,1 676.66,
2025.04.03 03:36:52,1977,XAUUSD,sell,out,0.01,3154.02,1979,-0.04,0.00,0.07,1 676.69,sl 3154.03
2025.04.03 03:37:03,1978,XAUUSD,buy,in,0.01,3152.83,1980,-0.04,0.00,0.00,1 676.65,
2025.04.03 03:40:28,1979,XAUUSD,sell,out,0.01,3153.88,1981,-0.04,0.00,1.05,1 677.66,sl 3154.23
2025.04.03 04:01:04,1980,XAUUSD,buy,in,0.01,3151.29,1982,-0.04,0.00,0.00,1 677.62,
2025.04.03 04:02:00,1981,XAUUSD,sell,out,0.01,3151.60,1983,-0.04,0.00,0.31,1 677.89,sl 3151.65
2025.04.03 04:25:03,1982,XAUUSD,buy,in,0.01,3150.37,1984,-0.04,0.00,0.00,1 677.85,
2025.04.03 04:26:57,1983,XAUUSD,sell,out,0.01,3150.78,1985,-0.04,0.00,0.41,1 678.22,sl 3150.78
2025.04.03 04:49:04,1984,XAUUSD,buy,in,0.01,3154.94,1986,-0.04,0.00,0.00,1 678.18,
2025.04.03 07:16:15,1985,XAUUSD,sell,in,0.15,3149.58,1987,-0.53,0.00,0.00,1 677.65,
2025.04.03 07:21:10,1986,XAUUSD,buy,out,0.15,3148.88,1988,-0.53,0.00,10.50,1 687.62,sl 3148.88
2025.04.03 09:29:18,1987,XAUUSD,sell,out,0.01,3123.34,1989,-0.04,0.00,-31.60,1 655.98,
2025.04.03 13:58:49,1988,XAUUSD,sell,in,0.01,3094.67,1990,-0.04,0.00,0.00,1 655.94,
2025.04.03 13:59:07,1989,XAUUSD,buy,out,0.01,3094.53,1991,-0.04,0.00,0.14,1 656.04,sl 3094.53
2025.04.03 14:27:06,1990,XAUUSD,sell,in,0.01,3094.72,1992,-0.04,0.00,0.00,1 656.00,
2025.04.03 14:28:13,1991,XAUUSD,buy,out,0.01,3093.99,1993,-0.04,0.00,0.73,1 656.69,sl 3093.92
2025.04.03 14:51:11,1992,XAUUSD,sell,in,0.01,3093.65,1994,-0.04,0.00,0.00,1 656.65,
2025.04.03 14:59:12,1993,XAUUSD,buy,out,0.01,3093.23,1995,-0.04,0.00,0.42,1 657.03,sl 3093.20
2025.04.03 15:15:21,1994,XAUUSD,sell,in,0.01,3090.35,1996,-0.04,0.00,0.00,1 656.99,
2025.04.03 15:15:35,1995,XAUUSD,buy,out,0.01,3090.33,1997,-0.04,0.00,0.02,1 656.97,sl 3090.26
2025.04.03 15:39:29,1996,XAUUSD,sell,in,0.01,3064.06,1998,-0.04,0.00,0.00,1 656.93,
2025.04.03 15:39:34,1997,XAUUSD,buy,out,0.01,3064.04,1999,-0.04,0.00,0.02,1 656.91,sl 3064.04
2025.04.03 16:03:35,1998,XAUUSD,sell,in,0.01,3070.84,2000,-0.04,0.00,0.00,1 656.87,
2025.04.03 16:04:16,1999,XAUUSD,buy,out,0.01,3070.74,2001,-0.04,0.00,0.10,1 656.93,sl 3070.74
2025.04.03 16:27:37,2000,XAUUSD,sell,in,0.01,3062.14,2002,-0.04,0.00,0.00,1 656.89,
2025.04.03 16:28:04,2001,XAUUSD,buy,out,0.01,3061.37,2003,-0.04,0.00,0.77,1 657.62,sl 3061.31
2025.04.03 16:51:38,2002,XAUUSD,sell,in,0.01,3091.51,2004,-0.04,0.00,0.00,1 657.58,
2025.04.03 16:51:54,2003,XAUUSD,buy,out,0.01,3091.49,2005,-0.04,0.00,0.02,1 657.56,sl 3091.49
2025.04.04 06:06:34,2004,XAUUSD,sell,in,0.01,3088.72,2006,-0.04,0.00,0.00,1 657.52,
2025.04.04 06:55:37,2005,XAUUSD,buy,in,0.15,3096.55,2007,-0.53,0.00,0.00,1 656.99,
2025.04.04 06:57:08,2006,XAUUSD,sell,out,0.15,3096.54,2008,-0.53,0.00,-0.15,1 656.31,sl 3096.63
2025.04.04 11:16:53,2007,XAUUSD,buy,out,0.01,3087.89,2009,-0.04,0.00,0.83,1 657.10,sl 3087.89
2025.04.04 15:39:18,2008,XAUUSD,sell,in,0.01,3082.73,2010,-0.04,0.00,0.00,1 657.06,
2025.04.04 15:39:34,2009,XAUUSD,buy,out,0.01,3080.38,2011,-0.04,0.00,2.35,1 659.37,sl 3080.31
2025.04.04 16:03:19,2010,XAUUSD,sell,in,0.01,3074.81,2012,-0.04,0.00,0.00,1 659.33,
2025.04.04 16:06:09,2011,XAUUSD,buy,out,0.01,3074.83,2013,-0.04,0.00,-0.02,1 659.27,sl 3074.80
2025.04.04 16:27:21,2012,XAUUSD,sell,in,0.01,3075.78,2014,-0.04,0.00,0.00,1 659.23,
2025.04.04 16:30:08,2013,XAUUSD,buy,out,0.01,3074.69,2015,-0.04,0.00,1.09,1 660.28,sl 3074.60
2025.04.04 16:51:27,2014,XAUUSD,sell,in,0.01,3068.66,2016,-0.04,0.00,0.00,1 660.24,
2025.04.04 16:53:16,2015,XAUUSD,buy,out,0.01,3068.48,2017,-0.04,0.00,0.18,1 660.38,sl 3068.45
2025.04.04 17:15:32,2016,XAUUSD,sell,in,0.01,3043.42,2018,-0.04,0.00,0.00,1 660.34,
2025.04.04 17:15:51,2017,XAUUSD,buy,out,0.01,3042.85,2019,-0.04,0.00,0.57,1 660.87,sl 3042.84
2025.04.04 17:39:34,2018,XAUUSD,sell,in,0.01,3043.68,2020,-0.04,0.00,0.00,1 660.83,
2025.04.04 17:41:40,2019,XAUUSD,buy,out,0.01,3042.97,2021,-0.04,0.00,0.71,1 661.50,sl 3042.89
2025.04.04 18:03:41,2020,XAUUSD,sell,in,0.01,3047.85,2022,-0.04,0.00,0.00,1 661.46,
2025.04.04 18:05:05,2021,XAUUSD,buy,out,0.01,3046.02,2023,-0.04,0.00,1.83,1 663.25,sl 3046.01
2025.04.04 18:27:46,2022,XAUUSD,sell,in,0.01,3029.20,2024,-0.04,0.00,0.00,1 663.21,
2025.04.04 18:28:17,2023,XAUUSD,buy,out,0.01,3029.17,2025,-0.04,0.00,0.03,1 663.20,sl 3029.13
2025.04.04 18:52:00,2024,XAUUSD,sell,in,0.01,3020.31,2026,-0.04,0.00,0.00,1 663.16,
2025.04.04 18:52:46,2025,XAUUSD,buy,out,0.01,3020.32,2027,-0.04,0.00,-0.01,1 663.11,sl 3020.30
2025.04.04 19:16:01,2026,XAUUSD,sell,in,0.01,3023.00,2028,-0.04,0.00,0.00,1 663.07,
2025.04.04 19:23:24,2027,XAUUSD,buy,out,0.01,3023.02,2029,-0.04,0.00,-0.02,1 663.01,sl 3022.99
2025.04.04 19:40:05,2028,XAUUSD,sell,in,0.01,3033.60,2030,-0.04,0.00,0.00,1 662.97,
2025.04.04 19:40:44,2029,XAUUSD,buy,out,0.01,3033.44,2031,-0.04,0.00,0.16,1 663.09,sl 3033.44
2025.04.04 20:04:12,2030,XAUUSD,sell,in,0.01,3031.20,2032,-0.04,0.00,0.00,1 663.05,
2025.04.04 20:08:06,2031,XAUUSD,buy,out,0.01,3028.74,2033,-0.04,0.00,2.46,1 665.47,sl 3028.69
2025.04.04 20:28:14,2032,XAUUSD,sell,in,0.01,3021.57,2034,-0.04,0.00,0.00,1 665.43,
2025.04.04 20:29:31,2033,XAUUSD,buy,out,0.01,3018.56,2035,-0.04,0.00,3.01,1 668.40,sl 3018.55
2025.04.04 20:52:14,2034,XAUUSD,sell,in,0.01,3025.75,2036,-0.04,0.00,0.00,1 668.36,
2025.04.04 20:53:23,2035,XAUUSD,buy,out,0.01,3023.94,2037,-0.04,0.00,1.81,1 670.13,sl 3023.92
2025.04.04 21:16:19,2036,XAUUSD,sell,in,0.01,3022.81,2038,-0.04,0.00,0.00,1 670.09,
2025.04.04 21:22:55,2037,XAUUSD,buy,out,0.01,3022.57,2039,-0.04,0.00,0.24,1 670.29,sl 3022.54
2025.04.04 21:40:21,2038,XAUUSD,sell,in,0.01,3021.95,2040,-0.04,0.00,0.00,1 670.25,
2025.04.04 21:46:36,2039,XAUUSD,buy,out,0.01,3019.47,2041,-0.04,0.00,2.48,1 672.69,sl 3019.40
2025.04.04 22:04:29,2040,XAUUSD,sell,in,0.01,3027.10,2042,-0.04,0.00,0.00,1 672.65,
2025.04.04 22:06:03,2041,XAUUSD,buy,out,0.01,3026.58,2043,-0.04,0.00,0.52,1 673.13,sl 3026.51
2025.04.04 22:28:29,2042,XAUUSD,sell,in,0.01,3028.66,2044,-0.04,0.00,0.00,1 673.09,
2025.04.04 22:29:02,2043,XAUUSD,buy,out,0.01,3028.64,2045,-0.04,0.00,0.02,1 673.07,sl 3028.64
2025.04.04 22:52:43,2044,XAUUSD,sell,in,0.01,3037.60,2046,-0.04,0.00,0.00,1 673.03,
2025.04.04 22:54:22,2045,XAUUSD,buy,out,0.01,3037.05,2047,-0.04,0.00,0.55,1 673.54,sl 3037.00
2025.04.04 23:16:46,2046,XAUUSD,sell,in,0.01,3040.91,2048,-0.04,0.00,0.00,1 673.50,
2025.04.04 23:18:20,2047,XAUUSD,buy,out,0.01,3039.67,2049,-0.04,0.00,1.24,1 674.70,sl 3039.67
2025.04.04 23:40:46,2048,XAUUSD,sell,in,0.01,3036.72,2050,-0.04,0.00,0.00,1 674.66,
2025.04.04 23:45:49,2049,XAUUSD,buy,out,0.01,3036.68,2051,-0.04,0.00,0.04,1 674.66,sl 3036.61
2025.04.07 01:02:05,2050,XAUUSD,sell,in,0.01,3024.89,2052,-0.04,0.00,0.00,1 674.62,
2025.04.07 01:06:23,2051,XAUUSD,buy,out,0.01,3011.39,2053,-0.04,0.00,13.50,1 688.08,sl 3010.70
2025.04.07 01:26:07,2052,XAUUSD,sell,in,0.01,3014.95,2054,-0.04,0.00,0.00,1 688.04,
2025.04.07 01:26:16,2053,XAUUSD,buy,out,0.01,3014.71,2055,-0.04,0.00,0.24,1 688.24,sl 3014.22
2025.04.07 01:50:21,2054,XAUUSD,sell,in,0.01,3014.72,2056,-0.04,0.00,0.00,1 688.20,
2025.04.07 01:52:02,2055,XAUUSD,buy,out,0.01,3008.66,2057,-0.04,0.00,6.06,1 694.22,sl 3008.31
2025.04.07 02:14:28,2056,XAUUSD,sell,in,0.01,3009.42,2058,-0.04,0.00,0.00,1 694.18,
2025.04.07 02:14:36,2057,XAUUSD,buy,out,0.01,3009.41,2059,-0.04,0.00,0.01,1 694.15,sl 3009.41
2025.04.07 02:38:33,2058,XAUUSD,sell,in,0.01,2978.83,2060,-0.04,0.00,0.00,1 694.11,
2025.04.07 03:13:08,2059,XAUUSD,buy,out,0.01,2978.49,2061,-0.04,0.00,0.34,1 694.41,sl 2978.34
2025.04.07 03:13:18,2060,XAUUSD,sell,in,0.01,2979.54,2062,-0.04,0.00,0.00,1 694.37,
2025.04.07 03:13:34,2061,XAUUSD,buy,out,0.01,2979.49,2063,-0.04,0.00,0.05,1 694.38,sl 2979.46
2025.04.07 03:37:22,2062,XAUUSD,sell,in,0.01,2991.29,2064,-0.04,0.00,0.00,1 694.34,
2025.04.07 03:38:50,2063,XAUUSD,buy,out,0.01,2989.95,2065,-0.04,0.00,1.34,1 695.64,sl 2989.90
2025.04.07 04:01:24,2064,XAUUSD,sell,in,0.01,2992.65,2066,-0.04,0.00,0.00,1 695.60,
2025.04.07 04:02:05,2065,XAUUSD,buy,out,0.01,2988.47,2067,-0.04,0.00,4.18,1 699.74,sl 2988.15
2025.04.07 04:25:30,2066,XAUUSD,sell,in,0.01,3017.68,2068,-0.04,0.00,0.00,1 699.70,
2025.04.07 04:25:41,2067,XAUUSD,buy,out,0.01,3017.70,2069,-0.04,0.00,-0.02,1 699.64,sl 3017.64
2025.04.07 04:49:35,2068,XAUUSD,sell,in,0.01,3046.68,2070,-0.04,0.00,0.00,1 699.60,
2025.04.07 04:49:43,2069,XAUUSD,buy,out,0.01,3046.65,2071,-0.04,0.00,0.03,1 699.59,sl 3046.63
2025.04.07 05:13:50,2070,XAUUSD,sell,in,0.01,3048.44,2072,-0.04,0.00,0.00,1 699.55,
2025.04.07 05:19:11,2071,XAUUSD,buy,out,0.01,3048.15,2073,-0.04,0.00,0.29,1 699.80,sl 3048.00
2025.04.07 05:37:50,2072,XAUUSD,sell,in,0.01,3029.28,2074,-0.04,0.00,0.00,1 699.76,
2025.04.07 05:46:44,2073,XAUUSD,buy,out,0.01,3028.91,2075,-0.04,0.00,0.37,1 700.09,sl 3028.81
2025.04.07 06:01:58,2074,XAUUSD,sell,in,0.01,3027.38,2076,-0.04,0.00,0.00,1 700.05,
2025.04.07 06:02:33,2075,XAUUSD,buy,out,0.01,3027.35,2077,-0.04,0.00,0.03,1 700.04,sl 3027.33
2025.04.07 06:26:03,2076,XAUUSD,sell,in,0.01,3028.48,2078,-0.04,0.00,0.00,1 700.00,
2025.04.07 06:27:07,2077,XAUUSD,buy,out,0.01,3028.09,2079,-0.04,0.00,0.39,1 700.35,sl 3028.06
2025.04.07 06:50:08,2078,XAUUSD,sell,in,0.01,3020.86,2080,-0.04,0.00,0.00,1 700.31,
2025.04.07 06:50:41,2079,XAUUSD,buy,out,0.01,3020.88,2081,-0.04,0.00,-0.02,1 700.25,sl 3020.84
2025.04.07 07:14:12,2080,XAUUSD,sell,in,0.01,3028.80,2082,-0.04,0.00,0.00,1 700.21,
2025.04.07 07:15:26,2081,XAUUSD,buy,out,0.01,3026.77,2083,-0.04,0.00,2.03,1 702.20,sl 3026.68
2025.04.07 07:38:15,2082,XAUUSD,sell,in,0.01,3030.05,2084,-0.04,0.00,0.00,1 702.16,
2025.04.07 07:38:29,2083,XAUUSD,buy,out,0.01,3029.91,2085,-0.04,0.00,0.14,1 702.26,sl 3029.87
2025.04.09 10:11:07,2084,XAUUSD,buy,in,0.01,3047.44,2086,-0.04,0.00,0.00,1 702.22,
2025.04.09 10:11:30,2085,XAUUSD,sell,out,0.01,3050.99,2087,-0.04,0.00,3.55,1 705.73,sl 3051.13
2025.04.09 10:37:05,2086,XAUUSD,buy,in,0.01,3045.41,2088,-0.04,0.00,0.00,1 705.69,
2025.04.09 10:38:40,2087,XAUUSD,sell,out,0.01,3045.63,2089,-0.04,0.00,0.22,1 705.87,sl 3045.63
2025.04.09 11:12:41,2088,XAUUSD,buy,in,0.01,3046.80,2090,-0.04,0.00,0.00,1 705.83,
2025.04.09 11:17:25,2089,XAUUSD,sell,out,0.01,3049.68,2091,-0.04,0.00,2.88,1 708.67,sl 3049.68
2025.04.09 11:43:24,2090,XAUUSD,buy,in,0.01,3046.57,2092,-0.04,0.00,0.00,1 708.63,
2025.04.09 12:23:45,2091,XAUUSD,sell,out,0.01,3047.60,2093,-0.04,0.00,1.03,1 709.62,sl 3047.61
2025.04.09 12:23:52,2092,XAUUSD,buy,in,0.01,3047.89,2094,-0.04,0.00,0.00,1 709.58,
2025.04.09 12:34:59,2093,XAUUSD,sell,out,0.01,3047.89,2095,-0.04,0.00,0.00,1 709.54,sl 3047.91
2025.04.09 12:50:00,2094,XAUUSD,buy,in,0.01,3047.41,2096,-0.04,0.00,0.00,1 709.50,
2025.04.09 14:15:49,2095,XAUUSD,sell,out,0.01,3049.26,2097,-0.04,0.00,1.85,1 711.31,sl 3049.29
2025.04.09 14:15:51,2096,XAUUSD,buy,in,0.01,3049.35,2098,-0.04,0.00,0.00,1 711.27,
2025.04.09 14:16:33,2097,XAUUSD,sell,out,0.01,3049.36,2099,-0.04,0.00,0.01,1 711.24,sl 3049.37
2025.04.09 14:39:58,2098,XAUUSD,buy,in,0.01,3063.79,2100,-0.04,0.00,0.00,1 711.20,
2025.04.09 14:48:40,2099,XAUUSD,sell,out,0.01,3064.58,2101,-0.04,0.00,0.79,1 711.95,sl 3064.75
2025.04.09 15:04:16,2100,XAUUSD,buy,in,0.01,3071.33,2102,-0.04,0.00,0.00,1 711.91,
2025.04.09 16:34:50,2101,XAUUSD,sell,out,0.01,3071.66,2103,-0.04,0.00,0.33,1 712.20,sl 3071.67
2025.04.09 16:34:52,2102,XAUUSD,buy,in,0.01,3072.21,2104,-0.04,0.00,0.00,1 712.16,
2025.04.09 16:35:26,2103,XAUUSD,sell,out,0.01,3072.40,2105,-0.04,0.00,0.19,1 712.31,sl 3072.43
2025.04.09 16:58:55,2104,XAUUSD,buy,in,0.01,3075.27,2106,-0.04,0.00,0.00,1 712.27,
2025.04.09 16:59:44,2105,XAUUSD,sell,out,0.01,3075.26,2107,-0.04,0.00,-0.01,1 712.22,sl 3075.30
2025.04.09 17:23:03,2106,XAUUSD,buy,in,0.01,3082.10,2108,-0.04,0.00,0.00,1 712.18,
2025.04.09 17:23:57,2107,XAUUSD,sell,out,0.01,3083.41,2109,-0.04,0.00,1.31,1 713.45,sl 3083.42
2025.04.09 17:47:07,2108,XAUUSD,buy,in,0.01,3076.91,2110,-0.04,0.00,0.00,1 713.41,
2025.04.09 17:47:41,2109,XAUUSD,sell,out,0.01,3078.86,2111,-0.04,0.00,1.95,1 715.32,sl 3078.87
2025.04.09 18:11:14,2110,XAUUSD,buy,in,0.01,3074.18,2112,-0.04,0.00,0.00,1 715.28,
2025.04.09 18:12:12,2111,XAUUSD,sell,out,0.01,3074.67,2113,-0.04,0.00,0.49,1 715.73,sl 3074.73
2025.04.09 18:35:20,2112,XAUUSD,buy,in,0.01,3086.35,2114,-0.04,0.00,0.00,1 715.69,
2025.04.09 19:00:33,2113,XAUUSD,sell,out,0.01,3086.36,2115,-0.04,0.00,0.01,1 715.66,sl 3086.38
2025.04.09 19:00:49,2114,XAUUSD,buy,in,0.01,3084.82,2116,-0.04,0.00,0.00,1 715.62,
2025.04.09 19:03:53,2115,XAUUSD,sell,out,0.01,3085.88,2117,-0.04,0.00,1.06,1 716.64,sl 3085.89
2025.04.09 19:24:51,2116,XAUUSD,buy,in,0.01,3085.93,2118,-0.04,0.00,0.00,1 716.60,
2025.04.09 19:30:40,2117,XAUUSD,sell,out,0.01,3086.96,2119,-0.04,0.00,1.03,1 717.59,sl 3086.96
2025.04.09 19:49:01,2118,XAUUSD,buy,in,0.01,3090.50,2120,-0.04,0.00,0.00,1 717.55,
2025.04.09 19:51:17,2119,XAUUSD,sell,out,0.01,3091.33,2121,-0.04,0.00,0.83,1 718.34,sl 3091.33
2025.04.09 20:13:11,2120,XAUUSD,buy,in,0.01,3087.01,2122,-0.04,0.00,0.00,1 718.30,
2025.04.09 20:13:23,2121,XAUUSD,sell,out,0.01,3086.93,2123,-0.04,0.00,-0.08,1 718.18,sl 3087.03
2025.04.09 20:37:11,2122,XAUUSD,buy,in,0.01,3064.71,2124,-0.04,0.00,0.00,1 718.14,
2025.04.09 20:41:39,2123,XAUUSD,sell,out,0.01,3066.65,2125,-0.04,0.00,1.94,1 720.04,sl 3066.66
2025.04.09 21:01:17,2124,XAUUSD,buy,in,0.01,3064.03,2126,-0.04,0.00,0.00,1 720.00,
2025.04.09 21:01:25,2125,XAUUSD,sell,out,0.01,3064.56,2127,-0.04,0.00,0.53,1 720.49,sl 3064.57
2025.04.09 21:25:24,2126,XAUUSD,buy,in,0.01,3062.26,2128,-0.04,0.00,0.00,1 720.45,
2025.04.09 21:25:36,2127,XAUUSD,sell,out,0.01,3063.42,2129,-0.04,0.00,1.16,1 721.57,sl 3063.42
2025.04.09 21:49:33,2128,XAUUSD,buy,in,0.01,3067.36,2130,-0.04,0.00,0.00,1 721.53,
2025.04.09 21:57:13,2129,XAUUSD,sell,out,0.01,3067.46,2131,-0.04,0.00,0.10,1 721.59,sl 3067.46
2025.04.09 22:13:38,2130,XAUUSD,buy,in,0.01,3085.60,2132,-0.04,0.00,0.00,1 721.55,
2025.04.09 22:14:01,2131,XAUUSD,sell,out,0.01,3085.72,2133,-0.04,0.00,0.12,1 721.63,sl 3085.72
2025.04.09 22:37:42,2132,XAUUSD,buy,in,0.01,3088.73,2134,-0.04,0.00,0.00,1 721.59,
2025.04.09 22:39:28,2133,XAUUSD,sell,out,0.01,3089.43,2135,-0.04,0.00,0.70,1 722.25,sl 3089.50
2025.04.09 23:01:49,2134,XAUUSD,buy,in,0.01,3091.81,2136,-0.04,0.00,0.00,1 722.21,
2025.04.09 23:02:47,2135,XAUUSD,sell,out,0.01,3092.03,2137,-0.04,0.00,0.22,1 722.39,sl 3092.03
2025.04.09 23:25:54,2136,XAUUSD,buy,in,0.01,3090.18,2138,-0.04,0.00,0.00,1 722.35,
2025.04.09 23:26:55,2137,XAUUSD,sell,out,0.01,3091.04,2139,-0.04,0.00,0.86,1 723.17,sl 3091.05
2025.04.09 23:49:55,2138,XAUUSD,buy,in,0.01,3079.93,2140,-0.04,0.00,0.00,1 723.13,
2025.04.09 23:51:59,2139,XAUUSD,sell,out,0.01,3080.14,2141,-0.04,0.00,0.21,1 723.30,sl 3080.27
2025.04.10 01:02:03,2140,XAUUSD,buy,in,0.01,3082.17,2142,-0.04,0.00,0.00,1 723.26,
2025.04.10 01:22:03,2141,XAUUSD,sell,out,0.01,3082.46,2143,-0.04,0.00,0.29,1 723.51,sl 3082.47
2025.04.10 01:26:07,2142,XAUUSD,buy,in,0.01,3080.64,2144,-0.04,0.00,0.00,1 723.47,
2025.04.10 01:26:49,2143,XAUUSD,sell,out,0.01,3080.64,2145,-0.04,0.00,0.00,1 723.43,sl 3080.66
2025.04.10 01:50:14,2144,XAUUSD,buy,in,0.01,3084.90,2146,-0.04,0.00,0.00,1 723.39,
2025.04.10 02:28:02,2145,XAUUSD,sell,out,0.01,3084.91,2147,-0.04,0.00,0.01,1 723.36,sl 3085.05
2025.04.10 02:28:02,2146,XAUUSD,buy,in,0.01,3085.04,2148,-0.04,0.00,0.00,1 723.32,
2025.04.10 02:28:39,2147,XAUUSD,sell,out,0.01,3085.06,2149,-0.04,0.00,0.02,1 723.30,sl 3085.08
2025.04.10 02:52:03,2148,XAUUSD,buy,in,0.01,3084.11,2150,-0.04,0.00,0.00,1 723.26,
2025.04.10 02:53:38,2149,XAUUSD,sell,out,0.01,3084.94,2151,-0.04,0.00,0.83,1 724.05,sl 3084.96
2025.04.10 03:16:10,2150,XAUUSD,buy,in,0.01,3087.41,2152,-0.04,0.00,0.00,1 724.01,
2025.04.10 03:17:54,2151,XAUUSD,sell,out,0.01,3087.54,2153,-0.04,0.00,0.13,1 724.10,sl 3087.57
2025.04.10 03:40:17,2152,XAUUSD,buy,in,0.01,3096.26,2154,-0.04,0.00,0.00,1 724.06,
2025.04.10 03:41:35,2153,XAUUSD,sell,out,0.01,3097.93,2155,-0.04,0.00,1.67,1 725.69,sl 3097.94
2025.04.10 04:04:21,2154,XAUUSD,buy,in,0.01,3093.57,2156,-0.04,0.00,0.00,1 725.65,
2025.04.10 04:04:53,2155,XAUUSD,sell,out,0.01,3093.62,2157,-0.04,0.00,0.05,1 725.66,sl 3093.63
2025.04.10 04:28:32,2156,XAUUSD,buy,in,0.01,3087.07,2158,-0.04,0.00,0.00,1 725.62,
2025.04.10 04:29:35,2157,XAUUSD,sell,out,0.01,3087.15,2159,-0.04,0.00,0.08,1 725.66,sl 3087.21
2025.04.10 04:52:38,2158,XAUUSD,buy,in,0.01,3091.52,2160,-0.04,0.00,0.00,1 725.62,
2025.04.10 04:53:00,2159,XAUUSD,sell,out,0.01,3092.82,2161,-0.04,0.00,1.30,1 726.88,sl 3092.83
2025.04.17 19:48:33,2160,XAUUSD,buy,in,0.01,3314.48,2162,-0.04,0.00,0.00,1 726.84,
2025.04.17 19:49:02,2161,XAUUSD,sell,out,0.01,3315.04,2163,-0.04,0.00,0.56,1 727.36,sl 3315.06
2025.04.17 20:12:36,2162,XAUUSD,buy,in,0.01,3322.43,2164,-0.04,0.00,0.00,1 727.32,
2025.04.17 22:39:40,2163,XAUUSD,sell,in,0.15,3318.65,2165,-0.53,0.00,0.00,1 726.79,
2025.04.17 22:40:30,2164,XAUUSD,buy,out,0.15,3318.58,2166,-0.53,0.00,1.05,1 727.31,sl 3318.58
2025.04.17 23:26:52,2165,XAUUSD,sell,out,0.01,3323.16,2167,-0.04,0.00,0.73,1 728.00,sl 3323.19
2025.04.23 01:02:00,2166,XAUUSD,sell,in,0.01,3342.21,2168,-0.04,0.00,0.00,1 727.96,
2025.04.23 01:02:39,2167,XAUUSD,buy,out,0.01,3336.73,2169,-0.04,0.00,5.48,1 733.40,sl 3336.58
2025.04.23 01:26:05,2168,XAUUSD,sell,in,0.01,3332.48,2170,-0.04,0.00,0.00,1 733.36,
2025.04.23 01:26:52,2169,XAUUSD,buy,out,0.01,3332.30,2171,-0.04,0.00,0.18,1 733.50,sl 3332.19
2025.04.23 01:50:18,2170,XAUUSD,sell,in,0.01,3328.95,2172,-0.04,0.00,0.00,1 733.46,
2025.04.23 01:50:40,2171,XAUUSD,buy,out,0.01,3328.31,2173,-0.04,0.00,0.64,1 734.06,sl 3328.08
2025.04.23 02:14:20,2172,XAUUSD,sell,in,0.01,3340.23,2174,-0.04,0.00,0.00,1 734.02,
2025.04.23 02:29:06,2173,XAUUSD,buy,out,0.01,3339.48,2175,-0.04,0.00,0.75,1 734.73,sl 3339.41
2025.04.23 02:38:26,2174,XAUUSD,sell,in,0.01,3335.65,2176,-0.04,0.00,0.00,1 734.69,
2025.04.23 02:38:46,2175,XAUUSD,buy,out,0.01,3335.44,2177,-0.04,0.00,0.21,1 734.86,sl 3335.38
2025.04.23 03:02:28,2176,XAUUSD,sell,in,0.01,3339.82,2178,-0.04,0.00,0.00,1 734.82,
2025.04.23 03:03:08,2177,XAUUSD,buy,out,0.01,3339.26,2179,-0.04,0.00,0.56,1 735.34,sl 3339.24
2025.04.23 03:26:32,2178,XAUUSD,sell,in,0.01,3343.46,2180,-0.04,0.00,0.00,1 735.30,
2025.04.23 04:15:44,2179,XAUUSD,buy,in,0.15,3373.85,2181,-0.53,0.00,0.00,1 734.77,
2025.04.23 04:16:04,2180,XAUUSD,sell,out,0.15,3373.82,2182,-0.53,0.00,-0.45,1 733.79,sl 3373.87
2025.04.23 06:09:56,2181,XAUUSD,buy,out,0.01,3343.41,2183,-0.04,0.00,0.05,1 733.80,sl 3343.33
2025.04.24 09:17:45,2182,XAUUSD,sell,in,0.01,3317.36,2184,-0.04,0.00,0.00,1 733.76,
2025.04.24 09:18:12,2183,XAUUSD,buy,out,0.01,3316.26,2185,-0.04,0.00,1.10,1 734.82,sl 3316.13
2025.04.24 09:42:12,2184,XAUUSD,sell,in,0.01,3318.00,2186,-0.04,0.00,0.00,1 734.78,
2025.04.24 10:31:25,2185,XAUUSD,buy,in,0.15,3329.59,2187,-0.53,0.00,0.00,1 734.25,
2025.04.24 10:31:43,2186,XAUUSD,sell,out,0.15,3329.49,2188,-0.53,0.00,-1.50,1 732.22,sl 3329.69
2025.04.24 14:33:56,2187,XAUUSD,buy,out,0.01,3343.85,2189,-0.04,0.00,-25.85,1 706.33,
2025.04.24 16:45:09,2188,XAUUSD,sell,in,0.01,3316.83,2190,-0.04,0.00,0.00,1 706.29,
2025.04.24 16:50:12,2189,XAUUSD,buy,out,0.01,3315.64,2191,-0.04,0.00,1.19,1 707.44,sl 3315.64
2025.04.24 17:09:13,2190,XAUUSD,sell,in,0.01,3307.82,2192,-0.04,0.00,0.00,1 707.40,
2025.04.24 17:58:14,2191,XAUUSD,buy,in,0.15,3328.19,2193,-0.53,0.00,0.00,1 706.87,
2025.04.24 17:58:50,2192,XAUUSD,sell,out,0.15,3328.35,2194,-0.53,0.00,2.40,1 708.74,sl 3328.38
2025.04.24 22:43:42,2193,XAUUSD,buy,in,0.15,3341.15,2195,-0.53,0.00,0.00,1 708.21,
2025.04.24 22:48:40,2194,XAUUSD,sell,out,0.15,3343.25,2196,-0.53,0.00,31.50,1 739.18,sl 3343.28
2025.04.24 23:01:41,2195,XAUUSD,buy,in,0.15,3340.88,2197,-0.53,0.00,0.00,1 738.65,
2025.04.24 23:02:19,2196,XAUUSD,sell,out,0.15,3340.86,2198,-0.53,0.00,-0.30,1 737.82,sl 3340.90
2025.04.24 23:19:39,2197,XAUUSD,buy,in,0.15,3339.50,2199,-0.53,0.00,0.00,1 737.29,
2025.04.24 23:23:31,2198,XAUUSD,sell,out,0.15,3339.71,2200,-0.53,0.00,3.15,1 739.91,sl 3339.71
2025.04.25 01:12:32,2199,XAUUSD,buy,in,0.15,3341.97,2201,-0.53,0.00,0.00,1 739.38,
2025.04.25 01:13:19,2200,XAUUSD,sell,out,0.15,3344.01,2202,-0.53,0.00,30.60,1 769.45,sl 3344.10
2025.04.25 01:30:16,2201,XAUUSD,buy,out,0.01,3367.80,2203,-0.04,0.45,-59.98,1 709.88,
2025.04.25 08:32:01,2202,XAUUSD,sell,in,0.01,3314.05,2204,-0.04,0.00,0.00,1 709.84,
2025.04.25 08:33:25,2203,XAUUSD,buy,out,0.01,3314.01,2205,-0.04,0.00,0.04,1 709.84,sl 3314.01
2025.04.25 08:56:08,2204,XAUUSD,sell,in,0.01,3291.96,2206,-0.04,0.00,0.00,1 709.80,
2025.04.25 08:56:24,2205,XAUUSD,buy,out,0.01,3291.16,2207,-0.04,0.00,0.80,1 710.56,sl 3291.16
2025.04.25 09:20:13,2206,XAUUSD,sell,in,0.01,3295.86,2208,-0.04,0.00,0.00,1 710.52,
2025.04.25 09:21:10,2207,XAUUSD,buy,out,0.01,3295.84,2209,-0.04,0.00,0.02,1 710.50,sl 3295.83
2025.04.25 09:44:20,2208,XAUUSD,sell,in,0.01,3305.44,2210,-0.04,0.00,0.00,1 710.46,
2025.04.25 09:46:36,2209,XAUUSD,buy,out,0.01,3304.78,2211,-0.04,0.00,0.66,1 711.08,sl 3304.78
2025.04.25 10:08:27,2210,XAUUSD,sell,in,0.01,3307.83,2212,-0.04,0.00,0.00,1 711.04,
2025.04.25 10:10:19,2211,XAUUSD,buy,out,0.01,3306.76,2213,-0.04,0.00,1.07,1 712.07,sl 3306.70
2025.04.25 10:32:31,2212,XAUUSD,sell,in,0.01,3307.48,2214,-0.04,0.00,0.00,1 712.03,
2025.04.25 10:32:57,2213,XAUUSD,buy,out,0.01,3307.49,2215,-0.04,0.00,-0.01,1 711.98,sl 3307.45
2025.04.25 10:56:35,2214,XAUUSD,sell,in,0.01,3306.06,2216,-0.04,0.00,0.00,1 711.94,
2025.04.25 11:04:07,2215,XAUUSD,buy,out,0.01,3303.32,2217,-0.04,0.00,2.74,1 714.64,sl 3303.32
2025.04.25 11:20:39,2216,XAUUSD,sell,in,0.01,3292.53,2218,-0.04,0.00,0.00,1 714.60,
2025.04.25 12:09:46,2217,XAUUSD,buy,in,0.15,3308.50,2219,-0.53,0.00,0.00,1 714.07,
2025.04.25 14:42:39,2218,XAUUSD,buy,out,0.01,3292.20,2220,-0.04,0.00,0.33,1 714.36,sl 3292.17
2025.04.25 14:45:13,2219,XAUUSD,sell,out,0.15,3290.08,2221,-0.53,0.00,-276.30,1 437.53,
2025.04.28 04:25:19,2220,XAUUSD,sell,in,0.01,3292.58,2222,-0.04,0.00,0.00,1 437.49,
2025.04.28 04:27:17,2221,XAUUSD,buy,out,0.01,3292.56,2223,-0.04,0.00,0.02,1 437.47,sl 3292.56
2025.04.28 04:49:37,2222,XAUUSD,sell,in,0.01,3287.91,2224,-0.04,0.00,0.00,1 437.43,
2025.04.28 04:49:53,2223,XAUUSD,buy,out,0.01,3287.90,2225,-0.04,0.00,0.01,1 437.40,sl 3287.90
2025.04.28 05:13:43,2224,XAUUSD,sell,in,0.01,3268.63,2226,-0.04,0.00,0.00,1 437.36,
2025.04.28 06:02:44,2225,XAUUSD,buy,in,0.15,3283.12,2227,-0.53,0.00,0.00,1 436.83,
2025.04.28 06:03:18,2226,XAUUSD,sell,out,0.15,3283.53,2228,-0.53,0.00,6.15,1 442.45,sl 3283.56
2025.04.28 17:22:29,2227,XAUUSD,buy,out,0.01,3310.63,2229,-0.04,0.00,-42.00,1 400.41,
2025.04.28 21:23:38,2228,XAUUSD,buy,in,0.01,3341.34,2230,-0.04,0.00,0.00,1 400.37,
2025.04.28 21:25:14,2229,XAUUSD,sell,out,0.01,3345.12,2231,-0.04,0.00,3.78,1 404.11,sl 3345.12
2025.04.28 21:47:43,2230,XAUUSD,buy,in,0.01,3348.99,2232,-0.04,0.00,0.00,1 404.07,
2025.04.28 21:49:17,2231,XAUUSD,sell,out,0.01,3348.96,2233,-0.04,0.00,-0.03,1 404.00,sl 3349.04
2025.04.28 22:11:47,2232,XAUUSD,buy,in,0.01,3350.96,2234,-0.04,0.00,0.00,1 403.96,
2025.04.28 22:31:05,2233,XAUUSD,sell,out,0.01,3350.96,2235,-0.04,0.00,0.00,1 403.92,sl 3350.99
2025.04.28 22:35:47,2234,XAUUSD,buy,in,0.01,3349.98,2236,-0.04,0.00,0.00,1 403.88,
2025.04.28 22:46:28,2235,XAUUSD,sell,out,0.01,3350.07,2237,-0.04,0.00,0.09,1 403.93,sl 3350.08
2025.04.28 22:59:54,2236,XAUUSD,buy,in,0.01,3352.27,2238,-0.04,0.00,0.00,1 403.89,
2025.04.29 01:27:06,2237,XAUUSD,sell,in,0.15,3332.94,2239,-0.53,0.00,0.00,1 403.36,
2025.04.29 03:29:01,2238,XAUUSD,buy,out,0.15,3331.69,2240,-0.53,0.00,18.75,1 421.58,sl 3331.68
2025.04.29 06:00:42,2239,XAUUSD,sell,out,0.01,3318.67,2241,-0.04,-0.52,-33.60,1 387.42,
2025.04.30 11:14:49,2240,XAUUSD,sell,in,0.01,3286.48,2242,-0.04,0.00,0.00,1 387.38,
2025.04.30 11:15:13,2241,XAUUSD,buy,out,0.01,3285.70,2243,-0.04,0.00,0.78,1 388.12,sl 3285.60
2025.04.30 11:39:19,2242,XAUUSD,sell,in,0.01,3286.62,2244,-0.04,0.00,0.00,1 388.08,
2025.04.30 11:39:44,2243,XAUUSD,buy,out,0.01,3286.67,2245,-0.04,0.00,-0.05,1 387.99,sl 3286.58
2025.04.30 12:03:20,2244,XAUUSD,sell,in,0.01,3284.15,2246,-0.04,0.00,0.00,1 387.95,
2025.04.30 12:04:20,2245,XAUUSD,buy,out,0.01,3284.13,2247,-0.04,0.00,0.02,1 387.93,sl 3284.10
2025.04.30 12:27:27,2246,XAUUSD,sell,in,0.01,3281.37,2248,-0.04,0.00,0.00,1 387.89,
2025.04.30 12:49:03,2247,XAUUSD,buy,out,0.01,3281.26,2249,-0.04,0.00,0.11,1 387.96,sl 3281.26
2025.04.30 12:51:29,2248,XAUUSD,sell,in,0.01,3279.33,2250,-0.04,0.00,0.00,1 387.92,
2025.04.30 12:52:07,2249,XAUUSD,buy,out,0.01,3279.30,2251,-0.04,0.00,0.03,1 387.91,sl 3279.26
2025.04.30 13:15:31,2250,XAUUSD,sell,in,0.01,3273.72,2252,-0.04,0.00,0.00,1 387.87,
2025.04.30 13:19:38,2251,XAUUSD,buy,out,0.01,3273.10,2253,-0.04,0.00,0.62,1 388.45,sl 3273.10
2025.04.30 13:39:33,2252,XAUUSD,sell,in,0.01,3278.80,2254,-0.04,0.00,0.00,1 388.41,
2025.04.30 13:40:23,2253,XAUUSD,buy,out,0.01,3278.72,2255,-0.04,0.00,0.08,1 388.45,sl 3278.70
2025.04.30 14:03:35,2254,XAUUSD,sell,in,0.01,3268.90,2256,-0.04,0.00,0.00,1 388.41,
2025.04.30 14:03:47,2255,XAUUSD,buy,out,0.01,3268.86,2257,-0.04,0.00,0.04,1 388.41,sl 3268.86
2025.04.30 14:27:41,2256,XAUUSD,sell,in,0.01,3280.18,2258,-0.04,0.00,0.00,1 388.37,
2025.04.30 14:29:24,2257,XAUUSD,buy,out,0.01,3280.22,2259,-0.04,0.00,-0.04,1 388.29,sl 3280.14
2025.04.30 14:51:48,2258,XAUUSD,sell,in,0.01,3275.68,2260,-0.04,0.00,0.00,1 388.25,
2025.04.30 14:52:57,2259,XAUUSD,buy,out,0.01,3275.59,2261,-0.04,0.00,0.09,1 388.30,sl 3275.56
2025.04.30 15:15:48,2260,XAUUSD,sell,in,0.01,3278.69,2262,-0.04,0.00,0.00,1 388.26,
2025.04.30 16:04:53,2261,XAUUSD,buy,in,0.15,3297.75,2263,-0.53,0.00,0.00,1 387.73,
2025.04.30 16:06:45,2262,XAUUSD,sell,out,0.15,3299.94,2264,-0.53,0.00,32.85,1 420.05,sl 3299.94
2025.04.30 16:35:35,2263,XAUUSD,buy,out,0.01,3308.94,2265,-0.04,0.00,-30.25,1 389.76,
2025.05.01 01:13:48,2264,XAUUSD,sell,in,0.01,3280.29,2266,-0.04,0.00,0.00,1 389.72,
2025.05.01 01:14:52,2265,XAUUSD,buy,out,0.01,3275.31,2267,-0.04,0.00,4.98,1 394.66,sl 3275.26
2025.05.01 01:37:51,2266,XAUUSD,sell,in,0.01,3276.64,2268,-0.04,0.00,0.00,1 394.62,
2025.05.01 01:38:55,2267,XAUUSD,buy,out,0.01,3273.14,2269,-0.04,0.00,3.50,1 398.08,sl 3273.01
2025.05.01 02:02:06,2268,XAUUSD,sell,in,0.01,3277.98,2270,-0.04,0.00,0.00,1 398.04,
2025.05.01 02:02:53,2269,XAUUSD,buy,out,0.01,3276.88,2271,-0.04,0.00,1.10,1 399.10,sl 3276.87
2025.05.01 02:26:12,2270,XAUUSD,sell,in,0.01,3277.17,2272,-0.04,0.00,0.00,1 399.06,
2025.05.01 02:31:02,2271,XAUUSD,buy,out,0.01,3276.71,2273,-0.04,0.00,0.46,1 399.48,sl 3276.71
2025.05.01 02:50:16,2272,XAUUSD,sell,in,0.01,3275.93,2274,-0.04,0.00,0.00,1 399.44,
2025.05.01 02:52:37,2273,XAUUSD,buy,out,0.01,3273.66,2275,-0.04,0.00,2.27,1 401.67,sl 3273.63
2025.05.01 03:14:20,2274,XAUUSD,sell,in,0.01,3274.74,2276,-0.04,0.00,0.00,1 401.63,
2025.05.01 03:17:08,2275,XAUUSD,buy,out,0.01,3274.62,2277,-0.04,0.00,0.12,1 401.71,sl 3274.62
2025.05.01 03:38:27,2276,XAUUSD,sell,in,0.01,3252.25,2278,-0.04,0.00,0.00,1 401.67,
2025.05.01 03:38:51,2277,XAUUSD,buy,out,0.01,3248.56,2279,-0.04,0.00,3.69,1 405.32,sl 3248.53
2025.05.01 04:02:33,2278,XAUUSD,sell,in,0.01,3244.44,2280,-0.04,0.00,0.00,1 405.28,
2025.05.01 04:05:06,2279,XAUUSD,buy,out,0.01,3243.85,2281,-0.04,0.00,0.59,1 405.83,sl 3243.72
2025.05.01 04:26:41,2280,XAUUSD,sell,in,0.01,3247.38,2282,-0.04,0.00,0.00,1 405.79,
2025.05.01 04:27:57,2281,XAUUSD,buy,out,0.01,3247.36,2283,-0.04,0.00,0.02,1 405.77,sl 3247.35
2025.05.01 04:50:48,2282,XAUUSD,sell,in,0.01,3236.96,2284,-0.04,0.00,0.00,1 405.73,
2025.05.01 04:51:02,2283,XAUUSD,buy,out,0.01,3236.96,2285,-0.04,0.00,0.00,1 405.69,sl 3236.95
2025.05.01 05:14:56,2284,XAUUSD,sell,in,0.01,3240.36,2286,-0.04,0.00,0.00,1 405.65,
2025.05.01 05:51:31,2285,XAUUSD,buy,out,0.01,3240.38,2287,-0.04,0.00,-0.02,1 405.59,sl 3240.35
2025.05.01 05:51:39,2286,XAUUSD,sell,in,0.01,3240.39,2288,-0.04,0.00,0.00,1 405.55,
2025.05.01 05:52:05,2287,XAUUSD,buy,out,0.01,3240.51,2289,-0.04,0.00,-0.12,1 405.39,sl 3240.37
2025.05.01 06:15:45,2288,XAUUSD,sell,in,0.01,3234.37,2290,-0.04,0.00,0.00,1 405.35,
2025.05.01 06:17:53,2289,XAUUSD,buy,out,0.01,3234.35,2291,-0.04,0.00,0.02,1 405.33,sl 3234.35
2025.05.01 06:39:46,2290,XAUUSD,sell,in,0.01,3232.26,2292,-0.04,0.00,0.00,1 405.29,
2025.05.01 06:40:21,2291,XAUUSD,buy,out,0.01,3232.39,2293,-0.04,0.00,-0.13,1 405.12,sl 3232.14
2025.05.01 07:03:50,2292,XAUUSD,sell,in,0.01,3228.66,2294,-0.04,0.00,0.00,1 405.08,
2025.05.01 07:04:09,2293,XAUUSD,buy,out,0.01,3228.54,2295,-0.04,0.00,0.12,1 405.16,sl 3228.49
2025.05.01 07:27:54,2294,XAUUSD,sell,in,0.01,3225.96,2296,-0.04,0.00,0.00,1 405.12,
2025.05.01 07:30:25,2295,XAUUSD,buy,out,0.01,3225.51,2297,-0.04,0.00,0.45,1 405.53,sl 3225.40
2025.05.01 07:52:01,2296,XAUUSD,sell,in,0.01,3231.66,2298,-0.04,0.00,0.00,1 405.49,
2025.05.01 07:54:24,2297,XAUUSD,buy,out,0.01,3228.77,2299,-0.04,0.00,2.89,1 408.34,sl 3228.76
2025.05.01 08:16:08,2298,XAUUSD,sell,in,0.01,3228.97,2300,-0.04,0.00,0.00,1 408.30,
2025.05.01 08:26:55,2299,XAUUSD,buy,out,0.01,3228.63,2301,-0.04,0.00,0.34,1 408.60,sl 3228.58
2025.05.01 08:40:10,2300,XAUUSD,sell,in,0.01,3235.19,2302,-0.04,0.00,0.00,1 408.56,
2025.05.01 08:42:39,2301,XAUUSD,buy,out,0.01,3234.80,2303,-0.04,0.00,0.39,1 408.91,sl 3234.78
2025.05.01 09:04:16,2302,XAUUSD,sell,in,0.01,3239.64,2304,-0.04,0.00,0.00,1 408.87,
2025.05.01 09:13:24,2303,XAUUSD,buy,out,0.01,3239.02,2305,-0.04,0.00,0.62,1 409.45,sl 3238.92
2025.05.01 09:28:21,2304,XAUUSD,sell,in,0.01,3236.59,2306,-0.04,0.00,0.00,1 409.41,
2025.05.01 09:29:13,2305,XAUUSD,buy,out,0.01,3236.31,2307,-0.04,0.00,0.28,1 409.65,sl 3236.29
2025.05.01 09:52:22,2306,XAUUSD,sell,in,0.01,3237.71,2308,-0.04,0.00,0.00,1 409.61,
2025.05.01 09:53:01,2307,XAUUSD,buy,out,0.01,3236.39,2309,-0.04,0.00,1.32,1 410.89,sl 3236.36
2025.05.01 10:16:31,2308,XAUUSD,sell,in,0.01,3230.83,2310,-0.04,0.00,0.00,1 410.85,
2025.05.01 10:16:52,2309,XAUUSD,buy,out,0.01,3229.68,2311,-0.04,0.00,1.15,1 411.96,sl 3229.66
2025.05.01 10:40:47,2310,XAUUSD,sell,in,0.01,3231.63,2312,-0.04,0.00,0.00,1 411.92,
2025.05.01 10:51:40,2311,XAUUSD,buy,out,0.01,3230.90,2313,-0.04,0.00,0.73,1 412.61,sl 3230.89
2025.05.01 11:04:52,2312,XAUUSD,sell,in,0.01,3233.71,2314,-0.04,0.00,0.00,1 412.57,
2025.05.01 11:11:30,2313,XAUUSD,buy,out,0.01,3233.65,2315,-0.04,0.00,0.06,1 412.59,sl 3233.58
2025.05.01 11:28:59,2314,XAUUSD,sell,in,0.01,3235.24,2316,-0.04,0.00,0.00,1 412.55,
2025.05.01 11:30:46,2315,XAUUSD,buy,out,0.01,3234.77,2317,-0.04,0.00,0.47,1 412.98,sl 3234.76
2025.05.01 11:53:03,2316,XAUUSD,sell,in,0.01,3233.87,2318,-0.04,0.00,0.00,1 412.94,
2025.05.01 11:55:32,2317,XAUUSD,buy,out,0.01,3233.58,2319,-0.04,0.00,0.29,1 413.19,sl 3233.58
2025.05.01 12:17:03,2318,XAUUSD,sell,in,0.01,3230.10,2320,-0.04,0.00,0.00,1 413.15,
2025.05.01 12:18:07,2319,XAUUSD,buy,out,0.01,3230.04,2321,-0.04,0.00,0.06,1 413.17,sl 3230.02
2025.05.01 12:41:05,2320,XAUUSD,sell,in,0.01,3222.55,2322,-0.04,0.00,0.00,1 413.13,
2025.05.01 12:41:31,2321,XAUUSD,buy,out,0.01,3222.54,2323,-0.04,0.00,0.01,1 413.10,sl 3222.52
2025.05.01 13:05:10,2322,XAUUSD,sell,in,0.01,3217.90,2324,-0.04,0.00,0.00,1 413.06,
2025.05.01 13:06:22,2323,XAUUSD,buy,out,0.01,3217.74,2325,-0.04,0.00,0.16,1 413.18,sl 3217.73
2025.05.01 13:29:12,2324,XAUUSD,sell,in,0.01,3217.51,2326,-0.04,0.00,0.00,1 413.14,
2025.05.01 14:18:13,2325,XAUUSD,buy,in,0.15,3223.73,2327,-0.53,0.00,0.00,1 412.61,
2025.05.01 14:19:08,2326,XAUUSD,sell,out,0.15,3224.87,2328,-0.53,0.00,17.10,1 429.18,sl 3224.87
2025.05.01 14:41:38,2327,XAUUSD,buy,out,0.01,3217.41,2329,-0.04,0.00,0.10,1 429.24,sl 3217.41
2025.05.02 18:48:47,2328,XAUUSD,sell,in,0.01,3233.57,2330,-0.04,0.00,0.00,1 429.20,
2025.05.02 18:49:38,2329,XAUUSD,buy,out,0.01,3233.51,2331,-0.04,0.00,0.06,1 429.22,sl 3233.50
2025.05.02 19:12:51,2330,XAUUSD,sell,in,0.01,3225.67,2332,-0.04,0.00,0.00,1 429.18,
2025.05.02 19:56:58,2331,XAUUSD,buy,out,0.01,3225.12,2333,-0.04,0.00,0.55,1 429.69,sl 3225.09
2025.05.02 19:57:06,2332,XAUUSD,sell,in,0.01,3225.52,2334,-0.04,0.00,0.00,1 429.65,
2025.05.02 19:57:21,2333,XAUUSD,buy,out,0.01,3225.25,2335,-0.04,0.00,0.27,1 429.88,sl 3225.23
2025.05.02 20:37:22,2334,XAUUSD,sell,in,0.01,3231.94,2336,-0.04,0.00,0.00,1 429.84,
2025.05.02 20:37:47,2335,XAUUSD,buy,out,0.01,3231.88,2337,-0.04,0.00,0.06,1 429.86,sl 3231.88
2025.05.02 21:01:27,2336,XAUUSD,sell,in,0.01,3230.95,2338,-0.04,0.00,0.00,1 429.82,
2025.05.02 21:02:15,2337,XAUUSD,buy,out,0.01,3230.67,2339,-0.04,0.00,0.28,1 430.06,sl 3230.65
2025.05.02 21:25:32,2338,XAUUSD,sell,in,0.01,3227.79,2340,-0.04,0.00,0.00,1 430.02,
2025.05.02 21:32:10,2339,XAUUSD,buy,out,0.01,3227.65,2341,-0.04,0.00,0.14,1 430.12,sl 3227.65
2025.05.02 21:49:31,2340,XAUUSD,sell,in,0.01,3227.36,2342,-0.04,0.00,0.00,1 430.08,
2025.05.02 21:52:20,2341,XAUUSD,buy,out,0.01,3226.61,2343,-0.04,0.00,0.75,1 430.79,sl 3226.61
2025.05.02 22:13:43,2342,XAUUSD,sell,in,0.01,3229.83,2344,-0.04,0.00,0.00,1 430.75,
2025.05.02 22:15:49,2343,XAUUSD,buy,out,0.01,3228.55,2345,-0.04,0.00,1.28,1 431.99,sl 3228.54
2025.05.02 22:37:45,2344,XAUUSD,sell,in,0.01,3229.40,2346,-0.04,0.00,0.00,1 431.95,
2025.05.02 23:26:53,2345,XAUUSD,buy,in,0.15,3239.48,2347,-0.53,0.00,0.00,1 431.42,
2025.05.02 23:28:32,2346,XAUUSD,sell,out,0.15,3239.61,2348,-0.53,0.00,1.95,1 432.84,sl 3239.62
2025.05.05 04:07:51,2347,XAUUSD,buy,in,0.15,3255.24,2349,-0.53,0.00,0.00,1 432.31,
2025.05.05 04:09:23,2348,XAUUSD,sell,out,0.15,3255.45,2350,-0.53,0.00,3.15,1 434.93,sl 3255.45
2025.05.05 04:25:56,2349,XAUUSD,buy,out,0.01,3264.63,2351,-0.04,0.45,-35.23,1 400.11,
2025.05.05 12:02:49,2350,XAUUSD,buy,in,0.01,3286.78,2352,-0.04,0.00,0.00,1 400.07,
2025.05.05 12:05:09,2351,XAUUSD,sell,out,0.01,3288.54,2353,-0.04,0.00,1.76,1 401.79,sl 3288.57
2025.05.05 12:26:51,2352,XAUUSD,buy,in,0.01,3298.90,2354,-0.04,0.00,0.00,1 401.75,
2025.05.05 12:27:39,2353,XAUUSD,sell,out,0.01,3298.89,2355,-0.04,0.00,-0.01,1 401.70,sl 3298.96
2025.05.05 12:50:52,2354,XAUUSD,buy,in,0.01,3301.48,2356,-0.04,0.00,0.00,1 401.66,
2025.05.05 12:51:24,2355,XAUUSD,sell,out,0.01,3301.80,2357,-0.04,0.00,0.32,1 401.94,sl 3301.81
2025.05.05 13:14:53,2356,XAUUSD,buy,in,0.01,3311.12,2358,-0.04,0.00,0.00,1 401.90,
2025.05.05 13:17:18,2357,XAUUSD,sell,out,0.01,3311.17,2359,-0.04,0.00,0.05,1 401.91,sl 3311.17
2025.05.05 13:39:02,2358,XAUUSD,buy,in,0.01,3312.88,2360,-0.04,0.00,0.00,1 401.87,
2025.05.05 13:42:39,2359,XAUUSD,sell,out,0.01,3314.16,2361,-0.04,0.00,1.28,1 403.11,sl 3314.21
2025.05.05 14:03:07,2360,XAUUSD,buy,in,0.01,3312.62,2362,-0.04,0.00,0.00,1 403.07,
2025.05.05 14:03:33,2361,XAUUSD,sell,out,0.01,3313.21,2363,-0.04,0.00,0.59,1 403.62,sl 3313.25
2025.05.05 14:27:14,2362,XAUUSD,buy,in,0.01,3314.47,2364,-0.04,0.00,0.00,1 403.58,
2025.05.05 14:29:47,2363,XAUUSD,sell,out,0.01,3314.54,2365,-0.04,0.00,0.07,1 403.61,sl 3314.55
2025.05.05 14:51:19,2364,XAUUSD,buy,in,0.01,3314.48,2366,-0.04,0.00,0.00,1 403.57,
2025.05.05 15:03:15,2365,XAUUSD,sell,out,0.01,3315.08,2367,-0.04,0.00,0.60,1 404.13,sl 3315.09
2025.05.05 15:15:23,2366,XAUUSD,buy,in,0.01,3315.59,2368,-0.04,0.00,0.00,1 404.09,
2025.05.05 15:17:27,2367,XAUUSD,sell,out,0.01,3316.75,2369,-0.04,0.00,1.16,1 405.21,sl 3316.75
2025.05.05 15:39:27,2368,XAUUSD,buy,in,0.01,3318.75,2370,-0.04,0.00,0.00,1 405.17,
2025.05.05 15:41:09,2369,XAUUSD,sell,out,0.01,3318.90,2371,-0.04,0.00,0.15,1 405.28,sl 3318.98
2025.05.05 16:03:31,2370,XAUUSD,buy,in,0.01,3318.03,2372,-0.04,0.00,0.00,1 405.24,
2025.05.05 16:05:45,2371,XAUUSD,sell,out,0.01,3318.90,2373,-0.04,0.00,0.87,1 406.07,sl 3318.91
2025.05.05 16:27:32,2372,XAUUSD,buy,in,0.01,3319.16,2374,-0.04,0.00,0.00,1 406.03,
2025.05.05 16:28:16,2373,XAUUSD,sell,out,0.01,3319.18,2375,-0.04,0.00,0.02,1 406.01,sl 3319.19
2025.05.05 16:51:36,2374,XAUUSD,buy,in,0.01,3318.25,2376,-0.04,0.00,0.00,1 405.97,
2025.05.05 16:52:37,2375,XAUUSD,sell,out,0.01,3319.18,2377,-0.04,0.00,0.93,1 406.86,sl 3319.18
2025.05.05 17:15:40,2376,XAUUSD,buy,in,0.01,3314.41,2378,-0.04,0.00,0.00,1 406.82,
2025.05.05 17:16:09,2377,XAUUSD,sell,out,0.01,3314.32,2379,-0.04,0.00,-0.09,1 406.69,sl 3314.47
2025.05.05 17:39:40,2378,XAUUSD,buy,in,0.01,3313.76,2380,-0.04,0.00,0.00,1 406.65,
2025.05.05 17:43:03,2379,XAUUSD,sell,out,0.01,3314.23,2381,-0.04,0.00,0.47,1 407.08,sl 3314.30
2025.05.05 18:03:41,2380,XAUUSD,buy,in,0.01,3311.66,2382,-0.04,0.00,0.00,1 407.04,
2025.05.05 18:04:23,2381,XAUUSD,sell,out,0.01,3311.91,2383,-0.04,0.00,0.25,1 407.25,sl 3311.91
2025.05.05 18:27:41,2382,XAUUSD,buy,in,0.01,3311.95,2384,-0.04,0.00,0.00,1 407.21,
2025.05.05 18:28:09,2383,XAUUSD,sell,out,0.01,3312.31,2385,-0.04,0.00,0.36,1 407.53,sl 3312.33
2025.05.05 18:51:47,2384,XAUUSD,buy,in,0.01,3314.85,2386,-0.04,0.00,0.00,1 407.49,
2025.05.05 20:28:06,2385,XAUUSD,sell,out,0.01,3315.10,2387,-0.04,0.00,0.25,1 407.70,sl 3315.23
2025.05.05 20:28:24,2386,XAUUSD,buy,in,0.01,3313.82,2388,-0.04,0.00,0.00,1 407.66,
2025.05.05 20:29:15,2387,XAUUSD,sell,out,0.01,3314.08,2389,-0.04,0.00,0.26,1 407.88,sl 3314.11
2025.05.05 20:52:42,2388,XAUUSD,buy,in,0.01,3314.84,2390,-0.04,0.00,0.00,1 407.84,
2025.05.05 20:54:05,2389,XAUUSD,sell,out,0.01,3314.84,2391,-0.04,0.00,0.00,1 407.80,sl 3314.86
2025.05.05 21:16:48,2390,XAUUSD,buy,in,0.01,3316.63,2392,-0.04,0.00,0.00,1 407.76,
2025.05.05 21:21:34,2391,XAUUSD,sell,out,0.01,3318.25,2393,-0.04,0.00,1.62,1 409.34,sl 3318.30
2025.05.05 21:40:53,2392,XAUUSD,buy,in,0.01,3320.32,2394,-0.04,0.00,0.00,1 409.30,
2025.05.05 21:43:42,2393,XAUUSD,sell,out,0.01,3320.38,2395,-0.04,0.00,0.06,1 409.32,sl 3320.39
2025.05.05 22:05:03,2394,XAUUSD,buy,in,0.01,3324.26,2396,-0.04,0.00,0.00,1 409.28,
2025.05.05 22:08:05,2395,XAUUSD,sell,out,0.01,3324.79,2397,-0.04,0.00,0.53,1 409.77,sl 3324.88
2025.05.05 22:29:05,2396,XAUUSD,buy,in,0.01,3335.86,2398,-0.04,0.00,0.00,1 409.73,
2025.05.05 22:30:07,2397,XAUUSD,sell,out,0.01,3335.98,2399,-0.04,0.00,0.12,1 409.81,sl 3336.02
2025.05.05 22:53:15,2398,XAUUSD,buy,in,0.01,3332.71,2400,-0.04,0.00,0.00,1 409.77,
2025.05.05 22:55:48,2399,XAUUSD,sell,out,0.01,3332.91,2401,-0.04,0.00,0.20,1 409.93,sl 3332.92
2025.05.05 23:17:16,2400,XAUUSD,buy,in,0.01,3330.46,2402,-0.04,0.00,0.00,1 409.89,
2025.05.05 23:20:32,2401,XAUUSD,sell,out,0.01,3330.47,2403,-0.04,0.00,0.01,1 409.86,sl 3330.48
2025.05.05 23:41:24,2402,XAUUSD,buy,in,0.01,3333.57,2404,-0.04,0.00,0.00,1 409.82,
2025.05.05 23:56:08,2403,XAUUSD,sell,out,0.01,3334.42,2405,-0.04,0.00,0.85,1 410.63,
2025.05.06 01:02:04,2404,XAUUSD,buy,in,0.01,3337.11,2406,-0.04,0.00,0.00,1 410.59,
2025.05.06 01:02:57,2405,XAUUSD,sell,out,0.01,3337.22,2407,-0.04,0.00,0.11,1 410.66,sl 3337.23
2025.05.06 01:26:08,2406,XAUUSD,buy,in,0.01,3329.73,2408,-0.04,0.00,0.00,1 410.62,
2025.05.06 01:30:56,2407,XAUUSD,sell,out,0.01,3329.82,2409,-0.04,0.00,0.09,1 410.67,sl 3329.84
2025.05.06 01:50:08,2408,XAUUSD,buy,in,0.01,3332.40,2410,-0.04,0.00,0.00,1 410.63,
2025.05.06 02:05:15,2409,XAUUSD,sell,out,0.01,3332.40,2411,-0.04,0.00,0.00,1 410.59,sl 3332.48
2025.05.06 02:14:16,2410,XAUUSD,buy,in,0.01,3331.26,2412,-0.04,0.00,0.00,1 410.55,
2025.05.06 02:14:51,2411,XAUUSD,sell,out,0.01,3331.22,2413,-0.04,0.00,-0.04,1 410.47,sl 3331.29
2025.05.06 02:38:21,2412,XAUUSD,buy,in,0.01,3333.54,2414,-0.04,0.00,0.00,1 410.43,
2025.05.06 02:49:02,2413,XAUUSD,sell,out,0.01,3333.81,2415,-0.04,0.00,0.27,1 410.66,sl 3333.90
2025.05.06 03:02:23,2414,XAUUSD,buy,in,0.01,3333.81,2416,-0.04,0.00,0.00,1 410.62,
2025.05.06 03:03:10,2415,XAUUSD,sell,out,0.01,3333.82,2417,-0.04,0.00,0.01,1 410.59,sl 3333.84
2025.05.06 03:26:23,2416,XAUUSD,buy,in,0.01,3324.95,2418,-0.04,0.00,0.00,1 410.55,
2025.05.06 03:27:40,2417,XAUUSD,sell,out,0.01,3325.81,2419,-0.04,0.00,0.86,1 411.37,
2025.05.06 03:50:32,2418,XAUUSD,buy,in,0.01,3328.47,2420,-0.04,0.00,0.00,1 411.33,
2025.05.06 03:59:14,2419,XAUUSD,sell,out,0.01,3328.92,2421,-0.04,0.00,0.45,1 411.74,sl 3328.93
2025.05.06 04:14:44,2420,XAUUSD,buy,in,0.01,3363.90,2422,-0.04,0.00,0.00,1 411.70,
2025.05.06 04:14:49,2421,XAUUSD,sell,out,0.01,3363.93,2423,-0.04,0.00,0.03,1 411.69,sl 3363.99
2025.05.06 04:38:59,2422,XAUUSD,buy,in,0.01,3369.61,2424,-0.04,0.00,0.00,1 411.65,
2025.05.06 04:39:22,2423,XAUUSD,sell,out,0.01,3369.69,2425,-0.04,0.00,0.08,1 411.69,sl 3369.73
2025.05.06 05:03:07,2424,XAUUSD,buy,in,0.01,3376.89,2426,-0.04,0.00,0.00,1 411.65,
2025.05.06 05:03:31,2425,XAUUSD,sell,out,0.01,3378.17,2427,-0.04,0.00,1.28,1 412.89,sl 3378.22
2025.05.08 09:17:46,2426,XAUUSD,sell,in,0.01,3337.76,2428,-0.04,0.00,0.00,1 412.85,
2025.05.08 09:18:11,2427,XAUUSD,buy,out,0.01,3337.65,2429,-0.04,0.00,0.11,1 412.92,sl 3337.60
2025.05.08 09:41:46,2428,XAUUSD,sell,in,0.01,3333.34,2430,-0.04,0.00,0.00,1 412.88,
2025.05.08 09:41:57,2429,XAUUSD,buy,out,0.01,3333.43,2431,-0.04,0.00,-0.09,1 412.75,sl 3333.30
2025.05.08 10:05:58,2430,XAUUSD,sell,in,0.01,3332.42,2432,-0.04,0.00,0.00,1 412.71,
2025.05.08 10:55:02,2431,XAUUSD,buy,in,0.15,3343.50,2433,-0.53,0.00,0.00,1 412.18,
2025.05.08 10:55:29,2432,XAUUSD,sell,out,0.15,3343.87,2434,-0.53,0.00,5.55,1 417.20,sl 3343.87
2025.05.08 12:59:39,2433,XAUUSD,buy,out,0.01,3331.99,2435,-0.04,0.00,0.43,1 417.59,sl 3331.98
2025.05.08 18:47:00,2434,XAUUSD,sell,in,0.01,3331.86,2436,-0.04,0.00,0.00,1 417.55,
2025.05.08 18:50:17,2435,XAUUSD,buy,out,0.01,3330.49,2437,-0.04,0.00,1.37,1 418.88,sl 3330.49
2025.05.08 19:11:01,2436,XAUUSD,sell,in,0.01,3322.24,2439,-0.04,0.00,0.00,1 418.84,
2025.05.08 19:11:49,2437,XAUUSD,buy,out,0.01,3319.47,2440,-0.04,0.00,2.77,1 421.57,sl 3319.47
2025.05.08 19:35:00,2438,XAUUSD,sell,in,0.01,3312.32,2441,-0.04,0.00,0.00,1 421.53,
2025.05.08 19:35:29,2439,XAUUSD,buy,out,0.01,3311.11,2442,-0.04,0.00,1.21,1 422.70,sl 3310.89
2025.05.08 19:59:05,2440,XAUUSD,sell,in,0.01,3309.50,2443,-0.04,0.00,0.00,1 422.66,
2025.05.08 20:00:33,2441,XAUUSD,buy,out,0.01,3308.68,2444,-0.04,0.00,0.82,1 423.44,sl 3308.68
2025.05.08 20:23:04,2442,XAUUSD,sell,in,0.01,3304.57,2445,-0.04,0.00,0.00,1 423.40,
2025.05.08 20:23:56,2443,XAUUSD,buy,out,0.01,3304.04,2446,-0.04,0.00,0.53,1 423.89,sl 3303.99
2025.05.08 20:47:12,2444,XAUUSD,sell,in,0.01,3302.36,2447,-0.04,0.00,0.00,1 423.85,
2025.05.08 21:36:14,2445,XAUUSD,buy,in,0.15,3308.46,2448,-0.53,0.00,0.00,1 423.32,
2025.05.08 21:54:01,2446,XAUUSD,sell,out,0.15,3308.58,2449,-0.53,0.00,1.80,1 424.59,sl 3308.58
2025.05.08 22:17:00,2447,XAUUSD,buy,out,0.01,3300.16,2450,-0.04,0.00,2.20,1 426.75,sl 3300.15
2025.05.12 01:02:00,2448,XAUUSD,sell,in,0.01,3287.59,2451,-0.04,0.00,0.00,1 426.71,
2025.05.12 01:02:36,2449,XAUUSD,buy,out,0.01,3290.75,2452,-0.04,0.00,-3.16,1 423.51,sl 3285.92
2025.05.12 01:26:08,2450,XAUUSD,sell,in,0.01,3279.92,2453,-0.04,0.00,0.00,1 423.47,
2025.05.12 01:26:51,2451,XAUUSD,buy,out,0.01,3276.81,2454,-0.04,0.00,3.11,1 426.54,sl 3276.59
2025.05.12 01:50:25,2452,XAUUSD,sell,in,0.01,3277.21,2455,-0.04,0.00,0.00,1 426.50,
2025.05.12 01:52:01,2453,XAUUSD,buy,out,0.01,3277.13,2456,-0.04,0.00,0.08,1 426.54,sl 3277.12
2025.05.12 02:14:36,2454,XAUUSD,sell,in,0.01,3276.58,2457,-0.04,0.00,0.00,1 426.50,
2025.05.12 02:14:59,2455,XAUUSD,buy,out,0.01,3276.58,2458,-0.04,0.00,0.00,1 426.46,sl 3276.56
2025.05.12 02:38:38,2456,XAUUSD,sell,in,0.01,3280.51,2459,-0.04,0.00,0.00,1 426.42,
2025.05.12 02:46:24,2457,XAUUSD,buy,out,0.01,3278.80,2460,-0.04,0.00,1.71,1 428.09,sl 3278.72
2025.05.12 03:02:39,2458,XAUUSD,sell,in,0.01,3286.84,2461,-0.04,0.00,0.00,1 428.05,
2025.05.12 03:06:22,2459,XAUUSD,buy,out,0.01,3284.39,2462,-0.04,0.00,2.45,1 430.46,sl 3284.29
2025.05.12 03:26:48,2460,XAUUSD,sell,in,0.01,3282.32,2463,-0.04,0.00,0.00,1 430.42,
2025.05.12 03:39:27,2461,XAUUSD,buy,out,0.01,3282.15,2464,-0.04,0.00,0.17,1 430.55,sl 3282.09
2025.05.12 03:50:53,2462,XAUUSD,sell,in,0.01,3277.93,2465,-0.04,0.00,0.00,1 430.51,
2025.05.12 04:01:09,2463,XAUUSD,buy,out,0.01,3276.66,2466,-0.04,0.00,1.27,1 431.74,sl 3276.66
2025.05.12 04:14:57,2464,XAUUSD,sell,in,0.01,3262.08,2467,-0.04,0.00,0.00,1 431.70,
2025.05.12 04:15:15,2465,XAUUSD,buy,out,0.01,3260.93,2468,-0.04,0.00,1.15,1 432.81,sl 3260.92
2025.05.12 04:38:57,2466,XAUUSD,sell,in,0.01,3269.85,2469,-0.04,0.00,0.00,1 432.77,
2025.05.12 04:39:40,2467,XAUUSD,buy,out,0.01,3269.73,2470,-0.04,0.00,0.12,1 432.85,sl 3269.68
2025.05.12 05:02:59,2468,XAUUSD,sell,in,0.01,3278.29,2471,-0.04,0.00,0.00,1 432.81,
2025.05.12 05:03:27,2469,XAUUSD,buy,out,0.01,3277.99,2472,-0.04,0.00,0.30,1 433.07,sl 3277.98
2025.05.12 05:27:03,2470,XAUUSD,sell,in,0.01,3272.33,2473,-0.04,0.00,0.00,1 433.03,
2025.05.12 05:36:34,2471,XAUUSD,buy,out,0.01,3270.40,2474,-0.04,0.00,1.93,1 434.92,sl 3270.40
2025.05.12 05:51:06,2472,XAUUSD,sell,in,0.01,3274.93,2475,-0.04,0.00,0.00,1 434.88,
2025.05.12 05:54:37,2473,XAUUSD,buy,out,0.01,3272.41,2476,-0.04,0.00,2.52,1 437.36,sl 3272.39
2025.05.12 06:15:07,2474,XAUUSD,sell,in,0.01,3276.60,2477,-0.04,0.00,0.00,1 437.32,
2025.05.12 06:16:18,2475,XAUUSD,buy,out,0.01,3275.35,2478,-0.04,0.00,1.25,1 438.53,sl 3275.33
2025.05.12 06:39:13,2476,XAUUSD,sell,in,0.01,3282.71,2479,-0.04,0.00,0.00,1 438.49,
2025.05.12 06:48:24,2477,XAUUSD,buy,out,0.01,3282.34,2480,-0.04,0.00,0.37,1 438.82,sl 3282.33
2025.05.12 07:03:14,2478,XAUUSD,sell,in,0.01,3280.68,2481,-0.04,0.00,0.00,1 438.78,
2025.05.12 07:03:39,2479,XAUUSD,buy,out,0.01,3280.73,2482,-0.04,0.00,-0.05,1 438.69,sl 3280.67
2025.05.12 07:27:14,2480,XAUUSD,sell,in,0.01,3278.94,2483,-0.04,0.00,0.00,1 438.65,
2025.05.12 07:28:40,2481,XAUUSD,buy,out,0.01,3278.89,2484,-0.04,0.00,0.05,1 438.66,sl 3278.89
2025.05.12 07:51:18,2482,XAUUSD,sell,in,0.01,3279.12,2485,-0.04,0.00,0.00,1 438.62,
2025.05.12 07:53:29,2483,XAUUSD,buy,out,0.01,3277.97,2486,-0.04,0.00,1.15,1 439.73,sl 3277.93
2025.05.12 08:15:25,2484,XAUUSD,sell,in,0.01,3276.67,2487,-0.04,0.00,0.00,1 439.69,
2025.05.12 08:17:18,2485,XAUUSD,buy,out,0.01,3274.99,2488,-0.04,0.00,1.68,1 441.33,sl 3274.93
2025.05.12 08:39:24,2486,XAUUSD,sell,in,0.01,3273.90,2489,-0.04,0.00,0.00,1 441.29,
2025.05.12 08:39:50,2487,XAUUSD,buy,out,0.01,3273.27,2490,-0.04,0.00,0.63,1 441.88,sl 3273.26
2025.05.12 09:03:29,2488,XAUUSD,sell,in,0.01,3277.99,2491,-0.04,0.00,0.00,1 441.84,
2025.05.12 09:06:14,2489,XAUUSD,buy,out,0.01,3277.92,2492,-0.04,0.00,0.07,1 441.87,sl 3277.91
2025.05.12 09:27:33,2490,XAUUSD,sell,in,0.01,3275.11,2493,-0.04,0.00,0.00,1 441.83,
2025.05.12 09:27:57,2491,XAUUSD,buy,out,0.01,3275.07,2494,-0.04,0.00,0.04,1 441.83,sl 3275.01
2025.05.12 09:51:32,2492,XAUUSD,sell,in,0.01,3273.83,2495,-0.04,0.00,0.00,1 441.79,
2025.05.12 10:01:28,2493,XAUUSD,buy,out,0.01,3254.29,2496,-0.04,0.00,19.54,1 461.29,sl 3254.21
2025.05.12 10:15:45,2494,XAUUSD,sell,in,0.01,3247.44,2497,-0.04,0.00,0.00,1 461.25,
2025.05.12 10:18:06,2495,XAUUSD,buy,out,0.01,3247.42,2498,-0.04,0.00,0.02,1 461.23,sl 3247.42
2025.05.12 10:39:48,2496,XAUUSD,sell,in,0.01,3230.91,2499,-0.04,0.00,0.00,1 461.19,
2025.05.12 10:40:11,2497,XAUUSD,buy,out,0.01,3230.89,2500,-0.04,0.00,0.02,1 461.17,sl 3230.89
2025.05.12 11:04:05,2498,XAUUSD,sell,in,0.01,3228.62,2501,-0.04,0.00,0.00,1 461.13,
2025.05.12 11:04:51,2499,XAUUSD,buy,out,0.01,3228.36,2502,-0.04,0.00,0.26,1 461.35,sl 3228.29
2025.05.12 11:28:09,2500,XAUUSD,sell,in,0.01,3222.47,2503,-0.04,0.00,0.00,1 461.31,
2025.05.12 11:28:50,2501,XAUUSD,buy,out,0.01,3222.45,2504,-0.04,0.00,0.02,1 461.29,sl 3222.45
2025.05.12 11:52:16,2502,XAUUSD,sell,in,0.01,3231.64,2505,-0.04,0.00,0.00,1 461.25,
2025.05.12 11:58:22,2503,XAUUSD,buy,out,0.01,3231.32,2506,-0.04,0.00,0.32,1 461.53,sl 3231.19
2025.05.12 12:16:21,2504,XAUUSD,sell,in,0.01,3226.71,2507,-0.04,0.00,0.00,1 461.49,
2025.05.12 12:30:06,2505,XAUUSD,buy,out,0.01,3226.45,2508,-0.04,0.00,0.26,1 461.71,sl 3226.36
2025.05.12 12:40:26,2506,XAUUSD,sell,in,0.01,3220.79,2509,-0.04,0.00,0.00,1 461.67,
2025.05.12 12:41:07,2507,XAUUSD,buy,out,0.01,3220.82,2510,-0.04,0.00,-0.03,1 461.60,sl 3220.69
2025.05.12 13:04:40,2508,XAUUSD,sell,in,0.01,3218.03,2511,-0.04,0.00,0.00,1 461.56,
2025.05.12 13:05:27,2509,XAUUSD,buy,out,0.01,3217.97,2512,-0.04,0.00,0.06,1 461.58,sl 3217.96
2025.05.12 13:28:51,2510,XAUUSD,sell,in,0.01,3215.62,2513,-0.04,0.00,0.00,1 461.54,
2025.05.12 13:29:17,2511,XAUUSD,buy,out,0.01,3215.59,2514,-0.04,0.00,0.03,1 461.53,sl 3215.59
2025.05.12 13:52:54,2512,XAUUSD,sell,in,0.01,3213.30,2515,-0.04,0.00,0.00,1 461.49,
2025.05.12 13:53:04,2513,XAUUSD,buy,out,0.01,3213.30,2516,-0.04,0.00,0.00,1 461.45,sl 3213.26
2025.05.12 14:17:02,2514,XAUUSD,sell,in,0.01,3222.83,2517,-0.04,0.00,0.00,1 461.41,
2025.05.12 14:18:17,2515,XAUUSD,buy,out,0.01,3220.45,2518,-0.04,0.00,2.38,1 463.75,sl 3220.45
2025.05.12 14:41:09,2516,XAUUSD,sell,in,0.01,3214.48,2519,-0.04,0.00,0.00,1 463.71,
2025.05.12 14:41:50,2517,XAUUSD,buy,out,0.01,3214.38,2520,-0.04,0.00,0.10,1 463.77,sl 3214.36
2025.05.12 15:05:16,2518,XAUUSD,sell,in,0.01,3224.29,2521,-0.04,0.00,0.00,1 463.73,
2025.05.12 15:07:54,2519,XAUUSD,buy,out,0.01,3221.83,2522,-0.04,0.00,2.46,1 466.15,sl 3221.79
2025.05.12 15:29:20,2520,XAUUSD,sell,in,0.01,3228.26,2523,-0.04,0.00,0.00,1 466.11,
2025.05.12 15:30:39,2521,XAUUSD,buy,out,0.01,3227.93,2524,-0.04,0.00,0.33,1 466.40,sl 3227.89
2025.05.12 15:53:28,2522,XAUUSD,sell,in,0.01,3228.87,2525,-0.04,0.00,0.00,1 466.36,
2025.05.12 15:54:08,2523,XAUUSD,buy,out,0.01,3228.52,2526,-0.04,0.00,0.35,1 466.67,sl 3228.49
2025.05.15 23:26:06,2524,XAUUSD,buy,in,0.01,3239.55,2527,-0.04,0.00,0.00,1 466.63,
2025.05.15 23:56:12,2525,XAUUSD,sell,out,0.01,3239.92,2528,-0.04,0.00,0.37,1 466.96,
2025.05.15 23:56:15,2526,XAUUSD,buy,in,0.01,3240.33,2529,-0.04,0.00,0.00,1 466.92,
2025.05.15 23:57:09,2527,XAUUSD,sell,out,0.01,3240.15,2530,-0.04,0.00,-0.18,1 466.70,
2025.05.16 01:03:33,2528,XAUUSD,buy,in,0.01,3241.51,2531,-0.04,0.00,0.00,1 466.66,
2025.05.16 01:03:52,2529,XAUUSD,sell,out,0.01,3241.49,2532,-0.04,0.00,-0.02,1 466.60,sl 3241.62
2025.05.16 01:27:34,2530,XAUUSD,buy,in,0.01,3246.12,2533,-0.04,0.00,0.00,1 466.56,
2025.05.16 01:28:15,2531,XAUUSD,sell,out,0.01,3246.40,2534,-0.04,0.00,0.28,1 466.80,sl 3246.43
2025.05.16 01:51:33,2532,XAUUSD,buy,in,0.01,3250.40,2535,-0.04,0.00,0.00,1 466.76,
2025.05.16 01:52:31,2533,XAUUSD,sell,out,0.01,3250.44,2536,-0.04,0.00,0.04,1 466.76,sl 3250.51
2025.05.16 02:15:41,2534,XAUUSD,buy,in,0.01,3247.16,2537,-0.04,0.00,0.00,1 466.72,
2025.05.16 04:42:44,2535,XAUUSD,sell,in,0.15,3222.99,2538,-0.53,0.00,0.00,1 466.19,
2025.05.16 04:44:36,2536,XAUUSD,buy,out,0.15,3221.04,2539,-0.53,0.00,29.25,1 494.91,sl 3221.01
2025.05.16 04:50:08,2537,XAUUSD,sell,in,0.15,3215.84,2540,-0.53,0.00,0.00,1 494.38,
2025.05.16 04:50:14,2538,XAUUSD,buy,out,0.15,3215.88,2541,-0.53,0.00,-0.60,1 493.25,sl 3215.83
2025.05.16 05:50:20,2539,XAUUSD,sell,out,0.01,3214.44,2542,-0.04,0.00,-32.72,1 460.49,
2025.05.16 13:49:58,2540,XAUUSD,sell,in,0.01,3189.20,2543,-0.04,0.00,0.00,1 460.45,
2025.05.16 13:50:10,2541,XAUUSD,buy,out,0.01,3188.11,2544,-0.04,0.00,1.09,1 461.50,sl 3188.08
2025.05.16 14:14:02,2542,XAUUSD,sell,in,0.01,3171.73,2545,-0.04,0.00,0.00,1 461.46,
2025.05.16 14:15:09,2543,XAUUSD,buy,out,0.01,3171.71,2546,-0.04,0.00,0.02,1 461.44,sl 3171.71
2025.05.16 14:38:07,2544,XAUUSD,sell,in,0.01,3176.55,2547,-0.04,0.00,0.00,1 461.40,
2025.05.16 14:38:20,2545,XAUUSD,buy,out,0.01,3176.01,2548,-0.04,0.00,0.54,1 461.90,sl 3176.01
2025.05.16 15:02:10,2546,XAUUSD,sell,in,0.01,3161.37,2549,-0.04,0.00,0.00,1 461.86,
2025.05.16 15:04:09,2547,XAUUSD,buy,out,0.01,3160.69,2550,-0.04,0.00,0.68,1 462.50,sl 3160.68
2025.05.16 15:26:16,2548,XAUUSD,sell,in,0.01,3175.71,2551,-0.04,0.00,0.00,1 462.46,
2025.05.16 15:27:01,2549,XAUUSD,buy,out,0.01,3173.64,2552,-0.04,0.00,2.07,1 464.49,sl 3173.64
2025.05.16 15:50:22,2550,XAUUSD,sell,in,0.01,3178.68,2553,-0.04,0.00,0.00,1 464.45,
2025.05.16 15:50:43,2551,XAUUSD,buy,out,0.01,3178.59,2554,-0.04,0.00,0.09,1 464.50,sl 3178.57
2025.05.16 16:14:23,2552,XAUUSD,sell,in,0.01,3178.36,2555,-0.04,0.00,0.00,1 464.46,
2025.05.16 16:15:42,2553,XAUUSD,buy,out,0.01,3177.17,2556,-0.04,0.00,1.19,1 465.61,sl 3177.12
2025.05.16 16:38:40,2554,XAUUSD,sell,in,0.01,3181.12,2557,-0.04,0.00,0.00,1 465.57,
2025.05.16 16:40:25,2555,XAUUSD,buy,out,0.01,3180.99,2558,-0.04,0.00,0.13,1 465.66,sl 3180.96
2025.05.16 17:02:47,2556,XAUUSD,sell,in,0.01,3181.35,2559,-0.04,0.00,0.00,1 465.62,
2025.05.16 17:02:53,2557,XAUUSD,buy,out,0.01,3181.33,2560,-0.04,0.00,0.02,1 465.60,sl 3181.33
2025.05.16 17:26:47,2558,XAUUSD,sell,in,0.01,3175.76,2561,-0.04,0.00,0.00,1 465.56,
2025.05.16 17:27:28,2559,XAUUSD,buy,out,0.01,3175.35,2562,-0.04,0.00,0.41,1 465.93,sl 3175.33
2025.05.16 17:50:48,2560,XAUUSD,sell,in,0.01,3173.48,2563,-0.04,0.00,0.00,1 465.89,
2025.05.16 17:51:26,2561,XAUUSD,buy,out,0.01,3173.50,2564,-0.04,0.00,-0.02,1 465.83,sl 3173.41
2025.05.16 18:14:54,2562,XAUUSD,sell,in,0.01,3177.23,2565,-0.04,0.00,0.00,1 465.79,
2025.05.16 18:15:33,2563,XAUUSD,buy,out,0.01,3177.25,2566,-0.04,0.00,-0.02,1 465.73,sl 3177.10
2025.05.16 18:38:55,2564,XAUUSD,sell,in,0.01,3181.33,2567,-0.04,0.00,0.00,1 465.69,
2025.05.16 18:39:27,2565,XAUUSD,buy,out,0.01,3181.38,2568,-0.04,0.00,-0.05,1 465.60,sl 3181.32
2025.05.16 19:11:03,2566,XAUUSD,sell,in,0.01,3182.20,2569,-0.04,0.00,0.00,1 465.56,
2025.05.16 20:00:11,2567,XAUUSD,buy,in,0.15,3188.94,2570,-0.53,0.00,0.00,1 465.03,
2025.05.16 20:04:46,2568,XAUUSD,sell,out,0.15,3189.18,2571,-0.53,0.00,3.60,1 468.10,sl 3189.18
2025.05.19 01:18:03,2569,XAUUSD,buy,in,0.15,3226.58,2572,-0.53,0.00,0.00,1 467.57,
2025.05.19 01:18:31,2570,XAUUSD,sell,out,0.15,3228.49,2573,-0.53,0.00,28.65,1 495.69,sl 3228.49
2025.05.19 01:36:06,2571,XAUUSD,buy,in,0.15,3232.00,2574,-0.53,0.00,0.00,1 495.16,
2025.05.19 01:37:25,2572,XAUUSD,sell,out,0.15,3233.59,2575,-0.53,0.00,23.85,1 518.48,sl 3233.59
2025.05.19 01:54:04,2573,XAUUSD,buy,in,0.15,3240.50,2576,-0.53,0.00,0.00,1 517.95,
2025.05.19 02:02:38,2574,XAUUSD,sell,out,0.15,3240.50,2577,-0.53,0.00,0.00,1 517.42,sl 3240.52
2025.05.19 06:49:15,2575,XAUUSD,buy,out,0.01,3210.66,2578,-0.04,0.45,-28.46,1 489.37,
2025.05.19 11:46:20,2576,XAUUSD,buy,in,0.01,3239.11,2579,-0.04,0.00,0.00,1 489.33,
2025.05.19 11:48:13,2577,XAUUSD,sell,out,0.01,3239.22,2580,-0.04,0.00,0.11,1 489.40,sl 3239.30
2025.05.19 12:10:37,2578,XAUUSD,buy,in,0.01,3243.75,2581,-0.04,0.00,0.00,1 489.36,
2025.05.19 13:54:58,2579,XAUUSD,sell,out,0.01,3243.99,2582,-0.04,0.00,0.24,1 489.56,sl 3243.99
2025.05.19 13:55:05,2580,XAUUSD,buy,in,0.01,3243.91,2583,-0.04,0.00,0.00,1 489.52,
2025.05.19 13:56:45,2581,XAUUSD,sell,out,0.01,3244.45,2584,-0.04,0.00,0.54,1 490.02,sl 3244.51
2025.05.19 14:19:09,2582,XAUUSD,buy,in,0.01,3243.83,2585,-0.04,0.00,0.00,1 489.98,
2025.05.19 14:19:32,2583,XAUUSD,sell,out,0.01,3243.93,2586,-0.04,0.00,0.10,1 490.04,sl 3243.93
2025.05.19 14:43:11,2584,XAUUSD,buy,in,0.01,3245.45,2587,-0.04,0.00,0.00,1 490.00,
2025.05.19 14:43:55,2585,XAUUSD,sell,out,0.01,3245.48,2588,-0.04,0.00,0.03,1 489.99,sl 3245.52
2025.05.19 15:07:12,2586,XAUUSD,buy,in,0.01,3242.71,2589,-0.04,0.00,0.00,1 489.95,
2025.05.19 15:15:54,2587,XAUUSD,sell,out,0.01,3243.73,2590,-0.04,0.00,1.02,1 490.93,sl 3243.78
2025.05.20 15:35:06,2588,XAUUSD,buy,in,0.01,3248.24,2591,-0.04,0.00,0.00,1 490.89,
2025.05.20 15:36:03,2589,XAUUSD,sell,out,0.01,3249.16,2592,-0.04,0.00,0.92,1 491.77,sl 3249.19
2025.05.20 16:51:07,2590,XAUUSD,buy,in,0.01,3249.57,2593,-0.04,0.00,0.00,1 491.73,
2025.05.20 16:58:54,2591,XAUUSD,sell,out,0.01,3257.02,2594,-0.04,0.00,7.45,1 499.14,sl 3257.03
2025.05.20 17:15:08,2592,XAUUSD,buy,in,0.01,3279.37,2595,-0.04,0.00,0.00,1 499.10,
2025.05.20 17:16:23,2593,XAUUSD,sell,out,0.01,3279.46,2596,-0.04,0.00,0.09,1 499.15,sl 3279.47
2025.05.20 17:39:07,2594,XAUUSD,buy,in,0.01,3280.62,2597,-0.04,0.00,0.00,1 499.11,
2025.05.20 17:41:03,2595,XAUUSD,sell,out,0.01,3284.58,2598,-0.04,0.00,3.96,1 503.03,sl 3284.60
2025.05.20 18:03:15,2596,XAUUSD,buy,in,0.01,3280.88,2599,-0.04,0.00,0.00,1 502.99,
2025.05.20 18:03:38,2597,XAUUSD,sell,out,0.01,3280.62,2600,-0.04,0.00,-0.26,1 502.69,sl 3280.99
2025.05.20 18:27:17,2598,XAUUSD,buy,in,0.01,3280.49,2601,-0.04,0.00,0.00,1 502.65,
2025.05.20 18:27:25,2599,XAUUSD,sell,out,0.01,3280.80,2602,-0.04,0.00,0.31,1 502.92,sl 3280.80
2025.05.20 18:51:17,2600,XAUUSD,buy,in,0.01,3277.73,2603,-0.04,0.00,0.00,1 502.88,
2025.05.20 18:51:51,2601,XAUUSD,sell,out,0.01,3277.79,2604,-0.04,0.00,0.06,1 502.90,sl 3277.80
2025.05.20 19:15:23,2602,XAUUSD,buy,in,0.01,3280.95,2605,-0.04,0.00,0.00,1 502.86,
2025.05.20 19:15:59,2603,XAUUSD,sell,out,0.01,3281.83,2606,-0.04,0.00,0.88,1 503.70,sl 3281.84
2025.05.20 19:39:29,2604,XAUUSD,buy,in,0.01,3275.94,2607,-0.04,0.00,0.00,1 503.66,
2025.05.20 19:41:00,2605,XAUUSD,sell,out,0.01,3277.64,2608,-0.04,0.00,1.70,1 505.32,sl 3277.65
2025.05.20 20:03:35,2606,XAUUSD,buy,in,0.01,3278.99,2609,-0.04,0.00,0.00,1 505.28,
2025.05.20 20:06:05,2607,XAUUSD,sell,out,0.01,3279.64,2610,-0.04,0.00,0.65,1 505.89,sl 3279.65
2025.05.20 20:27:35,2608,XAUUSD,buy,in,0.01,3281.94,2611,-0.04,0.00,0.00,1 505.85,
2025.05.20 20:29:49,2609,XAUUSD,sell,out,0.01,3282.32,2612,-0.04,0.00,0.38,1 506.19,sl 3282.33
2025.05.20 20:51:46,2610,XAUUSD,buy,in,0.01,3286.30,2613,-0.04,0.00,0.00,1 506.15,
2025.05.20 20:54:36,2611,XAUUSD,sell,out,0.01,3287.09,2614,-0.04,0.00,0.79,1 506.90,sl 3287.13
2025.05.20 21:15:52,2612,XAUUSD,buy,in,0.01,3285.77,2615,-0.04,0.00,0.00,1 506.86,
2025.05.20 21:22:19,2613,XAUUSD,sell,out,0.01,3286.66,2616,-0.04,0.00,0.89,1 507.71,sl 3286.67
2025.05.20 21:40:06,2614,XAUUSD,buy,in,0.01,3286.94,2617,-0.04,0.00,0.00,1 507.67,
2025.05.20 21:44:16,2615,XAUUSD,sell,out,0.01,3288.18,2618,-0.04,0.00,1.24,1 508.87,sl 3288.18
2025.05.20 22:04:05,2616,XAUUSD,buy,in,0.01,3288.12,2619,-0.04,0.00,0.00,1 508.83,
2025.05.20 22:13:37,2617,XAUUSD,sell,out,0.01,3288.44,2620,-0.04,0.00,0.32,1 509.11,sl 3288.44
2025.05.20 22:28:09,2618,XAUUSD,buy,in,0.01,3289.11,2621,-0.04,0.00,0.00,1 509.07,
2025.05.20 22:30:04,2619,XAUUSD,sell,out,0.01,3289.62,2622,-0.04,0.00,0.51,1 509.54,sl 3289.63
2025.05.20 22:52:09,2620,XAUUSD,buy,in,0.01,3292.72,2623,-0.04,0.00,0.00,1 509.50,
2025.05.20 22:53:40,2621,XAUUSD,sell,out,0.01,3292.93,2624,-0.04,0.00,0.21,1 509.67,sl 3292.93
2025.05.20 23:16:17,2622,XAUUSD,buy,in,0.01,3295.30,2625,-0.04,0.00,0.00,1 509.63,
2025.05.21 01:09:24,2623,XAUUSD,sell,out,0.01,3299.15,2626,-0.04,-0.52,3.85,1 512.92,sl 3299.19
2025.05.21 01:09:26,2624,XAUUSD,buy,in,0.01,3298.53,2627,-0.04,0.00,0.00,1 512.88,
2025.05.21 01:09:58,2625,XAUUSD,sell,out,0.01,3298.54,2628,-0.04,0.00,0.01,1 512.85,sl 3298.55
2025.05.21 01:33:34,2626,XAUUSD,buy,in,0.01,3296.28,2629,-0.04,0.00,0.00,1 512.81,
2025.05.21 01:38:03,2627,XAUUSD,sell,out,0.01,3296.47,2630,-0.04,0.00,0.19,1 512.96,sl 3296.47
2025.05.21 01:57:44,2628,XAUUSD,buy,in,0.01,3297.69,2631,-0.04,0.00,0.00,1 512.92,
2025.05.21 03:31:15,2629,XAUUSD,sell,out,0.01,3297.81,2632,-0.04,0.00,0.12,1 513.00,sl 3297.82
2025.05.21 03:31:24,2630,XAUUSD,buy,in,0.01,3298.64,2633,-0.04,0.00,0.00,1 512.96,
2025.05.21 03:33:16,2631,XAUUSD,sell,out,0.01,3299.03,2634,-0.04,0.00,0.39,1 513.31,sl 3299.03
2025.05.21 03:55:23,2632,XAUUSD,buy,in,0.01,3302.82,2635,-0.04,0.00,0.00,1 513.27,
2025.05.21 04:01:30,2633,XAUUSD,sell,out,0.01,3313.77,2636,-0.04,0.00,10.95,1 524.18,sl 3313.79
2025.05.21 04:19:29,2634,XAUUSD,buy,in,0.01,3295.61,2637,-0.04,0.00,0.00,1 524.14,
2025.05.21 04:50:03,2635,XAUUSD,sell,out,0.01,3296.64,2638,-0.04,0.00,1.03,1 525.13,sl 3296.64
2025.05.21 04:50:14,2636,XAUUSD,buy,in,0.01,3296.98,2639,-0.04,0.00,0.00,1 525.09,
2025.05.21 04:54:50,2637,XAUUSD,sell,out,0.01,3297.14,2640,-0.04,0.00,0.16,1 525.21,sl 3297.23
2025.05.21 05:14:14,2638,XAUUSD,buy,in,0.01,3297.73,2641,-0.04,0.00,0.00,1 525.17,
2025.05.21 05:14:46,2639,XAUUSD,sell,out,0.01,3297.66,2642,-0.04,0.00,-0.07,1 525.06,sl 3297.81
2025.05.21 05:38:20,2640,XAUUSD,buy,in,0.01,3294.45,2643,-0.04,0.00,0.00,1 525.02,
2025.05.21 05:38:46,2641,XAUUSD,sell,out,0.01,3295.98,2644,-0.04,0.00,1.53,1 526.51,sl 3296.26
2025.05.21 06:02:20,2642,XAUUSD,buy,in,0.01,3301.52,2645,-0.04,0.00,0.00,1 526.47,
2025.05.21 06:05:36,2643,XAUUSD,sell,out,0.01,3301.56,2646,-0.04,0.00,0.04,1 526.47,sl 3301.58
2025.05.21 06:26:20,2644,XAUUSD,buy,in,0.01,3305.16,2647,-0.04,0.00,0.00,1 526.43,
2025.05.21 06:27:28,2645,XAUUSD,sell,out,0.01,3305.44,2648,-0.04,0.00,0.28,1 526.67,sl 3305.46
2025.05.21 06:50:27,2646,XAUUSD,buy,in,0.01,3309.27,2649,-0.04,0.00,0.00,1 526.63,
2025.05.21 08:41:30,2647,XAUUSD,sell,out,0.01,3310.29,2650,-0.04,0.00,1.02,1 527.61,sl 3310.34
2025.05.21 08:41:40,2648,XAUUSD,buy,in,0.01,3310.46,2651,-0.04,0.00,0.00,1 527.57,
2025.05.21 08:42:10,2649,XAUUSD,sell,out,0.01,3311.90,2652,-0.04,0.00,1.44,1 528.97,sl 3311.90
2025.05.21 09:05:43,2650,XAUUSD,buy,in,0.01,3313.52,2653,-0.04,0.00,0.00,1 528.93,
2025.05.21 09:06:36,2651,XAUUSD,sell,out,0.01,3314.15,2654,-0.04,0.00,0.63,1 529.52,sl 3314.15
2025.05.21 09:29:43,2652,XAUUSD,buy,in,0.01,3317.70,2655,-0.04,0.00,0.00,1 529.48,
2025.05.21 09:30:18,2653,XAUUSD,sell,out,0.01,3318.26,2656,-0.04,0.00,0.56,1 530.00,sl 3318.34
2025.05.21 09:53:50,2654,XAUUSD,buy,in,0.01,3318.49,2657,-0.04,0.00,0.00,1 529.96,
2025.05.21 09:56:18,2655,XAUUSD,sell,out,0.01,3319.95,2658,-0.04,0.00,1.46,1 531.38,sl 3320.02
2025.05.21 10:17:59,2656,XAUUSD,buy,in,0.01,3311.51,2659,-0.04,0.00,0.00,1 531.34,
2025.05.21 10:19:10,2657,XAUUSD,sell,out,0.01,3311.58,2660,-0.04,0.00,0.07,1 531.37,sl 3311.59
2025.05.21 10:42:15,2658,XAUUSD,buy,in,0.01,3314.23,2661,-0.04,0.00,0.00,1 531.33,
2025.05.21 10:45:01,2659,XAUUSD,sell,out,0.01,3314.22,2662,-0.04,0.00,-0.01,1 531.28,sl 3314.27
2025.05.21 11:06:20,2660,XAUUSD,buy,in,0.01,3309.16,2663,-0.04,0.00,0.00,1 531.24,
2025.05.21 11:07:55,2661,XAUUSD,sell,out,0.01,3309.38,2664,-0.04,0.00,0.22,1 531.42,sl 3309.42
2025.05.21 11:30:25,2662,XAUUSD,buy,in,0.01,3306.90,2665,-0.04,0.00,0.00,1 531.38,
2025.05.21 11:34:10,2663,XAUUSD,sell,out,0.01,3307.80,2666,-0.04,0.00,0.90,1 532.24,sl 3307.83
2025.05.23 08:25:15,2664,XAUUSD,buy,in,0.01,3321.53,2667,-0.04,0.00,0.00,1 532.20,
2025.05.23 08:51:17,2665,XAUUSD,sell,out,0.01,3322.38,2668,-0.04,0.00,0.85,1 533.01,sl 3322.38
2025.05.23 08:51:26,2666,XAUUSD,buy,in,0.01,3322.86,2669,-0.04,0.00,0.00,1 532.97,
2025.05.23 08:54:41,2667,XAUUSD,sell,out,0.01,3324.11,2670,-0.04,0.00,1.25,1 534.18,sl 3324.12
2025.05.23 09:15:30,2668,XAUUSD,buy,in,0.01,3328.99,2671,-0.04,0.00,0.00,1 534.14,
2025.05.23 09:16:16,2669,XAUUSD,sell,out,0.01,3329.02,2672,-0.04,0.00,0.03,1 534.13,sl 3329.04
2025.05.23 09:39:39,2670,XAUUSD,buy,in,0.01,3325.90,2673,-0.04,0.00,0.00,1 534.09,
2025.05.23 09:40:03,2671,XAUUSD,sell,out,0.01,3325.86,2674,-0.04,0.00,-0.04,1 534.01,sl 3325.94
2025.05.23 10:03:42,2672,XAUUSD,buy,in,0.01,3330.65,2675,-0.04,0.00,0.00,1 533.97,
2025.05.23 10:16:24,2673,XAUUSD,sell,out,0.01,3330.69,2676,-0.04,0.00,0.04,1 533.97,sl 3330.70
2025.05.23 10:27:45,2674,XAUUSD,buy,in,0.01,3329.65,2677,-0.04,0.00,0.00,1 533.93,
2025.05.23 10:29:23,2675,XAUUSD,sell,out,0.01,3330.26,2678,-0.04,0.00,0.61,1 534.50,sl 3330.26
2025.05.23 10:51:48,2676,XAUUSD,buy,in,0.01,3332.38,2679,-0.04,0.00,0.00,1 534.46,
2025.05.23 12:29:51,2677,XAUUSD,sell,out,0.01,3333.34,2680,-0.04,0.00,0.96,1 535.38,sl 3333.47
2025.05.23 12:29:58,2678,XAUUSD,buy,in,0.01,3333.04,2681,-0.04,0.00,0.00,1 535.34,
2025.05.23 12:33:25,2679,XAUUSD,sell,out,0.01,3333.06,2682,-0.04,0.00,0.02,1 535.32,sl 3333.10
2025.05.23 12:54:00,2680,XAUUSD,buy,in,0.01,3329.76,2683,-0.04,0.00,0.00,1 535.28,
2025.05.23 13:39:57,2681,XAUUSD,sell,out,0.01,3329.78,2684,-0.04,0.00,0.02,1 535.26,sl 3329.79
2025.05.23 13:40:05,2682,XAUUSD,buy,in,0.01,3329.93,2685,-0.04,0.00,0.00,1 535.22,
2025.05.23 13:42:33,2683,XAUUSD,sell,out,0.01,3330.53,2686,-0.04,0.00,0.60,1 535.78,sl 3330.56
2025.05.23 14:04:05,2684,XAUUSD,buy,in,0.01,3328.17,2687,-0.04,0.00,0.00,1 535.74,
2025.05.23 14:06:17,2685,XAUUSD,sell,out,0.01,3329.29,2688,-0.04,0.00,1.12,1 536.82,sl 3329.32
2025.05.23 14:28:05,2686,XAUUSD,buy,in,0.01,3331.17,2689,-0.04,0.00,0.00,1 536.78,
2025.05.23 14:30:27,2687,XAUUSD,sell,out,0.01,3331.59,2690,-0.04,0.00,0.42,1 537.16,sl 3331.60
2025.05.23 14:52:12,2688,XAUUSD,buy,in,0.01,3343.86,2691,-0.04,0.00,0.00,1 537.12,
2025.05.23 14:54:23,2689,XAUUSD,sell,out,0.01,3344.01,2692,-0.04,0.00,0.15,1 537.23,sl 3344.01
2025.05.23 15:16:19,2690,XAUUSD,buy,in,0.01,3352.13,2693,-0.04,0.00,0.00,1 537.19,
2025.05.23 15:16:42,2691,XAUUSD,sell,out,0.01,3352.17,2694,-0.04,0.00,0.04,1 537.19,sl 3352.20
2025.05.23 15:40:20,2692,XAUUSD,buy,in,0.01,3359.22,2695,-0.04,0.00,0.00,1 537.15,
2025.05.23 15:40:47,2693,XAUUSD,sell,out,0.01,3359.11,2696,-0.04,0.00,-0.11,1 537.00,sl 3359.42
2025.05.23 16:04:24,2694,XAUUSD,buy,in,0.01,3362.86,2697,-0.04,0.00,0.00,1 536.96,
2025.05.23 18:31:31,2695,XAUUSD,sell,in,0.15,3358.77,2698,-0.53,0.00,0.00,1 536.43,
2025.05.23 18:33:13,2696,XAUUSD,buy,out,0.15,3357.46,2699,-0.53,0.00,19.65,1 555.55,sl 3357.45
2025.05.23 19:46:10,2697,XAUUSD,sell,out,0.01,3364.01,2700,-0.04,0.00,1.15,1 556.66,sl 3364.17
2025.05.27 10:51:09,2698,XAUUSD,sell,in,0.01,3300.25,2701,-0.04,0.00,0.00,1 556.62,
2025.05.27 10:52:06,2699,XAUUSD,buy,out,0.01,3297.09,2702,-0.04,0.00,3.16,1 559.74,sl 3297.01
2025.05.27 11:34:53,2700,XAUUSD,sell,in,0.01,3299.72,2703,-0.04,0.00,0.00,1 559.70,
2025.05.27 11:35:08,2701,XAUUSD,buy,out,0.01,3299.86,2704,-0.04,0.00,-0.14,1 559.52,sl 3299.68
2025.05.27 11:58:58,2702,XAUUSD,sell,in,0.01,3298.27,2705,-0.04,0.00,0.00,1 559.48,
2025.05.27 12:32:17,2703,XAUUSD,buy,out,0.01,3298.12,2706,-0.04,0.00,0.15,1 559.59,sl 3298.11
2025.05.27 12:32:22,2704,XAUUSD,sell,in,0.01,3298.70,2707,-0.04,0.00,0.00,1 559.55,
2025.05.27 12:33:33,2705,XAUUSD,buy,out,0.01,3297.00,2708,-0.04,0.00,1.70,1 561.21,sl 3297.00
2025.05.27 12:56:28,2706,XAUUSD,sell,in,0.01,3295.99,2709,-0.04,0.00,0.00,1 561.17,
2025.05.27 13:16:30,2707,XAUUSD,buy,out,0.01,3294.68,2710,-0.04,0.00,1.31,1 562.44,sl 3294.68
2025.05.27 13:20:35,2708,XAUUSD,sell,in,0.01,3295.43,2711,-0.04,0.00,0.00,1 562.40,
2025.05.27 13:28:25,2709,XAUUSD,buy,out,0.01,3295.28,2712,-0.04,0.00,0.15,1 562.51,sl 3295.19
2025.05.27 13:44:34,2710,XAUUSD,sell,in,0.01,3296.01,2713,-0.04,0.00,0.00,1 562.47,
2025.05.27 13:45:27,2711,XAUUSD,buy,out,0.01,3296.05,2714,-0.04,0.00,-0.04,1 562.39,sl 3296.00
2025.05.27 14:08:41,2712,XAUUSD,sell,in,0.01,3294.60,2715,-0.04,0.00,0.00,1 562.35,
2025.05.27 14:16:37,2713,XAUUSD,buy,out,0.01,3293.39,2716,-0.04,0.00,1.21,1 563.52,sl 3293.30
2025.05.27 14:32:44,2714,XAUUSD,sell,in,0.01,3292.30,2717,-0.04,0.00,0.00,1 563.48,
2025.05.27 14:35:20,2715,XAUUSD,buy,out,0.01,3291.23,2718,-0.04,0.00,1.07,1 564.51,sl 3291.23
2025.05.27 14:56:47,2716,XAUUSD,sell,in,0.01,3289.72,2719,-0.04,0.00,0.00,1 564.47,
2025.05.27 14:59:34,2717,XAUUSD,buy,out,0.01,3288.70,2720,-0.04,0.00,1.02,1 565.45,sl 3288.68
2025.05.27 15:20:52,2718,XAUUSD,sell,in,0.01,3295.85,2721,-0.04,0.00,0.00,1 565.41,
2025.05.27 15:21:55,2719,XAUUSD,buy,out,0.01,3295.30,2722,-0.04,0.00,0.55,1 565.92,sl 3295.22
2025.05.27 15:44:57,2720,XAUUSD,sell,in,0.01,3294.32,2723,-0.04,0.00,0.00,1 565.88,
2025.05.27 15:53:57,2721,XAUUSD,buy,out,0.01,3293.24,2724,-0.04,0.00,1.08,1 566.92,sl 3293.20
2025.05.27 16:21:08,2722,XAUUSD,sell,in,0.01,3295.11,2725,-0.04,0.00,0.00,1 566.88,
2025.05.27 16:56:17,2723,XAUUSD,buy,out,0.01,3294.64,2726,-0.04,0.00,0.47,1 567.31,sl 3294.61
2025.05.27 16:56:40,2724,XAUUSD,sell,in,0.01,3292.33,2727,-0.04,0.00,0.00,1 567.27,
2025.05.27 17:01:13,2725,XAUUSD,buy,out,0.01,3288.10,2728,-0.04,0.00,4.23,1 571.46,sl 3288.10
2025.05.27 18:33:55,2726,XAUUSD,sell,in,0.01,3293.79,2729,-0.04,0.00,0.00,1 571.42,
2025.05.27 18:39:15,2727,XAUUSD,buy,out,0.01,3290.47,2730,-0.04,0.00,3.32,1 574.70,sl 3290.42
2025.05.27 18:58:00,2728,XAUUSD,sell,in,0.01,3293.50,2731,-0.04,0.00,0.00,1 574.66,
2025.05.27 19:47:07,2729,XAUUSD,buy,in,0.15,3295.34,2732,-0.53,0.00,0.00,1 574.13,
2025.05.27 19:51:10,2730,XAUUSD,sell,out,0.15,3295.66,2733,-0.53,0.00,4.80,1 578.40,sl 3295.67
2025.05.28 06:28:40,2731,XAUUSD,buy,out,0.01,3292.74,2734,-0.04,0.45,0.76,1 579.57,sl 3292.71
2025.05.28 23:51:32,2732,XAUUSD,sell,in,0.01,3277.98,2735,-0.04,0.00,0.00,1 579.53,
2025.05.28 23:51:41,2733,XAUUSD,buy,out,0.01,3278.08,2736,-0.04,0.00,-0.10,1 579.39,sl 3277.96
2025.05.29 01:23:00,2734,XAUUSD,sell,in,0.01,3283.05,2737,-0.04,0.00,0.00,1 579.35,
2025.05.29 01:23:11,2735,XAUUSD,buy,out,0.01,3283.01,2738,-0.04,0.00,0.04,1 579.35,sl 3282.93
2025.05.29 02:04:35,2736,XAUUSD,sell,in,0.01,3282.42,2739,-0.04,0.00,0.00,1 579.31,
2025.05.29 02:05:50,2737,XAUUSD,buy,out,0.01,3281.55,2740,-0.04,0.00,0.87,1 580.14,sl 3281.51
2025.05.29 02:28:42,2738,XAUUSD,sell,in,0.01,3264.62,2741,-0.04,0.00,0.00,1 580.10,
2025.05.29 02:34:29,2739,XAUUSD,buy,out,0.01,3263.07,2742,-0.04,0.00,1.55,1 581.61,sl 3263.04
2025.05.29 02:53:00,2740,XAUUSD,sell,in,0.01,3261.64,2743,-0.04,0.00,0.00,1 581.57,
2025.05.29 02:53:49,2741,XAUUSD,buy,out,0.01,3261.54,2744,-0.04,0.00,0.10,1 581.63,sl 3261.49
2025.05.29 03:17:14,2742,XAUUSD,sell,in,0.01,3254.18,2745,-0.04,0.00,0.00,1 581.59,
2025.05.29 04:05:20,2743,XAUUSD,buy,out,0.01,3254.02,2746,-0.04,0.00,0.16,1 581.71,sl 3254.02
2025.05.29 04:05:39,2744,XAUUSD,sell,in,0.01,3252.49,2747,-0.04,0.00,0.00,1 581.67,
2025.05.29 04:05:55,2745,XAUUSD,buy,out,0.01,3252.68,2748,-0.04,0.00,-0.19,1 581.44,sl 3252.29
2025.05.29 04:29:46,2746,XAUUSD,sell,in,0.01,3256.86,2749,-0.04,0.00,0.00,1 581.40,
2025.05.29 04:30:06,2747,XAUUSD,buy,out,0.01,3256.96,2750,-0.04,0.00,-0.10,1 581.26,sl 3256.85
2025.05.29 04:53:45,2748,XAUUSD,sell,in,0.01,3262.82,2751,-0.04,0.00,0.00,1 581.22,
2025.05.29 04:56:32,2749,XAUUSD,buy,out,0.01,3261.63,2752,-0.04,0.00,1.19,1 582.37,sl 3261.62
2025.05.29 05:17:47,2750,XAUUSD,sell,in,0.01,3263.92,2753,-0.04,0.00,0.00,1 582.33,
2025.05.29 05:26:42,2751,XAUUSD,buy,out,0.01,3262.33,2754,-0.04,0.00,1.59,1 583.88,sl 3262.25
2025.05.29 05:41:51,2752,XAUUSD,sell,in,0.01,3267.90,2755,-0.04,0.00,0.00,1 583.84,
2025.05.29 05:43:56,2753,XAUUSD,buy,out,0.01,3267.85,2756,-0.04,0.00,0.05,1 583.85,sl 3267.84
2025.05.29 06:05:54,2754,XAUUSD,sell,in,0.01,3270.98,2757,-0.04,0.00,0.00,1 583.81,
2025.05.29 06:07:18,2755,XAUUSD,buy,out,0.01,3270.09,2758,-0.04,0.00,0.89,1 584.66,sl 3270.08
2025.05.29 06:30:01,2756,XAUUSD,sell,in,0.01,3274.37,2759,-0.04,0.00,0.00,1 584.62,
2025.05.29 06:58:02,2757,XAUUSD,buy,out,0.01,3274.35,2760,-0.04,0.00,0.02,1 584.60,sl 3274.31
2025.05.29 06:58:14,2758,XAUUSD,sell,in,0.01,3275.46,2761,-0.04,0.00,0.00,1 584.56,
2025.05.29 06:59:12,2759,XAUUSD,buy,out,0.01,3274.41,2762,-0.04,0.00,1.05,1 585.57,sl 3274.37
2025.05.29 07:22:13,2760,XAUUSD,sell,in,0.01,3274.64,2763,-0.04,0.00,0.00,1 585.53,
2025.05.29 07:24:42,2761,XAUUSD,buy,out,0.01,3274.56,2764,-0.04,0.00,0.08,1 585.57,sl 3274.55
2025.05.29 07:46:19,2762,XAUUSD,sell,in,0.01,3273.24,2765,-0.04,0.00,0.00,1 585.53,
2025.05.29 07:48:22,2763,XAUUSD,buy,out,0.01,3272.73,2766,-0.04,0.00,0.51,1 586.00,sl 3272.71
2025.05.29 08:10:22,2764,XAUUSD,sell,in,0.01,3268.81,2767,-0.04,0.00,0.00,1 585.96,
2025.05.29 08:36:21,2765,XAUUSD,buy,out,0.01,3268.76,2768,-0.04,0.00,0.05,1 585.97,sl 3268.76
2025.05.29 08:36:31,2766,XAUUSD,sell,in,0.01,3268.86,2769,-0.04,0.00,0.00,1 585.93,
2025.05.29 08:36:56,2767,XAUUSD,buy,out,0.01,3268.78,2770,-0.04,0.00,0.08,1 585.97,sl 3268.72
2025.05.29 09:00:35,2768,XAUUSD,sell,in,0.01,3273.85,2771,-0.04,0.00,0.00,1 585.93,
2025.05.29 09:03:57,2769,XAUUSD,buy,out,0.01,3273.83,2772,-0.04,0.00,0.02,1 585.91,sl 3273.83
2025.05.29 09:24:39,2770,XAUUSD,sell,in,0.01,3274.43,2773,-0.04,0.00,0.00,1 585.87,
2025.05.29 09:24:55,2771,XAUUSD,buy,out,0.01,3274.19,2774,-0.04,0.00,0.24,1 586.07,sl 3274.19
2025.05.29 09:48:45,2772,XAUUSD,sell,in,0.01,3271.38,2775,-0.04,0.00,0.00,1 586.03,
2025.05.29 09:49:44,2773,XAUUSD,buy,out,0.01,3271.41,2776,-0.04,0.00,-0.03,1 585.96,sl 3271.36
2025.05.29 19:14:47,2774,XAUUSD,buy,in,0.01,3329.14,2777,-0.04,0.00,0.00,1 585.92,
2025.05.29 19:15:03,2775,XAUUSD,sell,out,0.01,3329.15,2778,-0.04,0.00,0.01,1 585.89,sl 3329.16
2025.05.30 17:00:20,2776,XAUUSD,sell,in,0.01,3274.32,2779,-0.04,0.00,0.00,1 585.85,
2025.05.30 17:01:35,2777,XAUUSD,buy,out,0.01,3274.03,2780,-0.04,0.00,0.29,1 586.10,sl 3273.99
2025.05.30 17:40:33,2778,XAUUSD,sell,in,0.01,3274.31,2781,-0.04,0.00,0.00,1 586.06,
2025.05.30 17:41:13,2779,XAUUSD,buy,out,0.01,3274.26,2782,-0.04,0.00,0.05,1 586.07,sl 3274.25
2025.06.02 09:18:14,2780,XAUUSD,buy,in,0.01,3330.41,2783,-0.04,0.00,0.00,1 586.03,
2025.06.02 09:19:33,2781,XAUUSD,sell,out,0.01,3332.60,2784,-0.04,0.00,2.19,1 588.18,sl 3332.61
2025.06.02 09:42:21,2782,XAUUSD,buy,in,0.01,3342.41,2785,-0.04,0.00,0.00,1 588.14,
2025.06.02 09:43:34,2783,XAUUSD,sell,out,0.01,3342.99,2786,-0.04,0.00,0.58,1 588.68,sl 3343.02
2025.06.02 10:06:22,2784,XAUUSD,buy,in,0.01,3347.92,2787,-0.04,0.00,0.00,1 588.64,
2025.06.02 10:06:41,2785,XAUUSD,sell,out,0.01,3348.04,2788,-0.04,0.00,0.12,1 588.72,sl 3348.06
2025.06.02 10:30:28,2786,XAUUSD,buy,in,0.01,3355.51,2789,-0.04,0.00,0.00,1 588.68,
2025.06.02 10:31:42,2787,XAUUSD,sell,out,0.01,3357.08,2790,-0.04,0.00,1.57,1 590.21,sl 3357.08
2025.06.02 10:54:35,2788,XAUUSD,buy,in,0.01,3351.92,2791,-0.04,0.00,0.00,1 590.17,
2025.06.02 10:55:05,2789,XAUUSD,sell,out,0.01,3352.00,2792,-0.04,0.00,0.08,1 590.21,sl 3352.00
2025.06.02 11:18:37,2790,XAUUSD,buy,in,0.01,3352.75,2793,-0.04,0.00,0.00,1 590.17,
2025.06.02 11:20:23,2791,XAUUSD,sell,out,0.01,3353.00,2794,-0.04,0.00,0.25,1 590.38,sl 3353.01
2025.06.02 11:42:40,2792,XAUUSD,buy,in,0.01,3353.91,2795,-0.04,0.00,0.00,1 590.34,
2025.06.02 11:47:00,2793,XAUUSD,sell,out,0.01,3354.31,2796,-0.04,0.00,0.40,1 590.70,sl 3354.33
2025.06.02 12:06:44,2794,XAUUSD,buy,in,0.01,3351.49,2797,-0.04,0.00,0.00,1 590.66,
2025.06.02 14:24:11,2795,XAUUSD,sell,out,0.01,3352.87,2798,-0.04,0.00,1.38,1 592.00,sl 3352.88
2025.06.02 14:24:29,2796,XAUUSD,buy,in,0.01,3352.32,2799,-0.04,0.00,0.00,1 591.96,
2025.06.02 14:27:04,2797,XAUUSD,sell,out,0.01,3353.01,2800,-0.04,0.00,0.69,1 592.61,sl 3353.01
2025.06.02 14:48:31,2798,XAUUSD,buy,in,0.01,3356.34,2801,-0.04,0.00,0.00,1 592.57,
2025.06.02 15:00:40,2799,XAUUSD,sell,out,0.01,3357.32,2802,-0.04,0.00,0.98,1 593.51,sl 3357.36
2025.06.02 15:12:35,2800,XAUUSD,buy,in,0.01,3358.57,2803,-0.04,0.00,0.00,1 593.47,
2025.06.02 15:14:05,2801,XAUUSD,sell,out,0.01,3358.60,2804,-0.04,0.00,0.03,1 593.46,sl 3358.65
2025.06.02 15:36:43,2802,XAUUSD,buy,in,0.01,3362.08,2805,-0.04,0.00,0.00,1 593.42,
2025.06.02 15:40:13,2803,XAUUSD,sell,out,0.01,3362.49,2806,-0.04,0.00,0.41,1 593.79,sl 3362.53
2025.06.02 16:00:45,2804,XAUUSD,buy,in,0.01,3357.38,2807,-0.04,0.00,0.00,1 593.75,
2025.06.02 16:37:09,2805,XAUUSD,sell,out,0.01,3357.94,2808,-0.04,0.00,0.56,1 594.27,sl 3357.94
2025.06.02 16:37:13,2806,XAUUSD,buy,in,0.01,3358.02,2809,-0.04,0.00,0.00,1 594.23,
2025.06.02 16:38:11,2807,XAUUSD,sell,out,0.01,3359.09,2810,-0.04,0.00,1.07,1 595.26,sl 3359.10
2025.06.02 17:01:18,2808,XAUUSD,buy,in,0.01,3375.44,2811,-0.04,0.00,0.00,1 595.22,
2025.06.02 17:01:45,2809,XAUUSD,sell,out,0.01,3375.49,2812,-0.04,0.00,0.05,1 595.23,sl 3375.51
2025.06.02 17:25:23,2810,XAUUSD,buy,in,0.01,3373.99,2813,-0.04,0.00,0.00,1 595.19,
2025.06.02 17:26:02,2811,XAUUSD,sell,out,0.01,3374.08,2814,-0.04,0.00,0.09,1 595.24,sl 3374.08
2025.06.02 17:49:27,2812,XAUUSD,buy,in,0.01,3376.38,2815,-0.04,0.00,0.00,1 595.20,
2025.06.02 17:51:47,2813,XAUUSD,sell,out,0.01,3376.99,2816,-0.04,0.00,0.61,1 595.77,sl 3376.99
2025.06.02 18:13:33,2814,XAUUSD,buy,in,0.01,3374.68,2817,-0.04,0.00,0.00,1 595.73,
2025.06.02 18:14:51,2815,XAUUSD,sell,out,0.01,3374.67,2818,-0.04,0.00,-0.01,1 595.68,sl 3374.76
2025.06.02 18:37:41,2816,XAUUSD,buy,in,0.01,3372.82,2819,-0.04,0.00,0.00,1 595.64,
2025.06.02 18:40:25,2817,XAUUSD,sell,out,0.01,3374.27,2820,-0.04,0.00,1.45,1 597.05,sl 3374.28
2025.06.02 19:01:48,2818,XAUUSD,buy,in,0.01,3375.25,2821,-0.04,0.00,0.00,1 597.01,
2025.06.02 19:02:31,2819,XAUUSD,sell,out,0.01,3375.27,2822,-0.04,0.00,0.02,1 596.99,sl 3375.27
2025.06.02 19:25:50,2820,XAUUSD,buy,in,0.01,3372.15,2823,-0.04,0.00,0.00,1 596.95,
2025.06.02 19:28:00,2821,XAUUSD,sell,out,0.01,3372.11,2824,-0.04,0.00,-0.04,1 596.87,sl 3372.18
2025.06.02 19:49:55,2822,XAUUSD,buy,in,0.01,3371.54,2825,-0.04,0.00,0.00,1 596.83,
2025.06.02 19:59:05,2823,XAUUSD,sell,out,0.01,3371.57,2826,-0.04,0.00,0.03,1 596.82,sl 3371.57
2025.06.02 20:14:07,2824,XAUUSD,buy,in,0.01,3375.64,2827,-0.04,0.00,0.00,1 596.78,
2025.06.02 21:42:59,2825,XAUUSD,sell,out,0.01,3376.96,2828,-0.04,0.00,1.32,1 598.06,sl 3376.96
2025.06.02 21:43:01,2826,XAUUSD,buy,in,0.01,3377.09,2829,-0.04,0.00,0.00,1 598.02,
2025.06.02 21:44:47,2827,XAUUSD,sell,out,0.01,3377.11,2830,-0.04,0.00,0.02,1 598.00,sl 3377.11
2025.06.02 22:07:03,2828,XAUUSD,buy,in,0.01,3379.09,2831,-0.04,0.00,0.00,1 597.96,
2025.06.02 22:10:03,2829,XAUUSD,sell,out,0.01,3379.77,2832,-0.04,0.00,0.68,1 598.60,sl 3379.78
2025.06.02 22:31:03,2830,XAUUSD,buy,in,0.01,3378.77,2833,-0.04,0.00,0.00,1 598.56,
2025.06.02 22:34:03,2831,XAUUSD,sell,out,0.01,3379.34,2834,-0.04,0.00,0.57,1 599.09,sl 3379.38
2025.06.02 22:55:11,2832,XAUUSD,buy,in,0.01,3381.87,2835,-0.04,0.00,0.00,1 599.05,
2025.06.02 22:58:52,2833,XAUUSD,sell,out,0.01,3381.86,2836,-0.04,0.00,-0.01,1 599.00,sl 3381.89
2025.06.02 23:19:13,2834,XAUUSD,buy,in,0.01,3381.40,2837,-0.04,0.00,0.00,1 598.96,
2025.06.02 23:27:17,2835,XAUUSD,sell,out,0.01,3381.47,2838,-0.04,0.00,0.07,1 598.99,sl 3381.47
2025.06.02 23:43:13,2836,XAUUSD,buy,in,0.01,3381.12,2839,-0.04,0.00,0.00,1 598.95,
2025.06.02 23:47:39,2837,XAUUSD,sell,out,0.01,3381.85,2840,-0.04,0.00,0.73,1 599.64,sl 3381.85
2025.06.03 01:02:00,2838,XAUUSD,buy,in,0.01,3384.73,2841,-0.04,0.00,0.00,1 599.60,
2025.06.03 01:03:11,2839,XAUUSD,sell,out,0.01,3385.11,2842,-0.04,0.00,0.38,1 599.94,sl 3385.11
2025.06.03 01:26:05,2840,XAUUSD,buy,in,0.01,3390.47,2843,-0.04,0.00,0.00,1 599.90,
2025.06.03 01:27:22,2841,XAUUSD,sell,out,0.01,3390.62,2844,-0.04,0.00,0.15,1 600.01,sl 3390.67
2025.06.03 01:50:22,2842,XAUUSD,buy,in,0.01,3389.42,2845,-0.04,0.00,0.00,1 599.97,
2025.06.03 01:59:27,2843,XAUUSD,sell,out,0.01,3389.42,2846,-0.04,0.00,0.00,1 599.93,sl 3389.44
2025.06.03 02:14:22,2844,XAUUSD,buy,in,0.01,3388.91,2847,-0.04,0.00,0.00,1 599.89,
2025.06.03 02:19:29,2845,XAUUSD,sell,out,0.01,3389.07,2848,-0.04,0.00,0.16,1 600.01,sl 3389.11
2025.06.03 02:38:25,2846,XAUUSD,buy,in,0.01,3386.16,2849,-0.04,0.00,0.00,1 599.97,
2025.06.03 02:43:29,2847,XAUUSD,sell,out,0.01,3386.27,2850,-0.04,0.00,0.11,1 600.04,sl 3386.36
2025.06.03 03:02:27,2848,XAUUSD,buy,in,0.01,3385.85,2851,-0.04,0.00,0.00,1 600.00,
2025.06.03 05:29:33,2849,XAUUSD,sell,in,0.15,3372.89,2852,-0.53,0.00,0.00,1 599.47,
2025.06.03 05:30:00,2850,XAUUSD,buy,out,0.15,3372.83,2853,-0.53,0.00,0.90,1 599.84,sl 3372.83
2025.06.03 17:00:15,2851,XAUUSD,sell,out,0.01,3339.51,2854,-0.04,0.00,-46.34,1 553.46,
2025.06.04 04:58:37,2852,XAUUSD,buy,in,0.01,3372.28,2855,-0.04,0.00,0.00,1 553.42,
2025.06.04 07:25:38,2853,XAUUSD,sell,in,0.15,3360.78,2856,-0.53,0.00,0.00,1 552.89,
2025.06.04 07:30:05,2854,XAUUSD,buy,out,0.15,3360.60,2857,-0.53,0.00,2.70,1 555.06,sl 3360.56
2025.06.04 13:51:56,2855,XAUUSD,sell,out,0.01,3347.53,2858,-0.04,0.00,-24.75,1 530.27,
2025.06.04 17:38:10,2856,XAUUSD,buy,in,0.01,3377.33,2859,-0.04,0.00,0.00,1 530.23,
2025.06.04 17:38:39,2857,XAUUSD,sell,out,0.01,3378.15,2860,-0.04,0.00,0.82,1 531.01,sl 3378.19
2025.06.04 18:02:18,2858,XAUUSD,buy,in,0.01,3376.77,2861,-0.04,0.00,0.00,1 530.97,
2025.06.04 20:29:26,2859,XAUUSD,sell,in,0.15,3374.80,2862,-0.53,0.00,0.00,1 530.44,
2025.06.04 20:32:40,2860,XAUUSD,sell,out,0.01,3377.51,2863,-0.04,0.00,0.74,1 531.14,sl 3377.53
2025.06.04 22:05:23,2861,XAUUSD,buy,out,0.15,3374.40,2864,-0.53,0.00,6.00,1 536.61,sl 3374.38
2025.06.06 17:16:29,2862,XAUUSD,sell,in,0.01,3331.09,2865,-0.04,0.00,0.00,1 536.57,
2025.06.06 17:16:49,2863,XAUUSD,buy,out,0.01,3328.40,2866,-0.04,0.00,2.69,1 539.22,sl 3328.39
2025.06.06 17:40:35,2864,XAUUSD,sell,in,0.01,3331.14,2867,-0.04,0.00,0.00,1 539.18,
2025.06.06 17:43:50,2865,XAUUSD,buy,out,0.01,3331.13,2868,-0.04,0.00,0.01,1 539.15,sl 3331.13
2025.06.06 18:04:35,2866,XAUUSD,sell,in,0.01,3326.19,2869,-0.04,0.00,0.00,1 539.11,
2025.06.06 18:05:05,2867,XAUUSD,buy,out,0.01,3325.84,2870,-0.04,0.00,0.35,1 539.42,sl 3325.83
2025.06.06 18:28:36,2868,XAUUSD,sell,in,0.01,3331.47,2871,-0.04,0.00,0.00,1 539.38,
2025.06.06 18:29:07,2869,XAUUSD,buy,out,0.01,3331.51,2872,-0.04,0.00,-0.04,1 539.30,sl 3331.46
2025.06.06 18:53:04,2870,XAUUSD,sell,in,0.01,3332.17,2873,-0.04,0.00,0.00,1 539.26,
2025.06.06 19:01:01,2871,XAUUSD,buy,out,0.01,3332.04,2874,-0.04,0.00,0.13,1 539.35,sl 3332.00
2025.06.06 19:17:05,2872,XAUUSD,sell,in,0.01,3330.46,2875,-0.04,0.00,0.00,1 539.31,
2025.06.06 19:21:22,2873,XAUUSD,buy,out,0.01,3329.33,2876,-0.04,0.00,1.13,1 540.40,sl 3329.32
2025.06.06 19:41:11,2874,XAUUSD,sell,in,0.01,3324.57,2877,-0.04,0.00,0.00,1 540.36,
2025.06.06 19:42:36,2875,XAUUSD,buy,out,0.01,3323.22,2878,-0.04,0.00,1.35,1 541.67,sl 3323.17
2025.06.06 20:05:11,2876,XAUUSD,sell,in,0.01,3324.97,2879,-0.04,0.00,0.00,1 541.63,
2025.06.06 20:05:50,2877,XAUUSD,buy,out,0.01,3324.88,2880,-0.04,0.00,0.09,1 541.68,sl 3324.88
2025.06.06 20:29:19,2878,XAUUSD,sell,in,0.01,3324.58,2881,-0.04,0.00,0.00,1 541.64,
2025.06.06 20:31:04,2879,XAUUSD,buy,out,0.01,3323.05,2882,-0.04,0.00,1.53,1 543.13,sl 3322.92
2025.06.06 20:53:20,2880,XAUUSD,sell,in,0.01,3322.70,2883,-0.04,0.00,0.00,1 543.09,
2025.06.06 21:04:36,2881,XAUUSD,buy,out,0.01,3321.60,2884,-0.04,0.00,1.10,1 544.15,sl 3321.60
2025.06.06 21:17:24,2882,XAUUSD,sell,in,0.01,3315.80,2885,-0.04,0.00,0.00,1 544.11,
2025.06.06 21:19:50,2883,XAUUSD,buy,out,0.01,3315.10,2886,-0.04,0.00,0.70,1 544.77,sl 3315.08
2025.06.06 21:41:31,2884,XAUUSD,sell,in,0.01,3319.36,2887,-0.04,0.00,0.00,1 544.73,
2025.06.06 21:46:39,2885,XAUUSD,buy,out,0.01,3319.09,2888,-0.04,0.00,0.27,1 544.96,sl 3319.09
2025.06.06 22:05:34,2886,XAUUSD,sell,in,0.01,3317.30,2889,-0.04,0.00,0.00,1 544.92,
2025.06.06 22:09:20,2887,XAUUSD,buy,out,0.01,3316.96,2890,-0.04,0.00,0.34,1 545.22,sl 3316.93
2025.06.06 22:29:41,2888,XAUUSD,sell,in,0.01,3314.73,2891,-0.04,0.00,0.00,1 545.18,
2025.06.06 22:32:05,2889,XAUUSD,buy,out,0.01,3314.36,2892,-0.04,0.00,0.37,1 545.51,sl 3314.33
2025.06.06 22:53:42,2890,XAUUSD,sell,in,0.01,3314.21,2893,-0.04,0.00,0.00,1 545.47,
2025.06.06 22:55:03,2891,XAUUSD,buy,out,0.01,3314.20,2894,-0.04,0.00,0.01,1 545.44,sl 3314.19
2025.06.06 23:17:48,2892,XAUUSD,sell,in,0.01,3309.51,2895,-0.04,0.00,0.00,1 545.40,
2025.06.06 23:18:58,2893,XAUUSD,buy,out,0.01,3309.30,2896,-0.04,0.00,0.21,1 545.57,sl 3309.29
2025.06.06 23:41:49,2894,XAUUSD,sell,in,0.01,3312.38,2897,-0.04,0.00,0.00,1 545.53,
2025.06.06 23:43:04,2895,XAUUSD,buy,out,0.01,3311.96,2898,-0.04,0.00,0.42,1 545.91,sl 3311.96
2025.06.09 01:02:13,2896,XAUUSD,sell,in,0.01,3317.16,2899,-0.04,0.00,0.00,1 545.87,
2025.06.09 01:13:38,2897,XAUUSD,buy,out,0.01,3316.70,2900,-0.04,0.00,0.46,1 546.29,sl 3316.58
2025.06.09 01:26:14,2898,XAUUSD,sell,in,0.01,3317.92,2901,-0.04,0.00,0.00,1 546.25,
2025.06.09 01:27:22,2899,XAUUSD,buy,out,0.01,3317.58,2902,-0.04,0.00,0.34,1 546.55,sl 3317.54
2025.06.09 01:50:19,2900,XAUUSD,sell,in,0.01,3312.30,2903,-0.04,0.00,0.00,1 546.51,
2025.06.09 01:53:27,2901,XAUUSD,buy,out,0.01,3310.44,2904,-0.04,0.00,1.86,1 548.33,sl 3310.38
2025.06.09 02:14:24,2902,XAUUSD,sell,in,0.01,3316.85,2905,-0.04,0.00,0.00,1 548.29,
2025.06.09 02:21:43,2903,XAUUSD,buy,out,0.01,3315.91,2906,-0.04,0.00,0.94,1 549.19,sl 3315.68
2025.06.09 02:38:20,2904,XAUUSD,sell,in,0.01,3314.12,2907,-0.04,0.00,0.00,1 549.15,
2025.06.09 02:39:01,2905,XAUUSD,buy,out,0.01,3314.15,2908,-0.04,0.00,-0.03,1 549.08,sl 3314.11
2025.06.09 03:02:20,2906,XAUUSD,sell,in,0.01,3316.81,2909,-0.04,0.00,0.00,1 549.04,
2025.06.09 03:08:20,2907,XAUUSD,buy,out,0.01,3314.11,2910,-0.04,0.00,2.70,1 551.70,sl 3314.04
2025.06.09 03:26:28,2908,XAUUSD,sell,in,0.01,3306.35,2911,-0.04,0.00,0.00,1 551.66,
2025.06.09 03:27:20,2909,XAUUSD,buy,out,0.01,3306.00,2912,-0.04,0.00,0.35,1 551.97,sl 3305.98
2025.06.09 03:50:30,2910,XAUUSD,sell,in,0.01,3301.36,2913,-0.04,0.00,0.00,1 551.93,
2025.06.09 04:39:37,2911,XAUUSD,buy,in,0.15,3304.86,2914,-0.53,0.00,0.00,1 551.40,
2025.06.09 04:44:34,2912,XAUUSD,sell,out,0.15,3306.38,2915,-0.53,0.00,22.80,1 573.67,sl 3306.40
2025.06.09 04:56:54,2913,XAUUSD,buy,out,0.01,3300.48,2916,-0.04,0.00,0.88,1 574.51,sl 3300.48
2025.06.10 04:32:59,2914,XAUUSD,sell,in,0.01,3307.44,2917,-0.04,0.00,0.00,1 574.47,
2025.06.10 04:34:01,2915,XAUUSD,buy,out,0.01,3307.13,2918,-0.04,0.00,0.31,1 574.74,sl 3307.13
2025.06.10 04:57:04,2916,XAUUSD,sell,in,0.01,3307.59,2919,-0.04,0.00,0.00,1 574.70,
2025.06.10 05:00:29,2917,XAUUSD,buy,out,0.01,3305.45,2920,-0.04,0.00,2.14,1 576.80,sl 3305.45
2025.06.10 05:21:04,2918,XAUUSD,sell,in,0.01,3306.49,2921,-0.04,0.00,0.00,1 576.76,
2025.06.10 05:22:15,2919,XAUUSD,buy,out,0.01,3306.12,2922,-0.04,0.00,0.37,1 577.09,sl 3306.12
2025.06.10 05:45:10,2920,XAUUSD,sell,in,0.01,3305.65,2923,-0.04,0.00,0.00,1 577.05,
2025.06.10 05:46:22,2921,XAUUSD,buy,out,0.01,3305.42,2924,-0.04,0.00,0.23,1 577.24,sl 3305.42
2025.06.10 06:11:49,2922,XAUUSD,sell,in,0.01,3305.74,2925,-0.04,0.00,0.00,1 577.20,
2025.06.10 06:16:15,2923,XAUUSD,buy,out,0.01,3305.73,2926,-0.04,0.00,0.01,1 577.17,sl 3305.72
2025.06.10 07:28:50,2924,XAUUSD,sell,in,0.01,3305.12,2927,-0.04,0.00,0.00,1 577.13,
2025.06.10 07:29:59,2925,XAUUSD,buy,out,0.01,3303.62,2928,-0.04,0.00,1.50,1 578.59,sl 3303.62
2025.06.11 15:36:41,2926,XAUUSD,buy,in,0.01,3360.15,2929,-0.04,0.00,0.00,1 578.55,
2025.06.11 15:37:01,2927,XAUUSD,sell,out,0.01,3360.12,2930,-0.04,0.00,-0.03,1 578.48,sl 3360.17
2025.06.12 01:13:28,2928,XAUUSD,buy,in,0.01,3361.39,2931,-0.04,0.00,0.00,1 578.44,
2025.06.12 01:18:54,2929,XAUUSD,sell,out,0.01,3363.31,2932,-0.04,0.00,1.92,1 580.32,sl 3363.31
2025.06.12 01:37:35,2930,XAUUSD,buy,in,0.01,3367.12,2933,-0.04,0.00,0.00,1 580.28,
2025.06.12 01:40:01,2931,XAUUSD,sell,out,0.01,3367.22,2934,-0.04,0.00,0.10,1 580.34,sl 3367.32
2025.06.12 02:01:36,2932,XAUUSD,buy,in,0.01,3371.25,2935,-0.04,0.00,0.00,1 580.30,
2025.06.12 02:02:25,2933,XAUUSD,sell,out,0.01,3372.04,2936,-0.04,0.00,0.79,1 581.05,sl 3372.06
2025.06.12 02:25:36,2934,XAUUSD,buy,in,0.01,3366.53,2937,-0.04,0.00,0.00,1 581.01,
2025.06.12 03:28:51,2935,XAUUSD,sell,out,0.01,3369.57,2938,-0.04,0.00,3.04,1 584.01,sl 3369.57
2025.06.12 03:28:59,2936,XAUUSD,buy,in,0.01,3369.74,2939,-0.04,0.00,0.00,1 583.97,
2025.06.12 03:47:47,2937,XAUUSD,sell,out,0.01,3370.65,2940,-0.04,0.00,0.91,1 584.84,sl 3370.71
2025.06.12 03:53:00,2938,XAUUSD,buy,in,0.01,3368.83,2941,-0.04,0.00,0.00,1 584.80,
2025.06.12 03:53:22,2939,XAUUSD,sell,out,0.01,3370.11,2942,-0.04,0.00,1.28,1 586.04,sl 3370.13
2025.06.12 04:17:00,2940,XAUUSD,buy,in,0.01,3370.78,2943,-0.04,0.00,0.00,1 586.00,
2025.06.12 04:18:25,2941,XAUUSD,sell,out,0.01,3371.59,2944,-0.04,0.00,0.81,1 586.77,sl 3371.60
2025.06.12 04:41:03,2942,XAUUSD,buy,in,0.01,3372.46,2945,-0.04,0.00,0.00,1 586.73,
2025.06.12 04:42:42,2943,XAUUSD,sell,out,0.01,3372.69,2946,-0.04,0.00,0.23,1 586.92,sl 3372.77
2025.06.12 05:05:16,2944,XAUUSD,buy,in,0.01,3373.89,2947,-0.04,0.00,0.00,1 586.88,
2025.06.12 05:17:57,2945,XAUUSD,sell,out,0.01,3373.89,2948,-0.04,0.00,0.00,1 586.84,sl 3373.91
2025.06.12 05:29:23,2946,XAUUSD,buy,in,0.01,3373.98,2949,-0.04,0.00,0.00,1 586.80,
2025.06.12 05:30:29,2947,XAUUSD,sell,out,0.01,3374.58,2950,-0.04,0.00,0.60,1 587.36,sl 3374.60
2025.06.12 05:53:30,2948,XAUUSD,buy,in,0.01,3374.33,2951,-0.04,0.00,0.00,1 587.32,
2025.06.12 05:57:00,2949,XAUUSD,sell,out,0.01,3375.67,2952,-0.04,0.00,1.34,1 588.62,sl 3375.67
2025.06.12 06:17:33,2950,XAUUSD,buy,in,0.01,3374.67,2953,-0.04,0.00,0.00,1 588.58,
2025.06.12 06:18:56,2951,XAUUSD,sell,out,0.01,3375.08,2954,-0.04,0.00,0.41,1 588.95,sl 3375.10
2025.06.12 06:41:41,2952,XAUUSD,buy,in,0.01,3375.33,2955,-0.04,0.00,0.00,1 588.91,
2025.06.12 08:35:25,2953,XAUUSD,sell,out,0.01,3375.35,2956,-0.04,0.00,0.02,1 588.89,sl 3375.35
2025.06.12 08:35:27,2954,XAUUSD,buy,in,0.01,3375.38,2957,-0.04,0.00,0.00,1 588.85,
2025.06.12 10:44:05,2955,XAUUSD,sell,out,0.01,3340.25,2958,-0.04,0.00,-35.13,1 553.68,
2025.06.12 13:18:57,2956,XAUUSD,buy,in,0.01,3372.81,2959,-0.04,0.00,0.00,1 553.64,
2025.06.12 13:19:16,2957,XAUUSD,sell,out,0.01,3372.91,2960,-0.04,0.00,0.10,1 553.70,sl 3372.93
2025.06.12 13:43:01,2958,XAUUSD,buy,in,0.01,3381.73,2961,-0.04,0.00,0.00,1 553.66,
2025.06.12 13:43:13,2959,XAUUSD,sell,out,0.01,3382.29,2962,-0.04,0.00,0.56,1 554.18,sl 3382.29
2025.06.12 14:07:09,2960,XAUUSD,buy,in,0.01,3386.12,2963,-0.04,0.00,0.00,1 554.14,
2025.06.12 15:30:49,2961,XAUUSD,sell,out,0.01,3386.18,2964,-0.04,0.00,0.06,1 554.16,sl 3386.18
2025.06.12 15:30:57,2962,XAUUSD,buy,in,0.01,3386.28,2965,-0.04,0.00,0.00,1 554.12,
2025.06.12 15:37:56,2963,XAUUSD,sell,out,0.01,3387.05,2966,-0.04,0.00,0.77,1 554.85,sl 3387.07
2025.06.12 15:55:02,2964,XAUUSD,buy,in,0.01,3389.03,2967,-0.04,0.00,0.00,1 554.81,
2025.06.12 15:55:54,2965,XAUUSD,sell,out,0.01,3389.06,2968,-0.04,0.00,0.03,1 554.80,sl 3389.06
2025.06.12 16:19:06,2966,XAUUSD,buy,in,0.01,3385.77,2969,-0.04,0.00,0.00,1 554.76,
2025.06.12 16:34:19,2967,XAUUSD,sell,out,0.01,3386.88,2970,-0.04,0.00,1.11,1 555.83,sl 3386.88
2025.06.12 16:43:11,2968,XAUUSD,buy,in,0.01,3396.86,2971,-0.04,0.00,0.00,1 555.79,
2025.06.12 16:43:35,2969,XAUUSD,sell,out,0.01,3396.95,2972,-0.04,0.00,0.09,1 555.84,sl 3396.97
2025.06.12 17:07:12,2970,XAUUSD,buy,in,0.01,3390.95,2973,-0.04,0.00,0.00,1 555.80,
2025.06.12 17:07:23,2971,XAUUSD,sell,out,0.01,3391.35,2974,-0.04,0.00,0.40,1 556.16,sl 3391.35
2025.06.12 17:31:12,2972,XAUUSD,buy,in,0.01,3388.78,2975,-0.04,0.00,0.00,1 556.12,
2025.06.12 17:46:49,2973,XAUUSD,sell,out,0.01,3388.75,2976,-0.04,0.00,-0.03,1 556.05,sl 3388.80
2025.06.12 17:55:13,2974,XAUUSD,buy,in,0.01,3385.70,2977,-0.04,0.00,0.00,1 556.01,
2025.06.12 17:55:26,2975,XAUUSD,sell,out,0.01,3385.73,2978,-0.04,0.00,0.03,1 556.00,sl 3385.73
2025.06.12 18:19:21,2976,XAUUSD,buy,in,0.01,3382.35,2979,-0.04,0.00,0.00,1 555.96,
2025.06.12 18:20:16,2977,XAUUSD,sell,out,0.01,3383.50,2980,-0.04,0.00,1.15,1 557.07,sl 3383.55
2025.06.12 18:43:21,2978,XAUUSD,buy,in,0.01,3388.43,2982,-0.04,0.00,0.00,1 557.03,
2025.06.12 18:50:28,2979,XAUUSD,sell,out,0.01,3388.71,2983,-0.04,0.00,0.28,1 557.27,sl 3388.72
2025.06.12 19:07:29,2980,XAUUSD,buy,in,0.01,3387.34,2984,-0.04,0.00,0.00,1 557.23,
2025.06.12 19:08:14,2981,XAUUSD,sell,out,0.01,3387.37,2985,-0.04,0.00,0.03,1 557.22,sl 3387.47
2025.06.12 19:31:31,2982,XAUUSD,buy,in,0.01,3388.41,2986,-0.04,0.00,0.00,1 557.18,
2025.06.12 19:32:28,2983,XAUUSD,sell,out,0.01,3388.45,2987,-0.04,0.00,0.04,1 557.18,sl 3388.45
2025.06.12 19:55:39,2984,XAUUSD,buy,in,0.01,3383.27,2988,-0.04,0.00,0.00,1 557.14,
2025.06.12 19:56:10,2985,XAUUSD,sell,out,0.01,3383.39,2989,-0.04,0.00,0.12,1 557.22,sl 3383.39
2025.06.12 20:19:40,2986,XAUUSD,buy,in,0.01,3381.20,2990,-0.04,0.00,0.00,1 557.18,
2025.06.12 20:28:20,2987,XAUUSD,sell,out,0.01,3381.22,2991,-0.04,0.00,0.02,1 557.16,sl 3381.22
2025.06.12 20:43:39,2988,XAUUSD,buy,in,0.01,3382.39,2992,-0.04,0.00,0.00,1 557.12,
2025.06.12 20:51:34,2989,XAUUSD,sell,out,0.01,3384.13,2993,-0.04,0.00,1.74,1 558.82,sl 3384.13
2025.06.12 21:07:46,2990,XAUUSD,buy,in,0.01,3383.31,2994,-0.04,0.00,0.00,1 558.78,
2025.06.12 21:12:16,2991,XAUUSD,sell,out,0.01,3383.36,2995,-0.04,0.00,0.05,1 558.79,sl 3383.39
2025.06.12 21:31:45,2992,XAUUSD,buy,in,0.01,3383.72,2996,-0.04,0.00,0.00,1 558.75,
2025.06.12 21:37:03,2993,XAUUSD,sell,out,0.01,3384.56,2997,-0.04,0.00,0.84,1 559.55,sl 3384.58
2025.06.12 21:55:52,2994,XAUUSD,buy,in,0.01,3385.07,2998,-0.04,0.00,0.00,1 559.51,
2025.06.12 22:00:01,2995,XAUUSD,sell,out,0.01,3385.73,2999,-0.04,0.00,0.66,1 560.13,sl 3385.73
2025.06.12 22:19:57,2996,XAUUSD,buy,in,0.01,3386.52,3000,-0.04,0.00,0.00,1 560.09,
2025.06.12 22:32:05,2997,XAUUSD,sell,out,0.01,3386.57,3001,-0.04,0.00,0.05,1 560.10,sl 3386.58
2025.06.12 22:43:57,2998,XAUUSD,buy,in,0.01,3388.07,3002,-0.04,0.00,0.00,1 560.06,
2025.06.12 22:47:44,2999,XAUUSD,sell,out,0.01,3388.15,3003,-0.04,0.00,0.08,1 560.10,sl 3388.15
2025.06.12 23:08:04,3000,XAUUSD,buy,in,0.01,3388.53,3004,-0.04,0.00,0.00,1 560.06,
2025.06.13 01:35:17,3001,XAUUSD,sell,in,0.15,3381.28,3005,-0.53,0.00,0.00,1 559.53,
2025.06.13 01:36:50,3002,XAUUSD,buy,out,0.15,3380.82,3006,-0.53,0.00,6.90,1 565.90,sl 3380.75
2025.06.13 02:49:17,3003,XAUUSD,sell,out,0.01,3389.32,3007,-0.04,-0.52,0.79,1 566.13,sl 3389.37
2025.06.17 17:37:17,3004,XAUUSD,sell,in,0.01,3367.48,3008,-0.04,0.00,0.00,1 566.09,
2025.06.17 17:38:30,3005,XAUUSD,buy,out,0.01,3367.43,3009,-0.04,0.00,0.05,1 566.10,sl 3367.35
2025.06.19 09:03:32,3006,XAUUSD,sell,in,0.01,3356.95,3010,-0.04,0.00,0.00,1 566.06,
2025.06.19 09:08:30,3007,XAUUSD,buy,out,0.01,3355.23,3011,-0.04,0.00,1.72,1 567.74,sl 3355.23
2025.06.19 09:27:48,3008,XAUUSD,sell,in,0.01,3350.58,3012,-0.04,0.00,0.00,1 567.70,
2025.06.19 09:28:30,3009,XAUUSD,buy,out,0.01,3350.60,3013,-0.04,0.00,-0.02,1 567.64,sl 3350.56
2025.06.19 09:52:05,3010,XAUUSD,sell,in,0.01,3357.73,3014,-0.04,0.00,0.00,1 567.60,
2025.06.19 09:52:45,3011,XAUUSD,buy,out,0.01,3356.72,3015,-0.04,0.00,1.01,1 568.57,sl 3356.68
2025.06.19 10:16:09,3012,XAUUSD,sell,in,0.01,3355.44,3016,-0.04,0.00,0.00,1 568.53,
2025.06.19 10:18:55,3013,XAUUSD,buy,out,0.01,3355.22,3017,-0.04,0.00,0.22,1 568.71,sl 3355.21
2025.06.20 06:09:41,3014,XAUUSD,sell,in,0.01,3349.79,3018,-0.04,0.00,0.00,1 568.67,
2025.06.20 06:10:31,3015,XAUUSD,buy,out,0.01,3347.49,3019,-0.04,0.00,2.30,1 570.93,sl 3347.46
2025.06.20 08:30:13,3016,XAUUSD,sell,in,0.01,3347.22,3020,-0.04,0.00,0.00,1 570.89,
2025.06.20 08:50:30,3017,XAUUSD,buy,out,0.01,3347.21,3021,-0.04,0.00,0.01,1 570.86,sl 3347.21
2025.06.20 08:54:19,3018,XAUUSD,sell,in,0.01,3346.34,3022,-0.04,0.00,0.00,1 570.82,
2025.06.20 08:54:51,3019,XAUUSD,buy,out,0.01,3346.26,3023,-0.04,0.00,0.08,1 570.86,sl 3346.22
2025.06.20 09:21:07,3020,XAUUSD,sell,in,0.01,3347.16,3024,-0.04,0.00,0.00,1 570.82,
2025.06.20 09:21:31,3021,XAUUSD,buy,out,0.01,3347.13,3025,-0.04,0.00,0.03,1 570.81,sl 3347.07
2025.06.20 09:45:09,3022,XAUUSD,sell,in,0.01,3340.99,3026,-0.04,0.00,0.00,1 570.77,
2025.06.20 10:34:14,3023,XAUUSD,buy,in,0.15,3351.25,3027,-0.53,0.00,0.00,1 570.24,
2025.06.20 11:37:54,3024,XAUUSD,sell,out,0.15,3351.38,3028,-0.53,0.00,1.95,1 571.66,sl 3351.38
2025.06.20 16:54:56,3025,XAUUSD,buy,out,0.01,3371.67,3029,-0.04,0.00,-30.68,1 540.94,
2025.06.24 02:56:44,3026,XAUUSD,sell,in,0.01,3342.25,3030,-0.04,0.00,0.00,1 540.90,
2025.06.24 03:01:22,3027,XAUUSD,buy,out,0.01,3339.40,3031,-0.04,0.00,2.85,1 543.71,sl 3339.38
2025.06.24 08:26:00,3028,XAUUSD,sell,in,0.01,3338.66,3032,-0.04,0.00,0.00,1 543.67,
2025.06.24 08:29:14,3029,XAUUSD,buy,out,0.01,3338.49,3033,-0.04,0.00,0.17,1 543.80,sl 3338.44
2025.06.24 08:49:59,3030,XAUUSD,sell,in,0.01,3333.64,3034,-0.04,0.00,0.00,1 543.76,
2025.06.24 08:51:03,3031,XAUUSD,buy,out,0.01,3331.69,3035,-0.04,0.00,1.95,1 545.67,sl 3331.64
2025.06.24 09:14:00,3032,XAUUSD,sell,in,0.01,3325.47,3036,-0.04,0.00,0.00,1 545.63,
2025.06.24 09:14:47,3033,XAUUSD,buy,out,0.01,3325.12,3037,-0.04,0.00,0.35,1 545.94,sl 3325.12
2025.06.24 09:38:00,3034,XAUUSD,sell,in,0.01,3316.92,3038,-0.04,0.00,0.00,1 545.90,
2025.06.24 10:27:05,3035,XAUUSD,buy,in,0.15,3323.09,3039,-0.53,0.00,0.00,1 545.37,
2025.06.24 10:30:29,3036,XAUUSD,sell,out,0.15,3323.10,3040,-0.53,0.00,0.15,1 544.99,sl 3323.14
2025.06.24 15:13:02,3037,XAUUSD,buy,out,0.01,3316.58,3041,-0.04,0.00,0.34,1 545.29,sl 3316.58
2025.06.27 06:12:27,3038,XAUUSD,sell,in,0.01,3304.81,3042,-0.04,0.00,0.00,1 545.25,
2025.06.27 06:16:00,3039,XAUUSD,buy,out,0.01,3304.09,3043,-0.04,0.00,0.72,1 545.93,sl 3304.08
2025.06.27 06:36:30,3040,XAUUSD,sell,in,0.01,3301.79,3044,-0.04,0.00,0.00,1 545.89,
2025.06.27 06:41:32,3041,XAUUSD,buy,out,0.01,3298.79,3045,-0.04,0.00,3.00,1 548.85,sl 3298.79
2025.06.27 07:00:33,3042,XAUUSD,sell,in,0.01,3293.20,3046,-0.04,0.00,0.00,1 548.81,
2025.06.27 07:01:45,3043,XAUUSD,buy,out,0.01,3293.16,3047,-0.04,0.00,0.04,1 548.81,sl 3293.15
2025.06.27 07:24:33,3044,XAUUSD,sell,in,0.01,3294.74,3048,-0.04,0.00,0.00,1 548.77,
2025.06.27 07:28:18,3045,XAUUSD,buy,out,0.01,3294.64,3049,-0.04,0.00,0.10,1 548.83,sl 3294.61
2025.06.27 07:48:39,3046,XAUUSD,sell,in,0.01,3296.63,3050,-0.04,0.00,0.00,1 548.79,
2025.06.27 07:50:40,3047,XAUUSD,buy,out,0.01,3295.03,3051,-0.04,0.00,1.60,1 550.35,sl 3294.96
2025.06.27 08:12:40,3048,XAUUSD,sell,in,0.01,3290.92,3052,-0.04,0.00,0.00,1 550.31,
2025.06.27 08:13:13,3049,XAUUSD,buy,out,0.01,3290.32,3053,-0.04,0.00,0.60,1 550.87,sl 3290.32
2025.06.27 08:36:40,3050,XAUUSD,sell,in,0.01,3298.70,3054,-0.04,0.00,0.00,1 550.83,
2025.06.27 08:38:24,3051,XAUUSD,buy,out,0.01,3298.60,3055,-0.04,0.00,0.10,1 550.89,sl 3298.58
2025.06.27 09:00:41,3052,XAUUSD,sell,in,0.01,3294.25,3056,-0.04,0.00,0.00,1 550.85,
2025.06.27 09:09:58,3053,XAUUSD,buy,out,0.01,3293.59,3057,-0.04,0.00,0.66,1 551.47,sl 3293.55
2025.06.27 09:24:44,3054,XAUUSD,sell,in,0.01,3296.89,3058,-0.04,0.00,0.00,1 551.43,
2025.06.27 09:25:19,3055,XAUUSD,buy,out,0.01,3296.03,3059,-0.04,0.00,0.86,1 552.25,sl 3295.97
2025.06.27 09:48:46,3056,XAUUSD,sell,in,0.01,3290.19,3060,-0.04,0.00,0.00,1 552.21,
2025.06.27 09:49:44,3057,XAUUSD,buy,out,0.01,3289.35,3061,-0.04,0.00,0.84,1 553.01,sl 3289.33
2025.06.27 10:12:49,3058,XAUUSD,sell,in,0.01,3287.82,3062,-0.04,0.00,0.00,1 552.97,
2025.06.27 10:13:37,3059,XAUUSD,buy,out,0.01,3287.81,3063,-0.04,0.00,0.01,1 552.94,sl 3287.79
2025.06.27 10:36:55,3060,XAUUSD,sell,in,0.01,3287.14,3064,-0.04,0.00,0.00,1 552.90,
2025.06.27 10:41:41,3061,XAUUSD,buy,out,0.01,3285.79,3065,-0.04,0.00,1.35,1 554.21,sl 3285.79
2025.06.27 11:00:57,3062,XAUUSD,sell,in,0.01,3286.06,3066,-0.04,0.00,0.00,1 554.17,
2025.06.27 11:01:26,3063,XAUUSD,buy,out,0.01,3286.06,3067,-0.04,0.00,0.00,1 554.13,sl 3286.05
2025.06.27 11:24:57,3064,XAUUSD,sell,in,0.01,3284.37,3068,-0.04,0.00,0.00,1 554.09,
2025.06.27 11:25:28,3065,XAUUSD,buy,out,0.01,3284.06,3069,-0.04,0.00,0.31,1 554.36,sl 3284.06
2025.06.27 11:49:02,3066,XAUUSD,sell,in,0.01,3290.02,3070,-0.04,0.00,0.00,1 554.32,
2025.06.27 11:49:36,3067,XAUUSD,buy,out,0.01,3290.01,3071,-0.04,0.00,0.01,1 554.29,sl 3290.00
2025.06.27 12:13:03,3068,XAUUSD,sell,in,0.01,3288.63,3072,-0.04,0.00,0.00,1 554.25,
2025.06.27 12:14:32,3069,XAUUSD,buy,out,0.01,3287.67,3073,-0.04,0.00,0.96,1 555.17,sl 3287.67
2025.06.27 12:37:02,3070,XAUUSD,sell,in,0.01,3287.17,3074,-0.04,0.00,0.00,1 555.13,
2025.06.27 12:45:37,3071,XAUUSD,buy,out,0.01,3287.12,3075,-0.04,0.00,0.05,1 555.14,sl 3287.11
2025.06.27 13:01:07,3072,XAUUSD,sell,in,0.01,3284.36,3076,-0.04,0.00,0.00,1 555.10,
2025.06.27 13:43:57,3073,XAUUSD,buy,out,0.01,3284.33,3077,-0.04,0.00,0.03,1 555.09,sl 3284.27
2025.06.27 13:44:01,3074,XAUUSD,sell,in,0.01,3284.28,3078,-0.04,0.00,0.00,1 555.05,
2025.06.27 13:48:21,3075,XAUUSD,buy,out,0.01,3284.21,3079,-0.04,0.00,0.07,1 555.08,sl 3284.19
2025.06.27 14:08:08,3076,XAUUSD,sell,in,0.01,3285.93,3080,-0.04,0.00,0.00,1 555.04,
2025.06.27 14:10:05,3077,XAUUSD,buy,out,0.01,3284.70,3081,-0.04,0.00,1.23,1 556.23,sl 3284.70
2025.06.27 14:32:09,3078,XAUUSD,sell,in,0.01,3284.04,3082,-0.04,0.00,0.00,1 556.19,
2025.06.27 14:35:45,3079,XAUUSD,buy,out,0.01,3282.76,3083,-0.04,0.00,1.28,1 557.43,sl 3282.69
2025.06.27 14:56:12,3080,XAUUSD,sell,in,0.01,3282.53,3084,-0.04,0.00,0.00,1 557.39,
2025.06.27 14:58:54,3081,XAUUSD,buy,out,0.01,3281.45,3085,-0.04,0.00,1.08,1 558.43,sl 3281.44
2025.06.27 15:20:13,3082,XAUUSD,sell,in,0.01,3273.00,3086,-0.04,0.00,0.00,1 558.39,
2025.06.27 15:36:09,3083,XAUUSD,buy,out,0.01,3272.48,3087,-0.04,0.00,0.52,1 558.87,sl 3272.41
2025.06.27 15:44:20,3084,XAUUSD,sell,in,0.01,3272.78,3088,-0.04,0.00,0.00,1 558.83,
2025.06.27 15:45:16,3085,XAUUSD,buy,out,0.01,3270.72,3089,-0.04,0.00,2.06,1 560.85,sl 3270.68
2025.06.27 16:08:21,3086,XAUUSD,sell,in,0.01,3268.56,3090,-0.04,0.00,0.00,1 560.81,
2025.06.27 16:08:41,3087,XAUUSD,buy,out,0.01,3267.68,3091,-0.04,0.00,0.88,1 561.65,sl 3267.66
2025.06.27 16:32:26,3088,XAUUSD,sell,in,0.01,3259.52,3092,-0.04,0.00,0.00,1 561.61,
2025.06.27 17:21:30,3089,XAUUSD,buy,in,0.15,3267.20,3093,-0.53,0.00,0.00,1 561.08,
2025.06.27 17:22:19,3090,XAUUSD,sell,out,0.15,3267.35,3094,-0.53,0.00,2.25,1 562.80,sl 3267.35
2025.06.30 01:22:36,3091,XAUUSD,buy,out,0.01,3257.36,3095,-0.04,0.45,2.16,1 565.37,sl 3257.29
2025.07.01 08:27:30,3092,XAUUSD,buy,in,0.01,3329.97,3096,-0.04,0.00,0.00,1 565.33,
2025.07.01 08:32:57,3093,XAUUSD,sell,out,0.01,3330.33,3097,-0.04,0.00,0.36,1 565.65,sl 3330.41
2025.07.01 08:58:21,3094,XAUUSD,buy,in,0.01,3329.81,3098,-0.04,0.00,0.00,1 565.61,
2025.07.01 09:03:58,3095,XAUUSD,sell,out,0.01,3329.25,3099,-0.04,0.00,-0.56,1 565.01,sl 3330.02
2025.07.01 09:40:11,3096,XAUUSD,buy,in,0.01,3330.13,3100,-0.04,0.00,0.00,1 564.97,
2025.07.01 09:45:59,3097,XAUUSD,sell,out,0.01,3332.86,3101,-0.04,0.00,2.73,1 567.66,sl 3332.86
2025.07.01 10:04:12,3098,XAUUSD,buy,in,0.01,3332.03,3102,-0.04,0.00,0.00,1 567.62,
2025.07.01 10:07:57,3099,XAUUSD,sell,out,0.01,3332.42,3103,-0.04,0.00,0.39,1 567.97,sl 3332.43
2025.07.01 10:28:16,3100,XAUUSD,buy,in,0.01,3336.83,3104,-0.04,0.00,0.00,1 567.93,
2025.07.01 10:31:03,3101,XAUUSD,sell,out,0.01,3339.28,3105,-0.04,0.00,2.45,1 570.34,sl 3339.29
2025.07.01 10:52:23,3102,XAUUSD,buy,in,0.01,3338.08,3106,-0.04,0.00,0.00,1 570.30,
2025.07.01 10:53:30,3103,XAUUSD,sell,out,0.01,3338.97,3107,-0.04,0.00,0.89,1 571.15,sl 3338.98
2025.07.01 11:16:25,3104,XAUUSD,buy,in,0.01,3338.61,3108,-0.04,0.00,0.00,1 571.11,
2025.07.01 11:18:26,3105,XAUUSD,sell,out,0.01,3339.34,3109,-0.04,0.00,0.73,1 571.80,sl 3339.34
2025.07.01 11:40:33,3106,XAUUSD,buy,in,0.01,3340.88,3110,-0.04,0.00,0.00,1 571.76,
2025.07.01 12:22:24,3107,XAUUSD,sell,out,0.01,3341.29,3111,-0.04,0.00,0.41,1 572.13,sl 3341.30
2025.07.01 12:22:29,3108,XAUUSD,buy,in,0.01,3341.57,3112,-0.04,0.00,0.00,1 572.09,
2025.07.01 12:23:31,3109,XAUUSD,sell,out,0.01,3341.58,3113,-0.04,0.00,0.01,1 572.06,sl 3341.61
2025.07.01 12:46:30,3110,XAUUSD,buy,in,0.01,3346.04,3114,-0.04,0.00,0.00,1 572.02,
2025.07.01 12:51:36,3111,XAUUSD,sell,out,0.01,3346.06,3115,-0.04,0.00,0.02,1 572.00,sl 3346.07
2025.07.01 13:10:34,3112,XAUUSD,buy,in,0.01,3345.88,3116,-0.04,0.00,0.00,1 571.96,
2025.07.01 13:12:53,3113,XAUUSD,sell,out,0.01,3347.74,3117,-0.04,0.00,1.86,1 573.78,sl 3347.79
2025.07.01 13:34:34,3114,XAUUSD,buy,in,0.01,3346.69,3118,-0.04,0.00,0.00,1 573.74,
2025.07.01 13:37:42,3115,XAUUSD,sell,out,0.01,3346.70,3119,-0.04,0.00,0.01,1 573.71,sl 3346.71
2025.07.01 13:58:44,3116,XAUUSD,buy,in,0.01,3349.14,3120,-0.04,0.00,0.00,1 573.67,
2025.07.01 14:04:10,3117,XAUUSD,sell,out,0.01,3349.63,3121,-0.04,0.00,0.49,1 574.12,sl 3349.65
2025.07.01 14:22:47,3118,XAUUSD,buy,in,0.01,3350.25,3122,-0.04,0.00,0.00,1 574.08,
2025.07.01 14:25:42,3119,XAUUSD,sell,out,0.01,3351.33,3123,-0.04,0.00,1.08,1 575.12,sl 3351.36
2025.07.01 14:46:53,3120,XAUUSD,buy,in,0.01,3349.13,3124,-0.04,0.00,0.00,1 575.08,
2025.07.01 14:48:06,3121,XAUUSD,sell,out,0.01,3349.17,3125,-0.04,0.00,0.04,1 575.08,sl 3349.17
2025.07.01 15:10:55,3122,XAUUSD,buy,in,0.01,3350.37,3126,-0.04,0.00,0.00,1 575.04,
2025.07.01 15:17:09,3123,XAUUSD,sell,out,0.01,3351.91,3127,-0.04,0.00,1.54,1 576.54,sl 3351.94
2025.07.01 15:34:58,3124,XAUUSD,buy,in,0.01,3354.56,3128,-0.04,0.00,0.00,1 576.50,
2025.07.01 15:35:48,3125,XAUUSD,sell,out,0.01,3354.89,3129,-0.04,0.00,0.33,1 576.79,sl 3354.91
2025.07.01 15:59:03,3126,XAUUSD,buy,in,0.01,3355.38,3130,-0.04,0.00,0.00,1 576.75,
2025.07.01 18:26:12,3127,XAUUSD,sell,in,0.15,3341.12,3131,-0.53,0.00,0.00,1 576.22,
2025.07.01 18:28:41,3128,XAUUSD,buy,out,0.15,3339.52,3132,-0.53,0.00,24.00,1 599.69,sl 3339.52
2025.07.02 22:09:33,3129,XAUUSD,sell,out,0.01,3356.54,3133,-0.04,-0.52,1.16,1 600.29,sl 3356.55
2025.07.07 04:21:08,3130,XAUUSD,sell,in,0.01,3307.12,3134,-0.04,0.00,0.00,1 600.25,
2025.07.07 05:10:12,3131,XAUUSD,buy,in,0.15,3313.97,3135,-0.53,0.00,0.00,1 599.72,
2025.07.07 05:11:22,3132,XAUUSD,sell,out,0.15,3314.82,3136,-0.53,0.00,12.75,1 611.94,sl 3314.83
2025.07.07 05:49:43,3133,XAUUSD,buy,out,0.01,3307.04,3137,-0.04,0.00,0.08,1 611.98,sl 3307.03
2025.07.08 17:36:54,3134,XAUUSD,sell,in,0.01,3300.39,3138,-0.04,0.00,0.00,1 611.94,
2025.07.08 17:37:35,3135,XAUUSD,buy,out,0.01,3297.73,3139,-0.04,0.00,2.66,1 614.56,sl 3297.73
2025.07.08 18:01:09,3136,XAUUSD,sell,in,0.01,3296.87,3140,-0.04,0.00,0.00,1 614.52,
2025.07.08 18:03:58,3137,XAUUSD,buy,out,0.01,3295.65,3141,-0.04,0.00,1.22,1 615.70,sl 3295.57
2025.07.08 18:25:10,3138,XAUUSD,sell,in,0.01,3296.01,3142,-0.04,0.00,0.00,1 615.66,
2025.07.08 18:26:59,3139,XAUUSD,buy,out,0.01,3295.87,3143,-0.04,0.00,0.14,1 615.76,sl 3295.86
2025.07.08 18:49:18,3140,XAUUSD,sell,in,0.01,3298.58,3144,-0.04,0.00,0.00,1 615.72,
2025.07.08 18:58:59,3141,XAUUSD,buy,out,0.01,3298.59,3145,-0.04,0.00,-0.01,1 615.67,sl 3298.56
2025.07.08 19:13:25,3142,XAUUSD,sell,in,0.01,3297.28,3146,-0.04,0.00,0.00,1 615.63,
2025.07.08 19:15:36,3143,XAUUSD,buy,out,0.01,3297.11,3147,-0.04,0.00,0.17,1 615.76,sl 3297.11
2025.07.08 19:37:34,3144,XAUUSD,sell,in,0.01,3297.07,3148,-0.04,0.00,0.00,1 615.72,
2025.07.08 19:38:08,3145,XAUUSD,buy,out,0.01,3296.76,3149,-0.04,0.00,0.31,1 615.99,sl 3296.75
2025.07.09 05:46:01,3146,XAUUSD,sell,in,0.01,3292.92,3150,-0.04,0.00,0.00,1 615.95,
2025.07.09 05:48:56,3147,XAUUSD,buy,out,0.01,3291.63,3151,-0.04,0.00,1.29,1 617.20,sl 3291.58
2025.07.09 06:10:08,3148,XAUUSD,sell,in,0.01,3291.74,3152,-0.04,0.00,0.00,1 617.16,
2025.07.09 06:10:42,3149,XAUUSD,buy,out,0.01,3291.71,3153,-0.04,0.00,0.03,1 617.15,sl 3291.71
2025.07.09 06:34:23,3150,XAUUSD,sell,in,0.01,3291.08,3154,-0.04,0.00,0.00,1 617.11,
2025.07.09 06:38:02,3151,XAUUSD,buy,out,0.01,3290.65,3155,-0.04,0.00,0.43,1 617.50,sl 3290.63
2025.07.09 08:40:14,3152,XAUUSD,sell,in,0.01,3290.70,3156,-0.04,0.00,0.00,1 617.46,
2025.07.09 08:56:55,3153,XAUUSD,buy,out,0.01,3289.90,3157,-0.04,0.00,0.80,1 618.22,sl 3289.90
2025.07.09 09:04:15,3154,XAUUSD,sell,in,0.01,3288.39,3158,-0.04,0.00,0.00,1 618.18,
2025.07.09 09:13:48,3155,XAUUSD,buy,out,0.01,3288.33,3159,-0.04,0.00,0.06,1 618.20,sl 3288.33
2025.07.09 09:28:15,3156,XAUUSD,sell,in,0.01,3286.65,3160,-0.04,0.00,0.00,1 618.16,
2025.07.09 09:34:11,3157,XAUUSD,buy,out,0.01,3286.63,3161,-0.04,0.00,0.02,1 618.14,sl 3286.63
2025.07.09 10:31:43,3158,XAUUSD,sell,in,0.01,3288.59,3162,-0.04,0.00,0.00,1 618.10,
2025.07.09 11:17:59,3159,XAUUSD,buy,out,0.01,3288.20,3163,-0.04,0.00,0.39,1 618.45,sl 3288.20
2025.07.09 11:18:18,3160,XAUUSD,sell,in,0.01,3287.62,3164,-0.04,0.00,0.00,1 618.41,
2025.07.09 11:21:03,3161,XAUUSD,buy,out,0.01,3285.21,3165,-0.04,0.00,2.41,1 620.78,sl 3285.21
2025.07.09 11:42:25,3162,XAUUSD,sell,in,0.01,3286.54,3166,-0.04,0.00,0.00,1 620.74,
2025.07.09 11:44:30,3163,XAUUSD,buy,out,0.01,3286.58,3167,-0.04,0.00,-0.04,1 620.66,sl 3286.51
2025.07.09 12:07:19,3164,XAUUSD,sell,in,0.01,3286.70,3168,-0.04,0.00,0.00,1 620.62,
2025.07.09 12:56:20,3165,XAUUSD,buy,in,0.15,3288.59,3169,-0.53,0.00,0.00,1 620.09,
2025.07.09 13:01:12,3166,XAUUSD,sell,out,0.15,3289.18,3170,-0.53,0.00,8.85,1 628.41,sl 3289.23
2025.07.09 14:35:34,3167,XAUUSD,buy,out,0.01,3286.40,3171,-0.04,0.00,0.30,1 628.67,sl 3286.30
2025.07.11 14:45:49,3168,XAUUSD,buy,in,0.01,3349.93,3172,-0.04,0.00,0.00,1 628.63,
2025.07.11 15:30:43,3169,XAUUSD,sell,out,0.01,3349.97,3173,-0.04,0.00,0.04,1 628.63,sl 3349.97
2025.07.11 15:31:20,3170,XAUUSD,buy,in,0.01,3349.86,3174,-0.04,0.00,0.00,1 628.59,
2025.07.11 15:33:29,3171,XAUUSD,sell,out,0.01,3350.25,3175,-0.04,0.00,0.39,1 628.94,sl 3350.25
2025.07.11 15:55:26,3172,XAUUSD,buy,in,0.01,3355.92,3176,-0.04,0.00,0.00,1 628.90,
2025.07.11 15:56:13,3173,XAUUSD,sell,out,0.01,3356.69,3177,-0.04,0.00,0.77,1 629.63,sl 3356.70
2025.07.11 16:19:32,3174,XAUUSD,buy,in,0.01,3358.07,3178,-0.04,0.00,0.00,1 629.59,
2025.07.11 16:39:22,3175,XAUUSD,sell,out,0.01,3358.07,3179,-0.04,0.00,0.00,1 629.55,sl 3358.09
2025.07.11 16:43:35,3176,XAUUSD,buy,in,0.01,3352.72,3180,-0.04,0.00,0.00,1 629.51,
2025.07.11 16:44:04,3177,XAUUSD,sell,out,0.01,3353.64,3181,-0.04,0.00,0.92,1 630.39,sl 3353.67
2025.07.11 17:07:38,3178,XAUUSD,buy,in,0.01,3353.36,3182,-0.04,0.00,0.00,1 630.35,
2025.07.11 17:08:34,3179,XAUUSD,sell,out,0.01,3353.43,3183,-0.04,0.00,0.07,1 630.38,sl 3353.49
2025.07.11 17:31:43,3180,XAUUSD,buy,in,0.01,3357.02,3184,-0.04,0.00,0.00,1 630.34,
2025.07.11 17:36:32,3181,XAUUSD,sell,out,0.01,3358.34,3185,-0.04,0.00,1.32,1 631.62,sl 3358.35
2025.07.11 17:55:45,3182,XAUUSD,buy,in,0.01,3362.61,3186,-0.04,0.00,0.00,1 631.58,
2025.07.11 18:00:51,3183,XAUUSD,sell,out,0.01,3362.70,3187,-0.04,0.00,0.09,1 631.63,sl 3362.70
2025.07.11 18:19:48,3184,XAUUSD,buy,in,0.01,3366.89,3188,-0.04,0.00,0.00,1 631.59,
2025.07.11 18:20:12,3185,XAUUSD,sell,out,0.01,3368.12,3189,-0.04,0.00,1.23,1 632.78,sl 3368.15
2025.07.11 18:43:53,3186,XAUUSD,buy,in,0.01,3361.33,3190,-0.04,0.00,0.00,1 632.74,
2025.07.11 21:10:59,3187,XAUUSD,sell,in,0.15,3354.74,3191,-0.53,0.00,0.00,1 632.21,
2025.07.11 23:31:24,3188,XAUUSD,buy,out,0.15,3354.24,3192,-0.53,0.00,7.50,1 639.18,sl 3354.24
2025.07.14 01:02:39,3189,XAUUSD,sell,out,0.01,3364.71,3193,-0.04,-0.52,3.38,1 642.00,sl 3364.75
2025.07.16 18:19:53,3190,XAUUSD,buy,in,0.01,3369.28,3194,-0.04,0.00,0.00,1 641.96,
2025.07.16 18:19:58,3191,XAUUSD,sell,out,0.01,3369.35,3195,-0.04,0.00,0.07,1 641.99,sl 3369.35
2025.07.17 15:45:19,3192,XAUUSD,sell,in,0.01,3312.02,3196,-0.04,0.00,0.00,1 641.95,
2025.07.17 15:52:22,3193,XAUUSD,buy,out,0.01,3311.22,3197,-0.04,0.00,0.80,1 642.71,sl 3311.21
2025.07.21 15:18:47,3194,XAUUSD,buy,in,0.01,3377.55,3198,-0.04,0.00,0.00,1 642.67,
2025.07.21 15:19:33,3195,XAUUSD,sell,out,0.01,3378.48,3199,-0.04,0.00,0.93,1 643.56,sl 3378.61
2025.07.21 15:42:48,3196,XAUUSD,buy,in,0.01,3387.15,3200,-0.04,0.00,0.00,1 643.52,
2025.07.21 15:51:05,3197,XAUUSD,sell,out,0.01,3387.94,3201,-0.04,0.00,0.79,1 644.27,sl 3387.94
2025.07.21 16:07:00,3198,XAUUSD,buy,in,0.01,3389.05,3202,-0.04,0.00,0.00,1 644.23,
2025.07.21 16:22:37,3199,XAUUSD,sell,out,0.01,3389.06,3203,-0.04,0.00,0.01,1 644.20,sl 3389.08
2025.07.21 16:31:07,3200,XAUUSD,buy,in,0.01,3386.76,3204,-0.04,0.00,0.00,1 644.16,
2025.07.21 16:31:36,3201,XAUUSD,sell,out,0.01,3386.86,3205,-0.04,0.00,0.10,1 644.22,sl 3386.89
2025.07.21 16:55:08,3202,XAUUSD,buy,in,0.01,3390.33,3206,-0.04,0.00,0.00,1 644.18,
2025.07.21 16:55:37,3203,XAUUSD,sell,out,0.01,3390.31,3207,-0.04,0.00,-0.02,1 644.12,sl 3390.35
2025.07.21 17:19:13,3204,XAUUSD,buy,in,0.01,3395.80,3208,-0.04,0.00,0.00,1 644.08,
2025.07.21 17:25:44,3205,XAUUSD,sell,out,0.01,3396.85,3209,-0.04,0.00,1.05,1 645.09,sl 3396.86
2025.07.21 17:43:12,3206,XAUUSD,buy,in,0.01,3399.02,3210,-0.04,0.00,0.00,1 645.05,
2025.07.21 17:44:59,3207,XAUUSD,sell,out,0.01,3399.66,3211,-0.04,0.00,0.64,1 645.65,sl 3399.67
2025.07.21 18:07:17,3208,XAUUSD,buy,in,0.01,3399.95,3212,-0.04,0.00,0.00,1 645.61,
2025.07.21 18:24:01,3209,XAUUSD,sell,out,0.01,3400.19,3213,-0.04,0.00,0.24,1 645.81,sl 3400.20
2025.07.21 18:31:20,3210,XAUUSD,buy,in,0.01,3399.60,3214,-0.04,0.00,0.00,1 645.77,
2025.07.21 18:32:55,3211,XAUUSD,sell,out,0.01,3400.13,3215,-0.04,0.00,0.53,1 646.26,sl 3400.13
2025.07.21 18:55:22,3212,XAUUSD,buy,in,0.01,3398.44,3216,-0.04,0.00,0.00,1 646.22,
2025.07.21 18:57:23,3213,XAUUSD,sell,out,0.01,3398.80,3217,-0.04,0.00,0.36,1 646.54,sl 3398.99
2025.07.21 19:19:23,3214,XAUUSD,buy,in,0.01,3397.52,3218,-0.04,0.00,0.00,1 646.50,
2025.07.21 19:21:56,3215,XAUUSD,sell,out,0.01,3398.03,3219,-0.04,0.00,0.51,1 646.97,sl 3398.04
2025.07.21 19:43:24,3216,XAUUSD,buy,in,0.01,3395.97,3220,-0.04,0.00,0.00,1 646.93,
2025.07.21 22:06:22,3217,XAUUSD,sell,out,0.01,3396.00,3221,-0.04,0.00,0.03,1 646.92,sl 3396.00
2025.07.21 22:06:25,3218,XAUUSD,buy,in,0.01,3395.95,3222,-0.04,0.00,0.00,1 646.88,
2025.07.21 22:11:13,3219,XAUUSD,sell,out,0.01,3396.64,3223,-0.04,0.00,0.69,1 647.53,sl 3396.65
2025.07.21 22:30:29,3220,XAUUSD,buy,in,0.01,3398.39,3224,-0.04,0.00,0.00,1 647.49,
2025.07.21 22:31:50,3221,XAUUSD,sell,out,0.01,3398.80,3225,-0.04,0.00,0.41,1 647.86,sl 3398.83
2025.07.21 22:54:33,3222,XAUUSD,buy,in,0.01,3397.75,3226,-0.04,0.00,0.00,1 647.82,
2025.07.21 22:56:54,3223,XAUUSD,sell,out,0.01,3398.16,3227,-0.04,0.00,0.41,1 648.19,sl 3398.16
2025.07.21 23:18:39,3224,XAUUSD,buy,in,0.01,3397.71,3228,-0.04,0.00,0.00,1 648.15,
2025.07.21 23:22:24,3225,XAUUSD,sell,out,0.01,3397.84,3229,-0.04,0.00,0.13,1 648.24,sl 3397.84
2025.07.21 23:42:39,3226,XAUUSD,buy,in,0.01,3398.68,3230,-0.04,0.00,0.00,1 648.20,
2025.07.22 01:06:38,3227,XAUUSD,sell,out,0.01,3398.81,3231,-0.04,-0.52,0.13,1 647.77,sl 3398.86
2025.07.22 01:06:42,3228,XAUUSD,buy,in,0.01,3398.88,3232,-0.04,0.00,0.00,1 647.73,
2025.07.22 01:13:54,3229,XAUUSD,sell,out,0.01,3399.29,3233,-0.04,0.00,0.41,1 648.10,sl 3399.32
2025.07.22 01:30:48,3230,XAUUSD,buy,in,0.01,3400.26,3234,-0.04,0.00,0.00,1 648.06,
2025.07.22 01:37:47,3231,XAUUSD,sell,out,0.01,3400.37,3235,-0.04,0.00,0.11,1 648.13,sl 3400.40
2025.07.22 01:54:55,3232,XAUUSD,buy,in,0.01,3399.05,3236,-0.04,0.00,0.00,1 648.09,
2025.07.22 02:01:40,3233,XAUUSD,sell,out,0.01,3399.80,3237,-0.04,0.00,0.75,1 648.80,sl 3399.85
2025.07.22 02:18:55,3234,XAUUSD,buy,in,0.01,3400.30,3238,-0.04,0.00,0.00,1 648.76,
2025.07.22 02:29:45,3235,XAUUSD,sell,out,0.01,3401.29,3239,-0.04,0.00,0.99,1 649.71,sl 3401.29
2025.07.22 02:43:00,3236,XAUUSD,buy,in,0.01,3394.18,3240,-0.04,0.00,0.00,1 649.67,
2025.07.22 02:43:42,3237,XAUUSD,sell,out,0.01,3394.56,3241,-0.04,0.00,0.38,1 650.01,sl 3394.61
2025.07.22 03:07:05,3238,XAUUSD,buy,in,0.01,3391.35,3242,-0.04,0.00,0.00,1 649.97,
2025.07.22 03:08:25,3239,XAUUSD,sell,out,0.01,3391.46,3243,-0.04,0.00,0.11,1 650.04,sl 3391.46
2025.07.22 03:31:12,3240,XAUUSD,buy,in,0.01,3396.13,3244,-0.04,0.00,0.00,1 650.00,
2025.07.22 03:33:00,3241,XAUUSD,sell,out,0.01,3397.03,3245,-0.04,0.00,0.90,1 650.86,sl 3397.03
2025.07.22 03:55:13,3242,XAUUSD,buy,in,0.01,3395.31,3246,-0.04,0.00,0.00,1 650.82,
2025.07.22 04:01:56,3243,XAUUSD,sell,out,0.01,3395.35,3247,-0.04,0.00,0.04,1 650.82,sl 3395.37
2025.07.22 04:19:52,3244,XAUUSD,buy,in,0.01,3391.92,3248,-0.04,0.00,0.00,1 650.78,
2025.07.22 04:23:37,3245,XAUUSD,sell,out,0.01,3391.83,3249,-0.04,0.00,-0.09,1 650.65,sl 3391.97
2025.07.22 06:45:32,3246,XAUUSD,buy,in,0.01,3393.35,3250,-0.04,0.00,0.00,1 650.61,
2025.07.22 09:12:35,3247,XAUUSD,sell,in,0.15,3386.75,3251,-0.53,0.00,0.00,1 650.08,
2025.07.22 09:13:36,3248,XAUUSD,buy,out,0.15,3386.60,3252,-0.53,0.00,2.25,1 651.80,sl 3386.58
2025.07.22 15:09:04,3249,XAUUSD,sell,out,0.01,3394.02,3253,-0.04,0.00,0.67,1 652.43,sl 3394.05
2025.07.24 10:55:28,3250,XAUUSD,sell,in,0.01,3367.65,3254,-0.04,0.00,0.00,1 652.39,
2025.07.24 10:57:02,3251,XAUUSD,buy,out,0.01,3366.86,3255,-0.04,0.00,0.79,1 653.14,sl 3366.85
2025.07.24 12:17:05,3252,XAUUSD,sell,in,0.01,3365.38,3256,-0.04,0.00,0.00,1 653.10,
2025.07.24 12:18:58,3253,XAUUSD,buy,out,0.01,3365.22,3257,-0.04,0.00,0.16,1 653.22,sl 3365.21
2025.07.24 12:41:09,3254,XAUUSD,sell,in,0.01,3364.43,3258,-0.04,0.00,0.00,1 653.18,
2025.07.24 12:42:12,3255,XAUUSD,buy,out,0.01,3363.58,3259,-0.04,0.00,0.85,1 653.99,sl 3363.54
2025.07.24 13:05:08,3256,XAUUSD,sell,in,0.01,3363.84,3260,-0.04,0.00,0.00,1 653.95,
2025.07.24 13:07:43,3257,XAUUSD,buy,out,0.01,3363.28,3261,-0.04,0.00,0.56,1 654.47,sl 3363.27
2025.07.24 13:29:10,3258,XAUUSD,sell,in,0.01,3364.72,3262,-0.04,0.00,0.00,1 654.43,
2025.07.24 13:34:50,3259,XAUUSD,buy,out,0.01,3363.34,3263,-0.04,0.00,1.38,1 655.77,sl 3363.33
2025.07.24 13:53:15,3260,XAUUSD,sell,in,0.01,3364.60,3264,-0.04,0.00,0.00,1 655.73,
2025.07.24 13:54:19,3261,XAUUSD,buy,out,0.01,3364.49,3265,-0.04,0.00,0.11,1 655.80,sl 3364.44
2025.07.24 14:23:16,3262,XAUUSD,sell,in,0.01,3364.06,3266,-0.04,0.00,0.00,1 655.76,
2025.07.24 14:26:23,3263,XAUUSD,buy,out,0.01,3363.49,3267,-0.04,0.00,0.57,1 656.29,sl 3363.47
2025.07.24 14:47:22,3264,XAUUSD,sell,in,0.01,3363.57,3268,-0.04,0.00,0.00,1 656.25,
2025.07.24 14:47:57,3265,XAUUSD,buy,out,0.01,3363.59,3269,-0.04,0.00,-0.02,1 656.19,sl 3363.55
2025.07.24 15:11:22,3266,XAUUSD,sell,in,0.01,3363.13,3270,-0.04,0.00,0.00,1 656.15,
2025.07.24 15:14:40,3267,XAUUSD,buy,out,0.01,3362.60,3271,-0.04,0.00,0.53,1 656.64,sl 3362.60
2025.07.24 15:35:23,3268,XAUUSD,sell,in,0.01,3363.18,3272,-0.04,0.00,0.00,1 656.60,
2025.07.24 15:39:26,3269,XAUUSD,buy,out,0.01,3362.23,3273,-0.04,0.00,0.95,1 657.51,sl 3362.23
2025.07.24 15:59:25,3270,XAUUSD,sell,in,0.01,3354.54,3274,-0.04,0.00,0.00,1 657.47,
2025.07.24 16:00:11,3271,XAUUSD,buy,out,0.01,3352.24,3275,-0.04,0.00,2.30,1 659.73,sl 3352.16
2025.07.24 16:23:33,3272,XAUUSD,sell,in,0.01,3356.76,3276,-0.04,0.00,0.00,1 659.69,
2025.07.24 17:12:34,3273,XAUUSD,buy,in,0.15,3369.72,3277,-0.53,0.00,0.00,1 659.16,
2025.07.24 17:13:43,3274,XAUUSD,sell,out,0.15,3370.65,3278,-0.53,0.00,13.95,1 672.58,sl 3370.65
2025.07.25 08:49:50,3275,XAUUSD,buy,out,0.01,3356.75,3279,-0.04,0.45,0.01,1 673.00,sl 3356.65
2025.07.30 16:31:38,3276,XAUUSD,sell,in,0.01,3303.07,3280,-0.04,0.00,0.00,1 672.96,
2025.07.30 16:32:29,3277,XAUUSD,buy,out,0.01,3303.07,3281,-0.04,0.00,0.00,1 672.92,sl 3303.05
2025.07.30 16:55:46,3278,XAUUSD,sell,in,0.01,3300.55,3282,-0.04,0.00,0.00,1 672.88,
2025.07.30 16:56:57,3279,XAUUSD,buy,out,0.01,3299.28,3283,-0.04,0.00,1.27,1 674.11,sl 3299.25
2025.07.30 17:28:15,3280,XAUUSD,sell,in,0.01,3302.07,3284,-0.04,0.00,0.00,1 674.07,
2025.07.30 17:31:53,3281,XAUUSD,buy,out,0.01,3302.05,3285,-0.04,0.00,0.02,1 674.05,sl 3302.05
2025.07.30 17:55:36,3282,XAUUSD,sell,in,0.01,3302.12,3286,-0.04,0.00,0.00,1 674.01,
2025.07.30 18:06:33,3283,XAUUSD,buy,out,0.01,3300.98,3287,-0.04,0.00,1.14,1 675.11,sl 3300.94
2025.07.30 18:19:49,3284,XAUUSD,sell,in,0.01,3299.22,3288,-0.04,0.00,0.00,1 675.07,
2025.07.30 18:20:29,3285,XAUUSD,buy,out,0.01,3294.88,3289,-0.04,0.00,4.34,1 679.37,sl 3294.83
2025.07.30 18:44:03,3286,XAUUSD,sell,in,0.01,3292.81,3290,-0.04,0.00,0.00,1 679.33,
2025.07.30 18:48:46,3287,XAUUSD,buy,out,0.01,3292.43,3291,-0.04,0.00,0.38,1 679.67,sl 3292.34
2025.07.30 19:08:07,3288,XAUUSD,sell,in,0.01,3292.61,3292,-0.04,0.00,0.00,1 679.63,
2025.07.30 19:57:12,3289,XAUUSD,buy,in,0.15,3298.15,3293,-0.53,0.00,0.00,1 679.10,
2025.07.30 20:01:38,3290,XAUUSD,sell,out,0.15,3298.13,3294,-0.53,0.00,-0.30,1 678.27,sl 3298.20
2025.07.30 21:36:54,3291,XAUUSD,buy,out,0.01,3291.67,3295,-0.04,0.00,0.94,1 679.17,sl 3291.67
2025.08.01 15:36:23,3292,XAUUSD,buy,in,0.01,3329.93,3296,-0.04,0.00,0.00,1 679.13,
2025.08.01 15:36:49,3293,XAUUSD,sell,out,0.01,3329.98,3297,-0.04,0.00,0.05,1 679.14,sl 3329.98
2025.08.01 16:00:27,3294,XAUUSD,buy,in,0.01,3342.56,3298,-0.04,0.00,0.00,1 679.10,
2025.08.01 16:03:48,3295,XAUUSD,sell,out,0.01,3343.86,3299,-0.04,0.00,1.30,1 680.36,sl 3343.88
2025.08.01 16:24:29,3296,XAUUSD,buy,in,0.01,3351.15,3300,-0.04,0.00,0.00,1 680.32,
2025.08.01 16:24:44,3297,XAUUSD,sell,out,0.01,3351.17,3301,-0.04,0.00,0.02,1 680.30,sl 3351.17
2025.08.01 16:48:34,3298,XAUUSD,buy,in,0.01,3344.44,3302,-0.04,0.00,0.00,1 680.26,
2025.08.01 16:48:50,3299,XAUUSD,sell,out,0.01,3344.57,3303,-0.04,0.00,0.13,1 680.35,sl 3344.57
2025.08.01 17:12:48,3300,XAUUSD,buy,in,0.01,3349.41,3304,-0.04,0.00,0.00,1 680.31,
2025.08.01 17:13:26,3301,XAUUSD,sell,out,0.01,3350.53,3305,-0.04,0.00,1.12,1 681.39,sl 3350.56
2025.08.01 17:36:48,3302,XAUUSD,buy,in,0.01,3343.41,3306,-0.04,0.00,0.00,1 681.35,
2025.08.01 17:37:40,3303,XAUUSD,sell,out,0.01,3343.63,3307,-0.04,0.00,0.22,1 681.53,sl 3343.65
2025.08.01 18:00:50,3304,XAUUSD,buy,in,0.01,3344.40,3308,-0.04,0.00,0.00,1 681.49,
2025.08.01 18:03:16,3305,XAUUSD,sell,out,0.01,3344.35,3309,-0.04,0.00,-0.05,1 681.40,sl 3344.43
2025.08.01 18:24:56,3306,XAUUSD,buy,in,0.01,3350.40,3310,-0.04,0.00,0.00,1 681.36,
2025.08.01 18:32:49,3307,XAUUSD,sell,out,0.01,3350.50,3311,-0.04,0.00,0.10,1 681.42,sl 3350.56
2025.08.01 18:49:02,3308,XAUUSD,buy,in,0.01,3348.90,3312,-0.04,0.00,0.00,1 681.38,
2025.08.01 18:52:56,3309,XAUUSD,sell,out,0.01,3349.07,3313,-0.04,0.00,0.17,1 681.51,sl 3349.08
2025.08.01 19:13:03,3310,XAUUSD,buy,in,0.01,3345.12,3314,-0.04,0.00,0.00,1 681.47,
2025.08.01 19:15:02,3311,XAUUSD,sell,out,0.01,3345.23,3315,-0.04,0.00,0.11,1 681.54,sl 3345.25
2025.08.01 19:37:05,3312,XAUUSD,buy,in,0.01,3342.24,3316,-0.04,0.00,0.00,1 681.50,
2025.08.01 19:45:25,3313,XAUUSD,sell,out,0.01,3342.25,3317,-0.04,0.00,0.01,1 681.47,sl 3342.26
2025.08.01 20:01:14,3314,XAUUSD,buy,in,0.01,3347.95,3318,-0.04,0.00,0.00,1 681.43,
2025.08.01 20:01:30,3315,XAUUSD,sell,out,0.01,3348.06,3319,-0.04,0.00,0.11,1 681.50,sl 3348.06
2025.08.01 20:25:14,3316,XAUUSD,buy,in,0.01,3348.39,3320,-0.04,0.00,0.00,1 681.46,
2025.08.01 20:29:00,3317,XAUUSD,sell,out,0.01,3348.38,3321,-0.04,0.00,-0.01,1 681.41,sl 3348.51
2025.08.01 20:49:17,3318,XAUUSD,buy,in,0.01,3347.76,3322,-0.04,0.00,0.00,1 681.37,
2025.08.01 20:50:50,3319,XAUUSD,sell,out,0.01,3347.85,3323,-0.04,0.00,0.09,1 681.42,sl 3347.87
2025.08.01 21:13:30,3320,XAUUSD,buy,in,0.01,3349.79,3324,-0.04,0.00,0.00,1 681.38,
2025.08.01 21:43:41,3321,XAUUSD,sell,out,0.01,3350.47,3325,-0.04,0.00,0.68,1 682.02,sl 3350.57
2025.08.01 21:43:44,3322,XAUUSD,buy,in,0.01,3350.52,3326,-0.04,0.00,0.00,1 681.98,
2025.08.01 21:47:27,3323,XAUUSD,sell,out,0.01,3350.71,3327,-0.04,0.00,0.19,1 682.13,sl 3350.71
2025.08.01 22:07:46,3324,XAUUSD,buy,in,0.01,3348.40,3328,-0.04,0.00,0.00,1 682.09,
2025.08.01 22:09:03,3325,XAUUSD,sell,out,0.01,3348.69,3329,-0.04,0.00,0.29,1 682.34,sl 3348.70
2025.08.01 22:31:51,3326,XAUUSD,buy,in,0.01,3355.99,3330,-0.04,0.00,0.00,1 682.30,
2025.08.01 22:33:03,3327,XAUUSD,sell,out,0.01,3356.60,3331,-0.04,0.00,0.61,1 682.87,sl 3356.68
2025.08.01 22:56:06,3328,XAUUSD,buy,in,0.01,3359.51,3332,-0.04,0.00,0.00,1 682.83,
2025.08.01 23:05:00,3329,XAUUSD,sell,out,0.01,3359.57,3333,-0.04,0.00,0.06,1 682.85,sl 3359.57
2025.08.01 23:20:10,3330,XAUUSD,buy,in,0.01,3360.36,3334,-0.04,0.00,0.00,1 682.81,
2025.08.01 23:27:09,3331,XAUUSD,sell,out,0.01,3360.40,3335,-0.04,0.00,0.04,1 682.81,sl 3360.44
2025.08.01 23:44:23,3332,XAUUSD,buy,in,0.01,3362.62,3336,-0.04,0.00,0.00,1 682.77,
2025.08.01 23:52:48,3333,XAUUSD,sell,out,0.01,3362.80,3337,-0.04,0.00,0.18,1 682.91,sl 3362.81
2025.08.04 01:02:04,3334,XAUUSD,buy,in,0.01,3363.44,3338,-0.04,0.00,0.00,1 682.87,
2025.08.04 01:03:07,3335,XAUUSD,sell,out,0.01,3363.94,3339,-0.04,0.00,0.50,1 683.33,sl 3363.99
2025.08.04 01:26:07,3336,XAUUSD,buy,in,0.01,3360.90,3340,-0.04,0.00,0.00,1 683.29,
2025.08.04 01:26:29,3337,XAUUSD,sell,out,0.01,3360.92,3341,-0.04,0.00,0.02,1 683.27,sl 3360.92
2025.08.04 01:50:09,3338,XAUUSD,buy,in,0.01,3359.20,3342,-0.04,0.00,0.00,1 683.23,
2025.08.04 01:50:57,3339,XAUUSD,sell,out,0.01,3359.21,3343,-0.04,0.00,0.01,1 683.20,sl 3359.23
2025.08.04 02:14:08,3340,XAUUSD,buy,in,0.01,3358.19,3344,-0.04,0.00,0.00,1 683.16,
2025.08.04 02:42:41,3341,XAUUSD,sell,out,0.01,3358.31,3345,-0.04,0.00,0.12,1 683.24,sl 3358.33
2025.08.04 02:42:41,3342,XAUUSD,buy,in,0.01,3358.36,3346,-0.04,0.00,0.00,1 683.20,
2025.08.04 02:50:06,3343,XAUUSD,sell,out,0.01,3359.73,3347,-0.04,0.00,1.37,1 684.53,sl 3359.75
2025.08.04 03:06:43,3344,XAUUSD,buy,in,0.01,3358.82,3348,-0.04,0.00,0.00,1 684.49,
2025.08.04 03:07:54,3345,XAUUSD,sell,out,0.01,3358.96,3349,-0.04,0.00,0.14,1 684.59,sl 3358.99
2025.08.04 03:30:48,3346,XAUUSD,buy,in,0.01,3355.46,3350,-0.04,0.00,0.00,1 684.55,
2025.08.04 05:57:55,3347,XAUUSD,sell,in,0.15,3354.52,3351,-0.53,0.00,0.00,1 684.02,
2025.08.04 06:03:06,3348,XAUUSD,sell,out,0.01,3356.30,3352,-0.04,0.00,0.84,1 684.82,sl 3356.34
2025.08.04 09:30:00,3349,XAUUSD,buy,out,0.15,3354.22,3353,-0.53,0.00,4.50,1 688.79,sl 3354.14
2025.08.05 16:38:21,3350,XAUUSD,buy,in,0.01,3379.63,3354,-0.04,0.00,0.00,1 688.75,
2025.08.05 17:00:29,3351,XAUUSD,sell,out,0.01,3379.63,3355,-0.04,0.00,0.00,1 688.71,sl 3379.66
2025.08.05 17:24:05,3352,XAUUSD,buy,in,0.01,3379.75,3356,-0.04,0.00,0.00,1 688.67,
2025.08.05 17:25:11,3353,XAUUSD,sell,out,0.01,3381.03,3357,-0.04,0.00,1.28,1 689.91,sl 3381.08
2025.08.05 17:48:05,3354,XAUUSD,buy,in,0.01,3383.72,3358,-0.04,0.00,0.00,1 689.87,
2025.08.05 17:51:29,3355,XAUUSD,sell,out,0.01,3384.70,3359,-0.04,0.00,0.98,1 690.81,sl 3384.70
2025.08.05 18:12:12,3356,XAUUSD,buy,in,0.01,3385.64,3360,-0.04,0.00,0.00,1 690.77,
2025.08.05 18:15:16,3357,XAUUSD,sell,out,0.01,3386.13,3361,-0.04,0.00,0.49,1 691.22,sl 3386.17
2025.08.05 18:36:17,3358,XAUUSD,buy,in,0.01,3383.24,3362,-0.04,0.00,0.00,1 691.18,
2025.08.05 18:39:39,3359,XAUUSD,sell,out,0.01,3384.74,3363,-0.04,0.00,1.50,1 692.64,sl 3384.74
2025.08.05 19:00:19,3360,XAUUSD,buy,in,0.01,3389.74,3364,-0.04,0.00,0.00,1 692.60,
2025.08.05 19:03:11,3361,XAUUSD,sell,out,0.01,3389.99,3365,-0.04,0.00,0.25,1 692.81,sl 3390.00
2025.08.05 19:24:34,3362,XAUUSD,buy,in,0.01,3383.54,3366,-0.04,0.00,0.00,1 692.77,
2025.08.05 21:51:36,3363,XAUUSD,sell,in,0.15,3380.48,3367,-0.53,0.00,0.00,1 692.24,
2025.08.05 21:54:19,3364,XAUUSD,buy,out,0.15,3380.05,3368,-0.53,0.00,6.45,1 698.16,sl 3380.05
2025.08.06 03:22:57,3365,XAUUSD,sell,out,0.01,3383.74,3369,-0.04,-0.52,0.20,1 697.80,sl 3383.81
2025.08.07 10:39:13,3366,XAUUSD,buy,in,0.01,3396.35,3370,-0.04,0.00,0.00,1 697.76,
2025.08.07 10:50:22,3367,XAUUSD,sell,out,0.01,3396.37,3371,-0.04,0.00,0.02,1 697.74,sl 3396.50
2025.08.08 01:03:30,3368,XAUUSD,buy,in,0.01,3404.36,3372,-0.04,0.00,0.00,1 697.70,
2025.08.08 01:03:44,3369,XAUUSD,sell,out,0.01,3402.76,3373,-0.04,0.00,-1.60,1 696.06,sl 3404.51
2025.08.08 01:39:39,3370,XAUUSD,buy,in,0.01,3402.08,3374,-0.04,0.00,0.00,1 696.02,
2025.08.08 01:39:56,3371,XAUUSD,sell,out,0.01,3402.14,3375,-0.04,0.00,0.06,1 696.04,sl 3402.17
2025.08.08 02:05:21,3372,XAUUSD,buy,in,0.01,3404.05,3376,-0.04,0.00,0.00,1 696.00,
2025.08.08 04:32:22,3373,XAUUSD,sell,in,0.15,3384.08,3377,-0.53,0.00,0.00,1 695.47,
2025.08.08 04:33:03,3374,XAUUSD,buy,out,0.15,3384.10,3378,-0.53,0.00,-0.30,1 694.64,sl 3384.04
2025.08.08 14:24:23,3375,XAUUSD,sell,out,0.01,3381.47,3379,-0.04,0.00,-22.58,1 672.02,
2025.08.11 12:15:41,3376,XAUUSD,sell,in,0.01,3354.92,3380,-0.04,0.00,0.00,1 671.98,
2025.08.11 12:53:33,3377,XAUUSD,buy,out,0.01,3354.92,3381,-0.04,0.00,0.00,1 671.94,sl 3354.89
2025.08.11 12:53:55,3378,XAUUSD,sell,in,0.01,3353.83,3382,-0.04,0.00,0.00,1 671.90,
2025.08.11 12:57:01,3379,XAUUSD,buy,out,0.01,3353.75,3383,-0.04,0.00,0.08,1 671.94,sl 3353.74
2025.08.11 14:24:19,3380,XAUUSD,sell,in,0.01,3353.12,3384,-0.04,0.00,0.00,1 671.90,
2025.08.11 14:24:48,3381,XAUUSD,buy,out,0.01,3353.00,3385,-0.04,0.00,0.12,1 671.98,sl 3353.00
2025.08.11 14:50:13,3382,XAUUSD,sell,in,0.01,3352.72,3386,-0.04,0.00,0.00,1 671.94,
2025.08.11 14:51:03,3383,XAUUSD,buy,out,0.01,3352.64,3387,-0.04,0.00,0.08,1 671.98,sl 3352.63
2025.08.11 15:20:56,3384,XAUUSD,sell,in,0.01,3352.06,3388,-0.04,0.00,0.00,1 671.94,
2025.08.11 15:28:54,3385,XAUUSD,buy,out,0.01,3348.80,3389,-0.04,0.00,3.26,1 675.16,sl 3348.75
2025.08.11 16:06:54,3386,XAUUSD,sell,in,0.01,3350.92,3390,-0.04,0.00,0.00,1 675.12,
2025.08.11 16:10:31,3387,XAUUSD,buy,out,0.01,3349.46,3391,-0.04,0.00,1.46,1 676.54,sl 3349.45
2025.08.11 16:30:53,3388,XAUUSD,sell,in,0.01,3350.45,3392,-0.04,0.00,0.00,1 676.50,
2025.08.11 17:20:03,3389,XAUUSD,buy,in,0.15,3355.89,3393,-0.53,0.00,0.00,1 675.97,
2025.08.11 17:22:40,3390,XAUUSD,sell,out,0.15,3357.82,3394,-0.53,0.00,28.95,1 704.39,sl 3357.83
2025.08.11 17:33:35,3391,XAUUSD,buy,out,0.01,3350.33,3395,-0.04,0.00,0.12,1 704.47,sl 3350.32
2025.08.22 17:18:03,3392,XAUUSD,buy,in,0.01,3362.88,3396,-0.04,0.00,0.00,1 704.43,
2025.08.22 17:18:29,3393,XAUUSD,sell,out,0.01,3363.15,3397,-0.04,0.00,0.27,1 704.66,sl 3363.16
2025.08.22 17:42:07,3394,XAUUSD,buy,in,0.01,3372.95,3398,-0.04,0.00,0.00,1 704.62,
2025.08.22 17:44:57,3395,XAUUSD,sell,out,0.01,3373.42,3399,-0.04,0.00,0.47,1 705.05,sl 3373.42
2025.08.22 18:06:12,3396,XAUUSD,buy,in,0.01,3377.20,3400,-0.04,0.00,0.00,1 705.01,
2025.08.22 18:06:50,3397,XAUUSD,sell,out,0.01,3377.27,3401,-0.04,0.00,0.07,1 705.04,sl 3377.28
2025.08.22 18:30:16,3398,XAUUSD,buy,in,0.01,3378.03,3402,-0.04,0.00,0.00,1 705.00,
2025.08.22 18:31:26,3399,XAUUSD,sell,out,0.01,3378.25,3403,-0.04,0.00,0.22,1 705.18,sl 3378.29
2025.08.22 18:54:17,3400,XAUUSD,buy,in,0.01,3368.12,3404,-0.04,0.00,0.00,1 705.14,
2025.08.22 18:56:19,3401,XAUUSD,sell,out,0.01,3371.63,3405,-0.04,0.00,3.51,1 708.61,sl 3371.63
2025.08.22 19:18:21,3402,XAUUSD,buy,in,0.01,3372.34,3406,-0.04,0.00,0.00,1 708.57,
2025.08.22 20:06:06,3403,XAUUSD,sell,out,0.01,3372.66,3407,-0.04,0.00,0.32,1 708.85,sl 3372.70
2025.08.22 20:06:23,3404,XAUUSD,buy,in,0.01,3372.64,3408,-0.04,0.00,0.00,1 708.81,
2025.08.22 20:06:52,3405,XAUUSD,sell,out,0.01,3372.66,3409,-0.04,0.00,0.02,1 708.79,sl 3372.66
2025.08.22 20:30:30,3406,XAUUSD,buy,in,0.01,3374.49,3410,-0.04,0.00,0.00,1 708.75,
2025.08.22 20:45:30,3407,XAUUSD,sell,out,0.01,3374.62,3411,-0.04,0.00,0.13,1 708.84,sl 3374.64
2025.08.22 20:54:50,3408,XAUUSD,buy,in,0.01,3375.06,3412,-0.04,0.00,0.00,1 708.80,
2025.08.22 23:21:57,3409,XAUUSD,sell,in,0.15,3370.88,3413,-0.53,0.00,0.00,1 708.27,
2025.08.22 23:25:56,3410,XAUUSD,buy,out,0.15,3370.75,3414,-0.53,0.00,1.95,1 709.69,sl 3370.69
2025.08.25 18:03:41,3411,XAUUSD,sell,out,0.01,3375.14,3415,-0.04,-0.52,0.08,1 709.21,sl 3375.19
2025.08.26 03:46:10,3412,XAUUSD,buy,in,0.01,3383.22,3416,-0.04,0.00,0.00,1 709.17,
2025.08.26 03:47:46,3413,XAUUSD,sell,out,0.01,3384.64,3417,-0.04,0.00,1.42,1 710.55,sl 3384.65
2025.08.28 17:40:28,3414,XAUUSD,buy,in,0.01,3412.41,3418,-0.04,0.00,0.00,1 710.51,
2025.08.28 17:41:08,3415,XAUUSD,sell,out,0.01,3412.99,3419,-0.04,0.00,0.58,1 711.05,sl 3412.99
2025.08.28 19:14:14,3416,XAUUSD,buy,in,0.01,3414.15,3420,-0.04,0.00,0.00,1 711.01,
2025.08.28 19:23:46,3417,XAUUSD,sell,out,0.01,3415.08,3421,-0.04,0.00,0.93,1 711.90,sl 3415.08
2025.08.28 19:38:14,3418,XAUUSD,buy,in,0.01,3416.61,3422,-0.04,0.00,0.00,1 711.86,
2025.08.28 19:50:14,3419,XAUUSD,sell,out,0.01,3416.88,3423,-0.04,0.00,0.27,1 712.09,sl 3416.88
2025.08.28 20:02:20,3420,XAUUSD,buy,in,0.01,3415.46,3424,-0.04,0.00,0.00,1 712.05,
2025.08.28 20:05:21,3421,XAUUSD,sell,out,0.01,3416.40,3425,-0.04,0.00,0.94,1 712.95,sl 3416.40
2025.08.28 20:26:34,3422,XAUUSD,buy,in,0.01,3415.92,3426,-0.04,0.00,0.00,1 712.91,
2025.08.28 20:51:26,3423,XAUUSD,sell,out,0.01,3416.46,3427,-0.04,0.00,0.54,1 713.41,sl 3416.46
2025.08.28 20:51:29,3424,XAUUSD,buy,in,0.01,3416.62,3428,-0.04,0.00,0.00,1 713.37,
2025.08.28 20:55:00,3425,XAUUSD,sell,out,0.01,3418.29,3429,-0.04,0.00,1.67,1 715.00,sl 3418.30
2025.08.28 21:15:31,3426,XAUUSD,buy,in,0.01,3418.45,3430,-0.04,0.00,0.00,1 714.96,
2025.08.28 21:20:22,3427,XAUUSD,sell,out,0.01,3418.46,3431,-0.04,0.00,0.01,1 714.93,sl 3418.47
2025.08.28 21:39:42,3428,XAUUSD,buy,in,0.01,3418.90,3432,-0.04,0.00,0.00,1 714.89,
2025.08.28 21:53:24,3429,XAUUSD,sell,out,0.01,3419.11,3433,-0.04,0.00,0.21,1 715.06,sl 3419.15
2025.08.28 22:03:45,3430,XAUUSD,buy,in,0.01,3420.21,3434,-0.04,0.00,0.00,1 715.02,
2025.08.28 22:58:07,3431,XAUUSD,sell,out,0.01,3422.66,3435,-0.04,0.00,2.45,1 717.43,sl 3422.66
2025.08.28 22:58:15,3432,XAUUSD,buy,in,0.01,3422.93,3436,-0.04,0.00,0.00,1 717.39,
2025.08.29 01:25:40,3433,XAUUSD,sell,in,0.15,3417.59,3437,-0.53,0.00,0.00,1 716.86,
2025.08.29 01:30:52,3434,XAUUSD,buy,out,0.15,3417.50,3438,-0.53,0.00,1.35,1 717.68,sl 3417.31
2025.08.29 16:38:45,3435,XAUUSD,sell,out,0.01,3423.33,3439,-0.04,-0.52,0.40,1 717.52,sl 3423.35
2025.09.04 14:50:42,3436,XAUUSD,buy,in,0.01,3549.20,3440,-0.04,0.00,0.00,1 717.48,
2025.09.04 15:15:10,3437,XAUUSD,sell,out,0.01,3550.23,3441,-0.04,0.00,1.03,1 718.47,sl 3550.56
2025.09.04 15:15:18,3438,XAUUSD,buy,in,0.01,3550.52,3442,-0.04,0.00,0.00,1 718.43,
2025.09.04 15:16:38,3439,XAUUSD,sell,out,0.01,3550.47,3443,-0.04,0.00,-0.05,1 718.34,sl 3550.58
2025.09.04 16:20:44,3440,XAUUSD,buy,in,0.01,3550.61,3444,-0.04,0.00,0.00,1 718.30,
2025.09.04 16:21:30,3441,XAUUSD,sell,out,0.01,3550.69,3445,-0.04,0.00,0.08,1 718.34,sl 3550.69
2025.09.04 16:44:44,3442,XAUUSD,buy,in,0.01,3550.54,3446,-0.04,0.00,0.00,1 718.30,
2025.09.04 18:46:44,3443,XAUUSD,sell,out,0.01,3551.09,3447,-0.04,0.00,0.55,1 718.81,sl 3551.09
2025.09.04 18:53:24,3444,XAUUSD,buy,in,0.01,3551.97,3448,-0.04,0.00,0.00,1 718.77,
2025.09.04 18:55:37,3445,XAUUSD,sell,out,0.01,3551.97,3449,-0.04,0.00,0.00,1 718.73,sl 3552.00
2025.09.04 19:17:25,3446,XAUUSD,buy,in,0.01,3553.93,3450,-0.04,0.00,0.00,1 718.69,
2025.09.04 19:19:32,3447,XAUUSD,sell,out,0.01,3554.12,3451,-0.04,0.00,0.19,1 718.84,sl 3554.15
2025.09.04 19:41:27,3448,XAUUSD,buy,in,0.01,3553.10,3452,-0.04,0.00,0.00,1 718.80,
2025.09.04 19:42:13,3449,XAUUSD,sell,out,0.01,3553.12,3453,-0.04,0.00,0.02,1 718.78,sl 3553.14
2025.09.04 20:05:45,3450,XAUUSD,buy,in,0.01,3553.90,3454,-0.04,0.00,0.00,1 718.74,
2025.09.04 20:08:08,3451,XAUUSD,sell,out,0.01,3554.92,3455,-0.04,0.00,1.02,1 719.72,sl 3554.92
2025.09.05 06:58:38,3452,XAUUSD,buy,in,0.01,3559.02,3456,-0.04,0.00,0.00,1 719.68,
2025.09.05 08:05:40,3453,XAUUSD,sell,out,0.01,3559.55,3457,-0.04,0.00,0.53,1 720.17,sl 3559.58
2025.09.05 08:08:31,3454,XAUUSD,buy,in,0.01,3561.08,3458,-0.04,0.00,0.00,1 720.13,
2025.09.05 10:35:45,3455,XAUUSD,sell,in,0.15,3548.28,3459,-0.53,0.00,0.00,1 719.60,
2025.09.05 10:37:52,3456,XAUUSD,buy,out,0.15,3547.89,3460,-0.53,0.00,5.85,1 724.92,sl 3547.88
2025.09.05 15:30:09,3457,XAUUSD,sell,out,0.01,3568.87,3461,-0.04,0.00,7.79,1 732.67,sl 3568.87
2025.09.15 18:45:18,3458,XAUUSD,buy,in,0.01,3669.04,3462,-0.04,0.00,0.00,1 732.63,
2025.09.15 18:50:11,3459,XAUUSD,sell,out,0.01,3674.12,3463,-0.04,0.00,5.08,1 737.67,sl 3674.12
2025.09.15 19:09:24,3460,XAUUSD,buy,in,0.01,3681.29,3464,-0.04,0.00,0.00,1 737.63,
2025.09.15 19:09:47,3461,XAUUSD,sell,out,0.01,3681.61,3465,-0.04,0.00,0.32,1 737.91,sl 3681.67
2025.09.15 19:33:28,3462,XAUUSD,buy,in,0.01,3685.18,3466,-0.04,0.00,0.00,1 737.87,
2025.09.15 22:00:34,3463,XAUUSD,sell,in,0.15,3677.48,3467,-0.53,0.00,0.00,1 737.34,
2025.09.15 22:02:51,3464,XAUUSD,buy,out,0.15,3677.42,3468,-0.53,0.00,0.90,1 737.71,sl 3677.42
2025.09.16 03:58:02,3465,XAUUSD,sell,out,0.01,3686.48,3469,-0.04,-0.52,1.30,1 738.45,sl 3686.48
2025.09.17 21:08:34,3466,XAUUSD,buy,in,0.01,3700.68,3470,-0.04,0.00,0.00,1 738.41,
2025.09.17 21:08:43,3467,XAUUSD,sell,out,0.01,3700.69,3471,-0.04,0.00,0.01,1 738.38,sl 3700.72
2025.09.18 09:05:38,3468,XAUUSD,sell,in,0.01,3641.97,3472,-0.04,0.00,0.00,1 738.34,
2025.09.18 09:09:07,3469,XAUUSD,buy,out,0.01,3641.79,3473,-0.04,0.00,0.18,1 738.48,sl 3641.74
2025.09.18 09:29:40,3470,XAUUSD,sell,in,0.01,3638.87,3474,-0.04,0.00,0.00,1 738.44,
2025.09.18 09:30:24,3471,XAUUSD,buy,out,0.01,3638.79,3475,-0.04,0.00,0.08,1 738.48,sl 3638.78
2025.09.18 09:53:41,3472,XAUUSD,sell,in,0.01,3639.47,3476,-0.04,0.00,0.00,1 738.44,
2025.09.18 09:54:19,3473,XAUUSD,buy,out,0.01,3639.10,3477,-0.04,0.00,0.37,1 738.77,sl 3639.09
2025.09.18 16:39:29,3474,XAUUSD,sell,in,0.01,3639.98,3478,-0.04,0.00,0.00,1 738.73,
2025.09.18 16:40:37,3475,XAUUSD,buy,out,0.01,3638.56,3479,-0.04,0.00,1.42,1 740.11,sl 3638.56
2025.09.18 17:08:49,3476,XAUUSD,sell,in,0.01,3639.10,3480,-0.04,0.00,0.00,1 740.07,
2025.09.18 17:08:57,3477,XAUUSD,buy,out,0.01,3639.09,3481,-0.04,0.00,0.01,1 740.04,sl 3639.08
2025.09.18 17:32:50,3478,XAUUSD,sell,in,0.01,3638.28,3482,-0.04,0.00,0.00,1 740.00,
2025.09.18 17:33:32,3479,XAUUSD,buy,out,0.01,3637.77,3483,-0.04,0.00,0.51,1 740.47,sl 3637.70
2025.09.18 17:57:24,3480,XAUUSD,sell,in,0.01,3639.33,3484,-0.04,0.00,0.00,1 740.43,
2025.09.18 18:00:06,3481,XAUUSD,buy,out,0.01,3639.00,3485,-0.04,0.00,0.33,1 740.72,sl 3638.97
2025.09.18 18:28:14,3482,XAUUSD,sell,in,0.01,3638.47,3486,-0.04,0.00,0.00,1 740.68,
2025.09.18 19:17:25,3483,XAUUSD,buy,in,0.15,3645.42,3487,-0.53,0.00,0.00,1 740.15,
2025.09.18 19:56:32,3484,XAUUSD,sell,out,0.15,3646.73,3488,-0.53,0.00,19.65,1 759.27,sl 3646.75
2025.09.19 02:41:25,3485,XAUUSD,buy,out,0.01,3638.53,3489,-0.04,0.45,-0.06,1 759.62,sl 3638.46
2025.09.22 01:23:27,3486,XAUUSD,buy,in,0.01,3689.63,3490,-0.04,0.00,0.00,1 759.58,
2025.09.22 01:25:54,3487,XAUUSD,sell,out,0.01,3691.06,3491,-0.04,0.00,1.43,1 760.97,sl 3691.12
2025.09.22 01:47:28,3488,XAUUSD,buy,in,0.01,3690.58,3492,-0.04,0.00,0.00,1 760.93,
2025.09.22 04:00:59,3489,XAUUSD,sell,out,0.01,3690.76,3493,-0.04,0.00,0.18,1 761.07,sl 3690.82
2025.09.22 04:02:06,3490,XAUUSD,buy,in,0.01,3691.76,3494,-0.04,0.00,0.00,1 761.03,
2025.09.22 04:02:35,3491,XAUUSD,sell,out,0.01,3691.80,3495,-0.04,0.00,0.04,1 761.03,sl 3691.80
2025.09.22 04:26:11,3492,XAUUSD,buy,in,0.01,3693.68,3496,-0.04,0.00,0.00,1 760.99,
2025.09.22 06:38:50,3493,XAUUSD,sell,out,0.01,3693.92,3497,-0.04,0.00,0.24,1 761.19,sl 3694.02
2025.09.22 06:38:57,3494,XAUUSD,buy,in,0.01,3693.48,3498,-0.04,0.00,0.00,1 761.15,
2025.09.22 06:41:47,3495,XAUUSD,sell,out,0.01,3694.14,3499,-0.04,0.00,0.66,1 761.77,sl 3694.15
2025.09.22 07:03:06,3496,XAUUSD,buy,in,0.01,3694.69,3500,-0.04,0.00,0.00,1 761.73,
2025.09.22 08:19:25,3497,XAUUSD,sell,out,0.01,3696.41,3501,-0.04,0.00,1.72,1 763.41,sl 3696.42
2025.09.22 08:19:43,3498,XAUUSD,buy,in,0.01,3696.46,3502,-0.04,0.00,0.00,1 763.37,
2025.09.22 08:26:06,3499,XAUUSD,sell,out,0.01,3697.22,3503,-0.04,0.00,0.76,1 764.09,sl 3697.26
2025.09.22 08:43:48,3500,XAUUSD,buy,in,0.01,3698.77,3504,-0.04,0.00,0.00,1 764.05,
2025.09.22 08:50:47,3501,XAUUSD,sell,out,0.01,3699.70,3505,-0.04,0.00,0.93,1 764.94,sl 3699.72
2025.09.22 09:07:54,3502,XAUUSD,buy,in,0.01,3700.21,3506,-0.04,0.00,0.00,1 764.90,
2025.09.22 09:13:40,3503,XAUUSD,sell,out,0.01,3700.25,3507,-0.04,0.00,0.04,1 764.90,sl 3700.26
2025.09.22 09:32:11,3504,XAUUSD,buy,in,0.01,3706.17,3508,-0.04,0.00,0.00,1 764.86,
2025.09.22 09:34:54,3505,XAUUSD,sell,out,0.01,3708.96,3509,-0.04,0.00,2.79,1 767.61,sl 3708.97
2025.09.22 09:56:12,3506,XAUUSD,buy,in,0.01,3715.58,3510,-0.04,0.00,0.00,1 767.57,
2025.09.22 09:56:49,3507,XAUUSD,sell,out,0.01,3715.61,3511,-0.04,0.00,0.03,1 767.56,sl 3715.63
2025.09.22 10:20:11,3508,XAUUSD,buy,in,0.01,3710.54,3512,-0.04,0.00,0.00,1 767.52,
2025.09.22 10:26:22,3509,XAUUSD,sell,out,0.01,3710.60,3513,-0.04,0.00,0.06,1 767.54,sl 3710.60
2025.09.22 10:44:14,3510,XAUUSD,buy,in,0.01,3713.39,3514,-0.04,0.00,0.00,1 767.50,
2025.09.22 10:44:52,3511,XAUUSD,sell,out,0.01,3714.22,3515,-0.04,0.00,0.83,1 768.29,sl 3714.22
2025.09.22 11:08:22,3512,XAUUSD,buy,in,0.01,3719.49,3516,-0.04,0.00,0.00,1 768.25,
2025.09.22 11:27:04,3513,XAUUSD,sell,out,0.01,3719.48,3517,-0.04,0.00,-0.01,1 768.20,sl 3719.51
2025.09.22 11:32:21,3514,XAUUSD,buy,in,0.01,3719.13,3518,-0.04,0.00,0.00,1 768.16,
2025.09.22 11:36:35,3515,XAUUSD,sell,out,0.01,3719.61,3519,-0.04,0.00,0.48,1 768.60,sl 3719.62
2025.09.22 11:56:24,3516,XAUUSD,buy,in,0.01,3721.08,3520,-0.04,0.00,0.00,1 768.56,
2025.09.22 12:02:23,3517,XAUUSD,sell,out,0.01,3721.20,3521,-0.04,0.00,0.12,1 768.64,sl 3721.20
2025.09.22 12:20:24,3518,XAUUSD,buy,in,0.01,3724.22,3522,-0.04,0.00,0.00,1 768.60,
2025.09.22 12:24:01,3519,XAUUSD,sell,out,0.01,3725.39,3523,-0.04,0.00,1.17,1 769.73,sl 3725.39
2025.09.22 12:44:42,3520,XAUUSD,buy,in,0.01,3721.09,3524,-0.04,0.00,0.00,1 769.69,
2025.09.22 12:47:52,3521,XAUUSD,sell,out,0.01,3722.75,3525,-0.04,0.00,1.66,1 771.31,sl 3722.75
2025.09.22 13:08:55,3522,XAUUSD,buy,in,0.01,3722.32,3526,-0.04,0.00,0.00,1 771.27,
2025.09.22 13:10:16,3523,XAUUSD,sell,out,0.01,3723.16,3527,-0.04,0.00,0.84,1 772.07,sl 3723.18
2025.09.22 13:33:02,3524,XAUUSD,buy,in,0.01,3725.86,3528,-0.04,0.00,0.00,1 772.03,
2025.09.22 13:43:08,3525,XAUUSD,sell,out,0.01,3726.21,3529,-0.04,0.00,0.35,1 772.34,sl 3726.23
2025.09.22 13:57:08,3526,XAUUSD,buy,in,0.01,3726.87,3530,-0.04,0.00,0.00,1 772.30,
2025.09.22 13:58:49,3527,XAUUSD,sell,out,0.01,3727.36,3531,-0.04,0.00,0.49,1 772.75,sl 3727.36
2025.09.22 14:21:09,3528,XAUUSD,buy,in,0.01,3728.39,3532,-0.04,0.00,0.00,1 772.71,
2025.09.22 16:48:14,3529,XAUUSD,sell,in,0.15,3715.50,3533,-0.53,0.00,0.00,1 772.18,
2025.09.22 16:49:53,3530,XAUUSD,buy,out,0.15,3714.98,3534,-0.53,0.00,7.80,1 779.45,sl 3714.96
2025.09.22 18:25:17,3531,XAUUSD,sell,out,0.01,3728.66,3535,-0.04,0.00,0.27,1 779.68,sl 3728.67
2025.09.26 17:09:33,3532,XAUUSD,buy,in,0.01,3774.66,3536,-0.04,0.00,0.00,1 779.64,
2025.09.26 17:17:33,3533,XAUUSD,sell,out,0.01,3776.81,3537,-0.04,0.00,2.15,1 781.75,sl 3776.88
2025.09.26 17:33:36,3534,XAUUSD,buy,in,0.01,3780.64,3538,-0.04,0.00,0.00,1 781.71,
2025.09.26 17:34:06,3535,XAUUSD,sell,out,0.01,3780.67,3539,-0.04,0.00,0.03,1 781.70,sl 3780.67
2025.09.26 17:57:36,3536,XAUUSD,buy,in,0.01,3777.25,3540,-0.04,0.00,0.00,1 781.66,
2025.09.26 17:59:04,3537,XAUUSD,sell,out,0.01,3778.84,3541,-0.04,0.00,1.59,1 783.21,sl 3778.90
2025.09.26 18:21:38,3538,XAUUSD,buy,in,0.01,3776.04,3542,-0.04,0.00,0.00,1 783.17,
2025.09.26 18:25:15,3539,XAUUSD,sell,out,0.01,3776.06,3543,-0.04,0.00,0.02,1 783.15,sl 3776.06
2025.09.26 18:45:38,3540,XAUUSD,buy,in,0.01,3777.04,3544,-0.04,0.00,0.00,1 783.11,
2025.09.26 18:46:02,3541,XAUUSD,sell,out,0.01,3777.04,3545,-0.04,0.00,0.00,1 783.07,sl 3777.06
2025.09.26 19:09:43,3542,XAUUSD,buy,in,0.01,3778.38,3546,-0.04,0.00,0.00,1 783.03,
2025.09.26 19:12:16,3543,XAUUSD,sell,out,0.01,3779.17,3547,-0.04,0.00,0.79,1 783.78,sl 3779.17
2025.09.26 19:33:48,3544,XAUUSD,buy,in,0.01,3776.37,3548,-0.04,0.00,0.00,1 783.74,
2025.09.26 19:34:01,3545,XAUUSD,sell,out,0.01,3776.36,3549,-0.04,0.00,-0.01,1 783.69,sl 3776.39
2025.09.26 19:57:54,3546,XAUUSD,buy,in,0.01,3774.76,3550,-0.04,0.00,0.00,1 783.65,
2025.09.26 20:01:20,3547,XAUUSD,sell,out,0.01,3775.95,3551,-0.04,0.00,1.19,1 784.80,sl 3776.02
2025.09.26 20:21:54,3548,XAUUSD,buy,in,0.01,3779.83,3552,-0.04,0.00,0.00,1 784.76,
2025.09.26 20:31:19,3549,XAUUSD,sell,out,0.01,3780.04,3553,-0.04,0.00,0.21,1 784.93,sl 3780.06
2025.09.26 20:46:01,3550,XAUUSD,buy,in,0.01,3782.62,3554,-0.04,0.00,0.00,1 784.89,
2025.09.26 21:00:38,3551,XAUUSD,sell,out,0.01,3782.65,3555,-0.04,0.00,0.03,1 784.88,sl 3782.65
2025.09.26 21:10:04,3552,XAUUSD,buy,in,0.01,3777.52,3556,-0.04,0.00,0.00,1 784.84,
2025.09.26 21:16:23,3553,XAUUSD,sell,out,0.01,3777.83,3557,-0.04,0.00,0.31,1 785.11,sl 3777.86
2025.09.26 21:34:22,3554,XAUUSD,buy,in,0.01,3779.38,3558,-0.04,0.00,0.00,1 785.07,
2025.09.26 21:36:34,3555,XAUUSD,sell,out,0.01,3779.99,3559,-0.04,0.00,0.61,1 785.64,sl 3780.01
2025.09.26 21:58:22,3556,XAUUSD,buy,in,0.01,3778.81,3560,-0.04,0.00,0.00,1 785.60,
2025.09.29 03:32:52,3557,XAUUSD,sell,out,0.01,3780.03,3561,-0.04,-0.52,1.22,1 786.26,sl 3780.03
2025.09.30 17:06:02,3558,XAUUSD,buy,in,0.01,3831.93,3562,-0.04,0.00,0.00,1 786.22,
2025.09.30 17:06:18,3559,XAUUSD,sell,out,0.01,3831.92,3563,-0.04,0.00,-0.01,1 786.17,sl 3831.95
2025.09.30 17:30:02,3560,XAUUSD,buy,in,0.01,3844.65,3564,-0.04,0.00,0.00,1 786.13,
2025.09.30 17:30:15,3561,XAUUSD,sell,out,0.01,3844.64,3565,-0.04,0.00,-0.01,1 786.08,sl 3844.68
2025.09.30 17:54:07,3562,XAUUSD,buy,in,0.01,3853.14,3566,-0.04,0.00,0.00,1 786.04,
2025.09.30 17:55:17,3563,XAUUSD,sell,out,0.01,3853.87,3567,-0.04,0.00,0.73,1 786.73,sl 3853.89
2025.09.30 18:18:21,3564,XAUUSD,buy,in,0.01,3833.40,3568,-0.04,0.00,0.00,1 786.69,
2025.09.30 18:19:40,3565,XAUUSD,sell,out,0.01,3835.89,3569,-0.04,0.00,2.49,1 789.14,sl 3835.89
2025.09.30 18:42:27,3566,XAUUSD,buy,in,0.01,3838.98,3570,-0.04,0.00,0.00,1 789.10,
2025.09.30 18:42:57,3567,XAUUSD,sell,out,0.01,3839.15,3571,-0.04,0.00,0.17,1 789.23,sl 3839.23
2025.09.30 19:06:31,3568,XAUUSD,buy,in,0.01,3842.76,3572,-0.04,0.00,0.00,1 789.19,
2025.09.30 19:06:52,3569,XAUUSD,sell,out,0.01,3842.77,3573,-0.04,0.00,0.01,1 789.16,sl 3842.78
2025.09.30 19:30:35,3570,XAUUSD,buy,in,0.01,3843.32,3574,-0.04,0.00,0.00,1 789.12,
2025.09.30 19:31:38,3571,XAUUSD,sell,out,0.01,3843.31,3575,-0.04,0.00,-0.01,1 789.07,sl 3843.37
2025.09.30 19:54:45,3572,XAUUSD,buy,in,0.01,3846.45,3576,-0.04,0.00,0.00,1 789.03,
2025.09.30 20:01:53,3573,XAUUSD,sell,out,0.01,3846.56,3577,-0.04,0.00,0.11,1 789.10,sl 3846.57
2025.09.30 20:18:48,3574,XAUUSD,buy,in,0.01,3847.78,3578,-0.04,0.00,0.00,1 789.06,
2025.09.30 20:19:49,3575,XAUUSD,sell,out,0.01,3847.75,3579,-0.04,0.00,-0.03,1 788.99,sl 3847.80
2025.09.30 20:42:49,3576,XAUUSD,buy,in,0.01,3847.87,3580,-0.04,0.00,0.00,1 788.95,
2025.09.30 21:53:26,3577,XAUUSD,sell,out,0.01,3848.36,3581,-0.04,0.00,0.49,1 789.40,sl 3848.37
2025.09.30 21:53:31,3578,XAUUSD,buy,in,0.01,3848.20,3582,-0.04,0.00,0.00,1 789.36,
2025.09.30 21:57:40,3579,XAUUSD,sell,out,0.01,3848.28,3583,-0.04,0.00,0.08,1 789.40,sl 3848.28
2025.09.30 22:17:31,3580,XAUUSD,buy,in,0.01,3850.65,3584,-0.04,0.00,0.00,1 789.36,
2025.09.30 22:19:02,3581,XAUUSD,sell,out,0.01,3850.89,3585,-0.04,0.00,0.24,1 789.56,sl 3850.91
2025.09.30 22:41:39,3582,XAUUSD,buy,in,0.01,3855.37,3586,-0.04,0.00,0.00,1 789.52,
2025.09.30 22:53:10,3583,XAUUSD,sell,out,0.01,3857.64,3587,-0.04,0.00,2.27,1 791.75,sl 3857.66
2025.09.30 23:05:38,3584,XAUUSD,buy,in,0.01,3852.81,3588,-0.04,0.00,0.00,1 791.71,
2025.09.30 23:07:11,3585,XAUUSD,sell,out,0.01,3853.08,3589,-0.04,0.00,0.27,1 791.94,sl 3853.11
2025.09.30 23:29:48,3586,XAUUSD,buy,in,0.01,3855.30,3590,-0.04,0.00,0.00,1 791.90,
2025.09.30 23:32:28,3587,XAUUSD,sell,out,0.01,3855.58,3591,-0.04,0.00,0.28,1 792.14,sl 3855.59
2025.09.30 23:53:55,3588,XAUUSD,buy,in,0.01,3859.77,3592,-0.04,0.00,0.00,1 792.10,
2025.10.01 01:04:01,3589,XAUUSD,sell,out,0.01,3860.13,3593,-0.04,-0.52,0.36,1 791.90,sl 3860.14
2025.10.01 01:04:08,3590,XAUUSD,buy,in,0.01,3860.39,3594,-0.04,0.00,0.00,1 791.86,
2025.10.01 01:07:22,3591,XAUUSD,sell,out,0.01,3860.51,3595,-0.04,0.00,0.12,1 791.94,sl 3860.51
2025.10.01 01:28:25,3592,XAUUSD,buy,in,0.01,3856.59,3596,-0.04,0.00,0.00,1 791.90,
2025.10.01 01:30:32,3593,XAUUSD,sell,out,0.01,3856.98,3597,-0.04,0.00,0.39,1 792.25,sl 3856.99
2025.10.01 01:52:28,3594,XAUUSD,buy,in,0.01,3860.58,3598,-0.04,0.00,0.00,1 792.21,
2025.10.01 02:03:58,3595,XAUUSD,sell,out,0.01,3860.96,3599,-0.04,0.00,0.38,1 792.55,sl 3860.98
2025.10.01 02:16:28,3596,XAUUSD,buy,in,0.01,3862.10,3600,-0.04,0.00,0.00,1 792.51,
2025.10.01 02:49:39,3597,XAUUSD,sell,out,0.01,3862.22,3601,-0.04,0.00,0.12,1 792.59,sl 3862.22
2025.10.01 02:49:39,3598,XAUUSD,buy,in,0.01,3862.29,3602,-0.04,0.00,0.00,1 792.55,
2025.10.01 03:00:36,3599,XAUUSD,sell,out,0.01,3862.71,3603,-0.04,0.00,0.42,1 792.93,sl 3862.72
2025.10.01 03:13:53,3600,XAUUSD,buy,in,0.01,3864.81,3604,-0.04,0.00,0.00,1 792.89,
2025.10.01 03:19:18,3601,XAUUSD,sell,out,0.01,3864.82,3605,-0.04,0.00,0.01,1 792.86,sl 3864.84
2025.10.01 03:38:03,3602,XAUUSD,buy,in,0.01,3860.90,3606,-0.04,0.00,0.00,1 792.82,
2025.10.01 03:42:06,3603,XAUUSD,sell,out,0.01,3864.29,3607,-0.04,0.00,3.39,1 796.17,sl 3864.29
2025.10.01 04:02:08,3604,XAUUSD,buy,in,0.01,3862.32,3608,-0.04,0.00,0.00,1 796.13,
2025.10.01 04:13:43,3605,XAUUSD,sell,out,0.01,3862.41,3609,-0.04,0.00,0.09,1 796.18,sl 3862.41
2025.10.01 04:26:15,3606,XAUUSD,buy,in,0.01,3864.59,3610,-0.04,0.00,0.00,1 796.14,
2025.10.01 04:29:24,3607,XAUUSD,sell,out,0.01,3864.56,3611,-0.04,0.00,-0.03,1 796.07,sl 3864.61
2025.10.01 04:50:22,3608,XAUUSD,buy,in,0.01,3868.88,3612,-0.04,0.00,0.00,1 796.03,
2025.10.01 05:00:40,3609,XAUUSD,sell,out,0.01,3868.89,3613,-0.04,0.00,0.01,1 796.00,sl 3868.93
2025.10.01 05:14:25,3610,XAUUSD,buy,in,0.01,3869.52,3614,-0.04,0.00,0.00,1 795.96,
2025.10.01 05:15:55,3611,XAUUSD,sell,out,0.01,3869.81,3615,-0.04,0.00,0.29,1 796.21,sl 3869.86
2025.10.01 05:38:26,3612,XAUUSD,buy,in,0.01,3864.86,3616,-0.04,0.00,0.00,1 796.17,
2025.10.01 05:40:59,3613,XAUUSD,sell,out,0.01,3865.68,3617,-0.04,0.00,0.82,1 796.95,sl 3865.68
2025.10.01 06:02:35,3614,XAUUSD,buy,in,0.01,3864.90,3618,-0.04,0.00,0.00,1 796.91,
2025.10.01 08:00:27,3615,XAUUSD,sell,out,0.01,3865.24,3619,-0.04,0.00,0.34,1 797.21,sl 3865.24
2025.10.01 08:00:33,3616,XAUUSD,buy,in,0.01,3865.22,3620,-0.04,0.00,0.00,1 797.17,
2025.10.01 08:01:00,3617,XAUUSD,sell,out,0.01,3865.52,3621,-0.04,0.00,0.30,1 797.43,sl 3865.55
2025.10.01 08:24:42,3618,XAUUSD,buy,in,0.01,3867.99,3622,-0.04,0.00,0.00,1 797.39,
2025.10.01 10:19:10,3619,XAUUSD,sell,out,0.01,3868.19,3623,-0.04,0.00,0.20,1 797.55,sl 3868.20
2025.10.01 10:19:14,3620,XAUUSD,buy,in,0.01,3868.56,3624,-0.04,0.00,0.00,1 797.51,
2025.10.01 10:21:51,3621,XAUUSD,sell,out,0.01,3869.09,3625,-0.04,0.00,0.53,1 798.00,sl 3869.17
2025.10.01 10:43:17,3622,XAUUSD,buy,in,0.01,3868.64,3626,-0.04,0.00,0.00,1 797.96,
2025.10.01 10:44:16,3623,XAUUSD,sell,out,0.01,3868.85,3627,-0.04,0.00,0.21,1 798.13,sl 3868.91
2025.10.01 11:07:31,3624,XAUUSD,buy,in,0.01,3883.96,3628,-0.04,0.00,0.00,1 798.09,
2025.10.01 11:07:47,3625,XAUUSD,sell,out,0.01,3883.99,3629,-0.04,0.00,0.03,1 798.08,sl 3883.99
2025.10.01 11:31:37,3626,XAUUSD,buy,in,0.01,3891.31,3630,-0.04,0.00,0.00,1 798.04,
2025.10.01 11:37:53,3627,XAUUSD,sell,out,0.01,3893.26,3631,-0.04,0.00,1.95,1 799.95,sl 3893.30
2025.10.01 11:55:40,3628,XAUUSD,buy,in,0.01,3892.59,3632,-0.04,0.00,0.00,1 799.91,
2025.10.01 11:59:12,3629,XAUUSD,sell,out,0.01,3893.11,3633,-0.04,0.00,0.52,1 800.39,sl 3893.12
2025.10.01 12:19:42,3630,XAUUSD,buy,in,0.01,3888.90,3634,-0.04,0.00,0.00,1 800.35,
2025.10.01 12:43:05,3631,XAUUSD,sell,out,0.01,3890.53,3635,-0.04,0.00,1.63,1 801.94,sl 3890.54
2025.10.01 12:43:48,3632,XAUUSD,buy,in,0.01,3890.22,3636,-0.04,0.00,0.00,1 801.90,
2025.10.01 12:54:23,3633,XAUUSD,sell,out,0.01,3890.97,3637,-0.04,0.00,0.75,1 802.61,sl 3891.00
2025.10.02 17:53:56,3634,XAUUSD,sell,in,0.01,3825.58,3638,-0.04,0.00,0.00,1 802.57,
2025.10.02 18:38:07,3635,XAUUSD,buy,out,0.01,3822.40,3639,-0.04,0.00,3.18,1 805.71,sl 3822.36
2025.10.02 18:38:16,3636,XAUUSD,sell,in,0.01,3822.14,3640,-0.04,0.00,0.00,1 805.67,
2025.10.02 18:38:31,3637,XAUUSD,buy,out,0.01,3821.38,3641,-0.04,0.00,0.76,1 806.39,sl 3821.29
2025.10.03 16:22:40,3638,XAUUSD,buy,in,0.01,3882.20,3642,-0.04,0.00,0.00,1 806.35,
2025.10.03 16:22:51,3639,XAUUSD,sell,out,0.01,3882.29,3643,-0.04,0.00,0.09,1 806.40,sl 3882.38
2025.10.03 16:46:45,3640,XAUUSD,buy,in,0.01,3885.51,3644,-0.04,0.00,0.00,1 806.36,
2025.10.03 16:48:02,3641,XAUUSD,sell,out,0.01,3885.63,3645,-0.04,0.00,0.12,1 806.44,sl 3885.63
2025.10.03 18:22:22,3642,XAUUSD,buy,in,0.01,3884.22,3646,-0.04,0.00,0.00,1 806.40,
2025.10.03 18:24:26,3643,XAUUSD,sell,out,0.01,3885.62,3647,-0.04,0.00,1.40,1 807.76,sl 3885.65
2025.10.03 18:46:26,3644,XAUUSD,buy,in,0.01,3887.52,3648,-0.04,0.00,0.00,1 807.72,
2025.10.03 18:50:54,3645,XAUUSD,sell,out,0.01,3888.03,3649,-0.04,0.00,0.51,1 808.19,sl 3888.07
2025.10.03 19:10:28,3646,XAUUSD,buy,in,0.01,3887.07,3650,-0.04,0.00,0.00,1 808.15,
2025.10.03 21:35:57,3647,XAUUSD,sell,out,0.01,3887.31,3651,-0.04,0.00,0.24,1 808.35,sl 3887.38
2025.10.03 21:36:00,3648,XAUUSD,buy,in,0.01,3887.39,3652,-0.04,0.00,0.00,1 808.31,
2025.10.03 21:37:38,3649,XAUUSD,sell,out,0.01,3888.60,3653,-0.04,0.00,1.21,1 809.48,sl 3888.71
2025.10.03 22:06:37,3650,XAUUSD,buy,in,0.01,3887.60,3654,-0.04,0.00,0.00,1 809.44,
2025.10.03 22:12:01,3651,XAUUSD,sell,out,0.01,3887.64,3655,-0.04,0.00,0.04,1 809.44,sl 3887.65
2025.10.03 22:34:27,3652,XAUUSD,buy,in,0.01,3887.72,3656,-0.04,0.00,0.00,1 809.40,
2025.10.03 22:37:31,3653,XAUUSD,sell,out,0.01,3888.37,3657,-0.04,0.00,0.65,1 810.01,sl 3888.37
2025.10.06 01:03:25,3654,XAUUSD,buy,in,0.01,3889.42,3658,-0.04,0.00,0.00,1 809.97,
2025.10.06 01:03:39,3655,XAUUSD,sell,out,0.01,3889.38,3659,-0.04,0.00,-0.04,1 809.89,sl 3889.45
2025.10.06 01:27:30,3656,XAUUSD,buy,in,0.01,3893.09,3660,-0.04,0.00,0.00,1 809.85,
2025.10.06 01:28:53,3657,XAUUSD,sell,out,0.01,3893.18,3661,-0.04,0.00,0.09,1 809.90,sl 3893.20
2025.10.06 01:51:33,3658,XAUUSD,buy,in,0.01,3895.92,3662,-0.04,0.00,0.00,1 809.86,
2025.10.06 02:00:11,3659,XAUUSD,sell,out,0.01,3898.90,3663,-0.04,0.00,2.98,1 812.80,sl 3899.03
2025.10.06 02:15:40,3660,XAUUSD,buy,in,0.01,3910.86,3664,-0.04,0.00,0.00,1 812.76,
2025.10.06 02:15:55,3661,XAUUSD,sell,out,0.01,3910.84,3665,-0.04,0.00,-0.02,1 812.70,sl 3910.90
2025.10.06 02:39:43,3662,XAUUSD,buy,in,0.01,3910.62,3666,-0.04,0.00,0.00,1 812.66,
2025.10.06 02:40:11,3663,XAUUSD,sell,out,0.01,3910.66,3667,-0.04,0.00,0.04,1 812.66,sl 3910.66
2025.10.06 03:03:44,3664,XAUUSD,buy,in,0.01,3904.47,3668,-0.04,0.00,0.00,1 812.62,
2025.10.06 03:03:55,3665,XAUUSD,sell,out,0.01,3906.18,3669,-0.04,0.00,1.71,1 814.29,sl 3906.21
2025.10.06 03:27:47,3666,XAUUSD,buy,in,0.01,3901.89,3670,-0.04,0.00,0.00,1 814.25,
2025.10.06 03:30:38,3667,XAUUSD,sell,out,0.01,3902.79,3671,-0.04,0.00,0.90,1 815.11,sl 3902.80
2025.10.06 03:51:53,3668,XAUUSD,buy,in,0.01,3902.38,3672,-0.04,0.00,0.00,1 815.07,
2025.10.06 03:52:13,3669,XAUUSD,sell,out,0.01,3902.39,3673,-0.04,0.00,0.01,1 815.04,sl 3902.42
2025.10.06 04:15:52,3670,XAUUSD,buy,in,0.01,3907.19,3674,-0.04,0.00,0.00,1 815.00,
2025.10.06 04:39:35,3671,XAUUSD,sell,out,0.01,3907.57,3675,-0.04,0.00,0.38,1 815.34,sl 3907.57
2025.10.06 04:39:52,3672,XAUUSD,buy,in,0.01,3907.58,3676,-0.04,0.00,0.00,1 815.30,
2025.10.06 04:43:48,3673,XAUUSD,sell,out,0.01,3910.15,3677,-0.04,0.00,2.57,1 817.83,sl 3910.30
2025.10.06 05:03:55,3674,XAUUSD,buy,in,0.01,3921.86,3678,-0.04,0.00,0.00,1 817.79,
2025.10.06 05:04:36,3675,XAUUSD,sell,out,0.01,3922.01,3679,-0.04,0.00,0.15,1 817.90,sl 3922.06
2025.10.06 05:27:59,3676,XAUUSD,buy,in,0.01,3921.38,3680,-0.04,0.00,0.00,1 817.86,
2025.10.06 05:30:04,3677,XAUUSD,sell,out,0.01,3921.42,3681,-0.04,0.00,0.04,1 817.86,sl 3921.46
2025.10.06 05:52:13,3678,XAUUSD,buy,in,0.01,3920.86,3682,-0.04,0.00,0.00,1 817.82,
2025.10.06 05:54:15,3679,XAUUSD,sell,out,0.01,3921.52,3683,-0.04,0.00,0.66,1 818.44,sl 3921.53
2025.10.06 06:16:17,3680,XAUUSD,buy,in,0.01,3922.69,3684,-0.04,0.00,0.00,1 818.40,
2025.10.06 06:17:20,3681,XAUUSD,sell,out,0.01,3923.48,3685,-0.04,0.00,0.79,1 819.15,sl 3923.50
2025.10.06 06:40:19,3682,XAUUSD,buy,in,0.01,3925.98,3686,-0.04,0.00,0.00,1 819.11,
2025.10.06 06:40:54,3683,XAUUSD,sell,out,0.01,3926.02,3687,-0.04,0.00,0.04,1 819.11,sl 3926.03
2025.10.06 07:04:19,3684,XAUUSD,buy,in,0.01,3930.83,3688,-0.04,0.00,0.00,1 819.07,
2025.10.06 07:04:58,3685,XAUUSD,sell,out,0.01,3931.09,3689,-0.04,0.00,0.26,1 819.29,sl 3931.09
2025.10.06 07:28:24,3686,XAUUSD,buy,in,0.01,3932.11,3690,-0.04,0.00,0.00,1 819.25,
2025.10.06 07:29:42,3687,XAUUSD,sell,out,0.01,3933.72,3691,-0.04,0.00,1.61,1 820.82,sl 3933.74
2025.10.06 07:52:27,3688,XAUUSD,buy,in,0.01,3938.65,3692,-0.04,0.00,0.00,1 820.78,
2025.10.06 07:56:51,3689,XAUUSD,sell,out,0.01,3938.66,3693,-0.04,0.00,0.01,1 820.75,sl 3938.67
2025.10.06 08:16:28,3690,XAUUSD,buy,in,0.01,3939.88,3694,-0.04,0.00,0.00,1 820.71,
2025.10.06 10:43:36,3691,XAUUSD,sell,in,0.15,3934.00,3695,-0.53,0.00,0.00,1 820.18,
2025.10.06 10:43:57,3692,XAUUSD,buy,out,0.15,3933.91,3696,-0.53,0.00,1.35,1 821.00,sl 3933.89
2025.10.06 10:50:43,3693,XAUUSD,sell,out,0.01,3939.95,3697,-0.04,0.00,0.07,1 821.03,sl 3939.99
2025.10.09 19:42:16,3694,XAUUSD,sell,in,0.01,3977.29,3698,-0.04,0.00,0.00,1 820.99,
2025.10.09 19:52:37,3695,XAUUSD,buy,out,0.01,3976.25,3699,-0.04,0.00,1.04,1 821.99,sl 3976.18
2025.10.09 20:06:23,3696,XAUUSD,sell,in,0.01,3961.47,3700,-0.04,0.00,0.00,1 821.95,
2025.10.09 20:13:07,3697,XAUUSD,buy,out,0.01,3960.55,3701,-0.04,0.00,0.92,1 822.83,sl 3960.50
2025.10.09 20:30:28,3698,XAUUSD,sell,in,0.01,3956.79,3702,-0.04,0.00,0.00,1 822.79,
2025.10.09 20:44:22,3699,XAUUSD,buy,out,0.01,3956.96,3703,-0.04,0.00,-0.17,1 822.58,sl 3956.78
2025.10.09 20:54:33,3700,XAUUSD,sell,in,0.01,3954.98,3704,-0.04,0.00,0.00,1 822.54,
2025.10.09 20:56:55,3701,XAUUSD,buy,out,0.01,3948.14,3705,-0.04,0.00,6.84,1 829.34,sl 3948.09
2025.10.09 21:18:40,3702,XAUUSD,sell,in,0.01,3965.71,3706,-0.04,0.00,0.00,1 829.30,
2025.10.09 21:21:46,3703,XAUUSD,buy,out,0.01,3964.98,3707,-0.04,0.00,0.73,1 829.99,sl 3964.97
2025.10.09 21:42:41,3704,XAUUSD,sell,in,0.01,3959.23,3708,-0.04,0.00,0.00,1 829.95,
2025.10.09 21:43:00,3705,XAUUSD,buy,out,0.01,3959.21,3709,-0.04,0.00,0.02,1 829.93,sl 3959.21
2025.10.09 22:06:46,3706,XAUUSD,sell,in,0.01,3963.07,3710,-0.04,0.00,0.00,1 829.89,
2025.10.09 22:07:09,3707,XAUUSD,buy,out,0.01,3963.11,3711,-0.04,0.00,-0.04,1 829.81,sl 3963.06
2025.10.09 22:58:14,3708,XAUUSD,sell,in,0.01,3973.75,3712,-0.04,0.00,0.00,1 829.77,
2025.10.09 22:59:27,3709,XAUUSD,buy,out,0.01,3973.93,3713,-0.04,0.00,-0.18,1 829.55,sl 3973.63
2025.10.10 01:10:26,3710,XAUUSD,sell,in,0.01,3970.35,3714,-0.04,0.00,0.00,1 829.51,
2025.10.10 01:11:05,3711,XAUUSD,buy,out,0.01,3968.63,3715,-0.04,0.00,1.72,1 831.19,sl 3968.37
2025.10.10 04:40:32,3712,XAUUSD,sell,in,0.01,3970.21,3716,-0.04,0.00,0.00,1 831.15,
2025.10.10 05:29:39,3713,XAUUSD,buy,in,0.15,3984.43,3717,-0.53,0.00,0.00,1 830.62,
2025.10.10 05:30:45,3714,XAUUSD,sell,out,0.15,3984.82,3718,-0.53,0.00,5.85,1 835.94,sl 3984.84
2025.10.10 06:24:19,3715,XAUUSD,buy,out,0.01,3970.21,3719,-0.04,0.00,0.00,1 835.90,sl 3970.08
2025.10.10 18:27:10,3716,XAUUSD,buy,in,0.01,4020.07,3720,-0.04,0.00,0.00,1 835.86,
2025.10.10 18:30:23,3717,XAUUSD,sell,out,0.01,4020.08,3721,-0.04,0.00,0.01,1 835.83,sl 4020.09
2025.10.10 22:56:22,3718,XAUUSD,buy,in,0.01,4020.89,3722,-0.04,0.00,0.00,1 835.79,
2025.10.10 22:56:43,3719,XAUUSD,sell,out,0.01,4020.80,3723,-0.04,0.00,-0.09,1 835.66,sl 4020.93
2025.10.13 01:02:08,3720,XAUUSD,buy,in,0.01,4024.16,3724,-0.04,0.00,0.00,1 835.62,
2025.10.13 01:12:53,3721,XAUUSD,sell,out,0.01,4026.01,3725,-0.04,0.00,1.85,1 837.43,sl 4026.03
2025.10.13 01:26:12,3722,XAUUSD,buy,in,0.01,4043.53,3726,-0.04,0.00,0.00,1 837.39,
2025.10.13 01:26:18,3723,XAUUSD,sell,out,0.01,4043.20,3727,-0.04,0.00,-0.33,1 837.02,sl 4043.96
2025.10.13 01:50:17,3724,XAUUSD,buy,in,0.01,4037.16,3728,-0.04,0.00,0.00,1 836.98,
2025.10.13 01:50:38,3725,XAUUSD,sell,out,0.01,4037.49,3729,-0.04,0.00,0.33,1 837.27,sl 4037.49
2025.10.13 02:14:22,3726,XAUUSD,buy,in,0.01,4046.75,3730,-0.04,0.00,0.00,1 837.23,
2025.10.13 02:14:46,3727,XAUUSD,sell,out,0.01,4047.80,3731,-0.04,0.00,1.05,1 838.24,sl 4047.89
2025.10.13 02:38:30,3728,XAUUSD,buy,in,0.01,4044.34,3732,-0.04,0.00,0.00,1 838.20,
2025.10.13 02:47:22,3729,XAUUSD,sell,out,0.01,4044.24,3733,-0.04,0.00,-0.10,1 838.06,sl 4044.37
2025.10.13 03:02:42,3730,XAUUSD,buy,in,0.01,4035.86,3734,-0.04,0.00,0.00,1 838.02,
2025.10.13 03:23:32,3731,XAUUSD,sell,out,0.01,4035.98,3735,-0.04,0.00,0.12,1 838.10,sl 4036.00
2025.10.13 03:26:48,3732,XAUUSD,buy,in,0.01,4038.49,3736,-0.04,0.00,0.00,1 838.06,
2025.10.13 03:27:55,3733,XAUUSD,sell,out,0.01,4039.54,3737,-0.04,0.00,1.05,1 839.07,sl 4039.55
2025.10.13 03:50:55,3734,XAUUSD,buy,in,0.01,4048.30,3738,-0.04,0.00,0.00,1 839.03,
2025.10.13 03:54:08,3735,XAUUSD,sell,out,0.01,4049.62,3739,-0.04,0.00,1.32,1 840.31,sl 4049.66
2025.10.13 04:15:01,3736,XAUUSD,buy,in,0.01,4044.30,3741,-0.04,0.00,0.00,1 840.27,
2025.10.13 04:15:29,3737,XAUUSD,sell,out,0.01,4045.64,3742,-0.04,0.00,1.34,1 841.57,sl 4045.69
2025.10.13 04:39:15,3738,XAUUSD,buy,in,0.01,4049.41,3743,-0.04,0.00,0.00,1 841.53,
2025.10.13 04:40:00,3739,XAUUSD,sell,out,0.01,4052.16,3744,-0.04,0.00,2.75,1 844.24,
2025.10.13 05:03:14,3740,XAUUSD,buy,in,0.01,4052.32,3745,-0.04,0.00,0.00,1 844.20,
2025.10.13 05:12:22,3741,XAUUSD,sell,out,0.01,4052.36,3746,-0.04,0.00,0.04,1 844.20,sl 4052.37
2025.10.13 05:27:22,3742,XAUUSD,buy,in,0.01,4048.69,3747,-0.04,0.00,0.00,1 844.16,
2025.10.13 05:42:39,3743,XAUUSD,sell,out,0.01,4050.38,3748,-0.04,0.00,1.69,1 845.81,sl 4050.46
2025.10.13 05:51:28,3744,XAUUSD,buy,in,0.01,4045.88,3749,-0.04,0.00,0.00,1 845.77,
2025.10.13 05:59:44,3745,XAUUSD,sell,out,0.01,4048.36,3750,-0.04,0.00,2.48,1 848.21,sl 4048.45
2025.10.13 06:15:33,3746,XAUUSD,buy,in,0.01,4049.93,3751,-0.04,0.00,0.00,1 848.17,
2025.10.13 06:26:40,3747,XAUUSD,sell,out,0.01,4050.52,3752,-0.04,0.00,0.59,1 848.72,sl 4050.53
2025.10.13 06:39:34,3748,XAUUSD,buy,in,0.01,4053.65,3753,-0.04,0.00,0.00,1 848.68,
2025.10.13 06:41:34,3749,XAUUSD,sell,out,0.01,4054.08,3754,-0.04,0.00,0.43,1 849.07,sl 4054.12
2025.10.13 07:03:41,3750,XAUUSD,buy,in,0.01,4052.42,3755,-0.04,0.00,0.00,1 849.03,
2025.10.13 07:04:16,3751,XAUUSD,sell,out,0.01,4052.53,3756,-0.04,0.00,0.11,1 849.10,sl 4052.53
2025.10.13 07:27:46,3752,XAUUSD,buy,in,0.01,4055.68,3757,-0.04,0.00,0.00,1 849.06,
2025.10.13 07:29:23,3753,XAUUSD,sell,out,0.01,4056.11,3758,-0.04,0.00,0.43,1 849.45,sl 4056.17
2025.10.13 07:51:45,3754,XAUUSD,buy,in,0.01,4055.98,3759,-0.04,0.00,0.00,1 849.41,
2025.10.13 07:54:13,3755,XAUUSD,sell,out,0.01,4056.97,3760,-0.04,0.00,0.99,1 850.36,sl 4056.97
2025.10.13 08:15:50,3756,XAUUSD,buy,in,0.01,4062.78,3761,-0.04,0.00,0.00,1 850.32,
2025.10.13 08:16:10,3757,XAUUSD,sell,out,0.01,4063.28,3762,-0.04,0.00,0.50,1 850.78,sl 4063.28
2025.10.13 08:39:57,3758,XAUUSD,buy,in,0.01,4076.63,3763,-0.04,0.00,0.00,1 850.74,
2025.10.13 08:40:25,3759,XAUUSD,sell,out,0.01,4076.76,3764,-0.04,0.00,0.13,1 850.83,sl 4076.76
2025.10.13 09:03:58,3760,XAUUSD,buy,in,0.01,4064.04,3765,-0.04,0.00,0.00,1 850.79,
2025.10.13 09:04:25,3761,XAUUSD,sell,out,0.01,4064.83,3766,-0.04,0.00,0.79,1 851.54,sl 4064.83
2025.10.13 09:28:06,3762,XAUUSD,buy,in,0.01,4067.12,3767,-0.04,0.00,0.00,1 851.50,
2025.10.13 09:28:18,3763,XAUUSD,sell,out,0.01,4068.15,3768,-0.04,0.00,1.03,1 852.49,sl 4068.17
2025.10.13 09:52:05,3764,XAUUSD,buy,in,0.01,4069.16,3769,-0.04,0.00,0.00,1 852.45,
2025.10.13 09:53:23,3765,XAUUSD,sell,out,0.01,4069.44,3770,-0.04,0.00,0.28,1 852.69,sl 4069.47
2025.10.13 10:16:10,3766,XAUUSD,buy,in,0.01,4071.53,3771,-0.04,0.00,0.00,1 852.65,
2025.10.13 10:24:50,3767,XAUUSD,sell,out,0.01,4073.92,3772,-0.04,0.00,2.39,1 855.00,sl 4073.92
2025.10.13 10:40:11,3768,XAUUSD,buy,in,0.01,4072.57,3773,-0.04,0.00,0.00,1 854.96,
2025.10.13 10:42:45,3769,XAUUSD,sell,out,0.01,4072.59,3774,-0.04,0.00,0.02,1 854.94,sl 4072.59
2025.10.13 11:04:12,3770,XAUUSD,buy,in,0.01,4073.03,3775,-0.04,0.00,0.00,1 854.90,
2025.10.13 11:06:46,3771,XAUUSD,sell,out,0.01,4075.51,3776,-0.04,0.00,2.48,1 857.34,sl 4075.53
2025.10.13 11:28:18,3772,XAUUSD,buy,in,0.01,4073.03,3777,-0.04,0.00,0.00,1 857.30,
2025.10.13 11:30:19,3773,XAUUSD,sell,out,0.01,4073.17,3778,-0.04,0.00,0.14,1 857.40,sl 4073.18
2025.10.13 11:52:22,3774,XAUUSD,buy,in,0.01,4077.99,3779,-0.04,0.00,0.00,1 857.36,
2025.10.13 11:54:35,3775,XAUUSD,sell,out,0.01,4078.59,3780,-0.04,0.00,0.60,1 857.92,sl 4078.66
2025.10.13 12:16:22,3776,XAUUSD,buy,in,0.01,4076.25,3781,-0.04,0.00,0.00,1 857.88,
2025.10.13 12:52:03,3777,XAUUSD,sell,out,0.01,4077.14,3782,-0.04,0.00,0.89,1 858.73,sl 4077.17
2025.10.13 12:52:20,3778,XAUUSD,buy,in,0.01,4077.59,3783,-0.04,0.00,0.00,1 858.69,
2025.10.13 12:52:56,3779,XAUUSD,sell,out,0.01,4077.92,3784,-0.04,0.00,0.33,1 858.98,sl 4077.92
2025.10.13 13:16:24,3780,XAUUSD,buy,in,0.01,4073.12,3785,-0.04,0.00,0.00,1 858.94,
2025.10.13 13:17:37,3781,XAUUSD,sell,out,0.01,4073.48,3786,-0.04,0.00,0.36,1 859.26,sl 4073.48
2025.10.13 13:40:30,3782,XAUUSD,buy,in,0.01,4078.67,3787,-0.04,0.00,0.00,1 859.22,
2025.10.13 13:41:08,3783,XAUUSD,sell,out,0.01,4078.73,3788,-0.04,0.00,0.06,1 859.24,sl 4078.73
2025.10.13 14:04:31,3784,XAUUSD,buy,in,0.01,4078.61,3789,-0.04,0.00,0.00,1 859.20,
2025.10.13 14:05:17,3785,XAUUSD,sell,out,0.01,4078.98,3790,-0.04,0.00,0.37,1 859.53,sl 4079.00
2025.10.13 14:28:35,3786,XAUUSD,buy,in,0.01,4080.61,3791,-0.04,0.00,0.00,1 859.49,
2025.10.13 14:28:54,3787,XAUUSD,sell,out,0.01,4081.03,3792,-0.04,0.00,0.42,1 859.87,sl 4081.12
2025.10.13 14:52:43,3788,XAUUSD,buy,in,0.01,4075.74,3793,-0.04,0.00,0.00,1 859.83,
2025.10.13 14:53:34,3789,XAUUSD,sell,out,0.01,4075.92,3794,-0.04,0.00,0.18,1 859.97,sl 4075.93
2025.10.13 15:16:46,3790,XAUUSD,buy,in,0.01,4074.24,3795,-0.04,0.00,0.00,1 859.93,
2025.10.13 15:17:18,3791,XAUUSD,sell,out,0.01,4074.71,3796,-0.04,0.00,0.47,1 860.36,sl 4074.74
2025.10.13 15:40:53,3792,XAUUSD,buy,in,0.01,4078.78,3797,-0.04,0.00,0.00,1 860.32,
2025.10.13 15:42:42,3793,XAUUSD,sell,out,0.01,4079.88,3798,-0.04,0.00,1.10,1 861.38,sl 4079.88
2025.10.13 16:04:52,3794,XAUUSD,buy,in,0.01,4081.44,3799,-0.04,0.00,0.00,1 861.34,
2025.10.13 16:05:23,3795,XAUUSD,sell,out,0.01,4083.40,3800,-0.04,0.00,1.96,1 863.26,sl 4083.41
2025.10.17 17:05:56,3796,XAUUSD,sell,in,0.01,4229.40,3801,-0.04,0.00,0.00,1 863.22,
2025.10.17 17:15:01,3797,XAUUSD,buy,out,0.01,4220.60,3802,-0.04,0.00,8.80,1 871.98,sl 4220.59
2025.10.17 19:25:28,3798,XAUUSD,sell,in,0.01,4224.27,3803,-0.04,0.00,0.00,1 871.94,
2025.10.17 19:26:46,3799,XAUUSD,buy,out,0.01,4224.30,3804,-0.04,0.00,-0.03,1 871.87,sl 4224.26
2025.10.17 19:49:30,3800,XAUUSD,sell,in,0.01,4216.19,3805,-0.04,0.00,0.00,1 871.83,
2025.10.17 19:49:52,3801,XAUUSD,buy,out,0.01,4216.19,3806,-0.04,0.00,0.00,1 871.79,sl 4216.17
2025.10.17 20:13:38,3802,XAUUSD,sell,in,0.01,4197.28,3807,-0.04,0.00,0.00,1 871.75,
2025.10.17 20:14:02,3803,XAUUSD,buy,out,0.01,4197.28,3808,-0.04,0.00,0.00,1 871.71,sl 4197.19
2025.10.17 20:37:38,3804,XAUUSD,sell,in,0.01,4210.34,3809,-0.04,0.00,0.00,1 871.67,
2025.10.17 20:37:51,3805,XAUUSD,buy,out,0.01,4210.04,3810,-0.04,0.00,0.30,1 871.93,sl 4210.03
2025.10.17 21:01:38,3806,XAUUSD,sell,in,0.01,4219.89,3811,-0.04,0.00,0.00,1 871.89,
2025.10.17 21:50:41,3807,XAUUSD,buy,in,0.15,4239.62,3812,-0.53,0.00,0.00,1 871.36,
2025.10.17 22:17:29,3808,XAUUSD,buy,out,0.01,4219.29,3813,-0.04,0.00,0.60,1 871.92,sl 4219.29
2025.10.17 22:19:16,3809,XAUUSD,sell,out,0.15,4216.94,3814,-0.53,0.00,-340.20,1 531.19,
2025.10.20 03:26:44,3810,XAUUSD,sell,in,0.01,4221.47,3815,-0.04,0.00,0.00,1 531.15,
2025.10.20 03:26:52,3811,XAUUSD,buy,out,0.01,4221.50,3816,-0.04,0.00,-0.03,1 531.08,sl 4221.40
2025.10.20 09:30:54,3812,XAUUSD,sell,in,0.01,4221.92,3817,-0.04,0.00,0.00,1 531.04,
2025.10.20 10:10:17,3813,XAUUSD,buy,out,0.01,4250.09,3818,-0.04,0.00,-28.17,1 502.83,
2025.10.20 14:59:44,3814,XAUUSD,buy,in,0.01,4278.46,3819,-0.04,0.00,0.00,1 502.79,
2025.10.20 15:00:31,3815,XAUUSD,sell,out,0.01,4280.69,3820,-0.04,0.00,2.23,1 504.98,sl 4280.73
2025.10.20 15:23:49,3816,XAUUSD,buy,in,0.01,4294.98,3821,-0.04,0.00,0.00,1 504.94,
2025.10.20 15:24:30,3817,XAUUSD,sell,out,0.01,4297.73,3822,-0.04,0.00,2.75,1 507.65,sl 4297.93
2025.10.20 15:47:50,3818,XAUUSD,buy,in,0.01,4316.80,3823,-0.04,0.00,0.00,1 507.61,
2025.10.20 15:48:00,3819,XAUUSD,sell,out,0.01,4316.89,3824,-0.04,0.00,0.09,1 507.66,sl 4316.89
2025.10.20 16:11:57,3820,XAUUSD,buy,in,0.01,4322.06,3825,-0.04,0.00,0.00,1 507.62,
2025.10.20 16:12:08,3821,XAUUSD,sell,out,0.01,4322.08,3826,-0.04,0.00,0.02,1 507.60,sl 4322.08
2025.10.20 16:36:03,3822,XAUUSD,buy,in,0.01,4306.41,3827,-0.04,0.00,0.00,1 507.56,
2025.10.20 16:36:05,3823,XAUUSD,sell,out,0.01,4306.62,3828,-0.04,0.00,0.21,1 507.73,sl 4306.73
2025.10.20 17:00:11,3824,XAUUSD,buy,in,0.01,4300.92,3829,-0.04,0.00,0.00,1 507.69,
2025.10.20 17:07:30,3825,XAUUSD,sell,out,0.01,4302.74,3830,-0.04,0.00,1.82,1 509.47,sl 4302.83
2025.10.20 17:24:11,3826,XAUUSD,buy,in,0.01,4328.48,3831,-0.04,0.00,0.00,1 509.43,
2025.10.20 17:24:23,3827,XAUUSD,sell,out,0.01,4328.55,3832,-0.04,0.00,0.07,1 509.46,sl 4328.55
2025.10.20 17:48:18,3828,XAUUSD,buy,in,0.01,4331.65,3833,-0.04,0.00,0.00,1 509.42,
2025.10.20 17:51:46,3829,XAUUSD,sell,out,0.01,4331.97,3834,-0.04,0.00,0.32,1 509.70,sl 4332.00
2025.10.20 18:12:25,3830,XAUUSD,buy,in,0.01,4345.34,3835,-0.04,0.00,0.00,1 509.66,
2025.10.20 18:13:16,3831,XAUUSD,sell,out,0.01,4346.06,3836,-0.04,0.00,0.72,1 510.34,sl 4346.09
2025.10.20 18:36:31,3832,XAUUSD,buy,in,0.01,4347.82,3837,-0.04,0.00,0.00,1 510.30,
2025.10.20 18:37:41,3833,XAUUSD,sell,out,0.01,4349.26,3838,-0.04,0.00,1.44,1 511.70,sl 4349.33
2025.10.20 19:00:37,3834,XAUUSD,buy,in,0.01,4348.72,3839,-0.04,0.00,0.00,1 511.66,
2025.10.20 19:07:04,3835,XAUUSD,sell,out,0.01,4349.73,3840,-0.04,0.00,1.01,1 512.63,sl 4349.77
2025.10.20 19:24:40,3836,XAUUSD,buy,in,0.01,4346.67,3841,-0.04,0.00,0.00,1 512.59,
2025.10.20 19:26:25,3837,XAUUSD,sell,out,0.01,4346.91,3842,-0.04,0.00,0.24,1 512.79,sl 4347.00
2025.10.20 19:48:41,3838,XAUUSD,buy,in,0.01,4344.58,3843,-0.04,0.00,0.00,1 512.75,
2025.10.20 19:49:17,3839,XAUUSD,sell,out,0.01,4345.45,3844,-0.04,0.00,0.87,1 513.58,sl 4345.45
2025.10.20 20:12:47,3840,XAUUSD,buy,in,0.01,4348.00,3845,-0.04,0.00,0.00,1 513.54,
2025.10.20 20:22:42,3841,XAUUSD,sell,out,0.01,4348.72,3846,-0.04,0.00,0.72,1 514.22,sl 4348.73
2025.10.20 20:36:48,3842,XAUUSD,buy,in,0.01,4337.91,3847,-0.04,0.00,0.00,1 514.18,
2025.10.20 20:37:29,3843,XAUUSD,sell,out,0.01,4338.21,3848,-0.04,0.00,0.30,1 514.44,sl 4338.21
2025.10.20 21:00:57,3844,XAUUSD,buy,in,0.01,4347.60,3849,-0.04,0.00,0.00,1 514.40,
2025.10.20 21:02:14,3845,XAUUSD,sell,out,0.01,4348.31,3850,-0.04,0.00,0.71,1 515.07,sl 4348.33
2025.10.20 21:25:02,3846,XAUUSD,buy,in,0.01,4349.52,3851,-0.04,0.00,0.00,1 515.03,
2025.10.20 21:30:03,3847,XAUUSD,sell,out,0.01,4357.03,3852,-0.04,0.00,7.51,1 522.50,sl 4357.17
2025.10.20 21:49:04,3848,XAUUSD,buy,in,0.01,4360.60,3853,-0.04,0.00,0.00,1 522.46,
2025.10.20 22:01:45,3849,XAUUSD,sell,out,0.01,4362.00,3854,-0.04,0.00,1.40,1 523.82,sl 4362.03
2025.10.20 22:13:09,3850,XAUUSD,buy,in,0.01,4366.06,3855,-0.04,0.00,0.00,1 523.78,
2025.10.20 22:15:53,3851,XAUUSD,sell,out,0.01,4366.36,3856,-0.04,0.00,0.30,1 524.04,sl 4366.39
2025.10.20 22:37:19,3852,XAUUSD,buy,in,0.01,4366.39,3857,-0.04,0.00,0.00,1 524.00,
2025.10.20 22:39:14,3853,XAUUSD,sell,out,0.01,4366.42,3858,-0.04,0.00,0.03,1 523.99,sl 4366.55
2025.10.20 23:01:19,3854,XAUUSD,buy,in,0.01,4377.90,3859,-0.04,0.00,0.00,1 523.95,
2025.10.21 01:28:20,3855,XAUUSD,sell,in,0.15,4372.44,3860,-0.53,0.00,0.00,1 523.42,
2025.10.21 01:29:27,3856,XAUUSD,buy,out,0.15,4371.64,3861,-0.53,0.00,12.00,1 534.89,sl 4371.61
2025.10.21 11:01:50,3857,XAUUSD,sell,out,0.01,4292.78,3862,-0.04,-0.52,-85.12,1 449.21,
2025.10.21 11:13:01,3858,XAUUSD,sell,in,0.01,4261.96,3863,-0.04,0.00,0.00,1 449.17,
2025.10.21 11:13:39,3859,XAUUSD,buy,out,0.01,4255.12,3864,-0.04,0.00,6.84,1 455.97,sl 4255.11
2025.10.21 11:37:34,3860,XAUUSD,sell,in,0.01,4266.07,3865,-0.04,0.00,0.00,1 455.93,
2025.10.21 11:37:53,3861,XAUUSD,buy,out,0.01,4266.08,3866,-0.04,0.00,-0.01,1 455.88,sl 4266.03
2025.10.21 12:05:38,3862,XAUUSD,sell,in,0.01,4264.43,3867,-0.04,0.00,0.00,1 455.84,
2025.10.21 12:05:58,3863,XAUUSD,buy,out,0.01,4264.36,3868,-0.04,0.00,0.07,1 455.87,sl 4264.34
2025.10.21 12:59:25,3864,XAUUSD,sell,in,0.01,4263.24,3869,-0.04,0.00,0.00,1 455.83,
2025.10.21 13:05:15,3865,XAUUSD,buy,out,0.01,4263.23,3870,-0.04,0.00,0.01,1 455.80,sl 4263.22
2025.10.21 13:23:33,3866,XAUUSD,sell,in,0.01,4259.38,3871,-0.04,0.00,0.00,1 455.76,
2025.10.21 13:34:17,3867,XAUUSD,buy,out,0.01,4259.38,3872,-0.04,0.00,0.00,1 455.72,sl 4259.36
2025.10.21 13:47:40,3868,XAUUSD,sell,in,0.01,4259.69,3874,-0.04,0.00,0.00,1 455.68,
2025.10.21 13:49:13,3869,XAUUSD,buy,out,0.01,4259.62,3875,-0.04,0.00,0.07,1 455.71,sl 4259.62
2025.10.21 14:19:32,3870,XAUUSD,sell,in,0.01,4262.09,3876,-0.04,0.00,0.00,1 455.67,
2025.10.21 14:19:54,3871,XAUUSD,buy,out,0.01,4261.07,3877,-0.04,0.00,1.02,1 456.65,sl 4261.07
2025.10.21 14:43:35,3872,XAUUSD,sell,in,0.01,4256.14,3878,-0.04,0.00,0.00,1 456.61,
2025.10.21 14:44:26,3873,XAUUSD,buy,out,0.01,4256.07,3879,-0.04,0.00,0.07,1 456.64,sl 4255.94
2025.10.21 15:07:45,3874,XAUUSD,sell,in,0.01,4253.41,3880,-0.04,0.00,0.00,1 456.60,
2025.10.21 15:07:55,3875,XAUUSD,buy,out,0.01,4253.43,3881,-0.04,0.00,-0.02,1 456.54,sl 4253.32
2025.10.21 15:31:47,3876,XAUUSD,sell,in,0.01,4223.65,3882,-0.04,0.00,0.00,1 456.50,
2025.10.21 15:32:02,3877,XAUUSD,buy,out,0.01,4221.77,3883,-0.04,0.00,1.88,1 458.34,sl 4221.73
2025.10.21 15:55:53,3878,XAUUSD,sell,in,0.01,4212.72,3884,-0.04,0.00,0.00,1 458.30,
2025.10.21 16:00:02,3879,XAUUSD,buy,out,0.01,4210.90,3885,-0.04,0.00,1.82,1 460.08,sl 4210.90
2025.10.21 16:20:00,3880,XAUUSD,sell,in,0.01,4203.98,3886,-0.04,0.00,0.00,1 460.04,
2025.10.21 16:20:03,3881,XAUUSD,buy,out,0.01,4204.30,3887,-0.04,0.00,-0.32,1 459.68,sl 4203.93
2025.10.21 16:44:08,3882,XAUUSD,sell,in,0.01,4204.65,3888,-0.04,0.00,0.00,1 459.64,
2025.10.21 16:44:22,3883,XAUUSD,buy,out,0.01,4203.94,3889,-0.04,0.00,0.71,1 460.31,sl 4203.88
2025.10.21 17:08:13,3884,XAUUSD,sell,in,0.01,4174.80,3890,-0.04,0.00,0.00,1 460.27,
2025.10.21 17:08:41,3885,XAUUSD,buy,out,0.01,4172.02,3891,-0.04,0.00,2.78,1 463.01,sl 4171.87
2025.10.21 17:32:12,3886,XAUUSD,sell,in,0.01,4129.30,3892,-0.04,0.00,0.00,1 462.97,
2025.10.21 17:32:57,3887,XAUUSD,buy,out,0.01,4129.29,3893,-0.04,0.00,0.01,1 462.94,sl 4129.26
2025.10.21 17:56:20,3888,XAUUSD,sell,in,0.01,4121.46,3894,-0.04,0.00,0.00,1 462.90,
2025.10.21 17:56:34,3889,XAUUSD,buy,out,0.01,4121.38,3895,-0.04,0.00,0.08,1 462.94,sl 4121.36
2025.10.21 18:20:26,3890,XAUUSD,sell,in,0.01,4132.63,3896,-0.04,0.00,0.00,1 462.90,
2025.10.21 18:21:01,3891,XAUUSD,buy,out,0.01,4126.01,3897,-0.04,0.00,6.62,1 469.48,sl 4126.01
2025.10.21 18:44:27,3892,XAUUSD,sell,in,0.01,4142.85,3898,-0.04,0.00,0.00,1 469.44,
2025.10.21 18:44:33,3893,XAUUSD,buy,out,0.01,4142.88,3899,-0.04,0.00,-0.03,1 469.37,sl 4142.82
2025.10.21 19:08:29,3894,XAUUSD,sell,in,0.01,4136.00,3900,-0.04,0.00,0.00,1 469.33,
2025.10.21 19:09:58,3895,XAUUSD,buy,out,0.01,4134.77,3901,-0.04,0.00,1.23,1 470.52,sl 4134.77
2025.10.21 19:32:31,3896,XAUUSD,sell,in,0.01,4119.25,3902,-0.04,0.00,0.00,1 470.48,
2025.10.21 19:33:04,3897,XAUUSD,buy,out,0.01,4116.56,3903,-0.04,0.00,2.69,1 473.13,sl 4116.00
2025.10.21 19:56:37,3898,XAUUSD,sell,in,0.01,4118.58,3904,-0.04,0.00,0.00,1 473.09,
2025.10.21 19:58:00,3899,XAUUSD,buy,out,0.01,4114.17,3905,-0.04,0.00,4.41,1 477.46,sl 4114.17
2025.10.21 20:20:39,3900,XAUUSD,sell,in,0.01,4109.10,3906,-0.04,0.00,0.00,1 477.42,
2025.10.21 20:20:59,3901,XAUUSD,buy,out,0.01,4108.60,3907,-0.04,0.00,0.50,1 477.88,sl 4108.59
2025.10.21 20:44:43,3902,XAUUSD,sell,in,0.01,4116.34,3908,-0.04,0.00,0.00,1 477.84,
2025.10.21 20:45:05,3903,XAUUSD,buy,out,0.01,4116.35,3909,-0.04,0.00,-0.01,1 477.79,sl 4116.32
2025.10.21 21:08:48,3904,XAUUSD,sell,in,0.01,4113.31,3910,-0.04,0.00,0.00,1 477.75,
2025.10.21 21:16:20,3905,XAUUSD,buy,out,0.01,4113.37,3911,-0.04,0.00,-0.06,1 477.65,sl 4113.30
2025.10.21 21:32:52,3906,XAUUSD,sell,in,0.01,4119.84,3912,-0.04,0.00,0.00,1 477.61,
2025.10.21 21:33:20,3907,XAUUSD,buy,out,0.01,4119.62,3913,-0.04,0.00,0.22,1 477.79,sl 4119.62
2025.10.21 21:56:52,3908,XAUUSD,sell,in,0.01,4113.45,3914,-0.04,0.00,0.00,1 477.75,
2025.10.21 21:58:23,3909,XAUUSD,buy,out,0.01,4113.33,3915,-0.04,0.00,0.12,1 477.83,sl 4113.31
2025.10.21 22:21:05,3910,XAUUSD,sell,in,0.01,4106.40,3916,-0.04,0.00,0.00,1 477.79,
2025.10.21 22:21:33,3911,XAUUSD,buy,out,0.01,4106.39,3917,-0.04,0.00,0.01,1 477.76,sl 4106.37
2025.10.21 22:45:09,3912,XAUUSD,sell,in,0.01,4110.05,3918,-0.04,0.00,0.00,1 477.72,
2025.10.21 22:45:26,3913,XAUUSD,buy,out,0.01,4108.73,3919,-0.04,0.00,1.32,1 479.00,sl 4108.73
2025.10.21 23:09:13,3914,XAUUSD,sell,in,0.01,4120.12,3920,-0.04,0.00,0.00,1 478.96,
2025.10.21 23:09:46,3915,XAUUSD,buy,out,0.01,4119.90,3921,-0.04,0.00,0.22,1 479.14,sl 4119.87
2025.10.21 23:33:18,3916,XAUUSD,sell,in,0.01,4123.28,3922,-0.04,0.00,0.00,1 479.10,
2025.10.22 01:04:42,3917,XAUUSD,buy,out,0.01,4123.15,3923,-0.04,0.45,0.13,1 479.64,sl 4123.11
2025.10.23 23:10:53,3918,XAUUSD,sell,in,0.01,4111.66,3924,-0.04,0.00,0.00,1 479.60,
2025.10.23 23:23:28,3919,XAUUSD,buy,out,0.01,4109.16,3925,-0.04,0.00,2.50,1 482.06,sl 4109.05
2025.10.23 23:35:38,3920,XAUUSD,sell,in,0.01,4112.11,3926,-0.04,0.00,0.00,1 482.02,
2025.10.24 02:22:16,3921,XAUUSD,buy,out,0.01,4112.01,3927,-0.04,0.45,0.10,1 482.53,sl 4112.01
2025.10.24 05:25:48,3922,XAUUSD,sell,in,0.01,4109.94,3928,-0.04,0.00,0.00,1 482.49,
2025.10.24 06:00:12,3923,XAUUSD,buy,out,0.01,4109.81,3929,-0.04,0.00,0.13,1 482.58,sl 4109.77
2025.10.24 06:00:23,3924,XAUUSD,sell,in,0.01,4110.39,3930,-0.04,0.00,0.00,1 482.54,
2025.10.24 06:00:48,3925,XAUUSD,buy,out,0.01,4110.36,3931,-0.04,0.00,0.03,1 482.53,sl 4110.32
2025.10.24 07:21:22,3926,XAUUSD,sell,in,0.01,4108.15,3932,-0.04,0.00,0.00,1 482.49,
2025.10.24 07:24:16,3927,XAUUSD,buy,out,0.01,4108.02,3933,-0.04,0.00,0.13,1 482.58,sl 4107.93
2025.10.24 07:45:33,3928,XAUUSD,sell,in,0.01,4108.25,3934,-0.04,0.00,0.00,1 482.54,
2025.10.24 07:46:14,3929,XAUUSD,buy,out,0.01,4108.09,3935,-0.04,0.00,0.16,1 482.66,sl 4108.06
2025.10.24 08:37:34,3930,XAUUSD,sell,in,0.01,4107.53,3936,-0.04,0.00,0.00,1 482.62,
2025.10.24 08:38:17,3931,XAUUSD,buy,out,0.01,4107.03,3937,-0.04,0.00,0.50,1 483.08,sl 4107.03
2025.10.24 09:01:39,3932,XAUUSD,sell,in,0.01,4104.03,3938,-0.04,0.00,0.00,1 483.04,
2025.10.24 09:01:52,3933,XAUUSD,buy,out,0.01,4104.25,3939,-0.04,0.00,-0.22,1 482.78,sl 4103.99
2025.10.24 09:25:37,3934,XAUUSD,sell,in,0.01,4084.08,3940,-0.04,0.00,0.00,1 482.74,
2025.10.24 09:26:06,3935,XAUUSD,buy,out,0.01,4082.84,3941,-0.04,0.00,1.24,1 483.94,sl 4082.82
2025.10.24 09:49:43,3936,XAUUSD,sell,in,0.01,4094.47,3942,-0.04,0.00,0.00,1 483.90,
2025.10.24 09:55:50,3937,XAUUSD,buy,out,0.01,4092.87,3943,-0.04,0.00,1.60,1 485.46,sl 4092.87
2025.10.24 10:13:47,3938,XAUUSD,sell,in,0.01,4093.42,3944,-0.04,0.00,0.00,1 485.42,
2025.10.24 10:15:08,3939,XAUUSD,buy,out,0.01,4093.46,3945,-0.04,0.00,-0.04,1 485.34,sl 4093.31
2025.10.24 10:37:57,3940,XAUUSD,sell,in,0.01,4082.68,3946,-0.04,0.00,0.00,1 485.30,
2025.10.24 10:51:48,3941,XAUUSD,buy,out,0.01,4078.23,3947,-0.04,0.00,4.45,1 489.71,sl 4078.17
2025.10.24 11:01:58,3942,XAUUSD,sell,in,0.01,4070.94,3948,-0.04,0.00,0.00,1 489.67,
2025.10.24 11:03:43,3943,XAUUSD,buy,out,0.01,4070.70,3949,-0.04,0.00,0.24,1 489.87,sl 4070.70
2025.10.24 11:25:59,3944,XAUUSD,sell,in,0.01,4049.31,3950,-0.04,0.00,0.00,1 489.83,
2025.10.24 12:15:07,3945,XAUUSD,buy,in,0.15,4072.14,3951,-0.53,0.00,0.00,1 489.30,
2025.10.24 12:17:45,3946,XAUUSD,sell,out,0.15,4072.11,3952,-0.53,0.00,-0.45,1 488.32,sl 4072.16
2025.10.24 14:03:18,3947,XAUUSD,buy,out,0.01,4049.10,3953,-0.04,0.00,0.21,1 488.49,sl 4049.08
2025.10.27 01:02:14,3948,XAUUSD,sell,in,0.01,4064.56,3954,-0.04,0.00,0.00,1 488.45,
2025.10.27 01:51:25,3949,XAUUSD,buy,in,0.15,4078.81,3955,-0.53,0.00,0.00,1 487.92,
2025.10.27 01:56:41,3950,XAUUSD,sell,out,0.15,4082.52,3956,-0.53,0.00,55.65,1 543.04,sl 4082.53
2025.10.27 02:46:10,3951,XAUUSD,buy,out,0.01,4064.03,3957,-0.04,0.00,0.53,1 543.53,sl 4064.00
2025.10.29 12:51:16,3952,XAUUSD,buy,in,0.01,4029.33,3958,-0.04,0.00,0.00,1 543.49,
2025.10.29 15:15:23,3953,XAUUSD,sell,out,0.01,4029.58,3959,-0.04,0.00,0.25,1 543.70,sl 4029.59
2025.10.29 21:35:32,3954,XAUUSD,sell,in,0.01,3975.49,3960,-0.04,0.00,0.00,1 543.66,
2025.10.29 21:36:03,3955,XAUUSD,buy,out,0.01,3971.51,3961,-0.04,0.00,3.98,1 547.60,sl 3971.51
2025.10.29 21:59:36,3956,XAUUSD,sell,in,0.01,3968.00,3962,-0.04,0.00,0.00,1 547.56,
2025.10.29 22:01:41,3957,XAUUSD,buy,out,0.01,3968.06,3963,-0.04,0.00,-0.06,1 547.46,sl 3967.97
2025.10.29 22:23:40,3958,XAUUSD,sell,in,0.01,3963.46,3964,-0.04,0.00,0.00,1 547.42,
2025.10.29 22:23:45,3959,XAUUSD,buy,out,0.01,3963.58,3965,-0.04,0.00,-0.12,1 547.26,sl 3963.43
2025.10.29 22:47:40,3960,XAUUSD,sell,in,0.01,3938.91,3966,-0.04,0.00,0.00,1 547.22,
2025.10.29 22:48:00,3961,XAUUSD,buy,out,0.01,3938.00,3967,-0.04,0.00,0.91,1 548.09,sl 3937.99
2025.10.29 23:11:41,3962,XAUUSD,sell,in,0.01,3939.86,3968,-0.04,0.00,0.00,1 548.05,
2025.10.29 23:16:56,3963,XAUUSD,buy,out,0.01,3939.81,3969,-0.04,0.00,0.05,1 548.06,sl 3939.78
2025.10.29 23:35:56,3964,XAUUSD,sell,in,0.01,3944.90,3970,-0.04,0.00,0.00,1 548.02,
2025.10.29 23:37:05,3965,XAUUSD,buy,out,0.01,3944.54,3971,-0.04,0.00,0.36,1 548.34,sl 3944.47
2025.10.30 01:02:12,3966,XAUUSD,sell,in,0.01,3927.04,3972,-0.04,0.00,0.00,1 548.30,
2025.10.30 01:03:02,3967,XAUUSD,buy,out,0.01,3926.19,3973,-0.04,0.00,0.85,1 549.11,sl 3926.12
2025.10.30 01:26:12,3968,XAUUSD,sell,in,0.01,3936.53,3974,-0.04,0.00,0.00,1 549.07,
2025.10.30 01:26:56,3969,XAUUSD,buy,out,0.01,3935.84,3975,-0.04,0.00,0.69,1 549.72,sl 3935.81
2025.10.30 01:50:18,3970,XAUUSD,sell,in,0.01,3946.13,3976,-0.04,0.00,0.00,1 549.68,
2025.10.30 01:51:50,3971,XAUUSD,buy,out,0.01,3945.43,3977,-0.04,0.00,0.70,1 550.34,sl 3945.40
2025.10.30 02:14:19,3972,XAUUSD,sell,in,0.01,3946.98,3978,-0.04,0.00,0.00,1 550.30,
2025.10.30 02:14:49,3973,XAUUSD,buy,out,0.01,3945.78,3979,-0.04,0.00,1.20,1 551.46,sl 3945.71
2025.10.30 02:38:21,3974,XAUUSD,sell,in,0.01,3947.57,3980,-0.04,0.00,0.00,1 551.42,
2025.10.30 02:43:00,3975,XAUUSD,buy,out,0.01,3946.06,3981,-0.04,0.00,1.51,1 552.89,sl 3945.99
2025.10.30 03:02:24,3976,XAUUSD,sell,in,0.01,3958.96,3982,-0.04,0.00,0.00,1 552.85,
2025.10.30 03:02:57,3977,XAUUSD,buy,out,0.01,3958.82,3983,-0.04,0.00,0.14,1 552.95,sl 3958.74
2025.10.30 03:26:28,3978,XAUUSD,sell,in,0.01,3956.42,3984,-0.04,0.00,0.00,1 552.91,
2025.10.30 03:36:38,3979,XAUUSD,buy,out,0.01,3951.54,3985,-0.04,0.00,4.88,1 557.75,sl 3951.52
2025.10.30 03:50:33,3980,XAUUSD,sell,in,0.01,3944.57,3986,-0.04,0.00,0.00,1 557.71,
2025.10.30 03:51:02,3981,XAUUSD,buy,out,0.01,3943.73,3987,-0.04,0.00,0.84,1 558.51,sl 3943.73
2025.10.30 04:14:36,3982,XAUUSD,sell,in,0.01,3949.40,3988,-0.04,0.00,0.00,1 558.47,
2025.10.30 04:15:28,3983,XAUUSD,buy,out,0.01,3949.11,3989,-0.04,0.00,0.29,1 558.72,sl 3949.11
2025.10.30 04:38:37,3984,XAUUSD,sell,in,0.01,3955.56,3990,-0.04,0.00,0.00,1 558.68,
2025.10.30 04:40:07,3985,XAUUSD,buy,out,0.01,3949.99,3991,-0.04,0.00,5.57,1 564.21,sl 3949.99
2025.10.30 05:02:36,3986,XAUUSD,sell,in,0.01,3941.38,3992,-0.04,0.00,0.00,1 564.17,
2025.10.30 05:03:38,3987,XAUUSD,buy,out,0.01,3941.41,3993,-0.04,0.00,-0.03,1 564.10,sl 3941.32
2025.10.30 05:26:42,3988,XAUUSD,sell,in,0.01,3936.14,3994,-0.04,0.00,0.00,1 564.06,
2025.10.30 05:27:50,3989,XAUUSD,buy,out,0.01,3933.87,3995,-0.04,0.00,2.27,1 566.29,sl 3933.86
2025.10.30 05:50:44,3990,XAUUSD,sell,in,0.01,3931.71,3996,-0.04,0.00,0.00,1 566.25,
2025.10.30 05:51:16,3991,XAUUSD,buy,out,0.01,3931.27,3997,-0.04,0.00,0.44,1 566.65,sl 3931.20
2025.10.30 06:14:52,3992,XAUUSD,sell,in,0.01,3928.65,3998,-0.04,0.00,0.00,1 566.61,
2025.10.30 06:15:19,3993,XAUUSD,buy,out,0.01,3928.58,3999,-0.04,0.00,0.07,1 566.64,sl 3928.55
2025.10.30 06:39:08,3994,XAUUSD,sell,in,0.01,3936.65,4000,-0.04,0.00,0.00,1 566.60,
2025.10.30 06:41:22,3995,XAUUSD,buy,out,0.01,3935.76,4001,-0.04,0.00,0.89,1 567.45,sl 3935.74
2025.10.30 07:03:15,3996,XAUUSD,sell,in,0.01,3939.90,4002,-0.04,0.00,0.00,1 567.41,
2025.10.30 07:03:54,3997,XAUUSD,buy,out,0.01,3938.58,4003,-0.04,0.00,1.32,1 568.69,sl 3938.58
2025.10.30 07:27:16,3998,XAUUSD,sell,in,0.01,3953.97,4004,-0.04,0.00,0.00,1 568.65,
2025.10.30 08:16:21,3999,XAUUSD,buy,in,0.15,3962.41,4005,-0.53,0.00,0.00,1 568.12,
2025.10.30 08:21:31,4000,XAUUSD,sell,out,0.15,3962.44,4006,-0.53,0.00,0.45,1 568.04,sl 3962.45
2025.10.30 08:25:46,4001,XAUUSD,buy,out,0.01,3953.94,4007,-0.04,0.00,0.03,1 568.03,sl 3953.94
2025.10.30 17:09:42,4002,XAUUSD,buy,in,0.01,4011.91,4008,-0.04,0.00,0.00,1 567.99,
2025.10.30 17:10:44,4003,XAUUSD,sell,out,0.01,4013.85,4009,-0.04,0.00,1.94,1 569.89,sl 4013.99
2025.10.30 20:47:04,4004,XAUUSD,buy,in,0.01,4016.31,4010,-0.04,0.00,0.00,1 569.85,
2025.10.30 20:47:36,4005,XAUUSD,sell,out,0.01,4016.94,4011,-0.04,0.00,0.63,1 570.44,sl 4016.96
2025.10.30 21:30:47,4006,XAUUSD,buy,in,0.01,4015.16,4012,-0.04,0.00,0.00,1 570.40,
2025.10.30 21:31:43,4007,XAUUSD,sell,out,0.01,4015.44,4013,-0.04,0.00,0.28,1 570.64,sl 4015.44
2025.10.30 21:54:53,4008,XAUUSD,buy,in,0.01,4015.54,4014,-0.04,0.00,0.00,1 570.60,
2025.10.30 21:55:48,4009,XAUUSD,sell,out,0.01,4016.20,4015,-0.04,0.00,0.66,1 571.22,sl 4016.25
2025.10.30 22:18:54,4010,XAUUSD,buy,in,0.01,4025.29,4016,-0.04,0.00,0.00,1 571.18,
2025.10.30 23:03:36,4011,XAUUSD,sell,out,0.01,4026.54,4017,-0.04,0.00,1.25,1 572.39,sl 4026.54
2025.10.30 23:03:49,4012,XAUUSD,buy,in,0.01,4026.39,4018,-0.04,0.00,0.00,1 572.35,
2025.10.30 23:05:12,4013,XAUUSD,sell,out,0.01,4026.44,4019,-0.04,0.00,0.05,1 572.36,sl 4026.45
2025.10.30 23:27:56,4014,XAUUSD,buy,in,0.01,4019.38,4020,-0.04,0.00,0.00,1 572.32,
2025.10.30 23:42:52,4015,XAUUSD,sell,out,0.01,4019.42,4021,-0.04,0.00,0.04,1 572.32,sl 4019.43
2025.10.30 23:52:00,4016,XAUUSD,buy,in,0.01,4026.34,4022,-0.04,0.00,0.00,1 572.28,
2025.10.30 23:52:50,4017,XAUUSD,sell,out,0.01,4026.36,4023,-0.04,0.00,0.02,1 572.26,sl 4026.36
2025.10.31 01:02:03,4018,XAUUSD,buy,in,0.01,4023.36,4024,-0.04,0.00,0.00,1 572.22,
2025.10.31 01:33:04,4019,XAUUSD,sell,out,0.01,4023.29,4025,-0.04,0.00,-0.07,1 572.11,sl 4023.40
2025.10.31 01:33:21,4020,XAUUSD,buy,in,0.01,4025.72,4026,-0.04,0.00,0.00,1 572.07,
2025.10.31 01:34:05,4021,XAUUSD,sell,out,0.01,4026.47,4027,-0.04,0.00,0.75,1 572.78,sl 4026.74
2025.10.31 01:57:26,4022,XAUUSD,buy,in,0.01,4040.58,4028,-0.04,0.00,0.00,1 572.74,
2025.10.31 02:50:55,4023,XAUUSD,sell,out,0.01,4040.93,4029,-0.04,0.00,0.35,1 573.05,sl 4040.93
2025.10.31 02:51:03,4024,XAUUSD,buy,in,0.01,4040.27,4030,-0.04,0.00,0.00,1 573.01,
2025.10.31 02:55:34,4025,XAUUSD,sell,out,0.01,4041.89,4031,-0.04,0.00,1.62,1 574.59,sl 4042.03
2025.10.31 03:15:06,4026,XAUUSD,buy,in,0.01,4031.58,4032,-0.04,0.00,0.00,1 574.55,
2025.10.31 03:15:18,4027,XAUUSD,sell,out,0.01,4031.46,4033,-0.04,0.00,-0.12,1 574.39,sl 4031.63
2025.10.31 03:39:07,4028,XAUUSD,buy,in,0.01,4026.96,4034,-0.04,0.00,0.00,1 574.35,
2025.10.31 03:39:50,4029,XAUUSD,sell,out,0.01,4027.00,4035,-0.04,0.00,0.04,1 574.35,sl 4027.09
2025.10.31 04:03:11,4030,XAUUSD,buy,in,0.01,4023.47,4036,-0.04,0.00,0.00,1 574.31,
2025.10.31 04:04:32,4031,XAUUSD,sell,out,0.01,4024.54,4037,-0.04,0.00,1.07,1 575.34,sl 4024.55
2025.10.31 04:27:12,4032,XAUUSD,buy,in,0.01,4031.27,4038,-0.04,0.00,0.00,1 575.30,
2025.10.31 04:29:17,4033,XAUUSD,sell,out,0.01,4032.53,4039,-0.04,0.00,1.26,1 576.52,sl 4032.79
2025.10.31 04:51:14,4034,XAUUSD,buy,in,0.01,4024.90,4040,-0.04,0.00,0.00,1 576.48,
2025.10.31 06:13:31,4035,XAUUSD,sell,out,0.01,3992.38,4041,-0.04,0.00,-32.52,1 543.92,
2025.10.31 10:32:03,4036,XAUUSD,buy,in,0.01,4024.46,4042,-0.04,0.00,0.00,1 543.88,
2025.10.31 10:32:25,4037,XAUUSD,sell,out,0.01,4024.55,4043,-0.04,0.00,0.09,1 543.93,sl 4024.57
2025.10.31 11:05:54,4038,XAUUSD,buy,in,0.01,4025.54,4044,-0.04,0.00,0.00,1 543.89,
2025.10.31 11:07:07,4039,XAUUSD,sell,out,0.01,4025.68,4045,-0.04,0.00,0.14,1 543.99,sl 4025.69
2025.10.31 11:42:10,4040,XAUUSD,buy,in,0.01,4025.24,4046,-0.04,0.00,0.00,1 543.95,
2025.10.31 11:42:41,4041,XAUUSD,sell,out,0.01,4025.35,4047,-0.04,0.00,0.11,1 544.02,sl 4025.35
2025.10.31 15:39:19,4042,XAUUSD,buy,in,0.01,4026.65,4048,-0.04,0.00,0.00,1 543.98,
2025.10.31 15:41:51,4043,XAUUSD,sell,out,0.01,4030.42,4049,-0.04,0.00,3.77,1 547.71,sl 4030.42
2025.10.31 16:03:40,4044,XAUUSD,buy,in,0.01,4027.08,4051,-0.04,0.00,0.00,1 547.67,
2025.10.31 16:08:17,4045,XAUUSD,sell,out,0.01,4027.07,4052,-0.04,0.00,-0.01,1 547.62,sl 4027.10
2025.10.31 16:27:43,4046,XAUUSD,buy,in,0.01,4029.90,4053,-0.04,0.00,0.00,1 547.58,
2025.10.31 18:54:49,4047,XAUUSD,sell,in,0.15,4021.85,4054,-0.53,0.00,0.00,1 547.05,
2025.10.31 18:55:56,4048,XAUUSD,buy,out,0.15,4020.04,4055,-0.53,0.00,27.15,1 573.67,sl 4019.93
2025.10.31 19:09:42,4049,XAUUSD,sell,out,0.01,3999.12,4056,-0.04,0.00,-30.78,1 542.85,
2025.10.31 19:15:43,4050,XAUUSD,sell,in,0.01,3976.26,4057,-0.04,0.00,0.00,1 542.81,
2025.10.31 19:17:54,4051,XAUUSD,buy,out,0.01,3974.53,4058,-0.04,0.00,1.73,1 544.50,sl 3974.52
2025.11.03 02:14:14,4052,XAUUSD,sell,in,0.01,3972.78,4059,-0.04,0.00,0.00,1 544.46,
2025.11.03 02:15:33,4053,XAUUSD,buy,out,0.01,3967.64,4060,-0.04,0.00,5.14,1 549.56,sl 3967.64
2025.11.03 02:38:32,4054,XAUUSD,sell,in,0.01,3972.26,4061,-0.04,0.00,0.00,1 549.52,
2025.11.03 02:55:05,4055,XAUUSD,buy,out,0.01,3969.32,4062,-0.04,0.00,2.94,1 552.42,sl 3969.31
2025.11.03 03:02:34,4056,XAUUSD,sell,in,0.01,3969.14,4063,-0.04,0.00,0.00,1 552.38,
2025.11.03 03:04:35,4057,XAUUSD,buy,out,0.01,3968.81,4064,-0.04,0.00,0.33,1 552.67,sl 3968.49
2025.11.04 07:45:36,4058,XAUUSD,sell,in,0.01,3974.18,4065,-0.04,0.00,0.00,1 552.63,
2025.11.04 07:58:43,4059,XAUUSD,buy,out,0.01,3974.44,4066,-0.04,0.00,-0.26,1 552.33,sl 3974.13
2025.11.04 08:09:36,4060,XAUUSD,sell,in,0.01,3972.62,4067,-0.04,0.00,0.00,1 552.29,
2025.11.04 08:11:55,4061,XAUUSD,buy,out,0.01,3972.63,4068,-0.04,0.00,-0.01,1 552.24,sl 3972.60
2025.11.04 16:01:20,4062,XAUUSD,sell,in,0.01,3970.47,4069,-0.04,0.00,0.00,1 552.20,
2025.11.04 16:02:00,4063,XAUUSD,buy,out,0.01,3970.52,4070,-0.04,0.00,-0.05,1 552.11,sl 3970.46
2025.11.04 16:25:27,4064,XAUUSD,sell,in,0.01,3968.12,4071,-0.04,0.00,0.00,1 552.07,
2025.11.04 16:28:02,4065,XAUUSD,buy,out,0.01,3968.24,4072,-0.04,0.00,-0.12,1 551.91,sl 3968.01
2025.11.04 16:49:26,4066,XAUUSD,sell,in,0.01,3937.39,4073,-0.04,0.00,0.00,1 551.87,
2025.11.04 17:38:36,4067,XAUUSD,buy,in,0.15,3958.45,4074,-0.53,0.00,0.00,1 551.34,
2025.11.04 17:39:05,4068,XAUUSD,sell,out,0.15,3960.29,4075,-0.53,0.00,27.60,1 578.41,sl 3960.31
2025.11.04 20:36:49,4069,XAUUSD,buy,out,0.01,3936.37,4076,-0.04,0.00,1.02,1 579.39,sl 3936.36
2025.11.06 09:20:41,4070,XAUUSD,buy,in,0.01,4007.64,4077,-0.04,0.00,0.00,1 579.35,
2025.11.06 09:21:01,4071,XAUUSD,sell,out,0.01,4007.62,4078,-0.04,0.00,-0.02,1 579.29,sl 4007.70
2025.11.06 09:47:44,4072,XAUUSD,buy,in,0.01,4007.91,4079,-0.04,0.00,0.00,1 579.25,
2025.11.06 09:48:01,4073,XAUUSD,sell,out,0.01,4007.98,4080,-0.04,0.00,0.07,1 579.28,sl 4008.05
2025.11.06 10:13:47,4074,XAUUSD,buy,in,0.01,4008.89,4081,-0.04,0.00,0.00,1 579.24,
2025.11.06 10:15:07,4075,XAUUSD,sell,out,0.01,4008.88,4082,-0.04,0.00,-0.01,1 579.19,sl 4008.92
2025.11.06 10:37:49,4076,XAUUSD,buy,in,0.01,4014.82,4083,-0.04,0.00,0.00,1 579.15,
2025.11.06 10:58:07,4077,XAUUSD,sell,out,0.01,4015.20,4084,-0.04,0.00,0.38,1 579.49,sl 4015.25
2025.11.06 11:01:49,4078,XAUUSD,buy,in,0.01,4014.16,4085,-0.04,0.00,0.00,1 579.45,
2025.11.06 11:23:26,4079,XAUUSD,sell,out,0.01,4014.11,4086,-0.04,0.00,-0.05,1 579.36,sl 4014.27
2025.11.06 11:26:03,4080,XAUUSD,buy,in,0.01,4014.23,4087,-0.04,0.00,0.00,1 579.32,
2025.11.06 13:37:58,4081,XAUUSD,sell,out,0.01,4014.47,4088,-0.04,0.00,0.24,1 579.52,sl 4014.50
2025.11.06 13:38:00,4082,XAUUSD,buy,in,0.01,4015.08,4089,-0.04,0.00,0.00,1 579.48,
2025.11.06 13:38:36,4083,XAUUSD,sell,out,0.01,4015.67,4090,-0.04,0.00,0.59,1 580.03,sl 4015.69
2025.11.06 14:02:07,4084,XAUUSD,buy,in,0.01,4018.31,4091,-0.04,0.00,0.00,1 579.99,
2025.11.06 14:02:52,4085,XAUUSD,sell,out,0.01,4018.33,4092,-0.04,0.00,0.02,1 579.97,sl 4018.34
2025.11.06 14:26:07,4086,XAUUSD,buy,in,0.01,4013.38,4093,-0.04,0.00,0.00,1 579.93,
2025.11.06 15:20:09,4087,XAUUSD,sell,out,0.01,4013.39,4094,-0.04,0.00,0.01,1 579.90,sl 4013.40
2025.11.06 15:20:23,4088,XAUUSD,buy,in,0.01,4013.62,4095,-0.04,0.00,0.00,1 579.86,
2025.11.06 15:21:27,4089,XAUUSD,sell,out,0.01,4013.59,4096,-0.04,0.00,-0.03,1 579.79,sl 4013.66
2025.11.06 15:44:31,4090,XAUUSD,buy,in,0.01,4014.10,4097,-0.04,0.00,0.00,1 579.75,
2025.11.06 15:46:53,4091,XAUUSD,sell,out,0.01,4014.20,4098,-0.04,0.00,0.10,1 579.81,sl 4014.21
2025.11.07 18:35:34,4092,XAUUSD,buy,in,0.01,4019.94,4099,-0.04,0.00,0.00,1 579.77,
2025.11.07 18:36:25,4093,XAUUSD,sell,out,0.01,4021.46,4100,-0.04,0.00,1.52,1 581.25,sl 4021.48
2025.11.10 02:47:54,4094,XAUUSD,buy,in,0.01,4022.62,4101,-0.04,0.00,0.00,1 581.21,
2025.11.10 02:48:03,4095,XAUUSD,sell,out,0.01,4022.90,4102,-0.04,0.00,0.28,1 581.45,sl 4022.99
2025.11.10 03:11:59,4096,XAUUSD,buy,in,0.01,4028.12,4103,-0.04,0.00,0.00,1 581.41,
2025.11.10 03:12:21,4097,XAUUSD,sell,out,0.01,4028.08,4104,-0.04,0.00,-0.04,1 581.33,sl 4028.15
2025.11.10 03:36:04,4098,XAUUSD,buy,in,0.01,4051.62,4105,-0.04,0.00,0.00,1 581.29,
2025.11.10 03:36:21,4099,XAUUSD,sell,out,0.01,4051.82,4106,-0.04,0.00,0.20,1 581.45,sl 4051.83
2025.11.10 04:00:05,4100,XAUUSD,buy,in,0.01,4044.42,4107,-0.04,0.00,0.00,1 581.41,
2025.11.10 04:02:34,4101,XAUUSD,sell,out,0.01,4046.52,4108,-0.04,0.00,2.10,1 583.47,sl 4046.52
2025.11.10 04:24:08,4102,XAUUSD,buy,in,0.01,4044.20,4109,-0.04,0.00,0.00,1 583.43,
2025.11.10 04:37:34,4103,XAUUSD,sell,out,0.01,4044.35,4110,-0.04,0.00,0.15,1 583.54,sl 4044.41
2025.11.10 04:48:07,4104,XAUUSD,buy,in,0.01,4044.54,4111,-0.04,0.00,0.00,1 583.50,
2025.11.10 04:49:47,4105,XAUUSD,sell,out,0.01,4044.74,4112,-0.04,0.00,0.20,1 583.66,sl 4044.74
2025.11.10 05:12:11,4106,XAUUSD,buy,in,0.01,4046.73,4113,-0.04,0.00,0.00,1 583.62,
2025.11.10 05:21:28,4107,XAUUSD,sell,out,0.01,4048.74,4114,-0.04,0.00,2.01,1 585.59,sl 4048.75
2025.11.10 05:36:12,4108,XAUUSD,buy,in,0.01,4051.11,4115,-0.04,0.00,0.00,1 585.55,
2025.11.10 05:39:12,4109,XAUUSD,sell,out,0.01,4051.14,4116,-0.04,0.00,0.03,1 585.54,sl 4051.17
2025.11.10 06:00:14,4110,XAUUSD,buy,in,0.01,4051.05,4117,-0.04,0.00,0.00,1 585.50,
2025.11.10 06:00:44,4111,XAUUSD,sell,out,0.01,4051.07,4118,-0.04,0.00,0.02,1 585.48,sl 4051.07
2025.11.10 06:24:17,4112,XAUUSD,buy,in,0.01,4056.59,4119,-0.04,0.00,0.00,1 585.44,
2025.11.10 07:31:03,4113,XAUUSD,sell,out,0.01,4059.23,4120,-0.04,0.00,2.64,1 588.04,sl 4059.27
2025.11.10 07:31:04,4114,XAUUSD,buy,in,0.01,4059.09,4121,-0.04,0.00,0.00,1 588.00,
2025.11.10 07:31:39,4115,XAUUSD,sell,out,0.01,4060.08,4122,-0.04,0.00,0.99,1 588.95,sl 4060.09
2025.11.10 07:55:09,4116,XAUUSD,buy,in,0.01,4067.74,4123,-0.04,0.00,0.00,1 588.91,
2025.11.10 07:56:23,4117,XAUUSD,sell,out,0.01,4068.74,4124,-0.04,0.00,1.00,1 589.87,sl 4068.74
2025.11.10 08:19:11,4118,XAUUSD,buy,in,0.01,4071.23,4125,-0.04,0.00,0.00,1 589.83,
2025.11.10 08:23:38,4119,XAUUSD,sell,out,0.01,4071.51,4126,-0.04,0.00,0.28,1 590.07,sl 4071.55
2025.11.10 08:43:14,4120,XAUUSD,buy,in,0.01,4071.98,4127,-0.04,0.00,0.00,1 590.03,
2025.11.10 08:45:32,4121,XAUUSD,sell,out,0.01,4074.10,4128,-0.04,0.00,2.12,1 592.11,sl 4074.30
2025.11.10 09:07:22,4122,XAUUSD,buy,in,0.01,4074.58,4129,-0.04,0.00,0.00,1 592.07,
2025.11.10 09:07:37,4123,XAUUSD,sell,out,0.01,4074.78,4130,-0.04,0.00,0.20,1 592.23,sl 4074.89
2025.11.10 09:31:29,4124,XAUUSD,buy,in,0.01,4077.95,4131,-0.04,0.00,0.00,1 592.19,
2025.11.10 09:32:28,4125,XAUUSD,sell,out,0.01,4078.02,4132,-0.04,0.00,0.07,1 592.22,sl 4078.02
2025.11.10 09:55:29,4126,XAUUSD,buy,in,0.01,4076.17,4133,-0.04,0.00,0.00,1 592.18,
2025.11.10 10:00:18,4127,XAUUSD,sell,out,0.01,4076.19,4134,-0.04,0.00,0.02,1 592.16,sl 4076.24
2025.11.10 10:19:38,4128,XAUUSD,buy,in,0.01,4075.78,4135,-0.04,0.00,0.00,1 592.12,
2025.11.10 10:20:12,4129,XAUUSD,sell,out,0.01,4076.66,4136,-0.04,0.00,0.88,1 592.96,sl 4076.69
2025.11.10 10:43:40,4130,XAUUSD,buy,in,0.01,4081.33,4137,-0.04,0.00,0.00,1 592.92,
2025.11.10 10:47:19,4131,XAUUSD,sell,out,0.01,4080.91,4138,-0.04,0.00,-0.42,1 592.46,sl 4081.38
2025.11.10 11:07:49,4132,XAUUSD,buy,in,0.01,4079.83,4139,-0.04,0.00,0.00,1 592.42,
2025.11.10 11:08:43,4133,XAUUSD,sell,out,0.01,4080.21,4140,-0.04,0.00,0.38,1 592.76,sl 4080.29
2025.11.10 11:31:54,4134,XAUUSD,buy,in,0.01,4078.78,4141,-0.04,0.00,0.00,1 592.72,
2025.11.10 11:33:14,4135,XAUUSD,sell,out,0.01,4079.50,4142,-0.04,0.00,0.72,1 593.40,sl 4079.57
2025.11.10 11:56:11,4136,XAUUSD,buy,in,0.01,4079.54,4143,-0.04,0.00,0.00,1 593.36,
2025.11.10 12:04:08,4137,XAUUSD,sell,out,0.01,4080.03,4144,-0.04,0.00,0.49,1 593.81,sl 4080.05
2025.11.10 12:20:17,4138,XAUUSD,buy,in,0.01,4082.29,4145,-0.04,0.00,0.00,1 593.77,
2025.11.10 12:41:31,4139,XAUUSD,sell,out,0.01,4082.78,4146,-0.04,0.00,0.49,1 594.22,sl 4082.84
2025.11.10 12:44:19,4140,XAUUSD,buy,in,0.01,4078.79,4147,-0.04,0.00,0.00,1 594.18,
2025.11.10 12:45:45,4141,XAUUSD,sell,out,0.01,4078.88,4148,-0.04,0.00,0.09,1 594.23,sl 4078.94
2025.11.10 13:08:25,4142,XAUUSD,buy,in,0.01,4077.58,4149,-0.04,0.00,0.00,1 594.19,
2025.11.10 13:08:51,4143,XAUUSD,sell,out,0.01,4078.73,4150,-0.04,0.00,1.15,1 595.30,sl 4078.78
2025.11.10 13:32:31,4144,XAUUSD,buy,in,0.01,4080.09,4151,-0.04,0.00,0.00,1 595.26,
2025.11.10 13:35:19,4145,XAUUSD,sell,out,0.01,4080.25,4152,-0.04,0.00,0.16,1 595.38,sl 4080.27
2025.11.10 13:56:32,4146,XAUUSD,buy,in,0.01,4081.95,4153,-0.04,0.00,0.00,1 595.34,
2025.11.10 13:57:23,4147,XAUUSD,sell,out,0.01,4082.35,4154,-0.04,0.00,0.40,1 595.70,sl 4082.35
2025.11.10 14:20:51,4148,XAUUSD,buy,in,0.01,4094.72,4155,-0.04,0.00,0.00,1 595.66,
2025.11.10 14:21:56,4149,XAUUSD,sell,out,0.01,4094.75,4156,-0.04,0.00,0.03,1 595.65,sl 4094.85
2025.11.10 14:44:54,4150,XAUUSD,buy,in,0.01,4095.00,4157,-0.04,0.00,0.00,1 595.61,
2025.11.10 14:49:37,4151,XAUUSD,sell,out,0.01,4095.64,4158,-0.04,0.00,0.64,1 596.21,sl 4095.65
2025.11.10 15:09:00,4152,XAUUSD,buy,in,0.01,4103.66,4159,-0.04,0.00,0.00,1 596.17,
2025.11.10 15:09:43,4153,XAUUSD,sell,out,0.01,4104.48,4160,-0.04,0.00,0.82,1 596.95,sl 4104.52
2025.11.10 15:33:03,4154,XAUUSD,buy,in,0.01,4102.44,4161,-0.04,0.00,0.00,1 596.91,
2025.11.10 18:00:05,4155,XAUUSD,sell,in,0.15,4083.45,4162,-0.53,0.00,0.00,1 596.38,
2025.11.10 18:00:31,4156,XAUUSD,buy,out,0.15,4083.37,4163,-0.53,0.00,1.20,1 597.05,sl 4083.36
2025.11.10 20:01:51,4157,XAUUSD,sell,out,0.01,4102.51,4164,-0.04,0.00,0.07,1 597.08,sl 4102.52
2025.11.14 03:54:31,4158,XAUUSD,buy,in,0.01,4191.48,4165,-0.04,0.00,0.00,1 597.04,
2025.11.14 03:55:05,4159,XAUUSD,sell,out,0.01,4191.44,4166,-0.04,0.00,-0.04,1 596.96,sl 4191.50
2025.11.14 04:18:35,4160,XAUUSD,buy,in,0.01,4193.30,4167,-0.04,0.00,0.00,1 596.92,
2025.11.14 04:19:37,4161,XAUUSD,sell,out,0.01,4193.64,4168,-0.04,0.00,0.34,1 597.22,sl 4193.72
2025.11.14 04:42:38,4162,XAUUSD,buy,in,0.01,4203.03,4169,-0.04,0.00,0.00,1 597.18,
2025.11.14 04:43:58,4163,XAUUSD,sell,out,0.01,4203.57,4170,-0.04,0.00,0.54,1 597.68,sl 4203.69
2025.11.14 05:06:39,4164,XAUUSD,buy,in,0.01,4203.78,4171,-0.04,0.00,0.00,1 597.64,
2025.11.14 05:07:48,4165,XAUUSD,sell,out,0.01,4206.50,4172,-0.04,0.00,2.72,1 600.32,sl 4206.50
2025.11.14 05:30:43,4166,XAUUSD,buy,in,0.01,4211.00,4173,-0.04,0.00,0.00,1 600.28,
2025.11.14 07:57:45,4167,XAUUSD,sell,in,0.15,4189.87,4174,-0.53,0.00,0.00,1 599.75,
2025.11.14 07:58:14,4168,XAUUSD,buy,out,0.15,4189.10,4175,-0.53,0.00,11.55,1 610.77,sl 4189.10
2025.11.14 09:21:03,4169,XAUUSD,sell,out,0.01,4167.42,4176,-0.04,0.00,-43.58,1 567.15,
2025.11.14 13:54:50,4170,XAUUSD,sell,in,0.01,4138.44,4177,-0.04,0.00,0.00,1 567.11,
2025.11.14 13:55:01,4171,XAUUSD,buy,out,0.01,4138.37,4178,-0.04,0.00,0.07,1 567.14,sl 4138.37
2025.11.14 14:18:54,4172,XAUUSD,sell,in,0.01,4121.37,4179,-0.04,0.00,0.00,1 567.10,
2025.11.14 14:19:34,4173,XAUUSD,buy,out,0.01,4116.95,4180,-0.04,0.00,4.42,1 571.48,sl 4116.87
2025.11.14 14:42:55,4174,XAUUSD,sell,in,0.01,4112.43,4181,-0.04,0.00,0.00,1 571.44,
2025.11.14 14:43:27,4175,XAUUSD,buy,out,0.01,4111.96,4182,-0.04,0.00,0.47,1 571.87,sl 4111.81
2025.11.14 15:07:02,4176,XAUUSD,sell,in,0.01,4107.17,4183,-0.04,0.00,0.00,1 571.83,
2025.11.14 15:08:57,4177,XAUUSD,buy,out,0.01,4106.90,4184,-0.04,0.00,0.27,1 572.06,sl 4106.86
2025.11.14 15:31:04,4178,XAUUSD,sell,in,0.01,4060.13,4185,-0.04,0.00,0.00,1 572.02,
2025.11.14 15:31:12,4179,XAUUSD,buy,out,0.01,4060.14,4186,-0.04,0.00,-0.01,1 571.97,sl 4060.07
2025.11.14 15:55:04,4180,XAUUSD,sell,in,0.01,4051.63,4187,-0.04,0.00,0.00,1 571.93,
2025.11.14 15:55:08,4181,XAUUSD,buy,out,0.01,4051.66,4188,-0.04,0.00,-0.03,1 571.86,sl 4051.60
2025.11.14 16:19:10,4182,XAUUSD,sell,in,0.01,4053.35,4189,-0.04,0.00,0.00,1 571.82,
2025.11.14 16:20:07,4183,XAUUSD,buy,out,0.01,4052.88,4190,-0.04,0.00,0.47,1 572.25,sl 4052.83
2025.11.14 16:43:13,4184,XAUUSD,sell,in,0.01,4069.10,4191,-0.04,0.00,0.00,1 572.21,
2025.11.14 16:43:29,4185,XAUUSD,buy,out,0.01,4066.27,4192,-0.04,0.00,2.83,1 575.00,sl 4066.23
2025.11.14 17:07:12,4186,XAUUSD,sell,in,0.01,4073.98,4193,-0.04,0.00,0.00,1 574.96,
2025.11.14 17:07:37,4187,XAUUSD,buy,out,0.01,4072.34,4194,-0.04,0.00,1.64,1 576.56,sl 4072.31
2025.11.14 17:31:17,4188,XAUUSD,sell,in,0.01,4077.04,4195,-0.04,0.00,0.00,1 576.52,
2025.11.14 17:31:31,4189,XAUUSD,buy,out,0.01,4076.38,4196,-0.04,0.00,0.66,1 577.14,sl 4076.20
2025.11.14 17:55:19,4190,XAUUSD,sell,in,0.01,4087.74,4197,-0.04,0.00,0.00,1 577.10,
2025.11.14 17:56:40,4191,XAUUSD,buy,out,0.01,4083.52,4198,-0.04,0.00,4.22,1 581.28,sl 4083.35
2025.11.14 18:19:22,4192,XAUUSD,sell,in,0.01,4092.58,4199,-0.04,0.00,0.00,1 581.24,
2025.11.14 19:08:39,4193,XAUUSD,buy,in,0.15,4098.23,4200,-0.53,0.00,0.00,1 580.71,
2025.11.14 19:09:11,4194,XAUUSD,sell,out,0.15,4098.27,4201,-0.53,0.00,0.60,1 580.78,sl 4098.39
2025.11.14 20:02:39,4195,XAUUSD,buy,out,0.01,4091.81,4202,-0.04,0.00,0.77,1 581.51,sl 4091.72
2025.11.18 17:51:03,4196,XAUUSD,sell,in,0.01,4050.20,4203,-0.04,0.00,0.00,1 581.47,
2025.11.18 18:02:40,4197,XAUUSD,buy,out,0.01,4049.53,4204,-0.04,0.00,0.67,1 582.10,sl 4049.53
2025.11.19 11:48:03,4198,XAUUSD,buy,in,0.01,4105.23,4205,-0.04,0.00,0.00,1 582.06,
2025.11.19 11:48:49,4199,XAUUSD,sell,out,0.01,4106.31,4206,-0.04,0.00,1.08,1 583.10,sl 4106.38
2025.11.19 12:12:05,4200,XAUUSD,buy,in,0.01,4109.48,4207,-0.04,0.00,0.00,1 583.06,
2025.11.19 12:13:11,4201,XAUUSD,sell,out,0.01,4113.13,4208,-0.04,0.00,3.65,1 586.67,sl 4113.14
2025.11.19 12:36:09,4202,XAUUSD,buy,in,0.01,4114.41,4210,-0.04,0.00,0.00,1 586.63,
2025.11.19 13:17:50,4203,XAUUSD,sell,out,0.01,4115.37,4211,-0.04,0.00,0.96,1 587.55,sl 4115.38
2025.11.19 13:17:57,4204,XAUUSD,buy,in,0.01,4116.18,4212,-0.04,0.00,0.00,1 587.51,
2025.11.19 13:19:51,4205,XAUUSD,sell,out,0.01,4117.04,4213,-0.04,0.00,0.86,1 588.33,sl 4117.09
2025.11.19 13:41:58,4206,XAUUSD,buy,in,0.01,4112.11,4214,-0.04,0.00,0.00,1 588.29,
2025.11.19 13:42:51,4207,XAUUSD,sell,out,0.01,4112.52,4215,-0.04,0.00,0.41,1 588.66,sl 4112.54
2025.11.19 14:06:13,4208,XAUUSD,buy,in,0.01,4115.16,4216,-0.04,0.00,0.00,1 588.62,
2025.11.19 14:08:54,4209,XAUUSD,sell,out,0.01,4116.40,4217,-0.04,0.00,1.24,1 589.82,sl 4116.40
2025.11.19 14:30:10,4210,XAUUSD,buy,in,0.01,4117.64,4218,-0.04,0.00,0.00,1 589.78,
2025.11.19 14:38:57,4211,XAUUSD,sell,out,0.01,4118.46,4219,-0.04,0.00,0.82,1 590.56,sl 4118.51
2025.11.19 14:54:20,4212,XAUUSD,buy,in,0.01,4112.67,4220,-0.04,0.00,0.00,1 590.52,
2025.11.19 14:54:37,4213,XAUUSD,sell,out,0.01,4114.21,4221,-0.04,0.00,1.54,1 592.02,sl 4114.21
2025.11.19 15:22:00,4214,XAUUSD,buy,in,0.01,4109.06,4222,-0.04,0.00,0.00,1 591.98,
2025.11.19 15:29:12,4215,XAUUSD,sell,out,0.01,4109.09,4223,-0.04,0.00,0.03,1 591.97,sl 4109.12
2025.11.19 15:46:08,4216,XAUUSD,buy,in,0.01,4116.41,4224,-0.04,0.00,0.00,1 591.93,
2025.11.19 15:46:33,4217,XAUUSD,sell,out,0.01,4116.64,4225,-0.04,0.00,0.23,1 592.12,sl 4116.65
2025.11.19 16:10:15,4218,XAUUSD,buy,in,0.01,4112.45,4226,-0.04,0.00,0.00,1 592.08,
2025.11.19 16:11:26,4219,XAUUSD,sell,out,0.01,4113.27,4227,-0.04,0.00,0.82,1 592.86,sl 4113.31
2025.11.19 16:34:26,4220,XAUUSD,buy,in,0.01,4113.19,4228,-0.04,0.00,0.00,1 592.82,
2025.11.19 16:35:33,4221,XAUUSD,sell,out,0.01,4114.40,4229,-0.04,0.00,1.21,1 593.99,sl 4114.49
2025.11.19 16:58:25,4222,XAUUSD,buy,in,0.01,4122.94,4230,-0.04,0.00,0.00,1 593.95,
2025.11.19 16:59:42,4223,XAUUSD,sell,out,0.01,4127.90,4231,-0.04,0.00,4.96,1 598.87,sl 4127.94
2025.11.19 17:22:26,4224,XAUUSD,buy,in,0.01,4126.37,4232,-0.04,0.00,0.00,1 598.83,
2025.11.19 17:24:00,4225,XAUUSD,sell,out,0.01,4126.42,4233,-0.04,0.00,0.05,1 598.84,sl 4126.42
2025.11.19 19:08:18,4226,XAUUSD,sell,in,0.01,4056.87,4234,-0.04,0.00,0.00,1 598.80,
2025.11.19 19:08:31,4227,XAUUSD,buy,out,0.01,4056.86,4235,-0.04,0.00,0.01,1 598.77,sl 4056.75
2025.11.20 04:17:15,4228,XAUUSD,sell,in,0.01,4055.63,4236,-0.04,0.00,0.00,1 598.73,
2025.11.20 04:17:37,4229,XAUUSD,buy,out,0.01,4055.10,4237,-0.04,0.00,0.53,1 599.22,sl 4055.08
2025.11.20 04:42:15,4230,XAUUSD,sell,in,0.01,4055.96,4238,-0.04,0.00,0.00,1 599.18,
2025.11.20 04:42:25,4231,XAUUSD,buy,out,0.01,4055.98,4239,-0.04,0.00,-0.02,1 599.12,sl 4055.93
2025.11.20 10:03:48,4232,XAUUSD,sell,in,0.01,4052.96,4240,-0.04,0.00,0.00,1 599.08,
2025.11.20 10:04:16,4233,XAUUSD,buy,out,0.01,4052.93,4241,-0.04,0.00,0.03,1 599.07,sl 4052.87
2025.11.20 10:27:55,4234,XAUUSD,sell,in,0.01,4042.95,4242,-0.04,0.00,0.00,1 599.03,
2025.11.20 11:16:58,4235,XAUUSD,buy,in,0.15,4069.83,4243,-0.53,0.00,0.00,1 598.50,
2025.11.20 11:17:35,4236,XAUUSD,sell,out,0.15,4069.97,4244,-0.53,0.00,2.10,1 600.07,sl 4070.05
2025.11.20 14:20:47,4237,XAUUSD,buy,out,0.01,4079.18,4245,-0.04,0.00,-36.23,1 563.80,
2025.11.20 16:50:29,4238,XAUUSD,buy,in,0.01,4105.23,4246,-0.04,0.00,0.00,1 563.76,
2025.11.20 16:50:34,4239,XAUUSD,sell,out,0.01,4105.26,4247,-0.04,0.00,0.03,1 563.75,sl 4105.27
2025.11.20 18:57:59,4240,XAUUSD,sell,in,0.01,4051.67,4248,-0.04,0.00,0.00,1 563.71,
2025.11.20 18:58:07,4241,XAUUSD,buy,out,0.01,4051.64,4249,-0.04,0.00,0.03,1 563.70,sl 4051.63
2025.11.20 19:35:24,4242,XAUUSD,sell,in,0.01,4051.27,4250,-0.04,0.00,0.00,1 563.66,
2025.11.20 19:35:42,4243,XAUUSD,buy,out,0.01,4051.25,4251,-0.04,0.00,0.02,1 563.64,sl 4051.25
2025.11.21 06:41:44,4244,XAUUSD,sell,in,0.01,4048.33,4252,-0.04,0.00,0.00,1 563.60,
2025.11.21 06:47:49,4245,XAUUSD,buy,out,0.01,4048.39,4253,-0.04,0.00,-0.06,1 563.50,sl 4048.31
2025.11.21 07:48:26,4246,XAUUSD,sell,in,0.01,4046.33,4254,-0.04,0.00,0.00,1 563.46,
2025.11.21 07:51:38,4247,XAUUSD,buy,out,0.01,4044.51,4255,-0.04,0.00,1.82,1 565.24,sl 4044.36
2025.11.21 08:17:31,4248,XAUUSD,sell,in,0.01,4046.90,4256,-0.04,0.00,0.00,1 565.20,
2025.11.21 08:19:15,4249,XAUUSD,buy,out,0.01,4043.87,4257,-0.04,0.00,3.03,1 568.19,sl 4043.86
2025.11.21 08:41:37,4250,XAUUSD,sell,in,0.01,4038.74,4258,-0.04,0.00,0.00,1 568.15,
2025.11.21 08:44:05,4251,XAUUSD,buy,out,0.01,4038.17,4259,-0.04,0.00,0.57,1 568.68,sl 4038.14
2025.11.21 09:05:54,4252,XAUUSD,sell,in,0.01,4029.76,4260,-0.04,0.00,0.00,1 568.64,
2025.11.21 09:55:00,4253,XAUUSD,buy,in,0.15,4034.57,4261,-0.53,0.00,0.00,1 568.11,
2025.11.21 09:55:28,4254,XAUUSD,sell,out,0.15,4034.56,4262,-0.53,0.00,-0.15,1 567.43,sl 4034.63
2025.11.21 10:01:01,4255,XAUUSD,buy,out,0.01,4029.57,4263,-0.04,0.00,0.19,1 567.58,sl 4029.49
2025.11.21 18:52:00,4256,XAUUSD,buy,in,0.01,4096.23,4264,-0.04,0.00,0.00,1 567.54,
2025.11.21 18:55:48,4257,XAUUSD,sell,out,0.01,4097.45,4265,-0.04,0.00,1.22,1 568.72,sl 4097.55
2025.11.24 03:57:46,4258,XAUUSD,sell,in,0.01,4042.85,4266,-0.04,0.00,0.00,1 568.68,
2025.11.24 04:46:52,4259,XAUUSD,buy,in,0.15,4044.71,4267,-0.53,0.00,0.00,1 568.15,
2025.11.24 04:48:30,4260,XAUUSD,sell,out,0.15,4044.80,4268,-0.53,0.00,1.35,1 568.97,sl 4044.84
2025.11.24 04:53:28,4261,XAUUSD,buy,out,0.01,4042.22,4269,-0.04,0.00,0.63,1 569.56,sl 4042.18
2025.11.24 18:33:47,4262,XAUUSD,buy,in,0.01,4096.75,4270,-0.04,0.00,0.00,1 569.52,
2025.11.24 18:34:10,4263,XAUUSD,sell,out,0.01,4097.16,4271,-0.04,0.00,0.41,1 569.89,sl 4097.17
2025.11.24 18:57:51,4264,XAUUSD,buy,in,0.01,4098.14,4272,-0.04,0.00,0.00,1 569.85,
2025.11.24 19:00:35,4265,XAUUSD,sell,out,0.01,4098.23,4273,-0.04,0.00,0.09,1 569.90,sl 4098.24
2025.11.24 19:49:34,4266,XAUUSD,buy,in,0.01,4097.51,4274,-0.04,0.00,0.00,1 569.86,
2025.11.24 19:50:04,4267,XAUUSD,sell,out,0.01,4098.90,4275,-0.04,0.00,1.39,1 571.21,sl 4098.95
2025.11.24 20:30:23,4268,XAUUSD,buy,in,0.01,4098.51,4276,-0.04,0.00,0.00,1 571.17,
2025.11.24 20:30:52,4269,XAUUSD,sell,out,0.01,4098.68,4277,-0.04,0.00,0.17,1 571.30,sl 4098.72
2025.11.24 20:54:37,4270,XAUUSD,buy,in,0.01,4121.26,4278,-0.04,0.00,0.00,1 571.26,
2025.11.24 21:00:47,4271,XAUUSD,sell,out,0.01,4122.08,4279,-0.04,0.00,0.82,1 572.04,sl 4122.23
2025.11.24 21:18:38,4272,XAUUSD,buy,in,0.01,4119.33,4280,-0.04,0.00,0.00,1 572.00,
2025.11.24 21:19:14,4273,XAUUSD,sell,out,0.01,4119.93,4281,-0.04,0.00,0.60,1 572.56,sl 4119.94
2025.11.24 21:42:44,4274,XAUUSD,buy,in,0.01,4115.81,4282,-0.04,0.00,0.00,1 572.52,
2025.11.24 21:44:15,4275,XAUUSD,sell,out,0.01,4116.19,4283,-0.04,0.00,0.38,1 572.86,sl 4116.19
2025.11.24 22:06:55,4276,XAUUSD,buy,in,0.01,4122.81,4284,-0.04,0.00,0.00,1 572.82,
2025.11.24 22:07:05,4277,XAUUSD,sell,out,0.01,4122.60,4285,-0.04,0.00,-0.21,1 572.57,sl 4122.88
2025.11.24 22:31:07,4278,XAUUSD,buy,in,0.01,4128.58,4286,-0.04,0.00,0.00,1 572.53,
2025.11.24 22:32:01,4279,XAUUSD,sell,out,0.01,4129.15,4287,-0.04,0.00,0.57,1 573.06,sl 4129.16
2025.11.24 22:55:08,4280,XAUUSD,buy,in,0.01,4131.10,4288,-0.04,0.00,0.00,1 573.02,
2025.11.24 22:59:30,4281,XAUUSD,sell,out,0.01,4132.76,4289,-0.04,0.00,1.66,1 574.64,sl 4132.80
2025.11.24 23:19:15,4282,XAUUSD,buy,in,0.01,4132.97,4290,-0.04,0.00,0.00,1 574.60,
2025.11.24 23:37:13,4283,XAUUSD,sell,out,0.01,4133.08,4291,-0.04,0.00,0.11,1 574.67,sl 4133.21
2025.11.24 23:43:17,4284,XAUUSD,buy,in,0.01,4137.96,4292,-0.04,0.00,0.00,1 574.63,
2025.11.24 23:44:48,4285,XAUUSD,sell,out,0.01,4138.47,4293,-0.04,0.00,0.51,1 575.10,sl 4138.51
2025.11.25 01:02:10,4286,XAUUSD,buy,in,0.01,4135.98,4294,-0.04,0.00,0.00,1 575.06,
2025.11.25 01:05:21,4287,XAUUSD,sell,out,0.01,4137.36,4295,-0.04,0.00,1.38,1 576.40,sl 4137.41
2025.11.25 01:26:10,4288,XAUUSD,buy,in,0.01,4131.24,4296,-0.04,0.00,0.00,1 576.36,
2025.11.25 01:26:58,4289,XAUUSD,sell,out,0.01,4131.62,4297,-0.04,0.00,0.38,1 576.70,sl 4131.65
2025.11.25 01:50:17,4290,XAUUSD,buy,in,0.01,4140.93,4298,-0.04,0.00,0.00,1 576.66,
2025.11.25 01:50:42,4291,XAUUSD,sell,out,0.01,4141.01,4299,-0.04,0.00,0.08,1 576.70,sl 4141.01
2025.11.25 02:14:23,4292,XAUUSD,buy,in,0.01,4137.46,4300,-0.04,0.00,0.00,1 576.66,
2025.11.25 02:20:44,4293,XAUUSD,sell,out,0.01,4139.51,4301,-0.04,0.00,2.05,1 578.67,sl 4139.58
2025.11.25 02:38:28,4294,XAUUSD,buy,in,0.01,4135.57,4302,-0.04,0.00,0.00,1 578.63,
2025.11.25 02:41:59,4295,XAUUSD,sell,out,0.01,4136.03,4303,-0.04,0.00,0.46,1 579.05,sl 4136.05
2025.11.25 03:02:26,4296,XAUUSD,buy,in,0.01,4128.85,4304,-0.04,0.00,0.00,1 579.01,
2025.11.25 03:04:09,4297,XAUUSD,sell,out,0.01,4129.31,4305,-0.04,0.00,0.46,1 579.43,sl 4129.39
2025.11.25 03:26:31,4298,XAUUSD,buy,in,0.01,4126.77,4306,-0.04,0.00,0.00,1 579.39,
2025.11.25 03:29:12,4299,XAUUSD,sell,out,0.01,4127.34,4307,-0.04,0.00,0.57,1 579.92,sl 4127.39
2025.11.25 03:50:39,4300,XAUUSD,buy,in,0.01,4135.15,4308,-0.04,0.00,0.00,1 579.88,
2025.11.25 03:56:44,4301,XAUUSD,sell,out,0.01,4136.92,4309,-0.04,0.00,1.77,1 581.61,sl 4136.93
2025.11.25 04:14:39,4302,XAUUSD,buy,in,0.01,4136.34,4310,-0.04,0.00,0.00,1 581.57,
2025.11.25 04:15:40,4303,XAUUSD,sell,out,0.01,4136.69,4311,-0.04,0.00,0.35,1 581.88,sl 4136.71
2025.11.25 04:38:46,4304,XAUUSD,buy,in,0.01,4145.56,4312,-0.04,0.00,0.00,1 581.84,
2025.11.25 04:39:52,4305,XAUUSD,sell,out,0.01,4148.57,4313,-0.04,0.00,3.01,1 584.81,sl 4148.58
2025.11.25 05:02:51,4306,XAUUSD,buy,in,0.01,4148.04,4314,-0.04,0.00,0.00,1 584.77,
2025.11.25 05:04:50,4307,XAUUSD,sell,out,0.01,4148.26,4315,-0.04,0.00,0.22,1 584.95,sl 4148.29
2025.11.25 05:26:58,4308,XAUUSD,buy,in,0.01,4144.86,4316,-0.04,0.00,0.00,1 584.91,
2025.11.25 05:28:04,4309,XAUUSD,sell,out,0.01,4144.92,4317,-0.04,0.00,0.06,1 584.93,sl 4144.93
2025.11.25 05:51:03,4310,XAUUSD,buy,in,0.01,4144.16,4318,-0.04,0.00,0.00,1 584.89,
2025.11.25 06:07:57,4311,XAUUSD,sell,out,0.01,4145.30,4319,-0.04,0.00,1.14,1 585.99,sl 4145.30
2025.11.25 06:15:11,4312,XAUUSD,buy,in,0.01,4145.80,4320,-0.04,0.00,0.00,1 585.95,
2025.11.25 06:16:11,4313,XAUUSD,sell,out,0.01,4146.58,4321,-0.04,0.00,0.78,1 586.69,sl 4146.61
2025.11.25 06:39:12,4314,XAUUSD,buy,in,0.01,4147.80,4322,-0.04,0.00,0.00,1 586.65,
2025.11.25 07:54:23,4315,XAUUSD,sell,out,0.01,4149.68,4323,-0.04,0.00,1.88,1 588.49,sl 4149.72
2025.11.25 07:54:28,4316,XAUUSD,buy,in,0.01,4149.90,4324,-0.04,0.00,0.00,1 588.45,
2025.11.25 07:57:36,4317,XAUUSD,sell,out,0.01,4149.83,4325,-0.04,0.00,-0.07,1 588.34,sl 4149.97
2025.11.25 08:18:35,4318,XAUUSD,buy,in,0.01,4147.06,4326,-0.04,0.00,0.00,1 588.30,
2025.11.25 08:19:32,4319,XAUUSD,sell,out,0.01,4147.32,4327,-0.04,0.00,0.26,1 588.52,sl 4147.32
2025.11.25 08:42:39,4320,XAUUSD,buy,in,0.01,4141.02,4328,-0.04,0.00,0.00,1 588.48,
2025.11.25 08:51:33,4321,XAUUSD,sell,out,0.01,4141.18,4329,-0.04,0.00,0.16,1 588.60,sl 4141.19
2025.11.25 09:06:40,4322,XAUUSD,buy,in,0.01,4145.58,4330,-0.04,0.00,0.00,1 588.56,
2025.11.25 11:33:48,4323,XAUUSD,sell,in,0.15,4123.89,4331,-0.53,0.00,0.00,1 588.03,
2025.11.25 14:44:12,4324,XAUUSD,buy,out,0.15,4123.79,4332,-0.53,0.00,1.50,1 589.00,sl 4123.77
2025.11.25 15:20:26,4325,XAUUSD,sell,out,0.01,4145.99,4333,-0.04,0.00,0.41,1 589.37,sl 4146.00
2025.12.02 17:54:48,4326,XAUUSD,sell,in,0.01,4175.36,4334,-0.04,0.00,0.00,1 589.33,
2025.12.02 17:55:09,4327,XAUUSD,buy,out,0.01,4174.04,4335,-0.04,0.00,1.32,1 590.61,sl 4173.94
2025.12.02 18:18:55,4328,XAUUSD,sell,in,0.01,4173.69,4336,-0.04,0.00,0.00,1 590.57,
2025.12.02 19:08:02,4329,XAUUSD,buy,in,0.15,4188.77,4337,-0.53,0.00,0.00,1 590.04,
2025.12.02 19:14:21,4330,XAUUSD,sell,out,0.15,4189.20,4338,-0.53,0.00,6.45,1 595.96,sl 4189.22
2025.12.02 22:35:09,4331,XAUUSD,buy,in,0.15,4204.60,4339,-0.53,0.00,0.00,1 595.43,
2025.12.02 22:35:20,4332,XAUUSD,sell,out,0.15,4204.75,4340,-0.53,0.00,2.25,1 597.15,sl 4204.79
2025.12.02 22:53:13,4333,XAUUSD,buy,out,0.01,4208.36,4341,-0.04,0.00,-34.67,1 562.44,
2025.12.03 15:54:47,4334,XAUUSD,buy,in,0.01,4234.24,4342,-0.04,0.00,0.00,1 562.40,
2025.12.03 15:55:13,4335,XAUUSD,sell,out,0.01,4236.20,4343,-0.04,0.00,1.96,1 564.32,sl 4236.34
2025.12.03 16:33:40,4336,XAUUSD,buy,in,0.01,4237.79,4344,-0.04,0.00,0.00,1 564.28,
2025.12.03 16:33:55,4337,XAUUSD,sell,out,0.01,4237.87,4345,-0.04,0.00,0.08,1 564.32,sl 4237.90
2025.12.04 07:51:31,4338,XAUUSD,sell,in,0.01,4179.18,4346,-0.04,0.00,0.00,1 564.28,
2025.12.04 07:52:01,4339,XAUUSD,buy,out,0.01,4179.16,4347,-0.04,0.00,0.02,1 564.26,sl 4179.15
2025.12.05 15:37:53,4340,XAUUSD,buy,in,0.01,4237.84,4348,-0.04,0.00,0.00,1 564.22,
2025.12.05 15:38:10,4341,XAUUSD,sell,out,0.01,4238.01,4349,-0.04,0.00,0.17,1 564.35,sl 4238.01
2025.12.05 16:10:08,4342,XAUUSD,buy,in,0.01,4237.52,4350,-0.04,0.00,0.00,1 564.31,
2025.12.05 16:10:33,4343,XAUUSD,sell,out,0.01,4237.57,4351,-0.04,0.00,0.05,1 564.32,sl 4237.59
2025.12.05 16:47:13,4344,XAUUSD,buy,in,0.01,4238.73,4352,-0.04,0.00,0.00,1 564.28,
2025.12.05 16:48:04,4345,XAUUSD,sell,out,0.01,4239.98,4353,-0.04,0.00,1.25,1 565.49,sl 4239.98
2025.12.05 17:11:55,4346,XAUUSD,buy,in,0.01,4239.41,4354,-0.04,0.00,0.00,1 565.45,
2025.12.05 17:12:39,4347,XAUUSD,sell,out,0.01,4239.69,4355,-0.04,0.00,0.28,1 565.69,sl 4239.79
2025.12.05 17:35:55,4348,XAUUSD,buy,in,0.01,4253.37,4356,-0.04,0.00,0.00,1 565.65,
2025.12.05 17:36:28,4349,XAUUSD,sell,out,0.01,4254.31,4357,-0.04,0.00,0.94,1 566.55,sl 4254.33
2025.12.05 17:59:55,4350,XAUUSD,buy,in,0.01,4243.51,4358,-0.04,0.00,0.00,1 566.51,
2025.12.05 18:00:39,4351,XAUUSD,sell,out,0.01,4244.73,4359,-0.04,0.00,1.22,1 567.69,sl 4244.84
2025.12.08 17:06:20,4352,XAUUSD,sell,in,0.01,4182.70,4360,-0.04,0.00,0.00,1 567.65,
2025.12.08 17:07:21,4353,XAUUSD,buy,out,0.01,4181.76,4361,-0.04,0.00,0.94,1 568.55,sl 4181.64
2025.12.08 17:59:28,4354,XAUUSD,sell,in,0.01,4182.20,4362,-0.04,0.00,0.00,1 568.51,
2025.12.08 18:00:11,4355,XAUUSD,buy,out,0.01,4182.21,4363,-0.04,0.00,-0.01,1 568.46,sl 4182.18
2025.12.09 08:09:46,4356,XAUUSD,sell,in,0.01,4175.36,4364,-0.04,0.00,0.00,1 568.42,
2025.12.09 08:10:39,4357,XAUUSD,buy,out,0.01,4173.02,4365,-0.04,0.00,2.34,1 570.72,sl 4173.00
2025.12.10 22:12:05,4358,XAUUSD,buy,in,0.01,4230.50,4366,-0.04,0.00,0.00,1 570.68,
2025.12.10 22:13:39,4359,XAUUSD,sell,out,0.01,4232.55,4367,-0.04,0.00,2.05,1 572.69,sl 4232.58
2025.12.10 22:36:24,4360,XAUUSD,buy,in,0.01,4230.55,4368,-0.04,0.00,0.00,1 572.65,
2025.12.10 22:37:04,4361,XAUUSD,sell,out,0.01,4231.58,4369,-0.04,0.00,1.03,1 573.64,sl 4231.58
2025.12.10 23:01:28,4362,XAUUSD,buy,in,0.01,4230.93,4370,-0.04,0.00,0.00,1 573.60,
2025.12.10 23:02:27,4363,XAUUSD,sell,out,0.01,4231.46,4371,-0.04,0.00,0.53,1 574.09,sl 4231.53
2025.12.11 01:51:09,4364,XAUUSD,buy,in,0.01,4232.40,4372,-0.04,0.00,0.00,1 574.05,
2025.12.11 01:51:54,4365,XAUUSD,sell,out,0.01,4232.95,4373,-0.04,0.00,0.55,1 574.56,sl 4232.96
2025.12.11 02:15:09,4366,XAUUSD,buy,in,0.01,4243.39,4374,-0.04,0.00,0.00,1 574.52,
2025.12.11 02:15:21,4367,XAUUSD,sell,out,0.01,4243.34,4375,-0.04,0.00,-0.05,1 574.43,sl 4243.50
2025.12.11 02:39:09,4368,XAUUSD,buy,in,0.01,4242.04,4376,-0.04,0.00,0.00,1 574.39,
2025.12.11 02:41:53,4369,XAUUSD,sell,out,0.01,4242.07,4377,-0.04,0.00,0.03,1 574.38,sl 4242.07
2025.12.11 03:03:14,4370,XAUUSD,buy,in,0.01,4246.17,4378,-0.04,0.00,0.00,1 574.34,
2025.12.11 03:03:46,4371,XAUUSD,sell,out,0.01,4247.19,4379,-0.04,0.00,1.02,1 575.32,sl 4247.27
2025.12.11 03:27:18,4372,XAUUSD,buy,in,0.01,4238.51,4380,-0.04,0.00,0.00,1 575.28,
2025.12.11 03:50:50,4373,XAUUSD,sell,out,0.01,4239.31,4381,-0.04,0.00,0.80,1 576.04,sl 4239.37
2025.12.11 03:51:19,4374,XAUUSD,buy,in,0.01,4239.47,4382,-0.04,0.00,0.00,1 576.00,
2025.12.11 03:55:39,4375,XAUUSD,sell,out,0.01,4239.56,4383,-0.04,0.00,0.09,1 576.05,sl 4239.56
2025.12.11 16:35:41,4376,XAUUSD,buy,in,0.01,4238.27,4384,-0.04,0.00,0.00,1 576.01,
2025.12.11 16:37:37,4377,XAUUSD,sell,out,0.01,4239.93,4385,-0.04,0.00,1.66,1 577.63,sl 4239.95
2025.12.11 17:13:34,4378,XAUUSD,buy,in,0.01,4238.88,4386,-0.04,0.00,0.00,1 577.59,
2025.12.11 17:13:59,4379,XAUUSD,sell,out,0.01,4239.10,4387,-0.04,0.00,0.22,1 577.77,sl 4239.10
2025.12.11 17:37:40,4380,XAUUSD,buy,in,0.01,4244.18,4388,-0.04,0.00,0.00,1 577.73,
2025.12.11 17:41:32,4381,XAUUSD,sell,out,0.01,4251.24,4389,-0.04,0.00,7.06,1 584.75,sl 4251.35
2025.12.11 18:01:44,4382,XAUUSD,buy,in,0.01,4253.36,4390,-0.04,0.00,0.00,1 584.71,
2025.12.11 18:03:26,4383,XAUUSD,sell,out,0.01,4255.66,4391,-0.04,0.00,2.30,1 586.97,sl 4255.66
2025.12.11 18:25:47,4384,XAUUSD,buy,in,0.01,4258.35,4392,-0.04,0.00,0.00,1 586.93,
2025.12.11 18:26:30,4385,XAUUSD,sell,out,0.01,4259.20,4393,-0.04,0.00,0.85,1 587.74,sl 4259.26
2025.12.11 18:49:50,4386,XAUUSD,buy,in,0.01,4274.81,4394,-0.04,0.00,0.00,1 587.70,
2025.12.11 18:52:01,4387,XAUUSD,sell,out,0.01,4277.67,4395,-0.04,0.00,2.86,1 590.52,sl 4277.67
2025.12.11 19:13:54,4388,XAUUSD,buy,in,0.01,4276.93,4396,-0.04,0.00,0.00,1 590.48,
2025.12.11 19:14:16,4389,XAUUSD,sell,out,0.01,4277.03,4397,-0.04,0.00,0.10,1 590.54,sl 4277.09
2025.12.11 19:37:56,4390,XAUUSD,buy,in,0.01,4276.24,4398,-0.04,0.00,0.00,1 590.50,
2025.12.11 19:45:20,4391,XAUUSD,sell,out,0.01,4277.29,4399,-0.04,0.00,1.05,1 591.51,sl 4277.40
2025.12.11 20:01:57,4392,XAUUSD,buy,in,0.01,4279.05,4400,-0.04,0.00,0.00,1 591.47,
2025.12.11 20:04:01,4393,XAUUSD,sell,out,0.01,4280.49,4401,-0.04,0.00,1.44,1 592.87,sl 4280.55
2025.12.11 20:25:59,4394,XAUUSD,buy,in,0.01,4282.07,4402,-0.04,0.00,0.00,1 592.83,
2025.12.11 20:26:36,4395,XAUUSD,sell,out,0.01,4282.00,4403,-0.04,0.00,-0.07,1 592.72,sl 4282.12
2025.12.11 20:50:01,4396,XAUUSD,buy,in,0.01,4280.25,4404,-0.04,0.00,0.00,1 592.68,
2025.12.11 20:50:31,4397,XAUUSD,sell,out,0.01,4280.17,4405,-0.04,0.00,-0.08,1 592.56,sl 4280.29
2025.12.11 21:14:15,4398,XAUUSD,buy,in,0.01,4270.37,4406,-0.04,0.00,0.00,1 592.52,
2025.12.11 21:15:26,4399,XAUUSD,sell,out,0.01,4271.49,4407,-0.04,0.00,1.12,1 593.60,sl 4271.53
2025.12.11 21:38:18,4400,XAUUSD,buy,in,0.01,4275.72,4408,-0.04,0.00,0.00,1 593.56,
2025.12.11 21:39:11,4401,XAUUSD,sell,out,0.01,4276.58,4409,-0.04,0.00,0.86,1 594.38,sl 4276.59
2025.12.11 22:02:21,4402,XAUUSD,buy,in,0.01,4273.37,4410,-0.04,0.00,0.00,1 594.34,
2025.12.11 22:37:03,4403,XAUUSD,sell,out,0.01,4273.77,4411,-0.04,0.00,0.40,1 594.70,sl 4273.79
2025.12.11 22:37:10,4404,XAUUSD,buy,in,0.01,4274.00,4412,-0.04,0.00,0.00,1 594.66,
2025.12.11 22:52:12,4405,XAUUSD,sell,out,0.01,4274.36,4413,-0.04,0.00,0.36,1 594.98,sl 4274.36
2025.12.11 23:01:11,4406,XAUUSD,buy,in,0.01,4274.38,4414,-0.04,0.00,0.00,1 594.94,
2025.12.11 23:02:29,4407,XAUUSD,sell,out,0.01,4274.48,4415,-0.04,0.00,0.10,1 595.00,sl 4274.55
2025.12.11 23:25:15,4408,XAUUSD,buy,in,0.01,4277.74,4416,-0.04,0.00,0.00,1 594.96,
2025.12.11 23:30:28,4409,XAUUSD,sell,out,0.01,4279.44,4417,-0.04,0.00,1.70,1 596.62,sl 4279.46
2025.12.11 23:49:20,4410,XAUUSD,buy,in,0.01,4283.14,4418,-0.04,0.00,0.00,1 596.58,
2025.12.12 01:02:35,4411,XAUUSD,sell,out,0.01,4283.00,4419,-0.04,-0.52,-0.14,1 595.88,sl 4283.21
2025.12.12 01:02:38,4412,XAUUSD,buy,in,0.01,4283.19,4420,-0.04,0.00,0.00,1 595.84,
2025.12.12 03:29:43,4413,XAUUSD,sell,in,0.15,4266.18,4421,-0.53,0.00,0.00,1 595.31,
2025.12.12 03:34:15,4414,XAUUSD,buy,out,0.15,4265.76,4422,-0.53,0.00,6.30,1 601.08,sl 4265.74
2025.12.12 09:06:50,4415,XAUUSD,sell,out,0.01,4283.89,4423,-0.04,0.00,0.70,1 601.74,sl 4283.96
2025.12.16 16:15:42,4416,XAUUSD,buy,in,0.01,4320.61,4424,-0.04,0.00,0.00,1 601.70,
2025.12.16 16:16:31,4417,XAUUSD,sell,out,0.01,4323.39,4425,-0.04,0.00,2.78,1 604.44,sl 4323.49
2025.12.16 16:39:48,4418,XAUUSD,buy,in,0.01,4329.00,4426,-0.04,0.00,0.00,1 604.40,
2025.12.16 16:39:59,4419,XAUUSD,sell,out,0.01,4329.04,4427,-0.04,0.00,0.04,1 604.40,sl 4329.10
2025.12.16 17:03:51,4420,XAUUSD,buy,in,0.01,4327.49,4428,-0.04,0.00,0.00,1 604.36,
2025.12.16 17:05:48,4421,XAUUSD,sell,out,0.01,4330.00,4429,-0.04,0.00,2.51,1 606.83,sl 4330.03
2025.12.16 17:28:55,4422,XAUUSD,buy,in,0.01,4322.18,4430,-0.04,0.00,0.00,1 606.79,
2025.12.16 17:29:27,4423,XAUUSD,sell,out,0.01,4322.99,4431,-0.04,0.00,0.81,1 607.56,sl 4323.06
2025.12.16 17:52:57,4424,XAUUSD,buy,in,0.01,4325.31,4432,-0.04,0.00,0.00,1 607.52,
2025.12.16 17:54:08,4425,XAUUSD,sell,out,0.01,4327.93,4433,-0.04,0.00,2.62,1 610.10,sl 4327.96
2025.12.17 03:38:32,4426,XAUUSD,buy,in,0.01,4325.00,4434,-0.04,0.00,0.00,1 610.06,
2025.12.17 03:52:41,4427,XAUUSD,sell,out,0.01,4324.98,4435,-0.04,0.00,-0.02,1 610.00,sl 4325.02
2025.12.17 04:02:39,4428,XAUUSD,buy,in,0.01,4326.37,4436,-0.04,0.00,0.00,1 609.96,
2025.12.17 06:29:43,4429,XAUUSD,sell,in,0.15,4322.71,4437,-0.53,0.00,0.00,1 609.43,
2025.12.17 06:31:13,4430,XAUUSD,buy,out,0.15,4322.28,4438,-0.53,0.00,6.45,1 615.35,sl 4322.27
2025.12.17 06:39:54,4431,XAUUSD,sell,out,0.01,4327.34,4439,-0.04,0.00,0.97,1 616.28,sl 4327.34
2025.12.18 18:10:23,4432,XAUUSD,buy,in,0.01,4349.61,4440,-0.04,0.00,0.00,1 616.24,
2025.12.18 18:10:59,4433,XAUUSD,sell,out,0.01,4350.47,4441,-0.04,0.00,0.86,1 617.06,sl 4350.47
2025.12.18 18:34:26,4434,XAUUSD,buy,in,0.01,4365.09,4442,-0.04,0.00,0.00,1 617.02,
2025.12.18 18:35:02,4435,XAUUSD,sell,out,0.01,4366.12,4443,-0.04,0.00,1.03,1 618.01,sl 4366.25
2025.12.18 18:58:44,4436,XAUUSD,buy,in,0.01,4360.06,4444,-0.04,0.00,0.00,1 617.97,
2025.12.18 18:59:48,4437,XAUUSD,sell,out,0.01,4360.07,4445,-0.04,0.00,0.01,1 617.94,sl 4360.09
2025.12.19 18:01:21,4438,XAUUSD,buy,in,0.01,4352.94,4446,-0.04,0.00,0.00,1 617.90,
2025.12.19 18:01:39,4439,XAUUSD,sell,out,0.01,4353.83,4447,-0.04,0.00,0.89,1 618.75,sl 4353.83
2025.12.19 19:09:23,4440,XAUUSD,buy,in,0.01,4353.55,4449,-0.04,0.00,0.00,1 618.71,
2025.12.19 19:50:27,4441,XAUUSD,sell,out,0.01,4354.59,4450,-0.04,0.00,1.04,1 619.71,sl 4354.59
2025.12.19 19:50:34,4442,XAUUSD,buy,in,0.01,4354.03,4451,-0.04,0.00,0.00,1 619.67,
2025.12.19 19:51:29,4443,XAUUSD,sell,out,0.01,4354.76,4452,-0.04,0.00,0.73,1 620.36,sl 4354.76
2025.12.19 20:14:39,4444,XAUUSD,buy,in,0.01,4354.27,4453,-0.04,0.00,0.00,1 620.32,
2025.12.19 20:21:29,4445,XAUUSD,sell,out,0.01,4354.40,4454,-0.04,0.00,0.13,1 620.41,sl 4354.40
2025.12.22 01:50:23,4446,XAUUSD,buy,in,0.01,4356.14,4455,-0.04,0.00,0.00,1 620.37,
2025.12.22 02:00:12,4447,XAUUSD,sell,out,0.01,4358.69,4456,-0.04,0.00,2.55,1 622.88,sl 4358.96
2025.12.22 02:14:24,4448,XAUUSD,buy,in,0.01,4360.22,4457,-0.04,0.00,0.00,1 622.84,
2025.12.22 02:19:16,4449,XAUUSD,sell,out,0.01,4360.11,4458,-0.04,0.00,-0.11,1 622.69,sl 4360.26
2025.12.22 02:38:26,4450,XAUUSD,buy,in,0.01,4364.06,4459,-0.04,0.00,0.00,1 622.65,
2025.12.22 02:39:53,4451,XAUUSD,sell,out,0.01,4364.52,4460,-0.04,0.00,0.46,1 623.07,sl 4364.52
2025.12.22 03:02:31,4452,XAUUSD,buy,in,0.01,4370.17,4461,-0.04,0.00,0.00,1 623.03,
2025.12.22 03:03:08,4453,XAUUSD,sell,out,0.01,4370.63,4462,-0.04,0.00,0.46,1 623.45,sl 4370.77
2025.12.22 03:26:31,4454,XAUUSD,buy,in,0.01,4368.75,4463,-0.04,0.00,0.00,1 623.41,
2025.12.22 03:26:44,4455,XAUUSD,sell,out,0.01,4368.77,4464,-0.04,0.00,0.02,1 623.39,sl 4368.83
2025.12.22 03:50:36,4456,XAUUSD,buy,in,0.01,4381.18,4465,-0.04,0.00,0.00,1 623.35,
2025.12.22 03:51:23,4457,XAUUSD,sell,out,0.01,4382.89,4466,-0.04,0.00,1.71,1 625.02,sl 4382.89
2025.12.22 04:14:38,4458,XAUUSD,buy,in,0.01,4379.53,4467,-0.04,0.00,0.00,1 624.98,
2025.12.22 04:15:12,4459,XAUUSD,sell,out,0.01,4380.88,4468,-0.04,0.00,1.35,1 626.29,sl 4380.92
2025.12.22 04:38:55,4460,XAUUSD,buy,in,0.01,4381.85,4469,-0.04,0.00,0.00,1 626.25,
2025.12.22 04:41:55,4461,XAUUSD,sell,out,0.01,4381.83,4470,-0.04,0.00,-0.02,1 626.19,sl 4381.91
2025.12.22 05:03:01,4462,XAUUSD,buy,in,0.01,4387.03,4471,-0.04,0.00,0.00,1 626.15,
2025.12.22 05:03:17,4463,XAUUSD,sell,out,0.01,4387.22,4472,-0.04,0.00,0.19,1 626.30,sl 4387.25
2025.12.22 05:27:18,4464,XAUUSD,buy,in,0.01,4387.65,4473,-0.04,0.00,0.00,1 626.26,
2025.12.22 05:27:58,4465,XAUUSD,sell,out,0.01,4387.70,4474,-0.04,0.00,0.05,1 626.27,sl 4387.72
2025.12.22 05:51:26,4466,XAUUSD,buy,in,0.01,4394.58,4475,-0.04,0.00,0.00,1 626.23,
2025.12.22 06:05:22,4467,XAUUSD,sell,out,0.01,4394.76,4476,-0.04,0.00,0.18,1 626.37,sl 4394.77
2025.12.22 06:15:32,4468,XAUUSD,buy,in,0.01,4395.67,4477,-0.04,0.00,0.00,1 626.33,
2025.12.22 06:16:50,4469,XAUUSD,sell,out,0.01,4395.70,4478,-0.04,0.00,0.03,1 626.32,sl 4395.72
2025.12.22 06:39:37,4470,XAUUSD,buy,in,0.01,4395.99,4479,-0.04,0.00,0.00,1 626.28,
2025.12.22 06:45:34,4471,XAUUSD,sell,out,0.01,4396.03,4480,-0.04,0.00,0.04,1 626.28,sl 4396.05
2025.12.22 07:03:42,4472,XAUUSD,buy,in,0.01,4398.33,4481,-0.04,0.00,0.00,1 626.24,
2025.12.22 07:11:33,4473,XAUUSD,sell,out,0.01,4399.33,4482,-0.04,0.00,1.00,1 627.20,sl 4399.34
2025.12.22 07:27:42,4474,XAUUSD,buy,in,0.01,4404.50,4483,-0.04,0.00,0.00,1 627.16,
2025.12.22 07:28:51,4475,XAUUSD,sell,out,0.01,4404.59,4484,-0.04,0.00,0.09,1 627.21,sl 4404.59
2025.12.22 07:51:43,4476,XAUUSD,buy,in,0.01,4406.37,4485,-0.04,0.00,0.00,1 627.17,
2025.12.22 08:43:32,4477,XAUUSD,sell,out,0.01,4406.18,4486,-0.04,0.00,-0.19,1 626.94,sl 4406.39
2025.12.22 08:43:41,4478,XAUUSD,buy,in,0.01,4407.58,4487,-0.04,0.00,0.00,1 626.90,
2025.12.22 08:44:28,4479,XAUUSD,sell,out,0.01,4407.58,4488,-0.04,0.00,0.00,1 626.86,sl 4407.61
2025.12.22 09:07:40,4480,XAUUSD,buy,in,0.01,4415.55,4489,-0.04,0.00,0.00,1 626.82,
2025.12.22 09:23:12,4481,XAUUSD,sell,out,0.01,4415.56,4490,-0.04,0.00,0.01,1 626.79,sl 4415.58
2025.12.22 09:31:46,4482,XAUUSD,buy,in,0.01,4414.94,4491,-0.04,0.00,0.00,1 626.75,
2025.12.22 09:32:32,4483,XAUUSD,sell,out,0.01,4417.48,4492,-0.04,0.00,2.54,1 629.25,sl 4417.49
2025.12.22 09:55:53,4484,XAUUSD,buy,in,0.01,4414.04,4493,-0.04,0.00,0.00,1 629.21,
2025.12.22 10:00:01,4485,XAUUSD,sell,out,0.01,4414.02,4494,-0.04,0.00,-0.02,1 629.15,sl 4414.08
2025.12.22 10:19:56,4486,XAUUSD,buy,in,0.01,4411.14,4495,-0.04,0.00,0.00,1 629.11,
2025.12.22 10:22:21,4487,XAUUSD,sell,out,0.01,4411.63,4496,-0.04,0.00,0.49,1 629.56,sl 4411.68
2025.12.22 10:43:59,4488,XAUUSD,buy,in,0.01,4411.05,4497,-0.04,0.00,0.00,1 629.52,
2025.12.22 11:08:05,4489,XAUUSD,sell,out,0.01,4411.31,4498,-0.04,0.00,0.26,1 629.74,sl 4411.31
2025.12.22 11:08:21,4490,XAUUSD,buy,in,0.01,4410.78,4499,-0.04,0.00,0.00,1 629.70,
2025.12.22 11:10:11,4491,XAUUSD,sell,out,0.01,4410.80,4500,-0.04,0.00,0.02,1 629.68,sl 4410.80
2025.12.22 11:32:21,4492,XAUUSD,buy,in,0.01,4413.68,4501,-0.04,0.00,0.00,1 629.64,
2025.12.22 11:58:19,4493,XAUUSD,sell,out,0.01,4414.22,4502,-0.04,0.00,0.54,1 630.14,sl 4414.25
2025.12.22 11:58:20,4494,XAUUSD,buy,in,0.01,4414.09,4503,-0.04,0.00,0.00,1 630.10,
2025.12.22 12:05:23,4495,XAUUSD,sell,out,0.01,4414.25,4504,-0.04,0.00,0.16,1 630.22,sl 4414.29
2025.12.22 12:22:21,4496,XAUUSD,buy,in,0.01,4413.98,4505,-0.04,0.00,0.00,1 630.18,
2025.12.22 14:49:27,4497,XAUUSD,sell,in,0.15,4411.75,4506,-0.53,0.00,0.00,1 629.65,
2025.12.22 14:53:58,4498,XAUUSD,sell,out,0.01,4414.12,4507,-0.04,0.00,0.14,1 629.75,sl 4414.17
2025.12.22 17:45:47,4499,XAUUSD,buy,out,0.15,4431.38,4508,-0.53,0.00,-294.45,1 334.77,
2025.12.24 19:07:04,4500,XAUUSD,buy,in,0.01,4483.66,4509,-0.04,0.00,0.00,1 334.73,
2025.12.24 19:08:11,4501,XAUUSD,sell,out,0.01,4483.65,4510,-0.04,0.00,-0.01,1 334.68,sl 4483.73
2025.12.24 19:31:22,4502,XAUUSD,buy,in,0.01,4480.92,4511,-0.04,0.00,0.00,1 334.64,
2025.12.24 19:32:26,4503,XAUUSD,sell,out,0.01,4481.74,4512,-0.04,0.00,0.82,1 335.42,sl 4481.74
2025.12.24 19:56:06,4504,XAUUSD,buy,in,0.01,4481.65,4513,-0.04,0.00,0.00,1 335.38,
2025.12.24 19:56:38,4505,XAUUSD,sell,out,0.01,4481.62,4514,-0.04,0.00,-0.03,1 335.31,sl 4481.67
2025.12.24 20:23:40,4506,XAUUSD,buy,in,0.01,4482.07,4515,-0.04,0.00,0.00,1 335.27,
2025.12.24 20:29:25,4507,XAUUSD,sell,out,0.01,4482.12,4516,-0.04,0.00,0.05,1 335.28,sl 4482.12
2025.12.26 01:02:00,4508,XAUUSD,buy,in,0.01,4496.02,4517,-0.04,0.00,0.00,1 335.24,
2025.12.26 01:21:20,4509,XAUUSD,sell,out,0.01,4496.16,4518,-0.04,0.00,0.14,1 335.34,sl 4496.18
2025.12.26 01:26:01,4510,XAUUSD,buy,in,0.01,4498.44,4519,-0.04,0.00,0.00,1 335.30,
2025.12.26 01:26:31,4511,XAUUSD,sell,out,0.01,4498.63,4520,-0.04,0.00,0.19,1 335.45,sl 4498.64
2025.12.26 01:50:06,4512,XAUUSD,buy,in,0.01,4496.98,4521,-0.04,0.00,0.00,1 335.41,
2025.12.26 01:50:25,4513,XAUUSD,sell,out,0.01,4496.92,4522,-0.04,0.00,-0.06,1 335.31,sl 4497.00
2025.12.26 02:14:06,4514,XAUUSD,buy,in,0.01,4503.55,4523,-0.04,0.00,0.00,1 335.27,
2025.12.26 02:15:12,4515,XAUUSD,sell,out,0.01,4503.72,4524,-0.04,0.00,0.17,1 335.40,sl 4503.72
2025.12.26 02:38:08,4516,XAUUSD,buy,in,0.01,4506.67,4525,-0.04,0.00,0.00,1 335.36,
2025.12.26 02:42:46,4517,XAUUSD,sell,out,0.01,4507.37,4526,-0.04,0.00,0.70,1 336.02,sl 4507.37
2025.12.26 03:02:09,4518,XAUUSD,buy,in,0.01,4522.57,4527,-0.04,0.00,0.00,1 335.98,
2025.12.26 03:02:19,4519,XAUUSD,sell,out,0.01,4522.63,4528,-0.04,0.00,0.06,1 336.00,sl 4522.63
2025.12.26 03:26:14,4520,XAUUSD,buy,in,0.01,4517.71,4529,-0.04,0.00,0.00,1 335.96,
2025.12.26 05:53:23,4521,XAUUSD,sell,in,0.15,4505.48,4530,-0.53,0.00,0.00,1 335.43,
2025.12.26 05:56:40,4522,XAUUSD,buy,out,0.15,4502.96,4531,-0.53,0.00,37.80,1 372.70,sl 4502.95
2025.12.26 08:24:18,4523,XAUUSD,sell,out,0.01,4517.67,4532,-0.04,0.00,-0.04,1 372.62,sl 4517.88
2025.12.29 03:16:39,4524,XAUUSD,buy,in,0.01,4516.90,4533,-0.04,0.00,0.00,1 372.58,
2025.12.29 03:16:47,4525,XAUUSD,sell,out,0.01,4516.92,4534,-0.04,0.00,0.02,1 372.56,sl 4516.96
2025.12.29 05:08:16,4526,XAUUSD,buy,in,0.01,4517.62,4535,-0.04,0.00,0.00,1 372.52,
2025.12.29 05:09:06,4527,XAUUSD,sell,out,0.01,4517.88,4536,-0.04,0.00,0.26,1 372.74,sl 4518.18
2025.12.29 05:34:46,4528,XAUUSD,buy,in,0.01,4518.17,4537,-0.04,0.00,0.00,1 372.70,
2025.12.29 06:35:20,4529,XAUUSD,sell,out,0.01,4518.71,4538,-0.04,0.00,0.54,1 373.20,sl 4518.77
2025.12.29 06:35:29,4530,XAUUSD,buy,in,0.01,4519.26,4539,-0.04,0.00,0.00,1 373.16,
2025.12.29 08:28:31,4531,XAUUSD,sell,out,0.01,4491.73,4540,-0.04,0.00,-27.53,1 345.59,
2025.12.29 09:00:15,4532,XAUUSD,sell,in,0.01,4462.87,4541,-0.04,0.00,0.00,1 345.55,
2025.12.29 09:00:24,4533,XAUUSD,buy,out,0.01,4461.14,4542,-0.04,0.00,1.73,1 347.24,sl 4460.75
2025.12.29 10:49:46,4534,XAUUSD,sell,in,0.01,4461.54,4543,-0.04,0.00,0.00,1 347.20,
2025.12.29 10:49:55,4535,XAUUSD,buy,out,0.01,4461.55,4544,-0.04,0.00,-0.01,1 347.15,sl 4461.53
2025.12.29 11:23:40,4536,XAUUSD,sell,in,0.01,4462.89,4545,-0.04,0.00,0.00,1 347.11,
2025.12.29 11:24:24,4537,XAUUSD,buy,out,0.01,4463.02,4546,-0.04,0.00,-0.13,1 346.94,sl 4462.88
2025.12.29 12:30:07,4538,XAUUSD,sell,in,0.01,4462.31,4547,-0.04,0.00,0.00,1 346.90,
2025.12.29 12:30:40,4539,XAUUSD,buy,out,0.01,4460.80,4548,-0.04,0.00,1.51,1 348.37,sl 4460.73
2025.12.29 12:54:22,4540,XAUUSD,sell,in,0.01,4460.13,4549,-0.04,0.00,0.00,1 348.33,
2025.12.29 12:57:46,4541,XAUUSD,buy,out,0.01,4460.05,4550,-0.04,0.00,0.08,1 348.37,sl 4460.05
2025.12.29 13:36:26,4542,XAUUSD,sell,in,0.01,4460.90,4551,-0.04,0.00,0.00,1 348.33,
2025.12.29 13:37:42,4543,XAUUSD,buy,out,0.01,4457.29,4552,-0.04,0.00,3.61,1 351.90,sl 4457.29
2025.12.29 14:00:32,4544,XAUUSD,sell,in,0.01,4447.39,4553,-0.04,0.00,0.00,1 351.86,
2025.12.29 14:00:46,4545,XAUUSD,buy,out,0.01,4447.36,4554,-0.04,0.00,0.03,1 351.85,sl 4447.35
2025.12.29 14:24:36,4546,XAUUSD,sell,in,0.01,4454.64,4555,-0.04,0.00,0.00,1 351.81,
2025.12.29 14:24:48,4547,XAUUSD,buy,out,0.01,4454.59,4556,-0.04,0.00,0.05,1 351.82,sl 4454.58
2025.12.29 15:03:02,4548,XAUUSD,sell,in,0.01,4460.40,4557,-0.04,0.00,0.00,1 351.78,
2025.12.29 15:12:37,4549,XAUUSD,buy,out,0.01,4458.19,4558,-0.04,0.00,2.21,1 353.95,sl 4458.19
2025.12.29 15:27:09,4550,XAUUSD,sell,in,0.01,4453.63,4559,-0.04,0.00,0.00,1 353.91,
2025.12.29 15:28:48,4551,XAUUSD,buy,out,0.01,4447.46,4560,-0.04,0.00,6.17,1 360.04,sl 4447.46
2025.12.29 15:51:14,4552,XAUUSD,sell,in,0.01,4408.40,4561,-0.04,0.00,0.00,1 360.00,
2025.12.29 15:56:17,4553,XAUUSD,buy,out,0.01,4408.51,4562,-0.04,0.00,-0.11,1 359.85,sl 4408.39
2025.12.29 16:15:14,4554,XAUUSD,sell,in,0.01,4400.54,4563,-0.04,0.00,0.00,1 359.81,
2025.12.29 16:19:23,4555,XAUUSD,buy,out,0.01,4393.33,4564,-0.04,0.00,7.21,1 366.98,sl 4393.31
2025.12.29 16:39:21,4556,XAUUSD,sell,in,0.01,4377.05,4565,-0.04,0.00,0.00,1 366.94,
2025.12.29 16:39:40,4557,XAUUSD,buy,out,0.01,4374.66,4566,-0.04,0.00,2.39,1 369.29,sl 4374.58
2025.12.29 17:03:23,4558,XAUUSD,sell,in,0.01,4342.38,4567,-0.04,0.00,0.00,1 369.25,
2025.12.29 17:03:32,4559,XAUUSD,buy,out,0.01,4342.33,4568,-0.04,0.00,0.05,1 369.26,sl 4342.33
2025.12.29 17:27:31,4560,XAUUSD,sell,in,0.01,4327.73,4569,-0.04,0.00,0.00,1 369.22,
2025.12.29 17:27:58,4561,XAUUSD,buy,out,0.01,4326.14,4570,-0.04,0.00,1.59,1 370.77,sl 4326.09
2025.12.29 17:51:33,4562,XAUUSD,sell,in,0.01,4325.36,4571,-0.04,0.00,0.00,1 370.73,
2025.12.29 17:52:02,4563,XAUUSD,buy,out,0.01,4325.35,4572,-0.04,0.00,0.01,1 370.70,sl 4325.35
2025.12.29 18:15:34,4564,XAUUSD,sell,in,0.01,4330.63,4573,-0.04,0.00,0.00,1 370.66,
2025.12.29 18:15:50,4565,XAUUSD,buy,out,0.01,4329.53,4574,-0.04,0.00,1.10,1 371.72,sl 4329.50
2025.12.29 18:39:36,4566,XAUUSD,sell,in,0.01,4341.97,4575,-0.04,0.00,0.00,1 371.68,
2025.12.29 18:40:03,4567,XAUUSD,buy,out,0.01,4341.99,4576,-0.04,0.00,-0.02,1 371.62,sl 4341.94
2025.12.29 19:03:40,4568,XAUUSD,sell,in,0.01,4339.75,4577,-0.04,0.00,0.00,1 371.58,
2025.12.29 19:04:03,4569,XAUUSD,buy,out,0.01,4339.68,4578,-0.04,0.00,0.07,1 371.61,sl 4339.64
2025.12.29 19:27:42,4570,XAUUSD,sell,in,0.01,4326.27,4579,-0.04,0.00,0.00,1 371.57,
2025.12.29 19:31:41,4571,XAUUSD,buy,out,0.01,4326.13,4580,-0.04,0.00,0.14,1 371.67,sl 4326.11
2025.12.29 19:51:45,4572,XAUUSD,sell,in,0.01,4325.01,4581,-0.04,0.00,0.00,1 371.63,
2025.12.29 19:52:20,4573,XAUUSD,buy,out,0.01,4324.21,4582,-0.04,0.00,0.80,1 372.39,sl 4324.19
2025.12.29 20:15:51,4574,XAUUSD,sell,in,0.01,4330.95,4583,-0.04,0.00,0.00,1 372.35,
2025.12.29 20:18:16,4575,XAUUSD,buy,out,0.01,4330.82,4584,-0.04,0.00,0.13,1 372.44,sl 4330.79
2025.12.29 20:39:56,4576,XAUUSD,sell,in,0.01,4331.67,4585,-0.04,0.00,0.00,1 372.40,
2025.12.29 20:44:46,4577,XAUUSD,buy,out,0.01,4330.06,4586,-0.04,0.00,1.61,1 373.97,sl 4329.98
2025.12.29 21:03:59,4578,XAUUSD,sell,in,0.01,4330.33,4587,-0.04,0.00,0.00,1 373.93,
2025.12.29 21:04:21,4579,XAUUSD,buy,out,0.01,4330.24,4588,-0.04,0.00,0.09,1 373.98,sl 4330.23
2025.12.29 21:28:00,4580,XAUUSD,sell,in,0.01,4331.11,4589,-0.04,0.00,0.00,1 373.94,
2025.12.29 21:30:03,4581,XAUUSD,buy,out,0.01,4331.05,4590,-0.04,0.00,0.06,1 373.96,sl 4330.99
2025.12.29 21:52:08,4582,XAUUSD,sell,in,0.01,4332.00,4591,-0.04,0.00,0.00,1 373.92,
2025.12.29 22:36:57,4583,XAUUSD,buy,out,0.01,4330.70,4592,-0.04,0.00,1.30,1 375.18,sl 4330.67
2025.12.29 22:36:58,4584,XAUUSD,sell,in,0.01,4331.12,4593,-0.04,0.00,0.00,1 375.14,
2025.12.29 22:37:16,4585,XAUUSD,buy,out,0.01,4330.92,4594,-0.04,0.00,0.20,1 375.30,sl 4330.90
2025.12.29 23:01:06,4586,XAUUSD,sell,in,0.01,4331.74,4595,-0.04,0.00,0.00,1 375.26,
2025.12.29 23:01:48,4587,XAUUSD,buy,out,0.01,4330.74,4596,-0.04,0.00,1.00,1 376.22,sl 4330.73
2025.12.29 23:25:06,4588,XAUUSD,sell,in,0.01,4334.12,4597,-0.04,0.00,0.00,1 376.18,
2025.12.29 23:27:21,4589,XAUUSD,buy,out,0.01,4333.57,4598,-0.04,0.00,0.55,1 376.69,sl 4333.51
2025.12.29 23:49:11,4590,XAUUSD,sell,in,0.01,4332.10,4599,-0.04,0.00,0.00,1 376.65,
2025.12.29 23:55:08,4591,XAUUSD,buy,out,0.01,4332.20,4600,-0.04,0.00,-0.10,1 376.51,sl 4331.98
2025.12.30 01:02:06,4592,XAUUSD,sell,in,0.01,4336.40,4601,-0.04,0.00,0.00,1 376.47,
2025.12.30 01:16:05,4593,XAUUSD,buy,out,0.01,4336.26,4602,-0.04,0.00,0.14,1 376.57,sl 4336.23
2025.12.30 01:26:08,4594,XAUUSD,sell,in,0.01,4330.74,4603,-0.04,0.00,0.00,1 376.53,
2025.12.30 02:15:13,4595,XAUUSD,buy,in,0.15,4347.36,4604,-0.53,0.00,0.00,1 376.00,
2025.12.30 02:16:31,4596,XAUUSD,sell,out,0.15,4348.82,4605,-0.53,0.00,21.90,1 397.37,sl 4349.03
2025.12.30 03:05:01,4597,XAUUSD,buy,out,0.01,4328.23,4606,-0.04,0.00,2.51,1 399.84,sl 4328.21
2026.01.02 10:46:40,4598,XAUUSD,buy,in,0.01,4394.20,4607,-0.04,0.00,0.00,1 399.80,
2026.01.02 10:47:05,4599,XAUUSD,sell,out,0.01,4395.51,4608,-0.04,0.00,1.31,1 401.07,sl 4395.58
2026.01.02 12:41:11,4600,XAUUSD,buy,in,0.01,4395.61,4609,-0.04,0.00,0.00,1 401.03,
2026.01.02 12:41:53,4601,XAUUSD,sell,out,0.01,4395.60,4610,-0.04,0.00,-0.01,1 400.98,sl 4395.67
2026.01.02 13:05:17,4602,XAUUSD,buy,in,0.01,4397.24,4611,-0.04,0.00,0.00,1 400.94,
2026.01.02 13:20:33,4603,XAUUSD,sell,out,0.01,4397.29,4612,-0.04,0.00,0.05,1 400.95,sl 4397.29
2026.01.02 14:10:21,4604,XAUUSD,buy,in,0.01,4397.17,4613,-0.04,0.00,0.00,1 400.91,
2026.01.02 14:19:00,4605,XAUUSD,sell,out,0.01,4397.04,4614,-0.04,0.00,-0.13,1 400.74,sl 4397.25
2026.01.02 15:04:16,4606,XAUUSD,buy,in,0.01,4397.90,4615,-0.04,0.00,0.00,1 400.70,
2026.01.02 15:14:48,4607,XAUUSD,sell,out,0.01,4399.96,4616,-0.04,0.00,2.06,1 402.72,sl 4399.96
2026.01.02 17:05:13,4608,XAUUSD,sell,in,0.01,4342.82,4617,-0.04,0.00,0.00,1 402.68,
2026.01.02 17:05:27,4609,XAUUSD,buy,out,0.01,4342.77,4618,-0.04,0.00,0.05,1 402.69,sl 4342.77
2026.01.02 17:29:18,4610,XAUUSD,sell,in,0.01,4338.30,4619,-0.04,0.00,0.00,1 402.65,
2026.01.02 17:29:29,4611,XAUUSD,buy,out,0.01,4336.80,4620,-0.04,0.00,1.50,1 404.11,sl 4336.78
2026.01.02 17:53:30,4612,XAUUSD,sell,in,0.01,4339.94,4621,-0.04,0.00,0.00,1 404.07,
2026.01.02 17:56:40,4613,XAUUSD,buy,out,0.01,4337.72,4622,-0.04,0.00,2.22,1 406.25,sl 4337.71
2026.01.02 18:17:32,4614,XAUUSD,sell,in,0.01,4318.06,4623,-0.04,0.00,0.00,1 406.21,
2026.01.02 18:18:10,4615,XAUUSD,buy,out,0.01,4318.01,4624,-0.04,0.00,0.05,1 406.22,sl 4318.00
2026.01.02 18:41:40,4616,XAUUSD,sell,in,0.01,4326.44,4625,-0.04,0.00,0.00,1 406.18,
2026.01.02 18:42:01,4617,XAUUSD,buy,out,0.01,4325.74,4626,-0.04,0.00,0.70,1 406.84,sl 4325.71
2026.01.02 19:05:47,4618,XAUUSD,sell,in,0.01,4332.11,4627,-0.04,0.00,0.00,1 406.80,
2026.01.02 19:06:25,4619,XAUUSD,buy,out,0.01,4331.69,4628,-0.04,0.00,0.42,1 407.18,sl 4331.68
2026.01.02 19:29:59,4620,XAUUSD,sell,in,0.01,4328.48,4629,-0.04,0.00,0.00,1 407.14,
2026.01.02 19:32:08,4621,XAUUSD,buy,out,0.01,4327.61,4630,-0.04,0.00,0.87,1 407.97,sl 4327.60
2026.01.02 19:54:00,4622,XAUUSD,sell,in,0.01,4324.72,4631,-0.04,0.00,0.00,1 407.93,
2026.01.02 19:54:43,4623,XAUUSD,buy,out,0.01,4324.71,4632,-0.04,0.00,0.01,1 407.90,sl 4324.69
2026.01.02 20:18:06,4624,XAUUSD,sell,in,0.01,4314.58,4633,-0.04,0.00,0.00,1 407.86,
2026.01.02 20:37:02,4625,XAUUSD,buy,out,0.01,4313.40,4634,-0.04,0.00,1.18,1 409.00,sl 4313.36
2026.01.02 20:42:12,4626,XAUUSD,sell,in,0.01,4312.73,4635,-0.04,0.00,0.00,1 408.96,
2026.01.02 20:42:52,4627,XAUUSD,buy,out,0.01,4312.09,4636,-0.04,0.00,0.64,1 409.56,sl 4312.06
2026.01.02 21:06:12,4628,XAUUSD,sell,in,0.01,4321.10,4637,-0.04,0.00,0.00,1 409.52,
2026.01.02 21:06:59,4629,XAUUSD,buy,out,0.01,4319.23,4638,-0.04,0.00,1.87,1 411.35,sl 4319.17
2026.01.02 21:30:17,4630,XAUUSD,sell,in,0.01,4319.28,4639,-0.04,0.00,0.00,1 411.31,
2026.01.02 21:30:37,4631,XAUUSD,buy,out,0.01,4319.22,4640,-0.04,0.00,0.06,1 411.33,sl 4319.22
2026.01.02 21:54:22,4632,XAUUSD,sell,in,0.01,4319.27,4641,-0.04,0.00,0.00,1 411.29,
2026.01.02 21:58:48,4633,XAUUSD,buy,out,0.01,4318.91,4642,-0.04,0.00,0.36,1 411.61,sl 4318.89
2026.01.02 22:18:40,4634,XAUUSD,sell,in,0.01,4320.83,4643,-0.04,0.00,0.00,1 411.57,
2026.01.02 23:07:49,4635,XAUUSD,buy,in,0.15,4328.30,4644,-0.53,0.00,0.00,1 411.04,
2026.01.02 23:09:00,4636,XAUUSD,sell,out,0.15,4329.34,4645,-0.53,0.00,15.60,1 426.11,sl 4329.42
2026.01.05 01:18:02,4637,XAUUSD,buy,out,0.01,4365.18,4646,-0.04,0.45,-44.35,1 382.17,
2026.01.05 02:28:39,4638,XAUUSD,buy,in,0.01,4389.11,4647,-0.04,0.00,0.00,1 382.13,
2026.01.05 02:31:56,4639,XAUUSD,sell,out,0.01,4389.72,4648,-0.04,0.00,0.61,1 382.70,sl 4389.77
2026.01.05 02:52:40,4640,XAUUSD,buy,in,0.01,4390.80,4649,-0.04,0.00,0.00,1 382.66,
2026.01.05 02:53:51,4641,XAUUSD,sell,out,0.01,4390.93,4650,-0.04,0.00,0.13,1 382.75,sl 4390.95
2026.01.05 03:16:45,4642,XAUUSD,buy,in,0.01,4404.17,4651,-0.04,0.00,0.00,1 382.71,
2026.01.05 03:26:15,4643,XAUUSD,sell,out,0.01,4404.29,4652,-0.04,0.00,0.12,1 382.79,sl 4404.36
2026.01.05 03:40:45,4644,XAUUSD,buy,in,0.01,4403.70,4653,-0.04,0.00,0.00,1 382.75,
2026.01.05 03:45:28,4645,XAUUSD,sell,out,0.01,4404.88,4654,-0.04,0.00,1.18,1 383.89,sl 4404.90
2026.01.05 04:04:54,4646,XAUUSD,buy,in,0.01,4398.67,4655,-0.04,0.00,0.00,1 383.85,
2026.01.05 04:05:13,4647,XAUUSD,sell,out,0.01,4399.00,4656,-0.04,0.00,0.33,1 384.14,sl 4399.03
2026.01.05 04:29:05,4648,XAUUSD,buy,in,0.01,4401.18,4657,-0.04,0.00,0.00,1 384.10,
2026.01.05 04:29:27,4649,XAUUSD,sell,out,0.01,4402.00,4658,-0.04,0.00,0.82,1 384.88,sl 4402.08
2026.01.05 04:53:09,4650,XAUUSD,buy,in,0.01,4407.73,4659,-0.04,0.00,0.00,1 384.84,
2026.01.05 04:54:20,4651,XAUUSD,sell,out,0.01,4407.86,4660,-0.04,0.00,0.13,1 384.93,sl 4407.89
2026.01.05 05:17:16,4652,XAUUSD,buy,in,0.01,4411.91,4661,-0.04,0.00,0.00,1 384.89,
2026.01.05 07:30:01,4653,XAUUSD,sell,out,0.01,4412.09,4662,-0.04,0.00,0.18,1 385.03,sl 4412.10
2026.01.05 07:30:22,4654,XAUUSD,buy,in,0.01,4413.54,4663,-0.04,0.00,0.00,1 384.99,
2026.01.05 07:31:18,4655,XAUUSD,sell,out,0.01,4413.99,4664,-0.04,0.00,0.45,1 385.40,sl 4414.03
2026.01.05 07:54:35,4656,XAUUSD,buy,in,0.01,4409.91,4665,-0.04,0.00,0.00,1 385.36,
2026.01.05 07:55:14,4657,XAUUSD,sell,out,0.01,4409.93,4666,-0.04,0.00,0.02,1 385.34,sl 4409.93
2026.01.05 08:18:38,4658,XAUUSD,buy,in,0.01,4417.69,4667,-0.04,0.00,0.00,1 385.30,
2026.01.05 08:19:43,4659,XAUUSD,sell,out,0.01,4419.27,4668,-0.04,0.00,1.58,1 386.84,sl 4419.32
2026.01.05 08:42:40,4660,XAUUSD,buy,in,0.01,4424.87,4669,-0.04,0.00,0.00,1 386.80,
2026.01.05 10:15:03,4661,XAUUSD,sell,out,0.01,4425.12,4670,-0.04,0.00,0.25,1 387.01,sl 4425.15
2026.01.05 10:15:10,4662,XAUUSD,buy,in,0.01,4424.73,4671,-0.04,0.00,0.00,1 386.97,
2026.01.05 10:16:26,4663,XAUUSD,sell,out,0.01,4427.58,4672,-0.04,0.00,2.85,1 389.78,sl 4427.63
2026.01.05 10:39:21,4664,XAUUSD,buy,in,0.01,4425.67,4673,-0.04,0.00,0.00,1 389.74,
2026.01.05 10:40:00,4665,XAUUSD,sell,out,0.01,4425.71,4674,-0.04,0.00,0.04,1 389.74,sl 4425.72
2026.01.05 11:03:23,4666,XAUUSD,buy,in,0.01,4428.54,4675,-0.04,0.00,0.00,1 389.70,
2026.01.05 11:14:34,4667,XAUUSD,sell,out,0.01,4430.45,4676,-0.04,0.00,1.91,1 391.57,sl 4430.52
2026.01.05 11:27:30,4668,XAUUSD,buy,in,0.01,4432.92,4677,-0.04,0.00,0.00,1 391.53,
2026.01.05 11:28:17,4669,XAUUSD,sell,out,0.01,4433.34,4678,-0.04,0.00,0.42,1 391.91,sl 4433.35
2026.01.05 11:51:34,4670,XAUUSD,buy,in,0.01,4435.40,4679,-0.04,0.00,0.00,1 391.87,
2026.01.05 11:53:01,4671,XAUUSD,sell,out,0.01,4436.56,4680,-0.04,0.00,1.16,1 392.99,sl 4436.58
2026.01.05 12:15:39,4672,XAUUSD,buy,in,0.01,4432.86,4681,-0.04,0.00,0.00,1 392.95,
2026.01.05 12:23:43,4673,XAUUSD,sell,out,0.01,4433.62,4682,-0.04,0.00,0.76,1 393.67,sl 4433.64
2026.01.05 12:39:39,4674,XAUUSD,buy,in,0.01,4437.71,4683,-0.04,0.00,0.00,1 393.63,
2026.01.05 12:51:47,4675,XAUUSD,sell,out,0.01,4437.83,4684,-0.04,0.00,0.12,1 393.71,sl 4437.87
2026.01.05 13:03:43,4676,XAUUSD,buy,in,0.01,4433.79,4685,-0.04,0.00,0.00,1 393.67,
2026.01.05 15:31:00,4677,XAUUSD,sell,in,0.15,4399.23,4686,-0.53,0.00,0.00,1 393.14,
2026.01.05 15:31:08,4678,XAUUSD,buy,out,0.15,4399.06,4687,-0.53,0.00,2.55,1 395.16,sl 4399.06
2026.01.05 16:48:31,4679,XAUUSD,sell,out,0.01,4436.08,4688,-0.04,0.00,2.29,1 397.41,sl 4436.08
2026.01.07 10:37:09,4680,XAUUSD,buy,in,0.01,4468.89,4689,-0.04,0.00,0.00,1 397.37,
2026.01.07 10:37:39,4681,XAUUSD,sell,out,0.01,4469.29,4690,-0.04,0.00,0.40,1 397.73,sl 4469.31
2026.01.08 07:43:26,4682,XAUUSD,sell,in,0.01,4418.07,4691,-0.04,0.00,0.00,1 397.69,
2026.01.08 07:43:49,4683,XAUUSD,buy,out,0.01,4418.05,4692,-0.04,0.00,0.02,1 397.67,sl 4418.03
2026.01.08 08:07:37,4684,XAUUSD,sell,in,0.01,4418.61,4693,-0.04,0.00,0.00,1 397.63,
2026.01.08 08:56:40,4685,XAUUSD,buy,in,0.15,4435.45,4694,-0.53,0.00,0.00,1 397.10,
2026.01.08 08:57:01,4686,XAUUSD,sell,out,0.15,4435.45,4695,-0.53,0.00,0.00,1 396.57,sl 4435.48
2026.01.08 14:01:57,4687,XAUUSD,buy,out,0.01,4418.22,4696,-0.04,0.00,0.39,1 396.92,sl 4418.19
2026.01.08 22:27:39,4688,XAUUSD,buy,in,0.01,4472.15,4697,-0.04,0.00,0.00,1 396.88,
2026.01.08 22:27:52,4689,XAUUSD,sell,out,0.01,4472.17,4698,-0.04,0.00,0.02,1 396.86,sl 4472.17
2026.01.08 22:51:39,4690,XAUUSD,buy,in,0.01,4476.17,4699,-0.04,0.00,0.00,1 396.82,
2026.01.08 22:51:57,4691,XAUUSD,sell,out,0.01,4476.17,4700,-0.04,0.00,0.00,1 396.78,sl 4476.21
2026.01.08 23:15:44,4692,XAUUSD,buy,in,0.01,4478.03,4701,-0.04,0.00,0.00,1 396.74,
2026.01.08 23:54:42,4693,XAUUSD,sell,out,0.01,4477.88,4702,-0.04,0.00,-0.15,1 396.55,sl 4478.05
2026.01.08 23:54:42,4694,XAUUSD,buy,in,0.01,4478.28,4703,-0.04,0.00,0.00,1 396.51,
2026.01.09 01:02:16,4695,XAUUSD,sell,out,0.01,4483.39,4704,-0.04,-0.52,5.11,1 401.06,sl 4483.50
2026.01.09 01:02:28,4696,XAUUSD,buy,in,0.01,4483.98,4705,-0.04,0.00,0.00,1 401.02,
2026.01.09 03:29:41,4697,XAUUSD,sell,in,0.15,4456.73,4706,-0.53,0.00,0.00,1 400.49,
2026.01.09 04:00:35,4698,XAUUSD,buy,out,0.15,4472.77,4707,-0.53,0.00,-240.60,1 159.36,
2026.01.09 04:00:43,4699,XAUUSD,sell,out,0.01,4472.45,4708,-0.04,0.00,-11.53,1 147.79,
2026.01.16 17:28:42,4700,XAUUSD,sell,in,0.01,4573.68,4709,-0.04,0.00,0.00,1 147.75,
2026.01.16 17:28:55,4701,XAUUSD,buy,out,0.01,4573.67,4710,-0.04,0.00,0.01,1 147.72,sl 4573.66
2026.01.16 17:52:48,4702,XAUUSD,sell,in,0.01,4562.47,4711,-0.04,0.00,0.00,1 147.68,
2026.01.16 17:53:03,4703,XAUUSD,buy,out,0.01,4561.56,4712,-0.04,0.00,0.91,1 148.55,sl 4561.55
2026.01.19 01:02:12,4704,XAUUSD,buy,in,0.01,4641.02,4713,-0.04,0.00,0.00,1 148.51,
2026.01.19 01:03:12,4705,XAUUSD,sell,out,0.01,4642.60,4714,-0.04,0.00,1.58,1 150.05,sl 4642.87
2026.01.19 01:26:15,4706,XAUUSD,buy,in,0.01,4676.07,4715,-0.04,0.00,0.00,1 150.01,
2026.01.19 01:26:26,4707,XAUUSD,sell,out,0.01,4676.34,4716,-0.04,0.00,0.27,1 150.24,sl 4676.34
2026.01.19 01:50:15,4708,XAUUSD,buy,in,0.01,4665.87,4717,-0.04,0.00,0.00,1 150.20,
2026.01.19 01:50:42,4709,XAUUSD,sell,out,0.01,4668.00,4718,-0.04,0.00,2.13,1 152.29,sl 4668.00
2026.01.19 02:14:29,4710,XAUUSD,buy,in,0.01,4666.03,4719,-0.04,0.00,0.00,1 152.25,
2026.01.19 02:15:50,4711,XAUUSD,sell,out,0.01,4667.60,4720,-0.04,0.00,1.57,1 153.78,sl 4667.72
2026.01.19 02:38:31,4712,XAUUSD,buy,in,0.01,4678.42,4721,-0.04,0.00,0.00,1 153.74,
2026.01.19 02:39:03,4713,XAUUSD,sell,out,0.01,4680.14,4722,-0.04,0.00,1.72,1 155.42,sl 4680.17
2026.01.19 03:02:30,4714,XAUUSD,buy,in,0.01,4674.37,4723,-0.04,0.00,0.00,1 155.38,
2026.01.19 03:03:08,4715,XAUUSD,sell,out,0.01,4674.37,4724,-0.04,0.00,0.00,1 155.34,sl 4674.60
2026.01.19 03:26:33,4716,XAUUSD,buy,in,0.01,4659.12,4725,-0.04,0.00,0.00,1 155.30,
2026.01.19 03:26:51,4717,XAUUSD,sell,out,0.01,4660.94,4726,-0.04,0.00,1.82,1 157.08,sl 4660.95
2026.01.19 03:50:36,4718,XAUUSD,buy,in,0.01,4663.93,4727,-0.04,0.00,0.00,1 157.04,
2026.01.19 03:50:57,4719,XAUUSD,sell,out,0.01,4664.86,4728,-0.04,0.00,0.93,1 157.93,sl 4665.01
2026.01.19 04:14:43,4720,XAUUSD,buy,in,0.01,4659.78,4729,-0.04,0.00,0.00,1 157.89,
2026.01.19 04:15:05,4721,XAUUSD,sell,out,0.01,4660.10,4730,-0.04,0.00,0.32,1 158.17,sl 4660.30
2026.01.19 04:38:46,4722,XAUUSD,buy,in,0.01,4661.79,4731,-0.04,0.00,0.00,1 158.13,
2026.01.19 04:39:30,4723,XAUUSD,sell,out,0.01,4661.83,4732,-0.04,0.00,0.04,1 158.13,sl 4661.91
2026.01.19 05:02:54,4724,XAUUSD,buy,in,0.01,4667.03,4733,-0.04,0.00,0.00,1 158.09,
2026.01.19 05:09:24,4725,XAUUSD,sell,out,0.01,4667.32,4734,-0.04,0.00,0.29,1 158.34,sl 4667.34
2026.01.19 05:27:00,4726,XAUUSD,buy,in,0.01,4665.58,4735,-0.04,0.00,0.00,1 158.30,
2026.01.19 05:27:23,4727,XAUUSD,sell,out,0.01,4665.83,4736,-0.04,0.00,0.25,1 158.51,sl 4666.01
2026.01.19 05:51:00,4728,XAUUSD,buy,in,0.01,4659.66,4737,-0.04,0.00,0.00,1 158.47,
2026.01.19 05:54:30,4729,XAUUSD,sell,out,0.01,4659.68,4738,-0.04,0.00,0.02,1 158.45,sl 4659.77
2026.01.19 06:15:07,4730,XAUUSD,buy,in,0.01,4661.66,4739,-0.04,0.00,0.00,1 158.41,
2026.01.19 06:18:58,4731,XAUUSD,sell,out,0.01,4662.20,4740,-0.04,0.00,0.54,1 158.91,sl 4662.21
2026.01.19 06:39:11,4732,XAUUSD,buy,in,0.01,4661.58,4741,-0.04,0.00,0.00,1 158.87,
2026.01.19 06:49:56,4733,XAUUSD,sell,out,0.01,4663.72,4742,-0.04,0.00,2.14,1 160.97,sl 4663.78
2026.01.19 07:03:15,4734,XAUUSD,buy,in,0.01,4669.12,4743,-0.04,0.00,0.00,1 160.93,
2026.01.19 07:06:51,4735,XAUUSD,sell,out,0.01,4669.72,4744,-0.04,0.00,0.60,1 161.49,sl 4669.83
2026.01.19 07:27:16,4736,XAUUSD,buy,in,0.01,4670.72,4745,-0.04,0.00,0.00,1 161.45,
2026.01.19 07:30:49,4737,XAUUSD,sell,out,0.01,4671.28,4746,-0.04,0.00,0.56,1 161.97,sl 4671.34
2026.01.19 07:51:18,4738,XAUUSD,buy,in,0.01,4667.34,4747,-0.04,0.00,0.00,1 161.93,
2026.01.19 07:52:39,4739,XAUUSD,sell,out,0.01,4667.36,4748,-0.04,0.00,0.02,1 161.91,sl 4667.38
2026.01.19 08:15:17,4740,XAUUSD,buy,in,0.01,4668.83,4749,-0.04,0.00,0.00,1 161.87,
2026.01.19 08:17:18,4741,XAUUSD,sell,out,0.01,4669.31,4750,-0.04,0.00,0.48,1 162.31,sl 4669.34
2026.01.19 08:39:17,4742,XAUUSD,buy,in,0.01,4674.76,4751,-0.04,0.00,0.00,1 162.27,
2026.01.19 08:46:26,4743,XAUUSD,sell,out,0.01,4674.77,4752,-0.04,0.00,0.01,1 162.24,sl 4674.79
2026.01.19 09:03:29,4744,XAUUSD,buy,in,0.01,4675.63,4753,-0.04,0.00,0.00,1 162.20,
2026.01.19 09:04:04,4745,XAUUSD,sell,out,0.01,4675.89,4754,-0.04,0.00,0.26,1 162.42,sl 4676.00
2026.01.19 09:27:33,4746,XAUUSD,buy,in,0.01,4668.88,4755,-0.04,0.00,0.00,1 162.38,
2026.01.19 09:31:53,4747,XAUUSD,sell,out,0.01,4668.86,4756,-0.04,0.00,-0.02,1 162.32,sl 4668.94
2026.01.19 09:51:41,4748,XAUUSD,buy,in,0.01,4664.97,4757,-0.04,0.00,0.00,1 162.28,
2026.01.19 09:58:55,4749,XAUUSD,sell,out,0.01,4665.40,4758,-0.04,0.00,0.43,1 162.67,sl 4665.40
2026.01.19 10:15:42,4750,XAUUSD,buy,in,0.01,4669.46,4759,-0.04,0.00,0.00,1 162.63,
2026.01.19 10:21:46,4751,XAUUSD,sell,out,0.01,4669.67,4760,-0.04,0.00,0.21,1 162.80,sl 4669.68
2026.01.19 10:39:47,4752,XAUUSD,buy,in,0.01,4667.66,4761,-0.04,0.00,0.00,1 162.76,
2026.01.19 10:40:21,4753,XAUUSD,sell,out,0.01,4668.88,4762,-0.04,0.00,1.22,1 163.94,sl 4668.95
2026.01.19 11:03:50,4754,XAUUSD,buy,in,0.01,4664.88,4763,-0.04,0.00,0.00,1 163.90,
2026.01.19 11:06:49,4755,XAUUSD,sell,out,0.01,4667.09,4764,-0.04,0.00,2.21,1 166.07,sl 4667.18
2026.01.19 11:28:00,4756,XAUUSD,buy,in,0.01,4667.61,4765,-0.04,0.00,0.00,1 166.03,
2026.01.19 11:34:13,4757,XAUUSD,sell,out,0.01,4667.78,4766,-0.04,0.00,0.17,1 166.16,sl 4667.83
2026.01.19 11:52:03,4758,XAUUSD,buy,in,0.01,4669.50,4767,-0.04,0.00,0.00,1 166.12,
2026.01.19 12:15:07,4759,XAUUSD,sell,out,0.01,4669.53,4768,-0.04,0.00,0.03,1 166.11,sl 4669.61
2026.01.19 12:16:08,4760,XAUUSD,buy,in,0.01,4668.67,4769,-0.04,0.00,0.00,1 166.07,
2026.01.19 12:23:19,4761,XAUUSD,sell,out,0.01,4668.72,4770,-0.04,0.00,0.05,1 166.08,sl 4668.76
2026.01.19 12:40:08,4762,XAUUSD,buy,in,0.01,4664.76,4771,-0.04,0.00,0.00,1 166.04,
2026.01.19 12:47:47,4763,XAUUSD,sell,out,0.01,4665.49,4772,-0.04,0.00,0.73,1 166.73,sl 4665.50
2026.01.19 13:04:08,4764,XAUUSD,buy,in,0.01,4662.36,4773,-0.04,0.00,0.00,1 166.69,
2026.01.19 13:05:01,4765,XAUUSD,sell,out,0.01,4663.17,4774,-0.04,0.00,0.81,1 167.46,sl 4663.31
2026.01.19 13:28:15,4766,XAUUSD,buy,in,0.01,4666.00,4775,-0.04,0.00,0.00,1 167.42,
2026.01.19 13:29:35,4767,XAUUSD,sell,out,0.01,4666.47,4776,-0.04,0.00,0.47,1 167.85,sl 4666.47
2026.01.19 13:52:22,4768,XAUUSD,buy,in,0.01,4662.50,4777,-0.04,0.00,0.00,1 167.81,
2026.01.19 13:53:34,4769,XAUUSD,sell,out,0.01,4662.69,4778,-0.04,0.00,0.19,1 167.96,sl 4662.82
2026.01.19 14:16:36,4770,XAUUSD,buy,in,0.01,4668.12,4779,-0.04,0.00,0.00,1 167.92,
2026.01.19 14:17:49,4771,XAUUSD,sell,out,0.01,4670.70,4780,-0.04,0.00,2.58,1 170.46,sl 4670.95
2026.01.19 14:40:40,4772,XAUUSD,buy,in,0.01,4673.05,4781,-0.04,0.00,0.00,1 170.42,
2026.01.19 14:41:12,4773,XAUUSD,sell,out,0.01,4673.18,4782,-0.04,0.00,0.13,1 170.51,sl 4673.18
2026.01.19 15:04:45,4774,XAUUSD,buy,in,0.01,4670.60,4783,-0.04,0.00,0.00,1 170.47,
2026.01.19 15:08:59,4775,XAUUSD,sell,out,0.01,4671.84,4784,-0.04,0.00,1.24,1 171.67,sl 4671.84
2026.01.19 15:28:52,4776,XAUUSD,buy,in,0.01,4671.02,4785,-0.04,0.00,0.00,1 171.63,
2026.01.19 15:29:46,4777,XAUUSD,sell,out,0.01,4671.57,4786,-0.04,0.00,0.55,1 172.14,sl 4671.57
2026.01.19 15:52:53,4778,XAUUSD,buy,in,0.01,4666.96,4787,-0.04,0.00,0.00,1 172.10,
2026.01.19 16:20:20,4779,XAUUSD,sell,out,0.01,4667.76,4788,-0.04,0.00,0.80,1 172.86,sl 4667.79
2026.01.19 16:20:27,4780,XAUUSD,buy,in,0.01,4668.07,4789,-0.04,0.00,0.00,1 172.82,
2026.01.19 16:30:50,4781,XAUUSD,sell,out,0.01,4669.60,4790,-0.04,0.00,1.53,1 174.31,sl 4669.62
2026.01.19 16:44:29,4782,XAUUSD,buy,in,0.01,4665.94,4791,-0.04,0.00,0.00,1 174.27,
2026.01.19 16:45:08,4783,XAUUSD,sell,out,0.01,4666.76,4792,-0.04,0.00,0.82,1 175.05,sl 4666.81
2026.01.19 17:08:33,4784,XAUUSD,buy,in,0.01,4670.76,4793,-0.04,0.00,0.00,1 175.01,
2026.01.19 17:49:00,4785,XAUUSD,sell,out,0.01,4672.09,4794,-0.04,0.00,1.33,1 176.30,sl 4672.11
2026.01.21 22:01:14,4786,XAUUSD,buy,in,0.01,4786.24,4795,-0.04,0.00,0.00,1 176.26,
2026.01.21 22:14:36,4787,XAUUSD,sell,out,0.01,4786.38,4796,-0.04,0.00,0.14,1 176.36,sl 4786.43
2026.01.21 22:25:17,4788,XAUUSD,buy,in,0.01,4795.93,4797,-0.04,0.00,0.00,1 176.32,
2026.01.21 22:27:21,4789,XAUUSD,sell,out,0.01,4798.46,4798,-0.04,0.00,2.53,1 178.81,sl 4798.50
2026.01.21 22:49:17,4790,XAUUSD,buy,in,0.01,4820.94,4799,-0.04,0.00,0.00,1 178.77,
2026.01.21 22:50:37,4791,XAUUSD,sell,out,0.01,4821.17,4800,-0.04,0.00,0.23,1 178.96,sl 4821.20
2026.01.21 23:13:25,4792,XAUUSD,buy,in,0.01,4823.78,4801,-0.04,0.00,0.00,1 178.92,
2026.01.21 23:15:48,4793,XAUUSD,sell,out,0.01,4825.03,4802,-0.04,0.00,1.25,1 180.13,sl 4825.12
2026.01.21 23:37:28,4794,XAUUSD,buy,in,0.01,4838.84,4803,-0.04,0.00,0.00,1 180.09,
2026.01.21 23:48:25,4795,XAUUSD,sell,out,0.01,4838.98,4804,-0.04,0.00,0.14,1 180.19,sl 4839.00
2026.01.22 01:02:02,4796,XAUUSD,buy,in,0.01,4828.72,4805,-0.04,0.00,0.00,1 180.15,
2026.01.22 03:29:11,4797,XAUUSD,sell,in,0.15,4799.04,4806,-0.53,0.00,0.00,1 179.62,
2026.01.22 03:30:06,4798,XAUUSD,buy,out,0.15,4797.04,4807,-0.53,0.00,30.00,1 209.09,sl 4796.77
2026.01.22 09:02:57,4799,XAUUSD,sell,out,0.01,4829.59,4808,-0.04,0.00,0.87,1 209.92,sl 4829.64
2026.01.29 17:17:04,4800,XAUUSD,buy,in,0.01,5313.04,4809,-0.04,0.00,0.00,1 209.88,
2026.01.29 17:18:58,4801,XAUUSD,sell,out,0.01,5339.31,4810,-0.04,0.00,26.27,1 236.11,
2026.01.29 17:41:11,4802,XAUUSD,sell,in,0.01,5160.44,4811,-0.04,0.00,0.00,1 236.07,
2026.01.29 17:42:53,4803,XAUUSD,buy,out,0.01,5130.44,4812,-0.04,0.00,30.00,1 266.03,sl 5130.10
2026.01.29 18:05:16,4804,XAUUSD,sell,in,0.01,5238.99,4814,-0.04,0.00,0.00,1 265.99,
2026.01.29 18:08:11,4805,XAUUSD,buy,out,0.01,5231.85,4815,-0.04,0.00,7.14,1 273.09,sl 5231.76
2026.01.29 18:35:26,4806,XAUUSD,sell,in,0.01,5270.05,4816,-0.04,0.00,0.00,1 273.05,
2026.01.29 18:36:12,4807,XAUUSD,buy,out,0.01,5260.00,4817,-0.04,0.00,10.05,1 283.06,
2026.01.29 18:59:28,4808,XAUUSD,sell,in,0.01,5255.51,4818,-0.04,0.00,0.00,1 283.02,
2026.01.29 19:15:13,4809,XAUUSD,buy,out,0.01,5301.81,4819,-0.04,0.00,-46.30,1 236.68,
2026.01.29 19:23:31,4810,XAUUSD,buy,in,0.01,5335.06,4820,-0.04,0.00,0.00,1 236.64,
2026.01.29 19:24:00,4811,XAUUSD,sell,out,0.01,5338.53,4821,-0.04,0.00,3.47,1 240.07,sl 5338.73
2026.01.29 19:47:35,4812,XAUUSD,buy,in,0.01,5353.63,4822,-0.04,0.00,0.00,1 240.03,
2026.01.29 19:48:04,4813,XAUUSD,sell,out,0.01,5353.68,4823,-0.04,0.00,0.05,1 240.04,sl 5353.90
2026.01.29 20:11:35,4814,XAUUSD,buy,in,0.01,5347.70,4824,-0.04,0.00,0.00,1 240.00,
2026.01.29 20:11:47,4815,XAUUSD,sell,out,0.01,5347.65,4825,-0.04,0.00,-0.05,1 239.91,sl 5347.87
2026.01.29 20:35:41,4816,XAUUSD,buy,in,0.01,5345.97,4826,-0.04,0.00,0.00,1 239.87,
2026.01.29 20:36:02,4817,XAUUSD,sell,out,0.01,5346.40,4827,-0.04,0.00,0.43,1 240.26,sl 5346.41
2026.01.29 20:59:47,4818,XAUUSD,buy,in,0.01,5339.15,4828,-0.04,0.00,0.00,1 240.22,
2026.01.29 20:59:55,4819,XAUUSD,sell,out,0.01,5339.71,4829,-0.04,0.00,0.56,1 240.74,sl 5339.73
2026.01.29 22:37:48,4820,XAUUSD,buy,in,0.01,5331.48,4830,-0.04,0.00,0.00,1 240.70,
2026.01.29 22:37:56,4821,XAUUSD,sell,out,0.01,5331.90,4831,-0.04,0.00,0.42,1 241.08,sl 5331.93
2026.01.29 23:01:48,4822,XAUUSD,buy,in,0.01,5401.46,4832,-0.04,0.00,0.00,1 241.04,
2026.01.29 23:02:02,4823,XAUUSD,sell,out,0.01,5401.35,4833,-0.04,0.00,-0.11,1 240.89,sl 5401.51
2026.01.29 23:25:59,4824,XAUUSD,buy,in,0.01,5408.95,4834,-0.04,0.00,0.00,1 240.85,
2026.01.29 23:26:22,4825,XAUUSD,sell,out,0.01,5409.84,4835,-0.04,0.00,0.89,1 241.70,sl 5410.11
2026.01.29 23:50:06,4826,XAUUSD,buy,in,0.01,5395.66,4836,-0.04,0.00,0.00,1 241.66,
2026.01.30 01:02:24,4827,XAUUSD,sell,out,0.01,5411.84,4837,-0.04,-0.52,16.18,1 257.28,sl 5413.02
2026.01.30 01:02:31,4828,XAUUSD,buy,in,0.01,5404.90,4838,-0.04,0.00,0.00,1 257.24,
2026.01.30 01:02:39,4829,XAUUSD,sell,out,0.01,5404.94,4839,-0.04,0.00,0.04,1 257.24,sl 5404.98
2026.01.30 01:26:34,4830,XAUUSD,buy,in,0.01,5408.30,4840,-0.04,0.00,0.00,1 257.20,
2026.01.30 01:26:58,4831,XAUUSD,sell,out,0.01,5413.25,4841,-0.04,0.00,4.95,1 262.11,sl 5413.34
2026.01.30 01:50:38,4832,XAUUSD,buy,in,0.01,5446.73,4842,-0.04,0.00,0.00,1 262.07,
2026.01.30 01:50:59,4833,XAUUSD,sell,out,0.01,5447.12,4843,-0.04,0.00,0.39,1 262.42,sl 5447.45
2026.01.30 02:14:38,4834,XAUUSD,buy,in,0.01,5448.24,4845,-0.04,0.00,0.00,1 262.38,
2026.01.30 02:18:46,4835,XAUUSD,sell,out,0.01,5448.23,4846,-0.04,0.00,-0.01,1 262.33,sl 5448.30
2026.01.30 02:38:42,4836,XAUUSD,buy,in,0.01,5424.77,4847,-0.04,0.00,0.00,1 262.29,
2026.01.30 02:38:58,4837,XAUUSD,sell,out,0.01,5424.82,4848,-0.04,0.00,0.05,1 262.30,sl 5425.01
2026.01.30 03:02:46,4838,XAUUSD,buy,in,0.01,5393.48,4849,-0.04,0.00,0.00,1 262.26,
2026.01.30 03:03:10,4839,XAUUSD,sell,out,0.01,5393.66,4850,-0.04,0.00,0.18,1 262.40,sl 5393.75
2026.01.30 03:26:45,4840,XAUUSD,buy,in,0.01,5355.74,4851,-0.04,0.00,0.00,1 262.36,
2026.01.30 03:26:55,4841,XAUUSD,sell,out,0.01,5355.83,4852,-0.04,0.00,0.09,1 262.41,sl 5355.86
2026.01.30 03:51:42,4842,XAUUSD,buy,in,0.01,5344.06,4853,-0.04,0.00,0.00,1 262.37,
2026.01.30 03:57:35,4843,XAUUSD,sell,out,0.01,5314.45,4854,-0.04,0.00,-29.61,1 232.72,
2026.01.30 04:15:46,4844,XAUUSD,sell,in,0.01,5197.94,4855,-0.04,0.00,0.00,1 232.68,
2026.01.30 04:16:46,4845,XAUUSD,buy,out,0.01,5197.96,4856,-0.04,0.00,-0.02,1 232.62,sl 5197.86
2026.01.30 04:39:53,4846,XAUUSD,sell,in,0.01,5206.51,4857,-0.04,0.00,0.00,1 232.58,
2026.01.30 04:58:25,4847,XAUUSD,buy,out,0.01,5206.30,4858,-0.04,0.00,0.21,1 232.75,sl 5206.30
2026.01.30 05:03:59,4848,XAUUSD,sell,in,0.01,5205.70,4859,-0.04,0.00,0.00,1 232.71,
2026.01.30 05:04:03,4849,XAUUSD,buy,out,0.01,5205.65,4860,-0.04,0.00,0.05,1 232.72,sl 5205.56
2026.01.30 05:28:03,4850,XAUUSD,sell,in,0.01,5195.52,4861,-0.04,0.00,0.00,1 232.68,
2026.01.30 05:28:12,4851,XAUUSD,buy,out,0.01,5195.50,4862,-0.04,0.00,0.02,1 232.66,sl 5195.50
2026.01.30 05:52:05,4852,XAUUSD,sell,in,0.01,5155.94,4863,-0.04,0.00,0.00,1 232.62,
2026.01.30 05:52:05,4853,XAUUSD,buy,out,0.01,5155.42,4864,-0.04,0.00,0.52,1 233.10,sl 5155.37
2026.01.30 06:16:05,4854,XAUUSD,sell,in,0.01,5222.64,4865,-0.04,0.00,0.00,1 233.06,
2026.01.30 06:16:24,4855,XAUUSD,buy,out,0.01,5221.02,4866,-0.04,0.00,1.62,1 234.64,sl 5220.52
2026.01.30 06:40:07,4856,XAUUSD,sell,in,0.01,5221.48,4867,-0.04,0.00,0.00,1 234.60,
2026.01.30 06:40:19,4857,XAUUSD,buy,out,0.01,5221.47,4868,-0.04,0.00,0.01,1 234.57,sl 5221.31
2026.01.30 07:04:12,4858,XAUUSD,sell,in,0.01,5212.37,4869,-0.04,0.00,0.00,1 234.53,
2026.01.30 07:04:20,4859,XAUUSD,buy,out,0.01,5211.20,4870,-0.04,0.00,1.17,1 235.66,sl 5210.99
2026.01.30 07:28:14,4860,XAUUSD,sell,in,0.01,5234.50,4871,-0.04,0.00,0.00,1 235.62,
2026.01.30 07:28:51,4861,XAUUSD,buy,out,0.01,5231.68,4872,-0.04,0.00,2.82,1 238.40,sl 5231.35
2026.01.30 07:52:20,4862,XAUUSD,sell,in,0.01,5216.53,4873,-0.04,0.00,0.00,1 238.36,
2026.01.30 07:53:15,4863,XAUUSD,buy,out,0.01,5215.39,4874,-0.04,0.00,1.14,1 239.46,sl 5214.68
2026.01.30 08:16:20,4864,XAUUSD,sell,in,0.01,5179.17,4875,-0.04,0.00,0.00,1 239.42,
2026.01.30 08:16:52,4865,XAUUSD,buy,out,0.01,5174.17,4876,-0.04,0.00,5.00,1 244.38,sl 5173.42
2026.01.30 08:40:27,4866,XAUUSD,sell,in,0.01,5168.36,4877,-0.04,0.00,0.00,1 244.34,
2026.01.30 08:40:28,4867,XAUUSD,buy,out,0.01,5168.98,4878,-0.04,0.00,-0.62,1 243.68,sl 5168.32
2026.01.30 09:04:29,4868,XAUUSD,sell,in,0.01,5146.48,4879,-0.04,0.00,0.00,1 243.64,
2026.01.30 09:04:41,4869,XAUUSD,buy,out,0.01,5145.36,4880,-0.04,0.00,1.12,1 244.72,sl 5145.15
2026.01.30 09:28:32,4870,XAUUSD,sell,in,0.01,5178.42,4881,-0.04,0.00,0.00,1 244.68,
2026.01.30 09:29:14,4871,XAUUSD,buy,out,0.01,5178.11,4882,-0.04,0.00,0.31,1 244.95,sl 5178.07
2026.01.30 09:52:35,4872,XAUUSD,sell,in,0.01,5161.98,4883,-0.04,0.00,0.00,1 244.91,
2026.01.30 09:53:38,4873,XAUUSD,buy,out,0.01,5161.64,4884,-0.04,0.00,0.34,1 245.21,sl 5161.57
2026.01.30 10:16:52,4874,XAUUSD,sell,in,0.01,5142.28,4885,-0.04,0.00,0.00,1 245.17,
2026.01.30 10:31:06,4875,XAUUSD,buy,out,0.01,5141.87,4886,-0.04,0.00,0.41,1 245.54,sl 5140.91
2026.01.30 10:41:00,4876,XAUUSD,sell,in,0.01,5103.77,4887,-0.04,0.00,0.00,1 245.50,
2026.01.30 10:42:03,4877,XAUUSD,buy,out,0.01,5090.38,4888,-0.04,0.00,13.39,1 258.85,sl 5090.38
2026.01.30 11:05:04,4878,XAUUSD,sell,in,0.01,5115.47,4889,-0.04,0.00,0.00,1 258.81,
2026.01.30 11:05:44,4879,XAUUSD,buy,out,0.01,5100.74,4890,-0.04,0.00,14.73,1 273.50,sl 5100.74
2026.01.30 11:29:09,4880,XAUUSD,sell,in,0.01,5030.98,4891,-0.04,0.00,0.00,1 273.46,
2026.01.30 11:29:31,4881,XAUUSD,buy,out,0.01,5030.93,4892,-0.04,0.00,0.05,1 273.47,sl 5030.93
2026.01.30 11:53:13,4882,XAUUSD,sell,in,0.01,4982.91,4893,-0.04,0.00,0.00,1 273.43,
2026.01.30 11:53:24,4883,XAUUSD,buy,out,0.01,4983.13,4894,-0.04,0.00,-0.22,1 273.17,sl 4982.89
2026.01.30 12:17:15,4884,XAUUSD,sell,in,0.01,5042.20,4895,-0.04,0.00,0.00,1 273.13,
2026.01.30 12:17:26,4885,XAUUSD,buy,out,0.01,5041.83,4896,-0.04,0.00,0.37,1 273.46,sl 5041.78
2026.01.30 12:41:14,4886,XAUUSD,sell,in,0.01,5071.66,4897,-0.04,0.00,0.00,1 273.42,
2026.01.30 13:30:19,4887,XAUUSD,buy,in,0.15,5125.83,4898,-0.53,0.00,0.00,1 272.89,
2026.01.30 13:31:35,4888,XAUUSD,sell,out,0.15,5125.98,4899,-0.53,0.00,2.25,1 274.61,sl 5126.21
2026.01.30 14:47:44,4889,XAUUSD,buy,out,0.01,5071.50,4900,-0.04,0.00,0.16,1 274.73,sl 5071.25
2026.02.03 09:37:06,4890,XAUUSD,buy,in,0.01,4927.97,4901,-0.04,0.00,0.00,1 274.69,
2026.02.03 09:37:52,4891,XAUUSD,sell,out,0.01,4928.05,4902,-0.04,0.00,0.08,1 274.73,sl 4928.08
2026.02.03 10:12:25,4892,XAUUSD,buy,in,0.01,4928.73,4903,-0.04,0.00,0.00,1 274.69,
2026.02.03 10:12:46,4893,XAUUSD,sell,out,0.01,4931.56,4904,-0.04,0.00,2.83,1 277.48,sl 4931.59
2026.02.03 10:36:32,4894,XAUUSD,buy,in,0.01,4938.39,4905,-0.04,0.00,0.00,1 277.44,
2026.02.03 10:40:57,4895,XAUUSD,sell,out,0.01,4939.78,4906,-0.04,0.00,1.39,1 278.79,sl 4939.85
2026.02.03 12:13:28,4896,XAUUSD,buy,in,0.01,4928.80,4907,-0.04,0.00,0.00,1 278.75,
2026.02.03 13:17:55,4897,XAUUSD,sell,out,0.01,4898.20,4908,-0.04,0.00,-30.60,1 248.11,
2026.02.03 14:02:31,4898,XAUUSD,buy,in,0.01,4930.18,4909,-0.04,0.00,0.00,1 248.07,
2026.02.03 14:03:10,4899,XAUUSD,sell,out,0.01,4932.44,4910,-0.04,0.00,2.26,1 250.29,sl 4932.49
2026.02.03 15:08:24,4900,XAUUSD,buy,in,0.01,4928.00,4911,-0.04,0.00,0.00,1 250.25,
2026.02.03 15:15:02,4901,XAUUSD,sell,out,0.01,4928.12,4912,-0.04,0.00,0.12,1 250.33,sl 4928.17
2026.02.03 15:32:31,4902,XAUUSD,buy,in,0.01,4934.79,4913,-0.04,0.00,0.00,1 250.29,
2026.02.03 15:33:08,4903,XAUUSD,sell,out,0.01,4935.04,4914,-0.04,0.00,0.25,1 250.50,sl 4935.07
2026.02.03 15:56:40,4904,XAUUSD,buy,in,0.01,4929.54,4915,-0.04,0.00,0.00,1 250.46,
2026.02.03 15:57:02,4905,XAUUSD,sell,out,0.01,4929.32,4916,-0.04,0.00,-0.22,1 250.20,sl 4929.73
2026.02.03 17:08:58,4906,XAUUSD,buy,in,0.01,4935.56,4917,-0.04,0.00,0.00,1 250.16,
2026.02.03 17:09:20,4907,XAUUSD,sell,out,0.01,4937.48,4918,-0.04,0.00,1.92,1 252.04,sl 4937.76
2026.02.03 17:54:24,4908,XAUUSD,buy,in,0.01,4932.50,4919,-0.04,0.00,0.00,1 252.00,
2026.02.03 17:54:49,4909,XAUUSD,sell,out,0.01,4933.09,4920,-0.04,0.00,0.59,1 252.55,sl 4933.10
2026.02.03 18:18:32,4910,XAUUSD,buy,in,0.01,4959.50,4921,-0.04,0.00,0.00,1 252.51,
2026.02.03 18:19:03,4911,XAUUSD,sell,out,0.01,4962.96,4922,-0.04,0.00,3.46,1 255.93,sl 4962.97
2026.02.03 18:42:45,4912,XAUUSD,buy,in,0.01,4982.11,4923,-0.04,0.00,0.00,1 255.89,
2026.02.03 18:43:24,4913,XAUUSD,sell,out,0.01,4982.48,4924,-0.04,0.00,0.37,1 256.22,sl 4982.62
2026.02.03 19:06:47,4914,XAUUSD,buy,in,0.01,4947.39,4925,-0.04,0.00,0.00,1 256.18,
2026.02.03 19:06:49,4915,XAUUSD,sell,out,0.01,4947.52,4926,-0.04,0.00,0.13,1 256.27,sl 4947.62
2026.02.03 19:30:50,4916,XAUUSD,buy,in,0.01,4952.53,4927,-0.04,0.00,0.00,1 256.23,
2026.02.03 19:31:12,4917,XAUUSD,sell,out,0.01,4952.55,4928,-0.04,0.00,0.02,1 256.21,sl 4952.61
2026.02.03 19:55:02,4918,XAUUSD,buy,in,0.01,4939.35,4929,-0.04,0.00,0.00,1 256.17,
2026.02.03 19:58:52,4919,XAUUSD,sell,out,0.01,4939.54,4930,-0.04,0.00,0.19,1 256.32,sl 4939.58
2026.02.03 20:19:06,4920,XAUUSD,buy,in,0.01,4939.11,4931,-0.04,0.00,0.00,1 256.28,
2026.02.03 20:19:17,4921,XAUUSD,sell,out,0.01,4939.28,4932,-0.04,0.00,0.17,1 256.41,sl 4939.30
2026.02.03 21:35:32,4922,XAUUSD,buy,in,0.01,4934.89,4933,-0.04,0.00,0.00,1 256.37,
2026.02.03 21:36:12,4923,XAUUSD,sell,out,0.01,4935.34,4934,-0.04,0.00,0.45,1 256.78,sl 4935.36
2026.02.03 22:20:34,4924,XAUUSD,buy,in,0.01,4933.81,4935,-0.04,0.00,0.00,1 256.74,
2026.02.03 22:24:39,4925,XAUUSD,sell,out,0.01,4936.11,4936,-0.04,0.00,2.30,1 259.00,sl 4936.35
2026.02.03 22:44:35,4926,XAUUSD,buy,in,0.01,4950.75,4937,-0.04,0.00,0.00,1 258.96,
2026.02.03 22:44:56,4927,XAUUSD,sell,out,0.01,4951.20,4938,-0.04,0.00,0.45,1 259.37,sl 4951.36
2026.02.03 23:08:42,4928,XAUUSD,buy,in,0.01,4952.17,4939,-0.04,0.00,0.00,1 259.33,
2026.02.03 23:12:00,4929,XAUUSD,sell,out,0.01,4962.88,4940,-0.04,0.00,10.71,1 270.00,sl 4962.91
2026.02.03 23:32:47,4930,XAUUSD,buy,in,0.01,4956.72,4941,-0.04,0.00,0.00,1 269.96,
2026.02.04 01:03:01,4931,XAUUSD,sell,out,0.01,4970.18,4942,-0.04,-0.52,13.46,1 282.86,sl 4970.29
2026.02.04 01:03:02,4932,XAUUSD,buy,in,0.01,4969.90,4943,-0.04,0.00,0.00,1 282.82,
2026.02.04 01:08:10,4933,XAUUSD,sell,out,0.01,4916.95,4944,-0.04,0.00,-52.95,1 229.83,
2026.02.04 01:31:30,4934,XAUUSD,buy,in,0.01,4940.74,4945,-0.04,0.00,0.00,1 229.79,
2026.02.04 01:40:09,4935,XAUUSD,sell,out,0.01,4940.28,4946,-0.04,0.00,-0.46,1 229.29,sl 4940.88
2026.02.04 01:55:48,4936,XAUUSD,buy,in,0.01,4946.91,4947,-0.04,0.00,0.00,1 229.25,
2026.02.04 01:55:56,4937,XAUUSD,sell,out,0.01,4946.66,4948,-0.04,0.00,-0.25,1 228.96,sl 4947.19
2026.02.04 02:19:55,4938,XAUUSD,buy,in,0.01,4994.32,4949,-0.04,0.00,0.00,1 228.92,
2026.02.04 02:20:10,4939,XAUUSD,sell,out,0.01,4994.59,4950,-0.04,0.00,0.27,1 229.15,sl 4994.70
2026.02.04 02:44:01,4940,XAUUSD,buy,in,0.01,4989.23,4951,-0.04,0.00,0.00,1 229.11,
2026.02.04 02:45:47,4941,XAUUSD,sell,out,0.01,4990.32,4952,-0.04,0.00,1.09,1 230.16,sl 4990.34
2026.02.04 03:08:06,4942,XAUUSD,buy,in,0.01,5035.72,4953,-0.04,0.00,0.00,1 230.12,
2026.02.04 03:08:58,4943,XAUUSD,sell,out,0.01,5035.92,4954,-0.04,0.00,0.20,1 230.28,sl 5035.97
2026.02.04 03:32:17,4944,XAUUSD,buy,in,0.01,5028.56,4955,-0.04,0.00,0.00,1 230.24,
2026.02.04 03:32:45,4945,XAUUSD,sell,out,0.01,5028.32,4956,-0.04,0.00,-0.24,1 229.96,sl 5028.75
2026.02.04 03:56:20,4946,XAUUSD,buy,in,0.01,5044.61,4957,-0.04,0.00,0.00,1 229.92,
2026.02.04 03:59:20,4947,XAUUSD,sell,out,0.01,5044.84,4958,-0.04,0.00,0.23,1 230.11,sl 5044.87
2026.02.04 04:20:20,4948,XAUUSD,buy,in,0.01,5061.17,4959,-0.04,0.00,0.00,1 230.07,
2026.02.04 04:20:40,4949,XAUUSD,sell,out,0.01,5061.38,4960,-0.04,0.00,0.21,1 230.24,sl 5061.38
2026.02.04 04:44:32,4950,XAUUSD,buy,in,0.01,5058.95,4961,-0.04,0.00,0.00,1 230.20,
2026.02.04 04:45:05,4951,XAUUSD,sell,out,0.01,5060.13,4962,-0.04,0.00,1.18,1 231.34,sl 5060.19
2026.02.04 05:08:35,4952,XAUUSD,buy,in,0.01,5050.34,4963,-0.04,0.00,0.00,1 231.30,
2026.02.04 05:08:51,4953,XAUUSD,sell,out,0.01,5051.98,4964,-0.04,0.00,1.64,1 232.90,sl 5052.11
2026.02.04 05:32:38,4954,XAUUSD,buy,in,0.01,5056.77,4965,-0.04,0.00,0.00,1 232.86,
2026.02.04 05:36:00,4955,XAUUSD,sell,out,0.01,5067.24,4966,-0.04,0.00,10.47,1 243.29,sl 5067.29
2026.02.04 05:56:45,4956,XAUUSD,buy,in,0.01,5069.32,4967,-0.04,0.00,0.00,1 243.25,
2026.02.04 05:56:54,4957,XAUUSD,sell,out,0.01,5069.32,4968,-0.04,0.00,0.00,1 243.21,sl 5069.45
2026.02.04 06:20:46,4958,XAUUSD,buy,in,0.01,5067.47,4969,-0.04,0.00,0.00,1 243.17,
2026.02.04 06:36:02,4959,XAUUSD,sell,out,0.01,5068.80,4970,-0.04,0.00,1.33,1 244.46,sl 5068.94
2026.02.04 06:44:53,4960,XAUUSD,buy,in,0.01,5070.61,4971,-0.04,0.00,0.00,1 244.42,
2026.02.04 06:44:59,4961,XAUUSD,sell,out,0.01,5071.96,4972,-0.04,0.00,1.35,1 245.73,sl 5071.97
2026.02.04 07:09:06,4962,XAUUSD,buy,in,0.01,5079.46,4973,-0.04,0.00,0.00,1 245.69,
2026.02.04 07:10:20,4963,XAUUSD,sell,out,0.01,5082.73,4974,-0.04,0.00,3.27,1 248.92,sl 5082.73
2026.02.04 07:33:23,4964,XAUUSD,buy,in,0.01,5075.14,4975,-0.04,0.00,0.00,1 248.88,
2026.02.04 07:33:34,4965,XAUUSD,sell,out,0.01,5076.94,4976,-0.04,0.00,1.80,1 250.64,sl 5076.95
2026.02.04 07:57:31,4966,XAUUSD,buy,in,0.01,5082.46,4977,-0.04,0.00,0.00,1 250.60,
2026.02.04 09:25:20,4967,XAUUSD,sell,out,0.01,5082.32,4978,-0.04,0.00,-0.14,1 250.42,sl 5082.59
2026.02.04 09:25:38,4968,XAUUSD,buy,in,0.01,5081.01,4979,-0.04,0.00,0.00,1 250.38,
2026.02.04 09:26:20,4969,XAUUSD,sell,out,0.01,5085.20,4980,-0.04,0.00,4.19,1 254.53,sl 5085.23
2026.02.04 09:49:40,4970,XAUUSD,buy,in,0.01,5083.91,4981,-0.04,0.00,0.00,1 254.49,
2026.02.04 09:52:45,4971,XAUUSD,sell,out,0.01,5085.77,4982,-0.04,0.00,1.86,1 256.31,sl 5085.81
2026.02.04 10:13:47,4972,XAUUSD,buy,in,0.01,5079.97,4983,-0.04,0.00,0.00,1 256.27,
2026.02.04 10:13:56,4973,XAUUSD,sell,out,0.01,5080.10,4984,-0.04,0.00,0.13,1 256.36,sl 5080.11
2026.02.04 10:37:55,4974,XAUUSD,buy,in,0.01,5070.99,4985,-0.04,0.00,0.00,1 256.32,
2026.02.04 10:38:47,4975,XAUUSD,sell,out,0.01,5075.42,4986,-0.04,0.00,4.43,1 260.71,sl 5075.46
2026.02.04 11:01:58,4976,XAUUSD,buy,in,0.01,5083.38,4987,-0.04,0.00,0.00,1 260.67,
2026.02.04 13:29:00,4977,XAUUSD,sell,in,0.15,5023.01,4988,-0.53,0.00,0.00,1 260.14,
2026.02.04 13:33:41,4978,XAUUSD,buy,out,0.15,5035.07,4989,-0.53,0.00,-180.90,1 078.71,
2026.02.04 13:33:48,4979,XAUUSD,sell,out,0.01,5035.12,4990,-0.04,0.00,-48.26,1 030.41,
2026.02.04 17:31:28,4980,XAUUSD,sell,in,0.01,4929.84,4991,-0.04,0.00,0.00,1 030.37,
2026.02.04 17:32:38,4981,XAUUSD,buy,out,0.01,4930.00,4992,-0.04,0.00,-0.16,1 030.17,sl 4929.82
2026.02.04 17:56:36,4982,XAUUSD,sell,in,0.01,4933.58,4993,-0.04,0.00,0.00,1 030.13,
2026.02.04 17:57:10,4983,XAUUSD,buy,out,0.01,4927.94,4994,-0.04,0.00,5.64,1 035.73,sl 4927.54
2026.02.04 18:20:49,4984,XAUUSD,sell,in,0.01,4911.00,4995,-0.04,0.00,0.00,1 035.69,
2026.02.04 18:21:47,4985,XAUUSD,buy,out,0.01,4895.96,4996,-0.04,0.00,15.04,1 050.69,sl 4895.88
2026.02.04 18:44:48,4986,XAUUSD,sell,in,0.01,4896.11,4997,-0.04,0.00,0.00,1 050.65,
2026.02.04 18:45:32,4987,XAUUSD,buy,out,0.01,4895.42,4998,-0.04,0.00,0.69,1 051.30,sl 4894.84
2026.02.04 19:08:51,4988,XAUUSD,sell,in,0.01,4899.47,4999,-0.04,0.00,0.00,1 051.26,
2026.02.04 19:26:25,4989,XAUUSD,buy,out,0.01,4895.76,5000,-0.04,0.00,3.71,1 054.93,sl 4895.75
2026.02.04 19:32:56,4990,XAUUSD,sell,in,0.01,4923.19,5001,-0.04,0.00,0.00,1 054.89,
2026.02.04 19:33:09,4991,XAUUSD,buy,out,0.01,4923.06,5002,-0.04,0.00,0.13,1 054.98,sl 4922.93
2026.02.04 19:57:10,4992,XAUUSD,sell,in,0.01,4907.65,5003,-0.04,0.00,0.00,1 054.94,
2026.02.04 19:57:41,4993,XAUUSD,buy,out,0.01,4907.02,5004,-0.04,0.00,0.63,1 055.53,sl 4906.97
2026.02.04 20:21:16,4994,XAUUSD,sell,in,0.01,4898.66,5005,-0.04,0.00,0.00,1 055.49,
2026.02.04 20:21:30,4995,XAUUSD,buy,out,0.01,4898.65,5006,-0.04,0.00,0.01,1 055.46,sl 4898.65
2026.02.04 20:45:19,4996,XAUUSD,sell,in,0.01,4916.88,5007,-0.04,0.00,0.00,1 055.42,
2026.02.04 20:46:18,4997,XAUUSD,buy,out,0.01,4912.29,5008,-0.04,0.00,4.59,1 059.97,sl 4912.24
2026.02.04 21:21:09,4998,XAUUSD,sell,in,0.01,4930.26,5009,-0.04,0.00,0.00,1 059.93,
2026.02.04 21:21:45,4999,XAUUSD,buy,out,0.01,4930.25,5010,-0.04,0.00,0.01,1 059.90,sl 4930.25
2026.02.04 22:11:50,5000,XAUUSD,sell,in,0.01,4925.86,5011,-0.04,0.00,0.00,1 059.86,
2026.02.04 22:12:16,5001,XAUUSD,buy,out,0.01,4925.14,5012,-0.04,0.00,0.72,1 060.54,sl 4924.89
2026.02.04 22:36:06,5002,XAUUSD,sell,in,0.01,4930.66,5013,-0.04,0.00,0.00,1 060.50,
2026.02.04 23:15:16,5003,XAUUSD,buy,out,0.01,4957.97,5014,-0.04,0.00,-27.31,1 033.15,
2026.02.05 01:02:03,5004,XAUUSD,buy,in,0.01,4986.88,5015,-0.04,0.00,0.00,1 033.11,
2026.02.05 01:02:49,5005,XAUUSD,sell,out,0.01,4994.19,5016,-0.04,0.00,7.31,1 040.38,sl 4994.21
2026.02.05 01:26:03,5006,XAUUSD,buy,in,0.01,5015.74,5017,-0.04,0.00,0.00,1 040.34,
2026.02.05 01:26:09,5007,XAUUSD,sell,out,0.01,5016.28,5018,-0.04,0.00,0.54,1 040.84,sl 5016.30
2026.02.05 01:50:06,5008,XAUUSD,buy,in,0.01,5022.87,5019,-0.04,0.00,0.00,1 040.80,
2026.02.05 03:15:28,5009,XAUUSD,sell,out,0.01,4956.46,5020,-0.04,0.00,-66.41,974.35,
2026.02.05 04:07:53,5010,XAUUSD,sell,in,0.01,4934.28,5021,-0.04,0.00,0.00,974.31,
2026.02.05 04:09:41,5011,XAUUSD,buy,out,0.01,4934.20,5022,-0.04,0.00,0.08,974.35,sl 4934.19
2026.02.05 04:32:23,5012,XAUUSD,sell,in,0.01,4929.06,5023,-0.04,0.00,0.00,974.31,
2026.02.05 04:32:32,5013,XAUUSD,buy,out,0.01,4927.68,5024,-0.04,0.00,1.38,975.65,sl 4927.68
2026.02.05 04:56:23,5014,XAUUSD,sell,in,0.01,4847.75,5025,-0.04,0.00,0.00,975.61,
2026.02.05 04:56:52,5015,XAUUSD,buy,out,0.01,4847.21,5026,-0.04,0.00,0.54,976.11,sl 4846.40
2026.02.05 05:20:29,5016,XAUUSD,sell,in,0.01,4867.70,5027,-0.04,0.00,0.00,976.07,
2026.02.05 05:27:17,5017,XAUUSD,buy,out,0.01,4867.88,5028,-0.04,0.00,-0.18,975.85,sl 4867.54
2026.02.05 05:44:36,5018,XAUUSD,sell,in,0.01,4865.75,5029,-0.04,0.00,0.00,975.81,
2026.02.05 05:44:52,5019,XAUUSD,buy,out,0.01,4865.52,5030,-0.04,0.00,0.23,976.00,sl 4865.17
2026.02.05 06:08:43,5020,XAUUSD,sell,in,0.01,4864.96,5031,-0.04,0.00,0.00,975.96,
2026.02.05 06:57:49,5021,XAUUSD,buy,in,0.15,4870.16,5032,-0.53,0.00,0.00,975.43,
2026.02.05 06:58:29,5022,XAUUSD,sell,out,0.15,4870.36,5033,-0.53,0.00,3.00,977.90,sl 4870.51
2026.02.05 07:00:14,5023,XAUUSD,buy,out,0.01,4864.62,5034,-0.04,0.00,0.34,978.20,sl 4864.58
2026.02.06 08:17:19,5024,XAUUSD,sell,in,0.01,4862.30,5035,-0.04,0.00,0.00,978.16,
2026.02.06 08:18:34,5025,XAUUSD,buy,out,0.01,4863.14,5036,-0.04,0.00,-0.84,977.28,sl 4862.24
2026.02.06 08:41:23,5026,XAUUSD,sell,in,0.01,4839.70,5037,-0.04,0.00,0.00,977.24,
2026.02.06 08:41:34,5027,XAUUSD,buy,out,0.01,4839.78,5038,-0.04,0.00,-0.08,977.12,sl 4839.69
2026.02.06 09:05:23,5028,XAUUSD,sell,in,0.01,4840.53,5039,-0.04,0.00,0.00,977.08,
2026.02.06 09:07:54,5029,XAUUSD,buy,out,0.01,4840.47,5040,-0.04,0.00,0.06,977.10,sl 4840.47
2026.02.06 09:29:28,5030,XAUUSD,sell,in,0.01,4860.12,5041,-0.04,0.00,0.00,977.06,
2026.02.06 09:30:10,5031,XAUUSD,buy,out,0.01,4858.59,5042,-0.04,0.00,1.53,978.55,sl 4858.45
2026.02.06 09:53:28,5032,XAUUSD,sell,in,0.01,4850.84,5043,-0.04,0.00,0.00,978.51,
2026.02.06 09:55:07,5033,XAUUSD,buy,out,0.01,4849.77,5044,-0.04,0.00,1.07,979.54,sl 4849.75
2026.02.06 10:17:30,5034,XAUUSD,sell,in,0.01,4851.99,5045,-0.04,0.00,0.00,979.50,
2026.02.06 10:17:40,5035,XAUUSD,buy,out,0.01,4851.92,5046,-0.04,0.00,0.07,979.53,sl 4851.92
2026.02.06 10:41:48,5036,XAUUSD,sell,in,0.01,4858.56,5047,-0.04,0.00,0.00,979.49,
2026.02.06 10:42:19,5037,XAUUSD,buy,out,0.01,4858.24,5048,-0.04,0.00,0.32,979.77,sl 4858.23
2026.02.06 11:05:55,5038,XAUUSD,sell,in,0.01,4854.00,5049,-0.04,0.00,0.00,979.73,
2026.02.06 11:06:20,5039,XAUUSD,buy,out,0.01,4853.61,5050,-0.04,0.00,0.39,980.08,sl 4853.46
2026.02.06 11:45:03,5040,XAUUSD,sell,in,0.01,4858.34,5051,-0.04,0.00,0.00,980.04,
2026.02.06 12:22:35,5041,XAUUSD,buy,out,0.01,4858.43,5052,-0.04,0.00,-0.09,979.91,sl 4858.33
2026.02.06 12:22:37,5042,XAUUSD,sell,in,0.01,4858.90,5053,-0.04,0.00,0.00,979.87,
2026.02.06 12:23:14,5043,XAUUSD,buy,out,0.01,4858.35,5054,-0.04,0.00,0.55,980.38,sl 4858.23
2026.02.06 15:01:33,5044,XAUUSD,buy,in,0.01,4917.10,5055,-0.04,0.00,0.00,980.34,
2026.02.06 15:02:06,5045,XAUUSD,sell,out,0.01,4922.10,5056,-0.04,0.00,5.00,985.30,sl 4922.11
2026.02.06 15:25:41,5046,XAUUSD,buy,in,0.01,4922.20,5057,-0.04,0.00,0.00,985.26,
2026.02.06 15:31:35,5047,XAUUSD,sell,out,0.01,4923.43,5058,-0.04,0.00,1.23,986.45,sl 4923.50
2026.02.06 15:49:46,5048,XAUUSD,buy,in,0.01,4929.63,5059,-0.04,0.00,0.00,986.41,
2026.02.06 15:50:02,5049,XAUUSD,sell,out,0.01,4929.90,5060,-0.04,0.00,0.27,986.64,sl 4929.90
2026.02.06 16:13:53,5050,XAUUSD,buy,in,0.01,4923.82,5061,-0.04,0.00,0.00,986.60,
2026.02.06 16:16:21,5051,XAUUSD,sell,out,0.01,4924.73,5062,-0.04,0.00,0.91,987.47,sl 4925.05
2026.02.06 16:37:52,5052,XAUUSD,buy,in,0.01,4943.32,5063,-0.04,0.00,0.00,987.43,
2026.02.06 16:38:11,5053,XAUUSD,sell,out,0.01,4945.74,5064,-0.04,0.00,2.42,989.81,sl 4945.87
2026.02.06 17:01:57,5054,XAUUSD,buy,in,0.01,4949.42,5065,-0.04,0.00,0.00,989.77,
2026.02.06 17:05:34,5055,XAUUSD,sell,out,0.01,4949.94,5066,-0.04,0.00,0.52,990.25,sl 4950.69
2026.02.06 17:26:00,5056,XAUUSD,buy,in,0.01,4952.59,5067,-0.04,0.00,0.00,990.21,
2026.02.06 17:26:09,5057,XAUUSD,sell,out,0.01,4952.72,5068,-0.04,0.00,0.13,990.30,sl 4952.95
2026.02.06 17:50:02,5058,XAUUSD,buy,in,0.01,4942.20,5069,-0.04,0.00,0.00,990.26,
2026.02.06 17:50:45,5059,XAUUSD,sell,out,0.01,4942.12,5070,-0.04,0.00,-0.08,990.14,sl 4942.28
2026.02.06 18:14:01,5060,XAUUSD,buy,in,0.01,4944.64,5071,-0.04,0.00,0.00,990.10,
2026.02.06 18:19:17,5061,XAUUSD,sell,out,0.01,4944.79,5072,-0.04,0.00,0.15,990.21,sl 4944.79
2026.02.06 18:38:09,5062,XAUUSD,buy,in,0.01,4931.98,5073,-0.04,0.00,0.00,990.17,
2026.02.06 18:39:13,5063,XAUUSD,sell,out,0.01,4936.02,5074,-0.04,0.00,4.04,994.17,sl 4936.21
2026.02.06 19:02:09,5064,XAUUSD,buy,in,0.01,4954.18,5075,-0.04,0.00,0.00,994.13,
2026.02.06 19:02:25,5065,XAUUSD,sell,out,0.01,4955.38,5076,-0.04,0.00,1.20,995.29,sl 4955.63
2026.02.06 19:26:10,5066,XAUUSD,buy,in,0.01,4958.85,5077,-0.04,0.00,0.00,995.25,
2026.02.06 19:31:07,5067,XAUUSD,sell,out,0.01,4966.03,5078,-0.04,0.00,7.18,1 002.39,sl 4966.03
2026.02.06 19:50:12,5068,XAUUSD,buy,in,0.01,4958.68,5079,-0.04,0.00,0.00,1 002.35,
2026.02.06 19:50:38,5069,XAUUSD,sell,out,0.01,4958.74,5080,-0.04,0.00,0.06,1 002.37,sl 4958.74
2026.02.06 20:14:13,5070,XAUUSD,buy,in,0.01,4965.53,5081,-0.04,0.00,0.00,1 002.33,
2026.02.06 20:14:37,5071,XAUUSD,sell,out,0.01,4965.95,5082,-0.04,0.00,0.42,1 002.71,sl 4966.01
2026.02.06 20:38:15,5072,XAUUSD,buy,in,0.01,4964.93,5083,-0.04,0.00,0.00,1 002.67,
2026.02.06 20:38:46,5073,XAUUSD,sell,out,0.01,4965.02,5084,-0.04,0.00,0.09,1 002.72,sl 4965.05
2026.02.06 21:02:23,5074,XAUUSD,buy,in,0.01,4962.21,5085,-0.04,0.00,0.00,1 002.68,
2026.02.06 21:50:37,5075,XAUUSD,sell,out,0.01,4962.32,5086,-0.04,0.00,0.11,1 002.75,sl 4962.35
2026.02.06 21:50:42,5076,XAUUSD,buy,in,0.01,4962.15,5087,-0.04,0.00,0.00,1 002.71,
2026.02.06 23:39:05,5077,XAUUSD,sell,out,0.01,4963.48,5088,-0.04,0.00,1.33,1 004.00,sl 4963.65
2026.02.06 23:39:13,5078,XAUUSD,buy,in,0.01,4963.03,5089,-0.04,0.00,0.00,1 003.96,
2026.02.06 23:54:18,5079,XAUUSD,sell,out,0.01,4963.18,5090,-0.04,0.00,0.15,1 004.07,sl 4963.21
2026.02.09 01:02:16,5080,XAUUSD,buy,in,0.01,4966.36,5091,-0.04,0.00,0.00,1 004.03,
2026.02.09 01:03:03,5081,XAUUSD,sell,out,0.01,4980.43,5092,-0.04,0.00,14.07,1 018.06,sl 4980.95
2026.02.09 01:26:21,5082,XAUUSD,buy,in,0.01,5011.35,5093,-0.04,0.00,0.00,1 018.02,
2026.02.09 01:26:45,5083,XAUUSD,sell,out,0.01,5013.87,5094,-0.04,0.00,2.52,1 020.50,sl 5014.34
2026.02.09 01:50:28,5084,XAUUSD,buy,in,0.01,5037.86,5095,-0.04,0.00,0.00,1 020.46,
2026.02.09 01:50:56,5085,XAUUSD,sell,out,0.01,5037.95,5096,-0.04,0.00,0.09,1 020.51,sl 5037.97
2026.02.09 02:14:29,5086,XAUUSD,buy,in,0.01,5032.48,5097,-0.04,0.00,0.00,1 020.47,
2026.02.09 02:17:13,5087,XAUUSD,sell,out,0.01,5038.66,5098,-0.04,0.00,6.18,1 026.61,sl 5038.67
2026.02.09 02:38:28,5088,XAUUSD,buy,in,0.01,5027.61,5099,-0.04,0.00,0.00,1 026.57,
2026.02.09 02:38:37,5089,XAUUSD,sell,out,0.01,5029.77,5100,-0.04,0.00,2.16,1 028.69,sl 5029.81
2026.02.09 03:02:28,5090,XAUUSD,buy,in,0.01,5037.48,5101,-0.04,0.00,0.00,1 028.65,
2026.02.09 03:02:38,5091,XAUUSD,sell,out,0.01,5037.54,5102,-0.04,0.00,0.06,1 028.67,sl 5037.61
2026.02.09 03:26:28,5092,XAUUSD,buy,in,0.01,5017.78,5103,-0.04,0.00,0.00,1 028.63,
2026.02.09 03:28:03,5093,XAUUSD,sell,out,0.01,5018.08,5104,-0.04,0.00,0.30,1 028.89,sl 5018.19
2026.02.09 03:50:44,5094,XAUUSD,buy,in,0.01,4997.20,5105,-0.04,0.00,0.00,1 028.85,
2026.02.09 03:52:04,5095,XAUUSD,sell,out,0.01,4997.14,5106,-0.04,0.00,-0.06,1 028.75,sl 4997.25
2026.02.09 04:14:49,5096,XAUUSD,buy,in,0.01,4997.78,5107,-0.04,0.00,0.00,1 028.71,
2026.02.09 04:21:30,5097,XAUUSD,sell,out,0.01,4998.49,5108,-0.04,0.00,0.71,1 029.38,sl 4998.55
2026.02.09 04:38:48,5098,XAUUSD,buy,in,0.01,5000.27,5109,-0.04,0.00,0.00,1 029.34,
2026.02.09 04:50:35,5099,XAUUSD,sell,out,0.01,5001.16,5110,-0.04,0.00,0.89,1 030.19,sl 5001.19
2026.02.09 05:02:53,5100,XAUUSD,buy,in,0.01,5013.78,5111,-0.04,0.00,0.00,1 030.15,
2026.02.09 05:03:17,5101,XAUUSD,sell,out,0.01,5016.60,5112,-0.04,0.00,2.82,1 032.93,sl 5016.98
2026.02.09 05:26:55,5102,XAUUSD,buy,in,0.01,5023.77,5113,-0.04,0.00,0.00,1 032.89,
2026.02.09 05:27:47,5103,XAUUSD,sell,out,0.01,5023.79,5114,-0.04,0.00,0.02,1 032.87,sl 5023.79
2026.02.09 05:50:56,5104,XAUUSD,buy,in,0.01,5021.92,5115,-0.04,0.00,0.00,1 032.83,
2026.02.09 05:52:27,5105,XAUUSD,sell,out,0.01,5021.83,5116,-0.04,0.00,-0.09,1 032.70,sl 5022.05
2026.02.09 06:14:57,5106,XAUUSD,buy,in,0.01,5014.20,5117,-0.04,0.00,0.00,1 032.66,
2026.02.09 06:16:21,5107,XAUUSD,sell,out,0.01,5022.84,5118,-0.04,0.00,8.64,1 041.26,sl 5022.87
2026.02.09 06:39:03,5108,XAUUSD,buy,in,0.01,5018.71,5119,-0.04,0.00,0.00,1 041.22,
2026.02.09 06:39:32,5109,XAUUSD,sell,out,0.01,5019.81,5120,-0.04,0.00,1.10,1 042.28,sl 5019.84
2026.02.09 07:03:11,5110,XAUUSD,buy,in,0.01,5013.62,5121,-0.04,0.00,0.00,1 042.24,
2026.02.09 07:04:12,5111,XAUUSD,sell,out,0.01,5013.69,5122,-0.04,0.00,0.07,1 042.27,sl 5013.70
2026.02.09 07:27:23,5112,XAUUSD,buy,in,0.01,5027.40,5123,-0.04,0.00,0.00,1 042.23,
2026.02.09 07:27:36,5113,XAUUSD,sell,out,0.01,5027.26,5124,-0.04,0.00,-0.14,1 042.05,sl 5027.47
2026.02.09 07:51:24,5114,XAUUSD,buy,in,0.01,5030.75,5125,-0.04,0.00,0.00,1 042.01,
2026.02.09 07:52:26,5115,XAUUSD,sell,out,0.01,5032.45,5126,-0.04,0.00,1.70,1 043.67,sl 5032.58
2026.02.09 08:15:31,5116,XAUUSD,buy,in,0.01,5035.10,5127,-0.04,0.00,0.00,1 043.63,
2026.02.09 08:16:19,5117,XAUUSD,sell,out,0.01,5035.18,5128,-0.04,0.00,0.08,1 043.67,sl 5035.27
2026.02.09 08:39:38,5118,XAUUSD,buy,in,0.01,5031.88,5129,-0.04,0.00,0.00,1 043.63,
2026.02.09 08:43:25,5119,XAUUSD,sell,out,0.01,5033.54,5130,-0.04,0.00,1.66,1 045.25,sl 5033.73
2026.02.11 15:33:00,5120,XAUUSD,buy,in,0.01,5050.65,5131,-0.04,0.00,0.00,1 045.21,
2026.02.11 15:37:26,5121,XAUUSD,sell,out,0.01,5050.68,5132,-0.04,0.00,0.03,1 045.20,sl 5050.71
2026.02.11 15:57:04,5122,XAUUSD,buy,in,0.01,5068.68,5133,-0.04,0.00,0.00,1 045.16,
2026.02.11 15:58:10,5123,XAUUSD,sell,out,0.01,5068.96,5134,-0.04,0.00,0.28,1 045.40,sl 5068.98
2026.02.11 16:21:13,5124,XAUUSD,buy,in,0.01,5078.82,5135,-0.04,0.00,0.00,1 045.36,
2026.02.11 17:08:43,5125,XAUUSD,sell,out,0.01,5079.39,5136,-0.04,0.00,0.57,1 045.89,sl 5079.48
2026.02.11 17:08:44,5126,XAUUSD,buy,in,0.01,5078.35,5137,-0.04,0.00,0.00,1 045.85,
2026.02.11 17:09:08,5127,XAUUSD,sell,out,0.01,5078.44,5138,-0.04,0.00,0.09,1 045.90,sl 5078.59
2026.02.11 17:35:54,5128,XAUUSD,buy,in,0.01,5054.22,5139,-0.04,0.00,0.00,1 045.86,
2026.02.11 17:36:25,5129,XAUUSD,sell,out,0.01,5057.01,5140,-0.04,0.00,2.79,1 048.61,sl 5057.01
2026.02.11 18:00:01,5130,XAUUSD,buy,in,0.01,5058.58,5141,-0.04,0.00,0.00,1 048.57,
2026.02.11 18:00:37,5131,XAUUSD,sell,out,0.01,5058.88,5142,-0.04,0.00,0.30,1 048.83,sl 5058.95
2026.02.11 18:24:07,5132,XAUUSD,buy,in,0.01,5059.70,5143,-0.04,0.00,0.00,1 048.79,
2026.02.11 18:28:46,5133,XAUUSD,sell,out,0.01,5059.71,5144,-0.04,0.00,0.01,1 048.76,sl 5059.97
2026.02.11 18:48:11,5134,XAUUSD,buy,in,0.01,5074.24,5145,-0.04,0.00,0.00,1 048.72,
2026.02.11 18:52:46,5135,XAUUSD,sell,out,0.01,5074.34,5146,-0.04,0.00,0.10,1 048.78,sl 5074.35
2026.02.11 19:12:12,5136,XAUUSD,buy,in,0.01,5084.02,5147,-0.04,0.00,0.00,1 048.74,
2026.02.11 19:12:46,5137,XAUUSD,sell,out,0.01,5084.30,5148,-0.04,0.00,0.28,1 048.98,sl 5084.55
2026.02.11 19:36:24,5138,XAUUSD,buy,in,0.01,5082.55,5149,-0.04,0.00,0.00,1 048.94,
2026.02.11 19:37:15,5139,XAUUSD,sell,out,0.01,5084.24,5150,-0.04,0.00,1.69,1 050.59,sl 5084.30
2026.02.11 20:00:31,5140,XAUUSD,buy,in,0.01,5091.48,5151,-0.04,0.00,0.00,1 050.55,
2026.02.11 20:04:14,5141,XAUUSD,sell,out,0.01,5091.67,5152,-0.04,0.00,0.19,1 050.70,sl 5091.75
2026.02.11 20:24:36,5142,XAUUSD,buy,in,0.01,5071.38,5153,-0.04,0.00,0.00,1 050.66,
2026.02.11 20:25:19,5143,XAUUSD,sell,out,0.01,5071.54,5154,-0.04,0.00,0.16,1 050.78,sl 5071.57
2026.02.11 20:48:39,5144,XAUUSD,buy,in,0.01,5083.85,5155,-0.04,0.00,0.00,1 050.74,
2026.02.11 20:50:08,5145,XAUUSD,sell,out,0.01,5084.22,5156,-0.04,0.00,0.37,1 051.07,sl 5084.22
2026.02.11 21:12:45,5146,XAUUSD,buy,in,0.01,5089.43,5157,-0.04,0.00,0.00,1 051.03,
2026.02.11 21:13:03,5147,XAUUSD,sell,out,0.01,5089.47,5158,-0.04,0.00,0.04,1 051.03,sl 5089.51
2026.02.11 21:36:48,5148,XAUUSD,buy,in,0.01,5087.19,5159,-0.04,0.00,0.00,1 050.99,
2026.02.11 21:49:11,5149,XAUUSD,sell,out,0.01,5087.60,5160,-0.04,0.00,0.41,1 051.36,sl 5087.61
2026.02.11 22:00:54,5150,XAUUSD,buy,in,0.01,5083.91,5161,-0.04,0.00,0.00,1 051.32,
2026.02.11 22:08:39,5151,XAUUSD,sell,out,0.01,5083.96,5162,-0.04,0.00,0.05,1 051.33,sl 5083.99
2026.02.11 22:25:03,5152,XAUUSD,buy,in,0.01,5085.45,5163,-0.04,0.00,0.00,1 051.29,
2026.02.11 22:27:02,5153,XAUUSD,sell,out,0.01,5085.86,5164,-0.04,0.00,0.41,1 051.66,sl 5085.89
2026.02.11 22:49:05,5154,XAUUSD,buy,in,0.01,5088.39,5165,-0.04,0.00,0.00,1 051.62,
2026.02.11 22:55:02,5155,XAUUSD,sell,out,0.01,5089.10,5166,-0.04,0.00,0.71,1 052.29,sl 5089.13
2026.02.11 23:13:05,5156,XAUUSD,buy,in,0.01,5086.17,5167,-0.04,0.00,0.00,1 052.25,
2026.02.11 23:14:29,5157,XAUUSD,sell,out,0.01,5088.00,5168,-0.04,0.00,1.83,1 054.04,sl 5088.37
2026.02.11 23:37:13,5158,XAUUSD,buy,in,0.01,5079.32,5169,-0.04,0.00,0.00,1 054.00,
2026.02.11 23:39:03,5159,XAUUSD,sell,out,0.01,5080.41,5170,-0.04,0.00,1.09,1 055.05,sl 5080.42
2026.02.12 01:02:02,5160,XAUUSD,buy,in,0.01,5098.90,5171,-0.04,0.00,0.00,1 055.01,
2026.02.12 01:02:28,5161,XAUUSD,sell,out,0.01,5099.16,5172,-0.04,0.00,0.26,1 055.23,sl 5099.21
2026.02.12 01:26:06,5162,XAUUSD,buy,in,0.01,5070.31,5173,-0.04,0.00,0.00,1 055.19,
2026.02.12 03:53:08,5163,XAUUSD,sell,in,0.15,5058.52,5174,-0.53,0.00,0.00,1 054.66,
2026.02.12 03:53:51,5164,XAUUSD,buy,out,0.15,5058.31,5175,-0.53,0.00,3.15,1 057.28,sl 5058.26
2026.02.12 04:01:12,5165,XAUUSD,sell,out,0.01,5070.96,5176,-0.04,0.00,0.65,1 057.89,sl 5070.97
2026.02.12 18:11:49,5166,XAUUSD,sell,in,0.01,5015.14,5177,-0.04,0.00,0.00,1 057.85,
2026.02.12 18:11:59,5167,XAUUSD,buy,out,0.01,5015.24,5178,-0.04,0.00,-0.10,1 057.71,sl 5015.10
2026.02.12 18:35:50,5168,XAUUSD,sell,in,0.01,4945.79,5179,-0.04,0.00,0.00,1 057.67,
2026.02.12 18:36:20,5169,XAUUSD,buy,out,0.01,4940.54,5180,-0.04,0.00,5.25,1 062.88,sl 4940.50
2026.02.12 18:59:54,5170,XAUUSD,sell,in,0.01,4954.25,5181,-0.04,0.00,0.00,1 062.84,
2026.02.12 19:00:01,5171,XAUUSD,buy,out,0.01,4954.67,5182,-0.04,0.00,-0.42,1 062.38,sl 4954.19
2026.02.12 19:23:58,5172,XAUUSD,sell,in,0.01,4978.02,5183,-0.04,0.00,0.00,1 062.34,
2026.02.12 19:25:02,5173,XAUUSD,buy,out,0.01,4974.51,5184,-0.04,0.00,3.51,1 065.81,sl 4974.17
2026.02.12 19:48:01,5174,XAUUSD,sell,in,0.01,4956.46,5185,-0.04,0.00,0.00,1 065.77,
2026.02.12 19:48:37,5175,XAUUSD,buy,out,0.01,4956.15,5186,-0.04,0.00,0.31,1 066.04,sl 4956.15
2026.02.12 20:12:09,5176,XAUUSD,sell,in,0.01,4932.92,5187,-0.04,0.00,0.00,1 066.00,
2026.02.12 20:12:40,5177,XAUUSD,buy,out,0.01,4933.72,5188,-0.04,0.00,-0.80,1 065.16,sl 4932.78
2026.02.12 20:36:09,5178,XAUUSD,sell,in,0.01,4938.24,5189,-0.04,0.00,0.00,1 065.12,
2026.02.12 20:36:45,5179,XAUUSD,buy,out,0.01,4930.85,5190,-0.04,0.00,7.39,1 072.47,sl 4930.81
2026.02.12 21:00:08,5180,XAUUSD,sell,in,0.01,4937.06,5191,-0.04,0.00,0.00,1 072.43,
2026.02.12 21:00:25,5181,XAUUSD,buy,out,0.01,4936.19,5192,-0.04,0.00,0.87,1 073.26,sl 4935.89
2026.02.12 21:24:11,5182,XAUUSD,sell,in,0.01,4942.66,5193,-0.04,0.00,0.00,1 073.22,
2026.02.12 21:24:29,5183,XAUUSD,buy,out,0.01,4942.48,5194,-0.04,0.00,0.18,1 073.36,sl 4942.22
2026.02.12 21:48:26,5184,XAUUSD,sell,in,0.01,4949.28,5195,-0.04,0.00,0.00,1 073.32,
2026.02.12 21:57:19,5185,XAUUSD,buy,out,0.01,4949.25,5196,-0.04,0.00,0.03,1 073.31,sl 4949.11
2026.02.12 22:12:29,5186,XAUUSD,sell,in,0.01,4941.64,5197,-0.04,0.00,0.00,1 073.27,
2026.02.12 22:12:43,5187,XAUUSD,buy,out,0.01,4941.80,5198,-0.04,0.00,-0.16,1 073.07,sl 4941.61
2026.02.12 22:36:40,5188,XAUUSD,sell,in,0.01,4924.97,5199,-0.04,0.00,0.00,1 073.03,
2026.02.12 22:37:18,5189,XAUUSD,buy,out,0.01,4922.86,5200,-0.04,0.00,2.11,1 075.10,sl 4922.84
2026.02.12 23:00:43,5190,XAUUSD,sell,in,0.01,4915.48,5201,-0.04,0.00,0.00,1 075.06,
2026.02.12 23:01:21,5191,XAUUSD,buy,out,0.01,4914.51,5202,-0.04,0.00,0.97,1 075.99,sl 4914.51
2026.02.12 23:24:45,5192,XAUUSD,sell,in,0.01,4923.05,5203,-0.04,0.00,0.00,1 075.95,
2026.02.12 23:25:10,5193,XAUUSD,buy,out,0.01,4923.71,5204,-0.04,0.00,-0.66,1 075.25,sl 4923.02
2026.02.12 23:48:49,5194,XAUUSD,sell,in,0.01,4919.24,5205,-0.04,0.00,0.00,1 075.21,
2026.02.13 01:02:13,5195,XAUUSD,buy,out,0.01,4896.24,5206,-0.04,0.45,23.00,1 098.62,sl 4895.95
2026.02.13 16:40:50,5196,XAUUSD,sell,in,0.01,4977.06,5207,-0.04,0.00,0.00,1 098.58,
2026.02.13 16:41:11,5197,XAUUSD,buy,out,0.01,4976.26,5208,-0.04,0.00,0.80,1 099.34,sl 4976.24
2026.02.13 17:59:02,5198,XAUUSD,sell,in,0.01,4977.90,5209,-0.04,0.00,0.00,1 099.30,
2026.02.13 17:59:05,5199,XAUUSD,buy,out,0.01,4975.85,5210,-0.04,0.00,2.05,1 101.31,sl 4975.56
2026.02.13 18:28:57,5200,XAUUSD,buy,in,0.01,5032.15,5211,-0.04,0.00,0.00,1 101.27,
2026.02.13 18:29:02,5201,XAUUSD,sell,out,0.01,5032.30,5212,-0.04,0.00,0.15,1 101.38,sl 5032.33
2026.02.13 20:54:24,5202,XAUUSD,buy,in,0.01,5035.57,5213,-0.04,0.00,0.00,1 101.34,
2026.02.13 21:05:23,5203,XAUUSD,sell,out,0.01,5037.26,5214,-0.04,0.00,1.69,1 102.99,sl 5037.31
2026.02.13 21:18:34,5204,XAUUSD,buy,in,0.01,5037.29,5215,-0.04,0.00,0.00,1 102.95,
2026.02.13 21:19:04,5205,XAUUSD,sell,out,0.01,5037.42,5216,-0.04,0.00,0.13,1 103.04,sl 5037.43
2026.02.13 21:42:35,5206,XAUUSD,buy,in,0.01,5035.31,5217,-0.04,0.00,0.00,1 103.00,
2026.02.13 21:46:28,5207,XAUUSD,sell,out,0.01,5036.79,5218,-0.04,0.00,1.48,1 104.44,sl 5036.79
2026.02.13 22:41:04,5208,XAUUSD,buy,in,0.01,5034.21,5219,-0.04,0.00,0.00,1 104.40,
2026.02.13 23:00:13,5209,XAUUSD,sell,out,0.01,5033.92,5220,-0.04,0.00,-0.29,1 104.07,sl 5034.23
2026.02.13 23:05:28,5210,XAUUSD,buy,in,0.01,5034.82,5221,-0.04,0.00,0.00,1 104.03,
2026.02.13 23:06:11,5211,XAUUSD,sell,out,0.01,5034.89,5222,-0.04,0.00,0.07,1 104.06,sl 5034.89
2026.02.13 23:33:39,5212,XAUUSD,buy,in,0.01,5035.05,5223,-0.04,0.00,0.00,1 104.02,
2026.02.13 23:42:03,5213,XAUUSD,sell,out,0.01,5037.79,5224,-0.04,0.00,2.74,1 106.72,sl 5037.95
2026.02.16 05:49:13,5214,XAUUSD,sell,in,0.01,4977.76,5225,-0.04,0.00,0.00,1 106.68,
2026.02.16 06:09:34,5215,XAUUSD,buy,out,0.01,4977.11,5226,-0.04,0.00,0.65,1 107.29,sl 4976.84
2026.02.16 06:13:13,5216,XAUUSD,sell,in,0.01,4973.99,5227,-0.04,0.00,0.00,1 107.25,
2026.02.16 07:02:22,5217,XAUUSD,buy,in,0.15,4977.12,5228,-0.53,0.00,0.00,1 106.72,
2026.02.16 07:03:34,5218,XAUUSD,buy,out,0.01,4968.11,5229,-0.04,0.00,5.88,1 112.56,sl 4968.08
2026.02.16 07:05:01,5219,XAUUSD,sell,out,0.15,4977.41,5230,-0.53,0.00,4.35,1 116.38,sl 4977.48
2026.02.16 17:02:58,5220,XAUUSD,sell,in,0.01,4977.46,5231,-0.04,0.00,0.00,1 116.34,
2026.02.16 17:03:11,5221,XAUUSD,buy,out,0.01,4977.32,5232,-0.04,0.00,0.14,1 116.44,sl 4977.32
2026.02.16 17:31:44,5222,XAUUSD,sell,in,0.01,4977.42,5233,-0.04,0.00,0.00,1 116.40,
2026.02.16 17:34:32,5223,XAUUSD,buy,out,0.01,4976.58,5234,-0.04,0.00,0.84,1 117.20,sl 4976.48
2026.02.16 18:03:14,5224,XAUUSD,sell,in,0.01,4975.58,5235,-0.04,0.00,0.00,1 117.16,
2026.02.16 18:03:23,5225,XAUUSD,buy,out,0.01,4975.60,5236,-0.04,0.00,-0.02,1 117.10,sl 4975.52
2026.02.17 02:23:05,5226,XAUUSD,sell,in,0.01,4976.24,5237,-0.04,0.00,0.00,1 117.06,
2026.02.17 02:25:27,5227,XAUUSD,buy,out,0.01,4972.66,5238,-0.04,0.00,3.58,1 120.60,sl 4972.66
2026.02.17 02:47:12,5228,XAUUSD,sell,in,0.01,4969.35,5239,-0.04,0.00,0.00,1 120.56,
2026.02.17 02:49:22,5229,XAUUSD,buy,out,0.01,4969.36,5240,-0.04,0.00,-0.01,1 120.51,sl 4969.32
2026.02.17 03:11:17,5230,XAUUSD,sell,in,0.01,4949.42,5241,-0.04,0.00,0.00,1 120.47,
2026.02.17 03:12:21,5231,XAUUSD,buy,out,0.01,4949.05,5242,-0.04,0.00,0.37,1 120.80,sl 4949.00
2026.02.17 03:35:17,5232,XAUUSD,sell,in,0.01,4959.54,5243,-0.04,0.00,0.00,1 120.76,
2026.02.17 03:35:52,5233,XAUUSD,buy,out,0.01,4959.52,5244,-0.04,0.00,0.02,1 120.74,sl 4959.42
2026.02.17 03:59:23,5234,XAUUSD,sell,in,0.01,4958.12,5245,-0.04,0.00,0.00,1 120.70,
2026.02.17 04:00:31,5235,XAUUSD,buy,out,0.01,4957.07,5246,-0.04,0.00,1.05,1 121.71,sl 4956.99
2026.02.17 04:23:26,5236,XAUUSD,sell,in,0.01,4970.51,5247,-0.04,0.00,0.00,1 121.67,
2026.02.17 04:25:02,5237,XAUUSD,buy,out,0.01,4968.26,5248,-0.04,0.00,2.25,1 123.88,sl 4968.11
2026.02.17 04:47:30,5238,XAUUSD,sell,in,0.01,4962.29,5249,-0.04,0.00,0.00,1 123.84,
2026.02.17 04:50:45,5239,XAUUSD,buy,out,0.01,4961.79,5250,-0.04,0.00,0.50,1 124.30,sl 4961.77
2026.02.17 05:11:29,5240,XAUUSD,sell,in,0.01,4963.74,5251,-0.04,0.00,0.00,1 124.26,
2026.02.17 05:13:09,5241,XAUUSD,buy,out,0.01,4962.03,5252,-0.04,0.00,1.71,1 125.93,sl 4961.93
2026.02.17 05:35:32,5242,XAUUSD,sell,in,0.01,4952.92,5253,-0.04,0.00,0.00,1 125.89,
2026.02.17 05:37:19,5243,XAUUSD,buy,out,0.01,4951.07,5254,-0.04,0.00,1.85,1 127.70,sl 4951.01
2026.02.17 05:59:37,5244,XAUUSD,sell,in,0.01,4956.46,5255,-0.04,0.00,0.00,1 127.66,
2026.02.17 06:01:16,5245,XAUUSD,buy,out,0.01,4953.74,5256,-0.04,0.00,2.72,1 130.34,sl 4953.74
2026.02.17 06:23:45,5246,XAUUSD,sell,in,0.01,4957.35,5257,-0.04,0.00,0.00,1 130.30,
2026.02.17 06:24:14,5247,XAUUSD,buy,out,0.01,4957.20,5258,-0.04,0.00,0.15,1 130.41,sl 4957.16
2026.02.17 06:47:45,5248,XAUUSD,sell,in,0.01,4951.51,5259,-0.04,0.00,0.00,1 130.37,
2026.02.17 06:49:45,5249,XAUUSD,buy,out,0.01,4951.10,5260,-0.04,0.00,0.41,1 130.74,sl 4951.08
2026.02.17 07:11:51,5250,XAUUSD,sell,in,0.01,4942.86,5261,-0.04,0.00,0.00,1 130.70,
2026.02.17 07:13:41,5251,XAUUSD,buy,out,0.01,4936.13,5262,-0.04,0.00,6.73,1 137.39,sl 4936.08
2026.02.17 07:35:56,5252,XAUUSD,sell,in,0.01,4877.16,5263,-0.04,0.00,0.00,1 137.35,
2026.02.17 07:40:37,5253,XAUUSD,buy,out,0.01,4877.70,5264,-0.04,0.00,-0.54,1 136.77,sl 4877.12
2026.02.17 08:00:01,5254,XAUUSD,sell,in,0.01,4890.67,5265,-0.04,0.00,0.00,1 136.73,
2026.02.17 08:00:12,5255,XAUUSD,buy,out,0.01,4890.33,5266,-0.04,0.00,0.34,1 137.03,sl 4890.19
2026.02.17 08:24:03,5256,XAUUSD,sell,in,0.01,4898.54,5267,-0.04,0.00,0.00,1 136.99,
2026.02.17 08:25:34,5257,XAUUSD,buy,out,0.01,4895.28,5268,-0.04,0.00,3.26,1 140.21,sl 4895.11
2026.02.17 08:48:03,5258,XAUUSD,sell,in,0.01,4902.50,5269,-0.04,0.00,0.00,1 140.17,
2026.02.17 09:37:04,5259,XAUUSD,buy,in,0.15,4912.58,5270,-0.53,0.00,0.00,1 139.64,
2026.02.17 09:38:25,5260,XAUUSD,sell,out,0.15,4915.20,5271,-0.53,0.00,39.30,1 178.41,sl 4915.25
2026.02.17 15:56:35,5261,XAUUSD,buy,out,0.01,4897.62,5272,-0.04,0.00,4.88,1 183.25,sl 4896.50
2026.02.18 15:37:07,5262,XAUUSD,buy,in,0.01,4967.94,5273,-0.04,0.00,0.00,1 183.21,
2026.02.18 16:32:38,5263,XAUUSD,sell,out,0.01,4975.04,5274,-0.04,0.00,7.10,1 190.27,sl 4975.05
2026.02.18 16:32:48,5264,XAUUSD,buy,in,0.01,4975.04,5275,-0.04,0.00,0.00,1 190.23,
2026.02.18 16:33:13,5265,XAUUSD,sell,out,0.01,4974.96,5276,-0.04,0.00,-0.08,1 190.11,sl 4975.07
2026.02.18 16:56:50,5266,XAUUSD,buy,in,0.01,4991.38,5277,-0.04,0.00,0.00,1 190.07,
2026.02.18 16:57:12,5267,XAUUSD,sell,out,0.01,4991.69,5278,-0.04,0.00,0.31,1 190.34,sl 4991.70
2026.02.18 17:20:56,5268,XAUUSD,buy,in,0.01,5005.25,5279,-0.04,0.00,0.00,1 190.30,
2026.02.18 17:24:13,5269,XAUUSD,sell,out,0.01,5005.88,5280,-0.04,0.00,0.63,1 190.89,sl 5005.88
2026.02.18 17:45:01,5270,XAUUSD,buy,in,0.01,5000.26,5281,-0.04,0.00,0.00,1 190.85,
2026.02.18 18:04:18,5271,XAUUSD,sell,out,0.01,5002.28,5282,-0.04,0.00,2.02,1 192.83,sl 5002.35
2026.02.18 18:09:09,5272,XAUUSD,buy,in,0.01,5000.88,5283,-0.04,0.00,0.00,1 192.79,
2026.02.18 18:35:04,5273,XAUUSD,sell,out,0.01,5001.05,5284,-0.04,0.00,0.17,1 192.92,sl 5001.23
2026.02.18 18:35:11,5274,XAUUSD,buy,in,0.01,5001.13,5285,-0.04,0.00,0.00,1 192.88,
2026.02.18 18:36:04,5275,XAUUSD,sell,out,0.01,5003.80,5286,-0.04,0.00,2.67,1 195.51,sl 5003.85
2026.02.18 18:59:29,5276,XAUUSD,buy,in,0.01,5001.06,5287,-0.04,0.00,0.00,1 195.47,
2026.02.18 20:02:22,5277,XAUUSD,sell,out,0.01,5001.06,5288,-0.04,0.00,0.00,1 195.43,sl 5001.09
2026.02.18 20:02:24,5278,XAUUSD,buy,in,0.01,5001.11,5289,-0.04,0.00,0.00,1 195.39,
2026.02.18 20:03:50,5279,XAUUSD,sell,out,0.01,5001.17,5290,-0.04,0.00,0.06,1 195.41,sl 5001.18
2026.02.18 20:26:27,5280,XAUUSD,buy,in,0.01,4992.60,5291,-0.04,0.00,0.00,1 195.37,
2026.02.18 20:26:43,5281,XAUUSD,sell,out,0.01,4992.70,5292,-0.04,0.00,0.10,1 195.43,sl 4992.72
2026.02.18 20:50:30,5282,XAUUSD,buy,in,0.01,4985.89,5293,-0.04,0.00,0.00,1 195.39,
2026.02.18 20:50:51,5283,XAUUSD,sell,out,0.01,4986.21,5294,-0.04,0.00,0.32,1 195.67,sl 4986.25
2026.02.18 21:14:28,5284,XAUUSD,buy,in,0.01,4992.48,5295,-0.04,0.00,0.00,1 195.63,
2026.02.18 21:14:43,5285,XAUUSD,sell,out,0.01,4992.25,5296,-0.04,0.00,-0.23,1 195.36,sl 4992.52
2026.02.18 21:38:32,5286,XAUUSD,buy,in,0.01,4983.55,5297,-0.04,0.00,0.00,1 195.32,
2026.02.18 21:45:38,5287,XAUUSD,sell,out,0.01,4983.42,5298,-0.04,0.00,-0.13,1 195.15,sl 4983.59
2026.02.18 22:02:35,5288,XAUUSD,buy,in,0.01,4981.31,5299,-0.04,0.00,0.00,1 195.11,
2026.02.18 22:03:04,5289,XAUUSD,sell,out,0.01,4981.42,5300,-0.04,0.00,0.11,1 195.18,sl 4981.43
2026.02.18 22:26:53,5290,XAUUSD,buy,in,0.01,4979.62,5301,-0.04,0.00,0.00,1 195.14,
2026.02.18 22:32:39,5291,XAUUSD,sell,out,0.01,4980.26,5302,-0.04,0.00,0.64,1 195.74,sl 4980.35
2026.02.18 22:50:53,5292,XAUUSD,buy,in,0.01,4985.65,5303,-0.04,0.00,0.00,1 195.70,
2026.02.18 23:04:08,5293,XAUUSD,sell,out,0.01,4986.01,5304,-0.04,0.00,0.36,1 196.02,sl 4986.01
2026.02.18 23:15:01,5294,XAUUSD,buy,in,0.01,4981.01,5305,-0.04,0.00,0.00,1 195.98,
2026.02.18 23:19:58,5295,XAUUSD,sell,out,0.01,4983.23,5306,-0.04,0.00,2.22,1 198.16,sl 4983.26
2026.02.18 23:39:06,5296,XAUUSD,buy,in,0.01,4980.81,5307,-0.04,0.00,0.00,1 198.12,
2026.02.19 01:25:31,5297,XAUUSD,sell,out,0.01,4982.55,5308,-0.04,-1.56,1.74,1 198.26,sl 4982.60
2026.02.19 01:25:35,5298,XAUUSD,buy,in,0.01,4982.19,5309,-0.04,0.00,0.00,1 198.22,
2026.02.19 01:26:06,5299,XAUUSD,sell,out,0.01,4982.56,5310,-0.04,0.00,0.37,1 198.55,sl 4982.56
2026.02.19 01:50:00,5300,XAUUSD,buy,in,0.01,4979.74,5311,-0.04,0.00,0.00,1 198.51,
2026.02.19 01:51:10,5301,XAUUSD,sell,out,0.01,4979.80,5312,-0.04,0.00,0.06,1 198.53,sl 4980.23
2026.02.19 05:47:59,5302,XAUUSD,buy,in,0.01,4981.00,5313,-0.04,0.00,0.00,1 198.49,
2026.02.19 05:48:32,5303,XAUUSD,sell,out,0.01,4980.95,5314,-0.04,0.00,-0.05,1 198.40,sl 4981.02
2026.02.19 06:12:07,5304,XAUUSD,buy,in,0.01,4984.10,5315,-0.04,0.00,0.00,1 198.36,
2026.02.19 06:12:21,5305,XAUUSD,sell,out,0.01,4984.33,5316,-0.04,0.00,0.23,1 198.55,sl 4984.33
2026.02.19 06:36:14,5306,XAUUSD,buy,in,0.01,4983.19,5317,-0.04,0.00,0.00,1 198.51,
2026.02.19 06:55:52,5307,XAUUSD,sell,out,0.01,4983.59,5318,-0.04,0.00,0.40,1 198.87,sl 4983.85
2026.02.19 07:00:22,5308,XAUUSD,buy,in,0.01,4986.64,5319,-0.04,0.00,0.00,1 198.83,
2026.02.19 07:03:22,5309,XAUUSD,sell,out,0.01,4987.23,5320,-0.04,0.00,0.59,1 199.38,sl 4987.23
2026.02.19 07:24:22,5310,XAUUSD,buy,in,0.01,4988.54,5321,-0.04,0.00,0.00,1 199.34,
2026.02.19 07:26:49,5311,XAUUSD,sell,out,0.01,4989.43,5322,-0.04,0.00,0.89,1 200.19,sl 4989.60
2026.02.19 07:48:40,5312,XAUUSD,buy,in,0.01,4998.09,5323,-0.04,0.00,0.00,1 200.15,
2026.02.19 08:00:41,5313,XAUUSD,sell,out,0.01,4998.75,5324,-0.04,0.00,0.66,1 200.77,sl 4998.84
2026.02.19 08:12:46,5314,XAUUSD,buy,in,0.01,4998.46,5325,-0.04,0.00,0.00,1 200.73,
2026.02.19 08:14:29,5315,XAUUSD,sell,out,0.01,4998.63,5326,-0.04,0.00,0.17,1 200.86,sl 4998.63
2026.02.19 08:36:50,5316,XAUUSD,buy,in,0.01,5008.22,5327,-0.04,0.00,0.00,1 200.82,
2026.02.19 08:38:47,5317,XAUUSD,sell,out,0.01,5008.27,5328,-0.04,0.00,0.05,1 200.83,sl 5008.29
2026.02.19 09:00:51,5318,XAUUSD,buy,in,0.01,5019.53,5329,-0.04,0.00,0.00,1 200.79,
2026.02.19 09:02:44,5319,XAUUSD,sell,out,0.01,5019.57,5330,-0.04,0.00,0.04,1 200.79,sl 5019.57
2026.02.19 09:25:06,5320,XAUUSD,buy,in,0.01,5016.76,5331,-0.04,0.00,0.00,1 200.75,
2026.02.19 09:27:00,5321,XAUUSD,sell,out,0.01,5019.00,5332,-0.04,0.00,2.24,1 202.95,sl 5019.29
2026.02.19 09:49:07,5322,XAUUSD,buy,in,0.01,5014.47,5333,-0.04,0.00,0.00,1 202.91,
2026.02.19 09:50:10,5323,XAUUSD,sell,out,0.01,5015.23,5334,-0.04,0.00,0.76,1 203.63,sl 5015.24
2026.02.19 10:13:08,5324,XAUUSD,buy,in,0.01,5009.96,5335,-0.04,0.00,0.00,1 203.59,
2026.02.19 10:15:27,5325,XAUUSD,sell,out,0.01,5011.32,5336,-0.04,0.00,1.36,1 204.91,sl 5011.32
2026.02.19 10:37:08,5326,XAUUSD,buy,in,0.01,5010.77,5337,-0.04,0.00,0.00,1 204.87,
2026.02.19 10:37:45,5327,XAUUSD,sell,out,0.01,5011.00,5338,-0.04,0.00,0.23,1 205.06,sl 5011.05
2026.02.19 11:01:10,5328,XAUUSD,buy,in,0.01,5016.43,5339,-0.04,0.00,0.00,1 205.02,
2026.02.19 11:02:10,5329,XAUUSD,sell,out,0.01,5016.61,5340,-0.04,0.00,0.18,1 205.16,sl 5016.61
2026.02.19 11:25:11,5330,XAUUSD,buy,in,0.01,5010.60,5341,-0.04,0.00,0.00,1 205.12,
2026.02.19 13:52:16,5331,XAUUSD,sell,in,0.15,4982.02,5342,-0.53,0.00,0.00,1 204.59,
2026.02.19 13:53:05,5332,XAUUSD,buy,out,0.15,4979.31,5343,-0.53,0.00,40.65,1 244.71,sl 4979.31
2026.02.19 16:34:20,5333,XAUUSD,sell,out,0.01,4964.18,5344,-0.04,0.00,-46.42,1 198.25,
2026.02.19 16:44:25,5334,XAUUSD,buy,in,0.01,4994.30,5345,-0.04,0.00,0.00,1 198.21,
2026.02.19 16:44:39,5335,XAUUSD,sell,out,0.01,4994.29,5346,-0.04,0.00,-0.01,1 198.16,sl 4994.37
2026.02.19 17:08:34,5336,XAUUSD,buy,in,0.01,5006.08,5347,-0.04,0.00,0.00,1 198.12,
2026.02.19 17:08:51,5337,XAUUSD,sell,out,0.01,5006.91,5348,-0.04,0.00,0.83,1 198.91,sl 5006.92
2026.02.19 17:32:33,5338,XAUUSD,buy,in,0.01,5016.33,5349,-0.04,0.00,0.00,1 198.87,
2026.02.19 17:33:05,5339,XAUUSD,sell,out,0.01,5018.67,5350,-0.04,0.00,2.34,1 201.17,sl 5018.68
2026.02.19 17:56:41,5340,XAUUSD,buy,in,0.01,5009.71,5351,-0.04,0.00,0.00,1 201.13,
2026.02.19 17:58:11,5341,XAUUSD,sell,out,0.01,5010.46,5352,-0.04,0.00,0.75,1 201.84,sl 5010.64
2026.02.19 18:20:42,5342,XAUUSD,buy,in,0.01,5000.84,5353,-0.04,0.00,0.00,1 201.80,
2026.02.19 18:21:08,5343,XAUUSD,sell,out,0.01,5001.56,5354,-0.04,0.00,0.72,1 202.48,sl 5001.61
2026.02.19 18:44:48,5344,XAUUSD,buy,in,0.01,5007.51,5355,-0.04,0.00,0.00,1 202.44,
2026.02.19 21:11:51,5345,XAUUSD,sell,in,0.15,4988.04,5356,-0.53,0.00,0.00,1 201.91,
2026.02.19 21:15:26,5346,XAUUSD,buy,out,0.15,4987.48,5357,-0.53,0.00,8.40,1 209.78,sl 4987.44
2026.02.20 01:09:29,5347,XAUUSD,sell,out,0.01,5007.58,5358,-0.04,-0.52,0.07,1 209.29,sl 5007.68
2026.02.24 16:13:40,5348,XAUUSD,sell,in,0.01,5092.65,5359,-0.04,0.00,0.00,1 209.25,
2026.02.24 16:36:37,5349,XAUUSD,buy,out,0.01,5125.44,5360,-0.04,0.00,-32.79,1 176.42,
2026.02.24 17:45:58,5350,XAUUSD,buy,in,0.01,5155.34,5361,-0.04,0.00,0.00,1 176.38,
2026.02.24 19:11:03,5351,XAUUSD,sell,out,0.01,5155.41,5362,-0.04,0.00,0.07,1 176.41,sl 5155.45
2026.02.24 19:11:09,5352,XAUUSD,buy,in,0.01,5154.89,5363,-0.04,0.00,0.00,1 176.37,
2026.02.24 19:11:43,5353,XAUUSD,sell,out,0.01,5156.05,5364,-0.04,0.00,1.16,1 177.49,sl 5156.22
2026.02.24 19:35:20,5354,XAUUSD,buy,in,0.01,5158.91,5365,-0.04,0.00,0.00,1 177.45,
2026.02.24 19:41:10,5355,XAUUSD,sell,out,0.01,5159.87,5366,-0.04,0.00,0.96,1 178.37,sl 5159.87
2026.02.24 19:59:20,5356,XAUUSD,buy,in,0.01,5162.97,5367,-0.04,0.00,0.00,1 178.33,
2026.02.24 20:00:19,5357,XAUUSD,sell,out,0.01,5165.06,5368,-0.04,0.00,2.09,1 180.38,sl 5165.15
2026.02.24 20:23:21,5358,XAUUSD,buy,in,0.01,5161.69,5369,-0.04,0.00,0.00,1 180.34,
2026.02.24 20:52:26,5359,XAUUSD,sell,out,0.01,5161.64,5370,-0.04,0.00,-0.05,1 180.25,sl 5161.85
2026.02.24 20:52:29,5360,XAUUSD,buy,in,0.01,5162.21,5371,-0.04,0.00,0.00,1 180.21,
2026.02.24 20:56:07,5361,XAUUSD,sell,out,0.01,5162.32,5372,-0.04,0.00,0.11,1 180.28,sl 5162.34
2026.02.24 21:16:33,5362,XAUUSD,buy,in,0.01,5157.02,5373,-0.04,0.00,0.00,1 180.24,
2026.02.24 22:22:00,5363,XAUUSD,sell,out,0.01,5160.07,5374,-0.04,0.00,3.05,1 183.25,sl 5160.12
2026.02.24 22:22:06,5364,XAUUSD,buy,in,0.01,5159.73,5375,-0.04,0.00,0.00,1 183.21,
2026.02.24 22:22:49,5365,XAUUSD,sell,out,0.01,5160.03,5376,-0.04,0.00,0.30,1 183.47,sl 5160.04
2026.02.24 22:46:10,5366,XAUUSD,buy,in,0.01,5171.35,5377,-0.04,0.00,0.00,1 183.43,
2026.02.25 01:13:19,5367,XAUUSD,sell,in,0.15,5133.15,5378,-0.53,0.00,0.00,1 182.90,
2026.02.25 01:13:49,5368,XAUUSD,buy,out,0.15,5132.66,5379,-0.53,0.00,7.35,1 189.72,sl 5132.03
2026.02.25 01:20:23,5369,XAUUSD,sell,in,0.15,5130.83,5380,-0.53,0.00,0.00,1 189.19,
2026.02.25 01:20:38,5370,XAUUSD,buy,out,0.15,5130.77,5381,-0.53,0.00,0.90,1 189.56,sl 5130.77
2026.02.25 03:04:13,5371,XAUUSD,sell,out,0.01,5159.23,5382,-0.04,-0.52,-12.12,1 176.88,
2026.02.26 02:30:09,5372,XAUUSD,buy,in,0.01,5186.92,5383,-0.04,0.00,0.00,1 176.84,
2026.02.26 02:30:15,5373,XAUUSD,sell,out,0.01,5187.90,5384,-0.04,0.00,0.98,1 177.78,sl 5187.90
2026.02.26 02:54:13,5374,XAUUSD,buy,in,0.01,5188.90,5385,-0.04,0.00,0.00,1 177.74,
2026.02.26 02:54:40,5375,XAUUSD,sell,out,0.01,5190.20,5386,-0.04,0.00,1.30,1 179.00,sl 5190.55
2026.02.26 03:18:16,5376,XAUUSD,buy,in,0.01,5191.33,5387,-0.04,0.00,0.00,1 178.96,
2026.02.26 03:21:28,5377,XAUUSD,sell,out,0.01,5194.08,5388,-0.04,0.00,2.75,1 181.67,sl 5194.08
2026.02.26 03:42:19,5378,XAUUSD,buy,in,0.01,5190.19,5389,-0.04,0.00,0.00,1 181.63,
2026.02.26 03:45:43,5379,XAUUSD,sell,out,0.01,5191.62,5390,-0.04,0.00,1.43,1 183.02,sl 5191.65
2026.02.26 04:06:20,5380,XAUUSD,buy,in,0.01,5189.31,5391,-0.04,0.00,0.00,1 182.98,
2026.02.26 04:10:31,5381,XAUUSD,sell,out,0.01,5189.38,5392,-0.04,0.00,0.07,1 183.01,sl 5189.51
2026.02.26 05:15:41,5382,XAUUSD,buy,in,0.01,5190.42,5393,-0.04,0.00,0.00,1 182.97,
2026.02.26 05:17:25,5383,XAUUSD,sell,out,0.01,5191.47,5394,-0.04,0.00,1.05,1 183.98,sl 5191.48
2026.02.26 05:51:56,5384,XAUUSD,buy,in,0.01,5190.38,5395,-0.04,0.00,0.00,1 183.94,
2026.02.26 05:53:22,5385,XAUUSD,sell,out,0.01,5190.38,5396,-0.04,0.00,0.00,1 183.90,sl 5190.49
2026.02.26 06:16:02,5386,XAUUSD,buy,in,0.01,5196.76,5397,-0.04,0.00,0.00,1 183.86,
2026.02.26 07:14:21,5387,XAUUSD,sell,out,0.01,5199.04,5398,-0.04,0.00,2.28,1 186.10,sl 5199.05
2026.02.26 07:14:26,5388,XAUUSD,buy,in,0.01,5198.98,5399,-0.04,0.00,0.00,1 186.06,
2026.02.26 07:16:17,5389,XAUUSD,sell,out,0.01,5201.47,5400,-0.04,0.00,2.49,1 188.51,sl 5201.48
2026.02.26 07:38:32,5390,XAUUSD,buy,in,0.01,5198.60,5401,-0.04,0.00,0.00,1 188.47,
2026.02.26 07:39:08,5391,XAUUSD,sell,out,0.01,5198.61,5402,-0.04,0.00,0.01,1 188.44,sl 5198.70
2026.02.26 08:02:40,5392,XAUUSD,buy,in,0.01,5198.51,5403,-0.04,0.00,0.00,1 188.40,
2026.02.26 08:07:17,5393,XAUUSD,sell,out,0.01,5199.13,5404,-0.04,0.00,0.62,1 188.98,sl 5199.14
2026.02.26 08:26:42,5394,XAUUSD,buy,in,0.01,5195.80,5405,-0.04,0.00,0.00,1 188.94,
2026.02.26 08:27:02,5395,XAUUSD,sell,out,0.01,5196.51,5406,-0.04,0.00,0.71,1 189.61,sl 5196.59
2026.02.26 08:50:57,5396,XAUUSD,buy,in,0.01,5196.44,5407,-0.04,0.00,0.00,1 189.57,
2026.02.26 08:51:18,5397,XAUUSD,sell,out,0.01,5196.59,5408,-0.04,0.00,0.15,1 189.68,sl 5196.62
2026.02.26 17:27:47,5398,XAUUSD,sell,in,0.01,5139.07,5409,-0.04,0.00,0.00,1 189.64,
2026.02.26 17:27:54,5399,XAUUSD,buy,out,0.01,5138.69,5410,-0.04,0.00,0.38,1 189.98,sl 5138.65
2026.02.26 22:13:57,5400,XAUUSD,buy,in,0.01,5197.53,5411,-0.04,0.00,0.00,1 189.94,
2026.02.26 22:25:01,5401,XAUUSD,sell,out,0.01,5197.11,5412,-0.04,0.00,-0.42,1 189.48,sl 5197.58
2026.02.26 22:38:27,5402,XAUUSD,buy,in,0.01,5197.60,5413,-0.04,0.00,0.00,1 189.44,
2026.02.26 22:39:04,5403,XAUUSD,sell,out,0.01,5198.97,5414,-0.04,0.00,1.37,1 190.77,sl 5199.06
2026.02.26 23:02:32,5404,XAUUSD,buy,in,0.01,5197.94,5415,-0.04,0.00,0.00,1 190.73,
2026.02.26 23:03:28,5405,XAUUSD,sell,out,0.01,5198.93,5416,-0.04,0.00,0.99,1 191.68,sl 5199.04
2026.02.27 04:08:05,5406,XAUUSD,buy,in,0.01,5199.67,5417,-0.04,0.00,0.00,1 191.64,
2026.02.27 06:35:20,5407,XAUUSD,sell,in,0.15,5186.81,5418,-0.53,0.00,0.00,1 191.11,
2026.02.27 06:50:46,5408,XAUUSD,buy,out,0.15,5185.77,5419,-0.53,0.00,15.60,1 206.18,sl 5185.75
2026.02.27 10:24:38,5409,XAUUSD,sell,out,0.01,5174.90,5420,-0.04,0.00,-24.77,1 181.37,
2026.02.27 15:07:44,5410,XAUUSD,buy,in,0.01,5207.87,5421,-0.04,0.00,0.00,1 181.33,
2026.02.27 15:07:51,5411,XAUUSD,sell,out,0.01,5207.12,5422,-0.04,0.00,-0.75,1 180.54,sl 5208.01
2026.02.27 15:31:55,5412,XAUUSD,buy,in,0.01,5224.72,5423,-0.04,0.00,0.00,1 180.50,
2026.02.27 15:32:08,5413,XAUUSD,sell,out,0.01,5225.28,5424,-0.04,0.00,0.56,1 181.02,sl 5225.32
2026.02.27 15:55:56,5414,XAUUSD,buy,in,0.01,5215.99,5425,-0.04,0.00,0.00,1 180.98,
2026.02.27 15:56:09,5415,XAUUSD,sell,out,0.01,5216.19,5426,-0.04,0.00,0.20,1 181.14,sl 5216.22
2026.02.27 16:19:57,5416,XAUUSD,buy,in,0.01,5227.94,5427,-0.04,0.00,0.00,1 181.10,
2026.02.27 16:20:14,5417,XAUUSD,sell,out,0.01,5227.96,5428,-0.04,0.00,0.02,1 181.08,sl 5228.10
2026.02.27 16:44:01,5418,XAUUSD,buy,in,0.01,5224.10,5429,-0.04,0.00,0.00,1 181.04,
2026.02.27 16:44:28,5419,XAUUSD,sell,out,0.01,5227.64,5430,-0.04,0.00,3.54,1 184.54,sl 5227.66
2026.02.27 17:08:10,5420,XAUUSD,buy,in,0.01,5232.23,5431,-0.04,0.00,0.00,1 184.50,
2026.02.27 17:08:57,5421,XAUUSD,sell,out,0.01,5235.32,5432,-0.04,0.00,3.09,1 187.55,sl 5235.41
2026.02.27 17:32:16,5422,XAUUSD,buy,in,0.01,5231.53,5433,-0.04,0.00,0.00,1 187.51,
2026.02.27 17:32:47,5423,XAUUSD,sell,out,0.01,5231.56,5434,-0.04,0.00,0.03,1 187.50,sl 5231.58
2026.02.27 17:56:23,5424,XAUUSD,buy,in,0.01,5239.08,5435,-0.04,0.00,0.00,1 187.46,
2026.02.27 17:56:34,5425,XAUUSD,sell,out,0.01,5239.27,5436,-0.04,0.00,0.19,1 187.61,sl 5239.33
2026.02.27 18:20:33,5426,XAUUSD,buy,in,0.01,5246.98,5437,-0.04,0.00,0.00,1 187.57,
2026.02.27 20:47:37,5427,XAUUSD,sell,in,0.15,5241.85,5438,-0.53,0.00,0.00,1 187.04,
2026.02.27 20:51:06,5428,XAUUSD,buy,out,0.15,5241.82,5439,-0.53,0.00,0.45,1 186.96,sl 5241.81
2026.02.27 21:02:02,5429,XAUUSD,sell,out,0.01,5247.96,5440,-0.04,0.00,0.98,1 187.90,sl 5248.05
2026.03.02 18:07:15,5430,XAUUSD,buy,in,0.01,5291.96,5441,-0.04,0.00,0.00,1 187.86,
2026.03.02 18:07:32,5431,XAUUSD,sell,out,0.01,5291.94,5442,-0.04,0.00,-0.02,1 187.80,sl 5292.15
2026.03.02 18:31:23,5432,XAUUSD,buy,in,0.01,5304.69,5443,-0.04,0.00,0.00,1 187.76,
2026.03.02 18:31:28,5433,XAUUSD,sell,out,0.01,5304.69,5444,-0.04,0.00,0.00,1 187.72,sl 5304.78
2026.03.02 18:55:28,5434,XAUUSD,buy,in,0.01,5295.42,5445,-0.04,0.00,0.00,1 187.68,
2026.03.02 18:55:43,5435,XAUUSD,sell,out,0.01,5298.88,5446,-0.04,0.00,3.46,1 191.10,sl 5298.89
2026.03.02 19:19:30,5436,XAUUSD,buy,in,0.01,5297.94,5447,-0.04,0.00,0.00,1 191.06,
2026.03.02 19:20:20,5437,XAUUSD,sell,out,0.01,5298.00,5448,-0.04,0.00,0.06,1 191.08,sl 5298.01
2026.03.02 19:43:34,5438,XAUUSD,buy,in,0.01,5306.03,5449,-0.04,0.00,0.00,1 191.04,
2026.03.02 19:45:27,5439,XAUUSD,sell,out,0.01,5307.75,5450,-0.04,0.00,1.72,1 192.72,sl 5307.78
2026.03.02 20:07:40,5440,XAUUSD,buy,in,0.01,5297.19,5451,-0.04,0.00,0.00,1 192.68,
2026.03.02 20:16:31,5441,XAUUSD,sell,out,0.01,5302.05,5452,-0.04,0.00,4.86,1 197.50,sl 5302.10
2026.03.02 20:31:40,5442,XAUUSD,buy,in,0.01,5297.68,5453,-0.04,0.00,0.00,1 197.46,
2026.03.02 20:35:05,5443,XAUUSD,sell,out,0.01,5298.21,5454,-0.04,0.00,0.53,1 197.95,sl 5298.45
2026.03.02 20:55:46,5444,XAUUSD,buy,in,0.01,5314.29,5455,-0.04,0.00,0.00,1 197.91,
2026.03.02 20:59:36,5445,XAUUSD,sell,out,0.01,5314.74,5456,-0.04,0.00,0.45,1 198.32,sl 5314.96
2026.03.02 21:19:50,5446,XAUUSD,buy,in,0.01,5325.92,5457,-0.04,0.00,0.00,1 198.28,
2026.03.02 21:20:36,5447,XAUUSD,sell,out,0.01,5325.80,5458,-0.04,0.00,-0.12,1 198.12,sl 5326.00
2026.03.02 21:43:50,5448,XAUUSD,buy,in,0.01,5328.13,5459,-0.04,0.00,0.00,1 198.08,
2026.03.02 21:48:23,5449,XAUUSD,sell,out,0.01,5329.98,5460,-0.04,0.00,1.85,1 199.89,sl 5330.01
2026.03.02 22:07:51,5450,XAUUSD,buy,in,0.01,5337.11,5461,-0.04,0.00,0.00,1 199.85,
2026.03.02 22:08:45,5451,XAUUSD,sell,out,0.01,5340.50,5462,-0.04,0.00,3.39,1 203.20,sl 5341.01
2026.03.02 22:31:58,5452,XAUUSD,buy,in,0.01,5335.93,5463,-0.04,0.00,0.00,1 203.16,
2026.03.02 22:32:26,5453,XAUUSD,sell,out,0.01,5339.52,5464,-0.04,0.00,3.59,1 206.71,sl 5339.52
2026.03.02 22:56:13,5454,XAUUSD,buy,in,0.01,5338.10,5466,-0.04,0.00,0.00,1 206.67,
2026.03.02 22:56:41,5455,XAUUSD,sell,out,0.01,5338.81,5467,-0.04,0.00,0.71,1 207.34,sl 5339.18
2026.03.02 23:20:20,5456,XAUUSD,buy,in,0.01,5336.66,5468,-0.04,0.00,0.00,1 207.30,
2026.03.02 23:24:12,5457,XAUUSD,sell,out,0.01,5336.64,5469,-0.04,0.00,-0.02,1 207.24,sl 5336.68
2026.03.02 23:44:24,5458,XAUUSD,buy,in,0.01,5331.18,5470,-0.04,0.00,0.00,1 207.20,
2026.03.03 01:02:28,5459,XAUUSD,sell,out,0.01,5335.08,5471,-0.04,-0.52,3.90,1 210.54,sl 5335.29
2026.03.03 01:02:28,5460,XAUUSD,buy,in,0.01,5335.14,5472,-0.04,0.00,0.00,1 210.50,
2026.03.03 01:02:57,5461,XAUUSD,sell,out,0.01,5339.09,5473,-0.04,0.00,3.95,1 214.41,sl 5339.43
2026.03.03 01:26:31,5462,XAUUSD,buy,in,0.01,5336.61,5474,-0.04,0.00,0.00,1 214.37,
2026.03.03 01:27:20,5463,XAUUSD,sell,out,0.01,5336.58,5475,-0.04,0.00,-0.03,1 214.30,sl 5336.84
2026.03.03 01:50:35,5464,XAUUSD,buy,in,0.01,5339.84,5476,-0.04,0.00,0.00,1 214.26,
2026.03.03 01:50:53,5465,XAUUSD,sell,out,0.01,5340.93,5477,-0.04,0.00,1.09,1 215.31,
2026.03.03 02:14:50,5466,XAUUSD,buy,in,0.01,5348.68,5478,-0.04,0.00,0.00,1 215.27,
2026.03.03 02:16:14,5467,XAUUSD,sell,out,0.01,5349.37,5479,-0.04,0.00,0.69,1 215.92,sl 5349.37
2026.03.03 02:38:50,5468,XAUUSD,buy,in,0.01,5352.72,5480,-0.04,0.00,0.00,1 215.88,
2026.03.03 02:42:43,5469,XAUUSD,sell,out,0.01,5353.30,5481,-0.04,0.00,0.58,1 216.42,sl 5353.73
2026.03.03 03:02:58,5470,XAUUSD,buy,in,0.01,5361.41,5482,-0.04,0.00,0.00,1 216.38,
2026.03.03 03:03:38,5471,XAUUSD,sell,out,0.01,5361.35,5483,-0.04,0.00,-0.06,1 216.28,sl 5361.43
2026.03.03 03:27:04,5472,XAUUSD,buy,in,0.01,5375.54,5484,-0.04,0.00,0.00,1 216.24,
2026.03.03 03:27:31,5473,XAUUSD,sell,out,0.01,5376.57,5485,-0.04,0.00,1.03,1 217.23,sl 5376.57
2026.03.03 03:51:05,5474,XAUUSD,buy,in,0.01,5354.80,5486,-0.04,0.00,0.00,1 217.19,
2026.03.03 03:51:45,5475,XAUUSD,sell,out,0.01,5356.94,5487,-0.04,0.00,2.14,1 219.29,sl 5357.19
2026.03.03 04:15:04,5476,XAUUSD,buy,in,0.01,5350.02,5488,-0.04,0.00,0.00,1 219.25,
2026.03.03 04:15:27,5477,XAUUSD,sell,out,0.01,5353.83,5489,-0.04,0.00,3.81,1 223.02,sl 5353.91
2026.03.03 04:39:12,5478,XAUUSD,buy,in,0.01,5356.96,5490,-0.04,0.00,0.00,1 222.98,
2026.03.03 04:39:33,5479,XAUUSD,sell,out,0.01,5359.84,5491,-0.04,0.00,2.88,1 225.82,sl 5359.87
2026.03.03 05:03:14,5480,XAUUSD,buy,in,0.01,5370.74,5492,-0.04,0.00,0.00,1 225.78,
2026.03.03 05:03:26,5481,XAUUSD,sell,out,0.01,5370.96,5493,-0.04,0.00,0.22,1 225.96,sl 5370.96
2026.03.03 05:27:20,5482,XAUUSD,buy,in,0.01,5367.68,5495,-0.04,0.00,0.00,1 225.92,
2026.03.03 05:27:57,5483,XAUUSD,sell,out,0.01,5369.89,5496,-0.04,0.00,2.21,1 228.09,sl 5369.98
2026.03.03 05:51:20,5484,XAUUSD,buy,in,0.01,5366.43,5497,-0.04,0.00,0.00,1 228.05,
2026.03.03 05:59:58,5485,XAUUSD,sell,out,0.01,5367.02,5498,-0.04,0.00,0.59,1 228.60,sl 5367.17
2026.03.03 06:15:26,5486,XAUUSD,buy,in,0.01,5360.73,5499,-0.04,0.00,0.00,1 228.56,
2026.03.03 06:15:37,5487,XAUUSD,sell,out,0.01,5360.87,5500,-0.04,0.00,0.14,1 228.66,sl 5360.95
2026.03.03 06:39:32,5488,XAUUSD,buy,in,0.01,5369.11,5501,-0.04,0.00,0.00,1 228.62,
2026.03.03 06:41:51,5489,XAUUSD,sell,out,0.01,5371.27,5502,-0.04,0.00,2.16,1 230.74,sl 5371.31
2026.03.03 07:03:39,5490,XAUUSD,buy,in,0.01,5362.77,5503,-0.04,0.00,0.00,1 230.70,
2026.03.03 07:09:53,5491,XAUUSD,sell,out,0.01,5364.58,5504,-0.04,0.00,1.81,1 232.47,sl 5364.63
2026.03.03 07:27:40,5492,XAUUSD,buy,in,0.01,5360.79,5505,-0.04,0.00,0.00,1 232.43,
2026.03.03 09:54:43,5493,XAUUSD,sell,in,0.15,5330.66,5506,-0.53,0.00,0.00,1 231.90,
2026.03.03 09:55:22,5494,XAUUSD,buy,out,0.15,5329.78,5507,-0.53,0.00,13.20,1 244.57,sl 5329.77
2026.03.03 10:59:21,5495,XAUUSD,sell,out,0.01,5291.10,5508,-0.04,0.00,-69.69,1 174.84,
2026.03.03 11:25:42,5496,XAUUSD,sell,in,0.01,5254.26,5509,-0.04,0.00,0.00,1 174.80,
2026.03.03 11:25:45,5497,XAUUSD,buy,out,0.01,5254.23,5510,-0.04,0.00,0.03,1 174.79,sl 5253.89
2026.03.03 11:50:02,5498,XAUUSD,sell,in,0.01,5265.85,5511,-0.04,0.00,0.00,1 174.75,
2026.03.03 11:51:18,5499,XAUUSD,buy,out,0.01,5265.91,5512,-0.04,0.00,-0.06,1 174.65,sl 5265.58
2026.03.03 12:37:21,5500,XAUUSD,sell,in,0.01,5264.39,5513,-0.04,0.00,0.00,1 174.61,
2026.03.03 12:37:46,5501,XAUUSD,buy,out,0.01,5263.98,5514,-0.04,0.00,0.41,1 174.98,sl 5263.91
2026.03.03 13:01:28,5502,XAUUSD,sell,in,0.01,5256.18,5515,-0.04,0.00,0.00,1 174.94,
2026.03.03 13:04:12,5503,XAUUSD,buy,out,0.01,5255.83,5516,-0.04,0.00,0.35,1 175.25,sl 5255.75
2026.03.03 13:25:27,5504,XAUUSD,sell,in,0.01,5189.06,5517,-0.04,0.00,0.00,1 175.21,
2026.03.03 13:26:05,5505,XAUUSD,buy,out,0.01,5182.61,5518,-0.04,0.00,6.45,1 181.62,sl 5182.57
2026.03.03 13:49:29,5506,XAUUSD,sell,in,0.01,5146.71,5519,-0.04,0.00,0.00,1 181.58,
2026.03.03 13:49:52,5507,XAUUSD,buy,out,0.01,5145.19,5520,-0.04,0.00,1.52,1 183.06,sl 5144.97
2026.03.03 14:13:30,5508,XAUUSD,sell,in,0.01,5186.90,5521,-0.04,0.00,0.00,1 183.02,
2026.03.03 14:14:02,5509,XAUUSD,buy,out,0.01,5185.11,5522,-0.04,0.00,1.79,1 184.77,sl 5185.08
2026.03.03 14:37:38,5510,XAUUSD,sell,in,0.01,5203.35,5523,-0.04,0.00,0.00,1 184.73,
2026.03.03 14:38:28,5511,XAUUSD,buy,out,0.01,5203.31,5524,-0.04,0.00,0.04,1 184.73,sl 5203.27
2026.03.03 15:01:39,5512,XAUUSD,sell,in,0.01,5191.18,5525,-0.04,0.00,0.00,1 184.69,
2026.03.03 15:02:37,5513,XAUUSD,buy,out,0.01,5188.72,5526,-0.04,0.00,2.46,1 187.11,sl 5188.64
2026.03.03 15:25:46,5514,XAUUSD,sell,in,0.01,5171.66,5527,-0.04,0.00,0.00,1 187.07,
2026.03.03 15:26:15,5515,XAUUSD,buy,out,0.01,5171.71,5528,-0.04,0.00,-0.05,1 186.98,sl 5171.65
2026.03.03 15:49:49,5516,XAUUSD,sell,in,0.01,5148.14,5529,-0.04,0.00,0.00,1 186.94,
2026.03.03 15:50:19,5517,XAUUSD,buy,out,0.01,5146.92,5530,-0.04,0.00,1.22,1 188.12,sl 5146.92
2026.03.03 16:13:54,5518,XAUUSD,sell,in,0.01,5170.25,5531,-0.04,0.00,0.00,1 188.08,
2026.03.03 16:14:00,5519,XAUUSD,buy,out,0.01,5170.26,5532,-0.04,0.00,-0.01,1 188.03,sl 5170.20
2026.03.03 16:37:55,5520,XAUUSD,sell,in,0.01,5117.92,5533,-0.04,0.00,0.00,1 187.99,
2026.03.03 16:40:34,5521,XAUUSD,buy,out,0.01,5117.23,5534,-0.04,0.00,0.69,1 188.64,sl 5117.23
2026.03.03 17:01:56,5522,XAUUSD,sell,in,0.01,5048.98,5535,-0.04,0.00,0.00,1 188.60,
2026.03.03 17:04:48,5523,XAUUSD,buy,out,0.01,5032.64,5536,-0.04,0.00,16.34,1 204.90,sl 5032.62
2026.03.03 17:26:02,5524,XAUUSD,sell,in,0.01,5043.31,5537,-0.04,0.00,0.00,1 204.86,
2026.03.03 17:26:31,5525,XAUUSD,buy,out,0.01,5043.36,5538,-0.04,0.00,-0.05,1 204.77,sl 5043.26
2026.03.03 17:50:01,5526,XAUUSD,sell,in,0.01,5070.60,5539,-0.04,0.00,0.00,1 204.73,
2026.03.03 17:50:09,5527,XAUUSD,buy,out,0.01,5069.11,5540,-0.04,0.00,1.49,1 206.18,sl 5068.68
2026.03.03 18:14:08,5528,XAUUSD,sell,in,0.01,5105.46,5541,-0.04,0.00,0.00,1 206.14,
2026.03.03 18:16:32,5529,XAUUSD,buy,out,0.01,5103.60,5542,-0.04,0.00,1.86,1 207.96,sl 5103.60
2026.03.03 18:38:11,5530,XAUUSD,sell,in,0.01,5126.20,5543,-0.04,0.00,0.00,1 207.92,
2026.03.03 18:38:27,5531,XAUUSD,buy,out,0.01,5126.20,5544,-0.04,0.00,0.00,1 207.88,sl 5126.18
2026.03.03 19:02:13,5532,XAUUSD,sell,in,0.01,5087.66,5545,-0.04,0.00,0.00,1 207.84,
2026.03.03 19:04:32,5533,XAUUSD,buy,out,0.01,5083.61,5546,-0.04,0.00,4.05,1 211.85,sl 5083.50
2026.03.03 19:26:18,5534,XAUUSD,sell,in,0.01,5095.93,5547,-0.04,0.00,0.00,1 211.81,
2026.03.03 19:26:42,5535,XAUUSD,buy,out,0.01,5093.49,5548,-0.04,0.00,2.44,1 214.21,sl 5093.39
2026.03.03 19:50:26,5536,XAUUSD,sell,in,0.01,5078.33,5549,-0.04,0.00,0.00,1 214.17,
2026.03.03 19:50:33,5537,XAUUSD,buy,out,0.01,5078.32,5550,-0.04,0.00,0.01,1 214.14,sl 5078.29
2026.03.03 20:14:31,5538,XAUUSD,sell,in,0.01,5100.28,5551,-0.04,0.00,0.00,1 214.10,
2026.03.03 20:18:55,5539,XAUUSD,buy,out,0.01,5100.14,5552,-0.04,0.00,0.14,1 214.20,sl 5099.83
2026.03.03 20:38:37,5540,XAUUSD,sell,in,0.01,5121.36,5553,-0.04,0.00,0.00,1 214.16,
2026.03.03 20:38:40,5541,XAUUSD,buy,out,0.01,5121.41,5554,-0.04,0.00,-0.05,1 214.07,sl 5121.35
2026.03.03 21:02:42,5542,XAUUSD,sell,in,0.01,5144.35,5555,-0.04,0.00,0.00,1 214.03,
2026.03.03 21:03:01,5543,XAUUSD,buy,out,0.01,5144.42,5556,-0.04,0.00,-0.07,1 213.92,sl 5144.30
2026.03.03 21:26:42,5544,XAUUSD,sell,in,0.01,5108.33,5557,-0.04,0.00,0.00,1 213.88,
2026.03.03 21:26:55,5545,XAUUSD,buy,out,0.01,5106.47,5558,-0.04,0.00,1.86,1 215.70,sl 5106.43
2026.03.03 21:50:46,5546,XAUUSD,sell,in,0.01,5125.13,5559,-0.04,0.00,0.00,1 215.66,
2026.03.03 21:50:59,5547,XAUUSD,buy,out,0.01,5125.09,5560,-0.04,0.00,0.04,1 215.66,sl 5125.04
2026.03.03 22:15:03,5548,XAUUSD,sell,in,0.01,5119.38,5561,-0.04,0.00,0.00,1 215.62,
2026.03.03 22:15:08,5549,XAUUSD,buy,out,0.01,5119.38,5562,-0.04,0.00,0.00,1 215.58,sl 5119.35
2026.03.03 22:39:04,5550,XAUUSD,sell,in,0.01,5113.12,5563,-0.04,0.00,0.00,1 215.54,
2026.03.03 22:39:23,5551,XAUUSD,buy,out,0.01,5110.02,5564,-0.04,0.00,3.10,1 218.60,sl 5109.64
2026.03.03 23:03:11,5552,XAUUSD,sell,in,0.01,5098.33,5565,-0.04,0.00,0.00,1 218.56,
2026.03.03 23:16:56,5553,XAUUSD,buy,out,0.01,5097.44,5566,-0.04,0.00,0.89,1 219.41,sl 5097.17
2026.03.03 23:27:16,5554,XAUUSD,sell,in,0.01,5101.04,5567,-0.04,0.00,0.00,1 219.37,
2026.03.03 23:28:13,5555,XAUUSD,buy,out,0.01,5096.68,5568,-0.04,0.00,4.36,1 223.69,sl 5096.66
2026.03.03 23:51:24,5556,XAUUSD,sell,in,0.01,5086.34,5569,-0.04,0.00,0.00,1 223.65,
2026.03.03 23:51:47,5557,XAUUSD,buy,out,0.01,5086.27,5570,-0.04,0.00,0.07,1 223.68,sl 5086.01
2026.03.04 01:02:00,5558,XAUUSD,sell,in,0.01,5095.48,5571,-0.04,0.00,0.00,1 223.64,
2026.03.04 01:02:20,5559,XAUUSD,buy,out,0.01,5092.51,5572,-0.04,0.00,2.97,1 226.57,sl 5092.38
2026.03.04 01:26:07,5560,XAUUSD,sell,in,0.01,5124.48,5573,-0.04,0.00,0.00,1 226.53,
2026.03.04 01:26:44,5561,XAUUSD,buy,out,0.01,5121.69,5574,-0.04,0.00,2.79,1 229.28,sl 5121.68
2026.03.04 01:50:11,5562,XAUUSD,sell,in,0.01,5123.74,5575,-0.04,0.00,0.00,1 229.24,
2026.03.04 01:50:33,5563,XAUUSD,buy,out,0.01,5123.52,5576,-0.04,0.00,0.22,1 229.42,sl 5123.51
2026.03.04 02:14:11,5564,XAUUSD,sell,in,0.01,5117.49,5577,-0.04,0.00,0.00,1 229.38,
2026.03.04 02:15:01,5565,XAUUSD,buy,out,0.01,5117.06,5578,-0.04,0.00,0.43,1 229.77,sl 5116.56
2026.03.04 02:38:12,5566,XAUUSD,sell,in,0.01,5124.26,5579,-0.04,0.00,0.00,1 229.73,
2026.03.04 02:38:39,5567,XAUUSD,buy,out,0.01,5123.84,5580,-0.04,0.00,0.42,1 230.11,sl 5123.72
2026.03.04 03:02:13,5568,XAUUSD,sell,in,0.01,5156.53,5581,-0.04,0.00,0.00,1 230.07,
2026.03.04 03:02:50,5569,XAUUSD,buy,out,0.01,5153.64,5582,-0.04,0.00,2.89,1 232.92,sl 5153.62
2026.03.04 03:26:20,5570,XAUUSD,sell,in,0.01,5153.56,5583,-0.04,0.00,0.00,1 232.88,
2026.03.04 03:27:15,5571,XAUUSD,buy,out,0.01,5149.20,5584,-0.04,0.00,4.36,1 237.20,sl 5149.20
2026.03.04 03:50:20,5572,XAUUSD,sell,in,0.01,5174.83,5585,-0.04,0.00,0.00,1 237.16,
2026.03.04 03:51:09,5573,XAUUSD,buy,out,0.01,5174.82,5586,-0.04,0.00,0.01,1 237.13,sl 5174.75
2026.03.04 04:14:23,5574,XAUUSD,sell,in,0.01,5186.69,5587,-0.04,0.00,0.00,1 237.09,
2026.03.04 04:14:44,5575,XAUUSD,buy,out,0.01,5186.80,5588,-0.04,0.00,-0.11,1 236.94,sl 5186.60
2026.03.05 07:34:20,5576,XAUUSD,sell,in,0.01,5164.86,5589,-0.04,0.00,0.00,1 236.90,
2026.03.05 07:37:52,5577,XAUUSD,buy,out,0.01,5163.47,5590,-0.04,0.00,1.39,1 238.25,sl 5163.33
2026.03.05 07:58:26,5578,XAUUSD,sell,in,0.01,5149.38,5591,-0.04,0.00,0.00,1 238.21,
2026.03.05 08:00:00,5579,XAUUSD,buy,out,0.01,5149.16,5592,-0.04,0.00,0.22,1 238.39,sl 5149.12
2026.03.05 08:22:28,5580,XAUUSD,sell,in,0.01,5139.92,5593,-0.04,0.00,0.00,1 238.35,
2026.03.05 08:24:12,5581,XAUUSD,buy,out,0.01,5139.82,5594,-0.04,0.00,0.10,1 238.41,sl 5139.66
2026.03.05 08:46:32,5582,XAUUSD,sell,in,0.01,5152.68,5595,-0.04,0.00,0.00,1 238.37,
2026.03.05 09:35:37,5583,XAUUSD,buy,in,0.15,5161.01,5596,-0.53,0.00,0.00,1 237.84,
2026.03.05 09:36:55,5584,XAUUSD,sell,out,0.15,5162.17,5597,-0.53,0.00,17.40,1 254.71,sl 5162.34
2026.03.05 10:07:00,5585,XAUUSD,buy,out,0.01,5151.03,5598,-0.04,0.00,1.65,1 256.32,sl 5151.01
2026.03.06 17:24:52,5586,XAUUSD,buy,in,0.01,5168.16,5599,-0.04,0.00,0.00,1 256.28,
2026.03.06 17:26:32,5587,XAUUSD,sell,out,0.01,5168.86,5600,-0.04,0.00,0.70,1 256.94,sl 5168.86
2026.03.06 20:45:26,5588,XAUUSD,buy,in,0.01,5167.52,5601,-0.04,0.00,0.00,1 256.90,
2026.03.06 21:09:42,5589,XAUUSD,sell,out,0.01,5167.58,5602,-0.04,0.00,0.06,1 256.92,sl 5167.67
2026.03.06 21:09:53,5590,XAUUSD,buy,in,0.01,5167.57,5603,-0.04,0.00,0.00,1 256.88,
2026.03.06 21:10:19,5591,XAUUSD,sell,out,0.01,5167.65,5604,-0.04,0.00,0.08,1 256.92,sl 5167.68
2026.03.06 23:17:28,5592,XAUUSD,buy,in,0.01,5169.26,5605,-0.04,0.00,0.00,1 256.88,
2026.03.06 23:19:12,5593,XAUUSD,sell,out,0.01,5169.28,5606,-0.04,0.00,0.02,1 256.86,sl 5169.29
2026.03.06 23:41:29,5594,XAUUSD,buy,in,0.01,5171.28,5607,-0.04,0.00,0.00,1 256.82,
2026.03.06 23:50:47,5595,XAUUSD,sell,out,0.01,5171.31,5608,-0.04,0.00,0.03,1 256.81,sl 5171.32
2026.03.09 01:02:07,5596,XAUUSD,buy,in,0.01,5181.12,5609,-0.04,0.00,0.00,1 256.77,
2026.03.09 01:43:56,5597,XAUUSD,sell,out,0.01,5106.51,5610,-0.04,0.00,-74.61,1 182.12,
2026.03.09 01:43:56,5598,XAUUSD,sell,in,0.01,5107.16,5611,-0.04,0.00,0.00,1 182.08,
2026.03.09 01:50:46,5599,XAUUSD,buy,out,0.01,5105.46,5612,-0.04,0.00,1.70,1 183.74,sl 5105.46
2026.03.09 02:08:50,5600,XAUUSD,sell,in,0.01,5114.37,5613,-0.04,0.00,0.00,1 183.70,
2026.03.09 02:09:16,5601,XAUUSD,buy,out,0.01,5113.32,5614,-0.04,0.00,1.05,1 184.71,sl 5113.31
2026.03.09 02:32:51,5602,XAUUSD,sell,in,0.01,5100.59,5615,-0.04,0.00,0.00,1 184.67,
2026.03.09 02:33:01,5603,XAUUSD,buy,out,0.01,5100.17,5616,-0.04,0.00,0.42,1 185.05,sl 5100.13
2026.03.09 02:57:06,5604,XAUUSD,sell,in,0.01,5072.98,5617,-0.04,0.00,0.00,1 185.01,
2026.03.09 02:57:20,5605,XAUUSD,buy,out,0.01,5073.03,5618,-0.04,0.00,-0.05,1 184.92,sl 5072.16
2026.03.09 03:21:05,5606,XAUUSD,sell,in,0.01,5040.05,5619,-0.04,0.00,0.00,1 184.88,
2026.03.09 03:47:39,5607,XAUUSD,buy,out,0.01,5037.33,5620,-0.04,0.00,2.72,1 187.56,sl 5037.24
2026.03.09 03:47:41,5608,XAUUSD,sell,in,0.01,5037.76,5621,-0.04,0.00,0.00,1 187.52,
2026.03.09 03:47:53,5609,XAUUSD,buy,out,0.01,5037.68,5622,-0.04,0.00,0.08,1 187.56,sl 5037.43
2026.03.09 04:11:45,5610,XAUUSD,sell,in,0.01,5060.22,5623,-0.04,0.00,0.00,1 187.52,
2026.03.09 05:00:54,5611,XAUUSD,buy,in,0.15,5064.82,5624,-0.53,0.00,0.00,1 186.99,
2026.03.09 05:01:45,5612,XAUUSD,sell,out,0.15,5067.34,5625,-0.53,0.00,37.80,1 224.26,sl 5067.42
2026.03.09 05:03:17,5613,XAUUSD,buy,out,0.01,5060.02,5626,-0.04,0.00,0.20,1 224.42,sl 5059.97
2026.03.09 09:49:08,5614,XAUUSD,sell,in,0.01,5101.45,5627,-0.04,0.00,0.00,1 224.38,
2026.03.09 09:53:12,5615,XAUUSD,buy,out,0.01,5101.16,5628,-0.04,0.00,0.29,1 224.63,sl 5101.09
2026.03.09 10:13:14,5616,XAUUSD,sell,in,0.01,5097.56,5629,-0.04,0.00,0.00,1 224.59,
2026.03.09 10:14:51,5617,XAUUSD,buy,out,0.01,5097.58,5630,-0.04,0.00,-0.02,1 224.53,sl 5097.53
2026.03.09 10:44:25,5618,XAUUSD,sell,in,0.01,5102.40,5631,-0.04,0.00,0.00,1 224.49,
2026.03.09 10:44:38,5619,XAUUSD,buy,out,0.01,5101.76,5632,-0.04,0.00,0.64,1 225.09,sl 5101.74
2026.03.09 11:08:27,5620,XAUUSD,sell,in,0.01,5101.23,5634,-0.04,0.00,0.00,1 225.05,
2026.03.09 11:08:46,5621,XAUUSD,buy,out,0.01,5100.82,5635,-0.04,0.00,0.41,1 225.42,sl 5100.72
2026.03.09 11:32:28,5622,XAUUSD,sell,in,0.01,5088.93,5636,-0.04,0.00,0.00,1 225.38,
2026.03.09 11:33:10,5623,XAUUSD,buy,out,0.01,5089.06,5637,-0.04,0.00,-0.13,1 225.21,sl 5088.92
2026.03.09 11:56:32,5624,XAUUSD,sell,in,0.01,5094.61,5638,-0.04,0.00,0.00,1 225.17,
2026.03.09 11:57:23,5625,XAUUSD,buy,out,0.01,5094.06,5639,-0.04,0.00,0.55,1 225.68,sl 5093.55
2026.03.09 12:45:56,5626,XAUUSD,sell,in,0.01,5098.06,5640,-0.04,0.00,0.00,1 225.64,
2026.03.09 13:30:13,5627,XAUUSD,buy,out,0.01,5098.28,5641,-0.04,0.00,-0.22,1 225.38,sl 5098.05
2026.03.09 13:30:13,5628,XAUUSD,sell,in,0.01,5098.17,5642,-0.04,0.00,0.00,1 225.34,
2026.03.09 13:30:32,5629,XAUUSD,buy,out,0.01,5095.97,5643,-0.04,0.00,2.20,1 227.50,sl 5095.95
2026.03.09 13:54:29,5630,XAUUSD,sell,in,0.01,5093.49,5644,-0.04,0.00,0.00,1 227.46,
2026.03.09 13:58:23,5631,XAUUSD,buy,out,0.01,5093.49,5645,-0.04,0.00,0.00,1 227.42,sl 5093.40
2026.03.09 14:18:32,5632,XAUUSD,sell,in,0.01,5089.78,5646,-0.04,0.00,0.00,1 227.38,
2026.03.09 14:18:45,5633,XAUUSD,buy,out,0.01,5089.77,5647,-0.04,0.00,0.01,1 227.35,sl 5089.76
2026.03.09 14:42:38,5634,XAUUSD,sell,in,0.01,5087.29,5648,-0.04,0.00,0.00,1 227.31,
2026.03.09 14:43:14,5635,XAUUSD,buy,out,0.01,5087.34,5649,-0.04,0.00,-0.05,1 227.22,sl 5087.28
2026.03.09 15:06:38,5636,XAUUSD,sell,in,0.01,5095.81,5650,-0.04,0.00,0.00,1 227.18,
2026.03.09 15:07:52,5637,XAUUSD,buy,out,0.01,5095.74,5651,-0.04,0.00,0.07,1 227.21,sl 5095.74
2026.03.09 15:51:06,5638,XAUUSD,sell,in,0.01,5097.13,5652,-0.04,0.00,0.00,1 227.17,
2026.03.09 15:52:15,5639,XAUUSD,buy,out,0.01,5096.23,5653,-0.04,0.00,0.90,1 228.03,sl 5096.21
2026.03.09 16:15:10,5640,XAUUSD,sell,in,0.01,5091.49,5654,-0.04,0.00,0.00,1 227.99,
2026.03.09 16:20:54,5641,XAUUSD,buy,out,0.01,5090.30,5655,-0.04,0.00,1.19,1 229.14,sl 5090.30
2026.03.09 16:40:21,5642,XAUUSD,sell,in,0.01,5094.27,5656,-0.04,0.00,0.00,1 229.10,
2026.03.09 16:40:44,5643,XAUUSD,buy,out,0.01,5094.38,5657,-0.04,0.00,-0.11,1 228.95,sl 5094.24
2026.03.09 17:04:24,5644,XAUUSD,sell,in,0.01,5086.63,5658,-0.04,0.00,0.00,1 228.91,
2026.03.09 17:05:01,5645,XAUUSD,buy,out,0.01,5086.54,5659,-0.04,0.00,0.09,1 228.96,sl 5086.40
2026.03.09 17:28:25,5646,XAUUSD,sell,in,0.01,5081.37,5660,-0.04,0.00,0.00,1 228.92,
2026.03.09 17:28:42,5647,XAUUSD,buy,out,0.01,5081.38,5661,-0.04,0.00,-0.01,1 228.87,sl 5081.36
2026.03.09 17:53:06,5648,XAUUSD,sell,in,0.01,5093.94,5662,-0.04,0.00,0.00,1 228.83,
2026.03.09 17:53:22,5649,XAUUSD,buy,out,0.01,5091.90,5663,-0.04,0.00,2.04,1 230.83,sl 5091.89
2026.03.09 18:17:10,5650,XAUUSD,sell,in,0.01,5089.07,5664,-0.04,0.00,0.00,1 230.79,
2026.03.09 18:18:00,5651,XAUUSD,buy,out,0.01,5087.65,5665,-0.04,0.00,1.42,1 232.17,sl 5087.65
2026.03.09 18:44:59,5652,XAUUSD,sell,in,0.01,5095.00,5666,-0.04,0.00,0.00,1 232.13,
2026.03.09 19:34:13,5653,XAUUSD,buy,in,0.15,5105.51,5667,-0.53,0.00,0.00,1 231.60,
2026.03.09 19:37:33,5654,XAUUSD,sell,out,0.15,5105.53,5668,-0.53,0.00,0.30,1 231.37,sl 5105.54
2026.03.09 20:21:32,5655,XAUUSD,buy,out,0.01,5094.81,5669,-0.04,0.00,0.19,1 231.52,sl 5094.77
2026.03.10 01:59:00,5656,XAUUSD,buy,in,0.01,5150.80,5670,-0.04,0.00,0.00,1 231.48,
2026.03.10 01:59:52,5657,XAUUSD,sell,out,0.01,5151.55,5671,-0.04,0.00,0.75,1 232.19,sl 5151.78
2026.03.10 02:26:37,5658,XAUUSD,buy,in,0.01,5149.68,5672,-0.04,0.00,0.00,1 232.15,
2026.03.10 04:05:57,5659,XAUUSD,sell,out,0.01,5150.22,5673,-0.04,0.00,0.54,1 232.65,sl 5150.84
2026.03.10 04:06:00,5660,XAUUSD,buy,in,0.01,5150.49,5674,-0.04,0.00,0.00,1 232.61,
2026.03.10 04:06:10,5661,XAUUSD,sell,out,0.01,5150.28,5675,-0.04,0.00,-0.21,1 232.36,sl 5150.53
2026.03.10 04:30:04,5662,XAUUSD,buy,in,0.01,5160.04,5676,-0.04,0.00,0.00,1 232.32,
2026.03.10 04:34:33,5663,XAUUSD,sell,out,0.01,5160.63,5677,-0.04,0.00,0.59,1 232.87,sl 5160.68
2026.03.10 04:54:07,5664,XAUUSD,buy,in,0.01,5170.44,5678,-0.04,0.00,0.00,1 232.83,
2026.03.10 04:54:54,5665,XAUUSD,sell,out,0.01,5174.46,5679,-0.04,0.00,4.02,1 236.81,sl 5174.46
2026.03.10 05:18:14,5666,XAUUSD,buy,in,0.01,5175.92,5680,-0.04,0.00,0.00,1 236.77,
2026.03.10 05:18:35,5667,XAUUSD,sell,out,0.01,5177.84,5681,-0.04,0.00,1.92,1 238.65,sl 5177.91
2026.03.10 05:42:19,5668,XAUUSD,buy,in,0.01,5181.63,5682,-0.04,0.00,0.00,1 238.61,
2026.03.10 05:45:08,5669,XAUUSD,sell,out,0.01,5181.75,5683,-0.04,0.00,0.12,1 238.69,sl 5181.79
2026.03.10 06:06:21,5670,XAUUSD,buy,in,0.01,5168.99,5684,-0.04,0.00,0.00,1 238.65,
2026.03.10 06:06:31,5671,XAUUSD,sell,out,0.01,5169.07,5685,-0.04,0.00,0.08,1 238.69,sl 5169.11
2026.03.10 06:30:27,5672,XAUUSD,buy,in,0.01,5167.27,5686,-0.04,0.00,0.00,1 238.65,
2026.03.10 08:03:23,5673,XAUUSD,sell,out,0.01,5168.50,5687,-0.04,0.00,1.23,1 239.84,sl 5168.55
2026.03.10 08:03:30,5674,XAUUSD,buy,in,0.01,5168.48,5688,-0.04,0.00,0.00,1 239.80,
2026.03.10 08:04:03,5675,XAUUSD,sell,out,0.01,5169.50,5689,-0.04,0.00,1.02,1 240.78,sl 5169.53
2026.03.10 08:27:42,5676,XAUUSD,buy,in,0.01,5170.26,5690,-0.04,0.00,0.00,1 240.74,
2026.03.10 08:28:40,5677,XAUUSD,sell,out,0.01,5170.30,5691,-0.04,0.00,0.04,1 240.74,sl 5170.33
2026.03.10 08:51:49,5678,XAUUSD,buy,in,0.01,5174.52,5692,-0.04,0.00,0.00,1 240.70,
2026.03.10 08:53:22,5679,XAUUSD,sell,out,0.01,5174.74,5693,-0.04,0.00,0.22,1 240.88,sl 5174.74
2026.03.10 09:15:50,5680,XAUUSD,buy,in,0.01,5177.28,5694,-0.04,0.00,0.00,1 240.84,
2026.03.10 09:16:23,5681,XAUUSD,sell,out,0.01,5177.54,5695,-0.04,0.00,0.26,1 241.06,sl 5177.55
2026.03.10 09:39:54,5682,XAUUSD,buy,in,0.01,5177.64,5696,-0.04,0.00,0.00,1 241.02,
2026.03.10 09:40:13,5683,XAUUSD,sell,out,0.01,5177.67,5697,-0.04,0.00,0.03,1 241.01,sl 5177.79
2026.03.10 10:04:00,5684,XAUUSD,buy,in,0.01,5176.11,5698,-0.04,0.00,0.00,1 240.97,
2026.03.10 10:04:12,5685,XAUUSD,sell,out,0.01,5176.05,5699,-0.04,0.00,-0.06,1 240.87,sl 5176.26
2026.03.10 10:28:06,5686,XAUUSD,buy,in,0.01,5165.22,5700,-0.04,0.00,0.00,1 240.83,
2026.03.10 10:28:37,5687,XAUUSD,sell,out,0.01,5165.79,5701,-0.04,0.00,0.57,1 241.36,sl 5165.82
2026.03.10 10:52:17,5688,XAUUSD,buy,in,0.01,5179.10,5702,-0.04,0.00,0.00,1 241.32,
2026.03.10 10:59:54,5689,XAUUSD,sell,out,0.01,5180.70,5703,-0.04,0.00,1.60,1 242.88,sl 5180.70
2026.03.10 11:16:22,5690,XAUUSD,buy,in,0.01,5180.66,5705,-0.04,0.00,0.00,1 242.84,
2026.03.10 11:29:46,5691,XAUUSD,sell,out,0.01,5183.20,5706,-0.04,0.00,2.54,1 245.34,sl 5183.29
2026.03.10 11:40:23,5692,XAUUSD,buy,in,0.01,5191.47,5707,-0.04,0.00,0.00,1 245.30,
2026.03.10 11:40:49,5693,XAUUSD,sell,out,0.01,5193.36,5708,-0.04,0.00,1.89,1 247.15,sl 5193.45
2026.03.10 12:04:23,5694,XAUUSD,buy,in,0.01,5184.34,5709,-0.04,0.00,0.00,1 247.11,
2026.03.10 12:05:15,5695,XAUUSD,sell,out,0.01,5185.50,5710,-0.04,0.00,1.16,1 248.23,sl 5185.59
2026.03.10 12:28:28,5696,XAUUSD,buy,in,0.01,5184.11,5711,-0.04,0.00,0.00,1 248.19,
2026.03.10 12:29:32,5697,XAUUSD,sell,out,0.01,5186.19,5712,-0.04,0.00,2.08,1 250.23,sl 5186.26
2026.03.10 12:52:42,5698,XAUUSD,buy,in,0.01,5185.18,5713,-0.04,0.00,0.00,1 250.19,
2026.03.10 12:53:42,5699,XAUUSD,sell,out,0.01,5185.23,5714,-0.04,0.00,0.05,1 250.20,sl 5185.27
2026.03.10 13:16:46,5700,XAUUSD,buy,in,0.01,5181.44,5715,-0.04,0.00,0.00,1 250.16,
2026.03.10 13:24:19,5701,XAUUSD,sell,out,0.01,5181.43,5716,-0.04,0.00,-0.01,1 250.11,sl 5181.48
2026.03.10 13:41:28,5702,XAUUSD,buy,in,0.01,5162.57,5717,-0.04,0.00,0.00,1 250.07,
2026.03.10 13:43:21,5703,XAUUSD,sell,out,0.01,5167.54,5718,-0.04,0.00,4.97,1 255.00,sl 5167.65
2026.03.10 14:05:30,5704,XAUUSD,buy,in,0.01,5183.25,5719,-0.04,0.00,0.00,1 254.96,
2026.03.10 14:06:02,5705,XAUUSD,sell,out,0.01,5186.44,5720,-0.04,0.00,3.19,1 258.11,sl 5186.45
2026.03.10 14:29:32,5706,XAUUSD,buy,in,0.01,5182.50,5721,-0.04,0.00,0.00,1 258.07,
2026.03.10 14:30:05,5707,XAUUSD,sell,out,0.01,5183.13,5722,-0.04,0.00,0.63,1 258.66,sl 5183.14
2026.03.10 14:53:32,5708,XAUUSD,buy,in,0.01,5176.72,5723,-0.04,0.00,0.00,1 258.62,
2026.03.10 14:54:23,5709,XAUUSD,sell,out,0.01,5177.16,5724,-0.04,0.00,0.44,1 259.02,sl 5177.17
2026.03.10 15:17:32,5710,XAUUSD,buy,in,0.01,5169.04,5726,-0.04,0.00,0.00,1 258.98,
2026.03.10 15:18:21,5711,XAUUSD,sell,out,0.01,5169.06,5727,-0.04,0.00,0.02,1 258.96,sl 5169.09
2026.03.10 15:41:38,5712,XAUUSD,buy,in,0.01,5181.34,5728,-0.04,0.00,0.00,1 258.92,
2026.03.10 15:41:59,5713,XAUUSD,sell,out,0.01,5181.35,5729,-0.04,0.00,0.01,1 258.89,sl 5181.38
2026.03.10 16:05:44,5714,XAUUSD,buy,in,0.01,5194.79,5730,-0.04,0.00,0.00,1 258.85,
2026.03.10 16:06:57,5715,XAUUSD,sell,out,0.01,5197.28,5731,-0.04,0.00,2.49,1 261.30,sl 5197.48
2026.03.10 16:29:52,5716,XAUUSD,buy,in,0.01,5221.55,5732,-0.04,0.00,0.00,1 261.26,
2026.03.10 16:29:59,5717,XAUUSD,sell,out,0.01,5221.67,5733,-0.04,0.00,0.12,1 261.34,sl 5221.68
2026.03.10 16:53:55,5718,XAUUSD,buy,in,0.01,5206.97,5734,-0.04,0.00,0.00,1 261.30,
2026.03.10 16:54:20,5719,XAUUSD,sell,out,0.01,5208.49,5735,-0.04,0.00,1.52,1 262.78,sl 5208.51
2026.03.10 17:18:06,5720,XAUUSD,buy,in,0.01,5206.00,5736,-0.04,0.00,0.00,1 262.74,
2026.03.10 17:20:11,5721,XAUUSD,sell,out,0.01,5212.01,5737,-0.04,0.00,6.01,1 268.71,sl 5212.02
2026.03.10 17:42:10,5722,XAUUSD,buy,in,0.01,5206.41,5738,-0.04,0.00,0.00,1 268.67,
2026.03.10 17:42:44,5723,XAUUSD,sell,out,0.01,5206.42,5739,-0.04,0.00,0.01,1 268.64,sl 5206.51
2026.03.10 18:06:10,5724,XAUUSD,buy,in,0.01,5212.11,5740,-0.04,0.00,0.00,1 268.60,
2026.03.10 18:08:00,5725,XAUUSD,sell,out,0.01,5215.13,5741,-0.04,0.00,3.02,1 271.58,sl 5215.32
2026.03.10 18:30:15,5726,XAUUSD,buy,in,0.01,5225.92,5742,-0.04,0.00,0.00,1 271.54,
2026.03.10 18:30:57,5727,XAUUSD,sell,out,0.01,5225.95,5743,-0.04,0.00,0.03,1 271.53,sl 5225.96
2026.03.10 18:54:19,5728,XAUUSD,buy,in,0.01,5229.02,5744,-0.04,0.00,0.00,1 271.49,
2026.03.10 18:56:08,5729,XAUUSD,sell,out,0.01,5229.33,5745,-0.04,0.00,0.31,1 271.76,sl 5229.39
2026.03.10 19:18:23,5730,XAUUSD,buy,in,0.01,5227.82,5746,-0.04,0.00,0.00,1 271.72,
2026.03.10 19:19:17,5731,XAUUSD,sell,out,0.01,5229.72,5747,-0.04,0.00,1.90,1 273.58,sl 5229.73
2026.03.12 01:56:29,5732,XAUUSD,sell,in,0.01,5134.80,5748,-0.04,0.00,0.00,1 273.54,
2026.03.12 01:56:33,5733,XAUUSD,buy,out,0.01,5136.35,5749,-0.04,0.00,-1.55,1 271.95,sl 5134.54
2026.03.12 02:45:56,5734,XAUUSD,sell,in,0.01,5143.33,5750,-0.04,0.00,0.00,1 271.91,
2026.03.12 02:46:35,5735,XAUUSD,buy,out,0.01,5142.99,5751,-0.04,0.00,0.34,1 272.21,sl 5142.93
2026.03.12 03:09:56,5736,XAUUSD,sell,in,0.01,5138.19,5752,-0.04,0.00,0.00,1 272.17,
2026.03.12 03:10:07,5737,XAUUSD,buy,out,0.01,5138.01,5753,-0.04,0.00,0.18,1 272.31,sl 5137.91
2026.03.12 08:25:33,5738,XAUUSD,sell,in,0.01,5137.27,5754,-0.04,0.00,0.00,1 272.27,
2026.03.12 09:14:34,5739,XAUUSD,buy,in,0.15,5154.71,5755,-0.53,0.00,0.00,1 271.74,
2026.03.12 09:25:15,5740,XAUUSD,sell,out,0.15,5156.40,5756,-0.53,0.00,25.35,1 296.56,sl 5156.46
2026.03.12 09:41:23,5741,XAUUSD,buy,out,0.01,5166.23,5757,-0.04,0.00,-28.96,1 267.56,
2026.03.12 17:38:10,5742,XAUUSD,sell,in,0.01,5141.19,5758,-0.04,0.00,0.00,1 267.52,
2026.03.12 17:38:27,5743,XAUUSD,buy,out,0.01,5141.17,5759,-0.04,0.00,0.02,1 267.50,sl 5141.16
2026.03.12 18:02:24,5744,XAUUSD,sell,in,0.01,5138.63,5760,-0.04,0.00,0.00,1 267.46,
2026.03.12 18:02:34,5745,XAUUSD,buy,out,0.01,5139.27,5761,-0.04,0.00,-0.64,1 266.78,sl 5138.61
2026.03.12 18:26:28,5746,XAUUSD,sell,in,0.01,5128.72,5762,-0.04,0.00,0.00,1 266.74,
2026.03.12 18:30:18,5747,XAUUSD,buy,out,0.01,5128.19,5763,-0.04,0.00,0.53,1 267.23,sl 5128.14
2026.03.12 18:50:30,5748,XAUUSD,sell,in,0.01,5128.94,5764,-0.04,0.00,0.00,1 267.19,
2026.03.12 18:51:00,5749,XAUUSD,buy,out,0.01,5128.41,5765,-0.04,0.00,0.53,1 267.68,sl 5128.33
2026.03.12 19:14:33,5750,XAUUSD,sell,in,0.01,5128.53,5766,-0.04,0.00,0.00,1 267.64,
2026.03.12 19:15:17,5751,XAUUSD,buy,out,0.01,5128.49,5767,-0.04,0.00,0.04,1 267.64,sl 5128.49
2026.03.12 19:38:39,5752,XAUUSD,sell,in,0.01,5129.80,5768,-0.04,0.00,0.00,1 267.60,
2026.03.12 19:48:26,5753,XAUUSD,buy,out,0.01,5129.70,5769,-0.04,0.00,0.10,1 267.66,sl 5129.65
2026.03.12 20:02:41,5754,XAUUSD,sell,in,0.01,5124.09,5770,-0.04,0.00,0.00,1 267.62,
2026.03.12 20:02:59,5755,XAUUSD,buy,out,0.01,5123.64,5771,-0.04,0.00,0.45,1 268.03,sl 5123.48
2026.03.12 20:26:43,5756,XAUUSD,sell,in,0.01,5120.34,5772,-0.04,0.00,0.00,1 267.99,
2026.03.12 20:26:52,5757,XAUUSD,buy,out,0.01,5120.40,5773,-0.04,0.00,-0.06,1 267.89,sl 5120.31
2026.03.12 20:50:45,5758,XAUUSD,sell,in,0.01,5108.63,5774,-0.04,0.00,0.00,1 267.85,
2026.03.12 20:51:33,5759,XAUUSD,buy,out,0.01,5108.60,5775,-0.04,0.00,0.03,1 267.84,sl 5108.60
2026.03.12 21:14:52,5760,XAUUSD,sell,in,0.01,5106.47,5776,-0.04,0.00,0.00,1 267.80,
2026.03.12 21:20:37,5761,XAUUSD,buy,out,0.01,5106.16,5777,-0.04,0.00,0.31,1 268.07,sl 5106.08
2026.03.12 21:38:51,5762,XAUUSD,sell,in,0.01,5099.87,5778,-0.04,0.00,0.00,1 268.03,
2026.03.12 21:41:45,5763,XAUUSD,buy,out,0.01,5099.66,5779,-0.04,0.00,0.21,1 268.20,sl 5099.66
2026.03.12 22:02:56,5764,XAUUSD,sell,in,0.01,5085.58,5780,-0.04,0.00,0.00,1 268.16,
2026.03.12 22:03:31,5765,XAUUSD,buy,out,0.01,5082.64,5781,-0.04,0.00,2.94,1 271.06,sl 5082.52
2026.03.12 22:27:00,5766,XAUUSD,sell,in,0.01,5089.26,5782,-0.04,0.00,0.00,1 271.02,
2026.03.12 22:59:17,5767,XAUUSD,buy,out,0.01,5082.65,5783,-0.04,0.00,6.61,1 277.59,sl 5082.49
2026.03.12 22:59:21,5768,XAUUSD,sell,in,0.01,5082.35,5784,-0.04,0.00,0.00,1 277.55,
2026.03.12 22:59:30,5769,XAUUSD,buy,out,0.01,5082.25,5785,-0.04,0.00,0.10,1 277.61,sl 5082.24
2026.03.12 23:23:28,5770,XAUUSD,sell,in,0.01,5079.02,5786,-0.04,0.00,0.00,1 277.57,
2026.03.12 23:26:29,5771,XAUUSD,buy,out,0.01,5074.77,5787,-0.04,0.00,4.25,1 281.78,sl 5074.77
2026.03.12 23:47:32,5772,XAUUSD,sell,in,0.01,5074.80,5788,-0.04,0.00,0.00,1 281.74,
2026.03.13 10:21:55,5773,XAUUSD,buy,out,0.01,5074.09,5789,-0.04,0.45,0.71,1 282.86,sl 5074.08
2026.03.25 02:16:51,5774,XAUUSD,buy,in,0.01,4499.24,5790,-0.04,0.00,0.00,1 282.82,
2026.03.25 02:22:19,5775,XAUUSD,sell,out,0.01,4500.44,5791,-0.04,0.00,1.20,1 283.98,sl 4500.46
2026.03.25 02:40:51,5776,XAUUSD,buy,in,0.01,4537.54,5792,-0.04,0.00,0.00,1 283.94,
2026.03.25 02:44:25,5777,XAUUSD,sell,out,0.01,4542.36,5793,-0.04,0.00,4.82,1 288.72,sl 4542.36
2026.03.25 03:04:52,5778,XAUUSD,buy,in,0.01,4553.35,5794,-0.04,0.00,0.00,1 288.68,
2026.03.25 03:05:10,5779,XAUUSD,sell,out,0.01,4553.41,5795,-0.04,0.00,0.06,1 288.70,sl 4553.42
2026.03.25 03:29:09,5780,XAUUSD,buy,in,0.01,4553.45,5796,-0.04,0.00,0.00,1 288.66,
2026.03.25 03:29:44,5781,XAUUSD,sell,out,0.01,4555.24,5797,-0.04,0.00,1.79,1 290.41,sl 4555.26
2026.03.25 03:53:10,5782,XAUUSD,buy,in,0.01,4565.60,5798,-0.04,0.00,0.00,1 290.37,
2026.03.25 03:53:23,5783,XAUUSD,sell,out,0.01,4566.34,5799,-0.04,0.00,0.74,1 291.07,sl 4566.35
2026.03.25 04:17:16,5784,XAUUSD,buy,in,0.01,4571.48,5800,-0.04,0.00,0.00,1 291.03,
2026.03.25 04:18:09,5785,XAUUSD,sell,out,0.01,4571.53,5801,-0.04,0.00,0.05,1 291.04,sl 4571.58
2026.03.25 04:41:19,5786,XAUUSD,buy,in,0.01,4587.03,5802,-0.04,0.00,0.00,1 291.00,
2026.03.25 04:42:04,5787,XAUUSD,sell,out,0.01,4588.31,5803,-0.04,0.00,1.28,1 292.24,sl 4588.35
2026.03.25 05:05:23,5788,XAUUSD,buy,in,0.01,4589.30,5804,-0.04,0.00,0.00,1 292.20,
2026.03.25 05:06:03,5789,XAUUSD,sell,out,0.01,4591.58,5805,-0.04,0.00,2.28,1 294.44,sl 4591.59
2026.03.25 05:29:25,5790,XAUUSD,buy,in,0.01,4587.52,5806,-0.04,0.00,0.00,1 294.40,
2026.03.25 05:29:41,5791,XAUUSD,sell,out,0.01,4587.52,5807,-0.04,0.00,0.00,1 294.36,sl 4587.57
2026.03.25 05:53:25,5792,XAUUSD,buy,in,0.01,4588.81,5808,-0.04,0.00,0.00,1 294.32,
2026.03.25 08:20:32,5793,XAUUSD,sell,in,0.15,4565.16,5809,-0.53,0.00,0.00,1 293.79,
2026.03.25 08:21:37,5794,XAUUSD,buy,out,0.15,4562.86,5810,-0.53,0.00,34.50,1 327.76,sl 4562.73
2026.03.25 22:09:11,5795,XAUUSD,sell,out,0.01,4516.12,5811,-0.04,0.00,-72.69,1 255.03,
2026.03.25 23:01:36,5796,XAUUSD,buy,in,0.01,4539.18,5812,-0.04,0.00,0.00,1 254.99,
2026.03.25 23:01:47,5797,XAUUSD,sell,out,0.01,4539.49,5813,-0.04,0.00,0.31,1 255.26,sl 4539.61
2026.03.26 03:50:55,5798,XAUUSD,buy,in,0.01,4538.76,5814,-0.04,0.00,0.00,1 255.22,
2026.03.26 04:00:20,5799,XAUUSD,sell,out,0.01,4538.78,5815,-0.04,0.00,0.02,1 255.20,sl 4538.79
2026.03.26 08:30:10,5800,XAUUSD,sell,in,0.01,4481.74,5816,-0.04,0.00,0.00,1 255.16,
2026.03.26 08:45:49,5801,XAUUSD,buy,out,0.01,4478.36,5817,-0.04,0.00,3.38,1 258.50,sl 4478.34
2026.03.26 08:54:14,5802,XAUUSD,sell,in,0.01,4464.51,5819,-0.04,0.00,0.00,1 258.46,
2026.03.26 08:54:31,5803,XAUUSD,buy,out,0.01,4463.65,5820,-0.04,0.00,0.86,1 259.28,sl 4463.57
2026.03.26 09:18:16,5804,XAUUSD,sell,in,0.01,4431.26,5821,-0.04,0.00,0.00,1 259.24,
2026.03.26 09:18:43,5805,XAUUSD,buy,out,0.01,4428.85,5822,-0.04,0.00,2.41,1 261.61,sl 4428.82
2026.03.26 09:42:18,5806,XAUUSD,sell,in,0.01,4441.60,5823,-0.04,0.00,0.00,1 261.57,
2026.03.26 09:42:41,5807,XAUUSD,buy,out,0.01,4441.13,5824,-0.04,0.00,0.47,1 262.00,sl 4441.09
2026.03.26 10:06:20,5808,XAUUSD,sell,in,0.01,4446.70,5825,-0.04,0.00,0.00,1 261.96,
2026.03.26 10:06:49,5809,XAUUSD,buy,out,0.01,4446.68,5826,-0.04,0.00,0.02,1 261.94,sl 4446.64
2026.03.26 10:30:21,5810,XAUUSD,sell,in,0.01,4451.50,5827,-0.04,0.00,0.00,1 261.90,
2026.03.26 10:32:18,5811,XAUUSD,buy,out,0.01,4450.32,5828,-0.04,0.00,1.18,1 263.04,sl 4450.00
2026.03.26 10:54:25,5812,XAUUSD,sell,in,0.01,4453.14,5829,-0.04,0.00,0.00,1 263.00,
2026.03.26 10:55:51,5813,XAUUSD,buy,out,0.01,4452.95,5830,-0.04,0.00,0.19,1 263.15,sl 4452.84
2026.03.26 11:18:29,5814,XAUUSD,sell,in,0.01,4439.78,5831,-0.04,0.00,0.00,1 263.11,
2026.03.26 11:18:36,5815,XAUUSD,buy,out,0.01,4439.65,5832,-0.04,0.00,0.13,1 263.20,sl 4439.59
2026.03.26 11:42:33,5816,XAUUSD,sell,in,0.01,4432.80,5833,-0.04,0.00,0.00,1 263.16,
2026.03.26 11:43:22,5817,XAUUSD,buy,out,0.01,4427.94,5834,-0.04,0.00,4.86,1 267.98,sl 4427.75
2026.03.26 12:06:40,5818,XAUUSD,sell,in,0.01,4431.74,5835,-0.04,0.00,0.00,1 267.94,
2026.03.26 12:06:58,5819,XAUUSD,buy,out,0.01,4431.73,5836,-0.04,0.00,0.01,1 267.91,sl 4431.37
2026.03.26 12:30:42,5820,XAUUSD,sell,in,0.01,4422.58,5837,-0.04,0.00,0.00,1 267.87,
2026.03.26 12:31:02,5821,XAUUSD,buy,out,0.01,4422.61,5838,-0.04,0.00,-0.03,1 267.80,sl 4422.57
2026.03.26 12:54:42,5822,XAUUSD,sell,in,0.01,4423.74,5839,-0.04,0.00,0.00,1 267.76,
2026.03.26 12:57:04,5823,XAUUSD,buy,out,0.01,4424.41,5840,-0.04,0.00,-0.67,1 267.05,sl 4423.69
2026.03.26 13:18:45,5824,XAUUSD,sell,in,0.01,4431.83,5841,-0.04,0.00,0.00,1 267.01,
2026.03.26 13:39:53,5825,XAUUSD,buy,out,0.01,4432.07,5842,-0.04,0.00,-0.24,1 266.73,sl 4431.81
2026.03.26 13:42:50,5826,XAUUSD,sell,in,0.01,4431.30,5843,-0.04,0.00,0.00,1 266.69,
2026.03.26 13:43:18,5827,XAUUSD,buy,out,0.01,4431.52,5844,-0.04,0.00,-0.22,1 266.43,sl 4431.25
2026.03.26 14:06:49,5828,XAUUSD,sell,in,0.01,4442.19,5845,-0.04,0.00,0.00,1 266.39,
2026.03.26 14:11:26,5829,XAUUSD,buy,out,0.01,4441.06,5846,-0.04,0.00,1.13,1 267.48,sl 4441.02
2026.03.26 14:30:56,5830,XAUUSD,sell,in,0.01,4447.12,5847,-0.04,0.00,0.00,1 267.44,
2026.03.26 14:31:39,5831,XAUUSD,buy,out,0.01,4443.28,5848,-0.04,0.00,3.84,1 271.24,sl 4443.21
2026.03.26 14:54:57,5832,XAUUSD,sell,in,0.01,4427.45,5849,-0.04,0.00,0.00,1 271.20,
2026.03.26 14:58:05,5833,XAUUSD,buy,out,0.01,4426.66,5850,-0.04,0.00,0.79,1 271.95,sl 4426.59
2026.03.26 15:19:01,5834,XAUUSD,sell,in,0.01,4436.20,5851,-0.04,0.00,0.00,1 271.91,
2026.03.26 15:19:47,5835,XAUUSD,buy,out,0.01,4436.84,5852,-0.04,0.00,-0.64,1 271.23,sl 4435.22
2026.03.26 15:43:11,5836,XAUUSD,sell,in,0.01,4440.39,5853,-0.04,0.00,0.00,1 271.19,
2026.03.26 15:43:52,5837,XAUUSD,buy,out,0.01,4439.74,5854,-0.04,0.00,0.65,1 271.80,sl 4439.56
2026.03.26 16:07:13,5838,XAUUSD,sell,in,0.01,4438.84,5856,-0.04,0.00,0.00,1 271.76,
2026.03.26 16:08:24,5839,XAUUSD,buy,out,0.01,4436.82,5857,-0.04,0.00,2.02,1 273.74,sl 4436.74
2026.03.26 16:31:14,5840,XAUUSD,sell,in,0.01,4447.80,5858,-0.04,0.00,0.00,1 273.70,
2026.03.26 16:32:09,5841,XAUUSD,buy,out,0.01,4444.54,5859,-0.04,0.00,3.26,1 276.92,sl 4443.94
2026.03.26 16:55:15,5842,XAUUSD,sell,in,0.01,4456.13,5860,-0.04,0.00,0.00,1 276.88,
2026.03.26 16:55:21,5843,XAUUSD,buy,out,0.01,4456.30,5861,-0.04,0.00,-0.17,1 276.67,sl 4456.11
2026.03.26 17:19:27,5844,XAUUSD,sell,in,0.01,4456.34,5862,-0.04,0.00,0.00,1 276.63,
2026.03.26 17:19:56,5845,XAUUSD,buy,out,0.01,4455.00,5863,-0.04,0.00,1.34,1 277.93,sl 4455.00
2026.03.26 17:43:29,5846,XAUUSD,sell,in,0.01,4461.94,5864,-0.04,0.00,0.00,1 277.89,
2026.03.26 17:43:36,5847,XAUUSD,buy,out,0.01,4461.36,5865,-0.04,0.00,0.58,1 278.43,sl 4461.24
2026.03.26 18:07:32,5848,XAUUSD,sell,in,0.01,4460.66,5866,-0.04,0.00,0.00,1 278.39,
2026.03.26 18:08:05,5849,XAUUSD,buy,out,0.01,4452.98,5867,-0.04,0.00,7.68,1 286.03,sl 4452.96
2026.03.26 18:31:31,5850,XAUUSD,sell,in,0.01,4448.78,5868,-0.04,0.00,0.00,1 285.99,
2026.03.26 18:32:01,5851,XAUUSD,buy,out,0.01,4444.22,5869,-0.04,0.00,4.56,1 290.51,sl 4443.02
2026.03.26 18:55:35,5852,XAUUSD,sell,in,0.01,4444.04,5870,-0.04,0.00,0.00,1 290.47,
2026.03.26 18:56:35,5853,XAUUSD,buy,out,0.01,4443.89,5871,-0.04,0.00,0.15,1 290.58,sl 4443.86
2026.03.26 19:19:45,5854,XAUUSD,sell,in,0.01,4428.49,5872,-0.04,0.00,0.00,1 290.54,
2026.03.26 19:20:03,5855,XAUUSD,buy,out,0.01,4427.39,5873,-0.04,0.00,1.10,1 291.60,sl 4427.21
2026.03.26 19:43:52,5856,XAUUSD,sell,in,0.01,4376.55,5874,-0.04,0.00,0.00,1 291.56,
2026.03.26 20:32:56,5857,XAUUSD,buy,in,0.15,4381.30,5875,-0.53,0.00,0.00,1 291.03,
2026.03.26 20:34:05,5858,XAUUSD,sell,out,0.15,4381.60,5876,-0.53,0.00,4.50,1 295.00,sl 4381.64
2026.03.26 21:20:43,5859,XAUUSD,buy,out,0.01,4372.71,5877,-0.04,0.00,3.84,1 298.80,sl 4372.61
2026.03.27 11:25:26,5860,XAUUSD,sell,in,0.01,4435.18,5878,-0.04,0.00,0.00,1 298.76,
2026.03.27 11:26:03,5861,XAUUSD,buy,out,0.01,4435.17,5879,-0.04,0.00,0.01,1 298.73,sl 4435.17
2026.03.27 11:49:40,5862,XAUUSD,sell,in,0.01,4435.81,5880,-0.04,0.00,0.00,1 298.69,
2026.03.27 11:50:24,5863,XAUUSD,buy,out,0.01,4434.82,5881,-0.04,0.00,0.99,1 299.64,sl 4434.79
2026.03.27 12:13:40,5864,XAUUSD,sell,in,0.01,4430.02,5882,-0.04,0.00,0.00,1 299.60,
2026.03.27 12:14:43,5865,XAUUSD,buy,out,0.01,4428.57,5883,-0.04,0.00,1.45,1 301.01,sl 4428.50
2026.03.27 12:37:50,5866,XAUUSD,sell,in,0.01,4434.10,5884,-0.04,0.00,0.00,1 300.97,
2026.03.27 12:37:57,5867,XAUUSD,buy,out,0.01,4434.05,5885,-0.04,0.00,0.05,1 300.98,sl 4434.05
2026.03.27 13:01:54,5868,XAUUSD,sell,in,0.01,4427.24,5886,-0.04,0.00,0.00,1 300.94,
2026.03.27 13:10:43,5869,XAUUSD,buy,out,0.01,4426.94,5887,-0.04,0.00,0.30,1 301.20,sl 4426.54
2026.03.27 13:25:54,5870,XAUUSD,sell,in,0.01,4427.83,5888,-0.04,0.00,0.00,1 301.16,
2026.03.27 13:30:28,5871,XAUUSD,buy,out,0.01,4427.79,5889,-0.04,0.00,0.04,1 301.16,sl 4427.77
2026.03.27 13:50:01,5872,XAUUSD,sell,in,0.01,4415.44,5890,-0.04,0.00,0.00,1 301.12,
2026.03.27 13:50:55,5873,XAUUSD,buy,out,0.01,4415.47,5891,-0.04,0.00,-0.03,1 301.05,sl 4415.28
2026.03.27 14:14:07,5874,XAUUSD,sell,in,0.01,4412.50,5892,-0.04,0.00,0.00,1 301.01,
2026.03.27 14:17:22,5875,XAUUSD,buy,out,0.01,4412.40,5893,-0.04,0.00,0.10,1 301.07,sl 4412.40
2026.03.27 14:38:10,5876,XAUUSD,sell,in,0.01,4416.01,5894,-0.04,0.00,0.00,1 301.03,
2026.03.27 14:40:24,5877,XAUUSD,buy,out,0.01,4415.80,5895,-0.04,0.00,0.21,1 301.20,sl 4415.70
2026.03.27 15:02:11,5878,XAUUSD,sell,in,0.01,4421.50,5896,-0.04,0.00,0.00,1 301.16,
2026.03.27 15:06:14,5879,XAUUSD,buy,out,0.01,4419.02,5897,-0.04,0.00,2.48,1 303.60,sl 4418.48
2026.03.27 15:26:11,5880,XAUUSD,sell,in,0.01,4425.96,5898,-0.04,0.00,0.00,1 303.56,
2026.03.27 15:26:59,5881,XAUUSD,buy,out,0.01,4424.83,5899,-0.04,0.00,1.13,1 304.65,sl 4424.80
2026.03.27 16:09:18,5882,XAUUSD,sell,in,0.01,4430.82,5900,-0.04,0.00,0.00,1 304.61,
2026.03.27 16:09:52,5883,XAUUSD,buy,out,0.01,4430.12,5901,-0.04,0.00,0.70,1 305.27,sl 4430.06
2026.03.27 16:33:17,5884,XAUUSD,sell,in,0.01,4414.72,5902,-0.04,0.00,0.00,1 305.23,
2026.03.27 16:33:30,5885,XAUUSD,buy,out,0.01,4415.16,5903,-0.04,0.00,-0.44,1 304.75,sl 4414.64
2026.03.27 16:57:24,5886,XAUUSD,sell,in,0.01,4423.08,5904,-0.04,0.00,0.00,1 304.71,
2026.03.27 17:03:59,5887,XAUUSD,buy,out,0.01,4458.13,5905,-0.04,0.00,-35.05,1 269.62,
2026.03.27 17:51:22,5888,XAUUSD,buy,in,0.01,4487.84,5906,-0.04,0.00,0.00,1 269.58,
2026.03.27 17:51:36,5889,XAUUSD,sell,out,0.01,4492.44,5907,-0.04,0.00,4.60,1 274.14,sl 4492.65
2026.03.27 18:15:26,5890,XAUUSD,buy,in,0.01,4527.52,5908,-0.04,0.00,0.00,1 274.10,
2026.03.27 18:15:40,5891,XAUUSD,sell,out,0.01,4527.51,5909,-0.04,0.00,-0.01,1 274.05,sl 4527.55
2026.03.27 18:39:33,5892,XAUUSD,buy,in,0.01,4535.82,5910,-0.04,0.00,0.00,1 274.01,
2026.03.27 21:06:40,5893,XAUUSD,sell,in,0.15,4491.94,5911,-0.53,0.00,0.00,1 273.48,
2026.03.27 21:07:03,5894,XAUUSD,buy,out,0.15,4492.16,5912,-0.53,0.00,-3.30,1 269.65,sl 4491.74
2026.03.30 01:02:39,5895,XAUUSD,sell,out,0.01,4496.59,5913,-0.04,-0.52,-39.23,1 229.86,
2026.03.30 03:00:17,5896,XAUUSD,sell,in,0.01,4441.22,5914,-0.04,0.00,0.00,1 229.82,
2026.03.30 03:00:33,5897,XAUUSD,buy,out,0.01,4436.87,5915,-0.04,0.00,4.35,1 234.13,sl 4435.43
2026.03.30 03:40:20,5898,XAUUSD,sell,in,0.01,4440.21,5916,-0.04,0.00,0.00,1 234.09,
2026.03.30 03:40:36,5899,XAUUSD,buy,out,0.01,4436.92,5917,-0.04,0.00,3.29,1 237.34,sl 4436.83
2026.03.30 05:44:05,5900,XAUUSD,buy,in,0.01,4496.63,5918,-0.04,0.00,0.00,1 237.30,
2026.03.30 06:05:38,5901,XAUUSD,sell,out,0.01,4496.70,5919,-0.04,0.00,0.07,1 237.33,sl 4496.71
2026.03.30 06:08:10,5902,XAUUSD,buy,in,0.01,4503.59,5920,-0.04,0.00,0.00,1 237.29,
2026.03.30 06:08:32,5903,XAUUSD,sell,out,0.01,4504.23,5921,-0.04,0.00,0.64,1 237.89,sl 4504.28
2026.03.30 06:32:13,5904,XAUUSD,buy,in,0.01,4505.40,5922,-0.04,0.00,0.00,1 237.85,
2026.03.30 06:32:26,5905,XAUUSD,sell,out,0.01,4504.94,5923,-0.04,0.00,-0.46,1 237.35,sl 4505.61
2026.03.30 06:56:13,5906,XAUUSD,buy,in,0.01,4500.43,5924,-0.04,0.00,0.00,1 237.31,
2026.03.30 08:05:45,5907,XAUUSD,sell,out,0.01,4500.31,5925,-0.04,0.00,-0.12,1 237.15,sl 4500.45
2026.03.30 08:05:52,5908,XAUUSD,buy,in,0.01,4500.18,5926,-0.04,0.00,0.00,1 237.11,
2026.03.30 08:05:54,5909,XAUUSD,sell,out,0.01,4500.26,5927,-0.04,0.00,0.08,1 237.15,sl 4500.57
2026.03.30 08:29:52,5910,XAUUSD,buy,in,0.01,4505.24,5928,-0.04,0.00,0.00,1 237.11,
2026.03.30 08:30:29,5911,XAUUSD,sell,out,0.01,4509.86,5929,-0.04,0.00,4.62,1 241.69,sl 4509.87
2026.03.30 08:53:54,5912,XAUUSD,buy,in,0.01,4528.06,5930,-0.04,0.00,0.00,1 241.65,
2026.03.30 09:08:05,5913,XAUUSD,sell,out,0.01,4528.08,5931,-0.04,0.00,0.02,1 241.63,sl 4528.21
2026.03.30 09:17:54,5914,XAUUSD,buy,in,0.01,4530.42,5932,-0.04,0.00,0.00,1 241.59,
2026.03.30 09:18:37,5915,XAUUSD,sell,out,0.01,4530.64,5933,-0.04,0.00,0.22,1 241.77,sl 4530.68
2026.03.30 09:42:00,5916,XAUUSD,buy,in,0.01,4537.16,5934,-0.04,0.00,0.00,1 241.73,
2026.03.30 09:42:57,5917,XAUUSD,sell,out,0.01,4537.13,5935,-0.04,0.00,-0.03,1 241.66,sl 4537.23
2026.03.30 10:06:01,5918,XAUUSD,buy,in,0.01,4526.73,5936,-0.04,0.00,0.00,1 241.62,
2026.03.30 10:06:12,5919,XAUUSD,sell,out,0.01,4526.84,5937,-0.04,0.00,0.11,1 241.69,sl 4526.86
2026.03.30 10:30:02,5920,XAUUSD,buy,in,0.01,4523.57,5938,-0.04,0.00,0.00,1 241.65,
2026.03.30 10:30:52,5921,XAUUSD,sell,out,0.01,4524.15,5939,-0.04,0.00,0.58,1 242.19,sl 4524.56
2026.03.30 10:54:09,5922,XAUUSD,buy,in,0.01,4523.83,5940,-0.04,0.00,0.00,1 242.15,
2026.03.30 10:54:53,5923,XAUUSD,sell,out,0.01,4524.91,5941,-0.04,0.00,1.08,1 243.19,sl 4524.95
2026.03.30 11:18:13,5924,XAUUSD,buy,in,0.01,4532.38,5942,-0.04,0.00,0.00,1 243.15,
2026.03.30 11:18:32,5925,XAUUSD,sell,out,0.01,4532.38,5943,-0.04,0.00,0.00,1 243.11,sl 4532.40
2026.03.30 11:42:19,5926,XAUUSD,buy,in,0.01,4534.72,5944,-0.04,0.00,0.00,1 243.07,
2026.03.30 11:47:21,5927,XAUUSD,sell,out,0.01,4536.04,5945,-0.04,0.00,1.32,1 244.35,sl 4536.06
2026.03.30 12:06:26,5928,XAUUSD,buy,in,0.01,4537.72,5946,-0.04,0.00,0.00,1 244.31,
2026.03.30 12:48:10,5929,XAUUSD,sell,out,0.01,4537.82,5947,-0.04,0.00,0.10,1 244.37,sl 4537.84
2026.03.30 12:48:15,5930,XAUUSD,buy,in,0.01,4537.92,5948,-0.04,0.00,0.00,1 244.33,
2026.03.30 13:19:12,5931,XAUUSD,sell,out,0.01,4537.96,5949,-0.04,0.00,0.04,1 244.33,sl 4538.50
2026.03.30 13:19:13,5932,XAUUSD,buy,in,0.01,4538.44,5950,-0.04,0.00,0.00,1 244.29,
2026.03.30 13:20:44,5933,XAUUSD,sell,out,0.01,4539.35,5951,-0.04,0.00,0.91,1 245.16,sl 4539.40
2026.03.30 13:43:22,5934,XAUUSD,buy,in,0.01,4533.22,5952,-0.04,0.00,0.00,1 245.12,
2026.03.30 13:43:55,5935,XAUUSD,sell,out,0.01,4533.25,5953,-0.04,0.00,0.03,1 245.11,sl 4533.40
2026.03.30 14:07:24,5936,XAUUSD,buy,in,0.01,4533.50,5954,-0.04,0.00,0.00,1 245.07,
2026.03.30 14:08:37,5937,XAUUSD,sell,out,0.01,4533.03,5955,-0.04,0.00,-0.47,1 244.56,sl 4533.60
2026.03.30 14:31:26,5938,XAUUSD,buy,in,0.01,4541.96,5956,-0.04,0.00,0.00,1 244.52,
2026.03.30 14:31:35,5939,XAUUSD,sell,out,0.01,4542.00,5957,-0.04,0.00,0.04,1 244.52,sl 4542.15
2026.03.30 14:55:29,5940,XAUUSD,buy,in,0.01,4563.46,5958,-0.04,0.00,0.00,1 244.48,
2026.03.30 14:55:32,5941,XAUUSD,sell,out,0.01,4563.49,5959,-0.04,0.00,0.03,1 244.47,sl 4563.49
2026.03.30 15:19:33,5942,XAUUSD,buy,in,0.01,4565.42,5960,-0.04,0.00,0.00,1 244.43,
2026.03.30 15:20:00,5943,XAUUSD,sell,out,0.01,4566.52,5961,-0.04,0.00,1.10,1 245.49,sl 4566.55
2026.03.30 15:43:34,5944,XAUUSD,buy,in,0.01,4576.64,5962,-0.04,0.00,0.00,1 245.45,
2026.03.30 16:00:46,5945,XAUUSD,sell,out,0.01,4577.12,5963,-0.04,0.00,0.48,1 245.89,sl 4577.13
2026.03.30 16:07:37,5946,XAUUSD,buy,in,0.01,4567.94,5964,-0.04,0.00,0.00,1 245.85,
2026.03.30 16:07:54,5947,XAUUSD,sell,out,0.01,4569.38,5965,-0.04,0.00,1.44,1 247.25,sl 4569.49
2026.03.30 16:31:37,5948,XAUUSD,buy,in,0.01,4570.64,5966,-0.04,0.00,0.00,1 247.21,
2026.03.30 18:58:38,5949,XAUUSD,sell,in,0.15,4549.25,5967,-0.53,0.00,0.00,1 246.68,
2026.03.30 18:59:49,5950,XAUUSD,buy,out,0.15,4549.21,5968,-0.53,0.00,0.60,1 246.75,sl 4549.16
2026.03.31 02:10:11,5951,XAUUSD,sell,out,0.01,4494.96,5969,-0.04,-0.52,-75.68,1 170.51,
2026.03.31 03:02:39,5952,XAUUSD,buy,in,0.01,4525.33,5970,-0.04,0.00,0.00,1 170.47,
2026.03.31 03:02:50,5953,XAUUSD,sell,out,0.01,4525.61,5971,-0.04,0.00,0.28,1 170.71,sl 4525.77
2026.03.31 03:36:32,5954,XAUUSD,buy,in,0.01,4522.22,5972,-0.04,0.00,0.00,1 170.67,
2026.03.31 03:36:43,5955,XAUUSD,sell,out,0.01,4521.43,5973,-0.04,0.00,-0.79,1 169.84,sl 4522.39
2026.03.31 04:00:31,5956,XAUUSD,buy,in,0.01,4548.55,5974,-0.04,0.00,0.00,1 169.80,
2026.03.31 04:01:13,5957,XAUUSD,sell,out,0.01,4549.00,5975,-0.04,0.00,0.45,1 170.21,sl 4549.01
2026.03.31 04:24:33,5958,XAUUSD,buy,in,0.01,4578.17,5976,-0.04,0.00,0.00,1 170.17,
2026.03.31 04:25:05,5959,XAUUSD,sell,out,0.01,4583.08,5977,-0.04,0.00,4.91,1 175.04,sl 4583.49
2026.03.31 04:48:32,5960,XAUUSD,buy,in,0.01,4605.86,5978,-0.04,0.00,0.00,1 175.00,
2026.03.31 04:48:41,5961,XAUUSD,sell,out,0.01,4605.48,5979,-0.04,0.00,-0.38,1 174.58,sl 4606.05
2026.03.31 05:12:32,5962,XAUUSD,buy,in,0.01,4596.43,5980,-0.04,0.00,0.00,1 174.54,
2026.03.31 07:39:35,5963,XAUUSD,sell,in,0.15,4562.08,5981,-0.53,0.00,0.00,1 174.01,
2026.03.31 07:40:23,5964,XAUUSD,buy,out,0.15,4562.64,5982,-0.53,0.00,-8.40,1 165.08,sl 4562.02
2026.03.31 15:09:24,5965,XAUUSD,sell,out,0.01,4596.36,5983,-0.04,0.00,-0.07,1 164.97,sl 4596.58
2026.04.02 04:36:16,5966,XAUUSD,buy,in,0.01,4684.99,5984,-0.04,0.00,0.00,1 164.93,
2026.04.02 04:36:38,5967,XAUUSD,sell,out,0.01,4692.56,5985,-0.04,0.00,7.57,1 172.46,sl 4692.62
2026.04.02 05:00:18,5968,XAUUSD,buy,in,0.01,4693.00,5986,-0.04,0.00,0.00,1 172.42,
2026.04.02 05:00:27,5969,XAUUSD,sell,out,0.01,4693.89,5987,-0.04,0.00,0.89,1 173.27,sl 4693.93
2026.04.02 05:24:20,5970,XAUUSD,buy,in,0.01,4696.36,5988,-0.04,0.00,0.00,1 173.23,
2026.04.02 05:24:53,5971,XAUUSD,sell,out,0.01,4697.48,5989,-0.04,0.00,1.12,1 174.31,sl 4697.61
2026.04.02 05:55:31,5972,XAUUSD,buy,in,0.01,4683.96,5990,-0.04,0.00,0.00,1 174.27,
2026.04.02 05:56:36,5973,XAUUSD,sell,out,0.01,4686.49,5991,-0.04,0.00,2.53,1 176.76,sl 4686.79
2026.04.02 06:19:31,5974,XAUUSD,buy,in,0.01,4694.56,5992,-0.04,0.00,0.00,1 176.72,
2026.04.02 06:22:11,5975,XAUUSD,sell,out,0.01,4696.52,5993,-0.04,0.00,1.96,1 178.64,sl 4696.61
2026.04.02 06:43:34,5976,XAUUSD,buy,in,0.01,4689.24,5994,-0.04,0.00,0.00,1 178.60,
2026.04.02 06:43:39,5977,XAUUSD,sell,out,0.01,4689.05,5995,-0.04,0.00,-0.19,1 178.37,sl 4689.26
2026.04.02 08:44:22,5978,XAUUSD,sell,in,0.01,4629.94,5996,-0.04,0.00,0.00,1 178.33,
2026.04.02 08:45:46,5979,XAUUSD,buy,out,0.01,4627.74,5997,-0.04,0.00,2.20,1 180.49,sl 4627.12
2026.04.02 09:08:29,5980,XAUUSD,sell,in,0.01,4564.38,5998,-0.04,0.00,0.00,1 180.45,
2026.04.02 09:08:46,5981,XAUUSD,buy,out,0.01,4564.53,5999,-0.04,0.00,-0.15,1 180.26,sl 4563.34
2026.04.02 09:32:33,5982,XAUUSD,sell,in,0.01,4592.31,6000,-0.04,0.00,0.00,1 180.22,
2026.04.02 09:32:47,5983,XAUUSD,buy,out,0.01,4592.13,6001,-0.04,0.00,0.18,1 180.36,sl 4591.73
2026.04.02 09:56:37,5984,XAUUSD,sell,in,0.01,4597.19,6002,-0.04,0.00,0.00,1 180.32,
2026.04.02 09:56:55,5985,XAUUSD,buy,out,0.01,4595.85,6003,-0.04,0.00,1.34,1 181.62,sl 4595.77
2026.04.02 10:20:40,5986,XAUUSD,sell,in,0.01,4625.60,6004,-0.04,0.00,0.00,1 181.58,
2026.04.02 10:21:32,5987,XAUUSD,buy,out,0.01,4623.75,6005,-0.04,0.00,1.85,1 183.39,sl 4623.24
2026.04.02 11:45:52,5988,XAUUSD,sell,in,0.01,4627.66,6006,-0.04,0.00,0.00,1 183.35,
2026.04.02 11:50:37,5989,XAUUSD,buy,out,0.01,4628.19,6007,-0.04,0.00,-0.53,1 182.78,sl 4627.65
2026.04.02 12:09:54,5990,XAUUSD,sell,in,0.01,4617.30,6008,-0.04,0.00,0.00,1 182.74,
2026.04.02 12:10:22,5991,XAUUSD,buy,out,0.01,4616.20,6009,-0.04,0.00,1.10,1 183.80,sl 4615.88
2026.04.02 12:34:02,5992,XAUUSD,sell,in,0.01,4622.47,6010,-0.04,0.00,0.00,1 183.76,
2026.04.02 12:34:05,5993,XAUUSD,buy,out,0.01,4622.52,6011,-0.04,0.00,-0.05,1 183.67,sl 4622.40
2026.04.02 12:58:04,5994,XAUUSD,sell,in,0.01,4624.80,6012,-0.04,0.00,0.00,1 183.63,
2026.04.02 12:59:09,5995,XAUUSD,buy,out,0.01,4621.97,6013,-0.04,0.00,2.83,1 186.42,sl 4621.78
2026.04.02 13:22:09,5996,XAUUSD,sell,in,0.01,4611.34,6014,-0.04,0.00,0.00,1 186.38,
2026.04.02 13:22:20,5997,XAUUSD,buy,out,0.01,4611.37,6015,-0.04,0.00,-0.03,1 186.31,sl 4611.28
2026.04.02 13:46:18,5998,XAUUSD,sell,in,0.01,4623.13,6016,-0.04,0.00,0.00,1 186.27,
2026.04.02 13:46:38,5999,XAUUSD,buy,out,0.01,4623.35,6017,-0.04,0.00,-0.22,1 186.01,sl 4622.93
2026.04.02 14:26:02,6000,XAUUSD,sell,in,0.01,4622.90,6018,-0.04,0.00,0.00,1 185.97,
2026.04.02 14:26:37,6001,XAUUSD,buy,out,0.01,4622.38,6019,-0.04,0.00,0.52,1 186.45,sl 4621.84
2026.04.02 14:50:04,6002,XAUUSD,sell,in,0.01,4606.03,6020,-0.04,0.00,0.00,1 186.41,
2026.04.02 14:50:32,6003,XAUUSD,buy,out,0.01,4605.32,6021,-0.04,0.00,0.71,1 187.08,sl 4605.29
2026.04.02 15:14:04,6004,XAUUSD,sell,in,0.01,4608.52,6022,-0.04,0.00,0.00,1 187.04,
2026.04.02 15:58:15,6005,XAUUSD,buy,out,0.01,4608.68,6023,-0.04,0.00,-0.16,1 186.84,sl 4608.40
2026.04.02 15:58:25,6006,XAUUSD,sell,in,0.01,4608.62,6024,-0.04,0.00,0.00,1 186.80,
2026.04.02 15:58:58,6007,XAUUSD,buy,out,0.01,4606.41,6025,-0.04,0.00,2.21,1 188.97,sl 4606.32
2026.04.02 16:22:25,6008,XAUUSD,sell,in,0.01,4594.95,6026,-0.04,0.00,0.00,1 188.93,
2026.04.02 16:24:10,6009,XAUUSD,buy,out,0.01,4582.30,6027,-0.04,0.00,12.65,1 201.54,sl 4581.88
2026.04.02 16:46:29,6010,XAUUSD,sell,in,0.01,4610.66,6028,-0.04,0.00,0.00,1 201.50,
2026.04.02 16:46:41,6011,XAUUSD,buy,out,0.01,4608.79,6029,-0.04,0.00,1.87,1 203.33,sl 4608.72
2026.04.02 17:24:54,6012,XAUUSD,buy,in,0.01,4675.99,6030,-0.04,0.00,0.00,1 203.29,
2026.04.02 17:36:43,6013,XAUUSD,sell,out,0.01,4691.58,6031,-0.04,0.00,15.59,1 218.84,sl 4691.67
2026.04.02 17:48:54,6014,XAUUSD,buy,in,0.01,4687.12,6032,-0.04,0.00,0.00,1 218.80,
2026.04.02 17:56:12,6015,XAUUSD,sell,out,0.01,4687.65,6033,-0.04,0.00,0.53,1 219.29,sl 4687.85
2026.04.02 18:12:55,6016,XAUUSD,buy,in,0.01,4677.73,6034,-0.04,0.00,0.00,1 219.25,
2026.04.02 18:13:18,6017,XAUUSD,sell,out,0.01,4677.56,6035,-0.04,0.00,-0.17,1 219.04,sl 4677.77
2026.04.02 22:06:29,6018,XAUUSD,buy,in,0.01,4677.56,6036,-0.04,0.00,0.00,1 219.00,
2026.04.02 22:08:26,6019,XAUUSD,sell,out,0.01,4679.15,6037,-0.04,0.00,1.59,1 220.55,sl 4679.34
2026.04.06 01:10:21,6020,XAUUSD,sell,in,0.01,4620.40,6038,-0.04,0.00,0.00,1 220.51,
2026.04.06 01:11:09,6021,XAUUSD,buy,out,0.01,4615.56,6039,-0.04,0.00,4.84,1 225.31,sl 4615.33
2026.04.06 01:47:04,6022,XAUUSD,sell,in,0.01,4620.66,6040,-0.04,0.00,0.00,1 225.27,
2026.04.06 01:47:47,6023,XAUUSD,buy,out,0.01,4625.68,6041,-0.04,0.00,-5.02,1 220.21,sl 4617.14
2026.04.06 02:20:39,6024,XAUUSD,sell,in,0.01,4622.82,6042,-0.04,0.00,0.00,1 220.17,
2026.04.06 02:23:53,6025,XAUUSD,buy,out,0.01,4621.19,6043,-0.04,0.00,1.63,1 221.76,sl 4621.16
2026.04.06 02:44:43,6026,XAUUSD,sell,in,0.01,4606.20,6044,-0.04,0.00,0.00,1 221.72,
2026.04.06 03:27:51,6027,XAUUSD,buy,out,0.01,4604.40,6045,-0.04,0.00,1.80,1 223.48,sl 4604.12
2026.04.06 03:27:58,6028,XAUUSD,sell,in,0.01,4604.25,6046,-0.04,0.00,0.00,1 223.44,
2026.04.06 03:28:19,6029,XAUUSD,buy,out,0.01,4604.28,6047,-0.04,0.00,-0.03,1 223.37,sl 4604.00
2026.04.06 03:52:09,6030,XAUUSD,sell,in,0.01,4618.10,6048,-0.04,0.00,0.00,1 223.33,
2026.04.06 03:53:18,6031,XAUUSD,buy,out,0.01,4617.24,6049,-0.04,0.00,0.86,1 224.15,sl 4617.10
2026.04.06 04:20:16,6032,XAUUSD,sell,in,0.01,4620.67,6050,-0.04,0.00,0.00,1 224.11,
2026.04.06 05:09:20,6033,XAUUSD,buy,in,0.15,4628.57,6051,-0.53,0.00,0.00,1 223.58,
2026.04.06 05:09:47,6034,XAUUSD,sell,out,0.15,4631.42,6052,-0.53,0.00,42.75,1 265.80,sl 4631.65
2026.04.06 05:17:29,6035,XAUUSD,buy,in,0.15,4648.50,6053,-0.53,0.00,0.00,1 265.27,
2026.04.06 05:17:56,6036,XAUUSD,sell,out,0.15,4653.60,6054,-0.53,0.00,76.50,1 341.24,sl 4653.63
2026.04.06 05:35:27,6037,XAUUSD,buy,out,0.01,4652.44,6055,-0.04,0.00,-31.77,1 309.43,
2026.04.06 08:16:55,6038,XAUUSD,buy,in,0.01,4676.46,6056,-0.04,0.00,0.00,1 309.39,
2026.04.06 08:17:01,6039,XAUUSD,sell,out,0.01,4676.46,6057,-0.04,0.00,0.00,1 309.35,sl 4676.54
2026.04.06 10:51:18,6040,XAUUSD,buy,in,0.01,4677.81,6058,-0.04,0.00,0.00,1 309.31,
2026.04.06 10:51:35,6041,XAUUSD,sell,out,0.01,4679.03,6059,-0.04,0.00,1.22,1 310.49,sl 4679.35
2026.04.06 11:15:24,6042,XAUUSD,buy,in,0.01,4690.83,6060,-0.04,0.00,0.00,1 310.45,
2026.04.06 11:15:33,6043,XAUUSD,sell,out,0.01,4689.97,6061,-0.04,0.00,-0.86,1 309.55,sl 4690.87
2026.04.06 11:39:35,6044,XAUUSD,buy,in,0.01,4690.88,6062,-0.04,0.00,0.00,1 309.51,
2026.04.06 11:40:23,6045,XAUUSD,sell,out,0.01,4690.95,6063,-0.04,0.00,0.07,1 309.54,sl 4691.24
2026.04.06 12:03:34,6046,XAUUSD,buy,in,0.01,4700.60,6064,-0.04,0.00,0.00,1 309.50,
2026.04.06 12:03:42,6047,XAUUSD,sell,out,0.01,4700.59,6065,-0.04,0.00,-0.01,1 309.45,sl 4700.65
2026.04.06 12:27:39,6048,XAUUSD,buy,in,0.01,4701.89,6066,-0.04,0.00,0.00,1 309.41,
2026.04.06 12:27:54,6049,XAUUSD,sell,out,0.01,4701.50,6067,-0.04,0.00,-0.39,1 308.98,sl 4702.06
2026.04.06 12:51:47,6050,XAUUSD,buy,in,0.01,4698.82,6068,-0.04,0.00,0.00,1 308.94,
2026.04.06 12:52:15,6051,XAUUSD,sell,out,0.01,4698.72,6069,-0.04,0.00,-0.10,1 308.80,sl 4698.90
2026.04.06 13:15:58,6052,XAUUSD,buy,in,0.01,4688.29,6070,-0.04,0.00,0.00,1 308.76,
2026.04.06 13:17:09,6053,XAUUSD,sell,out,0.01,4689.66,6071,-0.04,0.00,1.37,1 310.09,sl 4689.72
2026.04.06 13:39:57,6054,XAUUSD,buy,in,0.01,4692.27,6072,-0.04,0.00,0.00,1 310.05,
2026.04.06 13:41:00,6055,XAUUSD,sell,out,0.01,4694.42,6073,-0.04,0.00,2.15,1 312.16,sl 4694.46
2026.04.06 14:04:03,6056,XAUUSD,buy,in,0.01,4695.25,6074,-0.04,0.00,0.00,1 312.12,
2026.04.06 14:08:35,6057,XAUUSD,sell,out,0.01,4696.23,6075,-0.04,0.00,0.98,1 313.06,sl 4696.26
2026.04.06 14:28:02,6058,XAUUSD,buy,in,0.01,4689.32,6076,-0.04,0.00,0.00,1 313.02,
2026.04.06 14:28:24,6059,XAUUSD,sell,out,0.01,4690.11,6077,-0.04,0.00,0.79,1 313.77,sl 4690.13
2026.04.06 14:52:07,6060,XAUUSD,buy,in,0.01,4682.03,6079,-0.04,0.00,0.00,1 313.73,
2026.04.06 14:52:36,6061,XAUUSD,sell,out,0.01,4682.54,6080,-0.04,0.00,0.51,1 314.20,sl 4682.85
2026.04.06 17:00:27,6062,XAUUSD,buy,in,0.01,4686.01,6081,-0.04,0.00,0.00,1 314.16,
2026.04.06 17:00:41,6063,XAUUSD,sell,out,0.01,4687.29,6082,-0.04,0.00,1.28,1 315.40,sl 4687.66
2026.04.06 17:24:57,6064,XAUUSD,buy,in,0.01,4685.65,6083,-0.04,0.00,0.00,1 315.36,
2026.04.06 17:25:06,6065,XAUUSD,sell,out,0.01,4685.71,6084,-0.04,0.00,0.06,1 315.38,sl 4685.71
2026.04.06 17:53:12,6066,XAUUSD,buy,in,0.01,4685.06,6085,-0.04,0.00,0.00,1 315.34,
2026.04.06 17:53:19,6067,XAUUSD,sell,out,0.01,4685.50,6086,-0.04,0.00,0.44,1 315.74,sl 4685.59
2026.04.07 04:51:56,6068,XAUUSD,sell,in,0.01,4629.62,6087,-0.04,0.00,0.00,1 315.70,
2026.04.07 04:53:00,6069,XAUUSD,buy,out,0.01,4621.18,6088,-0.04,0.00,8.44,1 324.10,sl 4620.96
2026.04.07 05:16:02,6070,XAUUSD,sell,in,0.01,4624.89,6089,-0.04,0.00,0.00,1 324.06,
2026.04.07 06:05:03,6071,XAUUSD,buy,in,0.15,4647.05,6090,-0.53,0.00,0.00,1 323.53,
2026.04.07 06:10:13,6072,XAUUSD,sell,out,0.15,4647.24,6091,-0.53,0.00,2.85,1 325.85,sl 4647.29
2026.04.07 07:32:08,6073,XAUUSD,buy,out,0.01,4656.82,6092,-0.04,0.00,-31.93,1 293.88,
2026.04.07 08:30:28,6074,XAUUSD,sell,in,0.01,4625.56,6093,-0.04,0.00,0.00,1 293.84,
2026.04.07 09:19:36,6075,XAUUSD,buy,in,0.15,4642.48,6094,-0.53,0.00,0.00,1 293.31,
2026.04.07 09:19:57,6076,XAUUSD,sell,out,0.15,4642.79,6095,-0.53,0.00,4.65,1 297.43,sl 4642.81
2026.04.07 09:57:24,6077,XAUUSD,buy,out,0.01,4655.89,6096,-0.04,0.00,-30.33,1 267.06,
2026.04.07 11:22:06,6078,XAUUSD,buy,in,0.01,4684.61,6097,-0.04,0.00,0.00,1 267.02,
2026.04.07 11:22:17,6079,XAUUSD,sell,out,0.01,4685.80,6098,-0.04,0.00,1.19,1 268.17,sl 4685.80
2026.04.07 11:46:06,6080,XAUUSD,buy,in,0.01,4686.26,6099,-0.04,0.00,0.00,1 268.13,
2026.04.07 12:02:17,6081,XAUUSD,sell,out,0.01,4686.85,6100,-0.04,0.00,0.59,1 268.68,sl 4686.85
2026.04.07 12:10:14,6082,XAUUSD,buy,in,0.01,4687.06,6101,-0.04,0.00,0.00,1 268.64,
2026.04.07 12:10:24,6083,XAUUSD,sell,out,0.01,4687.03,6102,-0.04,0.00,-0.03,1 268.57,sl 4687.09
2026.04.07 17:03:28,6084,XAUUSD,sell,in,0.01,4628.62,6103,-0.04,0.00,0.00,1 268.53,
2026.04.07 17:04:03,6085,XAUUSD,buy,out,0.01,4629.01,6104,-0.04,0.00,-0.39,1 268.10,sl 4628.58
2026.04.07 18:05:05,6086,XAUUSD,sell,in,0.01,4627.71,6105,-0.04,0.00,0.00,1 268.06,
2026.04.07 18:05:15,6087,XAUUSD,buy,out,0.01,4627.41,6106,-0.04,0.00,0.30,1 268.32,sl 4627.40
2026.04.07 20:37:43,6088,XAUUSD,buy,in,0.01,4685.43,6107,-0.04,0.00,0.00,1 268.28,
2026.04.07 20:37:53,6089,XAUUSD,sell,out,0.01,4685.79,6108,-0.04,0.00,0.36,1 268.60,sl 4685.79
2026.04.07 21:14:44,6090,XAUUSD,buy,in,0.01,4684.77,6109,-0.04,0.00,0.00,1 268.56,
2026.04.07 21:15:53,6091,XAUUSD,sell,out,0.01,4683.71,6110,-0.04,0.00,-1.06,1 267.46,sl 4684.89
2026.04.07 22:19:36,6092,XAUUSD,buy,in,0.01,4689.01,6111,-0.04,0.00,0.00,1 267.42,
2026.04.07 22:19:45,6093,XAUUSD,sell,out,0.01,4689.40,6112,-0.04,0.00,0.39,1 267.77,sl 4689.59
2026.04.07 22:43:44,6094,XAUUSD,buy,in,0.01,4685.40,6113,-0.04,0.00,0.00,1 267.73,
2026.04.07 22:45:00,6095,XAUUSD,sell,out,0.01,4686.96,6114,-0.04,0.00,1.56,1 269.25,sl 4687.14
2026.04.07 23:07:51,6096,XAUUSD,buy,in,0.01,4701.35,6115,-0.04,0.00,0.00,1 269.21,
2026.04.07 23:08:41,6097,XAUUSD,sell,out,0.01,4705.34,6116,-0.04,0.00,3.99,1 273.16,sl 4705.43
2026.04.07 23:31:55,6098,XAUUSD,buy,in,0.01,4714.23,6117,-0.04,0.00,0.00,1 273.12,
2026.04.07 23:36:08,6099,XAUUSD,sell,out,0.01,4714.38,6118,-0.04,0.00,0.15,1 273.23,sl 4714.48
2026.04.07 23:55:54,6100,XAUUSD,buy,in,0.01,4713.70,6119,-0.04,0.00,0.00,1 273.19,
2026.04.08 01:02:18,6101,XAUUSD,sell,out,0.01,4745.75,6120,-0.04,-0.52,32.05,1 304.68,sl 4746.29
2026.04.08 01:02:25,6102,XAUUSD,buy,in,0.01,4745.53,6122,-0.04,0.00,0.00,1 304.64,
2026.04.08 01:05:39,6103,XAUUSD,sell,out,0.01,4746.02,6123,-0.04,0.00,0.49,1 305.09,sl 4746.23
2026.04.08 01:26:26,6104,XAUUSD,buy,in,0.01,4728.33,6124,-0.04,0.00,0.00,1 305.05,
2026.04.08 01:27:24,6105,XAUUSD,sell,out,0.01,4730.38,6125,-0.04,0.00,2.05,1 307.06,sl 4730.56
2026.04.08 01:50:26,6106,XAUUSD,buy,in,0.01,4771.99,6126,-0.04,0.00,0.00,1 307.02,
2026.04.08 01:50:39,6107,XAUUSD,sell,out,0.01,4771.92,6127,-0.04,0.00,-0.07,1 306.91,sl 4772.27
2026.04.08 02:14:28,6108,XAUUSD,buy,in,0.01,4820.58,6128,-0.04,0.00,0.00,1 306.87,
2026.04.08 02:20:07,6109,XAUUSD,sell,out,0.01,4824.76,6129,-0.04,0.00,4.18,1 311.01,sl 4824.93
2026.04.08 02:38:34,6110,XAUUSD,buy,in,0.01,4812.79,6130,-0.04,0.00,0.00,1 310.97,
2026.04.08 02:45:16,6111,XAUUSD,sell,out,0.01,4812.91,6131,-0.04,0.00,0.12,1 311.05,sl 4813.01
2026.04.08 03:02:51,6112,XAUUSD,buy,in,0.01,4849.42,6132,-0.04,0.00,0.00,1 311.01,
2026.04.08 03:03:07,6113,XAUUSD,sell,out,0.01,4850.75,6133,-0.04,0.00,1.33,1 312.30,sl 4850.79
2026.04.08 03:26:55,6114,XAUUSD,buy,in,0.01,4822.57,6134,-0.04,0.00,0.00,1 312.26,
2026.04.08 03:27:05,6115,XAUUSD,sell,out,0.01,4822.96,6135,-0.04,0.00,0.39,1 312.61,sl 4822.99
2026.04.08 03:51:05,6116,XAUUSD,buy,in,0.01,4818.99,6136,-0.04,0.00,0.00,1 312.57,
2026.04.08 03:51:54,6117,XAUUSD,sell,out,0.01,4820.42,6137,-0.04,0.00,1.43,1 313.96,sl 4820.74
2026.04.08 04:15:09,6118,XAUUSD,buy,in,0.01,4820.24,6138,-0.04,0.00,0.00,1 313.92,
2026.04.08 05:02:16,6119,XAUUSD,sell,out,0.01,4824.70,6139,-0.04,0.00,4.46,1 318.34,sl 4824.72
2026.04.08 05:02:16,6120,XAUUSD,buy,in,0.01,4825.04,6140,-0.04,0.00,0.00,1 318.30,
2026.04.08 07:29:28,6121,XAUUSD,sell,in,0.15,4802.28,6141,-0.53,0.00,0.00,1 317.77,
2026.04.08 07:29:41,6122,XAUUSD,buy,out,0.15,4802.28,6142,-0.53,0.00,0.00,1 317.24,sl 4802.10
2026.04.08 08:46:29,6123,XAUUSD,sell,out,0.01,4824.95,6143,-0.04,0.00,-0.09,1 317.11,sl 4825.22
2026.04.09 14:32:56,6124,XAUUSD,buy,in,0.01,4747.33,6144,-0.04,0.00,0.00,1 317.07,
2026.04.09 14:40:06,6125,XAUUSD,sell,out,0.01,4748.48,6145,-0.04,0.00,1.15,1 318.18,sl 4748.48
2026.04.09 14:57:04,6126,XAUUSD,buy,in,0.01,4756.06,6146,-0.04,0.00,0.00,1 318.14,
2026.04.09 14:57:37,6127,XAUUSD,sell,out,0.01,4756.42,6147,-0.04,0.00,0.36,1 318.46,sl 4756.43
2026.04.09 16:07:35,6128,XAUUSD,buy,in,0.01,4749.72,6148,-0.04,0.00,0.00,1 318.42,
2026.04.09 16:11:04,6129,XAUUSD,sell,out,0.01,4751.95,6149,-0.04,0.00,2.23,1 320.61,sl 4752.15
2026.04.09 16:31:37,6130,XAUUSD,buy,in,0.01,4753.08,6150,-0.04,0.00,0.00,1 320.57,
2026.04.09 16:32:00,6131,XAUUSD,sell,out,0.01,4754.98,6151,-0.04,0.00,1.90,1 322.43,sl 4755.47
2026.04.09 16:55:37,6132,XAUUSD,buy,in,0.01,4765.39,6152,-0.04,0.00,0.00,1 322.39,
2026.04.09 16:56:00,6133,XAUUSD,sell,out,0.01,4765.39,6153,-0.04,0.00,0.00,1 322.35,sl 4765.52
2026.04.09 17:19:40,6134,XAUUSD,buy,in,0.01,4761.98,6154,-0.04,0.00,0.00,1 322.31,
2026.04.09 17:20:48,6135,XAUUSD,sell,out,0.01,4765.28,6155,-0.04,0.00,3.30,1 325.57,sl 4765.31
2026.04.09 17:43:44,6136,XAUUSD,buy,in,0.01,4758.29,6156,-0.04,0.00,0.00,1 325.53,
2026.04.09 17:46:04,6137,XAUUSD,sell,out,0.01,4760.06,6157,-0.04,0.00,1.77,1 327.26,sl 4760.14
2026.04.09 18:07:43,6138,XAUUSD,buy,in,0.01,4765.24,6158,-0.04,0.00,0.00,1 327.22,
2026.04.09 18:12:58,6139,XAUUSD,sell,out,0.01,4765.24,6159,-0.04,0.00,0.00,1 327.18,sl 4765.26
2026.04.09 18:31:55,6140,XAUUSD,buy,in,0.01,4780.92,6160,-0.04,0.00,0.00,1 327.14,
2026.04.09 18:32:31,6141,XAUUSD,sell,out,0.01,4781.39,6161,-0.04,0.00,0.47,1 327.57,sl 4781.42
2026.04.09 18:56:00,6142,XAUUSD,buy,in,0.01,4788.33,6162,-0.04,0.00,0.00,1 327.53,
2026.04.09 18:56:22,6143,XAUUSD,sell,out,0.01,4788.57,6163,-0.04,0.00,0.24,1 327.73,sl 4788.92
2026.04.09 19:20:02,6144,XAUUSD,buy,in,0.01,4795.91,6164,-0.04,0.00,0.00,1 327.69,
2026.04.09 20:19:43,6145,XAUUSD,sell,out,0.01,4797.29,6165,-0.04,0.00,1.38,1 329.03,sl 4797.43
2026.04.09 20:20:02,6146,XAUUSD,buy,in,0.01,4797.87,6166,-0.04,0.00,0.00,1 328.99,
2026.04.09 20:39:09,6147,XAUUSD,sell,out,0.01,4799.09,6167,-0.04,0.00,1.22,1 330.17,sl 4799.11
2026.04.09 20:44:09,6148,XAUUSD,buy,in,0.01,4795.86,6168,-0.04,0.00,0.00,1 330.13,
2026.04.09 20:46:42,6149,XAUUSD,sell,out,0.01,4799.65,6169,-0.04,0.00,3.79,1 333.88,sl 4799.90
2026.04.09 21:08:14,6150,XAUUSD,buy,in,0.01,4785.15,6170,-0.04,0.00,0.00,1 333.84,
2026.04.09 21:09:58,6151,XAUUSD,sell,out,0.01,4785.41,6171,-0.04,0.00,0.26,1 334.06,sl 4785.41
2026.04.09 21:32:14,6152,XAUUSD,buy,in,0.01,4774.04,6172,-0.04,0.00,0.00,1 334.02,
2026.04.09 21:32:51,6153,XAUUSD,sell,out,0.01,4774.28,6173,-0.04,0.00,0.24,1 334.22,sl 4774.30
2026.04.09 21:56:19,6154,XAUUSD,buy,in,0.01,4769.98,6174,-0.04,0.00,0.00,1 334.18,
2026.04.09 21:57:20,6155,XAUUSD,sell,out,0.01,4771.88,6175,-0.04,0.00,1.90,1 336.04,sl 4771.88
2026.04.09 22:20:19,6156,XAUUSD,buy,in,0.01,4773.97,6176,-0.04,0.00,0.00,1 336.00,
2026.04.09 22:24:25,6157,XAUUSD,sell,out,0.01,4774.17,6177,-0.04,0.00,0.20,1 336.16,sl 4774.26
2026.04.09 22:44:25,6158,XAUUSD,buy,in,0.01,4773.08,6178,-0.04,0.00,0.00,1 336.12,
2026.04.09 22:52:46,6159,XAUUSD,sell,out,0.01,4773.04,6179,-0.04,0.00,-0.04,1 336.04,sl 4773.32
2026.04.09 23:08:27,6160,XAUUSD,buy,in,0.01,4769.47,6180,-0.04,0.00,0.00,1 336.00,
2026.04.09 23:10:23,6161,XAUUSD,sell,out,0.01,4770.15,6181,-0.04,0.00,0.68,1 336.64,sl 4770.47
2026.04.09 23:32:35,6162,XAUUSD,buy,in,0.01,4771.20,6182,-0.04,0.00,0.00,1 336.60,
2026.04.10 01:02:58,6163,XAUUSD,sell,out,0.01,4770.97,6183,-0.04,-0.52,-0.23,1 335.81,sl 4771.68
2026.04.10 01:03:07,6164,XAUUSD,buy,in,0.01,4768.87,6184,-0.04,0.00,0.00,1 335.77,
2026.04.10 01:03:10,6165,XAUUSD,sell,out,0.01,4769.31,6185,-0.04,0.00,0.44,1 336.17,sl 4769.88
2026.04.10 01:27:14,6166,XAUUSD,buy,in,0.01,4768.59,6186,-0.04,0.00,0.00,1 336.13,
2026.04.10 01:29:27,6167,XAUUSD,sell,out,0.01,4767.52,6187,-0.04,0.00,-1.07,1 335.02,sl 4768.73
2026.04.10 01:52:00,6168,XAUUSD,buy,in,0.01,4762.19,6188,-0.04,0.00,0.00,1 334.98,
2026.04.10 01:56:00,6169,XAUUSD,sell,out,0.01,4763.77,6189,-0.04,0.00,1.58,1 336.52,sl 4763.95
2026.04.10 02:35:40,6170,XAUUSD,buy,in,0.01,4762.89,6190,-0.04,0.00,0.00,1 336.48,
2026.04.10 02:48:18,6171,XAUUSD,sell,out,0.01,4763.00,6191,-0.04,0.00,0.11,1 336.55,sl 4763.00
2026.04.10 02:59:40,6172,XAUUSD,buy,in,0.01,4763.82,6192,-0.04,0.00,0.00,1 336.51,
2026.04.10 04:00:15,6173,XAUUSD,sell,out,0.01,4763.97,6193,-0.04,0.00,0.15,1 336.62,sl 4764.01
2026.04.10 04:00:53,6174,XAUUSD,buy,in,0.01,4765.52,6194,-0.04,0.00,0.00,1 336.58,
2026.04.10 04:01:10,6175,XAUUSD,sell,out,0.01,4765.44,6195,-0.04,0.00,-0.08,1 336.46,sl 4765.59
2026.04.10 04:32:54,6176,XAUUSD,buy,in,0.01,4764.67,6196,-0.04,0.00,0.00,1 336.42,
2026.04.10 04:33:17,6177,XAUUSD,sell,out,0.01,4765.02,6197,-0.04,0.00,0.35,1 336.73,sl 4765.05
2026.04.10 04:58:29,6178,XAUUSD,buy,in,0.01,4764.99,6198,-0.04,0.00,0.00,1 336.69,
2026.04.10 04:58:58,6179,XAUUSD,sell,out,0.01,4764.97,6199,-0.04,0.00,-0.02,1 336.63,sl 4765.08
2026.04.10 06:37:18,6180,XAUUSD,buy,in,0.01,4766.26,6200,-0.04,0.00,0.00,1 336.59,
2026.04.10 06:38:21,6181,XAUUSD,sell,out,0.01,4766.29,6201,-0.04,0.00,0.03,1 336.58,sl 4766.33
2026.04.10 07:01:24,6182,XAUUSD,buy,in,0.01,4768.10,6202,-0.04,0.00,0.00,1 336.54,
2026.04.10 07:19:44,6183,XAUUSD,sell,out,0.01,4770.22,6203,-0.04,0.00,2.12,1 338.62,sl 4770.30
2026.04.10 07:25:26,6184,XAUUSD,buy,in,0.01,4766.97,6204,-0.04,0.00,0.00,1 338.58,
2026.04.10 07:28:00,6185,XAUUSD,sell,out,0.01,4767.20,6205,-0.04,0.00,0.23,1 338.77,sl 4767.26
2026.04.10 08:37:04,6186,XAUUSD,buy,in,0.01,4767.60,6206,-0.04,0.00,0.00,1 338.73,
2026.04.10 08:38:01,6187,XAUUSD,sell,out,0.01,4767.53,6207,-0.04,0.00,-0.07,1 338.62,sl 4767.83
2026.04.10 15:17:16,6188,XAUUSD,buy,in,0.01,4770.45,6208,-0.04,0.00,0.00,1 338.58,
2026.04.10 15:30:06,6189,XAUUSD,sell,out,0.01,4771.08,6209,-0.04,0.00,0.63,1 339.17,sl 4771.25
2026.04.10 15:41:22,6190,XAUUSD,buy,in,0.01,4774.68,6210,-0.04,0.00,0.00,1 339.13,
2026.04.10 15:41:42,6191,XAUUSD,sell,out,0.01,4774.88,6211,-0.04,0.00,0.20,1 339.29,sl 4774.91
2026.04.10 16:05:29,6192,XAUUSD,buy,in,0.01,4770.61,6212,-0.04,0.00,0.00,1 339.25,
2026.04.10 16:07:03,6193,XAUUSD,sell,out,0.01,4774.77,6213,-0.04,0.00,4.16,1 343.37,sl 4775.02
2026.04.10 16:29:34,6194,XAUUSD,buy,in,0.01,4779.15,6214,-0.04,0.00,0.00,1 343.33,
2026.04.10 16:29:50,6195,XAUUSD,sell,out,0.01,4774.33,6215,-0.04,0.00,-4.82,1 338.47,sl 4779.43
2026.04.10 16:53:40,6196,XAUUSD,buy,in,0.01,4775.38,6216,-0.04,0.00,0.00,1 338.43,
2026.04.10 16:54:00,6197,XAUUSD,sell,out,0.01,4775.61,6217,-0.04,0.00,0.23,1 338.62,sl 4775.64
2026.04.10 17:17:41,6198,XAUUSD,buy,in,0.01,4783.50,6218,-0.04,0.00,0.00,1 338.58,
2026.04.10 17:19:06,6199,XAUUSD,sell,out,0.01,4787.52,6219,-0.04,0.00,4.02,1 342.56,sl 4787.55
2026.04.10 17:41:45,6200,XAUUSD,buy,in,0.01,4787.21,6220,-0.04,0.00,0.00,1 342.52,
2026.04.10 17:42:16,6201,XAUUSD,sell,out,0.01,4786.94,6221,-0.04,0.00,-0.27,1 342.21,sl 4787.23
2026.04.10 18:05:46,6202,XAUUSD,buy,in,0.01,4774.11,6222,-0.04,0.00,0.00,1 342.17,
2026.04.10 18:09:35,6203,XAUUSD,sell,out,0.01,4777.92,6223,-0.04,0.00,3.81,1 345.94,sl 4777.93
2026.04.10 18:29:53,6204,XAUUSD,buy,in,0.01,4776.94,6224,-0.04,0.00,0.00,1 345.90,
2026.04.10 18:30:25,6205,XAUUSD,sell,out,0.01,4777.65,6225,-0.04,0.00,0.71,1 346.57,sl 4777.83
2026.04.13 01:02:01,6206,XAUUSD,sell,in,0.01,4672.40,6226,-0.04,0.00,0.00,1 346.53,
2026.04.13 01:04:11,6207,XAUUSD,buy,out,0.01,4672.76,6227,-0.04,0.00,-0.36,1 346.13,sl 4672.38
2026.04.13 01:26:07,6208,XAUUSD,sell,in,0.01,4648.63,6228,-0.04,0.00,0.00,1 346.09,
2026.04.13 01:26:50,6209,XAUUSD,buy,out,0.01,4645.74,6229,-0.04,0.00,2.89,1 348.94,sl 4645.73
2026.04.13 01:50:10,6210,XAUUSD,sell,in,0.01,4659.74,6230,-0.04,0.00,0.00,1 348.90,
2026.04.13 01:51:03,6211,XAUUSD,buy,out,0.01,4657.83,6231,-0.04,0.00,1.91,1 350.77,sl 4657.82
2026.04.13 02:14:16,6212,XAUUSD,sell,in,0.01,4658.85,6232,-0.04,0.00,0.00,1 350.73,
2026.04.13 02:16:00,6213,XAUUSD,buy,out,0.01,4656.80,6233,-0.04,0.00,2.05,1 352.74,sl 4656.79
2026.04.13 02:38:21,6214,XAUUSD,sell,in,0.01,4657.13,6234,-0.04,0.00,0.00,1 352.70,
2026.04.13 02:42:25,6215,XAUUSD,buy,out,0.01,4656.32,6235,-0.04,0.00,0.81,1 353.47,sl 4656.26
2026.04.13 03:02:27,6216,XAUUSD,sell,in,0.01,4665.30,6236,-0.04,0.00,0.00,1 353.43,
2026.04.13 03:51:32,6217,XAUUSD,buy,in,0.15,4685.89,6237,-0.53,0.00,0.00,1 352.90,
2026.04.13 03:52:30,6218,XAUUSD,sell,out,0.15,4688.87,6238,-0.53,0.00,44.70,1 397.07,sl 4688.93
2026.04.13 10:03:13,6219,XAUUSD,buy,out,0.01,4738.57,6239,-0.04,0.00,-73.27,1 323.76,
2026.04.13 13:26:03,6220,XAUUSD,sell,in,0.01,4709.54,6240,-0.04,0.00,0.00,1 323.72,
2026.04.13 13:28:08,6221,XAUUSD,buy,out,0.01,4709.28,6241,-0.04,0.00,0.26,1 323.94,sl 4709.19
2026.04.13 14:41:11,6222,XAUUSD,sell,in,0.01,4708.54,6242,-0.04,0.00,0.00,1 323.90,
2026.04.13 14:41:26,6223,XAUUSD,buy,out,0.01,4707.72,6243,-0.04,0.00,0.82,1 324.68,sl 4707.66
2026.04.13 15:22:03,6224,XAUUSD,sell,in,0.01,4707.76,6244,-0.04,0.00,0.00,1 324.64,
2026.04.13 15:24:22,6225,XAUUSD,buy,out,0.01,4707.55,6245,-0.04,0.00,0.21,1 324.81,sl 4707.41
2026.04.13 18:04:03,6226,XAUUSD,sell,in,0.01,4706.68,6246,-0.04,0.00,0.00,1 324.77,
2026.04.13 18:05:28,6227,XAUUSD,buy,out,0.01,4706.53,6247,-0.04,0.00,0.15,1 324.88,sl 4706.46
2026.04.13 18:28:03,6228,XAUUSD,sell,in,0.01,4704.90,6248,-0.04,0.00,0.00,1 324.84,
2026.04.13 18:29:35,6229,XAUUSD,buy,out,0.01,4704.25,6249,-0.04,0.00,0.65,1 325.45,sl 4704.25
2026.04.14 02:03:48,6230,XAUUSD,buy,in,0.01,4763.20,6250,-0.04,0.00,0.00,1 325.41,
2026.04.14 02:04:47,6231,XAUUSD,sell,out,0.01,4764.40,6251,-0.04,0.00,1.20,1 326.57,sl 4764.63
2026.04.14 03:15:31,6232,XAUUSD,buy,in,0.01,4763.66,6252,-0.04,0.00,0.00,1 326.53,
2026.04.14 03:19:01,6233,XAUUSD,sell,out,0.01,4763.63,6253,-0.04,0.00,-0.03,1 326.46,sl 4763.72
2026.04.14 03:39:43,6234,XAUUSD,buy,in,0.01,4769.88,6254,-0.04,0.00,0.00,1 326.42,
2026.04.14 03:40:20,6235,XAUUSD,sell,out,0.01,4770.76,6255,-0.04,0.00,0.88,1 327.26,sl 4770.88
2026.04.14 04:03:43,6236,XAUUSD,buy,in,0.01,4769.77,6256,-0.04,0.00,0.00,1 327.22,
2026.04.14 04:04:03,6237,XAUUSD,sell,out,0.01,4769.87,6257,-0.04,0.00,0.10,1 327.28,sl 4769.89
2026.04.14 04:27:43,6238,XAUUSD,buy,in,0.01,4771.97,6258,-0.04,0.00,0.00,1 327.24,
2026.04.14 04:28:01,6239,XAUUSD,sell,out,0.01,4771.82,6259,-0.04,0.00,-0.15,1 327.05,sl 4771.99
2026.04.14 04:51:49,6240,XAUUSD,buy,in,0.01,4768.34,6260,-0.04,0.00,0.00,1 327.01,
2026.04.14 04:52:39,6241,XAUUSD,sell,out,0.01,4768.36,6261,-0.04,0.00,0.02,1 326.99,sl 4768.36
2026.04.14 05:15:52,6242,XAUUSD,buy,in,0.01,4769.25,6262,-0.04,0.00,0.00,1 326.95,
2026.04.14 05:16:19,6243,XAUUSD,sell,out,0.01,4769.44,6263,-0.04,0.00,0.19,1 327.10,sl 4769.47
2026.04.14 05:39:53,6244,XAUUSD,buy,in,0.01,4768.40,6264,-0.04,0.00,0.00,1 327.06,
2026.04.14 05:40:46,6245,XAUUSD,sell,out,0.01,4768.77,6265,-0.04,0.00,0.37,1 327.39,sl 4768.78
2026.04.14 06:04:08,6246,XAUUSD,buy,in,0.01,4772.16,6266,-0.04,0.00,0.00,1 327.35,
2026.04.14 06:04:33,6247,XAUUSD,sell,out,0.01,4772.19,6267,-0.04,0.00,0.03,1 327.34,sl 4772.23
2026.04.14 06:28:07,6248,XAUUSD,buy,in,0.01,4768.14,6268,-0.04,0.00,0.00,1 327.30,
2026.04.14 06:30:08,6249,XAUUSD,sell,out,0.01,4768.32,6269,-0.04,0.00,0.18,1 327.44,sl 4768.33
2026.04.14 06:52:18,6250,XAUUSD,buy,in,0.01,4771.00,6270,-0.04,0.00,0.00,1 327.40,
2026.04.14 06:54:34,6251,XAUUSD,sell,out,0.01,4771.13,6271,-0.04,0.00,0.13,1 327.49,sl 4771.15
2026.04.14 07:16:30,6252,XAUUSD,buy,in,0.01,4769.10,6272,-0.04,0.00,0.00,1 327.45,
2026.04.14 07:17:40,6253,XAUUSD,sell,out,0.01,4770.37,6273,-0.04,0.00,1.27,1 328.68,sl 4770.60
2026.04.14 07:40:35,6254,XAUUSD,buy,in,0.01,4772.57,6274,-0.04,0.00,0.00,1 328.64,
2026.04.14 07:46:53,6255,XAUUSD,sell,out,0.01,4773.20,6275,-0.04,0.00,0.63,1 329.23,sl 4773.23
2026.04.14 08:04:39,6256,XAUUSD,buy,in,0.01,4772.52,6276,-0.04,0.00,0.00,1 329.19,
2026.04.14 09:47:19,6257,XAUUSD,sell,out,0.01,4773.36,6277,-0.04,0.00,0.84,1 329.99,sl 4773.40
2026.04.14 09:47:22,6258,XAUUSD,buy,in,0.01,4773.61,6278,-0.04,0.00,0.00,1 329.95,
2026.04.14 09:50:56,6259,XAUUSD,sell,out,0.01,4774.73,6279,-0.04,0.00,1.12,1 331.03,sl 4774.85
2026.04.14 10:11:27,6260,XAUUSD,buy,in,0.01,4788.34,6280,-0.04,0.00,0.00,1 330.99,
2026.04.14 10:12:27,6261,XAUUSD,sell,out,0.01,4788.37,6281,-0.04,0.00,0.03,1 330.98,sl 4788.39
2026.04.14 10:35:32,6262,XAUUSD,buy,in,0.01,4772.59,6282,-0.04,0.00,0.00,1 330.94,
2026.04.14 10:36:44,6263,XAUUSD,sell,out,0.01,4773.98,6283,-0.04,0.00,1.39,1 332.29,sl 4774.21
2026.04.14 10:59:39,6264,XAUUSD,buy,in,0.01,4778.28,6284,-0.04,0.00,0.00,1 332.25,
2026.04.14 11:05:46,6265,XAUUSD,sell,out,0.01,4778.23,6285,-0.04,0.00,-0.05,1 332.16,sl 4778.31
2026.04.14 11:23:40,6266,XAUUSD,buy,in,0.01,4778.69,6286,-0.04,0.00,0.00,1 332.12,
2026.04.14 11:26:04,6267,XAUUSD,sell,out,0.01,4781.61,6287,-0.04,0.00,2.92,1 335.00,sl 4781.72
2026.04.14 11:47:44,6268,XAUUSD,buy,in,0.01,4785.29,6288,-0.04,0.00,0.00,1 334.96,
2026.04.14 11:48:38,6269,XAUUSD,sell,out,0.01,4785.41,6289,-0.04,0.00,0.12,1 335.04,sl 4785.42
2026.04.14 12:11:48,6270,XAUUSD,buy,in,0.01,4784.38,6290,-0.04,0.00,0.00,1 335.00,
2026.04.14 12:12:36,6271,XAUUSD,sell,out,0.01,4784.82,6291,-0.04,0.00,0.44,1 335.40,sl 4784.95
2026.04.14 12:35:46,6272,XAUUSD,buy,in,0.01,4774.91,6292,-0.04,0.00,0.00,1 335.36,
2026.04.14 12:36:32,6273,XAUUSD,sell,out,0.01,4776.45,6293,-0.04,0.00,1.54,1 336.86,sl 4776.46
2026.04.14 12:59:46,6274,XAUUSD,buy,in,0.01,4777.99,6294,-0.04,0.00,0.00,1 336.82,
2026.04.14 13:01:05,6275,XAUUSD,sell,out,0.01,4780.36,6295,-0.04,0.00,2.37,1 339.15,sl 4780.37
2026.04.14 13:23:45,6276,XAUUSD,buy,in,0.01,4785.65,6296,-0.04,0.00,0.00,1 339.11,
2026.04.14 15:50:53,6277,XAUUSD,sell,in,0.15,4772.82,6297,-0.53,0.00,0.00,1 338.58,
2026.04.14 15:52:03,6278,XAUUSD,buy,out,0.15,4765.94,6298,-0.53,0.00,103.20,1 441.25,sl 4765.94
2026.04.14 16:19:48,6279,XAUUSD,sell,out,0.01,4786.08,6299,-0.04,0.00,0.43,1 441.64,sl 4786.30
2026.04.16 02:30:38,6280,XAUUSD,buy,in,0.01,4816.96,6300,-0.04,0.00,0.00,1 441.60,
2026.04.16 02:32:00,6281,XAUUSD,sell,out,0.01,4817.19,6301,-0.04,0.00,0.23,1 441.79,sl 4817.41
2026.04.16 02:54:46,6282,XAUUSD,buy,in,0.01,4824.16,6302,-0.04,0.00,0.00,1 441.75,
2026.04.16 03:00:36,6283,XAUUSD,sell,out,0.01,4829.61,6303,-0.04,0.00,5.45,1 447.16,sl 4829.65
2026.04.16 03:18:45,6284,XAUUSD,buy,in,0.01,4829.74,6304,-0.04,0.00,0.00,1 447.12,
2026.04.16 03:40:54,6285,XAUUSD,sell,out,0.01,4835.94,6305,-0.04,0.00,6.20,1 453.28,sl 4836.17
2026.04.16 03:42:47,6286,XAUUSD,buy,in,0.01,4834.11,6306,-0.04,0.00,0.00,1 453.24,
2026.04.16 03:50:33,6287,XAUUSD,sell,out,0.01,4836.55,6307,-0.04,0.00,2.44,1 455.64,sl 4836.68
2026.04.16 04:06:50,6288,XAUUSD,buy,in,0.01,4831.00,6308,-0.04,0.00,0.00,1 455.60,
2026.04.16 04:12:09,6289,XAUUSD,sell,out,0.01,4831.91,6309,-0.04,0.00,0.91,1 456.47,sl 4831.91
2026.04.16 04:30:54,6290,XAUUSD,buy,in,0.01,4823.64,6310,-0.04,0.00,0.00,1 456.43,
2026.04.16 04:31:23,6291,XAUUSD,sell,out,0.01,4824.48,6311,-0.04,0.00,0.84,1 457.23,sl 4824.49
2026.04.16 04:54:56,6292,XAUUSD,buy,in,0.01,4820.48,6312,-0.04,0.00,0.00,1 457.19,
2026.04.16 05:00:33,6293,XAUUSD,sell,out,0.01,4820.51,6313,-0.04,0.00,0.03,1 457.18,sl 4820.51
2026.04.16 05:19:02,6294,XAUUSD,buy,in,0.01,4821.79,6314,-0.04,0.00,0.00,1 457.14,
2026.04.16 05:20:39,6295,XAUUSD,sell,out,0.01,4822.96,6315,-0.04,0.00,1.17,1 458.27,sl 4822.99
2026.04.16 05:46:08,6296,XAUUSD,buy,in,0.01,4820.58,6316,-0.04,0.00,0.00,1 458.23,
2026.04.16 05:52:10,6297,XAUUSD,sell,out,0.01,4820.57,6317,-0.04,0.00,-0.01,1 458.18,sl 4820.62
2026.04.16 06:10:24,6298,XAUUSD,buy,in,0.01,4825.95,6318,-0.04,0.00,0.00,1 458.14,
2026.04.16 06:11:00,6299,XAUUSD,sell,out,0.01,4826.06,6319,-0.04,0.00,0.11,1 458.21,sl 4826.21
2026.04.16 06:34:26,6300,XAUUSD,buy,in,0.01,4825.02,6320,-0.04,0.00,0.00,1 458.17,
2026.04.16 06:55:53,6301,XAUUSD,sell,out,0.01,4826.15,6321,-0.04,0.00,1.13,1 459.26,sl 4826.16
2026.04.16 06:58:25,6302,XAUUSD,buy,in,0.01,4825.55,6322,-0.04,0.00,0.00,1 459.22,
2026.04.16 07:05:31,6303,XAUUSD,sell,out,0.01,4825.48,6323,-0.04,0.00,-0.07,1 459.11,sl 4825.66
2026.04.16 07:22:28,6304,XAUUSD,buy,in,0.01,4827.84,6324,-0.04,0.00,0.00,1 459.07,
2026.04.16 07:35:59,6305,XAUUSD,sell,out,0.01,4828.20,6325,-0.04,0.00,0.36,1 459.39,sl 4828.27
2026.04.16 07:46:32,6306,XAUUSD,buy,in,0.01,4830.46,6326,-0.04,0.00,0.00,1 459.35,
2026.04.16 07:47:32,6307,XAUUSD,sell,out,0.01,4830.46,6327,-0.04,0.00,0.00,1 459.31,sl 4830.48
2026.04.16 08:10:33,6308,XAUUSD,buy,in,0.01,4835.29,6328,-0.04,0.00,0.00,1 459.27,
2026.04.16 08:11:02,6309,XAUUSD,sell,out,0.01,4835.12,6329,-0.04,0.00,-0.17,1 459.06,sl 4835.31
2026.04.16 08:34:41,6310,XAUUSD,buy,in,0.01,4828.40,6330,-0.04,0.00,0.00,1 459.02,
2026.04.16 08:40:57,6311,XAUUSD,sell,out,0.01,4828.68,6331,-0.04,0.00,0.28,1 459.26,sl 4828.73
2026.04.16 08:58:47,6312,XAUUSD,buy,in,0.01,4824.04,6332,-0.04,0.00,0.00,1 459.22,
2026.04.16 09:02:11,6313,XAUUSD,sell,out,0.01,4824.97,6333,-0.04,0.00,0.93,1 460.11,sl 4824.98
2026.04.16 09:42:50,6314,XAUUSD,buy,in,0.01,4824.02,6334,-0.04,0.00,0.00,1 460.07,
2026.04.16 09:45:18,6315,XAUUSD,sell,out,0.01,4823.93,6335,-0.04,0.00,-0.09,1 459.94,sl 4824.04
2026.04.16 10:06:56,6316,XAUUSD,buy,in,0.01,4827.27,6336,-0.04,0.00,0.00,1 459.90,
2026.04.16 10:07:19,6317,XAUUSD,sell,out,0.01,4827.63,6337,-0.04,0.00,0.36,1 460.22,sl 4827.71
2026.04.16 10:31:04,6318,XAUUSD,buy,in,0.01,4827.82,6338,-0.04,0.00,0.00,1 460.18,
2026.04.16 10:35:19,6319,XAUUSD,sell,out,0.01,4827.82,6339,-0.04,0.00,0.00,1 460.14,sl 4827.84
2026.04.16 17:40:59,6320,XAUUSD,sell,in,0.01,4777.84,6340,-0.04,0.00,0.00,1 460.10,
2026.04.16 18:05:04,6321,XAUUSD,buy,out,0.01,4800.21,6341,-0.04,0.00,-22.37,1 437.69,
2026.04.17 04:12:24,6322,XAUUSD,sell,in,0.01,4770.50,6342,-0.04,0.00,0.00,1 437.65,
2026.04.17 04:28:08,6323,XAUUSD,buy,out,0.01,4770.49,6343,-0.04,0.00,0.01,1 437.62,sl 4770.46
2026.04.17 15:40:09,6324,XAUUSD,buy,in,0.01,4823.73,6344,-0.04,0.00,0.00,1 437.58,
2026.04.17 15:40:41,6325,XAUUSD,sell,out,0.01,4823.76,6345,-0.04,0.00,0.03,1 437.57,sl 4823.76
2026.04.17 16:04:14,6326,XAUUSD,buy,in,0.01,4842.15,6346,-0.04,0.00,0.00,1 437.53,
2026.04.17 16:04:32,6327,XAUUSD,sell,out,0.01,4842.58,6347,-0.04,0.00,0.43,1 437.92,sl 4842.95
2026.04.17 16:28:15,6328,XAUUSD,buy,in,0.01,4852.66,6348,-0.04,0.00,0.00,1 437.88,
2026.04.17 16:29:10,6329,XAUUSD,sell,out,0.01,4854.66,6349,-0.04,0.00,2.00,1 439.84,sl 4854.67
2026.04.17 16:52:23,6330,XAUUSD,buy,in,0.01,4871.11,6350,-0.04,0.00,0.00,1 439.80,
2026.04.17 16:52:41,6331,XAUUSD,sell,out,0.01,4871.66,6351,-0.04,0.00,0.55,1 440.31,sl 4871.68
2026.04.17 17:16:29,6332,XAUUSD,buy,in,0.01,4871.54,6352,-0.04,0.00,0.00,1 440.27,
2026.04.17 17:16:41,6333,XAUUSD,sell,out,0.01,4872.88,6353,-0.04,0.00,1.34,1 441.57,sl 4872.95
2026.04.17 17:40:44,6334,XAUUSD,buy,in,0.01,4878.69,6354,-0.04,0.00,0.00,1 441.53,
2026.04.17 17:41:00,6335,XAUUSD,sell,out,0.01,4879.00,6355,-0.04,0.00,0.31,1 441.80,sl 4879.83
2026.04.17 18:04:50,6336,XAUUSD,buy,in,0.01,4869.12,6356,-0.04,0.00,0.00,1 441.76,
2026.04.17 18:05:09,6337,XAUUSD,sell,out,0.01,4869.14,6357,-0.04,0.00,0.02,1 441.74,sl 4869.15
2026.04.17 18:28:54,6338,XAUUSD,buy,in,0.01,4869.43,6358,-0.04,0.00,0.00,1 441.70,
2026.04.17 18:31:58,6339,XAUUSD,sell,out,0.01,4870.90,6359,-0.04,0.00,1.47,1 443.13,sl 4870.91
2026.04.17 18:52:59,6340,XAUUSD,buy,in,0.01,4867.82,6360,-0.04,0.00,0.00,1 443.09,
2026.04.17 18:53:35,6341,XAUUSD,sell,out,0.01,4868.31,6361,-0.04,0.00,0.49,1 443.54,sl 4868.31
2026.04.17 19:17:09,6342,XAUUSD,buy,in,0.01,4870.76,6362,-0.04,0.00,0.00,1 443.50,
2026.04.17 19:19:00,6343,XAUUSD,sell,out,0.01,4871.46,6363,-0.04,0.00,0.70,1 444.16,sl 4871.57
2026.04.17 19:41:09,6344,XAUUSD,buy,in,0.01,4870.92,6364,-0.04,0.00,0.00,1 444.12,
2026.04.17 22:08:16,6345,XAUUSD,sell,in,0.15,4856.44,6365,-0.53,0.00,0.00,1 443.59,
2026.04.17 22:09:52,6346,XAUUSD,buy,out,0.15,4855.28,6366,-0.53,0.00,17.40,1 460.46,sl 4855.24
2026.04.20 01:18:09,6347,XAUUSD,sell,in,0.15,4792.18,6367,-0.53,0.00,0.00,1 459.93,
2026.04.20 01:18:34,6348,XAUUSD,buy,out,0.15,4791.23,6368,-0.53,0.00,14.25,1 473.65,sl 4791.22
2026.04.20 01:36:10,6349,XAUUSD,sell,in,0.15,4785.58,6369,-0.53,0.00,0.00,1 473.12,
2026.04.20 01:37:05,6350,XAUUSD,buy,out,0.15,4785.13,6370,-0.53,0.00,6.75,1 479.34,sl 4785.02
2026.04.20 01:54:09,6351,XAUUSD,sell,in,0.15,4785.13,6371,-0.53,0.00,0.00,1 478.81,
2026.04.20 01:55:09,6352,XAUUSD,buy,out,0.15,4782.88,6372,-0.53,0.00,33.75,1 512.03,sl 4782.76
2026.04.20 04:31:07,6353,XAUUSD,sell,out,0.01,4808.36,6373,-0.04,-0.52,-62.56,1 448.91,
2026.04.21 09:00:37,6354,XAUUSD,sell,in,0.01,4783.20,6374,-0.04,0.00,0.00,1 448.87,
2026.04.21 09:00:50,6355,XAUUSD,buy,out,0.01,4782.87,6375,-0.04,0.00,0.33,1 449.16,sl 4782.80
2026.04.21 09:26:06,6356,XAUUSD,sell,in,0.01,4779.14,6376,-0.04,0.00,0.00,1 449.12,
2026.04.21 09:26:33,6357,XAUUSD,buy,out,0.01,4778.12,6377,-0.04,0.00,1.02,1 450.10,sl 4778.08
2026.04.21 09:50:06,6358,XAUUSD,sell,in,0.01,4776.90,6378,-0.04,0.00,0.00,1 450.06,
2026.04.21 09:52:37,6359,XAUUSD,buy,out,0.01,4775.27,6379,-0.04,0.00,1.63,1 451.65,sl 4775.25
2026.04.21 11:11:53,6360,XAUUSD,sell,in,0.01,4776.30,6380,-0.04,0.00,0.00,1 451.61,
2026.04.21 11:13:34,6361,XAUUSD,buy,out,0.01,4775.69,6381,-0.04,0.00,0.61,1 452.18,sl 4775.57
2026.04.21 15:30:35,6362,XAUUSD,sell,in,0.01,4768.21,6382,-0.04,0.00,0.00,1 452.14,
2026.04.21 16:12:32,6363,XAUUSD,buy,out,0.01,4767.18,6383,-0.04,0.00,1.03,1 453.13,sl 4767.16
2026.04.21 16:12:34,6364,XAUUSD,sell,in,0.01,4767.70,6384,-0.04,0.00,0.00,1 453.09,
2026.04.21 16:13:34,6365,XAUUSD,buy,out,0.01,4767.62,6385,-0.04,0.00,0.08,1 453.13,sl 4767.62
2026.04.21 16:36:46,6366,XAUUSD,sell,in,0.01,4774.68,6386,-0.04,0.00,0.00,1 453.09,
2026.04.21 16:38:01,6367,XAUUSD,buy,out,0.01,4774.62,6387,-0.04,0.00,0.06,1 453.11,sl 4774.60
2026.04.21 17:23:42,6368,XAUUSD,sell,in,0.01,4772.40,6388,-0.04,0.00,0.00,1 453.07,
2026.04.21 17:26:19,6369,XAUUSD,buy,out,0.01,4772.36,6389,-0.04,0.00,0.04,1 453.07,sl 4772.35
2026.04.21 17:47:50,6370,XAUUSD,sell,in,0.01,4729.70,6390,-0.04,0.00,0.00,1 453.03,
2026.04.21 17:47:52,6371,XAUUSD,buy,out,0.01,4729.65,6391,-0.04,0.00,0.05,1 453.04,sl 4729.62
2026.04.21 18:11:53,6372,XAUUSD,sell,in,0.01,4748.16,6392,-0.04,0.00,0.00,1 453.00,
2026.04.21 18:12:07,6373,XAUUSD,buy,out,0.01,4747.95,6393,-0.04,0.00,0.21,1 453.17,sl 4747.94
2026.04.21 18:35:53,6374,XAUUSD,sell,in,0.01,4741.14,6394,-0.04,0.00,0.00,1 453.13,
2026.04.21 18:36:49,6375,XAUUSD,buy,out,0.01,4739.18,6395,-0.04,0.00,1.96,1 455.05,sl 4739.14
2026.04.21 18:59:56,6376,XAUUSD,sell,in,0.01,4741.65,6396,-0.04,0.00,0.00,1 455.01,
2026.04.21 19:05:14,6377,XAUUSD,buy,out,0.01,4740.32,6397,-0.04,0.00,1.33,1 456.30,sl 4740.29
2026.04.21 19:24:01,6378,XAUUSD,sell,in,0.01,4729.41,6398,-0.04,0.00,0.00,1 456.26,
2026.04.21 19:24:12,6379,XAUUSD,buy,out,0.01,4729.34,6399,-0.04,0.00,0.07,1 456.29,sl 4729.32
2026.04.21 19:48:02,6380,XAUUSD,sell,in,0.01,4720.75,6400,-0.04,0.00,0.00,1 456.25,
2026.04.21 19:48:16,6381,XAUUSD,buy,out,0.01,4720.56,6401,-0.04,0.00,0.19,1 456.40,sl 4720.55
2026.04.21 20:12:07,6382,XAUUSD,sell,in,0.01,4705.20,6402,-0.04,0.00,0.00,1 456.36,
2026.04.21 20:12:26,6383,XAUUSD,buy,out,0.01,4703.79,6403,-0.04,0.00,1.41,1 457.73,sl 4703.79
2026.04.21 20:36:06,6384,XAUUSD,sell,in,0.01,4705.93,6404,-0.04,0.00,0.00,1 457.69,
2026.04.21 20:36:13,6385,XAUUSD,buy,out,0.01,4705.83,6405,-0.04,0.00,0.10,1 457.75,sl 4705.79
2026.04.21 21:00:17,6386,XAUUSD,sell,in,0.01,4712.10,6406,-0.04,0.00,0.00,1 457.71,
2026.04.21 21:05:24,6387,XAUUSD,buy,out,0.01,4711.26,6407,-0.04,0.00,0.84,1 458.51,sl 4711.14
2026.04.21 21:24:23,6388,XAUUSD,sell,in,0.01,4694.76,6408,-0.04,0.00,0.00,1 458.47,
2026.04.21 21:25:15,6389,XAUUSD,buy,out,0.01,4694.73,6409,-0.04,0.00,0.03,1 458.46,sl 4694.69
2026.04.21 21:48:29,6390,XAUUSD,sell,in,0.01,4702.27,6410,-0.04,0.00,0.00,1 458.42,
2026.04.21 21:50:39,6391,XAUUSD,buy,out,0.01,4701.35,6411,-0.04,0.00,0.92,1 459.30,sl 4701.33
2026.04.21 22:12:31,6392,XAUUSD,sell,in,0.01,4712.03,6412,-0.04,0.00,0.00,1 459.26,
2026.04.21 22:13:11,6393,XAUUSD,buy,out,0.01,4711.93,6413,-0.04,0.00,0.10,1 459.32,sl 4711.84
2026.04.21 22:36:38,6394,XAUUSD,sell,in,0.01,4705.42,6414,-0.04,0.00,0.00,1 459.28,
2026.04.21 22:37:19,6395,XAUUSD,buy,out,0.01,4705.06,6415,-0.04,0.00,0.36,1 459.60,sl 4705.03
2026.04.21 23:00:40,6396,XAUUSD,sell,in,0.01,4678.96,6416,-0.04,0.00,0.00,1 459.56,
2026.04.21 23:01:11,6397,XAUUSD,buy,out,0.01,4678.36,6417,-0.04,0.00,0.60,1 460.12,sl 4678.15
2026.04.21 23:24:41,6398,XAUUSD,sell,in,0.01,4710.22,6418,-0.04,0.00,0.00,1 460.08,
2026.04.21 23:25:11,6399,XAUUSD,buy,out,0.01,4709.95,6419,-0.04,0.00,0.27,1 460.31,sl 4709.72
2026.04.21 23:48:45,6400,XAUUSD,sell,in,0.01,4713.68,6420,-0.04,0.00,0.00,1 460.27,
2026.04.21 23:49:10,6401,XAUUSD,buy,out,0.01,4713.75,6421,-0.04,0.00,-0.07,1 460.16,sl 4713.61
2026.04.22 01:02:00,6402,XAUUSD,sell,in,0.01,4724.52,6422,-0.04,0.00,0.00,1 460.12,
2026.04.22 01:03:42,6403,XAUUSD,buy,out,0.01,4724.48,6423,-0.04,0.00,0.04,1 460.12,sl 4724.46
2026.04.22 01:26:04,6404,XAUUSD,sell,in,0.01,4718.67,6424,-0.04,0.00,0.00,1 460.08,
2026.04.22 01:29:29,6405,XAUUSD,buy,out,0.01,4717.67,6425,-0.04,0.00,1.00,1 461.04,sl 4717.63
2026.04.22 01:50:07,6406,XAUUSD,sell,in,0.01,4716.54,6426,-0.04,0.00,0.00,1 461.00,
2026.04.22 01:51:02,6407,XAUUSD,buy,out,0.01,4716.38,6427,-0.04,0.00,0.16,1 461.12,sl 4716.34
2026.04.22 02:14:07,6408,XAUUSD,sell,in,0.01,4728.56,6428,-0.04,0.00,0.00,1 461.08,
2026.04.22 02:14:42,6409,XAUUSD,buy,out,0.01,4728.14,6429,-0.04,0.00,0.42,1 461.46,sl 4728.13
2026.04.22 02:38:14,6410,XAUUSD,sell,in,0.01,4731.60,6430,-0.04,0.00,0.00,1 461.42,
2026.04.22 02:39:29,6411,XAUUSD,buy,out,0.01,4729.77,6431,-0.04,0.00,1.83,1 463.21,sl 4729.73
2026.04.22 03:02:18,6412,XAUUSD,sell,in,0.01,4744.08,6432,-0.04,0.00,0.00,1 463.17,
2026.04.22 03:04:54,6413,XAUUSD,buy,out,0.01,4743.70,6433,-0.04,0.00,0.38,1 463.51,sl 4743.67
2026.04.22 03:26:26,6414,XAUUSD,sell,in,0.01,4743.57,6434,-0.04,0.00,0.00,1 463.47,
2026.04.22 03:27:59,6415,XAUUSD,buy,out,0.01,4743.37,6435,-0.04,0.00,0.20,1 463.63,sl 4743.29
2026.04.22 03:50:33,6416,XAUUSD,sell,in,0.01,4743.90,6436,-0.04,0.00,0.00,1 463.59,
2026.04.22 03:51:52,6417,XAUUSD,buy,out,0.01,4742.91,6437,-0.04,0.00,0.99,1 464.54,sl 4742.83
2026.04.22 04:14:34,6418,XAUUSD,sell,in,0.01,4738.48,6438,-0.04,0.00,0.00,1 464.50,
2026.04.22 04:14:49,6419,XAUUSD,buy,out,0.01,4738.31,6439,-0.04,0.00,0.17,1 464.63,sl 4738.29
2026.04.22 04:38:34,6420,XAUUSD,sell,in,0.01,4750.11,6440,-0.04,0.00,0.00,1 464.59,
2026.04.22 04:38:57,6421,XAUUSD,buy,out,0.01,4749.86,6441,-0.04,0.00,0.25,1 464.80,sl 4749.86
2026.04.22 05:02:39,6422,XAUUSD,sell,in,0.01,4751.10,6442,-0.04,0.00,0.00,1 464.76,
2026.04.22 05:03:21,6423,XAUUSD,buy,out,0.01,4750.96,6443,-0.04,0.00,0.14,1 464.86,sl 4750.93
2026.04.22 05:49:16,6424,XAUUSD,sell,in,0.01,4751.52,6444,-0.04,0.00,0.00,1 464.82,
2026.04.22 06:38:20,6425,XAUUSD,buy,in,0.15,4758.62,6445,-0.53,0.00,0.00,1 464.29,
2026.04.22 06:39:26,6426,XAUUSD,sell,out,0.15,4758.68,6446,-0.53,0.00,0.90,1 464.66,sl 4758.69
2026.04.22 13:03:14,6427,XAUUSD,buy,out,0.01,4749.95,6447,-0.04,0.00,1.57,1 466.19,sl 4749.89
2026.04.27 01:06:07,6428,XAUUSD,sell,in,0.01,4691.81,6448,-0.04,0.00,0.00,1 466.15,
2026.04.27 01:06:56,6429,XAUUSD,buy,out,0.01,4687.87,6449,-0.04,0.00,3.94,1 470.05,sl 4687.43
2026.04.27 01:30:09,6430,XAUUSD,sell,in,0.01,4686.87,6450,-0.04,0.00,0.00,1 470.01,
2026.04.27 01:31:11,6431,XAUUSD,buy,out,0.01,4686.79,6451,-0.04,0.00,0.08,1 470.05,sl 4686.79
2026.04.27 01:54:10,6432,XAUUSD,sell,in,0.01,4683.88,6452,-0.04,0.00,0.00,1 470.01,
2026.04.27 02:00:45,6433,XAUUSD,buy,out,0.01,4681.94,6453,-0.04,0.00,1.94,1 471.91,sl 4681.68
2026.04.27 02:18:12,6434,XAUUSD,sell,in,0.01,4684.12,6454,-0.04,0.00,0.00,1 471.87,
2026.04.27 02:21:36,6435,XAUUSD,buy,out,0.01,4682.12,6455,-0.04,0.00,2.00,1 473.83,sl 4681.90
2026.04.27 02:42:24,6436,XAUUSD,sell,in,0.01,4675.90,6456,-0.04,0.00,0.00,1 473.79,
2026.04.27 03:07:04,6437,XAUUSD,buy,out,0.01,4675.82,6457,-0.04,0.00,0.08,1 473.83,sl 4675.81
2026.04.27 03:07:04,6438,XAUUSD,sell,in,0.01,4675.72,6458,-0.04,0.00,0.00,1 473.79,
2026.04.27 03:07:26,6439,XAUUSD,buy,out,0.01,4675.36,6459,-0.04,0.00,0.36,1 474.11,sl 4675.36
2026.04.27 03:31:12,6440,XAUUSD,sell,in,0.01,4681.22,6460,-0.04,0.00,0.00,1 474.07,
2026.04.27 03:31:44,6441,XAUUSD,buy,out,0.01,4680.84,6461,-0.04,0.00,0.38,1 474.41,sl 4680.82
2026.04.27 03:55:14,6442,XAUUSD,sell,in,0.01,4689.38,6462,-0.04,0.00,0.00,1 474.37,
2026.04.27 04:44:19,6443,XAUUSD,buy,in,0.15,4698.67,6463,-0.53,0.00,0.00,1 473.84,
2026.04.27 04:45:23,6444,XAUUSD,sell,out,0.15,4698.72,6464,-0.53,0.00,0.75,1 474.06,sl 4698.72
2026.04.27 05:47:52,6445,XAUUSD,buy,out,0.01,4717.14,6465,-0.04,0.00,-27.76,1 446.26,
2026.04.27 17:27:23,6446,XAUUSD,sell,in,0.01,4689.66,6466,-0.04,0.00,0.00,1 446.22,
2026.04.27 17:27:45,6447,XAUUSD,buy,out,0.01,4689.43,6467,-0.04,0.00,0.23,1 446.41,sl 4689.41
2026.04.27 17:52:32,6448,XAUUSD,sell,in,0.01,4686.16,6468,-0.04,0.00,0.00,1 446.37,
2026.04.27 17:53:14,6449,XAUUSD,buy,out,0.01,4685.77,6469,-0.04,0.00,0.39,1 446.72,sl 4685.77
2026.04.27 18:16:40,6450,XAUUSD,sell,in,0.01,4676.55,6470,-0.04,0.00,0.00,1 446.68,
2026.04.27 18:18:51,6451,XAUUSD,buy,out,0.01,4676.82,6471,-0.04,0.00,-0.27,1 446.37,sl 4676.54
2026.04.27 18:40:49,6452,XAUUSD,sell,in,0.01,4678.22,6472,-0.04,0.00,0.00,1 446.33,
2026.04.27 18:44:25,6453,XAUUSD,buy,out,0.01,4678.18,6473,-0.04,0.00,0.04,1 446.33,sl 4678.13
2026.04.27 19:04:56,6454,XAUUSD,sell,in,0.01,4670.72,6474,-0.04,0.00,0.00,1 446.29,
2026.04.27 19:53:58,6455,XAUUSD,buy,in,0.15,4676.98,6475,-0.53,0.00,0.00,1 445.76,
2026.04.27 20:01:08,6456,XAUUSD,sell,out,0.15,4677.93,6476,-0.53,0.00,14.25,1 459.48,sl 4677.94
2026.04.27 20:18:49,6457,XAUUSD,buy,out,0.01,4669.29,6477,-0.04,0.00,1.43,1 460.87,sl 4669.24
2026.04.30 11:05:03,6458,XAUUSD,buy,in,0.01,4626.51,6478,-0.04,0.00,0.00,1 460.83,
2026.04.30 11:05:06,6459,XAUUSD,sell,out,0.01,4626.54,6479,-0.04,0.00,0.03,1 460.82,sl 4626.54
2026.04.30 12:30:43,6460,XAUUSD,buy,in,0.01,4629.35,6480,-0.04,0.00,0.00,1 460.78,
2026.04.30 12:31:08,6461,XAUUSD,sell,out,0.01,4629.86,6481,-0.04,0.00,0.51,1 461.25,sl 4629.91
2026.04.30 13:01:52,6462,XAUUSD,buy,in,0.01,4628.51,6482,-0.04,0.00,0.00,1 461.21,
2026.04.30 13:07:36,6463,XAUUSD,sell,out,0.01,4628.48,6483,-0.04,0.00,-0.03,1 461.14,sl 4628.55
2026.04.30 13:25:58,6464,XAUUSD,buy,in,0.01,4634.75,6484,-0.04,0.00,0.00,1 461.10,
2026.04.30 13:26:39,6465,XAUUSD,sell,out,0.01,4635.35,6485,-0.04,0.00,0.60,1 461.66,sl 4635.36
2026.04.30 13:50:01,6466,XAUUSD,buy,in,0.01,4636.84,6486,-0.04,0.00,0.00,1 461.62,
2026.04.30 13:51:10,6467,XAUUSD,sell,out,0.01,4637.25,6487,-0.04,0.00,0.41,1 461.99,sl 4637.32
2026.04.30 14:14:12,6468,XAUUSD,buy,in,0.01,4638.30,6488,-0.04,0.00,0.00,1 461.95,
2026.04.30 14:21:10,6469,XAUUSD,sell,out,0.01,4638.81,6489,-0.04,0.00,0.51,1 462.42,sl 4638.83
2026.04.30 14:38:19,6470,XAUUSD,buy,in,0.01,4630.39,6490,-0.04,0.00,0.00,1 462.38,
2026.04.30 14:39:05,6471,XAUUSD,sell,out,0.01,4631.14,6491,-0.04,0.00,0.75,1 463.09,sl 4631.14
2026.04.30 15:02:24,6472,XAUUSD,buy,in,0.01,4634.05,6492,-0.04,0.00,0.00,1 463.05,
2026.04.30 15:04:47,6473,XAUUSD,sell,out,0.01,4636.03,6493,-0.04,0.00,1.98,1 464.99,sl 4636.05
2026.04.30 15:26:24,6474,XAUUSD,buy,in,0.01,4630.95,6494,-0.04,0.00,0.00,1 464.95,
2026.04.30 15:26:43,6475,XAUUSD,sell,out,0.01,4630.95,6495,-0.04,0.00,0.00,1 464.91,sl 4630.99
2026.04.30 15:51:57,6476,XAUUSD,buy,in,0.01,4630.41,6496,-0.04,0.00,0.00,1 464.87,
2026.04.30 15:52:31,6477,XAUUSD,sell,out,0.01,4632.44,6497,-0.04,0.00,2.03,1 466.86,sl 4632.45
2026.04.30 16:16:01,6478,XAUUSD,buy,in,0.01,4642.48,6498,-0.04,0.00,0.00,1 466.82,
2026.04.30 16:16:19,6479,XAUUSD,sell,out,0.01,4642.47,6499,-0.04,0.00,-0.01,1 466.77,sl 4642.50
2026.05.01 10:52:00,6480,XAUUSD,sell,in,0.01,4581.56,6500,-0.04,0.00,0.00,1 466.73,
2026.05.01 10:54:31,6481,XAUUSD,buy,out,0.01,4580.89,6501,-0.04,0.00,0.67,1 467.36,sl 4580.84
2026.05.01 11:16:01,6482,XAUUSD,sell,in,0.01,4576.96,6502,-0.04,0.00,0.00,1 467.32,
2026.05.01 11:16:08,6483,XAUUSD,buy,out,0.01,4576.88,6503,-0.04,0.00,0.08,1 467.36,sl 4576.85
2026.05.01 11:40:08,6484,XAUUSD,sell,in,0.01,4570.32,6504,-0.04,0.00,0.00,1 467.32,
2026.05.01 11:40:25,6485,XAUUSD,buy,out,0.01,4570.28,6505,-0.04,0.00,0.04,1 467.32,sl 4570.28
2026.05.01 12:04:14,6486,XAUUSD,sell,in,0.01,4565.00,6506,-0.04,0.00,0.00,1 467.28,
2026.05.01 12:13:52,6487,XAUUSD,buy,out,0.01,4565.07,6507,-0.04,0.00,-0.07,1 467.17,sl 4564.99
2026.05.01 12:28:25,6488,XAUUSD,sell,in,0.01,4569.02,6508,-0.04,0.00,0.00,1 467.13,
2026.05.01 12:32:59,6489,XAUUSD,buy,out,0.01,4569.01,6509,-0.04,0.00,0.01,1 467.10,sl 4568.99
2026.05.01 12:52:24,6490,XAUUSD,sell,in,0.01,4569.44,6510,-0.04,0.00,0.00,1 467.06,
2026.05.01 12:55:08,6491,XAUUSD,buy,out,0.01,4562.01,6511,-0.04,0.00,7.43,1 474.45,sl 4562.01
2026.05.01 13:16:41,6492,XAUUSD,sell,in,0.01,4567.86,6512,-0.04,0.00,0.00,1 474.41,
2026.05.01 13:17:18,6493,XAUUSD,buy,out,0.01,4567.39,6513,-0.04,0.00,0.47,1 474.84,sl 4567.36
2026.05.01 13:40:45,6494,XAUUSD,sell,in,0.01,4569.45,6514,-0.04,0.00,0.00,1 474.80,
2026.05.01 13:41:58,6495,XAUUSD,buy,out,0.01,4568.57,6515,-0.04,0.00,0.88,1 475.64,sl 4568.55
2026.05.01 14:04:46,6496,XAUUSD,sell,in,0.01,4566.68,6516,-0.04,0.00,0.00,1 475.60,
2026.05.01 14:05:49,6497,XAUUSD,buy,out,0.01,4566.02,6517,-0.04,0.00,0.66,1 476.22,sl 4566.00
2026.05.01 14:28:53,6498,XAUUSD,sell,in,0.01,4572.18,6518,-0.04,0.00,0.00,1 476.18,
2026.05.01 14:30:24,6499,XAUUSD,buy,out,0.01,4571.63,6519,-0.04,0.00,0.55,1 476.69,sl 4571.34
2026.05.01 14:52:58,6500,XAUUSD,sell,in,0.01,4574.74,6520,-0.04,0.00,0.00,1 476.65,
2026.05.01 15:25:49,6501,XAUUSD,buy,out,0.01,4604.23,6521,-0.04,0.00,-29.49,1 447.12,
2026.05.01 17:00:30,6502,XAUUSD,buy,in,0.01,4631.97,6522,-0.04,0.00,0.00,1 447.08,
2026.05.01 17:00:55,6503,XAUUSD,sell,out,0.01,4634.28,6523,-0.04,0.00,2.31,1 449.35,sl 4634.31
2026.05.01 17:24:31,6504,XAUUSD,buy,in,0.01,4651.41,6524,-0.04,0.00,0.00,1 449.31,
2026.05.01 19:51:35,6505,XAUUSD,sell,in,0.15,4639.01,6525,-0.53,0.00,0.00,1 448.78,
2026.05.01 19:52:34,6506,XAUUSD,buy,out,0.15,4638.22,6526,-0.53,0.00,11.85,1 460.10,sl 4638.15
2026.05.01 23:04:13,6507,XAUUSD,sell,out,0.01,4607.56,6527,-0.04,0.00,-43.85,1 416.21,
2026.05.04 10:56:57,6508,XAUUSD,sell,in,0.01,4582.70,6528,-0.04,0.00,0.00,1 416.17,
2026.05.04 10:57:10,6509,XAUUSD,buy,out,0.01,4582.49,6529,-0.04,0.00,0.21,1 416.34,sl 4582.42
2026.05.04 11:21:02,6510,XAUUSD,sell,in,0.01,4577.99,6530,-0.04,0.00,0.00,1 416.30,
2026.05.04 11:21:31,6511,XAUUSD,buy,out,0.01,4578.11,6531,-0.04,0.00,-0.12,1 416.14,sl 4577.93
2026.05.04 11:45:09,6512,XAUUSD,sell,in,0.01,4577.72,6532,-0.04,0.00,0.00,1 416.10,
2026.05.04 11:49:15,6513,XAUUSD,buy,out,0.01,4577.74,6533,-0.04,0.00,-0.02,1 416.04,sl 4577.63
2026.05.04 12:52:01,6514,XAUUSD,sell,in,0.01,4578.58,6534,-0.04,0.00,0.00,1 416.00,
2026.05.04 12:52:57,6515,XAUUSD,buy,out,0.01,4578.38,6535,-0.04,0.00,0.20,1 416.16,sl 4578.37
2026.05.04 13:16:09,6516,XAUUSD,sell,in,0.01,4539.28,6536,-0.04,0.00,0.00,1 416.12,
2026.05.04 13:16:24,6517,XAUUSD,buy,out,0.01,4539.32,6537,-0.04,0.00,-0.04,1 416.04,sl 4539.21
2026.05.04 13:40:16,6518,XAUUSD,sell,in,0.01,4562.98,6538,-0.04,0.00,0.00,1 416.00,
2026.05.04 13:40:39,6519,XAUUSD,buy,out,0.01,4562.94,6539,-0.04,0.00,0.04,1 416.00,sl 4562.94
2026.05.04 14:04:18,6520,XAUUSD,sell,in,0.01,4565.48,6540,-0.04,0.00,0.00,1 415.96,
2026.05.04 14:04:33,6521,XAUUSD,buy,out,0.01,4564.28,6541,-0.04,0.00,1.20,1 417.12,sl 4564.21
2026.05.04 14:28:25,6522,XAUUSD,sell,in,0.01,4562.37,6542,-0.04,0.00,0.00,1 417.08,
2026.05.04 14:30:40,6523,XAUUSD,buy,out,0.01,4561.27,6543,-0.04,0.00,1.10,1 418.14,sl 4561.26
2026.05.04 14:52:28,6524,XAUUSD,sell,in,0.01,4558.70,6544,-0.04,0.00,0.00,1 418.10,
2026.05.04 14:53:56,6525,XAUUSD,buy,out,0.01,4558.54,6545,-0.04,0.00,0.16,1 418.22,sl 4558.38
2026.05.04 15:16:41,6526,XAUUSD,sell,in,0.01,4567.64,6546,-0.04,0.00,0.00,1 418.18,
2026.05.04 15:26:34,6527,XAUUSD,buy,out,0.01,4567.78,6547,-0.04,0.00,-0.14,1 418.00,sl 4567.62
2026.05.04 15:40:46,6528,XAUUSD,sell,in,0.01,4571.21,6548,-0.04,0.00,0.00,1 417.96,
2026.05.04 15:41:05,6529,XAUUSD,buy,out,0.01,4570.78,6549,-0.04,0.00,0.43,1 418.35,sl 4570.49
2026.05.04 16:04:49,6530,XAUUSD,sell,in,0.01,4564.53,6550,-0.04,0.00,0.00,1 418.31,
2026.05.04 16:04:53,6531,XAUUSD,buy,out,0.01,4564.76,6551,-0.04,0.00,-0.23,1 418.04,sl 4564.52
2026.05.04 16:28:50,6532,XAUUSD,sell,in,0.01,4563.47,6552,-0.04,0.00,0.00,1 418.00,
2026.05.04 16:29:11,6533,XAUUSD,buy,out,0.01,4563.46,6553,-0.04,0.00,0.01,1 417.97,sl 4563.45
2026.05.04 16:52:57,6534,XAUUSD,sell,in,0.01,4563.96,6554,-0.04,0.00,0.00,1 417.93,
2026.05.04 16:53:19,6535,XAUUSD,buy,out,0.01,4559.70,6555,-0.04,0.00,4.26,1 422.15,sl 4559.68
2026.05.04 17:17:00,6536,XAUUSD,sell,in,0.01,4567.96,6556,-0.04,0.00,0.00,1 422.11,
2026.05.04 17:17:21,6537,XAUUSD,buy,out,0.01,4567.88,6557,-0.04,0.00,0.08,1 422.15,sl 4567.72
2026.05.04 17:46:54,6538,XAUUSD,sell,in,0.01,4572.96,6558,-0.04,0.00,0.00,1 422.11,
2026.05.04 17:47:14,6539,XAUUSD,buy,out,0.01,4572.87,6559,-0.04,0.00,0.09,1 422.16,sl 4572.82
2026.05.04 18:10:55,6540,XAUUSD,sell,in,0.01,4559.20,6560,-0.04,0.00,0.00,1 422.12,
2026.05.04 18:11:35,6541,XAUUSD,buy,out,0.01,4558.83,6561,-0.04,0.00,0.37,1 422.45,sl 4558.81
2026.05.04 18:34:56,6542,XAUUSD,sell,in,0.01,4535.48,6562,-0.04,0.00,0.00,1 422.41,
2026.05.04 18:35:01,6543,XAUUSD,buy,out,0.01,4535.23,6563,-0.04,0.00,0.25,1 422.62,sl 4535.20
2026.05.04 18:59:14,6544,XAUUSD,sell,in,0.01,4524.89,6564,-0.04,0.00,0.00,1 422.58,
2026.05.04 19:00:05,6545,XAUUSD,buy,out,0.01,4522.24,6565,-0.04,0.00,2.65,1 425.19,sl 4522.24
2026.05.04 19:23:16,6546,XAUUSD,sell,in,0.01,4522.80,6566,-0.04,0.00,0.00,1 425.15,
2026.05.04 19:23:25,6547,XAUUSD,buy,out,0.01,4522.88,6567,-0.04,0.00,-0.08,1 425.03,sl 4522.78
2026.05.04 19:47:19,6548,XAUUSD,sell,in,0.01,4514.68,6568,-0.04,0.00,0.00,1 424.99,
2026.05.04 19:47:54,6549,XAUUSD,buy,out,0.01,4510.03,6569,-0.04,0.00,4.65,1 429.60,sl 4509.97
2026.05.04 20:11:24,6550,XAUUSD,sell,in,0.01,4522.80,6570,-0.04,0.00,0.00,1 429.56,
2026.05.04 20:11:38,6551,XAUUSD,buy,out,0.01,4522.77,6571,-0.04,0.00,0.03,1 429.55,sl 4522.71
2026.05.04 20:35:31,6552,XAUUSD,sell,in,0.01,4524.16,6572,-0.04,0.00,0.00,1 429.51,
2026.05.04 20:36:00,6553,XAUUSD,buy,out,0.01,4523.64,6573,-0.04,0.00,0.52,1 429.99,sl 4523.53
2026.05.04 20:59:38,6554,XAUUSD,sell,in,0.01,4522.61,6574,-0.04,0.00,0.00,1 429.95,
2026.05.04 21:00:41,6555,XAUUSD,buy,out,0.01,4522.36,6575,-0.04,0.00,0.25,1 430.16,sl 4522.24
2026.05.04 21:23:40,6556,XAUUSD,sell,in,0.01,4515.80,6576,-0.04,0.00,0.00,1 430.12,
2026.05.04 21:23:55,6557,XAUUSD,buy,out,0.01,4515.76,6577,-0.04,0.00,0.04,1 430.12,sl 4515.74
2026.05.04 21:47:41,6558,XAUUSD,sell,in,0.01,4513.16,6578,-0.04,0.00,0.00,1 430.08,
2026.05.04 22:05:18,6559,XAUUSD,buy,out,0.01,4512.41,6579,-0.04,0.00,0.75,1 430.79,sl 4512.36
2026.05.04 22:11:53,6560,XAUUSD,sell,in,0.01,4518.64,6580,-0.04,0.00,0.00,1 430.75,
2026.05.04 22:12:43,6561,XAUUSD,buy,out,0.01,4518.24,6581,-0.04,0.00,0.40,1 431.11,sl 4518.12
2026.05.04 22:36:00,6562,XAUUSD,sell,in,0.01,4525.65,6582,-0.04,0.00,0.00,1 431.07,
2026.05.04 22:39:06,6563,XAUUSD,buy,out,0.01,4525.62,6583,-0.04,0.00,0.03,1 431.06,sl 4525.58
2026.05.04 23:00:06,6564,XAUUSD,sell,in,0.01,4517.04,6584,-0.04,0.00,0.00,1 431.02,
2026.05.04 23:01:23,6565,XAUUSD,buy,out,0.01,4516.16,6585,-0.04,0.00,0.88,1 431.86,sl 4516.05
2026.05.04 23:24:09,6566,XAUUSD,sell,in,0.01,4512.93,6586,-0.04,0.00,0.00,1 431.82,
2026.05.04 23:24:37,6567,XAUUSD,buy,out,0.01,4512.92,6587,-0.04,0.00,0.01,1 431.79,sl 4512.92
2026.05.04 23:48:08,6568,XAUUSD,sell,in,0.01,4521.58,6588,-0.04,0.00,0.00,1 431.75,
2026.05.04 23:50:38,6569,XAUUSD,buy,out,0.01,4521.48,6589,-0.04,0.00,0.10,1 431.81,sl 4521.48
2026.05.05 01:02:02,6570,XAUUSD,sell,in,0.01,4524.25,6590,-0.04,0.00,0.00,1 431.77,
2026.05.05 01:02:40,6571,XAUUSD,buy,out,0.01,4523.79,6591,-0.04,0.00,0.46,1 432.19,sl 4523.54
2026.05.05 01:26:09,6572,XAUUSD,sell,in,0.01,4520.84,6592,-0.04,0.00,0.00,1 432.15,
2026.05.05 01:28:32,6573,XAUUSD,buy,out,0.01,4520.13,6593,-0.04,0.00,0.71,1 432.82,sl 4520.13
2026.05.05 01:50:21,6574,XAUUSD,sell,in,0.01,4517.35,6594,-0.04,0.00,0.00,1 432.78,
2026.05.05 01:54:03,6575,XAUUSD,buy,out,0.01,4516.53,6595,-0.04,0.00,0.82,1 433.56,sl 4516.27
2026.05.05 02:14:27,6576,XAUUSD,sell,in,0.01,4520.01,6596,-0.04,0.00,0.00,1 433.52,
2026.05.05 02:16:59,6577,XAUUSD,buy,out,0.01,4520.08,6597,-0.04,0.00,-0.07,1 433.41,sl 4519.94
2026.05.05 02:38:40,6578,XAUUSD,sell,in,0.01,4520.44,6598,-0.04,0.00,0.00,1 433.37,
2026.05.05 02:42:38,6579,XAUUSD,buy,out,0.01,4519.09,6599,-0.04,0.00,1.35,1 434.68,sl 4519.07
2026.05.05 03:02:43,6580,XAUUSD,sell,in,0.01,4522.84,6600,-0.04,0.00,0.00,1 434.64,
2026.05.05 03:04:17,6581,XAUUSD,buy,out,0.01,4520.89,6601,-0.04,0.00,1.95,1 436.55,sl 4520.89
2026.05.05 03:26:47,6582,XAUUSD,sell,in,0.01,4518.09,6602,-0.04,0.00,0.00,1 436.51,
2026.05.05 03:27:24,6583,XAUUSD,buy,out,0.01,4514.58,6603,-0.04,0.00,3.51,1 439.98,sl 4514.42
2026.05.06 03:02:22,6584,XAUUSD,buy,in,0.01,4596.96,6604,-0.04,0.00,0.00,1 439.94,
2026.05.06 03:02:39,6585,XAUUSD,sell,out,0.01,4596.84,6605,-0.04,0.00,-0.12,1 439.78,sl 4597.06
2026.05.06 03:26:22,6586,XAUUSD,buy,in,0.01,4602.97,6606,-0.04,0.00,0.00,1 439.74,
2026.05.06 03:26:46,6587,XAUUSD,sell,out,0.01,4603.68,6607,-0.04,0.00,0.71,1 440.41,sl 4603.68
2026.05.06 03:50:27,6588,XAUUSD,buy,in,0.01,4611.12,6608,-0.04,0.00,0.00,1 440.37,
2026.05.06 03:55:52,6589,XAUUSD,sell,out,0.01,4616.01,6609,-0.04,0.00,4.89,1 445.22,sl 4616.01
2026.05.06 04:14:42,6590,XAUUSD,buy,in,0.01,4611.30,6610,-0.04,0.00,0.00,1 445.18,
2026.05.06 04:15:13,6591,XAUUSD,sell,out,0.01,4611.28,6611,-0.04,0.00,-0.02,1 445.12,sl 4611.35
2026.05.06 04:38:50,6592,XAUUSD,buy,in,0.01,4623.03,6612,-0.04,0.00,0.00,1 445.08,
2026.05.06 04:39:32,6593,XAUUSD,sell,out,0.01,4624.09,6613,-0.04,0.00,1.06,1 446.10,sl 4624.09
2026.05.06 05:02:51,6594,XAUUSD,buy,in,0.01,4627.34,6614,-0.04,0.00,0.00,1 446.06,
2026.05.06 05:03:25,6595,XAUUSD,sell,out,0.01,4628.09,6615,-0.04,0.00,0.75,1 446.77,sl 4628.10
2026.05.06 05:26:58,6596,XAUUSD,buy,in,0.01,4632.34,6617,-0.04,0.00,0.00,1 446.73,
2026.05.06 05:27:11,6597,XAUUSD,sell,out,0.01,4632.38,6618,-0.04,0.00,0.04,1 446.73,sl 4632.39
2026.05.06 05:50:58,6598,XAUUSD,buy,in,0.01,4636.03,6619,-0.04,0.00,0.00,1 446.69,
2026.05.06 05:52:21,6599,XAUUSD,sell,out,0.01,4636.04,6620,-0.04,0.00,0.01,1 446.66,sl 4636.06
2026.05.06 06:14:59,6600,XAUUSD,buy,in,0.01,4647.94,6621,-0.04,0.00,0.00,1 446.62,
2026.05.06 06:16:15,6601,XAUUSD,sell,out,0.01,4648.29,6622,-0.04,0.00,0.35,1 446.93,sl 4648.29
2026.05.06 06:38:59,6602,XAUUSD,buy,in,0.01,4647.88,6623,-0.04,0.00,0.00,1 446.89,
2026.05.06 06:39:28,6603,XAUUSD,sell,out,0.01,4650.18,6624,-0.04,0.00,2.30,1 449.15,sl 4650.23
2026.05.06 07:02:58,6604,XAUUSD,buy,in,0.01,4644.40,6625,-0.04,0.00,0.00,1 449.11,
2026.05.06 07:05:02,6605,XAUUSD,sell,out,0.01,4644.64,6626,-0.04,0.00,0.24,1 449.31,sl 4644.64
2026.05.06 07:26:58,6606,XAUUSD,buy,in,0.01,4646.44,6627,-0.04,0.00,0.00,1 449.27,
2026.05.06 07:27:36,6607,XAUUSD,sell,out,0.01,4650.74,6628,-0.04,0.00,4.30,1 453.53,sl 4650.75
2026.05.06 07:51:05,6608,XAUUSD,buy,in,0.01,4651.56,6629,-0.04,0.00,0.00,1 453.49,
2026.05.06 08:04:27,6609,XAUUSD,sell,out,0.01,4652.88,6630,-0.04,0.00,1.32,1 454.77,sl 4652.91
2026.05.06 08:15:05,6610,XAUUSD,buy,in,0.01,4654.26,6631,-0.04,0.00,0.00,1 454.73,
2026.05.06 08:26:26,6611,XAUUSD,sell,out,0.01,4654.80,6632,-0.04,0.00,0.54,1 455.23,sl 4654.83
2026.05.06 08:39:21,6612,XAUUSD,buy,in,0.01,4647.62,6633,-0.04,0.00,0.00,1 455.19,
2026.05.06 08:44:31,6613,XAUUSD,sell,out,0.01,4649.99,6634,-0.04,0.00,2.37,1 457.52,sl 4650.11
2026.05.06 09:03:20,6614,XAUUSD,buy,in,0.01,4663.81,6635,-0.04,0.00,0.00,1 457.48,
2026.05.06 09:03:26,6615,XAUUSD,sell,out,0.01,4663.66,6636,-0.04,0.00,-0.15,1 457.29,sl 4663.88
2026.05.06 09:27:32,6616,XAUUSD,buy,in,0.01,4665.71,6637,-0.04,0.00,0.00,1 457.25,
2026.05.06 09:27:57,6617,XAUUSD,sell,out,0.01,4665.82,6638,-0.04,0.00,0.11,1 457.32,sl 4665.83
2026.05.06 09:51:47,6618,XAUUSD,buy,in,0.01,4663.32,6639,-0.04,0.00,0.00,1 457.28,
2026.05.06 09:52:45,6619,XAUUSD,sell,out,0.01,4664.61,6640,-0.04,0.00,1.29,1 458.53,sl 4664.61
2026.05.06 10:16:04,6620,XAUUSD,buy,in,0.01,4658.63,6641,-0.04,0.00,0.00,1 458.49,
2026.05.06 10:17:50,6621,XAUUSD,sell,out,0.01,4658.98,6642,-0.04,0.00,0.35,1 458.80,sl 4659.00
2026.05.06 10:40:08,6622,XAUUSD,buy,in,0.01,4665.57,6643,-0.04,0.00,0.00,1 458.76,
2026.05.06 10:41:49,6623,XAUUSD,sell,out,0.01,4668.04,6644,-0.04,0.00,2.47,1 461.19,sl 4668.04
2026.05.06 11:04:11,6624,XAUUSD,buy,in,0.01,4677.63,6645,-0.04,0.00,0.00,1 461.15,
2026.05.06 11:04:39,6625,XAUUSD,sell,out,0.01,4677.65,6646,-0.04,0.00,0.02,1 461.13,sl 4677.69
2026.05.06 11:28:12,6626,XAUUSD,buy,in,0.01,4678.87,6647,-0.04,0.00,0.00,1 461.09,
2026.05.06 11:28:18,6627,XAUUSD,sell,out,0.01,4678.85,6648,-0.04,0.00,-0.02,1 461.03,sl 4678.89
2026.05.06 11:52:14,6628,XAUUSD,buy,in,0.01,4696.69,6649,-0.04,0.00,0.00,1 460.99,
2026.05.06 11:52:23,6629,XAUUSD,sell,out,0.01,4699.78,6650,-0.04,0.00,3.09,1 464.04,sl 4699.81
2026.05.06 12:16:15,6630,XAUUSD,buy,in,0.01,4696.09,6651,-0.04,0.00,0.00,1 464.00,
2026.05.06 12:16:58,6631,XAUUSD,sell,out,0.01,4696.12,6652,-0.04,0.00,0.03,1 463.99,sl 4696.17
2026.05.06 12:40:16,6632,XAUUSD,buy,in,0.01,4704.49,6653,-0.04,0.00,0.00,1 463.95,
2026.05.06 13:01:10,6633,XAUUSD,sell,out,0.01,4704.56,6654,-0.04,0.00,0.07,1 463.98,sl 4704.57
2026.05.06 13:04:23,6634,XAUUSD,buy,in,0.01,4699.67,6655,-0.04,0.00,0.00,1 463.94,
2026.05.06 13:04:53,6635,XAUUSD,sell,out,0.01,4701.80,6656,-0.04,0.00,2.13,1 466.03,sl 4701.82
2026.05.06 13:28:27,6636,XAUUSD,buy,in,0.01,4704.08,6657,-0.04,0.00,0.00,1 465.99,
2026.05.06 13:30:25,6637,XAUUSD,sell,out,0.01,4706.69,6658,-0.04,0.00,2.61,1 468.56,sl 4706.81
2026.05.06 13:52:29,6638,XAUUSD,buy,in,0.01,4712.86,6659,-0.04,0.00,0.00,1 468.52,
2026.05.06 13:54:18,6639,XAUUSD,sell,out,0.01,4720.46,6660,-0.04,0.00,7.60,1 476.08,sl 4720.47
2026.05.06 14:16:34,6640,XAUUSD,buy,in,0.01,4710.88,6661,-0.04,0.00,0.00,1 476.04,
2026.05.06 14:17:01,6641,XAUUSD,sell,out,0.01,4710.82,6662,-0.04,0.00,-0.06,1 475.94,sl 4710.91
2026.05.06 14:40:35,6642,XAUUSD,buy,in,0.01,4711.33,6663,-0.04,0.00,0.00,1 475.90,
2026.05.06 17:07:40,6643,XAUUSD,sell,in,0.15,4704.52,6664,-0.53,0.00,0.00,1 475.37,
2026.05.06 17:08:19,6644,XAUUSD,buy,out,0.15,4704.08,6665,-0.53,0.00,6.60,1 481.44,sl 4704.07
2026.05.06 17:13:43,6645,XAUUSD,sell,out,0.01,4711.23,6666,-0.04,0.00,-0.10,1 481.30,sl 4711.37
2026.05.11 08:43:31,6646,XAUUSD,sell,in,0.01,4665.66,6667,-0.04,0.00,0.00,1 481.26,
2026.05.11 08:43:46,6647,XAUUSD,buy,out,0.01,4664.78,6668,-0.04,0.00,0.88,1 482.10,sl 4664.70
2026.05.11 09:07:31,6648,XAUUSD,sell,in,0.01,4659.02,6669,-0.04,0.00,0.00,1 482.06,
2026.05.11 09:07:45,6649,XAUUSD,buy,out,0.01,4659.15,6670,-0.04,0.00,-0.13,1 481.89,sl 4659.00
2026.05.11 12:24:54,6650,XAUUSD,sell,in,0.01,4659.34,6671,-0.04,0.00,0.00,1 481.85,
2026.05.11 12:29:00,6651,XAUUSD,buy,out,0.01,4658.92,6672,-0.04,0.00,0.42,1 482.23,sl 4658.86
2026.05.11 12:49:07,6652,XAUUSD,sell,in,0.01,4662.09,6673,-0.04,0.00,0.00,1 482.19,
2026.05.11 12:49:44,6653,XAUUSD,buy,out,0.01,4662.04,6674,-0.04,0.00,0.05,1 482.20,sl 4662.03
2026.05.11 13:13:49,6654,XAUUSD,sell,in,0.01,4661.30,6675,-0.04,0.00,0.00,1 482.16,
2026.05.11 13:15:56,6655,XAUUSD,buy,out,0.01,4661.28,6676,-0.04,0.00,0.02,1 482.14,sl 4661.28
2026.05.11 13:39:32,6656,XAUUSD,sell,in,0.01,4660.98,6677,-0.04,0.00,0.00,1 482.10,
2026.05.11 14:28:36,6657,XAUUSD,buy,in,0.15,4669.87,6678,-0.53,0.00,0.00,1 481.57,
2026.05.11 14:29:12,6658,XAUUSD,sell,out,0.15,4670.69,6679,-0.53,0.00,12.30,1 493.34,sl 4670.69
2026.05.11 15:23:23,6659,XAUUSD,buy,out,0.01,4687.93,6680,-0.04,0.00,-26.95,1 466.35,
2026.05.11 16:09:04,6660,XAUUSD,buy,in,0.01,4715.74,6681,-0.04,0.00,0.00,1 466.31,
2026.05.11 16:09:57,6661,XAUUSD,sell,out,0.01,4716.83,6682,-0.04,0.00,1.09,1 467.36,sl 4716.86
2026.05.11 16:33:07,6662,XAUUSD,buy,in,0.01,4735.91,6683,-0.04,0.00,0.00,1 467.32,
2026.05.11 16:33:21,6663,XAUUSD,sell,out,0.01,4735.81,6684,-0.04,0.00,-0.10,1 467.18,sl 4735.95
2026.05.11 16:57:13,6664,XAUUSD,buy,in,0.01,4743.32,6685,-0.04,0.00,0.00,1 467.14,
2026.05.11 19:24:21,6665,XAUUSD,sell,in,0.15,4723.96,6686,-0.53,0.00,0.00,1 466.61,
2026.05.11 19:29:16,6666,XAUUSD,buy,out,0.15,4723.64,6687,-0.53,0.00,4.80,1 470.88,sl 4723.53
2026.05.12 01:08:57,6667,XAUUSD,sell,out,0.01,4743.35,6688,-0.04,-0.52,0.03,1 470.35,sl 4743.39
2026.05.12 17:33:25,6668,XAUUSD,sell,in,0.01,4674.67,6689,-0.04,0.00,0.00,1 470.31,
2026.05.12 17:33:37,6669,XAUUSD,buy,out,0.01,4674.64,6690,-0.04,0.00,0.03,1 470.30,sl 4674.64
2026.05.12 17:57:27,6670,XAUUSD,sell,in,0.01,4671.38,6691,-0.04,0.00,0.00,1 470.26,
2026.05.12 17:58:22,6671,XAUUSD,buy,out,0.01,4671.18,6692,-0.04,0.00,0.20,1 470.42,sl 4671.12
2026.05.12 18:21:27,6672,XAUUSD,sell,in,0.01,4657.38,6693,-0.04,0.00,0.00,1 470.38,
2026.05.12 18:22:13,6673,XAUUSD,buy,out,0.01,4655.28,6694,-0.04,0.00,2.10,1 472.44,sl 4655.25
2026.05.12 18:45:32,6674,XAUUSD,sell,in,0.01,4668.70,6695,-0.04,0.00,0.00,1 472.40,
2026.05.12 18:46:24,6675,XAUUSD,buy,out,0.01,4667.40,6696,-0.04,0.00,1.30,1 473.66,sl 4667.40
2026.05.12 19:09:39,6676,XAUUSD,sell,in,0.01,4669.34,6697,-0.04,0.00,0.00,1 473.62,
2026.05.12 19:10:13,6677,XAUUSD,buy,out,0.01,4669.17,6698,-0.04,0.00,0.17,1 473.75,sl 4669.12
2026.05.12 19:33:42,6678,XAUUSD,sell,in,0.01,4666.73,6699,-0.04,0.00,0.00,1 473.71,
2026.05.12 20:22:44,6679,XAUUSD,buy,in,0.15,4680.21,6700,-0.53,0.00,0.00,1 473.18,
2026.05.12 20:24:00,6680,XAUUSD,sell,out,0.15,4680.49,6701,-0.53,0.00,4.20,1 476.85,sl 4680.51
2026.05.12 22:07:48,6681,XAUUSD,buy,in,0.15,4699.66,6702,-0.53,0.00,0.00,1 476.32,
2026.05.12 22:13:21,6682,XAUUSD,sell,out,0.15,4701.81,6703,-0.53,0.00,32.25,1 508.04,sl 4701.82
2026.05.12 22:25:47,6683,XAUUSD,buy,out,0.01,4704.42,6704,-0.04,0.00,-37.69,1 470.31,
2026.05.13 16:46:24,6684,XAUUSD,sell,in,0.01,4672.93,6705,-0.04,0.00,0.00,1 470.27,
2026.05.13 16:48:35,6685,XAUUSD,buy,out,0.01,4671.14,6706,-0.04,0.00,1.79,1 472.02,sl 4671.12
2026.05.14 16:42:33,6686,XAUUSD,sell,in,0.01,4668.80,6707,-0.04,0.00,0.00,1 471.98,
2026.05.14 16:42:39,6687,XAUUSD,buy,out,0.01,4668.58,6708,-0.04,0.00,0.22,1 472.16,sl 4668.56
2026.05.14 22:30:02,6688,XAUUSD,sell,in,0.01,4662.58,6709,-0.04,0.00,0.00,1 472.12,
2026.05.14 22:32:50,6689,XAUUSD,buy,out,0.01,4662.23,6710,-0.04,0.00,0.35,1 472.43,sl 4662.23
2026.05.14 22:54:09,6690,XAUUSD,sell,in,0.01,4657.98,6711,-0.04,0.00,0.00,1 472.39,
2026.05.14 22:54:43,6691,XAUUSD,buy,out,0.01,4658.05,6712,-0.04,0.00,-0.07,1 472.28,sl 4657.95
2026.05.14 23:18:08,6692,XAUUSD,sell,in,0.01,4649.45,6713,-0.04,0.00,0.00,1 472.24,
2026.05.14 23:22:57,6693,XAUUSD,buy,out,0.01,4649.26,6714,-0.04,0.00,0.19,1 472.39,sl 4649.23
2026.05.14 23:42:16,6694,XAUUSD,sell,in,0.01,4650.78,6715,-0.04,0.00,0.00,1 472.35,
2026.05.14 23:52:17,6695,XAUUSD,buy,out,0.01,4650.19,6716,-0.04,0.00,0.59,1 472.90,sl 4650.19
2026.05.15 01:02:16,6696,XAUUSD,sell,in,0.01,4650.98,6717,-0.04,0.00,0.00,1 472.86,
2026.05.15 01:02:22,6697,XAUUSD,buy,out,0.01,4651.43,6718,-0.04,0.00,-0.45,1 472.37,sl 4650.19
2026.05.15 01:26:24,6698,XAUUSD,sell,in,0.01,4657.67,6719,-0.04,0.00,0.00,1 472.33,
2026.05.15 02:15:34,6699,XAUUSD,buy,in,0.15,4657.09,6720,-0.53,0.00,0.00,1 471.80,
2026.05.15 02:15:49,6700,XAUUSD,buy,out,0.01,4657.11,6721,-0.04,0.00,0.56,1 472.32,sl 4657.09
2026.05.15 02:16:22,6701,XAUUSD,sell,out,0.15,4659.56,6722,-0.53,0.00,37.05,1 508.84,sl 4659.57
2026.05.19 04:19:25,6702,XAUUSD,sell,in,0.01,4558.76,6723,-0.04,0.00,0.00,1 508.80,
2026.05.19 04:20:38,6703,XAUUSD,buy,out,0.01,4558.65,6724,-0.04,0.00,0.11,1 508.87,sl 4558.59
2026.05.19 05:05:31,6704,XAUUSD,sell,in,0.01,4557.54,6725,-0.04,0.00,0.00,1 508.83,
2026.05.19 05:06:21,6705,XAUUSD,buy,out,0.01,4557.10,6726,-0.04,0.00,0.44,1 509.23,sl 4557.02
2026.05.19 05:30:08,6706,XAUUSD,sell,in,0.01,4557.24,6727,-0.04,0.00,0.00,1 509.19,
2026.05.19 05:30:25,6707,XAUUSD,buy,out,0.01,4556.94,6728,-0.04,0.00,0.30,1 509.45,sl 4556.90
2026.05.19 05:54:14,6708,XAUUSD,sell,in,0.01,4550.72,6729,-0.04,0.00,0.00,1 509.41,
2026.05.19 05:55:34,6709,XAUUSD,buy,out,0.01,4550.30,6730,-0.04,0.00,0.42,1 509.79,sl 4550.30
2026.05.19 06:18:21,6710,XAUUSD,sell,in,0.01,4551.45,6731,-0.04,0.00,0.00,1 509.75,
2026.05.19 06:21:13,6711,XAUUSD,buy,out,0.01,4550.35,6732,-0.04,0.00,1.10,1 510.81,sl 4550.32
2026.05.19 06:42:22,6712,XAUUSD,sell,in,0.01,4550.34,6733,-0.04,0.00,0.00,1 510.77,
2026.05.19 06:43:27,6713,XAUUSD,buy,out,0.01,4549.43,6734,-0.04,0.00,0.91,1 511.64,sl 4549.42
2026.05.19 07:06:25,6714,XAUUSD,sell,in,0.01,4544.10,6735,-0.04,0.00,0.00,1 511.60,
2026.05.19 07:06:59,6715,XAUUSD,buy,out,0.01,4543.94,6736,-0.04,0.00,0.16,1 511.72,sl 4543.92
2026.05.19 07:30:31,6716,XAUUSD,sell,in,0.01,4538.26,6737,-0.04,0.00,0.00,1 511.68,
2026.05.19 08:19:36,6717,XAUUSD,buy,in,0.15,4542.85,6738,-0.53,0.00,0.00,1 511.15,
2026.05.19 08:22:21,6718,XAUUSD,buy,out,0.01,4538.22,6739,-0.04,0.00,0.04,1 511.15,sl 4538.18
2026.05.19 08:41:01,6719,XAUUSD,sell,out,0.15,4543.40,6740,-0.53,0.00,8.25,1 518.87,sl 4543.44
2026.05.21 04:11:43,6720,XAUUSD,buy,in,0.01,4559.04,6741,-0.04,0.00,0.00,1 518.83,
2026.05.21 04:12:04,6721,XAUUSD,sell,out,0.01,4558.99,6742,-0.04,0.00,-0.05,1 518.74,sl 4559.11
2026.05.21 04:35:51,6722,XAUUSD,buy,in,0.01,4563.18,6743,-0.04,0.00,0.00,1 518.70,
2026.05.21 04:36:58,6723,XAUUSD,sell,out,0.01,4564.88,6744,-0.04,0.00,1.70,1 520.36,sl 4564.93
2026.05.21 04:59:59,6724,XAUUSD,buy,in,0.01,4561.20,6745,-0.04,0.00,0.00,1 520.32,
2026.05.21 05:01:00,6725,XAUUSD,sell,out,0.01,4564.21,6746,-0.04,0.00,3.01,1 523.29,sl 4564.26
2026.05.21 16:00:07,6726,XAUUSD,sell,in,0.01,4501.00,6747,-0.04,0.00,0.00,1 523.25,
2026.05.21 16:00:13,6727,XAUUSD,buy,out,0.01,4500.98,6748,-0.04,0.00,0.02,1 523.23,sl 4500.90
2026.05.21 16:24:10,6728,XAUUSD,sell,in,0.01,4501.44,6749,-0.04,0.00,0.00,1 523.19,
2026.05.21 16:24:45,6729,XAUUSD,buy,out,0.01,4497.61,6750,-0.04,0.00,3.83,1 526.98,sl 4497.59
2026.05.21 16:48:15,6730,XAUUSD,sell,in,0.01,4500.59,6751,-0.04,0.00,0.00,1 526.94,
2026.05.21 16:48:38,6731,XAUUSD,buy,out,0.01,4500.62,6752,-0.04,0.00,-0.03,1 526.87,sl 4500.57
2026.05.21 17:16:36,6732,XAUUSD,sell,in,0.01,4499.25,6753,-0.04,0.00,0.00,1 526.83,
2026.05.21 17:21:12,6733,XAUUSD,buy,out,0.01,4499.20,6754,-0.04,0.00,0.05,1 526.84,sl 4499.20
2026.05.21 18:06:57,6734,XAUUSD,sell,in,0.01,4501.24,6755,-0.04,0.00,0.00,1 526.80,
2026.05.21 18:07:07,6735,XAUUSD,buy,out,0.01,4501.20,6756,-0.04,0.00,0.04,1 526.80,sl 4501.19
2026.05.21 20:51:23,6736,XAUUSD,buy,in,0.01,4554.51,6757,-0.04,0.00,0.00,1 526.76,
2026.05.21 20:51:35,6737,XAUUSD,sell,out,0.01,4555.42,6758,-0.04,0.00,0.91,1 527.63,sl 4555.42
2026.05.22 17:13:46,6738,XAUUSD,sell,in,0.01,4501.00,6759,-0.04,0.00,0.00,1 527.59,
2026.05.22 17:14:54,6739,XAUUSD,buy,out,0.01,4495.25,6760,-0.04,0.00,5.75,1 533.30,sl 4494.14
2026.05.22 17:38:33,6740,XAUUSD,sell,in,0.01,4499.43,6761,-0.04,0.00,0.00,1 533.26,
2026.05.22 17:38:54,6741,XAUUSD,buy,out,0.01,4499.31,6762,-0.04,0.00,0.12,1 533.34,sl 4499.31
2026.05.25 01:04:48,6742,XAUUSD,buy,in,0.01,4551.81,6763,-0.04,0.00,0.00,1 533.30,
2026.05.25 01:05:39,6743,XAUUSD,sell,out,0.01,4553.19,6764,-0.04,0.00,1.38,1 534.64,sl 4553.30
2026.05.25 01:28:52,6744,XAUUSD,buy,in,0.01,4552.31,6765,-0.04,0.00,0.00,1 534.60,
2026.05.25 01:31:02,6745,XAUUSD,sell,out,0.01,4556.97,6766,-0.04,0.00,4.66,1 539.22,sl 4557.09
2026.05.25 01:52:53,6746,XAUUSD,buy,in,0.01,4562.69,6767,-0.04,0.00,0.00,1 539.18,
2026.05.25 02:00:31,6747,XAUUSD,sell,out,0.01,4566.85,6768,-0.04,0.00,4.16,1 543.30,sl 4566.86
2026.05.25 02:16:58,6748,XAUUSD,buy,in,0.01,4575.36,6769,-0.04,0.00,0.00,1 543.26,
2026.05.25 02:18:02,6749,XAUUSD,sell,out,0.01,4575.63,6770,-0.04,0.00,0.27,1 543.49,sl 4575.66
2026.05.25 02:41:02,6750,XAUUSD,buy,in,0.01,4578.96,6771,-0.04,0.00,0.00,1 543.45,
2026.05.25 02:41:48,6751,XAUUSD,sell,out,0.01,4578.85,6772,-0.04,0.00,-0.11,1 543.30,sl 4579.01
2026.05.25 03:05:06,6752,XAUUSD,buy,in,0.01,4568.85,6773,-0.04,0.00,0.00,1 543.26,
2026.05.25 03:05:10,6753,XAUUSD,sell,out,0.01,4568.88,6774,-0.04,0.00,0.03,1 543.25,sl 4568.90
2026.05.25 03:29:08,6754,XAUUSD,buy,in,0.01,4570.94,6775,-0.04,0.00,0.00,1 543.21,
2026.05.25 03:30:09,6755,XAUUSD,sell,out,0.01,4574.08,6776,-0.04,0.00,3.14,1 546.31,sl 4574.17
2026.05.25 03:53:25,6756,XAUUSD,buy,in,0.01,4572.09,6777,-0.04,0.00,0.00,1 546.27,
2026.05.25 03:54:46,6757,XAUUSD,sell,out,0.01,4574.00,6778,-0.04,0.00,1.91,1 548.14,sl 4574.00
2026.05.25 04:17:32,6758,XAUUSD,buy,in,0.01,4564.61,6779,-0.04,0.00,0.00,1 548.10,
2026.05.25 04:17:36,6759,XAUUSD,sell,out,0.01,4564.51,6780,-0.04,0.00,-0.10,1 547.96,sl 4564.64
2026.05.25 04:41:31,6760,XAUUSD,buy,in,0.01,4570.48,6781,-0.04,0.00,0.00,1 547.92,
2026.05.25 07:08:32,6761,XAUUSD,sell,in,0.15,4561.48,6782,-0.53,0.00,0.00,1 547.39,
2026.05.25 07:09:31,6762,XAUUSD,buy,out,0.15,4561.45,6783,-0.53,0.00,0.45,1 547.31,sl 4561.45
2026.05.25 13:10:57,6763,XAUUSD,sell,out,0.01,4571.39,6784,-0.04,0.00,0.91,1 548.18,sl 4571.53
2026.05.26 12:42:20,6764,XAUUSD,sell,in,0.01,4514.33,6785,-0.04,0.00,0.00,1 548.14,
2026.05.26 12:42:34,6765,XAUUSD,buy,out,0.01,4513.27,6786,-0.04,0.00,1.06,1 549.16,sl 4513.24
2026.05.26 14:35:48,6766,XAUUSD,sell,in,0.01,4508.12,6787,-0.04,0.00,0.00,1 549.12,
2026.05.26 14:35:50,6767,XAUUSD,buy,out,0.01,4507.95,6788,-0.04,0.00,0.17,1 549.25,sl 4507.95
2026.05.26 14:59:50,6768,XAUUSD,sell,in,0.01,4506.84,6789,-0.04,0.00,0.00,1 549.21,
2026.05.26 15:00:12,6769,XAUUSD,buy,out,0.01,4506.71,6790,-0.04,0.00,0.13,1 549.30,sl 4506.66
2026.05.26 15:24:06,6770,XAUUSD,sell,in,0.01,4510.71,6791,-0.04,0.00,0.00,1 549.26,
2026.05.26 15:24:26,6771,XAUUSD,buy,out,0.01,4510.70,6792,-0.04,0.00,0.01,1 549.23,sl 4510.67
2026.05.26 16:59:35,6772,XAUUSD,sell,in,0.01,4512.72,6793,-0.04,0.00,0.00,1 549.19,
2026.05.26 17:00:40,6773,XAUUSD,buy,out,0.01,4512.63,6794,-0.04,0.00,0.09,1 549.24,sl 4512.62
2026.05.26 18:02:33,6774,XAUUSD,sell,in,0.01,4510.36,6795,-0.04,0.00,0.00,1 549.20,
2026.05.26 18:02:57,6775,XAUUSD,buy,out,0.01,4510.39,6796,-0.04,0.00,-0.03,1 549.13,sl 4510.31
2026.05.26 18:26:34,6776,XAUUSD,sell,in,0.01,4507.05,6797,-0.04,0.00,0.00,1 549.09,
2026.05.26 18:27:45,6777,XAUUSD,buy,out,0.01,4505.83,6798,-0.04,0.00,1.22,1 550.27,sl 4505.83
2026.05.26 18:50:39,6778,XAUUSD,sell,in,0.01,4506.87,6799,-0.04,0.00,0.00,1 550.23,
2026.05.26 18:50:52,6779,XAUUSD,buy,out,0.01,4506.92,6800,-0.04,0.00,-0.05,1 550.14,sl 4506.86
2026.05.26 19:14:41,6780,XAUUSD,sell,in,0.01,4501.55,6801,-0.04,0.00,0.00,1 550.10,
2026.05.26 19:16:04,6781,XAUUSD,buy,out,0.01,4501.54,6802,-0.04,0.00,0.01,1 550.07,sl 4501.53
2026.05.26 19:38:44,6782,XAUUSD,sell,in,0.01,4509.20,6803,-0.04,0.00,0.00,1 550.03,
2026.05.26 19:40:13,6783,XAUUSD,buy,out,0.01,4508.93,6804,-0.04,0.00,0.27,1 550.26,sl 4508.84
2026.05.26 20:02:53,6784,XAUUSD,sell,in,0.01,4506.60,6805,-0.04,0.00,0.00,1 550.22,
2026.05.26 20:05:49,6785,XAUUSD,buy,out,0.01,4504.97,6806,-0.04,0.00,1.63,1 551.81,sl 4504.94
2026.05.26 20:26:59,6786,XAUUSD,sell,in,0.01,4506.91,6807,-0.04,0.00,0.00,1 551.77,
2026.05.26 20:28:19,6787,XAUUSD,buy,out,0.01,4505.87,6808,-0.04,0.00,1.04,1 552.77,sl 4505.86
2026.05.26 20:51:00,6788,XAUUSD,sell,in,0.01,4499.96,6809,-0.04,0.00,0.00,1 552.73,
2026.05.26 20:54:33,6789,XAUUSD,buy,out,0.01,4497.88,6810,-0.04,0.00,2.08,1 554.77,sl 4497.77
2026.05.26 21:14:59,6790,XAUUSD,sell,in,0.01,4487.15,6811,-0.04,0.00,0.00,1 554.73,
2026.05.26 22:04:10,6791,XAUUSD,buy,in,0.15,4500.65,6812,-0.53,0.00,0.00,1 554.20,
2026.05.26 22:10:27,6792,XAUUSD,sell,out,0.15,4500.75,6813,-0.53,0.00,1.50,1 555.17,sl 4500.76
2026.05.27 01:02:35,6793,XAUUSD,buy,out,0.01,4506.43,6814,-0.04,0.45,-19.28,1 536.30,
2026.05.28 19:16:41,6794,XAUUSD,buy,in,0.01,4490.76,6815,-0.04,0.00,0.00,1 536.26,
2026.05.28 19:18:56,6795,XAUUSD,sell,out,0.01,4493.58,6816,-0.04,0.00,2.82,1 539.04,sl 4493.58
2026.05.28 19:40:57,6796,XAUUSD,buy,in,0.01,4499.78,6817,-0.04,0.00,0.00,1 539.00,
2026.05.28 19:42:39,6797,XAUUSD,sell,out,0.01,4504.87,6818,-0.04,0.00,5.09,1 544.05,sl 4504.99
2026.05.28 20:05:09,6798,XAUUSD,buy,in,0.01,4510.34,6819,-0.04,0.00,0.00,1 544.01,
2026.05.28 21:00:40,6799,XAUUSD,sell,out,0.01,4510.36,6820,-0.04,0.00,0.02,1 543.99,sl 4510.36
2026.05.28 21:00:50,6800,XAUUSD,buy,in,0.01,4511.13,6821,-0.04,0.00,0.00,1 543.95,
2026.05.28 21:03:15,6801,XAUUSD,sell,out,0.01,4515.79,6822,-0.04,0.00,4.66,1 548.57,sl 4515.95
2026.05.28 21:24:57,6802,XAUUSD,buy,in,0.01,4508.20,6823,-0.04,0.00,0.00,1 548.53,
2026.05.28 23:52:02,6803,XAUUSD,sell,in,0.15,4495.88,6824,-0.53,0.00,0.00,1 548.00,
2026.05.28 23:57:24,6804,XAUUSD,buy,out,0.15,4495.87,6825,-0.53,0.00,0.15,1 547.62,
2026.05.29 04:09:31,6805,XAUUSD,sell,out,0.01,4508.32,6826,-0.04,-0.52,0.12,1 547.18,sl 4508.37
2026.06.01 16:12:31,6806,XAUUSD,sell,in,0.01,4477.88,6827,-0.04,0.00,0.00,1 547.14,
2026.06.01 16:12:43,6807,XAUUSD,buy,out,0.01,4477.78,6828,-0.04,0.00,0.10,1 547.20,sl 4477.76
2026.06.01 16:36:39,6808,XAUUSD,sell,in,0.01,4469.90,6829,-0.04,0.00,0.00,1 547.16,
2026.06.01 16:37:02,6809,XAUUSD,buy,out,0.01,4467.02,6830,-0.04,0.00,2.88,1 550.00,sl 4467.00
2026.06.01 17:00:40,6810,XAUUSD,sell,in,0.01,4449.50,6831,-0.04,0.00,0.00,1 549.96,
2026.06.01 17:00:55,6811,XAUUSD,buy,out,0.01,4449.08,6832,-0.04,0.00,0.42,1 550.34,sl 4449.08
2026.06.01 17:24:52,6812,XAUUSD,sell,in,0.01,4455.62,6833,-0.04,0.00,0.00,1 550.30,
2026.06.01 17:25:13,6813,XAUUSD,buy,out,0.01,4455.25,6834,-0.04,0.00,0.37,1 550.63,sl 4455.13
2026.06.01 17:48:54,6814,XAUUSD,sell,in,0.01,4456.25,6835,-0.04,0.00,0.00,1 550.59,
2026.06.01 17:50:00,6815,XAUUSD,buy,out,0.01,4455.49,6836,-0.04,0.00,0.76,1 551.31,sl 4455.48
2026.06.01 18:12:57,6816,XAUUSD,sell,in,0.01,4463.97,6837,-0.04,0.00,0.00,1 551.27,
2026.06.01 19:02:03,6817,XAUUSD,buy,in,0.15,4474.50,6838,-0.53,0.00,0.00,1 550.74,
2026.06.01 19:18:20,6818,XAUUSD,buy,out,0.01,4463.95,6839,-0.04,0.00,0.02,1 550.72,sl 4463.90
2026.06.01 19:53:36,6819,XAUUSD,sell,out,0.15,4478.12,6840,-0.53,0.00,54.30,1 604.49,sl 4478.15
2026.06.02 08:30:22,6820,XAUUSD,buy,in,0.01,4526.07,6841,-0.04,0.00,0.00,1 604.45,
2026.06.02 08:35:38,6821,XAUUSD,sell,out,0.01,4526.99,6842,-0.04,0.00,0.92,1 605.33,sl 4527.04
2026.06.02 09:21:24,6822,XAUUSD,buy,in,0.01,4527.29,6843,-0.04,0.00,0.00,1 605.29,
2026.06.02 09:21:42,6823,XAUUSD,sell,out,0.01,4527.95,6844,-0.04,0.00,0.66,1 605.91,sl 4527.95
2026.06.02 09:45:32,6824,XAUUSD,buy,in,0.01,4533.80,6845,-0.04,0.00,0.00,1 605.87,
2026.06.02 09:46:07,6825,XAUUSD,sell,out,0.01,4534.79,6846,-0.04,0.00,0.99,1 606.82,sl 4534.89
2026.06.02 10:09:37,6826,XAUUSD,buy,in,0.01,4537.64,6847,-0.04,0.00,0.00,1 606.78,
2026.06.02 10:10:50,6827,XAUUSD,sell,out,0.01,4538.73,6848,-0.04,0.00,1.09,1 607.83,sl 4538.78
2026.06.02 10:33:36,6828,XAUUSD,buy,in,0.01,4534.05,6849,-0.04,0.00,0.00,1 607.79,
2026.06.02 10:41:44,6829,XAUUSD,sell,out,0.01,4534.18,6850,-0.04,0.00,0.13,1 607.88,sl 4534.19
2026.06.02 10:57:48,6830,XAUUSD,buy,in,0.01,4533.73,6851,-0.04,0.00,0.00,1 607.84,
2026.06.02 10:58:28,6831,XAUUSD,sell,out,0.01,4533.97,6852,-0.04,0.00,0.24,1 608.04,sl 4533.99
2026.06.02 11:21:53,6832,XAUUSD,buy,in,0.01,4533.22,6853,-0.04,0.00,0.00,1 608.00,
2026.06.02 11:23:00,6833,XAUUSD,sell,out,0.01,4533.48,6854,-0.04,0.00,0.26,1 608.22,sl 4533.60
2026.06.02 11:45:55,6834,XAUUSD,buy,in,0.01,4529.98,6855,-0.04,0.00,0.00,1 608.18,
2026.06.02 12:07:26,6835,XAUUSD,sell,out,0.01,4529.94,6856,-0.04,0.00,-0.04,1 608.10,sl 4530.04
2026.06.02 12:10:01,6836,XAUUSD,buy,in,0.01,4529.35,6857,-0.04,0.00,0.00,1 608.06,
2026.06.02 12:11:26,6837,XAUUSD,sell,out,0.01,4530.46,6858,-0.04,0.00,1.11,1 609.13,sl 4530.47
2026.06.02 12:51:30,6838,XAUUSD,buy,in,0.01,4529.17,6859,-0.04,0.00,0.00,1 609.09,
2026.06.02 12:52:40,6839,XAUUSD,sell,out,0.01,4530.67,6860,-0.04,0.00,1.50,1 610.55,sl 4530.69
2026.06.02 13:45:26,6840,XAUUSD,buy,in,0.01,4530.09,6861,-0.04,0.00,0.00,1 610.51,
2026.06.02 13:47:53,6841,XAUUSD,sell,out,0.01,4531.41,6862,-0.04,0.00,1.32,1 611.79,sl 4531.42
2026.06.02 14:12:21,6842,XAUUSD,buy,in,0.01,4530.61,6863,-0.04,0.00,0.00,1 611.75,
2026.06.02 15:22:21,6843,XAUUSD,sell,out,0.01,4531.17,6864,-0.04,0.00,0.56,1 612.27,sl 4531.25
2026.06.02 15:22:46,6844,XAUUSD,buy,in,0.01,4531.74,6865,-0.04,0.00,0.00,1 612.23,
2026.06.02 15:23:00,6845,XAUUSD,sell,out,0.01,4531.76,6866,-0.04,0.00,0.02,1 612.21,sl 4531.76
2026.06.03 02:17:26,6846,XAUUSD,sell,in,0.01,4473.40,6867,-0.04,0.00,0.00,1 612.17,
2026.06.03 02:18:00,6847,XAUUSD,buy,out,0.01,4473.40,6868,-0.04,0.00,0.00,1 612.13,sl 4473.36
2026.06.03 02:41:42,6848,XAUUSD,sell,in,0.01,4468.69,6869,-0.04,0.00,0.00,1 612.09,
2026.06.03 03:30:44,6849,XAUUSD,buy,in,0.15,4483.66,6870,-0.53,0.00,0.00,1 611.56,
2026.06.03 03:35:05,6850,XAUUSD,sell,out,0.15,4484.72,6871,-0.53,0.00,15.90,1 626.93,sl 4484.81
2026.06.03 04:08:04,6851,XAUUSD,buy,out,0.01,4468.23,6872,-0.04,0.00,0.46,1 627.35,sl 4468.06
2026.06.04 14:48:13,6852,XAUUSD,buy,in,0.01,4502.46,6873,-0.04,0.00,0.00,1 627.31,
2026.06.04 14:48:48,6853,XAUUSD,sell,out,0.01,4502.76,6874,-0.04,0.00,0.30,1 627.57,sl 4502.91
2026.06.04 15:45:17,6854,XAUUSD,buy,in,0.01,4502.91,6875,-0.04,0.00,0.00,1 627.53,
2026.06.04 15:50:23,6855,XAUUSD,sell,out,0.01,4505.32,6876,-0.04,0.00,2.41,1 629.90,sl 4505.34
2026.06.04 16:09:32,6856,XAUUSD,buy,in,0.01,4504.16,6877,-0.04,0.00,0.00,1 629.86,
2026.06.04 16:10:24,6857,XAUUSD,sell,out,0.01,4504.60,6878,-0.04,0.00,0.44,1 630.26,sl 4504.85
2026.06.04 16:33:37,6858,XAUUSD,buy,in,0.01,4505.61,6879,-0.04,0.00,0.00,1 630.22,
2026.06.04 16:34:02,6859,XAUUSD,sell,out,0.01,4505.68,6880,-0.04,0.00,0.07,1 630.25,sl 4505.72
2026.06.05 04:42:08,6860,XAUUSD,sell,in,0.01,4446.82,6881,-0.04,0.00,0.00,1 630.21,
2026.06.05 04:45:00,6861,XAUUSD,buy,out,0.01,4446.35,6882,-0.04,0.00,0.47,1 630.64,sl 4446.32
2026.06.05 05:06:44,6862,XAUUSD,sell,in,0.01,4446.85,6883,-0.04,0.00,0.00,1 630.60,
2026.06.05 05:06:49,6863,XAUUSD,buy,out,0.01,4446.88,6884,-0.04,0.00,-0.03,1 630.53,sl 4446.73
2026.06.05 05:30:50,6864,XAUUSD,sell,in,0.01,4445.63,6885,-0.04,0.00,0.00,1 630.49,
2026.06.05 05:31:01,6865,XAUUSD,buy,out,0.01,4445.35,6886,-0.04,0.00,0.28,1 630.73,sl 4445.31
2026.06.05 05:54:57,6866,XAUUSD,sell,in,0.01,4443.64,6887,-0.04,0.00,0.00,1 630.69,
2026.06.05 05:55:37,6867,XAUUSD,buy,out,0.01,4441.87,6888,-0.04,0.00,1.77,1 632.42,sl 4441.77
2026.06.05 06:18:59,6868,XAUUSD,sell,in,0.01,4438.56,6889,-0.04,0.00,0.00,1 632.38,
2026.06.05 06:20:51,6869,XAUUSD,buy,out,0.01,4438.51,6890,-0.04,0.00,0.05,1 632.39,sl 4438.50
2026.06.05 06:42:58,6870,XAUUSD,sell,in,0.01,4442.32,6891,-0.04,0.00,0.00,1 632.35,
2026.06.05 06:44:18,6871,XAUUSD,buy,out,0.01,4441.56,6892,-0.04,0.00,0.76,1 633.07,sl 4441.50
2026.06.05 07:07:00,6872,XAUUSD,sell,in,0.01,4443.34,6893,-0.04,0.00,0.00,1 633.03,
2026.06.05 07:07:36,6873,XAUUSD,buy,out,0.01,4443.25,6894,-0.04,0.00,0.09,1 633.08,sl 4443.24
2026.06.05 07:31:01,6874,XAUUSD,sell,in,0.01,4437.90,6895,-0.04,0.00,0.00,1 633.04,
2026.06.05 08:20:06,6875,XAUUSD,buy,in,0.15,4445.89,6896,-0.53,0.00,0.00,1 632.51,
2026.06.05 08:37:15,6876,XAUUSD,sell,out,0.15,4447.24,6897,-0.53,0.00,20.25,1 652.23,sl 4447.29
2026.06.05 09:02:51,6877,XAUUSD,buy,out,0.01,4437.77,6898,-0.04,0.00,0.13,1 652.32,sl 4437.75
2026.06.05 15:36:44,6878,XAUUSD,sell,in,0.01,4439.89,6899,-0.04,0.00,0.00,1 652.28,
2026.06.05 15:50:34,6879,XAUUSD,buy,out,0.01,4436.26,6900,-0.04,0.00,3.63,1 655.87,sl 4436.14
2026.06.05 16:00:57,6880,XAUUSD,sell,in,0.01,4405.26,6901,-0.04,0.00,0.00,1 655.83,
2026.06.05 16:29:42,6881,XAUUSD,buy,out,0.01,4405.30,6902,-0.04,0.00,-0.04,1 655.75,sl 4405.23
2026.06.05 16:29:52,6882,XAUUSD,sell,in,0.01,4405.10,6903,-0.04,0.00,0.00,1 655.71,
2026.06.05 16:31:21,6883,XAUUSD,buy,out,0.01,4399.22,6904,-0.04,0.00,5.88,1 661.55,sl 4399.22
2026.06.05 16:53:53,6884,XAUUSD,sell,in,0.01,4384.47,6905,-0.04,0.00,0.00,1 661.51,
2026.06.05 16:54:28,6885,XAUUSD,buy,out,0.01,4383.59,6906,-0.04,0.00,0.88,1 662.35,sl 4383.51
2026.06.05 17:18:06,6886,XAUUSD,sell,in,0.01,4365.87,6907,-0.04,0.00,0.00,1 662.31,
2026.06.05 17:21:40,6887,XAUUSD,buy,out,0.01,4365.92,6908,-0.04,0.00,-0.05,1 662.22,sl 4365.84
2026.06.05 17:42:10,6888,XAUUSD,sell,in,0.01,4348.25,6909,-0.04,0.00,0.00,1 662.18,
2026.06.05 17:42:18,6889,XAUUSD,buy,out,0.01,4348.20,6910,-0.04,0.00,0.05,1 662.19,sl 4348.20
2026.06.05 18:06:17,6890,XAUUSD,sell,in,0.01,4368.40,6911,-0.04,0.00,0.00,1 662.15,
2026.06.05 18:07:21,6891,XAUUSD,buy,out,0.01,4365.80,6912,-0.04,0.00,2.60,1 664.71,sl 4365.77
2026.06.05 18:30:23,6892,XAUUSD,sell,in,0.01,4353.37,6913,-0.04,0.00,0.00,1 664.67,
2026.06.05 18:31:49,6893,XAUUSD,buy,out,0.01,4350.66,6914,-0.04,0.00,2.71,1 667.34,sl 4350.66
2026.06.05 18:54:27,6894,XAUUSD,sell,in,0.01,4341.96,6915,-0.04,0.00,0.00,1 667.30,
2026.06.05 18:55:11,6895,XAUUSD,buy,out,0.01,4341.22,6916,-0.04,0.00,0.74,1 668.00,sl 4341.10
2026.06.05 19:18:32,6896,XAUUSD,sell,in,0.01,4327.32,6917,-0.04,0.00,0.00,1 667.96,
2026.06.05 19:18:52,6897,XAUUSD,buy,out,0.01,4327.32,6918,-0.04,0.00,0.00,1 667.92,sl 4327.29
2026.06.05 19:42:32,6898,XAUUSD,sell,in,0.01,4327.98,6919,-0.04,0.00,0.00,1 667.88,
2026.06.05 19:42:57,6899,XAUUSD,buy,out,0.01,4327.83,6920,-0.04,0.00,0.15,1 667.99,sl 4327.75
2026.06.05 20:06:37,6900,XAUUSD,sell,in,0.01,4340.20,6921,-0.04,0.00,0.00,1 667.95,
2026.06.05 20:07:34,6901,XAUUSD,buy,out,0.01,4340.24,6922,-0.04,0.00,-0.04,1 667.87,sl 4340.14
2026.06.05 20:30:38,6902,XAUUSD,sell,in,0.01,4342.48,6923,-0.04,0.00,0.00,1 667.83,
2026.06.05 20:31:22,6903,XAUUSD,buy,out,0.01,4342.51,6924,-0.04,0.00,-0.03,1 667.76,sl 4342.47
2026.06.05 20:54:45,6904,XAUUSD,sell,in,0.01,4343.07,6925,-0.04,0.00,0.00,1 667.72,
2026.06.05 20:56:24,6905,XAUUSD,buy,out,0.01,4342.82,6926,-0.04,0.00,0.25,1 667.93,sl 4342.81
2026.06.05 21:18:44,6906,XAUUSD,sell,in,0.01,4324.26,6927,-0.04,0.00,0.00,1 667.89,
2026.06.05 21:26:48,6907,XAUUSD,buy,out,0.01,4323.68,6928,-0.04,0.00,0.58,1 668.43,sl 4323.65
2026.06.05 21:42:48,6908,XAUUSD,sell,in,0.01,4318.05,6929,-0.04,0.00,0.00,1 668.39,
2026.06.05 21:44:04,6909,XAUUSD,buy,out,0.01,4316.85,6930,-0.04,0.00,1.20,1 669.55,sl 4316.79
2026.06.05 22:06:56,6910,XAUUSD,sell,in,0.01,4320.57,6931,-0.04,0.00,0.00,1 669.51,
2026.06.05 22:07:20,6911,XAUUSD,buy,out,0.01,4320.49,6932,-0.04,0.00,0.08,1 669.55,sl 4320.47
2026.06.05 22:30:58,6912,XAUUSD,sell,in,0.01,4322.36,6933,-0.04,0.00,0.00,1 669.51,
2026.06.05 22:31:29,6913,XAUUSD,buy,out,0.01,4321.42,6934,-0.04,0.00,0.94,1 670.41,sl 4321.40
2026.06.05 22:55:06,6914,XAUUSD,sell,in,0.01,4318.15,6935,-0.04,0.00,0.00,1 670.37,
2026.06.05 22:58:11,6915,XAUUSD,buy,out,0.01,4318.14,6936,-0.04,0.00,0.01,1 670.34,sl 4318.14
2026.06.05 23:19:06,6916,XAUUSD,sell,in,0.01,4315.42,6937,-0.04,0.00,0.00,1 670.30,
2026.06.05 23:19:27,6917,XAUUSD,buy,out,0.01,4315.30,6938,-0.04,0.00,0.12,1 670.38,sl 4315.18
2026.06.05 23:43:11,6918,XAUUSD,sell,in,0.01,4322.26,6939,-0.04,0.00,0.00,1 670.34,
2026.06.08 01:02:47,6919,XAUUSD,buy,out,0.01,4312.46,6940,-0.04,0.45,9.80,1 680.55,sl 4312.45
2026.06.09 16:54:40,6920,XAUUSD,sell,in,0.01,4334.31,6941,-0.04,0.00,0.00,1 680.51,
2026.06.09 16:55:09,6921,XAUUSD,buy,out,0.01,4334.16,6942,-0.04,0.00,0.15,1 680.62,sl 4334.16
2026.06.09 17:18:41,6922,XAUUSD,sell,in,0.01,4310.21,6943,-0.04,0.00,0.00,1 680.58,
2026.06.09 17:19:01,6923,XAUUSD,buy,out,0.01,4307.39,6944,-0.04,0.00,2.82,1 683.36,sl 4307.38
2026.06.09 17:42:42,6924,XAUUSD,sell,in,0.01,4300.84,6945,-0.04,0.00,0.00,1 683.32,
2026.06.09 17:43:29,6925,XAUUSD,buy,out,0.01,4299.37,6946,-0.04,0.00,1.47,1 684.75,sl 4299.17
2026.06.09 18:06:43,6926,XAUUSD,sell,in,0.01,4295.92,6947,-0.04,0.00,0.00,1 684.71,
2026.06.09 18:07:20,6927,XAUUSD,buy,out,0.01,4292.83,6948,-0.04,0.00,3.09,1 687.76,sl 4292.79
2026.06.09 18:30:45,6928,XAUUSD,sell,in,0.01,4279.22,6949,-0.04,0.00,0.00,1 687.72,
2026.06.09 18:31:16,6929,XAUUSD,buy,out,0.01,4276.79,6950,-0.04,0.00,2.43,1 690.11,sl 4276.78
2026.06.09 18:54:48,6930,XAUUSD,sell,in,0.01,4280.41,6951,-0.04,0.00,0.00,1 690.07,
2026.06.09 18:57:20,6931,XAUUSD,buy,out,0.01,4276.03,6952,-0.04,0.00,4.38,1 694.41,sl 4275.85
2026.06.09 19:18:47,6932,XAUUSD,sell,in,0.01,4262.58,6953,-0.04,0.00,0.00,1 694.37,
2026.06.09 19:19:34,6933,XAUUSD,buy,out,0.01,4256.14,6954,-0.04,0.00,6.44,1 700.77,sl 4256.10
2026.06.09 19:42:50,6934,XAUUSD,sell,in,0.01,4242.37,6955,-0.04,0.00,0.00,1 700.73,
2026.06.09 19:43:03,6935,XAUUSD,buy,out,0.01,4242.35,6956,-0.04,0.00,0.02,1 700.71,sl 4242.34
2026.06.09 20:06:56,6936,XAUUSD,sell,in,0.01,4259.44,6957,-0.04,0.00,0.00,1 700.67,
2026.06.09 20:07:00,6937,XAUUSD,buy,out,0.01,4259.62,6958,-0.04,0.00,-0.18,1 700.45,sl 4259.41
2026.06.09 20:31:00,6938,XAUUSD,sell,in,0.01,4261.80,6959,-0.04,0.00,0.00,1 700.41,
2026.06.09 20:31:15,6939,XAUUSD,buy,out,0.01,4261.79,6960,-0.04,0.00,0.01,1 700.38,sl 4261.79
2026.06.09 20:55:10,6940,XAUUSD,sell,in,0.01,4259.85,6961,-0.04,0.00,0.00,1 700.34,
2026.06.09 22:14:46,6941,XAUUSD,buy,out,0.01,4259.09,6962,-0.04,0.00,0.76,1 701.06,sl 4259.06
2026.06.09 22:14:56,6942,XAUUSD,sell,in,0.01,4259.07,6963,-0.04,0.00,0.00,1 701.02,
2026.06.09 22:16:08,6943,XAUUSD,buy,out,0.01,4257.02,6964,-0.04,0.00,2.05,1 703.03,sl 4257.00
2026.06.09 22:39:00,6944,XAUUSD,sell,in,0.01,4255.08,6965,-0.04,0.00,0.00,1 702.99,
2026.06.09 22:39:56,6945,XAUUSD,buy,out,0.01,4254.00,6966,-0.04,0.00,1.08,1 704.03,sl 4253.95
2026.06.09 23:03:00,6946,XAUUSD,sell,in,0.01,4256.69,6967,-0.04,0.00,0.00,1 703.99,
2026.06.10 01:02:20,6947,XAUUSD,buy,out,0.01,4254.70,6968,-0.04,0.45,1.99,1 706.39,sl 4254.29
2026.06.10 01:02:22,6948,XAUUSD,sell,in,0.01,4254.94,6969,-0.04,0.00,0.00,1 706.35,
2026.06.10 01:03:11,6949,XAUUSD,buy,out,0.01,4254.55,6970,-0.04,0.00,0.39,1 706.70,sl 4254.40
2026.06.10 01:26:30,6950,XAUUSD,sell,in,0.01,4253.54,6971,-0.04,0.00,0.00,1 706.66,
2026.06.10 01:36:04,6951,XAUUSD,buy,out,0.01,4253.44,6972,-0.04,0.00,0.10,1 706.72,sl 4253.43
2026.06.10 01:50:38,6952,XAUUSD,sell,in,0.01,4239.85,6973,-0.04,0.00,0.00,1 706.68,
2026.06.10 01:52:42,6953,XAUUSD,buy,out,0.01,4233.99,6974,-0.04,0.00,5.86,1 712.50,sl 4233.83
2026.06.10 02:14:42,6954,XAUUSD,sell,in,0.01,4237.84,6975,-0.04,0.00,0.00,1 712.46,
2026.06.10 02:15:40,6955,XAUUSD,buy,out,0.01,4233.30,6976,-0.04,0.00,4.54,1 716.96,sl 4233.20
2026.06.10 02:38:42,6956,XAUUSD,sell,in,0.01,4222.27,6977,-0.04,0.00,0.00,1 716.92,
2026.06.10 02:39:21,6957,XAUUSD,buy,out,0.01,4222.15,6978,-0.04,0.00,0.12,1 717.00,sl 4222.15
2026.06.10 03:02:50,6958,XAUUSD,sell,in,0.01,4222.72,6979,-0.04,0.00,0.00,1 716.96,
2026.06.10 03:03:03,6959,XAUUSD,buy,out,0.01,4222.20,6980,-0.04,0.00,0.52,1 717.44,sl 4222.18
2026.06.10 03:27:04,6960,XAUUSD,sell,in,0.01,4221.26,6981,-0.04,0.00,0.00,1 717.40,
2026.06.10 03:27:25,6961,XAUUSD,buy,out,0.01,4220.85,6982,-0.04,0.00,0.41,1 717.77,sl 4220.83
2026.06.10 03:51:05,6962,XAUUSD,sell,in,0.01,4201.14,6983,-0.04,0.00,0.00,1 717.73,
2026.06.10 04:04:02,6963,XAUUSD,buy,out,0.01,4198.54,6984,-0.04,0.00,2.60,1 720.29,sl 4198.35
2026.06.10 04:15:08,6964,XAUUSD,sell,in,0.01,4202.41,6985,-0.04,0.00,0.00,1 720.25,
2026.06.10 04:15:20,6965,XAUUSD,buy,out,0.01,4202.37,6986,-0.04,0.00,0.04,1 720.25,sl 4202.31
2026.06.10 04:39:14,6966,XAUUSD,sell,in,0.01,4205.10,6987,-0.04,0.00,0.00,1 720.21,
2026.06.10 04:39:43,6967,XAUUSD,buy,out,0.01,4203.21,6988,-0.04,0.00,1.89,1 722.06,sl 4203.13
2026.06.10 05:03:18,6968,XAUUSD,sell,in,0.01,4188.82,6989,-0.04,0.00,0.00,1 722.02,
2026.06.10 05:04:03,6969,XAUUSD,buy,out,0.01,4185.91,6990,-0.04,0.00,2.91,1 724.89,sl 4185.85
2026.06.10 05:27:18,6970,XAUUSD,sell,in,0.01,4180.03,6991,-0.04,0.00,0.00,1 724.85,
2026.06.10 05:32:41,6971,XAUUSD,buy,out,0.01,4179.69,6992,-0.04,0.00,0.34,1 725.15,sl 4179.67
2026.06.10 05:51:17,6972,XAUUSD,sell,in,0.01,4180.38,6993,-0.04,0.00,0.00,1 725.11,
2026.06.10 05:51:44,6973,XAUUSD,buy,out,0.01,4178.05,6994,-0.04,0.00,2.33,1 727.40,sl 4177.80
2026.06.10 06:15:17,6974,XAUUSD,sell,in,0.01,4177.15,6995,-0.04,0.00,0.00,1 727.36,
2026.06.10 06:19:27,6975,XAUUSD,buy,out,0.01,4177.13,6996,-0.04,0.00,0.02,1 727.34,sl 4177.01
2026.06.10 06:39:23,6976,XAUUSD,sell,in,0.01,4181.64,6997,-0.04,0.00,0.00,1 727.30,
2026.06.10 06:40:16,6977,XAUUSD,buy,out,0.01,4180.89,6998,-0.04,0.00,0.75,1 728.01,sl 4180.88
2026.06.10 07:03:24,6978,XAUUSD,sell,in,0.01,4185.91,6999,-0.04,0.00,0.00,1 727.97,
2026.06.10 07:06:28,6979,XAUUSD,buy,out,0.01,4186.04,7000,-0.04,0.00,-0.13,1 727.80,sl 4185.81
2026.06.10 07:27:25,6980,XAUUSD,sell,in,0.01,4179.81,7001,-0.04,0.00,0.00,1 727.76,
2026.06.10 07:28:30,6981,XAUUSD,buy,out,0.01,4176.88,7002,-0.04,0.00,2.93,1 730.65,sl 4176.78
2026.06.10 07:51:24,6982,XAUUSD,sell,in,0.01,4174.46,7003,-0.04,0.00,0.00,1 730.61,
2026.06.10 07:52:00,6983,XAUUSD,buy,out,0.01,4174.42,7004,-0.04,0.00,0.04,1 730.61,sl 4174.42
2026.06.10 08:15:29,6984,XAUUSD,sell,in,0.01,4179.06,7005,-0.04,0.00,0.00,1 730.57,
2026.06.10 08:17:15,6985,XAUUSD,buy,out,0.01,4177.73,7006,-0.04,0.00,1.33,1 731.86,sl 4177.68
2026.06.10 08:39:38,6986,XAUUSD,sell,in,0.01,4192.68,7007,-0.04,0.00,0.00,1 731.82,
2026.06.10 10:32:31,6987,XAUUSD,buy,out,0.01,4192.59,7008,-0.04,0.00,0.09,1 731.87,sl 4192.56
2026.06.10 10:32:36,6988,XAUUSD,sell,in,0.01,4192.86,7009,-0.04,0.00,0.00,1 731.83,
2026.06.10 10:40:05,6989,XAUUSD,buy,out,0.01,4190.78,7010,-0.04,0.00,2.08,1 733.87,sl 4190.77
2026.06.10 10:56:36,6990,XAUUSD,sell,in,0.01,4184.79,7011,-0.04,0.00,0.00,1 733.83,
2026.06.10 10:57:16,6991,XAUUSD,buy,out,0.01,4184.81,7012,-0.04,0.00,-0.02,1 733.77,sl 4184.78
2026.06.10 11:20:39,6992,XAUUSD,sell,in,0.01,4173.13,7013,-0.04,0.00,0.00,1 733.73,
2026.06.10 11:21:09,6993,XAUUSD,buy,out,0.01,4171.76,7014,-0.04,0.00,1.37,1 735.06,sl 4171.76
2026.06.10 11:44:39,6994,XAUUSD,sell,in,0.01,4172.99,7015,-0.04,0.00,0.00,1 735.02,
2026.06.10 11:44:56,6995,XAUUSD,buy,out,0.01,4170.74,7016,-0.04,0.00,2.25,1 737.23,sl 4170.70
2026.06.11 22:30:23,6996,XAUUSD,buy,in,0.01,4203.05,7017,-0.04,0.00,0.00,1 737.19,
2026.06.11 22:30:58,6997,XAUUSD,sell,out,0.01,4209.79,7018,-0.04,0.00,6.74,1 743.89,sl 4209.81
2026.06.11 22:54:25,6998,XAUUSD,buy,in,0.01,4213.97,7019,-0.04,0.00,0.00,1 743.85,
2026.06.11 22:55:00,6999,XAUUSD,sell,out,0.01,4214.26,7020,-0.04,0.00,0.29,1 744.10,sl 4214.32
2026.06.11 23:18:36,7000,XAUUSD,buy,in,0.01,4213.01,7021,-0.04,0.00,0.00,1 744.06,
2026.06.11 23:19:31,7001,XAUUSD,sell,out,0.01,4213.40,7022,-0.04,0.00,0.39,1 744.41,sl 4213.82
2026.06.11 23:42:42,7002,XAUUSD,buy,in,0.01,4211.51,7023,-0.04,0.00,0.00,1 744.37,
2026.06.11 23:50:53,7003,XAUUSD,sell,out,0.01,4211.94,7024,-0.04,0.00,0.43,1 744.76,sl 4211.99
2026.06.12 01:02:04,7004,XAUUSD,buy,in,0.01,4211.96,7025,-0.04,0.00,0.00,1 744.72,
2026.06.12 01:02:10,7005,XAUUSD,sell,out,0.01,4212.01,7026,-0.04,0.00,0.05,1 744.73,sl 4212.01
2026.06.12 01:26:16,7006,XAUUSD,buy,in,0.01,4208.66,7027,-0.04,0.00,0.00,1 744.69,
2026.06.12 01:26:36,7007,XAUUSD,sell,out,0.01,4208.74,7028,-0.04,0.00,0.08,1 744.73,sl 4208.75
2026.06.12 01:50:23,7008,XAUUSD,buy,in,0.01,4232.11,7029,-0.04,0.00,0.00,1 744.69,
2026.06.12 01:50:38,7009,XAUUSD,sell,out,0.01,4232.04,7030,-0.04,0.00,-0.07,1 744.58,sl 4232.14
2026.06.12 02:14:23,7010,XAUUSD,buy,in,0.01,4223.45,7031,-0.04,0.00,0.00,1 744.54,
2026.06.12 02:14:59,7011,XAUUSD,sell,out,0.01,4223.62,7032,-0.04,0.00,0.17,1 744.67,sl 4223.66
2026.06.12 02:38:22,7012,XAUUSD,buy,in,0.01,4218.43,7033,-0.04,0.00,0.00,1 744.63,
2026.06.12 02:38:55,7013,XAUUSD,sell,out,0.01,4218.93,7034,-0.04,0.00,0.50,1 745.09,sl 4219.07
2026.06.12 03:02:23,7014,XAUUSD,buy,in,0.01,4217.46,7035,-0.04,0.00,0.00,1 745.05,
2026.06.12 03:02:49,7015,XAUUSD,sell,out,0.01,4219.08,7036,-0.04,0.00,1.62,1 746.63,sl 4219.17
2026.06.12 03:26:23,7016,XAUUSD,buy,in,0.01,4227.94,7037,-0.04,0.00,0.00,1 746.59,
2026.06.12 03:26:37,7017,XAUUSD,sell,out,0.01,4228.64,7038,-0.04,0.00,0.70,1 747.25,sl 4228.98
2026.06.12 03:52:59,7018,XAUUSD,buy,in,0.01,4205.08,7039,-0.04,0.00,0.00,1 747.21,
2026.06.12 03:59:07,7019,XAUUSD,sell,out,0.01,4205.39,7040,-0.04,0.00,0.31,1 747.48,sl 4205.64
2026.06.12 11:17:45,7020,XAUUSD,buy,in,0.01,4209.96,7041,-0.04,0.00,0.00,1 747.44,
2026.06.12 11:18:01,7021,XAUUSD,sell,out,0.01,4210.13,7042,-0.04,0.00,0.17,1 747.57,sl 4210.17
2026.06.12 11:41:52,7022,XAUUSD,buy,in,0.01,4213.43,7043,-0.04,0.00,0.00,1 747.53,
2026.06.12 11:42:48,7023,XAUUSD,sell,out,0.01,4217.77,7044,-0.04,0.00,4.34,1 751.83,sl 4217.80
2026.06.12 12:05:59,7024,XAUUSD,buy,in,0.01,4222.88,7045,-0.04,0.00,0.00,1 751.79,
2026.06.12 12:06:33,7025,XAUUSD,sell,out,0.01,4223.42,7046,-0.04,0.00,0.54,1 752.29,sl 4223.49
2026.06.12 12:29:58,7026,XAUUSD,buy,in,0.01,4221.11,7047,-0.04,0.00,0.00,1 752.25,
2026.06.12 12:31:02,7027,XAUUSD,sell,out,0.01,4222.56,7048,-0.04,0.00,1.45,1 753.66,sl 4222.63
2026.06.12 12:54:06,7028,XAUUSD,buy,in,0.01,4224.31,7049,-0.04,0.00,0.00,1 753.62,
2026.06.12 12:55:58,7029,XAUUSD,sell,out,0.01,4224.31,7050,-0.04,0.00,0.00,1 753.58,sl 4224.33
2026.06.12 13:18:11,7030,XAUUSD,buy,in,0.01,4217.55,7051,-0.04,0.00,0.00,1 753.54,
2026.06.12 13:33:00,7031,XAUUSD,sell,out,0.01,4217.62,7052,-0.04,0.00,0.07,1 753.57,sl 4217.65
2026.06.12 13:42:11,7032,XAUUSD,buy,in,0.01,4214.86,7053,-0.04,0.00,0.00,1 753.53,
2026.06.12 13:43:37,7033,XAUUSD,sell,out,0.01,4215.79,7054,-0.04,0.00,0.93,1 754.42,sl 4215.87
2026.06.12 14:46:12,7034,XAUUSD,buy,in,0.01,4211.45,7055,-0.04,0.00,0.00,1 754.38,
2026.06.12 14:54:10,7035,XAUUSD,sell,out,0.01,4212.95,7056,-0.04,0.00,1.50,1 755.84,sl 4213.05
2026.06.12 15:12:32,7036,XAUUSD,buy,in,0.01,4212.69,7057,-0.04,0.00,0.00,1 755.80,
2026.06.12 15:15:20,7037,XAUUSD,sell,out,0.01,4214.67,7058,-0.04,0.00,1.98,1 757.74,sl 4214.79
2026.06.12 18:11:02,7038,XAUUSD,buy,in,0.01,4212.55,7059,-0.04,0.00,0.00,1 757.70,
2026.06.12 18:14:05,7039,XAUUSD,sell,out,0.01,4212.54,7060,-0.04,0.00,-0.01,1 757.65,sl 4212.58
2026.06.12 18:35:09,7040,XAUUSD,buy,in,0.01,4220.34,7061,-0.04,0.00,0.00,1 757.61,
2026.06.12 18:36:02,7041,XAUUSD,sell,out,0.01,4223.98,7062,-0.04,0.00,3.64,1 761.21,sl 4224.04
2026.06.12 18:59:10,7042,XAUUSD,buy,in,0.01,4213.14,7063,-0.04,0.00,0.00,1 761.17,
2026.06.12 19:00:16,7043,XAUUSD,sell,out,0.01,4213.14,7064,-0.04,0.00,0.00,1 761.13,sl 4213.18
2026.06.12 19:23:23,7044,XAUUSD,buy,in,0.01,4221.42,7065,-0.04,0.00,0.00,1 761.09,
2026.06.12 19:23:49,7045,XAUUSD,sell,out,0.01,4221.17,7066,-0.04,0.00,-0.25,1 760.80,sl 4221.54
2026.06.12 19:47:29,7046,XAUUSD,buy,in,0.01,4214.57,7067,-0.04,0.00,0.00,1 760.76,
2026.06.12 19:52:00,7047,XAUUSD,sell,out,0.01,4214.60,7068,-0.04,0.00,0.03,1 760.75,sl 4214.60
2026.06.12 20:11:37,7048,XAUUSD,buy,in,0.01,4219.51,7069,-0.04,0.00,0.00,1 760.71,
2026.06.12 20:21:21,7049,XAUUSD,sell,out,0.01,4222.21,7070,-0.04,0.00,2.70,1 763.37,sl 4222.60
2026.06.12 20:35:53,7050,XAUUSD,buy,in,0.01,4220.45,7071,-0.04,0.00,0.00,1 763.33,
2026.06.12 20:43:07,7051,XAUUSD,sell,out,0.01,4222.95,7072,-0.04,0.00,2.50,1 765.79,sl 4222.95
2026.06.12 20:59:55,7052,XAUUSD,buy,in,0.01,4221.54,7073,-0.04,0.00,0.00,1 765.75,
2026.06.12 21:00:27,7053,XAUUSD,sell,out,0.01,4222.07,7074,-0.04,0.00,0.53,1 766.24,sl 4222.09
2026.06.12 21:24:00,7054,XAUUSD,buy,in,0.01,4230.29,7075,-0.04,0.00,0.00,1 766.20,
2026.06.12 21:24:12,7055,XAUUSD,sell,out,0.01,4230.30,7076,-0.04,0.00,0.01,1 766.17,sl 4230.36
2026.06.12 21:48:07,7056,XAUUSD,buy,in,0.01,4225.32,7077,-0.04,0.00,0.00,1 766.13,
2026.06.12 22:37:09,7057,XAUUSD,sell,in,0.15,4206.46,7078,-0.53,0.00,0.00,1 765.60,
2026.06.12 22:38:16,7058,XAUUSD,buy,out,0.15,4205.95,7079,-0.53,0.00,7.65,1 772.72,sl 4205.91
2026.06.15 01:03:05,7059,XAUUSD,sell,out,0.01,4285.33,7080,-0.04,-0.52,60.01,1 832.17,sl 4286.58
