Time,Deal,Symbol,Type,Direction,Volume,Price,Order,Commission,Swap,Profit,Balance,Comment
2023.01.01 00:00:00,1,,balance,,,,,0.00,0.00,3 000.00,3 000.00,
2023.01.03 09:26:10,2,XAUUSD,buy,in,0.02,1846.84,2,-0.07,0.00,0.00,2 999.93,
2023.01.03 09:29:40,3,XAUUSD,sell,out,0.02,1847.06,3,-0.07,0.00,0.44,3 000.30,sl 1847.09
2023.01.03 09:53:41,4,XAUUSD,buy,in,0.02,1846.93,4,-0.07,0.00,0.00,3 000.23,
2023.01.03 10:00:28,5,XAUUSD,sell,out,0.02,1847.51,5,-0.07,0.00,1.16,3 001.32,sl 1847.51
2023.01.04 09:38:42,6,XAUUSD,buy,in,0.02,1857.87,6,-0.07,0.00,0.00,3 001.25,
2023.01.04 09:45:19,7,XAUUSD,sell,out,0.02,1857.96,7,-0.07,0.00,0.18,3 001.36,sl 1858.01
2023.01.04 10:02:46,8,XAUUSD,buy,in,0.02,1859.83,8,-0.07,0.00,0.00,3 001.29,
2023.01.04 10:16:56,9,XAUUSD,sell,out,0.02,1861.94,9,-0.07,0.00,4.22,3 005.44,sl 1861.95
2023.01.04 10:26:46,10,XAUUSD,buy,in,0.02,1862.90,10,-0.07,0.00,0.00,3 005.37,
2023.01.04 10:31:33,11,XAUUSD,sell,out,0.02,1864.58,11,-0.07,0.00,3.36,3 008.66,sl 1864.59
2023.01.04 10:50:51,12,XAUUSD,buy,in,0.02,1859.81,12,-0.07,0.00,0.00,3 008.59,
2023.01.04 10:54:53,13,XAUUSD,sell,out,0.02,1860.62,13,-0.07,0.00,1.62,3 010.14,sl 1860.62
2023.01.04 11:14:57,14,XAUUSD,buy,in,0.02,1860.25,14,-0.07,0.00,0.00,3 010.07,
2023.01.04 11:17:03,15,XAUUSD,sell,out,0.02,1860.50,15,-0.07,0.00,0.50,3 010.50,sl 1860.50
2023.01.04 11:39:02,16,XAUUSD,buy,in,0.02,1861.08,16,-0.07,0.00,0.00,3 010.43,
2023.01.04 11:54:15,17,XAUUSD,sell,out,0.02,1861.09,17,-0.07,0.00,0.02,3 010.38,sl 1861.10
2023.01.04 12:03:05,18,XAUUSD,buy,in,0.02,1860.74,18,-0.07,0.00,0.00,3 010.31,
2023.01.04 12:04:37,19,XAUUSD,sell,out,0.02,1860.74,19,-0.07,0.00,0.00,3 010.24,sl 1860.76
2023.01.04 13:14:39,20,XAUUSD,buy,in,0.02,1862.02,20,-0.07,0.00,0.00,3 010.17,
2023.01.04 13:16:37,21,XAUUSD,sell,out,0.02,1862.31,21,-0.07,0.00,0.58,3 010.68,sl 1862.33
2023.01.09 03:45:46,22,XAUUSD,buy,in,0.02,1874.27,22,-0.07,0.00,0.00,3 010.61,
2023.01.09 03:53:28,23,XAUUSD,sell,out,0.02,1874.79,23,-0.07,0.00,1.04,3 011.58,sl 1874.80
2023.01.09 04:13:14,24,XAUUSD,buy,in,0.02,1875.36,24,-0.07,0.00,0.00,3 011.51,
2023.01.09 04:17:15,25,XAUUSD,sell,out,0.02,1876.24,25,-0.07,0.00,1.76,3 013.20,sl 1876.24
2023.01.09 04:37:27,26,XAUUSD,buy,in,0.02,1878.34,26,-0.07,0.00,0.00,3 013.13,
2023.01.09 04:42:35,27,XAUUSD,sell,out,0.02,1878.49,27,-0.07,0.00,0.30,3 013.36,sl 1878.49
2023.01.09 05:01:33,28,XAUUSD,buy,in,0.02,1879.11,28,-0.07,0.00,0.00,3 013.29,
2023.01.09 06:39:38,29,XAUUSD,sell,in,0.02,1877.72,29,-0.07,0.00,0.00,3 013.22,
2023.01.09 07:07:39,30,XAUUSD,buy,out,0.02,1875.40,30,-0.07,0.00,4.64,3 017.79,sl 1875.39
2023.01.09 08:18:40,31,XAUUSD,sell,out,0.02,1879.46,31,-0.07,0.00,0.70,3 018.42,sl 1879.48
2023.01.13 17:47:08,32,XAUUSD,buy,in,0.02,1916.27,32,-0.07,0.00,0.00,3 018.35,
2023.01.13 19:25:14,33,XAUUSD,sell,in,0.02,1915.42,33,-0.07,0.00,0.00,3 018.28,
2023.01.13 19:34:19,34,XAUUSD,sell,out,0.02,1916.44,34,-0.07,0.00,0.34,3 018.55,sl 1916.47
2023.01.16 08:34:28,35,XAUUSD,buy,out,0.02,1915.46,35,-0.07,0.81,-0.08,3 019.21,sl 1915.40
2023.02.02 01:13:49,36,XAUUSD,buy,in,0.02,1955.93,36,-0.07,0.00,0.00,3 019.14,
2023.02.02 02:51:52,37,XAUUSD,sell,in,0.02,1953.54,37,-0.07,0.00,0.00,3 019.07,
2023.02.02 02:53:57,38,XAUUSD,buy,out,0.02,1953.29,38,-0.07,0.00,0.50,3 019.50,sl 1953.19
2023.02.02 03:11:48,39,XAUUSD,sell,out,0.02,1956.61,39,-0.07,0.00,1.36,3 020.79,sl 1956.63
2023.02.03 15:33:58,40,XAUUSD,sell,in,0.02,1898.09,40,-0.07,0.00,0.00,3 020.72,
2023.02.03 15:34:26,41,XAUUSD,buy,out,0.02,1897.07,41,-0.07,0.00,2.04,3 022.69,sl 1897.04
2023.02.03 15:58:04,42,XAUUSD,sell,in,0.02,1885.57,42,-0.07,0.00,0.00,3 022.62,
2023.02.03 15:59:05,43,XAUUSD,buy,out,0.02,1884.90,43,-0.07,0.00,1.34,3 023.89,sl 1884.86
2023.02.03 16:22:03,44,XAUUSD,sell,in,0.02,1878.96,44,-0.07,0.00,0.00,3 023.82,
2023.02.03 17:00:17,45,XAUUSD,buy,out,0.02,1879.11,45,-0.07,0.00,-0.30,3 023.45,sl 1878.71
2023.02.03 17:00:18,46,XAUUSD,sell,in,0.02,1878.43,46,-0.07,0.00,0.00,3 023.38,
2023.02.03 17:01:15,47,XAUUSD,buy,out,0.02,1876.40,47,-0.07,0.00,4.06,3 027.37,sl 1876.23
2023.02.03 17:24:21,48,XAUUSD,sell,in,0.02,1876.63,48,-0.07,0.00,0.00,3 027.30,
2023.02.03 17:24:58,49,XAUUSD,buy,out,0.02,1876.30,49,-0.07,0.00,0.66,3 027.89,sl 1876.23
2023.02.03 17:48:30,50,XAUUSD,sell,in,0.02,1875.93,50,-0.07,0.00,0.00,3 027.82,
2023.02.03 17:49:52,51,XAUUSD,buy,out,0.02,1875.90,51,-0.07,0.00,0.06,3 027.81,sl 1875.89
2023.02.03 18:12:36,52,XAUUSD,sell,in,0.02,1870.53,52,-0.07,0.00,0.00,3 027.74,
2023.02.03 18:13:36,53,XAUUSD,buy,out,0.02,1870.53,53,-0.07,0.00,0.00,3 027.67,sl 1870.51
2023.02.03 18:36:44,54,XAUUSD,sell,in,0.02,1866.88,54,-0.07,0.00,0.00,3 027.60,
2023.02.03 18:37:30,55,XAUUSD,buy,out,0.02,1866.71,55,-0.07,0.00,0.34,3 027.87,sl 1866.71
2023.02.03 19:00:51,56,XAUUSD,sell,in,0.02,1867.18,56,-0.07,0.00,0.00,3 027.80,
2023.02.03 19:03:00,57,XAUUSD,buy,out,0.02,1867.05,57,-0.07,0.00,0.26,3 027.99,sl 1867.05
2023.02.03 19:24:53,58,XAUUSD,sell,in,0.02,1862.87,58,-0.07,0.00,0.00,3 027.92,
2023.02.03 20:16:05,59,XAUUSD,buy,out,0.02,1862.13,59,-0.07,0.00,1.48,3 029.33,sl 1862.13
2023.02.03 20:16:05,60,XAUUSD,sell,in,0.02,1862.02,60,-0.07,0.00,0.00,3 029.26,
2023.02.03 21:54:06,61,XAUUSD,buy,in,0.02,1865.06,61,-0.07,0.00,0.00,3 029.19,
2023.02.03 21:56:18,62,XAUUSD,sell,out,0.02,1865.22,62,-0.07,0.00,0.32,3 029.44,sl 1865.22
2023.02.07 19:47:50,63,XAUUSD,buy,out,0.02,1883.61,63,-0.07,1.62,-43.18,2 987.81,
2023.03.07 17:52:21,64,XAUUSD,sell,in,0.02,1816.34,64,-0.07,0.00,0.00,2 987.74,
2023.03.07 17:52:51,65,XAUUSD,buy,out,0.02,1816.42,65,-0.07,0.00,-0.16,2 987.51,sl 1816.28
2023.03.07 20:51:13,66,XAUUSD,sell,in,0.02,1814.39,66,-0.07,0.00,0.00,2 987.44,
2023.03.07 20:51:47,67,XAUUSD,buy,out,0.02,1814.06,67,-0.07,0.00,0.66,2 988.03,sl 1814.04
2023.03.07 21:35:11,68,XAUUSD,sell,in,0.02,1813.60,68,-0.07,0.00,0.00,2 987.96,
2023.03.07 21:45:48,69,XAUUSD,buy,out,0.02,1813.59,69,-0.07,0.00,0.02,2 987.91,sl 1813.59
2023.03.10 16:38:16,70,XAUUSD,buy,in,0.02,1856.12,70,-0.07,0.00,0.00,2 987.84,
2023.03.10 16:39:28,71,XAUUSD,sell,out,0.02,1856.32,71,-0.07,0.00,0.40,2 988.17,sl 1856.42
2023.03.10 17:02:24,72,XAUUSD,buy,in,0.02,1860.86,72,-0.07,0.00,0.00,2 988.10,
2023.03.10 17:03:54,73,XAUUSD,sell,out,0.02,1861.40,73,-0.07,0.00,1.08,2 989.11,sl 1861.42
2023.03.10 17:26:25,74,XAUUSD,buy,in,0.02,1863.78,74,-0.07,0.00,0.00,2 989.04,
2023.03.10 17:27:20,75,XAUUSD,sell,out,0.02,1863.98,75,-0.07,0.00,0.40,2 989.37,sl 1864.00
2023.03.10 17:50:30,76,XAUUSD,buy,in,0.02,1866.39,76,-0.07,0.00,0.00,2 989.30,
2023.03.10 19:28:38,77,XAUUSD,sell,in,0.02,1861.91,77,-0.07,0.00,0.00,2 989.23,
2023.03.10 19:37:43,78,XAUUSD,buy,out,0.02,1861.74,78,-0.07,0.00,0.34,2 989.50,sl 1861.72
2023.03.10 22:41:03,79,XAUUSD,sell,out,0.02,1867.47,79,-0.07,0.00,2.16,2 991.59,sl 1867.47
2023.03.15 14:33:51,80,XAUUSD,buy,in,0.02,1918.64,80,-0.07,0.00,0.00,2 991.52,
2023.03.15 15:04:40,81,XAUUSD,sell,out,0.02,1922.95,81,-0.07,0.00,8.62,3 000.07,sl 1922.97
2023.03.15 15:04:53,82,XAUUSD,buy,in,0.02,1923.12,82,-0.07,0.00,0.00,3 000.00,
2023.03.15 15:08:37,83,XAUUSD,sell,out,0.02,1923.68,83,-0.07,0.00,1.12,3 001.05,sl 1923.86
2023.03.15 15:29:25,84,XAUUSD,buy,in,0.02,1919.67,84,-0.07,0.00,0.00,3 000.98,
2023.03.15 15:30:47,85,XAUUSD,sell,out,0.02,1924.28,85,-0.07,0.00,9.22,3 010.13,sl 1924.35
2023.03.15 15:53:32,86,XAUUSD,buy,in,0.02,1929.28,86,-0.07,0.00,0.00,3 010.06,
2023.03.15 16:14:53,87,XAUUSD,sell,out,0.02,1929.24,87,-0.07,0.00,-0.08,3 009.91,sl 1929.30
2023.03.15 16:17:36,88,XAUUSD,buy,in,0.02,1927.28,88,-0.07,0.00,0.00,3 009.84,
2023.03.15 16:19:13,89,XAUUSD,sell,out,0.02,1928.01,89,-0.07,0.00,1.46,3 011.23,sl 1928.06
2023.03.15 16:41:59,90,XAUUSD,buy,in,0.02,1920.87,90,-0.07,0.00,0.00,3 011.16,
2023.03.15 16:46:44,91,XAUUSD,sell,out,0.02,1921.92,91,-0.07,0.00,2.10,3 013.19,sl 1921.94
2023.03.15 17:05:59,92,XAUUSD,buy,in,0.02,1924.12,92,-0.07,0.00,0.00,3 013.12,
2023.03.15 17:16:38,93,XAUUSD,sell,out,0.02,1924.09,93,-0.07,0.00,-0.06,3 012.99,sl 1924.17
2023.03.15 17:32:00,94,XAUUSD,buy,in,0.02,1921.86,94,-0.07,0.00,0.00,3 012.92,
2023.03.15 17:32:55,95,XAUUSD,sell,out,0.02,1923.02,95,-0.07,0.00,2.32,3 015.17,sl 1923.07
2023.03.15 17:56:01,96,XAUUSD,buy,in,0.02,1924.79,96,-0.07,0.00,0.00,3 015.10,
2023.03.15 17:57:35,97,XAUUSD,sell,out,0.02,1924.90,97,-0.07,0.00,0.22,3 015.25,sl 1924.92
2023.03.15 18:20:06,98,XAUUSD,buy,in,0.02,1923.18,98,-0.07,0.00,0.00,3 015.18,
2023.03.15 18:21:35,99,XAUUSD,sell,out,0.02,1924.08,99,-0.07,0.00,1.80,3 016.91,sl 1924.09
2023.03.15 18:44:16,100,XAUUSD,buy,in,0.02,1923.80,100,-0.07,0.00,0.00,3 016.84,
2023.03.15 18:51:16,101,XAUUSD,sell,out,0.02,1923.82,101,-0.07,0.00,0.04,3 016.81,sl 1923.87
2023.03.15 19:08:33,102,XAUUSD,buy,in,0.02,1925.64,102,-0.07,0.00,0.00,3 016.74,
2023.03.15 19:11:44,103,XAUUSD,sell,out,0.02,1928.26,103,-0.07,0.00,5.24,3 021.91,sl 1928.32
2023.03.15 19:32:41,104,XAUUSD,buy,in,0.02,1932.88,104,-0.07,0.00,0.00,3 021.84,
2023.03.15 19:40:37,105,XAUUSD,sell,out,0.02,1936.16,105,-0.07,0.00,6.56,3 028.33,sl 1936.26
2023.03.15 19:56:47,106,XAUUSD,buy,in,0.02,1934.67,106,-0.07,0.00,0.00,3 028.26,
2023.03.15 20:04:23,107,XAUUSD,sell,out,0.02,1936.50,107,-0.07,0.00,3.66,3 031.85,sl 1936.60
2023.03.15 20:20:49,108,XAUUSD,buy,in,0.02,1924.94,108,-0.07,0.00,0.00,3 031.78,
2023.03.15 20:21:17,109,XAUUSD,sell,out,0.02,1924.96,109,-0.07,0.00,0.04,3 031.75,sl 1924.97
2023.03.15 20:44:56,110,XAUUSD,buy,in,0.02,1925.48,110,-0.07,0.00,0.00,3 031.68,
2023.03.15 21:06:28,111,XAUUSD,sell,out,0.02,1925.68,111,-0.07,0.00,0.40,3 032.01,sl 1925.68
2023.03.15 21:08:55,112,XAUUSD,buy,in,0.02,1926.00,112,-0.07,0.00,0.00,3 031.94,
2023.03.15 22:47:05,113,XAUUSD,sell,in,0.02,1918.72,113,-0.07,0.00,0.00,3 031.87,
2023.03.15 22:48:22,114,XAUUSD,buy,out,0.02,1918.08,114,-0.07,0.00,1.28,3 033.08,sl 1918.06
2023.03.16 14:36:04,115,XAUUSD,sell,out,0.02,1926.34,115,-0.07,-3.42,0.68,3 030.27,sl 1926.36
2023.03.23 19:23:40,116,XAUUSD,buy,in,0.02,1991.04,116,-0.07,0.00,0.00,3 030.20,
2023.03.23 19:26:01,117,XAUUSD,sell,out,0.02,1991.74,117,-0.07,0.00,1.40,3 031.53,sl 1991.75
2023.03.23 19:47:54,118,XAUUSD,buy,in,0.02,1993.86,118,-0.07,0.00,0.00,3 031.46,
2023.03.23 19:51:16,119,XAUUSD,sell,out,0.02,1994.61,119,-0.07,0.00,1.50,3 032.89,sl 1994.61
2023.03.23 20:11:55,120,XAUUSD,buy,in,0.02,1993.74,120,-0.07,0.00,0.00,3 032.82,
2023.03.23 20:33:37,121,XAUUSD,sell,out,0.02,1995.17,121,-0.07,0.00,2.86,3 035.61,sl 1995.19
2023.03.23 20:35:57,122,XAUUSD,buy,in,0.02,1997.11,122,-0.07,0.00,0.00,3 035.54,
2023.03.23 20:38:02,123,XAUUSD,sell,out,0.02,1997.63,123,-0.07,0.00,1.04,3 036.51,sl 1997.70
2023.03.23 21:00:05,124,XAUUSD,buy,in,0.02,1999.49,124,-0.07,0.00,0.00,3 036.44,
2023.03.23 21:06:01,125,XAUUSD,sell,out,0.02,2000.77,125,-0.07,0.00,2.56,3 038.93,sl 2000.77
2023.03.23 21:24:08,126,XAUUSD,buy,in,0.02,1999.27,126,-0.07,0.00,0.00,3 038.86,
2023.03.23 21:26:51,127,XAUUSD,sell,out,0.02,1999.47,127,-0.07,0.00,0.40,3 039.19,sl 1999.47
2023.03.23 21:48:16,128,XAUUSD,buy,in,0.02,2001.80,128,-0.07,0.00,0.00,3 039.12,
2023.03.23 21:48:55,129,XAUUSD,sell,out,0.02,2001.91,129,-0.07,0.00,0.22,3 039.27,sl 2001.91
2023.03.23 22:12:22,130,XAUUSD,buy,in,0.02,1997.34,130,-0.07,0.00,0.00,3 039.20,
2023.03.23 22:40:30,131,XAUUSD,sell,out,0.02,1997.44,131,-0.07,0.00,0.20,3 039.33,sl 1997.47
2023.03.23 22:40:32,132,XAUUSD,buy,in,0.02,1997.48,132,-0.07,0.00,0.00,3 039.26,
2023.03.23 22:59:08,133,XAUUSD,sell,out,0.02,1997.73,133,-0.07,0.00,0.50,3 039.69,sl 1997.82
2023.03.23 23:04:39,134,XAUUSD,buy,in,0.02,1998.19,134,-0.07,0.00,0.00,3 039.62,
2023.03.24 01:02:06,135,XAUUSD,sell,in,0.02,1993.65,135,-0.07,0.00,0.00,3 039.55,
2023.03.24 01:07:34,136,XAUUSD,buy,out,0.02,1993.19,136,-0.07,0.00,0.92,3 040.40,sl 1993.11
2023.03.24 13:13:48,137,XAUUSD,sell,out,0.02,1998.34,137,-0.07,-1.14,0.30,3 039.49,sl 1998.34
2023.03.27 13:43:42,138,XAUUSD,sell,in,0.02,1948.82,138,-0.07,0.00,0.00,3 039.42,
2023.03.27 15:21:45,139,XAUUSD,buy,in,0.02,1953.11,139,-0.07,0.00,0.00,3 039.35,
2023.03.27 15:24:35,140,XAUUSD,sell,out,0.02,1955.19,140,-0.07,0.00,4.16,3 043.44,sl 1955.40
2023.03.27 15:48:45,141,XAUUSD,buy,out,0.02,1946.34,141,-0.07,0.00,4.96,3 048.33,sl 1946.22
2023.04.04 17:05:06,142,XAUUSD,buy,in,0.02,2004.99,142,-0.07,0.00,0.00,3 048.26,
2023.04.04 17:06:20,143,XAUUSD,sell,out,0.02,2007.05,143,-0.07,0.00,4.12,3 052.31,sl 2007.11
2023.04.04 17:29:10,144,XAUUSD,buy,in,0.02,2021.61,144,-0.07,0.00,0.00,3 052.24,
2023.04.04 17:49:02,145,XAUUSD,sell,out,0.02,2021.88,145,-0.07,0.00,0.54,3 052.71,sl 2021.89
2023.04.04 17:53:14,146,XAUUSD,buy,in,0.02,2016.02,146,-0.07,0.00,0.00,3 052.64,
2023.04.04 17:55:22,147,XAUUSD,sell,out,0.02,2019.44,147,-0.07,0.00,6.84,3 059.41,sl 2019.44
2023.04.04 18:17:18,148,XAUUSD,buy,in,0.02,2023.00,148,-0.07,0.00,0.00,3 059.34,
2023.04.04 19:08:08,149,XAUUSD,sell,out,0.02,2023.54,149,-0.07,0.00,1.08,3 060.35,sl 2023.55
2023.04.04 19:08:08,150,XAUUSD,buy,in,0.02,2023.65,150,-0.07,0.00,0.00,3 060.28,
2023.04.04 19:09:24,151,XAUUSD,sell,out,0.02,2024.33,151,-0.07,0.00,1.36,3 061.57,sl 2024.37
2023.04.04 19:32:14,152,XAUUSD,buy,in,0.02,2021.16,152,-0.07,0.00,0.00,3 061.50,
2023.04.04 19:37:56,153,XAUUSD,sell,out,0.02,2022.35,153,-0.07,0.00,2.38,3 063.81,sl 2022.43
2023.04.04 19:56:17,154,XAUUSD,buy,in,0.02,2021.10,154,-0.07,0.00,0.00,3 063.74,
2023.04.04 21:34:20,155,XAUUSD,sell,in,0.02,2020.43,155,-0.07,0.00,0.00,3 063.67,
2023.04.04 22:03:13,156,XAUUSD,sell,out,0.02,2021.83,156,-0.07,0.00,1.46,3 065.06,sl 2021.84
2023.04.05 01:21:42,157,XAUUSD,buy,out,0.02,2020.42,157,-0.07,0.81,0.02,3 065.82,sl 2020.38
2023.04.13 15:49:57,158,XAUUSD,buy,in,0.02,2039.84,158,-0.07,0.00,0.00,3 065.75,
2023.04.13 15:50:41,159,XAUUSD,sell,out,0.02,2040.24,159,-0.07,0.00,0.80,3 066.48,sl 2040.24
2023.04.13 16:14:01,160,XAUUSD,buy,in,0.02,2042.59,160,-0.07,0.00,0.00,3 066.41,
2023.04.13 16:15:03,161,XAUUSD,sell,out,0.02,2042.71,161,-0.07,0.00,0.24,3 066.58,sl 2042.72
2023.04.13 16:38:07,162,XAUUSD,buy,in,0.02,2041.88,162,-0.07,0.00,0.00,3 066.51,
2023.04.13 16:40:23,163,XAUUSD,sell,out,0.02,2042.21,163,-0.07,0.00,0.66,3 067.10,sl 2042.21
2023.04.13 17:02:15,164,XAUUSD,buy,in,0.02,2045.89,164,-0.07,0.00,0.00,3 067.03,
2023.04.13 17:02:51,165,XAUUSD,sell,out,0.02,2046.60,165,-0.07,0.00,1.42,3 068.38,sl 2046.61
2023.04.13 17:26:17,166,XAUUSD,buy,in,0.02,2041.89,166,-0.07,0.00,0.00,3 068.31,
2023.04.13 17:28:45,167,XAUUSD,sell,out,0.02,2043.37,167,-0.07,0.00,2.96,3 071.20,sl 2043.37
2023.04.13 20:53:25,168,XAUUSD,buy,in,0.02,2043.90,168,-0.07,0.00,0.00,3 071.13,
2023.04.13 22:31:31,169,XAUUSD,sell,in,0.02,2039.20,169,-0.07,0.00,0.00,3 071.06,
2023.04.14 04:31:04,170,XAUUSD,sell,out,0.02,2045.03,170,-0.07,-1.14,2.26,3 072.11,sl 2045.03
2023.04.14 10:27:10,171,XAUUSD,buy,out,0.02,2038.28,171,-0.07,0.81,1.84,3 074.69,sl 2038.28
2023.04.14 17:58:04,172,XAUUSD,sell,in,0.02,1998.87,172,-0.07,0.00,0.00,3 074.62,
2023.04.14 17:59:44,173,XAUUSD,buy,out,0.02,1998.64,173,-0.07,0.00,0.46,3 075.01,sl 1998.64
2023.04.14 18:35:28,174,XAUUSD,sell,in,0.02,1997.59,174,-0.07,0.00,0.00,3 074.94,
2023.04.14 18:39:09,175,XAUUSD,buy,out,0.02,1997.04,175,-0.07,0.00,1.10,3 075.97,sl 1997.01
2023.04.14 18:59:35,176,XAUUSD,sell,in,0.02,1995.81,176,-0.07,0.00,0.00,3 075.90,
2023.04.14 19:00:59,177,XAUUSD,buy,out,0.02,1995.77,177,-0.07,0.00,0.08,3 075.91,sl 1995.76
2023.04.14 19:23:41,178,XAUUSD,sell,in,0.02,1995.57,178,-0.07,0.00,0.00,3 075.84,
2023.04.14 19:27:32,179,XAUUSD,buy,out,0.02,1995.51,179,-0.07,0.00,0.12,3 075.89,sl 1995.51
2023.04.14 19:47:45,180,XAUUSD,sell,in,0.02,1995.61,180,-0.07,0.00,0.00,3 075.82,
2023.04.14 21:25:50,181,XAUUSD,buy,in,0.02,2004.73,181,-0.07,0.00,0.00,3 075.75,
2023.04.14 21:47:09,182,XAUUSD,sell,out,0.02,2005.33,182,-0.07,0.00,1.20,3 076.88,sl 2005.36
2023.04.17 16:47:16,183,XAUUSD,buy,out,0.02,1992.84,183,-0.07,0.81,5.54,3 083.16,sl 1992.79
2023.04.19 11:44:57,184,XAUUSD,sell,in,0.02,1977.86,184,-0.07,0.00,0.00,3 083.09,
2023.04.19 11:47:12,185,XAUUSD,buy,out,0.02,1977.36,185,-0.07,0.00,1.00,3 084.02,sl 1977.22
2023.04.19 12:30:50,186,XAUUSD,sell,in,0.02,1976.71,186,-0.07,0.00,0.00,3 083.95,
2023.04.19 12:36:22,187,XAUUSD,buy,out,0.02,1975.80,187,-0.07,0.00,1.82,3 085.70,sl 1975.72
2023.04.19 12:54:55,188,XAUUSD,sell,in,0.02,1974.87,188,-0.07,0.00,0.00,3 085.63,
2023.04.19 13:00:12,189,XAUUSD,buy,out,0.02,1974.74,189,-0.07,0.00,0.26,3 085.82,sl 1974.53
2023.04.19 13:18:57,190,XAUUSD,sell,in,0.02,1971.78,190,-0.07,0.00,0.00,3 085.75,
2023.04.19 14:07:50,191,XAUUSD,buy,out,0.02,1971.11,191,-0.07,0.00,1.34,3 087.02,sl 1971.11
2023.04.19 14:07:59,192,XAUUSD,sell,in,0.02,1971.18,192,-0.07,0.00,0.00,3 086.95,
2023.04.19 14:08:50,193,XAUUSD,buy,out,0.02,1971.04,193,-0.07,0.00,0.28,3 087.16,sl 1970.96
2023.04.19 14:32:03,194,XAUUSD,sell,in,0.02,1970.58,194,-0.07,0.00,0.00,3 087.09,
2023.04.19 14:35:25,195,XAUUSD,buy,out,0.02,1970.53,195,-0.07,0.00,0.10,3 087.12,sl 1970.50
2023.04.19 14:56:08,196,XAUUSD,sell,in,0.02,1970.59,196,-0.07,0.00,0.00,3 087.05,
2023.04.19 15:00:33,197,XAUUSD,buy,out,0.02,1970.54,197,-0.07,0.00,0.10,3 087.08,sl 1970.54
2023.04.19 15:20:12,198,XAUUSD,sell,in,0.02,1972.58,198,-0.07,0.00,0.00,3 087.01,
2023.04.19 16:58:15,199,XAUUSD,buy,in,0.02,1990.73,199,-0.07,0.00,0.00,3 086.94,
2023.04.19 16:59:51,200,XAUUSD,sell,out,0.02,1990.84,200,-0.07,0.00,0.22,3 087.09,sl 1990.84
2023.04.20 09:15:34,201,XAUUSD,buy,out,0.02,1998.06,201,-0.07,2.42,-50.96,3 038.48,
2023.05.02 18:53:10,202,XAUUSD,buy,in,0.02,2014.25,202,-0.07,0.00,0.00,3 038.41,
2023.05.02 18:59:44,203,XAUUSD,sell,out,0.02,2014.36,203,-0.07,0.00,0.22,3 038.56,sl 2014.43
2023.05.02 19:17:18,204,XAUUSD,buy,in,0.02,2017.23,204,-0.07,0.00,0.00,3 038.49,
2023.05.02 19:21:18,205,XAUUSD,sell,out,0.02,2018.26,205,-0.07,0.00,2.06,3 040.48,sl 2018.27
2023.05.02 19:41:21,206,XAUUSD,buy,in,0.02,2015.86,206,-0.07,0.00,0.00,3 040.41,
2023.05.02 19:44:43,207,XAUUSD,sell,out,0.02,2015.96,207,-0.07,0.00,0.20,3 040.54,sl 2015.96
2023.05.02 20:19:11,208,XAUUSD,buy,in,0.02,2015.87,208,-0.07,0.00,0.00,3 040.47,
2023.05.02 20:22:13,209,XAUUSD,sell,out,0.02,2016.49,209,-0.07,0.00,1.24,3 041.64,sl 2016.52
2023.05.02 22:47:12,210,XAUUSD,buy,in,0.02,2017.34,210,-0.07,0.00,0.00,3 041.57,
2023.05.02 23:00:28,211,XAUUSD,sell,out,0.02,2017.68,211,-0.07,0.00,0.68,3 042.18,sl 2017.82
2023.05.03 21:02:11,212,XAUUSD,buy,in,0.02,2032.06,212,-0.07,0.00,0.00,3 042.11,
2023.05.03 21:02:33,213,XAUUSD,sell,out,0.02,2032.57,213,-0.07,0.00,1.02,3 043.06,sl 2032.57
2023.05.03 22:52:41,214,XAUUSD,buy,in,0.02,2032.04,214,-0.07,0.00,0.00,3 042.99,
2023.05.03 22:55:53,215,XAUUSD,sell,out,0.02,2034.87,215,-0.07,0.00,5.66,3 048.58,sl 2034.89
2023.05.03 23:46:11,216,XAUUSD,buy,in,0.02,2033.50,216,-0.07,0.00,0.00,3 048.51,
2023.05.03 23:46:55,217,XAUUSD,sell,out,0.02,2033.50,217,-0.07,0.00,0.00,3 048.44,sl 2033.55
2023.05.04 01:02:03,218,XAUUSD,buy,in,0.02,2069.52,218,-0.07,0.00,0.00,3 048.37,
2023.05.04 02:40:09,219,XAUUSD,sell,in,0.02,2052.72,219,-0.07,0.00,0.00,3 048.30,
2023.05.04 03:00:04,220,XAUUSD,buy,out,0.02,2052.74,220,-0.07,0.00,-0.04,3 048.19,sl 2052.47
2023.05.05 15:30:01,221,XAUUSD,sell,out,0.02,2026.69,221,-0.07,-1.14,-85.66,2 961.32,
2023.05.05 16:46:17,222,XAUUSD,sell,in,0.02,2004.30,222,-0.07,0.00,0.00,2 961.25,
2023.05.05 16:46:47,223,XAUUSD,buy,out,0.02,2003.38,223,-0.07,0.00,1.84,2 963.02,sl 2003.32
2023.05.05 17:10:25,224,XAUUSD,sell,in,0.02,2003.73,224,-0.07,0.00,0.00,2 962.95,
2023.05.05 17:10:49,225,XAUUSD,buy,out,0.02,2003.68,225,-0.07,0.00,0.10,2 962.98,sl 2003.68
2023.05.16 20:08:38,226,XAUUSD,sell,in,0.02,1985.98,226,-0.07,0.00,0.00,2 962.91,
2023.05.16 21:46:44,227,XAUUSD,buy,in,0.02,1989.44,227,-0.07,0.00,0.00,2 962.84,
2023.05.16 21:54:18,228,XAUUSD,sell,out,0.02,1989.70,228,-0.07,0.00,0.52,2 963.29,sl 1989.78
2023.05.17 12:02:45,229,XAUUSD,buy,out,0.02,1985.05,229,-0.07,0.81,1.86,2 965.89,sl 1985.04
2023.09.27 18:26:21,230,XAUUSD,sell,in,0.02,1879.91,230,-0.07,0.00,0.00,2 965.82,
2023.09.27 19:14:02,231,XAUUSD,buy,out,0.02,1878.65,231,-0.07,0.00,2.52,2 968.27,sl 1878.65
2023.09.27 19:14:03,232,XAUUSD,sell,in,0.02,1878.54,232,-0.07,0.00,0.00,2 968.20,
2023.09.27 19:31:06,233,XAUUSD,buy,out,0.02,1877.47,233,-0.07,0.00,2.14,2 970.27,sl 1877.45
2023.09.27 19:38:03,234,XAUUSD,sell,in,0.02,1876.68,234,-0.07,0.00,0.00,2 970.20,
2023.09.27 20:00:00,235,XAUUSD,buy,out,0.02,1876.09,235,-0.07,0.00,1.18,2 971.31,sl 1876.08
2023.09.27 20:02:08,236,XAUUSD,sell,in,0.02,1875.78,236,-0.07,0.00,0.00,2 971.24,
2023.09.27 20:19:39,237,XAUUSD,buy,out,0.02,1875.49,237,-0.07,0.00,0.58,2 971.75,sl 1875.44
2023.09.27 20:26:07,238,XAUUSD,sell,in,0.02,1874.00,238,-0.07,0.00,0.00,2 971.68,
2023.09.27 20:30:19,239,XAUUSD,buy,out,0.02,1873.81,239,-0.07,0.00,0.38,2 971.99,sl 1873.81
2023.09.27 20:50:20,240,XAUUSD,sell,in,0.02,1874.88,240,-0.07,0.00,0.00,2 971.92,
2023.09.27 20:57:50,241,XAUUSD,buy,out,0.02,1874.35,241,-0.07,0.00,1.06,2 972.91,sl 1874.35
2023.09.27 21:14:22,242,XAUUSD,sell,in,0.02,1873.02,242,-0.07,0.00,0.00,2 972.84,
2023.09.27 22:52:29,243,XAUUSD,buy,in,0.02,1876.37,243,-0.07,0.00,0.00,2 972.77,
2023.09.27 23:05:37,244,XAUUSD,sell,out,0.02,1876.38,244,-0.07,0.00,0.02,2 972.72,sl 1876.39
2023.09.28 15:46:29,245,XAUUSD,buy,out,0.02,1872.72,245,-0.07,2.42,0.60,2 975.67,sl 1872.72
2023.09.29 20:29:33,246,XAUUSD,sell,in,0.02,1849.70,246,-0.07,0.00,0.00,2 975.60,
2023.09.29 21:32:00,247,XAUUSD,buy,out,0.02,1847.75,247,-0.07,0.00,3.90,2 979.43,sl 1847.73
2023.09.29 21:32:01,248,XAUUSD,sell,in,0.02,1847.60,248,-0.07,0.00,0.00,2 979.36,
2023.09.29 21:44:20,249,XAUUSD,buy,out,0.02,1846.95,249,-0.07,0.00,1.30,2 980.59,sl 1846.94
2023.09.29 21:56:08,250,XAUUSD,sell,in,0.02,1848.16,250,-0.07,0.00,0.00,2 980.52,
2023.09.29 23:34:13,251,XAUUSD,buy,in,0.02,1848.69,251,-0.07,0.00,0.00,2 980.45,
2023.09.29 23:41:11,252,XAUUSD,sell,out,0.02,1849.36,252,-0.07,0.00,1.34,2 981.72,sl 1849.37
2023.10.02 01:04:23,253,XAUUSD,buy,out,0.02,1848.13,253,-0.07,0.81,0.06,2 982.52,sl 1848.13
2023.10.09 01:03:45,254,XAUUSD,buy,in,0.02,1855.28,254,-0.07,0.00,0.00,2 982.45,
2023.10.09 02:41:50,255,XAUUSD,sell,in,0.02,1847.62,255,-0.07,0.00,0.00,2 982.38,
2023.10.09 03:16:40,256,XAUUSD,buy,out,0.02,1847.27,256,-0.07,0.00,0.70,2 983.01,sl 1847.23
2023.10.09 21:57:19,257,XAUUSD,sell,out,0.02,1857.10,257,-0.07,0.00,3.64,2 986.58,sl 1857.15
2023.11.28 18:21:59,258,XAUUSD,buy,in,0.02,2037.23,258,-0.07,0.00,0.00,2 986.51,
2023.11.28 18:25:26,259,XAUUSD,sell,out,0.02,2037.25,259,-0.07,0.00,0.04,2 986.48,sl 2037.27
2023.11.28 18:46:04,260,XAUUSD,buy,in,0.02,2039.16,260,-0.07,0.00,0.00,2 986.41,
2023.11.28 18:46:47,261,XAUUSD,sell,out,0.02,2039.40,261,-0.07,0.00,0.48,2 986.82,sl 2039.41
2023.11.28 19:10:09,262,XAUUSD,buy,in,0.02,2040.28,262,-0.07,0.00,0.00,2 986.75,
2023.11.28 19:14:33,263,XAUUSD,sell,out,0.02,2041.97,263,-0.07,0.00,3.38,2 990.06,sl 2041.99
2023.11.28 19:34:17,264,XAUUSD,buy,in,0.02,2041.86,264,-0.07,0.00,0.00,2 989.99,
2023.11.28 19:35:13,265,XAUUSD,sell,out,0.02,2042.04,265,-0.07,0.00,0.36,2 990.28,sl 2042.04
2023.11.28 19:58:18,266,XAUUSD,buy,in,0.02,2040.61,266,-0.07,0.00,0.00,2 990.21,
2023.11.28 20:02:11,267,XAUUSD,sell,out,0.02,2040.83,267,-0.07,0.00,0.44,2 990.58,sl 2040.90
2023.11.28 20:22:26,268,XAUUSD,buy,in,0.02,2039.07,268,-0.07,0.00,0.00,2 990.51,
2023.11.28 20:32:17,269,XAUUSD,sell,out,0.02,2039.06,269,-0.07,0.00,-0.02,2 990.42,sl 2039.14
2023.11.28 20:46:30,270,XAUUSD,buy,in,0.02,2038.78,270,-0.07,0.00,0.00,2 990.35,
2023.11.28 20:51:31,271,XAUUSD,sell,out,0.02,2039.06,271,-0.07,0.00,0.56,2 990.84,sl 2039.06
2023.11.28 21:10:37,272,XAUUSD,buy,in,0.02,2040.46,272,-0.07,0.00,0.00,2 990.77,
2023.11.28 21:16:02,273,XAUUSD,sell,out,0.02,2040.61,273,-0.07,0.00,0.30,2 991.00,sl 2040.61
2023.11.28 21:34:43,274,XAUUSD,buy,in,0.02,2040.20,274,-0.07,0.00,0.00,2 990.93,
2023.11.28 21:37:03,275,XAUUSD,sell,out,0.02,2040.36,275,-0.07,0.00,0.32,2 991.18,sl 2040.36
2023.11.28 21:58:50,276,XAUUSD,buy,in,0.02,2041.95,276,-0.07,0.00,0.00,2 991.11,
2023.11.28 23:36:59,277,XAUUSD,sell,in,0.02,2040.48,277,-0.07,0.00,0.00,2 991.04,
2023.11.29 01:32:03,278,XAUUSD,sell,out,0.02,2043.81,278,-0.07,-1.14,3.72,2 993.55,sl 2043.83
2023.11.29 11:24:57,279,XAUUSD,buy,out,0.02,2040.15,279,-0.07,0.81,0.66,2 994.95,sl 2040.12
2023.12.01 19:49:15,280,XAUUSD,buy,in,0.02,2065.91,280,-0.07,0.00,0.00,2 994.88,
2023.12.01 19:51:16,281,XAUUSD,sell,out,0.02,2066.60,281,-0.07,0.00,1.38,2 996.19,sl 2066.61
2023.12.01 20:13:21,282,XAUUSD,buy,in,0.02,2067.74,282,-0.07,0.00,0.00,2 996.12,
2023.12.01 20:16:47,283,XAUUSD,sell,out,0.02,2068.24,283,-0.07,0.00,1.00,2 997.05,sl 2068.27
2023.12.01 20:37:32,284,XAUUSD,buy,in,0.02,2073.03,284,-0.07,0.00,0.00,2 996.98,
2023.12.01 20:49:59,285,XAUUSD,sell,out,0.02,2073.78,285,-0.07,0.00,1.50,2 998.41,sl 2073.84
2023.12.01 21:01:49,286,XAUUSD,buy,in,0.02,2071.49,286,-0.07,0.00,0.00,2 998.34,
2023.12.01 21:03:14,287,XAUUSD,sell,out,0.02,2071.54,287,-0.07,0.00,0.10,2 998.37,sl 2071.55
2023.12.01 21:25:51,288,XAUUSD,buy,in,0.02,2070.33,288,-0.07,0.00,0.00,2 998.30,
2023.12.01 22:49:18,289,XAUUSD,sell,out,0.02,2070.42,289,-0.07,0.00,0.18,2 998.41,sl 2070.43
2023.12.01 22:49:26,290,XAUUSD,buy,in,0.02,2070.49,290,-0.07,0.00,0.00,2 998.34,
2023.12.01 22:58:24,291,XAUUSD,sell,out,0.02,2070.48,291,-0.07,0.00,-0.02,2 998.25,sl 2070.51
2023.12.01 23:13:34,292,XAUUSD,buy,in,0.02,2071.70,292,-0.07,0.00,0.00,2 998.18,
2023.12.04 01:04:12,293,XAUUSD,sell,out,0.02,2076.95,293,-0.07,-1.14,10.50,3 007.47,sl 2077.15
2023.12.04 17:27:04,294,XAUUSD,sell,in,0.02,2029.34,294,-0.07,0.00,0.00,3 007.40,
2023.12.04 17:27:58,295,XAUUSD,buy,out,0.02,2027.98,295,-0.07,0.00,2.72,3 010.05,sl 2027.82
2023.12.04 17:51:07,296,XAUUSD,sell,in,0.02,2025.00,296,-0.07,0.00,0.00,3 009.98,
2023.12.04 17:52:08,297,XAUUSD,buy,out,0.02,2022.98,297,-0.07,0.00,4.04,3 013.95,
2023.12.04 18:15:15,298,XAUUSD,sell,in,0.02,2025.92,298,-0.07,0.00,0.00,3 013.88,
2023.12.04 18:16:22,299,XAUUSD,buy,out,0.02,2025.68,299,-0.07,0.00,0.48,3 014.29,sl 2025.64
2023.12.04 18:39:15,300,XAUUSD,sell,in,0.02,2022.74,300,-0.07,0.00,0.00,3 014.22,
2023.12.04 18:44:03,301,XAUUSD,buy,out,0.02,2022.34,301,-0.07,0.00,0.80,3 014.95,sl 2022.25
2023.12.04 19:05:06,302,XAUUSD,sell,in,0.02,2026.33,302,-0.07,0.00,0.00,3 014.88,
2023.12.04 19:25:50,303,XAUUSD,buy,out,0.02,2026.23,303,-0.07,0.00,0.20,3 015.01,sl 2026.09
2023.12.04 19:29:12,304,XAUUSD,sell,in,0.02,2025.04,304,-0.07,0.00,0.00,3 014.94,
2023.12.04 19:36:15,305,XAUUSD,buy,out,0.02,2024.57,305,-0.07,0.00,0.94,3 015.81,sl 2024.49
2023.12.04 19:53:15,306,XAUUSD,sell,in,0.02,2024.92,306,-0.07,0.00,0.00,3 015.74,
2023.12.04 20:03:05,307,XAUUSD,buy,out,0.02,2024.71,307,-0.07,0.00,0.42,3 016.09,sl 2024.63
2023.12.04 20:17:20,308,XAUUSD,sell,in,0.02,2023.52,308,-0.07,0.00,0.00,3 016.02,
2023.12.04 20:20:00,309,XAUUSD,buy,out,0.02,2023.61,309,-0.07,0.00,-0.18,3 015.77,sl 2023.47
2023.12.04 20:41:22,310,XAUUSD,sell,in,0.02,2023.54,310,-0.07,0.00,0.00,3 015.70,
2023.12.04 20:43:48,311,XAUUSD,buy,out,0.02,2023.49,311,-0.07,0.00,0.10,3 015.73,sl 2023.45
2023.12.04 21:17:09,312,XAUUSD,sell,in,0.02,2024.43,312,-0.07,0.00,0.00,3 015.66,
2023.12.04 22:55:18,313,XAUUSD,buy,in,0.02,2028.13,313,-0.07,0.00,0.00,3 015.59,
2023.12.04 22:57:14,314,XAUUSD,sell,out,0.02,2028.38,314,-0.07,0.00,0.50,3 016.02,sl 2028.49
2023.12.05 12:27:54,315,XAUUSD,buy,out,0.02,2024.20,315,-0.07,0.81,0.46,3 017.22,sl 2024.08
2023.12.08 19:02:54,316,XAUUSD,sell,in,0.02,2000.32,316,-0.07,0.00,0.00,3 017.15,
2023.12.08 19:07:25,317,XAUUSD,buy,out,0.02,1996.73,317,-0.07,0.00,7.18,3 024.26,sl 1996.49
2023.12.08 19:26:58,318,XAUUSD,sell,in,0.02,1996.11,318,-0.07,0.00,0.00,3 024.19,
2023.12.08 21:05:00,319,XAUUSD,buy,in,0.02,1999.50,319,-0.07,0.00,0.00,3 024.12,
2023.12.08 21:09:21,320,XAUUSD,sell,out,0.02,1999.70,320,-0.07,0.00,0.40,3 024.45,sl 1999.72
2023.12.11 06:17:53,321,XAUUSD,buy,out,0.02,1995.53,321,-0.07,0.81,1.16,3 026.35,sl 1995.52
2023.12.13 21:42:58,322,XAUUSD,buy,in,0.02,2016.19,322,-0.07,0.00,0.00,3 026.28,
2023.12.13 21:52:20,323,XAUUSD,sell,out,0.02,2016.18,323,-0.07,0.00,-0.02,3 026.19,sl 2016.46
2023.12.13 22:17:19,324,XAUUSD,buy,in,0.02,2017.49,324,-0.07,0.00,0.00,3 026.12,
2023.12.13 22:18:56,325,XAUUSD,sell,out,0.02,2017.52,325,-0.07,0.00,0.06,3 026.11,sl 2017.57
2023.12.13 22:41:27,326,XAUUSD,buy,in,0.02,2020.33,326,-0.07,0.00,0.00,3 026.04,
2023.12.13 22:43:26,327,XAUUSD,sell,out,0.02,2020.27,327,-0.07,0.00,-0.12,3 025.85,sl 2020.45
2023.12.13 23:05:27,328,XAUUSD,buy,in,0.02,2024.10,328,-0.07,0.00,0.00,3 025.78,
2023.12.13 23:06:07,329,XAUUSD,sell,out,0.02,2024.18,329,-0.07,0.00,0.16,3 025.87,sl 2024.28
2023.12.13 23:29:30,330,XAUUSD,buy,in,0.02,2026.09,330,-0.07,0.00,0.00,3 025.80,
2023.12.13 23:31:36,331,XAUUSD,sell,out,0.02,2026.26,331,-0.07,0.00,0.34,3 026.07,sl 2026.26
2023.12.13 23:53:35,332,XAUUSD,buy,in,0.02,2026.59,332,-0.07,0.00,0.00,3 026.00,
2023.12.13 23:58:02,333,XAUUSD,sell,out,0.02,2027.06,333,-0.07,0.00,0.94,3 026.87,sl 2027.25
2023.12.14 01:02:05,334,XAUUSD,buy,in,0.02,2025.79,334,-0.07,0.00,0.00,3 026.80,
2023.12.14 01:08:52,335,XAUUSD,sell,out,0.02,2026.28,335,-0.07,0.00,0.98,3 027.71,sl 2026.35
2023.12.14 01:26:11,336,XAUUSD,buy,in,0.02,2027.21,336,-0.07,0.00,0.00,3 027.64,
2023.12.14 01:30:00,337,XAUUSD,sell,out,0.02,2028.96,337,-0.07,0.00,3.50,3 031.07,sl 2029.02
2023.12.14 01:50:18,338,XAUUSD,buy,in,0.02,2031.89,338,-0.07,0.00,0.00,3 031.00,
2023.12.14 01:59:52,339,XAUUSD,sell,out,0.02,2032.63,339,-0.07,0.00,1.48,3 032.41,sl 2032.65
2023.12.14 02:14:21,340,XAUUSD,buy,in,0.02,2031.37,340,-0.07,0.00,0.00,3 032.34,
2023.12.14 02:17:15,341,XAUUSD,sell,out,0.02,2031.53,341,-0.07,0.00,0.32,3 032.59,sl 2031.54
2023.12.14 02:38:26,342,XAUUSD,buy,in,0.02,2038.22,342,-0.07,0.00,0.00,3 032.52,
2023.12.14 02:52:14,343,XAUUSD,sell,out,0.02,2038.42,343,-0.07,0.00,0.40,3 032.85,sl 2038.61
2023.12.14 03:02:28,344,XAUUSD,buy,in,0.02,2036.96,344,-0.07,0.00,0.00,3 032.78,
2023.12.14 03:02:50,345,XAUUSD,sell,out,0.02,2037.01,345,-0.07,0.00,0.10,3 032.81,sl 2037.08
2023.12.14 03:26:30,346,XAUUSD,buy,in,0.02,2031.10,346,-0.07,0.00,0.00,3 032.74,
2023.12.14 03:31:21,347,XAUUSD,sell,out,0.02,2031.33,347,-0.07,0.00,0.46,3 033.13,sl 2031.39
2023.12.14 03:50:33,348,XAUUSD,buy,in,0.02,2031.46,348,-0.07,0.00,0.00,3 033.06,
2023.12.14 03:55:17,349,XAUUSD,sell,out,0.02,2032.25,349,-0.07,0.00,1.58,3 034.57,sl 2032.31
2023.12.14 04:14:34,350,XAUUSD,buy,in,0.02,2033.17,350,-0.07,0.00,0.00,3 034.50,
2023.12.14 04:26:38,351,XAUUSD,sell,out,0.02,2034.21,351,-0.07,0.00,2.08,3 036.51,sl 2034.21
2023.12.14 04:38:39,352,XAUUSD,buy,in,0.02,2032.58,352,-0.07,0.00,0.00,3 036.44,
2023.12.14 05:00:01,353,XAUUSD,sell,out,0.02,2032.75,353,-0.07,0.00,0.34,3 036.71,sl 2032.75
2023.12.14 05:02:44,354,XAUUSD,buy,in,0.02,2033.17,354,-0.07,0.00,0.00,3 036.64,
2023.12.14 05:16:09,355,XAUUSD,sell,out,0.02,2033.75,355,-0.07,0.00,1.16,3 037.73,sl 2033.75
2023.12.14 05:26:45,356,XAUUSD,buy,in,0.02,2033.69,356,-0.07,0.00,0.00,3 037.66,
2023.12.14 05:28:27,357,XAUUSD,sell,out,0.02,2034.34,357,-0.07,0.00,1.30,3 038.89,sl 2034.43
2023.12.14 05:50:50,358,XAUUSD,buy,in,0.02,2032.13,358,-0.07,0.00,0.00,3 038.82,
2023.12.14 07:28:58,359,XAUUSD,sell,in,0.02,2031.45,359,-0.07,0.00,0.00,3 038.75,
2023.12.14 07:35:35,360,XAUUSD,buy,out,0.02,2031.02,360,-0.07,0.00,0.86,3 039.54,sl 2030.97
2023.12.14 07:43:06,361,XAUUSD,sell,out,0.02,2033.19,361,-0.07,0.00,2.12,3 041.59,sl 2033.22
2024.01.03 16:17:22,362,XAUUSD,sell,in,0.02,2035.28,362,-0.07,0.00,0.00,3 041.52,
2024.01.03 16:22:29,363,XAUUSD,buy,out,0.02,2035.26,363,-0.07,0.00,0.04,3 041.49,sl 2035.22
2024.01.03 16:41:28,364,XAUUSD,sell,in,0.02,2034.74,364,-0.07,0.00,0.00,3 041.42,
2024.01.03 17:38:29,365,XAUUSD,buy,out,0.02,2034.28,365,-0.07,0.00,0.92,3 042.27,sl 2034.27
2024.01.03 17:38:36,366,XAUUSD,sell,in,0.02,2033.59,366,-0.07,0.00,0.00,3 042.20,
2024.01.03 17:39:03,367,XAUUSD,buy,out,0.02,2033.44,367,-0.07,0.00,0.30,3 042.43,sl 2033.43
2024.01.03 18:02:53,368,XAUUSD,sell,in,0.02,2034.46,368,-0.07,0.00,0.00,3 042.36,
2024.01.03 18:13:26,369,XAUUSD,buy,out,0.02,2034.32,369,-0.07,0.00,0.28,3 042.57,sl 2034.31
2024.01.03 18:26:56,370,XAUUSD,sell,in,0.02,2034.30,370,-0.07,0.00,0.00,3 042.50,
2024.01.03 18:33:46,371,XAUUSD,buy,out,0.02,2033.64,371,-0.07,0.00,1.32,3 043.75,sl 2033.60
2024.01.03 18:50:58,372,XAUUSD,sell,in,0.02,2031.74,372,-0.07,0.00,0.00,3 043.68,
2024.01.03 19:01:59,373,XAUUSD,buy,out,0.02,2031.66,373,-0.07,0.00,0.16,3 043.77,sl 2031.66
2024.01.03 19:15:04,374,XAUUSD,sell,in,0.02,2033.21,374,-0.07,0.00,0.00,3 043.70,
2024.01.03 19:22:08,375,XAUUSD,buy,out,0.02,2033.21,375,-0.07,0.00,0.00,3 043.63,sl 2033.18
2024.01.03 19:39:11,376,XAUUSD,sell,in,0.02,2032.12,376,-0.07,0.00,0.00,3 043.56,
2024.01.03 19:42:50,377,XAUUSD,buy,out,0.02,2031.41,377,-0.07,0.00,1.42,3 044.91,sl 2031.35
2024.01.03 21:06:12,378,XAUUSD,sell,in,0.02,2032.14,378,-0.07,0.00,0.00,3 044.84,
2024.01.03 21:13:35,379,XAUUSD,buy,out,0.02,2031.56,379,-0.07,0.00,1.16,3 045.93,sl 2031.54
2024.01.12 16:34:13,380,XAUUSD,buy,in,0.02,2061.41,380,-0.07,0.00,0.00,3 045.86,
2024.01.12 16:37:30,381,XAUUSD,sell,out,0.02,2061.58,381,-0.07,0.00,0.34,3 046.13,sl 2061.58
2024.01.17 17:32:20,382,XAUUSD,sell,in,0.02,2007.17,382,-0.07,0.00,0.00,3 046.06,
2024.01.17 17:35:20,383,XAUUSD,buy,out,0.02,2006.88,383,-0.07,0.00,0.58,3 046.57,sl 2006.88
2024.01.17 18:49:56,384,XAUUSD,sell,in,0.02,2005.16,384,-0.07,0.00,0.00,3 046.50,
2024.01.17 18:51:11,385,XAUUSD,buy,out,0.02,2005.22,385,-0.07,0.00,-0.12,3 046.31,sl 2005.15
2024.01.17 19:13:58,386,XAUUSD,sell,in,0.02,2004.33,386,-0.07,0.00,0.00,3 046.24,
2024.01.17 19:31:01,387,XAUUSD,buy,out,0.02,2004.23,387,-0.07,0.00,0.20,3 046.37,sl 2004.21
2024.01.17 19:38:06,388,XAUUSD,sell,in,0.02,2005.14,388,-0.07,0.00,0.00,3 046.30,
2024.01.17 20:07:00,389,XAUUSD,buy,out,0.02,2004.99,389,-0.07,0.00,0.30,3 046.53,sl 2004.98
2024.01.17 20:07:00,390,XAUUSD,sell,in,0.02,2004.88,390,-0.07,0.00,0.00,3 046.46,
2024.01.17 20:11:39,391,XAUUSD,buy,out,0.02,2004.87,391,-0.07,0.00,0.02,3 046.41,sl 2004.87
2024.01.17 20:31:07,392,XAUUSD,sell,in,0.02,2003.46,392,-0.07,0.00,0.00,3 046.34,
2024.01.17 20:33:00,393,XAUUSD,buy,out,0.02,2003.01,393,-0.07,0.00,0.90,3 047.17,sl 2003.01
2024.01.17 20:55:09,394,XAUUSD,sell,in,0.02,2004.02,394,-0.07,0.00,0.00,3 047.10,
2024.01.17 22:33:18,395,XAUUSD,buy,in,0.02,2005.72,395,-0.07,0.00,0.00,3 047.03,
2024.01.17 22:46:03,396,XAUUSD,sell,out,0.02,2006.40,396,-0.07,0.00,1.36,3 048.32,sl 2006.40
2024.01.18 22:30:18,397,XAUUSD,buy,out,0.02,2021.64,397,-0.07,2.42,-35.24,3 015.43,
2024.02.13 16:32:26,398,XAUUSD,sell,in,0.02,1996.32,398,-0.07,0.00,0.00,3 015.36,
2024.02.13 16:33:08,399,XAUUSD,buy,out,0.02,1996.34,399,-0.07,0.00,-0.04,3 015.25,sl 1996.30
2024.02.13 16:56:31,400,XAUUSD,sell,in,0.02,1993.30,400,-0.07,0.00,0.00,3 015.18,
2024.02.13 17:06:46,401,XAUUSD,buy,out,0.02,1991.65,401,-0.07,0.00,3.30,3 018.41,sl 1991.45
2024.02.13 17:20:38,402,XAUUSD,sell,in,0.02,1992.40,402,-0.07,0.00,0.00,3 018.34,
2024.02.13 17:35:13,403,XAUUSD,buy,out,0.02,1992.37,403,-0.07,0.00,0.06,3 018.33,sl 1992.30
2024.02.13 17:44:40,404,XAUUSD,sell,in,0.02,1991.76,404,-0.07,0.00,0.00,3 018.26,
2024.02.13 17:46:28,405,XAUUSD,buy,out,0.02,1991.61,405,-0.07,0.00,0.30,3 018.49,sl 1991.61
2024.02.13 18:08:57,406,XAUUSD,sell,in,0.02,1994.90,406,-0.07,0.00,0.00,3 018.42,
2024.02.13 18:14:52,407,XAUUSD,buy,out,0.02,1994.80,407,-0.07,0.00,0.20,3 018.55,sl 1994.80
2024.02.13 18:33:35,408,XAUUSD,sell,in,0.02,1994.61,408,-0.07,0.00,0.00,3 018.48,
2024.02.13 18:47:14,409,XAUUSD,buy,out,0.02,1993.85,409,-0.07,0.00,1.52,3 019.93,sl 1993.85
2024.02.13 18:58:42,410,XAUUSD,sell,in,0.02,1994.60,410,-0.07,0.00,0.00,3 019.86,
2024.02.13 19:26:09,411,XAUUSD,buy,out,0.02,1993.86,411,-0.07,0.00,1.48,3 021.27,sl 1993.84
2024.02.13 19:26:11,412,XAUUSD,sell,in,0.02,1993.82,412,-0.07,0.00,0.00,3 021.20,
2024.02.13 19:31:05,413,XAUUSD,buy,out,0.02,1993.60,413,-0.07,0.00,0.44,3 021.57,sl 1993.50
2024.02.13 19:50:18,414,XAUUSD,sell,in,0.02,1993.71,414,-0.07,0.00,0.00,3 021.50,
2024.02.13 19:58:11,415,XAUUSD,buy,out,0.02,1993.53,415,-0.07,0.00,0.36,3 021.79,sl 1993.53
2024.02.13 21:25:45,416,XAUUSD,sell,in,0.02,1992.13,416,-0.07,0.00,0.00,3 021.72,
2024.02.13 21:36:52,417,XAUUSD,buy,out,0.02,1992.09,417,-0.07,0.00,0.08,3 021.73,sl 1992.09
2024.02.13 21:49:52,418,XAUUSD,sell,in,0.02,1992.05,418,-0.07,0.00,0.00,3 021.66,
2024.02.13 22:00:08,419,XAUUSD,buy,out,0.02,1991.98,419,-0.07,0.00,0.14,3 021.73,sl 1991.96
2024.03.01 17:47:45,420,XAUUSD,buy,in,0.02,2068.07,420,-0.07,0.00,0.00,3 021.66,
2024.03.01 17:51:39,421,XAUUSD,sell,out,0.02,2068.72,421,-0.07,0.00,1.30,3 022.89,sl 2068.73
2024.03.01 18:11:49,422,XAUUSD,buy,in,0.02,2073.83,422,-0.07,0.00,0.00,3 022.82,
2024.03.01 18:17:28,423,XAUUSD,sell,out,0.02,2074.80,423,-0.07,0.00,1.94,3 024.69,sl 2074.80
2024.03.01 18:35:52,424,XAUUSD,buy,in,0.02,2075.83,424,-0.07,0.00,0.00,3 024.62,
2024.03.01 18:40:30,425,XAUUSD,sell,out,0.02,2079.16,425,-0.07,0.00,6.66,3 031.21,sl 2079.16
2024.03.01 18:59:59,426,XAUUSD,buy,in,0.02,2081.21,426,-0.07,0.00,0.00,3 031.14,
2024.03.01 19:03:44,427,XAUUSD,sell,out,0.02,2082.43,427,-0.07,0.00,2.44,3 033.51,sl 2082.45
2024.03.01 19:23:59,428,XAUUSD,buy,in,0.02,2082.88,428,-0.07,0.00,0.00,3 033.44,
2024.03.01 19:30:22,429,XAUUSD,sell,out,0.02,2083.85,429,-0.07,0.00,1.94,3 035.31,sl 2083.90
2024.03.01 19:48:13,430,XAUUSD,buy,in,0.02,2084.59,430,-0.07,0.00,0.00,3 035.24,
2024.03.01 19:51:29,431,XAUUSD,sell,out,0.02,2084.82,431,-0.07,0.00,0.46,3 035.63,sl 2084.83
2024.03.01 20:12:16,432,XAUUSD,buy,in,0.02,2085.57,432,-0.07,0.00,0.00,3 035.56,
2024.03.01 20:16:57,433,XAUUSD,sell,out,0.02,2086.16,433,-0.07,0.00,1.18,3 036.67,sl 2086.16
2024.03.01 20:36:16,434,XAUUSD,buy,in,0.02,2087.17,434,-0.07,0.00,0.00,3 036.60,
2024.03.01 20:45:36,435,XAUUSD,sell,out,0.02,2087.75,435,-0.07,0.00,1.16,3 037.69,sl 2087.75
2024.03.01 21:00:23,436,XAUUSD,buy,in,0.02,2086.23,436,-0.07,0.00,0.00,3 037.62,
2024.03.01 21:02:24,437,XAUUSD,sell,out,0.02,2086.26,437,-0.07,0.00,0.06,3 037.61,sl 2086.26
2024.03.01 21:24:24,438,XAUUSD,buy,in,0.02,2085.81,438,-0.07,0.00,0.00,3 037.54,
2024.03.01 21:33:39,439,XAUUSD,sell,out,0.02,2086.19,439,-0.07,0.00,0.76,3 038.23,sl 2086.20
2024.03.01 21:48:25,440,XAUUSD,buy,in,0.02,2084.97,440,-0.07,0.00,0.00,3 038.16,
2024.03.01 21:58:19,441,XAUUSD,sell,out,0.02,2085.46,441,-0.07,0.00,0.98,3 039.07,sl 2085.47
2024.03.01 22:12:26,442,XAUUSD,buy,in,0.02,2083.87,442,-0.07,0.00,0.00,3 039.00,
2024.03.01 22:30:25,443,XAUUSD,sell,out,0.02,2084.27,443,-0.07,0.00,0.80,3 039.73,sl 2084.27
2024.03.01 22:36:35,444,XAUUSD,buy,in,0.02,2084.78,444,-0.07,0.00,0.00,3 039.66,
2024.03.04 01:12:35,445,XAUUSD,sell,out,0.02,2084.92,445,-0.07,-1.14,0.28,3 038.73,sl 2084.95
2024.03.20 22:25:16,446,XAUUSD,buy,in,0.02,2186.33,446,-0.07,0.00,0.00,3 038.66,
2024.03.20 22:29:42,447,XAUUSD,sell,out,0.02,2188.13,447,-0.07,0.00,3.60,3 042.19,sl 2188.13
2024.03.20 23:26:28,448,XAUUSD,buy,in,0.02,2187.03,448,-0.07,0.00,0.00,3 042.12,
2024.03.21 01:04:49,449,XAUUSD,sell,in,0.02,2187.88,449,-0.07,0.00,0.00,3 042.05,
2024.03.21 01:06:13,450,XAUUSD,sell,out,0.02,2187.99,450,-0.07,-3.42,1.92,3 040.48,sl 2188.00
2024.03.21 17:02:16,451,XAUUSD,buy,out,0.02,2185.18,451,-0.07,0.00,5.40,3 045.81,sl 2184.85
2024.03.28 13:50:17,452,XAUUSD,buy,in,0.02,2212.58,452,-0.07,0.00,0.00,3 045.74,
2024.03.28 13:50:53,453,XAUUSD,sell,out,0.02,2212.45,453,-0.07,0.00,-0.26,3 045.41,sl 2212.62
2024.03.28 15:07:24,454,XAUUSD,buy,in,0.02,2214.97,454,-0.07,0.00,0.00,3 045.34,
2024.03.28 15:17:15,455,XAUUSD,sell,out,0.02,2215.52,455,-0.07,0.00,1.10,3 046.37,sl 2215.69
2024.03.28 15:57:48,456,XAUUSD,buy,in,0.02,2215.42,456,-0.07,0.00,0.00,3 046.30,
2024.03.28 15:58:27,457,XAUUSD,sell,out,0.02,2215.52,457,-0.07,0.00,0.20,3 046.43,sl 2215.56
2024.03.28 18:07:58,458,XAUUSD,buy,in,0.02,2216.24,458,-0.07,0.00,0.00,3 046.36,
2024.03.28 18:27:02,459,XAUUSD,sell,out,0.02,2216.48,459,-0.07,0.00,0.48,3 046.77,sl 2216.49
2024.03.28 19:24:05,460,XAUUSD,buy,in,0.02,2217.66,460,-0.07,0.00,0.00,3 046.70,
2024.03.28 19:27:15,461,XAUUSD,sell,out,0.02,2218.72,461,-0.07,0.00,2.12,3 048.75,sl 2218.76
2024.03.28 19:48:10,462,XAUUSD,buy,in,0.02,2222.97,462,-0.07,0.00,0.00,3 048.68,
2024.03.28 21:26:12,463,XAUUSD,sell,in,0.02,2221.48,463,-0.07,0.00,0.00,3 048.61,
2024.03.28 21:35:46,464,XAUUSD,buy,out,0.02,2219.60,464,-0.07,0.00,3.76,3 052.30,sl 2219.60
2024.03.28 23:46:43,465,XAUUSD,sell,out,0.02,2223.86,465,-0.07,0.00,1.78,3 054.01,sl 2223.89
2024.04.05 17:26:50,466,XAUUSD,buy,in,0.02,2309.91,466,-0.07,0.00,0.00,3 053.94,
2024.04.05 17:28:58,467,XAUUSD,sell,out,0.02,2310.24,467,-0.07,0.00,0.66,3 054.53,sl 2310.27
2024.04.05 17:50:56,468,XAUUSD,buy,in,0.02,2318.22,468,-0.07,0.00,0.00,3 054.46,
2024.04.05 17:52:31,469,XAUUSD,sell,out,0.02,2318.60,469,-0.07,0.00,0.76,3 055.15,sl 2318.63
2024.04.05 18:14:58,470,XAUUSD,buy,in,0.02,2324.04,470,-0.07,0.00,0.00,3 055.08,
2024.04.05 18:16:27,471,XAUUSD,sell,out,0.02,2324.17,471,-0.07,0.00,0.26,3 055.27,sl 2324.19
2024.04.05 18:39:11,472,XAUUSD,buy,in,0.02,2327.75,472,-0.07,0.00,0.00,3 055.20,
2024.04.05 18:41:56,473,XAUUSD,sell,out,0.02,2327.75,473,-0.07,0.00,0.00,3 055.13,sl 2327.79
2024.04.05 19:03:18,474,XAUUSD,buy,in,0.02,2328.23,474,-0.07,0.00,0.00,3 055.06,
2024.04.05 19:07:34,475,XAUUSD,sell,out,0.02,2328.62,475,-0.07,0.00,0.78,3 055.77,sl 2328.64
2024.04.05 19:27:23,476,XAUUSD,buy,in,0.02,2325.16,476,-0.07,0.00,0.00,3 055.70,
2024.04.05 19:29:47,477,XAUUSD,sell,out,0.02,2325.13,477,-0.07,0.00,-0.06,3 055.57,sl 2325.33
2024.04.05 19:51:28,478,XAUUSD,buy,in,0.02,2326.93,478,-0.07,0.00,0.00,3 055.50,
2024.04.05 19:57:06,479,XAUUSD,sell,out,0.02,2327.16,479,-0.07,0.00,0.46,3 055.89,sl 2327.17
2024.04.05 20:15:28,480,XAUUSD,buy,in,0.02,2326.89,480,-0.07,0.00,0.00,3 055.82,
2024.04.05 20:17:34,481,XAUUSD,sell,out,0.02,2326.85,481,-0.07,0.00,-0.08,3 055.67,sl 2326.93
2024.04.05 20:39:37,482,XAUUSD,buy,in,0.02,2327.50,482,-0.07,0.00,0.00,3 055.60,
2024.04.05 20:44:30,483,XAUUSD,sell,out,0.02,2327.60,483,-0.07,0.00,0.20,3 055.73,sl 2327.64
2024.04.05 21:03:38,484,XAUUSD,buy,in,0.02,2323.86,484,-0.07,0.00,0.00,3 055.66,
2024.04.05 21:04:05,485,XAUUSD,sell,out,0.02,2323.85,485,-0.07,0.00,-0.02,3 055.57,sl 2323.89
2024.04.05 21:27:40,486,XAUUSD,buy,in,0.02,2326.42,486,-0.07,0.00,0.00,3 055.50,
2024.04.05 21:45:03,487,XAUUSD,sell,out,0.02,2326.59,487,-0.07,0.00,0.34,3 055.77,sl 2326.60
2024.04.05 21:51:42,488,XAUUSD,buy,in,0.02,2326.18,488,-0.07,0.00,0.00,3 055.70,
2024.04.05 23:30:04,489,XAUUSD,sell,in,0.02,2324.83,489,-0.07,0.00,0.00,3 055.63,
2024.04.05 23:39:44,490,XAUUSD,sell,out,0.02,2327.30,490,-0.07,0.00,2.24,3 057.80,sl 2327.31
2024.04.08 01:02:02,491,XAUUSD,buy,out,0.02,2321.73,491,-0.07,0.81,6.20,3 064.74,sl 2321.73
2024.04.11 22:42:56,492,XAUUSD,buy,in,0.02,2368.33,492,-0.07,0.00,0.00,3 064.67,
2024.04.11 22:43:23,493,XAUUSD,sell,out,0.02,2368.94,493,-0.07,0.00,1.22,3 065.82,sl 2368.99
2024.04.11 23:06:56,494,XAUUSD,buy,in,0.02,2374.23,494,-0.07,0.00,0.00,3 065.75,
2024.04.11 23:21:13,495,XAUUSD,sell,out,0.02,2375.14,495,-0.07,0.00,1.82,3 067.50,sl 2375.20
2024.04.11 23:31:14,496,XAUUSD,buy,in,0.02,2376.01,496,-0.07,0.00,0.00,3 067.43,
2024.04.11 23:33:56,497,XAUUSD,sell,out,0.02,2376.21,497,-0.07,0.00,0.40,3 067.76,sl 2376.25
2024.04.11 23:55:20,498,XAUUSD,buy,in,0.02,2374.90,498,-0.07,0.00,0.00,3 067.69,
2024.04.12 01:09:27,499,XAUUSD,sell,out,0.02,2376.01,499,-0.07,-1.14,2.22,3 068.70,sl 2376.28
2024.04.12 01:09:29,500,XAUUSD,buy,in,0.02,2376.31,500,-0.07,0.00,0.00,3 068.63,
2024.04.12 01:10:32,501,XAUUSD,sell,out,0.02,2376.81,501,-0.07,0.00,1.00,3 069.56,sl 2376.83
2024.04.12 01:33:34,502,XAUUSD,buy,in,0.02,2373.51,502,-0.07,0.00,0.00,3 069.49,
2024.04.12 01:52:04,503,XAUUSD,sell,out,0.02,2374.00,503,-0.07,0.00,0.98,3 070.40,sl 2374.02
2024.04.12 01:57:35,504,XAUUSD,buy,in,0.02,2374.05,504,-0.07,0.00,0.00,3 070.33,
2024.04.12 02:01:54,505,XAUUSD,sell,out,0.02,2374.22,505,-0.07,0.00,0.34,3 070.60,sl 2374.38
2024.04.12 02:21:43,506,XAUUSD,buy,in,0.02,2376.27,506,-0.07,0.00,0.00,3 070.53,
2024.04.12 02:28:42,507,XAUUSD,sell,out,0.02,2376.25,507,-0.07,0.00,-0.04,3 070.42,sl 2376.31
2024.04.12 02:45:59,508,XAUUSD,buy,in,0.02,2375.61,508,-0.07,0.00,0.00,3 070.35,
2024.04.12 02:53:25,509,XAUUSD,sell,out,0.02,2376.49,509,-0.07,0.00,1.76,3 072.04,sl 2376.55
2024.04.12 03:10:02,510,XAUUSD,buy,in,0.02,2376.51,510,-0.07,0.00,0.00,3 071.97,
2024.04.12 03:54:18,511,XAUUSD,sell,out,0.02,2378.64,511,-0.07,0.00,4.26,3 076.16,sl 2378.65
2024.04.12 03:54:27,512,XAUUSD,buy,in,0.02,2378.60,512,-0.07,0.00,0.00,3 076.09,
2024.04.12 04:01:08,513,XAUUSD,sell,out,0.02,2383.44,513,-0.07,0.00,9.68,3 085.70,sl 2383.77
2024.04.12 04:18:27,514,XAUUSD,buy,in,0.02,2384.46,514,-0.07,0.00,0.00,3 085.63,
2024.04.12 04:19:04,515,XAUUSD,sell,out,0.02,2384.76,515,-0.07,0.00,0.60,3 086.16,sl 2384.83
2024.04.12 04:42:31,516,XAUUSD,buy,in,0.02,2387.34,516,-0.07,0.00,0.00,3 086.09,
2024.04.12 04:43:50,517,XAUUSD,sell,out,0.02,2387.36,517,-0.07,0.00,0.04,3 086.06,sl 2387.37
2024.04.12 05:06:30,518,XAUUSD,buy,in,0.02,2394.80,518,-0.07,0.00,0.00,3 085.99,
2024.04.12 05:07:36,519,XAUUSD,sell,out,0.02,2394.88,519,-0.07,0.00,0.16,3 086.08,sl 2394.94
2024.04.12 05:30:36,520,XAUUSD,buy,in,0.02,2389.52,520,-0.07,0.00,0.00,3 086.01,
2024.04.12 05:33:15,521,XAUUSD,sell,out,0.02,2389.71,521,-0.07,0.00,0.38,3 086.32,
2024.04.12 05:54:41,522,XAUUSD,buy,in,0.02,2390.57,522,-0.07,0.00,0.00,3 086.25,
2024.04.12 05:56:03,523,XAUUSD,sell,out,0.02,2391.62,523,-0.07,0.00,2.10,3 088.28,sl 2391.65
2024.04.12 06:18:43,524,XAUUSD,buy,in,0.02,2388.75,524,-0.07,0.00,0.00,3 088.21,
2024.04.12 06:19:42,525,XAUUSD,sell,out,0.02,2388.93,525,-0.07,0.00,0.36,3 088.50,sl 2388.94
2024.04.12 06:42:43,526,XAUUSD,buy,in,0.02,2385.20,526,-0.07,0.00,0.00,3 088.43,
2024.04.12 07:20:23,527,XAUUSD,sell,out,0.02,2386.47,527,-0.07,0.00,2.54,3 090.90,sl 2386.54
2024.04.12 07:20:30,528,XAUUSD,buy,in,0.02,2386.42,528,-0.07,0.00,0.00,3 090.83,
2024.04.12 07:22:25,529,XAUUSD,sell,out,0.02,2386.43,529,-0.07,0.00,0.02,3 090.78,sl 2386.44
2024.04.12 07:44:32,530,XAUUSD,buy,in,0.02,2384.67,530,-0.07,0.00,0.00,3 090.71,
2024.04.12 07:51:56,531,XAUUSD,sell,out,0.02,2386.02,531,-0.07,0.00,2.70,3 093.34,sl 2386.12
2024.04.12 08:08:36,532,XAUUSD,buy,in,0.02,2386.19,532,-0.07,0.00,0.00,3 093.27,
2024.04.12 08:33:29,533,XAUUSD,sell,out,0.02,2386.38,533,-0.07,0.00,0.38,3 093.58,sl 2386.38
2024.04.12 08:33:40,534,XAUUSD,buy,in,0.02,2386.72,534,-0.07,0.00,0.00,3 093.51,
2024.04.12 08:35:16,535,XAUUSD,sell,out,0.02,2387.10,535,-0.07,0.00,0.76,3 094.20,sl 2387.10
2024.04.12 08:57:46,536,XAUUSD,buy,in,0.02,2388.52,536,-0.07,0.00,0.00,3 094.13,
2024.04.12 09:35:34,537,XAUUSD,sell,out,0.02,2390.24,537,-0.07,0.00,3.44,3 097.50,sl 2390.28
2024.04.12 09:35:38,538,XAUUSD,buy,in,0.02,2390.26,538,-0.07,0.00,0.00,3 097.43,
2024.04.12 09:37:03,539,XAUUSD,sell,out,0.02,2391.12,539,-0.07,0.00,1.72,3 099.08,sl 2391.14
2024.04.12 09:59:45,540,XAUUSD,buy,in,0.02,2395.09,540,-0.07,0.00,0.00,3 099.01,
2024.04.12 10:09:57,541,XAUUSD,sell,out,0.02,2397.68,541,-0.07,0.00,5.18,3 104.12,sl 2397.69
2024.04.12 10:23:50,542,XAUUSD,buy,in,0.02,2397.16,542,-0.07,0.00,0.00,3 104.05,
2024.04.12 10:58:25,543,XAUUSD,sell,out,0.02,2399.71,543,-0.07,0.00,5.10,3 109.08,sl 2399.84
2024.04.12 10:58:26,544,XAUUSD,buy,in,0.02,2399.74,544,-0.07,0.00,0.00,3 109.01,
2024.04.12 10:58:52,545,XAUUSD,sell,out,0.02,2399.73,545,-0.07,0.00,-0.02,3 108.92,sl 2399.77
2024.04.12 11:22:26,546,XAUUSD,buy,in,0.02,2398.92,546,-0.07,0.00,0.00,3 108.85,
2024.04.12 11:25:17,547,XAUUSD,sell,out,0.02,2398.92,547,-0.07,0.00,0.00,3 108.78,sl 2398.94
2024.04.12 11:46:29,548,XAUUSD,buy,in,0.02,2395.60,548,-0.07,0.00,0.00,3 108.71,
2024.04.12 11:48:56,549,XAUUSD,sell,out,0.02,2396.16,549,-0.07,0.00,1.12,3 109.76,sl 2396.28
2024.04.12 12:10:35,550,XAUUSD,buy,in,0.02,2395.94,550,-0.07,0.00,0.00,3 109.69,
2024.04.12 12:12:05,551,XAUUSD,sell,out,0.02,2395.99,551,-0.07,0.00,0.10,3 109.72,sl 2396.09
2024.04.12 12:34:38,552,XAUUSD,buy,in,0.02,2395.32,552,-0.07,0.00,0.00,3 109.65,
2024.04.12 12:37:03,553,XAUUSD,sell,out,0.02,2395.63,553,-0.07,0.00,0.62,3 110.20,sl 2395.70
2024.04.12 12:58:42,554,XAUUSD,buy,in,0.02,2398.12,554,-0.07,0.00,0.00,3 110.13,
2024.04.12 13:04:03,555,XAUUSD,sell,out,0.02,2398.23,555,-0.07,0.00,0.22,3 110.28,sl 2398.23
2024.04.12 13:22:42,556,XAUUSD,buy,in,0.02,2397.92,556,-0.07,0.00,0.00,3 110.21,
2024.04.12 13:27:42,557,XAUUSD,sell,out,0.02,2398.39,557,-0.07,0.00,0.94,3 111.08,sl 2398.43
2024.04.12 13:46:59,558,XAUUSD,buy,in,0.02,2399.24,558,-0.07,0.00,0.00,3 111.01,
2024.04.12 13:48:09,559,XAUUSD,sell,out,0.02,2399.44,559,-0.07,0.00,0.40,3 111.34,sl 2399.52
2024.04.12 14:11:07,560,XAUUSD,buy,in,0.02,2395.91,560,-0.07,0.00,0.00,3 111.27,
2024.04.12 14:12:01,561,XAUUSD,sell,out,0.02,2396.00,561,-0.07,0.00,0.18,3 111.38,sl 2396.01
2024.04.12 14:35:10,562,XAUUSD,buy,in,0.02,2391.38,562,-0.07,0.00,0.00,3 111.31,
2024.04.12 14:40:09,563,XAUUSD,sell,out,0.02,2393.40,563,-0.07,0.00,4.04,3 115.28,sl 2393.48
2024.04.12 14:59:17,564,XAUUSD,buy,in,0.02,2395.23,564,-0.07,0.00,0.00,3 115.21,
2024.04.12 15:00:17,565,XAUUSD,sell,out,0.02,2395.19,565,-0.07,0.00,-0.08,3 115.06,sl 2395.31
2024.04.12 15:23:16,566,XAUUSD,buy,in,0.02,2396.07,566,-0.07,0.00,0.00,3 114.99,
2024.04.12 15:26:05,567,XAUUSD,sell,out,0.02,2396.48,567,-0.07,0.00,0.82,3 115.74,sl 2396.52
2024.04.12 21:44:27,568,XAUUSD,sell,in,0.02,2336.31,568,-0.07,0.00,0.00,3 115.67,
2024.04.12 21:53:40,569,XAUUSD,buy,out,0.02,2336.34,569,-0.07,0.00,-0.06,3 115.54,sl 2336.27
2024.04.12 22:15:30,570,XAUUSD,sell,in,0.02,2335.77,570,-0.07,0.00,0.00,3 115.47,
2024.04.12 23:53:32,571,XAUUSD,buy,in,0.02,2344.82,571,-0.07,0.00,0.00,3 115.40,
2024.04.15 01:02:07,572,XAUUSD,sell,out,0.02,2359.02,572,-0.07,-1.14,28.40,3 142.59,
2024.04.15 01:02:14,573,XAUUSD,buy,out,0.02,2357.13,573,-0.07,0.81,-42.72,3 100.61,
2024.04.15 17:07:34,574,XAUUSD,sell,in,0.02,2331.40,574,-0.07,0.00,0.00,3 100.54,
2024.04.15 17:07:38,575,XAUUSD,buy,out,0.02,2331.46,575,-0.07,0.00,-0.12,3 100.35,sl 2331.39
2024.04.16 01:15:30,576,XAUUSD,buy,in,0.02,2389.36,576,-0.07,0.00,0.00,3 100.28,
2024.04.16 01:16:12,577,XAUUSD,sell,out,0.02,2389.55,577,-0.07,0.00,0.38,3 100.59,sl 2389.57
2024.04.16 19:46:41,578,XAUUSD,buy,in,0.02,2396.40,578,-0.07,0.00,0.00,3 100.52,
2024.04.16 19:47:31,579,XAUUSD,sell,out,0.02,2396.69,579,-0.07,0.00,0.58,3 101.03,sl 2396.69
2024.04.19 04:34:12,580,XAUUSD,buy,in,0.02,2406.27,580,-0.07,0.00,0.00,3 100.96,
2024.04.19 04:34:40,581,XAUUSD,sell,out,0.02,2409.03,581,-0.07,0.00,5.52,3 106.41,sl 2409.05
2024.04.19 04:58:24,582,XAUUSD,buy,in,0.02,2410.43,582,-0.07,0.00,0.00,3 106.34,
2024.04.19 05:01:29,583,XAUUSD,sell,out,0.02,2413.45,583,-0.07,0.00,6.04,3 112.31,sl 2413.45
2024.04.19 05:22:26,584,XAUUSD,buy,in,0.02,2409.58,584,-0.07,0.00,0.00,3 112.24,
2024.04.19 05:23:09,585,XAUUSD,sell,out,0.02,2410.45,585,-0.07,0.00,1.74,3 113.91,sl 2410.46
2024.04.19 05:49:10,586,XAUUSD,buy,in,0.02,2406.72,586,-0.07,0.00,0.00,3 113.84,
2024.04.19 05:49:17,587,XAUUSD,sell,out,0.02,2406.81,587,-0.07,0.00,0.18,3 113.95,sl 2406.82
2024.04.22 09:47:09,588,XAUUSD,sell,in,0.02,2353.99,588,-0.07,0.00,0.00,3 113.88,
2024.04.22 09:48:03,589,XAUUSD,buy,out,0.02,2353.14,589,-0.07,0.00,1.70,3 115.51,sl 2353.10
2024.04.22 14:07:47,590,XAUUSD,sell,in,0.02,2349.55,590,-0.07,0.00,0.00,3 115.44,
2024.04.22 14:08:29,591,XAUUSD,buy,out,0.02,2348.43,591,-0.07,0.00,2.24,3 117.61,sl 2348.42
2024.04.22 14:31:49,592,XAUUSD,sell,in,0.02,2343.68,592,-0.07,0.00,0.00,3 117.54,
2024.04.22 14:32:20,593,XAUUSD,buy,out,0.02,2343.35,593,-0.07,0.00,0.66,3 118.13,sl 2343.35
2024.04.22 14:55:56,594,XAUUSD,sell,in,0.02,2342.00,594,-0.07,0.00,0.00,3 118.06,
2024.04.22 15:02:12,595,XAUUSD,buy,out,0.02,2338.39,595,-0.07,0.00,7.22,3 125.21,sl 2338.38
2024.04.22 15:20:00,596,XAUUSD,sell,in,0.02,2345.96,596,-0.07,0.00,0.00,3 125.14,
2024.04.22 15:20:38,597,XAUUSD,buy,out,0.02,2345.41,597,-0.07,0.00,1.10,3 126.17,sl 2345.40
2024.04.22 15:44:05,598,XAUUSD,sell,in,0.02,2343.32,598,-0.07,0.00,0.00,3 126.10,
2024.04.22 15:45:19,599,XAUUSD,buy,out,0.02,2342.02,599,-0.07,0.00,2.60,3 128.63,sl 2342.01
2024.04.22 16:08:05,600,XAUUSD,sell,in,0.02,2336.92,600,-0.07,0.00,0.00,3 128.56,
2024.04.22 16:08:50,601,XAUUSD,buy,out,0.02,2336.18,601,-0.07,0.00,1.48,3 129.97,sl 2336.18
2024.04.22 16:32:10,602,XAUUSD,sell,in,0.02,2336.55,602,-0.07,0.00,0.00,3 129.90,
2024.04.22 16:32:28,603,XAUUSD,buy,out,0.02,2335.39,603,-0.07,0.00,2.32,3 132.15,sl 2335.39
2024.04.22 16:56:13,604,XAUUSD,sell,in,0.02,2337.51,604,-0.07,0.00,0.00,3 132.08,
2024.04.22 17:00:56,605,XAUUSD,buy,out,0.02,2337.20,605,-0.07,0.00,0.62,3 132.63,sl 2337.20
2024.04.22 17:20:27,606,XAUUSD,sell,in,0.02,2335.42,606,-0.07,0.00,0.00,3 132.56,
2024.04.22 18:11:11,607,XAUUSD,buy,out,0.02,2335.40,607,-0.07,0.00,0.04,3 132.53,sl 2335.40
2024.04.22 18:11:15,608,XAUUSD,sell,in,0.02,2335.21,608,-0.07,0.00,0.00,3 132.46,
2024.04.22 18:19:45,609,XAUUSD,buy,out,0.02,2335.26,609,-0.07,0.00,-0.10,3 132.29,sl 2335.20
2024.04.22 18:35:25,610,XAUUSD,sell,in,0.02,2337.21,610,-0.07,0.00,0.00,3 132.22,
2024.04.22 18:36:06,611,XAUUSD,buy,out,0.02,2336.88,611,-0.07,0.00,0.66,3 132.81,sl 2336.86
2024.04.22 18:59:30,612,XAUUSD,sell,in,0.02,2335.55,612,-0.07,0.00,0.00,3 132.74,
2024.04.22 19:00:55,613,XAUUSD,buy,out,0.02,2334.81,613,-0.07,0.00,1.48,3 134.15,sl 2334.80
2024.04.22 19:23:34,614,XAUUSD,sell,in,0.02,2331.74,614,-0.07,0.00,0.00,3 134.08,
2024.04.22 19:25:22,615,XAUUSD,buy,out,0.02,2331.56,615,-0.07,0.00,0.36,3 134.37,sl 2331.56
2024.04.22 19:47:51,616,XAUUSD,sell,in,0.02,2330.48,616,-0.07,0.00,0.00,3 134.30,
2024.04.22 19:49:23,617,XAUUSD,buy,out,0.02,2330.22,617,-0.07,0.00,0.52,3 134.75,sl 2330.21
2024.04.22 20:11:59,618,XAUUSD,sell,in,0.02,2333.96,618,-0.07,0.00,0.00,3 134.68,
2024.04.22 20:15:50,619,XAUUSD,buy,out,0.02,2331.32,619,-0.07,0.00,5.28,3 139.89,sl 2331.32
2024.04.22 20:36:03,620,XAUUSD,sell,in,0.02,2333.03,620,-0.07,0.00,0.00,3 139.82,
2024.04.22 20:41:07,621,XAUUSD,buy,out,0.02,2332.18,621,-0.07,0.00,1.70,3 141.45,sl 2332.15
2024.04.22 21:00:11,622,XAUUSD,sell,in,0.02,2330.42,622,-0.07,0.00,0.00,3 141.38,
2024.04.22 21:05:48,623,XAUUSD,buy,out,0.02,2327.98,623,-0.07,0.00,4.88,3 146.19,
2024.04.22 21:24:12,624,XAUUSD,sell,in,0.02,2326.74,624,-0.07,0.00,0.00,3 146.12,
2024.04.22 21:29:06,625,XAUUSD,buy,out,0.02,2325.93,625,-0.07,0.00,1.62,3 147.67,sl 2325.92
2024.04.22 21:48:16,626,XAUUSD,sell,in,0.02,2328.32,626,-0.07,0.00,0.00,3 147.60,
2024.04.22 21:55:29,627,XAUUSD,buy,out,0.02,2327.77,627,-0.07,0.00,1.10,3 148.63,sl 2327.76
2024.04.22 22:12:21,628,XAUUSD,sell,in,0.02,2331.37,628,-0.07,0.00,0.00,3 148.56,
2024.04.22 22:20:55,629,XAUUSD,buy,out,0.02,2330.23,629,-0.07,0.00,2.28,3 150.77,sl 2330.23
2024.04.22 22:36:23,630,XAUUSD,sell,in,0.02,2329.82,630,-0.07,0.00,0.00,3 150.70,
2024.04.22 22:41:18,631,XAUUSD,buy,out,0.02,2329.45,631,-0.07,0.00,0.74,3 151.37,sl 2329.45
2024.04.22 23:00:25,632,XAUUSD,sell,in,0.02,2329.46,632,-0.07,0.00,0.00,3 151.30,
2024.04.22 23:08:42,633,XAUUSD,buy,out,0.02,2329.29,633,-0.07,0.00,0.34,3 151.57,sl 2329.29
2024.04.22 23:24:33,634,XAUUSD,sell,in,0.02,2329.86,634,-0.07,0.00,0.00,3 151.50,
2024.04.22 23:55:00,635,XAUUSD,buy,out,0.02,2326.18,635,-0.07,0.00,7.36,3 158.79,sl 2326.16
2024.04.22 23:55:02,636,XAUUSD,sell,in,0.02,2325.98,636,-0.07,0.00,0.00,3 158.72,
2024.04.23 01:33:11,637,XAUUSD,buy,in,0.02,2327.76,637,-0.07,0.00,0.00,3 158.65,
2024.04.23 01:35:07,638,XAUUSD,sell,out,0.02,2328.81,638,-0.07,0.00,2.10,3 160.68,sl 2328.81
2024.04.23 04:37:23,639,XAUUSD,buy,out,0.02,2321.75,639,-0.07,0.81,8.46,3 169.88,sl 2321.75
2024.04.30 17:09:25,640,XAUUSD,sell,in,0.02,2301.88,640,-0.07,0.00,0.00,3 169.81,
2024.04.30 17:09:42,641,XAUUSD,buy,out,0.02,2301.89,641,-0.07,0.00,-0.02,3 169.72,sl 2301.87
2024.04.30 17:33:25,642,XAUUSD,sell,in,0.02,2299.29,642,-0.07,0.00,0.00,3 169.65,
2024.04.30 17:35:13,643,XAUUSD,buy,out,0.02,2299.22,643,-0.07,0.00,0.14,3 169.72,sl 2299.22
2024.04.30 17:57:31,644,XAUUSD,sell,in,0.02,2296.22,644,-0.07,0.00,0.00,3 169.65,
2024.04.30 17:58:22,645,XAUUSD,buy,out,0.02,2296.05,645,-0.07,0.00,0.34,3 169.92,sl 2295.91
2024.04.30 18:21:30,646,XAUUSD,sell,in,0.02,2298.17,646,-0.07,0.00,0.00,3 169.85,
2024.04.30 18:23:41,647,XAUUSD,buy,out,0.02,2297.22,647,-0.07,0.00,1.90,3 171.68,sl 2297.22
2024.04.30 18:45:31,648,XAUUSD,sell,in,0.02,2295.48,648,-0.07,0.00,0.00,3 171.61,
2024.04.30 18:46:07,649,XAUUSD,buy,out,0.02,2295.15,649,-0.07,0.00,0.66,3 172.20,sl 2295.14
2024.04.30 19:09:34,650,XAUUSD,sell,in,0.02,2298.08,650,-0.07,0.00,0.00,3 172.13,
2024.04.30 19:17:46,651,XAUUSD,buy,out,0.02,2297.50,651,-0.07,0.00,1.16,3 173.22,sl 2297.49
2024.04.30 19:33:36,652,XAUUSD,sell,in,0.02,2296.50,652,-0.07,0.00,0.00,3 173.15,
2024.04.30 19:34:38,653,XAUUSD,buy,out,0.02,2295.77,653,-0.07,0.00,1.46,3 174.54,sl 2295.77
2024.04.30 19:57:42,654,XAUUSD,sell,in,0.02,2295.93,654,-0.07,0.00,0.00,3 174.47,
2024.04.30 19:59:53,655,XAUUSD,buy,out,0.02,2295.21,655,-0.07,0.00,1.44,3 175.84,sl 2295.20
2024.04.30 20:21:44,656,XAUUSD,sell,in,0.02,2295.85,656,-0.07,0.00,0.00,3 175.77,
2024.04.30 20:24:44,657,XAUUSD,buy,out,0.02,2294.09,657,-0.07,0.00,3.52,3 179.22,sl 2294.02
2024.04.30 20:45:48,658,XAUUSD,sell,in,0.02,2294.72,658,-0.07,0.00,0.00,3 179.15,
2024.04.30 20:52:46,659,XAUUSD,buy,out,0.02,2294.71,659,-0.07,0.00,0.02,3 179.10,sl 2294.71
2024.04.30 21:10:04,660,XAUUSD,sell,in,0.02,2296.38,660,-0.07,0.00,0.00,3 179.03,
2024.04.30 21:16:39,661,XAUUSD,buy,out,0.02,2295.97,661,-0.07,0.00,0.82,3 179.78,sl 2295.96
2024.04.30 21:34:09,662,XAUUSD,sell,in,0.02,2295.18,662,-0.07,0.00,0.00,3 179.71,
2024.04.30 21:38:06,663,XAUUSD,buy,out,0.02,2294.63,663,-0.07,0.00,1.10,3 180.74,sl 2294.63
2024.04.30 21:58:13,664,XAUUSD,sell,in,0.02,2290.79,664,-0.07,0.00,0.00,3 180.67,
2024.04.30 22:00:48,665,XAUUSD,buy,out,0.02,2290.41,665,-0.07,0.00,0.76,3 181.36,sl 2290.40
2024.04.30 22:22:20,666,XAUUSD,sell,in,0.02,2291.74,666,-0.07,0.00,0.00,3 181.29,
2024.04.30 22:58:01,667,XAUUSD,buy,out,0.02,2291.55,667,-0.07,0.00,0.38,3 181.60,sl 2291.48
2024.04.30 22:58:02,668,XAUUSD,sell,in,0.02,2291.16,668,-0.07,0.00,0.00,3 181.53,
2024.04.30 22:59:30,669,XAUUSD,buy,out,0.02,2290.14,669,-0.07,0.00,2.04,3 183.50,sl 2290.12
2024.04.30 23:22:07,670,XAUUSD,sell,in,0.02,2291.69,670,-0.07,0.00,0.00,3 183.43,
2024.04.30 23:22:56,671,XAUUSD,buy,out,0.02,2291.66,671,-0.07,0.00,0.06,3 183.42,sl 2291.66
2024.04.30 23:46:07,672,XAUUSD,sell,in,0.02,2286.81,672,-0.07,0.00,0.00,3 183.35,
2024.04.30 23:50:08,673,XAUUSD,buy,out,0.02,2286.00,673,-0.07,0.00,1.62,3 184.90,sl 2285.95
2024.05.01 01:02:03,674,XAUUSD,sell,in,0.02,2287.60,674,-0.07,0.00,0.00,3 184.83,
2024.05.01 02:40:06,675,XAUUSD,buy,in,0.02,2292.69,675,-0.07,0.00,0.00,3 184.76,
2024.05.01 02:44:46,676,XAUUSD,sell,out,0.02,2292.72,676,-0.07,0.00,0.06,3 184.75,sl 2292.72
2024.05.01 03:49:55,677,XAUUSD,buy,out,0.02,2287.52,677,-0.07,0.00,0.16,3 184.84,sl 2287.51
2024.05.03 16:35:35,678,XAUUSD,sell,in,0.02,2278.59,678,-0.07,0.00,0.00,3 184.77,
2024.05.03 16:36:02,679,XAUUSD,buy,out,0.02,2278.56,679,-0.07,0.00,0.06,3 184.76,sl 2278.49
2024.05.09 23:08:02,680,XAUUSD,buy,in,0.02,2345.34,680,-0.07,0.00,0.00,3 184.69,
2024.05.09 23:15:23,681,XAUUSD,sell,out,0.02,2346.14,681,-0.07,0.00,1.60,3 186.22,sl 2346.14
2024.05.09 23:36:55,682,XAUUSD,buy,in,0.02,2345.37,682,-0.07,0.00,0.00,3 186.15,
2024.05.09 23:57:15,683,XAUUSD,sell,out,0.02,2346.10,683,-0.07,0.00,1.46,3 187.54,sl 2346.10
2024.05.10 01:02:01,684,XAUUSD,buy,in,0.02,2346.85,684,-0.07,0.00,0.00,3 187.47,
2024.05.10 01:10:49,685,XAUUSD,sell,out,0.02,2347.25,685,-0.07,0.00,0.80,3 188.20,sl 2347.31
2024.05.10 01:30:43,686,XAUUSD,buy,in,0.02,2346.20,686,-0.07,0.00,0.00,3 188.13,
2024.05.10 01:59:29,687,XAUUSD,sell,out,0.02,2346.44,687,-0.07,0.00,0.48,3 188.54,sl 2346.45
2024.05.10 01:59:29,688,XAUUSD,buy,in,0.02,2346.49,688,-0.07,0.00,0.00,3 188.47,
2024.05.10 02:13:13,689,XAUUSD,sell,out,0.02,2347.08,689,-0.07,0.00,1.18,3 189.58,sl 2347.08
2024.05.10 02:23:34,690,XAUUSD,buy,in,0.02,2348.10,690,-0.07,0.00,0.00,3 189.51,
2024.05.10 03:32:11,691,XAUUSD,sell,out,0.02,2348.51,691,-0.07,0.00,0.82,3 190.26,sl 2348.52
2024.05.10 03:32:13,692,XAUUSD,buy,in,0.02,2348.74,692,-0.07,0.00,0.00,3 190.19,
2024.05.10 04:01:27,693,XAUUSD,sell,out,0.02,2349.52,693,-0.07,0.00,1.56,3 191.68,sl 2349.52
2024.05.10 04:01:34,694,XAUUSD,buy,in,0.02,2349.92,694,-0.07,0.00,0.00,3 191.61,
2024.05.10 04:02:50,695,XAUUSD,sell,out,0.02,2351.49,695,-0.07,0.00,3.14,3 194.68,sl 2351.50
2024.05.10 04:25:38,696,XAUUSD,buy,in,0.02,2353.89,696,-0.07,0.00,0.00,3 194.61,
2024.05.10 04:26:50,697,XAUUSD,sell,out,0.02,2354.06,697,-0.07,0.00,0.34,3 194.88,sl 2354.06
2024.05.10 04:49:48,698,XAUUSD,buy,in,0.02,2350.34,698,-0.07,0.00,0.00,3 194.81,
2024.05.10 04:57:39,699,XAUUSD,sell,out,0.02,2351.73,699,-0.07,0.00,2.78,3 197.52,sl 2351.73
2024.05.10 05:13:47,700,XAUUSD,buy,in,0.02,2350.69,700,-0.07,0.00,0.00,3 197.45,
2024.05.10 05:15:16,701,XAUUSD,sell,out,0.02,2350.83,701,-0.07,0.00,0.28,3 197.66,sl 2350.85
2024.05.10 05:45:45,702,XAUUSD,buy,in,0.02,2349.75,702,-0.07,0.00,0.00,3 197.59,
2024.05.10 05:51:48,703,XAUUSD,sell,out,0.02,2350.08,703,-0.07,0.00,0.66,3 198.18,sl 2350.08
2024.05.10 06:17:23,704,XAUUSD,buy,in,0.02,2350.46,704,-0.07,0.00,0.00,3 198.11,
2024.05.10 06:25:15,705,XAUUSD,sell,out,0.02,2351.27,705,-0.07,0.00,1.62,3 199.66,sl 2351.27
2024.05.10 06:41:27,706,XAUUSD,buy,in,0.02,2352.44,706,-0.07,0.00,0.00,3 199.59,
2024.05.10 06:55:37,707,XAUUSD,sell,out,0.02,2353.12,707,-0.07,0.00,1.36,3 200.88,sl 2353.14
2024.05.10 07:05:38,708,XAUUSD,buy,in,0.02,2352.85,708,-0.07,0.00,0.00,3 200.81,
2024.05.10 07:34:35,709,XAUUSD,sell,out,0.02,2353.07,709,-0.07,0.00,0.44,3 201.18,sl 2353.08
2024.05.10 07:34:37,710,XAUUSD,buy,in,0.02,2353.10,710,-0.07,0.00,0.00,3 201.11,
2024.05.10 07:40:05,711,XAUUSD,sell,out,0.02,2353.60,711,-0.07,0.00,1.00,3 202.04,sl 2353.64
2024.05.10 07:58:50,712,XAUUSD,buy,in,0.02,2353.67,712,-0.07,0.00,0.00,3 201.97,
2024.05.10 08:03:51,713,XAUUSD,sell,out,0.02,2354.55,713,-0.07,0.00,1.76,3 203.66,sl 2354.57
2024.05.10 08:22:50,714,XAUUSD,buy,in,0.02,2355.39,714,-0.07,0.00,0.00,3 203.59,
2024.05.10 08:27:40,715,XAUUSD,sell,out,0.02,2355.98,715,-0.07,0.00,1.18,3 204.70,sl 2356.00
2024.05.10 08:46:49,716,XAUUSD,buy,in,0.02,2357.29,716,-0.07,0.00,0.00,3 204.63,
2024.05.10 08:48:31,717,XAUUSD,sell,out,0.02,2358.00,717,-0.07,0.00,1.42,3 205.98,sl 2358.00
2024.05.10 09:10:57,718,XAUUSD,buy,in,0.02,2358.87,718,-0.07,0.00,0.00,3 205.91,
2024.05.10 09:11:39,719,XAUUSD,sell,out,0.02,2358.89,719,-0.07,0.00,0.04,3 205.88,sl 2358.89
2024.05.10 09:34:58,720,XAUUSD,buy,in,0.02,2361.54,720,-0.07,0.00,0.00,3 205.81,
2024.05.10 09:39:36,721,XAUUSD,sell,out,0.02,2362.70,721,-0.07,0.00,2.32,3 208.06,sl 2362.70
2024.05.10 09:59:00,722,XAUUSD,buy,in,0.02,2368.89,722,-0.07,0.00,0.00,3 207.99,
2024.05.10 10:00:58,723,XAUUSD,sell,out,0.02,2369.09,723,-0.07,0.00,0.40,3 208.32,sl 2369.13
2024.05.10 10:23:00,724,XAUUSD,buy,in,0.02,2368.20,724,-0.07,0.00,0.00,3 208.25,
2024.05.10 10:27:13,725,XAUUSD,sell,out,0.02,2368.19,725,-0.07,0.00,-0.02,3 208.16,sl 2368.22
2024.05.10 10:47:02,726,XAUUSD,buy,in,0.02,2366.52,726,-0.07,0.00,0.00,3 208.09,
2024.05.10 10:49:14,727,XAUUSD,sell,out,0.02,2366.53,727,-0.07,0.00,0.02,3 208.04,sl 2366.54
2024.05.10 11:11:03,728,XAUUSD,buy,in,0.02,2367.37,728,-0.07,0.00,0.00,3 207.97,
2024.05.10 11:18:39,729,XAUUSD,sell,out,0.02,2368.75,729,-0.07,0.00,2.76,3 210.66,sl 2368.75
2024.05.10 11:35:14,730,XAUUSD,buy,in,0.02,2368.62,730,-0.07,0.00,0.00,3 210.59,
2024.05.10 11:56:32,731,XAUUSD,sell,out,0.02,2371.63,731,-0.07,0.00,6.02,3 216.54,sl 2371.65
2024.05.10 11:59:08,732,XAUUSD,buy,in,0.02,2369.47,732,-0.07,0.00,0.00,3 216.47,
2024.05.10 12:01:19,733,XAUUSD,sell,out,0.02,2370.85,733,-0.07,0.00,2.76,3 219.16,sl 2370.88
2024.05.10 12:23:23,734,XAUUSD,buy,in,0.02,2372.25,734,-0.07,0.00,0.00,3 219.09,
2024.05.10 12:47:14,735,XAUUSD,sell,out,0.02,2372.36,735,-0.07,0.00,0.22,3 219.24,sl 2372.36
2024.05.10 12:47:27,736,XAUUSD,buy,in,0.02,2372.39,736,-0.07,0.00,0.00,3 219.17,
2024.05.10 13:04:49,737,XAUUSD,sell,out,0.02,2373.37,737,-0.07,0.00,1.96,3 221.06,sl 2373.37
2024.05.10 13:11:41,738,XAUUSD,buy,in,0.02,2372.89,738,-0.07,0.00,0.00,3 220.99,
2024.05.10 13:15:12,739,XAUUSD,sell,out,0.02,2373.52,739,-0.07,0.00,1.26,3 222.18,sl 2373.52
2024.05.10 13:35:47,740,XAUUSD,buy,in,0.02,2377.46,740,-0.07,0.00,0.00,3 222.11,
2024.05.10 13:42:14,741,XAUUSD,sell,out,0.02,2377.87,741,-0.07,0.00,0.82,3 222.86,sl 2377.87
2024.05.10 13:59:48,742,XAUUSD,buy,in,0.02,2374.81,742,-0.07,0.00,0.00,3 222.79,
2024.05.10 14:01:07,743,XAUUSD,sell,out,0.02,2375.22,743,-0.07,0.00,0.82,3 223.54,sl 2375.22
2024.05.10 14:23:48,744,XAUUSD,buy,in,0.02,2374.45,744,-0.07,0.00,0.00,3 223.47,
2024.05.10 14:36:26,745,XAUUSD,sell,out,0.02,2374.51,745,-0.07,0.00,0.12,3 223.52,sl 2374.57
2024.05.10 14:47:58,746,XAUUSD,buy,in,0.02,2372.25,746,-0.07,0.00,0.00,3 223.45,
2024.05.10 14:51:46,747,XAUUSD,sell,out,0.02,2372.80,747,-0.07,0.00,1.10,3 224.48,sl 2372.84
2024.05.10 15:11:59,748,XAUUSD,buy,in,0.02,2374.36,748,-0.07,0.00,0.00,3 224.41,
2024.05.10 16:50:11,749,XAUUSD,sell,in,0.02,2366.34,749,-0.07,0.00,0.00,3 224.34,
2024.05.10 16:57:08,750,XAUUSD,buy,out,0.02,2366.33,750,-0.07,0.00,0.02,3 224.29,sl 2366.33
2024.05.13 11:29:51,751,XAUUSD,sell,out,0.02,2345.10,751,-0.07,-1.14,-58.52,3 164.56,
2024.05.15 18:13:34,752,XAUUSD,buy,in,0.02,2380.81,752,-0.07,0.00,0.00,3 164.49,
2024.05.15 18:14:19,753,XAUUSD,sell,out,0.02,2381.49,753,-0.07,0.00,1.36,3 165.78,sl 2381.49
2024.05.15 18:37:36,754,XAUUSD,buy,in,0.02,2380.75,754,-0.07,0.00,0.00,3 165.71,
2024.05.15 18:44:38,755,XAUUSD,sell,out,0.02,2382.85,755,-0.07,0.00,4.20,3 169.84,sl 2382.85
2024.05.15 19:13:11,756,XAUUSD,buy,in,0.02,2381.50,756,-0.07,0.00,0.00,3 169.77,
2024.05.15 19:14:40,757,XAUUSD,sell,out,0.02,2381.82,757,-0.07,0.00,0.64,3 170.34,sl 2381.83
2024.05.15 19:37:11,758,XAUUSD,buy,in,0.02,2383.61,758,-0.07,0.00,0.00,3 170.27,
2024.05.15 19:38:36,759,XAUUSD,sell,out,0.02,2383.99,759,-0.07,0.00,0.76,3 170.96,sl 2383.99
2024.05.15 20:01:29,760,XAUUSD,buy,in,0.02,2384.18,760,-0.07,0.00,0.00,3 170.89,
2024.05.15 20:06:09,761,XAUUSD,sell,out,0.02,2385.74,761,-0.07,0.00,3.12,3 173.94,sl 2385.78
2024.05.15 20:25:30,762,XAUUSD,buy,in,0.02,2388.21,762,-0.07,0.00,0.00,3 173.87,
2024.05.15 20:27:48,763,XAUUSD,sell,out,0.02,2388.59,763,-0.07,0.00,0.76,3 174.56,sl 2388.61
2024.05.15 20:49:33,764,XAUUSD,buy,in,0.02,2388.00,764,-0.07,0.00,0.00,3 174.49,
2024.05.15 20:55:03,765,XAUUSD,sell,out,0.02,2389.51,765,-0.07,0.00,3.02,3 177.44,sl 2389.52
2024.05.15 21:13:37,766,XAUUSD,buy,in,0.02,2386.24,766,-0.07,0.00,0.00,3 177.37,
2024.05.15 21:18:17,767,XAUUSD,sell,out,0.02,2386.68,767,-0.07,0.00,0.88,3 178.18,sl 2386.69
2024.05.15 21:37:39,768,XAUUSD,buy,in,0.02,2384.42,768,-0.07,0.00,0.00,3 178.11,
2024.05.15 21:40:04,769,XAUUSD,sell,out,0.02,2384.97,769,-0.07,0.00,1.10,3 179.14,sl 2384.97
2024.05.15 22:01:38,770,XAUUSD,buy,in,0.02,2385.78,770,-0.07,0.00,0.00,3 179.07,
2024.05.15 22:03:24,771,XAUUSD,sell,out,0.02,2386.18,771,-0.07,0.00,0.80,3 179.80,sl 2386.18
2024.05.15 22:25:50,772,XAUUSD,buy,in,0.02,2386.81,772,-0.07,0.00,0.00,3 179.73,
2024.05.15 22:47:56,773,XAUUSD,sell,out,0.02,2386.83,773,-0.07,0.00,0.04,3 179.70,sl 2386.84
2024.05.15 22:49:49,774,XAUUSD,buy,in,0.02,2387.27,774,-0.07,0.00,0.00,3 179.63,
2024.05.15 23:19:12,775,XAUUSD,sell,out,0.02,2387.55,775,-0.07,0.00,0.56,3 180.12,sl 2387.56
2024.05.15 23:19:17,776,XAUUSD,buy,in,0.02,2387.57,776,-0.07,0.00,0.00,3 180.05,
2024.05.15 23:22:53,777,XAUUSD,sell,out,0.02,2387.77,777,-0.07,0.00,0.40,3 180.38,sl 2387.79
2024.05.15 23:43:24,778,XAUUSD,buy,in,0.02,2387.52,778,-0.07,0.00,0.00,3 180.31,
2024.05.15 23:51:08,779,XAUUSD,sell,out,0.02,2387.78,779,-0.07,0.00,0.52,3 180.76,sl 2387.78
2024.05.16 01:02:00,780,XAUUSD,buy,in,0.02,2387.12,780,-0.07,0.00,0.00,3 180.69,
2024.05.16 01:04:38,781,XAUUSD,sell,out,0.02,2387.37,781,-0.07,0.00,0.50,3 181.12,sl 2387.39
2024.05.16 01:26:07,782,XAUUSD,buy,in,0.02,2388.59,782,-0.07,0.00,0.00,3 181.05,
2024.05.16 01:30:30,783,XAUUSD,sell,out,0.02,2388.72,783,-0.07,0.00,0.26,3 181.24,sl 2388.75
2024.05.16 01:50:11,784,XAUUSD,buy,in,0.02,2388.28,784,-0.07,0.00,0.00,3 181.17,
2024.05.16 02:14:43,785,XAUUSD,sell,out,0.02,2389.59,785,-0.07,0.00,2.62,3 183.72,sl 2389.63
2024.05.16 02:14:47,786,XAUUSD,buy,in,0.02,2389.59,786,-0.07,0.00,0.00,3 183.65,
2024.05.16 02:19:45,787,XAUUSD,sell,out,0.02,2390.20,787,-0.07,0.00,1.22,3 184.80,sl 2390.23
2024.05.16 02:38:47,788,XAUUSD,buy,in,0.02,2390.15,788,-0.07,0.00,0.00,3 184.73,
2024.05.16 02:45:09,789,XAUUSD,sell,out,0.02,2391.03,789,-0.07,0.00,1.76,3 186.42,sl 2391.03
2024.05.16 03:03:01,790,XAUUSD,buy,in,0.02,2391.35,790,-0.07,0.00,0.00,3 186.35,
2024.05.16 03:20:40,791,XAUUSD,sell,out,0.02,2393.35,791,-0.07,0.00,4.00,3 190.28,sl 2393.35
2024.05.16 03:27:16,792,XAUUSD,buy,in,0.02,2394.24,792,-0.07,0.00,0.00,3 190.21,
2024.05.16 03:36:02,793,XAUUSD,sell,out,0.02,2394.26,793,-0.07,0.00,0.04,3 190.18,sl 2394.27
2024.05.16 03:51:18,794,XAUUSD,buy,in,0.02,2394.10,794,-0.07,0.00,0.00,3 190.11,
2024.05.16 03:56:26,795,XAUUSD,sell,out,0.02,2394.32,795,-0.07,0.00,0.44,3 190.48,sl 2394.32
2024.05.16 04:15:17,796,XAUUSD,buy,in,0.02,2394.36,796,-0.07,0.00,0.00,3 190.41,
2024.05.16 04:16:30,797,XAUUSD,sell,out,0.02,2394.56,797,-0.07,0.00,0.40,3 190.74,sl 2394.56
2024.05.16 04:39:24,798,XAUUSD,buy,in,0.02,2396.01,798,-0.07,0.00,0.00,3 190.67,
2024.05.16 06:17:34,799,XAUUSD,sell,in,0.02,2387.99,799,-0.07,0.00,0.00,3 190.60,
2024.05.16 07:03:23,800,XAUUSD,buy,out,0.02,2387.70,800,-0.07,0.00,0.58,3 191.11,sl 2387.70
2024.05.17 16:03:19,801,XAUUSD,sell,out,0.02,2397.34,801,-0.07,-1.14,2.66,3 192.56,sl 2397.36
2024.05.22 17:23:46,802,XAUUSD,sell,in,0.02,2388.06,802,-0.07,0.00,0.00,3 192.49,
2024.05.22 17:23:52,803,XAUUSD,buy,out,0.02,2388.02,803,-0.07,0.00,0.08,3 192.50,sl 2388.02
2024.05.22 17:57:36,804,XAUUSD,sell,in,0.02,2387.60,804,-0.07,0.00,0.00,3 192.43,
2024.05.22 17:57:52,805,XAUUSD,buy,out,0.02,2387.59,805,-0.07,0.00,0.02,3 192.38,sl 2387.59
2024.05.22 18:37:36,806,XAUUSD,sell,in,0.02,2386.81,806,-0.07,0.00,0.00,3 192.31,
2024.05.22 20:15:54,807,XAUUSD,buy,in,0.02,2392.33,807,-0.07,0.00,0.00,3 192.24,
2024.05.22 20:21:57,808,XAUUSD,sell,out,0.02,2392.65,808,-0.07,0.00,0.64,3 192.81,sl 2392.71
2024.05.22 21:03:05,809,XAUUSD,buy,out,0.02,2385.87,809,-0.07,0.00,1.88,3 194.62,sl 2385.85
2024.06.06 04:30:37,810,XAUUSD,buy,in,0.02,2368.57,810,-0.07,0.00,0.00,3 194.55,
2024.06.06 04:31:22,811,XAUUSD,sell,out,0.02,2372.14,811,-0.07,0.00,7.14,3 201.62,sl 2372.15
2024.06.06 04:56:04,812,XAUUSD,buy,in,0.02,2368.32,812,-0.07,0.00,0.00,3 201.55,
2024.06.06 05:15:33,813,XAUUSD,sell,out,0.02,2368.55,813,-0.07,0.00,0.46,3 201.94,sl 2368.55
2024.06.06 05:33:39,814,XAUUSD,buy,in,0.02,2369.15,814,-0.07,0.00,0.00,3 201.87,
2024.06.06 05:34:07,815,XAUUSD,sell,out,0.02,2369.16,815,-0.07,0.00,0.02,3 201.82,sl 2369.17
2024.06.06 05:57:43,816,XAUUSD,buy,in,0.02,2372.89,816,-0.07,0.00,0.00,3 201.75,
2024.06.06 05:59:01,817,XAUUSD,sell,out,0.02,2373.15,817,-0.07,0.00,0.52,3 202.20,sl 2373.15
2024.06.06 06:21:44,818,XAUUSD,buy,in,0.02,2370.87,818,-0.07,0.00,0.00,3 202.13,
2024.06.06 07:59:52,819,XAUUSD,sell,in,0.02,2369.54,819,-0.07,0.00,0.00,3 202.06,
2024.06.06 08:09:22,820,XAUUSD,sell,out,0.02,2370.91,820,-0.07,0.00,0.08,3 202.07,sl 2370.92
2024.06.06 08:18:56,821,XAUUSD,buy,out,0.02,2368.73,821,-0.07,0.00,1.62,3 203.62,sl 2368.73
2024.06.07 15:30:12,822,XAUUSD,sell,in,0.02,2319.99,822,-0.07,0.00,0.00,3 203.55,
2024.06.07 15:30:18,823,XAUUSD,buy,out,0.02,2319.98,823,-0.07,0.00,0.02,3 203.50,sl 2319.97
2024.06.07 15:54:17,824,XAUUSD,sell,in,0.02,2317.71,824,-0.07,0.00,0.00,3 203.43,
2024.06.07 15:55:38,825,XAUUSD,buy,out,0.02,2316.69,825,-0.07,0.00,2.04,3 205.40,sl 2316.66
2024.06.07 16:18:20,826,XAUUSD,sell,in,0.02,2325.60,826,-0.07,0.00,0.00,3 205.33,
2024.06.07 16:20:47,827,XAUUSD,buy,out,0.02,2325.50,827,-0.07,0.00,0.20,3 205.46,sl 2325.50
2024.06.07 16:42:24,828,XAUUSD,sell,in,0.02,2318.96,828,-0.07,0.00,0.00,3 205.39,
2024.06.07 16:43:36,829,XAUUSD,buy,out,0.02,2318.57,829,-0.07,0.00,0.78,3 206.10,sl 2318.56
2024.06.07 17:06:25,830,XAUUSD,sell,in,0.02,2310.06,830,-0.07,0.00,0.00,3 206.03,
2024.06.07 17:06:45,831,XAUUSD,buy,out,0.02,2308.95,831,-0.07,0.00,2.22,3 208.18,sl 2308.94
2024.06.07 17:30:34,832,XAUUSD,sell,in,0.02,2319.40,832,-0.07,0.00,0.00,3 208.11,
2024.06.07 17:31:17,833,XAUUSD,buy,out,0.02,2319.13,833,-0.07,0.00,0.54,3 208.58,sl 2319.13
2024.06.07 17:54:41,834,XAUUSD,sell,in,0.02,2312.85,834,-0.07,0.00,0.00,3 208.51,
2024.06.07 17:57:30,835,XAUUSD,buy,out,0.02,2311.21,835,-0.07,0.00,3.28,3 211.72,sl 2311.12
2024.06.07 18:18:46,836,XAUUSD,sell,in,0.02,2313.78,836,-0.07,0.00,0.00,3 211.65,
2024.06.07 18:20:52,837,XAUUSD,buy,out,0.02,2312.73,837,-0.07,0.00,2.10,3 213.68,sl 2312.73
2024.06.07 18:42:50,838,XAUUSD,sell,in,0.02,2308.95,838,-0.07,0.00,0.00,3 213.61,
2024.06.07 18:44:58,839,XAUUSD,buy,out,0.02,2308.53,839,-0.07,0.00,0.84,3 214.38,sl 2308.53
2024.06.07 19:06:50,840,XAUUSD,sell,in,0.02,2304.16,840,-0.07,0.00,0.00,3 214.31,
2024.06.07 20:44:53,841,XAUUSD,buy,in,0.02,2305.77,841,-0.07,0.00,0.00,3 214.24,
2024.06.07 20:50:46,842,XAUUSD,sell,out,0.02,2307.61,842,-0.07,0.00,3.68,3 217.85,sl 2307.61
2024.06.07 21:32:40,843,XAUUSD,buy,out,0.02,2303.68,843,-0.07,0.00,0.96,3 218.74,sl 2303.68
2024.06.20 17:21:54,844,XAUUSD,buy,in,0.02,2357.44,844,-0.07,0.00,0.00,3 218.67,
2024.06.20 17:22:42,845,XAUUSD,sell,out,0.02,2358.36,845,-0.07,0.00,1.84,3 220.44,sl 2358.43
2024.06.20 17:45:55,846,XAUUSD,buy,in,0.02,2359.20,846,-0.07,0.00,0.00,3 220.37,
2024.06.20 17:46:54,847,XAUUSD,sell,out,0.02,2359.71,847,-0.07,0.00,1.02,3 221.32,sl 2359.71
2024.06.20 18:09:55,848,XAUUSD,buy,in,0.02,2363.95,848,-0.07,0.00,0.00,3 221.25,
2024.06.20 19:47:58,849,XAUUSD,sell,in,0.02,2355.23,849,-0.07,0.00,0.00,3 221.18,
2024.06.21 03:31:07,850,XAUUSD,sell,out,0.02,2363.95,850,-0.07,-1.14,0.00,3 219.97,sl 2363.97
2024.06.21 16:25:41,851,XAUUSD,buy,out,0.02,2354.60,851,-0.07,0.81,1.26,3 221.97,sl 2354.60
2024.06.26 16:29:35,852,XAUUSD,sell,in,0.02,2296.72,852,-0.07,0.00,0.00,3 221.90,
2024.06.26 16:32:15,853,XAUUSD,buy,out,0.02,2296.55,853,-0.07,0.00,0.34,3 222.17,sl 2296.55
2024.06.26 16:55:12,854,XAUUSD,sell,in,0.02,2296.74,854,-0.07,0.00,0.00,3 222.10,
2024.06.26 16:58:28,855,XAUUSD,buy,out,0.02,2296.02,855,-0.07,0.00,1.44,3 223.47,sl 2296.02
2024.06.26 17:27:39,856,XAUUSD,sell,in,0.02,2296.13,856,-0.07,0.00,0.00,3 223.40,
2024.06.26 17:36:38,857,XAUUSD,buy,out,0.02,2296.01,857,-0.07,0.00,0.24,3 223.57,sl 2296.01
2024.07.03 17:00:18,858,XAUUSD,buy,in,0.02,2361.74,858,-0.07,0.00,0.00,3 223.50,
2024.07.03 17:01:59,859,XAUUSD,sell,out,0.02,2361.71,859,-0.07,0.00,-0.06,3 223.37,sl 2361.76
2024.07.03 17:24:18,860,XAUUSD,buy,in,0.02,2362.44,860,-0.07,0.00,0.00,3 223.30,
2024.07.03 17:38:37,861,XAUUSD,sell,out,0.02,2363.14,861,-0.07,0.00,1.40,3 224.63,sl 2363.15
2024.07.03 17:48:18,862,XAUUSD,buy,in,0.02,2364.41,862,-0.07,0.00,0.00,3 224.56,
2024.07.03 17:55:49,863,XAUUSD,sell,out,0.02,2364.43,863,-0.07,0.00,0.04,3 224.53,sl 2364.43
2024.07.03 18:12:20,864,XAUUSD,buy,in,0.02,2362.06,864,-0.07,0.00,0.00,3 224.46,
2024.07.03 18:13:34,865,XAUUSD,sell,out,0.02,2362.54,865,-0.07,0.00,0.96,3 225.35,sl 2362.56
2024.07.03 18:36:22,866,XAUUSD,buy,in,0.02,2361.44,866,-0.07,0.00,0.00,3 225.28,
2024.07.03 18:39:09,867,XAUUSD,sell,out,0.02,2361.45,867,-0.07,0.00,0.02,3 225.23,sl 2361.46
2024.07.03 19:00:24,868,XAUUSD,buy,in,0.02,2363.09,868,-0.07,0.00,0.00,3 225.16,
2024.07.03 20:38:31,869,XAUUSD,sell,in,0.02,2358.87,869,-0.07,0.00,0.00,3 225.09,
2024.07.03 20:49:57,870,XAUUSD,buy,out,0.02,2357.40,870,-0.07,0.00,2.94,3 227.96,sl 2357.37
2024.07.05 07:56:56,871,XAUUSD,sell,out,0.02,2364.17,871,-0.07,-4.56,2.16,3 225.49,sl 2364.17
2024.07.05 16:41:19,872,XAUUSD,buy,in,0.02,2381.48,872,-0.07,0.00,0.00,3 225.42,
2024.07.05 16:41:39,873,XAUUSD,sell,out,0.02,2383.06,873,-0.07,0.00,3.16,3 228.51,sl 2383.06
2024.07.05 17:33:13,874,XAUUSD,buy,in,0.02,2381.90,874,-0.07,0.00,0.00,3 228.44,
2024.07.05 17:34:05,875,XAUUSD,sell,out,0.02,2382.00,875,-0.07,0.00,0.20,3 228.57,sl 2382.00
2024.07.05 18:11:22,876,XAUUSD,buy,in,0.02,2383.11,876,-0.07,0.00,0.00,3 228.50,
2024.07.05 18:13:33,877,XAUUSD,sell,out,0.02,2383.16,877,-0.07,0.00,0.10,3 228.53,sl 2383.16
2024.07.05 18:35:23,878,XAUUSD,buy,in,0.02,2386.50,878,-0.07,0.00,0.00,3 228.46,
2024.07.05 18:36:39,879,XAUUSD,sell,out,0.02,2386.96,879,-0.07,0.00,0.92,3 229.31,sl 2386.96
2024.07.05 18:59:26,880,XAUUSD,buy,in,0.02,2384.67,880,-0.07,0.00,0.00,3 229.24,
2024.07.05 19:01:06,881,XAUUSD,sell,out,0.02,2384.92,881,-0.07,0.00,0.50,3 229.67,sl 2384.92
2024.07.05 19:23:32,882,XAUUSD,buy,in,0.02,2385.33,882,-0.07,0.00,0.00,3 229.60,
2024.07.05 19:26:43,883,XAUUSD,sell,out,0.02,2385.82,883,-0.07,0.00,0.98,3 230.51,sl 2385.84
2024.07.05 19:47:35,884,XAUUSD,buy,in,0.02,2386.15,884,-0.07,0.00,0.00,3 230.44,
2024.07.05 19:56:33,885,XAUUSD,sell,out,0.02,2386.89,885,-0.07,0.00,1.48,3 231.85,sl 2386.90
2024.07.05 20:11:37,886,XAUUSD,buy,in,0.02,2388.94,886,-0.07,0.00,0.00,3 231.78,
2024.07.05 20:28:27,887,XAUUSD,sell,out,0.02,2388.98,887,-0.07,0.00,0.08,3 231.79,sl 2388.99
2024.07.05 20:35:36,888,XAUUSD,buy,in,0.02,2387.34,888,-0.07,0.00,0.00,3 231.72,
2024.07.05 21:16:10,889,XAUUSD,sell,out,0.02,2387.78,889,-0.07,0.00,0.88,3 232.53,sl 2387.79
2024.07.05 21:16:12,890,XAUUSD,buy,in,0.02,2387.91,890,-0.07,0.00,0.00,3 232.46,
2024.07.05 21:24:28,891,XAUUSD,sell,out,0.02,2389.94,891,-0.07,0.00,4.06,3 236.45,sl 2389.94
2024.07.05 21:40:19,892,XAUUSD,buy,in,0.02,2390.64,892,-0.07,0.00,0.00,3 236.38,
2024.07.05 21:43:25,893,XAUUSD,sell,out,0.02,2391.98,893,-0.07,0.00,2.68,3 238.99,sl 2392.00
2024.07.05 22:04:25,894,XAUUSD,buy,in,0.02,2392.95,894,-0.07,0.00,0.00,3 238.92,
2024.07.05 23:42:29,895,XAUUSD,sell,in,0.02,2390.44,895,-0.07,0.00,0.00,3 238.85,
2024.07.08 01:02:33,896,XAUUSD,buy,out,0.02,2387.45,896,-0.07,0.81,5.98,3 245.57,sl 2387.45
2024.07.08 18:33:01,897,XAUUSD,sell,out,0.02,2368.03,897,-0.07,-1.14,-49.84,3 194.52,
2024.07.11 15:33:13,898,XAUUSD,buy,in,0.02,2400.87,898,-0.07,0.00,0.00,3 194.45,
2024.07.11 15:36:25,899,XAUUSD,sell,out,0.02,2400.91,899,-0.07,0.00,0.08,3 194.46,sl 2400.91
2024.07.11 15:57:16,900,XAUUSD,buy,in,0.02,2407.32,900,-0.07,0.00,0.00,3 194.39,
2024.07.11 15:58:18,901,XAUUSD,sell,out,0.02,2408.87,901,-0.07,0.00,3.10,3 197.42,sl 2408.88
2024.07.11 16:21:17,902,XAUUSD,buy,in,0.02,2408.00,902,-0.07,0.00,0.00,3 197.35,
2024.07.11 16:21:54,903,XAUUSD,sell,out,0.02,2408.17,903,-0.07,0.00,0.34,3 197.62,sl 2408.17
2024.07.11 16:51:13,904,XAUUSD,buy,in,0.02,2401.50,904,-0.07,0.00,0.00,3 197.55,
2024.07.11 16:52:40,905,XAUUSD,sell,out,0.02,2401.52,905,-0.07,0.00,0.04,3 197.52,sl 2401.52
2024.07.11 17:15:14,906,XAUUSD,buy,in,0.02,2410.77,906,-0.07,0.00,0.00,3 197.45,
2024.07.11 17:17:31,907,XAUUSD,sell,out,0.02,2411.17,907,-0.07,0.00,0.80,3 198.18,sl 2411.18
2024.07.11 17:39:21,908,XAUUSD,buy,in,0.02,2407.86,908,-0.07,0.00,0.00,3 198.11,
2024.07.11 17:40:28,909,XAUUSD,sell,out,0.02,2408.56,909,-0.07,0.00,1.40,3 199.44,sl 2408.56
2024.07.11 18:03:25,910,XAUUSD,buy,in,0.02,2413.14,910,-0.07,0.00,0.00,3 199.37,
2024.07.11 18:04:44,911,XAUUSD,sell,out,0.02,2414.00,911,-0.07,0.00,1.72,3 201.02,sl 2414.01
2024.07.11 18:27:26,912,XAUUSD,buy,in,0.02,2423.43,912,-0.07,0.00,0.00,3 200.95,
2024.07.11 18:34:09,913,XAUUSD,sell,out,0.02,2423.94,913,-0.07,0.00,1.02,3 201.90,sl 2423.94
2024.07.11 18:51:31,914,XAUUSD,buy,in,0.02,2419.42,914,-0.07,0.00,0.00,3 201.83,
2024.07.11 20:29:40,915,XAUUSD,sell,in,0.02,2416.00,915,-0.07,0.00,0.00,3 201.76,
2024.07.11 20:30:42,916,XAUUSD,buy,out,0.02,2415.51,916,-0.07,0.00,0.98,3 202.67,sl 2415.51
2024.07.15 14:35:31,917,XAUUSD,sell,out,0.02,2419.46,917,-0.07,-2.28,0.08,3 200.40,sl 2419.46
2024.07.19 04:14:21,918,XAUUSD,sell,in,0.02,2426.14,918,-0.07,0.00,0.00,3 200.33,
2024.07.19 04:14:55,919,XAUUSD,buy,out,0.02,2426.11,919,-0.07,0.00,0.06,3 200.32,sl 2426.09
2024.07.19 04:45:26,920,XAUUSD,sell,in,0.02,2425.28,920,-0.07,0.00,0.00,3 200.25,
2024.07.19 04:46:50,921,XAUUSD,buy,out,0.02,2425.19,921,-0.07,0.00,0.18,3 200.36,sl 2425.19
2024.07.19 05:19:20,922,XAUUSD,sell,in,0.02,2424.42,922,-0.07,0.00,0.00,3 200.29,
2024.07.19 05:19:58,923,XAUUSD,buy,out,0.02,2424.43,923,-0.07,0.00,-0.02,3 200.20,sl 2424.41
2024.07.19 05:44:29,924,XAUUSD,sell,in,0.02,2424.45,924,-0.07,0.00,0.00,3 200.13,
2024.07.19 05:45:53,925,XAUUSD,buy,out,0.02,2424.13,925,-0.07,0.00,0.64,3 200.70,sl 2424.12
2024.07.19 08:35:10,926,XAUUSD,sell,in,0.02,2422.48,926,-0.07,0.00,0.00,3 200.63,
2024.07.19 08:51:50,927,XAUUSD,buy,out,0.02,2421.85,927,-0.07,0.00,1.26,3 201.82,sl 2421.83
2024.07.19 09:04:09,928,XAUUSD,sell,in,0.02,2421.20,928,-0.07,0.00,0.00,3 201.75,
2024.07.19 09:07:04,929,XAUUSD,buy,out,0.02,2420.42,929,-0.07,0.00,1.56,3 203.24,sl 2420.41
2024.07.19 09:28:15,930,XAUUSD,sell,in,0.02,2417.71,930,-0.07,0.00,0.00,3 203.17,
2024.07.19 09:29:29,931,XAUUSD,buy,out,0.02,2417.69,931,-0.07,0.00,0.04,3 203.14,sl 2417.69
2024.07.19 09:52:15,932,XAUUSD,sell,in,0.02,2419.84,932,-0.07,0.00,0.00,3 203.07,
2024.07.19 10:13:50,933,XAUUSD,buy,out,0.02,2419.73,933,-0.07,0.00,0.22,3 203.22,sl 2419.73
2024.07.19 10:16:21,934,XAUUSD,sell,in,0.02,2418.38,934,-0.07,0.00,0.00,3 203.15,
2024.07.19 10:18:40,935,XAUUSD,buy,out,0.02,2417.53,935,-0.07,0.00,1.70,3 204.78,sl 2417.52
2024.07.19 10:40:24,936,XAUUSD,sell,in,0.02,2416.54,936,-0.07,0.00,0.00,3 204.71,
2024.07.19 10:41:41,937,XAUUSD,buy,out,0.02,2414.64,937,-0.07,0.00,3.80,3 208.44,sl 2414.64
2024.07.19 11:04:29,938,XAUUSD,sell,in,0.02,2417.97,938,-0.07,0.00,0.00,3 208.37,
2024.07.19 11:19:34,939,XAUUSD,buy,out,0.02,2417.96,939,-0.07,0.00,0.02,3 208.32,sl 2417.95
2024.07.19 11:28:36,940,XAUUSD,sell,in,0.02,2419.63,940,-0.07,0.00,0.00,3 208.25,
2024.07.19 11:43:34,941,XAUUSD,buy,out,0.02,2419.54,941,-0.07,0.00,0.18,3 208.36,sl 2419.50
2024.07.19 12:06:00,942,XAUUSD,sell,in,0.02,2418.71,942,-0.07,0.00,0.00,3 208.29,
2024.07.19 12:08:18,943,XAUUSD,buy,out,0.02,2418.70,943,-0.07,0.00,0.02,3 208.24,sl 2418.70
2024.07.19 12:30:17,944,XAUUSD,sell,in,0.02,2416.91,944,-0.07,0.00,0.00,3 208.17,
2024.07.19 12:37:45,945,XAUUSD,buy,out,0.02,2415.69,945,-0.07,0.00,2.44,3 210.54,sl 2415.69
2024.07.19 12:54:17,946,XAUUSD,sell,in,0.02,2415.71,946,-0.07,0.00,0.00,3 210.47,
2024.07.19 13:02:40,947,XAUUSD,buy,out,0.02,2415.46,947,-0.07,0.00,0.50,3 210.90,sl 2415.45
2024.07.19 13:18:20,948,XAUUSD,sell,in,0.02,2413.09,948,-0.07,0.00,0.00,3 210.83,
2024.07.19 13:19:51,949,XAUUSD,buy,out,0.02,2413.10,949,-0.07,0.00,-0.02,3 210.74,sl 2413.08
2024.07.19 13:42:23,950,XAUUSD,sell,in,0.02,2412.99,950,-0.07,0.00,0.00,3 210.67,
2024.07.19 13:46:51,951,XAUUSD,buy,out,0.02,2412.98,951,-0.07,0.00,0.02,3 210.62,sl 2412.96
2024.07.19 14:06:25,952,XAUUSD,sell,in,0.02,2411.86,952,-0.07,0.00,0.00,3 210.55,
2024.07.19 14:09:20,953,XAUUSD,buy,out,0.02,2411.29,953,-0.07,0.00,1.14,3 211.62,sl 2411.28
2024.07.19 14:30:30,954,XAUUSD,sell,in,0.02,2414.09,954,-0.07,0.00,0.00,3 211.55,
2024.07.19 14:33:01,955,XAUUSD,buy,out,0.02,2412.94,955,-0.07,0.00,2.30,3 213.78,sl 2412.94
2024.07.19 14:54:34,956,XAUUSD,sell,in,0.02,2409.63,956,-0.07,0.00,0.00,3 213.71,
2024.07.19 14:55:40,957,XAUUSD,buy,out,0.02,2409.17,957,-0.07,0.00,0.92,3 214.56,sl 2409.10
2024.07.19 15:18:35,958,XAUUSD,sell,in,0.02,2408.51,958,-0.07,0.00,0.00,3 214.49,
2024.07.19 15:20:59,959,XAUUSD,buy,out,0.02,2408.49,959,-0.07,0.00,0.04,3 214.46,sl 2408.48
2024.07.19 15:42:46,960,XAUUSD,sell,in,0.02,2405.48,960,-0.07,0.00,0.00,3 214.39,
2024.07.19 15:43:55,961,XAUUSD,buy,out,0.02,2404.70,961,-0.07,0.00,1.56,3 215.88,sl 2404.70
2024.07.19 16:06:53,962,XAUUSD,sell,in,0.02,2398.55,962,-0.07,0.00,0.00,3 215.81,
2024.07.19 16:06:58,963,XAUUSD,buy,out,0.02,2398.54,963,-0.07,0.00,0.02,3 215.76,sl 2398.52
2024.07.19 16:31:01,964,XAUUSD,sell,in,0.02,2397.58,964,-0.07,0.00,0.00,3 215.69,
2024.07.19 16:32:23,965,XAUUSD,buy,out,0.02,2395.58,965,-0.07,0.00,4.00,3 219.62,sl 2395.55
2024.07.19 16:55:12,966,XAUUSD,sell,in,0.02,2402.23,966,-0.07,0.00,0.00,3 219.55,
2024.07.19 16:55:28,967,XAUUSD,buy,out,0.02,2402.25,967,-0.07,0.00,-0.04,3 219.44,sl 2402.21
2024.07.19 17:19:18,968,XAUUSD,sell,in,0.02,2401.29,968,-0.07,0.00,0.00,3 219.37,
2024.07.19 17:21:28,969,XAUUSD,buy,out,0.02,2401.15,969,-0.07,0.00,0.28,3 219.58,sl 2401.10
2024.07.19 17:43:18,970,XAUUSD,sell,in,0.02,2401.85,970,-0.07,0.00,0.00,3 219.51,
2024.07.19 17:45:02,971,XAUUSD,buy,out,0.02,2401.65,971,-0.07,0.00,0.40,3 219.84,sl 2401.64
2024.07.19 18:07:21,972,XAUUSD,sell,in,0.02,2404.28,972,-0.07,0.00,0.00,3 219.77,
2024.07.19 18:29:31,973,XAUUSD,buy,out,0.02,2404.24,973,-0.07,0.00,0.08,3 219.78,sl 2404.24
2024.07.19 18:31:27,974,XAUUSD,sell,in,0.02,2403.10,974,-0.07,0.00,0.00,3 219.71,
2024.07.19 19:24:01,975,XAUUSD,buy,out,0.02,2402.74,975,-0.07,0.00,0.72,3 220.36,sl 2402.73
2024.07.19 19:24:12,976,XAUUSD,sell,in,0.02,2402.55,976,-0.07,0.00,0.00,3 220.29,
2024.07.19 19:27:32,977,XAUUSD,buy,out,0.02,2402.09,977,-0.07,0.00,0.92,3 221.14,sl 2402.05
2024.07.19 19:48:18,978,XAUUSD,sell,in,0.02,2401.96,978,-0.07,0.00,0.00,3 221.07,
2024.07.19 19:54:38,979,XAUUSD,buy,out,0.02,2400.22,979,-0.07,0.00,3.48,3 224.48,sl 2400.21
2024.07.19 20:12:26,980,XAUUSD,sell,in,0.02,2400.01,980,-0.07,0.00,0.00,3 224.41,
2024.07.19 20:15:20,981,XAUUSD,buy,out,0.02,2399.11,981,-0.07,0.00,1.80,3 226.14,sl 2399.10
2024.07.19 20:36:26,982,XAUUSD,sell,in,0.02,2397.33,982,-0.07,0.00,0.00,3 226.07,
2024.07.19 22:14:30,983,XAUUSD,buy,in,0.02,2398.78,983,-0.07,0.00,0.00,3 226.00,
2024.07.19 22:21:20,984,XAUUSD,sell,out,0.02,2398.93,984,-0.07,0.00,0.30,3 226.23,sl 2398.93
2024.07.22 15:03:09,985,XAUUSD,buy,out,0.02,2397.32,985,-0.07,0.81,0.02,3 226.99,sl 2397.32
2024.07.25 04:38:58,986,XAUUSD,sell,in,0.02,2381.31,986,-0.07,0.00,0.00,3 226.92,
2024.07.25 04:39:24,987,XAUUSD,buy,out,0.02,2380.55,987,-0.07,0.00,1.52,3 228.37,sl 2380.55
2024.07.25 05:03:04,988,XAUUSD,sell,in,0.02,2377.25,988,-0.07,0.00,0.00,3 228.30,
2024.07.25 05:04:56,989,XAUUSD,buy,out,0.02,2377.16,989,-0.07,0.00,0.18,3 228.41,sl 2377.16
2024.07.25 05:27:05,990,XAUUSD,sell,in,0.02,2378.67,990,-0.07,0.00,0.00,3 228.34,
2024.07.25 05:28:27,991,XAUUSD,buy,out,0.02,2378.06,991,-0.07,0.00,1.22,3 229.49,sl 2378.03
2024.07.25 05:51:10,992,XAUUSD,sell,in,0.02,2373.13,992,-0.07,0.00,0.00,3 229.42,
2024.07.25 05:51:48,993,XAUUSD,buy,out,0.02,2372.67,993,-0.07,0.00,0.92,3 230.27,sl 2372.65
2024.07.25 06:15:09,994,XAUUSD,sell,in,0.02,2371.68,994,-0.07,0.00,0.00,3 230.20,
2024.07.25 06:18:38,995,XAUUSD,buy,out,0.02,2370.47,995,-0.07,0.00,2.42,3 232.55,sl 2370.47
2024.07.25 06:39:14,996,XAUUSD,sell,in,0.02,2374.22,996,-0.07,0.00,0.00,3 232.48,
2024.07.25 06:55:47,997,XAUUSD,buy,out,0.02,2373.79,997,-0.07,0.00,0.86,3 233.27,sl 2373.79
2024.07.25 07:03:17,998,XAUUSD,sell,in,0.02,2374.70,998,-0.07,0.00,0.00,3 233.20,
2024.07.25 07:09:57,999,XAUUSD,buy,out,0.02,2373.92,999,-0.07,0.00,1.56,3 234.69,sl 2373.89
2024.07.25 07:27:21,1000,XAUUSD,sell,in,0.02,2375.43,1000,-0.07,0.00,0.00,3 234.62,
2024.07.25 08:07:23,1001,XAUUSD,buy,out,0.02,2375.32,1001,-0.07,0.00,0.22,3 234.77,sl 2375.29
2024.07.25 08:07:31,1002,XAUUSD,sell,in,0.02,2375.18,1002,-0.07,0.00,0.00,3 234.70,
2024.07.25 08:12:01,1003,XAUUSD,buy,out,0.02,2374.70,1003,-0.07,0.00,0.96,3 235.59,sl 2374.70
2024.07.25 08:31:35,1004,XAUUSD,sell,in,0.02,2370.42,1004,-0.07,0.00,0.00,3 235.52,
2024.07.25 08:32:19,1005,XAUUSD,buy,out,0.02,2369.70,1005,-0.07,0.00,1.44,3 236.89,sl 2369.70
2024.07.25 08:55:40,1006,XAUUSD,sell,in,0.02,2374.17,1006,-0.07,0.00,0.00,3 236.82,
2024.07.25 09:28:45,1007,XAUUSD,buy,out,0.02,2373.63,1007,-0.07,0.00,1.08,3 237.83,sl 2373.61
2024.07.25 09:28:49,1008,XAUUSD,sell,in,0.02,2373.63,1008,-0.07,0.00,0.00,3 237.76,
2024.07.25 09:37:03,1009,XAUUSD,buy,out,0.02,2373.37,1009,-0.07,0.00,0.52,3 238.21,sl 2373.37
2024.07.25 09:52:51,1010,XAUUSD,sell,in,0.02,2371.13,1010,-0.07,0.00,0.00,3 238.14,
2024.07.25 09:54:18,1011,XAUUSD,buy,out,0.02,2370.63,1011,-0.07,0.00,1.00,3 239.07,sl 2370.63
2024.07.25 10:16:51,1012,XAUUSD,sell,in,0.02,2368.72,1012,-0.07,0.00,0.00,3 239.00,
2024.07.25 11:55:09,1013,XAUUSD,buy,in,0.02,2376.46,1013,-0.07,0.00,0.00,3 238.93,
2024.07.25 13:36:31,1014,XAUUSD,sell,out,0.02,2376.51,1014,-0.07,0.00,0.10,3 238.96,sl 2376.52
2024.07.25 14:59:00,1015,XAUUSD,buy,out,0.02,2368.73,1015,-0.07,0.00,-0.02,3 238.87,sl 2368.67
2024.07.31 07:58:13,1016,XAUUSD,buy,in,0.02,2420.89,1016,-0.07,0.00,0.00,3 238.80,
2024.07.31 08:01:23,1017,XAUUSD,sell,out,0.02,2420.96,1017,-0.07,0.00,0.14,3 238.87,sl 2420.98
2024.07.31 08:27:54,1018,XAUUSD,buy,in,0.02,2421.56,1018,-0.07,0.00,0.00,3 238.80,
2024.07.31 08:32:15,1019,XAUUSD,sell,out,0.02,2421.65,1019,-0.07,0.00,0.18,3 238.91,sl 2421.66
2024.07.31 09:26:14,1020,XAUUSD,buy,in,0.02,2422.44,1020,-0.07,0.00,0.00,3 238.84,
2024.07.31 09:27:04,1021,XAUUSD,sell,out,0.02,2422.51,1021,-0.07,0.00,0.14,3 238.91,sl 2422.51
2024.07.31 16:55:24,1022,XAUUSD,buy,in,0.02,2427.31,1022,-0.07,0.00,0.00,3 238.84,
2024.07.31 17:00:32,1023,XAUUSD,sell,out,0.02,2427.33,1023,-0.07,0.00,0.04,3 238.81,sl 2427.33
2024.07.31 21:41:34,1024,XAUUSD,buy,in,0.02,2431.25,1024,-0.07,0.00,0.00,3 238.74,
2024.07.31 21:43:00,1025,XAUUSD,sell,out,0.02,2431.24,1025,-0.07,0.00,-0.02,3 238.65,sl 2431.27
2024.07.31 22:05:39,1026,XAUUSD,buy,in,0.02,2433.97,1026,-0.07,0.00,0.00,3 238.58,
2024.07.31 22:06:50,1027,XAUUSD,sell,out,0.02,2434.19,1027,-0.07,0.00,0.44,3 238.95,sl 2434.22
2024.07.31 22:29:41,1028,XAUUSD,buy,in,0.02,2442.11,1028,-0.07,0.00,0.00,3 238.88,
2024.07.31 22:30:44,1029,XAUUSD,sell,out,0.02,2443.13,1029,-0.07,0.00,2.04,3 240.85,sl 2443.13
2024.07.31 22:53:45,1030,XAUUSD,buy,in,0.02,2447.80,1030,-0.07,0.00,0.00,3 240.78,
2024.07.31 22:55:00,1031,XAUUSD,sell,out,0.02,2448.33,1031,-0.07,0.00,1.06,3 241.77,sl 2448.33
2024.07.31 23:17:50,1032,XAUUSD,buy,in,0.02,2448.76,1032,-0.07,0.00,0.00,3 241.70,
2024.07.31 23:20:10,1033,XAUUSD,sell,out,0.02,2448.78,1033,-0.07,0.00,0.04,3 241.67,sl 2448.79
2024.07.31 23:41:56,1034,XAUUSD,buy,in,0.02,2448.54,1034,-0.07,0.00,0.00,3 241.60,
2024.08.01 01:20:07,1035,XAUUSD,sell,in,0.02,2447.78,1035,-0.07,0.00,0.00,3 241.53,
2024.08.01 01:31:39,1036,XAUUSD,buy,out,0.02,2447.74,1036,-0.07,0.00,0.08,3 241.54,sl 2447.73
2024.08.01 03:48:23,1037,XAUUSD,sell,out,0.02,2448.70,1037,-0.07,-3.42,0.32,3 238.37,sl 2448.74
2024.08.02 18:15:20,1038,XAUUSD,sell,in,0.02,2412.40,1038,-0.07,0.00,0.00,3 238.30,
2024.08.02 19:15:42,1039,XAUUSD,buy,out,0.02,2438.85,1039,-0.07,0.00,-52.90,3 185.33,
2024.08.05 13:57:39,1040,XAUUSD,sell,in,0.02,2408.82,1040,-0.07,0.00,0.00,3 185.26,
2024.08.05 14:00:09,1041,XAUUSD,buy,out,0.02,2404.67,1041,-0.07,0.00,8.30,3 193.49,sl 2404.67
2024.08.05 14:21:43,1042,XAUUSD,sell,in,0.02,2402.27,1042,-0.07,0.00,0.00,3 193.42,
2024.08.05 14:22:32,1043,XAUUSD,buy,out,0.02,2398.82,1043,-0.07,0.00,6.90,3 200.25,sl 2398.79
2024.08.05 14:45:50,1044,XAUUSD,sell,in,0.02,2386.85,1044,-0.07,0.00,0.00,3 200.18,
2024.08.05 14:46:36,1045,XAUUSD,buy,out,0.02,2384.59,1045,-0.07,0.00,4.52,3 204.63,sl 2384.59
2024.08.05 15:09:51,1046,XAUUSD,sell,in,0.02,2390.72,1046,-0.07,0.00,0.00,3 204.56,
2024.08.05 15:10:05,1047,XAUUSD,buy,out,0.02,2390.71,1047,-0.07,0.00,0.02,3 204.51,sl 2390.69
2024.08.05 15:33:50,1048,XAUUSD,sell,in,0.02,2368.47,1048,-0.07,0.00,0.00,3 204.44,
2024.08.05 15:34:38,1049,XAUUSD,buy,out,0.02,2367.01,1049,-0.07,0.00,2.92,3 207.29,sl 2366.96
2024.08.05 15:57:52,1050,XAUUSD,sell,in,0.02,2377.08,1050,-0.07,0.00,0.00,3 207.22,
2024.08.05 15:58:19,1051,XAUUSD,buy,out,0.02,2376.73,1051,-0.07,0.00,0.70,3 207.85,sl 2376.71
2024.08.05 16:21:53,1052,XAUUSD,sell,in,0.02,2387.41,1052,-0.07,0.00,0.00,3 207.78,
2024.08.05 16:22:04,1053,XAUUSD,buy,out,0.02,2387.36,1053,-0.07,0.00,0.10,3 207.81,sl 2387.36
2024.08.05 16:45:56,1054,XAUUSD,sell,in,0.02,2391.10,1054,-0.07,0.00,0.00,3 207.74,
2024.08.05 16:46:43,1055,XAUUSD,buy,out,0.02,2391.01,1055,-0.07,0.00,0.18,3 207.85,sl 2391.01
2024.08.05 17:09:56,1056,XAUUSD,sell,in,0.02,2393.48,1056,-0.07,0.00,0.00,3 207.78,
2024.08.05 17:11:15,1057,XAUUSD,buy,out,0.02,2392.68,1057,-0.07,0.00,1.60,3 209.31,sl 2392.65
2024.08.05 17:34:01,1058,XAUUSD,sell,in,0.02,2389.49,1058,-0.07,0.00,0.00,3 209.24,
2024.08.05 19:12:08,1059,XAUUSD,buy,in,0.02,2401.57,1059,-0.07,0.00,0.00,3 209.17,
2024.08.05 19:13:09,1060,XAUUSD,sell,out,0.02,2401.71,1060,-0.07,0.00,0.28,3 209.38,sl 2401.71
2024.08.06 17:31:04,1061,XAUUSD,buy,out,0.02,2389.48,1061,-0.07,0.81,0.02,3 210.14,sl 2389.43
2024.08.12 16:38:08,1062,XAUUSD,buy,in,0.02,2451.66,1062,-0.07,0.00,0.00,3 210.07,
2024.08.12 16:40:43,1063,XAUUSD,sell,out,0.02,2453.79,1063,-0.07,0.00,4.26,3 214.26,sl 2453.79
2024.08.12 17:02:08,1064,XAUUSD,buy,in,0.02,2453.50,1064,-0.07,0.00,0.00,3 214.19,
2024.08.12 17:02:50,1065,XAUUSD,sell,out,0.02,2453.52,1065,-0.07,0.00,0.04,3 214.16,sl 2453.52
2024.08.12 17:41:31,1066,XAUUSD,buy,in,0.02,2452.14,1066,-0.07,0.00,0.00,3 214.09,
2024.08.12 17:47:38,1067,XAUUSD,sell,out,0.02,2452.43,1067,-0.07,0.00,0.58,3 214.60,sl 2452.44
2024.08.12 18:05:36,1068,XAUUSD,buy,in,0.02,2454.28,1068,-0.07,0.00,0.00,3 214.53,
2024.08.12 18:07:58,1069,XAUUSD,sell,out,0.02,2454.77,1069,-0.07,0.00,0.98,3 215.44,sl 2454.77
2024.08.12 18:29:41,1070,XAUUSD,buy,in,0.02,2457.16,1070,-0.07,0.00,0.00,3 215.37,
2024.08.12 18:33:15,1071,XAUUSD,sell,out,0.02,2459.10,1071,-0.07,0.00,3.88,3 219.18,sl 2459.10
2024.08.12 18:53:43,1072,XAUUSD,buy,in,0.02,2459.11,1072,-0.07,0.00,0.00,3 219.11,
2024.08.12 18:55:35,1073,XAUUSD,sell,out,0.02,2459.44,1073,-0.07,0.00,0.66,3 219.70,sl 2459.44
2024.08.12 19:17:59,1074,XAUUSD,buy,in,0.02,2464.53,1074,-0.07,0.00,0.00,3 219.63,
2024.08.12 19:20:13,1075,XAUUSD,sell,out,0.02,2464.69,1075,-0.07,0.00,0.32,3 219.88,sl 2464.69
2024.08.12 19:41:58,1076,XAUUSD,buy,in,0.02,2463.66,1076,-0.07,0.00,0.00,3 219.81,
2024.08.12 19:49:33,1077,XAUUSD,sell,out,0.02,2463.96,1077,-0.07,0.00,0.60,3 220.34,sl 2463.99
2024.08.12 20:06:04,1078,XAUUSD,buy,in,0.02,2464.99,1078,-0.07,0.00,0.00,3 220.27,
2024.08.12 20:35:24,1079,XAUUSD,sell,out,0.02,2466.29,1079,-0.07,0.00,2.60,3 222.80,sl 2466.29
2024.08.12 20:35:30,1080,XAUUSD,buy,in,0.02,2466.19,1080,-0.07,0.00,0.00,3 222.73,
2024.08.12 20:38:27,1081,XAUUSD,sell,out,0.02,2466.43,1081,-0.07,0.00,0.48,3 223.14,sl 2466.44
2024.08.12 20:59:31,1082,XAUUSD,buy,in,0.02,2467.37,1082,-0.07,0.00,0.00,3 223.07,
2024.08.12 21:03:10,1083,XAUUSD,sell,out,0.02,2467.39,1083,-0.07,0.00,0.04,3 223.04,sl 2467.39
2024.08.12 21:23:38,1084,XAUUSD,buy,in,0.02,2469.72,1084,-0.07,0.00,0.00,3 222.97,
2024.08.12 21:24:46,1085,XAUUSD,sell,out,0.02,2469.74,1085,-0.07,0.00,0.04,3 222.94,sl 2469.74
2024.08.12 21:47:41,1086,XAUUSD,buy,in,0.02,2470.55,1086,-0.07,0.00,0.00,3 222.87,
2024.08.12 22:13:42,1087,XAUUSD,sell,out,0.02,2470.89,1087,-0.07,0.00,0.68,3 223.48,sl 2470.89
2024.08.12 22:13:49,1088,XAUUSD,buy,in,0.02,2470.74,1088,-0.07,0.00,0.00,3 223.41,
2024.08.12 22:31:52,1089,XAUUSD,sell,out,0.02,2470.80,1089,-0.07,0.00,0.12,3 223.46,sl 2470.82
2024.08.12 22:37:51,1090,XAUUSD,buy,in,0.02,2471.98,1090,-0.07,0.00,0.00,3 223.39,
2024.08.12 23:57:17,1091,XAUUSD,sell,out,0.02,2472.51,1091,-0.07,0.00,1.06,3 224.38,sl 2472.62
2024.08.12 23:57:19,1092,XAUUSD,buy,in,0.02,2473.08,1092,-0.07,0.00,0.00,3 224.31,
2024.08.13 01:32:28,1093,XAUUSD,sell,out,0.02,2473.13,1093,-0.07,-1.14,0.10,3 223.20,sl 2473.19
2024.08.13 01:32:28,1094,XAUUSD,buy,in,0.02,2473.18,1094,-0.07,0.00,0.00,3 223.13,
2024.08.13 01:40:36,1095,XAUUSD,sell,out,0.02,2473.38,1095,-0.07,0.00,0.40,3 223.46,sl 2473.43
2024.08.13 01:56:42,1096,XAUUSD,buy,in,0.02,2474.08,1096,-0.07,0.00,0.00,3 223.39,
2024.08.13 02:24:01,1097,XAUUSD,sell,out,0.02,2474.52,1097,-0.07,0.00,0.88,3 224.20,sl 2474.53
2024.08.13 02:24:07,1098,XAUUSD,buy,in,0.02,2474.59,1098,-0.07,0.00,0.00,3 224.13,
2024.08.13 02:38:31,1099,XAUUSD,sell,out,0.02,2474.81,1099,-0.07,0.00,0.44,3 224.50,sl 2474.81
2024.08.13 02:48:01,1100,XAUUSD,buy,in,0.02,2474.54,1100,-0.07,0.00,0.00,3 224.43,
2024.08.13 02:57:41,1101,XAUUSD,sell,out,0.02,2475.55,1101,-0.07,0.00,2.02,3 226.38,sl 2475.55
2024.08.13 03:12:07,1102,XAUUSD,buy,in,0.02,2476.44,1102,-0.07,0.00,0.00,3 226.31,
2024.08.13 04:50:15,1103,XAUUSD,sell,in,0.02,2465.17,1103,-0.07,0.00,0.00,3 226.24,
2024.08.13 05:03:00,1104,XAUUSD,buy,out,0.02,2465.02,1104,-0.07,0.00,0.30,3 226.47,sl 2465.02
2024.08.14 11:44:51,1105,XAUUSD,sell,out,0.02,2477.76,1105,-0.07,-1.14,2.64,3 227.90,sl 2477.79
2024.08.16 15:53:56,1106,XAUUSD,buy,in,0.02,2486.03,1106,-0.07,0.00,0.00,3 227.83,
2024.08.16 15:56:00,1107,XAUUSD,sell,out,0.02,2488.10,1107,-0.07,0.00,4.14,3 231.90,sl 2488.16
2024.08.16 16:18:02,1108,XAUUSD,buy,in,0.02,2486.35,1108,-0.07,0.00,0.00,3 231.83,
2024.08.16 16:22:29,1109,XAUUSD,sell,out,0.02,2486.92,1109,-0.07,0.00,1.14,3 232.90,sl 2486.93
2024.08.16 16:42:08,1110,XAUUSD,buy,in,0.02,2494.97,1110,-0.07,0.00,0.00,3 232.83,
2024.08.16 16:43:05,1111,XAUUSD,sell,out,0.02,2495.34,1111,-0.07,0.00,0.74,3 233.50,sl 2495.34
2024.08.16 17:06:11,1112,XAUUSD,buy,in,0.02,2486.40,1112,-0.07,0.00,0.00,3 233.43,
2024.08.16 17:07:07,1113,XAUUSD,sell,out,0.02,2486.53,1113,-0.07,0.00,0.26,3 233.62,sl 2486.56
2024.08.16 17:43:42,1114,XAUUSD,buy,in,0.02,2485.82,1114,-0.07,0.00,0.00,3 233.55,
2024.08.16 17:52:01,1115,XAUUSD,sell,out,0.02,2487.69,1115,-0.07,0.00,3.74,3 237.22,sl 2487.69
2024.08.16 18:07:47,1116,XAUUSD,buy,in,0.02,2489.30,1116,-0.07,0.00,0.00,3 237.15,
2024.08.16 18:10:48,1117,XAUUSD,sell,out,0.02,2490.00,1117,-0.07,0.00,1.40,3 238.48,sl 2490.02
2024.08.16 18:36:34,1118,XAUUSD,buy,in,0.02,2486.61,1118,-0.07,0.00,0.00,3 238.41,
2024.08.16 18:39:05,1119,XAUUSD,sell,out,0.02,2486.69,1119,-0.07,0.00,0.16,3 238.50,sl 2486.69
2024.08.16 19:00:35,1120,XAUUSD,buy,in,0.02,2492.06,1120,-0.07,0.00,0.00,3 238.43,
2024.08.16 19:03:27,1121,XAUUSD,sell,out,0.02,2492.92,1121,-0.07,0.00,1.72,3 240.08,sl 2492.93
2024.08.16 19:24:41,1122,XAUUSD,buy,in,0.02,2494.82,1122,-0.07,0.00,0.00,3 240.01,
2024.08.16 19:27:03,1123,XAUUSD,sell,out,0.02,2495.94,1123,-0.07,0.00,2.24,3 242.18,sl 2495.94
2024.08.16 19:48:52,1124,XAUUSD,buy,in,0.02,2497.06,1124,-0.07,0.00,0.00,3 242.11,
2024.08.16 19:56:48,1125,XAUUSD,sell,out,0.02,2497.14,1125,-0.07,0.00,0.16,3 242.20,sl 2497.17
2024.08.16 20:12:57,1126,XAUUSD,buy,in,0.02,2493.77,1126,-0.07,0.00,0.00,3 242.13,
2024.08.16 20:18:40,1127,XAUUSD,sell,out,0.02,2495.24,1127,-0.07,0.00,2.94,3 245.00,sl 2495.26
2024.08.16 20:36:56,1128,XAUUSD,buy,in,0.02,2498.69,1128,-0.07,0.00,0.00,3 244.93,
2024.08.16 20:59:18,1129,XAUUSD,sell,out,0.02,2499.36,1129,-0.07,0.00,1.34,3 246.20,sl 2499.36
2024.08.16 21:01:00,1130,XAUUSD,buy,in,0.02,2499.24,1130,-0.07,0.00,0.00,3 246.13,
2024.08.16 21:03:16,1131,XAUUSD,sell,out,0.02,2499.37,1131,-0.07,0.00,0.26,3 246.32,sl 2499.37
2024.08.16 21:25:06,1132,XAUUSD,buy,in,0.02,2499.77,1132,-0.07,0.00,0.00,3 246.25,
2024.08.16 21:26:13,1133,XAUUSD,sell,out,0.02,2499.79,1133,-0.07,0.00,0.04,3 246.22,sl 2499.80
2024.08.16 21:49:12,1134,XAUUSD,buy,in,0.02,2504.49,1134,-0.07,0.00,0.00,3 246.15,
2024.08.16 21:51:19,1135,XAUUSD,sell,out,0.02,2504.99,1135,-0.07,0.00,1.00,3 247.08,sl 2505.02
2024.08.16 22:13:13,1136,XAUUSD,buy,in,0.02,2503.62,1136,-0.07,0.00,0.00,3 247.01,
2024.08.16 22:16:01,1137,XAUUSD,sell,out,0.02,2503.64,1137,-0.07,0.00,0.04,3 246.98,sl 2503.64
2024.08.16 22:37:18,1138,XAUUSD,buy,in,0.02,2505.01,1138,-0.07,0.00,0.00,3 246.91,
2024.08.16 22:43:31,1139,XAUUSD,sell,out,0.02,2505.35,1139,-0.07,0.00,0.68,3 247.52,sl 2505.35
2024.08.16 23:01:23,1140,XAUUSD,buy,in,0.02,2508.53,1140,-0.07,0.00,0.00,3 247.45,
2024.08.16 23:05:06,1141,XAUUSD,sell,out,0.02,2508.73,1141,-0.07,0.00,0.40,3 247.78,sl 2508.74
2024.08.16 23:25:26,1142,XAUUSD,buy,in,0.02,2507.40,1142,-0.07,0.00,0.00,3 247.71,
2024.08.16 23:27:58,1143,XAUUSD,sell,out,0.02,2507.47,1143,-0.07,0.00,0.14,3 247.78,sl 2507.48
2024.08.16 23:49:37,1144,XAUUSD,buy,in,0.02,2509.02,1144,-0.07,0.00,0.00,3 247.71,
2024.08.20 10:42:11,1145,XAUUSD,sell,out,0.02,2509.30,1145,-0.07,-2.28,0.56,3 245.92,sl 2509.31
2024.08.22 17:13:57,1146,XAUUSD,sell,in,0.02,2476.90,1146,-0.07,0.00,0.00,3 245.85,
2024.08.22 17:14:24,1147,XAUUSD,buy,out,0.02,2476.68,1147,-0.07,0.00,0.44,3 246.22,sl 2476.62
2024.08.22 17:38:01,1148,XAUUSD,sell,in,0.02,2472.74,1148,-0.07,0.00,0.00,3 246.15,
2024.08.22 17:38:12,1149,XAUUSD,buy,out,0.02,2472.74,1149,-0.07,0.00,0.00,3 246.08,sl 2472.73
2024.08.22 18:16:41,1150,XAUUSD,sell,in,0.02,2476.57,1150,-0.07,0.00,0.00,3 246.01,
2024.08.22 18:33:51,1151,XAUUSD,buy,out,0.02,2475.73,1151,-0.07,0.00,1.68,3 247.62,sl 2475.73
2024.09.03 17:20:06,1152,XAUUSD,sell,in,0.02,2474.14,1152,-0.07,0.00,0.00,3 247.55,
2024.09.03 18:58:08,1153,XAUUSD,buy,in,0.02,2489.28,1153,-0.07,0.00,0.00,3 247.48,
2024.09.03 20:22:56,1154,XAUUSD,sell,out,0.02,2490.33,1154,-0.07,0.00,2.10,3 249.51,sl 2490.33
2024.09.04 11:59:57,1155,XAUUSD,buy,out,0.02,2473.12,1155,-0.07,0.81,2.04,3 252.29,sl 2473.11
2024.09.12 16:10:23,1156,XAUUSD,buy,in,0.02,2542.24,1156,-0.07,0.00,0.00,3 252.22,
2024.09.12 16:37:29,1157,XAUUSD,sell,out,0.02,2542.26,1157,-0.07,0.00,0.04,3 252.19,sl 2542.27
2024.09.12 16:37:31,1158,XAUUSD,buy,in,0.02,2542.20,1158,-0.07,0.00,0.00,3 252.12,
2024.09.12 16:39:00,1159,XAUUSD,sell,out,0.02,2543.23,1159,-0.07,0.00,2.06,3 254.11,sl 2543.23
2024.09.12 17:01:37,1160,XAUUSD,buy,in,0.02,2546.07,1160,-0.07,0.00,0.00,3 254.04,
2024.09.12 17:02:25,1161,XAUUSD,sell,out,0.02,2547.75,1161,-0.07,0.00,3.36,3 257.33,sl 2547.75
2024.09.12 17:25:51,1162,XAUUSD,buy,in,0.02,2543.76,1162,-0.07,0.00,0.00,3 257.26,
2024.09.12 17:26:08,1163,XAUUSD,sell,out,0.02,2543.73,1163,-0.07,0.00,-0.06,3 257.13,sl 2543.80
2024.09.12 17:49:58,1164,XAUUSD,buy,in,0.02,2553.72,1164,-0.07,0.00,0.00,3 257.06,
2024.09.12 17:59:30,1165,XAUUSD,sell,out,0.02,2554.00,1165,-0.07,0.00,0.56,3 257.55,sl 2554.00
2024.09.12 18:13:58,1166,XAUUSD,buy,in,0.02,2551.45,1166,-0.07,0.00,0.00,3 257.48,
2024.09.12 18:14:18,1167,XAUUSD,sell,out,0.02,2551.52,1167,-0.07,0.00,0.14,3 257.55,sl 2551.52
2024.09.12 18:38:06,1168,XAUUSD,buy,in,0.02,2553.65,1168,-0.07,0.00,0.00,3 257.48,
2024.09.12 18:50:40,1169,XAUUSD,sell,out,0.02,2553.70,1169,-0.07,0.00,0.10,3 257.51,sl 2553.70
2024.09.12 19:02:07,1170,XAUUSD,buy,in,0.02,2553.37,1170,-0.07,0.00,0.00,3 257.44,
2024.09.12 20:09:14,1171,XAUUSD,sell,out,0.02,2554.32,1171,-0.07,0.00,1.90,3 259.27,sl 2554.32
2024.09.12 20:09:15,1172,XAUUSD,buy,in,0.02,2554.43,1172,-0.07,0.00,0.00,3 259.20,
2024.09.12 21:16:36,1173,XAUUSD,sell,out,0.02,2554.68,1173,-0.07,0.00,0.50,3 259.63,sl 2554.68
2024.09.12 21:16:42,1174,XAUUSD,buy,in,0.02,2554.62,1174,-0.07,0.00,0.00,3 259.56,
2024.09.12 21:36:40,1175,XAUUSD,sell,out,0.02,2554.83,1175,-0.07,0.00,0.42,3 259.91,sl 2554.87
2024.09.12 21:40:45,1176,XAUUSD,buy,in,0.02,2557.01,1176,-0.07,0.00,0.00,3 259.84,
2024.09.12 21:55:59,1177,XAUUSD,sell,out,0.02,2558.29,1177,-0.07,0.00,2.56,3 262.33,sl 2558.29
2024.09.12 22:04:49,1178,XAUUSD,buy,in,0.02,2555.54,1178,-0.07,0.00,0.00,3 262.26,
2024.09.12 22:07:03,1179,XAUUSD,sell,out,0.02,2557.09,1179,-0.07,0.00,3.10,3 265.29,sl 2557.10
2024.09.12 22:28:53,1180,XAUUSD,buy,in,0.02,2554.88,1180,-0.07,0.00,0.00,3 265.22,
2024.09.12 22:39:58,1181,XAUUSD,sell,out,0.02,2557.13,1181,-0.07,0.00,4.50,3 269.65,sl 2557.15
2024.09.12 22:52:54,1182,XAUUSD,buy,in,0.02,2558.79,1182,-0.07,0.00,0.00,3 269.58,
2024.09.12 23:24:58,1183,XAUUSD,sell,out,0.02,2558.83,1183,-0.07,0.00,0.08,3 269.59,sl 2558.83
2024.09.12 23:25:04,1184,XAUUSD,buy,in,0.02,2558.91,1184,-0.07,0.00,0.00,3 269.52,
2024.09.12 23:30:04,1185,XAUUSD,sell,out,0.02,2559.17,1185,-0.07,0.00,0.52,3 269.97,sl 2559.17
2024.09.12 23:49:06,1186,XAUUSD,buy,in,0.02,2559.56,1186,-0.07,0.00,0.00,3 269.90,
2024.09.13 01:27:21,1187,XAUUSD,sell,in,0.02,2558.76,1187,-0.07,0.00,0.00,3 269.83,
2024.09.13 02:01:02,1188,XAUUSD,buy,out,0.02,2557.99,1188,-0.07,0.00,1.54,3 271.30,sl 2557.99
2024.09.13 03:44:00,1189,XAUUSD,sell,out,0.02,2562.15,1189,-0.07,-1.14,5.18,3 275.27,sl 2562.15
2024.09.18 21:33:57,1190,XAUUSD,buy,in,0.02,2599.67,1190,-0.07,0.00,0.00,3 275.20,
2024.09.18 21:34:36,1191,XAUUSD,sell,out,0.02,2599.68,1191,-0.07,0.00,0.02,3 275.15,sl 2599.69
2024.09.20 09:51:14,1192,XAUUSD,buy,in,0.02,2606.16,1192,-0.07,0.00,0.00,3 275.08,
2024.09.20 09:51:34,1193,XAUUSD,sell,out,0.02,2606.18,1193,-0.07,0.00,0.04,3 275.05,sl 2606.19
2024.09.20 10:15:21,1194,XAUUSD,buy,in,0.02,2607.41,1194,-0.07,0.00,0.00,3 274.98,
2024.09.20 10:16:34,1195,XAUUSD,sell,out,0.02,2607.44,1195,-0.07,0.00,0.06,3 274.97,sl 2607.46
2024.09.20 10:39:59,1196,XAUUSD,buy,in,0.02,2607.22,1196,-0.07,0.00,0.00,3 274.90,
2024.09.20 10:42:06,1197,XAUUSD,sell,out,0.02,2607.29,1197,-0.07,0.00,0.14,3 274.97,sl 2607.33
2024.09.20 11:24:31,1198,XAUUSD,buy,in,0.02,2608.00,1198,-0.07,0.00,0.00,3 274.90,
2024.09.20 11:25:54,1199,XAUUSD,sell,out,0.02,2608.04,1199,-0.07,0.00,0.08,3 274.91,sl 2608.06
2024.09.20 11:48:32,1200,XAUUSD,buy,in,0.02,2611.93,1200,-0.07,0.00,0.00,3 274.84,
2024.09.20 11:50:13,1201,XAUUSD,sell,out,0.02,2612.00,1201,-0.07,0.00,0.14,3 274.91,sl 2612.00
2024.09.20 12:12:33,1202,XAUUSD,buy,in,0.02,2609.87,1202,-0.07,0.00,0.00,3 274.84,
2024.09.20 13:43:45,1203,XAUUSD,sell,out,0.02,2610.19,1203,-0.07,0.00,0.64,3 275.41,sl 2610.20
2024.09.20 13:43:45,1204,XAUUSD,buy,in,0.02,2610.24,1204,-0.07,0.00,0.00,3 275.34,
2024.09.20 13:47:51,1205,XAUUSD,sell,out,0.02,2611.35,1205,-0.07,0.00,2.22,3 277.49,sl 2611.35
2024.09.20 14:07:49,1206,XAUUSD,buy,in,0.02,2613.52,1206,-0.07,0.00,0.00,3 277.42,
2024.09.20 14:10:56,1207,XAUUSD,sell,out,0.02,2614.57,1207,-0.07,0.00,2.10,3 279.45,sl 2614.58
2024.09.20 14:32:06,1208,XAUUSD,buy,in,0.02,2612.29,1208,-0.07,0.00,0.00,3 279.38,
2024.09.20 14:33:11,1209,XAUUSD,sell,out,0.02,2612.81,1209,-0.07,0.00,1.04,3 280.35,sl 2612.83
2024.09.20 14:56:13,1210,XAUUSD,buy,in,0.02,2613.74,1210,-0.07,0.00,0.00,3 280.28,
2024.09.20 14:59:30,1211,XAUUSD,sell,out,0.02,2614.22,1211,-0.07,0.00,0.96,3 281.17,sl 2614.22
2024.09.20 15:20:16,1212,XAUUSD,buy,in,0.02,2617.05,1212,-0.07,0.00,0.00,3 281.10,
2024.09.20 15:23:10,1213,XAUUSD,sell,out,0.02,2617.51,1213,-0.07,0.00,0.92,3 281.95,sl 2617.53
2024.09.20 15:44:24,1214,XAUUSD,buy,in,0.02,2616.14,1214,-0.07,0.00,0.00,3 281.88,
2024.09.20 15:45:40,1215,XAUUSD,sell,out,0.02,2617.13,1215,-0.07,0.00,1.98,3 283.79,sl 2617.25
2024.09.20 16:09:05,1216,XAUUSD,buy,in,0.02,2611.99,1216,-0.07,0.00,0.00,3 283.72,
2024.09.20 16:10:41,1217,XAUUSD,sell,out,0.02,2612.41,1217,-0.07,0.00,0.84,3 284.49,sl 2612.42
2024.09.20 17:29:52,1218,XAUUSD,buy,in,0.02,2613.56,1218,-0.07,0.00,0.00,3 284.42,
2024.09.20 17:31:57,1219,XAUUSD,sell,out,0.02,2613.99,1219,-0.07,0.00,0.86,3 285.21,sl 2614.00
2024.09.20 17:53:56,1220,XAUUSD,buy,in,0.02,2615.43,1220,-0.07,0.00,0.00,3 285.14,
2024.09.20 17:54:24,1221,XAUUSD,sell,out,0.02,2615.47,1221,-0.07,0.00,0.08,3 285.15,sl 2615.48
2024.09.20 18:17:55,1222,XAUUSD,buy,in,0.02,2614.12,1222,-0.07,0.00,0.00,3 285.08,
2024.09.20 18:19:35,1223,XAUUSD,sell,out,0.02,2614.14,1223,-0.07,0.00,0.04,3 285.05,sl 2614.14
2024.09.20 18:41:58,1224,XAUUSD,buy,in,0.02,2620.54,1224,-0.07,0.00,0.00,3 284.98,
2024.09.20 18:42:46,1225,XAUUSD,sell,out,0.02,2621.09,1225,-0.07,0.00,1.10,3 286.01,sl 2621.09
2024.09.20 19:06:04,1226,XAUUSD,buy,in,0.02,2621.90,1226,-0.07,0.00,0.00,3 285.94,
2024.09.20 19:12:00,1227,XAUUSD,sell,out,0.02,2622.32,1227,-0.07,0.00,0.84,3 286.71,sl 2622.32
2024.09.20 19:30:10,1228,XAUUSD,buy,in,0.02,2623.44,1228,-0.07,0.00,0.00,3 286.64,
2024.09.20 19:31:10,1229,XAUUSD,sell,out,0.02,2623.70,1229,-0.07,0.00,0.52,3 287.09,sl 2623.72
2024.09.20 19:54:18,1230,XAUUSD,buy,in,0.02,2624.78,1230,-0.07,0.00,0.00,3 287.02,
2024.09.20 19:55:40,1231,XAUUSD,sell,out,0.02,2625.23,1231,-0.07,0.00,0.90,3 287.85,sl 2625.23
2024.09.20 20:18:17,1232,XAUUSD,buy,in,0.02,2621.68,1232,-0.07,0.00,0.00,3 287.78,
2024.09.20 20:19:37,1233,XAUUSD,sell,out,0.02,2621.71,1233,-0.07,0.00,0.06,3 287.77,sl 2621.71
2024.09.20 20:42:24,1234,XAUUSD,buy,in,0.02,2620.67,1234,-0.07,0.00,0.00,3 287.70,
2024.09.20 20:51:30,1235,XAUUSD,sell,out,0.02,2620.71,1235,-0.07,0.00,0.08,3 287.71,sl 2620.71
2024.09.20 21:06:29,1236,XAUUSD,buy,in,0.02,2618.17,1236,-0.07,0.00,0.00,3 287.64,
2024.09.20 21:08:41,1237,XAUUSD,sell,out,0.02,2618.30,1237,-0.07,0.00,0.26,3 287.83,sl 2618.31
2024.09.20 21:30:41,1238,XAUUSD,buy,in,0.02,2619.40,1238,-0.07,0.00,0.00,3 287.76,
2024.09.20 21:32:07,1239,XAUUSD,sell,out,0.02,2619.62,1239,-0.07,0.00,0.44,3 288.13,sl 2619.62
2024.09.20 21:54:41,1240,XAUUSD,buy,in,0.02,2621.12,1240,-0.07,0.00,0.00,3 288.06,
2024.09.20 21:58:03,1241,XAUUSD,sell,out,0.02,2621.74,1241,-0.07,0.00,1.24,3 289.23,sl 2621.74
2024.09.20 22:18:42,1242,XAUUSD,buy,in,0.02,2622.85,1242,-0.07,0.00,0.00,3 289.16,
2024.09.20 22:32:15,1243,XAUUSD,sell,out,0.02,2622.93,1243,-0.07,0.00,0.16,3 289.25,sl 2622.93
2024.09.20 22:42:48,1244,XAUUSD,buy,in,0.02,2621.88,1244,-0.07,0.00,0.00,3 289.18,
2024.09.20 22:47:11,1245,XAUUSD,sell,out,0.02,2622.22,1245,-0.07,0.00,0.68,3 289.79,sl 2622.23
2024.09.20 23:06:52,1246,XAUUSD,buy,in,0.02,2621.05,1246,-0.07,0.00,0.00,3 289.72,
2024.09.20 23:44:43,1247,XAUUSD,sell,out,0.02,2621.13,1247,-0.07,0.00,0.16,3 289.81,sl 2621.13
2024.09.20 23:45:00,1248,XAUUSD,buy,in,0.02,2621.26,1248,-0.07,0.00,0.00,3 289.74,
2024.09.20 23:53:06,1249,XAUUSD,sell,out,0.02,2621.78,1249,-0.07,0.00,1.04,3 290.71,sl 2621.78
2024.09.23 01:03:04,1250,XAUUSD,buy,in,0.02,2620.58,1250,-0.07,0.00,0.00,3 290.64,
2024.09.23 01:03:31,1251,XAUUSD,sell,out,0.02,2620.80,1251,-0.07,0.00,0.44,3 291.01,sl 2620.81
2024.09.23 01:28:05,1252,XAUUSD,buy,in,0.02,2620.24,1252,-0.07,0.00,0.00,3 290.94,
2024.09.23 01:36:11,1253,XAUUSD,sell,out,0.02,2620.66,1253,-0.07,0.00,0.84,3 291.71,sl 2620.67
2024.09.23 01:52:08,1254,XAUUSD,buy,in,0.02,2620.98,1254,-0.07,0.00,0.00,3 291.64,
2024.09.23 02:19:48,1255,XAUUSD,sell,out,0.02,2621.01,1255,-0.07,0.00,0.06,3 291.63,sl 2621.02
2024.09.23 02:19:50,1256,XAUUSD,buy,in,0.02,2621.09,1256,-0.07,0.00,0.00,3 291.56,
2024.09.23 03:58:05,1257,XAUUSD,sell,in,0.02,2618.74,1257,-0.07,0.00,0.00,3 291.49,
2024.09.23 04:00:17,1258,XAUUSD,buy,out,0.02,2618.22,1258,-0.07,0.00,1.04,3 292.46,sl 2618.21
2024.09.23 05:36:54,1259,XAUUSD,sell,out,0.02,2625.23,1259,-0.07,0.00,8.28,3 300.67,sl 2625.25
2024.09.30 21:26:51,1260,XAUUSD,sell,in,0.02,2625.22,1260,-0.07,0.00,0.00,3 300.60,
2024.09.30 23:05:00,1261,XAUUSD,buy,in,0.02,2632.26,1261,-0.07,0.00,0.00,3 300.53,
2024.09.30 23:21:46,1262,XAUUSD,sell,out,0.02,2632.41,1262,-0.07,0.00,0.30,3 300.76,sl 2632.41
2024.10.01 12:17:18,1263,XAUUSD,buy,out,0.02,2648.28,1263,-0.07,0.81,-46.12,3 255.38,
2024.10.08 18:01:29,1264,XAUUSD,sell,in,0.02,2618.28,1264,-0.07,0.00,0.00,3 255.31,
2024.10.08 18:02:26,1265,XAUUSD,buy,out,0.02,2617.92,1265,-0.07,0.00,0.72,3 255.96,sl 2617.91
2024.10.08 18:25:36,1266,XAUUSD,sell,in,0.02,2611.74,1266,-0.07,0.00,0.00,3 255.89,
2024.10.08 18:27:02,1267,XAUUSD,buy,out,0.02,2610.95,1267,-0.07,0.00,1.58,3 257.40,sl 2610.95
2024.10.08 18:49:40,1268,XAUUSD,sell,in,0.02,2610.65,1268,-0.07,0.00,0.00,3 257.33,
2024.10.08 19:44:19,1269,XAUUSD,buy,out,0.02,2610.64,1269,-0.07,0.00,0.02,3 257.28,sl 2610.64
2024.10.08 19:44:24,1270,XAUUSD,sell,in,0.02,2610.59,1270,-0.07,0.00,0.00,3 257.21,
2024.10.08 19:47:48,1271,XAUUSD,buy,out,0.02,2610.59,1271,-0.07,0.00,0.00,3 257.14,sl 2610.54
2024.10.08 20:08:27,1272,XAUUSD,sell,in,0.02,2608.98,1272,-0.07,0.00,0.00,3 257.07,
2024.10.08 21:46:36,1273,XAUUSD,buy,in,0.02,2615.33,1273,-0.07,0.00,0.00,3 257.00,
2024.10.08 21:51:23,1274,XAUUSD,sell,out,0.02,2616.03,1274,-0.07,0.00,1.40,3 258.33,sl 2616.07
2024.10.09 16:36:19,1275,XAUUSD,buy,out,0.02,2608.98,1275,-0.07,0.81,0.00,3 259.07,sl 2608.97
2024.10.11 18:30:06,1276,XAUUSD,buy,in,0.02,2658.73,1276,-0.07,0.00,0.00,3 259.00,
2024.10.11 18:42:23,1277,XAUUSD,sell,out,0.02,2658.75,1277,-0.07,0.00,0.04,3 258.97,sl 2658.76
2024.10.11 19:00:00,1278,XAUUSD,buy,in,0.02,2658.91,1278,-0.07,0.00,0.00,3 258.90,
2024.10.11 19:08:02,1279,XAUUSD,sell,out,0.02,2659.39,1279,-0.07,0.00,0.96,3 259.79,sl 2659.40
2024.10.11 19:24:01,1280,XAUUSD,buy,in,0.02,2659.83,1280,-0.07,0.00,0.00,3 259.72,
2024.10.11 19:25:57,1281,XAUUSD,sell,out,0.02,2659.90,1281,-0.07,0.00,0.14,3 259.79,sl 2659.90
2024.10.11 19:50:17,1282,XAUUSD,buy,in,0.02,2659.70,1282,-0.07,0.00,0.00,3 259.72,
2024.10.11 20:00:13,1283,XAUUSD,sell,out,0.02,2660.42,1283,-0.07,0.00,1.44,3 261.09,sl 2660.43
2024.10.18 04:35:33,1284,XAUUSD,buy,in,0.02,2704.65,1284,-0.07,0.00,0.00,3 261.02,
2024.10.18 04:45:55,1285,XAUUSD,sell,out,0.02,2704.80,1285,-0.07,0.00,0.30,3 261.25,sl 2704.81
2024.10.18 04:59:39,1286,XAUUSD,buy,in,0.02,2704.30,1286,-0.07,0.00,0.00,3 261.18,
2024.10.18 05:00:48,1287,XAUUSD,sell,out,0.02,2704.62,1287,-0.07,0.00,0.64,3 261.75,sl 2704.62
2024.10.18 05:23:42,1288,XAUUSD,buy,in,0.02,2707.98,1288,-0.07,0.00,0.00,3 261.68,
2024.10.18 05:26:00,1289,XAUUSD,sell,out,0.02,2709.28,1289,-0.07,0.00,2.60,3 264.21,sl 2709.29
2024.10.18 05:47:45,1290,XAUUSD,buy,in,0.02,2709.34,1290,-0.07,0.00,0.00,3 264.14,
2024.10.18 06:04:58,1291,XAUUSD,sell,out,0.02,2709.63,1291,-0.07,0.00,0.58,3 264.65,sl 2709.64
2024.10.18 06:11:47,1292,XAUUSD,buy,in,0.02,2707.90,1292,-0.07,0.00,0.00,3 264.58,
2024.10.18 06:17:32,1293,XAUUSD,sell,out,0.02,2708.43,1293,-0.07,0.00,1.06,3 265.57,sl 2708.43
2024.10.18 06:35:56,1294,XAUUSD,buy,in,0.02,2708.52,1294,-0.07,0.00,0.00,3 265.50,
2024.10.18 06:48:35,1295,XAUUSD,sell,out,0.02,2709.13,1295,-0.07,0.00,1.22,3 266.65,sl 2709.13
2024.10.18 07:00:00,1296,XAUUSD,buy,in,0.02,2710.13,1296,-0.07,0.00,0.00,3 266.58,
2024.10.18 07:03:23,1297,XAUUSD,sell,out,0.02,2710.36,1297,-0.07,0.00,0.46,3 266.97,sl 2710.38
2024.10.18 07:24:08,1298,XAUUSD,buy,in,0.02,2709.88,1298,-0.07,0.00,0.00,3 266.90,
2024.10.18 07:43:29,1299,XAUUSD,sell,out,0.02,2710.05,1299,-0.07,0.00,0.34,3 267.17,sl 2710.06
2024.10.18 07:48:11,1300,XAUUSD,buy,in,0.02,2709.21,1300,-0.07,0.00,0.00,3 267.10,
2024.10.18 08:02:12,1301,XAUUSD,sell,out,0.02,2710.30,1301,-0.07,0.00,2.18,3 269.21,sl 2710.31
2024.10.18 08:12:11,1302,XAUUSD,buy,in,0.02,2711.71,1302,-0.07,0.00,0.00,3 269.14,
2024.10.18 08:35:04,1303,XAUUSD,sell,out,0.02,2711.75,1303,-0.07,0.00,0.08,3 269.15,sl 2711.77
2024.10.18 08:36:15,1304,XAUUSD,buy,in,0.02,2712.55,1304,-0.07,0.00,0.00,3 269.08,
2024.10.18 08:38:44,1305,XAUUSD,sell,out,0.02,2712.82,1305,-0.07,0.00,0.54,3 269.55,sl 2712.82
2024.10.18 09:00:19,1306,XAUUSD,buy,in,0.02,2711.21,1306,-0.07,0.00,0.00,3 269.48,
2024.10.18 10:38:34,1307,XAUUSD,sell,in,0.02,2704.48,1307,-0.07,0.00,0.00,3 269.41,
2024.10.18 10:40:43,1308,XAUUSD,buy,out,0.02,2703.90,1308,-0.07,0.00,1.16,3 270.50,sl 2703.90
2024.10.18 12:26:00,1309,XAUUSD,sell,out,0.02,2711.95,1309,-0.07,0.00,1.48,3 271.91,sl 2711.95
2024.10.29 17:18:15,1310,XAUUSD,buy,in,0.02,2769.49,1310,-0.07,0.00,0.00,3 271.84,
2024.10.29 17:19:24,1311,XAUUSD,sell,out,0.02,2769.70,1311,-0.07,0.00,0.42,3 272.19,sl 2769.72
2024.10.29 17:42:27,1312,XAUUSD,buy,in,0.02,2770.48,1312,-0.07,0.00,0.00,3 272.12,
2024.10.29 19:20:36,1313,XAUUSD,sell,in,0.02,2768.54,1313,-0.07,0.00,0.00,3 272.05,
2024.10.29 19:34:25,1314,XAUUSD,buy,out,0.02,2766.64,1314,-0.07,0.00,3.80,3 275.78,sl 2766.61
2024.10.29 20:03:59,1315,XAUUSD,sell,out,0.02,2772.02,1315,-0.07,0.00,3.08,3 278.79,sl 2772.03
2024.10.31 17:39:35,1316,XAUUSD,sell,in,0.02,2743.60,1316,-0.07,0.00,0.00,3 278.72,
2024.10.31 17:40:04,1317,XAUUSD,buy,out,0.02,2743.57,1317,-0.07,0.00,0.06,3 278.71,sl 2743.52
2024.10.31 18:03:37,1318,XAUUSD,sell,in,0.02,2735.28,1318,-0.07,0.00,0.00,3 278.64,
2024.10.31 18:05:05,1319,XAUUSD,buy,out,0.02,2734.03,1319,-0.07,0.00,2.50,3 281.07,sl 2734.03
2024.10.31 18:27:37,1320,XAUUSD,sell,in,0.02,2737.08,1320,-0.07,0.00,0.00,3 281.00,
2024.10.31 18:33:55,1321,XAUUSD,buy,out,0.02,2737.08,1321,-0.07,0.00,0.00,3 280.93,sl 2737.05
2024.10.31 18:51:40,1322,XAUUSD,sell,in,0.02,2737.29,1322,-0.07,0.00,0.00,3 280.86,
2024.10.31 18:52:09,1323,XAUUSD,buy,out,0.02,2736.73,1323,-0.07,0.00,1.12,3 281.91,sl 2736.67
2024.10.31 19:15:42,1324,XAUUSD,sell,in,0.02,2741.10,1324,-0.07,0.00,0.00,3 281.84,
2024.10.31 19:37:51,1325,XAUUSD,buy,out,0.02,2740.39,1325,-0.07,0.00,1.42,3 283.19,
2024.10.31 19:39:49,1326,XAUUSD,sell,in,0.02,2739.92,1326,-0.07,0.00,0.00,3 283.12,
2024.10.31 19:47:23,1327,XAUUSD,buy,out,0.02,2739.24,1327,-0.07,0.00,1.36,3 284.41,sl 2739.24
2024.10.31 20:27:38,1328,XAUUSD,sell,in,0.02,2740.69,1328,-0.07,0.00,0.00,3 284.34,
2024.10.31 20:29:34,1329,XAUUSD,buy,out,0.02,2739.30,1329,-0.07,0.00,2.78,3 287.05,sl 2739.28
2024.10.31 20:51:43,1330,XAUUSD,sell,in,0.02,2738.61,1330,-0.07,0.00,0.00,3 286.98,
2024.10.31 22:29:44,1331,XAUUSD,buy,in,0.02,2748.17,1331,-0.07,0.00,0.00,3 286.91,
2024.10.31 22:31:44,1332,XAUUSD,sell,out,0.02,2748.65,1332,-0.07,0.00,0.96,3 287.80,sl 2748.65
2024.11.01 16:05:06,1333,XAUUSD,buy,out,0.02,2758.84,1333,-0.07,0.81,-40.46,3 248.08,
2024.11.06 08:32:49,1334,XAUUSD,sell,in,0.02,2716.95,1334,-0.07,0.00,0.00,3 248.01,
2024.11.06 08:33:22,1335,XAUUSD,buy,out,0.02,2714.87,1335,-0.07,0.00,4.16,3 252.10,sl 2714.79
2024.11.06 08:57:07,1336,XAUUSD,sell,in,0.02,2709.04,1336,-0.07,0.00,0.00,3 252.03,
2024.11.06 08:57:19,1337,XAUUSD,buy,out,0.02,2707.61,1337,-0.07,0.00,2.86,3 254.82,sl 2707.59
2024.11.06 13:29:08,1338,XAUUSD,sell,in,0.02,2711.80,1338,-0.07,0.00,0.00,3 254.75,
2024.11.06 13:30:18,1339,XAUUSD,buy,out,0.02,2711.41,1339,-0.07,0.00,0.78,3 255.46,sl 2711.28
2024.11.06 13:53:08,1340,XAUUSD,sell,in,0.02,2704.34,1340,-0.07,0.00,0.00,3 255.39,
2024.11.06 13:53:58,1341,XAUUSD,buy,out,0.02,2702.81,1341,-0.07,0.00,3.06,3 258.38,sl 2702.77
2024.11.06 14:17:14,1342,XAUUSD,sell,in,0.02,2706.71,1342,-0.07,0.00,0.00,3 258.31,
2024.11.06 14:22:01,1343,XAUUSD,buy,out,0.02,2704.28,1343,-0.07,0.00,4.86,3 263.10,sl 2704.20
2024.11.06 14:41:20,1344,XAUUSD,sell,in,0.02,2702.60,1344,-0.07,0.00,0.00,3 263.03,
2024.11.06 14:42:31,1345,XAUUSD,buy,out,0.02,2701.73,1345,-0.07,0.00,1.74,3 264.70,sl 2701.65
2024.11.06 15:05:25,1346,XAUUSD,sell,in,0.02,2687.52,1346,-0.07,0.00,0.00,3 264.63,
2024.11.06 15:05:47,1347,XAUUSD,buy,out,0.02,2685.91,1347,-0.07,0.00,3.22,3 267.78,sl 2685.88
2024.11.06 15:29:32,1348,XAUUSD,sell,in,0.02,2676.73,1348,-0.07,0.00,0.00,3 267.71,
2024.11.06 15:29:59,1349,XAUUSD,buy,out,0.02,2676.55,1349,-0.07,0.00,0.36,3 268.00,sl 2676.50
2024.11.06 15:53:33,1350,XAUUSD,sell,in,0.02,2665.97,1350,-0.07,0.00,0.00,3 267.93,
2024.11.06 15:54:29,1351,XAUUSD,buy,out,0.02,2665.63,1351,-0.07,0.00,0.68,3 268.54,sl 2665.63
2024.11.06 16:17:38,1352,XAUUSD,sell,in,0.02,2669.38,1352,-0.07,0.00,0.00,3 268.47,
2024.11.06 16:19:55,1353,XAUUSD,buy,out,0.02,2665.51,1353,-0.07,0.00,7.74,3 276.14,sl 2665.50
2024.11.06 16:41:45,1354,XAUUSD,sell,in,0.02,2658.94,1354,-0.07,0.00,0.00,3 276.07,
2024.11.06 16:42:00,1355,XAUUSD,buy,out,0.02,2658.91,1355,-0.07,0.00,0.06,3 276.06,sl 2658.91
2024.11.06 17:05:47,1356,XAUUSD,sell,in,0.02,2659.32,1356,-0.07,0.00,0.00,3 275.99,
2024.11.06 17:06:21,1357,XAUUSD,buy,out,0.02,2658.96,1357,-0.07,0.00,0.72,3 276.64,sl 2658.96
2024.11.06 17:29:48,1358,XAUUSD,sell,in,0.02,2668.12,1358,-0.07,0.00,0.00,3 276.57,
2024.11.06 17:30:19,1359,XAUUSD,buy,out,0.02,2668.10,1359,-0.07,0.00,0.04,3 276.54,sl 2668.10
2024.11.06 17:53:55,1360,XAUUSD,sell,in,0.02,2673.73,1360,-0.07,0.00,0.00,3 276.47,
2024.11.06 18:06:30,1361,XAUUSD,buy,out,0.02,2672.16,1361,-0.07,0.00,3.14,3 279.54,sl 2672.14
2024.11.06 18:17:56,1362,XAUUSD,sell,in,0.02,2665.70,1362,-0.07,0.00,0.00,3 279.47,
2024.11.06 18:21:01,1363,XAUUSD,buy,out,0.02,2663.69,1363,-0.07,0.00,4.02,3 283.42,sl 2663.69
2024.11.06 18:42:03,1364,XAUUSD,sell,in,0.02,2666.19,1364,-0.07,0.00,0.00,3 283.35,
2024.11.06 18:42:33,1365,XAUUSD,buy,out,0.02,2665.97,1365,-0.07,0.00,0.44,3 283.72,sl 2665.97
2024.11.06 19:06:19,1366,XAUUSD,sell,in,0.02,2666.68,1366,-0.07,0.00,0.00,3 283.65,
2024.11.06 19:32:21,1367,XAUUSD,buy,out,0.02,2665.96,1367,-0.07,0.00,1.44,3 285.02,sl 2665.94
2024.11.06 19:32:29,1368,XAUUSD,sell,in,0.02,2666.16,1368,-0.07,0.00,0.00,3 284.95,
2024.11.06 19:39:14,1369,XAUUSD,buy,out,0.02,2666.19,1369,-0.07,0.00,-0.06,3 284.82,sl 2666.14
2024.11.06 19:56:34,1370,XAUUSD,sell,in,0.02,2662.33,1370,-0.07,0.00,0.00,3 284.75,
2024.11.06 21:34:37,1371,XAUUSD,buy,in,0.02,2667.69,1371,-0.07,0.00,0.00,3 284.68,
2024.11.06 22:32:05,1372,XAUUSD,buy,out,0.02,2661.97,1372,-0.07,0.00,0.72,3 285.33,sl 2661.95
2024.11.07 12:40:16,1373,XAUUSD,sell,out,0.02,2667.69,1373,-0.07,-3.42,0.00,3 281.84,sl 2667.71
2024.11.11 13:03:37,1374,XAUUSD,sell,in,0.02,2659.57,1374,-0.07,0.00,0.00,3 281.77,
2024.11.11 14:35:10,1375,XAUUSD,buy,out,0.02,2658.52,1375,-0.07,0.00,2.10,3 283.80,sl 2658.52
2024.11.11 14:35:12,1376,XAUUSD,sell,in,0.02,2658.45,1376,-0.07,0.00,0.00,3 283.73,
2024.11.11 14:58:58,1377,XAUUSD,buy,out,0.02,2658.15,1377,-0.07,0.00,0.60,3 284.26,sl 2658.14
2024.11.11 14:59:18,1378,XAUUSD,sell,in,0.02,2657.33,1378,-0.07,0.00,0.00,3 284.19,
2024.11.11 14:59:59,1379,XAUUSD,buy,out,0.02,2657.32,1379,-0.07,0.00,0.02,3 284.14,sl 2657.32
2024.11.11 15:23:19,1380,XAUUSD,sell,in,0.02,2657.16,1380,-0.07,0.00,0.00,3 284.07,
2024.11.11 15:25:37,1381,XAUUSD,buy,out,0.02,2655.59,1381,-0.07,0.00,3.14,3 287.14,sl 2655.59
2024.11.11 15:47:19,1382,XAUUSD,sell,in,0.02,2639.58,1382,-0.07,0.00,0.00,3 287.07,
2024.11.11 15:49:50,1383,XAUUSD,buy,out,0.02,2638.07,1383,-0.07,0.00,3.02,3 290.02,sl 2638.07
2024.11.11 16:11:26,1384,XAUUSD,sell,in,0.02,2629.46,1384,-0.07,0.00,0.00,3 289.95,
2024.11.11 16:27:46,1385,XAUUSD,buy,out,0.02,2629.44,1385,-0.07,0.00,0.04,3 289.92,sl 2629.44
2024.11.11 16:35:35,1386,XAUUSD,sell,in,0.02,2625.19,1386,-0.07,0.00,0.00,3 289.85,
2024.11.11 16:35:49,1387,XAUUSD,buy,out,0.02,2624.61,1387,-0.07,0.00,1.16,3 290.94,sl 2624.61
2024.11.11 16:59:41,1388,XAUUSD,sell,in,0.02,2623.30,1388,-0.07,0.00,0.00,3 290.87,
2024.11.11 17:08:26,1389,XAUUSD,buy,out,0.02,2622.71,1389,-0.07,0.00,1.18,3 291.98,sl 2622.70
2024.11.11 17:23:41,1390,XAUUSD,sell,in,0.02,2620.71,1390,-0.07,0.00,0.00,3 291.91,
2024.11.11 17:25:44,1391,XAUUSD,buy,out,0.02,2620.47,1391,-0.07,0.00,0.48,3 292.32,sl 2620.47
2024.11.11 17:47:53,1392,XAUUSD,sell,in,0.02,2615.98,1392,-0.07,0.00,0.00,3 292.25,
2024.11.11 17:51:05,1393,XAUUSD,buy,out,0.02,2615.69,1393,-0.07,0.00,0.58,3 292.76,sl 2615.65
2024.11.11 18:12:00,1394,XAUUSD,sell,in,0.02,2613.22,1394,-0.07,0.00,0.00,3 292.69,
2024.11.11 19:29:09,1395,XAUUSD,buy,out,0.02,2612.47,1395,-0.07,0.00,1.50,3 294.12,sl 2612.45
2024.11.11 19:29:11,1396,XAUUSD,sell,in,0.02,2612.60,1396,-0.07,0.00,0.00,3 294.05,
2024.11.11 19:30:31,1397,XAUUSD,buy,out,0.02,2612.41,1397,-0.07,0.00,0.38,3 294.36,sl 2612.40
2024.11.11 19:53:16,1398,XAUUSD,sell,in,0.02,2613.85,1398,-0.07,0.00,0.00,3 294.29,
2024.11.11 19:57:52,1399,XAUUSD,buy,out,0.02,2613.31,1399,-0.07,0.00,1.08,3 295.30,sl 2613.31
2024.11.11 20:17:19,1400,XAUUSD,sell,in,0.02,2612.34,1400,-0.07,0.00,0.00,3 295.23,
2024.11.11 20:20:37,1401,XAUUSD,buy,out,0.02,2611.93,1401,-0.07,0.00,0.82,3 295.98,sl 2611.92
2024.11.11 20:41:18,1402,XAUUSD,sell,in,0.02,2617.39,1402,-0.07,0.00,0.00,3 295.91,
2024.11.11 20:43:26,1403,XAUUSD,buy,out,0.02,2617.37,1403,-0.07,0.00,0.04,3 295.88,sl 2617.37
2024.11.11 21:05:20,1404,XAUUSD,sell,in,0.02,2620.34,1404,-0.07,0.00,0.00,3 295.81,
2024.11.11 21:08:37,1405,XAUUSD,buy,out,0.02,2618.90,1405,-0.07,0.00,2.88,3 298.62,sl 2618.89
2024.11.11 21:29:28,1406,XAUUSD,sell,in,0.02,2619.11,1406,-0.07,0.00,0.00,3 298.55,
2024.11.11 21:39:05,1407,XAUUSD,buy,out,0.02,2618.72,1407,-0.07,0.00,0.78,3 299.26,sl 2618.69
2024.11.11 21:53:39,1408,XAUUSD,sell,in,0.02,2619.19,1408,-0.07,0.00,0.00,3 299.19,
2024.11.11 21:54:26,1409,XAUUSD,buy,out,0.02,2619.18,1409,-0.07,0.00,0.02,3 299.14,sl 2619.16
2024.11.11 22:17:44,1410,XAUUSD,sell,in,0.02,2622.19,1410,-0.07,0.00,0.00,3 299.07,
2024.11.11 23:45:30,1411,XAUUSD,buy,out,0.02,2620.39,1411,-0.07,0.00,3.60,3 302.60,sl 2620.37
2024.11.11 23:45:33,1412,XAUUSD,sell,in,0.02,2620.21,1412,-0.07,0.00,0.00,3 302.53,
2024.11.11 23:57:02,1413,XAUUSD,buy,out,0.02,2619.98,1413,-0.07,0.00,0.46,3 302.92,sl 2619.95
2024.11.12 01:02:01,1414,XAUUSD,sell,in,0.02,2619.87,1414,-0.07,0.00,0.00,3 302.85,
2024.11.12 02:40:18,1415,XAUUSD,buy,in,0.02,2624.23,1415,-0.07,0.00,0.00,3 302.78,
2024.11.12 02:50:35,1416,XAUUSD,sell,out,0.02,2624.37,1416,-0.07,0.00,0.28,3 302.99,sl 2624.39
2024.11.12 03:30:09,1417,XAUUSD,buy,out,0.02,2619.86,1417,-0.07,0.00,0.02,3 302.94,sl 2619.86
2024.11.18 16:38:34,1418,XAUUSD,buy,in,0.02,2609.39,1418,-0.07,0.00,0.00,3 302.87,
2024.11.18 16:40:06,1419,XAUUSD,sell,out,0.02,2609.41,1419,-0.07,0.00,0.04,3 302.84,sl 2609.42
2024.11.18 17:18:29,1420,XAUUSD,buy,in,0.02,2610.41,1420,-0.07,0.00,0.00,3 302.77,
2024.11.18 17:20:37,1421,XAUUSD,sell,out,0.02,2610.52,1421,-0.07,0.00,0.22,3 302.92,sl 2610.56
2024.11.18 17:42:32,1422,XAUUSD,buy,in,0.02,2611.33,1422,-0.07,0.00,0.00,3 302.85,
2024.11.18 17:58:42,1423,XAUUSD,sell,out,0.02,2612.75,1423,-0.07,0.00,2.84,3 305.62,sl 2612.79
2024.11.18 18:06:33,1424,XAUUSD,buy,in,0.02,2613.47,1424,-0.07,0.00,0.00,3 305.55,
2024.11.18 18:08:02,1425,XAUUSD,sell,out,0.02,2613.71,1425,-0.07,0.00,0.48,3 305.96,sl 2613.72
2024.11.18 18:30:31,1426,XAUUSD,buy,in,0.02,2611.79,1426,-0.07,0.00,0.00,3 305.89,
2024.11.18 18:57:04,1427,XAUUSD,sell,out,0.02,2611.87,1427,-0.07,0.00,0.16,3 305.98,sl 2611.87
2024.11.18 18:57:07,1428,XAUUSD,buy,in,0.02,2611.91,1428,-0.07,0.00,0.00,3 305.91,
2024.11.18 20:35:12,1429,XAUUSD,sell,in,0.02,2608.54,1429,-0.07,0.00,0.00,3 305.84,
2024.11.18 20:46:49,1430,XAUUSD,buy,out,0.02,2608.48,1430,-0.07,0.00,0.12,3 305.89,sl 2608.47
2024.11.18 21:10:23,1431,XAUUSD,sell,out,0.02,2612.16,1431,-0.07,0.00,0.50,3 306.32,sl 2612.16
2024.11.25 16:20:41,1432,XAUUSD,sell,in,0.02,2644.41,1432,-0.07,0.00,0.00,3 306.25,
2024.11.25 16:22:09,1433,XAUUSD,buy,out,0.02,2643.23,1433,-0.07,0.00,2.36,3 308.54,sl 2643.16
2024.11.25 16:44:44,1434,XAUUSD,sell,in,0.02,2635.35,1434,-0.07,0.00,0.00,3 308.47,
2024.11.25 16:44:56,1435,XAUUSD,buy,out,0.02,2634.41,1435,-0.07,0.00,1.88,3 310.28,sl 2634.38
2024.11.25 17:08:44,1436,XAUUSD,sell,in,0.02,2635.03,1436,-0.07,0.00,0.00,3 310.21,
2024.11.25 17:09:18,1437,XAUUSD,buy,out,0.02,2634.51,1437,-0.07,0.00,1.04,3 311.18,sl 2634.47
2024.11.25 17:32:52,1438,XAUUSD,sell,in,0.02,2634.84,1438,-0.07,0.00,0.00,3 311.11,
2024.11.25 17:39:57,1439,XAUUSD,buy,out,0.02,2634.53,1439,-0.07,0.00,0.62,3 311.66,sl 2634.53
2024.11.25 17:56:59,1440,XAUUSD,sell,in,0.02,2629.11,1440,-0.07,0.00,0.00,3 311.59,
2024.11.25 17:57:50,1441,XAUUSD,buy,out,0.02,2627.10,1441,-0.07,0.00,4.02,3 315.54,sl 2627.09
2024.11.25 18:21:06,1442,XAUUSD,sell,in,0.02,2632.21,1442,-0.07,0.00,0.00,3 315.47,
2024.11.25 18:23:22,1443,XAUUSD,buy,out,0.02,2632.01,1443,-0.07,0.00,0.40,3 315.80,sl 2632.01
2024.11.25 18:45:11,1444,XAUUSD,sell,in,0.02,2634.29,1444,-0.07,0.00,0.00,3 315.73,
2024.11.25 18:48:16,1445,XAUUSD,buy,out,0.02,2633.47,1445,-0.07,0.00,1.64,3 317.30,sl 2633.47
2024.11.25 19:09:15,1446,XAUUSD,sell,in,0.02,2633.12,1446,-0.07,0.00,0.00,3 317.23,
2024.11.25 19:10:35,1447,XAUUSD,buy,out,0.02,2632.09,1447,-0.07,0.00,2.06,3 319.22,sl 2632.09
2024.11.25 19:33:24,1448,XAUUSD,sell,in,0.02,2626.42,1448,-0.07,0.00,0.00,3 319.15,
2024.11.25 19:51:01,1449,XAUUSD,buy,out,0.02,2626.41,1449,-0.07,0.00,0.02,3 319.10,sl 2626.40
2024.11.25 19:57:24,1450,XAUUSD,sell,in,0.02,2628.15,1450,-0.07,0.00,0.00,3 319.03,
2024.11.25 20:01:29,1451,XAUUSD,buy,out,0.02,2628.14,1451,-0.07,0.00,0.02,3 318.98,sl 2628.13
2024.11.25 20:21:38,1452,XAUUSD,sell,in,0.02,2618.94,1452,-0.07,0.00,0.00,3 318.91,
2024.11.25 20:22:29,1453,XAUUSD,buy,out,0.02,2618.62,1453,-0.07,0.00,0.64,3 319.48,sl 2618.61
2024.11.25 20:45:38,1454,XAUUSD,sell,in,0.02,2619.91,1454,-0.07,0.00,0.00,3 319.41,
2024.11.25 20:50:35,1455,XAUUSD,buy,out,0.02,2619.74,1455,-0.07,0.00,0.34,3 319.68,sl 2619.74
2024.11.25 21:09:45,1456,XAUUSD,sell,in,0.02,2620.13,1456,-0.07,0.00,0.00,3 319.61,
2024.11.25 21:13:58,1457,XAUUSD,buy,out,0.02,2619.84,1457,-0.07,0.00,0.58,3 320.12,sl 2619.84
2024.11.25 21:33:53,1458,XAUUSD,sell,in,0.02,2625.67,1458,-0.07,0.00,0.00,3 320.05,
2024.11.25 21:35:06,1459,XAUUSD,buy,out,0.02,2625.66,1459,-0.07,0.00,0.02,3 320.00,sl 2625.66
2024.11.25 21:57:55,1460,XAUUSD,sell,in,0.02,2625.95,1460,-0.07,0.00,0.00,3 319.93,
2024.11.25 21:59:04,1461,XAUUSD,buy,out,0.02,2625.92,1461,-0.07,0.00,0.06,3 319.92,sl 2625.89
2024.11.25 22:21:57,1462,XAUUSD,sell,in,0.02,2627.25,1462,-0.07,0.00,0.00,3 319.85,
2024.11.25 22:23:28,1463,XAUUSD,buy,out,0.02,2626.73,1463,-0.07,0.00,1.04,3 320.82,sl 2626.73
2024.11.25 22:45:58,1464,XAUUSD,sell,in,0.02,2627.65,1464,-0.07,0.00,0.00,3 320.75,
2024.11.25 22:52:02,1465,XAUUSD,buy,out,0.02,2627.30,1465,-0.07,0.00,0.70,3 321.38,sl 2627.28
2024.11.25 23:10:01,1466,XAUUSD,sell,in,0.02,2627.97,1466,-0.07,0.00,0.00,3 321.31,
2024.11.25 23:18:12,1467,XAUUSD,buy,out,0.02,2627.67,1467,-0.07,0.00,0.60,3 321.84,sl 2627.65
2024.11.25 23:34:03,1468,XAUUSD,sell,in,0.02,2625.92,1468,-0.07,0.00,0.00,3 321.77,
2024.11.26 01:12:05,1469,XAUUSD,buy,in,0.02,2627.73,1469,-0.07,0.00,0.00,3 321.70,
2024.11.26 01:15:55,1470,XAUUSD,sell,out,0.02,2627.80,1470,-0.07,0.00,0.14,3 321.77,sl 2628.09
2024.11.26 01:35:16,1471,XAUUSD,buy,out,0.02,2624.04,1471,-0.07,0.81,3.76,3 326.27,sl 2624.03
2024.12.06 03:10:48,1472,XAUUSD,sell,in,0.02,2614.96,1472,-0.07,0.00,0.00,3 326.20,
2024.12.06 03:12:53,1473,XAUUSD,buy,out,0.02,2614.95,1473,-0.07,0.00,0.02,3 326.15,sl 2614.92
2024.12.09 16:32:16,1474,XAUUSD,buy,in,0.02,2670.69,1474,-0.07,0.00,0.00,3 326.08,
2024.12.09 16:42:11,1475,XAUUSD,sell,out,0.02,2670.72,1475,-0.07,0.00,0.06,3 326.07,sl 2670.72
2024.12.09 16:56:20,1476,XAUUSD,buy,in,0.02,2673.12,1476,-0.07,0.00,0.00,3 326.00,
2024.12.09 16:58:34,1477,XAUUSD,sell,out,0.02,2674.65,1477,-0.07,0.00,3.06,3 328.99,sl 2674.65
2024.12.09 17:20:20,1478,XAUUSD,buy,in,0.02,2675.32,1478,-0.07,0.00,0.00,3 328.92,
2024.12.09 18:58:25,1479,XAUUSD,sell,in,0.02,2667.44,1479,-0.07,0.00,0.00,3 328.85,
2024.12.09 18:59:02,1480,XAUUSD,buy,out,0.02,2667.17,1480,-0.07,0.00,0.54,3 329.32,sl 2667.16
2024.12.10 12:52:37,1481,XAUUSD,sell,out,0.02,2675.50,1481,-0.07,-1.14,0.36,3 328.47,sl 2675.65
2024.12.13 15:51:47,1482,XAUUSD,sell,in,0.02,2660.03,1482,-0.07,0.00,0.00,3 328.40,
2024.12.13 16:18:03,1483,XAUUSD,buy,out,0.02,2660.01,1483,-0.07,0.00,0.04,3 328.37,sl 2660.00
2024.12.13 16:25:26,1484,XAUUSD,sell,in,0.02,2659.56,1484,-0.07,0.00,0.00,3 328.30,
2024.12.13 16:36:17,1485,XAUUSD,buy,out,0.02,2658.63,1485,-0.07,0.00,1.86,3 330.09,sl 2658.63
2024.12.13 16:49:59,1486,XAUUSD,sell,in,0.02,2659.19,1486,-0.07,0.00,0.00,3 330.02,
2024.12.13 16:50:53,1487,XAUUSD,buy,out,0.02,2659.06,1487,-0.07,0.00,0.26,3 330.21,sl 2659.01
2024.12.13 17:14:10,1488,XAUUSD,sell,in,0.02,2658.44,1488,-0.07,0.00,0.00,3 330.14,
2024.12.13 17:15:22,1489,XAUUSD,buy,out,0.02,2658.10,1489,-0.07,0.00,0.68,3 330.75,sl 2658.09
2024.12.13 19:46:05,1490,XAUUSD,sell,in,0.02,2656.75,1490,-0.07,0.00,0.00,3 330.68,
2024.12.13 19:51:01,1491,XAUUSD,buy,out,0.02,2656.73,1491,-0.07,0.00,0.04,3 330.65,sl 2656.72
2024.12.13 20:10:05,1492,XAUUSD,sell,in,0.02,2655.67,1492,-0.07,0.00,0.00,3 330.58,
2024.12.13 20:19:03,1493,XAUUSD,buy,out,0.02,2655.26,1493,-0.07,0.00,0.82,3 331.33,sl 2655.21
2024.12.13 20:34:07,1494,XAUUSD,sell,in,0.02,2655.16,1494,-0.07,0.00,0.00,3 331.26,
2024.12.13 20:41:57,1495,XAUUSD,buy,out,0.02,2653.36,1495,-0.07,0.00,3.60,3 334.79,sl 2653.35
2024.12.13 20:58:10,1496,XAUUSD,sell,in,0.02,2653.63,1496,-0.07,0.00,0.00,3 334.72,
2024.12.13 21:30:47,1497,XAUUSD,buy,out,0.02,2653.05,1497,-0.07,0.00,1.16,3 335.81,sl 2653.05
2024.12.13 21:31:04,1498,XAUUSD,sell,in,0.02,2652.90,1498,-0.07,0.00,0.00,3 335.74,
2024.12.13 22:02:17,1499,XAUUSD,buy,out,0.02,2652.36,1499,-0.07,0.00,1.08,3 336.75,sl 2652.36
2024.12.13 22:02:25,1500,XAUUSD,sell,in,0.02,2652.27,1500,-0.07,0.00,0.00,3 336.68,
2024.12.13 22:12:10,1501,XAUUSD,buy,out,0.02,2651.82,1501,-0.07,0.00,0.90,3 337.51,sl 2651.78
2024.12.13 22:26:26,1502,XAUUSD,sell,in,0.02,2650.37,1502,-0.07,0.00,0.00,3 337.44,
2024.12.13 22:41:43,1503,XAUUSD,buy,out,0.02,2649.83,1503,-0.07,0.00,1.08,3 338.45,sl 2649.83
2024.12.13 22:50:25,1504,XAUUSD,sell,in,0.02,2650.23,1504,-0.07,0.00,0.00,3 338.38,
2024.12.13 22:57:33,1505,XAUUSD,buy,out,0.02,2648.63,1505,-0.07,0.00,3.20,3 341.51,sl 2648.62
2024.12.13 23:14:26,1506,XAUUSD,sell,in,0.02,2648.45,1506,-0.07,0.00,0.00,3 341.44,
2024.12.16 02:47:58,1507,XAUUSD,buy,out,0.02,2648.03,1507,-0.07,0.81,0.84,3 343.02,sl 2648.01
2025.01.02 17:34:22,1508,XAUUSD,buy,in,0.02,2652.65,1508,-0.07,0.00,0.00,3 342.95,
2025.01.02 17:38:27,1509,XAUUSD,sell,out,0.02,2653.16,1509,-0.07,0.00,1.02,3 343.90,sl 2653.17
2025.01.02 17:58:36,1510,XAUUSD,buy,in,0.02,2654.76,1510,-0.07,0.00,0.00,3 343.83,
2025.01.02 18:20:36,1511,XAUUSD,sell,out,0.02,2656.51,1511,-0.07,0.00,3.50,3 347.26,sl 2656.51
2025.01.02 18:22:38,1512,XAUUSD,buy,in,0.02,2657.25,1512,-0.07,0.00,0.00,3 347.19,
2025.01.02 18:25:06,1513,XAUUSD,sell,out,0.02,2657.27,1513,-0.07,0.00,0.04,3 347.16,sl 2657.27
2025.01.02 18:46:38,1514,XAUUSD,buy,in,0.02,2658.07,1514,-0.07,0.00,0.00,3 347.09,
2025.01.02 18:51:04,1515,XAUUSD,sell,out,0.02,2659.20,1515,-0.07,0.00,2.26,3 349.28,sl 2659.24
2025.01.02 19:10:43,1516,XAUUSD,buy,in,0.02,2658.37,1516,-0.07,0.00,0.00,3 349.21,
2025.01.02 19:12:45,1517,XAUUSD,sell,out,0.02,2658.88,1517,-0.07,0.00,1.02,3 350.16,sl 2658.93
2025.01.02 19:52:24,1518,XAUUSD,buy,in,0.02,2654.99,1518,-0.07,0.00,0.00,3 350.09,
2025.01.02 20:00:50,1519,XAUUSD,sell,out,0.02,2656.73,1519,-0.07,0.00,3.48,3 353.50,sl 2656.74
2025.01.02 20:16:27,1520,XAUUSD,buy,in,0.02,2657.58,1520,-0.07,0.00,0.00,3 353.43,
2025.01.02 20:18:37,1521,XAUUSD,sell,out,0.02,2657.68,1521,-0.07,0.00,0.20,3 353.56,sl 2657.69
2025.01.02 20:42:13,1522,XAUUSD,buy,in,0.02,2655.57,1522,-0.07,0.00,0.00,3 353.49,
2025.01.02 20:45:50,1523,XAUUSD,sell,out,0.02,2655.60,1523,-0.07,0.00,0.06,3 353.48,sl 2655.62
2025.01.02 21:36:13,1524,XAUUSD,buy,in,0.02,2656.35,1524,-0.07,0.00,0.00,3 353.41,
2025.01.02 21:39:08,1525,XAUUSD,sell,out,0.02,2656.58,1525,-0.07,0.00,0.46,3 353.80,sl 2656.59
2025.01.02 22:13:00,1526,XAUUSD,buy,in,0.02,2657.22,1526,-0.07,0.00,0.00,3 353.73,
2025.01.02 22:25:37,1527,XAUUSD,sell,out,0.02,2658.83,1527,-0.07,0.00,3.22,3 356.88,sl 2658.95
2025.01.02 22:37:06,1528,XAUUSD,buy,in,0.02,2659.39,1528,-0.07,0.00,0.00,3 356.81,
2025.01.02 22:44:35,1529,XAUUSD,sell,out,0.02,2659.40,1529,-0.07,0.00,0.02,3 356.76,sl 2659.46
2025.01.02 23:01:19,1530,XAUUSD,buy,in,0.02,2660.00,1530,-0.07,0.00,0.00,3 356.69,
2025.01.03 02:09:19,1531,XAUUSD,sell,out,0.02,2660.60,1531,-0.07,-1.14,1.20,3 356.68,sl 2660.61
2025.01.10 16:33:53,1532,XAUUSD,buy,in,0.02,2692.95,1532,-0.07,0.00,0.00,3 356.61,
2025.01.10 17:23:58,1533,XAUUSD,sell,out,0.02,2693.11,1533,-0.07,0.00,0.32,3 356.86,sl 2693.13
2025.01.10 17:24:26,1534,XAUUSD,buy,in,0.02,2692.75,1534,-0.07,0.00,0.00,3 356.79,
2025.01.10 17:26:13,1535,XAUUSD,sell,out,0.02,2694.09,1535,-0.07,0.00,2.68,3 359.40,sl 2694.18
2025.01.10 17:48:41,1536,XAUUSD,buy,in,0.02,2693.33,1536,-0.07,0.00,0.00,3 359.33,
2025.01.10 17:49:36,1537,XAUUSD,sell,out,0.02,2693.54,1537,-0.07,0.00,0.42,3 359.68,sl 2693.68
2025.01.10 18:46:17,1538,XAUUSD,buy,in,0.02,2694.45,1538,-0.07,0.00,0.00,3 359.61,
2025.01.10 18:51:14,1539,XAUUSD,sell,out,0.02,2694.60,1539,-0.07,0.00,0.30,3 359.84,sl 2694.61
2025.01.10 19:14:47,1540,XAUUSD,buy,in,0.02,2695.67,1540,-0.07,0.00,0.00,3 359.77,
2025.01.10 19:15:44,1541,XAUUSD,sell,out,0.02,2696.37,1541,-0.07,0.00,1.40,3 361.10,sl 2696.42
2025.01.10 19:38:49,1542,XAUUSD,buy,in,0.02,2697.31,1542,-0.07,0.00,0.00,3 361.03,
2025.01.10 21:16:56,1543,XAUUSD,sell,in,0.02,2686.24,1543,-0.07,0.00,0.00,3 360.96,
2025.01.10 21:47:37,1544,XAUUSD,buy,out,0.02,2685.61,1544,-0.07,0.00,1.26,3 362.15,sl 2685.60
2025.01.13 13:59:25,1545,XAUUSD,sell,out,0.02,2676.21,1545,-0.07,-1.14,-42.20,3 318.74,
2025.01.16 15:30:22,1546,XAUUSD,buy,in,0.02,2713.49,1546,-0.07,0.00,0.00,3 318.67,
2025.01.16 15:44:19,1547,XAUUSD,sell,out,0.02,2714.37,1547,-0.07,0.00,1.76,3 320.36,sl 2714.41
2025.01.16 15:54:28,1548,XAUUSD,buy,in,0.02,2718.07,1548,-0.07,0.00,0.00,3 320.29,
2025.01.16 16:56:08,1549,XAUUSD,sell,out,0.02,2718.57,1549,-0.07,0.00,1.00,3 321.22,sl 2718.57
2025.01.16 16:56:14,1550,XAUUSD,buy,in,0.02,2718.69,1550,-0.07,0.00,0.00,3 321.15,
2025.01.16 16:57:15,1551,XAUUSD,sell,out,0.02,2718.61,1551,-0.07,0.00,-0.16,3 320.92,sl 2718.71
2025.01.16 17:20:22,1552,XAUUSD,buy,in,0.02,2716.67,1552,-0.07,0.00,0.00,3 320.85,
2025.01.16 17:24:44,1553,XAUUSD,sell,out,0.02,2716.91,1553,-0.07,0.00,0.48,3 321.26,sl 2716.91
2025.01.16 17:44:35,1554,XAUUSD,buy,in,0.02,2715.87,1554,-0.07,0.00,0.00,3 321.19,
2025.01.16 18:00:14,1555,XAUUSD,sell,out,0.02,2716.82,1555,-0.07,0.00,1.90,3 323.02,sl 2716.82
2025.01.16 18:08:36,1556,XAUUSD,buy,in,0.02,2718.52,1556,-0.07,0.00,0.00,3 322.95,
2025.01.16 18:13:58,1557,XAUUSD,sell,out,0.02,2719.54,1557,-0.07,0.00,2.04,3 324.92,sl 2719.58
2025.01.16 18:32:41,1558,XAUUSD,buy,in,0.02,2719.91,1558,-0.07,0.00,0.00,3 324.85,
2025.01.16 18:32:58,1559,XAUUSD,sell,out,0.02,2719.96,1559,-0.07,0.00,0.10,3 324.88,sl 2719.96
2025.01.16 18:56:43,1560,XAUUSD,buy,in,0.02,2721.79,1561,-0.07,0.00,0.00,3 324.81,
2025.01.16 19:05:53,1561,XAUUSD,sell,out,0.02,2721.86,1562,-0.07,0.00,0.14,3 324.88,sl 2721.88
2025.01.16 19:20:48,1562,XAUUSD,buy,in,0.02,2722.21,1563,-0.07,0.00,0.00,3 324.81,
2025.01.16 19:26:59,1563,XAUUSD,sell,out,0.02,2722.58,1564,-0.07,0.00,0.74,3 325.48,sl 2722.63
2025.01.16 19:44:52,1564,XAUUSD,buy,in,0.02,2723.57,1565,-0.07,0.00,0.00,3 325.41,
2025.01.16 21:23:10,1565,XAUUSD,sell,in,0.02,2715.34,1566,-0.07,0.00,0.00,3 325.34,
2025.01.16 21:50:01,1566,XAUUSD,buy,out,0.02,2715.24,1567,-0.07,0.00,0.20,3 325.47,sl 2715.24
2025.01.17 22:01:48,1567,XAUUSD,sell,out,0.02,2700.96,1568,-0.07,-1.14,-45.22,3 279.04,
2025.01.21 16:59:37,1568,XAUUSD,buy,in,0.02,2738.56,1569,-0.07,0.00,0.00,3 278.97,
2025.01.21 17:01:43,1569,XAUUSD,sell,out,0.02,2738.76,1570,-0.07,0.00,0.40,3 279.30,sl 2738.82
2025.01.21 17:53:57,1570,XAUUSD,buy,in,0.02,2739.68,1571,-0.07,0.00,0.00,3 279.23,
2025.01.21 17:54:44,1571,XAUUSD,sell,out,0.02,2739.72,1572,-0.07,0.00,0.08,3 279.24,sl 2739.74
2025.01.21 18:18:00,1572,XAUUSD,buy,in,0.02,2741.46,1573,-0.07,0.00,0.00,3 279.17,
2025.01.21 18:19:37,1573,XAUUSD,sell,out,0.02,2742.52,1574,-0.07,0.00,2.12,3 281.22,sl 2742.54
2025.01.21 18:42:03,1574,XAUUSD,buy,in,0.02,2740.84,1575,-0.07,0.00,0.00,3 281.15,
2025.01.21 18:45:24,1575,XAUUSD,sell,out,0.02,2740.89,1576,-0.07,0.00,0.10,3 281.18,sl 2740.89
2025.01.21 19:06:11,1576,XAUUSD,buy,in,0.02,2744.38,1577,-0.07,0.00,0.00,3 281.11,
2025.01.21 19:09:04,1577,XAUUSD,sell,out,0.02,2744.80,1578,-0.07,0.00,0.84,3 281.88,sl 2744.92
2025.01.21 19:30:12,1578,XAUUSD,buy,in,0.02,2744.55,1579,-0.07,0.00,0.00,3 281.81,
2025.01.21 20:39:38,1579,XAUUSD,sell,out,0.02,2745.05,1580,-0.07,0.00,1.00,3 282.74,sl 2745.05
2025.01.21 20:39:38,1580,XAUUSD,buy,in,0.02,2745.18,1581,-0.07,0.00,0.00,3 282.67,
2025.01.21 20:42:48,1581,XAUUSD,sell,out,0.02,2745.22,1582,-0.07,0.00,0.08,3 282.68,sl 2745.32
2025.01.21 21:03:42,1582,XAUUSD,buy,in,0.02,2743.78,1583,-0.07,0.00,0.00,3 282.61,
2025.01.21 21:09:56,1583,XAUUSD,sell,out,0.02,2744.72,1584,-0.07,0.00,1.88,3 284.42,sl 2744.72
2025.01.21 21:35:24,1584,XAUUSD,buy,in,0.02,2742.95,1585,-0.07,0.00,0.00,3 284.35,
2025.01.21 23:13:33,1585,XAUUSD,sell,in,0.02,2742.61,1586,-0.07,0.00,0.00,3 284.28,
2025.01.21 23:35:09,1586,XAUUSD,sell,out,0.02,2743.09,1587,-0.07,0.00,0.28,3 284.49,sl 2743.09
2025.01.22 01:16:47,1587,XAUUSD,buy,out,0.02,2742.59,1588,-0.07,0.81,0.04,3 285.27,sl 2742.58
2025.01.24 04:42:53,1588,XAUUSD,buy,in,0.02,2773.00,1589,-0.07,0.00,0.00,3 285.20,
2025.01.24 04:46:44,1589,XAUUSD,sell,out,0.02,2773.34,1590,-0.07,0.00,0.68,3 285.81,sl 2773.35
2025.01.24 05:07:01,1590,XAUUSD,buy,in,0.02,2776.31,1591,-0.07,0.00,0.00,3 285.74,
2025.01.24 05:08:16,1591,XAUUSD,sell,out,0.02,2776.34,1592,-0.07,0.00,0.06,3 285.73,sl 2776.34
2025.01.24 05:49:56,1592,XAUUSD,buy,in,0.02,2774.30,1593,-0.07,0.00,0.00,3 285.66,
2025.01.24 06:37:45,1593,XAUUSD,sell,out,0.02,2774.32,1594,-0.07,0.00,0.04,3 285.63,sl 2774.32
2025.01.24 07:34:46,1594,XAUUSD,buy,in,0.02,2775.97,1595,-0.07,0.00,0.00,3 285.56,
2025.01.24 07:44:10,1595,XAUUSD,sell,out,0.02,2776.11,1596,-0.07,0.00,0.28,3 285.77,sl 2776.11
2025.01.24 07:58:54,1596,XAUUSD,buy,in,0.02,2775.96,1597,-0.07,0.00,0.00,3 285.70,
2025.01.24 08:08:06,1597,XAUUSD,sell,out,0.02,2776.84,1598,-0.07,0.00,1.76,3 287.39,sl 2776.85
2025.01.24 08:23:01,1598,XAUUSD,buy,in,0.02,2777.81,1599,-0.07,0.00,0.00,3 287.32,
2025.01.24 10:01:10,1599,XAUUSD,sell,in,0.02,2772.36,1600,-0.07,0.00,0.00,3 287.25,
2025.01.24 10:03:47,1600,XAUUSD,buy,out,0.02,2771.63,1601,-0.07,0.00,1.46,3 288.64,sl 2771.63
2025.01.24 13:35:49,1601,XAUUSD,sell,out,0.02,2779.34,1602,-0.07,0.00,3.06,3 291.63,sl 2779.34
2025.01.30 16:55:33,1602,XAUUSD,buy,in,0.02,2788.46,1603,-0.07,0.00,0.00,3 291.56,
2025.01.30 16:57:04,1603,XAUUSD,sell,out,0.02,2788.48,1604,-0.07,0.00,0.04,3 291.53,sl 2788.48
2025.01.30 17:20:56,1604,XAUUSD,buy,in,0.02,2789.81,1605,-0.07,0.00,0.00,3 291.46,
2025.01.30 17:26:09,1605,XAUUSD,sell,out,0.02,2790.51,1606,-0.07,0.00,1.40,3 292.79,sl 2790.52
2025.01.30 17:45:12,1606,XAUUSD,buy,in,0.02,2791.78,1607,-0.07,0.00,0.00,3 292.72,
2025.01.30 17:48:01,1607,XAUUSD,sell,out,0.02,2792.70,1608,-0.07,0.00,1.84,3 294.49,sl 2792.73
2025.01.30 18:09:15,1608,XAUUSD,buy,in,0.02,2797.17,1609,-0.07,0.00,0.00,3 294.42,
2025.01.30 18:11:21,1609,XAUUSD,sell,out,0.02,2797.60,1610,-0.07,0.00,0.86,3 295.21,sl 2797.67
2025.01.30 18:33:19,1610,XAUUSD,buy,in,0.02,2792.68,1611,-0.07,0.00,0.00,3 295.14,
2025.01.30 18:34:04,1611,XAUUSD,sell,out,0.02,2793.12,1612,-0.07,0.00,0.88,3 295.95,sl 2793.17
2025.01.30 18:57:21,1612,XAUUSD,buy,in,0.02,2792.09,1613,-0.07,0.00,0.00,3 295.88,
2025.01.30 19:33:01,1613,XAUUSD,sell,out,0.02,2792.91,1614,-0.07,0.00,1.64,3 297.45,sl 2792.95
2025.01.30 19:33:07,1614,XAUUSD,buy,in,0.02,2792.92,1615,-0.07,0.00,0.00,3 297.38,
2025.01.30 19:37:02,1615,XAUUSD,sell,out,0.02,2794.01,1616,-0.07,0.00,2.18,3 299.49,sl 2794.01
2025.01.30 19:57:13,1616,XAUUSD,buy,in,0.02,2795.64,1617,-0.07,0.00,0.00,3 299.42,
2025.01.30 20:02:53,1617,XAUUSD,sell,out,0.02,2795.67,1618,-0.07,0.00,0.06,3 299.41,sl 2795.67
2025.01.30 20:21:25,1618,XAUUSD,buy,in,0.02,2795.17,1619,-0.07,0.00,0.00,3 299.34,
2025.01.30 20:28:01,1619,XAUUSD,sell,out,0.02,2796.59,1620,-0.07,0.00,2.84,3 302.11,sl 2796.59
2025.01.30 20:45:31,1620,XAUUSD,buy,in,0.02,2794.90,1621,-0.07,0.00,0.00,3 302.04,
2025.01.30 20:49:17,1621,XAUUSD,sell,out,0.02,2795.02,1622,-0.07,0.00,0.24,3 302.21,sl 2795.04
2025.01.30 21:09:38,1622,XAUUSD,buy,in,0.02,2793.49,1623,-0.07,0.00,0.00,3 302.14,
2025.01.30 21:15:47,1623,XAUUSD,sell,out,0.02,2793.74,1624,-0.07,0.00,0.50,3 302.57,sl 2793.76
2025.01.30 21:46:28,1624,XAUUSD,buy,in,0.02,2793.37,1625,-0.07,0.00,0.00,3 302.50,
2025.01.30 22:11:42,1625,XAUUSD,sell,out,0.02,2794.45,1626,-0.07,0.00,2.16,3 304.59,sl 2794.45
2025.01.30 22:11:42,1626,XAUUSD,buy,in,0.02,2794.52,1627,-0.07,0.00,0.00,3 304.52,
2025.01.30 22:25:05,1627,XAUUSD,sell,out,0.02,2794.56,1628,-0.07,0.00,0.08,3 304.53,sl 2794.61
2025.01.30 22:35:44,1628,XAUUSD,buy,in,0.02,2796.04,1629,-0.07,0.00,0.00,3 304.46,
2025.01.30 22:37:05,1629,XAUUSD,sell,out,0.02,2796.15,1630,-0.07,0.00,0.22,3 304.61,sl 2796.15
2025.01.30 22:59:49,1630,XAUUSD,buy,in,0.02,2795.54,1631,-0.07,0.00,0.00,3 304.54,
2025.01.30 23:04:43,1631,XAUUSD,sell,out,0.02,2797.71,1632,-0.07,0.00,4.34,3 308.81,sl 2797.73
2025.01.30 23:27:05,1632,XAUUSD,buy,in,0.02,2795.36,1633,-0.07,0.00,0.00,3 308.74,
2025.01.31 01:05:12,1633,XAUUSD,sell,in,0.02,2793.91,1634,-0.07,0.00,0.00,3 308.67,
2025.01.31 01:12:01,1634,XAUUSD,buy,out,0.02,2793.59,1635,-0.07,0.00,0.64,3 309.24,sl 2793.34
2025.01.31 01:48:11,1635,XAUUSD,sell,out,0.02,2795.40,1636,-0.07,-1.14,0.08,3 308.11,sl 2795.43
2025.02.03 16:19:30,1636,XAUUSD,buy,in,0.02,2815.41,1637,-0.07,0.00,0.00,3 308.04,
2025.02.03 16:32:35,1637,XAUUSD,sell,out,0.02,2815.49,1638,-0.07,0.00,0.16,3 308.13,sl 2815.53
2025.02.03 16:43:34,1638,XAUUSD,buy,in,0.02,2818.36,1639,-0.07,0.00,0.00,3 308.06,
2025.02.03 16:44:18,1639,XAUUSD,sell,out,0.02,2818.63,1640,-0.07,0.00,0.54,3 308.53,sl 2818.65
2025.02.03 17:07:36,1640,XAUUSD,buy,in,0.02,2825.14,1641,-0.07,0.00,0.00,3 308.46,
2025.02.03 17:08:06,1641,XAUUSD,sell,out,0.02,2825.75,1642,-0.07,0.00,1.22,3 309.61,sl 2825.78
2025.02.03 17:31:40,1642,XAUUSD,buy,in,0.02,2819.45,1643,-0.07,0.00,0.00,3 309.54,
2025.02.03 17:31:57,1643,XAUUSD,sell,out,0.02,2819.71,1644,-0.07,0.00,0.52,3 309.99,sl 2819.89
2025.02.03 17:55:42,1644,XAUUSD,buy,in,0.02,2818.38,1645,-0.07,0.00,0.00,3 309.92,
2025.02.03 17:56:28,1645,XAUUSD,sell,out,0.02,2818.45,1646,-0.07,0.00,0.14,3 309.99,sl 2818.48
2025.02.03 18:19:44,1646,XAUUSD,buy,in,0.02,2821.50,1647,-0.07,0.00,0.00,3 309.92,
2025.02.03 18:20:11,1647,XAUUSD,sell,out,0.02,2821.52,1648,-0.07,0.00,0.04,3 309.89,sl 2821.54
2025.02.03 18:43:45,1648,XAUUSD,buy,in,0.02,2820.81,1649,-0.07,0.00,0.00,3 309.82,
2025.02.03 18:44:08,1649,XAUUSD,sell,out,0.02,2822.02,1650,-0.07,0.00,2.42,3 312.17,sl 2822.09
2025.02.03 19:18:37,1650,XAUUSD,buy,in,0.02,2818.46,1651,-0.07,0.00,0.00,3 312.10,
2025.02.03 19:28:44,1651,XAUUSD,sell,out,0.02,2818.75,1652,-0.07,0.00,0.58,3 312.61,sl 2818.78
2025.02.03 19:42:38,1652,XAUUSD,buy,in,0.02,2818.67,1653,-0.07,0.00,0.00,3 312.54,
2025.02.03 19:44:02,1653,XAUUSD,sell,out,0.02,2819.04,1654,-0.07,0.00,0.74,3 313.21,sl 2819.05
2025.02.03 20:06:45,1654,XAUUSD,buy,in,0.02,2819.99,1655,-0.07,0.00,0.00,3 313.14,
2025.02.03 20:08:18,1655,XAUUSD,sell,out,0.02,2820.06,1656,-0.07,0.00,0.14,3 313.21,sl 2820.08
2025.02.03 20:32:04,1656,XAUUSD,buy,in,0.02,2819.32,1657,-0.07,0.00,0.00,3 313.14,
2025.02.03 20:32:13,1657,XAUUSD,sell,out,0.02,2819.68,1658,-0.07,0.00,0.72,3 313.79,sl 2819.71
2025.02.03 20:56:05,1658,XAUUSD,buy,in,0.02,2820.22,1659,-0.07,0.00,0.00,3 313.72,
2025.02.03 21:00:00,1659,XAUUSD,sell,out,0.02,2820.79,1660,-0.07,0.00,1.14,3 314.79,sl 2820.79
2025.02.03 21:20:06,1660,XAUUSD,buy,in,0.02,2822.14,1661,-0.07,0.00,0.00,3 314.72,
2025.02.03 21:22:52,1661,XAUUSD,sell,out,0.02,2822.43,1662,-0.07,0.00,0.58,3 315.23,sl 2822.46
2025.02.04 03:43:36,1662,XAUUSD,buy,in,0.02,2823.44,1663,-0.07,0.00,0.00,3 315.16,
2025.02.04 03:47:50,1663,XAUUSD,sell,out,0.02,2823.66,1664,-0.07,0.00,0.44,3 315.53,sl 2823.66
2025.02.04 04:07:38,1664,XAUUSD,buy,in,0.02,2824.35,1665,-0.07,0.00,0.00,3 315.46,
2025.02.04 05:45:47,1665,XAUUSD,sell,in,0.02,2817.69,1666,-0.07,0.00,0.00,3 315.39,
2025.02.04 07:05:33,1666,XAUUSD,buy,out,0.02,2816.75,1667,-0.07,0.00,1.88,3 317.20,sl 2816.75
2025.02.04 15:13:15,1667,XAUUSD,sell,out,0.02,2824.31,1668,-0.07,0.00,-0.08,3 317.05,sl 2824.39
2025.02.07 17:26:23,1668,XAUUSD,buy,in,0.02,2883.22,1669,-0.07,0.00,0.00,3 316.98,
2025.02.07 17:32:12,1669,XAUUSD,sell,out,0.02,2883.86,1670,-0.07,0.00,1.28,3 318.19,sl 2883.86
2025.02.07 17:50:49,1670,XAUUSD,buy,in,0.02,2883.26,1671,-0.07,0.00,0.00,3 318.12,
2025.02.07 17:52:13,1671,XAUUSD,sell,out,0.02,2883.34,1672,-0.07,0.00,0.16,3 318.21,sl 2883.34
2025.02.10 08:46:55,1672,XAUUSD,buy,in,0.02,2888.26,1673,-0.07,0.00,0.00,3 318.14,
2025.02.10 08:48:40,1673,XAUUSD,sell,out,0.02,2890.97,1674,-0.07,0.00,5.42,3 323.49,sl 2891.25
2025.02.10 09:13:45,1674,XAUUSD,buy,in,0.02,2889.13,1675,-0.07,0.00,0.00,3 323.42,
2025.02.10 09:16:24,1675,XAUUSD,sell,out,0.02,2889.47,1676,-0.07,0.00,0.68,3 324.03,sl 2889.49
2025.02.10 09:37:50,1676,XAUUSD,buy,in,0.02,2894.27,1677,-0.07,0.00,0.00,3 323.96,
2025.02.10 09:53:52,1677,XAUUSD,sell,out,0.02,2894.88,1678,-0.07,0.00,1.22,3 325.11,sl 2895.05
2025.02.10 10:01:52,1678,XAUUSD,buy,in,0.02,2894.90,1679,-0.07,0.00,0.00,3 325.04,
2025.02.10 10:03:59,1679,XAUUSD,sell,out,0.02,2895.86,1680,-0.07,0.00,1.92,3 326.89,sl 2895.86
2025.02.10 10:25:58,1680,XAUUSD,buy,in,0.02,2893.88,1681,-0.07,0.00,0.00,3 326.82,
2025.02.10 10:28:49,1681,XAUUSD,sell,out,0.02,2895.38,1682,-0.07,0.00,3.00,3 329.75,sl 2895.39
2025.02.10 10:50:06,1682,XAUUSD,buy,in,0.02,2897.52,1683,-0.07,0.00,0.00,3 329.68,
2025.02.10 11:03:56,1683,XAUUSD,sell,out,0.02,2897.54,1684,-0.07,0.00,0.04,3 329.65,sl 2897.55
2025.02.10 11:14:15,1684,XAUUSD,buy,in,0.02,2900.54,1685,-0.07,0.00,0.00,3 329.58,
2025.02.10 11:15:53,1685,XAUUSD,sell,out,0.02,2900.56,1686,-0.07,0.00,0.04,3 329.55,sl 2900.60
2025.02.10 11:38:20,1686,XAUUSD,buy,in,0.02,2902.82,1687,-0.07,0.00,0.00,3 329.48,
2025.02.10 12:02:30,1687,XAUUSD,sell,out,0.02,2902.84,1688,-0.07,0.00,0.04,3 329.45,sl 2902.84
2025.02.10 12:02:37,1688,XAUUSD,buy,in,0.02,2902.97,1689,-0.07,0.00,0.00,3 329.38,
2025.02.10 12:04:58,1689,XAUUSD,sell,out,0.02,2903.96,1690,-0.07,0.00,1.98,3 331.29,sl 2904.11
2025.02.10 12:26:37,1690,XAUUSD,buy,in,0.02,2902.00,1691,-0.07,0.00,0.00,3 331.22,
2025.02.10 12:29:45,1691,XAUUSD,sell,out,0.02,2902.13,1692,-0.07,0.00,0.26,3 331.41,sl 2902.13
2025.02.10 12:50:41,1692,XAUUSD,buy,in,0.02,2901.08,1693,-0.07,0.00,0.00,3 331.34,
2025.02.10 12:53:15,1693,XAUUSD,sell,out,0.02,2901.76,1694,-0.07,0.00,1.36,3 332.63,sl 2901.76
2025.02.10 13:14:43,1694,XAUUSD,buy,in,0.02,2901.33,1695,-0.07,0.00,0.00,3 332.56,
2025.02.10 13:39:52,1695,XAUUSD,sell,out,0.02,2903.73,1696,-0.07,0.00,4.80,3 337.29,sl 2903.79
2025.02.10 13:40:02,1696,XAUUSD,buy,in,0.02,2904.12,1697,-0.07,0.00,0.00,3 337.22,
2025.02.10 13:40:50,1697,XAUUSD,sell,out,0.02,2904.28,1698,-0.07,0.00,0.32,3 337.47,sl 2904.28
2025.02.10 14:04:08,1698,XAUUSD,buy,in,0.02,2905.42,1699,-0.07,0.00,0.00,3 337.40,
2025.02.10 14:06:50,1699,XAUUSD,sell,out,0.02,2905.46,1700,-0.07,0.00,0.08,3 337.41,sl 2905.46
2025.02.10 14:28:24,1700,XAUUSD,buy,in,0.02,2904.97,1701,-0.07,0.00,0.00,3 337.34,
2025.02.10 14:31:33,1701,XAUUSD,sell,out,0.02,2905.64,1702,-0.07,0.00,1.34,3 338.61,sl 2905.64
2025.02.10 14:52:40,1702,XAUUSD,buy,in,0.02,2906.77,1703,-0.07,0.00,0.00,3 338.54,
2025.02.10 15:19:18,1703,XAUUSD,sell,out,0.02,2907.09,1704,-0.07,0.00,0.64,3 339.11,sl 2907.19
2025.02.10 15:19:25,1704,XAUUSD,buy,in,0.02,2908.11,1705,-0.07,0.00,0.00,3 339.04,
2025.02.10 15:19:32,1705,XAUUSD,sell,out,0.02,2908.16,1706,-0.07,0.00,0.10,3 339.07,sl 2908.19
2025.02.10 15:43:28,1706,XAUUSD,buy,in,0.02,2900.33,1707,-0.07,0.00,0.00,3 339.00,
2025.02.10 15:44:45,1707,XAUUSD,sell,out,0.02,2900.38,1708,-0.07,0.00,0.10,3 339.03,sl 2900.38
2025.02.10 16:07:35,1708,XAUUSD,buy,in,0.02,2897.47,1709,-0.07,0.00,0.00,3 338.96,
2025.02.10 16:08:39,1709,XAUUSD,sell,out,0.02,2898.12,1710,-0.07,0.00,1.30,3 340.19,sl 2898.15
2025.02.10 16:31:37,1710,XAUUSD,buy,in,0.02,2904.60,1711,-0.07,0.00,0.00,3 340.12,
2025.02.10 16:35:47,1711,XAUUSD,sell,out,0.02,2905.03,1712,-0.07,0.00,0.86,3 340.91,sl 2905.03
2025.02.10 16:55:43,1712,XAUUSD,buy,in,0.02,2908.29,1713,-0.07,0.00,0.00,3 340.84,
2025.02.10 16:59:42,1713,XAUUSD,sell,out,0.02,2908.67,1714,-0.07,0.00,0.76,3 341.53,sl 2908.68
2025.02.10 17:19:43,1714,XAUUSD,buy,in,0.02,2911.26,1715,-0.07,0.00,0.00,3 341.46,
2025.02.10 18:57:47,1715,XAUUSD,sell,in,0.02,2900.72,1716,-0.07,0.00,0.00,3 341.39,
2025.02.10 19:14:08,1716,XAUUSD,buy,out,0.02,2900.64,1717,-0.07,0.00,0.16,3 341.48,sl 2900.64
2025.02.11 01:03:19,1717,XAUUSD,sell,out,0.02,2912.31,1718,-0.07,-1.14,2.10,3 342.37,sl 2912.50
2025.02.14 19:43:50,1718,XAUUSD,sell,in,0.02,2886.42,1719,-0.07,0.00,0.00,3 342.30,
2025.02.14 19:51:40,1719,XAUUSD,buy,out,0.02,2886.23,1720,-0.07,0.00,0.38,3 342.61,sl 2886.15
2025.02.14 20:07:51,1720,XAUUSD,sell,in,0.02,2884.45,1721,-0.07,0.00,0.00,3 342.54,
2025.02.14 20:11:42,1721,XAUUSD,buy,out,0.02,2884.44,1722,-0.07,0.00,0.02,3 342.49,sl 2884.44
2025.02.14 20:31:54,1722,XAUUSD,sell,in,0.02,2884.09,1723,-0.07,0.00,0.00,3 342.42,
2025.02.14 20:33:05,1723,XAUUSD,buy,out,0.02,2884.01,1724,-0.07,0.00,0.16,3 342.51,sl 2884.00
2025.02.14 20:56:06,1724,XAUUSD,sell,in,0.02,2883.25,1725,-0.07,0.00,0.00,3 342.44,
2025.02.14 21:28:03,1725,XAUUSD,buy,out,0.02,2882.84,1726,-0.07,0.00,0.82,3 343.19,sl 2882.84
2025.02.14 21:28:08,1726,XAUUSD,sell,in,0.02,2882.54,1727,-0.07,0.00,0.00,3 343.12,
2025.02.14 21:38:55,1727,XAUUSD,buy,out,0.02,2882.46,1728,-0.07,0.00,0.16,3 343.21,sl 2882.46
2025.02.14 21:52:11,1728,XAUUSD,sell,in,0.02,2879.41,1729,-0.07,0.00,0.00,3 343.14,
2025.02.14 22:38:50,1729,XAUUSD,buy,out,0.02,2878.99,1730,-0.07,0.00,0.84,3 343.91,sl 2878.99
2025.02.14 22:38:53,1730,XAUUSD,sell,in,0.02,2878.78,1731,-0.07,0.00,0.00,3 343.84,
2025.02.14 22:41:03,1731,XAUUSD,buy,out,0.02,2877.72,1732,-0.07,0.00,2.12,3 345.89,sl 2877.70
2025.02.14 23:20:03,1732,XAUUSD,sell,in,0.02,2882.76,1733,-0.07,0.00,0.00,3 345.82,
2025.02.14 23:39:54,1733,XAUUSD,buy,out,0.02,2882.82,1734,-0.07,0.00,-0.12,3 345.63,sl 2882.74
2025.02.14 23:44:01,1734,XAUUSD,sell,in,0.02,2882.79,1735,-0.07,0.00,0.00,3 345.56,
2025.02.17 01:28:07,1735,XAUUSD,buy,out,0.02,2882.03,1736,-0.07,0.81,1.52,3 347.82,sl 2881.76
2025.02.19 11:19:45,1736,XAUUSD,buy,in,0.02,2946.10,1737,-0.07,0.00,0.00,3 347.75,
2025.02.19 12:06:55,1737,XAUUSD,sell,out,0.02,2946.39,1738,-0.07,0.00,0.58,3 348.26,sl 2946.39
2025.02.19 12:07:00,1738,XAUUSD,buy,in,0.02,2946.21,1739,-0.07,0.00,0.00,3 348.19,
2025.02.19 13:45:01,1739,XAUUSD,sell,in,0.02,2941.24,1740,-0.07,0.00,0.00,3 348.12,
2025.02.19 13:51:42,1740,XAUUSD,buy,out,0.02,2938.53,1741,-0.07,0.00,5.42,3 353.47,sl 2938.50
2025.02.19 19:45:36,1741,XAUUSD,sell,out,0.02,2921.97,1742,-0.07,0.00,-48.48,3 304.92,
2025.02.25 17:24:37,1742,XAUUSD,sell,in,0.02,2911.61,1743,-0.07,0.00,0.00,3 304.85,
2025.02.25 17:24:56,1743,XAUUSD,buy,out,0.02,2911.57,1744,-0.07,0.00,0.08,3 304.86,sl 2911.53
2025.02.25 17:48:37,1744,XAUUSD,sell,in,0.02,2907.67,1745,-0.07,0.00,0.00,3 304.79,
2025.02.25 17:49:13,1745,XAUUSD,buy,out,0.02,2907.59,1746,-0.07,0.00,0.16,3 304.88,sl 2907.55
2025.02.25 18:12:54,1746,XAUUSD,sell,in,0.02,2897.87,1747,-0.07,0.00,0.00,3 304.81,
2025.02.25 18:13:47,1747,XAUUSD,buy,out,0.02,2897.58,1748,-0.07,0.00,0.58,3 305.32,sl 2897.58
2025.02.25 18:37:01,1748,XAUUSD,sell,in,0.02,2897.44,1749,-0.07,0.00,0.00,3 305.25,
2025.02.25 18:43:59,1749,XAUUSD,buy,out,0.02,2896.17,1750,-0.07,0.00,2.54,3 307.72,sl 2896.12
2025.02.25 19:01:06,1750,XAUUSD,sell,in,0.02,2895.40,1751,-0.07,0.00,0.00,3 307.65,
2025.02.25 19:01:17,1751,XAUUSD,buy,out,0.02,2895.44,1752,-0.07,0.00,-0.08,3 307.50,sl 2895.39
2025.02.25 19:25:06,1752,XAUUSD,sell,in,0.02,2898.87,1753,-0.07,0.00,0.00,3 307.43,
2025.02.25 19:26:18,1753,XAUUSD,buy,out,0.02,2898.83,1754,-0.07,0.00,0.08,3 307.44,sl 2898.82
2025.02.25 19:49:23,1754,XAUUSD,sell,in,0.02,2904.21,1755,-0.07,0.00,0.00,3 307.37,
2025.02.25 19:49:55,1755,XAUUSD,buy,out,0.02,2903.54,1756,-0.07,0.00,1.34,3 308.64,sl 2903.54
2025.02.25 20:13:33,1756,XAUUSD,sell,in,0.02,2907.56,1757,-0.07,0.00,0.00,3 308.57,
2025.02.25 20:15:46,1757,XAUUSD,buy,out,0.02,2906.92,1758,-0.07,0.00,1.28,3 309.78,sl 2906.91
2025.02.25 20:38:09,1758,XAUUSD,sell,in,0.02,2907.84,1759,-0.07,0.00,0.00,3 309.71,
2025.02.25 21:22:02,1759,XAUUSD,buy,out,0.02,2906.47,1760,-0.07,0.00,2.74,3 312.38,sl 2906.46
2025.02.25 21:22:07,1760,XAUUSD,sell,in,0.02,2906.31,1761,-0.07,0.00,0.00,3 312.31,
2025.02.25 23:00:16,1761,XAUUSD,buy,in,0.02,2913.07,1762,-0.07,0.00,0.00,3 312.24,
2025.02.25 23:04:40,1762,XAUUSD,sell,out,0.02,2914.52,1763,-0.07,0.00,2.90,3 315.07,sl 2914.53
2025.02.26 15:58:27,1763,XAUUSD,buy,out,0.02,2906.30,1764,-0.07,0.81,0.02,3 315.83,sl 2906.26
2025.03.04 10:19:45,1764,XAUUSD,buy,in,0.02,2909.83,1765,-0.07,0.00,0.00,3 315.76,
2025.03.04 10:28:20,1765,XAUUSD,sell,out,0.02,2910.32,1766,-0.07,0.00,0.98,3 316.67,sl 2910.41
2025.03.04 10:43:49,1766,XAUUSD,buy,in,0.02,2913.53,1767,-0.07,0.00,0.00,3 316.60,
2025.03.04 10:44:44,1767,XAUUSD,sell,out,0.02,2913.73,1768,-0.07,0.00,0.40,3 316.93,sl 2913.73
2025.03.04 11:07:55,1768,XAUUSD,buy,in,0.02,2912.71,1769,-0.07,0.00,0.00,3 316.86,
2025.03.04 11:09:00,1769,XAUUSD,sell,out,0.02,2913.59,1770,-0.07,0.00,1.76,3 318.55,sl 2913.65
2025.03.04 11:31:56,1770,XAUUSD,buy,in,0.02,2920.92,1771,-0.07,0.00,0.00,3 318.48,
2025.03.04 13:10:03,1771,XAUUSD,sell,in,0.02,2917.74,1772,-0.07,0.00,0.00,3 318.41,
2025.03.04 13:13:14,1772,XAUUSD,buy,out,0.02,2917.42,1773,-0.07,0.00,0.64,3 318.98,sl 2917.42
2025.03.04 13:51:55,1773,XAUUSD,sell,out,0.02,2921.00,1774,-0.07,0.00,0.16,3 319.07,sl 2921.04
2025.03.05 18:24:55,1774,XAUUSD,buy,in,0.02,2929.46,1775,-0.07,0.00,0.00,3 319.00,
2025.03.05 18:43:09,1775,XAUUSD,sell,out,0.02,2929.43,1776,-0.07,0.00,-0.06,3 318.87,sl 2929.48
2025.03.10 21:05:25,1776,XAUUSD,sell,in,0.02,2881.30,1777,-0.07,0.00,0.00,3 318.80,
2025.03.10 21:06:12,1777,XAUUSD,buy,out,0.02,2881.15,1778,-0.07,0.00,0.30,3 319.03,sl 2881.11
2025.03.12 20:45:39,1778,XAUUSD,buy,in,0.02,2940.08,1779,-0.07,0.00,0.00,3 318.96,
2025.03.12 22:23:40,1779,XAUUSD,sell,in,0.02,2934.31,1780,-0.07,0.00,0.00,3 318.89,
2025.03.12 22:27:21,1780,XAUUSD,buy,out,0.02,2933.12,1781,-0.07,0.00,2.38,3 321.20,sl 2933.09
2025.03.13 04:03:23,1781,XAUUSD,sell,out,0.02,2940.56,1782,-0.07,-3.42,0.96,3 318.67,sl 2940.56
2025.03.21 16:59:10,1782,XAUUSD,sell,in,0.02,3005.44,1783,-0.07,0.00,0.00,3 318.60,
2025.03.21 16:59:40,1783,XAUUSD,buy,out,0.02,3005.44,1784,-0.07,0.00,0.00,3 318.53,sl 3005.43
2025.03.27 13:25:16,1784,XAUUSD,buy,in,0.02,3051.65,1785,-0.07,0.00,0.00,3 318.46,
2025.03.27 13:27:01,1785,XAUUSD,sell,out,0.02,3052.19,1786,-0.07,0.00,1.08,3 319.47,sl 3052.25
2025.03.27 13:49:15,1786,XAUUSD,buy,in,0.02,3054.21,1787,-0.07,0.00,0.00,3 319.40,
2025.03.27 14:17:09,1787,XAUUSD,sell,out,0.02,3054.94,1788,-0.07,0.00,1.46,3 320.79,sl 3055.03
2025.03.27 14:17:10,1788,XAUUSD,buy,in,0.02,3055.10,1789,-0.07,0.00,0.00,3 320.72,
2025.03.27 15:01:21,1789,XAUUSD,sell,out,0.02,3055.39,1790,-0.07,0.00,0.58,3 321.23,sl 3055.39
2025.03.27 15:01:27,1790,XAUUSD,buy,in,0.02,3055.51,1791,-0.07,0.00,0.00,3 321.16,
2025.03.27 16:39:29,1791,XAUUSD,sell,in,0.02,3037.12,1792,-0.07,0.00,0.00,3 321.09,
2025.03.27 16:40:54,1792,XAUUSD,buy,out,0.02,3034.72,1793,-0.07,0.00,4.80,3 325.82,sl 3034.72
2025.03.27 17:39:58,1793,XAUUSD,sell,out,0.02,3056.25,1794,-0.07,0.00,1.48,3 327.23,sl 3056.27
2025.04.02 04:32:56,1794,XAUUSD,buy,in,0.02,3134.93,1795,-0.07,0.00,0.00,3 327.16,
2025.04.02 06:10:57,1795,XAUUSD,sell,in,0.02,3130.22,1796,-0.07,0.00,0.00,3 327.09,
2025.04.02 06:23:43,1796,XAUUSD,buy,out,0.02,3129.76,1797,-0.07,0.00,0.92,3 327.94,sl 3129.68
2025.04.02 08:33:07,1797,XAUUSD,sell,out,0.02,3110.73,1798,-0.07,0.00,-48.40,3 279.47,
2025.04.02 23:29:28,1798,XAUUSD,buy,in,0.02,3142.86,1799,-0.07,0.00,0.00,3 279.40,
2025.04.03 01:05:15,1799,XAUUSD,sell,out,0.02,3116.99,1800,-0.07,-3.42,-51.74,3 224.17,
2025.04.03 01:09:53,1800,XAUUSD,buy,in,0.02,3143.00,1801,-0.07,0.00,0.00,3 224.10,
2025.04.03 01:10:34,1801,XAUUSD,sell,out,0.02,3143.65,1802,-0.07,0.00,1.30,3 225.33,sl 3143.66
2025.04.03 01:36:15,1802,XAUUSD,buy,in,0.02,3144.77,1803,-0.07,0.00,0.00,3 225.26,
2025.04.03 01:48:36,1803,XAUUSD,sell,out,0.02,3144.64,1804,-0.07,0.00,-0.26,3 224.93,sl 3144.86
2025.04.03 02:00:32,1804,XAUUSD,buy,in,0.02,3146.86,1806,-0.07,0.00,0.00,3 224.86,
2025.04.03 02:00:50,1805,XAUUSD,sell,out,0.02,3146.86,1807,-0.07,0.00,0.00,3 224.79,sl 3146.91
2025.04.03 02:24:33,1806,XAUUSD,buy,in,0.02,3157.33,1808,-0.07,0.00,0.00,3 224.72,
2025.04.03 02:26:59,1807,XAUUSD,sell,out,0.02,3157.57,1809,-0.07,0.00,0.48,3 225.13,sl 3157.60
2025.04.03 02:48:34,1808,XAUUSD,buy,in,0.02,3163.03,1810,-0.07,0.00,0.00,3 225.06,
2025.04.03 02:49:26,1809,XAUUSD,sell,out,0.02,3164.74,1811,-0.07,0.00,3.42,3 228.41,sl 3164.74
2025.04.03 03:12:34,1810,XAUUSD,buy,in,0.02,3153.62,1812,-0.07,0.00,0.00,3 228.34,
2025.04.03 03:36:35,1811,XAUUSD,sell,out,0.02,3153.69,1813,-0.07,0.00,0.14,3 228.41,sl 3153.69
2025.04.03 03:36:39,1812,XAUUSD,buy,in,0.02,3153.77,1814,-0.07,0.00,0.00,3 228.34,
2025.04.03 03:36:57,1813,XAUUSD,sell,out,0.02,3153.78,1815,-0.07,0.00,0.02,3 228.29,sl 3153.80
2025.04.03 04:00:39,1814,XAUUSD,buy,in,0.02,3153.31,1816,-0.07,0.00,0.00,3 228.22,
2025.04.03 04:00:56,1815,XAUUSD,sell,out,0.02,3153.82,1817,-0.07,0.00,1.02,3 229.17,sl 3153.82
2025.04.03 04:24:43,1816,XAUUSD,buy,in,0.02,3150.12,1818,-0.07,0.00,0.00,3 229.10,
2025.04.03 04:25:33,1817,XAUUSD,sell,out,0.02,3150.07,1819,-0.07,0.00,-0.10,3 228.93,sl 3150.14
2025.04.03 04:48:46,1818,XAUUSD,buy,in,0.02,3155.40,1820,-0.07,0.00,0.00,3 228.86,
2025.04.03 06:26:53,1819,XAUUSD,sell,in,0.02,3148.25,1821,-0.07,0.00,0.00,3 228.79,
2025.04.03 06:27:46,1820,XAUUSD,buy,out,0.02,3147.56,1822,-0.07,0.00,1.38,3 230.10,sl 3147.51
2025.04.03 09:29:15,1821,XAUUSD,sell,out,0.02,3122.72,1823,-0.07,0.00,-65.36,3 164.67,
2025.04.03 13:58:45,1822,XAUUSD,sell,in,0.02,3094.31,1824,-0.07,0.00,0.00,3 164.60,
2025.04.03 13:59:04,1823,XAUUSD,buy,out,0.02,3094.20,1825,-0.07,0.00,0.22,3 164.75,sl 3094.13
2025.04.03 14:27:06,1824,XAUUSD,sell,in,0.02,3094.72,1826,-0.07,0.00,0.00,3 164.68,
2025.04.03 14:28:13,1825,XAUUSD,buy,out,0.02,3093.99,1827,-0.07,0.00,1.46,3 166.07,sl 3093.97
2025.04.03 14:51:09,1826,XAUUSD,sell,in,0.02,3093.77,1828,-0.07,0.00,0.00,3 166.00,
2025.04.03 14:59:12,1827,XAUUSD,buy,out,0.02,3093.23,1829,-0.07,0.00,1.08,3 167.01,sl 3093.22
2025.04.03 15:15:25,1828,XAUUSD,sell,in,0.02,3090.45,1830,-0.07,0.00,0.00,3 166.94,
2025.04.03 15:15:36,1829,XAUUSD,buy,out,0.02,3090.48,1831,-0.07,0.00,-0.06,3 166.81,sl 3090.44
2025.04.03 15:39:30,1830,XAUUSD,sell,in,0.02,3063.31,1832,-0.07,0.00,0.00,3 166.74,
2025.04.03 15:40:35,1831,XAUUSD,buy,out,0.02,3062.89,1833,-0.07,0.00,0.84,3 167.51,sl 3062.89
2025.04.03 16:03:45,1832,XAUUSD,sell,in,0.02,3071.02,1834,-0.07,0.00,0.00,3 167.44,
2025.04.03 16:04:05,1833,XAUUSD,buy,out,0.02,3070.31,1835,-0.07,0.00,1.42,3 168.79,sl 3070.27
2025.04.03 16:27:53,1834,XAUUSD,sell,in,0.02,3060.86,1836,-0.07,0.00,0.00,3 168.72,
2025.04.03 17:34:42,1835,XAUUSD,buy,out,0.02,3121.88,1837,-0.07,0.00,-122.04,3 046.61,
2025.04.04 06:06:38,1836,XAUUSD,sell,in,0.02,3088.92,1838,-0.07,0.00,0.00,3 046.54,
2025.04.04 07:44:44,1837,XAUUSD,buy,in,0.02,3104.18,1839,-0.07,0.00,0.00,3 046.47,
2025.04.04 07:48:56,1838,XAUUSD,sell,out,0.02,3104.53,1840,-0.07,0.00,0.70,3 047.10,sl 3104.53
2025.04.04 11:16:57,1839,XAUUSD,buy,out,0.02,3087.92,1841,-0.07,0.00,2.00,3 049.03,sl 3087.92
2025.04.04 15:39:13,1840,XAUUSD,sell,in,0.02,3082.85,1842,-0.07,0.00,0.00,3 048.96,
2025.04.04 15:39:34,1841,XAUUSD,buy,out,0.02,3080.38,1843,-0.07,0.00,4.94,3 053.83,sl 3080.27
2025.04.04 16:03:16,1842,XAUUSD,sell,in,0.02,3074.57,1844,-0.07,0.00,0.00,3 053.76,
2025.04.04 16:06:09,1843,XAUUSD,buy,out,0.02,3074.60,1845,-0.07,0.00,-0.06,3 053.63,sl 3074.49
2025.04.04 16:27:21,1844,XAUUSD,sell,in,0.02,3075.78,1846,-0.07,0.00,0.00,3 053.56,
2025.04.04 16:30:08,1845,XAUUSD,buy,out,0.02,3074.69,1847,-0.07,0.00,2.18,3 055.67,sl 3074.66
2025.04.04 16:51:21,1846,XAUUSD,sell,in,0.02,3068.90,1848,-0.07,0.00,0.00,3 055.60,
2025.04.04 16:52:00,1847,XAUUSD,buy,out,0.02,3068.80,1849,-0.07,0.00,0.20,3 055.73,sl 3068.75
2025.04.04 17:15:23,1848,XAUUSD,sell,in,0.02,3045.01,1850,-0.07,0.00,0.00,3 055.66,
2025.04.04 17:15:51,1849,XAUUSD,buy,out,0.02,3043.22,1851,-0.07,0.00,3.58,3 059.17,sl 3043.21
2025.04.04 17:39:30,1850,XAUUSD,sell,in,0.02,3043.86,1852,-0.07,0.00,0.00,3 059.10,
2025.04.04 17:39:34,1851,XAUUSD,buy,out,0.02,3043.86,1853,-0.07,0.00,0.00,3 059.03,sl 3043.83
2025.04.04 18:03:30,1852,XAUUSD,sell,in,0.02,3047.20,1854,-0.07,0.00,0.00,3 058.96,
2025.04.04 18:05:05,1853,XAUUSD,buy,out,0.02,3045.89,1855,-0.07,0.00,2.62,3 061.51,sl 3045.87
2025.04.04 18:27:29,1854,XAUUSD,sell,in,0.02,3032.34,1856,-0.07,0.00,0.00,3 061.44,
2025.04.04 18:27:50,1855,XAUUSD,buy,out,0.02,3029.83,1857,-0.07,0.00,5.02,3 066.39,sl 3029.83
2025.04.04 18:51:33,1856,XAUUSD,sell,in,0.02,3022.19,1858,-0.07,0.00,0.00,3 066.32,
2025.04.04 18:52:16,1857,XAUUSD,buy,out,0.02,3020.61,1859,-0.07,0.00,3.16,3 069.41,sl 3020.61
2025.04.04 19:15:41,1858,XAUUSD,sell,in,0.02,3021.84,1860,-0.07,0.00,0.00,3 069.34,
2025.04.04 20:25:41,1859,XAUUSD,buy,out,0.02,3021.19,1861,-0.07,0.00,1.30,3 070.57,sl 3021.10
2025.04.04 20:25:47,1860,XAUUSD,sell,in,0.02,3021.62,1862,-0.07,0.00,0.00,3 070.50,
2025.04.04 20:27:45,1861,XAUUSD,buy,out,0.02,3021.00,1863,-0.07,0.00,1.24,3 071.67,sl 3020.98
2025.04.04 20:49:54,1862,XAUUSD,sell,in,0.02,3023.43,1864,-0.07,0.00,0.00,3 071.60,
2025.04.04 20:50:22,1863,XAUUSD,buy,out,0.02,3023.40,1865,-0.07,0.00,0.06,3 071.59,sl 3023.40
2025.04.04 21:13:59,1864,XAUUSD,sell,in,0.02,3023.97,1866,-0.07,0.00,0.00,3 071.52,
2025.04.04 21:15:30,1865,XAUUSD,buy,out,0.02,3023.96,1867,-0.07,0.00,0.02,3 071.47,sl 3023.95
2025.04.04 21:38:01,1866,XAUUSD,sell,in,0.02,3023.96,1868,-0.07,0.00,0.00,3 071.40,
2025.04.04 21:40:41,1867,XAUUSD,buy,out,0.02,3022.53,1869,-0.07,0.00,2.86,3 074.19,sl 3022.53
2025.04.04 22:02:12,1868,XAUUSD,sell,in,0.02,3025.86,1870,-0.07,0.00,0.00,3 074.12,
2025.04.04 22:09:25,1869,XAUUSD,buy,out,0.02,3024.57,1871,-0.07,0.00,2.58,3 076.63,sl 3024.56
2025.04.04 22:26:26,1870,XAUUSD,sell,in,0.02,3032.10,1872,-0.07,0.00,0.00,3 076.56,
2025.04.04 22:27:22,1871,XAUUSD,buy,out,0.02,3030.86,1873,-0.07,0.00,2.48,3 078.97,sl 3030.83
2025.04.04 22:50:41,1872,XAUUSD,sell,in,0.02,3037.25,1874,-0.07,0.00,0.00,3 078.90,
2025.04.04 22:51:51,1873,XAUUSD,buy,out,0.02,3036.87,1875,-0.07,0.00,0.76,3 079.59,sl 3036.75
2025.04.04 23:14:43,1874,XAUUSD,sell,in,0.02,3038.27,1876,-0.07,0.00,0.00,3 079.52,
2025.04.04 23:21:15,1875,XAUUSD,buy,out,0.02,3037.69,1877,-0.07,0.00,1.16,3 080.61,sl 3037.69
2025.04.04 23:38:50,1876,XAUUSD,sell,in,0.02,3037.03,1878,-0.07,0.00,0.00,3 080.54,
2025.04.04 23:43:08,1877,XAUUSD,buy,out,0.02,3036.85,1879,-0.07,0.00,0.36,3 080.83,sl 3036.85
2025.04.07 01:02:03,1878,XAUUSD,sell,in,0.02,3023.67,1880,-0.07,0.00,0.00,3 080.76,
2025.04.07 01:05:49,1879,XAUUSD,buy,out,0.02,3021.19,1881,-0.07,0.00,4.96,3 085.65,sl 3020.94
2025.04.07 01:26:08,1880,XAUUSD,sell,in,0.02,3014.53,1882,-0.07,0.00,0.00,3 085.58,
2025.04.07 01:26:32,1881,XAUUSD,buy,out,0.02,3014.87,1883,-0.07,0.00,-0.68,3 084.83,sl 3014.42
2025.04.07 01:50:15,1882,XAUUSD,sell,in,0.02,3014.84,1884,-0.07,0.00,0.00,3 084.76,
2025.04.07 01:50:50,1883,XAUUSD,buy,out,0.02,3014.86,1885,-0.07,0.00,-0.04,3 084.65,sl 3014.83
2025.04.07 02:14:22,1884,XAUUSD,sell,in,0.02,3009.54,1886,-0.07,0.00,0.00,3 084.58,
2025.04.07 02:14:42,1885,XAUUSD,buy,out,0.02,3009.53,1887,-0.07,0.00,0.02,3 084.53,sl 3009.51
2025.04.07 02:38:23,1886,XAUUSD,sell,in,0.02,2978.51,1888,-0.07,0.00,0.00,3 084.46,
2025.04.07 03:13:02,1887,XAUUSD,buy,out,0.02,2978.46,1889,-0.07,0.00,0.10,3 084.49,sl 2978.34
2025.04.07 03:13:10,1888,XAUUSD,sell,in,0.02,2978.16,1890,-0.07,0.00,0.00,3 084.42,
2025.04.07 03:16:00,1889,XAUUSD,buy,out,0.02,2976.93,1891,-0.07,0.00,2.46,3 086.81,sl 2976.88
2025.04.07 03:37:18,1890,XAUUSD,sell,in,0.02,2991.39,1892,-0.07,0.00,0.00,3 086.74,
2025.04.07 03:38:57,1891,XAUUSD,buy,out,0.02,2990.03,1893,-0.07,0.00,2.72,3 089.39,sl 2990.02
2025.04.07 04:01:28,1892,XAUUSD,sell,in,0.02,2993.48,1894,-0.07,0.00,0.00,3 089.32,
2025.04.07 04:01:50,1893,XAUUSD,buy,out,0.02,2989.47,1895,-0.07,0.00,8.02,3 097.27,sl 2989.42
2025.04.07 04:25:28,1894,XAUUSD,sell,in,0.02,3017.58,1896,-0.07,0.00,0.00,3 097.20,
2025.04.07 04:25:57,1895,XAUUSD,buy,out,0.02,3017.13,1897,-0.07,0.00,0.90,3 098.03,sl 3017.03
2025.04.07 04:49:29,1896,XAUUSD,sell,in,0.02,3045.55,1898,-0.07,0.00,0.00,3 097.96,
2025.04.07 04:50:24,1897,XAUUSD,buy,out,0.02,3045.60,1899,-0.07,0.00,-0.10,3 097.79,sl 3045.51
2025.04.07 05:13:30,1898,XAUUSD,sell,in,0.02,3047.30,1900,-0.07,0.00,0.00,3 097.72,
2025.04.07 05:19:11,1899,XAUUSD,buy,out,0.02,3047.34,1901,-0.07,0.00,-0.08,3 097.57,sl 3047.07
2025.04.07 05:37:30,1900,XAUUSD,sell,in,0.02,3029.15,1902,-0.07,0.00,0.00,3 097.50,
2025.04.07 05:37:48,1901,XAUUSD,buy,out,0.02,3029.03,1903,-0.07,0.00,0.24,3 097.67,sl 3028.92
2025.04.07 06:01:36,1902,XAUUSD,sell,in,0.02,3028.56,1904,-0.07,0.00,0.00,3 097.60,
2025.04.07 06:02:04,1903,XAUUSD,buy,out,0.02,3028.26,1905,-0.07,0.00,0.60,3 098.13,sl 3028.25
2025.04.07 06:25:38,1904,XAUUSD,sell,in,0.02,3027.87,1906,-0.07,0.00,0.00,3 098.06,
2025.04.07 06:27:07,1905,XAUUSD,buy,out,0.02,3027.92,1907,-0.07,0.00,-0.10,3 097.89,sl 3027.86
2025.04.07 06:49:41,1906,XAUUSD,sell,in,0.02,3022.18,1908,-0.07,0.00,0.00,3 097.82,
2025.04.07 06:50:04,1907,XAUUSD,buy,out,0.02,3020.30,1909,-0.07,0.00,3.76,3 101.51,sl 3020.30
2025.04.07 07:13:48,1908,XAUUSD,sell,in,0.02,3028.98,1910,-0.07,0.00,0.00,3 101.44,
2025.04.07 07:15:26,1909,XAUUSD,buy,out,0.02,3026.77,1911,-0.07,0.00,4.42,3 105.79,sl 3026.70
2025.04.07 07:37:55,1910,XAUUSD,sell,in,0.02,3029.26,1912,-0.07,0.00,0.00,3 105.72,
2025.04.07 07:44:32,1911,XAUUSD,buy,out,0.02,3028.34,1913,-0.07,0.00,1.84,3 107.49,sl 3028.27
2025.04.07 08:02:01,1912,XAUUSD,sell,in,0.02,3034.01,1914,-0.07,0.00,0.00,3 107.42,
2025.04.07 08:06:14,1913,XAUUSD,buy,out,0.02,3032.47,1915,-0.07,0.00,3.08,3 110.43,sl 3032.38
2025.04.07 08:26:02,1914,XAUUSD,sell,in,0.02,3039.18,1916,-0.07,0.00,0.00,3 110.36,
2025.04.07 08:28:14,1915,XAUUSD,buy,out,0.02,3038.74,1917,-0.07,0.00,0.88,3 111.17,sl 3038.70
2025.04.09 10:11:03,1916,XAUUSD,buy,in,0.02,3047.45,1918,-0.07,0.00,0.00,3 111.10,
2025.04.09 10:11:34,1917,XAUUSD,sell,out,0.02,3051.00,1919,-0.07,0.00,7.10,3 118.13,sl 3051.03
2025.04.09 10:37:13,1918,XAUUSD,buy,in,0.02,3044.92,1920,-0.07,0.00,0.00,3 118.06,
2025.04.09 10:37:25,1919,XAUUSD,sell,out,0.02,3045.00,1921,-0.07,0.00,0.16,3 118.15,sl 3045.02
2025.04.09 11:12:42,1920,XAUUSD,buy,in,0.02,3046.80,1922,-0.07,0.00,0.00,3 118.08,
2025.04.09 11:17:18,1921,XAUUSD,sell,out,0.02,3050.12,1923,-0.07,0.00,6.64,3 124.65,sl 3050.36
2025.04.09 11:43:36,1922,XAUUSD,buy,in,0.02,3046.50,1924,-0.07,0.00,0.00,3 124.58,
2025.04.09 12:22:29,1923,XAUUSD,sell,out,0.02,3047.34,1925,-0.07,0.00,1.68,3 126.19,sl 3047.45
2025.04.09 12:22:34,1924,XAUUSD,buy,in,0.02,3048.01,1926,-0.07,0.00,0.00,3 126.12,
2025.04.09 12:35:23,1925,XAUUSD,sell,out,0.02,3049.02,1927,-0.07,0.00,2.02,3 128.07,sl 3049.03
2025.04.09 12:50:01,1926,XAUUSD,buy,in,0.02,3047.42,1928,-0.07,0.00,0.00,3 128.00,
2025.04.09 14:15:55,1927,XAUUSD,sell,out,0.02,3048.84,1929,-0.07,0.00,2.84,3 130.77,sl 3048.87
2025.04.09 14:16:00,1928,XAUUSD,buy,in,0.02,3048.75,1930,-0.07,0.00,0.00,3 130.70,
2025.04.09 14:16:05,1929,XAUUSD,sell,out,0.02,3048.70,1931,-0.07,0.00,-0.10,3 130.53,sl 3048.77
2025.04.09 14:40:12,1930,XAUUSD,buy,in,0.02,3062.83,1932,-0.07,0.00,0.00,3 130.46,
2025.04.09 14:40:49,1931,XAUUSD,sell,out,0.02,3062.84,1933,-0.07,0.00,0.02,3 130.41,sl 3062.88
2025.04.09 15:04:29,1932,XAUUSD,buy,in,0.02,3070.27,1934,-0.07,0.00,0.00,3 130.34,
2025.04.09 15:05:29,1933,XAUUSD,sell,out,0.02,3069.97,1935,-0.07,0.00,-0.60,3 129.67,sl 3070.32
2025.04.09 15:28:44,1934,XAUUSD,buy,in,0.02,3052.12,1936,-0.07,0.00,0.00,3 129.60,
2025.04.09 15:29:16,1935,XAUUSD,sell,out,0.02,3053.33,1937,-0.07,0.00,2.42,3 131.95,sl 3053.36
2025.04.09 15:55:09,1936,XAUUSD,buy,in,0.02,3049.15,1938,-0.07,0.00,0.00,3 131.88,
2025.04.09 16:00:34,1937,XAUUSD,sell,out,0.02,3050.14,1939,-0.07,0.00,1.98,3 133.79,sl 3050.16
2025.04.09 16:19:13,1938,XAUUSD,buy,in,0.02,3059.03,1940,-0.07,0.00,0.00,3 133.72,
2025.04.09 16:21:13,1939,XAUUSD,sell,out,0.02,3059.09,1941,-0.07,0.00,0.12,3 133.77,sl 3059.10
2025.04.09 16:43:14,1940,XAUUSD,buy,in,0.02,3076.25,1942,-0.07,0.00,0.00,3 133.70,
2025.04.09 16:57:28,1941,XAUUSD,sell,out,0.02,3076.22,1943,-0.07,0.00,-0.06,3 133.57,sl 3076.37
2025.04.09 17:07:22,1942,XAUUSD,buy,in,0.02,3069.97,1944,-0.07,0.00,0.00,3 133.50,
2025.04.09 17:08:21,1943,XAUUSD,sell,out,0.02,3073.95,1945,-0.07,0.00,7.96,3 141.39,sl 3073.96
2025.04.09 17:31:38,1944,XAUUSD,buy,in,0.02,3082.53,1946,-0.07,0.00,0.00,3 141.32,
2025.04.09 17:32:57,1945,XAUUSD,sell,out,0.02,3082.78,1947,-0.07,0.00,0.50,3 141.75,sl 3082.79
2025.04.09 17:55:43,1946,XAUUSD,buy,in,0.02,3073.18,1948,-0.07,0.00,0.00,3 141.68,
2025.04.09 18:11:23,1947,XAUUSD,sell,out,0.02,3073.81,1949,-0.07,0.00,1.26,3 142.87,sl 3073.82
2025.04.09 18:19:45,1948,XAUUSD,buy,in,0.02,3082.71,1950,-0.07,0.00,0.00,3 142.80,
2025.04.09 18:20:43,1949,XAUUSD,sell,out,0.02,3083.68,1951,-0.07,0.00,1.94,3 144.67,sl 3083.68
2025.04.09 18:43:52,1950,XAUUSD,buy,in,0.02,3081.02,1952,-0.07,0.00,0.00,3 144.60,
2025.04.09 18:50:44,1951,XAUUSD,sell,out,0.02,3082.28,1953,-0.07,0.00,2.52,3 147.05,sl 3082.37
2025.04.09 19:07:57,1952,XAUUSD,buy,in,0.02,3084.88,1954,-0.07,0.00,0.00,3 146.98,
2025.04.09 19:13:49,1953,XAUUSD,sell,out,0.02,3088.56,1955,-0.07,0.00,7.36,3 154.27,sl 3088.71
2025.04.09 19:31:59,1954,XAUUSD,buy,in,0.02,3087.47,1956,-0.07,0.00,0.00,3 154.20,
2025.04.09 19:32:15,1955,XAUUSD,sell,out,0.02,3087.46,1957,-0.07,0.00,-0.02,3 154.11,sl 3087.53
2025.04.09 19:56:05,1956,XAUUSD,buy,in,0.02,3093.39,1958,-0.07,0.00,0.00,3 154.04,
2025.04.09 19:56:17,1957,XAUUSD,sell,out,0.02,3093.32,1959,-0.07,0.00,-0.14,3 153.83,sl 3093.48
2025.04.09 20:20:05,1958,XAUUSD,buy,in,0.02,3094.32,1960,-0.07,0.00,0.00,3 153.76,
2025.04.09 20:20:52,1959,XAUUSD,sell,out,0.02,3094.85,1961,-0.07,0.00,1.06,3 154.75,sl 3094.87
2025.04.09 20:44:08,1960,XAUUSD,buy,in,0.02,3062.57,1962,-0.07,0.00,0.00,3 154.68,
2025.04.09 20:44:17,1961,XAUUSD,sell,out,0.02,3063.23,1963,-0.07,0.00,1.32,3 155.93,sl 3063.31
2025.04.09 21:10:14,1962,XAUUSD,buy,in,0.02,3059.15,1964,-0.07,0.00,0.00,3 155.86,
2025.04.09 21:11:37,1963,XAUUSD,sell,out,0.02,3059.22,1965,-0.07,0.00,0.14,3 155.93,sl 3059.34
2025.04.09 21:34:19,1964,XAUUSD,buy,in,0.02,3068.26,1966,-0.07,0.00,0.00,3 155.86,
2025.04.09 21:34:33,1965,XAUUSD,sell,out,0.02,3068.49,1967,-0.07,0.00,0.46,3 156.25,sl 3068.62
2025.04.09 21:58:25,1966,XAUUSD,buy,in,0.02,3068.64,1968,-0.07,0.00,0.00,3 156.18,
2025.04.09 22:05:44,1967,XAUUSD,sell,out,0.02,3077.07,1969,-0.07,0.00,16.86,3 172.97,sl 3077.07
2025.04.09 22:22:29,1968,XAUUSD,buy,in,0.02,3092.83,1970,-0.07,0.00,0.00,3 172.90,
2025.04.09 22:23:57,1969,XAUUSD,sell,out,0.02,3092.86,1971,-0.07,0.00,0.06,3 172.89,sl 3092.86
2025.04.09 22:46:32,1970,XAUUSD,buy,in,0.02,3096.26,1972,-0.07,0.00,0.00,3 172.82,
2025.04.10 03:30:32,1971,XAUUSD,sell,out,0.02,3096.67,1973,-0.07,-3.42,0.82,3 170.15,sl 3096.79
2025.04.17 19:48:31,1972,XAUUSD,buy,in,0.02,3314.37,1974,-0.07,0.00,0.00,3 170.08,
2025.04.17 19:49:03,1973,XAUUSD,sell,out,0.02,3314.78,1975,-0.07,0.00,0.82,3 170.83,sl 3314.80
2025.04.17 20:12:37,1974,XAUUSD,buy,in,0.02,3322.26,1976,-0.07,0.00,0.00,3 170.76,
2025.04.17 21:50:46,1975,XAUUSD,sell,in,0.02,3315.60,1977,-0.07,0.00,0.00,3 170.69,
2025.04.17 22:17:07,1976,XAUUSD,buy,out,0.02,3314.53,1978,-0.07,0.00,2.14,3 172.76,sl 3314.50
2025.04.17 23:26:07,1977,XAUUSD,sell,out,0.02,3323.26,1979,-0.07,0.00,2.00,3 174.69,sl 3323.27
2025.04.23 01:02:03,1978,XAUUSD,sell,in,0.02,3343.43,1980,-0.07,0.00,0.00,3 174.62,
2025.04.23 01:02:36,1979,XAUUSD,buy,out,0.02,3335.13,1981,-0.07,0.00,16.60,3 191.15,sl 3335.13
2025.04.23 01:26:03,1980,XAUUSD,sell,in,0.02,3333.30,1982,-0.07,0.00,0.00,3 191.08,
2025.04.23 01:26:41,1981,XAUUSD,buy,out,0.02,3331.51,1983,-0.07,0.00,3.58,3 194.59,sl 3331.48
2025.04.23 01:50:14,1982,XAUUSD,sell,in,0.02,3329.92,1984,-0.07,0.00,0.00,3 194.52,
2025.04.23 01:50:40,1983,XAUUSD,buy,out,0.02,3328.31,1985,-0.07,0.00,3.22,3 197.67,sl 3328.08
2025.04.23 02:14:14,1984,XAUUSD,sell,in,0.02,3340.56,1986,-0.07,0.00,0.00,3 197.60,
2025.04.23 02:29:05,1985,XAUUSD,buy,out,0.02,3339.40,1987,-0.07,0.00,2.32,3 199.85,sl 3339.38
2025.04.23 02:38:20,1986,XAUUSD,sell,in,0.02,3335.32,1988,-0.07,0.00,0.00,3 199.78,
2025.04.23 02:38:46,1987,XAUUSD,buy,out,0.02,3335.44,1989,-0.07,0.00,-0.24,3 199.47,sl 3335.30
2025.04.23 03:02:19,1988,XAUUSD,sell,in,0.02,3340.09,1990,-0.07,0.00,0.00,3 199.40,
2025.04.23 03:03:08,1989,XAUUSD,buy,out,0.02,3339.14,1991,-0.07,0.00,1.90,3 201.23,sl 3339.10
2025.04.23 03:26:19,1990,XAUUSD,sell,in,0.02,3343.00,1992,-0.07,0.00,0.00,3 201.16,
2025.04.23 05:04:26,1991,XAUUSD,buy,in,0.02,3378.73,1993,-0.07,0.00,0.00,3 201.09,
2025.04.23 05:05:08,1992,XAUUSD,sell,out,0.02,3378.80,1994,-0.07,0.00,0.14,3 201.16,sl 3378.81
2025.04.23 06:09:56,1993,XAUUSD,buy,out,0.02,3343.20,1995,-0.07,0.00,-0.40,3 200.69,sl 3342.97
2025.04.24 09:17:28,1994,XAUUSD,sell,in,0.02,3317.89,1996,-0.07,0.00,0.00,3 200.62,
2025.04.24 09:17:52,1995,XAUUSD,buy,out,0.02,3317.07,1997,-0.07,0.00,1.64,3 202.19,sl 3316.89
2025.04.24 09:41:33,1996,XAUUSD,sell,in,0.02,3318.74,1998,-0.07,0.00,0.00,3 202.12,
2025.04.24 09:42:35,1997,XAUUSD,buy,out,0.02,3318.21,1999,-0.07,0.00,1.06,3 203.11,sl 3318.20
2025.04.24 16:45:11,1998,XAUUSD,sell,in,0.02,3317.62,2000,-0.07,0.00,0.00,3 203.04,
2025.04.24 16:46:31,1999,XAUUSD,buy,out,0.02,3317.46,2001,-0.07,0.00,0.32,3 203.29,sl 3317.46
2025.04.24 17:09:14,2000,XAUUSD,sell,in,0.02,3307.84,2002,-0.07,0.00,0.00,3 203.22,
2025.04.24 18:47:19,2001,XAUUSD,buy,in,0.02,3323.29,2003,-0.07,0.00,0.00,3 203.15,
2025.04.24 18:51:37,2002,XAUUSD,sell,out,0.02,3326.56,2004,-0.07,0.00,6.54,3 209.62,sl 3326.59
2025.04.24 22:43:40,2003,XAUUSD,buy,in,0.02,3341.18,2005,-0.07,0.00,0.00,3 209.55,
2025.04.24 22:48:42,2004,XAUUSD,sell,out,0.02,3343.18,2006,-0.07,0.00,4.00,3 213.48,sl 3343.22
2025.04.24 23:01:43,2005,XAUUSD,buy,in,0.02,3340.80,2007,-0.07,0.00,0.00,3 213.41,
2025.04.24 23:02:19,2006,XAUUSD,sell,out,0.02,3340.68,2008,-0.07,0.00,-0.24,3 213.10,sl 3340.85
2025.04.24 23:19:43,2007,XAUUSD,buy,in,0.02,3339.50,2009,-0.07,0.00,0.00,3 213.03,
2025.04.24 23:23:31,2008,XAUUSD,sell,out,0.02,3339.71,2010,-0.07,0.00,0.42,3 213.38,sl 3339.71
2025.04.25 01:12:38,2009,XAUUSD,buy,in,0.02,3344.19,2011,-0.07,0.00,0.00,3 213.31,
2025.04.25 01:13:19,2010,XAUUSD,sell,out,0.02,3344.01,2012,-0.07,0.00,-0.36,3 212.88,sl 3344.21
2025.04.25 01:30:14,2011,XAUUSD,buy,out,0.02,3368.35,2013,-0.07,0.81,-121.02,3 092.60,
2025.04.25 08:32:04,2012,XAUUSD,sell,in,0.02,3313.90,2014,-0.07,0.00,0.00,3 092.53,
2025.04.25 08:34:59,2013,XAUUSD,buy,out,0.02,3313.54,2015,-0.07,0.00,0.72,3 093.18,sl 3313.47
2025.04.25 08:56:05,2014,XAUUSD,sell,in,0.02,3291.87,2016,-0.07,0.00,0.00,3 093.11,
2025.04.25 08:56:16,2015,XAUUSD,buy,out,0.02,3291.13,2017,-0.07,0.00,1.48,3 094.52,sl 3291.13
2025.04.25 09:20:08,2016,XAUUSD,sell,in,0.02,3295.40,2018,-0.07,0.00,0.00,3 094.45,
2025.04.25 09:25:59,2017,XAUUSD,buy,out,0.02,3294.55,2019,-0.07,0.00,1.70,3 096.08,sl 3294.55
2025.04.25 09:44:19,2018,XAUUSD,sell,in,0.02,3305.50,2020,-0.07,0.00,0.00,3 096.01,
2025.04.25 09:46:34,2019,XAUUSD,buy,out,0.02,3304.66,2021,-0.07,0.00,1.68,3 097.62,sl 3304.59
2025.04.25 10:08:25,2020,XAUUSD,sell,in,0.02,3307.97,2022,-0.07,0.00,0.00,3 097.55,
2025.04.25 10:08:51,2021,XAUUSD,buy,out,0.02,3307.58,2023,-0.07,0.00,0.78,3 098.26,sl 3307.58
2025.04.25 10:32:26,2022,XAUUSD,sell,in,0.02,3307.18,2024,-0.07,0.00,0.00,3 098.19,
2025.04.25 10:33:43,2023,XAUUSD,buy,out,0.02,3307.22,2025,-0.07,0.00,-0.08,3 098.04,sl 3307.13
2025.04.25 10:56:33,2024,XAUUSD,sell,in,0.02,3306.00,2026,-0.07,0.00,0.00,3 097.97,
2025.04.25 11:01:06,2025,XAUUSD,buy,out,0.02,3305.98,2027,-0.07,0.00,0.04,3 097.94,sl 3305.95
2025.04.25 11:20:37,2026,XAUUSD,sell,in,0.02,3292.74,2028,-0.07,0.00,0.00,3 097.87,
2025.04.25 11:20:48,2027,XAUUSD,buy,out,0.02,3292.58,2029,-0.07,0.00,0.32,3 098.12,sl 3292.58
2025.04.25 11:44:36,2028,XAUUSD,sell,in,0.02,3301.57,2030,-0.07,0.00,0.00,3 098.05,
2025.04.25 11:45:09,2029,XAUUSD,buy,out,0.02,3301.20,2031,-0.07,0.00,0.74,3 098.72,sl 3301.12
2025.04.25 12:08:40,2030,XAUUSD,sell,in,0.02,3307.08,2032,-0.07,0.00,0.00,3 098.65,
2025.04.25 12:09:20,2031,XAUUSD,buy,out,0.02,3307.08,2033,-0.07,0.00,0.00,3 098.58,sl 3307.07
2025.04.25 12:32:47,2032,XAUUSD,sell,in,0.02,3299.68,2034,-0.07,0.00,0.00,3 098.51,
2025.04.25 12:35:43,2033,XAUUSD,buy,out,0.02,3299.02,2035,-0.07,0.00,1.32,3 099.76,sl 3298.99
2025.04.25 12:56:52,2034,XAUUSD,sell,in,0.02,3295.12,2036,-0.07,0.00,0.00,3 099.69,
2025.04.25 12:58:25,2035,XAUUSD,buy,out,0.02,3292.84,2037,-0.07,0.00,4.56,3 104.18,sl 3292.83
2025.04.25 13:20:59,2036,XAUUSD,sell,in,0.02,3302.19,2038,-0.07,0.00,0.00,3 104.11,
2025.04.25 13:24:38,2037,XAUUSD,buy,out,0.02,3300.47,2039,-0.07,0.00,3.44,3 107.48,sl 3300.47
2025.04.25 13:45:03,2038,XAUUSD,sell,in,0.02,3303.67,2040,-0.07,0.00,0.00,3 107.41,
2025.04.25 13:46:37,2039,XAUUSD,buy,out,0.02,3302.16,2041,-0.07,0.00,3.02,3 110.36,sl 3302.07
2025.04.25 14:09:04,2040,XAUUSD,sell,in,0.02,3298.99,2042,-0.07,0.00,0.00,3 110.29,
2025.04.25 14:13:57,2041,XAUUSD,buy,out,0.02,3298.94,2043,-0.07,0.00,0.10,3 110.32,sl 3298.94
2025.04.25 14:33:09,2042,XAUUSD,sell,in,0.02,3299.50,2044,-0.07,0.00,0.00,3 110.25,
2025.04.25 14:34:22,2043,XAUUSD,buy,out,0.02,3299.03,2045,-0.07,0.00,0.94,3 111.12,sl 3298.95
2025.04.25 14:57:11,2044,XAUUSD,sell,in,0.02,3294.11,2046,-0.07,0.00,0.00,3 111.05,
2025.04.25 14:59:30,2045,XAUUSD,buy,out,0.02,3294.09,2047,-0.07,0.00,0.04,3 111.02,sl 3294.09
2025.04.25 15:21:15,2046,XAUUSD,sell,in,0.02,3292.80,2048,-0.07,0.00,0.00,3 110.95,
2025.04.25 15:33:58,2047,XAUUSD,buy,out,0.02,3292.61,2049,-0.07,0.00,0.38,3 111.26,sl 3292.61
2025.04.25 15:45:19,2048,XAUUSD,sell,in,0.02,3296.06,2050,-0.07,0.00,0.00,3 111.19,
2025.04.25 15:45:52,2049,XAUUSD,buy,out,0.02,3296.09,2051,-0.07,0.00,-0.06,3 111.06,sl 3296.05
2025.04.25 16:09:23,2050,XAUUSD,sell,in,0.02,3283.25,2052,-0.07,0.00,0.00,3 110.99,
2025.04.25 16:09:32,2051,XAUUSD,buy,out,0.02,3283.14,2053,-0.07,0.00,0.22,3 111.14,sl 3283.11
2025.04.25 16:33:24,2052,XAUUSD,sell,in,0.02,3273.19,2054,-0.07,0.00,0.00,3 111.07,
2025.04.25 16:33:56,2053,XAUUSD,buy,out,0.02,3272.12,2055,-0.07,0.00,2.14,3 113.14,sl 3272.09
2025.04.25 16:57:32,2054,XAUUSD,sell,in,0.02,3283.16,2056,-0.07,0.00,0.00,3 113.07,
2025.04.25 16:58:42,2055,XAUUSD,buy,out,0.02,3283.00,2057,-0.07,0.00,0.32,3 113.32,sl 3283.00
2025.04.25 17:21:37,2056,XAUUSD,sell,in,0.02,3281.10,2058,-0.07,0.00,0.00,3 113.25,
2025.04.25 17:39:08,2057,XAUUSD,buy,out,0.02,3281.01,2059,-0.07,0.00,0.18,3 113.36,sl 3280.98
2025.04.25 17:45:36,2058,XAUUSD,sell,in,0.02,3281.63,2060,-0.07,0.00,0.00,3 113.29,
2025.04.25 17:47:12,2059,XAUUSD,buy,out,0.02,3280.95,2061,-0.07,0.00,1.36,3 114.58,sl 3280.95
2025.04.25 18:09:41,2060,XAUUSD,sell,in,0.02,3275.38,2062,-0.07,0.00,0.00,3 114.51,
2025.04.25 18:10:08,2061,XAUUSD,buy,out,0.02,3275.09,2063,-0.07,0.00,0.58,3 115.02,sl 3275.03
2025.04.25 18:33:48,2062,XAUUSD,sell,in,0.02,3274.32,2064,-0.07,0.00,0.00,3 114.95,
2025.04.25 20:11:53,2063,XAUUSD,buy,in,0.02,3286.24,2065,-0.07,0.00,0.00,3 114.88,
2025.04.25 20:12:54,2064,XAUUSD,sell,out,0.02,3286.81,2066,-0.07,0.00,1.14,3 115.95,sl 3286.86
2025.04.28 01:18:16,2065,XAUUSD,buy,in,0.02,3325.02,2067,-0.07,0.00,0.00,3 115.88,
2025.04.28 01:19:59,2066,XAUUSD,sell,out,0.02,3325.50,2068,-0.07,0.00,0.96,3 116.77,sl 3325.56
2025.04.28 04:25:15,2067,XAUUSD,buy,out,0.02,3292.94,2069,-0.07,0.81,-37.24,3 080.27,
2025.04.28 21:23:52,2068,XAUUSD,buy,in,0.02,3341.22,2070,-0.07,0.00,0.00,3 080.20,
2025.04.28 21:25:08,2069,XAUUSD,sell,out,0.02,3345.30,2071,-0.07,0.00,8.16,3 088.29,sl 3345.33
2025.04.28 21:47:58,2070,XAUUSD,buy,in,0.02,3348.46,2072,-0.07,0.00,0.00,3 088.22,
2025.04.28 21:49:17,2071,XAUUSD,sell,out,0.02,3348.96,2073,-0.07,0.00,1.00,3 089.15,sl 3349.01
2025.04.28 22:12:01,2072,XAUUSD,buy,in,0.02,3350.97,2074,-0.07,0.00,0.00,3 089.08,
2025.04.28 22:31:05,2073,XAUUSD,sell,out,0.02,3350.96,2075,-0.07,0.00,-0.02,3 088.99,sl 3350.99
2025.04.28 22:36:00,2074,XAUUSD,buy,in,0.02,3349.89,2076,-0.07,0.00,0.00,3 088.92,
2025.04.28 22:46:28,2075,XAUUSD,sell,out,0.02,3349.87,2077,-0.07,0.00,-0.04,3 088.81,sl 3349.95
2025.04.28 23:00:07,2076,XAUUSD,buy,in,0.02,3351.62,2078,-0.07,0.00,0.00,3 088.74,
2025.04.29 06:00:45,2077,XAUUSD,sell,out,0.02,3318.79,2079,-0.07,-1.14,-65.66,3 021.87,
2025.04.30 11:14:49,2078,XAUUSD,sell,in,0.02,3286.48,2080,-0.07,0.00,0.00,3 021.80,
2025.04.30 11:15:13,2079,XAUUSD,buy,out,0.02,3285.41,2081,-0.07,0.00,2.14,3 023.87,sl 3285.41
2025.04.30 11:39:20,2080,XAUUSD,sell,in,0.02,3286.62,2082,-0.07,0.00,0.00,3 023.80,
2025.04.30 11:39:44,2081,XAUUSD,buy,out,0.02,3286.55,2083,-0.07,0.00,0.14,3 023.87,sl 3286.54
2025.04.30 12:03:26,2082,XAUUSD,sell,in,0.02,3284.31,2084,-0.07,0.00,0.00,3 023.80,
2025.04.30 12:04:20,2083,XAUUSD,buy,out,0.02,3284.25,2085,-0.07,0.00,0.12,3 023.85,sl 3284.19
2025.04.30 12:27:28,2084,XAUUSD,sell,in,0.02,3281.97,2086,-0.07,0.00,0.00,3 023.78,
2025.04.30 12:48:54,2085,XAUUSD,buy,out,0.02,3281.23,2087,-0.07,0.00,1.48,3 025.19,sl 3281.19
2025.04.30 12:51:32,2086,XAUUSD,sell,in,0.02,3279.35,2088,-0.07,0.00,0.00,3 025.12,
2025.04.30 12:52:07,2087,XAUUSD,buy,out,0.02,3279.33,2089,-0.07,0.00,0.04,3 025.09,sl 3279.33
2025.04.30 13:15:32,2088,XAUUSD,sell,in,0.02,3273.73,2090,-0.07,0.00,0.00,3 025.02,
2025.04.30 13:19:38,2089,XAUUSD,buy,out,0.02,3273.10,2091,-0.07,0.00,1.26,3 026.21,sl 3273.09
2025.04.30 13:39:50,2090,XAUUSD,sell,in,0.02,3278.14,2092,-0.07,0.00,0.00,3 026.14,
2025.04.30 13:41:39,2091,XAUUSD,buy,out,0.02,3277.78,2093,-0.07,0.00,0.72,3 026.79,sl 3277.70
2025.04.30 14:03:54,2092,XAUUSD,sell,in,0.02,3269.26,2094,-0.07,0.00,0.00,3 026.72,
2025.04.30 14:04:04,2093,XAUUSD,buy,out,0.02,3269.28,2095,-0.07,0.00,-0.04,3 026.61,sl 3269.23
2025.04.30 14:27:59,2094,XAUUSD,sell,in,0.02,3279.96,2096,-0.07,0.00,0.00,3 026.54,
2025.04.30 14:33:32,2095,XAUUSD,buy,out,0.02,3279.96,2097,-0.07,0.00,0.00,3 026.47,sl 3279.95
2025.04.30 14:52:06,2096,XAUUSD,sell,in,0.02,3275.28,2098,-0.07,0.00,0.00,3 026.40,
2025.04.30 14:53:57,2097,XAUUSD,buy,out,0.02,3274.96,2099,-0.07,0.00,0.64,3 026.97,sl 3274.96
2025.04.30 15:16:12,2098,XAUUSD,sell,in,0.02,3278.56,2100,-0.07,0.00,0.00,3 026.90,
2025.04.30 16:35:42,2099,XAUUSD,buy,out,0.02,3309.17,2101,-0.07,0.00,-61.22,2 965.61,
2025.05.01 01:13:55,2100,XAUUSD,sell,in,0.02,3279.72,2102,-0.07,0.00,0.00,2 965.54,
2025.05.01 01:14:29,2101,XAUUSD,buy,out,0.02,3278.06,2103,-0.07,0.00,3.32,2 968.79,sl 3278.03
2025.05.01 01:37:57,2102,XAUUSD,sell,in,0.02,3276.60,2104,-0.07,0.00,0.00,2 968.72,
2025.05.01 01:38:55,2103,XAUUSD,buy,out,0.02,3273.14,2105,-0.07,0.00,6.92,2 975.57,sl 3272.98
2025.05.01 02:02:00,2104,XAUUSD,sell,in,0.02,3278.04,2106,-0.07,0.00,0.00,2 975.50,
2025.05.01 02:02:53,2105,XAUUSD,buy,out,0.02,3276.88,2107,-0.07,0.00,2.32,2 977.75,sl 3276.88
2025.05.01 02:26:04,2106,XAUUSD,sell,in,0.02,3279.10,2108,-0.07,0.00,0.00,2 977.68,
2025.05.01 02:27:00,2107,XAUUSD,buy,out,0.02,3277.78,2109,-0.07,0.00,2.64,2 980.25,sl 3277.77
2025.05.01 02:50:06,2108,XAUUSD,sell,in,0.02,3275.92,2110,-0.07,0.00,0.00,2 980.18,
2025.05.01 02:52:37,2109,XAUUSD,buy,out,0.02,3273.66,2111,-0.07,0.00,4.52,2 984.63,sl 3273.65
2025.05.01 03:14:13,2110,XAUUSD,sell,in,0.02,3274.98,2112,-0.07,0.00,0.00,2 984.56,
2025.05.01 03:17:08,2111,XAUUSD,buy,out,0.02,3274.57,2113,-0.07,0.00,0.82,2 985.31,sl 3274.52
2025.05.01 03:38:18,2112,XAUUSD,sell,in,0.02,3252.00,2114,-0.07,0.00,0.00,2 985.24,
2025.05.01 03:38:56,2113,XAUUSD,buy,out,0.02,3248.85,2115,-0.07,0.00,6.30,2 991.47,sl 3248.83
2025.05.01 04:02:22,2114,XAUUSD,sell,in,0.02,3244.11,2116,-0.07,0.00,0.00,2 991.40,
2025.05.01 04:05:06,2115,XAUUSD,buy,out,0.02,3243.85,2117,-0.07,0.00,0.52,2 991.85,sl 3243.72
2025.05.01 04:26:27,2116,XAUUSD,sell,in,0.02,3247.39,2118,-0.07,0.00,0.00,2 991.78,
2025.05.01 04:30:57,2117,XAUUSD,buy,out,0.02,3247.38,2119,-0.07,0.00,0.02,2 991.73,sl 3247.38
2025.05.01 04:50:31,2118,XAUUSD,sell,in,0.02,3237.77,2120,-0.07,0.00,0.00,2 991.66,
2025.05.01 04:51:02,2119,XAUUSD,buy,out,0.02,3236.94,2121,-0.07,0.00,1.66,2 993.25,sl 3236.91
2025.05.01 05:14:40,2120,XAUUSD,sell,in,0.02,3239.44,2122,-0.07,0.00,0.00,2 993.18,
2025.05.01 06:03:01,2121,XAUUSD,buy,out,0.02,3239.42,2123,-0.07,0.00,0.04,2 993.15,sl 3239.31
2025.05.01 06:03:05,2122,XAUUSD,sell,in,0.02,3239.20,2124,-0.07,0.00,0.00,2 993.08,
2025.05.01 06:03:24,2123,XAUUSD,buy,out,0.02,3239.21,2125,-0.07,0.00,-0.02,2 992.99,sl 3239.09
2025.05.01 06:27:09,2124,XAUUSD,sell,in,0.02,3233.26,2126,-0.07,0.00,0.00,2 992.92,
2025.05.01 06:27:48,2125,XAUUSD,buy,out,0.02,3233.23,2127,-0.07,0.00,0.06,2 992.91,sl 3233.12
2025.05.01 06:51:12,2126,XAUUSD,sell,in,0.02,3231.10,2128,-0.07,0.00,0.00,2 992.84,
2025.05.01 06:51:28,2127,XAUUSD,buy,out,0.02,3231.08,2129,-0.07,0.00,0.04,2 992.81,sl 3231.05
2025.05.01 07:15:11,2128,XAUUSD,sell,in,0.02,3228.18,2130,-0.07,0.00,0.00,2 992.74,
2025.05.01 07:16:09,2129,XAUUSD,buy,out,0.02,3227.17,2131,-0.07,0.00,2.02,2 994.69,sl 3227.16
2025.05.01 07:39:14,2130,XAUUSD,sell,in,0.02,3221.99,2132,-0.07,0.00,0.00,2 994.62,
2025.05.01 07:39:28,2131,XAUUSD,buy,out,0.02,3221.93,2133,-0.07,0.00,0.12,2 994.67,sl 3221.93
2025.05.01 08:03:21,2132,XAUUSD,sell,in,0.02,3225.35,2134,-0.07,0.00,0.00,2 994.60,
2025.05.01 08:04:48,2133,XAUUSD,buy,out,0.02,3224.84,2135,-0.07,0.00,1.02,2 995.55,sl 3224.78
2025.05.01 08:27:37,2134,XAUUSD,sell,in,0.02,3230.48,2136,-0.07,0.00,0.00,2 995.48,
2025.05.01 08:28:05,2135,XAUUSD,buy,out,0.02,3229.98,2137,-0.07,0.00,1.00,2 996.41,sl 3229.78
2025.05.01 08:51:43,2136,XAUUSD,sell,in,0.02,3237.18,2138,-0.07,0.00,0.00,2 996.34,
2025.05.01 08:52:25,2137,XAUUSD,buy,out,0.02,3236.98,2139,-0.07,0.00,0.40,2 996.67,sl 3236.96
2025.05.01 09:15:48,2138,XAUUSD,sell,in,0.02,3236.10,2140,-0.07,0.00,0.00,2 996.60,
2025.05.01 09:16:28,2139,XAUUSD,buy,out,0.02,3236.06,2141,-0.07,0.00,0.08,2 996.61,sl 3236.03
2025.05.01 09:40:03,2140,XAUUSD,sell,in,0.02,3238.36,2142,-0.07,0.00,0.00,2 996.54,
2025.05.01 09:40:44,2141,XAUUSD,buy,out,0.02,3237.60,2143,-0.07,0.00,1.52,2 997.99,sl 3237.58
2025.05.01 10:04:06,2142,XAUUSD,sell,in,0.02,3232.33,2144,-0.07,0.00,0.00,2 997.92,
2025.05.01 10:04:51,2143,XAUUSD,buy,out,0.02,3231.68,2145,-0.07,0.00,1.30,2 999.15,sl 3231.60
2025.05.01 10:28:13,2144,XAUUSD,sell,in,0.02,3231.65,2146,-0.07,0.00,0.00,2 999.08,
2025.05.01 10:29:54,2145,XAUUSD,buy,out,0.02,3230.70,2147,-0.07,0.00,1.90,3 000.91,sl 3230.70
2025.05.01 10:52:18,2146,XAUUSD,sell,in,0.02,3230.48,2148,-0.07,0.00,0.00,3 000.84,
2025.05.01 10:53:33,2147,XAUUSD,buy,out,0.02,3229.23,2149,-0.07,0.00,2.50,3 003.27,sl 3229.16
2025.05.01 11:16:20,2148,XAUUSD,sell,in,0.02,3233.33,2150,-0.07,0.00,0.00,3 003.20,
2025.05.01 11:40:42,2149,XAUUSD,buy,out,0.02,3233.17,2151,-0.07,0.00,0.32,3 003.45,sl 3233.09
2025.05.01 11:40:42,2150,XAUUSD,sell,in,0.02,3233.04,2152,-0.07,0.00,0.00,3 003.38,
2025.05.01 11:43:52,2151,XAUUSD,buy,out,0.02,3232.75,2153,-0.07,0.00,0.58,3 003.89,sl 3232.68
2025.05.01 12:04:46,2152,XAUUSD,sell,in,0.02,3235.43,2154,-0.07,0.00,0.00,3 003.82,
2025.05.01 12:07:01,2153,XAUUSD,buy,out,0.02,3233.50,2155,-0.07,0.00,3.86,3 007.61,sl 3233.50
2025.05.01 12:28:46,2154,XAUUSD,sell,in,0.02,3226.05,2156,-0.07,0.00,0.00,3 007.54,
2025.05.01 12:32:07,2155,XAUUSD,buy,out,0.02,3225.16,2157,-0.07,0.00,1.78,3 009.25,sl 3225.14
2025.05.01 12:52:47,2156,XAUUSD,sell,in,0.02,3221.21,2158,-0.07,0.00,0.00,3 009.18,
2025.05.01 12:55:36,2157,XAUUSD,buy,out,0.02,3220.28,2159,-0.07,0.00,1.86,3 010.97,sl 3220.27
2025.05.01 13:16:46,2158,XAUUSD,sell,in,0.02,3216.85,2160,-0.07,0.00,0.00,3 010.90,
2025.05.01 13:17:04,2159,XAUUSD,buy,out,0.02,3216.72,2161,-0.07,0.00,0.26,3 011.09,sl 3216.69
2025.05.01 13:40:50,2160,XAUUSD,sell,in,0.02,3222.13,2162,-0.07,0.00,0.00,3 011.02,
2025.05.01 14:39:17,2161,XAUUSD,buy,out,0.02,3221.08,2163,-0.07,0.00,2.10,3 013.05,sl 3221.04
2025.05.01 14:39:19,2162,XAUUSD,sell,in,0.02,3220.54,2164,-0.07,0.00,0.00,3 012.98,
2025.05.01 14:41:38,2163,XAUUSD,buy,out,0.02,3217.58,2165,-0.07,0.00,5.92,3 018.83,sl 3217.55
2025.05.01 15:03:22,2164,XAUUSD,sell,in,0.02,3205.69,2166,-0.07,0.00,0.00,3 018.76,
2025.05.01 15:08:23,2165,XAUUSD,buy,out,0.02,3205.68,2167,-0.07,0.00,0.02,3 018.71,sl 3205.67
2025.05.01 15:27:25,2166,XAUUSD,sell,in,0.02,3217.81,2168,-0.07,0.00,0.00,3 018.64,
2025.05.01 17:00:53,2167,XAUUSD,buy,out,0.02,3217.74,2169,-0.07,0.00,0.14,3 018.71,sl 3217.74
2025.05.01 17:01:10,2168,XAUUSD,sell,in,0.02,3218.91,2170,-0.07,0.00,0.00,3 018.64,
2025.05.01 17:02:20,2169,XAUUSD,buy,out,0.02,3218.94,2171,-0.07,0.00,-0.06,3 018.51,sl 3218.79
2025.05.01 17:25:15,2170,XAUUSD,sell,in,0.02,3219.32,2172,-0.07,0.00,0.00,3 018.44,
2025.05.01 17:25:59,2171,XAUUSD,buy,out,0.02,3219.21,2173,-0.07,0.00,0.22,3 018.59,sl 3219.20
2025.05.01 17:49:23,2172,XAUUSD,sell,in,0.02,3226.79,2174,-0.07,0.00,0.00,3 018.52,
2025.05.01 17:50:33,2173,XAUUSD,buy,out,0.02,3226.09,2175,-0.07,0.00,1.40,3 019.85,sl 3226.06
2025.05.01 18:13:24,2174,XAUUSD,sell,in,0.02,3219.80,2176,-0.07,0.00,0.00,3 019.78,
2025.05.01 18:14:08,2175,XAUUSD,buy,out,0.02,3219.73,2177,-0.07,0.00,0.14,3 019.85,sl 3219.73
2025.05.02 18:48:49,2176,XAUUSD,sell,in,0.02,3233.40,2178,-0.07,0.00,0.00,3 019.78,
2025.05.02 18:49:33,2177,XAUUSD,buy,out,0.02,3233.40,2179,-0.07,0.00,0.00,3 019.71,sl 3233.39
2025.05.02 19:12:52,2178,XAUUSD,sell,in,0.02,3225.94,2180,-0.07,0.00,0.00,3 019.64,
2025.05.02 19:57:02,2179,XAUUSD,buy,out,0.02,3225.64,2181,-0.07,0.00,0.60,3 020.17,sl 3225.61
2025.05.02 19:57:10,2180,XAUUSD,sell,in,0.02,3225.73,2182,-0.07,0.00,0.00,3 020.10,
2025.05.02 19:57:21,2181,XAUUSD,buy,out,0.02,3225.54,2183,-0.07,0.00,0.38,3 020.41,sl 3225.49
2025.05.02 20:37:20,2182,XAUUSD,sell,in,0.02,3231.08,2184,-0.07,0.00,0.00,3 020.34,
2025.05.02 20:39:02,2183,XAUUSD,buy,out,0.02,3230.58,2185,-0.07,0.00,1.00,3 021.27,sl 3230.54
2025.05.02 21:01:31,2184,XAUUSD,sell,in,0.02,3231.07,2186,-0.07,0.00,0.00,3 021.20,
2025.05.02 21:02:15,2185,XAUUSD,buy,out,0.02,3230.72,2187,-0.07,0.00,0.70,3 021.83,sl 3230.71
2025.05.02 21:25:39,2186,XAUUSD,sell,in,0.02,3227.65,2188,-0.07,0.00,0.00,3 021.76,
2025.05.02 21:34:58,2187,XAUUSD,buy,out,0.02,3226.91,2189,-0.07,0.00,1.48,3 023.17,sl 3226.87
2025.05.02 21:49:39,2188,XAUUSD,sell,in,0.02,3227.51,2190,-0.07,0.00,0.00,3 023.10,
2025.05.02 21:52:20,2189,XAUUSD,buy,out,0.02,3226.61,2191,-0.07,0.00,1.80,3 024.83,sl 3226.60
2025.05.02 22:13:45,2190,XAUUSD,sell,in,0.02,3229.83,2192,-0.07,0.00,0.00,3 024.76,
2025.05.02 22:15:51,2191,XAUUSD,buy,out,0.02,3228.67,2193,-0.07,0.00,2.32,3 027.01,sl 3228.58
2025.05.02 22:37:46,2192,XAUUSD,sell,in,0.02,3229.43,2194,-0.07,0.00,0.00,3 026.94,
2025.05.05 04:07:56,2193,XAUUSD,buy,in,0.02,3254.69,2195,-0.07,0.00,0.00,3 026.87,
2025.05.05 04:09:25,2194,XAUUSD,sell,out,0.02,3255.33,2196,-0.07,0.00,1.28,3 028.08,sl 3255.35
2025.05.05 04:25:54,2195,XAUUSD,buy,out,0.02,3264.64,2197,-0.07,0.81,-70.42,2 958.40,
2025.05.05 12:02:45,2196,XAUUSD,buy,in,0.02,3285.25,2198,-0.07,0.00,0.00,2 958.33,
2025.05.05 12:02:50,2197,XAUUSD,sell,out,0.02,3286.23,2199,-0.07,0.00,1.96,2 960.22,sl 3286.24
2025.05.05 12:26:51,2198,XAUUSD,buy,in,0.02,3298.90,2200,-0.07,0.00,0.00,2 960.15,
2025.05.05 12:27:26,2199,XAUUSD,sell,out,0.02,3299.09,2201,-0.07,0.00,0.38,2 960.46,sl 3299.12
2025.05.05 12:50:53,2200,XAUUSD,buy,in,0.02,3301.53,2202,-0.07,0.00,0.00,2 960.39,
2025.05.05 12:51:25,2201,XAUUSD,sell,out,0.02,3301.72,2203,-0.07,0.00,0.38,2 960.70,sl 3301.76
2025.05.05 13:15:00,2202,XAUUSD,buy,in,0.02,3310.78,2204,-0.07,0.00,0.00,2 960.63,
2025.05.05 13:16:35,2203,XAUUSD,sell,out,0.02,3310.81,2205,-0.07,0.00,0.06,2 960.62,sl 3310.81
2025.05.05 13:39:04,2204,XAUUSD,buy,in,0.02,3312.87,2206,-0.07,0.00,0.00,2 960.55,
2025.05.05 13:42:38,2205,XAUUSD,sell,out,0.02,3314.35,2207,-0.07,0.00,2.96,2 963.44,sl 3314.36
2025.05.05 14:03:04,2206,XAUUSD,buy,in,0.02,3312.52,2209,-0.07,0.00,0.00,2 963.37,
2025.05.05 14:03:33,2207,XAUUSD,sell,out,0.02,3313.21,2210,-0.07,0.00,1.38,2 964.68,sl 3313.25
2025.05.05 14:27:04,2208,XAUUSD,buy,in,0.02,3313.73,2211,-0.07,0.00,0.00,2 964.61,
2025.05.05 14:27:58,2209,XAUUSD,sell,out,0.02,3314.44,2212,-0.07,0.00,1.42,2 965.96,sl 3314.45
2025.05.05 14:51:06,2210,XAUUSD,buy,in,0.02,3314.27,2213,-0.07,0.00,0.00,2 965.89,
2025.05.05 14:51:40,2211,XAUUSD,sell,out,0.02,3314.29,2214,-0.07,0.00,0.04,2 965.86,sl 3314.32
2025.05.05 15:15:11,2212,XAUUSD,buy,in,0.02,3316.00,2215,-0.07,0.00,0.00,2 965.79,
2025.05.05 15:17:27,2213,XAUUSD,sell,out,0.02,3316.61,2216,-0.07,0.00,1.22,2 966.94,sl 3316.63
2025.05.05 15:39:10,2214,XAUUSD,buy,in,0.02,3318.64,2217,-0.07,0.00,0.00,2 966.87,
2025.05.05 15:42:43,2215,XAUUSD,sell,out,0.02,3320.39,2218,-0.07,0.00,3.50,2 970.30,sl 3320.44
2025.05.05 16:03:17,2216,XAUUSD,buy,in,0.02,3318.76,2219,-0.07,0.00,0.00,2 970.23,
2025.05.05 16:05:46,2217,XAUUSD,sell,out,0.02,3318.76,2220,-0.07,0.00,0.00,2 970.16,sl 3318.92
2025.05.05 16:27:19,2218,XAUUSD,buy,in,0.02,3319.25,2221,-0.07,0.00,0.00,2 970.09,
2025.05.05 16:29:32,2219,XAUUSD,sell,out,0.02,3319.45,2222,-0.07,0.00,0.40,2 970.42,sl 3319.46
2025.05.05 16:51:24,2220,XAUUSD,buy,in,0.02,3318.42,2223,-0.07,0.00,0.00,2 970.35,
2025.05.05 16:52:40,2221,XAUUSD,sell,out,0.02,3319.09,2224,-0.07,0.00,1.34,2 971.62,sl 3319.09
2025.05.05 17:15:25,2222,XAUUSD,buy,in,0.02,3314.91,2225,-0.07,0.00,0.00,2 971.55,
2025.05.05 17:16:59,2223,XAUUSD,sell,out,0.02,3314.98,2226,-0.07,0.00,0.14,2 971.62,sl 3315.00
2025.05.05 17:39:28,2224,XAUUSD,buy,in,0.02,3314.57,2227,-0.07,0.00,0.00,2 971.55,
2025.05.05 17:43:58,2225,XAUUSD,sell,out,0.02,3315.82,2228,-0.07,0.00,2.50,2 973.98,sl 3315.86
2025.05.05 18:03:32,2226,XAUUSD,buy,in,0.02,3312.01,2229,-0.07,0.00,0.00,2 973.91,
2025.05.05 18:05:11,2227,XAUUSD,sell,out,0.02,3312.31,2230,-0.07,0.00,0.60,2 974.44,sl 3312.33
2025.05.05 18:27:38,2228,XAUUSD,buy,in,0.02,3311.69,2231,-0.07,0.00,0.00,2 974.37,
2025.05.05 18:28:19,2229,XAUUSD,sell,out,0.02,3312.03,2232,-0.07,0.00,0.68,2 974.98,sl 3312.05
2025.05.05 18:51:43,2230,XAUUSD,buy,in,0.02,3315.10,2233,-0.07,0.00,0.00,2 974.91,
2025.05.05 20:28:06,2231,XAUUSD,sell,out,0.02,3315.10,2234,-0.07,0.00,0.00,2 974.84,sl 3315.13
2025.05.05 20:28:14,2232,XAUUSD,buy,in,0.02,3313.62,2235,-0.07,0.00,0.00,2 974.77,
2025.05.05 20:29:05,2233,XAUUSD,sell,out,0.02,3314.37,2236,-0.07,0.00,1.50,2 976.20,sl 3314.38
2025.05.05 20:52:26,2234,XAUUSD,buy,in,0.02,3315.54,2237,-0.07,0.00,0.00,2 976.13,
2025.05.05 20:55:56,2235,XAUUSD,sell,out,0.02,3316.22,2238,-0.07,0.00,1.36,2 977.42,sl 3316.23
2025.05.05 21:16:37,2236,XAUUSD,buy,in,0.02,3316.93,2239,-0.07,0.00,0.00,2 977.35,
2025.05.05 21:21:34,2237,XAUUSD,sell,out,0.02,3318.25,2240,-0.07,0.00,2.64,2 979.92,sl 3318.27
2025.05.05 21:40:37,2238,XAUUSD,buy,in,0.02,3320.37,2241,-0.07,0.00,0.00,2 979.85,
2025.05.05 21:43:42,2239,XAUUSD,sell,out,0.02,3320.44,2242,-0.07,0.00,0.14,2 979.92,sl 3320.46
2025.05.05 22:04:43,2240,XAUUSD,buy,in,0.02,3323.42,2243,-0.07,0.00,0.00,2 979.85,
2025.05.05 22:08:05,2241,XAUUSD,sell,out,0.02,3324.79,2244,-0.07,0.00,2.74,2 982.52,sl 3324.81
2025.05.05 22:28:47,2242,XAUUSD,buy,in,0.02,3335.08,2245,-0.07,0.00,0.00,2 982.45,
2025.05.05 22:29:24,2243,XAUUSD,sell,out,0.02,3335.33,2246,-0.07,0.00,0.50,2 982.88,sl 3335.34
2025.05.05 22:52:52,2244,XAUUSD,buy,in,0.02,3334.00,2247,-0.07,0.00,0.00,2 982.81,
2025.05.05 23:56:42,2245,XAUUSD,sell,out,0.02,3334.05,2248,-0.07,0.00,0.10,2 982.84,sl 3334.05
2025.05.05 23:56:48,2246,XAUUSD,buy,in,0.02,3334.61,2249,-0.07,0.00,0.00,2 982.77,
2025.05.06 01:02:08,2247,XAUUSD,sell,out,0.02,3336.41,2250,-0.07,-1.14,3.60,2 985.16,sl 3336.48
2025.05.06 01:02:19,2248,XAUUSD,buy,in,0.02,3336.24,2251,-0.07,0.00,0.00,2 985.09,
2025.05.06 01:02:58,2249,XAUUSD,sell,out,0.02,3336.84,2252,-0.07,0.00,1.20,2 986.22,sl 3336.85
2025.05.06 01:26:30,2250,XAUUSD,buy,in,0.02,3329.66,2253,-0.07,0.00,0.00,2 986.15,
2025.05.06 01:30:56,2251,XAUUSD,sell,out,0.02,3329.82,2254,-0.07,0.00,0.32,2 986.40,sl 3329.82
2025.05.06 01:50:32,2252,XAUUSD,buy,in,0.02,3332.72,2255,-0.07,0.00,0.00,2 986.33,
2025.05.06 02:13:10,2253,XAUUSD,sell,out,0.02,3334.28,2256,-0.07,0.00,3.12,2 989.38,sl 3334.28
2025.05.06 02:14:33,2254,XAUUSD,buy,in,0.02,3331.58,2257,-0.07,0.00,0.00,2 989.31,
2025.05.06 02:15:26,2255,XAUUSD,sell,out,0.02,3332.77,2258,-0.07,0.00,2.38,2 991.62,sl 3332.81
2025.05.06 02:38:33,2256,XAUUSD,buy,in,0.02,3333.74,2259,-0.07,0.00,0.00,2 991.55,
2025.05.06 02:49:02,2257,XAUUSD,sell,out,0.02,3333.94,2260,-0.07,0.00,0.40,2 991.88,sl 3333.94
2025.05.06 03:02:47,2258,XAUUSD,buy,in,0.02,3334.46,2261,-0.07,0.00,0.00,2 991.81,
2025.05.06 04:00:31,2259,XAUUSD,sell,out,0.02,3334.42,2262,-0.07,0.00,-0.08,2 991.66,sl 3334.50
2025.05.06 04:00:41,2260,XAUUSD,buy,in,0.02,3335.09,2263,-0.07,0.00,0.00,2 991.59,
2025.05.06 04:02:27,2261,XAUUSD,sell,out,0.02,3347.45,2264,-0.07,0.00,24.72,3 016.24,sl 3347.63
2025.05.06 04:24:42,2262,XAUUSD,buy,in,0.02,3358.76,2265,-0.07,0.00,0.00,3 016.17,
2025.05.06 04:25:17,2263,XAUUSD,sell,out,0.02,3358.77,2266,-0.07,0.00,0.02,3 016.12,sl 3358.79
2025.05.06 04:48:41,2264,XAUUSD,buy,in,0.02,3378.62,2267,-0.07,0.00,0.00,3 016.05,
2025.05.06 04:48:59,2265,XAUUSD,sell,out,0.02,3378.68,2268,-0.07,0.00,0.12,3 016.10,sl 3378.68
2025.05.06 05:12:48,2266,XAUUSD,buy,in,0.02,3381.93,2269,-0.07,0.00,0.00,3 016.03,
2025.05.06 05:13:05,2267,XAUUSD,sell,out,0.02,3382.92,2270,-0.07,0.00,1.98,3 017.94,sl 3382.92
2025.05.06 05:36:54,2268,XAUUSD,buy,in,0.02,3365.07,2271,-0.07,0.00,0.00,3 017.87,
2025.05.06 05:37:57,2269,XAUUSD,sell,out,0.02,3368.93,2272,-0.07,0.00,7.72,3 025.52,sl 3369.00
2025.05.06 06:00:57,2270,XAUUSD,buy,in,0.02,3357.46,2273,-0.07,0.00,0.00,3 025.45,
2025.05.06 06:01:27,2271,XAUUSD,sell,out,0.02,3358.36,2274,-0.07,0.00,1.80,3 027.18,sl 3358.36
2025.05.08 09:17:41,2272,XAUUSD,sell,in,0.02,3337.00,2275,-0.07,0.00,0.00,3 027.11,
2025.05.08 09:24:51,2273,XAUUSD,buy,out,0.02,3336.70,2276,-0.07,0.00,0.60,3 027.64,sl 3336.70
2025.05.08 09:41:48,2274,XAUUSD,sell,in,0.02,3333.12,2277,-0.07,0.00,0.00,3 027.57,
2025.05.08 09:42:51,2275,XAUUSD,buy,out,0.02,3331.82,2278,-0.07,0.00,2.60,3 030.10,sl 3331.82
2025.05.08 10:05:54,2276,XAUUSD,sell,in,0.02,3332.19,2279,-0.07,0.00,0.00,3 030.03,
2025.05.08 11:43:58,2277,XAUUSD,buy,in,0.02,3342.48,2280,-0.07,0.00,0.00,3 029.96,
2025.05.08 12:06:35,2278,XAUUSD,sell,out,0.02,3342.84,2281,-0.07,0.00,0.72,3 030.61,sl 3342.85
2025.05.08 12:59:39,2279,XAUUSD,buy,out,0.02,3332.04,2282,-0.07,0.00,0.30,3 030.84,sl 3332.02
2025.05.08 18:47:05,2280,XAUUSD,sell,in,0.02,3332.90,2283,-0.07,0.00,0.00,3 030.77,
2025.05.08 18:47:14,2281,XAUUSD,buy,out,0.02,3332.88,2284,-0.07,0.00,0.04,3 030.74,sl 3332.85
2025.05.08 19:11:12,2282,XAUUSD,sell,in,0.02,3320.82,2285,-0.07,0.00,0.00,3 030.67,
2025.05.08 19:11:58,2283,XAUUSD,buy,out,0.02,3319.38,2286,-0.07,0.00,2.88,3 033.48,sl 3319.37
2025.05.08 19:35:15,2284,XAUUSD,sell,in,0.02,3310.64,2287,-0.07,0.00,0.00,3 033.41,
2025.05.08 19:35:46,2285,XAUUSD,buy,out,0.02,3310.55,2288,-0.07,0.00,0.18,3 033.52,sl 3310.51
2025.05.08 19:59:22,2286,XAUUSD,sell,in,0.02,3310.93,2289,-0.07,0.00,0.00,3 033.45,
2025.05.08 19:59:48,2287,XAUUSD,buy,out,0.02,3310.91,2290,-0.07,0.00,0.04,3 033.42,sl 3310.91
2025.05.08 20:23:22,2288,XAUUSD,sell,in,0.02,3304.67,2291,-0.07,0.00,0.00,3 033.35,
2025.05.08 20:23:56,2289,XAUUSD,buy,out,0.02,3304.04,2292,-0.07,0.00,1.26,3 034.54,sl 3304.03
2025.05.08 20:47:29,2290,XAUUSD,sell,in,0.02,3303.26,2293,-0.07,0.00,0.00,3 034.47,
2025.05.08 20:48:48,2291,XAUUSD,buy,out,0.02,3302.90,2294,-0.07,0.00,0.72,3 035.12,sl 3302.84
2025.05.08 21:11:37,2292,XAUUSD,sell,in,0.02,3309.79,2295,-0.07,0.00,0.00,3 035.05,
2025.05.08 21:12:22,2293,XAUUSD,buy,out,0.02,3308.98,2296,-0.07,0.00,1.62,3 036.60,sl 3308.98
2025.05.08 21:35:42,2294,XAUUSD,sell,in,0.02,3308.63,2297,-0.07,0.00,0.00,3 036.53,
2025.05.08 21:37:31,2295,XAUUSD,buy,out,0.02,3308.48,2298,-0.07,0.00,0.30,3 036.76,sl 3308.48
2025.05.08 21:59:57,2296,XAUUSD,sell,in,0.02,3308.54,2299,-0.07,0.00,0.00,3 036.69,
2025.05.08 22:06:00,2297,XAUUSD,buy,out,0.02,3302.96,2300,-0.07,0.00,11.16,3 047.78,sl 3302.96
2025.05.08 22:24:00,2298,XAUUSD,sell,in,0.02,3293.07,2301,-0.07,0.00,0.00,3 047.71,
2025.05.08 22:24:18,2299,XAUUSD,buy,out,0.02,3292.76,2302,-0.07,0.00,0.62,3 048.26,sl 3292.74
2025.05.08 22:48:04,2300,XAUUSD,sell,in,0.02,3305.70,2303,-0.07,0.00,0.00,3 048.19,
2025.05.08 23:44:00,2301,XAUUSD,buy,out,0.02,3304.82,2304,-0.07,0.00,1.76,3 049.88,sl 3304.82
2025.05.08 23:44:08,2302,XAUUSD,sell,in,0.02,3304.82,2305,-0.07,0.00,0.00,3 049.81,
2025.05.09 01:22:14,2303,XAUUSD,buy,in,0.02,3313.91,2306,-0.07,0.00,0.00,3 049.74,
2025.05.09 01:25:04,2304,XAUUSD,sell,out,0.02,3314.65,2307,-0.07,0.00,1.48,3 051.15,sl 3314.66
2025.05.09 04:25:40,2305,XAUUSD,buy,out,0.02,3302.93,2308,-0.07,0.81,3.78,3 055.67,sl 3302.84
2025.05.12 01:02:00,2306,XAUUSD,sell,in,0.02,3292.72,2309,-0.07,0.00,0.00,3 055.60,
2025.05.12 01:02:07,2307,XAUUSD,buy,out,0.02,3289.42,2310,-0.07,0.00,6.60,3 062.13,sl 3288.37
2025.05.12 01:26:18,2308,XAUUSD,sell,in,0.02,3280.37,2311,-0.07,0.00,0.00,3 062.06,
2025.05.12 01:26:34,2309,XAUUSD,buy,out,0.02,3279.23,2312,-0.07,0.00,2.28,3 064.27,sl 3279.23
2025.05.12 01:50:25,2310,XAUUSD,sell,in,0.02,3277.34,2313,-0.07,0.00,0.00,3 064.20,
2025.05.12 01:52:01,2311,XAUUSD,buy,out,0.02,3277.13,2314,-0.07,0.00,0.42,3 064.55,sl 3277.12
2025.05.12 02:14:25,2312,XAUUSD,sell,in,0.02,3275.73,2315,-0.07,0.00,0.00,3 064.48,
2025.05.12 03:41:21,2313,XAUUSD,buy,out,0.02,3275.70,2316,-0.07,0.00,0.06,3 064.47,sl 3275.69
2025.05.12 03:41:25,2314,XAUUSD,sell,in,0.02,3275.80,2317,-0.07,0.00,0.00,3 064.40,
2025.05.12 03:41:53,2315,XAUUSD,buy,out,0.02,3275.02,2318,-0.07,0.00,1.56,3 065.89,sl 3275.02
2025.05.12 04:05:28,2316,XAUUSD,sell,in,0.02,3274.00,2319,-0.07,0.00,0.00,3 065.82,
2025.05.12 04:06:09,2317,XAUUSD,buy,out,0.02,3272.76,2320,-0.07,0.00,2.48,3 068.23,sl 3272.76
2025.05.12 04:29:33,2318,XAUUSD,sell,in,0.02,3265.12,2321,-0.07,0.00,0.00,3 068.16,
2025.05.12 04:29:50,2319,XAUUSD,buy,out,0.02,3265.14,2322,-0.07,0.00,-0.04,3 068.05,sl 3265.10
2025.05.12 04:53:42,2320,XAUUSD,sell,in,0.02,3270.57,2323,-0.07,0.00,0.00,3 067.98,
2025.05.12 04:53:56,2321,XAUUSD,buy,out,0.02,3270.53,2324,-0.07,0.00,0.08,3 067.99,sl 3270.53
2025.05.12 05:17:49,2322,XAUUSD,sell,in,0.02,3275.31,2325,-0.07,0.00,0.00,3 067.92,
2025.05.12 05:18:34,2323,XAUUSD,buy,out,0.02,3275.10,2326,-0.07,0.00,0.42,3 068.27,sl 3275.09
2025.05.12 05:41:54,2324,XAUUSD,sell,in,0.02,3272.73,2327,-0.07,0.00,0.00,3 068.20,
2025.05.12 05:54:37,2325,XAUUSD,buy,out,0.02,3272.41,2328,-0.07,0.00,0.64,3 068.77,sl 3272.39
2025.05.12 06:05:56,2326,XAUUSD,sell,in,0.02,3273.01,2329,-0.07,0.00,0.00,3 068.70,
2025.05.12 07:44:02,2327,XAUUSD,buy,in,0.02,3277.46,2330,-0.07,0.00,0.00,3 068.63,
2025.05.12 07:44:37,2328,XAUUSD,sell,out,0.02,3277.47,2331,-0.07,0.00,0.02,3 068.58,sl 3277.48
2025.05.12 08:26:32,2329,XAUUSD,buy,out,0.02,3273.02,2332,-0.07,0.00,-0.02,3 068.49,sl 3272.98
2025.05.15 23:26:09,2330,XAUUSD,buy,in,0.02,3239.50,2333,-0.07,0.00,0.00,3 068.42,
2025.05.15 23:55:22,2331,XAUUSD,sell,out,0.02,3239.41,2334,-0.07,0.00,-0.18,3 068.17,sl 3239.55
2025.05.15 23:55:32,2332,XAUUSD,buy,in,0.02,3240.05,2335,-0.07,0.00,0.00,3 068.10,
2025.05.16 01:03:52,2333,XAUUSD,sell,out,0.02,3241.49,2336,-0.07,-1.14,2.88,3 069.77,sl 3241.57
2025.05.16 01:03:55,2334,XAUUSD,buy,in,0.02,3241.53,2337,-0.07,0.00,0.00,3 069.70,
2025.05.16 01:07:50,2335,XAUUSD,sell,out,0.02,3245.67,2338,-0.07,0.00,8.28,3 077.91,sl 3245.71
2025.05.16 01:28:00,2336,XAUUSD,buy,in,0.02,3246.90,2339,-0.07,0.00,0.00,3 077.84,
2025.05.16 01:38:00,2337,XAUUSD,sell,out,0.02,3247.98,2340,-0.07,0.00,2.16,3 079.93,sl 3248.08
2025.05.16 01:52:02,2338,XAUUSD,buy,in,0.02,3250.73,2341,-0.07,0.00,0.00,3 079.86,
2025.05.16 01:56:51,2339,XAUUSD,sell,out,0.02,3251.12,2342,-0.07,0.00,0.78,3 080.57,sl 3251.12
2025.05.16 02:16:00,2340,XAUUSD,buy,in,0.02,3246.98,2343,-0.07,0.00,0.00,3 080.50,
2025.05.16 03:54:07,2341,XAUUSD,sell,in,0.02,3240.00,2344,-0.07,0.00,0.00,3 080.43,
2025.05.16 04:01:30,2342,XAUUSD,buy,out,0.02,3238.67,2345,-0.07,0.00,2.66,3 083.02,sl 3238.56
2025.05.16 04:50:04,2343,XAUUSD,sell,in,0.02,3215.57,2346,-0.07,0.00,0.00,3 082.95,
2025.05.16 05:50:21,2344,XAUUSD,sell,out,0.02,3214.62,2347,-0.07,0.00,-64.72,3 018.16,
2025.05.16 05:50:25,2345,XAUUSD,buy,out,0.02,3215.36,2348,-0.07,0.00,0.42,3 018.51,sl 3215.22
2025.05.16 13:49:57,2346,XAUUSD,sell,in,0.02,3188.52,2349,-0.07,0.00,0.00,3 018.44,
2025.05.16 13:50:28,2347,XAUUSD,buy,out,0.02,3188.35,2350,-0.07,0.00,0.34,3 018.71,sl 3188.32
2025.05.16 14:13:58,2348,XAUUSD,sell,in,0.02,3171.65,2351,-0.07,0.00,0.00,3 018.64,
2025.05.16 14:15:09,2349,XAUUSD,buy,out,0.02,3171.58,2352,-0.07,0.00,0.14,3 018.71,sl 3171.55
2025.05.16 14:38:01,2350,XAUUSD,sell,in,0.02,3176.04,2353,-0.07,0.00,0.00,3 018.64,
2025.05.16 14:38:20,2351,XAUUSD,buy,out,0.02,3175.23,2354,-0.07,0.00,1.62,3 020.19,sl 3175.07
2025.05.16 15:02:02,2352,XAUUSD,sell,in,0.02,3160.64,2355,-0.07,0.00,0.00,3 020.12,
2025.05.16 15:03:45,2353,XAUUSD,buy,out,0.02,3160.62,2356,-0.07,0.00,0.04,3 020.09,sl 3160.55
2025.05.16 15:26:07,2354,XAUUSD,sell,in,0.02,3175.30,2357,-0.07,0.00,0.00,3 020.02,
2025.05.16 15:27:29,2355,XAUUSD,buy,out,0.02,3172.29,2358,-0.07,0.00,6.02,3 025.97,sl 3172.26
2025.05.16 15:50:15,2356,XAUUSD,sell,in,0.02,3179.10,2359,-0.07,0.00,0.00,3 025.90,
2025.05.16 15:51:48,2357,XAUUSD,buy,out,0.02,3177.32,2360,-0.07,0.00,3.56,3 029.39,sl 3177.29
2025.05.16 16:14:18,2358,XAUUSD,sell,in,0.02,3177.54,2361,-0.07,0.00,0.00,3 029.32,
2025.05.16 16:15:40,2359,XAUUSD,buy,out,0.02,3177.00,2362,-0.07,0.00,1.08,3 030.33,sl 3176.98
2025.05.16 16:38:24,2360,XAUUSD,sell,in,0.02,3181.20,2363,-0.07,0.00,0.00,3 030.26,
2025.05.16 16:40:25,2361,XAUUSD,buy,out,0.02,3180.56,2364,-0.07,0.00,1.28,3 031.47,sl 3180.56
2025.05.16 17:02:24,2362,XAUUSD,sell,in,0.02,3182.54,2365,-0.07,0.00,0.00,3 031.40,
2025.05.16 17:02:34,2363,XAUUSD,buy,out,0.02,3182.53,2366,-0.07,0.00,0.02,3 031.35,sl 3182.51
2025.05.16 17:26:25,2364,XAUUSD,sell,in,0.02,3175.73,2368,-0.07,0.00,0.00,3 031.28,
2025.05.16 17:27:04,2365,XAUUSD,buy,out,0.02,3175.72,2369,-0.07,0.00,0.02,3 031.23,sl 3175.72
2025.05.16 17:50:26,2366,XAUUSD,sell,in,0.02,3174.75,2370,-0.07,0.00,0.00,3 031.16,
2025.05.16 17:50:52,2367,XAUUSD,buy,out,0.02,3173.79,2371,-0.07,0.00,1.92,3 033.01,sl 3173.77
2025.05.16 18:14:27,2368,XAUUSD,sell,in,0.02,3176.67,2372,-0.07,0.00,0.00,3 032.94,
2025.05.16 18:16:45,2369,XAUUSD,buy,out,0.02,3176.66,2373,-0.07,0.00,0.02,3 032.89,sl 3176.64
2025.05.16 18:38:44,2370,XAUUSD,sell,in,0.02,3181.28,2374,-0.07,0.00,0.00,3 032.82,
2025.05.16 18:39:25,2371,XAUUSD,buy,out,0.02,3181.29,2375,-0.07,0.00,-0.02,3 032.73,sl 3181.27
2025.05.16 19:10:56,2372,XAUUSD,sell,in,0.02,3181.64,2376,-0.07,0.00,0.00,3 032.66,
2025.05.16 20:49:00,2373,XAUUSD,buy,in,0.02,3188.38,2377,-0.07,0.00,0.00,3 032.59,
2025.05.16 20:50:51,2374,XAUUSD,sell,out,0.02,3188.43,2378,-0.07,0.00,0.10,3 032.62,sl 3188.44
2025.05.19 01:18:03,2375,XAUUSD,buy,in,0.02,3226.58,2379,-0.07,0.00,0.00,3 032.55,
2025.05.19 01:18:30,2376,XAUUSD,sell,out,0.02,3228.65,2380,-0.07,0.00,4.14,3 036.62,sl 3228.65
2025.05.19 01:36:20,2377,XAUUSD,buy,in,0.02,3232.37,2381,-0.07,0.00,0.00,3 036.55,
2025.05.19 01:37:25,2378,XAUUSD,sell,out,0.02,3233.58,2382,-0.07,0.00,2.42,3 038.90,sl 3233.58
2025.05.19 01:54:11,2379,XAUUSD,buy,in,0.02,3240.29,2383,-0.07,0.00,0.00,3 038.83,
2025.05.19 02:02:38,2380,XAUUSD,sell,out,0.02,3240.45,2384,-0.07,0.00,0.32,3 039.08,sl 3240.45
2025.05.19 06:49:16,2381,XAUUSD,buy,out,0.02,3210.66,2385,-0.07,0.81,-58.04,2 981.78,
2025.05.19 11:46:22,2382,XAUUSD,buy,in,0.02,3239.10,2386,-0.07,0.00,0.00,2 981.71,
2025.05.19 11:47:16,2383,XAUUSD,sell,out,0.02,3239.12,2387,-0.07,0.00,0.04,2 981.68,sl 3239.12
2025.05.19 12:10:26,2384,XAUUSD,buy,in,0.02,3243.99,2388,-0.07,0.00,0.00,2 981.61,
2025.05.19 13:48:31,2385,XAUUSD,sell,in,0.02,3241.63,2389,-0.07,0.00,0.00,2 981.54,
2025.05.19 13:49:56,2386,XAUUSD,buy,out,0.02,3241.02,2390,-0.07,0.00,1.22,2 982.69,sl 3240.98
2025.05.19 13:54:47,2387,XAUUSD,sell,out,0.02,3244.13,2391,-0.07,0.00,0.28,2 982.90,sl 3244.15
2025.05.20 15:35:10,2388,XAUUSD,buy,in,0.02,3246.76,2392,-0.07,0.00,0.00,2 982.83,
2025.05.20 15:35:16,2389,XAUUSD,sell,out,0.02,3246.78,2393,-0.07,0.00,0.04,2 982.80,sl 3246.78
2025.05.20 16:51:06,2390,XAUUSD,buy,in,0.02,3249.54,2394,-0.07,0.00,0.00,2 982.73,
2025.05.20 16:58:23,2391,XAUUSD,sell,out,0.02,3256.02,2395,-0.07,0.00,12.96,2 995.62,sl 3256.09
2025.05.20 17:15:08,2392,XAUUSD,buy,in,0.02,3279.37,2396,-0.07,0.00,0.00,2 995.55,
2025.05.20 17:16:18,2393,XAUUSD,sell,out,0.02,3279.85,2397,-0.07,0.00,0.96,2 996.44,sl 3279.90
2025.05.20 17:39:15,2394,XAUUSD,buy,in,0.02,3280.53,2398,-0.07,0.00,0.00,2 996.37,
2025.05.20 17:41:04,2395,XAUUSD,sell,out,0.02,3284.32,2399,-0.07,0.00,7.58,3 003.88,sl 3284.35
2025.05.20 18:03:16,2396,XAUUSD,buy,in,0.02,3280.95,2400,-0.07,0.00,0.00,3 003.81,
2025.05.20 18:03:17,2397,XAUUSD,sell,out,0.02,3281.21,2401,-0.07,0.00,0.52,3 004.26,sl 3281.21
2025.05.20 18:27:30,2398,XAUUSD,buy,in,0.02,3280.92,2402,-0.07,0.00,0.00,3 004.19,
2025.05.20 18:45:48,2399,XAUUSD,sell,out,0.02,3281.13,2403,-0.07,0.00,0.42,3 004.54,sl 3281.13
2025.05.20 18:51:34,2400,XAUUSD,buy,in,0.02,3278.07,2404,-0.07,0.00,0.00,3 004.47,
2025.05.20 18:52:25,2401,XAUUSD,sell,out,0.02,3278.28,2405,-0.07,0.00,0.42,3 004.82,sl 3278.31
2025.05.20 19:15:36,2402,XAUUSD,buy,in,0.02,3281.69,2406,-0.07,0.00,0.00,3 004.75,
2025.05.20 19:16:00,2403,XAUUSD,sell,out,0.02,3281.80,2407,-0.07,0.00,0.22,3 004.90,sl 3281.80
2025.05.20 19:39:36,2404,XAUUSD,buy,in,0.02,3275.86,2408,-0.07,0.00,0.00,3 004.83,
2025.05.20 19:43:04,2405,XAUUSD,sell,out,0.02,3278.72,2409,-0.07,0.00,5.72,3 010.48,sl 3278.73
2025.05.20 20:03:37,2406,XAUUSD,buy,in,0.02,3278.96,2410,-0.07,0.00,0.00,3 010.41,
2025.05.20 20:05:26,2407,XAUUSD,sell,out,0.02,3279.71,2411,-0.07,0.00,1.50,3 011.84,sl 3279.75
2025.05.20 20:27:41,2408,XAUUSD,buy,in,0.02,3281.81,2412,-0.07,0.00,0.00,3 011.77,
2025.05.20 20:29:53,2409,XAUUSD,sell,out,0.02,3282.16,2413,-0.07,0.00,0.70,3 012.40,sl 3282.16
2025.05.20 20:51:59,2410,XAUUSD,buy,in,0.02,3286.14,2414,-0.07,0.00,0.00,3 012.33,
2025.05.20 20:53:05,2411,XAUUSD,sell,out,0.02,3286.60,2415,-0.07,0.00,0.92,3 013.18,sl 3286.60
2025.05.20 21:16:05,2412,XAUUSD,buy,in,0.02,3286.15,2416,-0.07,0.00,0.00,3 013.11,
2025.05.20 21:22:19,2413,XAUUSD,sell,out,0.02,3286.50,2417,-0.07,0.00,0.70,3 013.74,sl 3286.64
2025.05.20 21:40:05,2414,XAUUSD,buy,in,0.02,3287.06,2419,-0.07,0.00,0.00,3 013.67,
2025.05.20 21:44:16,2415,XAUUSD,sell,out,0.02,3288.18,2420,-0.07,0.00,2.24,3 015.84,sl 3288.18
2025.05.20 22:04:05,2416,XAUUSD,buy,in,0.02,3288.12,2421,-0.07,0.00,0.00,3 015.77,
2025.05.20 22:13:55,2417,XAUUSD,sell,out,0.02,3288.29,2422,-0.07,0.00,0.34,3 016.04,sl 3288.29
2025.05.20 22:28:11,2418,XAUUSD,buy,in,0.02,3289.10,2423,-0.07,0.00,0.00,3 015.97,
2025.05.20 22:30:04,2419,XAUUSD,sell,out,0.02,3289.62,2424,-0.07,0.00,1.04,3 016.94,sl 3289.63
2025.05.20 22:52:17,2420,XAUUSD,buy,in,0.02,3292.51,2425,-0.07,0.00,0.00,3 016.87,
2025.05.20 22:53:40,2421,XAUUSD,sell,out,0.02,3292.90,2426,-0.07,0.00,0.78,3 017.58,sl 3292.91
2025.05.20 23:16:20,2422,XAUUSD,buy,in,0.02,3295.30,2427,-0.07,0.00,0.00,3 017.51,
2025.05.21 01:09:24,2423,XAUUSD,sell,out,0.02,3298.74,2428,-0.07,-1.14,6.88,3 023.18,sl 3298.75
2025.05.23 08:25:16,2424,XAUUSD,buy,in,0.02,3321.47,2429,-0.07,0.00,0.00,3 023.11,
2025.05.23 08:50:24,2425,XAUUSD,sell,out,0.02,3321.47,2430,-0.07,0.00,0.00,3 023.04,sl 3321.49
2025.05.23 08:50:34,2426,XAUUSD,buy,in,0.02,3321.43,2431,-0.07,0.00,0.00,3 022.97,
2025.05.23 08:51:19,2427,XAUUSD,sell,out,0.02,3322.19,2432,-0.07,0.00,1.52,3 024.42,sl 3322.19
2025.05.23 09:14:43,2428,XAUUSD,buy,in,0.02,3328.61,2433,-0.07,0.00,0.00,3 024.35,
2025.05.23 09:15:49,2429,XAUUSD,sell,out,0.02,3328.76,2434,-0.07,0.00,0.30,3 024.58,sl 3328.79
2025.05.23 09:38:48,2430,XAUUSD,buy,in,0.02,3326.30,2435,-0.07,0.00,0.00,3 024.51,
2025.05.23 09:42:58,2431,XAUUSD,sell,out,0.02,3327.59,2436,-0.07,0.00,2.58,3 027.02,sl 3327.59
2025.05.23 10:02:56,2432,XAUUSD,buy,in,0.02,3331.12,2437,-0.07,0.00,0.00,3 026.95,
2025.05.23 10:22:42,2433,XAUUSD,sell,out,0.02,3331.66,2438,-0.07,0.00,1.08,3 027.96,sl 3331.71
2025.05.23 10:27:03,2434,XAUUSD,buy,in,0.02,3330.91,2439,-0.07,0.00,0.00,3 027.89,
2025.05.23 10:44:59,2435,XAUUSD,sell,out,0.02,3331.09,2440,-0.07,0.00,0.36,3 028.18,sl 3331.17
2025.05.23 10:51:04,2436,XAUUSD,buy,in,0.02,3332.98,2441,-0.07,0.00,0.00,3 028.11,
2025.05.23 12:29:09,2437,XAUUSD,sell,in,0.02,3331.81,2442,-0.07,0.00,0.00,3 028.04,
2025.05.23 12:29:51,2438,XAUUSD,sell,out,0.02,3333.50,2443,-0.07,0.00,1.04,3 029.01,sl 3333.51
2025.05.23 12:31:09,2439,XAUUSD,buy,out,0.02,3330.96,2444,-0.07,0.00,1.70,3 030.64,sl 3330.89
2025.05.27 10:51:15,2440,XAUUSD,sell,in,0.02,3300.54,2445,-0.07,0.00,0.00,3 030.57,
2025.05.27 10:51:32,2441,XAUUSD,buy,out,0.02,3300.63,2446,-0.07,0.00,-0.18,3 030.32,sl 3300.53
2025.05.27 11:35:03,2442,XAUUSD,sell,in,0.02,3299.41,2447,-0.07,0.00,0.00,3 030.25,
2025.05.27 11:42:56,2443,XAUUSD,buy,out,0.02,3299.65,2448,-0.07,0.00,-0.48,3 029.70,sl 3299.37
2025.05.27 11:59:09,2444,XAUUSD,sell,in,0.02,3299.21,2449,-0.07,0.00,0.00,3 029.63,
2025.05.27 12:00:22,2445,XAUUSD,buy,out,0.02,3298.70,2450,-0.07,0.00,1.02,3 030.58,sl 3298.69
2025.05.27 12:30:40,2446,XAUUSD,sell,in,0.02,3299.32,2451,-0.07,0.00,0.00,3 030.51,
2025.05.27 12:32:17,2447,XAUUSD,buy,out,0.02,3297.91,2452,-0.07,0.00,2.82,3 033.26,sl 3297.85
2025.05.27 12:54:42,2448,XAUUSD,sell,in,0.02,3298.38,2453,-0.07,0.00,0.00,3 033.19,
2025.05.27 12:55:05,2449,XAUUSD,buy,out,0.02,3298.32,2454,-0.07,0.00,0.12,3 033.24,sl 3298.32
2025.05.27 13:18:43,2450,XAUUSD,sell,in,0.02,3294.63,2455,-0.07,0.00,0.00,3 033.17,
2025.05.27 13:30:30,2451,XAUUSD,buy,out,0.02,3294.18,2456,-0.07,0.00,0.90,3 034.00,sl 3294.14
2025.05.27 13:42:48,2452,XAUUSD,sell,in,0.02,3295.90,2457,-0.07,0.00,0.00,3 033.93,
2025.05.27 13:51:39,2453,XAUUSD,buy,out,0.02,3295.95,2458,-0.07,0.00,-0.10,3 033.76,sl 3295.87
2025.05.27 14:06:56,2454,XAUUSD,sell,in,0.02,3294.92,2459,-0.07,0.00,0.00,3 033.69,
2025.05.27 14:07:47,2455,XAUUSD,buy,out,0.02,3294.84,2460,-0.07,0.00,0.16,3 033.78,sl 3294.83
2025.05.27 14:30:58,2456,XAUUSD,sell,in,0.02,3291.98,2461,-0.07,0.00,0.00,3 033.71,
2025.05.27 14:35:18,2457,XAUUSD,buy,out,0.02,3291.07,2462,-0.07,0.00,1.82,3 035.46,sl 3291.07
2025.05.27 14:55:07,2458,XAUUSD,sell,in,0.02,3290.25,2463,-0.07,0.00,0.00,3 035.39,
2025.05.27 14:56:34,2459,XAUUSD,buy,out,0.02,3289.81,2464,-0.07,0.00,0.88,3 036.20,sl 3289.74
2025.05.27 15:19:10,2460,XAUUSD,sell,in,0.02,3295.62,2465,-0.07,0.00,0.00,3 036.13,
2025.05.27 15:21:05,2461,XAUUSD,buy,out,0.02,3295.52,2466,-0.07,0.00,0.20,3 036.26,sl 3295.51
2025.05.27 15:43:12,2462,XAUUSD,sell,in,0.02,3292.80,2467,-0.07,0.00,0.00,3 036.19,
2025.05.27 15:55:54,2463,XAUUSD,buy,out,0.02,3292.79,2468,-0.07,0.00,0.02,3 036.14,sl 3292.79
2025.05.27 16:21:10,2464,XAUUSD,sell,in,0.02,3294.97,2469,-0.07,0.00,0.00,3 036.07,
2025.05.27 16:56:17,2465,XAUUSD,buy,out,0.02,3294.42,2470,-0.07,0.00,1.10,3 037.10,sl 3294.41
2025.05.27 16:56:17,2466,XAUUSD,sell,in,0.02,3294.34,2471,-0.07,0.00,0.00,3 037.03,
2025.05.27 16:56:43,2467,XAUUSD,buy,out,0.02,3293.11,2472,-0.07,0.00,2.46,3 039.42,sl 3293.10
2025.05.27 18:33:52,2468,XAUUSD,sell,in,0.02,3293.64,2473,-0.07,0.00,0.00,3 039.35,
2025.05.27 18:39:15,2469,XAUUSD,buy,out,0.02,3290.54,2474,-0.07,0.00,6.20,3 045.48,sl 3290.53
2025.05.27 18:57:53,2470,XAUUSD,sell,in,0.02,3293.48,2475,-0.07,0.00,0.00,3 045.41,
2025.05.27 20:36:02,2471,XAUUSD,buy,in,0.02,3301.21,2476,-0.07,0.00,0.00,3 045.34,
2025.05.27 20:36:49,2472,XAUUSD,sell,out,0.02,3301.25,2477,-0.07,0.00,0.08,3 045.35,sl 3301.25
2025.05.28 06:28:36,2473,XAUUSD,buy,out,0.02,3292.54,2478,-0.07,0.81,1.88,3 047.97,sl 3292.51
2025.05.28 23:51:30,2474,XAUUSD,sell,in,0.02,3278.17,2479,-0.07,0.00,0.00,3 047.90,
2025.05.28 23:51:57,2475,XAUUSD,buy,out,0.02,3278.10,2480,-0.07,0.00,0.14,3 047.97,sl 3278.10
2025.05.29 01:23:01,2476,XAUUSD,sell,in,0.02,3284.44,2481,-0.07,0.00,0.00,3 047.90,
2025.05.29 01:23:03,2477,XAUUSD,buy,out,0.02,3284.22,2482,-0.07,0.00,0.44,3 048.27,sl 3284.09
2025.05.29 02:04:35,2478,XAUUSD,sell,in,0.02,3282.42,2483,-0.07,0.00,0.00,3 048.20,
2025.05.29 02:05:52,2479,XAUUSD,buy,out,0.02,3281.92,2484,-0.07,0.00,1.00,3 049.13,sl 3281.76
2025.05.29 02:28:38,2480,XAUUSD,sell,in,0.02,3264.94,2485,-0.07,0.00,0.00,3 049.06,
2025.05.29 02:29:08,2481,XAUUSD,buy,out,0.02,3264.96,2486,-0.07,0.00,-0.04,3 048.95,sl 3264.88
2025.05.29 02:52:37,2482,XAUUSD,sell,in,0.02,3260.52,2487,-0.07,0.00,0.00,3 048.88,
2025.05.29 02:55:58,2483,XAUUSD,buy,out,0.02,3260.53,2488,-0.07,0.00,-0.02,3 048.79,sl 3260.50
2025.05.29 03:16:44,2484,XAUUSD,sell,in,0.02,3256.62,2489,-0.07,0.00,0.00,3 048.72,
2025.05.29 03:17:20,2485,XAUUSD,buy,out,0.02,3255.02,2490,-0.07,0.00,3.20,3 051.85,sl 3255.02
2025.05.29 03:40:48,2486,XAUUSD,sell,in,0.02,3265.06,2491,-0.07,0.00,0.00,3 051.78,
2025.05.29 03:41:19,2487,XAUUSD,buy,out,0.02,3264.70,2492,-0.07,0.00,0.72,3 052.43,sl 3264.51
2025.05.29 04:05:01,2488,XAUUSD,sell,in,0.02,3255.39,2493,-0.07,0.00,0.00,3 052.36,
2025.05.29 04:05:17,2489,XAUUSD,buy,out,0.02,3253.82,2494,-0.07,0.00,3.14,3 055.43,sl 3253.79
2025.05.29 04:29:01,2490,XAUUSD,sell,in,0.02,3255.91,2495,-0.07,0.00,0.00,3 055.36,
2025.05.29 04:33:13,2491,XAUUSD,buy,out,0.02,3253.07,2496,-0.07,0.00,5.68,3 060.97,sl 3253.07
2025.05.29 04:53:09,2492,XAUUSD,sell,in,0.02,3262.73,2497,-0.07,0.00,0.00,3 060.90,
2025.05.29 04:56:33,2493,XAUUSD,buy,out,0.02,3262.08,2498,-0.07,0.00,1.30,3 062.13,sl 3262.02
2025.05.29 05:17:13,2494,XAUUSD,sell,in,0.02,3264.22,2499,-0.07,0.00,0.00,3 062.06,
2025.05.29 05:17:48,2495,XAUUSD,buy,out,0.02,3264.24,2500,-0.07,0.00,-0.04,3 061.95,sl 3264.18
2025.05.29 05:41:21,2496,XAUUSD,sell,in,0.02,3268.32,2501,-0.07,0.00,0.00,3 061.88,
2025.05.29 05:42:28,2497,XAUUSD,buy,out,0.02,3268.30,2502,-0.07,0.00,0.04,3 061.85,sl 3268.23
2025.05.29 06:05:29,2498,XAUUSD,sell,in,0.02,3271.91,2503,-0.07,0.00,0.00,3 061.78,
2025.05.29 06:06:26,2499,XAUUSD,buy,out,0.02,3271.02,2504,-0.07,0.00,1.78,3 063.49,sl 3271.02
2025.05.29 06:29:36,2500,XAUUSD,sell,in,0.02,3274.96,2505,-0.07,0.00,0.00,3 063.42,
2025.05.29 06:30:34,2501,XAUUSD,buy,out,0.02,3274.89,2506,-0.07,0.00,0.14,3 063.49,sl 3274.82
2025.05.29 06:53:40,2502,XAUUSD,sell,in,0.02,3276.69,2507,-0.07,0.00,0.00,3 063.42,
2025.05.29 06:54:50,2503,XAUUSD,buy,out,0.02,3275.69,2508,-0.07,0.00,2.00,3 065.35,sl 3275.69
2025.05.29 07:17:43,2504,XAUUSD,sell,in,0.02,3273.20,2509,-0.07,0.00,0.00,3 065.28,
2025.05.29 07:37:26,2505,XAUUSD,buy,out,0.02,3272.71,2510,-0.07,0.00,0.98,3 066.19,sl 3272.67
2025.05.29 07:41:49,2506,XAUUSD,sell,in,0.02,3274.07,2511,-0.07,0.00,0.00,3 066.12,
2025.05.29 07:43:53,2507,XAUUSD,buy,out,0.02,3273.33,2512,-0.07,0.00,1.48,3 067.53,sl 3273.20
2025.05.29 08:05:57,2508,XAUUSD,sell,in,0.02,3270.13,2513,-0.07,0.00,0.00,3 067.46,
2025.05.29 08:10:27,2509,XAUUSD,buy,out,0.02,3269.15,2514,-0.07,0.00,1.96,3 069.35,sl 3269.13
2025.05.29 08:29:58,2510,XAUUSD,sell,in,0.02,3271.51,2515,-0.07,0.00,0.00,3 069.28,
2025.05.29 08:30:48,2511,XAUUSD,buy,out,0.02,3270.84,2516,-0.07,0.00,1.34,3 070.55,sl 3270.84
2025.05.29 08:54:01,2512,XAUUSD,sell,in,0.02,3268.90,2517,-0.07,0.00,0.00,3 070.48,
2025.05.29 09:13:02,2513,XAUUSD,buy,out,0.02,3268.85,2518,-0.07,0.00,0.10,3 070.51,sl 3268.79
2025.05.29 09:18:08,2514,XAUUSD,sell,in,0.02,3270.54,2519,-0.07,0.00,0.00,3 070.44,
2025.05.29 10:56:13,2515,XAUUSD,buy,in,0.02,3284.91,2520,-0.07,0.00,0.00,3 070.37,
2025.05.29 10:58:26,2516,XAUUSD,sell,out,0.02,3286.66,2521,-0.07,0.00,3.50,3 073.80,sl 3286.69
2025.05.29 13:29:04,2517,XAUUSD,buy,out,0.02,3299.54,2522,-0.07,0.00,-58.00,3 015.73,
2025.05.29 19:14:56,2518,XAUUSD,buy,in,0.02,3329.01,2523,-0.07,0.00,0.00,3 015.66,
2025.05.29 19:15:06,2519,XAUUSD,sell,out,0.02,3329.01,2524,-0.07,0.00,0.00,3 015.59,sl 3329.04
2025.05.30 17:00:18,2520,XAUUSD,sell,in,0.02,3274.72,2525,-0.07,0.00,0.00,3 015.52,
2025.05.30 17:00:31,2521,XAUUSD,buy,out,0.02,3274.76,2526,-0.07,0.00,-0.08,3 015.37,sl 3274.71
2025.05.30 17:40:33,2522,XAUUSD,sell,in,0.02,3274.31,2527,-0.07,0.00,0.00,3 015.30,
2025.05.30 17:41:13,2523,XAUUSD,buy,out,0.02,3274.26,2528,-0.07,0.00,0.10,3 015.33,sl 3274.25
2025.06.02 09:18:15,2524,XAUUSD,buy,in,0.02,3330.41,2529,-0.07,0.00,0.00,3 015.26,
2025.06.02 09:19:33,2525,XAUUSD,sell,out,0.02,3332.60,2530,-0.07,0.00,4.38,3 019.57,sl 3332.65
2025.06.02 09:42:16,2526,XAUUSD,buy,in,0.02,3342.33,2531,-0.07,0.00,0.00,3 019.50,
2025.06.02 09:43:17,2527,XAUUSD,sell,out,0.02,3343.05,2532,-0.07,0.00,1.44,3 020.87,sl 3343.06
2025.06.02 10:06:15,2528,XAUUSD,buy,in,0.02,3347.65,2533,-0.07,0.00,0.00,3 020.80,
2025.06.02 10:06:48,2529,XAUUSD,sell,out,0.02,3347.83,2534,-0.07,0.00,0.36,3 021.09,sl 3347.83
2025.06.02 10:30:18,2530,XAUUSD,buy,in,0.02,3354.85,2535,-0.07,0.00,0.00,3 021.02,
2025.06.02 10:30:34,2531,XAUUSD,sell,out,0.02,3354.82,2536,-0.07,0.00,-0.06,3 020.89,sl 3354.89
2025.06.02 10:54:22,2532,XAUUSD,buy,in,0.02,3352.23,2537,-0.07,0.00,0.00,3 020.82,
2025.06.02 10:56:46,2533,XAUUSD,sell,out,0.02,3352.35,2538,-0.07,0.00,0.24,3 020.99,sl 3352.35
2025.06.02 11:18:21,2534,XAUUSD,buy,in,0.02,3352.96,2539,-0.07,0.00,0.00,3 020.92,
2025.06.02 11:20:23,2535,XAUUSD,sell,out,0.02,3353.04,2540,-0.07,0.00,0.16,3 021.01,sl 3353.07
2025.06.02 11:42:36,2536,XAUUSD,buy,in,0.02,3354.00,2541,-0.07,0.00,0.00,3 020.94,
2025.06.02 11:47:00,2537,XAUUSD,sell,out,0.02,3354.31,2542,-0.07,0.00,0.62,3 021.49,sl 3354.31
2025.06.02 12:06:39,2538,XAUUSD,buy,in,0.02,3351.71,2543,-0.07,0.00,0.00,3 021.42,
2025.06.02 13:44:50,2539,XAUUSD,sell,in,0.02,3345.53,2544,-0.07,0.00,0.00,3 021.35,
2025.06.02 13:46:16,2540,XAUUSD,buy,out,0.02,3345.70,2545,-0.07,0.00,-0.34,3 020.94,sl 3345.48
2025.06.02 14:23:23,2541,XAUUSD,sell,out,0.02,3352.47,2546,-0.07,0.00,1.52,3 022.39,sl 3352.47
2025.06.04 04:58:33,2542,XAUUSD,buy,in,0.02,3372.32,2547,-0.07,0.00,0.00,3 022.32,
2025.06.04 06:36:34,2543,XAUUSD,sell,in,0.02,3361.78,2548,-0.07,0.00,0.00,3 022.25,
2025.06.04 06:38:19,2544,XAUUSD,buy,out,0.02,3361.62,2549,-0.07,0.00,0.32,3 022.50,sl 3361.54
2025.06.04 13:52:02,2545,XAUUSD,sell,out,0.02,3347.36,2550,-0.07,0.00,-49.92,2 972.51,
2025.06.04 17:38:02,2546,XAUUSD,buy,in,0.02,3376.17,2551,-0.07,0.00,0.00,2 972.44,
2025.06.04 17:38:39,2547,XAUUSD,sell,out,0.02,3378.15,2552,-0.07,0.00,3.96,2 976.33,sl 3378.15
2025.06.04 18:02:04,2548,XAUUSD,buy,in,0.02,3377.41,2553,-0.07,0.00,0.00,2 976.26,
2025.06.04 19:40:09,2549,XAUUSD,sell,in,0.02,3373.87,2554,-0.07,0.00,0.00,2 976.19,
2025.06.04 19:42:30,2550,XAUUSD,buy,out,0.02,3373.59,2555,-0.07,0.00,0.56,2 976.68,sl 3373.57
2025.06.04 20:32:42,2551,XAUUSD,sell,out,0.02,3377.38,2556,-0.07,0.00,-0.06,2 976.55,sl 3377.46
2025.06.06 17:16:25,2552,XAUUSD,sell,in,0.02,3331.50,2557,-0.07,0.00,0.00,2 976.48,
2025.06.06 17:16:49,2553,XAUUSD,buy,out,0.02,3328.38,2558,-0.07,0.00,6.24,2 982.65,sl 3328.36
2025.06.06 17:40:25,2554,XAUUSD,sell,in,0.02,3331.45,2559,-0.07,0.00,0.00,2 982.58,
2025.06.06 17:40:43,2555,XAUUSD,buy,out,0.02,3331.45,2560,-0.07,0.00,0.00,2 982.51,sl 3331.43
2025.06.06 18:04:33,2556,XAUUSD,sell,in,0.02,3326.04,2561,-0.07,0.00,0.00,2 982.44,
2025.06.06 18:05:04,2557,XAUUSD,buy,out,0.02,3325.76,2562,-0.07,0.00,0.56,2 982.93,sl 3325.71
2025.06.06 18:28:35,2558,XAUUSD,sell,in,0.02,3331.47,2563,-0.07,0.00,0.00,2 982.86,
2025.06.06 18:29:07,2559,XAUUSD,buy,out,0.02,3331.51,2564,-0.07,0.00,-0.08,2 982.71,sl 3331.46
2025.06.06 18:52:49,2560,XAUUSD,sell,in,0.02,3332.26,2565,-0.07,0.00,0.00,2 982.64,
2025.06.06 19:01:01,2561,XAUUSD,buy,out,0.02,3332.04,2566,-0.07,0.00,0.44,2 983.01,sl 3331.99
2025.06.06 19:16:53,2562,XAUUSD,sell,in,0.02,3330.90,2567,-0.07,0.00,0.00,2 982.94,
2025.06.06 19:21:23,2563,XAUUSD,buy,out,0.02,3329.21,2568,-0.07,0.00,3.38,2 986.25,sl 3329.21
2025.06.06 19:41:01,2564,XAUUSD,sell,in,0.02,3324.20,2569,-0.07,0.00,0.00,2 986.18,
2025.06.06 19:42:31,2565,XAUUSD,buy,out,0.02,3323.16,2570,-0.07,0.00,2.08,2 988.19,sl 3323.15
2025.06.06 20:05:06,2566,XAUUSD,sell,in,0.02,3325.05,2571,-0.07,0.00,0.00,2 988.12,
2025.06.06 20:05:50,2567,XAUUSD,buy,out,0.02,3324.88,2572,-0.07,0.00,0.34,2 988.39,sl 3324.88
2025.06.06 20:29:05,2568,XAUUSD,sell,in,0.02,3324.13,2573,-0.07,0.00,0.00,2 988.32,
2025.06.06 20:31:04,2569,XAUUSD,buy,out,0.02,3323.06,2574,-0.07,0.00,2.14,2 990.39,sl 3323.06
2025.06.06 20:53:12,2570,XAUUSD,sell,in,0.02,3323.02,2575,-0.07,0.00,0.00,2 990.32,
2025.06.06 21:04:03,2571,XAUUSD,buy,out,0.02,3321.74,2576,-0.07,0.00,2.56,2 992.81,sl 3321.73
2025.06.06 21:17:14,2572,XAUUSD,sell,in,0.02,3315.87,2577,-0.07,0.00,0.00,2 992.74,
2025.06.06 21:19:50,2573,XAUUSD,buy,out,0.02,3315.10,2578,-0.07,0.00,1.54,2 994.21,sl 3315.08
2025.06.06 21:41:17,2574,XAUUSD,sell,in,0.02,3319.36,2579,-0.07,0.00,0.00,2 994.14,
2025.06.06 21:46:39,2575,XAUUSD,buy,out,0.02,3319.09,2580,-0.07,0.00,0.54,2 994.61,sl 3319.09
2025.06.06 22:05:16,2576,XAUUSD,sell,in,0.02,3317.24,2581,-0.07,0.00,0.00,2 994.54,
2025.06.06 22:09:20,2577,XAUUSD,buy,out,0.02,3316.96,2582,-0.07,0.00,0.56,2 995.03,sl 3316.92
2025.06.06 22:29:22,2578,XAUUSD,sell,in,0.02,3314.22,2583,-0.07,0.00,0.00,2 994.96,
2025.06.06 22:33:30,2579,XAUUSD,buy,out,0.02,3313.53,2584,-0.07,0.00,1.38,2 996.27,sl 3313.53
2025.06.06 22:53:28,2580,XAUUSD,sell,in,0.02,3314.05,2585,-0.07,0.00,0.00,2 996.20,
2025.06.06 22:56:08,2581,XAUUSD,buy,out,0.02,3313.13,2586,-0.07,0.00,1.84,2 997.97,sl 3313.13
2025.06.06 23:17:29,2582,XAUUSD,sell,in,0.02,3309.65,2587,-0.07,0.00,0.00,2 997.90,
2025.06.06 23:18:58,2583,XAUUSD,buy,out,0.02,3309.30,2588,-0.07,0.00,0.70,2 998.53,sl 3309.29
2025.06.06 23:41:31,2584,XAUUSD,sell,in,0.02,3312.46,2589,-0.07,0.00,0.00,2 998.46,
2025.06.06 23:43:07,2585,XAUUSD,buy,out,0.02,3312.08,2590,-0.07,0.00,0.76,2 999.15,sl 3312.04
2025.06.09 01:02:01,2586,XAUUSD,sell,in,0.02,3318.06,2591,-0.07,0.00,0.00,2 999.08,
2025.06.09 01:02:16,2587,XAUUSD,buy,out,0.02,3317.99,2592,-0.07,0.00,0.14,2 999.15,sl 3317.87
2025.06.09 01:26:12,2588,XAUUSD,sell,in,0.02,3317.94,2593,-0.07,0.00,0.00,2 999.08,
2025.06.09 01:27:22,2589,XAUUSD,buy,out,0.02,3317.58,2594,-0.07,0.00,0.72,2 999.73,sl 3317.58
2025.06.09 01:50:17,2590,XAUUSD,sell,in,0.02,3312.47,2595,-0.07,0.00,0.00,2 999.66,
2025.06.09 01:53:02,2591,XAUUSD,buy,out,0.02,3310.82,2596,-0.07,0.00,3.30,3 002.89,sl 3310.82
2025.06.09 02:14:23,2592,XAUUSD,sell,in,0.02,3316.85,2597,-0.07,0.00,0.00,3 002.82,
2025.06.09 02:21:43,2593,XAUUSD,buy,out,0.02,3315.91,2598,-0.07,0.00,1.88,3 004.63,sl 3315.70
2025.06.09 02:38:21,2594,XAUUSD,sell,in,0.02,3314.13,2599,-0.07,0.00,0.00,3 004.56,
2025.06.09 02:39:01,2595,XAUUSD,buy,out,0.02,3314.15,2600,-0.07,0.00,-0.04,3 004.45,sl 3314.12
2025.06.09 03:02:23,2596,XAUUSD,sell,in,0.02,3316.74,2601,-0.07,0.00,0.00,3 004.38,
2025.06.09 03:08:08,2597,XAUUSD,buy,out,0.02,3314.06,2602,-0.07,0.00,5.36,3 009.67,sl 3314.06
2025.06.09 03:26:27,2598,XAUUSD,sell,in,0.02,3306.33,2603,-0.07,0.00,0.00,3 009.60,
2025.06.09 03:27:21,2599,XAUUSD,buy,out,0.02,3306.08,2604,-0.07,0.00,0.50,3 010.03,sl 3306.07
2025.06.09 03:50:35,2600,XAUUSD,sell,in,0.02,3301.37,2605,-0.07,0.00,0.00,3 009.96,
2025.06.09 04:56:54,2601,XAUUSD,buy,out,0.02,3300.77,2606,-0.07,0.00,1.20,3 011.09,sl 3300.77
2025.06.09 04:57:01,2602,XAUUSD,sell,in,0.02,3301.04,2607,-0.07,0.00,0.00,3 011.02,
2025.06.09 04:57:54,2603,XAUUSD,buy,out,0.02,3299.00,2608,-0.07,0.00,4.08,3 015.03,sl 3298.96
2025.06.09 05:21:07,2604,XAUUSD,sell,in,0.02,3302.14,2609,-0.07,0.00,0.00,3 014.96,
2025.06.09 05:30:22,2605,XAUUSD,buy,out,0.02,3302.12,2610,-0.07,0.00,0.04,3 014.93,sl 3302.09
2025.06.09 05:45:12,2606,XAUUSD,sell,in,0.02,3302.98,2611,-0.07,0.00,0.00,3 014.86,
2025.06.09 07:23:14,2607,XAUUSD,buy,in,0.02,3312.50,2612,-0.07,0.00,0.00,3 014.79,
2025.06.09 07:24:40,2608,XAUUSD,sell,out,0.02,3312.64,2613,-0.07,0.00,0.28,3 015.00,sl 3312.70
2025.06.09 19:51:07,2609,XAUUSD,buy,out,0.02,3337.41,2614,-0.07,0.00,-68.86,2 946.07,
2025.06.10 04:32:57,2610,XAUUSD,sell,in,0.02,3307.10,2615,-0.07,0.00,0.00,2 946.00,
2025.06.10 04:34:18,2611,XAUUSD,buy,out,0.02,3307.10,2616,-0.07,0.00,0.00,2 945.93,sl 3307.09
2025.06.10 04:57:03,2612,XAUUSD,sell,in,0.02,3307.52,2617,-0.07,0.00,0.00,2 945.86,
2025.06.10 05:00:51,2613,XAUUSD,buy,out,0.02,3305.31,2618,-0.07,0.00,4.42,2 950.21,sl 3305.31
2025.06.10 05:21:09,2614,XAUUSD,sell,in,0.02,3306.62,2619,-0.07,0.00,0.00,2 950.14,
2025.06.10 05:22:15,2615,XAUUSD,buy,out,0.02,3306.17,2620,-0.07,0.00,0.90,2 950.97,sl 3306.16
2025.06.10 05:45:10,2616,XAUUSD,sell,in,0.02,3305.65,2621,-0.07,0.00,0.00,2 950.90,
2025.06.10 05:46:11,2617,XAUUSD,buy,out,0.02,3305.38,2622,-0.07,0.00,0.54,2 951.37,sl 3305.35
2025.06.10 06:11:50,2618,XAUUSD,sell,in,0.02,3305.74,2623,-0.07,0.00,0.00,2 951.30,
2025.06.10 06:16:15,2619,XAUUSD,buy,out,0.02,3305.73,2624,-0.07,0.00,0.02,2 951.25,sl 3305.72
2025.06.10 07:28:46,2620,XAUUSD,sell,in,0.02,3304.97,2625,-0.07,0.00,0.00,2 951.18,
2025.06.10 07:30:02,2621,XAUUSD,buy,out,0.02,3303.78,2626,-0.07,0.00,2.38,2 953.49,sl 3303.72
2025.06.11 15:36:42,2622,XAUUSD,buy,in,0.02,3360.08,2627,-0.07,0.00,0.00,2 953.42,
2025.06.11 15:36:59,2623,XAUUSD,sell,out,0.02,3360.14,2628,-0.07,0.00,0.12,2 953.47,sl 3360.17
2025.06.12 01:13:30,2624,XAUUSD,buy,in,0.02,3361.39,2629,-0.07,0.00,0.00,2 953.40,
2025.06.12 01:18:47,2625,XAUUSD,sell,out,0.02,3363.39,2630,-0.07,0.00,4.00,2 957.33,sl 3363.39
2025.06.12 01:37:29,2626,XAUUSD,buy,in,0.02,3366.88,2631,-0.07,0.00,0.00,2 957.26,
2025.06.12 01:40:01,2627,XAUUSD,sell,out,0.02,3367.22,2632,-0.07,0.00,0.68,2 957.87,sl 3367.29
2025.06.12 02:01:34,2628,XAUUSD,buy,in,0.02,3371.68,2633,-0.07,0.00,0.00,2 957.80,
2025.06.12 02:02:26,2629,XAUUSD,sell,out,0.02,3371.82,2634,-0.07,0.00,0.28,2 958.01,sl 3371.90
2025.06.12 02:25:42,2630,XAUUSD,buy,in,0.02,3366.54,2635,-0.07,0.00,0.00,2 957.94,
2025.06.12 02:34:35,2631,XAUUSD,sell,out,0.02,3366.57,2636,-0.07,0.00,0.06,2 957.93,sl 3366.57
2025.06.12 02:49:49,2632,XAUUSD,buy,in,0.02,3363.23,2637,-0.07,0.00,0.00,2 957.86,
2025.06.12 02:57:45,2633,XAUUSD,sell,out,0.02,3363.95,2638,-0.07,0.00,1.44,2 959.23,sl 3364.02
2025.06.12 03:13:51,2634,XAUUSD,buy,in,0.02,3364.59,2639,-0.07,0.00,0.00,2 959.16,
2025.06.12 03:14:43,2635,XAUUSD,sell,out,0.02,3364.57,2640,-0.07,0.00,-0.04,2 959.05,sl 3364.63
2025.06.12 03:37:52,2636,XAUUSD,buy,in,0.02,3367.47,2641,-0.07,0.00,0.00,2 958.98,
2025.06.12 03:39:15,2637,XAUUSD,sell,out,0.02,3367.71,2642,-0.07,0.00,0.48,2 959.39,sl 3367.76
2025.06.12 04:01:54,2638,XAUUSD,buy,in,0.02,3366.04,2643,-0.07,0.00,0.00,2 959.32,
2025.06.12 04:04:41,2639,XAUUSD,sell,out,0.02,3366.68,2644,-0.07,0.00,1.28,2 960.53,sl 3366.69
2025.06.12 04:25:58,2640,XAUUSD,buy,in,0.02,3373.28,2645,-0.07,0.00,0.00,2 960.46,
2025.06.12 04:26:32,2641,XAUUSD,sell,out,0.02,3373.54,2646,-0.07,0.00,0.52,2 960.91,sl 3373.56
2025.06.12 04:50:07,2642,XAUUSD,buy,in,0.02,3369.89,2647,-0.07,0.00,0.00,2 960.84,
2025.06.12 04:51:43,2643,XAUUSD,sell,out,0.02,3369.92,2648,-0.07,0.00,0.06,2 960.83,sl 3369.96
2025.06.12 05:14:13,2644,XAUUSD,buy,in,0.02,3372.16,2649,-0.07,0.00,0.00,2 960.76,
2025.06.12 05:15:02,2645,XAUUSD,sell,out,0.02,3372.23,2650,-0.07,0.00,0.14,2 960.83,sl 3372.25
2025.06.12 05:38:20,2646,XAUUSD,buy,in,0.02,3375.48,2652,-0.07,0.00,0.00,2 960.76,
2025.06.12 05:40:45,2647,XAUUSD,sell,out,0.02,3376.76,2653,-0.07,0.00,2.56,2 963.25,sl 3376.76
2025.06.12 06:02:18,2648,XAUUSD,buy,in,0.02,3375.17,2654,-0.07,0.00,0.00,2 963.18,
2025.06.12 06:08:25,2649,XAUUSD,sell,out,0.02,3375.13,2655,-0.07,0.00,-0.08,2 963.03,sl 3375.24
2025.06.12 06:26:22,2650,XAUUSD,buy,in,0.02,3374.81,2656,-0.07,0.00,0.00,2 962.96,
2025.06.12 06:36:46,2651,XAUUSD,sell,out,0.02,3375.02,2657,-0.07,0.00,0.42,2 963.31,sl 3375.06
2025.06.12 06:50:26,2652,XAUUSD,buy,in,0.02,3373.91,2658,-0.07,0.00,0.00,2 963.24,
2025.06.12 08:22:59,2653,XAUUSD,sell,out,0.02,3373.97,2659,-0.07,0.00,0.12,2 963.29,sl 3374.02
2025.06.12 08:23:07,2654,XAUUSD,buy,in,0.02,3374.13,2660,-0.07,0.00,0.00,2 963.22,
2025.06.12 08:25:12,2655,XAUUSD,sell,out,0.02,3374.37,2661,-0.07,0.00,0.48,2 963.63,sl 3374.37
2025.06.12 08:47:15,2656,XAUUSD,buy,in,0.02,3374.31,2662,-0.07,0.00,0.00,2 963.56,
2025.06.12 08:50:36,2657,XAUUSD,sell,out,0.02,3374.24,2663,-0.07,0.00,-0.14,2 963.35,sl 3374.37
2025.06.12 09:11:22,2658,XAUUSD,buy,in,0.02,3371.95,2664,-0.07,0.00,0.00,2 963.28,
2025.06.12 09:13:22,2659,XAUUSD,sell,out,0.02,3372.26,2665,-0.07,0.00,0.62,2 963.83,sl 3372.26
2025.06.12 09:35:22,2660,XAUUSD,buy,in,0.02,3370.95,2666,-0.07,0.00,0.00,2 963.76,
2025.06.12 09:36:38,2661,XAUUSD,sell,out,0.02,3371.05,2667,-0.07,0.00,0.20,2 963.89,sl 3371.08
2025.06.12 09:59:29,2662,XAUUSD,buy,in,0.02,3374.91,2668,-0.07,0.00,0.00,2 963.82,
2025.06.12 10:44:05,2663,XAUUSD,sell,out,0.02,3340.25,2669,-0.07,0.00,-69.32,2 894.43,
2025.06.12 13:18:56,2664,XAUUSD,buy,in,0.02,3372.68,2670,-0.07,0.00,0.00,2 894.36,
2025.06.12 13:19:16,2665,XAUUSD,sell,out,0.02,3372.72,2671,-0.07,0.00,0.08,2 894.37,sl 3372.73
2025.06.12 13:43:00,2666,XAUUSD,buy,in,0.02,3382.06,2672,-0.07,0.00,0.00,2 894.30,
2025.06.12 13:43:19,2667,XAUUSD,sell,out,0.02,3382.23,2673,-0.07,0.00,0.34,2 894.57,sl 3382.23
2025.06.12 14:07:04,2668,XAUUSD,buy,in,0.02,3386.15,2674,-0.07,0.00,0.00,2 894.50,
2025.06.12 15:30:49,2669,XAUUSD,sell,out,0.02,3386.17,2675,-0.07,0.00,0.04,2 894.47,sl 3386.17
2025.06.12 15:31:00,2670,XAUUSD,buy,in,0.02,3385.82,2676,-0.07,0.00,0.00,2 894.40,
2025.06.12 15:38:13,2671,XAUUSD,sell,out,0.02,3386.75,2677,-0.07,0.00,1.86,2 896.19,sl 3386.75
2025.06.12 15:55:03,2672,XAUUSD,buy,in,0.02,3388.99,2678,-0.07,0.00,0.00,2 896.12,
2025.06.12 15:55:54,2673,XAUUSD,sell,out,0.02,3389.06,2679,-0.07,0.00,0.14,2 896.19,sl 3389.10
2025.06.12 16:19:05,2674,XAUUSD,buy,in,0.02,3385.68,2680,-0.07,0.00,0.00,2 896.12,
2025.06.12 16:20:03,2675,XAUUSD,sell,out,0.02,3385.73,2681,-0.07,0.00,0.10,2 896.15,sl 3385.73
2025.06.12 16:43:05,2676,XAUUSD,buy,in,0.02,3396.81,2682,-0.07,0.00,0.00,2 896.08,
2025.06.12 16:45:08,2677,XAUUSD,sell,out,0.02,3398.09,2683,-0.07,0.00,2.56,2 898.57,sl 3398.12
2025.06.12 17:07:08,2678,XAUUSD,buy,in,0.02,3390.51,2684,-0.07,0.00,0.00,2 898.50,
2025.06.12 17:07:26,2679,XAUUSD,sell,out,0.02,3391.11,2685,-0.07,0.00,1.20,2 899.63,sl 3391.12
2025.06.12 17:31:15,2680,XAUUSD,buy,in,0.02,3388.24,2686,-0.07,0.00,0.00,2 899.56,
2025.06.12 17:32:22,2681,XAUUSD,sell,out,0.02,3388.26,2687,-0.07,0.00,0.04,2 899.53,sl 3388.27
2025.06.12 17:55:19,2682,XAUUSD,buy,in,0.02,3386.02,2688,-0.07,0.00,0.00,2 899.46,
2025.06.12 17:56:45,2683,XAUUSD,sell,out,0.02,3386.70,2689,-0.07,0.00,1.36,2 900.75,sl 3386.70
2025.06.12 18:19:32,2684,XAUUSD,buy,in,0.02,3381.93,2690,-0.07,0.00,0.00,2 900.68,
2025.06.12 18:20:18,2685,XAUUSD,sell,out,0.02,3383.22,2691,-0.07,0.00,2.58,2 903.19,sl 3383.24
2025.06.12 18:43:32,2686,XAUUSD,buy,in,0.02,3387.98,2692,-0.07,0.00,0.00,2 903.12,
2025.06.12 18:45:15,2687,XAUUSD,sell,out,0.02,3388.01,2693,-0.07,0.00,0.06,2 903.11,sl 3388.01
2025.06.12 19:07:33,2688,XAUUSD,buy,in,0.02,3387.24,2694,-0.07,0.00,0.00,2 903.04,
2025.06.12 19:08:14,2689,XAUUSD,sell,out,0.02,3387.29,2695,-0.07,0.00,0.10,2 903.07,sl 3387.30
2025.06.12 19:31:32,2690,XAUUSD,buy,in,0.02,3388.25,2696,-0.07,0.00,0.00,2 903.00,
2025.06.12 19:32:04,2691,XAUUSD,sell,out,0.02,3390.10,2697,-0.07,0.00,3.70,2 906.63,sl 3390.11
2025.06.12 19:55:39,2692,XAUUSD,buy,in,0.02,3383.27,2698,-0.07,0.00,0.00,2 906.56,
2025.06.12 19:56:36,2693,XAUUSD,sell,out,0.02,3383.28,2699,-0.07,0.00,0.02,2 906.51,sl 3383.29
2025.06.12 20:19:39,2694,XAUUSD,buy,in,0.02,3381.20,2700,-0.07,0.00,0.00,2 906.44,
2025.06.12 20:28:20,2695,XAUUSD,sell,out,0.02,3381.22,2701,-0.07,0.00,0.04,2 906.41,sl 3381.22
2025.06.12 20:43:47,2696,XAUUSD,buy,in,0.02,3382.62,2702,-0.07,0.00,0.00,2 906.34,
2025.06.12 20:51:34,2697,XAUUSD,sell,out,0.02,3384.13,2703,-0.07,0.00,3.02,2 909.29,sl 3384.13
2025.06.12 21:07:53,2698,XAUUSD,buy,in,0.02,3383.39,2704,-0.07,0.00,0.00,2 909.22,
2025.06.12 21:17:57,2699,XAUUSD,sell,out,0.02,3384.49,2705,-0.07,0.00,2.20,2 911.35,sl 3384.50
2025.06.12 21:31:55,2700,XAUUSD,buy,in,0.02,3383.80,2706,-0.07,0.00,0.00,2 911.28,
2025.06.12 21:37:03,2701,XAUUSD,sell,out,0.02,3384.59,2707,-0.07,0.00,1.58,2 912.79,sl 3384.64
2025.06.12 21:56:03,2702,XAUUSD,buy,in,0.02,3385.08,2708,-0.07,0.00,0.00,2 912.72,
2025.06.12 22:00:01,2703,XAUUSD,sell,out,0.02,3385.73,2709,-0.07,0.00,1.30,2 913.95,sl 3385.73
2025.06.12 22:20:05,2704,XAUUSD,buy,in,0.02,3386.53,2710,-0.07,0.00,0.00,2 913.88,
2025.06.12 22:32:05,2705,XAUUSD,sell,out,0.02,3386.57,2711,-0.07,0.00,0.08,2 913.89,sl 3386.58
2025.06.12 22:44:10,2706,XAUUSD,buy,in,0.02,3388.15,2712,-0.07,0.00,0.00,2 913.82,
2025.06.12 22:57:02,2707,XAUUSD,sell,out,0.02,3388.19,2713,-0.07,0.00,0.08,2 913.83,sl 3388.22
2025.06.12 23:08:15,2708,XAUUSD,buy,in,0.02,3388.50,2714,-0.07,0.00,0.00,2 913.76,
2025.06.13 02:49:22,2709,XAUUSD,sell,out,0.02,3389.27,2715,-0.07,-1.14,1.54,2 914.09,sl 3389.29
2025.06.17 17:37:22,2710,XAUUSD,sell,in,0.02,3368.24,2716,-0.07,0.00,0.00,2 914.02,
2025.06.17 17:37:33,2711,XAUUSD,buy,out,0.02,3368.24,2717,-0.07,0.00,0.00,2 913.95,sl 3368.23
2025.06.19 09:03:37,2712,XAUUSD,sell,in,0.02,3357.30,2718,-0.07,0.00,0.00,2 913.88,
2025.06.19 09:08:30,2713,XAUUSD,buy,out,0.02,3355.26,2719,-0.07,0.00,4.08,2 917.89,sl 3355.26
2025.06.19 09:27:45,2714,XAUUSD,sell,in,0.02,3350.46,2720,-0.07,0.00,0.00,2 917.82,
2025.06.19 09:28:30,2715,XAUUSD,buy,out,0.02,3350.43,2721,-0.07,0.00,0.06,2 917.81,sl 3350.41
2025.06.19 09:51:50,2716,XAUUSD,sell,in,0.02,3356.61,2722,-0.07,0.00,0.00,2 917.74,
2025.06.19 09:54:05,2717,XAUUSD,buy,out,0.02,3356.18,2723,-0.07,0.00,0.86,2 918.53,sl 3356.16
2025.06.19 10:15:52,2718,XAUUSD,sell,in,0.02,3356.32,2724,-0.07,0.00,0.00,2 918.46,
2025.06.19 10:16:31,2719,XAUUSD,buy,out,0.02,3356.35,2725,-0.07,0.00,-0.06,2 918.33,sl 3356.31
2025.06.20 06:09:39,2720,XAUUSD,sell,in,0.02,3349.81,2726,-0.07,0.00,0.00,2 918.26,
2025.06.20 06:10:30,2721,XAUUSD,buy,out,0.02,3347.01,2727,-0.07,0.00,5.60,2 923.79,sl 3347.00
2025.06.20 08:30:01,2722,XAUUSD,sell,in,0.02,3348.38,2728,-0.07,0.00,0.00,2 923.72,
2025.06.20 08:30:47,2723,XAUUSD,buy,out,0.02,3347.50,2729,-0.07,0.00,1.76,2 925.41,sl 3347.48
2025.06.20 08:54:02,2724,XAUUSD,sell,in,0.02,3345.83,2730,-0.07,0.00,0.00,2 925.34,
2025.06.20 08:57:40,2725,XAUUSD,buy,out,0.02,3343.61,2731,-0.07,0.00,4.44,2 929.71,sl 3343.60
2025.06.20 09:21:09,2726,XAUUSD,sell,in,0.02,3347.07,2732,-0.07,0.00,0.00,2 929.64,
2025.06.20 09:21:31,2727,XAUUSD,buy,out,0.02,3347.00,2733,-0.07,0.00,0.14,2 929.71,sl 3347.00
2025.06.20 09:45:11,2728,XAUUSD,sell,in,0.02,3341.08,2734,-0.07,0.00,0.00,2 929.64,
2025.06.20 11:23:16,2729,XAUUSD,buy,in,0.02,3349.71,2735,-0.07,0.00,0.00,2 929.57,
2025.06.20 11:33:36,2730,XAUUSD,sell,out,0.02,3350.63,2736,-0.07,0.00,1.84,2 931.34,sl 3350.66
2025.06.20 16:54:50,2731,XAUUSD,buy,out,0.02,3371.12,2737,-0.07,0.00,-60.08,2 871.19,
2025.06.24 02:56:44,2732,XAUUSD,sell,in,0.02,3342.25,2738,-0.07,0.00,0.00,2 871.12,
2025.06.24 03:01:49,2733,XAUUSD,buy,out,0.02,3338.18,2739,-0.07,0.00,8.14,2 879.19,sl 3338.18
2025.06.24 08:25:56,2734,XAUUSD,sell,in,0.02,3338.82,2740,-0.07,0.00,0.00,2 879.12,
2025.06.24 08:29:14,2735,XAUUSD,buy,out,0.02,3338.43,2741,-0.07,0.00,0.78,2 879.83,sl 3338.41
2025.06.24 08:50:03,2736,XAUUSD,sell,in,0.02,3332.24,2742,-0.07,0.00,0.00,2 879.76,
2025.06.24 08:51:01,2737,XAUUSD,buy,out,0.02,3331.37,2743,-0.07,0.00,1.74,2 881.43,sl 3331.34
2025.06.24 09:14:06,2738,XAUUSD,sell,in,0.02,3325.06,2744,-0.07,0.00,0.00,2 881.36,
2025.06.24 09:15:09,2739,XAUUSD,buy,out,0.02,3324.93,2745,-0.07,0.00,0.26,2 881.55,sl 3324.92
2025.06.24 09:38:12,2740,XAUUSD,sell,in,0.02,3317.22,2746,-0.07,0.00,0.00,2 881.48,
2025.06.24 10:12:25,2741,XAUUSD,buy,out,0.02,3317.27,2747,-0.07,0.00,-0.10,2 881.31,sl 3317.21
2025.06.24 10:12:32,2742,XAUUSD,sell,in,0.02,3317.40,2748,-0.07,0.00,0.00,2 881.24,
2025.06.24 11:50:41,2743,XAUUSD,buy,in,0.02,3328.15,2749,-0.07,0.00,0.00,2 881.17,
2025.06.24 12:00:40,2744,XAUUSD,sell,out,0.02,3328.17,2750,-0.07,0.00,0.04,2 881.14,sl 3328.17
2025.06.24 15:13:17,2745,XAUUSD,buy,out,0.02,3316.66,2751,-0.07,0.00,1.48,2 882.55,sl 3316.65
2025.06.27 06:12:27,2746,XAUUSD,sell,in,0.02,3304.81,2752,-0.07,0.00,0.00,2 882.48,
2025.06.27 06:16:00,2747,XAUUSD,buy,out,0.02,3304.09,2753,-0.07,0.00,1.44,2 883.85,sl 3304.08
2025.06.27 06:36:30,2748,XAUUSD,sell,in,0.02,3301.79,2754,-0.07,0.00,0.00,2 883.78,
2025.06.27 06:41:33,2749,XAUUSD,buy,out,0.02,3298.87,2755,-0.07,0.00,5.84,2 889.55,sl 3298.86
2025.06.27 07:00:36,2750,XAUUSD,sell,in,0.02,3293.88,2756,-0.07,0.00,0.00,2 889.48,
2025.06.27 07:01:43,2751,XAUUSD,buy,out,0.02,3292.50,2757,-0.07,0.00,2.76,2 892.17,sl 3292.48
2025.06.27 07:24:38,2752,XAUUSD,sell,in,0.02,3294.65,2758,-0.07,0.00,0.00,2 892.10,
2025.06.27 07:28:18,2753,XAUUSD,buy,out,0.02,3294.64,2759,-0.07,0.00,0.02,2 892.05,sl 3294.61
2025.06.27 07:48:41,2754,XAUUSD,sell,in,0.02,3296.57,2760,-0.07,0.00,0.00,2 891.98,
2025.06.27 07:50:40,2755,XAUUSD,buy,out,0.02,3295.04,2761,-0.07,0.00,3.06,2 894.97,sl 3295.04
2025.06.27 08:12:41,2756,XAUUSD,sell,in,0.02,3290.90,2762,-0.07,0.00,0.00,2 894.90,
2025.06.27 08:13:10,2757,XAUUSD,buy,out,0.02,3290.26,2763,-0.07,0.00,1.28,2 896.11,sl 3290.26
2025.06.27 08:36:45,2758,XAUUSD,sell,in,0.02,3298.68,2764,-0.07,0.00,0.00,2 896.04,
2025.06.27 08:38:22,2759,XAUUSD,buy,out,0.02,3298.52,2765,-0.07,0.00,0.32,2 896.29,sl 3298.51
2025.06.27 09:00:45,2760,XAUUSD,sell,in,0.02,3294.46,2766,-0.07,0.00,0.00,2 896.22,
2025.06.27 09:08:56,2761,XAUUSD,buy,out,0.02,3294.49,2767,-0.07,0.00,-0.06,2 896.09,sl 3294.45
2025.06.27 09:25:01,2762,XAUUSD,sell,in,0.02,3295.98,2768,-0.07,0.00,0.00,2 896.02,
2025.06.27 09:26:41,2763,XAUUSD,buy,out,0.02,3294.37,2769,-0.07,0.00,3.22,2 899.17,sl 3294.36
2025.06.27 09:49:06,2764,XAUUSD,sell,in,0.02,3290.14,2770,-0.07,0.00,0.00,2 899.10,
2025.06.27 09:49:45,2765,XAUUSD,buy,out,0.02,3289.49,2771,-0.07,0.00,1.30,2 900.33,sl 3289.46
2025.06.27 10:13:09,2766,XAUUSD,sell,in,0.02,3287.79,2772,-0.07,0.00,0.00,2 900.26,
2025.06.27 10:13:37,2767,XAUUSD,buy,out,0.02,3287.81,2773,-0.07,0.00,-0.04,2 900.15,sl 3287.78
2025.06.27 10:37:19,2768,XAUUSD,sell,in,0.02,3288.14,2774,-0.07,0.00,0.00,2 900.08,
2025.06.27 10:39:04,2769,XAUUSD,buy,out,0.02,3287.87,2775,-0.07,0.00,0.54,2 900.55,sl 3287.79
2025.06.27 11:01:21,2770,XAUUSD,sell,in,0.02,3285.56,2776,-0.07,0.00,0.00,2 900.48,
2025.06.27 11:03:20,2771,XAUUSD,buy,out,0.02,3285.54,2777,-0.07,0.00,0.04,2 900.45,sl 3285.53
2025.06.27 11:25:24,2772,XAUUSD,sell,in,0.02,3283.51,2778,-0.07,0.00,0.00,2 900.38,
2025.06.27 11:27:21,2773,XAUUSD,buy,out,0.02,3283.55,2779,-0.07,0.00,-0.08,2 900.23,sl 3283.49
2025.06.27 11:49:25,2774,XAUUSD,sell,in,0.02,3289.92,2780,-0.07,0.00,0.00,2 900.16,
2025.06.27 11:49:31,2775,XAUUSD,buy,out,0.02,3289.81,2781,-0.07,0.00,0.22,2 900.31,sl 3289.77
2025.06.27 12:13:26,2776,XAUUSD,sell,in,0.02,3289.26,2782,-0.07,0.00,0.00,2 900.24,
2025.06.27 12:14:32,2777,XAUUSD,buy,out,0.02,3287.57,2783,-0.07,0.00,3.38,2 903.55,sl 3287.57
2025.06.27 12:37:27,2778,XAUUSD,sell,in,0.02,3287.78,2784,-0.07,0.00,0.00,2 903.48,
2025.06.27 12:41:39,2779,XAUUSD,buy,out,0.02,3287.91,2785,-0.07,0.00,-0.26,2 903.15,sl 3287.77
2025.06.27 13:01:31,2780,XAUUSD,sell,in,0.02,3284.91,2786,-0.07,0.00,0.00,2 903.08,
2025.06.27 13:43:57,2781,XAUUSD,buy,out,0.02,3284.33,2787,-0.07,0.00,1.16,2 904.17,sl 3284.30
2025.06.27 13:43:59,2782,XAUUSD,sell,in,0.02,3284.26,2788,-0.07,0.00,0.00,2 904.10,
2025.06.27 13:48:20,2783,XAUUSD,buy,out,0.02,3284.07,2789,-0.07,0.00,0.38,2 904.41,sl 3284.07
2025.06.27 14:08:05,2784,XAUUSD,sell,in,0.02,3286.06,2790,-0.07,0.00,0.00,2 904.34,
2025.06.27 14:11:30,2785,XAUUSD,buy,out,0.02,3284.76,2791,-0.07,0.00,2.60,2 906.87,sl 3284.74
2025.06.27 14:32:08,2786,XAUUSD,sell,in,0.02,3284.08,2792,-0.07,0.00,0.00,2 906.80,
2025.06.27 14:35:45,2787,XAUUSD,buy,out,0.02,3282.76,2793,-0.07,0.00,2.64,2 909.37,sl 3282.72
2025.06.27 14:56:12,2788,XAUUSD,sell,in,0.02,3282.53,2794,-0.07,0.00,0.00,2 909.30,
2025.06.27 14:58:11,2789,XAUUSD,buy,out,0.02,3282.22,2795,-0.07,0.00,0.62,2 909.85,sl 3282.19
2025.06.27 15:20:19,2790,XAUUSD,sell,in,0.02,3275.60,2796,-0.07,0.00,0.00,2 909.78,
2025.06.27 15:35:19,2791,XAUUSD,buy,out,0.02,3275.44,2797,-0.07,0.00,0.32,2 910.03,sl 3275.43
2025.06.27 15:44:19,2792,XAUUSD,sell,in,0.02,3272.92,2798,-0.07,0.00,0.00,2 909.96,
2025.06.27 15:45:20,2793,XAUUSD,buy,out,0.02,3271.00,2799,-0.07,0.00,3.84,2 913.73,sl 3270.96
2025.06.27 16:08:18,2794,XAUUSD,sell,in,0.02,3268.43,2800,-0.07,0.00,0.00,2 913.66,
2025.06.27 16:08:35,2795,XAUUSD,buy,out,0.02,3267.29,2801,-0.07,0.00,2.28,2 915.87,sl 3267.24
2025.06.27 16:32:25,2796,XAUUSD,sell,in,0.02,3259.30,2802,-0.07,0.00,0.00,2 915.80,
2025.06.27 18:10:34,2797,XAUUSD,buy,in,0.02,3273.46,2803,-0.07,0.00,0.00,2 915.73,
2025.06.27 18:11:10,2798,XAUUSD,sell,out,0.02,3274.56,2804,-0.07,0.00,2.20,2 917.86,sl 3274.56
2025.06.30 01:22:41,2799,XAUUSD,buy,out,0.02,3258.60,2805,-0.07,0.81,1.40,2 920.00,sl 3258.60
2025.07.01 08:27:27,2800,XAUUSD,buy,in,0.02,3329.94,2806,-0.07,0.00,0.00,2 919.93,
2025.07.01 08:32:55,2801,XAUUSD,sell,out,0.02,3330.50,2807,-0.07,0.00,1.12,2 920.98,sl 3330.53
2025.07.01 08:58:21,2802,XAUUSD,buy,in,0.02,3329.81,2808,-0.07,0.00,0.00,2 920.91,
2025.07.01 09:03:58,2803,XAUUSD,sell,out,0.02,3329.25,2809,-0.07,0.00,-1.12,2 919.72,sl 3330.04
2025.07.01 09:40:19,2804,XAUUSD,buy,in,0.02,3330.45,2810,-0.07,0.00,0.00,2 919.65,
2025.07.01 09:45:59,2805,XAUUSD,sell,out,0.02,3332.78,2811,-0.07,0.00,4.66,2 924.24,sl 3332.79
2025.07.01 10:04:21,2806,XAUUSD,buy,in,0.02,3331.66,2812,-0.07,0.00,0.00,2 924.17,
2025.07.01 10:07:59,2807,XAUUSD,sell,out,0.02,3332.32,2813,-0.07,0.00,1.32,2 925.42,sl 3332.36
2025.07.01 10:28:27,2808,XAUUSD,buy,in,0.02,3336.58,2814,-0.07,0.00,0.00,2 925.35,
2025.07.01 10:31:03,2809,XAUUSD,sell,out,0.02,3339.28,2815,-0.07,0.00,5.40,2 930.68,sl 3339.30
2025.07.01 10:52:27,2810,XAUUSD,buy,in,0.02,3338.33,2816,-0.07,0.00,0.00,2 930.61,
2025.07.01 10:53:30,2811,XAUUSD,sell,out,0.02,3339.07,2817,-0.07,0.00,1.48,2 932.02,sl 3339.08
2025.07.01 11:16:32,2812,XAUUSD,buy,in,0.02,3338.12,2818,-0.07,0.00,0.00,2 931.95,
2025.07.01 11:18:26,2813,XAUUSD,sell,out,0.02,3339.26,2819,-0.07,0.00,2.28,2 934.16,sl 3339.26
2025.07.01 11:40:40,2814,XAUUSD,buy,in,0.02,3340.90,2820,-0.07,0.00,0.00,2 934.09,
2025.07.01 12:22:24,2815,XAUUSD,sell,out,0.02,3341.29,2821,-0.07,0.00,0.78,2 934.80,sl 3341.32
2025.07.01 12:22:27,2816,XAUUSD,buy,in,0.02,3341.57,2822,-0.07,0.00,0.00,2 934.73,
2025.07.01 12:23:31,2817,XAUUSD,sell,out,0.02,3341.58,2823,-0.07,0.00,0.02,2 934.68,sl 3341.61
2025.07.01 12:46:37,2818,XAUUSD,buy,in,0.02,3346.03,2824,-0.07,0.00,0.00,2 934.61,
2025.07.01 12:51:36,2819,XAUUSD,sell,out,0.02,3346.06,2825,-0.07,0.00,0.06,2 934.60,sl 3346.07
2025.07.01 13:10:43,2820,XAUUSD,buy,in,0.02,3345.60,2826,-0.07,0.00,0.00,2 934.53,
2025.07.01 13:12:54,2821,XAUUSD,sell,out,0.02,3347.65,2827,-0.07,0.00,4.10,2 938.56,sl 3347.66
2025.07.01 13:34:51,2822,XAUUSD,buy,in,0.02,3346.86,2828,-0.07,0.00,0.00,2 938.49,
2025.07.01 13:45:26,2823,XAUUSD,sell,out,0.02,3347.36,2829,-0.07,0.00,1.00,2 939.42,sl 3347.37
2025.07.01 13:58:54,2824,XAUUSD,buy,in,0.02,3349.33,2830,-0.07,0.00,0.00,2 939.35,
2025.07.01 14:04:10,2825,XAUUSD,sell,out,0.02,3349.63,2831,-0.07,0.00,0.60,2 939.88,sl 3349.65
2025.07.01 14:22:56,2826,XAUUSD,buy,in,0.02,3350.21,2832,-0.07,0.00,0.00,2 939.81,
2025.07.01 14:25:39,2827,XAUUSD,sell,out,0.02,3351.49,2833,-0.07,0.00,2.56,2 942.30,sl 3351.52
2025.07.01 14:46:59,2828,XAUUSD,buy,in,0.02,3349.10,2834,-0.07,0.00,0.00,2 942.23,
2025.07.01 14:48:07,2829,XAUUSD,sell,out,0.02,3349.13,2835,-0.07,0.00,0.06,2 942.22,sl 3349.13
2025.07.01 15:11:04,2830,XAUUSD,buy,in,0.02,3350.44,2836,-0.07,0.00,0.00,2 942.15,
2025.07.01 15:17:08,2831,XAUUSD,sell,out,0.02,3352.02,2837,-0.07,0.00,3.16,2 945.24,sl 3352.03
2025.07.01 15:35:10,2832,XAUUSD,buy,in,0.02,3354.56,2838,-0.07,0.00,0.00,2 945.17,
2025.07.01 15:35:48,2833,XAUUSD,sell,out,0.02,3354.89,2839,-0.07,0.00,0.66,2 945.76,sl 3354.93
2025.07.01 15:59:14,2834,XAUUSD,buy,in,0.02,3355.45,2840,-0.07,0.00,0.00,2 945.69,
2025.07.01 17:37:23,2835,XAUUSD,sell,in,0.02,3350.54,2841,-0.07,0.00,0.00,2 945.62,
2025.07.01 17:38:18,2836,XAUUSD,buy,out,0.02,3350.56,2842,-0.07,0.00,-0.04,2 945.51,sl 3350.53
2025.07.02 22:09:26,2837,XAUUSD,sell,out,0.02,3356.66,2843,-0.07,-1.14,2.42,2 946.72,sl 3356.66
2025.07.07 04:21:20,2838,XAUUSD,sell,in,0.02,3307.52,2844,-0.07,0.00,0.00,2 946.65,
2025.07.07 04:21:41,2839,XAUUSD,buy,out,0.02,3307.48,2845,-0.07,0.00,0.08,2 946.66,sl 3307.48
2025.07.07 05:49:19,2840,XAUUSD,sell,in,0.02,3306.49,2846,-0.07,0.00,0.00,2 946.59,
2025.07.07 07:27:26,2841,XAUUSD,buy,in,0.02,3307.21,2847,-0.07,0.00,0.00,2 946.52,
2025.07.07 07:31:23,2842,XAUUSD,sell,out,0.02,3308.42,2848,-0.07,0.00,2.42,2 948.87,sl 3308.43
2025.07.07 07:45:08,2843,XAUUSD,buy,out,0.02,3306.06,2849,-0.07,0.00,0.86,2 949.66,sl 3306.06
2025.07.08 17:37:09,2844,XAUUSD,sell,in,0.02,3300.06,2850,-0.07,0.00,0.00,2 949.59,
2025.07.08 17:37:48,2845,XAUUSD,buy,out,0.02,3298.02,2851,-0.07,0.00,4.08,2 953.60,sl 3298.00
2025.07.08 18:01:17,2846,XAUUSD,sell,in,0.02,3296.54,2852,-0.07,0.00,0.00,2 953.53,
2025.07.08 18:03:27,2847,XAUUSD,buy,out,0.02,3295.22,2853,-0.07,0.00,2.64,2 956.10,sl 3295.22
2025.07.08 18:25:21,2848,XAUUSD,sell,in,0.02,3296.51,2854,-0.07,0.00,0.00,2 956.03,
2025.07.08 18:25:59,2849,XAUUSD,buy,out,0.02,3296.10,2855,-0.07,0.00,0.82,2 956.78,sl 3296.10
2025.07.08 18:49:28,2850,XAUUSD,sell,in,0.02,3298.79,2856,-0.07,0.00,0.00,2 956.71,
2025.07.08 18:49:54,2851,XAUUSD,buy,out,0.02,3298.78,2857,-0.07,0.00,0.02,2 956.66,sl 3298.77
2025.07.08 19:13:27,2852,XAUUSD,sell,in,0.02,3297.22,2858,-0.07,0.00,0.00,2 956.59,
2025.07.08 19:16:43,2853,XAUUSD,buy,out,0.02,3297.22,2859,-0.07,0.00,0.00,2 956.52,sl 3297.16
2025.07.08 19:37:28,2854,XAUUSD,sell,in,0.02,3297.32,2860,-0.07,0.00,0.00,2 956.45,
2025.07.08 19:38:08,2855,XAUUSD,buy,out,0.02,3296.76,2861,-0.07,0.00,1.12,2 957.50,sl 3296.73
2025.07.09 05:46:01,2856,XAUUSD,sell,in,0.02,3292.92,2862,-0.07,0.00,0.00,2 957.43,
2025.07.09 05:48:56,2857,XAUUSD,buy,out,0.02,3291.67,2863,-0.07,0.00,2.50,2 959.86,sl 3291.64
2025.07.09 06:10:06,2858,XAUUSD,sell,in,0.02,3291.81,2864,-0.07,0.00,0.00,2 959.79,
2025.07.09 06:10:43,2859,XAUUSD,buy,out,0.02,3291.81,2865,-0.07,0.00,0.00,2 959.72,sl 3291.78
2025.07.09 06:34:12,2860,XAUUSD,sell,in,0.02,3291.69,2866,-0.07,0.00,0.00,2 959.65,
2025.07.09 06:34:44,2861,XAUUSD,buy,out,0.02,3291.69,2867,-0.07,0.00,0.00,2 959.58,sl 3291.67
2025.07.09 08:40:12,2862,XAUUSD,sell,in,0.02,3290.86,2868,-0.07,0.00,0.00,2 959.51,
2025.07.09 08:50:25,2863,XAUUSD,buy,out,0.02,3290.89,2869,-0.07,0.00,-0.06,2 959.38,sl 3290.85
2025.07.09 09:04:14,2864,XAUUSD,sell,in,0.02,3288.25,2870,-0.07,0.00,0.00,2 959.31,
2025.07.09 09:13:48,2865,XAUUSD,buy,out,0.02,3288.14,2871,-0.07,0.00,0.22,2 959.46,sl 3288.11
2025.07.09 09:28:21,2866,XAUUSD,sell,in,0.02,3286.66,2872,-0.07,0.00,0.00,2 959.39,
2025.07.09 09:34:11,2867,XAUUSD,buy,out,0.02,3286.63,2873,-0.07,0.00,0.06,2 959.38,sl 3286.63
2025.07.09 10:31:38,2868,XAUUSD,sell,in,0.02,3288.73,2874,-0.07,0.00,0.00,2 959.31,
2025.07.09 11:18:02,2869,XAUUSD,buy,out,0.02,3288.37,2875,-0.07,0.00,0.72,2 959.96,sl 3288.26
2025.07.09 11:18:17,2870,XAUUSD,sell,in,0.02,3287.64,2876,-0.07,0.00,0.00,2 959.89,
2025.07.09 11:19:50,2871,XAUUSD,buy,out,0.02,3287.17,2877,-0.07,0.00,0.94,2 960.76,sl 3287.17
2025.07.09 11:42:23,2872,XAUUSD,sell,in,0.02,3286.50,2878,-0.07,0.00,0.00,2 960.69,
2025.07.09 11:44:15,2873,XAUUSD,buy,out,0.02,3286.49,2879,-0.07,0.00,0.02,2 960.64,sl 3286.47
2025.07.09 12:07:22,2874,XAUUSD,sell,in,0.02,3286.66,2880,-0.07,0.00,0.00,2 960.57,
2025.07.09 13:45:29,2875,XAUUSD,buy,in,0.02,3295.06,2881,-0.07,0.00,0.00,2 960.50,
2025.07.09 13:46:23,2876,XAUUSD,sell,out,0.02,3295.27,2882,-0.07,0.00,0.42,2 960.85,sl 3295.31
2025.07.09 14:35:34,2877,XAUUSD,buy,out,0.02,3286.18,2883,-0.07,0.00,0.96,2 961.74,sl 3286.13
2025.07.11 14:45:43,2878,XAUUSD,buy,in,0.02,3350.32,2884,-0.07,0.00,0.00,2 961.67,
2025.07.11 15:31:07,2879,XAUUSD,sell,out,0.02,3350.23,2885,-0.07,0.00,-0.18,2 961.42,sl 3350.38
2025.07.11 15:32:47,2880,XAUUSD,buy,in,0.02,3350.70,2886,-0.07,0.00,0.00,2 961.35,
2025.07.11 15:35:56,2881,XAUUSD,sell,out,0.02,3352.41,2887,-0.07,0.00,3.42,2 964.70,sl 3352.51
2025.07.11 15:56:52,2882,XAUUSD,buy,in,0.02,3356.08,2888,-0.07,0.00,0.00,2 964.63,
2025.07.11 15:57:19,2883,XAUUSD,sell,out,0.02,3356.20,2889,-0.07,0.00,0.24,2 964.80,sl 3356.23
2025.07.11 16:20:55,2884,XAUUSD,buy,in,0.02,3355.80,2890,-0.07,0.00,0.00,2 964.73,
2025.07.11 16:34:22,2885,XAUUSD,sell,out,0.02,3356.69,2891,-0.07,0.00,1.78,2 966.44,sl 3356.72
2025.07.11 16:45:01,2886,XAUUSD,buy,in,0.02,3353.35,2892,-0.07,0.00,0.00,2 966.37,
2025.07.11 16:46:05,2887,XAUUSD,sell,out,0.02,3353.72,2893,-0.07,0.00,0.74,2 967.04,sl 3353.88
2025.07.11 17:09:02,2888,XAUUSD,buy,in,0.02,3353.22,2894,-0.07,0.00,0.00,2 966.97,
2025.07.11 17:09:44,2889,XAUUSD,sell,out,0.02,3353.67,2895,-0.07,0.00,0.90,2 967.80,sl 3353.67
2025.07.11 17:33:06,2890,XAUUSD,buy,in,0.02,3355.69,2896,-0.07,0.00,0.00,2 967.73,
2025.07.11 17:33:51,2891,XAUUSD,sell,out,0.02,3355.71,2897,-0.07,0.00,0.04,2 967.70,sl 3355.72
2025.07.11 17:57:11,2892,XAUUSD,buy,in,0.02,3361.42,2898,-0.07,0.00,0.00,2 967.63,
2025.07.11 18:00:52,2893,XAUUSD,sell,out,0.02,3362.62,2899,-0.07,0.00,2.40,2 969.96,sl 3362.62
2025.07.11 18:21:12,2894,XAUUSD,buy,in,0.02,3366.46,2900,-0.07,0.00,0.00,2 969.89,
2025.07.11 18:22:24,2895,XAUUSD,sell,out,0.02,3366.95,2901,-0.07,0.00,0.98,2 970.80,sl 3366.97
2025.07.11 18:45:12,2896,XAUUSD,buy,in,0.02,3359.43,2902,-0.07,0.00,0.00,2 970.73,
2025.07.11 18:46:02,2897,XAUUSD,sell,out,0.02,3360.03,2903,-0.07,0.00,1.20,2 971.86,sl 3360.04
2025.07.11 19:09:13,2898,XAUUSD,buy,in,0.02,3358.13,2904,-0.07,0.00,0.00,2 971.79,
2025.07.11 20:47:25,2899,XAUUSD,sell,in,0.02,3352.60,2905,-0.07,0.00,0.00,2 971.72,
2025.07.11 22:07:53,2900,XAUUSD,sell,out,0.02,3358.77,2906,-0.07,0.00,1.28,2 972.93,sl 3358.77
2025.07.14 15:39:49,2901,XAUUSD,buy,out,0.02,3352.37,2907,-0.07,0.81,0.46,2 974.13,sl 3352.27
2025.07.16 18:19:55,2902,XAUUSD,buy,in,0.02,3370.04,2908,-0.07,0.00,0.00,2 974.06,
2025.07.16 18:21:00,2903,XAUUSD,sell,out,0.02,3370.00,2909,-0.07,0.00,-0.08,2 973.91,sl 3370.07
2025.07.17 15:45:14,2904,XAUUSD,sell,in,0.02,3312.02,2910,-0.07,0.00,0.00,2 973.84,
2025.07.17 15:51:28,2905,XAUUSD,buy,out,0.02,3312.07,2911,-0.07,0.00,-0.10,2 973.67,sl 3311.95
2025.07.21 15:18:51,2906,XAUUSD,buy,in,0.02,3377.56,2912,-0.07,0.00,0.00,2 973.60,
2025.07.21 15:19:34,2907,XAUUSD,sell,out,0.02,3378.26,2913,-0.07,0.00,1.40,2 974.93,sl 3378.27
2025.07.21 15:42:59,2908,XAUUSD,buy,in,0.02,3387.20,2914,-0.07,0.00,0.00,2 974.86,
2025.07.21 15:51:04,2909,XAUUSD,sell,out,0.02,3387.96,2915,-0.07,0.00,1.52,2 976.31,sl 3387.97
2025.07.21 16:07:06,2910,XAUUSD,buy,in,0.02,3388.94,2916,-0.07,0.00,0.00,2 976.24,
2025.07.21 16:22:37,2911,XAUUSD,sell,out,0.02,3389.06,2917,-0.07,0.00,0.24,2 976.41,sl 3389.07
2025.07.21 16:31:07,2912,XAUUSD,buy,in,0.02,3386.64,2918,-0.07,0.00,0.00,2 976.34,
2025.07.21 16:31:43,2913,XAUUSD,sell,out,0.02,3386.62,2919,-0.07,0.00,-0.04,2 976.23,sl 3386.67
2025.07.21 16:55:18,2914,XAUUSD,buy,in,0.02,3390.51,2920,-0.07,0.00,0.00,2 976.16,
2025.07.21 17:08:22,2915,XAUUSD,sell,out,0.02,3391.20,2921,-0.07,0.00,1.38,2 977.47,sl 3391.30
2025.07.21 17:19:20,2916,XAUUSD,buy,in,0.02,3395.85,2922,-0.07,0.00,0.00,2 977.40,
2025.07.21 17:25:45,2917,XAUUSD,sell,out,0.02,3396.83,2923,-0.07,0.00,1.96,2 979.29,sl 3396.83
2025.07.21 17:43:27,2918,XAUUSD,buy,in,0.02,3399.35,2924,-0.07,0.00,0.00,2 979.22,
2025.07.21 17:45:00,2919,XAUUSD,sell,out,0.02,3399.54,2925,-0.07,0.00,0.38,2 979.53,sl 3399.58
2025.07.21 18:07:32,2920,XAUUSD,buy,in,0.02,3400.04,2926,-0.07,0.00,0.00,2 979.46,
2025.07.21 18:24:01,2921,XAUUSD,sell,out,0.02,3400.22,2927,-0.07,0.00,0.36,2 979.75,sl 3400.22
2025.07.21 18:31:37,2922,XAUUSD,buy,in,0.02,3399.59,2928,-0.07,0.00,0.00,2 979.68,
2025.07.21 18:33:26,2923,XAUUSD,sell,out,0.02,3400.24,2929,-0.07,0.00,1.30,2 980.91,sl 3400.25
2025.07.21 18:55:45,2924,XAUUSD,buy,in,0.02,3398.43,2930,-0.07,0.00,0.00,2 980.84,
2025.07.21 18:57:21,2925,XAUUSD,sell,out,0.02,3399.09,2931,-0.07,0.00,1.32,2 982.09,sl 3399.09
2025.07.21 19:19:48,2926,XAUUSD,buy,in,0.02,3397.80,2932,-0.07,0.00,0.00,2 982.02,
2025.07.21 19:23:07,2927,XAUUSD,sell,out,0.02,3398.03,2933,-0.07,0.00,0.46,2 982.41,sl 3398.07
2025.07.21 19:43:47,2928,XAUUSD,buy,in,0.02,3395.80,2934,-0.07,0.00,0.00,2 982.34,
2025.07.21 19:45:15,2929,XAUUSD,sell,out,0.02,3395.80,2935,-0.07,0.00,0.00,2 982.27,sl 3395.83
2025.07.21 20:07:52,2930,XAUUSD,buy,in,0.02,3394.18,2936,-0.07,0.00,0.00,2 982.20,
2025.07.21 21:09:00,2931,XAUUSD,sell,out,0.02,3394.75,2937,-0.07,0.00,1.14,2 983.27,sl 3394.86
2025.07.21 21:09:04,2932,XAUUSD,buy,in,0.02,3394.61,2938,-0.07,0.00,0.00,2 983.20,
2025.07.21 21:23:43,2933,XAUUSD,sell,out,0.02,3394.70,2939,-0.07,0.00,0.18,2 983.31,sl 3394.72
2025.07.21 21:33:10,2934,XAUUSD,buy,in,0.02,3394.91,2940,-0.07,0.00,0.00,2 983.24,
2025.07.21 22:00:02,2935,XAUUSD,sell,out,0.02,3395.26,2941,-0.07,0.00,0.70,2 983.87,sl 3395.30
2025.07.21 22:00:07,2936,XAUUSD,buy,in,0.02,3395.29,2942,-0.07,0.00,0.00,2 983.80,
2025.07.21 22:06:35,2937,XAUUSD,sell,out,0.02,3395.83,2943,-0.07,0.00,1.08,2 984.81,sl 3395.83
2025.07.21 22:24:12,2938,XAUUSD,buy,in,0.02,3398.76,2944,-0.07,0.00,0.00,2 984.74,
2025.07.21 22:31:50,2939,XAUUSD,sell,out,0.02,3398.80,2945,-0.07,0.00,0.08,2 984.75,sl 3398.86
2025.07.21 22:48:17,2940,XAUUSD,buy,in,0.02,3397.80,2946,-0.07,0.00,0.00,2 984.68,
2025.07.21 23:00:19,2941,XAUUSD,sell,out,0.02,3398.62,2947,-0.07,0.00,1.64,2 986.25,sl 3398.62
2025.07.21 23:12:25,2942,XAUUSD,buy,in,0.02,3398.57,2948,-0.07,0.00,0.00,2 986.18,
2025.07.22 01:02:09,2943,XAUUSD,sell,out,0.02,3398.58,2949,-0.07,-1.14,0.02,2 984.99,sl 3398.64
2025.07.24 10:55:29,2944,XAUUSD,sell,in,0.02,3367.54,2950,-0.07,0.00,0.00,2 984.92,
2025.07.24 10:56:10,2945,XAUUSD,buy,out,0.02,3367.09,2951,-0.07,0.00,0.90,2 985.75,sl 3367.07
2025.07.24 12:17:17,2946,XAUUSD,sell,in,0.02,3365.38,2952,-0.07,0.00,0.00,2 985.68,
2025.07.24 12:18:58,2947,XAUUSD,buy,out,0.02,3365.22,2953,-0.07,0.00,0.32,2 985.93,sl 3365.21
2025.07.24 12:41:35,2948,XAUUSD,sell,in,0.02,3364.29,2954,-0.07,0.00,0.00,2 985.86,
2025.07.24 12:42:38,2949,XAUUSD,buy,out,0.02,3363.57,2955,-0.07,0.00,1.44,2 987.23,sl 3363.56
2025.07.24 13:05:41,2950,XAUUSD,sell,in,0.02,3362.97,2956,-0.07,0.00,0.00,2 987.16,
2025.07.24 13:14:37,2951,XAUUSD,buy,out,0.02,3362.84,2957,-0.07,0.00,0.26,2 987.35,sl 3362.84
2025.07.24 13:29:42,2952,XAUUSD,sell,in,0.02,3364.81,2958,-0.07,0.00,0.00,2 987.28,
2025.07.24 13:34:10,2953,XAUUSD,buy,out,0.02,3363.32,2959,-0.07,0.00,2.98,2 990.19,sl 3363.30
2025.07.24 13:53:44,2954,XAUUSD,sell,in,0.02,3364.28,2960,-0.07,0.00,0.00,2 990.12,
2025.07.24 13:57:33,2955,XAUUSD,buy,out,0.02,3363.68,2961,-0.07,0.00,1.20,2 991.25,sl 3363.65
2025.07.24 14:23:07,2956,XAUUSD,sell,in,0.02,3364.14,2962,-0.07,0.00,0.00,2 991.18,
2025.07.24 14:25:39,2957,XAUUSD,buy,out,0.02,3363.39,2963,-0.07,0.00,1.50,2 992.61,sl 3363.33
2025.07.24 14:47:10,2958,XAUUSD,sell,in,0.02,3362.51,2964,-0.07,0.00,0.00,2 992.54,
2025.07.24 14:54:33,2959,XAUUSD,buy,out,0.02,3362.54,2965,-0.07,0.00,-0.06,2 992.41,sl 3362.47
2025.07.24 15:11:21,2960,XAUUSD,sell,in,0.02,3363.16,2966,-0.07,0.00,0.00,2 992.34,
2025.07.24 15:14:40,2961,XAUUSD,buy,out,0.02,3362.60,2967,-0.07,0.00,1.12,2 993.39,sl 3362.55
2025.07.24 15:35:31,2962,XAUUSD,sell,in,0.02,3363.49,2968,-0.07,0.00,0.00,2 993.32,
2025.07.24 15:39:27,2963,XAUUSD,buy,out,0.02,3362.25,2969,-0.07,0.00,2.48,2 995.73,sl 3362.24
2025.07.24 15:59:39,2964,XAUUSD,sell,in,0.02,3354.46,2970,-0.07,0.00,0.00,2 995.66,
2025.07.24 16:00:15,2965,XAUUSD,buy,out,0.02,3352.60,2971,-0.07,0.00,3.72,2 999.31,sl 3352.60
2025.07.24 16:23:38,2966,XAUUSD,sell,in,0.02,3356.86,2972,-0.07,0.00,0.00,2 999.24,
2025.07.24 18:01:46,2967,XAUUSD,buy,in,0.02,3371.92,2973,-0.07,0.00,0.00,2 999.17,
2025.07.24 18:03:44,2968,XAUUSD,sell,out,0.02,3372.92,2974,-0.07,0.00,2.00,3 001.10,sl 3372.92
2025.07.25 08:49:50,2969,XAUUSD,buy,out,0.02,3356.75,2975,-0.07,0.81,0.22,3 002.06,sl 3356.74
2025.07.30 16:31:41,2970,XAUUSD,sell,in,0.02,3303.41,2976,-0.07,0.00,0.00,3 001.99,
2025.07.30 16:32:01,2971,XAUUSD,buy,out,0.02,3303.33,2977,-0.07,0.00,0.16,3 002.08,sl 3303.27
2025.07.30 16:55:41,2972,XAUUSD,sell,in,0.02,3300.54,2978,-0.07,0.00,0.00,3 002.01,
2025.07.30 16:56:57,2973,XAUUSD,buy,out,0.02,3299.23,2979,-0.07,0.00,2.62,3 004.56,sl 3299.16
2025.07.30 17:28:24,2974,XAUUSD,sell,in,0.02,3301.82,2980,-0.07,0.00,0.00,3 004.49,
2025.07.30 18:06:32,2975,XAUUSD,buy,out,0.02,3300.92,2981,-0.07,0.00,1.80,3 006.22,sl 3300.92
2025.07.30 18:06:36,2976,XAUUSD,sell,in,0.02,3300.92,2982,-0.07,0.00,0.00,3 006.15,
2025.07.30 18:10:09,2977,XAUUSD,buy,out,0.02,3300.97,2983,-0.07,0.00,-0.10,3 005.98,sl 3300.84
2025.07.30 18:30:40,2978,XAUUSD,sell,in,0.02,3291.10,2984,-0.07,0.00,0.00,3 005.91,
2025.07.30 18:31:05,2979,XAUUSD,buy,out,0.02,3290.64,2985,-0.07,0.00,0.92,3 006.76,sl 3290.63
2025.07.30 18:54:44,2980,XAUUSD,sell,in,0.02,3290.71,2986,-0.07,0.00,0.00,3 006.69,
2025.07.30 18:55:40,2981,XAUUSD,buy,out,0.02,3290.56,2987,-0.07,0.00,0.30,3 006.92,sl 3290.56
2025.07.30 19:18:47,2982,XAUUSD,sell,in,0.02,3293.54,2988,-0.07,0.00,0.00,3 006.85,
2025.07.30 20:56:53,2983,XAUUSD,buy,in,0.02,3301.17,2989,-0.07,0.00,0.00,3 006.78,
2025.07.30 20:59:58,2984,XAUUSD,sell,out,0.02,3301.10,2990,-0.07,0.00,-0.14,3 006.57,sl 3301.59
2025.07.30 21:34:14,2985,XAUUSD,buy,out,0.02,3293.48,2991,-0.07,0.00,0.12,3 006.62,sl 3293.43
2025.08.01 15:36:10,2986,XAUUSD,buy,in,0.02,3331.20,2992,-0.07,0.00,0.00,3 006.55,
2025.08.01 15:37:44,2987,XAUUSD,sell,out,0.02,3334.16,2993,-0.07,0.00,5.92,3 012.40,sl 3334.22
2025.08.01 16:00:16,2988,XAUUSD,buy,in,0.02,3340.71,2994,-0.07,0.00,0.00,3 012.33,
2025.08.01 16:00:51,2989,XAUUSD,sell,out,0.02,3342.22,2995,-0.07,0.00,3.02,3 015.28,sl 3342.26
2025.08.01 16:24:16,2990,XAUUSD,buy,in,0.02,3351.42,2996,-0.07,0.00,0.00,3 015.21,
2025.08.01 16:25:01,2991,XAUUSD,sell,out,0.02,3351.43,2997,-0.07,0.00,0.02,3 015.16,sl 3351.51
2025.08.01 16:48:25,2992,XAUUSD,buy,in,0.02,3344.71,2998,-0.07,0.00,0.00,3 015.09,
2025.08.01 16:48:50,2993,XAUUSD,sell,out,0.02,3344.66,2999,-0.07,0.00,-0.10,3 014.92,sl 3344.75
2025.08.01 17:12:29,2994,XAUUSD,buy,in,0.02,3350.13,3000,-0.07,0.00,0.00,3 014.85,
2025.08.01 17:12:37,2995,XAUUSD,sell,out,0.02,3350.16,3001,-0.07,0.00,0.06,3 014.84,sl 3350.17
2025.08.01 17:36:37,2996,XAUUSD,buy,in,0.02,3344.02,3002,-0.07,0.00,0.00,3 014.77,
2025.08.01 17:39:35,2997,XAUUSD,sell,out,0.02,3344.51,3003,-0.07,0.00,0.98,3 015.68,sl 3344.51
2025.08.01 18:00:45,2998,XAUUSD,buy,in,0.02,3344.55,3004,-0.07,0.00,0.00,3 015.61,
2025.08.01 18:04:09,2999,XAUUSD,sell,out,0.02,3344.53,3005,-0.07,0.00,-0.04,3 015.50,sl 3344.58
2025.08.01 18:24:47,3000,XAUUSD,buy,in,0.02,3349.97,3006,-0.07,0.00,0.00,3 015.43,
2025.08.01 18:25:48,3001,XAUUSD,sell,out,0.02,3350.00,3007,-0.07,0.00,0.06,3 015.42,sl 3350.04
2025.08.01 18:48:53,3002,XAUUSD,buy,in,0.02,3348.62,3008,-0.07,0.00,0.00,3 015.35,
2025.08.01 18:49:34,3003,XAUUSD,sell,out,0.02,3348.58,3009,-0.07,0.00,-0.08,3 015.20,sl 3348.65
2025.08.01 19:12:56,3004,XAUUSD,buy,in,0.02,3345.06,3010,-0.07,0.00,0.00,3 015.13,
2025.08.01 19:15:02,3005,XAUUSD,sell,out,0.02,3345.23,3011,-0.07,0.00,0.34,3 015.40,sl 3345.23
2025.08.01 19:36:59,3006,XAUUSD,buy,in,0.02,3342.24,3012,-0.07,0.00,0.00,3 015.33,
2025.08.01 19:45:25,3007,XAUUSD,sell,out,0.02,3342.25,3013,-0.07,0.00,0.02,3 015.28,sl 3342.27
2025.08.01 20:01:00,3008,XAUUSD,buy,in,0.02,3348.48,3014,-0.07,0.00,0.00,3 015.21,
2025.08.01 20:01:59,3009,XAUUSD,sell,out,0.02,3348.57,3015,-0.07,0.00,0.18,3 015.32,sl 3348.60
2025.08.01 20:25:01,3010,XAUUSD,buy,in,0.02,3349.12,3016,-0.07,0.00,0.00,3 015.25,
2025.08.01 21:13:41,3011,XAUUSD,sell,out,0.02,3349.23,3017,-0.07,0.00,0.22,3 015.40,sl 3349.25
2025.08.01 21:13:51,3012,XAUUSD,buy,in,0.02,3349.33,3018,-0.07,0.00,0.00,3 015.33,
2025.08.01 21:41:54,3013,XAUUSD,sell,out,0.02,3349.86,3019,-0.07,0.00,1.06,3 016.32,sl 3349.87
2025.08.01 21:42:01,3014,XAUUSD,buy,in,0.02,3350.55,3020,-0.07,0.00,0.00,3 016.25,
2025.08.01 21:43:41,3015,XAUUSD,sell,out,0.02,3350.58,3021,-0.07,0.00,0.06,3 016.24,sl 3350.60
2025.08.01 22:06:17,3016,XAUUSD,buy,in,0.02,3348.18,3022,-0.07,0.00,0.00,3 016.17,
2025.08.01 22:09:03,3017,XAUUSD,sell,out,0.02,3348.69,3023,-0.07,0.00,1.02,3 017.12,sl 3348.74
2025.08.01 22:30:25,3018,XAUUSD,buy,in,0.02,3353.72,3024,-0.07,0.00,0.00,3 017.05,
2025.08.01 22:30:51,3019,XAUUSD,sell,out,0.02,3353.77,3025,-0.07,0.00,0.10,3 017.08,sl 3353.78
2025.08.01 22:54:25,3020,XAUUSD,buy,in,0.02,3358.78,3026,-0.07,0.00,0.00,3 017.01,
2025.08.01 22:55:59,3021,XAUUSD,sell,out,0.02,3359.85,3027,-0.07,0.00,2.14,3 019.08,sl 3359.86
2025.08.01 23:18:41,3022,XAUUSD,buy,in,0.02,3360.60,3028,-0.07,0.00,0.00,3 019.01,
2025.08.01 23:33:14,3023,XAUUSD,sell,out,0.02,3361.22,3029,-0.07,0.00,1.24,3 020.18,sl 3361.23
2025.08.01 23:42:45,3024,XAUUSD,buy,in,0.02,3362.24,3030,-0.07,0.00,0.00,3 020.11,
2025.08.01 23:46:51,3025,XAUUSD,sell,out,0.02,3362.26,3031,-0.07,0.00,0.04,3 020.08,sl 3362.27
2025.08.04 01:02:04,3026,XAUUSD,buy,in,0.02,3363.39,3032,-0.07,0.00,0.00,3 020.01,
2025.08.04 01:03:31,3027,XAUUSD,sell,out,0.02,3364.54,3033,-0.07,0.00,2.30,3 022.24,sl 3364.66
2025.08.04 01:26:04,3028,XAUUSD,buy,in,0.02,3360.98,3034,-0.07,0.00,0.00,3 022.17,
2025.08.04 01:26:29,3029,XAUUSD,sell,out,0.02,3360.99,3035,-0.07,0.00,0.02,3 022.12,sl 3361.03
2025.08.04 01:50:12,3030,XAUUSD,buy,in,0.02,3358.72,3036,-0.07,0.00,0.00,3 022.05,
2025.08.04 01:50:57,3031,XAUUSD,sell,out,0.02,3359.10,3037,-0.07,0.00,0.76,3 022.74,sl 3359.17
2025.08.04 02:14:18,3032,XAUUSD,buy,in,0.02,3358.27,3038,-0.07,0.00,0.00,3 022.67,
2025.08.04 02:42:41,3033,XAUUSD,sell,out,0.02,3358.34,3039,-0.07,0.00,0.14,3 022.74,sl 3358.36
2025.08.04 02:42:44,3034,XAUUSD,buy,in,0.02,3358.35,3040,-0.07,0.00,0.00,3 022.67,
2025.08.04 02:50:06,3035,XAUUSD,sell,out,0.02,3359.68,3041,-0.07,0.00,2.66,3 025.26,sl 3359.72
2025.08.04 03:06:44,3036,XAUUSD,buy,in,0.02,3358.82,3042,-0.07,0.00,0.00,3 025.19,
2025.08.04 03:07:54,3037,XAUUSD,sell,out,0.02,3358.96,3043,-0.07,0.00,0.28,3 025.40,sl 3358.99
2025.08.04 03:30:48,3038,XAUUSD,buy,in,0.02,3355.46,3044,-0.07,0.00,0.00,3 025.33,
2025.08.04 05:08:52,3039,XAUUSD,sell,in,0.02,3351.17,3045,-0.07,0.00,0.00,3 025.26,
2025.08.04 06:03:06,3040,XAUUSD,sell,out,0.02,3356.30,3046,-0.07,0.00,1.68,3 026.87,sl 3356.34
2025.08.05 14:34:11,3041,XAUUSD,buy,in,0.02,3350.54,3047,-0.07,0.00,0.00,3 026.80,
2025.08.05 14:34:30,3042,XAUUSD,buy,out,0.02,3350.96,3048,-0.07,0.81,0.42,3 027.96,sl 3350.95
2025.08.05 14:36:59,3043,XAUUSD,sell,out,0.02,3352.10,3049,-0.07,0.00,3.12,3 031.01,sl 3352.15
2025.08.05 16:38:17,3044,XAUUSD,buy,in,0.02,3379.28,3050,-0.07,0.00,0.00,3 030.94,
2025.08.05 17:00:47,3045,XAUUSD,sell,out,0.02,3379.63,3051,-0.07,0.00,0.70,3 031.57,sl 3379.64
2025.08.05 17:24:07,3046,XAUUSD,buy,in,0.02,3379.79,3052,-0.07,0.00,0.00,3 031.50,
2025.08.05 17:25:11,3047,XAUUSD,sell,out,0.02,3381.79,3053,-0.07,0.00,4.00,3 035.43,sl 3381.83
2025.08.05 17:48:07,3048,XAUUSD,buy,in,0.02,3383.88,3054,-0.07,0.00,0.00,3 035.36,
2025.08.05 17:51:45,3049,XAUUSD,sell,out,0.02,3384.54,3055,-0.07,0.00,1.32,3 036.61,sl 3384.54
2025.08.05 18:12:08,3050,XAUUSD,buy,in,0.02,3385.78,3056,-0.07,0.00,0.00,3 036.54,
2025.08.05 18:15:16,3051,XAUUSD,sell,out,0.02,3386.13,3057,-0.07,0.00,0.70,3 037.17,sl 3386.22
2025.08.05 18:36:08,3052,XAUUSD,buy,in,0.02,3383.13,3058,-0.07,0.00,0.00,3 037.10,
2025.08.05 18:39:39,3053,XAUUSD,sell,out,0.02,3384.74,3059,-0.07,0.00,3.22,3 040.25,sl 3384.84
2025.08.05 19:00:13,3054,XAUUSD,buy,in,0.02,3389.73,3060,-0.07,0.00,0.00,3 040.18,
2025.08.05 19:03:11,3055,XAUUSD,sell,out,0.02,3389.99,3061,-0.07,0.00,0.52,3 040.63,sl 3389.99
2025.08.05 19:24:15,3056,XAUUSD,buy,in,0.02,3383.55,3062,-0.07,0.00,0.00,3 040.56,
2025.08.05 21:02:24,3057,XAUUSD,sell,in,0.02,3380.00,3063,-0.07,0.00,0.00,3 040.49,
2025.08.05 21:05:00,3058,XAUUSD,buy,out,0.02,3379.64,3064,-0.07,0.00,0.72,3 041.14,sl 3379.63
2025.08.06 03:22:57,3059,XAUUSD,sell,out,0.02,3383.74,3065,-0.07,-1.14,0.38,3 040.31,sl 3383.81
2025.08.07 10:39:16,3060,XAUUSD,buy,in,0.02,3396.20,3066,-0.07,0.00,0.00,3 040.24,
2025.08.07 10:50:24,3061,XAUUSD,sell,out,0.02,3396.31,3067,-0.07,0.00,0.22,3 040.39,sl 3396.33
2025.08.08 01:03:28,3062,XAUUSD,buy,in,0.02,3404.04,3068,-0.07,0.00,0.00,3 040.32,
2025.08.08 01:03:44,3063,XAUUSD,sell,out,0.02,3402.76,3069,-0.07,0.00,-2.56,3 037.69,sl 3404.08
2025.08.08 01:39:36,3064,XAUUSD,buy,in,0.02,3402.12,3070,-0.07,0.00,0.00,3 037.62,
2025.08.08 01:39:49,3065,XAUUSD,sell,out,0.02,3402.13,3071,-0.07,0.00,0.02,3 037.57,sl 3402.17
2025.08.08 02:05:22,3066,XAUUSD,buy,in,0.02,3404.04,3072,-0.07,0.00,0.00,3 037.50,
2025.08.08 03:43:26,3067,XAUUSD,sell,in,0.02,3391.78,3073,-0.07,0.00,0.00,3 037.43,
2025.08.08 03:45:52,3068,XAUUSD,buy,out,0.02,3391.82,3074,-0.07,0.00,-0.08,3 037.28,sl 3391.73
2025.08.08 14:24:17,3069,XAUUSD,sell,out,0.02,3381.50,3075,-0.07,0.00,-45.08,2 992.13,
2025.08.11 12:15:38,3070,XAUUSD,sell,in,0.02,3354.49,3076,-0.07,0.00,0.00,2 992.06,
2025.08.11 12:54:39,3071,XAUUSD,buy,out,0.02,3354.07,3077,-0.07,0.00,0.84,2 992.83,sl 3354.07
2025.08.11 12:54:43,3072,XAUUSD,sell,in,0.02,3353.96,3078,-0.07,0.00,0.00,2 992.76,
2025.08.11 12:57:01,3073,XAUUSD,buy,out,0.02,3353.81,3079,-0.07,0.00,0.30,2 992.99,sl 3353.77
2025.08.11 14:24:25,3074,XAUUSD,sell,in,0.02,3353.02,3080,-0.07,0.00,0.00,2 992.92,
2025.08.11 14:24:48,3075,XAUUSD,buy,out,0.02,3353.00,3081,-0.07,0.00,0.04,2 992.89,sl 3352.99
2025.08.11 14:50:20,3076,XAUUSD,sell,in,0.02,3352.85,3082,-0.07,0.00,0.00,2 992.82,
2025.08.11 14:51:16,3077,XAUUSD,buy,out,0.02,3352.75,3083,-0.07,0.00,0.20,2 992.95,sl 3352.75
2025.08.11 15:21:05,3078,XAUUSD,sell,in,0.02,3352.23,3084,-0.07,0.00,0.00,2 992.88,
2025.08.11 15:28:54,3079,XAUUSD,buy,out,0.02,3348.89,3085,-0.07,0.00,6.68,2 999.49,sl 3348.87
2025.08.11 16:06:51,3080,XAUUSD,sell,in,0.02,3350.92,3086,-0.07,0.00,0.00,2 999.42,
2025.08.11 16:10:32,3081,XAUUSD,buy,out,0.02,3349.80,3087,-0.07,0.00,2.24,3 001.59,sl 3349.80
2025.08.11 16:30:51,3082,XAUUSD,sell,in,0.02,3350.70,3088,-0.07,0.00,0.00,3 001.52,
2025.08.11 16:31:12,3083,XAUUSD,buy,out,0.02,3350.64,3089,-0.07,0.00,0.12,3 001.57,sl 3350.62
2025.08.11 17:30:38,3084,XAUUSD,sell,in,0.02,3350.88,3090,-0.07,0.00,0.00,3 001.50,
2025.08.11 17:32:57,3085,XAUUSD,buy,out,0.02,3350.64,3091,-0.07,0.00,0.48,3 001.91,sl 3350.63
2025.08.11 17:54:38,3086,XAUUSD,sell,in,0.02,3346.66,3092,-0.07,0.00,0.00,3 001.84,
2025.08.11 17:57:29,3087,XAUUSD,buy,out,0.02,3346.41,3093,-0.07,0.00,0.50,3 002.27,sl 3346.36
2025.08.11 18:18:49,3088,XAUUSD,sell,in,0.02,3346.84,3094,-0.07,0.00,0.00,3 002.20,
2025.08.11 18:20:26,3089,XAUUSD,buy,out,0.02,3346.95,3095,-0.07,0.00,-0.22,3 001.91,sl 3346.80
2025.08.11 18:43:00,3090,XAUUSD,sell,in,0.02,3349.59,3096,-0.07,0.00,0.00,3 001.84,
2025.08.11 18:44:12,3091,XAUUSD,buy,out,0.02,3348.94,3097,-0.07,0.00,1.30,3 003.07,sl 3348.88
2025.08.11 19:07:16,3092,XAUUSD,sell,in,0.02,3345.83,3098,-0.07,0.00,0.00,3 003.00,
2025.08.11 19:35:33,3093,XAUUSD,buy,out,0.02,3344.81,3099,-0.07,0.00,2.04,3 004.97,sl 3344.81
2025.08.11 19:35:35,3094,XAUUSD,sell,in,0.02,3344.60,3100,-0.07,0.00,0.00,3 004.90,
2025.08.11 19:39:11,3095,XAUUSD,buy,out,0.02,3344.34,3101,-0.07,0.00,0.52,3 005.35,sl 3344.30
2025.08.11 19:59:38,3096,XAUUSD,sell,in,0.02,3344.25,3102,-0.07,0.00,0.00,3 005.28,
2025.08.11 20:06:23,3097,XAUUSD,buy,out,0.02,3343.56,3103,-0.07,0.00,1.38,3 006.59,sl 3343.55
2025.08.11 20:23:45,3098,XAUUSD,sell,in,0.02,3342.67,3104,-0.07,0.00,0.00,3 006.52,
2025.08.11 22:02:00,3099,XAUUSD,buy,in,0.02,3356.79,3105,-0.07,0.00,0.00,3 006.45,
2025.08.12 04:12:47,3100,XAUUSD,sell,out,0.02,3356.85,3106,-0.07,-1.14,0.12,3 005.36,sl 3356.87
2025.08.12 14:04:02,3101,XAUUSD,buy,out,0.02,3342.64,3107,-0.07,0.81,0.06,3 006.16,sl 3342.60
2025.08.22 17:18:09,3102,XAUUSD,buy,in,0.02,3362.76,3108,-0.07,0.00,0.00,3 006.09,
2025.08.22 17:18:29,3103,XAUUSD,sell,out,0.02,3363.15,3109,-0.07,0.00,0.78,3 006.80,sl 3363.16
2025.08.22 17:42:15,3104,XAUUSD,buy,in,0.02,3373.31,3110,-0.07,0.00,0.00,3 006.73,
2025.08.22 17:45:00,3105,XAUUSD,sell,out,0.02,3373.27,3111,-0.07,0.00,-0.08,3 006.58,sl 3373.36
2025.08.22 18:06:15,3106,XAUUSD,buy,in,0.02,3377.47,3112,-0.07,0.00,0.00,3 006.51,
2025.08.22 18:28:00,3107,XAUUSD,sell,out,0.02,3377.52,3113,-0.07,0.00,0.10,3 006.54,sl 3377.52
2025.08.22 18:30:21,3108,XAUUSD,buy,in,0.02,3378.08,3114,-0.07,0.00,0.00,3 006.47,
2025.08.22 18:31:28,3109,XAUUSD,sell,out,0.02,3378.15,3115,-0.07,0.00,0.14,3 006.54,sl 3378.15
2025.08.22 18:54:20,3110,XAUUSD,buy,in,0.02,3368.09,3116,-0.07,0.00,0.00,3 006.47,
2025.08.22 18:56:19,3111,XAUUSD,sell,out,0.02,3371.64,3117,-0.07,0.00,7.10,3 013.50,sl 3371.66
2025.08.22 19:18:24,3112,XAUUSD,buy,in,0.02,3372.57,3118,-0.07,0.00,0.00,3 013.43,
2025.08.22 20:06:06,3113,XAUUSD,sell,out,0.02,3372.66,3119,-0.07,0.00,0.18,3 013.54,sl 3372.69
2025.08.22 20:06:09,3114,XAUUSD,buy,in,0.02,3372.84,3120,-0.07,0.00,0.00,3 013.47,
2025.08.22 20:20:28,3115,XAUUSD,sell,out,0.02,3373.13,3121,-0.07,0.00,0.58,3 013.98,sl 3373.13
2025.08.22 20:30:11,3116,XAUUSD,buy,in,0.02,3374.53,3122,-0.07,0.00,0.00,3 013.91,
2025.08.22 20:45:30,3117,XAUUSD,sell,out,0.02,3374.62,3123,-0.07,0.00,0.18,3 014.02,sl 3374.64
2025.08.22 20:54:16,3118,XAUUSD,buy,in,0.02,3374.85,3124,-0.07,0.00,0.00,3 013.95,
2025.08.22 22:32:19,3119,XAUUSD,sell,in,0.02,3369.22,3125,-0.07,0.00,0.00,3 013.88,
2025.08.25 01:05:40,3120,XAUUSD,buy,out,0.02,3368.86,3126,-0.07,0.81,0.72,3 015.34,sl 3368.84
2025.08.25 17:53:14,3121,XAUUSD,sell,out,0.02,3374.94,3127,-0.07,-1.14,0.18,3 014.31,sl 3374.95
2025.08.26 03:46:10,3122,XAUUSD,buy,in,0.02,3383.22,3128,-0.07,0.00,0.00,3 014.24,
2025.08.26 03:46:39,3123,XAUUSD,sell,out,0.02,3383.23,3129,-0.07,0.00,0.02,3 014.19,sl 3383.26
2025.08.28 17:40:24,3124,XAUUSD,buy,in,0.02,3412.55,3130,-0.07,0.00,0.00,3 014.12,
2025.08.28 17:41:08,3125,XAUUSD,sell,out,0.02,3412.98,3131,-0.07,0.00,0.86,3 014.91,sl 3412.98
2025.08.28 19:14:04,3126,XAUUSD,buy,in,0.02,3414.06,3132,-0.07,0.00,0.00,3 014.84,
2025.08.28 19:18:46,3127,XAUUSD,sell,out,0.02,3414.10,3133,-0.07,0.00,0.08,3 014.85,sl 3414.12
2025.08.28 19:38:08,3128,XAUUSD,buy,in,0.02,3416.43,3134,-0.07,0.00,0.00,3 014.78,
2025.08.28 19:48:03,3129,XAUUSD,sell,out,0.02,3416.45,3135,-0.07,0.00,0.04,3 014.75,sl 3416.45
2025.08.28 20:02:12,3130,XAUUSD,buy,in,0.02,3415.52,3136,-0.07,0.00,0.00,3 014.68,
2025.08.28 20:05:21,3131,XAUUSD,sell,out,0.02,3416.40,3137,-0.07,0.00,1.76,3 016.37,sl 3416.40
2025.08.28 20:26:14,3132,XAUUSD,buy,in,0.02,3415.98,3138,-0.07,0.00,0.00,3 016.30,
2025.08.28 20:51:26,3133,XAUUSD,sell,out,0.02,3416.42,3139,-0.07,0.00,0.88,3 017.11,sl 3416.42
2025.08.28 20:51:26,3134,XAUUSD,buy,in,0.02,3416.52,3140,-0.07,0.00,0.00,3 017.04,
2025.08.28 20:55:00,3135,XAUUSD,sell,out,0.02,3418.31,3141,-0.07,0.00,3.58,3 020.55,sl 3418.31
2025.08.28 21:15:42,3136,XAUUSD,buy,in,0.02,3418.46,3142,-0.07,0.00,0.00,3 020.48,
2025.08.28 21:46:01,3137,XAUUSD,sell,out,0.02,3418.64,3143,-0.07,0.00,0.36,3 020.77,sl 3418.65
2025.08.28 21:46:01,3138,XAUUSD,buy,in,0.02,3418.73,3144,-0.07,0.00,0.00,3 020.70,
2025.08.28 21:55:14,3139,XAUUSD,sell,out,0.02,3419.62,3145,-0.07,0.00,1.78,3 022.41,sl 3419.62
2025.08.28 22:10:02,3140,XAUUSD,buy,in,0.02,3418.96,3146,-0.07,0.00,0.00,3 022.34,
2025.08.28 22:18:32,3141,XAUUSD,sell,out,0.02,3419.03,3147,-0.07,0.00,0.14,3 022.41,sl 3419.04
2025.08.28 22:34:09,3142,XAUUSD,buy,in,0.02,3418.91,3148,-0.07,0.00,0.00,3 022.34,
2025.08.28 22:48:05,3143,XAUUSD,sell,out,0.02,3419.88,3149,-0.07,0.00,1.94,3 024.21,sl 3419.89
2025.08.28 22:58:10,3144,XAUUSD,buy,in,0.02,3422.85,3150,-0.07,0.00,0.00,3 024.14,
2025.08.29 16:38:45,3145,XAUUSD,sell,out,0.02,3423.38,3151,-0.07,-1.14,1.06,3 023.99,sl 3423.38
2025.09.04 14:50:39,3146,XAUUSD,buy,in,0.02,3549.19,3152,-0.07,0.00,0.00,3 023.92,
2025.09.04 14:51:10,3147,XAUUSD,sell,out,0.02,3549.21,3153,-0.07,0.00,0.04,3 023.89,sl 3549.22
2025.09.04 15:15:04,3148,XAUUSD,buy,in,0.02,3550.11,3154,-0.07,0.00,0.00,3 023.82,
2025.09.04 15:15:22,3149,XAUUSD,sell,out,0.02,3550.36,3155,-0.07,0.00,0.50,3 024.25,sl 3550.36
2025.09.04 16:20:48,3150,XAUUSD,buy,in,0.02,3550.51,3156,-0.07,0.00,0.00,3 024.18,
2025.09.04 16:21:37,3151,XAUUSD,sell,out,0.02,3550.65,3157,-0.07,0.00,0.28,3 024.39,sl 3550.67
2025.09.04 16:44:57,3152,XAUUSD,buy,in,0.02,3550.92,3158,-0.07,0.00,0.00,3 024.32,
2025.09.04 18:23:04,3153,XAUUSD,sell,in,0.02,3547.05,3159,-0.07,0.00,0.00,3 024.25,
2025.09.04 18:23:39,3154,XAUUSD,buy,out,0.02,3546.78,3160,-0.07,0.00,0.54,3 024.72,sl 3546.78
2025.09.04 18:46:28,3155,XAUUSD,sell,out,0.02,3551.20,3161,-0.07,0.00,0.56,3 025.21,sl 3551.21
2025.09.15 18:45:17,3156,XAUUSD,buy,in,0.02,3669.03,3162,-0.07,0.00,0.00,3 025.14,
2025.09.15 18:50:17,3157,XAUUSD,sell,out,0.02,3673.88,3163,-0.07,0.00,9.70,3 034.77,sl 3673.88
2025.09.15 19:09:18,3158,XAUUSD,buy,in,0.02,3681.20,3164,-0.07,0.00,0.00,3 034.70,
2025.09.15 19:09:47,3159,XAUUSD,sell,out,0.02,3681.61,3165,-0.07,0.00,0.82,3 035.45,sl 3681.63
2025.09.15 19:33:36,3160,XAUUSD,buy,in,0.02,3685.11,3166,-0.07,0.00,0.00,3 035.38,
2025.09.15 19:34:52,3161,XAUUSD,sell,out,0.02,3685.14,3167,-0.07,0.00,0.06,3 035.37,sl 3685.14
2025.09.15 19:57:36,3162,XAUUSD,buy,in,0.02,3680.10,3168,-0.07,0.00,0.00,3 035.30,
2025.09.15 20:02:17,3163,XAUUSD,sell,out,0.02,3680.64,3169,-0.07,0.00,1.08,3 036.31,sl 3680.65
2025.09.15 20:21:44,3164,XAUUSD,buy,in,0.02,3679.96,3170,-0.07,0.00,0.00,3 036.24,
2025.09.15 20:26:16,3165,XAUUSD,sell,out,0.02,3679.98,3171,-0.07,0.00,0.04,3 036.21,sl 3679.98
2025.09.15 20:45:45,3166,XAUUSD,buy,in,0.02,3680.68,3172,-0.07,0.00,0.00,3 036.14,
2025.09.15 20:50:54,3167,XAUUSD,sell,out,0.02,3681.24,3173,-0.07,0.00,1.12,3 037.19,sl 3681.25
2025.09.15 21:09:49,3168,XAUUSD,buy,in,0.02,3681.23,3174,-0.07,0.00,0.00,3 037.12,
2025.09.15 22:47:36,3169,XAUUSD,sell,out,0.02,3681.98,3175,-0.07,0.00,1.50,3 038.55,sl 3681.98
2025.09.15 22:47:42,3170,XAUUSD,buy,in,0.02,3681.99,3176,-0.07,0.00,0.00,3 038.48,
2025.09.15 22:50:38,3171,XAUUSD,sell,out,0.02,3682.26,3177,-0.07,0.00,0.54,3 038.95,sl 3682.26
2025.09.15 23:11:45,3172,XAUUSD,buy,in,0.02,3681.06,3178,-0.07,0.00,0.00,3 038.88,
2025.09.15 23:19:33,3173,XAUUSD,sell,out,0.02,3681.20,3179,-0.07,0.00,0.28,3 039.09,sl 3681.22
2025.09.15 23:35:48,3174,XAUUSD,buy,in,0.02,3680.78,3180,-0.07,0.00,0.00,3 039.02,
2025.09.16 01:13:51,3175,XAUUSD,sell,in,0.02,3677.73,3181,-0.07,0.00,0.00,3 038.95,
2025.09.16 01:17:33,3176,XAUUSD,buy,out,0.02,3677.14,3182,-0.07,0.00,1.18,3 040.06,sl 3677.14
2025.09.16 03:18:13,3177,XAUUSD,sell,out,0.02,3680.96,3183,-0.07,-1.14,0.36,3 039.21,sl 3680.97
2025.09.17 21:08:32,3178,XAUUSD,buy,in,0.02,3700.93,3184,-0.07,0.00,0.00,3 039.14,
2025.09.17 21:09:14,3179,XAUUSD,sell,out,0.02,3703.01,3185,-0.07,0.00,4.16,3 043.23,sl 3703.11
2025.09.18 09:05:37,3180,XAUUSD,sell,in,0.02,3641.42,3186,-0.07,0.00,0.00,3 043.16,
2025.09.18 09:11:01,3181,XAUUSD,buy,out,0.02,3635.36,3187,-0.07,0.00,12.12,3 055.21,sl 3635.35
2025.09.18 09:29:42,3182,XAUUSD,sell,in,0.02,3638.65,3188,-0.07,0.00,0.00,3 055.14,
2025.09.18 09:31:32,3183,XAUUSD,buy,out,0.02,3636.89,3189,-0.07,0.00,3.52,3 058.59,sl 3636.79
2025.09.18 09:53:46,3184,XAUUSD,sell,in,0.02,3639.07,3190,-0.07,0.00,0.00,3 058.52,
2025.09.18 09:57:11,3185,XAUUSD,buy,out,0.02,3637.63,3191,-0.07,0.00,2.88,3 061.33,sl 3637.55
2025.09.18 16:39:28,3186,XAUUSD,sell,in,0.02,3639.98,3192,-0.07,0.00,0.00,3 061.26,
2025.09.18 16:39:42,3187,XAUUSD,buy,out,0.02,3639.69,3193,-0.07,0.00,0.58,3 061.77,sl 3639.66
2025.09.18 17:08:45,3188,XAUUSD,sell,in,0.02,3639.21,3194,-0.07,0.00,0.00,3 061.70,
2025.09.18 17:08:59,3189,XAUUSD,buy,out,0.02,3639.20,3195,-0.07,0.00,0.02,3 061.65,sl 3639.20
2025.09.18 17:32:50,3190,XAUUSD,sell,in,0.02,3638.28,3196,-0.07,0.00,0.00,3 061.58,
2025.09.18 17:33:32,3191,XAUUSD,buy,out,0.02,3637.77,3197,-0.07,0.00,1.02,3 062.53,sl 3637.69
2025.09.18 17:57:27,3192,XAUUSD,sell,in,0.02,3639.51,3198,-0.07,0.00,0.00,3 062.46,
2025.09.18 17:57:51,3193,XAUUSD,buy,out,0.02,3639.46,3199,-0.07,0.00,0.10,3 062.49,sl 3639.42
2025.09.18 18:28:08,3194,XAUUSD,sell,in,0.02,3638.44,3200,-0.07,0.00,0.00,3 062.42,
2025.09.18 20:06:12,3195,XAUUSD,buy,in,0.02,3646.82,3201,-0.07,0.00,0.00,3 062.35,
2025.09.19 02:41:16,3196,XAUUSD,buy,out,0.02,3638.42,3202,-0.07,0.81,0.04,3 063.13,sl 3638.40
2025.09.19 04:09:01,3197,XAUUSD,sell,out,0.02,3649.12,3203,-0.07,-1.14,4.60,3 066.52,sl 3649.19
2025.09.22 01:23:22,3198,XAUUSD,buy,in,0.02,3689.53,3204,-0.07,0.00,0.00,3 066.45,
2025.09.22 01:25:54,3199,XAUUSD,sell,out,0.02,3691.13,3205,-0.07,0.00,3.20,3 069.58,sl 3691.16
2025.09.22 01:47:23,3200,XAUUSD,buy,in,0.02,3690.61,3206,-0.07,0.00,0.00,3 069.51,
2025.09.22 03:25:28,3201,XAUUSD,sell,in,0.02,3688.32,3207,-0.07,0.00,0.00,3 069.44,
2025.09.22 03:55:48,3202,XAUUSD,buy,out,0.02,3688.27,3208,-0.07,0.00,0.10,3 069.47,sl 3688.25
2025.09.22 04:00:20,3203,XAUUSD,sell,out,0.02,3692.88,3209,-0.07,0.00,4.54,3 073.94,sl 3692.94
2025.09.26 17:09:28,3204,XAUUSD,buy,in,0.02,3773.44,3210,-0.07,0.00,0.00,3 073.87,
2025.09.26 17:09:39,3205,XAUUSD,sell,out,0.02,3773.87,3211,-0.07,0.00,0.86,3 074.66,sl 3773.89
2025.09.26 17:33:32,3206,XAUUSD,buy,in,0.02,3781.06,3212,-0.07,0.00,0.00,3 074.59,
2025.09.26 19:11:35,3207,XAUUSD,sell,in,0.02,3778.73,3213,-0.07,0.00,0.00,3 074.52,
2025.09.26 19:15:19,3208,XAUUSD,buy,out,0.02,3776.72,3214,-0.07,0.00,4.02,3 078.47,sl 3776.59
2025.09.26 20:40:16,3209,XAUUSD,sell,out,0.02,3782.40,3215,-0.07,0.00,2.68,3 081.08,sl 3782.42
2025.09.30 17:06:02,3210,XAUUSD,buy,in,0.02,3831.93,3216,-0.07,0.00,0.00,3 081.01,
2025.09.30 17:06:18,3211,XAUUSD,sell,out,0.02,3831.92,3217,-0.07,0.00,-0.02,3 080.92,sl 3831.95
2025.09.30 17:30:10,3212,XAUUSD,buy,in,0.02,3845.57,3218,-0.07,0.00,0.00,3 080.85,
2025.09.30 17:30:43,3213,XAUUSD,sell,out,0.02,3847.55,3219,-0.07,0.00,3.96,3 084.74,sl 3847.55
2025.09.30 17:54:09,3214,XAUUSD,buy,in,0.02,3853.32,3220,-0.07,0.00,0.00,3 084.67,
2025.09.30 17:55:14,3215,XAUUSD,sell,out,0.02,3854.00,3221,-0.07,0.00,1.36,3 085.96,sl 3854.00
2025.09.30 18:18:18,3216,XAUUSD,buy,in,0.02,3833.20,3222,-0.07,0.00,0.00,3 085.89,
2025.09.30 18:19:16,3217,XAUUSD,sell,out,0.02,3834.80,3223,-0.07,0.00,3.20,3 089.02,sl 3834.80
2025.09.30 18:42:27,3218,XAUUSD,buy,in,0.02,3838.98,3224,-0.07,0.00,0.00,3 088.95,
2025.09.30 18:42:57,3219,XAUUSD,sell,out,0.02,3838.96,3225,-0.07,0.00,-0.04,3 088.84,sl 3839.08
2025.09.30 19:06:34,3220,XAUUSD,buy,in,0.02,3842.74,3226,-0.07,0.00,0.00,3 088.77,
2025.09.30 19:06:52,3221,XAUUSD,sell,out,0.02,3842.76,3227,-0.07,0.00,0.04,3 088.74,sl 3842.76
2025.09.30 19:30:35,3222,XAUUSD,buy,in,0.02,3843.32,3228,-0.07,0.00,0.00,3 088.67,
2025.09.30 19:31:35,3223,XAUUSD,sell,out,0.02,3843.43,3229,-0.07,0.00,0.22,3 088.82,sl 3843.49
2025.09.30 19:54:35,3224,XAUUSD,buy,in,0.02,3846.39,3230,-0.07,0.00,0.00,3 088.75,
2025.09.30 19:56:16,3225,XAUUSD,sell,out,0.02,3846.43,3231,-0.07,0.00,0.08,3 088.76,sl 3846.45
2025.09.30 20:18:42,3226,XAUUSD,buy,in,0.02,3847.84,3232,-0.07,0.00,0.00,3 088.69,
2025.09.30 20:19:37,3227,XAUUSD,sell,out,0.02,3847.86,3233,-0.07,0.00,0.04,3 088.66,sl 3847.86
2025.09.30 20:42:46,3228,XAUUSD,buy,in,0.02,3847.93,3234,-0.07,0.00,0.00,3 088.59,
2025.09.30 21:53:26,3229,XAUUSD,sell,out,0.02,3848.39,3235,-0.07,0.00,0.92,3 089.44,sl 3848.40
2025.09.30 21:53:37,3230,XAUUSD,buy,in,0.02,3848.18,3236,-0.07,0.00,0.00,3 089.37,
2025.09.30 21:57:40,3231,XAUUSD,sell,out,0.02,3848.28,3237,-0.07,0.00,0.20,3 089.50,sl 3848.28
2025.09.30 22:17:38,3232,XAUUSD,buy,in,0.02,3850.62,3238,-0.07,0.00,0.00,3 089.43,
2025.09.30 22:18:57,3233,XAUUSD,sell,out,0.02,3850.90,3239,-0.07,0.00,0.56,3 089.92,sl 3850.97
2025.09.30 22:41:44,3234,XAUUSD,buy,in,0.02,3855.39,3240,-0.07,0.00,0.00,3 089.85,
2025.09.30 22:53:10,3235,XAUUSD,sell,out,0.02,3857.64,3241,-0.07,0.00,4.50,3 094.28,sl 3857.66
2025.09.30 23:05:47,3236,XAUUSD,buy,in,0.02,3852.42,3242,-0.07,0.00,0.00,3 094.21,
2025.09.30 23:06:47,3237,XAUUSD,sell,out,0.02,3853.26,3243,-0.07,0.00,1.68,3 095.82,sl 3853.31
2025.09.30 23:29:47,3238,XAUUSD,buy,in,0.02,3855.36,3244,-0.07,0.00,0.00,3 095.75,
2025.09.30 23:33:02,3239,XAUUSD,sell,out,0.02,3855.44,3245,-0.07,0.00,0.16,3 095.84,sl 3855.52
2025.09.30 23:53:53,3240,XAUUSD,buy,in,0.02,3859.82,3246,-0.07,0.00,0.00,3 095.77,
2025.10.01 01:03:31,3241,XAUUSD,sell,out,0.02,3860.09,3247,-0.07,-1.14,0.54,3 095.10,sl 3860.09
2025.10.01 01:03:38,3242,XAUUSD,buy,in,0.02,3860.27,3248,-0.07,0.00,0.00,3 095.03,
2025.10.01 01:07:22,3243,XAUUSD,sell,out,0.02,3860.47,3249,-0.07,0.00,0.40,3 095.36,sl 3860.49
2025.10.01 01:27:41,3244,XAUUSD,buy,in,0.02,3856.09,3250,-0.07,0.00,0.00,3 095.29,
2025.10.01 01:28:29,3245,XAUUSD,sell,out,0.02,3856.09,3251,-0.07,0.00,0.00,3 095.22,sl 3856.13
2025.10.01 01:51:49,3246,XAUUSD,buy,in,0.02,3860.62,3252,-0.07,0.00,0.00,3 095.15,
2025.10.01 02:03:58,3247,XAUUSD,sell,out,0.02,3860.96,3253,-0.07,0.00,0.68,3 095.76,sl 3860.98
2025.10.01 02:16:04,3248,XAUUSD,buy,in,0.02,3861.89,3254,-0.07,0.00,0.00,3 095.69,
2025.10.01 02:46:52,3249,XAUUSD,sell,out,0.02,3862.05,3255,-0.07,0.00,0.32,3 095.94,sl 3862.05
2025.10.01 02:46:55,3250,XAUUSD,buy,in,0.02,3862.22,3256,-0.07,0.00,0.00,3 095.87,
2025.10.01 02:49:39,3251,XAUUSD,sell,out,0.02,3862.22,3257,-0.07,0.00,0.00,3 095.80,sl 3862.25
2025.10.01 03:11:00,3252,XAUUSD,buy,in,0.02,3865.09,3258,-0.07,0.00,0.00,3 095.73,
2025.10.01 04:36:38,3253,XAUUSD,sell,out,0.02,3865.22,3259,-0.07,0.00,0.26,3 095.92,sl 3865.22
2025.10.01 04:36:46,3254,XAUUSD,buy,in,0.02,3865.57,3260,-0.07,0.00,0.00,3 095.85,
2025.10.01 04:43:44,3255,XAUUSD,sell,out,0.02,3865.71,3261,-0.07,0.00,0.28,3 096.06,sl 3865.77
2025.10.01 05:00:53,3256,XAUUSD,buy,in,0.02,3868.82,3262,-0.07,0.00,0.00,3 095.99,
2025.10.01 05:04:33,3257,XAUUSD,sell,out,0.02,3870.15,3263,-0.07,0.00,2.66,3 098.58,sl 3870.18
2025.10.01 05:24:55,3258,XAUUSD,buy,in,0.02,3865.22,3264,-0.07,0.00,0.00,3 098.51,
2025.10.01 05:25:56,3259,XAUUSD,sell,out,0.02,3865.88,3265,-0.07,0.00,1.32,3 099.76,sl 3865.94
2025.10.01 05:48:58,3260,XAUUSD,buy,in,0.02,3865.73,3266,-0.07,0.00,0.00,3 099.69,
2025.10.01 05:51:45,3261,XAUUSD,sell,out,0.02,3866.40,3267,-0.07,0.00,1.34,3 100.96,sl 3866.40
2025.10.01 06:13:02,3262,XAUUSD,buy,in,0.02,3862.94,3268,-0.07,0.00,0.00,3 100.89,
2025.10.01 06:13:25,3263,XAUUSD,sell,out,0.02,3862.95,3269,-0.07,0.00,0.02,3 100.84,sl 3862.96
2025.10.01 06:37:02,3264,XAUUSD,buy,in,0.02,3859.40,3270,-0.07,0.00,0.00,3 100.77,
2025.10.01 06:39:15,3265,XAUUSD,sell,out,0.02,3859.68,3271,-0.07,0.00,0.56,3 101.26,sl 3859.68
2025.10.01 07:01:05,3266,XAUUSD,buy,in,0.02,3863.32,3272,-0.07,0.00,0.00,3 101.19,
2025.10.01 07:02:50,3267,XAUUSD,sell,out,0.02,3864.15,3273,-0.07,0.00,1.66,3 102.78,sl 3864.15
2025.10.01 07:25:08,3268,XAUUSD,buy,in,0.02,3860.84,3274,-0.07,0.00,0.00,3 102.71,
2025.10.01 07:29:38,3269,XAUUSD,sell,out,0.02,3861.07,3275,-0.07,0.00,0.46,3 103.10,sl 3861.08
2025.10.01 07:49:10,3270,XAUUSD,buy,in,0.02,3861.14,3276,-0.07,0.00,0.00,3 103.03,
2025.10.01 07:53:25,3271,XAUUSD,sell,out,0.02,3863.09,3277,-0.07,0.00,3.90,3 106.86,sl 3863.24
2025.10.01 08:13:12,3272,XAUUSD,buy,in,0.02,3864.65,3278,-0.07,0.00,0.00,3 106.79,
2025.10.01 08:16:44,3273,XAUUSD,sell,out,0.02,3866.37,3279,-0.07,0.00,3.44,3 110.16,sl 3866.38
2025.10.01 08:37:17,3274,XAUUSD,buy,in,0.02,3864.96,3280,-0.07,0.00,0.00,3 110.09,
2025.10.01 10:13:27,3275,XAUUSD,sell,out,0.02,3865.83,3281,-0.07,0.00,1.74,3 111.76,sl 3865.84
2025.10.01 10:13:29,3276,XAUUSD,buy,in,0.02,3865.93,3282,-0.07,0.00,0.00,3 111.69,
2025.10.01 10:14:24,3277,XAUUSD,sell,out,0.02,3866.56,3283,-0.07,0.00,1.26,3 112.88,sl 3866.62
2025.10.01 10:37:32,3278,XAUUSD,buy,in,0.02,3873.65,3284,-0.07,0.00,0.00,3 112.81,
2025.10.01 10:48:24,3279,XAUUSD,sell,out,0.02,3873.90,3285,-0.07,0.00,0.50,3 113.24,sl 3873.95
2025.10.01 11:01:39,3280,XAUUSD,buy,in,0.02,3881.06,3286,-0.07,0.00,0.00,3 113.17,
2025.10.01 11:02:30,3281,XAUUSD,sell,out,0.02,3881.14,3287,-0.07,0.00,0.16,3 113.26,sl 3881.14
2025.10.01 11:25:47,3282,XAUUSD,buy,in,0.02,3892.40,3288,-0.07,0.00,0.00,3 113.19,
2025.10.01 11:27:05,3283,XAUUSD,sell,out,0.02,3893.15,3289,-0.07,0.00,1.50,3 114.62,sl 3893.16
2025.10.01 11:49:50,3284,XAUUSD,buy,in,0.02,3891.24,3290,-0.07,0.00,0.00,3 114.55,
2025.10.01 11:55:52,3285,XAUUSD,sell,out,0.02,3892.17,3291,-0.07,0.00,1.86,3 116.34,sl 3892.21
2025.10.02 17:53:57,3286,XAUUSD,sell,in,0.02,3825.96,3292,-0.07,0.00,0.00,3 116.27,
2025.10.02 18:38:01,3287,XAUUSD,buy,out,0.02,3821.32,3293,-0.07,0.00,9.28,3 125.48,sl 3821.28
2025.10.02 18:38:04,3288,XAUUSD,sell,in,0.02,3821.68,3294,-0.07,0.00,0.00,3 125.41,
2025.10.02 18:38:31,3289,XAUUSD,buy,out,0.02,3821.38,3295,-0.07,0.00,0.60,3 125.94,sl 3821.27
2025.10.03 16:22:35,3290,XAUUSD,buy,in,0.02,3882.95,3296,-0.07,0.00,0.00,3 125.87,
2025.10.03 16:24:15,3291,XAUUSD,sell,out,0.02,3883.18,3297,-0.07,0.00,0.46,3 126.26,sl 3883.21
2025.10.03 16:46:39,3292,XAUUSD,buy,in,0.02,3886.70,3298,-0.07,0.00,0.00,3 126.19,
2025.10.03 18:24:47,3293,XAUUSD,sell,in,0.02,3886.20,3299,-0.07,0.00,0.00,3 126.12,
2025.10.03 18:25:29,3294,XAUUSD,buy,out,0.02,3885.93,3300,-0.07,0.00,0.54,3 126.59,sl 3885.84
2025.10.03 18:28:19,3295,XAUUSD,sell,out,0.02,3888.32,3301,-0.07,0.00,3.24,3 129.76,sl 3888.33
2025.10.09 19:42:14,3296,XAUUSD,sell,in,0.02,3977.38,3302,-0.07,0.00,0.00,3 129.69,
2025.10.09 19:52:40,3297,XAUUSD,buy,out,0.02,3977.28,3303,-0.07,0.00,0.20,3 129.82,sl 3977.27
2025.10.09 20:06:21,3298,XAUUSD,sell,in,0.02,3962.73,3304,-0.07,0.00,0.00,3 129.75,
2025.10.09 20:06:32,3299,XAUUSD,buy,out,0.02,3962.71,3305,-0.07,0.00,0.04,3 129.72,sl 3962.68
2025.10.09 20:30:27,3300,XAUUSD,sell,in,0.02,3956.59,3306,-0.07,0.00,0.00,3 129.65,
2025.10.09 20:44:20,3301,XAUUSD,buy,out,0.02,3956.60,3307,-0.07,0.00,-0.02,3 129.56,sl 3956.50
2025.10.09 20:54:28,3302,XAUUSD,sell,in,0.02,3954.91,3308,-0.07,0.00,0.00,3 129.49,
2025.10.09 20:55:26,3303,XAUUSD,buy,out,0.02,3954.83,3309,-0.07,0.00,0.16,3 129.58,sl 3954.82
2025.10.09 21:18:33,3304,XAUUSD,sell,in,0.02,3966.48,3310,-0.07,0.00,0.00,3 129.51,
2025.10.09 21:19:05,3305,XAUUSD,buy,out,0.02,3966.07,3311,-0.07,0.00,0.82,3 130.26,sl 3965.99
2025.10.09 21:42:32,3306,XAUUSD,sell,in,0.02,3959.20,3312,-0.07,0.00,0.00,3 130.19,
2025.10.09 21:44:04,3307,XAUUSD,buy,out,0.02,3957.66,3313,-0.07,0.00,3.08,3 133.20,sl 3957.62
2025.10.09 22:06:37,3308,XAUUSD,sell,in,0.02,3963.02,3314,-0.07,0.00,0.00,3 133.13,
2025.10.09 22:07:50,3309,XAUUSD,buy,out,0.02,3962.46,3315,-0.07,0.00,1.12,3 134.18,sl 3962.38
2025.10.09 22:58:12,3310,XAUUSD,sell,in,0.02,3973.58,3316,-0.07,0.00,0.00,3 134.11,
2025.10.09 22:59:16,3311,XAUUSD,buy,out,0.02,3972.83,3317,-0.07,0.00,1.50,3 135.54,sl 3972.80
2025.10.10 01:10:20,3312,XAUUSD,sell,in,0.02,3969.70,3318,-0.07,0.00,0.00,3 135.47,
2025.10.10 01:11:05,3313,XAUUSD,buy,out,0.02,3968.63,3319,-0.07,0.00,2.14,3 137.54,sl 3968.30
2025.10.10 04:40:36,3314,XAUUSD,sell,in,0.02,3970.26,3320,-0.07,0.00,0.00,3 137.47,
2025.10.10 06:18:42,3315,XAUUSD,buy,in,0.02,3974.02,3321,-0.07,0.00,0.00,3 137.40,
2025.10.10 06:24:19,3316,XAUUSD,buy,out,0.02,3970.21,3322,-0.07,0.00,0.10,3 137.43,sl 3970.08
2025.10.10 08:18:35,3317,XAUUSD,sell,out,0.02,3974.69,3323,-0.07,0.00,1.34,3 138.70,sl 3974.69
2025.10.10 18:27:15,3318,XAUUSD,buy,in,0.02,4019.83,3324,-0.07,0.00,0.00,3 138.63,
2025.10.10 18:30:52,3319,XAUUSD,sell,out,0.02,4020.90,3325,-0.07,0.00,2.14,3 140.70,sl 4020.91
2025.10.10 22:56:16,3320,XAUUSD,buy,in,0.02,4020.49,3326,-0.07,0.00,0.00,3 140.63,
2025.10.10 22:56:45,3321,XAUUSD,sell,out,0.02,4020.51,3327,-0.07,0.00,0.04,3 140.60,sl 4020.51
2025.10.13 01:02:02,3322,XAUUSD,buy,in,0.02,4020.00,3328,-0.07,0.00,0.00,3 140.53,
2025.10.13 01:02:13,3323,XAUUSD,sell,out,0.02,4021.75,3329,-0.07,0.00,3.50,3 143.96,sl 4021.91
2025.10.13 01:26:08,3324,XAUUSD,buy,in,0.02,4043.68,3330,-0.07,0.00,0.00,3 143.89,
2025.10.13 02:01:37,3325,XAUUSD,sell,out,0.02,4044.97,3331,-0.07,0.00,2.58,3 146.40,sl 4045.04
2025.10.13 02:01:50,3326,XAUUSD,buy,in,0.02,4046.15,3332,-0.07,0.00,0.00,3 146.33,
2025.10.13 02:04:36,3327,XAUUSD,sell,out,0.02,4049.83,3333,-0.07,0.00,7.36,3 153.62,sl 4049.88
2025.10.13 02:25:57,3328,XAUUSD,buy,in,0.02,4049.79,3335,-0.07,0.00,0.00,3 153.55,
2025.10.13 02:28:27,3329,XAUUSD,sell,out,0.02,4052.62,3336,-0.07,0.00,5.66,3 159.14,sl 4052.71
2025.10.13 02:50:03,3330,XAUUSD,buy,in,0.02,4042.43,3337,-0.07,0.00,0.00,3 159.07,
2025.10.13 03:36:08,3331,XAUUSD,sell,out,0.02,4043.66,3338,-0.07,0.00,2.46,3 161.46,sl 4043.66
2025.10.13 03:36:08,3332,XAUUSD,buy,in,0.02,4043.71,3339,-0.07,0.00,0.00,3 161.39,
2025.10.13 03:38:17,3333,XAUUSD,sell,out,0.02,4045.46,3340,-0.07,0.00,3.50,3 164.82,sl 4045.46
2025.10.13 04:00:08,3334,XAUUSD,buy,in,0.02,4040.98,3341,-0.07,0.00,0.00,3 164.75,
2025.10.13 04:03:58,3335,XAUUSD,sell,out,0.02,4042.15,3342,-0.07,0.00,2.34,3 167.02,sl 4042.16
2025.10.13 04:24:13,3336,XAUUSD,buy,in,0.02,4044.24,3343,-0.07,0.00,0.00,3 166.95,
2025.10.13 04:24:36,3337,XAUUSD,sell,out,0.02,4044.35,3344,-0.07,0.00,0.22,3 167.10,sl 4044.43
2025.10.13 04:48:15,3338,XAUUSD,buy,in,0.02,4048.18,3345,-0.07,0.00,0.00,3 167.03,
2025.10.13 04:49:18,3339,XAUUSD,sell,out,0.02,4048.23,3346,-0.07,0.00,0.10,3 167.06,sl 4048.23
2025.10.13 05:12:20,3340,XAUUSD,buy,in,0.02,4052.87,3347,-0.07,0.00,0.00,3 166.99,
2025.10.13 06:37:15,3341,XAUUSD,sell,out,0.02,4053.63,3348,-0.07,0.00,1.52,3 168.44,sl 4053.63
2025.10.13 06:37:31,3342,XAUUSD,buy,in,0.02,4054.02,3349,-0.07,0.00,0.00,3 168.37,
2025.10.13 06:41:34,3343,XAUUSD,sell,out,0.02,4054.08,3350,-0.07,0.00,0.12,3 168.42,sl 4054.18
2025.10.13 07:01:33,3344,XAUUSD,buy,in,0.02,4052.10,3351,-0.07,0.00,0.00,3 168.35,
2025.10.13 07:04:11,3345,XAUUSD,sell,out,0.02,4052.55,3352,-0.07,0.00,0.90,3 169.18,sl 4052.56
2025.10.13 07:25:38,3346,XAUUSD,buy,in,0.02,4055.29,3353,-0.07,0.00,0.00,3 169.11,
2025.10.13 07:27:00,3347,XAUUSD,sell,out,0.02,4055.50,3354,-0.07,0.00,0.42,3 169.46,sl 4055.50
2025.10.13 07:49:42,3348,XAUUSD,buy,in,0.02,4056.32,3355,-0.07,0.00,0.00,3 169.39,
2025.10.13 07:50:11,3349,XAUUSD,sell,out,0.02,4056.32,3356,-0.07,0.00,0.00,3 169.32,sl 4056.34
2025.10.13 08:13:45,3350,XAUUSD,buy,in,0.02,4061.69,3357,-0.07,0.00,0.00,3 169.25,
2025.10.13 08:14:35,3351,XAUUSD,sell,out,0.02,4063.28,3358,-0.07,0.00,3.18,3 172.36,sl 4063.28
2025.10.13 08:37:45,3352,XAUUSD,buy,in,0.02,4073.78,3359,-0.07,0.00,0.00,3 172.29,
2025.10.13 08:37:51,3353,XAUUSD,sell,out,0.02,4073.80,3360,-0.07,0.00,0.04,3 172.26,sl 4073.81
2025.10.13 09:01:53,3354,XAUUSD,buy,in,0.02,4065.30,3361,-0.07,0.00,0.00,3 172.19,
2025.10.13 09:02:32,3355,XAUUSD,sell,out,0.02,4066.15,3362,-0.07,0.00,1.70,3 173.82,sl 4066.15
2025.10.13 09:25:57,3356,XAUUSD,buy,in,0.02,4069.78,3363,-0.07,0.00,0.00,3 173.75,
2025.10.13 09:31:15,3357,XAUUSD,sell,out,0.02,4069.81,3364,-0.07,0.00,0.06,3 173.74,sl 4069.81
2025.10.13 09:50:04,3358,XAUUSD,buy,in,0.02,4068.51,3365,-0.07,0.00,0.00,3 173.67,
2025.10.13 09:50:37,3359,XAUUSD,sell,out,0.02,4068.47,3366,-0.07,0.00,-0.08,3 173.52,sl 4068.53
2025.10.13 10:14:06,3360,XAUUSD,buy,in,0.02,4072.54,3367,-0.07,0.00,0.00,3 173.45,
2025.10.13 10:14:22,3361,XAUUSD,sell,out,0.02,4072.55,3368,-0.07,0.00,0.02,3 173.40,sl 4072.56
2025.10.13 10:38:23,3362,XAUUSD,buy,in,0.02,4071.51,3369,-0.07,0.00,0.00,3 173.33,
2025.10.13 10:39:30,3363,XAUUSD,sell,out,0.02,4072.62,3370,-0.07,0.00,2.22,3 175.48,sl 4072.75
2025.10.13 11:02:22,3364,XAUUSD,buy,in,0.02,4071.74,3371,-0.07,0.00,0.00,3 175.41,
2025.10.13 11:05:52,3365,XAUUSD,sell,out,0.02,4073.78,3372,-0.07,0.00,4.08,3 179.42,sl 4073.78
2025.10.13 11:26:25,3366,XAUUSD,buy,in,0.02,4074.17,3373,-0.07,0.00,0.00,3 179.35,
2025.10.13 11:27:11,3367,XAUUSD,sell,out,0.02,4075.15,3374,-0.07,0.00,1.96,3 181.24,sl 4075.17
2025.10.13 11:50:30,3368,XAUUSD,buy,in,0.02,4076.36,3375,-0.07,0.00,0.00,3 181.17,
2025.10.13 11:52:08,3369,XAUUSD,sell,out,0.02,4077.02,3376,-0.07,0.00,1.32,3 182.42,sl 4077.03
2025.10.13 12:14:35,3370,XAUUSD,buy,in,0.02,4076.30,3377,-0.07,0.00,0.00,3 182.35,
2025.10.13 12:52:03,3371,XAUUSD,sell,out,0.02,4077.22,3378,-0.07,0.00,1.84,3 184.12,sl 4077.22
2025.10.13 12:52:08,3372,XAUUSD,buy,in,0.02,4077.26,3379,-0.07,0.00,0.00,3 184.05,
2025.10.13 12:53:29,3373,XAUUSD,sell,out,0.02,4078.35,3380,-0.07,0.00,2.18,3 186.16,sl 4078.40
2025.10.13 13:16:10,3374,XAUUSD,buy,in,0.02,4073.24,3381,-0.07,0.00,0.00,3 186.09,
2025.10.13 13:17:39,3375,XAUUSD,sell,out,0.02,4073.40,3382,-0.07,0.00,0.32,3 186.34,sl 4073.40
2025.10.13 13:40:12,3376,XAUUSD,buy,in,0.02,4078.23,3383,-0.07,0.00,0.00,3 186.27,
2025.10.13 13:41:07,3377,XAUUSD,sell,out,0.02,4078.97,3384,-0.07,0.00,1.48,3 187.68,sl 4078.98
2025.10.13 14:04:16,3378,XAUUSD,buy,in,0.02,4077.53,3385,-0.07,0.00,0.00,3 187.61,
2025.10.13 14:04:43,3379,XAUUSD,sell,out,0.02,4077.72,3386,-0.07,0.00,0.38,3 187.92,sl 4078.26
2025.10.13 14:28:22,3380,XAUUSD,buy,in,0.02,4080.55,3387,-0.07,0.00,0.00,3 187.85,
2025.10.13 14:29:49,3381,XAUUSD,sell,out,0.02,4081.22,3388,-0.07,0.00,1.34,3 189.12,sl 4081.23
2025.10.13 14:52:37,3382,XAUUSD,buy,in,0.02,4075.53,3389,-0.07,0.00,0.00,3 189.05,
2025.10.13 14:53:28,3383,XAUUSD,sell,out,0.02,4076.22,3390,-0.07,0.00,1.38,3 190.36,sl 4076.23
2025.10.13 15:16:54,3384,XAUUSD,buy,in,0.02,4074.48,3391,-0.07,0.00,0.00,3 190.29,
2025.10.13 15:17:19,3385,XAUUSD,sell,out,0.02,4074.67,3392,-0.07,0.00,0.38,3 190.60,sl 4074.68
2025.10.13 15:40:54,3386,XAUUSD,buy,in,0.02,4079.25,3393,-0.07,0.00,0.00,3 190.53,
2025.10.13 15:43:03,3387,XAUUSD,sell,out,0.02,4080.25,3394,-0.07,0.00,2.00,3 192.46,sl 4080.30
2025.10.13 16:04:56,3388,XAUUSD,buy,in,0.02,4081.99,3395,-0.07,0.00,0.00,3 192.39,
2025.10.13 16:05:23,3389,XAUUSD,sell,out,0.02,4083.40,3396,-0.07,0.00,2.82,3 195.14,sl 4083.42
2025.10.13 16:28:57,3390,XAUUSD,buy,in,0.02,4091.82,3397,-0.07,0.00,0.00,3 195.07,
2025.10.13 16:30:03,3391,XAUUSD,sell,out,0.02,4091.86,3398,-0.07,0.00,0.08,3 195.08,sl 4091.99
2025.10.13 16:53:03,3392,XAUUSD,buy,in,0.02,4093.42,3399,-0.07,0.00,0.00,3 195.01,
2025.10.13 16:53:54,3393,XAUUSD,sell,out,0.02,4093.55,3400,-0.07,0.00,0.26,3 195.20,sl 4093.56
2025.10.13 17:17:11,3394,XAUUSD,buy,in,0.02,4092.19,3401,-0.07,0.00,0.00,3 195.13,
2025.10.13 17:18:39,3395,XAUUSD,sell,out,0.02,4093.29,3402,-0.07,0.00,2.20,3 197.26,sl 4093.29
2025.10.13 17:41:18,3396,XAUUSD,buy,in,0.02,4098.53,3403,-0.07,0.00,0.00,3 197.19,
2025.10.13 17:46:20,3397,XAUUSD,sell,out,0.02,4099.15,3404,-0.07,0.00,1.24,3 198.36,sl 4099.15
2025.10.17 17:05:56,3398,XAUUSD,sell,in,0.02,4229.40,3405,-0.07,0.00,0.00,3 198.29,
2025.10.17 17:15:01,3399,XAUUSD,buy,out,0.02,4224.06,3406,-0.07,0.00,10.68,3 208.90,sl 4223.79
2025.10.17 19:25:31,3400,XAUUSD,sell,in,0.02,4224.95,3407,-0.07,0.00,0.00,3 208.83,
2025.10.17 19:25:37,3401,XAUUSD,buy,out,0.02,4224.87,3408,-0.07,0.00,0.16,3 208.92,sl 4224.85
2025.10.17 19:49:37,3402,XAUUSD,sell,in,0.02,4216.44,3409,-0.07,0.00,0.00,3 208.85,
2025.10.17 19:49:52,3403,XAUUSD,buy,out,0.02,4216.05,3410,-0.07,0.00,0.78,3 209.56,sl 4215.83
2025.10.17 20:13:45,3404,XAUUSD,sell,in,0.02,4197.58,3411,-0.07,0.00,0.00,3 209.49,
2025.10.17 20:14:02,3405,XAUUSD,buy,out,0.02,4197.53,3412,-0.07,0.00,0.10,3 209.52,sl 4197.52
2025.10.17 20:37:51,3406,XAUUSD,sell,in,0.02,4210.05,3413,-0.07,0.00,0.00,3 209.45,
2025.10.17 20:38:09,3407,XAUUSD,buy,out,0.02,4210.15,3414,-0.07,0.00,-0.20,3 209.18,sl 4210.02
2025.10.17 21:02:08,3408,XAUUSD,sell,in,0.02,4222.48,3415,-0.07,0.00,0.00,3 209.11,
2025.10.17 22:16:10,3409,XAUUSD,buy,out,0.02,4222.25,3416,-0.07,0.00,0.46,3 209.50,sl 4222.25
2025.10.17 22:16:14,3410,XAUUSD,sell,in,0.02,4222.60,3417,-0.07,0.00,0.00,3 209.43,
2025.10.17 22:16:57,3411,XAUUSD,buy,out,0.02,4221.10,3418,-0.07,0.00,3.00,3 212.36,sl 4221.08
2025.10.17 22:44:43,3412,XAUUSD,sell,in,0.02,4222.11,3420,-0.07,0.00,0.00,3 212.29,
2025.10.17 22:45:38,3413,XAUUSD,buy,out,0.02,4221.91,3421,-0.07,0.00,0.40,3 212.62,sl 4221.91
2025.10.20 03:26:40,3414,XAUUSD,sell,in,0.02,4221.11,3422,-0.07,0.00,0.00,3 212.55,
2025.10.20 03:26:51,3415,XAUUSD,buy,out,0.02,4221.10,3423,-0.07,0.00,0.02,3 212.50,sl 4221.10
2025.10.20 09:30:54,3416,XAUUSD,sell,in,0.02,4221.92,3424,-0.07,0.00,0.00,3 212.43,
2025.10.20 10:10:08,3417,XAUUSD,buy,out,0.02,4249.61,3425,-0.07,0.00,-55.38,3 156.98,
2025.10.20 14:59:45,3418,XAUUSD,buy,in,0.02,4278.47,3426,-0.07,0.00,0.00,3 156.91,
2025.10.20 15:00:10,3419,XAUUSD,sell,out,0.02,4280.43,3427,-0.07,0.00,3.92,3 160.76,sl 4280.51
2025.10.20 15:23:48,3420,XAUUSD,buy,in,0.02,4295.14,3428,-0.07,0.00,0.00,3 160.69,
2025.10.20 15:24:41,3421,XAUUSD,sell,out,0.02,4297.24,3429,-0.07,0.00,4.20,3 164.82,sl 4297.25
2025.10.20 15:47:47,3422,XAUUSD,buy,in,0.02,4316.03,3430,-0.07,0.00,0.00,3 164.75,
2025.10.20 15:47:56,3423,XAUUSD,sell,out,0.02,4316.84,3431,-0.07,0.00,1.62,3 166.30,sl 4316.90
2025.10.20 16:11:48,3424,XAUUSD,buy,in,0.02,4322.18,3432,-0.07,0.00,0.00,3 166.23,
2025.10.20 16:12:08,3425,XAUUSD,sell,out,0.02,4322.08,3433,-0.07,0.00,-0.20,3 165.96,sl 4322.28
2025.10.20 16:35:58,3426,XAUUSD,buy,in,0.02,4304.68,3434,-0.07,0.00,0.00,3 165.89,
2025.10.20 16:36:44,3427,XAUUSD,sell,out,0.02,4307.39,3435,-0.07,0.00,5.42,3 171.24,sl 4307.42
2025.10.20 17:00:05,3428,XAUUSD,buy,in,0.02,4299.45,3436,-0.07,0.00,0.00,3 171.17,
2025.10.20 17:00:15,3429,XAUUSD,sell,out,0.02,4299.00,3437,-0.07,0.00,-0.90,3 170.20,sl 4299.50
2025.10.20 17:24:07,3430,XAUUSD,buy,in,0.02,4328.86,3438,-0.07,0.00,0.00,3 170.13,
2025.10.20 17:25:03,3431,XAUUSD,sell,out,0.02,4329.25,3439,-0.07,0.00,0.78,3 170.84,sl 4329.26
2025.10.20 17:48:14,3432,XAUUSD,buy,in,0.02,4332.05,3440,-0.07,0.00,0.00,3 170.77,
2025.10.20 17:51:34,3433,XAUUSD,sell,out,0.02,4332.13,3441,-0.07,0.00,0.16,3 170.86,sl 4332.13
2025.10.20 18:12:18,3434,XAUUSD,buy,in,0.02,4345.58,3442,-0.07,0.00,0.00,3 170.79,
2025.10.20 18:13:13,3435,XAUUSD,sell,out,0.02,4346.49,3443,-0.07,0.00,1.82,3 172.54,sl 4346.49
2025.10.20 18:36:22,3436,XAUUSD,buy,in,0.02,4347.81,3444,-0.07,0.00,0.00,3 172.47,
2025.10.20 18:37:48,3437,XAUUSD,sell,out,0.02,4348.40,3445,-0.07,0.00,1.18,3 173.58,sl 4348.41
2025.10.20 19:00:23,3438,XAUUSD,buy,in,0.02,4348.64,3446,-0.07,0.00,0.00,3 173.51,
2025.10.20 19:07:04,3439,XAUUSD,sell,out,0.02,4349.51,3447,-0.07,0.00,1.74,3 175.18,sl 4349.54
2025.10.20 19:24:25,3440,XAUUSD,buy,in,0.02,4347.41,3448,-0.07,0.00,0.00,3 175.11,
2025.10.20 19:34:40,3441,XAUUSD,sell,out,0.02,4347.40,3449,-0.07,0.00,-0.02,3 175.02,sl 4347.43
2025.10.20 19:48:24,3442,XAUUSD,buy,in,0.02,4344.68,3450,-0.07,0.00,0.00,3 174.95,
2025.10.20 19:49:18,3443,XAUUSD,sell,out,0.02,4345.43,3451,-0.07,0.00,1.50,3 176.38,sl 4345.44
2025.10.20 20:12:25,3444,XAUUSD,buy,in,0.02,4348.43,3453,-0.07,0.00,0.00,3 176.31,
2025.10.20 20:22:53,3445,XAUUSD,sell,out,0.02,4348.65,3454,-0.07,0.00,0.44,3 176.68,sl 4348.66
2025.10.20 20:36:28,3446,XAUUSD,buy,in,0.02,4339.32,3455,-0.07,0.00,0.00,3 176.61,
2025.10.20 20:41:15,3447,XAUUSD,sell,out,0.02,4346.52,3456,-0.07,0.00,14.40,3 190.94,sl 4346.56
2025.10.20 21:00:28,3448,XAUUSD,buy,in,0.02,4347.99,3457,-0.07,0.00,0.00,3 190.87,
2025.10.20 21:02:14,3449,XAUUSD,sell,out,0.02,4348.51,3458,-0.07,0.00,1.04,3 191.84,sl 4348.51
2025.10.20 21:24:36,3450,XAUUSD,buy,in,0.02,4348.88,3459,-0.07,0.00,0.00,3 191.77,
2025.10.20 21:25:16,3451,XAUUSD,sell,out,0.02,4348.89,3460,-0.07,0.00,0.02,3 191.72,sl 4348.93
2025.10.20 21:48:40,3452,XAUUSD,buy,in,0.02,4360.44,3461,-0.07,0.00,0.00,3 191.65,
2025.10.20 21:49:06,3453,XAUUSD,sell,out,0.02,4360.48,3462,-0.07,0.00,0.08,3 191.66,sl 4360.48
2025.10.20 22:12:43,3454,XAUUSD,buy,in,0.02,4367.11,3463,-0.07,0.00,0.00,3 191.59,
2025.10.20 22:32:17,3455,XAUUSD,sell,out,0.02,4367.02,3464,-0.07,0.00,-0.18,3 191.34,sl 4367.17
2025.10.20 22:36:45,3456,XAUUSD,buy,in,0.02,4366.51,3465,-0.07,0.00,0.00,3 191.27,
2025.10.20 22:36:58,3457,XAUUSD,sell,out,0.02,4366.55,3466,-0.07,0.00,0.08,3 191.28,sl 4366.57
2025.10.20 23:00:45,3458,XAUUSD,buy,in,0.02,4380.03,3467,-0.07,0.00,0.00,3 191.21,
2025.10.21 11:01:57,3459,XAUUSD,sell,out,0.02,4293.07,3468,-0.07,-1.14,-173.92,3 016.08,
2025.10.21 11:12:59,3460,XAUUSD,sell,in,0.02,4263.42,3469,-0.07,0.00,0.00,3 016.01,
2025.10.21 11:13:21,3461,XAUUSD,buy,out,0.02,4260.50,3470,-0.07,0.00,5.84,3 021.78,sl 4260.50
2025.10.21 11:37:22,3462,XAUUSD,sell,in,0.02,4266.36,3471,-0.07,0.00,0.00,3 021.71,
2025.10.21 11:37:53,3463,XAUUSD,buy,out,0.02,4266.02,3472,-0.07,0.00,0.68,3 022.32,sl 4265.43
2025.10.21 12:05:40,3464,XAUUSD,sell,in,0.02,4264.35,3473,-0.07,0.00,0.00,3 022.25,
2025.10.21 12:05:52,3465,XAUUSD,buy,out,0.02,4264.02,3474,-0.07,0.00,0.66,3 022.84,sl 4263.98
2025.10.21 12:59:23,3466,XAUUSD,sell,in,0.02,4263.05,3475,-0.07,0.00,0.00,3 022.77,
2025.10.21 13:05:12,3467,XAUUSD,buy,out,0.02,4263.05,3476,-0.07,0.00,0.00,3 022.70,sl 4263.04
2025.10.21 13:23:24,3468,XAUUSD,sell,in,0.02,4258.56,3477,-0.07,0.00,0.00,3 022.63,
2025.10.21 13:34:55,3469,XAUUSD,buy,out,0.02,4257.43,3478,-0.07,0.00,2.26,3 024.82,sl 4257.34
2025.10.21 13:47:28,3470,XAUUSD,sell,in,0.02,4259.91,3479,-0.07,0.00,0.00,3 024.75,
2025.10.21 13:47:40,3471,XAUUSD,buy,out,0.02,4259.91,3480,-0.07,0.00,0.00,3 024.68,sl 4259.89
2025.10.21 14:19:28,3472,XAUUSD,sell,in,0.02,4261.99,3481,-0.07,0.00,0.00,3 024.61,
2025.10.21 14:19:54,3473,XAUUSD,buy,out,0.02,4261.03,3482,-0.07,0.00,1.92,3 026.46,sl 4260.99
2025.10.21 14:43:35,3474,XAUUSD,sell,in,0.02,4256.04,3484,-0.07,0.00,0.00,3 026.39,
2025.10.21 14:44:23,3475,XAUUSD,buy,out,0.02,4255.78,3485,-0.07,0.00,0.52,3 026.84,sl 4255.76
2025.10.21 15:07:40,3476,XAUUSD,sell,in,0.02,4253.28,3486,-0.07,0.00,0.00,3 026.77,
2025.10.21 15:08:17,3477,XAUUSD,buy,out,0.02,4252.67,3487,-0.07,0.00,1.22,3 027.92,sl 4252.63
2025.10.21 15:31:50,3478,XAUUSD,sell,in,0.02,4222.58,3488,-0.07,0.00,0.00,3 027.85,
2025.10.21 15:32:03,3479,XAUUSD,buy,out,0.02,4222.13,3489,-0.07,0.00,0.90,3 028.68,sl 4222.09
2025.10.21 15:55:50,3480,XAUUSD,sell,in,0.02,4212.42,3490,-0.07,0.00,0.00,3 028.61,
2025.10.21 15:59:49,3481,XAUUSD,buy,out,0.02,4212.26,3491,-0.07,0.00,0.32,3 028.86,sl 4212.25
2025.10.21 16:19:54,3482,XAUUSD,sell,in,0.02,4205.89,3492,-0.07,0.00,0.00,3 028.79,
2025.10.21 16:20:08,3483,XAUUSD,buy,out,0.02,4204.76,3493,-0.07,0.00,2.26,3 030.98,sl 4204.71
2025.10.21 16:43:55,3484,XAUUSD,sell,in,0.02,4204.77,3494,-0.07,0.00,0.00,3 030.91,
2025.10.21 16:44:24,3485,XAUUSD,buy,out,0.02,4204.52,3495,-0.07,0.00,0.50,3 031.34,sl 4204.48
2025.10.21 17:07:56,3486,XAUUSD,sell,in,0.02,4177.78,3496,-0.07,0.00,0.00,3 031.27,
2025.10.21 17:07:57,3487,XAUUSD,buy,out,0.02,4177.66,3497,-0.07,0.00,0.24,3 031.44,sl 4177.63
2025.10.21 17:31:57,3488,XAUUSD,sell,in,0.02,4130.60,3498,-0.07,0.00,0.00,3 031.37,
2025.10.21 17:32:04,3489,XAUUSD,buy,out,0.02,4130.58,3499,-0.07,0.00,0.04,3 031.34,sl 4130.50
2025.10.21 17:55:58,3490,XAUUSD,sell,in,0.02,4119.85,3500,-0.07,0.00,0.00,3 031.27,
2025.10.21 19:22:42,3491,XAUUSD,buy,out,0.02,4118.35,3501,-0.07,0.00,3.00,3 034.20,sl 4118.35
2025.10.21 19:22:42,3492,XAUUSD,sell,in,0.02,4118.25,3502,-0.07,0.00,0.00,3 034.13,
2025.10.21 19:24:53,3493,XAUUSD,buy,out,0.02,4117.21,3503,-0.07,0.00,2.08,3 036.14,sl 4117.21
2025.10.21 19:46:49,3494,XAUUSD,sell,in,0.02,4112.28,3504,-0.07,0.00,0.00,3 036.07,
2025.10.21 19:47:10,3495,XAUUSD,buy,out,0.02,4112.35,3505,-0.07,0.00,-0.14,3 035.86,sl 4112.27
2025.10.21 20:10:52,3496,XAUUSD,sell,in,0.02,4106.10,3506,-0.07,0.00,0.00,3 035.79,
2025.10.21 20:11:31,3497,XAUUSD,buy,out,0.02,4103.97,3507,-0.07,0.00,4.26,3 039.98,sl 4103.95
2025.10.21 20:34:54,3498,XAUUSD,sell,in,0.02,4113.96,3508,-0.07,0.00,0.00,3 039.91,
2025.10.21 20:36:05,3499,XAUUSD,buy,out,0.02,4112.00,3509,-0.07,0.00,3.92,3 043.76,sl 4112.00
2025.10.21 20:59:03,3500,XAUUSD,sell,in,0.02,4111.40,3510,-0.07,0.00,0.00,3 043.69,
2025.10.21 21:00:01,3501,XAUUSD,buy,out,0.02,4111.72,3511,-0.07,0.00,-0.64,3 042.98,sl 4111.25
2025.10.21 21:23:20,3502,XAUUSD,sell,in,0.02,4116.07,3512,-0.07,0.00,0.00,3 042.91,
2025.10.21 21:28:36,3503,XAUUSD,buy,out,0.02,4115.89,3513,-0.07,0.00,0.36,3 043.20,sl 4115.87
2025.10.21 21:47:23,3504,XAUUSD,sell,in,0.02,4107.47,3514,-0.07,0.00,0.00,3 043.13,
2025.10.21 21:47:32,3505,XAUUSD,buy,out,0.02,4107.28,3515,-0.07,0.00,0.38,3 043.44,sl 4107.21
2025.10.21 22:11:23,3506,XAUUSD,sell,in,0.02,4111.40,3516,-0.07,0.00,0.00,3 043.37,
2025.10.21 22:12:32,3507,XAUUSD,buy,out,0.02,4108.26,3517,-0.07,0.00,6.28,3 049.58,sl 4108.12
2025.10.21 22:35:26,3508,XAUUSD,sell,in,0.02,4111.23,3518,-0.07,0.00,0.00,3 049.51,
2025.10.21 22:35:54,3509,XAUUSD,buy,out,0.02,4110.84,3519,-0.07,0.00,0.78,3 050.22,sl 4110.72
2025.10.21 22:59:30,3510,XAUUSD,sell,in,0.02,4106.68,3520,-0.07,0.00,0.00,3 050.15,
2025.10.22 02:50:36,3511,XAUUSD,buy,out,0.02,4106.58,3521,-0.07,0.81,0.20,3 051.09,sl 4106.58
2025.10.23 23:10:53,3512,XAUUSD,sell,in,0.02,4111.66,3522,-0.07,0.00,0.00,3 051.02,
2025.10.23 23:23:26,3513,XAUUSD,buy,out,0.02,4108.88,3523,-0.07,0.00,5.56,3 056.51,sl 4108.85
2025.10.23 23:35:36,3514,XAUUSD,sell,in,0.02,4112.18,3524,-0.07,0.00,0.00,3 056.44,
2025.10.24 01:13:46,3515,XAUUSD,buy,in,0.02,4126.73,3525,-0.07,0.00,0.00,3 056.37,
2025.10.24 02:22:19,3516,XAUUSD,buy,out,0.02,4112.31,3526,-0.07,0.81,-0.26,3 056.85,sl 4112.12
2025.10.24 03:09:03,3517,XAUUSD,sell,out,0.02,4128.51,3527,-0.07,0.00,3.56,3 060.34,sl 4128.52
2025.10.24 05:25:52,3518,XAUUSD,sell,in,0.02,4110.20,3528,-0.07,0.00,0.00,3 060.27,
2025.10.24 06:00:18,3519,XAUUSD,buy,out,0.02,4110.18,3529,-0.07,0.00,0.04,3 060.24,sl 4110.08
2025.10.24 06:01:59,3520,XAUUSD,sell,in,0.02,4108.99,3530,-0.07,0.00,0.00,3 060.17,
2025.10.24 06:02:36,3521,XAUUSD,buy,out,0.02,4109.01,3531,-0.07,0.00,-0.04,3 060.06,sl 4108.87
2025.10.24 07:21:18,3522,XAUUSD,sell,in,0.02,4108.57,3532,-0.07,0.00,0.00,3 059.99,
2025.10.24 07:22:04,3523,XAUUSD,buy,out,0.02,4108.54,3533,-0.07,0.00,0.06,3 059.98,sl 4108.51
2025.10.24 07:45:24,3524,XAUUSD,sell,in,0.02,4107.67,3534,-0.07,0.00,0.00,3 059.91,
2025.10.24 08:38:18,3525,XAUUSD,buy,out,0.02,4107.27,3535,-0.07,0.00,0.80,3 060.64,sl 4107.25
2025.10.24 08:38:19,3526,XAUUSD,sell,in,0.02,4107.72,3536,-0.07,0.00,0.00,3 060.57,
2025.10.24 08:38:44,3527,XAUUSD,buy,out,0.02,4107.74,3537,-0.07,0.00,-0.04,3 060.46,sl 4107.70
2025.10.24 09:02:24,3528,XAUUSD,sell,in,0.02,4102.61,3538,-0.07,0.00,0.00,3 060.39,
2025.10.24 09:03:28,3529,XAUUSD,buy,out,0.02,4097.30,3539,-0.07,0.00,10.62,3 070.94,sl 4097.25
2025.10.24 09:26:26,3530,XAUUSD,sell,in,0.02,4082.79,3540,-0.07,0.00,0.00,3 070.87,
2025.10.24 10:51:48,3531,XAUUSD,buy,out,0.02,4078.04,3541,-0.07,0.00,9.50,3 080.30,sl 4077.86
2025.10.24 10:52:10,3532,XAUUSD,sell,in,0.02,4076.45,3542,-0.07,0.00,0.00,3 080.23,
2025.10.24 10:53:05,3533,XAUUSD,buy,out,0.02,4075.04,3543,-0.07,0.00,2.82,3 082.98,sl 4074.96
2025.10.24 11:16:20,3534,XAUUSD,sell,in,0.02,4050.51,3544,-0.07,0.00,0.00,3 082.91,
2025.10.24 11:16:28,3535,XAUUSD,buy,out,0.02,4050.48,3545,-0.07,0.00,0.06,3 082.90,sl 4050.45
2025.10.24 11:40:37,3536,XAUUSD,sell,in,0.02,4057.65,3546,-0.07,0.00,0.00,3 082.83,
2025.10.24 11:41:48,3537,XAUUSD,buy,out,0.02,4052.94,3547,-0.07,0.00,9.42,3 092.18,sl 4052.93
2025.10.24 12:04:41,3538,XAUUSD,sell,in,0.02,4065.59,3548,-0.07,0.00,0.00,3 092.11,
2025.10.24 12:52:07,3539,XAUUSD,buy,out,0.02,4064.11,3549,-0.07,0.00,2.96,3 095.00,sl 4064.01
2025.10.24 12:52:13,3540,XAUUSD,sell,in,0.02,4063.43,3550,-0.07,0.00,0.00,3 094.93,
2025.10.24 12:52:51,3541,XAUUSD,buy,out,0.02,4062.97,3551,-0.07,0.00,0.92,3 095.78,sl 4062.86
2025.10.24 13:16:16,3542,XAUUSD,sell,in,0.02,4066.78,3552,-0.07,0.00,0.00,3 095.71,
2025.10.24 13:18:53,3543,XAUUSD,buy,out,0.02,4066.81,3553,-0.07,0.00,-0.06,3 095.58,sl 4066.74
2025.10.24 13:40:18,3544,XAUUSD,sell,in,0.02,4059.83,3554,-0.07,0.00,0.00,3 095.51,
2025.10.24 13:41:30,3545,XAUUSD,buy,out,0.02,4059.79,3555,-0.07,0.00,0.08,3 095.52,sl 4059.79
2025.10.24 14:04:20,3546,XAUUSD,sell,in,0.02,4047.48,3556,-0.07,0.00,0.00,3 095.45,
2025.10.24 14:04:33,3547,XAUUSD,buy,out,0.02,4047.64,3557,-0.07,0.00,-0.32,3 095.06,sl 4047.47
2025.10.24 14:28:27,3548,XAUUSD,sell,in,0.02,4056.33,3558,-0.07,0.00,0.00,3 094.99,
2025.10.24 14:30:32,3549,XAUUSD,buy,out,0.02,4056.20,3559,-0.07,0.00,0.26,3 095.18,sl 4056.20
2025.10.24 14:52:35,3550,XAUUSD,sell,in,0.02,4062.94,3560,-0.07,0.00,0.00,3 095.11,
2025.10.24 14:52:50,3551,XAUUSD,buy,out,0.02,4062.86,3561,-0.07,0.00,0.16,3 095.20,sl 4062.74
2025.10.24 15:16:40,3552,XAUUSD,sell,in,0.02,4062.71,3562,-0.07,0.00,0.00,3 095.13,
2025.10.24 15:21:21,3553,XAUUSD,buy,out,0.02,4061.16,3563,-0.07,0.00,3.10,3 098.16,sl 4061.10
2025.10.24 15:40:43,3554,XAUUSD,sell,in,0.02,4082.93,3564,-0.07,0.00,0.00,3 098.09,
2025.10.24 15:41:03,3555,XAUUSD,buy,out,0.02,4082.89,3565,-0.07,0.00,0.08,3 098.10,sl 4082.88
2025.10.24 16:04:50,3556,XAUUSD,sell,in,0.02,4088.45,3566,-0.07,0.00,0.00,3 098.03,
2025.10.24 16:24:03,3557,XAUUSD,buy,out,0.02,4119.76,3567,-0.07,0.00,-62.62,3 035.34,
2025.10.27 01:02:05,3558,XAUUSD,sell,in,0.02,4066.20,3568,-0.07,0.00,0.00,3 035.27,
2025.10.27 01:02:23,3559,XAUUSD,buy,out,0.02,4065.90,3569,-0.07,0.00,0.60,3 035.80,sl 4065.90
2025.10.27 01:29:01,3560,XAUUSD,sell,in,0.02,4093.39,3570,-0.07,0.00,0.00,3 035.73,
2025.10.27 01:29:25,3561,XAUUSD,buy,out,0.02,4092.49,3571,-0.07,0.00,1.80,3 037.46,sl 4092.24
2025.10.27 01:53:04,3562,XAUUSD,sell,in,0.02,4076.23,3572,-0.07,0.00,0.00,3 037.39,
2025.10.27 01:54:16,3563,XAUUSD,buy,out,0.02,4075.70,3573,-0.07,0.00,1.06,3 038.38,sl 4075.33
2025.10.27 02:17:12,3564,XAUUSD,sell,in,0.02,4084.79,3574,-0.07,0.00,0.00,3 038.31,
2025.10.27 02:19:44,3565,XAUUSD,buy,out,0.02,4083.67,3575,-0.07,0.00,2.24,3 040.48,sl 4083.54
2025.10.27 02:41:12,3566,XAUUSD,sell,in,0.02,4071.25,3576,-0.07,0.00,0.00,3 040.41,
2025.10.27 02:42:02,3567,XAUUSD,buy,out,0.02,4070.04,3577,-0.07,0.00,2.42,3 042.76,sl 4070.02
2025.10.27 03:05:18,3568,XAUUSD,sell,in,0.02,4062.97,3578,-0.07,0.00,0.00,3 042.69,
2025.10.27 03:05:33,3569,XAUUSD,buy,out,0.02,4063.11,3579,-0.07,0.00,-0.28,3 042.34,sl 4062.95
2025.10.27 03:29:24,3570,XAUUSD,sell,in,0.02,4068.01,3580,-0.07,0.00,0.00,3 042.27,
2025.10.27 03:29:57,3571,XAUUSD,buy,out,0.02,4067.71,3581,-0.07,0.00,0.60,3 042.80,sl 4067.63
2025.10.27 03:53:31,3572,XAUUSD,sell,in,0.02,4077.46,3582,-0.07,0.00,0.00,3 042.73,
2025.10.27 03:55:34,3573,XAUUSD,buy,out,0.02,4077.29,3583,-0.07,0.00,0.34,3 043.00,sl 4077.28
2025.10.27 04:31:44,3574,XAUUSD,sell,in,0.02,4089.10,3584,-0.07,0.00,0.00,3 042.93,
2025.10.27 04:32:01,3575,XAUUSD,buy,out,0.02,4086.88,3585,-0.07,0.00,4.44,3 047.30,sl 4086.86
2025.10.27 04:55:50,3576,XAUUSD,sell,in,0.02,4085.06,3586,-0.07,0.00,0.00,3 047.23,
2025.10.27 04:57:45,3577,XAUUSD,buy,out,0.02,4083.86,3587,-0.07,0.00,2.40,3 049.56,sl 4083.85
2025.10.27 05:19:51,3578,XAUUSD,sell,in,0.02,4074.79,3588,-0.07,0.00,0.00,3 049.49,
2025.10.27 05:21:42,3579,XAUUSD,buy,out,0.02,4072.58,3589,-0.07,0.00,4.42,3 053.84,sl 4072.50
2025.10.27 05:43:59,3580,XAUUSD,sell,in,0.02,4077.84,3590,-0.07,0.00,0.00,3 053.77,
2025.10.27 05:44:13,3581,XAUUSD,buy,out,0.02,4077.60,3591,-0.07,0.00,0.48,3 054.18,sl 4077.60
2025.10.27 06:08:05,3582,XAUUSD,sell,in,0.02,4073.36,3592,-0.07,0.00,0.00,3 054.11,
2025.10.27 06:16:24,3583,XAUUSD,buy,out,0.02,4072.44,3593,-0.07,0.00,1.84,3 055.88,sl 4072.43
2025.10.27 06:32:09,3584,XAUUSD,sell,in,0.02,4076.81,3594,-0.07,0.00,0.00,3 055.81,
2025.10.27 06:34:18,3585,XAUUSD,buy,out,0.02,4076.08,3595,-0.07,0.00,1.46,3 057.20,sl 4076.08
2025.10.27 06:56:25,3586,XAUUSD,sell,in,0.02,4072.13,3596,-0.07,0.00,0.00,3 057.13,
2025.10.27 06:57:43,3587,XAUUSD,buy,out,0.02,4071.29,3597,-0.07,0.00,1.68,3 058.74,sl 4071.25
2025.10.27 07:20:28,3588,XAUUSD,sell,in,0.02,4061.03,3598,-0.07,0.00,0.00,3 058.67,
2025.10.27 07:31:50,3589,XAUUSD,buy,out,0.02,4059.99,3599,-0.07,0.00,2.08,3 060.68,sl 4059.99
2025.10.27 07:44:29,3590,XAUUSD,sell,in,0.02,4059.60,3600,-0.07,0.00,0.00,3 060.61,
2025.10.27 09:22:35,3591,XAUUSD,buy,in,0.02,4080.30,3601,-0.07,0.00,0.00,3 060.54,
2025.10.27 09:24:08,3592,XAUUSD,sell,out,0.02,4080.29,3602,-0.07,0.00,-0.02,3 060.45,sl 4080.34
2025.10.27 11:24:10,3593,XAUUSD,buy,out,0.02,4058.90,3603,-0.07,0.00,1.40,3 061.78,sl 4058.90
2025.10.29 12:51:33,3594,XAUUSD,buy,in,0.02,4028.87,3604,-0.07,0.00,0.00,3 061.71,
2025.10.29 12:56:07,3595,XAUUSD,sell,out,0.02,4028.92,3605,-0.07,0.00,0.10,3 061.74,sl 4028.92
2025.10.29 21:35:32,3596,XAUUSD,sell,in,0.02,3975.49,3606,-0.07,0.00,0.00,3 061.67,
2025.10.29 21:36:14,3597,XAUUSD,buy,out,0.02,3970.27,3607,-0.07,0.00,10.44,3 072.04,sl 3970.05
2025.10.29 21:59:37,3598,XAUUSD,sell,in,0.02,3967.97,3608,-0.07,0.00,0.00,3 071.97,
2025.10.29 22:01:41,3599,XAUUSD,buy,out,0.02,3967.87,3609,-0.07,0.00,0.20,3 072.10,sl 3967.85
2025.10.29 22:23:37,3600,XAUUSD,sell,in,0.02,3963.10,3610,-0.07,0.00,0.00,3 072.03,
2025.10.29 22:24:17,3601,XAUUSD,buy,out,0.02,3960.41,3611,-0.07,0.00,5.38,3 077.34,sl 3960.36
2025.10.29 22:47:45,3602,XAUUSD,sell,in,0.02,3938.69,3612,-0.07,0.00,0.00,3 077.27,
2025.10.29 22:48:00,3603,XAUUSD,buy,out,0.02,3937.77,3613,-0.07,0.00,1.84,3 079.04,sl 3937.76
2025.10.29 23:11:45,3604,XAUUSD,sell,in,0.02,3940.01,3614,-0.07,0.00,0.00,3 078.97,
2025.10.29 23:16:56,3605,XAUUSD,buy,out,0.02,3939.81,3615,-0.07,0.00,0.40,3 079.30,sl 3939.78
2025.10.29 23:35:47,3606,XAUUSD,sell,in,0.02,3946.66,3616,-0.07,0.00,0.00,3 079.23,
2025.10.29 23:36:01,3607,XAUUSD,buy,out,0.02,3945.72,3617,-0.07,0.00,1.88,3 081.04,sl 3945.58
2025.10.30 01:02:04,3608,XAUUSD,sell,in,0.02,3926.81,3618,-0.07,0.00,0.00,3 080.97,
2025.10.30 01:03:00,3609,XAUUSD,buy,out,0.02,3926.08,3619,-0.07,0.00,1.46,3 082.36,sl 3926.04
2025.10.30 01:26:11,3610,XAUUSD,sell,in,0.02,3936.23,3620,-0.07,0.00,0.00,3 082.29,
2025.10.30 01:27:22,3611,XAUUSD,buy,out,0.02,3935.15,3621,-0.07,0.00,2.16,3 084.38,sl 3935.12
2025.10.30 01:50:13,3612,XAUUSD,sell,in,0.02,3945.63,3622,-0.07,0.00,0.00,3 084.31,
2025.10.30 01:51:52,3613,XAUUSD,buy,out,0.02,3945.55,3623,-0.07,0.00,0.16,3 084.40,sl 3945.50
2025.10.30 02:14:15,3614,XAUUSD,sell,in,0.02,3947.08,3624,-0.07,0.00,0.00,3 084.33,
2025.10.30 02:14:52,3615,XAUUSD,buy,out,0.02,3945.95,3625,-0.07,0.00,2.26,3 086.52,sl 3945.85
2025.10.30 02:38:15,3616,XAUUSD,sell,in,0.02,3947.98,3626,-0.07,0.00,0.00,3 086.45,
2025.10.30 02:43:19,3617,XAUUSD,buy,out,0.02,3946.49,3627,-0.07,0.00,2.98,3 089.36,sl 3946.44
2025.10.30 03:02:17,3618,XAUUSD,sell,in,0.02,3959.31,3628,-0.07,0.00,0.00,3 089.29,
2025.10.30 03:02:48,3619,XAUUSD,buy,out,0.02,3957.67,3629,-0.07,0.00,3.28,3 092.50,sl 3957.42
2025.10.30 03:26:18,3620,XAUUSD,sell,in,0.02,3956.20,3630,-0.07,0.00,0.00,3 092.43,
2025.10.30 03:36:26,3621,XAUUSD,buy,out,0.02,3952.91,3631,-0.07,0.00,6.58,3 098.94,sl 3952.82
2025.10.30 03:50:19,3622,XAUUSD,sell,in,0.02,3944.08,3632,-0.07,0.00,0.00,3 098.87,
2025.10.30 03:50:29,3623,XAUUSD,buy,out,0.02,3944.10,3633,-0.07,0.00,-0.04,3 098.76,sl 3944.07
2025.10.30 04:14:27,3624,XAUUSD,sell,in,0.02,3946.47,3634,-0.07,0.00,0.00,3 098.69,
2025.10.30 04:27:16,3625,XAUUSD,buy,out,0.02,3946.23,3635,-0.07,0.00,0.48,3 099.10,sl 3946.23
2025.10.30 04:38:26,3626,XAUUSD,sell,in,0.02,3956.04,3636,-0.07,0.00,0.00,3 099.03,
2025.10.30 04:40:07,3627,XAUUSD,buy,out,0.02,3950.07,3637,-0.07,0.00,11.94,3 110.90,sl 3950.07
2025.10.30 05:02:34,3628,XAUUSD,sell,in,0.02,3941.59,3638,-0.07,0.00,0.00,3 110.83,
2025.10.30 05:03:38,3629,XAUUSD,buy,out,0.02,3941.41,3639,-0.07,0.00,0.36,3 111.12,sl 3941.36
2025.10.30 05:26:36,3630,XAUUSD,sell,in,0.02,3936.56,3640,-0.07,0.00,0.00,3 111.05,
2025.10.30 05:28:18,3631,XAUUSD,buy,out,0.02,3933.88,3641,-0.07,0.00,5.36,3 116.34,sl 3933.86
2025.10.30 05:50:41,3632,XAUUSD,sell,in,0.02,3932.49,3642,-0.07,0.00,0.00,3 116.27,
2025.10.30 05:51:04,3633,XAUUSD,buy,out,0.02,3931.25,3643,-0.07,0.00,2.48,3 118.68,sl 3931.22
2025.10.30 06:14:44,3634,XAUUSD,sell,in,0.02,3929.16,3644,-0.07,0.00,0.00,3 118.61,
2025.10.30 06:15:00,3635,XAUUSD,buy,out,0.02,3929.16,3645,-0.07,0.00,0.00,3 118.54,sl 3929.15
2025.10.30 06:38:44,3636,XAUUSD,sell,in,0.02,3936.45,3646,-0.07,0.00,0.00,3 118.47,
2025.10.30 06:40:56,3637,XAUUSD,buy,out,0.02,3935.71,3647,-0.07,0.00,1.48,3 119.88,sl 3935.71
2025.10.30 07:02:44,3638,XAUUSD,sell,in,0.02,3942.04,3648,-0.07,0.00,0.00,3 119.81,
2025.10.30 07:03:22,3639,XAUUSD,buy,out,0.02,3940.52,3649,-0.07,0.00,3.04,3 122.78,sl 3940.52
2025.10.30 07:26:46,3640,XAUUSD,sell,in,0.02,3956.23,3650,-0.07,0.00,0.00,3 122.71,
2025.10.30 07:27:14,3641,XAUUSD,buy,out,0.02,3954.41,3651,-0.07,0.00,3.64,3 126.28,sl 3954.30
2025.10.30 08:16:49,3642,XAUUSD,sell,in,0.02,3960.78,3652,-0.07,0.00,0.00,3 126.21,
2025.10.30 08:17:25,3643,XAUUSD,buy,out,0.02,3960.14,3653,-0.07,0.00,1.28,3 127.42,sl 3960.13
2025.10.30 08:40:52,3644,XAUUSD,sell,in,0.02,3958.24,3654,-0.07,0.00,0.00,3 127.35,
2025.10.30 09:12:31,3645,XAUUSD,buy,out,0.02,3957.56,3655,-0.07,0.00,1.36,3 128.64,sl 3957.53
2025.10.30 09:12:43,3646,XAUUSD,sell,in,0.02,3957.04,3656,-0.07,0.00,0.00,3 128.57,
2025.10.30 10:50:47,3647,XAUUSD,buy,in,0.02,3959.85,3657,-0.07,0.00,0.00,3 128.50,
2025.10.30 10:51:23,3648,XAUUSD,sell,out,0.02,3959.91,3658,-0.07,0.00,0.12,3 128.55,sl 3959.94
2025.10.30 10:57:46,3649,XAUUSD,buy,out,0.02,3956.92,3659,-0.07,0.00,0.24,3 128.72,sl 3956.92
2025.10.30 17:09:31,3650,XAUUSD,buy,in,0.02,4012.89,3660,-0.07,0.00,0.00,3 128.65,
2025.10.30 17:09:41,3651,XAUUSD,sell,out,0.02,4012.86,3661,-0.07,0.00,-0.06,3 128.52,sl 4012.95
2025.10.30 20:46:53,3652,XAUUSD,buy,in,0.02,4015.06,3662,-0.07,0.00,0.00,3 128.45,
2025.10.30 20:47:09,3653,XAUUSD,sell,out,0.02,4015.55,3663,-0.07,0.00,0.98,3 129.36,sl 4015.65
2025.10.30 21:30:52,3654,XAUUSD,buy,in,0.02,4015.48,3664,-0.07,0.00,0.00,3 129.29,
2025.10.30 21:31:24,3655,XAUUSD,sell,out,0.02,4015.50,3665,-0.07,0.00,0.04,3 129.26,sl 4015.50
2025.10.30 21:54:52,3656,XAUUSD,buy,in,0.02,4015.73,3666,-0.07,0.00,0.00,3 129.19,
2025.10.30 21:55:48,3657,XAUUSD,sell,out,0.02,4015.78,3667,-0.07,0.00,0.10,3 129.22,sl 4015.79
2025.10.30 22:18:52,3658,XAUUSD,buy,in,0.02,4025.38,3668,-0.07,0.00,0.00,3 129.15,
2025.10.30 23:03:37,3659,XAUUSD,sell,out,0.02,4026.32,3669,-0.07,0.00,1.88,3 130.96,sl 4026.34
2025.10.30 23:03:42,3660,XAUUSD,buy,in,0.02,4026.87,3670,-0.07,0.00,0.00,3 130.89,
2025.10.31 01:51:27,3661,XAUUSD,sell,out,0.02,4038.31,3671,-0.07,-1.14,22.88,3 152.56,sl 4038.41
2025.10.31 10:31:59,3662,XAUUSD,buy,in,0.02,4024.45,3672,-0.07,0.00,0.00,3 152.49,
2025.10.31 11:07:07,3663,XAUUSD,sell,out,0.02,4025.62,3673,-0.07,0.00,2.34,3 154.76,sl 4025.62
2025.10.31 11:07:11,3664,XAUUSD,buy,in,0.02,4025.42,3674,-0.07,0.00,0.00,3 154.69,
2025.10.31 11:07:52,3665,XAUUSD,sell,out,0.02,4025.82,3675,-0.07,0.00,0.80,3 155.42,sl 4025.82
2025.10.31 11:42:18,3666,XAUUSD,buy,in,0.02,4025.71,3676,-0.07,0.00,0.00,3 155.35,
2025.10.31 13:20:20,3667,XAUUSD,sell,in,0.02,4015.24,3677,-0.07,0.00,0.00,3 155.28,
2025.10.31 13:21:19,3668,XAUUSD,buy,out,0.02,4014.83,3678,-0.07,0.00,0.82,3 156.03,sl 4014.83
2025.10.31 15:39:21,3669,XAUUSD,sell,out,0.02,4026.32,3679,-0.07,0.00,1.22,3 157.18,sl 4026.34
2025.10.31 19:15:43,3670,XAUUSD,sell,in,0.02,3976.26,3680,-0.07,0.00,0.00,3 157.11,
2025.10.31 19:16:21,3671,XAUUSD,buy,out,0.02,3976.28,3681,-0.07,0.00,-0.04,3 157.00,sl 3976.25
2025.11.03 02:14:17,3672,XAUUSD,sell,in,0.02,3973.09,3682,-0.07,0.00,0.00,3 156.93,
2025.11.03 02:15:26,3673,XAUUSD,buy,out,0.02,3966.52,3683,-0.07,0.00,13.14,3 170.00,sl 3966.48
2025.11.03 02:38:34,3674,XAUUSD,sell,in,0.02,3972.43,3684,-0.07,0.00,0.00,3 169.93,
2025.11.03 02:55:05,3675,XAUUSD,buy,out,0.02,3969.11,3685,-0.07,0.00,6.64,3 176.50,sl 3969.08
2025.11.03 03:02:34,3676,XAUUSD,sell,in,0.02,3969.24,3686,-0.07,0.00,0.00,3 176.43,
2025.11.03 03:04:30,3677,XAUUSD,buy,out,0.02,3969.01,3687,-0.07,0.00,0.46,3 176.82,sl 3968.93
2025.11.04 07:45:35,3678,XAUUSD,sell,in,0.02,3974.10,3688,-0.07,0.00,0.00,3 176.75,
2025.11.04 08:00:32,3679,XAUUSD,buy,out,0.02,3972.12,3689,-0.07,0.00,3.96,3 180.64,sl 3972.06
2025.11.04 08:09:46,3680,XAUUSD,sell,in,0.02,3972.43,3690,-0.07,0.00,0.00,3 180.57,
2025.11.04 08:12:46,3681,XAUUSD,buy,out,0.02,3970.36,3691,-0.07,0.00,4.14,3 184.64,sl 3970.32
2025.11.04 16:01:20,3682,XAUUSD,sell,in,0.02,3970.47,3692,-0.07,0.00,0.00,3 184.57,
2025.11.04 16:02:00,3683,XAUUSD,buy,out,0.02,3970.52,3693,-0.07,0.00,-0.10,3 184.40,sl 3970.46
2025.11.04 16:25:28,3684,XAUUSD,sell,in,0.02,3968.14,3694,-0.07,0.00,0.00,3 184.33,
2025.11.04 16:28:02,3685,XAUUSD,buy,out,0.02,3967.95,3695,-0.07,0.00,0.38,3 184.64,sl 3967.95
2025.11.04 16:49:33,3686,XAUUSD,sell,in,0.02,3937.82,3696,-0.07,0.00,0.00,3 184.57,
2025.11.04 18:27:40,3687,XAUUSD,buy,in,0.02,3973.68,3697,-0.07,0.00,0.00,3 184.50,
2025.11.04 18:27:48,3688,XAUUSD,sell,out,0.02,3974.18,3698,-0.07,0.00,1.00,3 185.43,sl 3974.18
2025.11.04 20:36:49,3689,XAUUSD,buy,out,0.02,3936.32,3699,-0.07,0.00,3.00,3 188.36,sl 3936.27
2025.11.06 09:20:44,3690,XAUUSD,buy,in,0.02,4008.34,3700,-0.07,0.00,0.00,3 188.29,
2025.11.06 09:22:23,3691,XAUUSD,sell,out,0.02,4008.33,3701,-0.07,0.00,-0.02,3 188.20,sl 4008.36
2025.11.06 09:47:43,3692,XAUUSD,buy,in,0.02,4007.76,3702,-0.07,0.00,0.00,3 188.13,
2025.11.06 09:48:01,3693,XAUUSD,sell,out,0.02,4007.98,3703,-0.07,0.00,0.44,3 188.50,sl 4008.01
2025.11.06 10:13:32,3694,XAUUSD,buy,in,0.02,4008.84,3704,-0.07,0.00,0.00,3 188.43,
2025.11.06 10:14:38,3695,XAUUSD,sell,out,0.02,4008.87,3705,-0.07,0.00,0.06,3 188.42,sl 4008.96
2025.11.06 10:37:37,3696,XAUUSD,buy,in,0.02,4014.56,3706,-0.07,0.00,0.00,3 188.35,
2025.11.06 10:58:08,3697,XAUUSD,sell,out,0.02,4015.14,3707,-0.07,0.00,1.16,3 189.44,sl 4015.19
2025.11.06 11:01:37,3698,XAUUSD,buy,in,0.02,4014.33,3708,-0.07,0.00,0.00,3 189.37,
2025.11.06 11:23:26,3699,XAUUSD,sell,out,0.02,4014.35,3709,-0.07,0.00,0.04,3 189.34,sl 4014.36
2025.11.06 11:25:39,3700,XAUUSD,buy,in,0.02,4014.25,3710,-0.07,0.00,0.00,3 189.27,
2025.11.06 13:03:41,3701,XAUUSD,sell,in,0.02,4010.42,3711,-0.07,0.00,0.00,3 189.20,
2025.11.06 13:04:19,3702,XAUUSD,buy,out,0.02,4010.13,3712,-0.07,0.00,0.58,3 189.71,sl 4010.13
2025.11.06 13:37:55,3703,XAUUSD,sell,out,0.02,4014.66,3713,-0.07,0.00,0.82,3 190.46,sl 4014.67
2025.11.07 18:35:38,3704,XAUUSD,buy,in,0.02,4019.76,3714,-0.07,0.00,0.00,3 190.39,
2025.11.07 18:36:43,3705,XAUUSD,sell,out,0.02,4021.90,3715,-0.07,0.00,4.28,3 194.60,sl 4021.94
2025.11.10 02:47:51,3706,XAUUSD,buy,in,0.02,4022.42,3716,-0.07,0.00,0.00,3 194.53,
2025.11.10 02:48:06,3707,XAUUSD,sell,out,0.02,4022.44,3717,-0.07,0.00,0.04,3 194.50,sl 4022.46
2025.11.10 03:11:55,3708,XAUUSD,buy,in,0.02,4027.92,3718,-0.07,0.00,0.00,3 194.43,
2025.11.10 03:12:17,3709,XAUUSD,sell,out,0.02,4028.35,3719,-0.07,0.00,0.86,3 195.22,sl 4028.35
2025.11.10 03:35:54,3710,XAUUSD,buy,in,0.02,4052.16,3720,-0.07,0.00,0.00,3 195.15,
2025.11.10 03:36:47,3711,XAUUSD,sell,out,0.02,4052.09,3721,-0.07,0.00,-0.14,3 194.94,sl 4052.19
2025.11.10 04:00:00,3712,XAUUSD,buy,in,0.02,4044.29,3722,-0.07,0.00,0.00,3 194.87,
2025.11.10 04:02:34,3713,XAUUSD,sell,out,0.02,4046.26,3723,-0.07,0.00,3.94,3 198.74,sl 4046.30
2025.11.10 04:24:07,3714,XAUUSD,buy,in,0.02,4044.20,3724,-0.07,0.00,0.00,3 198.67,
2025.11.10 04:37:35,3715,XAUUSD,sell,out,0.02,4044.22,3725,-0.07,0.00,0.04,3 198.64,sl 4044.23
2025.11.10 04:48:09,3716,XAUUSD,buy,in,0.02,4044.78,3726,-0.07,0.00,0.00,3 198.57,
2025.11.10 04:49:47,3717,XAUUSD,sell,out,0.02,4044.76,3727,-0.07,0.00,-0.04,3 198.46,sl 4044.83
2025.11.10 05:12:15,3718,XAUUSD,buy,in,0.02,4046.72,3728,-0.07,0.00,0.00,3 198.39,
2025.11.10 05:21:28,3719,XAUUSD,sell,out,0.02,4048.91,3729,-0.07,0.00,4.38,3 202.70,sl 4048.92
2025.11.10 05:36:20,3720,XAUUSD,buy,in,0.02,4051.09,3730,-0.07,0.00,0.00,3 202.63,
2025.11.10 05:39:12,3721,XAUUSD,sell,out,0.02,4051.14,3731,-0.07,0.00,0.10,3 202.66,sl 4051.17
2025.11.10 06:00:21,3722,XAUUSD,buy,in,0.02,4051.11,3732,-0.07,0.00,0.00,3 202.59,
2025.11.10 06:01:39,3723,XAUUSD,sell,out,0.02,4051.67,3733,-0.07,0.00,1.12,3 203.64,sl 4051.70
2025.11.10 06:24:26,3724,XAUUSD,buy,in,0.02,4056.39,3734,-0.07,0.00,0.00,3 203.57,
2025.11.10 07:30:47,3725,XAUUSD,sell,out,0.02,4059.32,3735,-0.07,0.00,5.86,3 209.36,sl 4059.49
2025.11.10 07:30:53,3726,XAUUSD,buy,in,0.02,4060.05,3736,-0.07,0.00,0.00,3 209.29,
2025.11.10 07:31:39,3727,XAUUSD,sell,out,0.02,4060.14,3737,-0.07,0.00,0.18,3 209.40,sl 4060.22
2025.11.10 07:54:55,3728,XAUUSD,buy,in,0.02,4067.81,3738,-0.07,0.00,0.00,3 209.33,
2025.11.10 07:56:26,3729,XAUUSD,sell,out,0.02,4068.49,3739,-0.07,0.00,1.36,3 210.62,sl 4068.52
2025.11.10 08:19:00,3730,XAUUSD,buy,in,0.02,4070.92,3740,-0.07,0.00,0.00,3 210.55,
2025.11.10 08:21:01,3731,XAUUSD,sell,out,0.02,4071.03,3741,-0.07,0.00,0.22,3 210.70,sl 4071.11
2025.11.10 08:43:02,3732,XAUUSD,buy,in,0.02,4073.84,3742,-0.07,0.00,0.00,3 210.63,
2025.11.10 08:45:29,3733,XAUUSD,sell,out,0.02,4074.35,3743,-0.07,0.00,1.02,3 211.58,sl 4074.37
2025.11.10 09:07:05,3734,XAUUSD,buy,in,0.02,4074.67,3744,-0.07,0.00,0.00,3 211.51,
2025.11.10 09:07:45,3735,XAUUSD,sell,out,0.02,4074.86,3745,-0.07,0.00,0.38,3 211.82,sl 4074.87
2025.11.10 09:31:10,3736,XAUUSD,buy,in,0.02,4077.59,3746,-0.07,0.00,0.00,3 211.75,
2025.11.10 09:32:30,3737,XAUUSD,sell,out,0.02,4077.94,3747,-0.07,0.00,0.70,3 212.38,sl 4077.94
2025.11.10 09:55:16,3738,XAUUSD,buy,in,0.02,4076.52,3748,-0.07,0.00,0.00,3 212.31,
2025.11.10 10:01:36,3739,XAUUSD,sell,out,0.02,4077.73,3749,-0.07,0.00,2.42,3 214.66,sl 4078.00
2025.11.10 10:19:18,3740,XAUUSD,buy,in,0.02,4075.72,3750,-0.07,0.00,0.00,3 214.59,
2025.11.10 10:20:10,3741,XAUUSD,sell,out,0.02,4076.78,3751,-0.07,0.00,2.12,3 216.64,sl 4076.78
2025.11.10 10:43:27,3742,XAUUSD,buy,in,0.02,4081.39,3752,-0.07,0.00,0.00,3 216.57,
2025.11.10 10:51:02,3743,XAUUSD,sell,out,0.02,4082.03,3753,-0.07,0.00,1.28,3 217.78,sl 4082.20
2025.11.10 11:07:34,3744,XAUUSD,buy,in,0.02,4080.16,3754,-0.07,0.00,0.00,3 217.71,
2025.11.10 11:08:46,3745,XAUUSD,sell,out,0.02,4080.13,3755,-0.07,0.00,-0.06,3 217.58,sl 4080.18
2025.11.10 11:31:35,3746,XAUUSD,buy,in,0.02,4078.83,3756,-0.07,0.00,0.00,3 217.51,
2025.11.10 11:33:14,3747,XAUUSD,sell,out,0.02,4079.37,3757,-0.07,0.00,1.08,3 218.52,sl 4079.43
2025.11.10 11:55:37,3748,XAUUSD,buy,in,0.02,4079.99,3758,-0.07,0.00,0.00,3 218.45,
2025.11.10 12:04:02,3749,XAUUSD,sell,out,0.02,4080.20,3759,-0.07,0.00,0.42,3 218.80,sl 4080.33
2025.11.10 12:19:37,3750,XAUUSD,buy,in,0.02,4082.67,3760,-0.07,0.00,0.00,3 218.73,
2025.11.10 12:41:31,3751,XAUUSD,sell,out,0.02,4082.78,3761,-0.07,0.00,0.22,3 218.88,sl 4082.89
2025.11.10 12:43:42,3752,XAUUSD,buy,in,0.02,4079.16,3762,-0.07,0.00,0.00,3 218.81,
2025.11.10 12:44:18,3753,XAUUSD,sell,out,0.02,4079.05,3763,-0.07,0.00,-0.22,3 218.52,sl 4079.18
2025.11.10 13:07:54,3754,XAUUSD,buy,in,0.02,4078.34,3764,-0.07,0.00,0.00,3 218.45,
2025.11.10 13:08:51,3755,XAUUSD,sell,out,0.02,4078.96,3765,-0.07,0.00,1.24,3 219.62,sl 4078.96
2025.11.10 13:31:55,3756,XAUUSD,buy,in,0.02,4079.26,3766,-0.07,0.00,0.00,3 219.55,
2025.11.10 13:38:55,3757,XAUUSD,sell,out,0.02,4081.84,3767,-0.07,0.00,5.16,3 224.64,sl 4081.87
2025.11.10 13:56:06,3758,XAUUSD,buy,in,0.02,4081.65,3768,-0.07,0.00,0.00,3 224.57,
2025.11.10 13:57:23,3759,XAUUSD,sell,out,0.02,4082.25,3769,-0.07,0.00,1.20,3 225.70,sl 4082.27
2025.11.10 14:20:08,3760,XAUUSD,buy,in,0.02,4093.73,3770,-0.07,0.00,0.00,3 225.63,
2025.11.10 14:20:57,3761,XAUUSD,sell,out,0.02,4094.03,3771,-0.07,0.00,0.60,3 226.16,sl 4094.11
2025.11.10 14:44:08,3762,XAUUSD,buy,in,0.02,4094.83,3772,-0.07,0.00,0.00,3 226.09,
2025.11.10 14:49:37,3763,XAUUSD,sell,out,0.02,4095.55,3773,-0.07,0.00,1.44,3 227.46,sl 4095.56
2025.11.10 15:08:14,3764,XAUUSD,buy,in,0.02,4102.94,3774,-0.07,0.00,0.00,3 227.39,
2025.11.10 15:09:01,3765,XAUUSD,sell,out,0.02,4103.47,3775,-0.07,0.00,1.06,3 228.38,sl 4103.48
2025.11.10 15:32:18,3766,XAUUSD,buy,in,0.02,4102.17,3776,-0.07,0.00,0.00,3 228.31,
2025.11.10 17:10:31,3767,XAUUSD,sell,in,0.02,4090.71,3777,-0.07,0.00,0.00,3 228.24,
2025.11.10 17:12:30,3768,XAUUSD,buy,out,0.02,4090.13,3778,-0.07,0.00,1.16,3 229.33,sl 4090.13
2025.11.10 20:00:14,3769,XAUUSD,sell,out,0.02,4102.23,3779,-0.07,0.00,0.12,3 229.38,sl 4102.26
2025.11.14 03:54:26,3770,XAUUSD,buy,in,0.02,4191.49,3780,-0.07,0.00,0.00,3 229.31,
2025.11.14 03:54:55,3771,XAUUSD,sell,out,0.02,4191.44,3781,-0.07,0.00,-0.10,3 229.14,sl 4191.55
2025.11.14 04:18:29,3772,XAUUSD,buy,in,0.02,4193.28,3782,-0.07,0.00,0.00,3 229.07,
2025.11.14 04:19:37,3773,XAUUSD,sell,out,0.02,4193.82,3783,-0.07,0.00,1.08,3 230.08,sl 4193.88
2025.11.14 04:42:29,3774,XAUUSD,buy,in,0.02,4203.51,3784,-0.07,0.00,0.00,3 230.01,
2025.11.14 04:43:58,3775,XAUUSD,sell,out,0.02,4203.57,3785,-0.07,0.00,0.12,3 230.06,sl 4203.59
2025.11.14 05:06:43,3776,XAUUSD,buy,in,0.02,4204.56,3786,-0.07,0.00,0.00,3 229.99,
2025.11.14 05:07:05,3777,XAUUSD,sell,out,0.02,4205.43,3787,-0.07,0.00,1.74,3 231.66,sl 4205.44
2025.11.14 05:30:44,3778,XAUUSD,buy,in,0.02,4210.96,3788,-0.07,0.00,0.00,3 231.59,
2025.11.14 07:08:49,3779,XAUUSD,sell,in,0.02,4198.12,3789,-0.07,0.00,0.00,3 231.52,
2025.11.14 07:09:21,3780,XAUUSD,buy,out,0.02,4197.76,3790,-0.07,0.00,0.72,3 232.17,sl 4197.76
2025.11.14 09:20:56,3781,XAUUSD,sell,out,0.02,4168.83,3791,-0.07,0.00,-84.26,3 147.84,
2025.11.14 13:54:51,3782,XAUUSD,sell,in,0.02,4137.80,3792,-0.07,0.00,0.00,3 147.77,
2025.11.14 13:55:17,3783,XAUUSD,buy,out,0.02,4137.76,3793,-0.07,0.00,0.08,3 147.78,sl 4137.74
2025.11.14 14:18:52,3784,XAUUSD,sell,in,0.02,4121.60,3794,-0.07,0.00,0.00,3 147.71,
2025.11.14 14:19:36,3785,XAUUSD,buy,out,0.02,4117.14,3795,-0.07,0.00,8.92,3 156.56,sl 4117.14
2025.11.14 14:42:57,3786,XAUUSD,sell,in,0.02,4112.71,3796,-0.07,0.00,0.00,3 156.49,
2025.11.14 14:43:15,3787,XAUUSD,buy,out,0.02,4111.29,3797,-0.07,0.00,2.84,3 159.26,sl 4111.21
2025.11.14 15:07:00,3788,XAUUSD,sell,in,0.02,4107.19,3798,-0.07,0.00,0.00,3 159.19,
2025.11.14 15:08:57,3789,XAUUSD,buy,out,0.02,4106.79,3799,-0.07,0.00,0.80,3 159.92,sl 4106.59
2025.11.14 15:31:06,3790,XAUUSD,sell,in,0.02,4059.19,3800,-0.07,0.00,0.00,3 159.85,
2025.11.14 15:31:42,3791,XAUUSD,buy,out,0.02,4059.19,3801,-0.07,0.00,0.00,3 159.78,sl 4059.18
2025.11.14 15:55:09,3792,XAUUSD,sell,in,0.02,4051.56,3802,-0.07,0.00,0.00,3 159.71,
2025.11.14 15:56:04,3793,XAUUSD,buy,out,0.02,4051.59,3803,-0.07,0.00,-0.06,3 159.58,sl 4051.55
2025.11.14 16:19:11,3794,XAUUSD,sell,in,0.02,4053.36,3804,-0.07,0.00,0.00,3 159.51,
2025.11.14 16:20:09,3795,XAUUSD,buy,out,0.02,4053.36,3805,-0.07,0.00,0.00,3 159.44,sl 4053.35
2025.11.14 16:43:27,3796,XAUUSD,sell,in,0.02,4065.85,3806,-0.07,0.00,0.00,3 159.37,
2025.11.14 16:50:06,3797,XAUUSD,buy,out,0.02,4065.14,3807,-0.07,0.00,1.42,3 160.72,sl 4065.13
2025.11.14 17:07:33,3798,XAUUSD,sell,in,0.02,4071.66,3808,-0.07,0.00,0.00,3 160.65,
2025.11.14 17:08:35,3799,XAUUSD,buy,out,0.02,4071.04,3809,-0.07,0.00,1.24,3 161.82,sl 4070.74
2025.11.14 17:31:50,3800,XAUUSD,sell,in,0.02,4075.81,3810,-0.07,0.00,0.00,3 161.75,
2025.11.14 17:41:27,3801,XAUUSD,buy,out,0.02,4075.25,3811,-0.07,0.00,1.12,3 162.80,sl 4075.19
2025.11.14 17:55:56,3802,XAUUSD,sell,in,0.02,4085.35,3812,-0.07,0.00,0.00,3 162.73,
2025.11.14 17:56:17,3803,XAUUSD,buy,out,0.02,4084.52,3813,-0.07,0.00,1.66,3 164.32,sl 4084.45
2025.11.14 18:20:09,3804,XAUUSD,sell,in,0.02,4097.90,3814,-0.07,0.00,0.00,3 164.25,
2025.11.14 18:20:51,3805,XAUUSD,buy,out,0.02,4097.09,3815,-0.07,0.00,1.62,3 165.80,sl 4097.03
2025.11.14 18:44:24,3806,XAUUSD,sell,in,0.02,4108.76,3816,-0.07,0.00,0.00,3 165.73,
2025.11.14 18:44:30,3807,XAUUSD,buy,out,0.02,4108.75,3817,-0.07,0.00,0.02,3 165.68,sl 4108.75
2025.11.14 19:08:25,3808,XAUUSD,sell,in,0.02,4097.74,3818,-0.07,0.00,0.00,3 165.61,
2025.11.14 19:08:35,3809,XAUUSD,buy,out,0.02,4097.45,3819,-0.07,0.00,0.58,3 166.12,sl 4097.45
2025.11.14 19:32:30,3810,XAUUSD,sell,in,0.02,4103.00,3821,-0.07,0.00,0.00,3 166.05,
2025.11.14 19:32:49,3811,XAUUSD,buy,out,0.02,4101.83,3822,-0.07,0.00,2.34,3 168.32,sl 4101.83
2025.11.14 19:56:31,3812,XAUUSD,sell,in,0.02,4101.22,3823,-0.07,0.00,0.00,3 168.25,
2025.11.14 19:56:58,3813,XAUUSD,buy,out,0.02,4100.16,3824,-0.07,0.00,2.12,3 170.30,sl 4100.15
2025.11.14 20:20:31,3814,XAUUSD,sell,in,0.02,4088.92,3825,-0.07,0.00,0.00,3 170.23,
2025.11.14 20:20:58,3815,XAUUSD,buy,out,0.02,4087.81,3826,-0.07,0.00,2.22,3 172.38,sl 4087.71
2025.11.14 20:44:32,3816,XAUUSD,sell,in,0.02,4095.80,3827,-0.07,0.00,0.00,3 172.31,
2025.11.14 21:06:00,3817,XAUUSD,buy,out,0.02,4092.55,3828,-0.07,0.00,6.50,3 178.74,sl 4092.53
2025.11.14 21:08:33,3818,XAUUSD,sell,in,0.02,4091.14,3829,-0.07,0.00,0.00,3 178.67,
2025.11.14 21:09:02,3819,XAUUSD,buy,out,0.02,4090.78,3830,-0.07,0.00,0.72,3 179.32,sl 4090.77
2025.11.14 21:32:36,3820,XAUUSD,sell,in,0.02,4091.11,3831,-0.07,0.00,0.00,3 179.25,
2025.11.14 21:34:55,3821,XAUUSD,buy,out,0.02,4091.02,3832,-0.07,0.00,0.18,3 179.36,sl 4090.96
2025.11.14 21:56:42,3822,XAUUSD,sell,in,0.02,4090.90,3833,-0.07,0.00,0.00,3 179.29,
2025.11.14 21:57:15,3823,XAUUSD,buy,out,0.02,4090.17,3834,-0.07,0.00,1.46,3 180.68,sl 4090.15
2025.11.14 22:20:46,3824,XAUUSD,sell,in,0.02,4082.03,3835,-0.07,0.00,0.00,3 180.61,
2025.11.14 22:21:51,3825,XAUUSD,buy,out,0.02,4077.73,3836,-0.07,0.00,8.60,3 189.14,sl 4077.67
2025.11.14 22:44:45,3826,XAUUSD,sell,in,0.02,4087.74,3837,-0.07,0.00,0.00,3 189.07,
2025.11.14 22:45:28,3827,XAUUSD,buy,out,0.02,4087.15,3838,-0.07,0.00,1.18,3 190.18,sl 4087.05
2025.11.14 23:08:50,3828,XAUUSD,sell,in,0.02,4081.98,3839,-0.07,0.00,0.00,3 190.11,
2025.11.14 23:09:37,3829,XAUUSD,buy,out,0.02,4081.14,3840,-0.07,0.00,1.68,3 191.72,sl 4081.12
2025.11.14 23:32:57,3830,XAUUSD,sell,in,0.02,4082.08,3841,-0.07,0.00,0.00,3 191.65,
2025.11.14 23:35:39,3831,XAUUSD,buy,out,0.02,4082.23,3842,-0.07,0.00,-0.30,3 191.28,sl 4082.07
2025.11.17 01:02:01,3832,XAUUSD,sell,in,0.02,4082.88,3843,-0.07,0.00,0.00,3 191.21,
2025.11.17 01:02:10,3833,XAUUSD,buy,out,0.02,4082.63,3844,-0.07,0.00,0.50,3 191.64,sl 4082.30
2025.11.17 01:26:12,3834,XAUUSD,sell,in,0.02,4105.83,3845,-0.07,0.00,0.00,3 191.57,
2025.11.17 01:27:54,3835,XAUUSD,buy,out,0.02,4104.06,3846,-0.07,0.00,3.54,3 195.04,sl 4104.05
2025.11.17 01:50:12,3836,XAUUSD,sell,in,0.02,4098.24,3847,-0.07,0.00,0.00,3 194.97,
2025.11.17 01:50:34,3837,XAUUSD,buy,out,0.02,4098.35,3848,-0.07,0.00,-0.22,3 194.68,sl 4098.09
2025.11.17 02:14:13,3838,XAUUSD,sell,in,0.02,4085.29,3849,-0.07,0.00,0.00,3 194.61,
2025.11.17 02:27:23,3839,XAUUSD,buy,out,0.02,4085.15,3850,-0.07,0.00,0.28,3 194.82,sl 4085.03
2025.11.17 02:38:12,3840,XAUUSD,sell,in,0.02,4088.71,3851,-0.07,0.00,0.00,3 194.75,
2025.11.17 02:39:26,3841,XAUUSD,buy,out,0.02,4087.95,3852,-0.07,0.00,1.52,3 196.20,sl 4087.93
2025.11.17 03:02:15,3842,XAUUSD,sell,in,0.02,4086.44,3853,-0.07,0.00,0.00,3 196.13,
2025.11.17 03:06:53,3843,XAUUSD,buy,out,0.02,4086.20,3854,-0.07,0.00,0.48,3 196.54,sl 4086.17
2025.11.17 03:26:16,3844,XAUUSD,sell,in,0.02,4092.49,3855,-0.07,0.00,0.00,3 196.47,
2025.11.17 03:26:52,3845,XAUUSD,buy,out,0.02,4092.37,3856,-0.07,0.00,0.24,3 196.64,sl 4092.36
2025.11.17 03:50:19,3846,XAUUSD,sell,in,0.02,4095.80,3857,-0.07,0.00,0.00,3 196.57,
2025.11.17 03:52:12,3847,XAUUSD,buy,out,0.02,4094.05,3858,-0.07,0.00,3.50,3 200.00,sl 4094.00
2025.11.17 04:14:22,3848,XAUUSD,sell,in,0.02,4089.02,3859,-0.07,0.00,0.00,3 199.93,
2025.11.17 04:16:00,3849,XAUUSD,buy,out,0.02,4088.77,3860,-0.07,0.00,0.50,3 200.36,sl 4088.76
2025.11.17 04:38:29,3850,XAUUSD,sell,in,0.02,4087.63,3861,-0.07,0.00,0.00,3 200.29,
2025.11.17 04:39:17,3851,XAUUSD,buy,out,0.02,4087.74,3862,-0.07,0.00,-0.22,3 200.00,sl 4087.62
2025.11.17 05:02:40,3852,XAUUSD,sell,in,0.02,4076.03,3863,-0.07,0.00,0.00,3 199.93,
2025.11.17 06:40:41,3853,XAUUSD,buy,in,0.02,4083.21,3864,-0.07,0.00,0.00,3 199.86,
2025.11.17 06:43:47,3854,XAUUSD,sell,out,0.02,4083.67,3865,-0.07,0.00,0.92,3 200.71,sl 4083.67
2025.11.17 07:05:51,3855,XAUUSD,buy,out,0.02,4075.03,3866,-0.07,0.00,2.00,3 202.64,sl 4074.86
2025.11.18 17:51:06,3856,XAUUSD,sell,in,0.02,4050.31,3867,-0.07,0.00,0.00,3 202.57,
2025.11.18 18:02:52,3857,XAUUSD,buy,out,0.02,4047.47,3868,-0.07,0.00,5.68,3 208.18,sl 4047.47
2025.11.19 11:48:03,3858,XAUUSD,buy,in,0.02,4105.23,3869,-0.07,0.00,0.00,3 208.11,
2025.11.19 11:48:50,3859,XAUUSD,sell,out,0.02,4106.37,3870,-0.07,0.00,2.28,3 210.32,sl 4106.37
2025.11.19 12:12:03,3860,XAUUSD,buy,in,0.02,4109.89,3871,-0.07,0.00,0.00,3 210.25,
2025.11.19 12:13:23,3861,XAUUSD,sell,out,0.02,4112.75,3872,-0.07,0.00,5.72,3 215.90,sl 4112.76
2025.11.19 12:36:05,3862,XAUUSD,buy,in,0.02,4114.35,3873,-0.07,0.00,0.00,3 215.83,
2025.11.19 13:17:50,3863,XAUUSD,sell,out,0.02,4115.37,3874,-0.07,0.00,2.04,3 217.80,sl 4115.38
2025.11.19 13:18:06,3864,XAUUSD,buy,in,0.02,4116.16,3875,-0.07,0.00,0.00,3 217.73,
2025.11.19 13:19:51,3865,XAUUSD,sell,out,0.02,4117.04,3876,-0.07,0.00,1.76,3 219.42,sl 4117.07
2025.11.19 13:42:16,3866,XAUUSD,buy,in,0.02,4111.28,3877,-0.07,0.00,0.00,3 219.35,
2025.11.19 13:43:02,3867,XAUUSD,sell,out,0.02,4112.51,3878,-0.07,0.00,2.46,3 221.74,sl 4112.53
2025.11.19 14:06:22,3868,XAUUSD,buy,in,0.02,4115.31,3879,-0.07,0.00,0.00,3 221.67,
2025.11.19 14:09:40,3869,XAUUSD,sell,out,0.02,4117.05,3880,-0.07,0.00,3.48,3 225.08,sl 4117.06
2025.11.19 14:30:23,3870,XAUUSD,buy,in,0.02,4117.27,3881,-0.07,0.00,0.00,3 225.01,
2025.11.19 14:37:16,3871,XAUUSD,sell,out,0.02,4117.27,3882,-0.07,0.00,0.00,3 224.94,sl 4117.30
2025.11.19 14:54:22,3872,XAUUSD,buy,in,0.02,4112.38,3883,-0.07,0.00,0.00,3 224.87,
2025.11.19 14:55:04,3873,XAUUSD,sell,out,0.02,4115.24,3884,-0.07,0.00,5.72,3 230.52,sl 4115.25
2025.11.19 15:21:53,3874,XAUUSD,buy,in,0.02,4109.34,3885,-0.07,0.00,0.00,3 230.45,
2025.11.19 15:31:40,3875,XAUUSD,sell,out,0.02,4114.17,3886,-0.07,0.00,9.66,3 240.04,sl 4114.23
2025.11.19 15:46:00,3876,XAUUSD,buy,in,0.02,4116.93,3887,-0.07,0.00,0.00,3 239.97,
2025.11.19 16:13:20,3877,XAUUSD,sell,out,0.02,4116.86,3888,-0.07,0.00,-0.14,3 239.76,sl 4116.95
2025.11.19 16:13:22,3878,XAUUSD,buy,in,0.02,4116.93,3889,-0.07,0.00,0.00,3 239.69,
2025.11.19 16:14:11,3879,XAUUSD,sell,out,0.02,4117.24,3890,-0.07,0.00,0.62,3 240.24,sl 4117.36
2025.11.19 16:37:28,3880,XAUUSD,buy,in,0.02,4116.00,3891,-0.07,0.00,0.00,3 240.17,
2025.11.19 16:43:29,3881,XAUUSD,sell,out,0.02,4116.04,3892,-0.07,0.00,0.08,3 240.18,sl 4116.07
2025.11.19 17:01:29,3882,XAUUSD,buy,in,0.02,4127.23,3893,-0.07,0.00,0.00,3 240.11,
2025.11.19 17:03:12,3883,XAUUSD,sell,out,0.02,4127.23,3894,-0.07,0.00,0.00,3 240.04,sl 4127.26
2025.11.19 17:25:31,3884,XAUUSD,buy,in,0.02,4122.26,3895,-0.07,0.00,0.00,3 239.97,
2025.11.19 17:26:01,3885,XAUUSD,sell,out,0.02,4122.23,3896,-0.07,0.00,-0.06,3 239.84,sl 4122.28
2025.11.19 19:08:23,3886,XAUUSD,sell,in,0.02,4056.32,3897,-0.07,0.00,0.00,3 239.77,
2025.11.19 20:22:56,3887,XAUUSD,buy,out,0.02,4086.21,3898,-0.07,0.00,-59.78,3 179.92,
2025.11.20 04:17:20,3888,XAUUSD,sell,in,0.02,4055.71,3899,-0.07,0.00,0.00,3 179.85,
2025.11.20 04:17:39,3889,XAUUSD,buy,out,0.02,4055.56,3900,-0.07,0.00,0.30,3 180.08,sl 4055.56
2025.11.20 04:42:09,3890,XAUUSD,sell,in,0.02,4056.26,3901,-0.07,0.00,0.00,3 180.01,
2025.11.20 04:42:25,3891,XAUUSD,buy,out,0.02,4056.25,3902,-0.07,0.00,0.02,3 179.96,sl 4056.24
2025.11.20 10:03:53,3892,XAUUSD,sell,in,0.02,4053.13,3903,-0.07,0.00,0.00,3 179.89,
2025.11.20 10:04:37,3893,XAUUSD,buy,out,0.02,4051.95,3904,-0.07,0.00,2.36,3 182.18,sl 4051.95
2025.11.20 10:28:04,3894,XAUUSD,sell,in,0.02,4042.74,3905,-0.07,0.00,0.00,3 182.11,
2025.11.20 12:06:18,3895,XAUUSD,buy,in,0.02,4066.65,3906,-0.07,0.00,0.00,3 182.04,
2025.11.20 12:06:32,3896,XAUUSD,sell,out,0.02,4066.66,3907,-0.07,0.00,0.02,3 181.99,sl 4066.69
2025.11.20 14:20:49,3897,XAUUSD,buy,out,0.02,4079.26,3908,-0.07,0.00,-73.04,3 108.88,
2025.11.20 16:50:34,3898,XAUUSD,buy,in,0.02,4105.40,3909,-0.07,0.00,0.00,3 108.81,
2025.11.20 16:50:53,3899,XAUUSD,sell,out,0.02,4105.41,3910,-0.07,0.00,0.02,3 108.76,sl 4105.42
2025.11.20 18:57:58,3900,XAUUSD,sell,in,0.02,4051.65,3911,-0.07,0.00,0.00,3 108.69,
2025.11.20 18:58:17,3901,XAUUSD,buy,out,0.02,4051.63,3912,-0.07,0.00,0.04,3 108.66,sl 4051.63
2025.11.20 19:35:22,3902,XAUUSD,sell,in,0.02,4051.32,3913,-0.07,0.00,0.00,3 108.59,
2025.11.20 19:35:39,3903,XAUUSD,buy,out,0.02,4050.84,3914,-0.07,0.00,0.96,3 109.48,sl 4050.82
2025.11.21 06:41:47,3904,XAUUSD,sell,in,0.02,4048.32,3915,-0.07,0.00,0.00,3 109.41,
2025.11.21 06:47:49,3905,XAUUSD,buy,out,0.02,4048.39,3916,-0.07,0.00,-0.14,3 109.20,sl 4048.31
2025.11.21 07:48:25,3906,XAUUSD,sell,in,0.02,4046.26,3917,-0.07,0.00,0.00,3 109.13,
2025.11.21 07:50:16,3907,XAUUSD,buy,out,0.02,4046.22,3918,-0.07,0.00,0.08,3 109.14,sl 4046.22
2025.11.21 08:17:32,3908,XAUUSD,sell,in,0.02,4046.87,3919,-0.07,0.00,0.00,3 109.07,
2025.11.21 08:18:56,3909,XAUUSD,buy,out,0.02,4046.10,3920,-0.07,0.00,1.54,3 110.54,sl 4046.09
2025.11.21 08:41:44,3910,XAUUSD,sell,in,0.02,4038.38,3921,-0.07,0.00,0.00,3 110.47,
2025.11.21 08:44:07,3911,XAUUSD,buy,out,0.02,4038.06,3922,-0.07,0.00,0.64,3 111.04,sl 4037.99
2025.11.21 09:05:45,3912,XAUUSD,sell,in,0.02,4030.36,3923,-0.07,0.00,0.00,3 110.97,
2025.11.21 09:06:00,3913,XAUUSD,buy,out,0.02,4030.47,3924,-0.07,0.00,-0.22,3 110.68,sl 4030.31
2025.11.21 09:29:54,3914,XAUUSD,sell,in,0.02,4036.86,3925,-0.07,0.00,0.00,3 110.61,
2025.11.21 09:34:31,3915,XAUUSD,buy,out,0.02,4036.02,3926,-0.07,0.00,1.68,3 112.22,sl 4035.85
2025.11.21 09:53:59,3916,XAUUSD,sell,in,0.02,4033.86,3927,-0.07,0.00,0.00,3 112.15,
2025.11.21 09:54:55,3917,XAUUSD,buy,out,0.02,4033.73,3928,-0.07,0.00,0.26,3 112.34,sl 4033.68
2025.11.21 10:18:03,3918,XAUUSD,sell,in,0.02,4040.18,3929,-0.07,0.00,0.00,3 112.27,
2025.11.21 10:20:07,3919,XAUUSD,buy,out,0.02,4035.40,3930,-0.07,0.00,9.56,3 121.76,sl 4035.37
2025.11.21 10:42:11,3920,XAUUSD,sell,in,0.02,4042.70,3931,-0.07,0.00,0.00,3 121.69,
2025.11.21 10:42:39,3921,XAUUSD,buy,out,0.02,4042.04,3932,-0.07,0.00,1.32,3 122.94,sl 4042.04
2025.11.21 12:07:25,3922,XAUUSD,sell,in,0.02,4044.41,3933,-0.07,0.00,0.00,3 122.87,
2025.11.21 12:10:01,3923,XAUUSD,buy,out,0.02,4043.35,3934,-0.07,0.00,2.12,3 124.92,sl 4043.35
2025.11.21 12:31:26,3924,XAUUSD,sell,in,0.02,4035.59,3935,-0.07,0.00,0.00,3 124.85,
2025.11.21 12:32:44,3925,XAUUSD,buy,out,0.02,4034.56,3936,-0.07,0.00,2.06,3 126.84,sl 4034.45
2025.11.21 12:55:32,3926,XAUUSD,sell,in,0.02,4036.25,3937,-0.07,0.00,0.00,3 126.77,
2025.11.21 12:55:44,3927,XAUUSD,buy,out,0.02,4036.35,3938,-0.07,0.00,-0.20,3 126.50,sl 4036.24
2025.11.21 13:19:33,3928,XAUUSD,sell,in,0.02,4040.22,3939,-0.07,0.00,0.00,3 126.43,
2025.11.21 13:20:22,3929,XAUUSD,buy,out,0.02,4039.94,3940,-0.07,0.00,0.56,3 126.92,sl 4039.78
2025.11.21 13:43:34,3930,XAUUSD,sell,in,0.02,4036.53,3941,-0.07,0.00,0.00,3 126.85,
2025.11.21 13:45:22,3931,XAUUSD,buy,out,0.02,4035.32,3942,-0.07,0.00,2.42,3 129.20,sl 4035.27
2025.11.21 14:12:24,3932,XAUUSD,sell,in,0.02,4040.87,3943,-0.07,0.00,0.00,3 129.13,
2025.11.21 14:12:49,3933,XAUUSD,buy,out,0.02,4040.85,3944,-0.07,0.00,0.04,3 129.10,sl 4040.85
2025.11.21 18:52:11,3934,XAUUSD,buy,in,0.02,4095.31,3945,-0.07,0.00,0.00,3 129.03,
2025.11.21 18:55:17,3935,XAUUSD,sell,out,0.02,4097.65,3946,-0.07,0.00,4.68,3 133.64,sl 4097.67
2025.11.24 03:57:40,3936,XAUUSD,sell,in,0.02,4043.31,3947,-0.07,0.00,0.00,3 133.57,
2025.11.24 04:55:06,3937,XAUUSD,buy,out,0.02,4041.99,3948,-0.07,0.00,2.64,3 136.14,sl 4041.95
2025.11.24 04:55:19,3938,XAUUSD,sell,in,0.02,4041.33,3949,-0.07,0.00,0.00,3 136.07,
2025.11.24 06:33:23,3939,XAUUSD,buy,in,0.02,4047.71,3950,-0.07,0.00,0.00,3 136.00,
2025.11.24 06:35:27,3940,XAUUSD,sell,out,0.02,4049.13,3951,-0.07,0.00,2.84,3 138.77,sl 4049.14
2025.11.24 07:22:23,3941,XAUUSD,buy,out,0.02,4041.08,3952,-0.07,0.00,0.50,3 139.20,sl 4041.04
2025.11.24 18:33:49,3942,XAUUSD,buy,in,0.02,4096.64,3953,-0.07,0.00,0.00,3 139.13,
2025.11.24 18:34:11,3943,XAUUSD,sell,out,0.02,4096.94,3954,-0.07,0.00,0.60,3 139.66,sl 4096.95
2025.11.24 18:57:55,3944,XAUUSD,buy,in,0.02,4098.26,3955,-0.07,0.00,0.00,3 139.59,
2025.11.24 19:00:33,3945,XAUUSD,sell,out,0.02,4098.39,3956,-0.07,0.00,0.26,3 139.78,sl 4098.40
2025.11.24 19:49:41,3946,XAUUSD,buy,in,0.02,4098.66,3957,-0.07,0.00,0.00,3 139.71,
2025.11.24 19:50:04,3947,XAUUSD,sell,out,0.02,4099.05,3958,-0.07,0.00,0.78,3 140.42,sl 4099.09
2025.11.24 20:30:28,3948,XAUUSD,buy,in,0.02,4098.86,3959,-0.07,0.00,0.00,3 140.35,
2025.11.24 20:30:50,3949,XAUUSD,sell,out,0.02,4098.92,3960,-0.07,0.00,0.12,3 140.40,sl 4098.95
2025.11.24 20:54:29,3950,XAUUSD,buy,in,0.02,4120.93,3961,-0.07,0.00,0.00,3 140.33,
2025.11.24 20:55:38,3951,XAUUSD,sell,out,0.02,4120.96,3962,-0.07,0.00,0.06,3 140.32,sl 4120.97
2025.11.24 21:18:35,3952,XAUUSD,buy,in,0.02,4118.99,3963,-0.07,0.00,0.00,3 140.25,
2025.11.24 21:19:17,3953,XAUUSD,sell,out,0.02,4119.79,3964,-0.07,0.00,1.60,3 141.78,sl 4119.87
2025.11.24 21:42:35,3954,XAUUSD,buy,in,0.02,4115.68,3965,-0.07,0.00,0.00,3 141.71,
2025.11.24 21:44:15,3955,XAUUSD,sell,out,0.02,4116.17,3966,-0.07,0.00,0.98,3 142.62,sl 4116.17
2025.11.24 22:06:35,3956,XAUUSD,buy,in,0.02,4123.14,3967,-0.07,0.00,0.00,3 142.55,
2025.11.24 22:19:40,3957,XAUUSD,sell,out,0.02,4123.87,3968,-0.07,0.00,1.46,3 143.94,sl 4123.90
2025.11.24 22:30:49,3958,XAUUSD,buy,in,0.02,4126.35,3969,-0.07,0.00,0.00,3 143.87,
2025.11.24 22:31:20,3959,XAUUSD,sell,out,0.02,4128.22,3970,-0.07,0.00,3.74,3 147.54,sl 4128.22
2025.11.24 22:54:51,3960,XAUUSD,buy,in,0.02,4130.20,3971,-0.07,0.00,0.00,3 147.47,
2025.11.24 22:55:32,3961,XAUUSD,sell,out,0.02,4130.67,3972,-0.07,0.00,0.94,3 148.34,sl 4130.72
2025.11.24 23:18:56,3962,XAUUSD,buy,in,0.02,4132.88,3973,-0.07,0.00,0.00,3 148.27,
2025.11.24 23:37:10,3963,XAUUSD,sell,out,0.02,4133.23,3974,-0.07,0.00,0.70,3 148.90,sl 4133.23
2025.11.24 23:42:59,3964,XAUUSD,buy,in,0.02,4138.66,3975,-0.07,0.00,0.00,3 148.83,
2025.11.24 23:44:16,3965,XAUUSD,sell,out,0.02,4139.20,3976,-0.07,0.00,1.08,3 149.84,sl 4139.22
2025.11.25 01:02:03,3966,XAUUSD,buy,in,0.02,4136.06,3977,-0.07,0.00,0.00,3 149.77,
2025.11.25 01:05:27,3967,XAUUSD,sell,out,0.02,4137.22,3978,-0.07,0.00,2.32,3 152.02,sl 4137.22
2025.11.25 01:26:08,3968,XAUUSD,buy,in,0.02,4131.16,3979,-0.07,0.00,0.00,3 151.95,
2025.11.25 01:26:58,3969,XAUUSD,sell,out,0.02,4131.62,3980,-0.07,0.00,0.92,3 152.80,sl 4131.66
2025.11.25 01:50:11,3970,XAUUSD,buy,in,0.02,4140.63,3981,-0.07,0.00,0.00,3 152.73,
2025.11.25 01:50:42,3971,XAUUSD,sell,out,0.02,4141.01,3982,-0.07,0.00,0.76,3 153.42,sl 4141.06
2025.11.25 02:14:18,3972,XAUUSD,buy,in,0.02,4137.50,3983,-0.07,0.00,0.00,3 153.35,
2025.11.25 02:20:37,3973,XAUUSD,sell,out,0.02,4139.62,3984,-0.07,0.00,4.24,3 157.52,sl 4139.74
2025.11.25 02:38:20,3974,XAUUSD,buy,in,0.02,4135.59,3985,-0.07,0.00,0.00,3 157.45,
2025.11.25 02:42:31,3975,XAUUSD,sell,out,0.02,4136.39,3986,-0.07,0.00,1.60,3 158.98,sl 4136.42
2025.11.25 03:02:22,3976,XAUUSD,buy,in,0.02,4128.60,3987,-0.07,0.00,0.00,3 158.91,
2025.11.25 03:04:09,3977,XAUUSD,sell,out,0.02,4129.55,3988,-0.07,0.00,1.90,3 160.74,sl 4129.59
2025.11.25 03:26:23,3978,XAUUSD,buy,in,0.02,4127.44,3989,-0.07,0.00,0.00,3 160.67,
2025.11.25 03:30:20,3979,XAUUSD,sell,out,0.02,4127.56,3990,-0.07,0.00,0.24,3 160.84,sl 4127.58
2025.11.25 03:50:24,3980,XAUUSD,buy,in,0.02,4134.82,3991,-0.07,0.00,0.00,3 160.77,
2025.11.25 03:52:14,3981,XAUUSD,sell,out,0.02,4134.77,3992,-0.07,0.00,-0.10,3 160.60,sl 4134.84
2025.11.25 04:14:32,3982,XAUUSD,buy,in,0.02,4136.08,3993,-0.07,0.00,0.00,3 160.53,
2025.11.25 04:15:45,3983,XAUUSD,sell,out,0.02,4136.36,3994,-0.07,0.00,0.56,3 161.02,sl 4136.40
2025.11.25 04:38:36,3984,XAUUSD,buy,in,0.02,4145.67,3995,-0.07,0.00,0.00,3 160.95,
2025.11.25 04:39:41,3985,XAUUSD,sell,out,0.02,4148.01,3996,-0.07,0.00,4.68,3 165.56,sl 4148.02
2025.11.25 05:02:39,3986,XAUUSD,buy,in,0.02,4147.95,3997,-0.07,0.00,0.00,3 165.49,
2025.11.25 05:02:50,3987,XAUUSD,sell,out,0.02,4148.01,3998,-0.07,0.00,0.12,3 165.54,sl 4148.01
2025.11.25 05:26:46,3988,XAUUSD,buy,in,0.02,4144.52,3999,-0.07,0.00,0.00,3 165.47,
2025.11.25 05:28:12,3989,XAUUSD,sell,out,0.02,4144.80,4000,-0.07,0.00,0.56,3 165.96,sl 4144.84
2025.11.25 05:50:49,3990,XAUUSD,buy,in,0.02,4144.62,4001,-0.07,0.00,0.00,3 165.89,
2025.11.25 06:07:57,3991,XAUUSD,sell,out,0.02,4145.27,4002,-0.07,0.00,1.30,3 167.12,sl 4145.28
2025.11.25 06:14:50,3992,XAUUSD,buy,in,0.02,4145.09,4003,-0.07,0.00,0.00,3 167.05,
2025.11.25 06:16:12,3993,XAUUSD,sell,out,0.02,4146.27,4004,-0.07,0.00,2.36,3 169.34,sl 4146.30
2025.11.25 06:38:55,3994,XAUUSD,buy,in,0.02,4147.36,4005,-0.07,0.00,0.00,3 169.27,
2025.11.25 06:40:00,3995,XAUUSD,sell,out,0.02,4147.27,4006,-0.07,0.00,-0.18,3 169.02,sl 4147.40
2025.11.25 07:02:58,3996,XAUUSD,buy,in,0.02,4142.55,4007,-0.07,0.00,0.00,3 168.95,
2025.11.25 07:06:50,3997,XAUUSD,sell,out,0.02,4142.92,4008,-0.07,0.00,0.74,3 169.62,sl 4142.95
2025.11.25 07:27:07,3998,XAUUSD,buy,in,0.02,4145.22,4009,-0.07,0.00,0.00,3 169.55,
2025.11.25 07:33:43,3999,XAUUSD,sell,out,0.02,4145.42,4010,-0.07,0.00,0.40,3 169.88,sl 4145.48
2025.11.25 07:51:10,4000,XAUUSD,buy,in,0.02,4146.46,4011,-0.07,0.00,0.00,3 169.81,
2025.11.25 07:51:39,4001,XAUUSD,sell,out,0.02,4146.43,4012,-0.07,0.00,-0.06,3 169.68,sl 4146.48
2025.11.25 08:15:11,4002,XAUUSD,buy,in,0.02,4147.64,4013,-0.07,0.00,0.00,3 169.61,
2025.11.25 08:16:13,4003,XAUUSD,sell,out,0.02,4148.46,4014,-0.07,0.00,1.64,3 171.18,sl 4148.50
2025.11.25 08:39:11,4004,XAUUSD,buy,in,0.02,4141.26,4015,-0.07,0.00,0.00,3 171.11,
2025.11.25 08:51:33,4005,XAUUSD,sell,out,0.02,4141.28,4016,-0.07,0.00,0.04,3 171.08,sl 4141.28
2025.11.25 09:03:10,4006,XAUUSD,buy,in,0.02,4145.09,4017,-0.07,0.00,0.00,3 171.01,
2025.11.25 09:06:12,4007,XAUUSD,sell,out,0.02,4145.31,4018,-0.07,0.00,0.44,3 171.38,sl 4145.41
2025.11.25 09:27:17,4008,XAUUSD,buy,in,0.02,4140.77,4019,-0.07,0.00,0.00,3 171.31,
2025.11.25 09:28:18,4009,XAUUSD,sell,out,0.02,4140.79,4020,-0.07,0.00,0.04,3 171.28,sl 4140.85
2025.11.25 09:51:19,4010,XAUUSD,buy,in,0.02,4135.80,4021,-0.07,0.00,0.00,3 171.21,
2025.11.25 09:55:17,4011,XAUUSD,sell,out,0.02,4135.84,4022,-0.07,0.00,0.08,3 171.22,sl 4136.11
2025.11.25 10:15:30,4012,XAUUSD,buy,in,0.02,4136.50,4023,-0.07,0.00,0.00,3 171.15,
2025.11.25 10:16:17,4013,XAUUSD,sell,out,0.02,4137.51,4024,-0.07,0.00,2.02,3 173.10,sl 4137.54
2025.11.25 10:39:34,4014,XAUUSD,buy,in,0.02,4126.24,4025,-0.07,0.00,0.00,3 173.03,
2025.11.25 10:40:05,4015,XAUUSD,sell,out,0.02,4126.42,4026,-0.07,0.00,0.36,3 173.32,sl 4126.43
2025.11.25 11:03:42,4016,XAUUSD,buy,in,0.02,4119.88,4027,-0.07,0.00,0.00,3 173.25,
2025.11.25 11:05:32,4017,XAUUSD,sell,out,0.02,4123.36,4028,-0.07,0.00,6.96,3 180.14,sl 4123.37
2025.12.02 17:54:43,4018,XAUUSD,sell,in,0.02,4175.46,4029,-0.07,0.00,0.00,3 180.07,
2025.12.02 17:55:04,4019,XAUUSD,buy,out,0.02,4173.47,4030,-0.07,0.00,3.98,3 183.98,sl 4173.44
2025.12.02 18:18:48,4020,XAUUSD,sell,in,0.02,4173.42,4031,-0.07,0.00,0.00,3 183.91,
2025.12.02 19:56:56,4021,XAUUSD,buy,in,0.02,4195.51,4032,-0.07,0.00,0.00,3 183.84,
2025.12.02 20:03:10,4022,XAUUSD,sell,out,0.02,4196.01,4033,-0.07,0.00,1.00,3 184.77,sl 4196.04
2025.12.02 22:35:13,4023,XAUUSD,buy,in,0.02,4205.31,4034,-0.07,0.00,0.00,3 184.70,
2025.12.02 22:37:00,4024,XAUUSD,sell,out,0.02,4206.35,4035,-0.07,0.00,2.08,3 186.71,sl 4206.60
2025.12.02 22:53:13,4025,XAUUSD,buy,out,0.02,4208.36,4036,-0.07,0.00,-69.88,3 116.76,
2025.12.03 15:54:57,4026,XAUUSD,buy,in,0.02,4235.18,4037,-0.07,0.00,0.00,3 116.69,
2025.12.03 15:55:13,4027,XAUUSD,sell,out,0.02,4236.20,4038,-0.07,0.00,2.04,3 118.66,sl 4236.23
2025.12.03 16:33:32,4028,XAUUSD,buy,in,0.02,4237.05,4039,-0.07,0.00,0.00,3 118.59,
2025.12.03 16:33:57,4029,XAUUSD,sell,out,0.02,4237.85,4040,-0.07,0.00,1.60,3 120.12,sl 4237.92
2025.12.04 07:51:23,4030,XAUUSD,sell,in,0.02,4179.28,4041,-0.07,0.00,0.00,3 120.05,
2025.12.04 07:52:11,4031,XAUUSD,buy,out,0.02,4179.23,4042,-0.07,0.00,0.10,3 120.08,sl 4179.23
2025.12.05 15:37:45,4032,XAUUSD,buy,in,0.02,4237.62,4043,-0.07,0.00,0.00,3 120.01,
2025.12.05 15:38:25,4033,XAUUSD,sell,out,0.02,4237.72,4044,-0.07,0.00,0.20,3 120.14,sl 4237.73
2025.12.05 16:10:03,4034,XAUUSD,buy,in,0.02,4237.85,4045,-0.07,0.00,0.00,3 120.07,
2025.12.05 16:11:34,4035,XAUUSD,sell,out,0.02,4237.85,4046,-0.07,0.00,0.00,3 120.00,sl 4237.87
2025.12.05 16:47:01,4036,XAUUSD,buy,in,0.02,4238.18,4047,-0.07,0.00,0.00,3 119.93,
2025.12.05 16:47:33,4037,XAUUSD,sell,out,0.02,4239.58,4048,-0.07,0.00,2.80,3 122.66,sl 4239.64
2025.12.05 17:11:57,4038,XAUUSD,buy,in,0.02,4239.32,4049,-0.07,0.00,0.00,3 122.59,
2025.12.05 17:12:40,4039,XAUUSD,sell,out,0.02,4239.69,4050,-0.07,0.00,0.74,3 123.26,sl 4239.79
2025.12.05 17:36:00,4040,XAUUSD,buy,in,0.02,4253.74,4051,-0.07,0.00,0.00,3 123.19,
2025.12.05 17:36:38,4041,XAUUSD,sell,out,0.02,4254.18,4052,-0.07,0.00,0.88,3 124.00,sl 4254.18
2025.12.05 18:00:03,4042,XAUUSD,buy,in,0.02,4243.90,4053,-0.07,0.00,0.00,3 123.93,
2025.12.05 18:00:39,4043,XAUUSD,sell,out,0.02,4244.73,4054,-0.07,0.00,1.66,3 125.52,sl 4244.73
2025.12.08 17:06:21,4044,XAUUSD,sell,in,0.02,4183.09,4055,-0.07,0.00,0.00,3 125.45,
2025.12.08 17:06:59,4045,XAUUSD,buy,out,0.02,4181.85,4056,-0.07,0.00,2.48,3 127.86,sl 4181.80
2025.12.08 17:59:27,4046,XAUUSD,sell,in,0.02,4182.19,4057,-0.07,0.00,0.00,3 127.79,
2025.12.08 18:00:11,4047,XAUUSD,buy,out,0.02,4182.21,4058,-0.07,0.00,-0.04,3 127.68,sl 4182.18
2025.12.09 08:09:34,4048,XAUUSD,sell,in,0.02,4175.16,4059,-0.07,0.00,0.00,3 127.61,
2025.12.09 08:09:58,4049,XAUUSD,buy,out,0.02,4174.97,4060,-0.07,0.00,0.38,3 127.92,sl 4174.97
2025.12.10 22:12:06,4050,XAUUSD,buy,in,0.02,4230.61,4061,-0.07,0.00,0.00,3 127.85,
2025.12.10 22:12:52,4051,XAUUSD,sell,out,0.02,4230.68,4062,-0.07,0.00,0.14,3 127.92,sl 4230.77
2025.12.10 22:36:27,4052,XAUUSD,buy,in,0.02,4230.66,4063,-0.07,0.00,0.00,3 127.85,
2025.12.10 22:36:41,4053,XAUUSD,sell,out,0.02,4231.00,4064,-0.07,0.00,0.68,3 128.46,sl 4231.07
2025.12.10 23:01:28,4054,XAUUSD,buy,in,0.02,4230.93,4065,-0.07,0.00,0.00,3 128.39,
2025.12.10 23:02:51,4055,XAUUSD,sell,out,0.02,4231.31,4066,-0.07,0.00,0.76,3 129.08,sl 4231.39
2025.12.11 01:51:16,4056,XAUUSD,buy,in,0.02,4232.03,4067,-0.07,0.00,0.00,3 129.01,
2025.12.11 01:51:54,4057,XAUUSD,sell,out,0.02,4232.95,4068,-0.07,0.00,1.84,3 130.78,sl 4232.95
2025.12.11 02:15:17,4058,XAUUSD,buy,in,0.02,4243.60,4069,-0.07,0.00,0.00,3 130.71,
2025.12.11 02:15:21,4059,XAUUSD,sell,out,0.02,4243.64,4070,-0.07,0.00,0.08,3 130.72,sl 4243.67
2025.12.11 02:39:18,4060,XAUUSD,buy,in,0.02,4241.90,4071,-0.07,0.00,0.00,3 130.65,
2025.12.11 02:40:16,4061,XAUUSD,sell,out,0.02,4241.91,4072,-0.07,0.00,0.02,3 130.60,sl 4241.93
2025.12.11 03:03:21,4062,XAUUSD,buy,in,0.02,4246.64,4073,-0.07,0.00,0.00,3 130.53,
2025.12.11 03:04:00,4063,XAUUSD,sell,out,0.02,4246.84,4074,-0.07,0.00,0.40,3 130.86,sl 4246.98
2025.12.11 03:27:21,4064,XAUUSD,buy,in,0.02,4238.32,4075,-0.07,0.00,0.00,3 130.79,
2025.12.11 03:27:41,4065,XAUUSD,sell,out,0.02,4238.32,4076,-0.07,0.00,0.00,3 130.72,sl 4238.39
2025.12.11 03:51:21,4066,XAUUSD,buy,in,0.02,4239.37,4077,-0.07,0.00,0.00,3 130.65,
2025.12.11 03:55:37,4067,XAUUSD,sell,out,0.02,4239.71,4078,-0.07,0.00,0.68,3 131.26,sl 4239.71
2025.12.11 16:35:44,4068,XAUUSD,buy,in,0.02,4238.14,4079,-0.07,0.00,0.00,3 131.19,
2025.12.11 16:37:42,4069,XAUUSD,sell,out,0.02,4239.92,4080,-0.07,0.00,3.56,3 134.68,sl 4239.92
2025.12.11 17:13:29,4070,XAUUSD,buy,in,0.02,4238.61,4081,-0.07,0.00,0.00,3 134.61,
2025.12.11 17:14:28,4071,XAUUSD,sell,out,0.02,4239.55,4082,-0.07,0.00,1.88,3 136.42,sl 4239.55
2025.12.11 17:37:29,4072,XAUUSD,buy,in,0.02,4244.90,4083,-0.07,0.00,0.00,3 136.35,
2025.12.11 17:41:59,4073,XAUUSD,sell,out,0.02,4253.46,4084,-0.07,0.00,17.12,3 153.40,sl 4253.56
2025.12.11 18:01:37,4074,XAUUSD,buy,in,0.02,4253.62,4085,-0.07,0.00,0.00,3 153.33,
2025.12.11 18:02:25,4075,XAUUSD,sell,out,0.02,4253.80,4086,-0.07,0.00,0.36,3 153.62,sl 4253.88
2025.12.11 18:25:40,4076,XAUUSD,buy,in,0.02,4258.62,4087,-0.07,0.00,0.00,3 153.55,
2025.12.11 18:26:34,4077,XAUUSD,sell,out,0.02,4259.05,4088,-0.07,0.00,0.86,3 154.34,sl 4259.05
2025.12.11 18:49:57,4078,XAUUSD,buy,in,0.02,4274.83,4089,-0.07,0.00,0.00,3 154.27,
2025.12.11 18:51:55,4079,XAUUSD,sell,out,0.02,4277.74,4090,-0.07,0.00,5.82,3 160.02,sl 4277.74
2025.12.11 19:14:00,4080,XAUUSD,buy,in,0.02,4277.43,4091,-0.07,0.00,0.00,3 159.95,
2025.12.11 19:14:08,4081,XAUUSD,sell,out,0.02,4277.46,4092,-0.07,0.00,0.06,3 159.94,sl 4277.47
2025.12.11 19:38:12,4082,XAUUSD,buy,in,0.02,4275.52,4093,-0.07,0.00,0.00,3 159.87,
2025.12.11 19:39:58,4083,XAUUSD,sell,out,0.02,4275.70,4094,-0.07,0.00,0.36,3 160.16,sl 4275.71
2025.12.11 20:02:28,4084,XAUUSD,buy,in,0.02,4279.19,4095,-0.07,0.00,0.00,3 160.09,
2025.12.11 20:05:00,4085,XAUUSD,sell,out,0.02,4282.12,4096,-0.07,0.00,5.86,3 165.88,sl 4282.15
2025.12.11 20:26:30,4086,XAUUSD,buy,in,0.02,4282.64,4097,-0.07,0.00,0.00,3 165.81,
2025.12.11 20:29:13,4087,XAUUSD,sell,out,0.02,4282.69,4098,-0.07,0.00,0.10,3 165.84,sl 4282.69
2025.12.11 20:50:36,4088,XAUUSD,buy,in,0.02,4278.29,4099,-0.07,0.00,0.00,3 165.77,
2025.12.11 22:28:44,4089,XAUUSD,sell,in,0.02,4267.65,4100,-0.07,0.00,0.00,3 165.70,
2025.12.11 23:29:18,4090,XAUUSD,sell,out,0.02,4279.03,4101,-0.07,0.00,1.48,3 167.11,sl 4279.03
2025.12.12 03:00:34,4091,XAUUSD,buy,out,0.02,4267.46,4102,-0.07,0.81,0.38,3 168.23,sl 4267.46
2025.12.16 16:15:43,4092,XAUUSD,buy,in,0.02,4320.62,4103,-0.07,0.00,0.00,3 168.16,
2025.12.16 16:16:28,4093,XAUUSD,sell,out,0.02,4324.14,4104,-0.07,0.00,7.04,3 175.13,sl 4324.23
2025.12.16 16:39:46,4094,XAUUSD,buy,in,0.02,4329.28,4105,-0.07,0.00,0.00,3 175.06,
2025.12.16 16:39:58,4095,XAUUSD,sell,out,0.02,4329.30,4106,-0.07,0.00,0.04,3 175.03,sl 4329.30
2025.12.16 17:03:47,4096,XAUUSD,buy,in,0.02,4327.20,4107,-0.07,0.00,0.00,3 174.96,
2025.12.16 17:04:45,4097,XAUUSD,sell,out,0.02,4328.85,4108,-0.07,0.00,3.30,3 178.19,sl 4328.91
2025.12.16 17:28:50,4098,XAUUSD,buy,in,0.02,4321.47,4109,-0.07,0.00,0.00,3 178.12,
2025.12.16 17:29:10,4099,XAUUSD,sell,out,0.02,4322.15,4110,-0.07,0.00,1.36,3 179.41,sl 4322.16
2025.12.16 17:52:53,4100,XAUUSD,buy,in,0.02,4325.68,4111,-0.07,0.00,0.00,3 179.34,
2025.12.16 17:53:57,4101,XAUUSD,sell,out,0.02,4327.89,4112,-0.07,0.00,4.42,3 183.69,sl 4327.91
2025.12.17 03:38:32,4102,XAUUSD,buy,in,0.02,4325.00,4113,-0.07,0.00,0.00,3 183.62,
2025.12.17 03:52:41,4103,XAUUSD,sell,out,0.02,4324.98,4114,-0.07,0.00,-0.04,3 183.51,sl 4325.02
2025.12.17 04:02:39,4104,XAUUSD,buy,in,0.02,4326.37,4115,-0.07,0.00,0.00,3 183.44,
2025.12.17 05:40:42,4105,XAUUSD,sell,in,0.02,4321.36,4116,-0.07,0.00,0.00,3 183.37,
2025.12.17 06:35:18,4106,XAUUSD,buy,out,0.02,4321.39,4117,-0.07,0.00,-0.06,3 183.24,sl 4321.33
2025.12.17 06:39:53,4107,XAUUSD,sell,out,0.02,4327.48,4118,-0.07,0.00,2.22,3 185.39,sl 4327.52
2025.12.18 18:10:23,4108,XAUUSD,buy,in,0.02,4349.61,4119,-0.07,0.00,0.00,3 185.32,
2025.12.18 18:10:31,4109,XAUUSD,sell,out,0.02,4350.16,4120,-0.07,0.00,1.10,3 186.35,sl 4350.16
2025.12.18 18:34:27,4110,XAUUSD,buy,in,0.02,4365.14,4121,-0.07,0.00,0.00,3 186.28,
2025.12.18 18:35:13,4111,XAUUSD,sell,out,0.02,4366.26,4122,-0.07,0.00,2.24,3 188.45,sl 4366.28
2025.12.18 18:58:30,4112,XAUUSD,buy,in,0.02,4359.97,4123,-0.07,0.00,0.00,3 188.38,
2025.12.18 18:59:25,4113,XAUUSD,sell,out,0.02,4359.95,4124,-0.07,0.00,-0.04,3 188.27,sl 4360.00
2025.12.19 18:01:34,4114,XAUUSD,buy,in,0.02,4354.42,4125,-0.07,0.00,0.00,3 188.20,
2025.12.19 19:39:36,4115,XAUUSD,sell,in,0.02,4351.07,4126,-0.07,0.00,0.00,3 188.13,
2025.12.19 19:45:58,4116,XAUUSD,buy,out,0.02,4351.09,4127,-0.07,0.00,-0.04,3 188.02,sl 4351.06
2025.12.19 19:50:27,4117,XAUUSD,sell,out,0.02,4354.66,4128,-0.07,0.00,0.48,3 188.43,sl 4354.67
2025.12.24 19:06:52,4118,XAUUSD,buy,in,0.02,4481.64,4129,-0.07,0.00,0.00,3 188.36,
2025.12.24 19:07:31,4119,XAUUSD,sell,out,0.02,4483.21,4130,-0.07,0.00,3.14,3 191.43,sl 4483.23
2025.12.24 19:31:17,4120,XAUUSD,buy,in,0.02,4481.63,4131,-0.07,0.00,0.00,3 191.36,
2025.12.24 19:32:12,4121,XAUUSD,sell,out,0.02,4481.65,4132,-0.07,0.00,0.04,3 191.33,sl 4481.65
2025.12.24 19:56:17,4122,XAUUSD,buy,in,0.02,4482.24,4133,-0.07,0.00,0.00,3 191.26,
2025.12.24 19:56:26,4123,XAUUSD,sell,out,0.02,4482.21,4134,-0.07,0.00,-0.06,3 191.13,sl 4482.26
2025.12.24 20:23:27,4124,XAUUSD,buy,in,0.02,4482.11,4135,-0.07,0.00,0.00,3 191.06,
2025.12.24 20:29:24,4125,XAUUSD,sell,out,0.02,4482.14,4136,-0.07,0.00,0.06,3 191.05,sl 4482.14
2025.12.26 01:02:06,4126,XAUUSD,buy,in,0.02,4501.86,4137,-0.07,0.00,0.00,3 190.98,
2025.12.26 02:10:01,4127,XAUUSD,sell,out,0.02,4503.20,4138,-0.07,0.00,2.68,3 193.59,sl 4503.21
2025.12.26 02:10:09,4128,XAUUSD,buy,in,0.02,4503.82,4139,-0.07,0.00,0.00,3 193.52,
2025.12.26 02:10:25,4129,XAUUSD,sell,out,0.02,4504.50,4140,-0.07,0.00,1.36,3 194.81,sl 4504.51
2025.12.26 02:34:13,4130,XAUUSD,buy,in,0.02,4504.52,4141,-0.07,0.00,0.00,3 194.74,
2025.12.26 02:35:06,4131,XAUUSD,sell,out,0.02,4504.70,4142,-0.07,0.00,0.36,3 195.03,sl 4504.71
2025.12.26 02:58:17,4132,XAUUSD,buy,in,0.02,4514.74,4143,-0.07,0.00,0.00,3 194.96,
2025.12.26 02:58:50,4133,XAUUSD,sell,out,0.02,4514.64,4144,-0.07,0.00,-0.20,3 194.69,sl 4514.76
2025.12.26 03:22:17,4134,XAUUSD,buy,in,0.02,4516.47,4145,-0.07,0.00,0.00,3 194.62,
2025.12.26 03:22:38,4135,XAUUSD,sell,out,0.02,4516.20,4146,-0.07,0.00,-0.54,3 194.01,sl 4516.51
2025.12.26 03:46:24,4136,XAUUSD,buy,in,0.02,4504.59,4147,-0.07,0.00,0.00,3 193.94,
2025.12.26 03:47:30,4137,XAUUSD,sell,out,0.02,4504.66,4148,-0.07,0.00,0.14,3 194.01,sl 4504.82
2025.12.26 04:10:26,4138,XAUUSD,buy,in,0.02,4502.56,4149,-0.07,0.00,0.00,3 193.94,
2025.12.26 04:11:09,4139,XAUUSD,sell,out,0.02,4505.17,4150,-0.07,0.00,5.22,3 199.09,sl 4505.17
2025.12.26 04:34:28,4140,XAUUSD,buy,in,0.02,4498.51,4151,-0.07,0.00,0.00,3 199.02,
2025.12.26 04:36:28,4141,XAUUSD,sell,out,0.02,4498.60,4152,-0.07,0.00,0.18,3 199.13,sl 4499.00
2025.12.26 04:58:33,4142,XAUUSD,buy,in,0.02,4507.09,4153,-0.07,0.00,0.00,3 199.06,
2025.12.26 04:59:16,4143,XAUUSD,sell,out,0.02,4508.03,4154,-0.07,0.00,1.88,3 200.87,sl 4508.04
2025.12.26 05:22:33,4144,XAUUSD,buy,in,0.02,4511.40,4155,-0.07,0.00,0.00,3 200.80,
2025.12.26 07:00:37,4145,XAUUSD,sell,in,0.02,4508.19,4156,-0.07,0.00,0.00,3 200.73,
2025.12.26 07:03:45,4146,XAUUSD,buy,out,0.02,4508.16,4157,-0.07,0.00,0.06,3 200.72,sl 4508.13
2025.12.26 07:30:57,4147,XAUUSD,sell,out,0.02,4512.22,4158,-0.07,0.00,1.64,3 202.29,sl 4512.29
2025.12.29 03:16:40,4148,XAUUSD,buy,in,0.02,4516.82,4159,-0.07,0.00,0.00,3 202.22,
2025.12.29 04:54:49,4149,XAUUSD,sell,in,0.02,4512.81,4160,-0.07,0.00,0.00,3 202.15,
2025.12.29 04:55:24,4150,XAUUSD,buy,out,0.02,4512.59,4161,-0.07,0.00,0.44,3 202.52,sl 4512.58
2025.12.29 05:09:06,4151,XAUUSD,sell,out,0.02,4517.88,4162,-0.07,0.00,2.12,3 204.57,sl 4518.18
2025.12.29 09:00:09,4152,XAUUSD,sell,in,0.02,4464.28,4163,-0.07,0.00,0.00,3 204.50,
2025.12.29 09:00:35,4153,XAUUSD,buy,out,0.02,4460.52,4164,-0.07,0.00,7.52,3 211.95,sl 4460.45
2025.12.29 10:49:48,4154,XAUUSD,sell,in,0.02,4461.30,4165,-0.07,0.00,0.00,3 211.88,
2025.12.29 10:50:05,4155,XAUUSD,buy,out,0.02,4460.33,4166,-0.07,0.00,1.94,3 213.75,sl 4460.31
2025.12.29 11:23:25,4156,XAUUSD,sell,in,0.02,4462.61,4167,-0.07,0.00,0.00,3 213.68,
2025.12.29 11:35:05,4157,XAUUSD,buy,out,0.02,4462.57,4168,-0.07,0.00,0.08,3 213.69,sl 4462.42
2025.12.29 12:30:04,4158,XAUUSD,sell,in,0.02,4462.76,4169,-0.07,0.00,0.00,3 213.62,
2025.12.29 12:30:40,4159,XAUUSD,buy,out,0.02,4460.80,4170,-0.07,0.00,3.92,3 217.47,sl 4460.75
2025.12.29 12:54:06,4160,XAUUSD,sell,in,0.02,4460.51,4171,-0.07,0.00,0.00,3 217.40,
2025.12.29 12:54:47,4161,XAUUSD,buy,out,0.02,4460.54,4172,-0.07,0.00,-0.06,3 217.27,sl 4460.47
2025.12.29 13:36:25,4162,XAUUSD,sell,in,0.02,4460.92,4173,-0.07,0.00,0.00,3 217.20,
2025.12.29 13:37:42,4163,XAUUSD,buy,out,0.02,4456.83,4174,-0.07,0.00,8.18,3 225.31,sl 4456.67
2025.12.29 14:00:27,4164,XAUUSD,sell,in,0.02,4448.11,4175,-0.07,0.00,0.00,3 225.24,
2025.12.29 14:01:00,4165,XAUUSD,buy,out,0.02,4447.17,4176,-0.07,0.00,1.88,3 227.05,sl 4447.12
2025.12.29 14:24:33,4166,XAUUSD,sell,in,0.02,4454.28,4177,-0.07,0.00,0.00,3 226.98,
2025.12.29 14:25:36,4167,XAUUSD,buy,out,0.02,4453.04,4178,-0.07,0.00,2.48,3 229.39,sl 4453.04
2025.12.29 15:03:02,4168,XAUUSD,sell,in,0.02,4460.40,4179,-0.07,0.00,0.00,3 229.32,
2025.12.29 15:12:04,4169,XAUUSD,buy,out,0.02,4460.04,4180,-0.07,0.00,0.72,3 229.97,sl 4460.00
2025.12.29 15:27:08,4170,XAUUSD,sell,in,0.02,4453.38,4181,-0.07,0.00,0.00,3 229.90,
2025.12.29 15:28:36,4171,XAUUSD,buy,out,0.02,4447.50,4182,-0.07,0.00,11.76,3 241.59,sl 4447.40
2025.12.29 15:51:08,4172,XAUUSD,sell,in,0.02,4410.17,4183,-0.07,0.00,0.00,3 241.52,
2025.12.29 15:51:28,4173,XAUUSD,buy,out,0.02,4409.57,4184,-0.07,0.00,1.20,3 242.65,sl 4409.54
2025.12.29 16:15:09,4174,XAUUSD,sell,in,0.02,4397.29,4185,-0.07,0.00,0.00,3 242.58,
2025.12.29 16:19:24,4175,XAUUSD,buy,out,0.02,4393.72,4186,-0.07,0.00,7.14,3 249.65,sl 4393.65
2025.12.29 16:39:13,4176,XAUUSD,sell,in,0.02,4378.98,4187,-0.07,0.00,0.00,3 249.58,
2025.12.29 16:39:36,4177,XAUUSD,buy,out,0.02,4374.29,4188,-0.07,0.00,9.38,3 258.89,sl 4374.11
2025.12.29 17:03:15,4178,XAUUSD,sell,in,0.02,4343.20,4189,-0.07,0.00,0.00,3 258.82,
2025.12.29 17:03:38,4179,XAUUSD,buy,out,0.02,4342.88,4190,-0.07,0.00,0.64,3 259.39,sl 4342.88
2025.12.29 17:27:18,4180,XAUUSD,sell,in,0.02,4328.61,4191,-0.07,0.00,0.00,3 259.32,
2025.12.29 17:27:34,4181,XAUUSD,buy,out,0.02,4328.61,4192,-0.07,0.00,0.00,3 259.25,sl 4328.60
2025.12.29 17:51:22,4182,XAUUSD,sell,in,0.02,4323.78,4193,-0.07,0.00,0.00,3 259.18,
2025.12.29 17:57:29,4183,XAUUSD,buy,out,0.02,4323.81,4194,-0.07,0.00,-0.06,3 259.05,sl 4323.74
2025.12.29 18:15:23,4184,XAUUSD,sell,in,0.02,4333.75,4195,-0.07,0.00,0.00,3 258.98,
2025.12.29 18:15:46,4185,XAUUSD,buy,out,0.02,4329.64,4196,-0.07,0.00,8.22,3 267.13,sl 4329.60
2025.12.29 18:39:24,4186,XAUUSD,sell,in,0.02,4340.86,4197,-0.07,0.00,0.00,3 267.06,
2025.12.29 18:39:26,4187,XAUUSD,buy,out,0.02,4340.87,4198,-0.07,0.00,-0.02,3 266.97,sl 4340.77
2025.12.29 19:03:29,4188,XAUUSD,sell,in,0.02,4339.80,4199,-0.07,0.00,0.00,3 266.90,
2025.12.29 19:04:03,4189,XAUUSD,buy,out,0.02,4339.68,4200,-0.07,0.00,0.24,3 267.07,sl 4339.65
2025.12.29 19:27:36,4190,XAUUSD,sell,in,0.02,4326.69,4201,-0.07,0.00,0.00,3 267.00,
2025.12.29 19:31:25,4191,XAUUSD,buy,out,0.02,4325.92,4202,-0.07,0.00,1.54,3 268.47,sl 4325.92
2025.12.29 19:51:47,4192,XAUUSD,sell,in,0.02,4324.87,4203,-0.07,0.00,0.00,3 268.40,
2025.12.29 19:52:20,4193,XAUUSD,buy,out,0.02,4324.13,4204,-0.07,0.00,1.48,3 269.81,sl 4324.07
2025.12.29 20:15:47,4194,XAUUSD,sell,in,0.02,4330.72,4205,-0.07,0.00,0.00,3 269.74,
2025.12.29 20:18:30,4195,XAUUSD,buy,out,0.02,4330.95,4206,-0.07,0.00,-0.46,3 269.21,sl 4330.68
2025.12.29 20:39:53,4196,XAUUSD,sell,in,0.02,4331.62,4207,-0.07,0.00,0.00,3 269.14,
2025.12.29 20:40:30,4197,XAUUSD,buy,out,0.02,4331.59,4208,-0.07,0.00,0.06,3 269.13,sl 4331.56
2025.12.29 21:03:53,4198,XAUUSD,sell,in,0.02,4330.57,4209,-0.07,0.00,0.00,3 269.06,
2025.12.29 21:04:27,4199,XAUUSD,buy,out,0.02,4330.37,4210,-0.07,0.00,0.40,3 269.39,sl 4330.37
2025.12.29 21:28:09,4200,XAUUSD,sell,in,0.02,4331.42,4211,-0.07,0.00,0.00,3 269.32,
2025.12.29 21:30:03,4201,XAUUSD,buy,out,0.02,4331.05,4212,-0.07,0.00,0.74,3 269.99,sl 4330.99
2025.12.29 21:52:10,4202,XAUUSD,sell,in,0.02,4332.01,4213,-0.07,0.00,0.00,3 269.92,
2025.12.29 22:36:54,4203,XAUUSD,buy,out,0.02,4330.69,4214,-0.07,0.00,2.64,3 272.49,sl 4330.67
2025.12.29 22:36:54,4204,XAUUSD,sell,in,0.02,4330.58,4215,-0.07,0.00,0.00,3 272.42,
2025.12.29 22:38:08,4205,XAUUSD,buy,out,0.02,4328.85,4216,-0.07,0.00,3.46,3 275.81,sl 4328.84
2025.12.29 23:00:55,4206,XAUUSD,sell,in,0.02,4333.56,4217,-0.07,0.00,0.00,3 275.74,
2025.12.29 23:01:52,4207,XAUUSD,buy,out,0.02,4331.04,4218,-0.07,0.00,5.04,3 280.71,sl 4331.01
2025.12.29 23:24:59,4208,XAUUSD,sell,in,0.02,4333.70,4219,-0.07,0.00,0.00,3 280.64,
2025.12.29 23:27:43,4209,XAUUSD,buy,out,0.02,4333.54,4220,-0.07,0.00,0.32,3 280.89,sl 4333.39
2025.12.29 23:49:06,4210,XAUUSD,sell,in,0.02,4330.93,4221,-0.07,0.00,0.00,3 280.82,
2025.12.30 01:18:56,4211,XAUUSD,buy,out,0.02,4325.61,4222,-0.07,0.81,10.64,3 292.20,sl 4325.55
2025.12.30 01:19:02,4212,XAUUSD,sell,in,0.02,4326.67,4223,-0.07,0.00,0.00,3 292.13,
2025.12.30 02:57:08,4213,XAUUSD,buy,in,0.02,4339.74,4224,-0.07,0.00,0.00,3 292.06,
2025.12.30 03:06:03,4214,XAUUSD,buy,out,0.02,4325.82,4225,-0.07,0.00,1.70,3 293.69,sl 4325.78
2025.12.30 03:17:08,4215,XAUUSD,sell,out,0.02,4340.41,4226,-0.07,0.00,1.34,3 294.96,sl 4340.41
2026.01.02 10:46:38,4216,XAUUSD,buy,in,0.02,4394.19,4227,-0.07,0.00,0.00,3 294.89,
2026.01.02 10:47:28,4217,XAUUSD,sell,out,0.02,4396.62,4228,-0.07,0.00,4.86,3 299.68,sl 4396.63
2026.01.02 12:41:06,4218,XAUUSD,buy,in,0.02,4395.62,4229,-0.07,0.00,0.00,3 299.61,
2026.01.02 12:41:53,4219,XAUUSD,sell,out,0.02,4395.60,4230,-0.07,0.00,-0.04,3 299.50,sl 4395.67
2026.01.02 13:05:08,4220,XAUUSD,buy,in,0.02,4397.18,4231,-0.07,0.00,0.00,3 299.43,
2026.01.02 13:20:33,4221,XAUUSD,sell,out,0.02,4397.29,4232,-0.07,0.00,0.22,3 299.58,sl 4397.30
2026.01.02 14:10:19,4222,XAUUSD,buy,in,0.02,4397.18,4233,-0.07,0.00,0.00,3 299.51,
2026.01.02 14:19:00,4223,XAUUSD,sell,out,0.02,4397.31,4234,-0.07,0.00,0.26,3 299.70,sl 4397.37
2026.01.02 15:04:18,4224,XAUUSD,buy,in,0.02,4397.80,4235,-0.07,0.00,0.00,3 299.63,
2026.01.02 15:14:30,4225,XAUUSD,sell,out,0.02,4400.54,4236,-0.07,0.00,5.48,3 305.04,sl 4400.54
2026.01.02 17:05:09,4226,XAUUSD,sell,in,0.02,4341.43,4237,-0.07,0.00,0.00,3 304.97,
2026.01.02 17:06:18,4227,XAUUSD,buy,out,0.02,4341.40,4238,-0.07,0.00,0.06,3 304.96,sl 4341.39
2026.01.02 17:29:16,4228,XAUUSD,sell,in,0.02,4337.68,4239,-0.07,0.00,0.00,3 304.89,
2026.01.02 17:29:37,4229,XAUUSD,buy,out,0.02,4337.53,4240,-0.07,0.00,0.30,3 305.12,sl 4337.25
2026.01.02 17:53:22,4230,XAUUSD,sell,in,0.02,4340.69,4241,-0.07,0.00,0.00,3 305.05,
2026.01.02 17:53:43,4231,XAUUSD,buy,out,0.02,4340.67,4242,-0.07,0.00,0.04,3 305.02,sl 4340.65
2026.01.02 18:17:31,4232,XAUUSD,sell,in,0.02,4318.36,4243,-0.07,0.00,0.00,3 304.95,
2026.01.02 18:18:26,4233,XAUUSD,buy,out,0.02,4317.96,4244,-0.07,0.00,0.80,3 305.68,sl 4317.91
2026.01.02 18:41:33,4234,XAUUSD,sell,in,0.02,4326.22,4245,-0.07,0.00,0.00,3 305.61,
2026.01.02 18:43:00,4235,XAUUSD,buy,out,0.02,4324.55,4246,-0.07,0.00,3.34,3 308.88,sl 4324.51
2026.01.02 19:05:37,4236,XAUUSD,sell,in,0.02,4332.71,4247,-0.07,0.00,0.00,3 308.81,
2026.01.02 19:06:19,4237,XAUUSD,buy,out,0.02,4331.32,4248,-0.07,0.00,2.78,3 311.52,sl 4331.27
2026.01.02 19:29:41,4238,XAUUSD,sell,in,0.02,4328.34,4250,-0.07,0.00,0.00,3 311.45,
2026.01.02 19:31:48,4239,XAUUSD,buy,out,0.02,4327.67,4251,-0.07,0.00,1.34,3 312.72,sl 4327.65
2026.01.02 19:53:42,4240,XAUUSD,sell,in,0.02,4325.64,4252,-0.07,0.00,0.00,3 312.65,
2026.01.02 19:54:08,4241,XAUUSD,buy,out,0.02,4324.89,4253,-0.07,0.00,1.50,3 314.08,sl 4324.88
2026.01.02 20:17:46,4242,XAUUSD,sell,in,0.02,4314.16,4254,-0.07,0.00,0.00,3 314.01,
2026.01.02 20:36:42,4243,XAUUSD,buy,out,0.02,4314.06,4255,-0.07,0.00,0.20,3 314.14,sl 4314.06
2026.01.02 20:41:50,4244,XAUUSD,sell,in,0.02,4313.27,4256,-0.07,0.00,0.00,3 314.07,
2026.01.02 20:42:29,4245,XAUUSD,buy,out,0.02,4313.08,4257,-0.07,0.00,0.38,3 314.38,sl 4313.06
2026.01.02 21:05:55,4246,XAUUSD,sell,in,0.02,4320.91,4258,-0.07,0.00,0.00,3 314.31,
2026.01.02 21:06:17,4247,XAUUSD,buy,out,0.02,4320.93,4259,-0.07,0.00,-0.04,3 314.20,sl 4320.90
2026.01.02 21:29:57,4248,XAUUSD,sell,in,0.02,4318.43,4260,-0.07,0.00,0.00,3 314.13,
2026.01.02 21:52:05,4249,XAUUSD,buy,out,0.02,4318.44,4261,-0.07,0.00,-0.02,3 314.04,sl 4318.40
2026.01.02 21:53:59,4250,XAUUSD,sell,in,0.02,4318.87,4263,-0.07,0.00,0.00,3 313.97,
2026.01.02 21:58:47,4251,XAUUSD,buy,out,0.02,4318.83,4264,-0.07,0.00,0.08,3 313.98,sl 4318.82
2026.01.02 22:18:02,4252,XAUUSD,sell,in,0.02,4320.95,4265,-0.07,0.00,0.00,3 313.91,
2026.01.02 23:56:07,4253,XAUUSD,buy,in,0.02,4333.18,4266,-0.07,0.00,0.00,3 313.84,
2026.01.05 01:02:10,4254,XAUUSD,sell,out,0.02,4352.98,4267,-0.07,-1.14,39.60,3 352.23,
2026.01.05 01:02:10,4255,XAUUSD,buy,out,0.02,4353.48,4268,-0.07,0.81,-65.06,3 287.91,
2026.01.05 02:28:41,4256,XAUUSD,buy,in,0.02,4389.16,4269,-0.07,0.00,0.00,3 287.84,
2026.01.05 02:32:00,4257,XAUUSD,sell,out,0.02,4389.40,4270,-0.07,0.00,0.48,3 288.25,sl 4389.43
2026.01.05 02:52:41,4258,XAUUSD,buy,in,0.02,4390.80,4271,-0.07,0.00,0.00,3 288.18,
2026.01.05 02:53:51,4259,XAUUSD,sell,out,0.02,4390.93,4272,-0.07,0.00,0.26,3 288.37,sl 4390.95
2026.01.05 03:16:44,4260,XAUUSD,buy,in,0.02,4404.13,4273,-0.07,0.00,0.00,3 288.30,
2026.01.05 03:26:15,4261,XAUUSD,sell,out,0.02,4404.16,4274,-0.07,0.00,0.06,3 288.29,sl 4404.16
2026.01.05 03:40:43,4262,XAUUSD,buy,in,0.02,4403.57,4275,-0.07,0.00,0.00,3 288.22,
2026.01.05 03:45:04,4263,XAUUSD,sell,out,0.02,4403.51,4276,-0.07,0.00,-0.12,3 288.03,sl 4403.63
2026.01.05 04:04:59,4264,XAUUSD,buy,in,0.02,4399.24,4277,-0.07,0.00,0.00,3 287.96,
2026.01.05 04:05:19,4265,XAUUSD,sell,out,0.02,4399.28,4278,-0.07,0.00,0.08,3 287.97,sl 4399.29
2026.01.05 04:29:02,4266,XAUUSD,buy,in,0.02,4401.58,4279,-0.07,0.00,0.00,3 287.90,
2026.01.05 04:29:35,4267,XAUUSD,sell,out,0.02,4401.67,4280,-0.07,0.00,0.18,3 288.01,sl 4401.74
2026.01.05 04:53:04,4268,XAUUSD,buy,in,0.02,4408.34,4281,-0.07,0.00,0.00,3 287.94,
2026.01.05 04:56:36,4269,XAUUSD,sell,out,0.02,4408.36,4282,-0.07,0.00,0.04,3 287.91,sl 4408.38
2026.01.05 05:17:04,4270,XAUUSD,buy,in,0.02,4411.69,4283,-0.07,0.00,0.00,3 287.84,
2026.01.05 06:55:09,4271,XAUUSD,sell,in,0.02,4403.61,4284,-0.07,0.00,0.00,3 287.77,
2026.01.05 07:30:02,4272,XAUUSD,sell,out,0.02,4411.98,4285,-0.07,0.00,0.58,3 288.28,sl 4412.02
2026.01.05 07:44:13,4273,XAUUSD,buy,out,0.02,4403.18,4286,-0.07,0.00,0.86,3 289.07,sl 4403.12
2026.01.07 10:37:03,4274,XAUUSD,buy,in,0.02,4469.17,4287,-0.07,0.00,0.00,3 289.00,
2026.01.07 10:37:32,4275,XAUUSD,sell,out,0.02,4469.38,4288,-0.07,0.00,0.42,3 289.35,sl 4469.38
2026.01.08 07:43:27,4276,XAUUSD,sell,in,0.02,4417.88,4289,-0.07,0.00,0.00,3 289.28,
2026.01.08 07:43:47,4277,XAUUSD,buy,out,0.02,4417.85,4290,-0.07,0.00,0.06,3 289.27,sl 4417.84
2026.01.08 08:07:33,4278,XAUUSD,sell,in,0.02,4418.61,4291,-0.07,0.00,0.00,3 289.20,
2026.01.08 09:45:35,4279,XAUUSD,buy,in,0.02,4430.58,4292,-0.07,0.00,0.00,3 289.13,
2026.01.08 09:46:10,4280,XAUUSD,sell,out,0.02,4431.55,4293,-0.07,0.00,1.94,3 291.00,sl 4431.55
2026.01.08 14:01:48,4281,XAUUSD,buy,out,0.02,4417.88,4294,-0.07,0.00,1.46,3 292.39,sl 4417.88
2026.01.08 22:27:34,4282,XAUUSD,buy,in,0.02,4472.15,4295,-0.07,0.00,0.00,3 292.32,
2026.01.08 22:27:52,4283,XAUUSD,sell,out,0.02,4472.17,4296,-0.07,0.00,0.04,3 292.29,sl 4472.17
2026.01.08 22:51:38,4284,XAUUSD,buy,in,0.02,4476.16,4297,-0.07,0.00,0.00,3 292.22,
2026.01.08 22:51:57,4285,XAUUSD,sell,out,0.02,4476.17,4298,-0.07,0.00,0.02,3 292.17,sl 4476.21
2026.01.08 23:15:50,4286,XAUUSD,buy,in,0.02,4477.93,4299,-0.07,0.00,0.00,3 292.10,
2026.01.08 23:54:42,4287,XAUUSD,sell,out,0.02,4477.88,4300,-0.07,0.00,-0.10,3 291.93,sl 4477.95
2026.01.08 23:54:44,4288,XAUUSD,buy,in,0.02,4478.26,4301,-0.07,0.00,0.00,3 291.86,
2026.01.09 01:02:16,4289,XAUUSD,sell,out,0.02,4483.39,4302,-0.07,-1.14,10.26,3 300.91,sl 4483.49
2026.01.09 01:02:20,4290,XAUUSD,buy,in,0.02,4483.54,4303,-0.07,0.00,0.00,3 300.84,
2026.01.09 02:40:29,4291,XAUUSD,sell,in,0.02,4467.18,4304,-0.07,0.00,0.00,3 300.77,
2026.01.09 02:46:49,4292,XAUUSD,buy,out,0.02,4467.06,4305,-0.07,0.00,0.24,3 300.94,sl 4467.06
2026.01.09 15:32:40,4293,XAUUSD,sell,out,0.02,4483.47,4306,-0.07,0.00,-0.14,3 300.73,sl 4483.65
2026.01.16 17:28:46,4294,XAUUSD,sell,in,0.02,4574.79,4307,-0.07,0.00,0.00,3 300.66,
2026.01.16 17:28:56,4295,XAUUSD,buy,out,0.02,4574.53,4308,-0.07,0.00,0.52,3 301.11,sl 4574.37
2026.01.16 17:52:53,4296,XAUUSD,sell,in,0.02,4561.00,4309,-0.07,0.00,0.00,3 301.04,
2026.01.16 17:52:56,4297,XAUUSD,buy,out,0.02,4560.95,4310,-0.07,0.00,0.10,3 301.07,sl 4560.92
2026.01.19 01:02:04,4298,XAUUSD,buy,in,0.02,4638.78,4311,-0.07,0.00,0.00,3 301.00,
2026.01.19 01:02:11,4299,XAUUSD,sell,out,0.02,4640.30,4312,-0.07,0.00,3.04,3 303.97,sl 4640.31
2026.01.19 01:26:11,4300,XAUUSD,buy,in,0.02,4676.95,4313,-0.07,0.00,0.00,3 303.90,
2026.01.19 01:26:51,4301,XAUUSD,sell,out,0.02,4677.01,4314,-0.07,0.00,0.12,3 303.95,sl 4677.06
2026.01.19 01:50:15,4302,XAUUSD,buy,in,0.02,4665.77,4315,-0.07,0.00,0.00,3 303.88,
2026.01.19 01:50:38,4303,XAUUSD,sell,out,0.02,4668.01,4316,-0.07,0.00,4.48,3 308.29,sl 4668.05
2026.01.19 02:14:14,4304,XAUUSD,buy,in,0.02,4666.40,4317,-0.07,0.00,0.00,3 308.22,
2026.01.19 02:15:32,4305,XAUUSD,sell,out,0.02,4667.39,4318,-0.07,0.00,1.98,3 310.13,sl 4667.41
2026.01.19 02:38:32,4306,XAUUSD,buy,in,0.02,4678.42,4319,-0.07,0.00,0.00,3 310.06,
2026.01.19 02:39:06,4307,XAUUSD,sell,out,0.02,4679.74,4320,-0.07,0.00,2.64,3 312.63,sl 4679.93
2026.01.19 03:02:38,4308,XAUUSD,buy,in,0.02,4674.27,4321,-0.07,0.00,0.00,3 312.56,
2026.01.19 03:03:09,4309,XAUUSD,sell,out,0.02,4674.26,4322,-0.07,0.00,-0.02,3 312.47,sl 4674.30
2026.01.19 03:26:38,4310,XAUUSD,buy,in,0.02,4660.02,4323,-0.07,0.00,0.00,3 312.40,
2026.01.19 03:26:55,4311,XAUUSD,sell,out,0.02,4660.82,4324,-0.07,0.00,1.60,3 313.93,sl 4660.87
2026.01.19 03:50:42,4312,XAUUSD,buy,in,0.02,4665.67,4325,-0.07,0.00,0.00,3 313.86,
2026.01.19 03:53:08,4313,XAUUSD,sell,out,0.02,4665.73,4326,-0.07,0.00,0.12,3 313.91,sl 4665.78
2026.01.19 04:14:48,4314,XAUUSD,buy,in,0.02,4659.50,4327,-0.07,0.00,0.00,3 313.84,
2026.01.19 04:15:05,4315,XAUUSD,sell,out,0.02,4660.10,4328,-0.07,0.00,1.20,3 314.97,sl 4660.30
2026.01.19 04:38:59,4316,XAUUSD,buy,in,0.02,4662.16,4329,-0.07,0.00,0.00,3 314.90,
2026.01.19 04:56:16,4317,XAUUSD,sell,out,0.02,4662.30,4330,-0.07,0.00,0.28,3 315.11,sl 4662.30
2026.01.19 05:03:04,4318,XAUUSD,buy,in,0.02,4666.85,4331,-0.07,0.00,0.00,3 315.04,
2026.01.19 05:03:44,4319,XAUUSD,sell,out,0.02,4667.17,4332,-0.07,0.00,0.64,3 315.61,sl 4667.23
2026.01.19 05:27:09,4320,XAUUSD,buy,in,0.02,4665.50,4333,-0.07,0.00,0.00,3 315.54,
2026.01.19 05:27:27,4321,XAUUSD,sell,out,0.02,4665.50,4334,-0.07,0.00,0.00,3 315.47,sl 4665.55
2026.01.19 05:51:15,4322,XAUUSD,buy,in,0.02,4659.32,4335,-0.07,0.00,0.00,3 315.40,
2026.01.19 05:51:33,4323,XAUUSD,sell,out,0.02,4659.45,4336,-0.07,0.00,0.26,3 315.59,sl 4659.47
2026.01.19 06:15:18,4324,XAUUSD,buy,in,0.02,4661.41,4337,-0.07,0.00,0.00,3 315.52,
2026.01.19 06:16:32,4325,XAUUSD,sell,out,0.02,4661.47,4338,-0.07,0.00,0.12,3 315.57,sl 4661.51
2026.01.19 06:39:18,4326,XAUUSD,buy,in,0.02,4661.41,4339,-0.07,0.00,0.00,3 315.50,
2026.01.19 06:44:22,4327,XAUUSD,sell,out,0.02,4661.56,4340,-0.07,0.00,0.30,3 315.73,sl 4661.58
2026.01.19 07:03:21,4328,XAUUSD,buy,in,0.02,4669.38,4341,-0.07,0.00,0.00,3 315.66,
2026.01.19 07:06:50,4329,XAUUSD,sell,out,0.02,4669.88,4342,-0.07,0.00,1.00,3 316.59,sl 4669.92
2026.01.19 07:27:29,4330,XAUUSD,buy,in,0.02,4670.83,4343,-0.07,0.00,0.00,3 316.52,
2026.01.19 07:30:49,4331,XAUUSD,sell,out,0.02,4671.28,4344,-0.07,0.00,0.90,3 317.35,sl 4671.35
2026.01.19 07:51:32,4332,XAUUSD,buy,in,0.02,4666.09,4345,-0.07,0.00,0.00,3 317.28,
2026.01.19 07:53:28,4333,XAUUSD,sell,out,0.02,4668.47,4346,-0.07,0.00,4.76,3 321.97,sl 4668.57
2026.01.19 08:15:33,4334,XAUUSD,buy,in,0.02,4669.01,4347,-0.07,0.00,0.00,3 321.90,
2026.01.19 08:17:17,4335,XAUUSD,sell,out,0.02,4669.43,4348,-0.07,0.00,0.84,3 322.67,sl 4669.54
2026.01.19 08:39:39,4336,XAUUSD,buy,in,0.02,4674.74,4349,-0.07,0.00,0.00,3 322.60,
2026.01.19 08:46:26,4337,XAUUSD,sell,out,0.02,4674.77,4350,-0.07,0.00,0.06,3 322.59,sl 4674.79
2026.01.19 09:03:54,4338,XAUUSD,buy,in,0.02,4676.58,4351,-0.07,0.00,0.00,3 322.52,
2026.01.19 09:05:42,4339,XAUUSD,sell,out,0.02,4677.44,4352,-0.07,0.00,1.72,3 324.17,sl 4677.46
2026.01.19 09:27:58,4340,XAUUSD,buy,in,0.02,4668.69,4353,-0.07,0.00,0.00,3 324.10,
2026.01.19 09:30:29,4341,XAUUSD,sell,out,0.02,4668.70,4354,-0.07,0.00,0.02,3 324.05,sl 4668.72
2026.01.19 09:52:05,4342,XAUUSD,buy,in,0.02,4664.90,4355,-0.07,0.00,0.00,3 323.98,
2026.01.19 09:58:55,4343,XAUUSD,sell,out,0.02,4665.41,4356,-0.07,0.00,1.02,3 324.93,sl 4665.58
2026.01.19 10:16:10,4344,XAUUSD,buy,in,0.02,4668.75,4357,-0.07,0.00,0.00,3 324.86,
2026.01.19 10:17:07,4345,XAUUSD,sell,out,0.02,4668.81,4358,-0.07,0.00,0.12,3 324.91,sl 4668.87
2026.01.19 10:40:13,4346,XAUUSD,buy,in,0.02,4669.60,4359,-0.07,0.00,0.00,3 324.84,
2026.01.19 11:11:28,4347,XAUUSD,sell,out,0.02,4669.98,4360,-0.07,0.00,0.76,3 325.53,sl 4670.11
2026.01.19 11:11:33,4348,XAUUSD,buy,in,0.02,4670.22,4361,-0.07,0.00,0.00,3 325.46,
2026.01.19 11:12:35,4349,XAUUSD,sell,out,0.02,4670.51,4362,-0.07,0.00,0.58,3 325.97,sl 4670.54
2026.01.19 11:35:35,4350,XAUUSD,buy,in,0.02,4669.83,4363,-0.07,0.00,0.00,3 325.90,
2026.01.19 11:37:52,4351,XAUUSD,sell,out,0.02,4669.94,4364,-0.07,0.00,0.22,3 326.05,sl 4669.99
2026.01.19 11:59:45,4352,XAUUSD,buy,in,0.02,4668.48,4365,-0.07,0.00,0.00,3 325.98,
2026.01.19 12:07:44,4353,XAUUSD,sell,out,0.02,4668.74,4366,-0.07,0.00,0.52,3 326.43,sl 4668.78
2026.01.19 12:23:54,4354,XAUUSD,buy,in,0.02,4668.19,4367,-0.07,0.00,0.00,3 326.36,
2026.01.19 12:24:06,4355,XAUUSD,sell,out,0.02,4668.25,4368,-0.07,0.00,0.12,3 326.41,sl 4668.29
2026.01.19 12:47:56,4356,XAUUSD,buy,in,0.02,4665.63,4369,-0.07,0.00,0.00,3 326.34,
2026.01.19 12:49:30,4357,XAUUSD,sell,out,0.02,4665.70,4370,-0.07,0.00,0.14,3 326.41,sl 4665.74
2026.01.19 13:12:02,4358,XAUUSD,buy,in,0.02,4666.57,4371,-0.07,0.00,0.00,3 326.34,
2026.01.19 13:30:00,4359,XAUUSD,sell,out,0.02,4666.63,4372,-0.07,0.00,0.12,3 326.39,sl 4666.67
2026.01.19 13:36:10,4360,XAUUSD,buy,in,0.02,4664.85,4373,-0.07,0.00,0.00,3 326.32,
2026.01.19 13:45:19,4361,XAUUSD,sell,out,0.02,4664.86,4374,-0.07,0.00,0.02,3 326.27,sl 4664.89
2026.01.19 14:00:14,4362,XAUUSD,buy,in,0.02,4660.54,4375,-0.07,0.00,0.00,3 326.20,
2026.01.19 14:01:13,4363,XAUUSD,sell,out,0.02,4661.94,4376,-0.07,0.00,2.80,3 328.93,sl 4661.97
2026.01.19 14:24:14,4364,XAUUSD,buy,in,0.02,4670.64,4377,-0.07,0.00,0.00,3 328.86,
2026.01.19 14:25:29,4365,XAUUSD,sell,out,0.02,4670.70,4378,-0.07,0.00,0.12,3 328.91,sl 4670.70
2026.01.19 14:48:18,4366,XAUUSD,buy,in,0.02,4671.26,4379,-0.07,0.00,0.00,3 328.84,
2026.01.19 14:56:59,4367,XAUUSD,sell,out,0.02,4671.38,4380,-0.07,0.00,0.24,3 329.01,sl 4671.38
2026.01.19 15:12:19,4368,XAUUSD,buy,in,0.02,4671.83,4381,-0.07,0.00,0.00,3 328.94,
2026.01.19 15:31:09,4369,XAUUSD,sell,out,0.02,4671.98,4382,-0.07,0.00,0.30,3 329.17,sl 4672.09
2026.01.19 15:36:18,4370,XAUUSD,buy,in,0.02,4671.08,4383,-0.07,0.00,0.00,3 329.10,
2026.01.19 15:36:36,4371,XAUUSD,sell,out,0.02,4671.15,4384,-0.07,0.00,0.14,3 329.17,sl 4671.16
2026.01.19 16:00:30,4372,XAUUSD,buy,in,0.02,4665.80,4385,-0.07,0.00,0.00,3 329.10,
2026.01.19 16:01:05,4373,XAUUSD,sell,out,0.02,4666.41,4386,-0.07,0.00,1.22,3 330.25,sl 4666.41
2026.01.19 16:24:31,4374,XAUUSD,buy,in,0.02,4668.03,4387,-0.07,0.00,0.00,3 330.18,
2026.01.19 16:29:30,4375,XAUUSD,sell,out,0.02,4668.01,4388,-0.07,0.00,-0.04,3 330.07,sl 4668.06
2026.01.19 16:48:31,4376,XAUUSD,buy,in,0.02,4667.06,4389,-0.07,0.00,0.00,3 330.00,
2026.01.19 16:51:37,4377,XAUUSD,sell,out,0.02,4667.15,4390,-0.07,0.00,0.18,3 330.11,sl 4667.16
2026.01.19 17:12:33,4378,XAUUSD,buy,in,0.02,4668.28,4391,-0.07,0.00,0.00,3 330.04,
2026.01.19 17:15:06,4379,XAUUSD,sell,out,0.02,4668.30,4392,-0.07,0.00,0.04,3 330.01,sl 4668.30
2026.01.21 22:01:11,4380,XAUUSD,buy,in,0.02,4787.11,4393,-0.07,0.00,0.00,3 329.94,
2026.01.21 22:15:14,4381,XAUUSD,sell,out,0.02,4787.06,4394,-0.07,0.00,-0.10,3 329.77,sl 4787.15
2026.01.21 22:25:13,4382,XAUUSD,buy,in,0.02,4797.56,4395,-0.07,0.00,0.00,3 329.70,
2026.01.21 22:27:35,4383,XAUUSD,sell,out,0.02,4798.32,4396,-0.07,0.00,1.52,3 331.15,sl 4798.39
2026.01.21 22:49:20,4384,XAUUSD,buy,in,0.02,4820.46,4397,-0.07,0.00,0.00,3 331.08,
2026.01.21 22:50:11,4385,XAUUSD,sell,out,0.02,4820.61,4398,-0.07,0.00,0.30,3 331.31,sl 4820.62
2026.01.21 23:13:27,4386,XAUUSD,buy,in,0.02,4824.03,4399,-0.07,0.00,0.00,3 331.24,
2026.01.21 23:15:48,4387,XAUUSD,sell,out,0.02,4825.03,4400,-0.07,0.00,2.00,3 333.17,sl 4825.12
2026.01.21 23:37:41,4388,XAUUSD,buy,in,0.02,4838.14,4401,-0.07,0.00,0.00,3 333.10,
2026.01.21 23:48:25,4389,XAUUSD,sell,out,0.02,4838.98,4402,-0.07,0.00,1.68,3 334.71,sl 4839.00
2026.01.22 01:02:03,4390,XAUUSD,buy,in,0.02,4829.00,4403,-0.07,0.00,0.00,3 334.64,
2026.01.22 02:40:07,4391,XAUUSD,sell,in,0.02,4785.17,4404,-0.07,0.00,0.00,3 334.57,
2026.01.22 02:40:18,4392,XAUUSD,buy,out,0.02,4785.08,4405,-0.07,0.00,0.18,3 334.68,sl 4785.07
2026.01.22 09:02:57,4393,XAUUSD,sell,out,0.02,4829.63,4406,-0.07,0.00,1.26,3 335.87,sl 4829.65
2026.01.29 17:16:55,4394,XAUUSD,buy,in,0.02,5334.40,4407,-0.07,0.00,0.00,3 335.80,
2026.01.29 17:19:02,4395,XAUUSD,sell,out,0.02,5334.42,4408,-0.07,0.00,0.04,3 335.77,sl 5334.43
2026.01.29 17:41:00,4396,XAUUSD,sell,in,0.02,5177.02,4409,-0.07,0.00,0.00,3 335.70,
2026.01.29 17:41:29,4397,XAUUSD,buy,out,0.02,5169.99,4410,-0.07,0.00,14.06,3 349.69,sl 5169.85
2026.01.29 18:05:06,4398,XAUUSD,sell,in,0.02,5226.32,4411,-0.07,0.00,0.00,3 349.62,
2026.01.29 19:15:18,4399,XAUUSD,buy,out,0.02,5305.66,4412,-0.07,0.00,-158.68,3 190.87,
2026.01.29 19:16:21,4400,XAUUSD,buy,in,0.02,5327.58,4413,-0.07,0.00,0.00,3 190.80,
2026.01.29 19:18:24,4401,XAUUSD,sell,out,0.02,5327.54,4414,-0.07,0.00,-0.08,3 190.65,sl 5327.61
2026.01.29 19:40:33,4402,XAUUSD,buy,in,0.02,5360.49,4415,-0.07,0.00,0.00,3 190.58,
2026.01.29 19:40:45,4403,XAUUSD,sell,out,0.02,5360.48,4416,-0.07,0.00,-0.02,3 190.49,sl 5360.64
2026.01.29 20:04:41,4404,XAUUSD,buy,in,0.02,5338.06,4417,-0.07,0.00,0.00,3 190.42,
2026.01.29 20:04:45,4405,XAUUSD,sell,out,0.02,5338.14,4418,-0.07,0.00,0.16,3 190.51,sl 5338.25
2026.01.29 20:29:10,4406,XAUUSD,buy,in,0.02,5327.17,4419,-0.07,0.00,0.00,3 190.44,
2026.01.29 20:29:17,4407,XAUUSD,sell,out,0.02,5327.16,4420,-0.07,0.00,-0.02,3 190.35,sl 5327.19
2026.01.29 20:53:11,4408,XAUUSD,buy,in,0.02,5361.05,4421,-0.07,0.00,0.00,3 190.28,
2026.01.29 20:53:22,4409,XAUUSD,sell,out,0.02,5360.81,4422,-0.07,0.00,-0.48,3 189.73,sl 5361.11
2026.01.29 21:18:31,4410,XAUUSD,buy,in,0.02,5331.27,4423,-0.07,0.00,0.00,3 189.66,
2026.01.29 21:32:37,4411,XAUUSD,sell,out,0.02,5301.68,4424,-0.07,0.00,-59.18,3 130.41,
2026.01.29 22:37:57,4412,XAUUSD,buy,in,0.02,5332.17,4425,-0.07,0.00,0.00,3 130.34,
2026.01.29 22:38:30,4413,XAUUSD,sell,out,0.02,5338.48,4426,-0.07,0.00,12.62,3 142.89,sl 5338.60
2026.01.29 23:01:59,4414,XAUUSD,buy,in,0.02,5402.25,4427,-0.07,0.00,0.00,3 142.82,
2026.01.29 23:25:41,4415,XAUUSD,sell,out,0.02,5407.67,4428,-0.07,0.00,10.84,3 153.59,sl 5408.42
2026.01.29 23:26:08,4416,XAUUSD,buy,in,0.02,5409.68,4429,-0.07,0.00,0.00,3 153.52,
2026.01.29 23:26:22,4417,XAUUSD,sell,out,0.02,5409.84,4430,-0.07,0.00,0.32,3 153.77,sl 5409.97
2026.01.29 23:50:09,4418,XAUUSD,buy,in,0.02,5394.98,4431,-0.07,0.00,0.00,3 153.70,
2026.01.30 01:02:20,4419,XAUUSD,sell,out,0.02,5414.40,4432,-0.07,-1.14,38.84,3 191.33,
2026.01.30 01:02:22,4420,XAUUSD,buy,in,0.02,5414.83,4433,-0.07,0.00,0.00,3 191.26,
2026.01.30 01:03:37,4421,XAUUSD,sell,out,0.02,5419.60,4434,-0.07,0.00,9.54,3 200.73,sl 5420.13
2026.01.30 01:26:29,4422,XAUUSD,buy,in,0.02,5408.94,4435,-0.07,0.00,0.00,3 200.66,
2026.01.30 01:27:21,4423,XAUUSD,sell,out,0.02,5414.30,4436,-0.07,0.00,10.72,3 211.31,sl 5414.40
2026.01.30 01:50:29,4424,XAUUSD,buy,in,0.02,5446.52,4437,-0.07,0.00,0.00,3 211.24,
2026.01.30 01:51:01,4425,XAUUSD,sell,out,0.02,5446.76,4438,-0.07,0.00,0.48,3 211.65,sl 5446.96
2026.01.30 02:14:37,4426,XAUUSD,buy,in,0.02,5448.25,4439,-0.07,0.00,0.00,3 211.58,
2026.01.30 02:18:41,4427,XAUUSD,sell,out,0.02,5448.64,4440,-0.07,0.00,0.78,3 212.29,sl 5448.64
2026.01.30 02:38:37,4428,XAUUSD,buy,in,0.02,5426.14,4441,-0.07,0.00,0.00,3 212.22,
2026.01.30 02:38:38,4429,XAUUSD,sell,out,0.02,5426.03,4442,-0.07,0.00,-0.22,3 211.93,sl 5426.17
2026.01.30 03:02:44,4430,XAUUSD,buy,in,0.02,5396.04,4443,-0.07,0.00,0.00,3 211.86,
2026.01.30 03:03:01,4431,XAUUSD,sell,out,0.02,5395.90,4444,-0.07,0.00,-0.28,3 211.51,sl 5396.11
2026.01.30 03:26:48,4432,XAUUSD,buy,in,0.02,5356.36,4445,-0.07,0.00,0.00,3 211.44,
2026.01.30 03:27:12,4433,XAUUSD,sell,out,0.02,5356.24,4446,-0.07,0.00,-0.24,3 211.13,sl 5356.40
2026.01.30 03:51:45,4434,XAUUSD,buy,in,0.02,5343.64,4447,-0.07,0.00,0.00,3 211.06,
2026.01.30 03:57:27,4435,XAUUSD,sell,out,0.02,5315.32,4448,-0.07,0.00,-56.64,3 154.35,
2026.01.30 04:15:48,4436,XAUUSD,sell,in,0.02,5202.02,4449,-0.07,0.00,0.00,3 154.28,
2026.01.30 04:15:53,4437,XAUUSD,buy,out,0.02,5200.58,4450,-0.07,0.00,2.88,3 157.09,sl 5200.54
2026.01.30 04:39:50,4438,XAUUSD,sell,in,0.02,5206.36,4451,-0.07,0.00,0.00,3 157.02,
2026.01.30 04:58:35,4439,XAUUSD,buy,out,0.02,5206.33,4452,-0.07,0.00,0.06,3 157.01,sl 5206.30
2026.01.30 05:03:54,4440,XAUUSD,sell,in,0.02,5205.32,4453,-0.07,0.00,0.00,3 156.94,
2026.01.30 05:04:10,4441,XAUUSD,buy,out,0.02,5205.22,4454,-0.07,0.00,0.20,3 157.07,sl 5205.21
2026.01.30 05:28:12,4442,XAUUSD,sell,in,0.02,5194.42,4455,-0.07,0.00,0.00,3 157.00,
2026.01.30 05:28:21,4443,XAUUSD,buy,out,0.02,5194.39,4456,-0.07,0.00,0.06,3 156.99,sl 5194.23
2026.01.30 05:52:13,4444,XAUUSD,sell,in,0.02,5156.49,4457,-0.07,0.00,0.00,3 156.92,
2026.01.30 07:30:15,4445,XAUUSD,buy,in,0.02,5230.74,4458,-0.07,0.00,0.00,3 156.85,
2026.01.30 07:30:21,4446,XAUUSD,sell,out,0.02,5230.98,4459,-0.07,0.00,0.48,3 157.26,sl 5231.00
2026.01.30 08:31:48,4447,XAUUSD,buy,out,0.02,5156.70,4460,-0.07,0.00,-0.42,3 156.77,sl 5156.31
2026.02.03 09:37:08,4448,XAUUSD,buy,in,0.02,4927.59,4461,-0.07,0.00,0.00,3 156.70,
2026.02.03 09:37:53,4449,XAUUSD,sell,out,0.02,4927.77,4462,-0.07,0.00,0.36,3 156.99,sl 4927.79
2026.02.03 10:12:24,4450,XAUUSD,buy,in,0.02,4928.53,4463,-0.07,0.00,0.00,3 156.92,
2026.02.03 10:12:47,4451,XAUUSD,sell,out,0.02,4930.80,4464,-0.07,0.00,4.54,3 161.39,sl 4931.09
2026.02.03 10:36:27,4452,XAUUSD,buy,in,0.02,4937.29,4465,-0.07,0.00,0.00,3 161.32,
2026.02.03 10:36:37,4453,XAUUSD,sell,out,0.02,4937.70,4466,-0.07,0.00,0.82,3 162.07,sl 4937.71
2026.02.03 12:13:20,4454,XAUUSD,buy,in,0.02,4930.12,4467,-0.07,0.00,0.00,3 162.00,
2026.02.03 13:17:55,4455,XAUUSD,sell,out,0.02,4898.20,4468,-0.07,0.00,-63.84,3 098.09,
2026.02.03 14:02:32,4456,XAUUSD,buy,in,0.02,4930.02,4469,-0.07,0.00,0.00,3 098.02,
2026.02.03 14:03:11,4457,XAUUSD,sell,out,0.02,4931.86,4470,-0.07,0.00,3.68,3 101.63,sl 4932.07
2026.02.03 15:08:28,4458,XAUUSD,buy,in,0.02,4927.10,4471,-0.07,0.00,0.00,3 101.56,
2026.02.03 15:15:04,4459,XAUUSD,sell,out,0.02,4927.12,4472,-0.07,0.00,0.04,3 101.53,sl 4927.35
2026.02.03 15:32:29,4460,XAUUSD,buy,in,0.02,4935.01,4473,-0.07,0.00,0.00,3 101.46,
2026.02.03 15:33:08,4461,XAUUSD,sell,out,0.02,4935.04,4474,-0.07,0.00,0.06,3 101.45,sl 4935.07
2026.02.03 15:56:38,4462,XAUUSD,buy,in,0.02,4930.63,4475,-0.07,0.00,0.00,3 101.38,
2026.02.03 15:57:23,4463,XAUUSD,sell,out,0.02,4931.22,4476,-0.07,0.00,1.18,3 102.49,sl 4931.31
2026.02.03 17:08:59,4464,XAUUSD,buy,in,0.02,4934.45,4477,-0.07,0.00,0.00,3 102.42,
2026.02.03 17:09:23,4465,XAUUSD,sell,out,0.02,4935.80,4478,-0.07,0.00,2.70,3 105.05,sl 4935.80
2026.02.03 17:54:32,4466,XAUUSD,buy,in,0.02,4934.01,4479,-0.07,0.00,0.00,3 104.98,
2026.02.03 17:55:17,4467,XAUUSD,sell,out,0.02,4934.04,4480,-0.07,0.00,0.06,3 104.97,sl 4934.04
2026.02.03 18:18:38,4468,XAUUSD,buy,in,0.02,4959.76,4481,-0.07,0.00,0.00,3 104.90,
2026.02.03 18:19:03,4469,XAUUSD,sell,out,0.02,4962.92,4482,-0.07,0.00,6.32,3 111.15,sl 4962.95
2026.02.03 18:42:40,4470,XAUUSD,buy,in,0.02,4982.17,4483,-0.07,0.00,0.00,3 111.08,
2026.02.03 18:42:41,4471,XAUUSD,sell,out,0.02,4982.11,4484,-0.07,0.00,-0.12,3 110.89,sl 4982.23
2026.02.03 19:06:47,4472,XAUUSD,buy,in,0.02,4947.61,4485,-0.07,0.00,0.00,3 110.82,
2026.02.03 19:07:11,4473,XAUUSD,sell,out,0.02,4950.77,4486,-0.07,0.00,6.32,3 117.07,sl 4950.86
2026.02.03 19:30:47,4474,XAUUSD,buy,in,0.02,4951.98,4487,-0.07,0.00,0.00,3 117.00,
2026.02.03 19:30:50,4475,XAUUSD,sell,out,0.02,4952.14,4488,-0.07,0.00,0.32,3 117.25,sl 4952.15
2026.02.03 19:54:51,4476,XAUUSD,buy,in,0.02,4939.66,4489,-0.07,0.00,0.00,3 117.18,
2026.02.03 19:58:40,4477,XAUUSD,sell,out,0.02,4939.98,4490,-0.07,0.00,0.64,3 117.75,sl 4940.27
2026.02.03 20:18:58,4478,XAUUSD,buy,in,0.02,4938.69,4491,-0.07,0.00,0.00,3 117.68,
2026.02.03 20:19:17,4479,XAUUSD,sell,out,0.02,4939.06,4492,-0.07,0.00,0.74,3 118.35,sl 4939.12
2026.02.03 21:35:36,4480,XAUUSD,buy,in,0.02,4934.07,4493,-0.07,0.00,0.00,3 118.28,
2026.02.03 21:36:12,4481,XAUUSD,sell,out,0.02,4935.34,4494,-0.07,0.00,2.54,3 120.75,sl 4935.39
2026.02.03 22:20:34,4482,XAUUSD,buy,in,0.02,4933.81,4495,-0.07,0.00,0.00,3 120.68,
2026.02.03 22:24:39,4483,XAUUSD,sell,out,0.02,4936.11,4496,-0.07,0.00,4.60,3 125.21,sl 4936.29
2026.02.03 22:44:42,4484,XAUUSD,buy,in,0.02,4951.34,4497,-0.07,0.00,0.00,3 125.14,
2026.02.03 22:44:56,4485,XAUUSD,sell,out,0.02,4951.20,4498,-0.07,0.00,-0.28,3 124.79,sl 4951.37
2026.02.03 23:08:49,4486,XAUUSD,buy,in,0.02,4951.49,4499,-0.07,0.00,0.00,3 124.72,
2026.02.03 23:10:54,4487,XAUUSD,sell,out,0.02,4951.54,4500,-0.07,0.00,0.10,3 124.75,sl 4951.69
2026.02.03 23:32:54,4488,XAUUSD,buy,in,0.02,4955.29,4501,-0.07,0.00,0.00,3 124.68,
2026.02.04 01:02:03,4489,XAUUSD,sell,out,0.02,4961.14,4502,-0.07,-1.14,11.70,3 135.17,sl 4961.63
2026.02.04 01:02:15,4490,XAUUSD,buy,in,0.02,4965.28,4503,-0.07,0.00,0.00,3 135.10,
2026.02.04 01:02:22,4491,XAUUSD,sell,out,0.02,4965.28,4504,-0.07,0.00,0.00,3 135.03,sl 4965.34
2026.02.04 01:26:21,4492,XAUUSD,buy,in,0.02,4939.96,4505,-0.07,0.00,0.00,3 134.96,
2026.02.04 01:39:32,4493,XAUUSD,sell,out,0.02,4939.85,4506,-0.07,0.00,-0.22,3 134.67,sl 4939.98
2026.02.04 01:50:28,4494,XAUUSD,buy,in,0.02,4941.60,4507,-0.07,0.00,0.00,3 134.60,
2026.02.04 01:51:10,4495,XAUUSD,sell,out,0.02,4945.66,4508,-0.07,0.00,8.12,3 142.65,sl 4945.76
2026.02.04 02:14:34,4496,XAUUSD,buy,in,0.02,4984.52,4509,-0.07,0.00,0.00,3 142.58,
2026.02.04 02:15:09,4497,XAUUSD,sell,out,0.02,4988.49,4510,-0.07,0.00,7.94,3 150.45,sl 4988.83
2026.02.04 02:38:38,4498,XAUUSD,buy,in,0.02,4992.21,4511,-0.07,0.00,0.00,3 150.38,
2026.02.04 02:46:52,4499,XAUUSD,sell,out,0.02,4992.04,4512,-0.07,0.00,-0.34,3 149.97,sl 4992.23
2026.02.04 03:02:45,4500,XAUUSD,buy,in,0.02,5001.48,4513,-0.07,0.00,0.00,3 149.90,
2026.02.04 03:02:58,4501,XAUUSD,sell,out,0.02,5007.00,4514,-0.07,0.00,11.04,3 160.87,sl 5007.15
2026.02.04 03:26:51,4502,XAUUSD,buy,in,0.02,5045.76,4515,-0.07,0.00,0.00,3 160.80,
2026.02.04 03:49:06,4503,XAUUSD,sell,out,0.02,5047.46,4516,-0.07,0.00,3.40,3 164.13,sl 5047.47
2026.02.04 03:50:50,4504,XAUUSD,buy,in,0.02,5048.43,4517,-0.07,0.00,0.00,3 164.06,
2026.02.04 04:00:04,4505,XAUUSD,sell,out,0.02,5048.22,4518,-0.07,0.00,-0.42,3 163.57,sl 5048.48
2026.02.04 04:14:58,4506,XAUUSD,buy,in,0.02,5059.06,4519,-0.07,0.00,0.00,3 163.50,
2026.02.04 04:15:37,4507,XAUUSD,sell,out,0.02,5063.70,4520,-0.07,0.00,9.28,3 172.71,sl 5063.96
2026.02.04 04:39:04,4508,XAUUSD,buy,in,0.02,5044.40,4521,-0.07,0.00,0.00,3 172.64,
2026.02.04 04:39:28,4509,XAUUSD,sell,out,0.02,5044.48,4522,-0.07,0.00,0.16,3 172.73,sl 5044.51
2026.02.04 05:03:06,4510,XAUUSD,buy,in,0.02,5043.88,4523,-0.07,0.00,0.00,3 172.66,
2026.02.04 05:03:11,4511,XAUUSD,sell,out,0.02,5043.78,4524,-0.07,0.00,-0.20,3 172.39,sl 5043.91
2026.02.04 05:27:10,4512,XAUUSD,buy,in,0.02,5052.49,4525,-0.07,0.00,0.00,3 172.32,
2026.02.04 05:27:29,4513,XAUUSD,sell,out,0.02,5052.60,4526,-0.07,0.00,0.22,3 172.47,sl 5052.64
2026.02.04 05:51:15,4514,XAUUSD,buy,in,0.02,5067.56,4527,-0.07,0.00,0.00,3 172.40,
2026.02.04 05:51:35,4515,XAUUSD,sell,out,0.02,5069.26,4528,-0.07,0.00,3.40,3 175.73,sl 5069.43
2026.02.04 06:15:31,4516,XAUUSD,buy,in,0.02,5072.44,4529,-0.07,0.00,0.00,3 175.66,
2026.02.04 06:41:31,4517,XAUUSD,sell,out,0.02,5072.47,4530,-0.07,0.00,0.06,3 175.65,sl 5072.48
2026.02.04 06:41:42,4518,XAUUSD,buy,in,0.02,5072.87,4531,-0.07,0.00,0.00,3 175.58,
2026.02.04 06:45:34,4519,XAUUSD,sell,out,0.02,5073.05,4532,-0.07,0.00,0.36,3 175.87,sl 5073.05
2026.02.04 07:05:45,4520,XAUUSD,buy,in,0.02,5081.23,4533,-0.07,0.00,0.00,3 175.80,
2026.02.04 07:09:59,4521,XAUUSD,sell,out,0.02,5082.55,4534,-0.07,0.00,2.64,3 178.37,sl 5082.62
2026.02.04 07:29:45,4522,XAUUSD,buy,in,0.02,5079.56,4535,-0.07,0.00,0.00,3 178.30,
2026.02.04 07:30:01,4523,XAUUSD,sell,out,0.02,5079.64,4536,-0.07,0.00,0.16,3 178.39,sl 5079.65
2026.02.04 07:53:52,4524,XAUUSD,buy,in,0.02,5085.61,4537,-0.07,0.00,0.00,3 178.32,
2026.02.04 07:55:05,4525,XAUUSD,sell,out,0.02,5085.85,4538,-0.07,0.00,0.48,3 178.73,sl 5085.89
2026.02.04 08:17:51,4526,XAUUSD,buy,in,0.02,5059.81,4539,-0.07,0.00,0.00,3 178.66,
2026.02.04 08:18:33,4527,XAUUSD,sell,out,0.02,5065.03,4540,-0.07,0.00,10.44,3 189.03,sl 5065.11
2026.02.04 08:42:07,4528,XAUUSD,buy,in,0.02,5065.78,4541,-0.07,0.00,0.00,3 188.96,
2026.02.04 08:43:38,4529,XAUUSD,sell,out,0.02,5068.08,4542,-0.07,0.00,4.60,3 193.49,sl 5068.19
2026.02.04 09:06:07,4530,XAUUSD,buy,in,0.02,5068.85,4543,-0.07,0.00,0.00,3 193.42,
2026.02.04 09:22:46,4531,XAUUSD,sell,out,0.02,5075.87,4544,-0.07,0.00,14.04,3 207.39,sl 5075.89
2026.02.04 09:30:10,4532,XAUUSD,buy,in,0.02,5089.93,4545,-0.07,0.00,0.00,3 207.32,
2026.02.04 09:54:17,4533,XAUUSD,sell,out,0.02,5090.24,4546,-0.07,0.00,0.62,3 207.87,sl 5090.25
2026.02.04 09:54:31,4534,XAUUSD,buy,in,0.02,5087.93,4547,-0.07,0.00,0.00,3 207.80,
2026.02.04 09:55:07,4535,XAUUSD,sell,out,0.02,5089.36,4548,-0.07,0.00,2.86,3 210.59,sl 5089.36
2026.02.04 10:18:36,4536,XAUUSD,buy,in,0.02,5083.55,4549,-0.07,0.00,0.00,3 210.52,
2026.02.04 10:20:18,4537,XAUUSD,sell,out,0.02,5086.95,4550,-0.07,0.00,6.80,3 217.25,sl 5086.98
2026.02.04 10:42:48,4538,XAUUSD,buy,in,0.02,5080.93,4551,-0.07,0.00,0.00,3 217.18,
2026.02.04 10:43:22,4539,XAUUSD,sell,out,0.02,5081.05,4552,-0.07,0.00,0.24,3 217.35,sl 5081.06
2026.02.04 11:06:55,4540,XAUUSD,buy,in,0.02,5079.20,4553,-0.07,0.00,0.00,3 217.28,
2026.02.04 11:07:12,4541,XAUUSD,sell,out,0.02,5078.99,4554,-0.07,0.00,-0.42,3 216.79,sl 5079.22
2026.02.04 11:30:57,4542,XAUUSD,buy,in,0.02,5053.95,4555,-0.07,0.00,0.00,3 216.72,
2026.02.04 11:31:50,4543,XAUUSD,sell,out,0.02,5053.88,4556,-0.07,0.00,-0.14,3 216.51,sl 5053.99
2026.02.04 11:54:57,4544,XAUUSD,buy,in,0.02,5061.72,4557,-0.07,0.00,0.00,3 216.44,
2026.02.04 12:00:46,4545,XAUUSD,sell,out,0.02,5062.71,4558,-0.07,0.00,1.98,3 218.35,sl 5062.71
2026.02.04 12:18:58,4546,XAUUSD,buy,in,0.02,5052.45,4559,-0.07,0.00,0.00,3 218.28,
2026.02.04 12:19:33,4547,XAUUSD,sell,out,0.02,5052.66,4560,-0.07,0.00,0.42,3 218.63,sl 5052.69
2026.02.04 12:43:02,4548,XAUUSD,buy,in,0.02,5059.97,4561,-0.07,0.00,0.00,3 218.56,
2026.02.04 12:43:20,4549,XAUUSD,sell,out,0.02,5059.98,4562,-0.07,0.00,0.02,3 218.51,sl 5060.01
2026.02.04 13:07:00,4550,XAUUSD,buy,in,0.02,5047.02,4563,-0.07,0.00,0.00,3 218.44,
2026.02.04 13:07:39,4551,XAUUSD,sell,out,0.02,5048.08,4564,-0.07,0.00,2.12,3 220.49,sl 5048.10
2026.02.04 13:31:06,4552,XAUUSD,buy,in,0.02,5025.65,4565,-0.07,0.00,0.00,3 220.42,
2026.02.04 13:31:22,4553,XAUUSD,sell,out,0.02,5026.02,4566,-0.07,0.00,0.74,3 221.09,sl 5026.06
2026.02.04 13:55:07,4554,XAUUSD,buy,in,0.02,5045.29,4567,-0.07,0.00,0.00,3 221.02,
2026.02.04 13:55:36,4555,XAUUSD,sell,out,0.02,5045.36,4568,-0.07,0.00,0.14,3 221.09,sl 5045.39
2026.02.04 14:19:09,4556,XAUUSD,buy,in,0.02,5043.73,4569,-0.07,0.00,0.00,3 221.02,
2026.02.04 14:22:21,4557,XAUUSD,sell,out,0.02,5045.27,4570,-0.07,0.00,3.08,3 224.03,sl 5045.37
2026.02.04 14:43:10,4558,XAUUSD,buy,in,0.02,5055.70,4571,-0.07,0.00,0.00,3 223.96,
2026.02.04 14:44:19,4559,XAUUSD,sell,out,0.02,5055.72,4572,-0.07,0.00,0.04,3 223.93,sl 5055.72
2026.02.04 15:07:21,4560,XAUUSD,buy,in,0.02,5035.24,4573,-0.07,0.00,0.00,3 223.86,
2026.02.04 15:07:36,4561,XAUUSD,sell,out,0.02,5036.24,4574,-0.07,0.00,2.00,3 225.79,sl 5036.47
2026.02.04 15:31:27,4562,XAUUSD,buy,in,0.02,5055.10,4575,-0.07,0.00,0.00,3 225.72,
2026.02.04 15:31:57,4563,XAUUSD,sell,out,0.02,5055.98,4576,-0.07,0.00,1.76,3 227.41,sl 5055.98
2026.02.04 15:55:26,4564,XAUUSD,buy,in,0.02,5060.34,4577,-0.07,0.00,0.00,3 227.34,
2026.02.04 15:56:07,4565,XAUUSD,sell,out,0.02,5062.08,4578,-0.07,0.00,3.48,3 230.75,sl 5062.18
2026.02.04 16:19:28,4566,XAUUSD,buy,in,0.02,5045.12,4579,-0.07,0.00,0.00,3 230.68,
2026.02.04 16:21:18,4567,XAUUSD,sell,out,0.02,5045.08,4580,-0.07,0.00,-0.08,3 230.53,sl 5045.15
2026.02.04 17:31:26,4568,XAUUSD,sell,in,0.02,4930.82,4581,-0.07,0.00,0.00,3 230.46,
2026.02.04 17:32:36,4569,XAUUSD,buy,out,0.02,4928.35,4582,-0.07,0.00,4.94,3 235.33,sl 4928.01
2026.02.04 17:56:35,4570,XAUUSD,sell,in,0.02,4933.92,4583,-0.07,0.00,0.00,3 235.26,
2026.02.04 17:56:54,4571,XAUUSD,buy,out,0.02,4933.11,4584,-0.07,0.00,1.62,3 236.81,sl 4932.98
2026.02.04 18:20:40,4572,XAUUSD,sell,in,0.02,4908.96,4585,-0.07,0.00,0.00,3 236.74,
2026.02.04 18:21:33,4573,XAUUSD,buy,out,0.02,4892.72,4586,-0.07,0.00,32.48,3 269.15,
2026.02.04 18:44:45,4574,XAUUSD,sell,in,0.02,4896.80,4587,-0.07,0.00,0.00,3 269.08,
2026.02.04 18:44:52,4575,XAUUSD,buy,out,0.02,4896.76,4588,-0.07,0.00,0.08,3 269.09,sl 4896.75
2026.02.04 19:08:46,4576,XAUUSD,sell,in,0.02,4898.48,4589,-0.07,0.00,0.00,3 269.02,
2026.02.04 19:10:36,4577,XAUUSD,buy,out,0.02,4898.75,4590,-0.07,0.00,-0.54,3 268.41,sl 4898.41
2026.02.04 19:32:47,4578,XAUUSD,sell,in,0.02,4923.73,4591,-0.07,0.00,0.00,3 268.34,
2026.02.04 19:32:55,4579,XAUUSD,buy,out,0.02,4923.69,4592,-0.07,0.00,0.08,3 268.35,sl 4923.65
2026.02.04 19:56:48,4580,XAUUSD,sell,in,0.02,4905.60,4593,-0.07,0.00,0.00,3 268.28,
2026.02.04 19:57:03,4581,XAUUSD,buy,out,0.02,4905.60,4594,-0.07,0.00,0.00,3 268.21,sl 4905.59
2026.02.04 20:20:50,4582,XAUUSD,sell,in,0.02,4900.52,4595,-0.07,0.00,0.00,3 268.14,
2026.02.04 20:20:56,4583,XAUUSD,buy,out,0.02,4900.61,4596,-0.07,0.00,-0.18,3 267.89,sl 4900.49
2026.02.04 20:44:51,4584,XAUUSD,sell,in,0.02,4920.32,4597,-0.07,0.00,0.00,3 267.82,
2026.02.04 20:46:01,4585,XAUUSD,buy,out,0.02,4918.29,4598,-0.07,0.00,4.06,3 271.81,sl 4918.17
2026.02.04 21:21:16,4586,XAUUSD,sell,in,0.02,4931.36,4599,-0.07,0.00,0.00,3 271.74,
2026.02.04 21:21:44,4587,XAUUSD,buy,out,0.02,4929.95,4600,-0.07,0.00,2.82,3 274.49,sl 4929.94
2026.02.04 22:11:38,4588,XAUUSD,sell,in,0.02,4923.70,4601,-0.07,0.00,0.00,3 274.42,
2026.02.04 22:21:01,4589,XAUUSD,buy,out,0.02,4923.69,4602,-0.07,0.00,0.02,3 274.37,sl 4923.55
2026.02.04 22:35:53,4590,XAUUSD,sell,in,0.02,4930.86,4603,-0.07,0.00,0.00,3 274.30,
2026.02.04 23:35:22,4591,XAUUSD,buy,out,0.02,4959.95,4604,-0.07,0.00,-58.18,3 216.05,
2026.02.05 01:02:01,4592,XAUUSD,buy,in,0.02,4990.87,4605,-0.07,0.00,0.00,3 215.98,
2026.02.05 01:02:49,4593,XAUUSD,sell,out,0.02,4994.19,4606,-0.07,0.00,6.64,3 222.55,sl 4994.25
2026.02.05 01:26:02,4594,XAUUSD,buy,in,0.02,5014.27,4608,-0.07,0.00,0.00,3 222.48,
2026.02.05 01:26:35,4595,XAUUSD,sell,out,0.02,5015.79,4609,-0.07,0.00,3.04,3 225.45,sl 5015.87
2026.02.05 01:50:17,4596,XAUUSD,buy,in,0.02,5022.81,4610,-0.07,0.00,0.00,3 225.38,
2026.02.05 03:15:26,4597,XAUUSD,sell,out,0.02,4958.11,4611,-0.07,0.00,-129.40,3 095.91,
2026.02.05 04:07:47,4598,XAUUSD,sell,in,0.02,4932.98,4612,-0.07,0.00,0.00,3 095.84,
2026.02.05 04:11:21,4599,XAUUSD,buy,out,0.02,4931.58,4613,-0.07,0.00,2.80,3 098.57,sl 4931.42
2026.02.05 04:32:21,4600,XAUUSD,sell,in,0.02,4930.08,4614,-0.07,0.00,0.00,3 098.50,
2026.02.05 04:32:40,4601,XAUUSD,buy,out,0.02,4929.44,4615,-0.07,0.00,1.28,3 099.71,sl 4929.43
2026.02.05 04:56:27,4602,XAUUSD,sell,in,0.02,4848.07,4616,-0.07,0.00,0.00,3 099.64,
2026.02.05 04:56:52,4603,XAUUSD,buy,out,0.02,4847.21,4617,-0.07,0.00,1.72,3 101.29,sl 4846.68
2026.02.05 05:20:34,4604,XAUUSD,sell,in,0.02,4870.44,4618,-0.07,0.00,0.00,3 101.22,
2026.02.05 05:23:44,4605,XAUUSD,buy,out,0.02,4868.48,4619,-0.07,0.00,3.92,3 105.07,sl 4868.42
2026.02.05 05:44:36,4606,XAUUSD,sell,in,0.02,4865.73,4620,-0.07,0.00,0.00,3 105.00,
2026.02.05 05:45:17,4607,XAUUSD,buy,out,0.02,4863.60,4621,-0.07,0.00,4.26,3 109.19,sl 4863.46
2026.02.05 06:08:38,4608,XAUUSD,sell,in,0.02,4865.43,4622,-0.07,0.00,0.00,3 109.12,
2026.02.05 06:08:40,4609,XAUUSD,buy,out,0.02,4865.38,4623,-0.07,0.00,0.10,3 109.15,sl 4865.37
2026.02.05 06:32:37,4610,XAUUSD,sell,in,0.02,4885.64,4624,-0.07,0.00,0.00,3 109.08,
2026.02.05 06:32:47,4611,XAUUSD,buy,out,0.02,4885.05,4625,-0.07,0.00,1.18,3 110.19,sl 4884.75
2026.02.05 06:56:40,4612,XAUUSD,sell,in,0.02,4870.88,4626,-0.07,0.00,0.00,3 110.12,
2026.02.05 06:56:56,4613,XAUUSD,buy,out,0.02,4866.96,4627,-0.07,0.00,7.84,3 117.89,sl 4866.96
2026.02.05 07:20:45,4614,XAUUSD,sell,in,0.02,4853.27,4628,-0.07,0.00,0.00,3 117.82,
2026.02.05 07:21:01,4615,XAUUSD,buy,out,0.02,4853.02,4629,-0.07,0.00,0.50,3 118.25,sl 4852.96
2026.02.05 07:44:44,4616,XAUUSD,sell,in,0.02,4885.70,4630,-0.07,0.00,0.00,3 118.18,
2026.02.05 08:02:17,4617,XAUUSD,buy,out,0.02,4880.22,4631,-0.07,0.00,10.96,3 129.07,sl 4879.90
2026.02.05 08:08:48,4618,XAUUSD,sell,in,0.02,4909.72,4632,-0.07,0.00,0.00,3 129.00,
2026.02.05 08:09:03,4619,XAUUSD,buy,out,0.02,4909.31,4633,-0.07,0.00,0.82,3 129.75,sl 4909.28
2026.02.05 08:32:55,4620,XAUUSD,sell,in,0.02,4920.88,4634,-0.07,0.00,0.00,3 129.68,
2026.02.05 08:33:15,4621,XAUUSD,buy,out,0.02,4920.44,4635,-0.07,0.00,0.88,3 130.49,sl 4920.42
2026.02.05 08:57:00,4622,XAUUSD,sell,in,0.02,4910.93,4636,-0.07,0.00,0.00,3 130.42,
2026.02.05 09:38:42,4623,XAUUSD,buy,out,0.02,4908.09,4637,-0.07,0.00,5.68,3 136.03,sl 4908.03
2026.02.05 09:39:00,4624,XAUUSD,sell,in,0.02,4910.00,4638,-0.07,0.00,0.00,3 135.96,
2026.02.05 09:39:18,4625,XAUUSD,buy,out,0.02,4908.31,4639,-0.07,0.00,3.38,3 139.27,sl 4908.02
2026.02.05 10:03:07,4626,XAUUSD,sell,in,0.02,4921.12,4640,-0.07,0.00,0.00,3 139.20,
2026.02.05 10:05:04,4627,XAUUSD,buy,out,0.02,4921.13,4641,-0.07,0.00,-0.02,3 139.11,sl 4921.11
2026.02.05 10:30:12,4628,XAUUSD,sell,in,0.02,4920.68,4642,-0.07,0.00,0.00,3 139.04,
2026.02.05 10:30:31,4629,XAUUSD,buy,out,0.02,4920.69,4643,-0.07,0.00,-0.02,3 138.95,sl 4920.67
2026.02.05 10:54:19,4630,XAUUSD,sell,in,0.02,4902.00,4644,-0.07,0.00,0.00,3 138.88,
2026.02.05 11:01:47,4631,XAUUSD,buy,out,0.02,4902.19,4645,-0.07,0.00,-0.38,3 138.43,sl 4901.91
2026.02.05 11:18:27,4632,XAUUSD,sell,in,0.02,4864.70,4646,-0.07,0.00,0.00,3 138.36,
2026.02.05 11:18:36,4633,XAUUSD,buy,out,0.02,4864.73,4647,-0.07,0.00,-0.06,3 138.23,sl 4864.67
2026.02.05 11:42:34,4634,XAUUSD,sell,in,0.02,4884.51,4648,-0.07,0.00,0.00,3 138.16,
2026.02.05 11:48:35,4635,XAUUSD,buy,out,0.02,4883.21,4649,-0.07,0.00,2.60,3 140.69,sl 4883.21
2026.02.05 12:06:38,4636,XAUUSD,sell,in,0.02,4854.08,4650,-0.07,0.00,0.00,3 140.62,
2026.02.05 12:06:50,4637,XAUUSD,buy,out,0.02,4853.97,4651,-0.07,0.00,0.22,3 140.77,sl 4853.97
2026.02.05 12:30:45,4638,XAUUSD,sell,in,0.02,4855.06,4652,-0.07,0.00,0.00,3 140.70,
2026.02.05 12:31:06,4639,XAUUSD,buy,out,0.02,4855.29,4653,-0.07,0.00,-0.46,3 140.17,sl 4854.95
2026.02.05 12:54:46,4640,XAUUSD,sell,in,0.02,4873.92,4654,-0.07,0.00,0.00,3 140.10,
2026.02.05 12:55:10,4641,XAUUSD,buy,out,0.02,4873.91,4655,-0.07,0.00,0.02,3 140.05,sl 4873.90
2026.02.05 13:18:45,4642,XAUUSD,sell,in,0.02,4881.98,4656,-0.07,0.00,0.00,3 139.98,
2026.02.05 13:19:54,4643,XAUUSD,buy,out,0.02,4880.19,4657,-0.07,0.00,3.58,3 143.49,sl 4880.17
2026.02.05 13:42:50,4644,XAUUSD,sell,in,0.02,4878.44,4658,-0.07,0.00,0.00,3 143.42,
2026.02.05 13:42:54,4645,XAUUSD,buy,out,0.02,4878.25,4659,-0.07,0.00,0.38,3 143.73,sl 4878.18
2026.02.05 14:06:56,4646,XAUUSD,sell,in,0.02,4854.86,4660,-0.07,0.00,0.00,3 143.66,
2026.02.05 14:08:22,4647,XAUUSD,buy,out,0.02,4852.72,4661,-0.07,0.00,4.28,3 147.87,sl 4852.13
2026.02.05 14:31:06,4648,XAUUSD,sell,in,0.02,4854.70,4662,-0.07,0.00,0.00,3 147.80,
2026.02.05 14:32:30,4649,XAUUSD,buy,out,0.02,4854.53,4663,-0.07,0.00,0.34,3 148.07,sl 4854.52
2026.02.05 14:55:13,4650,XAUUSD,sell,in,0.02,4857.80,4664,-0.07,0.00,0.00,3 148.00,
2026.02.05 14:55:30,4651,XAUUSD,buy,out,0.02,4851.23,4665,-0.07,0.00,13.14,3 161.07,sl 4851.22
2026.02.05 15:19:12,4652,XAUUSD,sell,in,0.02,4846.02,4667,-0.07,0.00,0.00,3 161.00,
2026.02.05 15:19:31,4653,XAUUSD,buy,out,0.02,4838.95,4668,-0.07,0.00,14.14,3 175.07,sl 4838.85
2026.02.05 15:43:17,4654,XAUUSD,sell,in,0.02,4829.10,4669,-0.07,0.00,0.00,3 175.00,
2026.02.05 15:43:18,4655,XAUUSD,buy,out,0.02,4829.10,4670,-0.07,0.00,0.00,3 174.93,sl 4828.96
2026.02.05 16:07:18,4656,XAUUSD,sell,in,0.02,4841.03,4671,-0.07,0.00,0.00,3 174.86,
2026.02.05 16:08:57,4657,XAUUSD,buy,out,0.02,4834.62,4672,-0.07,0.00,12.82,3 187.61,sl 4834.49
2026.02.05 16:31:20,4658,XAUUSD,sell,in,0.02,4821.12,4673,-0.07,0.00,0.00,3 187.54,
2026.02.05 16:31:35,4659,XAUUSD,buy,out,0.02,4817.24,4674,-0.07,0.00,7.76,3 195.23,sl 4817.12
2026.02.05 16:55:26,4660,XAUUSD,sell,in,0.02,4851.12,4675,-0.07,0.00,0.00,3 195.16,
2026.02.05 16:55:53,4661,XAUUSD,buy,out,0.02,4850.46,4676,-0.07,0.00,1.32,3 196.41,sl 4850.27
2026.02.05 17:19:26,4662,XAUUSD,sell,in,0.02,4839.67,4677,-0.07,0.00,0.00,3 196.34,
2026.02.05 17:20:15,4663,XAUUSD,buy,out,0.02,4838.43,4678,-0.07,0.00,2.48,3 198.75,sl 4838.37
2026.02.05 17:43:34,4664,XAUUSD,sell,in,0.02,4817.46,4679,-0.07,0.00,0.00,3 198.68,
2026.02.05 17:44:16,4665,XAUUSD,buy,out,0.02,4817.48,4680,-0.07,0.00,-0.04,3 198.57,sl 4817.44
2026.02.05 18:07:41,4666,XAUUSD,sell,in,0.02,4835.47,4681,-0.07,0.00,0.00,3 198.50,
2026.02.05 18:08:00,4667,XAUUSD,buy,out,0.02,4831.31,4682,-0.07,0.00,8.32,3 206.75,sl 4831.30
2026.02.05 18:31:41,4668,XAUUSD,sell,in,0.02,4851.32,4683,-0.07,0.00,0.00,3 206.68,
2026.02.05 18:32:15,4669,XAUUSD,buy,out,0.02,4848.45,4684,-0.07,0.00,5.74,3 212.35,sl 4848.29
2026.02.05 18:55:48,4670,XAUUSD,sell,in,0.02,4892.82,4685,-0.07,0.00,0.00,3 212.28,
2026.02.05 18:56:18,4671,XAUUSD,buy,out,0.02,4891.78,4686,-0.07,0.00,2.08,3 214.29,sl 4891.77
2026.02.05 19:19:49,4672,XAUUSD,sell,in,0.02,4872.70,4687,-0.07,0.00,0.00,3 214.22,
2026.02.05 19:19:57,4673,XAUUSD,buy,out,0.02,4872.56,4688,-0.07,0.00,0.28,3 214.43,sl 4872.56
2026.02.05 19:43:48,4674,XAUUSD,sell,in,0.02,4868.77,4689,-0.07,0.00,0.00,3 214.36,
2026.02.05 19:44:08,4675,XAUUSD,buy,out,0.02,4867.39,4690,-0.07,0.00,2.76,3 217.05,sl 4867.39
2026.02.05 20:07:53,4676,XAUUSD,sell,in,0.02,4867.39,4691,-0.07,0.00,0.00,3 216.98,
2026.02.05 20:08:20,4677,XAUUSD,buy,out,0.02,4865.62,4692,-0.07,0.00,3.54,3 220.45,sl 4865.59
2026.02.05 20:31:55,4678,XAUUSD,sell,in,0.02,4864.96,4693,-0.07,0.00,0.00,3 220.38,
2026.02.05 20:32:02,4679,XAUUSD,buy,out,0.02,4864.93,4694,-0.07,0.00,0.06,3 220.37,sl 4864.93
2026.02.06 08:17:18,4680,XAUUSD,sell,in,0.02,4862.58,4695,-0.07,0.00,0.00,3 220.30,
2026.02.06 08:18:34,4681,XAUUSD,buy,out,0.02,4863.14,4696,-0.07,0.00,-1.12,3 219.11,sl 4862.54
2026.02.06 08:41:20,4682,XAUUSD,sell,in,0.02,4838.57,4697,-0.07,0.00,0.00,3 219.04,
2026.02.06 08:41:33,4683,XAUUSD,buy,out,0.02,4838.55,4698,-0.07,0.00,0.04,3 219.01,sl 4838.55
2026.02.06 09:05:27,4684,XAUUSD,sell,in,0.02,4840.87,4699,-0.07,0.00,0.00,3 218.94,
2026.02.06 09:07:55,4685,XAUUSD,buy,out,0.02,4840.77,4700,-0.07,0.00,0.20,3 219.07,sl 4840.72
2026.02.06 09:29:29,4686,XAUUSD,sell,in,0.02,4860.12,4701,-0.07,0.00,0.00,3 219.00,
2026.02.06 09:29:36,4687,XAUUSD,buy,out,0.02,4860.09,4702,-0.07,0.00,0.06,3 218.99,sl 4860.09
2026.02.06 09:53:29,4688,XAUUSD,sell,in,0.02,4850.76,4703,-0.07,0.00,0.00,3 218.92,
2026.02.06 09:55:07,4689,XAUUSD,buy,out,0.02,4849.71,4704,-0.07,0.00,2.10,3 220.95,sl 4849.49
2026.02.06 10:17:29,4690,XAUUSD,sell,in,0.02,4852.24,4705,-0.07,0.00,0.00,3 220.88,
2026.02.06 10:17:42,4691,XAUUSD,buy,out,0.02,4852.00,4706,-0.07,0.00,0.48,3 221.29,sl 4851.95
2026.02.06 10:41:29,4692,XAUUSD,sell,in,0.02,4858.98,4707,-0.07,0.00,0.00,3 221.22,
2026.02.06 10:42:13,4693,XAUUSD,buy,out,0.02,4856.62,4708,-0.07,0.00,4.72,3 225.87,sl 4856.53
2026.02.06 11:05:30,4694,XAUUSD,sell,in,0.02,4851.15,4709,-0.07,0.00,0.00,3 225.80,
2026.02.06 11:05:50,4695,XAUUSD,buy,out,0.02,4850.85,4710,-0.07,0.00,0.60,3 226.33,sl 4850.85
2026.02.06 11:44:59,4696,XAUUSD,sell,in,0.02,4858.22,4711,-0.07,0.00,0.00,3 226.26,
2026.02.06 12:23:08,4697,XAUUSD,buy,out,0.02,4857.61,4712,-0.07,0.00,1.22,3 227.41,sl 4857.55
2026.02.06 12:23:17,4698,XAUUSD,sell,in,0.02,4857.78,4713,-0.07,0.00,0.00,3 227.34,
2026.02.06 12:23:58,4699,XAUUSD,buy,out,0.02,4855.65,4714,-0.07,0.00,4.26,3 231.53,sl 4855.53
2026.02.06 15:01:33,4700,XAUUSD,buy,in,0.02,4917.10,4715,-0.07,0.00,0.00,3 231.46,
2026.02.06 15:02:01,4701,XAUUSD,sell,out,0.02,4923.06,4716,-0.07,0.00,11.92,3 243.31,sl 4923.09
2026.02.06 15:25:33,4702,XAUUSD,buy,in,0.02,4921.78,4717,-0.07,0.00,0.00,3 243.24,
2026.02.06 15:31:35,4703,XAUUSD,sell,out,0.02,4923.43,4718,-0.07,0.00,3.30,3 246.47,sl 4923.50
2026.02.06 15:49:33,4704,XAUUSD,buy,in,0.02,4931.89,4719,-0.07,0.00,0.00,3 246.40,
2026.02.06 16:37:42,4705,XAUUSD,sell,out,0.02,4943.96,4720,-0.07,0.00,24.14,3 270.47,sl 4944.11
2026.02.06 16:37:48,4706,XAUUSD,buy,in,0.02,4945.18,4721,-0.07,0.00,0.00,3 270.40,
2026.02.06 16:38:01,4707,XAUUSD,sell,out,0.02,4946.40,4722,-0.07,0.00,2.44,3 272.77,sl 4946.45
2026.02.06 17:01:51,4708,XAUUSD,buy,in,0.02,4950.50,4723,-0.07,0.00,0.00,3 272.70,
2026.02.06 17:02:05,4709,XAUUSD,sell,out,0.02,4950.16,4724,-0.07,0.00,-0.68,3 271.95,sl 4950.58
2026.02.06 17:25:52,4710,XAUUSD,buy,in,0.02,4952.90,4725,-0.07,0.00,0.00,3 271.88,
2026.02.06 17:27:27,4711,XAUUSD,sell,out,0.02,4957.70,4726,-0.07,0.00,9.60,3 281.41,sl 4957.75
2026.02.06 17:49:59,4712,XAUUSD,buy,in,0.02,4942.17,4727,-0.07,0.00,0.00,3 281.34,
2026.02.06 17:50:45,4713,XAUUSD,sell,out,0.02,4942.12,4728,-0.07,0.00,-0.10,3 281.17,sl 4942.22
2026.02.06 18:14:00,4714,XAUUSD,buy,in,0.02,4944.82,4729,-0.07,0.00,0.00,3 281.10,
2026.02.06 18:19:13,4715,XAUUSD,sell,out,0.02,4945.29,4730,-0.07,0.00,0.94,3 281.97,sl 4945.35
2026.02.06 18:38:03,4716,XAUUSD,buy,in,0.02,4930.79,4731,-0.07,0.00,0.00,3 281.90,
2026.02.06 18:38:32,4717,XAUUSD,sell,out,0.02,4931.41,4732,-0.07,0.00,1.24,3 283.07,sl 4931.86
2026.02.06 19:02:10,4718,XAUUSD,buy,in,0.02,4954.11,4733,-0.07,0.00,0.00,3 283.00,
2026.02.06 19:02:24,4719,XAUUSD,sell,out,0.02,4956.04,4734,-0.07,0.00,3.86,3 286.79,sl 4956.21
2026.02.06 19:26:13,4720,XAUUSD,buy,in,0.02,4958.57,4735,-0.07,0.00,0.00,3 286.72,
2026.02.06 19:30:47,4721,XAUUSD,sell,out,0.02,4966.04,4736,-0.07,0.00,14.94,3 301.59,sl 4966.14
2026.02.06 19:50:14,4722,XAUUSD,buy,in,0.02,4958.59,4737,-0.07,0.00,0.00,3 301.52,
2026.02.06 19:50:55,4723,XAUUSD,sell,out,0.02,4958.92,4738,-0.07,0.00,0.66,3 302.11,sl 4958.93
2026.02.06 20:14:16,4724,XAUUSD,buy,in,0.02,4965.60,4739,-0.07,0.00,0.00,3 302.04,
2026.02.06 20:14:37,4725,XAUUSD,sell,out,0.02,4965.95,4740,-0.07,0.00,0.70,3 302.67,sl 4965.95
2026.02.06 20:38:20,4726,XAUUSD,buy,in,0.02,4965.47,4741,-0.07,0.00,0.00,3 302.60,
2026.02.06 20:47:34,4727,XAUUSD,sell,out,0.02,4965.59,4742,-0.07,0.00,0.24,3 302.77,sl 4965.61
2026.02.06 21:02:23,4728,XAUUSD,buy,in,0.02,4962.21,4743,-0.07,0.00,0.00,3 302.70,
2026.02.06 21:50:37,4729,XAUUSD,sell,out,0.02,4962.32,4744,-0.07,0.00,0.22,3 302.85,sl 4962.35
2026.02.06 21:50:51,4730,XAUUSD,buy,in,0.02,4960.67,4745,-0.07,0.00,0.00,3 302.78,
2026.02.06 21:51:24,4731,XAUUSD,sell,out,0.02,4960.62,4746,-0.07,0.00,-0.10,3 302.61,sl 4960.70
2026.02.06 22:14:57,4732,XAUUSD,buy,in,0.02,4953.39,4747,-0.07,0.00,0.00,3 302.54,
2026.02.06 22:20:16,4733,XAUUSD,sell,out,0.02,4953.29,4748,-0.07,0.00,-0.20,3 302.27,sl 4953.50
2026.02.06 22:39:00,4734,XAUUSD,buy,in,0.02,4939.94,4749,-0.07,0.00,0.00,3 302.20,
2026.02.06 22:41:33,4735,XAUUSD,sell,out,0.02,4948.21,4750,-0.07,0.00,16.54,3 318.67,sl 4948.28
2026.02.06 23:03:02,4736,XAUUSD,buy,in,0.02,4951.83,4751,-0.07,0.00,0.00,3 318.60,
2026.02.06 23:06:17,4737,XAUUSD,sell,out,0.02,4953.63,4752,-0.07,0.00,3.60,3 322.13,sl 4953.65
2026.02.06 23:27:03,4738,XAUUSD,buy,in,0.02,4953.46,4753,-0.07,0.00,0.00,3 322.06,
2026.02.06 23:28:31,4739,XAUUSD,sell,out,0.02,4954.34,4754,-0.07,0.00,1.76,3 323.75,sl 4954.46
2026.02.06 23:51:02,4740,XAUUSD,buy,in,0.02,4959.83,4755,-0.07,0.00,0.00,3 323.68,
2026.02.06 23:52:47,4741,XAUUSD,sell,out,0.02,4960.85,4756,-0.07,0.00,2.04,3 325.65,sl 4960.85
2026.02.09 01:02:09,4742,XAUUSD,buy,in,0.02,4967.42,4757,-0.07,0.00,0.00,3 325.58,
2026.02.09 01:03:00,4743,XAUUSD,sell,out,0.02,4984.30,4758,-0.07,0.00,33.76,3 359.27,
2026.02.09 01:26:20,4744,XAUUSD,buy,in,0.02,5010.61,4759,-0.07,0.00,0.00,3 359.20,
2026.02.09 01:26:43,4745,XAUUSD,sell,out,0.02,5016.47,4760,-0.07,0.00,11.72,3 370.85,sl 5016.59
2026.02.09 01:50:21,4746,XAUUSD,buy,in,0.02,5037.90,4761,-0.07,0.00,0.00,3 370.78,
2026.02.09 01:51:33,4747,XAUUSD,sell,out,0.02,5041.47,4762,-0.07,0.00,7.14,3 377.85,sl 5041.50
2026.02.09 02:14:21,4748,XAUUSD,buy,in,0.02,5033.02,4763,-0.07,0.00,0.00,3 377.78,
2026.02.09 02:17:05,4749,XAUUSD,sell,out,0.02,5040.66,4764,-0.07,0.00,15.28,3 392.99,sl 5040.67
2026.02.09 02:38:27,4750,XAUUSD,buy,in,0.02,5027.54,4765,-0.07,0.00,0.00,3 392.92,
2026.02.09 02:39:02,4751,XAUUSD,sell,out,0.02,5028.72,4766,-0.07,0.00,2.36,3 395.21,sl 5029.09
2026.02.09 03:02:33,4752,XAUUSD,buy,in,0.02,5037.82,4767,-0.07,0.00,0.00,3 395.14,
2026.02.09 03:02:52,4753,XAUUSD,sell,out,0.02,5038.60,4768,-0.07,0.00,1.56,3 396.63,sl 5038.95
2026.02.09 03:26:38,4754,XAUUSD,buy,in,0.02,5017.21,4769,-0.07,0.00,0.00,3 396.56,
2026.02.09 03:27:32,4755,XAUUSD,sell,out,0.02,5016.94,4770,-0.07,0.00,-0.54,3 395.95,sl 5017.36
2026.02.09 03:50:43,4756,XAUUSD,buy,in,0.02,4997.20,4771,-0.07,0.00,0.00,3 395.88,
2026.02.09 03:52:04,4757,XAUUSD,sell,out,0.02,4997.14,4772,-0.07,0.00,-0.12,3 395.69,sl 4997.40
2026.02.09 04:14:43,4758,XAUUSD,buy,in,0.02,4996.94,4773,-0.07,0.00,0.00,3 395.62,
2026.02.09 04:15:11,4759,XAUUSD,sell,out,0.02,4997.07,4774,-0.07,0.00,0.26,3 395.81,sl 4997.08
2026.02.09 04:38:46,4760,XAUUSD,buy,in,0.02,4999.27,4775,-0.07,0.00,0.00,3 395.74,
2026.02.09 04:38:51,4761,XAUUSD,sell,out,0.02,4999.66,4776,-0.07,0.00,0.78,3 396.45,sl 4999.66
2026.02.09 05:02:53,4762,XAUUSD,buy,in,0.02,5012.95,4777,-0.07,0.00,0.00,3 396.38,
2026.02.09 05:03:14,4763,XAUUSD,sell,out,0.02,5017.51,4778,-0.07,0.00,9.12,3 405.43,sl 5017.60
2026.02.09 05:27:00,4764,XAUUSD,buy,in,0.02,5024.08,4779,-0.07,0.00,0.00,3 405.36,
2026.02.09 05:28:21,4765,XAUUSD,sell,out,0.02,5024.19,4780,-0.07,0.00,0.22,3 405.51,sl 5024.19
2026.02.09 05:51:09,4766,XAUUSD,buy,in,0.02,5021.53,4781,-0.07,0.00,0.00,3 405.44,
2026.02.09 05:52:27,4767,XAUUSD,sell,out,0.02,5022.32,4782,-0.07,0.00,1.58,3 406.95,sl 5022.36
2026.02.09 06:15:13,4768,XAUUSD,buy,in,0.02,5012.58,4783,-0.07,0.00,0.00,3 406.88,
2026.02.09 06:15:52,4769,XAUUSD,sell,out,0.02,5014.86,4784,-0.07,0.00,4.56,3 411.37,sl 5014.89
2026.02.09 06:39:15,4770,XAUUSD,buy,in,0.02,5019.28,4785,-0.07,0.00,0.00,3 411.30,
2026.02.09 06:40:12,4771,XAUUSD,sell,out,0.02,5022.64,4786,-0.07,0.00,6.72,3 417.95,sl 5022.68
2026.02.09 07:03:20,4772,XAUUSD,buy,in,0.02,5013.89,4787,-0.07,0.00,0.00,3 417.88,
2026.02.09 07:04:45,4773,XAUUSD,sell,out,0.02,5014.39,4788,-0.07,0.00,1.00,3 418.81,sl 5014.45
2026.02.09 07:27:31,4774,XAUUSD,buy,in,0.02,5028.09,4789,-0.07,0.00,0.00,3 418.74,
2026.02.09 07:29:13,4775,XAUUSD,sell,out,0.02,5030.05,4790,-0.07,0.00,3.92,3 422.59,sl 5030.05
2026.02.11 15:33:03,4776,XAUUSD,buy,in,0.02,5050.74,4791,-0.07,0.00,0.00,3 422.52,
2026.02.11 15:37:26,4777,XAUUSD,sell,out,0.02,5050.85,4792,-0.07,0.00,0.22,3 422.67,sl 5050.86
2026.02.11 15:57:08,4778,XAUUSD,buy,in,0.02,5068.46,4793,-0.07,0.00,0.00,3 422.60,
2026.02.11 15:58:27,4779,XAUUSD,sell,out,0.02,5069.89,4794,-0.07,0.00,2.86,3 425.39,sl 5070.19
2026.02.11 16:21:12,4780,XAUUSD,buy,in,0.02,5078.65,4795,-0.07,0.00,0.00,3 425.32,
2026.02.11 17:08:43,4781,XAUUSD,sell,out,0.02,5079.39,4796,-0.07,0.00,1.48,3 426.73,sl 5079.39
2026.02.11 17:08:49,4782,XAUUSD,buy,in,0.02,5077.62,4797,-0.07,0.00,0.00,3 426.66,
2026.02.11 17:09:30,4783,XAUUSD,sell,out,0.02,5081.14,4798,-0.07,0.00,7.04,3 433.63,sl 5081.14
2026.02.11 17:35:54,4784,XAUUSD,buy,in,0.02,5054.22,4799,-0.07,0.00,0.00,3 433.56,
2026.02.11 17:36:12,4785,XAUUSD,sell,out,0.02,5056.68,4800,-0.07,0.00,4.92,3 438.41,sl 5056.71
2026.02.11 17:59:58,4786,XAUUSD,buy,in,0.02,5059.84,4801,-0.07,0.00,0.00,3 438.34,
2026.02.11 18:01:20,4787,XAUUSD,sell,out,0.02,5060.08,4802,-0.07,0.00,0.48,3 438.75,sl 5060.15
2026.02.11 18:24:00,4788,XAUUSD,buy,in,0.02,5058.39,4803,-0.07,0.00,0.00,3 438.68,
2026.02.11 18:24:15,4789,XAUUSD,sell,out,0.02,5058.38,4804,-0.07,0.00,-0.02,3 438.59,sl 5058.46
2026.02.11 18:48:03,4790,XAUUSD,buy,in,0.02,5074.54,4805,-0.07,0.00,0.00,3 438.52,
2026.02.11 18:53:09,4791,XAUUSD,sell,out,0.02,5074.60,4806,-0.07,0.00,0.12,3 438.57,sl 5074.63
2026.02.11 19:12:06,4792,XAUUSD,buy,in,0.02,5084.45,4807,-0.07,0.00,0.00,3 438.50,
2026.02.11 19:12:46,4793,XAUUSD,sell,out,0.02,5084.30,4808,-0.07,0.00,-0.30,3 438.13,sl 5084.55
2026.02.11 19:36:10,4794,XAUUSD,buy,in,0.02,5082.87,4809,-0.07,0.00,0.00,3 438.06,
2026.02.11 19:37:15,4795,XAUUSD,sell,out,0.02,5083.84,4810,-0.07,0.00,1.94,3 439.93,sl 5084.09
2026.02.11 20:00:17,4796,XAUUSD,buy,in,0.02,5092.54,4811,-0.07,0.00,0.00,3 439.86,
2026.02.11 21:21:19,4797,XAUUSD,sell,out,0.02,5092.65,4812,-0.07,0.00,0.22,3 440.01,sl 5092.89
2026.02.11 21:21:25,4798,XAUUSD,buy,in,0.02,5092.83,4813,-0.07,0.00,0.00,3 439.94,
2026.02.11 21:21:44,4799,XAUUSD,sell,out,0.02,5092.83,4814,-0.07,0.00,0.00,3 439.87,sl 5092.86
2026.02.11 21:45:28,4800,XAUUSD,buy,in,0.02,5085.88,4815,-0.07,0.00,0.00,3 439.80,
2026.02.11 21:48:23,4801,XAUUSD,sell,out,0.02,5086.98,4816,-0.07,0.00,2.20,3 441.93,sl 5086.99
2026.02.11 22:09:29,4802,XAUUSD,buy,in,0.02,5085.65,4817,-0.07,0.00,0.00,3 441.86,
2026.02.11 22:09:48,4803,XAUUSD,sell,out,0.02,5085.66,4818,-0.07,0.00,0.02,3 441.81,sl 5085.67
2026.02.11 22:33:29,4804,XAUUSD,buy,in,0.02,5078.43,4819,-0.07,0.00,0.00,3 441.74,
2026.02.11 22:33:57,4805,XAUUSD,sell,out,0.02,5078.96,4820,-0.07,0.00,1.06,3 442.73,sl 5078.97
2026.02.11 22:57:31,4806,XAUUSD,buy,in,0.02,5088.87,4821,-0.07,0.00,0.00,3 442.66,
2026.02.11 23:19:25,4807,XAUUSD,sell,out,0.02,5090.83,4822,-0.07,0.00,3.92,3 446.51,sl 5091.20
2026.02.11 23:21:32,4808,XAUUSD,buy,in,0.02,5092.71,4823,-0.07,0.00,0.00,3 446.44,
2026.02.12 01:02:28,4809,XAUUSD,sell,out,0.02,5099.16,4824,-0.07,-3.42,12.90,3 455.85,sl 5099.31
2026.02.12 18:11:45,4810,XAUUSD,sell,in,0.02,5015.76,4825,-0.07,0.00,0.00,3 455.78,
2026.02.12 18:11:59,4811,XAUUSD,buy,out,0.02,5015.74,4826,-0.07,0.00,0.04,3 455.75,sl 5015.74
2026.02.12 18:36:00,4812,XAUUSD,sell,in,0.02,4941.40,4827,-0.07,0.00,0.00,3 455.68,
2026.02.12 18:36:15,4813,XAUUSD,buy,out,0.02,4941.56,4828,-0.07,0.00,-0.32,3 455.29,sl 4941.10
2026.02.12 19:00:04,4814,XAUUSD,sell,in,0.02,4956.82,4829,-0.07,0.00,0.00,3 455.22,
2026.02.12 19:00:23,4815,XAUUSD,buy,out,0.02,4955.34,4830,-0.07,0.00,2.96,3 458.11,sl 4955.32
2026.02.12 19:24:05,4816,XAUUSD,sell,in,0.02,4977.95,4831,-0.07,0.00,0.00,3 458.04,
2026.02.12 19:24:32,4817,XAUUSD,buy,out,0.02,4977.41,4832,-0.07,0.00,1.08,3 459.05,sl 4977.29
2026.02.12 19:48:12,4818,XAUUSD,sell,in,0.02,4958.18,4833,-0.07,0.00,0.00,3 458.98,
2026.02.12 19:48:43,4819,XAUUSD,buy,out,0.02,4958.56,4834,-0.07,0.00,-0.76,3 458.15,sl 4958.00
2026.02.12 20:12:19,4820,XAUUSD,sell,in,0.02,4933.59,4835,-0.07,0.00,0.00,3 458.08,
2026.02.12 20:12:39,4821,XAUUSD,buy,out,0.02,4932.26,4836,-0.07,0.00,2.66,3 460.67,sl 4931.99
2026.02.12 20:36:23,4822,XAUUSD,sell,in,0.02,4935.28,4837,-0.07,0.00,0.00,3 460.60,
2026.02.12 20:36:51,4823,XAUUSD,buy,out,0.02,4931.67,4838,-0.07,0.00,7.22,3 467.75,sl 4931.50
2026.02.12 21:00:24,4824,XAUUSD,sell,in,0.02,4934.70,4839,-0.07,0.00,0.00,3 467.68,
2026.02.12 21:02:20,4825,XAUUSD,buy,out,0.02,4930.89,4840,-0.07,0.00,7.62,3 475.23,sl 4930.87
2026.02.12 21:24:24,4826,XAUUSD,sell,in,0.02,4941.76,4841,-0.07,0.00,0.00,3 475.16,
2026.02.12 21:24:56,4827,XAUUSD,buy,out,0.02,4940.13,4842,-0.07,0.00,3.26,3 478.35,sl 4940.11
2026.02.12 21:48:28,4828,XAUUSD,sell,in,0.02,4949.22,4843,-0.07,0.00,0.00,3 478.28,
2026.02.12 21:57:19,4829,XAUUSD,buy,out,0.02,4949.25,4844,-0.07,0.00,-0.06,3 478.15,sl 4949.11
2026.02.12 22:12:29,4830,XAUUSD,sell,in,0.02,4941.64,4845,-0.07,0.00,0.00,3 478.08,
2026.02.12 22:12:48,4831,XAUUSD,buy,out,0.02,4941.64,4846,-0.07,0.00,0.00,3 478.01,sl 4941.61
2026.02.12 22:36:34,4832,XAUUSD,sell,in,0.02,4924.82,4847,-0.07,0.00,0.00,3 477.94,
2026.02.12 22:37:18,4833,XAUUSD,buy,out,0.02,4922.86,4848,-0.07,0.00,3.92,3 481.79,sl 4922.72
2026.02.12 23:00:40,4834,XAUUSD,sell,in,0.02,4915.60,4849,-0.07,0.00,0.00,3 481.72,
2026.02.12 23:00:57,4835,XAUUSD,buy,out,0.02,4915.56,4850,-0.07,0.00,0.08,3 481.73,sl 4915.56
2026.02.12 23:24:39,4836,XAUUSD,sell,in,0.02,4923.04,4851,-0.07,0.00,0.00,3 481.66,
2026.02.12 23:25:10,4837,XAUUSD,buy,out,0.02,4923.71,4852,-0.07,0.00,-1.34,3 480.25,sl 4923.02
2026.02.12 23:48:44,4838,XAUUSD,sell,in,0.02,4919.08,4853,-0.07,0.00,0.00,3 480.18,
2026.02.13 01:02:02,4839,XAUUSD,buy,out,0.02,4897.80,4854,-0.07,0.81,42.56,3 523.48,
2026.02.13 01:02:09,4840,XAUUSD,sell,in,0.02,4895.36,4855,-0.07,0.00,0.00,3 523.41,
2026.02.13 01:02:14,4841,XAUUSD,buy,out,0.02,4891.68,4856,-0.07,0.00,7.36,3 530.70,sl 4891.44
2026.02.13 01:26:15,4842,XAUUSD,sell,in,0.02,4924.84,4857,-0.07,0.00,0.00,3 530.63,
2026.02.13 01:26:19,4843,XAUUSD,buy,out,0.02,4924.34,4858,-0.07,0.00,1.00,3 531.56,sl 4924.34
2026.02.13 01:50:20,4844,XAUUSD,sell,in,0.02,4912.84,4859,-0.07,0.00,0.00,3 531.49,
2026.02.13 01:51:11,4845,XAUUSD,buy,out,0.02,4912.82,4860,-0.07,0.00,0.04,3 531.46,sl 4912.54
2026.02.13 02:14:24,4846,XAUUSD,sell,in,0.02,4940.27,4861,-0.07,0.00,0.00,3 531.39,
2026.02.13 02:15:28,4847,XAUUSD,buy,out,0.02,4938.16,4862,-0.07,0.00,4.22,3 535.54,sl 4937.82
2026.02.13 02:38:31,4848,XAUUSD,sell,in,0.02,4939.80,4863,-0.07,0.00,0.00,3 535.47,
2026.02.13 02:40:07,4849,XAUUSD,buy,out,0.02,4939.78,4864,-0.07,0.00,0.04,3 535.44,sl 4939.67
2026.02.13 03:02:34,4850,XAUUSD,sell,in,0.02,4952.90,4865,-0.07,0.00,0.00,3 535.37,
2026.02.13 03:02:50,4851,XAUUSD,buy,out,0.02,4953.77,4866,-0.07,0.00,-1.74,3 533.56,sl 4952.89
2026.02.13 03:26:36,4852,XAUUSD,sell,in,0.02,4966.56,4867,-0.07,0.00,0.00,3 533.49,
2026.02.13 03:30:26,4853,XAUUSD,buy,out,0.02,4966.68,4868,-0.07,0.00,-0.24,3 533.18,sl 4966.32
2026.02.13 03:50:44,4854,XAUUSD,sell,in,0.02,4988.34,4869,-0.07,0.00,0.00,3 533.11,
2026.02.13 03:51:05,4855,XAUUSD,buy,out,0.02,4988.26,4870,-0.07,0.00,0.16,3 533.20,sl 4988.24
2026.02.13 04:14:45,4856,XAUUSD,sell,in,0.02,4978.53,4871,-0.07,0.00,0.00,3 533.13,
2026.02.13 04:15:38,4857,XAUUSD,buy,out,0.02,4976.86,4872,-0.07,0.00,3.34,3 536.40,sl 4976.78
2026.02.13 04:38:53,4858,XAUUSD,sell,in,0.02,4982.14,4873,-0.07,0.00,0.00,3 536.33,
2026.02.13 04:39:14,4859,XAUUSD,buy,out,0.02,4982.67,4874,-0.07,0.00,-1.06,3 535.20,sl 4982.13
2026.02.13 05:03:00,4860,XAUUSD,sell,in,0.02,4984.82,4875,-0.07,0.00,0.00,3 535.13,
2026.02.13 05:03:50,4861,XAUUSD,buy,out,0.02,4984.91,4876,-0.07,0.00,-0.18,3 534.88,sl 4984.79
2026.02.13 05:27:13,4862,XAUUSD,sell,in,0.02,4978.88,4877,-0.07,0.00,0.00,3 534.81,
2026.02.13 05:27:42,4863,XAUUSD,buy,out,0.02,4978.69,4878,-0.07,0.00,0.38,3 535.12,sl 4978.63
2026.02.13 05:51:19,4864,XAUUSD,sell,in,0.02,4977.48,4879,-0.07,0.00,0.00,3 535.05,
2026.02.13 05:51:52,4865,XAUUSD,buy,out,0.02,4977.72,4880,-0.07,0.00,-0.48,3 534.50,sl 4977.42
2026.02.13 06:15:22,4866,XAUUSD,sell,in,0.02,4986.69,4881,-0.07,0.00,0.00,3 534.43,
2026.02.13 06:29:03,4867,XAUUSD,buy,out,0.02,4986.47,4882,-0.07,0.00,0.44,3 534.80,sl 4986.24
2026.02.13 06:39:25,4868,XAUUSD,sell,in,0.02,4982.38,4883,-0.07,0.00,0.00,3 534.73,
2026.02.13 06:40:17,4869,XAUUSD,buy,out,0.02,4980.85,4884,-0.07,0.00,3.06,3 537.72,sl 4980.72
2026.02.13 07:03:33,4870,XAUUSD,sell,in,0.02,4980.13,4885,-0.07,0.00,0.00,3 537.65,
2026.02.13 07:06:30,4871,XAUUSD,buy,out,0.02,4977.56,4886,-0.07,0.00,5.14,3 542.72,sl 4977.56
2026.02.13 07:27:36,4872,XAUUSD,sell,in,0.02,4985.18,4887,-0.07,0.00,0.00,3 542.65,
2026.02.13 07:28:09,4873,XAUUSD,buy,out,0.02,4985.29,4888,-0.07,0.00,-0.22,3 542.36,sl 4985.13
2026.02.13 07:51:39,4874,XAUUSD,sell,in,0.02,4961.23,4889,-0.07,0.00,0.00,3 542.29,
2026.02.13 07:51:50,4875,XAUUSD,buy,out,0.02,4961.18,4890,-0.07,0.00,0.10,3 542.32,sl 4961.16
2026.02.13 08:15:48,4876,XAUUSD,sell,in,0.02,4959.64,4891,-0.07,0.00,0.00,3 542.25,
2026.02.13 08:17:35,4877,XAUUSD,buy,out,0.02,4958.40,4892,-0.07,0.00,2.48,3 544.66,sl 4958.39
2026.02.13 08:39:50,4878,XAUUSD,sell,in,0.02,4955.56,4893,-0.07,0.00,0.00,3 544.59,
2026.02.13 08:40:20,4879,XAUUSD,buy,out,0.02,4954.64,4894,-0.07,0.00,1.84,3 546.36,sl 4954.64
2026.02.13 09:03:52,4880,XAUUSD,sell,in,0.02,4958.95,4895,-0.07,0.00,0.00,3 546.29,
2026.02.13 09:04:17,4881,XAUUSD,buy,out,0.02,4958.95,4896,-0.07,0.00,0.00,3 546.22,sl 4958.90
2026.02.13 09:28:00,4882,XAUUSD,sell,in,0.02,4967.95,4897,-0.07,0.00,0.00,3 546.15,
2026.02.13 09:30:42,4883,XAUUSD,buy,out,0.02,4967.01,4898,-0.07,0.00,1.88,3 547.96,sl 4966.99
2026.02.13 09:52:04,4884,XAUUSD,sell,in,0.02,4976.22,4899,-0.07,0.00,0.00,3 547.89,
2026.02.13 09:52:54,4885,XAUUSD,buy,out,0.02,4975.81,4900,-0.07,0.00,0.82,3 548.64,sl 4975.79
2026.02.13 10:16:05,4886,XAUUSD,sell,in,0.02,4982.40,4901,-0.07,0.00,0.00,3 548.57,
2026.02.13 10:16:22,4887,XAUUSD,buy,out,0.02,4982.37,4902,-0.07,0.00,0.06,3 548.56,sl 4982.35
2026.02.13 10:40:12,4888,XAUUSD,sell,in,0.02,4981.18,4903,-0.07,0.00,0.00,3 548.49,
2026.02.13 10:49:25,4889,XAUUSD,buy,out,0.02,4979.77,4904,-0.07,0.00,2.82,3 551.24,sl 4979.75
2026.02.13 16:40:45,4890,XAUUSD,sell,in,0.02,4976.76,4905,-0.07,0.00,0.00,3 551.17,
2026.02.13 16:41:05,4891,XAUUSD,buy,out,0.02,4975.18,4906,-0.07,0.00,3.16,3 554.26,sl 4975.18
2026.02.13 17:59:04,4892,XAUUSD,sell,in,0.02,4974.49,4907,-0.07,0.00,0.00,3 554.19,
2026.02.13 18:17:52,4893,XAUUSD,buy,out,0.02,5004.30,4908,-0.07,0.00,-59.62,3 494.50,
2026.02.13 18:29:06,4894,XAUUSD,buy,in,0.02,5032.82,4909,-0.07,0.00,0.00,3 494.43,
2026.02.13 20:07:13,4895,XAUUSD,sell,in,0.02,5021.44,4910,-0.07,0.00,0.00,3 494.36,
2026.02.13 20:07:52,4896,XAUUSD,buy,out,0.02,5021.42,4911,-0.07,0.00,0.04,3 494.33,sl 5021.42
2026.02.13 20:54:40,4897,XAUUSD,sell,out,0.02,5032.40,4912,-0.07,0.00,-0.84,3 493.42,sl 5033.31
2026.02.16 05:49:30,4898,XAUUSD,sell,in,0.02,4982.28,4913,-0.07,0.00,0.00,3 493.35,
2026.02.16 06:07:21,4899,XAUUSD,buy,out,0.02,4982.38,4914,-0.07,0.00,-0.20,3 493.08,sl 4982.24
2026.02.16 06:13:34,4900,XAUUSD,sell,in,0.02,4976.50,4915,-0.07,0.00,0.00,3 493.01,
2026.02.16 06:14:00,4901,XAUUSD,buy,out,0.02,4975.31,4916,-0.07,0.00,2.38,3 495.32,sl 4975.22
2026.02.16 06:37:36,4902,XAUUSD,sell,in,0.02,4975.45,4917,-0.07,0.00,0.00,3 495.25,
2026.02.16 06:37:57,4903,XAUUSD,buy,out,0.02,4975.71,4918,-0.07,0.00,-0.52,3 494.66,sl 4975.31
2026.02.16 07:01:37,4904,XAUUSD,sell,in,0.02,4976.62,4919,-0.07,0.00,0.00,3 494.59,
2026.02.16 07:03:34,4905,XAUUSD,buy,out,0.02,4968.11,4920,-0.07,0.00,17.02,3 511.54,sl 4968.02
2026.02.16 17:02:59,4906,XAUUSD,sell,in,0.02,4977.96,4921,-0.07,0.00,0.00,3 511.47,
2026.02.16 17:03:06,4907,XAUUSD,buy,out,0.02,4974.58,4922,-0.07,0.00,6.76,3 518.16,sl 4974.43
2026.02.16 17:31:42,4908,XAUUSD,sell,in,0.02,4977.37,4923,-0.07,0.00,0.00,3 518.09,
2026.02.16 17:34:32,4909,XAUUSD,buy,out,0.02,4976.40,4924,-0.07,0.00,1.94,3 519.96,sl 4976.39
2026.02.16 18:03:16,4910,XAUUSD,sell,in,0.02,4975.46,4925,-0.07,0.00,0.00,3 519.89,
2026.02.16 18:03:39,4911,XAUUSD,buy,out,0.02,4974.16,4926,-0.07,0.00,2.60,3 522.42,sl 4974.08
2026.02.17 02:22:54,4912,XAUUSD,sell,in,0.02,4975.79,4927,-0.07,0.00,0.00,3 522.35,
2026.02.17 02:25:23,4913,XAUUSD,buy,out,0.02,4972.27,4928,-0.07,0.00,7.04,3 529.32,sl 4972.26
2026.02.17 02:46:59,4914,XAUUSD,sell,in,0.02,4969.30,4929,-0.07,0.00,0.00,3 529.25,
2026.02.17 02:47:58,4915,XAUUSD,buy,out,0.02,4969.40,4930,-0.07,0.00,-0.20,3 528.98,sl 4969.29
2026.02.17 03:11:14,4916,XAUUSD,sell,in,0.02,4949.10,4931,-0.07,0.00,0.00,3 528.91,
2026.02.17 03:12:12,4917,XAUUSD,buy,out,0.02,4948.64,4932,-0.07,0.00,0.92,3 529.76,sl 4948.64
2026.02.17 03:35:20,4918,XAUUSD,sell,in,0.02,4959.57,4933,-0.07,0.00,0.00,3 529.69,
2026.02.17 03:35:52,4919,XAUUSD,buy,out,0.02,4959.52,4934,-0.07,0.00,0.10,3 529.72,sl 4959.41
2026.02.17 03:59:27,4920,XAUUSD,sell,in,0.02,4957.84,4935,-0.07,0.00,0.00,3 529.65,
2026.02.17 04:00:35,4921,XAUUSD,buy,out,0.02,4957.01,4936,-0.07,0.00,1.66,3 531.24,sl 4956.99
2026.02.17 04:23:29,4922,XAUUSD,sell,in,0.02,4970.47,4937,-0.07,0.00,0.00,3 531.17,
2026.02.17 04:24:57,4923,XAUUSD,buy,out,0.02,4968.24,4938,-0.07,0.00,4.46,3 535.56,sl 4968.23
2026.02.17 04:47:48,4924,XAUUSD,sell,in,0.02,4962.57,4939,-0.07,0.00,0.00,3 535.49,
2026.02.17 04:48:50,4925,XAUUSD,buy,out,0.02,4962.47,4940,-0.07,0.00,0.20,3 535.62,sl 4962.43
2026.02.17 05:11:55,4926,XAUUSD,sell,in,0.02,4963.78,4941,-0.07,0.00,0.00,3 535.55,
2026.02.17 05:14:08,4927,XAUUSD,buy,out,0.02,4960.71,4942,-0.07,0.00,6.14,3 541.62,sl 4960.12
2026.02.17 05:36:03,4928,XAUUSD,sell,in,0.02,4954.55,4943,-0.07,0.00,0.00,3 541.55,
2026.02.17 05:37:07,4929,XAUUSD,buy,out,0.02,4951.38,4944,-0.07,0.00,6.34,3 547.82,sl 4951.36
2026.02.17 06:00:07,4930,XAUUSD,sell,in,0.02,4956.46,4945,-0.07,0.00,0.00,3 547.75,
2026.02.17 06:01:13,4931,XAUUSD,buy,out,0.02,4953.42,4946,-0.07,0.00,6.08,3 553.76,sl 4953.42
2026.02.17 06:24:13,4932,XAUUSD,sell,in,0.02,4956.99,4947,-0.07,0.00,0.00,3 553.69,
2026.02.17 06:32:10,4933,XAUUSD,buy,out,0.02,4954.78,4948,-0.07,0.00,4.42,3 558.04,sl 4954.60
2026.02.17 06:48:18,4934,XAUUSD,sell,in,0.02,4953.02,4949,-0.07,0.00,0.00,3 557.97,
2026.02.17 06:49:45,4935,XAUUSD,buy,out,0.02,4951.00,4950,-0.07,0.00,4.04,3 561.94,sl 4950.98
2026.02.17 07:12:20,4936,XAUUSD,sell,in,0.02,4941.40,4951,-0.07,0.00,0.00,3 561.87,
2026.02.17 07:13:54,4937,XAUUSD,buy,out,0.02,4936.16,4952,-0.07,0.00,10.48,3 572.28,sl 4936.16
2026.02.17 07:36:26,4938,XAUUSD,sell,in,0.02,4879.88,4953,-0.07,0.00,0.00,3 572.21,
2026.02.17 07:40:48,4939,XAUUSD,buy,out,0.02,4877.78,4954,-0.07,0.00,4.20,3 576.34,sl 4877.76
2026.02.17 08:00:30,4940,XAUUSD,sell,in,0.02,4891.84,4955,-0.07,0.00,0.00,3 576.27,
2026.02.17 08:00:56,4941,XAUUSD,buy,out,0.02,4891.80,4956,-0.07,0.00,0.08,3 576.28,sl 4891.80
2026.02.17 08:24:30,4942,XAUUSD,sell,in,0.02,4898.97,4957,-0.07,0.00,0.00,3 576.21,
2026.02.17 08:25:34,4943,XAUUSD,buy,out,0.02,4895.28,4958,-0.07,0.00,7.38,3 583.52,sl 4895.13
2026.02.17 08:48:30,4944,XAUUSD,sell,in,0.02,4906.19,4959,-0.07,0.00,0.00,3 583.45,
2026.02.17 08:48:45,4945,XAUUSD,buy,out,0.02,4906.19,4960,-0.07,0.00,0.00,3 583.38,sl 4906.03
2026.02.17 09:12:36,4946,XAUUSD,sell,in,0.02,4908.86,4961,-0.07,0.00,0.00,3 583.31,
2026.02.17 09:14:51,4947,XAUUSD,buy,out,0.02,4907.22,4962,-0.07,0.00,3.28,3 586.52,sl 4906.97
2026.02.17 09:36:39,4948,XAUUSD,sell,in,0.02,4911.07,4963,-0.07,0.00,0.00,3 586.45,
2026.02.17 11:14:55,4949,XAUUSD,buy,in,0.02,4921.55,4964,-0.07,0.00,0.00,3 586.38,
2026.02.17 11:15:19,4950,XAUUSD,sell,out,0.02,4921.89,4965,-0.07,0.00,0.68,3 586.99,sl 4921.93
2026.02.17 12:51:48,4951,XAUUSD,buy,out,0.02,4910.99,4966,-0.07,0.00,0.16,3 587.08,sl 4910.99
2026.02.18 15:37:16,4952,XAUUSD,buy,in,0.02,4966.75,4967,-0.07,0.00,0.00,3 587.01,
2026.02.18 15:37:45,4953,XAUUSD,sell,out,0.02,4967.46,4968,-0.07,0.00,1.42,3 588.36,sl 4967.48
2026.02.18 16:32:00,4954,XAUUSD,buy,in,0.02,4968.36,4969,-0.07,0.00,0.00,3 588.29,
2026.02.18 16:32:39,4955,XAUUSD,sell,out,0.02,4974.78,4970,-0.07,0.00,12.84,3 601.06,sl 4974.79
2026.02.18 16:56:01,4956,XAUUSD,buy,in,0.02,4992.33,4971,-0.07,0.00,0.00,3 600.99,
2026.02.18 16:57:07,4957,XAUUSD,sell,out,0.02,4992.42,4972,-0.07,0.00,0.18,3 601.10,sl 4992.44
2026.02.18 17:20:06,4958,XAUUSD,buy,in,0.02,5006.03,4973,-0.07,0.00,0.00,3 601.03,
2026.02.18 17:20:39,4959,XAUUSD,sell,out,0.02,5006.10,4974,-0.07,0.00,0.14,3 601.10,sl 5006.15
2026.02.18 17:44:10,4960,XAUUSD,buy,in,0.02,5000.72,4975,-0.07,0.00,0.00,3 601.03,
2026.02.18 18:04:18,4961,XAUUSD,sell,out,0.02,5002.28,4976,-0.07,0.00,3.12,3 604.08,sl 5002.35
2026.02.18 18:08:13,4962,XAUUSD,buy,in,0.02,5000.45,4977,-0.07,0.00,0.00,3 604.01,
2026.02.18 18:12:22,4963,XAUUSD,sell,out,0.02,5000.50,4978,-0.07,0.00,0.10,3 604.04,sl 5000.51
2026.02.18 18:32:19,4964,XAUUSD,buy,in,0.02,4997.60,4979,-0.07,0.00,0.00,3 603.97,
2026.02.18 18:33:11,4965,XAUUSD,sell,out,0.02,4999.00,4980,-0.07,0.00,2.80,3 606.70,sl 4999.00
2026.02.18 18:56:27,4966,XAUUSD,buy,in,0.02,5003.50,4981,-0.07,0.00,0.00,3 606.63,
2026.02.18 20:34:45,4967,XAUUSD,sell,in,0.02,4991.86,4982,-0.07,0.00,0.00,3 606.56,
2026.02.18 20:35:58,4968,XAUUSD,buy,out,0.02,4991.06,4983,-0.07,0.00,1.60,3 608.09,sl 4991.06
2026.02.19 08:31:58,4969,XAUUSD,sell,out,0.02,5003.77,4984,-0.07,-3.42,0.54,3 605.14,sl 5003.92
2026.02.19 16:44:30,4970,XAUUSD,buy,in,0.02,4994.72,4985,-0.07,0.00,0.00,3 605.07,
2026.02.19 16:47:55,4971,XAUUSD,sell,out,0.02,4994.96,4986,-0.07,0.00,0.48,3 605.48,sl 4995.08
2026.02.19 17:08:31,4972,XAUUSD,buy,in,0.02,5005.36,4987,-0.07,0.00,0.00,3 605.41,
2026.02.19 17:08:42,4973,XAUUSD,sell,out,0.02,5005.45,4988,-0.07,0.00,0.18,3 605.52,sl 5005.46
2026.02.19 17:32:42,4974,XAUUSD,buy,in,0.02,5016.63,4989,-0.07,0.00,0.00,3 605.45,
2026.02.19 17:33:05,4975,XAUUSD,sell,out,0.02,5018.87,4990,-0.07,0.00,4.48,3 609.86,sl 5018.89
2026.02.19 17:56:43,4976,XAUUSD,buy,in,0.02,5009.56,4991,-0.07,0.00,0.00,3 609.79,
2026.02.19 17:57:06,4977,XAUUSD,sell,out,0.02,5009.54,4992,-0.07,0.00,-0.04,3 609.68,sl 5009.61
2026.02.19 18:20:48,4978,XAUUSD,buy,in,0.02,4999.98,4993,-0.07,0.00,0.00,3 609.61,
2026.02.19 18:21:18,4979,XAUUSD,sell,out,0.02,5001.52,4994,-0.07,0.00,3.08,3 612.62,sl 5001.53
2026.02.19 18:44:50,4980,XAUUSD,buy,in,0.02,5007.59,4995,-0.07,0.00,0.00,3 612.55,
2026.02.19 20:23:03,4981,XAUUSD,sell,in,0.02,4981.67,4996,-0.07,0.00,0.00,3 612.48,
2026.02.19 20:24:01,4982,XAUUSD,buy,out,0.02,4981.72,4997,-0.07,0.00,-0.10,3 612.31,sl 4981.65
2026.02.20 01:09:29,4983,XAUUSD,sell,out,0.02,5007.58,4998,-0.07,-1.14,-0.02,3 611.08,sl 5007.67
2026.02.24 16:13:45,4984,XAUUSD,sell,in,0.02,5096.54,4999,-0.07,0.00,0.00,3 611.01,
2026.02.24 16:36:35,4985,XAUUSD,buy,out,0.02,5125.82,5000,-0.07,0.00,-58.56,3 552.38,
2026.02.24 17:45:50,4986,XAUUSD,buy,in,0.02,5153.87,5001,-0.07,0.00,0.00,3 552.31,
2026.02.24 17:46:09,4987,XAUUSD,sell,out,0.02,5154.60,5002,-0.07,0.00,1.46,3 553.70,sl 5154.63
2026.02.24 19:10:24,4988,XAUUSD,buy,in,0.02,5154.69,5003,-0.07,0.00,0.00,3 553.63,
2026.02.24 19:11:03,4989,XAUUSD,sell,out,0.02,5155.41,5004,-0.07,0.00,1.44,3 555.00,sl 5155.45
2026.02.24 19:34:28,4990,XAUUSD,buy,in,0.02,5157.73,5005,-0.07,0.00,0.00,3 554.93,
2026.02.24 19:34:48,4991,XAUUSD,sell,out,0.02,5157.82,5006,-0.07,0.00,0.18,3 555.04,sl 5157.84
2026.02.24 19:58:29,4992,XAUUSD,buy,in,0.02,5161.87,5007,-0.07,0.00,0.00,3 554.97,
2026.02.24 19:59:27,4993,XAUUSD,sell,out,0.02,5162.66,5008,-0.07,0.00,1.58,3 556.48,sl 5162.67
2026.02.24 20:22:40,4994,XAUUSD,buy,in,0.02,5160.53,5009,-0.07,0.00,0.00,3 556.41,
2026.02.24 20:23:21,4995,XAUUSD,sell,out,0.02,5160.65,5010,-0.07,0.00,0.24,3 556.58,sl 5161.04
2026.02.24 20:46:48,4996,XAUUSD,buy,in,0.02,5160.60,5011,-0.07,0.00,0.00,3 556.51,
2026.02.24 20:52:39,4997,XAUUSD,sell,out,0.02,5161.95,5012,-0.07,0.00,2.70,3 559.14,sl 5161.95
2026.02.24 21:14:33,4998,XAUUSD,buy,in,0.02,5156.29,5013,-0.07,0.00,0.00,3 559.07,
2026.02.24 21:15:05,4999,XAUUSD,sell,out,0.02,5156.44,5014,-0.07,0.00,0.30,3 559.30,sl 5156.44
2026.02.24 21:38:39,5000,XAUUSD,buy,in,0.02,5156.66,5015,-0.07,0.00,0.00,3 559.23,
2026.02.24 22:21:29,5001,XAUUSD,sell,out,0.02,5159.70,5016,-0.07,0.00,6.08,3 565.24,sl 5159.72
2026.02.24 22:21:32,5002,XAUUSD,buy,in,0.02,5159.87,5017,-0.07,0.00,0.00,3 565.17,
2026.02.24 22:22:00,5003,XAUUSD,sell,out,0.02,5160.07,5018,-0.07,0.00,0.40,3 565.50,sl 5160.13
2026.02.24 22:45:37,5004,XAUUSD,buy,in,0.02,5171.45,5019,-0.07,0.00,0.00,3 565.43,
2026.02.25 01:20:22,5005,XAUUSD,sell,in,0.02,5130.93,5020,-0.07,0.00,0.00,3 565.36,
2026.02.25 01:20:38,5006,XAUUSD,buy,out,0.02,5130.77,5021,-0.07,0.00,0.32,3 565.61,sl 5130.77
2026.02.25 03:04:06,5007,XAUUSD,sell,out,0.02,5160.20,5022,-0.07,-1.14,-22.50,3 541.90,
2026.02.26 02:30:12,5008,XAUUSD,buy,in,0.02,5186.85,5023,-0.07,0.00,0.00,3 541.83,
2026.02.26 02:30:15,5009,XAUUSD,sell,out,0.02,5187.90,5024,-0.07,0.00,2.10,3 543.86,sl 5187.90
2026.02.26 02:54:12,5010,XAUUSD,buy,in,0.02,5188.88,5025,-0.07,0.00,0.00,3 543.79,
2026.02.26 02:54:42,5011,XAUUSD,sell,out,0.02,5189.98,5026,-0.07,0.00,2.20,3 545.92,sl 5190.05
2026.02.26 03:18:15,5012,XAUUSD,buy,in,0.02,5191.27,5027,-0.07,0.00,0.00,3 545.85,
2026.02.26 03:21:13,5013,XAUUSD,sell,out,0.02,5194.07,5028,-0.07,0.00,5.60,3 551.38,sl 5194.07
2026.02.26 03:42:20,5014,XAUUSD,buy,in,0.02,5190.20,5029,-0.07,0.00,0.00,3 551.31,
2026.02.26 03:45:45,5015,XAUUSD,sell,out,0.02,5191.00,5030,-0.07,0.00,1.60,3 552.84,sl 5191.13
2026.02.26 04:06:27,5016,XAUUSD,buy,in,0.02,5189.28,5031,-0.07,0.00,0.00,3 552.77,
2026.02.26 04:10:34,5017,XAUUSD,sell,out,0.02,5189.40,5032,-0.07,0.00,0.24,3 552.94,sl 5189.43
2026.02.26 05:15:41,5018,XAUUSD,buy,in,0.02,5190.42,5033,-0.07,0.00,0.00,3 552.87,
2026.02.26 05:17:27,5019,XAUUSD,sell,out,0.02,5191.15,5034,-0.07,0.00,1.46,3 554.26,sl 5191.18
2026.02.26 05:52:02,5020,XAUUSD,buy,in,0.02,5190.34,5035,-0.07,0.00,0.00,3 554.19,
2026.02.26 05:53:22,5021,XAUUSD,sell,out,0.02,5190.38,5036,-0.07,0.00,0.08,3 554.20,sl 5190.49
2026.02.26 06:16:07,5022,XAUUSD,buy,in,0.02,5196.72,5037,-0.07,0.00,0.00,3 554.13,
2026.02.26 07:14:21,5023,XAUUSD,sell,out,0.02,5198.97,5038,-0.07,0.00,4.50,3 558.56,sl 5199.02
2026.02.26 07:14:24,5024,XAUUSD,buy,in,0.02,5198.94,5039,-0.07,0.00,0.00,3 558.49,
2026.02.26 07:16:18,5025,XAUUSD,sell,out,0.02,5201.10,5040,-0.07,0.00,4.32,3 562.74,sl 5201.21
2026.02.26 07:38:29,5026,XAUUSD,buy,in,0.02,5198.35,5041,-0.07,0.00,0.00,3 562.67,
2026.02.26 07:39:08,5027,XAUUSD,sell,out,0.02,5198.61,5042,-0.07,0.00,0.52,3 563.12,sl 5198.70
2026.02.26 08:02:29,5028,XAUUSD,buy,in,0.02,5198.84,5043,-0.07,0.00,0.00,3 563.05,
2026.02.26 08:07:17,5029,XAUUSD,sell,out,0.02,5199.06,5044,-0.07,0.00,0.44,3 563.42,sl 5199.06
2026.02.26 08:26:36,5030,XAUUSD,buy,in,0.02,5196.55,5045,-0.07,0.00,0.00,3 563.35,
2026.02.26 08:27:02,5031,XAUUSD,sell,out,0.02,5196.51,5046,-0.07,0.00,-0.08,3 563.20,sl 5196.61
2026.02.26 08:50:36,5032,XAUUSD,buy,in,0.02,5195.02,5047,-0.07,0.00,0.00,3 563.13,
2026.02.26 08:51:30,5033,XAUUSD,sell,out,0.02,5195.93,5048,-0.07,0.00,1.82,3 564.88,sl 5195.93
2026.02.26 17:27:50,5034,XAUUSD,sell,in,0.02,5138.17,5049,-0.07,0.00,0.00,3 564.81,
2026.02.26 17:27:53,5035,XAUUSD,buy,out,0.02,5138.22,5050,-0.07,0.00,-0.10,3 564.64,sl 5138.08
2026.02.26 22:13:57,5036,XAUUSD,buy,in,0.02,5197.53,5051,-0.07,0.00,0.00,3 564.57,
2026.02.26 22:25:01,5037,XAUUSD,sell,out,0.02,5197.11,5052,-0.07,0.00,-0.84,3 563.66,sl 5197.58
2026.02.26 22:38:31,5038,XAUUSD,buy,in,0.02,5197.63,5053,-0.07,0.00,0.00,3 563.59,
2026.02.26 22:39:14,5039,XAUUSD,sell,out,0.02,5198.99,5054,-0.07,0.00,2.72,3 566.24,sl 5199.00
2026.02.26 23:02:50,5040,XAUUSD,buy,in,0.02,5198.45,5055,-0.07,0.00,0.00,3 566.17,
2026.02.26 23:03:28,5041,XAUUSD,sell,out,0.02,5199.05,5056,-0.07,0.00,1.20,3 567.30,sl 5199.06
2026.02.27 04:08:03,5042,XAUUSD,buy,in,0.02,5199.69,5057,-0.07,0.00,0.00,3 567.23,
2026.02.27 05:46:18,5043,XAUUSD,sell,in,0.02,5187.32,5058,-0.07,0.00,0.00,3 567.16,
2026.02.27 05:58:12,5044,XAUUSD,buy,out,0.02,5187.25,5059,-0.07,0.00,0.14,3 567.23,sl 5187.24
2026.02.27 10:24:36,5045,XAUUSD,sell,in,0.02,5175.50,5060,-0.07,0.00,0.00,3 567.16,
2026.02.27 10:24:59,5046,XAUUSD,buy,out,0.02,5175.24,5061,-0.07,0.00,0.52,3 567.61,sl 5175.22
2026.02.27 11:48:29,5047,XAUUSD,sell,out,0.02,5174.85,5062,-0.07,0.00,-49.68,3 517.86,
2026.02.27 15:07:44,5048,XAUUSD,buy,in,0.02,5207.87,5063,-0.07,0.00,0.00,3 517.79,
2026.02.27 15:08:01,5049,XAUUSD,sell,out,0.02,5209.90,5064,-0.07,0.00,4.06,3 521.78,sl 5209.94
2026.02.27 15:31:47,5050,XAUUSD,buy,in,0.02,5224.84,5065,-0.07,0.00,0.00,3 521.71,
2026.02.27 15:31:54,5051,XAUUSD,sell,out,0.02,5224.95,5066,-0.07,0.00,0.22,3 521.86,sl 5225.10
2026.02.27 15:55:52,5052,XAUUSD,buy,in,0.02,5216.10,5067,-0.07,0.00,0.00,3 521.79,
2026.02.27 15:56:57,5053,XAUUSD,sell,out,0.02,5220.79,5068,-0.07,0.00,9.38,3 531.10,sl 5220.82
2026.02.27 16:19:58,5054,XAUUSD,buy,in,0.02,5227.97,5069,-0.07,0.00,0.00,3 531.03,
2026.02.27 16:20:14,5055,XAUUSD,sell,out,0.02,5227.96,5070,-0.07,0.00,-0.02,3 530.94,sl 5228.10
2026.02.27 16:43:59,5056,XAUUSD,buy,in,0.02,5222.71,5071,-0.07,0.00,0.00,3 530.87,
2026.02.27 16:44:56,5057,XAUUSD,sell,out,0.02,5226.11,5072,-0.07,0.00,6.80,3 537.60,sl 5226.12
2026.02.27 17:08:05,5058,XAUUSD,buy,in,0.02,5231.90,5073,-0.07,0.00,0.00,3 537.53,
2026.02.27 17:08:56,5059,XAUUSD,sell,out,0.02,5235.75,5074,-0.07,0.00,7.70,3 545.16,sl 5236.21
2026.02.27 17:32:11,5060,XAUUSD,buy,in,0.02,5231.67,5075,-0.07,0.00,0.00,3 545.09,
2026.02.27 17:32:46,5061,XAUUSD,sell,out,0.02,5231.70,5076,-0.07,0.00,0.06,3 545.08,sl 5231.70
2026.02.27 17:56:19,5062,XAUUSD,buy,in,0.02,5238.59,5077,-0.07,0.00,0.00,3 545.01,
2026.02.27 17:57:00,5063,XAUUSD,sell,out,0.02,5240.02,5078,-0.07,0.00,2.86,3 547.80,sl 5240.18
2026.02.27 18:20:18,5064,XAUUSD,buy,in,0.02,5245.28,5079,-0.07,0.00,0.00,3 547.73,
2026.02.27 18:20:45,5065,XAUUSD,sell,out,0.02,5245.63,5080,-0.07,0.00,0.70,3 548.36,sl 5245.79
2026.02.27 18:44:24,5066,XAUUSD,buy,in,0.02,5236.67,5081,-0.07,0.00,0.00,3 548.29,
2026.02.27 18:45:27,5067,XAUUSD,sell,out,0.02,5236.79,5082,-0.07,0.00,0.24,3 548.46,sl 5236.86
2026.02.27 19:08:25,5068,XAUUSD,buy,in,0.02,5232.78,5083,-0.07,0.00,0.00,3 548.39,
2026.02.27 19:09:07,5069,XAUUSD,sell,out,0.02,5233.72,5084,-0.07,0.00,1.88,3 550.20,sl 5233.72
2026.02.27 19:32:28,5070,XAUUSD,buy,in,0.02,5226.70,5085,-0.07,0.00,0.00,3 550.13,
2026.02.27 19:32:49,5071,XAUUSD,sell,out,0.02,5226.18,5086,-0.07,0.00,-1.04,3 549.02,sl 5226.90
2026.02.27 19:56:31,5072,XAUUSD,buy,in,0.02,5232.90,5087,-0.07,0.00,0.00,3 548.95,
2026.02.27 19:57:05,5073,XAUUSD,sell,out,0.02,5233.61,5088,-0.07,0.00,1.42,3 550.30,sl 5233.62
2026.02.27 20:20:36,5074,XAUUSD,buy,in,0.02,5233.80,5089,-0.07,0.00,0.00,3 550.23,
2026.02.27 20:43:09,5075,XAUUSD,sell,out,0.02,5235.67,5090,-0.07,0.00,3.74,3 553.90,sl 5235.72
2026.02.27 20:44:40,5076,XAUUSD,buy,in,0.02,5239.97,5091,-0.07,0.00,0.00,3 553.83,
2026.02.27 20:46:14,5077,XAUUSD,sell,out,0.02,5241.42,5092,-0.07,0.00,2.90,3 556.66,sl 5241.44
2026.02.27 21:08:42,5078,XAUUSD,buy,in,0.02,5249.92,5093,-0.07,0.00,0.00,3 556.59,
2026.02.27 21:09:27,5079,XAUUSD,sell,out,0.02,5249.94,5094,-0.07,0.00,0.04,3 556.56,sl 5250.05
2026.02.27 21:32:49,5080,XAUUSD,buy,in,0.02,5250.17,5095,-0.07,0.00,0.00,3 556.49,
2026.02.27 21:33:49,5081,XAUUSD,sell,out,0.02,5250.18,5096,-0.07,0.00,0.02,3 556.44,sl 5250.28
2026.02.27 21:56:57,5082,XAUUSD,buy,in,0.02,5249.38,5097,-0.07,0.00,0.00,3 556.37,
2026.02.27 21:58:31,5083,XAUUSD,sell,out,0.02,5250.66,5098,-0.07,0.00,2.56,3 558.86,sl 5250.70
2026.02.27 22:20:58,5084,XAUUSD,buy,in,0.02,5255.68,5099,-0.07,0.00,0.00,3 558.79,
2026.02.27 22:21:19,5085,XAUUSD,sell,out,0.02,5256.51,5100,-0.07,0.00,1.66,3 560.38,sl 5256.58
2026.02.27 22:45:03,5086,XAUUSD,buy,in,0.02,5260.16,5101,-0.07,0.00,0.00,3 560.31,
2026.02.27 22:45:55,5087,XAUUSD,sell,out,0.02,5262.28,5102,-0.07,0.00,4.24,3 564.48,sl 5262.48
2026.02.27 23:09:11,5088,XAUUSD,buy,in,0.02,5261.24,5103,-0.07,0.00,0.00,3 564.41,
2026.02.27 23:12:37,5089,XAUUSD,sell,out,0.02,5261.39,5104,-0.07,0.00,0.30,3 564.64,sl 5261.40
2026.02.27 23:33:16,5090,XAUUSD,buy,in,0.02,5261.79,5105,-0.07,0.00,0.00,3 564.57,
2026.02.27 23:34:18,5091,XAUUSD,sell,out,0.02,5261.81,5106,-0.07,0.00,0.04,3 564.54,sl 5261.82
2026.03.02 01:02:01,5092,XAUUSD,buy,in,0.02,5318.86,5107,-0.07,0.00,0.00,3 564.47,
2026.03.02 01:02:09,5093,XAUUSD,sell,out,0.02,5318.62,5108,-0.07,0.00,-0.48,3 563.92,sl 5318.89
2026.03.02 01:26:09,5094,XAUUSD,buy,in,0.02,5354.95,5109,-0.07,0.00,0.00,3 563.85,
2026.03.02 01:28:52,5095,XAUUSD,sell,out,0.02,5355.19,5110,-0.07,0.00,0.48,3 564.26,sl 5355.20
2026.03.02 01:50:11,5096,XAUUSD,buy,in,0.02,5386.28,5111,-0.07,0.00,0.00,3 564.19,
2026.03.02 01:53:54,5097,XAUUSD,sell,out,0.02,5386.59,5112,-0.07,0.00,0.62,3 564.74,sl 5386.77
2026.03.02 02:14:15,5098,XAUUSD,buy,in,0.02,5375.55,5113,-0.07,0.00,0.00,3 564.67,
2026.03.02 02:14:43,5099,XAUUSD,sell,out,0.02,5376.85,5114,-0.07,0.00,2.60,3 567.20,sl 5376.86
2026.03.02 02:38:18,5100,XAUUSD,buy,in,0.02,5367.45,5115,-0.07,0.00,0.00,3 567.13,
2026.03.02 02:38:50,5101,XAUUSD,sell,out,0.02,5367.48,5116,-0.07,0.00,0.06,3 567.12,sl 5367.75
2026.03.02 03:02:19,5102,XAUUSD,buy,in,0.02,5331.03,5117,-0.07,0.00,0.00,3 567.05,
2026.03.02 03:02:23,5103,XAUUSD,sell,out,0.02,5331.00,5118,-0.07,0.00,-0.06,3 566.92,sl 5331.13
2026.03.02 03:26:35,5104,XAUUSD,buy,in,0.02,5327.56,5119,-0.07,0.00,0.00,3 566.85,
2026.03.02 03:36:24,5105,XAUUSD,sell,out,0.02,5327.89,5120,-0.07,0.00,0.66,3 567.44,sl 5327.97
2026.03.02 03:50:37,5106,XAUUSD,buy,in,0.02,5330.79,5121,-0.07,0.00,0.00,3 567.37,
2026.03.02 03:51:20,5107,XAUUSD,sell,out,0.02,5333.03,5122,-0.07,0.00,4.48,3 571.78,sl 5333.07
2026.03.02 04:14:44,5108,XAUUSD,buy,in,0.02,5326.57,5123,-0.07,0.00,0.00,3 571.71,
2026.03.02 04:15:26,5109,XAUUSD,sell,out,0.02,5330.91,5124,-0.07,0.00,8.68,3 580.32,sl 5331.02
2026.03.02 04:38:47,5110,XAUUSD,buy,in,0.02,5337.86,5125,-0.07,0.00,0.00,3 580.25,
2026.03.02 04:39:37,5111,XAUUSD,sell,out,0.02,5337.98,5126,-0.07,0.00,0.24,3 580.42,sl 5338.39
2026.03.02 05:02:47,5112,XAUUSD,buy,in,0.02,5348.25,5127,-0.07,0.00,0.00,3 580.35,
2026.03.02 05:04:19,5113,XAUUSD,sell,out,0.02,5354.15,5128,-0.07,0.00,11.80,3 592.08,sl 5354.23
2026.03.02 05:26:50,5114,XAUUSD,buy,in,0.02,5357.26,5129,-0.07,0.00,0.00,3 592.01,
2026.03.02 05:27:04,5115,XAUUSD,sell,out,0.02,5357.59,5130,-0.07,0.00,0.66,3 592.60,sl 5357.70
2026.03.02 05:50:57,5116,XAUUSD,buy,in,0.02,5362.63,5131,-0.07,0.00,0.00,3 592.53,
2026.03.02 05:53:45,5117,XAUUSD,sell,out,0.02,5363.30,5132,-0.07,0.00,1.34,3 593.80,sl 5363.30
2026.03.02 06:15:03,5118,XAUUSD,buy,in,0.02,5357.88,5133,-0.07,0.00,0.00,3 593.73,
2026.03.02 06:16:59,5119,XAUUSD,sell,out,0.02,5359.36,5134,-0.07,0.00,2.96,3 596.62,sl 5359.41
2026.03.02 06:39:07,5120,XAUUSD,buy,in,0.02,5349.58,5135,-0.07,0.00,0.00,3 596.55,
2026.03.02 06:39:41,5121,XAUUSD,sell,out,0.02,5349.81,5136,-0.07,0.00,0.46,3 596.94,sl 5349.85
2026.03.02 07:03:07,5122,XAUUSD,buy,in,0.02,5351.37,5137,-0.07,0.00,0.00,3 596.87,
2026.03.02 07:03:37,5123,XAUUSD,sell,out,0.02,5351.59,5138,-0.07,0.00,0.44,3 597.24,sl 5351.67
2026.03.02 18:07:20,5124,XAUUSD,buy,in,0.02,5290.94,5139,-0.07,0.00,0.00,3 597.17,
2026.03.02 18:07:25,5125,XAUUSD,sell,out,0.02,5290.88,5140,-0.07,0.00,-0.12,3 596.98,sl 5290.99
2026.03.02 18:31:20,5126,XAUUSD,buy,in,0.02,5307.69,5141,-0.07,0.00,0.00,3 596.91,
2026.03.02 18:40:32,5127,XAUUSD,sell,out,0.02,5308.62,5142,-0.07,0.00,1.86,3 598.70,sl 5308.64
2026.03.02 18:55:29,5128,XAUUSD,buy,in,0.02,5295.71,5143,-0.07,0.00,0.00,3 598.63,
2026.03.02 18:56:22,5129,XAUUSD,sell,out,0.02,5300.57,5144,-0.07,0.00,9.72,3 608.28,sl 5300.58
2026.03.02 19:19:36,5130,XAUUSD,buy,in,0.02,5297.53,5145,-0.07,0.00,0.00,3 608.21,
2026.03.02 19:20:21,5131,XAUUSD,sell,out,0.02,5297.44,5146,-0.07,0.00,-0.18,3 607.96,sl 5297.55
2026.03.02 19:43:42,5132,XAUUSD,buy,in,0.02,5306.04,5147,-0.07,0.00,0.00,3 607.89,
2026.03.02 19:45:27,5133,XAUUSD,sell,out,0.02,5307.43,5148,-0.07,0.00,2.78,3 610.60,sl 5307.61
2026.03.02 20:07:48,5134,XAUUSD,buy,in,0.02,5296.00,5149,-0.07,0.00,0.00,3 610.53,
2026.03.02 20:10:47,5135,XAUUSD,sell,out,0.02,5296.45,5150,-0.07,0.00,0.90,3 611.36,sl 5296.55
2026.03.02 20:31:55,5136,XAUUSD,buy,in,0.02,5297.77,5151,-0.07,0.00,0.00,3 611.29,
2026.03.02 20:35:07,5137,XAUUSD,sell,out,0.02,5297.62,5152,-0.07,0.00,-0.30,3 610.92,sl 5298.01
2026.03.02 20:56:07,5138,XAUUSD,buy,in,0.02,5313.51,5153,-0.07,0.00,0.00,3 610.85,
2026.03.02 20:59:37,5139,XAUUSD,sell,out,0.02,5314.60,5154,-0.07,0.00,2.18,3 612.96,sl 5314.67
2026.03.02 21:20:07,5140,XAUUSD,buy,in,0.02,5325.49,5155,-0.07,0.00,0.00,3 612.89,
2026.03.02 21:20:36,5141,XAUUSD,sell,out,0.02,5325.69,5156,-0.07,0.00,0.40,3 613.22,sl 5325.71
2026.03.02 21:44:07,5142,XAUUSD,buy,in,0.02,5327.94,5157,-0.07,0.00,0.00,3 613.15,
2026.03.02 21:47:57,5143,XAUUSD,sell,out,0.02,5328.52,5158,-0.07,0.00,1.16,3 614.24,sl 5328.55
2026.03.02 22:08:11,5144,XAUUSD,buy,in,0.02,5337.19,5159,-0.07,0.00,0.00,3 614.17,
2026.03.02 22:08:38,5145,XAUUSD,sell,out,0.02,5341.48,5160,-0.07,0.00,8.58,3 622.68,sl 5341.49
2026.03.02 22:32:15,5146,XAUUSD,buy,in,0.02,5339.48,5161,-0.07,0.00,0.00,3 622.61,
2026.03.02 22:32:47,5147,XAUUSD,sell,out,0.02,5341.51,5162,-0.07,0.00,4.06,3 626.60,sl 5341.53
2026.03.02 22:56:21,5148,XAUUSD,buy,in,0.02,5337.76,5163,-0.07,0.00,0.00,3 626.53,
2026.03.02 22:57:11,5149,XAUUSD,sell,out,0.02,5338.64,5164,-0.07,0.00,1.76,3 628.22,sl 5338.98
2026.03.02 23:20:30,5150,XAUUSD,buy,in,0.02,5336.96,5165,-0.07,0.00,0.00,3 628.15,
2026.03.03 01:02:57,5151,XAUUSD,sell,out,0.02,5339.09,5166,-0.07,-1.14,4.26,3 631.20,sl 5339.39
2026.03.03 08:28:29,5152,XAUUSD,buy,in,0.02,5317.65,5167,-0.07,0.00,0.00,3 631.13,
2026.03.03 08:28:53,5153,XAUUSD,sell,out,0.02,5318.87,5168,-0.07,0.00,2.44,3 633.50,sl 5318.98
2026.03.03 09:06:51,5154,XAUUSD,buy,in,0.02,5318.36,5169,-0.07,0.00,0.00,3 633.43,
2026.03.03 09:18:30,5155,XAUUSD,sell,out,0.02,5318.68,5170,-0.07,0.00,0.64,3 634.00,sl 5318.70
2026.03.03 09:33:37,5156,XAUUSD,buy,in,0.02,5317.87,5171,-0.07,0.00,0.00,3 633.93,
2026.03.03 09:34:08,5157,XAUUSD,sell,out,0.02,5319.47,5172,-0.07,0.00,3.20,3 637.06,sl 5319.47
2026.03.03 09:57:38,5158,XAUUSD,buy,in,0.02,5330.01,5173,-0.07,0.00,0.00,3 636.99,
2026.03.03 09:57:47,5159,XAUUSD,sell,out,0.02,5330.05,5174,-0.07,0.00,0.08,3 637.00,sl 5330.11
2026.03.03 10:21:44,5160,XAUUSD,buy,in,0.02,5326.78,5175,-0.07,0.00,0.00,3 636.93,
2026.03.03 10:59:23,5161,XAUUSD,sell,out,0.02,5291.53,5176,-0.07,0.00,-70.50,3 566.36,
2026.03.03 11:25:34,5162,XAUUSD,sell,in,0.02,5256.10,5177,-0.07,0.00,0.00,3 566.29,
2026.03.03 11:26:04,5163,XAUUSD,buy,out,0.02,5249.85,5178,-0.07,0.00,12.50,3 578.72,sl 5249.51
2026.03.03 11:50:01,5164,XAUUSD,sell,in,0.02,5265.19,5179,-0.07,0.00,0.00,3 578.65,
2026.03.03 11:50:52,5165,XAUUSD,buy,out,0.02,5265.37,5180,-0.07,0.00,-0.36,3 578.22,sl 5265.11
2026.03.03 12:37:27,5166,XAUUSD,sell,in,0.02,5263.26,5181,-0.07,0.00,0.00,3 578.15,
2026.03.03 12:37:44,5167,XAUUSD,buy,out,0.02,5263.25,5182,-0.07,0.00,0.02,3 578.10,sl 5263.24
2026.03.03 13:01:32,5168,XAUUSD,sell,in,0.02,5255.18,5183,-0.07,0.00,0.00,3 578.03,
2026.03.03 13:04:49,5169,XAUUSD,buy,out,0.02,5254.50,5184,-0.07,0.00,1.36,3 579.32,sl 5254.42
2026.03.03 13:25:35,5170,XAUUSD,sell,in,0.02,5191.19,5185,-0.07,0.00,0.00,3 579.25,
2026.03.03 13:25:51,5171,XAUUSD,buy,out,0.02,5190.02,5186,-0.07,0.00,2.34,3 581.52,sl 5190.00
2026.03.03 13:49:40,5172,XAUUSD,sell,in,0.02,5143.52,5187,-0.07,0.00,0.00,3 581.45,
2026.03.03 13:50:01,5173,XAUUSD,buy,out,0.02,5143.49,5188,-0.07,0.00,0.06,3 581.44,sl 5143.49
2026.03.03 14:13:44,5174,XAUUSD,sell,in,0.02,5189.75,5189,-0.07,0.00,0.00,3 581.37,
2026.03.03 14:14:01,5175,XAUUSD,buy,out,0.02,5184.28,5190,-0.07,0.00,10.94,3 592.24,sl 5184.27
2026.03.03 14:37:52,5176,XAUUSD,sell,in,0.02,5206.68,5191,-0.07,0.00,0.00,3 592.17,
2026.03.03 14:38:21,5177,XAUUSD,buy,out,0.02,5202.25,5192,-0.07,0.00,8.86,3 600.96,sl 5202.23
2026.03.03 15:01:59,5178,XAUUSD,sell,in,0.02,5200.10,5193,-0.07,0.00,0.00,3 600.89,
2026.03.03 15:02:34,5179,XAUUSD,buy,out,0.02,5186.94,5194,-0.07,0.00,26.32,3 627.14,sl 5186.94
2026.03.03 15:26:00,5180,XAUUSD,sell,in,0.02,5170.94,5195,-0.07,0.00,0.00,3 627.07,
2026.03.03 15:26:15,5181,XAUUSD,buy,out,0.02,5171.25,5196,-0.07,0.00,-0.62,3 626.38,sl 5170.92
2026.03.03 15:50:05,5182,XAUUSD,sell,in,0.02,5147.51,5197,-0.07,0.00,0.00,3 626.31,
2026.03.03 15:51:21,5183,XAUUSD,buy,out,0.02,5145.96,5198,-0.07,0.00,3.10,3 629.34,sl 5145.53
2026.03.03 16:14:09,5184,XAUUSD,sell,in,0.02,5169.45,5199,-0.07,0.00,0.00,3 629.27,
2026.03.03 16:14:26,5185,XAUUSD,buy,out,0.02,5167.89,5200,-0.07,0.00,3.12,3 632.32,sl 5167.82
2026.03.03 16:38:16,5186,XAUUSD,sell,in,0.02,5124.48,5201,-0.07,0.00,0.00,3 632.25,
2026.03.03 16:38:24,5187,XAUUSD,buy,out,0.02,5124.60,5202,-0.07,0.00,-0.24,3 631.94,sl 5124.42
2026.03.03 17:02:17,5188,XAUUSD,sell,in,0.02,5052.31,5203,-0.07,0.00,0.00,3 631.87,
2026.03.03 17:02:18,5189,XAUUSD,buy,out,0.02,5052.34,5204,-0.07,0.00,-0.06,3 631.74,sl 5052.30
2026.03.03 17:26:22,5190,XAUUSD,sell,in,0.02,5042.00,5205,-0.07,0.00,0.00,3 631.67,
2026.03.03 17:29:21,5191,XAUUSD,buy,out,0.02,5041.72,5206,-0.07,0.00,0.56,3 632.16,sl 5041.60
2026.03.03 17:50:28,5192,XAUUSD,sell,in,0.02,5063.11,5207,-0.07,0.00,0.00,3 632.09,
2026.03.03 19:28:29,5193,XAUUSD,buy,in,0.02,5090.49,5208,-0.07,0.00,0.00,3 632.02,
2026.03.03 20:01:35,5194,XAUUSD,sell,out,0.02,5090.78,5209,-0.07,0.00,0.58,3 632.53,sl 5090.80
2026.03.05 05:05:34,5195,XAUUSD,buy,out,0.02,5195.00,5210,-0.07,3.23,-263.78,3 371.91,
2026.03.05 07:34:20,5196,XAUUSD,sell,in,0.02,5164.86,5211,-0.07,0.00,0.00,3 371.84,
2026.03.05 07:37:31,5197,XAUUSD,buy,out,0.02,5163.81,5212,-0.07,0.00,2.10,3 373.87,sl 5163.24
2026.03.05 07:58:19,5198,XAUUSD,sell,in,0.02,5151.60,5213,-0.07,0.00,0.00,3 373.80,
2026.03.05 07:58:50,5199,XAUUSD,buy,out,0.02,5150.92,5214,-0.07,0.00,1.36,3 375.09,sl 5150.73
2026.03.05 08:22:22,5200,XAUUSD,sell,in,0.02,5138.96,5215,-0.07,0.00,0.00,3 375.02,
2026.03.05 10:00:28,5201,XAUUSD,buy,in,0.02,5162.57,5216,-0.07,0.00,0.00,3 374.95,
2026.03.05 10:22:16,5202,XAUUSD,buy,out,0.02,5138.97,5217,-0.07,0.00,-0.02,3 374.86,sl 5138.95
2026.03.05 10:46:06,5203,XAUUSD,sell,out,0.02,5165.64,5218,-0.07,0.00,6.14,3 380.93,sl 5165.64
2026.03.06 17:24:50,5204,XAUUSD,buy,in,0.02,5167.68,5219,-0.07,0.00,0.00,3 380.86,
2026.03.06 17:26:32,5205,XAUUSD,sell,out,0.02,5167.93,5220,-0.07,0.00,0.50,3 381.29,sl 5167.94
2026.03.06 20:45:26,5206,XAUUSD,buy,in,0.02,5167.52,5221,-0.07,0.00,0.00,3 381.22,
2026.03.06 21:09:22,5207,XAUUSD,sell,out,0.02,5167.75,5222,-0.07,0.00,0.46,3 381.61,sl 5167.88
2026.03.06 21:09:26,5208,XAUUSD,buy,in,0.02,5167.94,5223,-0.07,0.00,0.00,3 381.54,
2026.03.06 21:10:59,5209,XAUUSD,sell,out,0.02,5167.87,5224,-0.07,0.00,-0.14,3 381.33,sl 5167.96
2026.03.06 21:33:26,5210,XAUUSD,buy,in,0.02,5167.97,5225,-0.07,0.00,0.00,3 381.26,
2026.03.06 23:11:40,5211,XAUUSD,sell,in,0.02,5165.57,5226,-0.07,0.00,0.00,3 381.19,
2026.03.06 23:16:29,5212,XAUUSD,sell,out,0.02,5167.79,5227,-0.07,0.00,-0.36,3 380.76,sl 5167.99
2026.03.09 01:05:16,5213,XAUUSD,buy,out,0.02,5165.05,5228,-0.07,0.81,1.04,3 382.54,sl 5164.85
2026.03.09 01:13:20,5214,XAUUSD,buy,in,0.02,5168.76,5229,-0.07,0.00,0.00,3 382.47,
2026.03.09 01:13:43,5215,XAUUSD,sell,out,0.02,5166.22,5230,-0.07,0.00,-5.08,3 377.32,sl 5168.94
2026.03.09 01:44:01,5216,XAUUSD,sell,in,0.02,5112.39,5231,-0.07,0.00,0.00,3 377.25,
2026.03.09 01:50:03,5217,XAUUSD,buy,out,0.02,5110.69,5232,-0.07,0.00,3.40,3 380.58,sl 5110.47
2026.03.09 02:08:57,5218,XAUUSD,sell,in,0.02,5114.49,5233,-0.07,0.00,0.00,3 380.51,
2026.03.09 02:09:16,5219,XAUUSD,buy,out,0.02,5113.32,5234,-0.07,0.00,2.34,3 382.78,sl 5112.68
2026.03.09 02:33:01,5220,XAUUSD,sell,in,0.02,5099.46,5235,-0.07,0.00,0.00,3 382.71,
2026.03.09 02:33:41,5221,XAUUSD,buy,out,0.02,5099.60,5236,-0.07,0.00,-0.28,3 382.36,sl 5099.42
2026.03.09 02:57:03,5222,XAUUSD,sell,in,0.02,5072.12,5237,-0.07,0.00,0.00,3 382.29,
2026.03.09 02:57:20,5223,XAUUSD,buy,out,0.02,5073.03,5238,-0.07,0.00,-1.82,3 380.40,sl 5071.99
2026.03.09 03:21:13,5224,XAUUSD,sell,in,0.02,5043.04,5239,-0.07,0.00,0.00,3 380.33,
2026.03.09 03:25:37,5225,XAUUSD,buy,out,0.02,5043.03,5240,-0.07,0.00,0.02,3 380.28,sl 5043.01
2026.03.09 03:45:17,5226,XAUUSD,sell,in,0.02,5056.41,5241,-0.07,0.00,0.00,3 380.21,
2026.03.09 03:45:29,5227,XAUUSD,buy,out,0.02,5056.30,5242,-0.07,0.00,0.22,3 380.36,sl 5056.30
2026.03.09 04:09:17,5228,XAUUSD,sell,in,0.02,5055.41,5243,-0.07,0.00,0.00,3 380.29,
2026.03.09 04:09:45,5229,XAUUSD,buy,out,0.02,5053.21,5244,-0.07,0.00,4.40,3 384.62,sl 5053.17
2026.03.09 04:33:25,5230,XAUUSD,sell,in,0.02,5082.54,5245,-0.07,0.00,0.00,3 384.55,
2026.03.09 04:33:59,5231,XAUUSD,buy,out,0.02,5081.85,5246,-0.07,0.00,1.38,3 385.86,sl 5081.67
2026.03.09 04:57:35,5232,XAUUSD,sell,in,0.02,5073.95,5247,-0.07,0.00,0.00,3 385.79,
2026.03.09 04:57:47,5233,XAUUSD,buy,out,0.02,5073.83,5248,-0.07,0.00,0.24,3 385.96,sl 5073.83
2026.03.09 05:21:38,5234,XAUUSD,sell,in,0.02,5075.32,5249,-0.07,0.00,0.00,3 385.89,
2026.03.09 05:27:25,5235,XAUUSD,buy,out,0.02,5075.39,5250,-0.07,0.00,-0.14,3 385.68,sl 5075.29
2026.03.09 05:45:37,5236,XAUUSD,sell,in,0.02,5092.73,5251,-0.07,0.00,0.00,3 385.61,
2026.03.09 05:45:57,5237,XAUUSD,buy,out,0.02,5092.61,5252,-0.07,0.00,0.24,3 385.78,sl 5092.55
2026.03.09 06:09:43,5238,XAUUSD,sell,in,0.02,5090.73,5253,-0.07,0.00,0.00,3 385.71,
2026.03.09 06:09:55,5239,XAUUSD,buy,out,0.02,5090.70,5254,-0.07,0.00,0.06,3 385.70,sl 5090.63
2026.03.09 06:33:42,5240,XAUUSD,sell,in,0.02,5088.98,5255,-0.07,0.00,0.00,3 385.63,
2026.03.09 06:34:01,5241,XAUUSD,buy,out,0.02,5089.23,5256,-0.07,0.00,-0.50,3 385.06,sl 5088.96
2026.03.09 06:57:50,5242,XAUUSD,sell,in,0.02,5091.90,5257,-0.07,0.00,0.00,3 384.99,
2026.03.09 06:58:28,5243,XAUUSD,buy,out,0.02,5092.15,5258,-0.07,0.00,-0.50,3 384.42,sl 5091.85
2026.03.09 07:21:57,5244,XAUUSD,sell,in,0.02,5091.14,5259,-0.07,0.00,0.00,3 384.35,
2026.03.09 07:22:27,5245,XAUUSD,buy,out,0.02,5091.14,5260,-0.07,0.00,0.00,3 384.28,sl 5091.13
2026.03.09 07:45:59,5246,XAUUSD,sell,in,0.02,5087.72,5261,-0.07,0.00,0.00,3 384.21,
2026.03.09 07:46:46,5247,XAUUSD,buy,out,0.02,5087.19,5262,-0.07,0.00,1.06,3 385.20,sl 5086.98
2026.03.09 08:10:01,5248,XAUUSD,sell,in,0.02,5096.08,5263,-0.07,0.00,0.00,3 385.13,
2026.03.09 08:10:33,5249,XAUUSD,buy,out,0.02,5095.77,5264,-0.07,0.00,0.62,3 385.68,sl 5095.75
2026.03.09 09:49:05,5250,XAUUSD,sell,in,0.02,5101.55,5265,-0.07,0.00,0.00,3 385.61,
2026.03.09 09:52:24,5251,XAUUSD,buy,out,0.02,5101.55,5266,-0.07,0.00,0.00,3 385.54,sl 5101.53
2026.03.09 10:13:06,5252,XAUUSD,sell,in,0.02,5097.16,5267,-0.07,0.00,0.00,3 385.47,
2026.03.09 10:13:26,5253,XAUUSD,buy,out,0.02,5097.73,5268,-0.07,0.00,-1.14,3 384.26,sl 5097.14
2026.03.09 10:44:22,5254,XAUUSD,sell,in,0.02,5102.84,5269,-0.07,0.00,0.00,3 384.19,
2026.03.09 10:44:41,5255,XAUUSD,buy,out,0.02,5102.33,5270,-0.07,0.00,1.02,3 385.14,sl 5101.89
2026.03.09 11:08:28,5256,XAUUSD,sell,in,0.02,5101.42,5271,-0.07,0.00,0.00,3 385.07,
2026.03.09 11:08:34,5257,XAUUSD,buy,out,0.02,5101.39,5272,-0.07,0.00,0.06,3 385.06,sl 5101.39
2026.03.09 11:32:30,5258,XAUUSD,sell,in,0.02,5089.63,5273,-0.07,0.00,0.00,3 384.99,
2026.03.09 11:32:45,5259,XAUUSD,buy,out,0.02,5089.49,5274,-0.07,0.00,0.28,3 385.20,sl 5089.49
2026.03.09 11:56:29,5260,XAUUSD,sell,in,0.02,5095.16,5275,-0.07,0.00,0.00,3 385.13,
2026.03.09 11:56:41,5261,XAUUSD,buy,out,0.02,5095.25,5276,-0.07,0.00,-0.18,3 384.88,sl 5095.10
2026.03.09 12:45:50,5262,XAUUSD,sell,in,0.02,5099.87,5277,-0.07,0.00,0.00,3 384.81,
2026.03.09 12:46:03,5263,XAUUSD,buy,out,0.02,5099.83,5278,-0.07,0.00,0.08,3 384.82,sl 5099.83
2026.03.09 13:29:47,5264,XAUUSD,sell,in,0.02,5099.89,5279,-0.07,0.00,0.00,3 384.75,
2026.03.09 13:29:58,5265,XAUUSD,buy,out,0.02,5099.78,5280,-0.07,0.00,0.22,3 384.90,sl 5099.77
2026.03.09 13:53:56,5266,XAUUSD,sell,in,0.02,5092.77,5281,-0.07,0.00,0.00,3 384.83,
2026.03.09 13:59:30,5267,XAUUSD,buy,out,0.02,5089.41,5282,-0.07,0.00,6.72,3 391.48,sl 5089.30
2026.03.09 14:18:01,5268,XAUUSD,sell,in,0.02,5091.19,5283,-0.07,0.00,0.00,3 391.41,
2026.03.09 14:18:17,5269,XAUUSD,buy,out,0.02,5090.55,5284,-0.07,0.00,1.28,3 392.62,sl 5090.51
2026.03.09 14:42:06,5270,XAUUSD,sell,in,0.02,5089.45,5285,-0.07,0.00,0.00,3 392.55,
2026.03.09 14:42:58,5271,XAUUSD,buy,out,0.02,5087.46,5286,-0.07,0.00,3.98,3 396.46,sl 5087.35
2026.03.09 15:06:06,5272,XAUUSD,sell,in,0.02,5095.71,5287,-0.07,0.00,0.00,3 396.39,
2026.03.09 15:06:19,5273,XAUUSD,buy,out,0.02,5095.69,5288,-0.07,0.00,0.04,3 396.36,sl 5095.69
2026.03.09 15:51:17,5274,XAUUSD,sell,in,0.02,5098.39,5289,-0.07,0.00,0.00,3 396.29,
2026.03.09 15:51:48,5275,XAUUSD,buy,out,0.02,5097.01,5290,-0.07,0.00,2.76,3 398.98,sl 5096.92
2026.03.09 16:15:18,5276,XAUUSD,sell,in,0.02,5093.26,5291,-0.07,0.00,0.00,3 398.91,
2026.03.09 16:16:14,5277,XAUUSD,buy,out,0.02,5092.91,5292,-0.07,0.00,0.70,3 399.54,sl 5092.91
2026.03.09 16:40:26,5278,XAUUSD,sell,in,0.02,5095.11,5293,-0.07,0.00,0.00,3 399.47,
2026.03.09 16:40:29,5279,XAUUSD,buy,out,0.02,5095.02,5294,-0.07,0.00,0.18,3 399.58,sl 5095.01
2026.03.09 17:04:27,5280,XAUUSD,sell,in,0.02,5087.82,5295,-0.07,0.00,0.00,3 399.51,
2026.03.09 17:04:40,5281,XAUUSD,buy,out,0.02,5087.79,5296,-0.07,0.00,0.06,3 399.50,sl 5087.78
2026.03.09 17:28:38,5282,XAUUSD,sell,in,0.02,5081.05,5297,-0.07,0.00,0.00,3 399.43,
2026.03.09 18:09:43,5283,XAUUSD,buy,out,0.02,5080.96,5298,-0.07,0.00,0.18,3 399.54,sl 5080.96
2026.03.09 18:09:48,5284,XAUUSD,sell,in,0.02,5081.16,5299,-0.07,0.00,0.00,3 399.47,
2026.03.09 18:10:48,5285,XAUUSD,buy,out,0.02,5081.16,5300,-0.07,0.00,0.00,3 399.40,sl 5081.14
2026.03.09 18:39:51,5286,XAUUSD,sell,in,0.02,5093.98,5301,-0.07,0.00,0.00,3 399.33,
2026.03.09 20:17:54,5287,XAUUSD,buy,in,0.02,5100.26,5302,-0.07,0.00,0.00,3 399.26,
2026.03.09 20:18:32,5288,XAUUSD,sell,out,0.02,5101.68,5303,-0.07,0.00,2.84,3 402.03,sl 5101.74
2026.03.09 20:22:26,5289,XAUUSD,buy,out,0.02,5092.72,5304,-0.07,0.00,2.52,3 404.48,sl 5092.72
2026.03.10 01:59:02,5290,XAUUSD,buy,in,0.02,5149.86,5305,-0.07,0.00,0.00,3 404.41,
2026.03.10 01:59:11,5291,XAUUSD,sell,out,0.02,5149.80,5306,-0.07,0.00,-0.12,3 404.22,sl 5149.88
2026.03.10 02:26:38,5292,XAUUSD,buy,in,0.02,5149.68,5307,-0.07,0.00,0.00,3 404.15,
2026.03.10 04:04:41,5293,XAUUSD,sell,in,0.02,5144.17,5308,-0.07,0.00,0.00,3 404.08,
2026.03.10 04:05:23,5294,XAUUSD,sell,out,0.02,5149.74,5309,-0.07,0.00,0.12,3 404.13,sl 5149.89
2026.03.10 04:08:13,5295,XAUUSD,buy,out,0.02,5142.27,5310,-0.07,0.00,3.80,3 407.86,sl 5142.21
2026.03.12 01:56:33,5296,XAUUSD,sell,in,0.02,5135.46,5311,-0.07,0.00,0.00,3 407.79,
2026.03.12 01:57:14,5297,XAUUSD,buy,out,0.02,5133.96,5312,-0.07,0.00,3.00,3 410.72,sl 5133.89
2026.03.12 02:45:52,5298,XAUUSD,sell,in,0.02,5142.09,5313,-0.07,0.00,0.00,3 410.65,
2026.03.12 02:46:53,5299,XAUUSD,buy,out,0.02,5142.04,5314,-0.07,0.00,0.10,3 410.68,sl 5142.04
2026.03.12 03:09:54,5300,XAUUSD,sell,in,0.02,5136.80,5315,-0.07,0.00,0.00,3 410.61,
2026.03.12 04:44:29,5301,XAUUSD,buy,out,0.02,5169.95,5316,-0.07,0.00,-66.30,3 344.24,
2026.03.12 08:25:22,5302,XAUUSD,sell,in,0.02,5138.94,5317,-0.07,0.00,0.00,3 344.17,
2026.03.12 08:25:40,5303,XAUUSD,buy,out,0.02,5138.94,5318,-0.07,0.00,0.00,3 344.10,sl 5138.92
2026.03.12 17:38:06,5304,XAUUSD,sell,in,0.02,5140.21,5319,-0.07,0.00,0.00,3 344.03,
2026.03.12 17:49:15,5305,XAUUSD,buy,out,0.02,5139.75,5320,-0.07,0.00,0.92,3 344.88,sl 5139.71
2026.03.12 18:02:10,5306,XAUUSD,sell,in,0.02,5139.66,5321,-0.07,0.00,0.00,3 344.81,
2026.03.12 18:02:34,5307,XAUUSD,buy,out,0.02,5139.27,5322,-0.07,0.00,0.78,3 345.52,sl 5139.21
2026.03.12 18:26:15,5308,XAUUSD,sell,in,0.02,5130.08,5323,-0.07,0.00,0.00,3 345.45,
2026.03.12 18:26:38,5309,XAUUSD,buy,out,0.02,5129.53,5324,-0.07,0.00,1.10,3 346.48,sl 5129.53
2026.03.12 18:50:16,5310,XAUUSD,sell,in,0.02,5129.58,5325,-0.07,0.00,0.00,3 346.41,
2026.03.12 18:50:23,5311,XAUUSD,buy,out,0.02,5129.53,5326,-0.07,0.00,0.10,3 346.44,sl 5129.53
2026.03.12 19:14:29,5312,XAUUSD,sell,in,0.02,5128.51,5327,-0.07,0.00,0.00,3 346.37,
2026.03.12 19:14:56,5313,XAUUSD,buy,out,0.02,5128.56,5328,-0.07,0.00,-0.10,3 346.20,sl 5128.49
2026.03.12 19:38:34,5314,XAUUSD,sell,in,0.02,5129.36,5329,-0.07,0.00,0.00,3 346.13,
2026.03.12 19:53:40,5315,XAUUSD,buy,out,0.02,5127.28,5330,-0.07,0.00,4.16,3 350.22,sl 5127.24
2026.03.12 20:02:42,5316,XAUUSD,sell,in,0.02,5123.82,5331,-0.07,0.00,0.00,3 350.15,
2026.03.12 20:02:59,5317,XAUUSD,buy,out,0.02,5123.83,5332,-0.07,0.00,-0.02,3 350.06,sl 5123.81
2026.03.12 20:26:44,5318,XAUUSD,sell,in,0.02,5120.33,5333,-0.07,0.00,0.00,3 349.99,
2026.03.12 20:26:55,5319,XAUUSD,buy,out,0.02,5120.31,5334,-0.07,0.00,0.04,3 349.96,sl 5120.31
2026.03.12 20:50:49,5320,XAUUSD,sell,in,0.02,5108.64,5335,-0.07,0.00,0.00,3 349.89,
2026.03.12 20:51:33,5321,XAUUSD,buy,out,0.02,5108.60,5336,-0.07,0.00,0.08,3 349.90,sl 5108.60
2026.03.12 21:14:50,5322,XAUUSD,sell,in,0.02,5106.47,5337,-0.07,0.00,0.00,3 349.83,
2026.03.12 21:20:39,5323,XAUUSD,buy,out,0.02,5106.35,5338,-0.07,0.00,0.24,3 350.00,sl 5106.19
2026.03.12 21:38:52,5324,XAUUSD,sell,in,0.02,5099.90,5339,-0.07,0.00,0.00,3 349.93,
2026.03.12 21:41:45,5325,XAUUSD,buy,out,0.02,5099.64,5340,-0.07,0.00,0.52,3 350.38,sl 5099.64
2026.03.12 22:02:53,5326,XAUUSD,sell,in,0.02,5086.04,5341,-0.07,0.00,0.00,3 350.31,
2026.03.12 22:02:56,5327,XAUUSD,buy,out,0.02,5086.04,5342,-0.07,0.00,0.00,3 350.24,sl 5085.99
2026.03.12 22:26:55,5328,XAUUSD,sell,in,0.02,5089.34,5343,-0.07,0.00,0.00,3 350.17,
2026.03.12 22:57:06,5329,XAUUSD,buy,out,0.02,5088.27,5344,-0.07,0.00,2.14,3 352.24,sl 5088.26
2026.03.12 22:57:07,5330,XAUUSD,sell,in,0.02,5087.88,5345,-0.07,0.00,0.00,3 352.17,
2026.03.12 22:59:08,5331,XAUUSD,buy,out,0.02,5082.57,5346,-0.07,0.00,10.62,3 362.72,sl 5082.55
2026.03.12 23:21:12,5332,XAUUSD,sell,in,0.02,5080.48,5347,-0.07,0.00,0.00,3 362.65,
2026.03.12 23:21:43,5333,XAUUSD,buy,out,0.02,5080.47,5348,-0.07,0.00,0.02,3 362.60,sl 5080.46
2026.03.12 23:45:15,5334,XAUUSD,sell,in,0.02,5073.39,5349,-0.07,0.00,0.00,3 362.53,
2026.03.13 01:23:17,5335,XAUUSD,buy,in,0.02,5089.88,5350,-0.07,0.00,0.00,3 362.46,
2026.03.13 01:23:35,5336,XAUUSD,sell,out,0.02,5092.93,5351,-0.07,0.00,6.10,3 368.49,sl 5093.32
2026.03.13 10:22:08,5337,XAUUSD,buy,out,0.02,5073.43,5352,-0.07,0.81,-0.08,3 369.15,sl 5073.37
2026.03.25 02:16:54,5338,XAUUSD,buy,in,0.02,4497.46,5353,-0.07,0.00,0.00,3 369.08,
2026.03.25 02:17:07,5339,XAUUSD,sell,out,0.02,4497.47,5354,-0.07,0.00,0.02,3 369.03,sl 4497.48
2026.03.25 02:40:56,5340,XAUUSD,buy,in,0.02,4537.91,5355,-0.07,0.00,0.00,3 368.96,
2026.03.25 02:43:27,5341,XAUUSD,sell,out,0.02,4539.34,5356,-0.07,0.00,2.86,3 371.75,sl 4539.56
2026.03.25 03:04:56,5342,XAUUSD,buy,in,0.02,4553.37,5357,-0.07,0.00,0.00,3 371.68,
2026.03.25 03:05:10,5343,XAUUSD,sell,out,0.02,4553.41,5358,-0.07,0.00,0.08,3 371.69,sl 4553.42
2026.03.25 03:29:04,5344,XAUUSD,buy,in,0.02,4553.41,5359,-0.07,0.00,0.00,3 371.62,
2026.03.25 03:29:37,5345,XAUUSD,sell,out,0.02,4555.47,5360,-0.07,0.00,4.12,3 375.67,sl 4555.48
2026.03.25 03:53:05,5346,XAUUSD,buy,in,0.02,4564.64,5361,-0.07,0.00,0.00,3 375.60,
2026.03.25 03:53:25,5347,XAUUSD,sell,out,0.02,4565.96,5362,-0.07,0.00,2.64,3 378.17,sl 4565.99
2026.03.25 04:17:10,5348,XAUUSD,buy,in,0.02,4571.40,5363,-0.07,0.00,0.00,3 378.10,
2026.03.25 04:18:08,5349,XAUUSD,sell,out,0.02,4571.68,5364,-0.07,0.00,0.56,3 378.59,sl 4571.77
2026.03.25 04:41:13,5350,XAUUSD,buy,in,0.02,4588.10,5365,-0.07,0.00,0.00,3 378.52,
2026.03.25 04:41:51,5351,XAUUSD,sell,out,0.02,4588.02,5366,-0.07,0.00,-0.16,3 378.29,sl 4588.13
2026.03.25 05:05:16,5352,XAUUSD,buy,in,0.02,4588.91,5367,-0.07,0.00,0.00,3 378.22,
2026.03.25 05:05:27,5353,XAUUSD,sell,out,0.02,4588.94,5368,-0.07,0.00,0.06,3 378.21,sl 4589.02
2026.03.25 05:29:17,5354,XAUUSD,buy,in,0.02,4588.43,5369,-0.07,0.00,0.00,3 378.14,
2026.03.25 05:36:19,5355,XAUUSD,sell,out,0.02,4588.84,5370,-0.07,0.00,0.82,3 378.89,sl 4589.04
2026.03.25 05:53:16,5356,XAUUSD,buy,in,0.02,4590.37,5371,-0.07,0.00,0.00,3 378.82,
2026.03.25 07:31:23,5357,XAUUSD,sell,in,0.02,4573.94,5372,-0.07,0.00,0.00,3 378.75,
2026.03.25 07:33:29,5358,XAUUSD,buy,out,0.02,4572.64,5373,-0.07,0.00,2.60,3 381.28,sl 4572.62
2026.03.25 22:09:21,5359,XAUUSD,sell,out,0.02,4513.94,5374,-0.07,0.00,-152.86,3 228.35,
2026.03.25 23:01:33,5360,XAUUSD,buy,in,0.02,4539.53,5375,-0.07,0.00,0.00,3 228.28,
2026.03.25 23:02:00,5361,XAUUSD,sell,out,0.02,4539.39,5376,-0.07,0.00,-0.28,3 227.93,sl 4539.71
2026.03.26 03:50:53,5362,XAUUSD,buy,in,0.02,4538.83,5377,-0.07,0.00,0.00,3 227.86,
2026.03.26 04:00:19,5363,XAUUSD,sell,out,0.02,4539.20,5378,-0.07,0.00,0.74,3 228.53,sl 4539.27
2026.03.26 08:30:10,5364,XAUUSD,sell,in,0.02,4481.74,5379,-0.07,0.00,0.00,3 228.46,
2026.03.26 08:45:46,5365,XAUUSD,buy,out,0.02,4478.39,5380,-0.07,0.00,6.70,3 235.09,sl 4478.38
2026.03.26 08:54:11,5366,XAUUSD,sell,in,0.02,4465.24,5381,-0.07,0.00,0.00,3 235.02,
2026.03.26 08:54:47,5367,XAUUSD,buy,out,0.02,4464.26,5382,-0.07,0.00,1.96,3 236.91,sl 4464.14
2026.03.26 09:18:13,5368,XAUUSD,sell,in,0.02,4432.30,5383,-0.07,0.00,0.00,3 236.84,
2026.03.26 09:18:17,5369,XAUUSD,buy,out,0.02,4432.23,5384,-0.07,0.00,0.14,3 236.91,sl 4432.22
2026.03.26 09:42:15,5370,XAUUSD,sell,in,0.02,4441.66,5385,-0.07,0.00,0.00,3 236.84,
2026.03.26 09:42:41,5371,XAUUSD,buy,out,0.02,4441.13,5386,-0.07,0.00,1.06,3 237.83,sl 4441.09
2026.03.26 10:06:20,5372,XAUUSD,sell,in,0.02,4446.70,5387,-0.07,0.00,0.00,3 237.76,
2026.03.26 10:06:47,5373,XAUUSD,buy,out,0.02,4446.68,5388,-0.07,0.00,0.04,3 237.73,sl 4446.64
2026.03.26 10:30:22,5374,XAUUSD,sell,in,0.02,4452.40,5389,-0.07,0.00,0.00,3 237.66,
2026.03.26 10:32:18,5375,XAUUSD,buy,out,0.02,4450.32,5390,-0.07,0.00,4.16,3 241.75,sl 4449.96
2026.03.26 10:54:28,5376,XAUUSD,sell,in,0.02,4453.62,5391,-0.07,0.00,0.00,3 241.68,
2026.03.26 10:54:42,5377,XAUUSD,buy,out,0.02,4453.68,5392,-0.07,0.00,-0.12,3 241.49,sl 4453.57
2026.03.26 11:18:45,5378,XAUUSD,sell,in,0.02,4441.82,5393,-0.07,0.00,0.00,3 241.42,
2026.03.26 11:19:03,5379,XAUUSD,buy,out,0.02,4438.89,5394,-0.07,0.00,5.86,3 247.21,sl 4438.75
2026.03.26 11:42:52,5380,XAUUSD,sell,in,0.02,4434.31,5395,-0.07,0.00,0.00,3 247.14,
2026.03.26 11:43:45,5381,XAUUSD,buy,out,0.02,4419.11,5396,-0.07,0.00,30.40,3 277.47,sl 4419.07
2026.03.26 12:06:59,5382,XAUUSD,sell,in,0.02,4432.02,5397,-0.07,0.00,0.00,3 277.40,
2026.03.26 12:07:16,5383,XAUUSD,buy,out,0.02,4432.05,5398,-0.07,0.00,-0.06,3 277.27,sl 4431.88
2026.03.26 12:31:00,5384,XAUUSD,sell,in,0.02,4420.96,5399,-0.07,0.00,0.00,3 277.20,
2026.03.26 12:31:47,5385,XAUUSD,buy,out,0.02,4417.83,5400,-0.07,0.00,6.26,3 283.39,sl 4416.89
2026.03.26 12:55:00,5386,XAUUSD,sell,in,0.02,4425.49,5401,-0.07,0.00,0.00,3 283.32,
2026.03.26 12:55:18,5387,XAUUSD,buy,out,0.02,4424.89,5402,-0.07,0.00,1.20,3 284.45,sl 4424.55
2026.03.26 13:19:06,5388,XAUUSD,sell,in,0.02,4432.26,5403,-0.07,0.00,0.00,3 284.38,
2026.03.26 13:39:53,5389,XAUUSD,buy,out,0.02,4432.07,5404,-0.07,0.00,0.38,3 284.69,sl 4431.89
2026.03.26 13:43:12,5390,XAUUSD,sell,in,0.02,4430.40,5405,-0.07,0.00,0.00,3 284.62,
2026.03.26 13:43:25,5391,XAUUSD,buy,out,0.02,4430.69,5406,-0.07,0.00,-0.58,3 283.97,sl 4430.27
2026.03.26 14:07:13,5392,XAUUSD,sell,in,0.02,4442.19,5407,-0.07,0.00,0.00,3 283.90,
2026.03.26 14:11:26,5393,XAUUSD,buy,out,0.02,4441.06,5408,-0.07,0.00,2.26,3 286.09,sl 4441.02
2026.03.26 14:31:26,5394,XAUUSD,sell,in,0.02,4443.63,5409,-0.07,0.00,0.00,3 286.02,
2026.03.26 14:31:39,5395,XAUUSD,buy,out,0.02,4443.28,5410,-0.07,0.00,0.70,3 286.65,sl 4443.21
2026.03.26 14:55:26,5396,XAUUSD,sell,in,0.02,4430.34,5411,-0.07,0.00,0.00,3 286.58,
2026.03.26 14:55:50,5397,XAUUSD,buy,out,0.02,4428.69,5412,-0.07,0.00,3.30,3 289.81,sl 4428.15
2026.03.26 15:19:26,5398,XAUUSD,sell,in,0.02,4435.19,5413,-0.07,0.00,0.00,3 289.74,
2026.03.26 15:19:31,5399,XAUUSD,buy,out,0.02,4435.24,5414,-0.07,0.00,-0.10,3 289.57,sl 4435.05
2026.03.26 15:43:26,5400,XAUUSD,sell,in,0.02,4440.59,5415,-0.07,0.00,0.00,3 289.50,
2026.03.26 15:43:52,5401,XAUUSD,buy,out,0.02,4440.36,5416,-0.07,0.00,0.46,3 289.89,sl 4439.88
2026.03.26 16:07:29,5402,XAUUSD,sell,in,0.02,4440.65,5417,-0.07,0.00,0.00,3 289.82,
2026.03.26 16:07:39,5403,XAUUSD,buy,out,0.02,4439.88,5418,-0.07,0.00,1.54,3 291.29,sl 4439.71
2026.03.26 16:31:32,5404,XAUUSD,sell,in,0.02,4446.58,5419,-0.07,0.00,0.00,3 291.22,
2026.03.26 16:31:37,5405,XAUUSD,buy,out,0.02,4446.80,5420,-0.07,0.00,-0.44,3 290.71,sl 4446.50
2026.03.26 16:55:38,5406,XAUUSD,sell,in,0.02,4455.14,5421,-0.07,0.00,0.00,3 290.64,
2026.03.26 16:55:45,5407,XAUUSD,buy,out,0.02,4455.01,5422,-0.07,0.00,0.26,3 290.83,sl 4454.98
2026.03.26 17:19:45,5408,XAUUSD,sell,in,0.02,4456.94,5423,-0.07,0.00,0.00,3 290.76,
2026.03.26 17:20:10,5409,XAUUSD,buy,out,0.02,4454.38,5424,-0.07,0.00,5.12,3 295.81,sl 4454.29
2026.03.26 17:43:49,5410,XAUUSD,sell,in,0.02,4463.28,5425,-0.07,0.00,0.00,3 295.74,
2026.03.26 17:44:03,5411,XAUUSD,buy,out,0.02,4463.14,5426,-0.07,0.00,0.28,3 295.95,sl 4463.08
2026.03.26 18:07:48,5412,XAUUSD,sell,in,0.02,4455.26,5427,-0.07,0.00,0.00,3 295.88,
2026.03.26 18:08:03,5413,XAUUSD,buy,out,0.02,4452.78,5428,-0.07,0.00,4.96,3 300.77,sl 4452.78
2026.03.26 18:31:49,5414,XAUUSD,sell,in,0.02,4443.44,5429,-0.07,0.00,0.00,3 300.70,
2026.03.26 18:32:01,5415,XAUUSD,buy,out,0.02,4444.22,5430,-0.07,0.00,-1.56,3 299.07,sl 4443.04
2026.03.26 18:55:56,5416,XAUUSD,sell,in,0.02,4444.41,5431,-0.07,0.00,0.00,3 299.00,
2026.03.26 18:56:31,5417,XAUUSD,buy,out,0.02,4443.57,5432,-0.07,0.00,1.68,3 300.61,sl 4443.41
2026.03.26 19:20:00,5418,XAUUSD,sell,in,0.02,4426.64,5433,-0.07,0.00,0.00,3 300.54,
2026.03.26 19:20:03,5419,XAUUSD,buy,out,0.02,4427.39,5434,-0.07,0.00,-1.50,3 298.97,sl 4426.63
2026.03.26 19:44:05,5420,XAUUSD,sell,in,0.02,4376.94,5435,-0.07,0.00,0.00,3 298.90,
2026.03.26 21:21:03,5421,XAUUSD,buy,out,0.02,4369.33,5436,-0.07,0.00,15.22,3 314.05,sl 4368.45
2026.03.26 21:21:14,5422,XAUUSD,sell,in,0.02,4373.56,5437,-0.07,0.00,0.00,3 313.98,
2026.03.26 21:27:11,5423,XAUUSD,buy,out,0.02,4373.40,5438,-0.07,0.00,0.32,3 314.23,sl 4373.34
2026.03.26 21:45:15,5424,XAUUSD,sell,in,0.02,4392.50,5439,-0.07,0.00,0.00,3 314.16,
2026.03.26 21:45:31,5425,XAUUSD,buy,out,0.02,4392.35,5440,-0.07,0.00,0.30,3 314.39,sl 4392.35
2026.03.26 22:09:18,5426,XAUUSD,sell,in,0.02,4386.60,5441,-0.07,0.00,0.00,3 314.32,
2026.03.26 22:10:06,5427,XAUUSD,buy,out,0.02,4385.43,5442,-0.07,0.00,2.34,3 316.59,sl 4385.42
2026.03.26 22:33:24,5428,XAUUSD,sell,in,0.02,4376.29,5443,-0.07,0.00,0.00,3 316.52,
2026.03.26 22:33:39,5429,XAUUSD,buy,out,0.02,4376.66,5444,-0.07,0.00,-0.74,3 315.71,sl 4376.23
2026.03.26 22:57:30,5430,XAUUSD,sell,in,0.02,4364.86,5445,-0.07,0.00,0.00,3 315.64,
2026.03.26 22:58:41,5431,XAUUSD,buy,out,0.02,4360.99,5446,-0.07,0.00,7.74,3 323.31,sl 4360.75
2026.03.26 23:21:44,5432,XAUUSD,sell,in,0.02,4405.83,5447,-0.07,0.00,0.00,3 323.24,
2026.03.26 23:24:22,5433,XAUUSD,buy,out,0.02,4405.54,5448,-0.07,0.00,0.58,3 323.75,sl 4405.49
2026.03.26 23:45:44,5434,XAUUSD,sell,in,0.02,4407.16,5449,-0.07,0.00,0.00,3 323.68,
2026.03.26 23:46:17,5435,XAUUSD,buy,out,0.02,4407.04,5450,-0.07,0.00,0.24,3 323.85,sl 4406.87
2026.03.27 01:02:07,5436,XAUUSD,sell,in,0.02,4381.69,5451,-0.07,0.00,0.00,3 323.78,
2026.03.27 01:02:28,5437,XAUUSD,buy,out,0.02,4381.90,5452,-0.07,0.00,-0.42,3 323.29,sl 4381.61
2026.03.27 01:26:07,5438,XAUUSD,sell,in,0.02,4399.95,5453,-0.07,0.00,0.00,3 323.22,
2026.03.27 01:26:43,5439,XAUUSD,buy,out,0.02,4398.43,5454,-0.07,0.00,3.04,3 326.19,sl 4397.48
2026.03.27 01:50:10,5440,XAUUSD,sell,in,0.02,4408.36,5455,-0.07,0.00,0.00,3 326.12,
2026.03.27 01:54:45,5441,XAUUSD,buy,out,0.02,4407.54,5456,-0.07,0.00,1.64,3 327.69,sl 4407.52
2026.03.27 11:25:27,5442,XAUUSD,sell,in,0.02,4435.30,5457,-0.07,0.00,0.00,3 327.62,
2026.03.27 11:26:03,5443,XAUUSD,buy,out,0.02,4435.17,5458,-0.07,0.00,0.26,3 327.81,sl 4435.14
2026.03.27 11:49:44,5444,XAUUSD,sell,in,0.02,4434.79,5459,-0.07,0.00,0.00,3 327.74,
2026.03.27 11:50:24,5445,XAUUSD,buy,out,0.02,4434.82,5460,-0.07,0.00,-0.06,3 327.61,sl 4434.65
2026.03.27 12:13:51,5446,XAUUSD,sell,in,0.02,4430.70,5461,-0.07,0.00,0.00,3 327.54,
2026.03.27 12:14:43,5447,XAUUSD,buy,out,0.02,4428.57,5462,-0.07,0.00,4.26,3 331.73,sl 4428.45
2026.03.27 12:37:55,5448,XAUUSD,sell,in,0.02,4433.68,5463,-0.07,0.00,0.00,3 331.66,
2026.03.27 12:38:17,5449,XAUUSD,buy,out,0.02,4433.75,5464,-0.07,0.00,-0.14,3 331.45,sl 4433.67
2026.03.27 13:01:55,5450,XAUUSD,sell,in,0.02,4427.01,5465,-0.07,0.00,0.00,3 331.38,
2026.03.27 13:10:50,5451,XAUUSD,buy,out,0.02,4427.03,5466,-0.07,0.00,-0.04,3 331.27,sl 4426.89
2026.03.27 13:26:02,5452,XAUUSD,sell,in,0.02,4427.48,5467,-0.07,0.00,0.00,3 331.20,
2026.03.27 13:30:28,5453,XAUUSD,buy,out,0.02,4427.79,5468,-0.07,0.00,-0.62,3 330.51,sl 4427.21
2026.03.27 13:50:04,5454,XAUUSD,sell,in,0.02,4415.40,5469,-0.07,0.00,0.00,3 330.44,
2026.03.27 13:50:54,5455,XAUUSD,buy,out,0.02,4415.26,5470,-0.07,0.00,0.28,3 330.65,sl 4415.24
2026.03.27 14:14:05,5456,XAUUSD,sell,in,0.02,4412.26,5471,-0.07,0.00,0.00,3 330.58,
2026.03.27 14:18:45,5457,XAUUSD,buy,out,0.02,4410.43,5472,-0.07,0.00,3.66,3 334.17,sl 4410.37
2026.03.27 14:38:05,5458,XAUUSD,sell,in,0.02,4415.87,5473,-0.07,0.00,0.00,3 334.10,
2026.03.27 14:40:25,5459,XAUUSD,buy,out,0.02,4415.94,5474,-0.07,0.00,-0.14,3 333.89,sl 4415.85
2026.03.27 15:02:05,5460,XAUUSD,sell,in,0.02,4420.70,5475,-0.07,0.00,0.00,3 333.82,
2026.03.27 15:06:14,5461,XAUUSD,buy,out,0.02,4419.02,5476,-0.07,0.00,3.36,3 337.11,sl 4418.56
2026.03.27 15:26:08,5462,XAUUSD,sell,in,0.02,4426.43,5477,-0.07,0.00,0.00,3 337.04,
2026.03.27 15:26:33,5463,XAUUSD,buy,out,0.02,4425.99,5478,-0.07,0.00,0.88,3 337.85,sl 4425.97
2026.03.27 16:09:20,5464,XAUUSD,sell,in,0.02,4429.82,5479,-0.07,0.00,0.00,3 337.78,
2026.03.27 16:09:51,5465,XAUUSD,buy,out,0.02,4429.78,5480,-0.07,0.00,0.08,3 337.79,sl 4429.76
2026.03.27 16:33:23,5466,XAUUSD,sell,in,0.02,4414.70,5481,-0.07,0.00,0.00,3 337.72,
2026.03.27 16:33:30,5467,XAUUSD,buy,out,0.02,4415.16,5482,-0.07,0.00,-0.92,3 336.73,sl 4414.65
2026.03.27 16:57:30,5468,XAUUSD,sell,in,0.02,4423.03,5483,-0.07,0.00,0.00,3 336.66,
2026.03.27 17:04:00,5469,XAUUSD,buy,out,0.02,4457.69,5484,-0.07,0.00,-69.32,3 267.27,
2026.03.27 17:51:19,5470,XAUUSD,buy,in,0.02,4488.02,5485,-0.07,0.00,0.00,3 267.20,
2026.03.27 17:51:36,5471,XAUUSD,sell,out,0.02,4493.12,5486,-0.07,0.00,10.20,3 277.33,sl 4493.17
2026.03.27 18:15:24,5472,XAUUSD,buy,in,0.02,4528.56,5487,-0.07,0.00,0.00,3 277.26,
2026.03.27 18:17:35,5473,XAUUSD,sell,out,0.02,4528.72,5488,-0.07,0.00,0.32,3 277.51,sl 4528.81
2026.03.27 18:39:29,5474,XAUUSD,buy,in,0.02,4535.95,5489,-0.07,0.00,0.00,3 277.44,
2026.03.27 20:17:34,5475,XAUUSD,sell,in,0.02,4503.34,5490,-0.07,0.00,0.00,3 277.37,
2026.03.27 20:17:56,5476,XAUUSD,buy,out,0.02,4502.75,5491,-0.07,0.00,1.18,3 278.48,sl 4502.53
2026.03.30 01:02:33,5477,XAUUSD,sell,out,0.02,4496.19,5492,-0.07,-1.14,-79.52,3 197.75,
2026.03.30 03:00:12,5478,XAUUSD,sell,in,0.02,4434.96,5493,-0.07,0.00,0.00,3 197.68,
2026.03.30 03:02:24,5479,XAUUSD,buy,out,0.02,4434.96,5494,-0.07,0.00,0.00,3 197.61,sl 4434.95
2026.03.30 03:40:21,5480,XAUUSD,sell,in,0.02,4440.25,5495,-0.07,0.00,0.00,3 197.54,
2026.03.30 03:40:27,5481,XAUUSD,buy,out,0.02,4439.28,5496,-0.07,0.00,1.94,3 199.41,sl 4439.24
2026.03.30 05:44:08,5482,XAUUSD,buy,in,0.02,4497.82,5497,-0.07,0.00,0.00,3 199.34,
2026.03.30 06:06:39,5483,XAUUSD,sell,out,0.02,4497.56,5498,-0.07,0.00,-0.52,3 198.75,sl 4498.38
2026.03.30 06:08:08,5484,XAUUSD,buy,in,0.02,4503.14,5499,-0.07,0.00,0.00,3 198.68,
2026.03.30 06:08:51,5485,XAUUSD,sell,out,0.02,4506.04,5500,-0.07,0.00,5.80,3 204.41,sl 4506.13
2026.03.30 06:32:21,5486,XAUUSD,buy,in,0.02,4506.20,5501,-0.07,0.00,0.00,3 204.34,
2026.03.30 06:48:59,5487,XAUUSD,sell,out,0.02,4505.52,5502,-0.07,0.00,-1.36,3 202.91,sl 4506.93
2026.03.30 06:56:27,5488,XAUUSD,buy,in,0.02,4499.91,5503,-0.07,0.00,0.00,3 202.84,
2026.03.30 06:56:41,5489,XAUUSD,sell,out,0.02,4499.96,5504,-0.07,0.00,0.10,3 202.87,sl 4499.96
2026.03.30 07:56:32,5490,XAUUSD,buy,in,0.02,4496.15,5505,-0.07,0.00,0.00,3 202.80,
2026.03.30 07:57:54,5491,XAUUSD,sell,out,0.02,4497.94,5506,-0.07,0.00,3.58,3 206.31,sl 4498.23
2026.03.30 08:20:36,5492,XAUUSD,buy,in,0.02,4512.54,5507,-0.07,0.00,0.00,3 206.24,
2026.03.30 08:21:44,5493,XAUUSD,sell,out,0.02,4514.03,5508,-0.07,0.00,2.98,3 209.15,sl 4514.03
2026.03.30 08:44:49,5494,XAUUSD,buy,in,0.02,4509.80,5509,-0.07,0.00,0.00,3 209.08,
2026.03.30 08:45:39,5495,XAUUSD,sell,out,0.02,4513.70,5510,-0.07,0.00,7.80,3 216.81,sl 4513.71
2026.03.30 09:08:54,5496,XAUUSD,buy,in,0.02,4529.74,5511,-0.07,0.00,0.00,3 216.74,
2026.03.30 09:09:21,5497,XAUUSD,sell,out,0.02,4532.69,5512,-0.07,0.00,5.90,3 222.57,sl 4532.91
2026.03.30 09:32:57,5498,XAUUSD,buy,in,0.02,4528.96,5513,-0.07,0.00,0.00,3 222.50,
2026.03.30 09:33:44,5499,XAUUSD,sell,out,0.02,4532.39,5514,-0.07,0.00,6.86,3 229.29,sl 4532.79
2026.03.30 09:56:58,5500,XAUUSD,buy,in,0.02,4536.18,5515,-0.07,0.00,0.00,3 229.22,
2026.03.30 11:10:44,5501,XAUUSD,sell,out,0.02,4536.08,5516,-0.07,0.00,-0.20,3 228.95,sl 4536.41
2026.03.30 11:10:47,5502,XAUUSD,buy,in,0.02,4535.97,5517,-0.07,0.00,0.00,3 228.88,
2026.03.30 11:31:50,5503,XAUUSD,sell,out,0.02,4535.92,5518,-0.07,0.00,-0.10,3 228.71,sl 4536.03
2026.03.30 11:35:02,5504,XAUUSD,buy,in,0.02,4533.01,5519,-0.07,0.00,0.00,3 228.64,
2026.03.30 11:37:00,5505,XAUUSD,sell,out,0.02,4533.59,5520,-0.07,0.00,1.16,3 229.73,sl 4533.74
2026.03.30 11:59:09,5506,XAUUSD,buy,in,0.02,4540.28,5521,-0.07,0.00,0.00,3 229.66,
2026.03.30 13:37:16,5507,XAUUSD,sell,in,0.02,4532.50,5522,-0.07,0.00,0.00,3 229.59,
2026.03.30 13:38:03,5508,XAUUSD,buy,out,0.02,4531.84,5523,-0.07,0.00,1.32,3 230.84,sl 4531.84
2026.03.30 14:16:35,5509,XAUUSD,sell,out,0.02,4540.24,5524,-0.07,0.00,-0.08,3 230.69,sl 4540.42
2026.03.31 03:02:38,5510,XAUUSD,buy,in,0.02,4524.29,5525,-0.07,0.00,0.00,3 230.62,
2026.03.31 03:02:54,5511,XAUUSD,sell,out,0.02,4524.61,5526,-0.07,0.00,0.64,3 231.19,sl 4524.63
2026.03.31 03:36:38,5512,XAUUSD,buy,in,0.02,4522.86,5527,-0.07,0.00,0.00,3 231.12,
2026.03.31 03:37:13,5513,XAUUSD,sell,out,0.02,4522.26,5528,-0.07,0.00,-1.20,3 229.85,sl 4523.17
2026.03.31 04:00:43,5514,XAUUSD,buy,in,0.02,4548.14,5529,-0.07,0.00,0.00,3 229.78,
2026.03.31 04:00:52,5515,XAUUSD,sell,out,0.02,4548.09,5530,-0.07,0.00,-0.10,3 229.61,sl 4548.27
2026.03.31 04:24:45,5516,XAUUSD,buy,in,0.02,4577.89,5531,-0.07,0.00,0.00,3 229.54,
2026.03.31 04:25:03,5517,XAUUSD,sell,out,0.02,4583.98,5532,-0.07,0.00,12.18,3 241.65,sl 4584.17
2026.03.31 04:48:44,5518,XAUUSD,buy,in,0.02,4606.55,5533,-0.07,0.00,0.00,3 241.58,
2026.03.31 04:49:08,5519,XAUUSD,sell,out,0.02,4611.69,5534,-0.07,0.00,10.28,3 251.79,sl 4612.02
2026.03.31 05:13:01,5520,XAUUSD,buy,in,0.02,4592.93,5535,-0.07,0.00,0.00,3 251.72,
2026.03.31 05:13:11,5521,XAUUSD,sell,out,0.02,4593.20,5536,-0.07,0.00,0.54,3 252.19,sl 4593.23
2026.03.31 05:37:00,5522,XAUUSD,buy,in,0.02,4581.93,5537,-0.07,0.00,0.00,3 252.12,
2026.03.31 05:37:35,5523,XAUUSD,sell,out,0.02,4583.06,5538,-0.07,0.00,2.26,3 254.31,sl 4583.06
2026.03.31 06:01:02,5524,XAUUSD,buy,in,0.02,4567.03,5539,-0.07,0.00,0.00,3 254.24,
2026.03.31 06:01:32,5525,XAUUSD,sell,out,0.02,4567.46,5540,-0.07,0.00,0.86,3 255.03,sl 4567.58
2026.03.31 06:25:06,5526,XAUUSD,buy,in,0.02,4558.88,5541,-0.07,0.00,0.00,3 254.96,
2026.03.31 06:25:43,5527,XAUUSD,sell,out,0.02,4559.18,5542,-0.07,0.00,0.60,3 255.49,sl 4559.19
2026.03.31 06:49:11,5528,XAUUSD,buy,in,0.02,4553.73,5543,-0.07,0.00,0.00,3 255.42,
2026.03.31 06:50:08,5529,XAUUSD,sell,out,0.02,4553.69,5544,-0.07,0.00,-0.08,3 255.27,sl 4553.93
2026.03.31 07:13:14,5530,XAUUSD,buy,in,0.02,4560.60,5545,-0.07,0.00,0.00,3 255.20,
2026.03.31 07:13:21,5531,XAUUSD,sell,out,0.02,4560.47,5546,-0.07,0.00,-0.26,3 254.87,sl 4560.67
2026.03.31 07:37:15,5532,XAUUSD,buy,in,0.02,4560.42,5547,-0.07,0.00,0.00,3 254.80,
2026.03.31 07:38:25,5533,XAUUSD,sell,out,0.02,4562.86,5548,-0.07,0.00,4.88,3 259.61,sl 4562.87
2026.03.31 08:01:21,5534,XAUUSD,buy,in,0.02,4565.35,5549,-0.07,0.00,0.00,3 259.54,
2026.03.31 08:02:13,5535,XAUUSD,sell,out,0.02,4565.88,5550,-0.07,0.00,1.06,3 260.53,sl 4566.01
2026.03.31 08:25:26,5536,XAUUSD,buy,in,0.02,4565.26,5551,-0.07,0.00,0.00,3 260.46,
2026.03.31 08:26:40,5537,XAUUSD,sell,out,0.02,4566.10,5552,-0.07,0.00,1.68,3 262.07,sl 4566.28
2026.03.31 08:49:31,5538,XAUUSD,buy,in,0.02,4580.48,5553,-0.07,0.00,0.00,3 262.00,
2026.03.31 10:27:39,5539,XAUUSD,sell,in,0.02,4554.30,5554,-0.07,0.00,0.00,3 261.93,
2026.03.31 10:29:49,5540,XAUUSD,buy,out,0.02,4553.98,5555,-0.07,0.00,0.64,3 262.50,sl 4553.82
2026.03.31 14:27:02,5541,XAUUSD,sell,out,0.02,4581.59,5556,-0.07,0.00,2.22,3 264.65,sl 4581.63
2026.04.02 04:36:11,5542,XAUUSD,buy,in,0.02,4685.05,5557,-0.07,0.00,0.00,3 264.58,
2026.04.02 04:36:54,5543,XAUUSD,sell,out,0.02,4689.18,5558,-0.07,0.00,8.26,3 272.77,sl 4689.44
2026.04.02 05:00:12,5544,XAUUSD,buy,in,0.02,4692.38,5559,-0.07,0.00,0.00,3 272.70,
2026.04.02 05:00:19,5545,XAUUSD,sell,out,0.02,4692.16,5560,-0.07,0.00,-0.44,3 272.19,sl 4692.51
2026.04.02 05:24:12,5546,XAUUSD,buy,in,0.02,4695.55,5561,-0.07,0.00,0.00,3 272.12,
2026.04.02 05:24:53,5547,XAUUSD,sell,out,0.02,4697.65,5562,-0.07,0.00,4.20,3 276.25,sl 4698.48
2026.04.02 05:55:35,5548,XAUUSD,buy,in,0.02,4684.09,5563,-0.07,0.00,0.00,3 276.18,
2026.04.02 05:56:13,5549,XAUUSD,sell,out,0.02,4684.85,5564,-0.07,0.00,1.52,3 277.63,sl 4685.03
2026.04.02 06:19:36,5550,XAUUSD,buy,in,0.02,4694.41,5565,-0.07,0.00,0.00,3 277.56,
2026.04.02 06:22:12,5551,XAUUSD,sell,out,0.02,4696.46,5566,-0.07,0.00,4.10,3 281.59,sl 4696.50
2026.04.02 06:43:39,5552,XAUUSD,buy,in,0.02,4689.40,5567,-0.07,0.00,0.00,3 281.52,
2026.04.02 07:47:25,5553,XAUUSD,sell,out,0.02,4658.04,5568,-0.07,0.00,-62.72,3 218.73,
2026.04.02 08:44:20,5554,XAUUSD,sell,in,0.02,4630.19,5569,-0.07,0.00,0.00,3 218.66,
2026.04.02 08:44:23,5555,XAUUSD,buy,out,0.02,4630.00,5570,-0.07,0.00,0.38,3 218.97,sl 4629.94
2026.04.02 09:08:25,5556,XAUUSD,sell,in,0.02,4563.73,5571,-0.07,0.00,0.00,3 218.90,
2026.04.02 09:08:46,5557,XAUUSD,buy,out,0.02,4564.53,5572,-0.07,0.00,-1.60,3 217.23,sl 4563.66
2026.04.02 09:32:39,5558,XAUUSD,sell,in,0.02,4588.98,5573,-0.07,0.00,0.00,3 217.16,
2026.04.02 09:35:54,5559,XAUUSD,buy,out,0.02,4588.84,5574,-0.07,0.00,0.28,3 217.37,sl 4588.80
2026.04.02 09:56:47,5560,XAUUSD,sell,in,0.02,4598.17,5575,-0.07,0.00,0.00,3 217.30,
2026.04.02 09:57:05,5561,XAUUSD,buy,out,0.02,4594.00,5576,-0.07,0.00,8.34,3 225.57,sl 4593.95
2026.04.02 10:20:50,5562,XAUUSD,sell,in,0.02,4626.00,5578,-0.07,0.00,0.00,3 225.50,
2026.04.02 10:22:15,5563,XAUUSD,buy,out,0.02,4621.31,5579,-0.07,0.00,9.38,3 234.81,sl 4621.26
2026.04.02 11:45:44,5564,XAUUSD,sell,in,0.02,4625.88,5580,-0.07,0.00,0.00,3 234.74,
2026.04.02 11:51:06,5565,XAUUSD,buy,out,0.02,4626.51,5581,-0.07,0.00,-1.26,3 233.41,sl 4625.79
2026.04.02 12:09:47,5566,XAUUSD,sell,in,0.02,4617.25,5582,-0.07,0.00,0.00,3 233.34,
2026.04.02 12:10:22,5567,XAUUSD,buy,out,0.02,4616.20,5583,-0.07,0.00,2.10,3 235.37,sl 4615.91
2026.04.02 12:33:46,5568,XAUUSD,sell,in,0.02,4624.45,5584,-0.07,0.00,0.00,3 235.30,
2026.04.02 12:34:06,5569,XAUUSD,buy,out,0.02,4623.01,5585,-0.07,0.00,2.88,3 238.11,sl 4622.99
2026.04.02 12:57:49,5570,XAUUSD,sell,in,0.02,4625.11,5586,-0.07,0.00,0.00,3 238.04,
2026.04.02 12:59:06,5571,XAUUSD,buy,out,0.02,4621.49,5587,-0.07,0.00,7.24,3 245.21,sl 4621.49
2026.04.02 13:21:59,5572,XAUUSD,sell,in,0.02,4612.01,5588,-0.07,0.00,0.00,3 245.14,
2026.04.02 13:22:09,5573,XAUUSD,buy,out,0.02,4611.71,5589,-0.07,0.00,0.60,3 245.67,sl 4611.61
2026.04.02 13:46:18,5574,XAUUSD,sell,in,0.02,4623.13,5590,-0.07,0.00,0.00,3 245.60,
2026.04.02 13:46:38,5575,XAUUSD,buy,out,0.02,4623.35,5591,-0.07,0.00,-0.44,3 245.09,sl 4622.94
2026.04.02 14:26:14,5576,XAUUSD,sell,in,0.02,4622.18,5592,-0.07,0.00,0.00,3 245.02,
2026.04.02 14:26:37,5577,XAUUSD,buy,out,0.02,4621.02,5593,-0.07,0.00,2.32,3 247.27,sl 4620.86
2026.04.02 14:50:19,5578,XAUUSD,sell,in,0.02,4604.34,5594,-0.07,0.00,0.00,3 247.20,
2026.04.02 14:52:41,5579,XAUUSD,buy,out,0.02,4604.62,5595,-0.07,0.00,-0.56,3 246.57,sl 4604.17
2026.04.02 15:14:21,5580,XAUUSD,sell,in,0.02,4609.44,5596,-0.07,0.00,0.00,3 246.50,
2026.04.02 15:58:15,5581,XAUUSD,buy,out,0.02,4608.68,5597,-0.07,0.00,1.52,3 247.95,sl 4608.58
2026.04.02 15:58:22,5582,XAUUSD,sell,in,0.02,4608.75,5598,-0.07,0.00,0.00,3 247.88,
2026.04.02 15:58:28,5583,XAUUSD,buy,out,0.02,4608.92,5599,-0.07,0.00,-0.34,3 247.47,sl 4608.70
2026.04.02 16:22:22,5584,XAUUSD,sell,in,0.02,4594.81,5600,-0.07,0.00,0.00,3 247.40,
2026.04.02 16:23:24,5585,XAUUSD,buy,out,0.02,4592.46,5601,-0.07,0.00,4.70,3 252.03,sl 4592.00
2026.04.02 16:46:24,5586,XAUUSD,sell,in,0.02,4609.26,5602,-0.07,0.00,0.00,3 251.96,
2026.04.02 16:46:37,5587,XAUUSD,buy,out,0.02,4609.18,5603,-0.07,0.00,0.16,3 252.05,sl 4609.04
2026.04.02 17:25:09,5588,XAUUSD,buy,in,0.02,4673.87,5604,-0.07,0.00,0.00,3 251.98,
2026.04.02 17:25:19,5589,XAUUSD,sell,out,0.02,4674.21,5605,-0.07,0.00,0.68,3 252.59,sl 4674.22
2026.04.02 17:49:14,5590,XAUUSD,buy,in,0.02,4683.47,5606,-0.07,0.00,0.00,3 252.52,
2026.04.02 17:49:32,5591,XAUUSD,sell,out,0.02,4683.49,5607,-0.07,0.00,0.04,3 252.49,sl 4683.58
2026.04.02 18:13:17,5592,XAUUSD,buy,in,0.02,4677.99,5608,-0.07,0.00,0.00,3 252.42,
2026.04.02 18:13:31,5593,XAUUSD,sell,out,0.02,4677.82,5609,-0.07,0.00,-0.34,3 252.01,sl 4678.01
2026.04.02 22:06:36,5594,XAUUSD,buy,in,0.02,4675.83,5610,-0.07,0.00,0.00,3 251.94,
2026.04.02 22:07:20,5595,XAUUSD,sell,out,0.02,4676.31,5611,-0.07,0.00,0.96,3 252.83,sl 4676.45
2026.04.06 01:10:22,5596,XAUUSD,sell,in,0.02,4623.71,5612,-0.07,0.00,0.00,3 252.76,
2026.04.06 01:11:14,5597,XAUUSD,buy,out,0.02,4618.30,5613,-0.07,0.00,10.82,3 263.51,sl 4618.05
2026.04.06 01:47:11,5598,XAUUSD,sell,in,0.02,4631.00,5614,-0.07,0.00,0.00,3 263.44,
2026.04.06 01:47:46,5599,XAUUSD,buy,out,0.02,4612.31,5615,-0.07,0.00,37.38,3 300.75,
2026.04.06 02:20:36,5600,XAUUSD,sell,in,0.02,4622.82,5616,-0.07,0.00,0.00,3 300.68,
2026.04.06 02:23:53,5601,XAUUSD,buy,out,0.02,4621.19,5617,-0.07,0.00,3.26,3 303.87,sl 4621.18
2026.04.06 02:44:37,5602,XAUUSD,sell,in,0.02,4606.84,5618,-0.07,0.00,0.00,3 303.80,
2026.04.06 02:44:45,5603,XAUUSD,buy,out,0.02,4606.58,5619,-0.07,0.00,0.52,3 304.25,sl 4606.55
2026.04.06 03:09:05,5604,XAUUSD,sell,in,0.02,4622.39,5620,-0.07,0.00,0.00,3 304.18,
2026.04.06 03:09:27,5605,XAUUSD,buy,out,0.02,4621.42,5621,-0.07,0.00,1.94,3 306.05,sl 4621.27
2026.04.06 03:33:06,5606,XAUUSD,sell,in,0.02,4609.40,5622,-0.07,0.00,0.00,3 305.98,
2026.04.06 03:33:20,5607,XAUUSD,buy,out,0.02,4609.95,5623,-0.07,0.00,-1.10,3 304.81,sl 4609.36
2026.04.06 03:57:12,5608,XAUUSD,sell,in,0.02,4621.88,5624,-0.07,0.00,0.00,3 304.74,
2026.04.06 04:20:16,5609,XAUUSD,buy,out,0.02,4622.90,5625,-0.07,0.00,-2.04,3 302.63,sl 4621.80
2026.04.06 04:50:11,5610,XAUUSD,sell,in,0.02,4621.44,5626,-0.07,0.00,0.00,3 302.56,
2026.04.06 05:35:28,5611,XAUUSD,buy,out,0.02,4652.64,5627,-0.07,0.00,-62.40,3 240.09,
2026.04.06 08:16:51,5612,XAUUSD,buy,in,0.02,4676.51,5628,-0.07,0.00,0.00,3 240.02,
2026.04.06 08:18:42,5613,XAUUSD,sell,out,0.02,4676.59,5629,-0.07,0.00,0.16,3 240.11,sl 4677.25
2026.04.06 10:51:20,5614,XAUUSD,buy,in,0.02,4680.69,5630,-0.07,0.00,0.00,3 240.04,
2026.04.06 10:51:45,5615,XAUUSD,sell,out,0.02,4680.53,5631,-0.07,0.00,-0.32,3 239.65,sl 4680.72
2026.04.06 11:15:28,5616,XAUUSD,buy,in,0.02,4691.45,5632,-0.07,0.00,0.00,3 239.58,
2026.04.06 11:25:00,5617,XAUUSD,sell,out,0.02,4691.92,5633,-0.07,0.00,0.94,3 240.45,sl 4692.06
2026.04.06 11:39:41,5618,XAUUSD,buy,in,0.02,4690.77,5634,-0.07,0.00,0.00,3 240.38,
2026.04.06 11:41:04,5619,XAUUSD,sell,out,0.02,4690.83,5635,-0.07,0.00,0.12,3 240.43,sl 4691.30
2026.04.06 12:03:44,5620,XAUUSD,buy,in,0.02,4701.22,5636,-0.07,0.00,0.00,3 240.36,
2026.04.06 12:06:12,5621,XAUUSD,sell,out,0.02,4701.20,5637,-0.07,0.00,-0.04,3 240.25,sl 4701.30
2026.04.06 12:27:43,5622,XAUUSD,buy,in,0.02,4701.98,5638,-0.07,0.00,0.00,3 240.18,
2026.04.06 12:27:54,5623,XAUUSD,sell,out,0.02,4701.50,5639,-0.07,0.00,-0.96,3 239.15,sl 4702.06
2026.04.06 12:51:43,5624,XAUUSD,buy,in,0.02,4698.85,5640,-0.07,0.00,0.00,3 239.08,
2026.04.06 12:52:27,5625,XAUUSD,sell,out,0.02,4698.68,5641,-0.07,0.00,-0.34,3 238.67,sl 4698.91
2026.04.06 13:15:48,5626,XAUUSD,buy,in,0.02,4688.11,5642,-0.07,0.00,0.00,3 238.60,
2026.04.06 13:17:09,5627,XAUUSD,sell,out,0.02,4689.66,5643,-0.07,0.00,3.10,3 241.63,sl 4689.86
2026.04.06 13:40:01,5628,XAUUSD,buy,in,0.02,4692.42,5644,-0.07,0.00,0.00,3 241.56,
2026.04.06 13:41:00,5629,XAUUSD,sell,out,0.02,4694.48,5645,-0.07,0.00,4.12,3 245.61,sl 4694.51
2026.04.06 14:04:07,5630,XAUUSD,buy,in,0.02,4694.54,5646,-0.07,0.00,0.00,3 245.54,
2026.04.06 14:04:41,5631,XAUUSD,sell,out,0.02,4694.70,5647,-0.07,0.00,0.32,3 245.79,sl 4694.70
2026.04.06 14:28:10,5632,XAUUSD,buy,in,0.02,4690.35,5648,-0.07,0.00,0.00,3 245.72,
2026.04.06 14:34:03,5633,XAUUSD,sell,out,0.02,4690.28,5649,-0.07,0.00,-0.14,3 245.51,sl 4690.55
2026.04.06 14:52:17,5634,XAUUSD,buy,in,0.02,4683.11,5650,-0.07,0.00,0.00,3 245.44,
2026.04.06 14:55:13,5635,XAUUSD,sell,out,0.02,4683.58,5651,-0.07,0.00,0.94,3 246.31,sl 4684.07
2026.04.06 17:00:37,5636,XAUUSD,buy,in,0.02,4688.29,5652,-0.07,0.00,0.00,3 246.24,
2026.04.06 17:30:43,5637,XAUUSD,sell,out,0.02,4688.52,5653,-0.07,0.00,0.46,3 246.63,sl 4688.66
2026.04.06 17:30:45,5638,XAUUSD,buy,in,0.02,4688.51,5654,-0.07,0.00,0.00,3 246.56,
2026.04.06 17:30:48,5639,XAUUSD,sell,out,0.02,4688.57,5655,-0.07,0.00,0.12,3 246.61,sl 4688.63
2026.04.06 17:55:02,5640,XAUUSD,buy,in,0.02,4684.96,5656,-0.07,0.00,0.00,3 246.54,
2026.04.06 17:57:23,5641,XAUUSD,sell,out,0.02,4686.47,5657,-0.07,0.00,3.02,3 249.49,sl 4686.57
2026.04.07 04:51:58,5642,XAUUSD,sell,in,0.02,4629.63,5658,-0.07,0.00,0.00,3 249.42,
2026.04.07 04:53:21,5643,XAUUSD,buy,out,0.02,4623.52,5659,-0.07,0.00,12.22,3 261.57,sl 4622.72
2026.04.07 05:16:15,5644,XAUUSD,sell,in,0.02,4625.87,5660,-0.07,0.00,0.00,3 261.50,
2026.04.07 06:54:17,5645,XAUUSD,buy,in,0.02,4648.97,5661,-0.07,0.00,0.00,3 261.43,
2026.04.07 06:56:49,5646,XAUUSD,sell,out,0.02,4649.06,5662,-0.07,0.00,0.18,3 261.54,sl 4649.06
2026.04.07 07:32:06,5647,XAUUSD,buy,out,0.02,4656.64,5663,-0.07,0.00,-61.54,3 199.93,
2026.04.07 08:30:28,5648,XAUUSD,sell,in,0.02,4625.56,5664,-0.07,0.00,0.00,3 199.86,
2026.04.07 08:30:57,5649,XAUUSD,buy,out,0.02,4625.82,5665,-0.07,0.00,-0.52,3 199.27,sl 4625.48
2026.04.07 11:21:51,5650,XAUUSD,buy,in,0.02,4683.20,5666,-0.07,0.00,0.00,3 199.20,
2026.04.07 11:22:10,5651,XAUUSD,sell,out,0.02,4683.09,5667,-0.07,0.00,-0.22,3 198.91,sl 4683.30
2026.04.07 11:45:58,5652,XAUUSD,buy,in,0.02,4686.48,5668,-0.07,0.00,0.00,3 198.84,
2026.04.07 12:02:41,5653,XAUUSD,sell,out,0.02,4687.20,5669,-0.07,0.00,1.44,3 200.21,sl 4687.24
2026.04.07 12:10:04,5654,XAUUSD,buy,in,0.02,4686.40,5670,-0.07,0.00,0.00,3 200.14,
2026.04.07 12:10:26,5655,XAUUSD,sell,out,0.02,4686.38,5671,-0.07,0.00,-0.04,3 200.03,sl 4686.46
2026.04.07 17:03:33,5656,XAUUSD,sell,in,0.02,4628.73,5672,-0.07,0.00,0.00,3 199.96,
2026.04.07 17:04:03,5657,XAUUSD,buy,out,0.02,4629.01,5673,-0.07,0.00,-0.56,3 199.33,sl 4628.70
2026.04.07 18:05:18,5658,XAUUSD,sell,in,0.02,4627.44,5674,-0.07,0.00,0.00,3 199.26,
2026.04.07 18:05:31,5659,XAUUSD,buy,out,0.02,4627.38,5675,-0.07,0.00,0.12,3 199.31,sl 4627.37
2026.04.07 20:37:49,5660,XAUUSD,buy,in,0.02,4686.23,5676,-0.07,0.00,0.00,3 199.24,
2026.04.07 22:15:54,5661,XAUUSD,sell,in,0.02,4669.62,5677,-0.07,0.00,0.00,3 199.17,
2026.04.07 22:16:14,5662,XAUUSD,buy,out,0.02,4668.60,5678,-0.07,0.00,2.04,3 201.14,sl 4667.85
2026.04.07 22:19:54,5663,XAUUSD,sell,out,0.02,4689.78,5679,-0.07,0.00,7.10,3 208.17,sl 4689.85
2026.04.09 14:32:58,5664,XAUUSD,buy,in,0.02,4747.26,5680,-0.07,0.00,0.00,3 208.10,
2026.04.09 14:40:55,5665,XAUUSD,sell,out,0.02,4749.80,5681,-0.07,0.00,5.08,3 213.11,sl 4749.89
2026.04.09 14:57:04,5666,XAUUSD,buy,in,0.02,4756.06,5682,-0.07,0.00,0.00,3 213.04,
2026.04.09 14:58:07,5667,XAUUSD,sell,out,0.02,4756.08,5683,-0.07,0.00,0.04,3 213.01,sl 4756.33
2026.04.09 16:07:40,5668,XAUUSD,buy,in,0.02,4749.18,5684,-0.07,0.00,0.00,3 212.94,
2026.04.09 16:11:20,5669,XAUUSD,sell,out,0.02,4751.19,5685,-0.07,0.00,4.02,3 216.89,sl 4751.50
2026.04.09 16:31:47,5670,XAUUSD,buy,in,0.02,4754.10,5686,-0.07,0.00,0.00,3 216.82,
2026.04.09 16:32:00,5671,XAUUSD,sell,out,0.02,4754.80,5687,-0.07,0.00,1.40,3 218.15,sl 4754.93
2026.04.09 16:55:49,5672,XAUUSD,buy,in,0.02,4765.78,5688,-0.07,0.00,0.00,3 218.08,
2026.04.09 16:55:58,5673,XAUUSD,sell,out,0.02,4765.86,5689,-0.07,0.00,0.16,3 218.17,sl 4765.86
2026.04.09 17:19:53,5674,XAUUSD,buy,in,0.02,4761.18,5690,-0.07,0.00,0.00,3 218.10,
2026.04.09 17:20:48,5675,XAUUSD,sell,out,0.02,4765.28,5691,-0.07,0.00,8.20,3 226.23,sl 4765.61
2026.04.09 17:44:09,5676,XAUUSD,buy,in,0.02,4756.34,5692,-0.07,0.00,0.00,3 226.16,
2026.04.09 17:45:54,5677,XAUUSD,sell,out,0.02,4760.49,5693,-0.07,0.00,8.30,3 234.39,sl 4760.52
2026.04.09 18:08:10,5678,XAUUSD,buy,in,0.02,4764.53,5694,-0.07,0.00,0.00,3 234.32,
2026.04.09 18:12:02,5679,XAUUSD,sell,out,0.02,4764.50,5695,-0.07,0.00,-0.06,3 234.19,sl 4764.68
2026.04.09 18:32:13,5680,XAUUSD,buy,in,0.02,4781.81,5696,-0.07,0.00,0.00,3 234.12,
2026.04.09 18:32:53,5681,XAUUSD,sell,out,0.02,4789.70,5697,-0.07,0.00,15.78,3 249.83,sl 4789.75
2026.04.09 18:56:12,5682,XAUUSD,buy,in,0.02,4789.24,5698,-0.07,0.00,0.00,3 249.76,
2026.04.09 18:57:10,5683,XAUUSD,sell,out,0.02,4789.39,5699,-0.07,0.00,0.30,3 249.99,sl 4789.41
2026.04.09 19:20:21,5684,XAUUSD,buy,in,0.02,4795.97,5700,-0.07,0.00,0.00,3 249.92,
2026.04.09 19:20:36,5685,XAUUSD,sell,out,0.02,4796.43,5701,-0.07,0.00,0.92,3 250.77,sl 4796.43
2026.04.09 19:44:22,5686,XAUUSD,buy,in,0.02,4787.96,5702,-0.07,0.00,0.00,3 250.70,
2026.04.09 19:47:00,5687,XAUUSD,sell,out,0.02,4788.18,5703,-0.07,0.00,0.44,3 251.07,sl 4788.45
2026.04.09 20:08:25,5688,XAUUSD,buy,in,0.02,4792.55,5704,-0.07,0.00,0.00,3 251.00,
2026.04.09 20:09:10,5689,XAUUSD,sell,out,0.02,4793.30,5705,-0.07,0.00,1.50,3 252.43,sl 4793.54
2026.04.09 20:32:27,5690,XAUUSD,buy,in,0.02,4791.29,5706,-0.07,0.00,0.00,3 252.36,
2026.04.09 20:32:51,5691,XAUUSD,sell,out,0.02,4792.35,5707,-0.07,0.00,2.12,3 254.41,sl 4792.36
2026.04.09 20:56:32,5692,XAUUSD,buy,in,0.02,4799.84,5708,-0.07,0.00,0.00,3 254.34,
2026.04.09 22:34:40,5693,XAUUSD,sell,in,0.02,4770.16,5709,-0.07,0.00,0.00,3 254.27,
2026.04.09 22:49:38,5694,XAUUSD,buy,out,0.02,4769.77,5710,-0.07,0.00,0.78,3 254.98,sl 4769.77
2026.04.10 11:47:12,5695,XAUUSD,sell,out,0.02,4740.77,5711,-0.07,-1.14,-118.14,3 135.63,
2026.04.10 15:17:14,5696,XAUUSD,buy,in,0.02,4770.54,5712,-0.07,0.00,0.00,3 135.56,
2026.04.10 15:30:15,5697,XAUUSD,sell,out,0.02,4774.26,5713,-0.07,0.00,7.44,3 142.93,sl 4774.73
2026.04.10 15:41:18,5698,XAUUSD,buy,in,0.02,4774.42,5714,-0.07,0.00,0.00,3 142.86,
2026.04.10 15:41:30,5699,XAUUSD,sell,out,0.02,4774.54,5715,-0.07,0.00,0.24,3 143.03,sl 4774.61
2026.04.10 16:05:27,5700,XAUUSD,buy,in,0.02,4770.94,5716,-0.07,0.00,0.00,3 142.96,
2026.04.10 16:05:51,5701,XAUUSD,sell,out,0.02,4772.16,5717,-0.07,0.00,2.44,3 145.33,sl 4772.24
2026.04.10 16:29:34,5702,XAUUSD,buy,in,0.02,4779.15,5718,-0.07,0.00,0.00,3 145.26,
2026.04.10 16:29:46,5703,XAUUSD,sell,out,0.02,4779.55,5719,-0.07,0.00,0.80,3 145.99,sl 4779.55
2026.04.10 16:53:36,5704,XAUUSD,buy,in,0.02,4775.16,5720,-0.07,0.00,0.00,3 145.92,
2026.04.10 16:53:59,5705,XAUUSD,sell,out,0.02,4776.11,5721,-0.07,0.00,1.90,3 147.75,sl 4776.24
2026.04.10 17:17:38,5706,XAUUSD,buy,in,0.02,4783.17,5722,-0.07,0.00,0.00,3 147.68,
2026.04.10 17:18:00,5707,XAUUSD,sell,out,0.02,4783.90,5723,-0.07,0.00,1.46,3 149.07,sl 4783.93
2026.04.10 17:41:44,5708,XAUUSD,buy,in,0.02,4787.20,5724,-0.07,0.00,0.00,3 149.00,
2026.04.10 17:42:16,5709,XAUUSD,sell,out,0.02,4786.94,5725,-0.07,0.00,-0.52,3 148.41,sl 4787.23
2026.04.10 18:05:45,5710,XAUUSD,buy,in,0.02,4774.27,5726,-0.07,0.00,0.00,3 148.34,
2026.04.10 18:08:59,5711,XAUUSD,sell,out,0.02,4776.36,5727,-0.07,0.00,4.18,3 152.45,sl 4776.38
2026.04.10 18:29:50,5712,XAUUSD,buy,in,0.02,4776.82,5728,-0.07,0.00,0.00,3 152.38,
2026.04.10 18:30:37,5713,XAUUSD,sell,out,0.02,4777.26,5729,-0.07,0.00,0.88,3 153.19,sl 4777.55
2026.04.13 01:02:01,5714,XAUUSD,sell,in,0.02,4668.03,5730,-0.07,0.00,0.00,3 153.12,
2026.04.13 01:10:03,5715,XAUUSD,buy,out,0.02,4668.03,5731,-0.07,0.00,0.00,3 153.05,sl 4668.02
2026.04.13 01:26:02,5716,XAUUSD,sell,in,0.02,4651.34,5732,-0.07,0.00,0.00,3 152.98,
2026.04.13 01:26:20,5717,XAUUSD,buy,out,0.02,4650.65,5733,-0.07,0.00,1.38,3 154.29,sl 4649.60
2026.04.13 01:50:06,5718,XAUUSD,sell,in,0.02,4659.91,5734,-0.07,0.00,0.00,3 154.22,
2026.04.13 01:50:46,5719,XAUUSD,buy,out,0.02,4657.50,5735,-0.07,0.00,4.82,3 158.97,sl 4657.36
2026.04.13 02:14:11,5720,XAUUSD,sell,in,0.02,4658.79,5736,-0.07,0.00,0.00,3 158.90,
2026.04.13 02:14:33,5721,XAUUSD,buy,out,0.02,4658.78,5737,-0.07,0.00,0.02,3 158.85,sl 4658.48
2026.04.13 02:38:10,5722,XAUUSD,sell,in,0.02,4657.60,5738,-0.07,0.00,0.00,3 158.78,
2026.04.13 02:38:21,5723,XAUUSD,buy,out,0.02,4657.49,5739,-0.07,0.00,0.22,3 158.93,sl 4657.46
2026.04.13 03:02:13,5724,XAUUSD,sell,in,0.02,4667.98,5740,-0.07,0.00,0.00,3 158.86,
2026.04.13 03:03:03,5725,XAUUSD,buy,out,0.02,4666.41,5741,-0.07,0.00,3.14,3 161.93,sl 4666.41
2026.04.13 03:26:12,5726,XAUUSD,sell,in,0.02,4673.34,5742,-0.07,0.00,0.00,3 161.86,
2026.04.13 03:27:10,5727,XAUUSD,buy,out,0.02,4671.25,5743,-0.07,0.00,4.18,3 165.97,sl 4671.15
2026.04.13 03:50:16,5728,XAUUSD,sell,in,0.02,4685.97,5744,-0.07,0.00,0.00,3 165.90,
2026.04.13 03:50:31,5729,XAUUSD,buy,out,0.02,4685.84,5745,-0.07,0.00,0.26,3 166.09,sl 4685.84
2026.04.13 04:15:18,5730,XAUUSD,sell,in,0.02,4712.39,5746,-0.07,0.00,0.00,3 166.02,
2026.04.13 04:32:36,5731,XAUUSD,buy,out,0.02,4712.08,5747,-0.07,0.00,0.62,3 166.57,sl 4712.00
2026.04.13 04:41:45,5732,XAUUSD,sell,in,0.02,4712.87,5748,-0.07,0.00,0.00,3 166.50,
2026.04.13 04:45:14,5733,XAUUSD,buy,out,0.02,4712.96,5749,-0.07,0.00,-0.18,3 166.25,sl 4712.38
2026.04.13 05:47:48,5734,XAUUSD,sell,in,0.02,4713.60,5750,-0.07,0.00,0.00,3 166.18,
2026.04.13 05:48:11,5735,XAUUSD,buy,out,0.02,4713.00,5751,-0.07,0.00,1.20,3 167.31,sl 4712.99
2026.04.13 07:08:05,5736,XAUUSD,sell,in,0.02,4712.68,5752,-0.07,0.00,0.00,3 167.24,
2026.04.13 07:10:54,5737,XAUUSD,buy,out,0.02,4712.12,5753,-0.07,0.00,1.12,3 168.29,sl 4711.80
2026.04.13 07:32:14,5738,XAUUSD,sell,in,0.02,4711.45,5754,-0.07,0.00,0.00,3 168.22,
2026.04.13 07:33:03,5739,XAUUSD,buy,out,0.02,4710.60,5755,-0.07,0.00,1.70,3 169.85,sl 4710.48
2026.04.13 13:25:52,5740,XAUUSD,sell,in,0.02,4708.81,5756,-0.07,0.00,0.00,3 169.78,
2026.04.13 14:41:49,5741,XAUUSD,buy,out,0.02,4708.82,5757,-0.07,0.00,-0.02,3 169.69,sl 4708.62
2026.04.13 14:41:53,5742,XAUUSD,sell,in,0.02,4709.06,5758,-0.07,0.00,0.00,3 169.62,
2026.04.13 14:44:10,5743,XAUUSD,buy,out,0.02,4705.12,5759,-0.07,0.00,7.88,3 177.43,sl 4705.12
2026.04.13 15:22:00,5744,XAUUSD,sell,in,0.02,4707.47,5760,-0.07,0.00,0.00,3 177.36,
2026.04.13 15:24:22,5745,XAUUSD,buy,out,0.02,4707.55,5761,-0.07,0.00,-0.16,3 177.13,sl 4707.43
2026.04.13 18:04:05,5746,XAUUSD,sell,in,0.02,4707.60,5762,-0.07,0.00,0.00,3 177.06,
2026.04.13 18:04:48,5747,XAUUSD,buy,out,0.02,4706.88,5763,-0.07,0.00,1.44,3 178.43,sl 4706.80
2026.04.13 18:28:13,5748,XAUUSD,sell,in,0.02,4705.08,5764,-0.07,0.00,0.00,3 178.36,
2026.04.13 18:28:32,5749,XAUUSD,buy,out,0.02,4704.92,5765,-0.07,0.00,0.32,3 178.61,sl 4704.90
2026.04.14 02:03:50,5750,XAUUSD,buy,in,0.02,4763.21,5766,-0.07,0.00,0.00,3 178.54,
2026.04.14 02:04:54,5751,XAUUSD,sell,out,0.02,4764.53,5767,-0.07,0.00,2.64,3 181.11,sl 4764.62
2026.04.14 03:15:48,5752,XAUUSD,buy,in,0.02,4762.98,5768,-0.07,0.00,0.00,3 181.04,
2026.04.14 03:19:01,5753,XAUUSD,sell,out,0.02,4763.63,5769,-0.07,0.00,1.30,3 182.27,sl 4763.74
2026.04.14 03:39:50,5754,XAUUSD,buy,in,0.02,4769.87,5770,-0.07,0.00,0.00,3 182.20,
2026.04.14 03:40:05,5755,XAUUSD,sell,out,0.02,4771.11,5771,-0.07,0.00,2.48,3 184.61,sl 4771.12
2026.04.14 04:03:53,5756,XAUUSD,buy,in,0.02,4770.52,5772,-0.07,0.00,0.00,3 184.54,
2026.04.14 04:05:47,5757,XAUUSD,sell,out,0.02,4772.27,5773,-0.07,0.00,3.50,3 187.97,sl 4772.29
2026.04.14 04:27:59,5758,XAUUSD,buy,in,0.02,4772.20,5774,-0.07,0.00,0.00,3 187.90,
2026.04.14 04:43:43,5759,XAUUSD,sell,out,0.02,4772.25,5775,-0.07,0.00,0.10,3 187.93,sl 4772.27
2026.04.14 04:52:02,5760,XAUUSD,buy,in,0.02,4767.59,5776,-0.07,0.00,0.00,3 187.86,
2026.04.14 04:52:57,5761,XAUUSD,sell,out,0.02,4767.89,5777,-0.07,0.00,0.60,3 188.39,sl 4767.89
2026.04.14 05:16:02,5762,XAUUSD,buy,in,0.02,4769.39,5778,-0.07,0.00,0.00,3 188.32,
2026.04.14 05:16:19,5763,XAUUSD,sell,out,0.02,4769.44,5779,-0.07,0.00,0.10,3 188.35,sl 4769.44
2026.04.14 05:40:06,5764,XAUUSD,buy,in,0.02,4768.88,5780,-0.07,0.00,0.00,3 188.28,
2026.04.14 05:40:46,5765,XAUUSD,sell,out,0.02,4768.80,5781,-0.07,0.00,-0.16,3 188.05,sl 4768.94
2026.04.14 06:04:23,5766,XAUUSD,buy,in,0.02,4772.47,5782,-0.07,0.00,0.00,3 187.98,
2026.04.14 06:06:02,5767,XAUUSD,sell,out,0.02,4772.56,5783,-0.07,0.00,0.18,3 188.09,sl 4772.60
2026.04.14 06:28:25,5768,XAUUSD,buy,in,0.02,4768.13,5784,-0.07,0.00,0.00,3 188.02,
2026.04.14 06:31:51,5769,XAUUSD,sell,out,0.02,4769.07,5785,-0.07,0.00,1.88,3 189.83,sl 4769.08
2026.04.14 06:52:34,5770,XAUUSD,buy,in,0.02,4771.16,5786,-0.07,0.00,0.00,3 189.76,
2026.04.14 06:54:34,5771,XAUUSD,sell,out,0.02,4771.13,5787,-0.07,0.00,-0.06,3 189.63,sl 4771.18
2026.04.14 07:16:38,5772,XAUUSD,buy,in,0.02,4769.76,5788,-0.07,0.00,0.00,3 189.56,
2026.04.14 07:17:40,5773,XAUUSD,sell,out,0.02,4770.61,5789,-0.07,0.00,1.70,3 191.19,sl 4770.69
2026.04.14 07:40:45,5774,XAUUSD,buy,in,0.02,4772.52,5790,-0.07,0.00,0.00,3 191.12,
2026.04.14 07:41:19,5775,XAUUSD,sell,out,0.02,4772.55,5791,-0.07,0.00,0.06,3 191.11,sl 4772.56
2026.04.14 08:04:49,5776,XAUUSD,buy,in,0.02,4772.06,5792,-0.07,0.00,0.00,3 191.04,
2026.04.14 08:05:16,5777,XAUUSD,sell,out,0.02,4772.18,5793,-0.07,0.00,0.24,3 191.21,sl 4772.21
2026.04.14 09:08:20,5778,XAUUSD,buy,in,0.02,4769.06,5794,-0.07,0.00,0.00,3 191.14,
2026.04.14 09:09:11,5779,XAUUSD,sell,out,0.02,4769.13,5795,-0.07,0.00,0.14,3 191.21,sl 4769.19
2026.04.14 09:40:35,5780,XAUUSD,buy,in,0.02,4770.41,5796,-0.07,0.00,0.00,3 191.14,
2026.04.14 09:46:19,5781,XAUUSD,sell,out,0.02,4772.00,5797,-0.07,0.00,3.18,3 194.25,sl 4772.16
2026.04.14 10:04:40,5782,XAUUSD,buy,in,0.02,4788.05,5798,-0.07,0.00,0.00,3 194.18,
2026.04.14 10:06:04,5783,XAUUSD,sell,out,0.02,4790.81,5799,-0.07,0.00,5.52,3 199.63,sl 4790.86
2026.04.14 10:28:40,5784,XAUUSD,buy,in,0.02,4770.51,5800,-0.07,0.00,0.00,3 199.56,
2026.04.14 10:28:51,5785,XAUUSD,sell,out,0.02,4770.57,5801,-0.07,0.00,0.12,3 199.61,sl 4770.63
2026.04.14 10:52:42,5786,XAUUSD,buy,in,0.02,4775.86,5802,-0.07,0.00,0.00,3 199.54,
2026.04.14 10:53:14,5787,XAUUSD,sell,out,0.02,4775.97,5803,-0.07,0.00,0.22,3 199.69,sl 4775.99
2026.04.14 11:16:51,5788,XAUUSD,buy,in,0.02,4779.48,5804,-0.07,0.00,0.00,3 199.62,
2026.04.14 11:19:28,5789,XAUUSD,sell,out,0.02,4780.18,5805,-0.07,0.00,1.40,3 200.95,sl 4780.20
2026.04.14 11:40:50,5790,XAUUSD,buy,in,0.02,4786.08,5806,-0.07,0.00,0.00,3 200.88,
2026.04.14 11:42:32,5791,XAUUSD,sell,out,0.02,4786.07,5807,-0.07,0.00,-0.02,3 200.79,sl 4786.10
2026.04.14 12:04:54,5792,XAUUSD,buy,in,0.02,4785.73,5808,-0.07,0.00,0.00,3 200.72,
2026.04.14 12:10:24,5793,XAUUSD,sell,out,0.02,4785.74,5809,-0.07,0.00,0.02,3 200.67,sl 4785.75
2026.04.14 12:29:01,5794,XAUUSD,buy,in,0.02,4781.51,5810,-0.07,0.00,0.00,3 200.60,
2026.04.14 12:57:02,5795,XAUUSD,sell,out,0.02,4781.72,5811,-0.07,0.00,0.42,3 200.95,sl 4781.72
2026.04.14 12:57:08,5796,XAUUSD,buy,in,0.02,4781.63,5812,-0.07,0.00,0.00,3 200.88,
2026.04.14 13:06:46,5797,XAUUSD,sell,out,0.02,4781.66,5813,-0.07,0.00,0.06,3 200.87,sl 4781.72
2026.04.14 13:21:17,5798,XAUUSD,buy,in,0.02,4786.91,5814,-0.07,0.00,0.00,3 200.80,
2026.04.14 13:22:21,5799,XAUUSD,sell,out,0.02,4787.30,5815,-0.07,0.00,0.78,3 201.51,sl 4787.32
2026.04.14 14:08:23,5800,XAUUSD,buy,in,0.02,4775.20,5816,-0.07,0.00,0.00,3 201.44,
2026.04.14 14:09:44,5801,XAUUSD,sell,out,0.02,4776.49,5817,-0.07,0.00,2.58,3 203.95,sl 4776.49
2026.04.14 14:32:27,5802,XAUUSD,buy,in,0.02,4775.41,5818,-0.07,0.00,0.00,3 203.88,
2026.04.14 14:32:46,5803,XAUUSD,sell,out,0.02,4775.60,5819,-0.07,0.00,0.38,3 204.19,sl 4775.62
2026.04.14 14:58:03,5804,XAUUSD,buy,in,0.02,4778.52,5820,-0.07,0.00,0.00,3 204.12,
2026.04.14 14:58:19,5805,XAUUSD,sell,out,0.02,4780.66,5821,-0.07,0.00,4.28,3 208.33,sl 4780.78
2026.04.14 15:34:36,5806,XAUUSD,buy,in,0.02,4775.50,5822,-0.07,0.00,0.00,3 208.26,
2026.04.14 15:34:44,5807,XAUUSD,sell,out,0.02,4775.67,5823,-0.07,0.00,0.34,3 208.53,sl 4775.67
2026.04.14 16:03:17,5808,XAUUSD,buy,in,0.02,4777.82,5824,-0.07,0.00,0.00,3 208.46,
2026.04.14 16:10:30,5809,XAUUSD,sell,out,0.02,4778.98,5825,-0.07,0.00,2.32,3 210.71,sl 4779.00
2026.04.14 16:27:22,5810,XAUUSD,buy,in,0.02,4787.14,5826,-0.07,0.00,0.00,3 210.64,
2026.04.14 16:34:35,5811,XAUUSD,sell,out,0.02,4791.08,5827,-0.07,0.00,7.88,3 218.45,sl 4791.09
2026.04.14 16:51:27,5812,XAUUSD,buy,in,0.02,4792.00,5828,-0.07,0.00,0.00,3 218.38,
2026.04.14 16:52:05,5813,XAUUSD,sell,out,0.02,4794.27,5829,-0.07,0.00,4.54,3 222.85,sl 4794.39
2026.04.14 17:15:31,5814,XAUUSD,buy,in,0.02,4796.28,5830,-0.07,0.00,0.00,3 222.78,
2026.04.14 17:16:15,5815,XAUUSD,sell,out,0.02,4797.39,5831,-0.07,0.00,2.22,3 224.93,sl 4797.43
2026.04.14 17:39:32,5816,XAUUSD,buy,in,0.02,4802.50,5832,-0.07,0.00,0.00,3 224.86,
2026.04.14 17:39:50,5817,XAUUSD,sell,out,0.02,4802.64,5833,-0.07,0.00,0.28,3 225.07,sl 4802.77
2026.04.14 18:03:40,5818,XAUUSD,buy,in,0.02,4800.81,5834,-0.07,0.00,0.00,3 225.00,
2026.04.14 18:21:08,5819,XAUUSD,sell,out,0.02,4802.32,5835,-0.07,0.00,3.02,3 227.95,sl 4802.33
2026.04.14 18:27:46,5820,XAUUSD,buy,in,0.02,4803.28,5836,-0.07,0.00,0.00,3 227.88,
2026.04.14 18:29:27,5821,XAUUSD,sell,out,0.02,4803.49,5837,-0.07,0.00,0.42,3 228.23,
2026.04.14 18:51:49,5822,XAUUSD,buy,in,0.02,4814.06,5838,-0.07,0.00,0.00,3 228.16,
2026.04.14 18:52:10,5823,XAUUSD,sell,out,0.02,4815.33,5839,-0.07,0.00,2.54,3 230.63,sl 4815.33
2026.04.14 19:15:52,5824,XAUUSD,buy,in,0.02,4807.68,5840,-0.07,0.00,0.00,3 230.56,
2026.04.14 19:16:40,5825,XAUUSD,sell,out,0.02,4808.80,5841,-0.07,0.00,2.24,3 232.73,sl 4808.89
2026.04.16 02:30:49,5826,XAUUSD,buy,in,0.02,4816.55,5842,-0.07,0.00,0.00,3 232.66,
2026.04.16 02:31:00,5827,XAUUSD,sell,out,0.02,4816.82,5843,-0.07,0.00,0.54,3 233.13,sl 4816.83
2026.04.16 02:54:51,5828,XAUUSD,buy,in,0.02,4824.24,5844,-0.07,0.00,0.00,3 233.06,
2026.04.16 03:00:36,5829,XAUUSD,sell,out,0.02,4829.56,5845,-0.07,0.00,10.64,3 243.63,sl 4829.57
2026.04.16 03:18:52,5830,XAUUSD,buy,in,0.02,4829.76,5846,-0.07,0.00,0.00,3 243.56,
2026.04.16 03:40:51,5831,XAUUSD,sell,out,0.02,4836.84,5847,-0.07,0.00,14.16,3 257.65,sl 4836.88
2026.04.16 03:42:52,5832,XAUUSD,buy,in,0.02,4834.25,5848,-0.07,0.00,0.00,3 257.58,
2026.04.16 03:50:33,5833,XAUUSD,sell,out,0.02,4836.71,5849,-0.07,0.00,4.92,3 262.43,sl 4836.73
2026.04.16 04:07:00,5834,XAUUSD,buy,in,0.02,4830.42,5850,-0.07,0.00,0.00,3 262.36,
2026.04.16 04:09:15,5835,XAUUSD,sell,out,0.02,4830.58,5851,-0.07,0.00,0.32,3 262.61,sl 4830.59
2026.04.16 04:31:08,5836,XAUUSD,buy,in,0.02,4824.84,5852,-0.07,0.00,0.00,3 262.54,
2026.04.16 04:32:48,5837,XAUUSD,sell,out,0.02,4824.95,5853,-0.07,0.00,0.22,3 262.69,sl 4825.00
2026.04.16 04:56:42,5838,XAUUSD,buy,in,0.02,4819.37,5854,-0.07,0.00,0.00,3 262.62,
2026.04.16 05:00:21,5839,XAUUSD,sell,out,0.02,4820.41,5855,-0.07,0.00,2.08,3 264.63,sl 4820.46
2026.04.16 05:20:50,5840,XAUUSD,buy,in,0.02,4822.76,5856,-0.07,0.00,0.00,3 264.56,
2026.04.16 05:22:41,5841,XAUUSD,sell,out,0.02,4822.79,5857,-0.07,0.00,0.06,3 264.55,sl 4822.83
2026.04.16 05:46:13,5842,XAUUSD,buy,in,0.02,4820.14,5858,-0.07,0.00,0.00,3 264.48,
2026.04.16 05:52:12,5843,XAUUSD,sell,out,0.02,4820.60,5859,-0.07,0.00,0.92,3 265.33,sl 4820.62
2026.04.16 06:10:15,5844,XAUUSD,buy,in,0.02,4825.53,5860,-0.07,0.00,0.00,3 265.26,
2026.04.16 06:11:00,5845,XAUUSD,sell,out,0.02,4826.24,5861,-0.07,0.00,1.42,3 266.61,sl 4826.26
2026.04.16 06:34:18,5846,XAUUSD,buy,in,0.02,4825.16,5862,-0.07,0.00,0.00,3 266.54,
2026.04.16 06:55:53,5847,XAUUSD,sell,out,0.02,4826.15,5863,-0.07,0.00,1.98,3 268.45,sl 4826.16
2026.04.16 06:58:26,5848,XAUUSD,buy,in,0.02,4825.55,5864,-0.07,0.00,0.00,3 268.38,
2026.04.16 07:05:31,5849,XAUUSD,sell,out,0.02,4825.48,5865,-0.07,0.00,-0.14,3 268.17,sl 4825.69
2026.04.16 07:22:27,5850,XAUUSD,buy,in,0.02,4827.89,5866,-0.07,0.00,0.00,3 268.10,
2026.04.16 07:35:59,5851,XAUUSD,sell,out,0.02,4828.20,5867,-0.07,0.00,0.62,3 268.65,sl 4828.20
2026.04.16 07:46:28,5852,XAUUSD,buy,in,0.02,4830.50,5868,-0.07,0.00,0.00,3 268.58,
2026.04.16 07:47:30,5853,XAUUSD,sell,out,0.02,4830.53,5869,-0.07,0.00,0.06,3 268.57,sl 4830.55
2026.04.16 08:10:27,5854,XAUUSD,buy,in,0.02,4835.11,5870,-0.07,0.00,0.00,3 268.50,
2026.04.16 08:11:02,5855,XAUUSD,sell,out,0.02,4835.12,5871,-0.07,0.00,0.02,3 268.45,sl 4835.30
2026.04.16 08:34:31,5856,XAUUSD,buy,in,0.02,4826.78,5872,-0.07,0.00,0.00,3 268.38,
2026.04.16 08:34:54,5857,XAUUSD,sell,out,0.02,4828.88,5873,-0.07,0.00,4.20,3 272.51,sl 4829.03
2026.04.16 08:58:31,5858,XAUUSD,buy,in,0.02,4824.67,5874,-0.07,0.00,0.00,3 272.44,
2026.04.16 09:02:27,5859,XAUUSD,sell,out,0.02,4825.02,5875,-0.07,0.00,0.70,3 273.07,sl 4825.08
2026.04.16 09:42:49,5860,XAUUSD,buy,in,0.02,4823.97,5876,-0.07,0.00,0.00,3 273.00,
2026.04.16 09:45:18,5861,XAUUSD,sell,out,0.02,4823.93,5877,-0.07,0.00,-0.08,3 272.85,sl 4823.99
2026.04.16 10:06:55,5862,XAUUSD,buy,in,0.02,4827.35,5878,-0.07,0.00,0.00,3 272.78,
2026.04.16 10:08:11,5863,XAUUSD,sell,out,0.02,4829.73,5879,-0.07,0.00,4.76,3 277.47,sl 4829.73
2026.04.16 10:30:56,5864,XAUUSD,buy,in,0.02,4828.34,5880,-0.07,0.00,0.00,3 277.40,
2026.04.16 10:39:45,5865,XAUUSD,sell,out,0.02,4829.62,5881,-0.07,0.00,2.56,3 279.89,sl 4829.68
2026.04.16 17:40:57,5866,XAUUSD,sell,in,0.02,4775.94,5882,-0.07,0.00,0.00,3 279.82,
2026.04.16 18:04:55,5867,XAUUSD,buy,out,0.02,4801.24,5883,-0.07,0.00,-50.60,3 229.15,
2026.04.17 04:12:21,5868,XAUUSD,sell,in,0.02,4770.41,5884,-0.07,0.00,0.00,3 229.08,
2026.04.17 04:29:13,5869,XAUUSD,buy,out,0.02,4769.14,5885,-0.07,0.00,2.54,3 231.55,sl 4769.03
2026.04.17 15:40:02,5870,XAUUSD,buy,in,0.02,4824.67,5886,-0.07,0.00,0.00,3 231.48,
2026.04.17 15:46:00,5871,XAUUSD,sell,out,0.02,4825.96,5887,-0.07,0.00,2.58,3 233.99,sl 4826.10
2026.04.17 16:04:02,5872,XAUUSD,buy,in,0.02,4842.14,5888,-0.07,0.00,0.00,3 233.92,
2026.04.17 16:04:39,5873,XAUUSD,sell,out,0.02,4843.22,5889,-0.07,0.00,2.16,3 236.01,sl 4843.23
2026.04.17 16:28:09,5874,XAUUSD,buy,in,0.02,4852.64,5890,-0.07,0.00,0.00,3 235.94,
2026.04.17 16:28:22,5875,XAUUSD,sell,out,0.02,4852.58,5891,-0.07,0.00,-0.12,3 235.75,sl 4852.69
2026.04.17 16:52:13,5876,XAUUSD,buy,in,0.02,4870.78,5892,-0.07,0.00,0.00,3 235.68,
2026.04.17 16:52:23,5877,XAUUSD,sell,out,0.02,4870.74,5893,-0.07,0.00,-0.08,3 235.53,sl 4870.80
2026.04.17 17:16:16,5878,XAUUSD,buy,in,0.02,4871.40,5894,-0.07,0.00,0.00,3 235.46,
2026.04.17 17:16:41,5879,XAUUSD,sell,out,0.02,4872.88,5895,-0.07,0.00,2.96,3 238.35,sl 4872.98
2026.04.17 17:40:17,5880,XAUUSD,buy,in,0.02,4875.58,5896,-0.07,0.00,0.00,3 238.28,
2026.04.17 17:40:41,5881,XAUUSD,sell,out,0.02,4879.08,5897,-0.07,0.00,7.00,3 245.21,sl 4879.19
2026.04.17 18:04:17,5882,XAUUSD,buy,in,0.02,4869.30,5898,-0.07,0.00,0.00,3 245.14,
2026.04.17 18:05:31,5883,XAUUSD,sell,out,0.02,4869.80,5899,-0.07,0.00,1.00,3 246.07,sl 4869.85
2026.04.17 18:28:24,5884,XAUUSD,buy,in,0.02,4868.73,5900,-0.07,0.00,0.00,3 246.00,
2026.04.17 18:28:55,5885,XAUUSD,sell,out,0.02,4868.86,5901,-0.07,0.00,0.26,3 246.19,sl 4868.89
2026.04.17 18:52:29,5886,XAUUSD,buy,in,0.02,4869.72,5902,-0.07,0.00,0.00,3 246.12,
2026.04.17 18:54:19,5887,XAUUSD,sell,out,0.02,4869.73,5903,-0.07,0.00,0.02,3 246.07,sl 4869.76
2026.04.17 19:16:30,5888,XAUUSD,buy,in,0.02,4871.83,5904,-0.07,0.00,0.00,3 246.00,
2026.04.17 19:18:52,5889,XAUUSD,sell,out,0.02,4871.86,5905,-0.07,0.00,0.06,3 245.99,sl 4871.96
2026.04.17 19:40:31,5890,XAUUSD,buy,in,0.02,4872.51,5906,-0.07,0.00,0.00,3 245.92,
2026.04.17 21:18:33,5891,XAUUSD,sell,in,0.02,4863.31,5907,-0.07,0.00,0.00,3 245.85,
2026.04.17 21:19:25,5892,XAUUSD,buy,out,0.02,4863.18,5908,-0.07,0.00,0.26,3 246.04,sl 4863.11
2026.04.20 01:18:02,5893,XAUUSD,sell,in,0.02,4791.22,5909,-0.07,0.00,0.00,3 245.97,
2026.04.20 01:18:32,5894,XAUUSD,buy,out,0.02,4790.98,5910,-0.07,0.00,0.48,3 246.38,sl 4790.96
2026.04.20 01:36:06,5895,XAUUSD,sell,in,0.02,4785.45,5911,-0.07,0.00,0.00,3 246.31,
2026.04.20 01:37:01,5896,XAUUSD,buy,out,0.02,4784.97,5912,-0.07,0.00,0.96,3 247.20,sl 4784.97
2026.04.20 01:54:13,5897,XAUUSD,sell,in,0.02,4785.08,5913,-0.07,0.00,0.00,3 247.13,
2026.04.20 01:54:47,5898,XAUUSD,buy,out,0.02,4784.33,5914,-0.07,0.00,1.50,3 248.56,sl 4784.25
2026.04.20 04:31:09,5899,XAUUSD,sell,out,0.02,4807.10,5915,-0.07,-1.14,-130.82,3 116.53,
2026.04.21 09:00:23,5900,XAUUSD,sell,in,0.02,4778.97,5916,-0.07,0.00,0.00,3 116.46,
2026.04.21 09:02:37,5901,XAUUSD,buy,out,0.02,4778.73,5917,-0.07,0.00,0.48,3 116.87,sl 4778.67
2026.04.21 09:26:06,5902,XAUUSD,sell,in,0.02,4779.14,5918,-0.07,0.00,0.00,3 116.80,
2026.04.21 09:26:51,5903,XAUUSD,buy,out,0.02,4778.79,5919,-0.07,0.00,0.70,3 117.43,sl 4778.47
2026.04.21 09:50:09,5904,XAUUSD,sell,in,0.02,4776.76,5920,-0.07,0.00,0.00,3 117.36,
2026.04.21 09:51:37,5905,XAUUSD,buy,out,0.02,4776.75,5921,-0.07,0.00,0.02,3 117.31,sl 4776.72
2026.04.21 11:11:53,5906,XAUUSD,sell,in,0.02,4776.30,5922,-0.07,0.00,0.00,3 117.24,
2026.04.21 11:13:34,5907,XAUUSD,buy,out,0.02,4775.79,5923,-0.07,0.00,1.02,3 118.19,sl 4775.78
2026.04.21 15:30:52,5908,XAUUSD,sell,in,0.02,4775.46,5924,-0.07,0.00,0.00,3 118.12,
2026.04.21 16:06:03,5909,XAUUSD,buy,out,0.02,4775.26,5925,-0.07,0.00,0.40,3 118.45,sl 4775.21
2026.04.21 16:06:11,5910,XAUUSD,sell,in,0.02,4773.68,5926,-0.07,0.00,0.00,3 118.38,
2026.04.21 16:06:20,5911,XAUUSD,buy,out,0.02,4773.74,5927,-0.07,0.00,-0.12,3 118.19,sl 4773.52
2026.04.21 16:35:33,5912,XAUUSD,sell,in,0.02,4771.94,5928,-0.07,0.00,0.00,3 118.12,
2026.04.21 16:35:52,5913,XAUUSD,buy,out,0.02,4771.80,5929,-0.07,0.00,0.28,3 118.33,sl 4771.80
2026.04.21 17:00:37,5914,XAUUSD,sell,in,0.02,4774.61,5930,-0.07,0.00,0.00,3 118.26,
2026.04.21 17:24:28,5915,XAUUSD,buy,out,0.02,4772.74,5931,-0.07,0.00,3.74,3 121.93,sl 4772.71
2026.04.21 17:24:40,5916,XAUUSD,sell,in,0.02,4772.79,5932,-0.07,0.00,0.00,3 121.86,
2026.04.21 17:26:34,5917,XAUUSD,buy,out,0.02,4772.46,5933,-0.07,0.00,0.66,3 122.45,sl 4772.41
2026.04.21 17:48:40,5918,XAUUSD,sell,in,0.02,4725.71,5934,-0.07,0.00,0.00,3 122.38,
2026.04.21 19:26:48,5919,XAUUSD,buy,in,0.02,4727.03,5935,-0.07,0.00,0.00,3 122.31,
2026.04.21 19:27:44,5920,XAUUSD,buy,out,0.02,4725.40,5936,-0.07,0.00,0.62,3 122.86,sl 4725.40
2026.04.21 19:35:59,5921,XAUUSD,sell,out,0.02,4727.03,5937,-0.07,0.00,0.00,3 122.79,sl 4727.08
2026.04.27 01:06:10,5922,XAUUSD,sell,in,0.02,4693.37,5938,-0.07,0.00,0.00,3 122.72,
2026.04.27 01:06:56,5923,XAUUSD,buy,out,0.02,4687.87,5939,-0.07,0.00,11.00,3 133.65,sl 4687.48
2026.04.27 01:30:12,5924,XAUUSD,sell,in,0.02,4686.71,5940,-0.07,0.00,0.00,3 133.58,
2026.04.27 01:31:03,5925,XAUUSD,buy,out,0.02,4686.70,5941,-0.07,0.00,0.02,3 133.53,sl 4686.67
2026.04.27 01:54:17,5926,XAUUSD,sell,in,0.02,4683.80,5942,-0.07,0.00,0.00,3 133.46,
2026.04.27 02:00:45,5927,XAUUSD,buy,out,0.02,4681.94,5943,-0.07,0.00,3.72,3 137.11,sl 4681.66
2026.04.27 02:18:18,5928,XAUUSD,sell,in,0.02,4684.11,5944,-0.07,0.00,0.00,3 137.04,
2026.04.27 02:21:36,5929,XAUUSD,buy,out,0.02,4682.12,5945,-0.07,0.00,3.98,3 140.95,sl 4681.96
2026.04.27 02:42:22,5930,XAUUSD,sell,in,0.02,4675.83,5946,-0.07,0.00,0.00,3 140.88,
2026.04.27 03:07:04,5931,XAUUSD,buy,out,0.02,4675.82,5947,-0.07,0.00,0.02,3 140.83,sl 4675.80
2026.04.27 03:07:08,5932,XAUUSD,sell,in,0.02,4675.86,5948,-0.07,0.00,0.00,3 140.76,
2026.04.27 03:07:32,5933,XAUUSD,buy,out,0.02,4675.92,5949,-0.07,0.00,-0.12,3 140.57,sl 4675.83
2026.04.27 03:31:12,5934,XAUUSD,sell,in,0.02,4681.22,5950,-0.07,0.00,0.00,3 140.50,
2026.04.27 03:31:49,5935,XAUUSD,buy,out,0.02,4680.97,5951,-0.07,0.00,0.50,3 140.93,sl 4680.91
2026.04.27 03:55:15,5936,XAUUSD,sell,in,0.02,4689.34,5952,-0.07,0.00,0.00,3 140.86,
2026.04.27 05:33:19,5937,XAUUSD,buy,in,0.02,4706.40,5953,-0.07,0.00,0.00,3 140.79,
2026.04.27 05:33:40,5938,XAUUSD,sell,out,0.02,4706.55,5954,-0.07,0.00,0.30,3 141.02,sl 4706.55
2026.04.27 05:47:51,5939,XAUUSD,buy,out,0.02,4717.12,5955,-0.07,0.00,-55.56,3 085.39,
2026.04.27 17:27:20,5940,XAUUSD,sell,in,0.02,4688.34,5956,-0.07,0.00,0.00,3 085.32,
2026.04.27 17:28:36,5941,XAUUSD,buy,out,0.02,4688.22,5957,-0.07,0.00,0.24,3 085.49,sl 4688.17
2026.04.27 17:52:43,5942,XAUUSD,sell,in,0.02,4686.62,5958,-0.07,0.00,0.00,3 085.42,
2026.04.27 17:53:57,5943,XAUUSD,buy,out,0.02,4681.18,5959,-0.07,0.00,10.88,3 096.23,sl 4681.18
2026.04.27 18:17:01,5944,XAUUSD,sell,in,0.02,4676.96,5960,-0.07,0.00,0.00,3 096.16,
2026.04.27 18:17:59,5945,XAUUSD,buy,out,0.02,4676.78,5961,-0.07,0.00,0.36,3 096.45,sl 4676.78
2026.04.27 18:41:07,5946,XAUUSD,sell,in,0.02,4680.72,5962,-0.07,0.00,0.00,3 096.38,
2026.04.27 18:42:31,5947,XAUUSD,buy,out,0.02,4680.02,5963,-0.07,0.00,1.40,3 097.71,sl 4679.92
2026.04.27 19:05:14,5948,XAUUSD,sell,in,0.02,4671.10,5964,-0.07,0.00,0.00,3 097.64,
2026.04.27 20:17:50,5949,XAUUSD,buy,out,0.02,4671.05,5965,-0.07,0.00,0.10,3 097.67,sl 4671.05
2026.04.27 20:17:52,5950,XAUUSD,sell,in,0.02,4671.20,5966,-0.07,0.00,0.00,3 097.60,
2026.04.27 20:18:49,5951,XAUUSD,buy,out,0.02,4669.29,5967,-0.07,0.00,3.82,3 101.35,sl 4669.27
2026.04.27 20:41:53,5952,XAUUSD,sell,in,0.02,4681.48,5968,-0.07,0.00,0.00,3 101.28,
2026.04.27 20:42:39,5953,XAUUSD,buy,out,0.02,4681.53,5969,-0.07,0.00,-0.10,3 101.11,sl 4681.44
2026.04.27 21:06:07,5954,XAUUSD,sell,in,0.02,4679.54,5970,-0.07,0.00,0.00,3 101.04,
2026.04.27 22:00:41,5955,XAUUSD,buy,out,0.02,4679.53,5971,-0.07,0.00,0.02,3 100.99,sl 4679.51
2026.04.27 22:00:49,5956,XAUUSD,sell,in,0.02,4679.34,5972,-0.07,0.00,0.00,3 100.92,
2026.04.27 22:04:47,5957,XAUUSD,buy,out,0.02,4679.29,5973,-0.07,0.00,0.10,3 100.95,sl 4679.29
2026.04.27 22:25:53,5958,XAUUSD,sell,in,0.02,4681.72,5974,-0.07,0.00,0.00,3 100.88,
2026.04.27 22:27:27,5959,XAUUSD,buy,out,0.02,4681.69,5975,-0.07,0.00,0.06,3 100.87,sl 4681.69
2026.04.27 22:50:00,5960,XAUUSD,sell,in,0.02,4681.12,5976,-0.07,0.00,0.00,3 100.80,
2026.04.27 22:50:22,5961,XAUUSD,buy,out,0.02,4681.05,5977,-0.07,0.00,0.14,3 100.87,sl 4681.05
2026.04.27 23:14:15,5962,XAUUSD,sell,in,0.02,4679.25,5978,-0.07,0.00,0.00,3 100.80,
2026.04.27 23:52:37,5963,XAUUSD,buy,out,0.02,4679.24,5979,-0.07,0.00,0.02,3 100.75,sl 4679.24
2026.04.27 23:52:41,5964,XAUUSD,sell,in,0.02,4678.88,5980,-0.07,0.00,0.00,3 100.68,
2026.04.28 01:30:42,5965,XAUUSD,buy,in,0.02,4689.23,5981,-0.07,0.00,0.00,3 100.61,
2026.04.28 02:15:44,5966,XAUUSD,sell,out,0.02,4689.78,5982,-0.07,0.00,1.10,3 101.64,sl 4689.80
2026.04.28 04:56:04,5967,XAUUSD,buy,out,0.02,4678.88,5983,-0.07,0.81,0.00,3 102.38,sl 4678.76
2026.04.30 11:05:04,5968,XAUUSD,buy,in,0.02,4626.83,5984,-0.07,0.00,0.00,3 102.31,
2026.04.30 11:05:24,5969,XAUUSD,sell,out,0.02,4628.98,5985,-0.07,0.00,4.30,3 106.54,sl 4629.03
2026.04.30 12:30:48,5970,XAUUSD,buy,in,0.02,4628.39,5986,-0.07,0.00,0.00,3 106.47,
2026.04.30 12:31:15,5971,XAUUSD,sell,out,0.02,4629.48,5987,-0.07,0.00,2.18,3 108.58,sl 4629.50
2026.04.30 13:01:53,5972,XAUUSD,buy,in,0.02,4628.83,5988,-0.07,0.00,0.00,3 108.51,
2026.04.30 13:16:13,5973,XAUUSD,sell,out,0.02,4628.79,5989,-0.07,0.00,-0.08,3 108.36,sl 4628.87
2026.04.30 13:25:53,5974,XAUUSD,buy,in,0.02,4634.66,5990,-0.07,0.00,0.00,3 108.29,
2026.04.30 13:26:21,5975,XAUUSD,sell,out,0.02,4635.10,5991,-0.07,0.00,0.88,3 109.10,sl 4635.10
2026.04.30 13:49:54,5976,XAUUSD,buy,in,0.02,4635.73,5992,-0.07,0.00,0.00,3 109.03,
2026.04.30 13:50:09,5977,XAUUSD,sell,out,0.02,4636.22,5993,-0.07,0.00,0.98,3 109.94,sl 4636.23
2026.04.30 14:14:00,5978,XAUUSD,buy,in,0.02,4638.93,5994,-0.07,0.00,0.00,3 109.87,
2026.04.30 14:21:05,5979,XAUUSD,sell,out,0.02,4639.29,5995,-0.07,0.00,0.72,3 110.52,sl 4639.30
2026.04.30 14:38:03,5980,XAUUSD,buy,in,0.02,4630.18,5996,-0.07,0.00,0.00,3 110.45,
2026.04.30 14:39:16,5981,XAUUSD,sell,out,0.02,4630.53,5997,-0.07,0.00,0.70,3 111.08,sl 4630.55
2026.04.30 15:02:05,5982,XAUUSD,buy,in,0.02,4635.87,5998,-0.07,0.00,0.00,3 111.01,
2026.04.30 15:04:47,5983,XAUUSD,sell,out,0.02,4636.10,5999,-0.07,0.00,0.46,3 111.40,sl 4636.27
2026.04.30 15:26:12,5984,XAUUSD,buy,in,0.02,4630.55,6000,-0.07,0.00,0.00,3 111.33,
2026.04.30 15:26:21,5985,XAUUSD,sell,out,0.02,4630.69,6001,-0.07,0.00,0.28,3 111.54,sl 4630.71
2026.04.30 15:51:54,5986,XAUUSD,buy,in,0.02,4630.66,6002,-0.07,0.00,0.00,3 111.47,
2026.04.30 15:53:00,5987,XAUUSD,sell,out,0.02,4633.11,6003,-0.07,0.00,4.90,3 116.30,sl 4633.12
2026.04.30 16:15:54,5988,XAUUSD,buy,in,0.02,4643.31,6004,-0.07,0.00,0.00,3 116.23,
2026.04.30 17:54:00,5989,XAUUSD,sell,in,0.02,4622.89,6005,-0.07,0.00,0.00,3 116.16,
2026.04.30 17:54:36,5990,XAUUSD,buy,out,0.02,4622.06,6006,-0.07,0.00,1.66,3 117.75,sl 4621.96
2026.05.01 07:54:21,5991,XAUUSD,sell,out,0.02,4609.58,6007,-0.07,-1.14,-67.46,3 049.08,
2026.05.01 10:52:01,5992,XAUUSD,sell,in,0.02,4581.64,6008,-0.07,0.00,0.00,3 049.01,
2026.05.01 10:54:31,5993,XAUUSD,buy,out,0.02,4580.89,6009,-0.07,0.00,1.50,3 050.44,sl 4580.78
2026.05.01 11:16:09,5994,XAUUSD,sell,in,0.02,4576.84,6010,-0.07,0.00,0.00,3 050.37,
2026.05.01 11:16:57,5995,XAUUSD,buy,out,0.02,4574.51,6011,-0.07,0.00,4.66,3 054.96,sl 4574.51
2026.05.01 11:40:16,5996,XAUUSD,sell,in,0.02,4570.18,6012,-0.07,0.00,0.00,3 054.89,
2026.05.01 11:42:00,5997,XAUUSD,buy,out,0.02,4569.68,6013,-0.07,0.00,1.00,3 055.82,sl 4569.67
2026.05.01 12:04:23,5998,XAUUSD,sell,in,0.02,4565.34,6014,-0.07,0.00,0.00,3 055.75,
2026.05.01 12:09:13,5999,XAUUSD,buy,out,0.02,4565.37,6015,-0.07,0.00,-0.06,3 055.62,sl 4565.32
2026.05.01 12:28:25,6000,XAUUSD,sell,in,0.02,4569.02,6016,-0.07,0.00,0.00,3 055.55,
2026.05.01 12:30:35,6001,XAUUSD,buy,out,0.02,4568.93,6017,-0.07,0.00,0.18,3 055.66,sl 4568.93
2026.05.01 12:52:24,6002,XAUUSD,sell,in,0.02,4569.44,6018,-0.07,0.00,0.00,3 055.59,
2026.05.01 12:55:23,6003,XAUUSD,buy,out,0.02,4562.01,6019,-0.07,0.00,14.86,3 070.38,sl 4561.93
2026.05.01 13:16:30,6004,XAUUSD,sell,in,0.02,4567.96,6020,-0.07,0.00,0.00,3 070.31,
2026.05.01 13:17:40,6005,XAUUSD,buy,out,0.02,4567.85,6021,-0.07,0.00,0.22,3 070.46,sl 4567.64
2026.05.01 13:40:36,6006,XAUUSD,sell,in,0.02,4569.44,6022,-0.07,0.00,0.00,3 070.39,
2026.05.01 13:41:58,6007,XAUUSD,buy,out,0.02,4568.71,6023,-0.07,0.00,1.46,3 071.78,sl 4568.59
2026.05.01 14:04:39,6008,XAUUSD,sell,in,0.02,4566.56,6024,-0.07,0.00,0.00,3 071.71,
2026.05.01 14:05:47,6009,XAUUSD,buy,out,0.02,4565.90,6025,-0.07,0.00,1.32,3 072.96,sl 4565.78
2026.05.01 14:28:52,6010,XAUUSD,sell,in,0.02,4571.76,6026,-0.07,0.00,0.00,3 072.89,
2026.05.01 14:30:24,6011,XAUUSD,buy,out,0.02,4571.63,6027,-0.07,0.00,0.26,3 073.08,sl 4571.45
2026.05.01 14:52:52,6012,XAUUSD,sell,in,0.02,4574.88,6028,-0.07,0.00,0.00,3 073.01,
2026.05.01 15:25:47,6013,XAUUSD,buy,out,0.02,4604.10,6029,-0.07,0.00,-58.44,3 014.50,
2026.05.01 17:00:41,6014,XAUUSD,buy,in,0.02,4637.20,6030,-0.07,0.00,0.00,3 014.43,
2026.05.01 17:01:43,6015,XAUUSD,sell,out,0.02,4637.20,6031,-0.07,0.00,0.00,3 014.36,sl 4637.24
2026.05.01 17:24:41,6016,XAUUSD,buy,in,0.02,4650.15,6032,-0.07,0.00,0.00,3 014.29,
2026.05.01 17:28:17,6017,XAUUSD,sell,out,0.02,4650.26,6033,-0.07,0.00,0.22,3 014.44,sl 4650.28
2026.05.01 17:49:02,6018,XAUUSD,buy,in,0.02,4632.34,6034,-0.07,0.00,0.00,3 014.37,
2026.05.01 17:52:23,6019,XAUUSD,sell,out,0.02,4632.44,6035,-0.07,0.00,0.20,3 014.50,sl 4632.77
2026.05.01 18:13:47,6020,XAUUSD,buy,in,0.02,4633.36,6036,-0.07,0.00,0.00,3 014.43,
2026.05.01 18:15:16,6021,XAUUSD,sell,out,0.02,4636.28,6037,-0.07,0.00,5.84,3 020.20,sl 4636.29
2026.05.01 18:37:52,6022,XAUUSD,buy,in,0.02,4639.85,6038,-0.07,0.00,0.00,3 020.13,
2026.05.01 18:37:58,6023,XAUUSD,sell,out,0.02,4639.88,6039,-0.07,0.00,0.06,3 020.12,sl 4639.88
2026.05.01 19:02:04,6024,XAUUSD,buy,in,0.02,4644.39,6041,-0.07,0.00,0.00,3 020.05,
2026.05.01 19:02:25,6025,XAUUSD,sell,out,0.02,4644.50,6042,-0.07,0.00,0.22,3 020.20,sl 4644.51
2026.05.01 19:26:10,6026,XAUUSD,buy,in,0.02,4639.70,6043,-0.07,0.00,0.00,3 020.13,
2026.05.01 19:26:28,6027,XAUUSD,sell,out,0.02,4640.37,6044,-0.07,0.00,1.34,3 021.40,sl 4640.38
2026.05.01 19:50:13,6028,XAUUSD,buy,in,0.02,4638.11,6045,-0.07,0.00,0.00,3 021.33,
2026.05.01 19:51:31,6029,XAUUSD,sell,out,0.02,4638.74,6046,-0.07,0.00,1.26,3 022.52,sl 4638.80
2026.05.01 20:14:18,6030,XAUUSD,buy,in,0.02,4638.76,6047,-0.07,0.00,0.00,3 022.45,
2026.05.01 20:15:49,6031,XAUUSD,sell,out,0.02,4639.46,6048,-0.07,0.00,1.40,3 023.78,sl 4639.47
2026.05.01 20:53:38,6032,XAUUSD,buy,in,0.02,4633.81,6049,-0.07,0.00,0.00,3 023.71,
2026.05.01 22:31:40,6033,XAUUSD,sell,in,0.02,4622.00,6050,-0.07,0.00,0.00,3 023.64,
2026.05.01 22:34:22,6034,XAUUSD,buy,out,0.02,4617.68,6051,-0.07,0.00,8.64,3 032.21,sl 4617.68
2026.05.01 23:04:10,6035,XAUUSD,sell,out,0.02,4607.70,6052,-0.07,0.00,-52.22,2 979.92,
2026.05.04 10:56:56,6036,XAUUSD,sell,in,0.02,4582.58,6053,-0.07,0.00,0.00,2 979.85,
2026.05.04 10:57:10,6037,XAUUSD,buy,out,0.02,4582.38,6054,-0.07,0.00,0.40,2 980.18,sl 4582.35
2026.05.04 11:20:56,6038,XAUUSD,sell,in,0.02,4577.11,6055,-0.07,0.00,0.00,2 980.11,
2026.05.04 11:24:01,6039,XAUUSD,buy,out,0.02,4576.98,6056,-0.07,0.00,0.26,2 980.30,sl 4576.91
2026.05.04 11:45:00,6040,XAUUSD,sell,in,0.02,4578.15,6057,-0.07,0.00,0.00,2 980.23,
2026.05.04 11:45:38,6041,XAUUSD,buy,out,0.02,4578.18,6058,-0.07,0.00,-0.06,2 980.10,sl 4578.03
2026.05.04 12:52:15,6042,XAUUSD,sell,in,0.02,4578.55,6059,-0.07,0.00,0.00,2 980.03,
2026.05.04 12:52:40,6043,XAUUSD,buy,out,0.02,4578.50,6060,-0.07,0.00,0.10,2 980.06,sl 4578.48
2026.05.04 13:16:21,6044,XAUUSD,sell,in,0.02,4538.32,6061,-0.07,0.00,0.00,2 979.99,
2026.05.04 13:18:33,6045,XAUUSD,buy,out,0.02,4536.19,6062,-0.07,0.00,4.26,2 984.18,sl 4536.06
2026.05.04 13:40:27,6046,XAUUSD,sell,in,0.02,4563.28,6063,-0.07,0.00,0.00,2 984.11,
2026.05.04 13:41:03,6047,XAUUSD,buy,out,0.02,4562.33,6064,-0.07,0.00,1.90,2 985.94,sl 4562.32
2026.05.04 14:04:26,6048,XAUUSD,sell,in,0.02,4564.55,6065,-0.07,0.00,0.00,2 985.87,
2026.05.04 14:04:39,6049,XAUUSD,buy,out,0.02,4563.88,6066,-0.07,0.00,1.34,2 987.14,sl 4563.80
2026.05.04 14:28:32,6050,XAUUSD,sell,in,0.02,4562.43,6067,-0.07,0.00,0.00,2 987.07,
2026.05.04 14:31:58,6051,XAUUSD,buy,out,0.02,4560.15,6068,-0.07,0.00,4.56,2 991.56,sl 4560.12
2026.05.04 14:52:37,6052,XAUUSD,sell,in,0.02,4559.20,6069,-0.07,0.00,0.00,2 991.49,
2026.05.04 14:53:05,6053,XAUUSD,buy,out,0.02,4559.39,6070,-0.07,0.00,-0.38,2 991.04,sl 4559.08
2026.05.04 15:16:41,6054,XAUUSD,sell,in,0.02,4567.64,6071,-0.07,0.00,0.00,2 990.97,
2026.05.04 15:26:34,6055,XAUUSD,buy,out,0.02,4567.78,6072,-0.07,0.00,-0.28,2 990.62,sl 4567.63
2026.05.04 15:40:45,6056,XAUUSD,sell,in,0.02,4571.24,6073,-0.07,0.00,0.00,2 990.55,
2026.05.04 15:41:05,6057,XAUUSD,buy,out,0.02,4570.78,6074,-0.07,0.00,0.92,2 991.40,sl 4570.67
2026.05.04 16:04:53,6058,XAUUSD,sell,in,0.02,4564.48,6075,-0.07,0.00,0.00,2 991.33,
2026.05.04 16:21:22,6059,XAUUSD,buy,out,0.02,4564.48,6076,-0.07,0.00,0.00,2 991.26,sl 4564.41
2026.05.04 16:28:54,6060,XAUUSD,sell,in,0.02,4563.95,6077,-0.07,0.00,0.00,2 991.19,
2026.05.04 16:29:34,6061,XAUUSD,buy,out,0.02,4563.41,6078,-0.07,0.00,1.08,2 992.20,sl 4563.35
2026.05.04 16:52:58,6062,XAUUSD,sell,in,0.02,4563.75,6079,-0.07,0.00,0.00,2 992.13,
2026.05.04 16:53:37,6063,XAUUSD,buy,out,0.02,4559.85,6080,-0.07,0.00,7.80,2 999.86,sl 4559.78
2026.05.04 17:17:14,6064,XAUUSD,sell,in,0.02,4566.33,6081,-0.07,0.00,0.00,2 999.79,
2026.05.04 17:18:23,6065,XAUUSD,buy,out,0.02,4566.19,6082,-0.07,0.00,0.28,3 000.00,sl 4566.11
2026.05.04 17:46:55,6066,XAUUSD,sell,in,0.02,4573.37,6083,-0.07,0.00,0.00,2 999.93,
2026.05.04 17:47:15,6067,XAUUSD,buy,out,0.02,4573.36,6084,-0.07,0.00,0.02,2 999.88,sl 4573.34
2026.05.04 18:10:55,6068,XAUUSD,sell,in,0.02,4559.12,6085,-0.07,0.00,0.00,2 999.81,
2026.05.04 18:11:30,6069,XAUUSD,buy,out,0.02,4558.87,6086,-0.07,0.00,0.50,3 000.24,sl 4558.79
2026.05.04 18:35:03,6070,XAUUSD,sell,in,0.02,4534.22,6087,-0.07,0.00,0.00,3 000.17,
2026.05.04 18:35:25,6071,XAUUSD,buy,out,0.02,4531.28,6088,-0.07,0.00,5.88,3 005.98,sl 4531.27
2026.05.04 18:59:03,6072,XAUUSD,sell,in,0.02,4524.82,6089,-0.07,0.00,0.00,3 005.91,
2026.05.04 18:59:41,6073,XAUUSD,buy,out,0.02,4524.85,6090,-0.07,0.00,-0.06,3 005.78,sl 4524.72
2026.05.04 19:23:04,6074,XAUUSD,sell,in,0.02,4521.94,6091,-0.07,0.00,0.00,3 005.71,
2026.05.04 19:24:57,6075,XAUUSD,buy,out,0.02,4522.06,6092,-0.07,0.00,-0.24,3 005.40,sl 4521.93
2026.05.04 19:47:11,6076,XAUUSD,sell,in,0.02,4515.11,6093,-0.07,0.00,0.00,3 005.33,
2026.05.04 19:47:57,6077,XAUUSD,buy,out,0.02,4510.28,6094,-0.07,0.00,9.66,3 014.92,sl 4510.28
2026.05.04 20:11:24,6078,XAUUSD,sell,in,0.02,4522.80,6095,-0.07,0.00,0.00,3 014.85,
2026.05.04 20:11:37,6079,XAUUSD,buy,out,0.02,4522.46,6096,-0.07,0.00,0.68,3 015.46,sl 4522.45
2026.05.04 20:35:25,6080,XAUUSD,sell,in,0.02,4523.98,6097,-0.07,0.00,0.00,3 015.39,
2026.05.04 20:36:11,6081,XAUUSD,buy,out,0.02,4523.95,6098,-0.07,0.00,0.06,3 015.38,sl 4523.94
2026.05.04 20:59:31,6082,XAUUSD,sell,in,0.02,4522.58,6099,-0.07,0.00,0.00,3 015.31,
2026.05.04 21:00:41,6083,XAUUSD,buy,out,0.02,4522.36,6100,-0.07,0.00,0.44,3 015.68,sl 4522.23
2026.05.04 21:23:33,6084,XAUUSD,sell,in,0.02,4516.24,6101,-0.07,0.00,0.00,3 015.61,
2026.05.04 21:23:54,6085,XAUUSD,buy,out,0.02,4515.64,6102,-0.07,0.00,1.20,3 016.74,sl 4515.64
2026.05.04 21:47:39,6086,XAUUSD,sell,in,0.02,4512.85,6103,-0.07,0.00,0.00,3 016.67,
2026.05.04 22:05:02,6087,XAUUSD,buy,out,0.02,4512.31,6104,-0.07,0.00,1.08,3 017.68,sl 4512.31
2026.05.04 22:11:41,6088,XAUUSD,sell,in,0.02,4518.78,6105,-0.07,0.00,0.00,3 017.61,
2026.05.04 22:12:43,6089,XAUUSD,buy,out,0.02,4517.86,6106,-0.07,0.00,1.84,3 019.38,sl 4517.70
2026.05.04 22:35:41,6090,XAUUSD,sell,in,0.02,4524.52,6107,-0.07,0.00,0.00,3 019.31,
2026.05.04 22:39:56,6091,XAUUSD,buy,out,0.02,4524.36,6108,-0.07,0.00,0.32,3 019.56,sl 4524.36
2026.05.04 22:59:47,6092,XAUUSD,sell,in,0.02,4516.51,6109,-0.07,0.00,0.00,3 019.49,
2026.05.04 23:01:23,6093,XAUUSD,buy,out,0.02,4516.16,6110,-0.07,0.00,0.70,3 020.12,sl 4516.05
2026.05.04 23:23:52,6094,XAUUSD,sell,in,0.02,4513.56,6111,-0.07,0.00,0.00,3 020.05,
2026.05.04 23:24:37,6095,XAUUSD,buy,out,0.02,4512.94,6112,-0.07,0.00,1.24,3 021.22,sl 4512.94
2026.05.04 23:47:53,6096,XAUUSD,sell,in,0.02,4521.25,6113,-0.07,0.00,0.00,3 021.15,
2026.05.04 23:51:07,6097,XAUUSD,buy,out,0.02,4521.06,6114,-0.07,0.00,0.38,3 021.46,sl 4521.06
2026.05.05 01:02:02,6098,XAUUSD,sell,in,0.02,4524.25,6115,-0.07,0.00,0.00,3 021.39,
2026.05.05 01:02:40,6099,XAUUSD,buy,out,0.02,4523.79,6116,-0.07,0.00,0.92,3 022.24,sl 4523.54
2026.05.05 01:26:05,6100,XAUUSD,sell,in,0.02,4520.83,6117,-0.07,0.00,0.00,3 022.17,
2026.05.05 01:28:33,6101,XAUUSD,buy,out,0.02,4520.14,6118,-0.07,0.00,1.38,3 023.48,sl 4520.14
2026.05.05 01:50:09,6102,XAUUSD,sell,in,0.02,4517.50,6119,-0.07,0.00,0.00,3 023.41,
2026.05.05 01:54:03,6103,XAUUSD,buy,out,0.02,4516.53,6120,-0.07,0.00,1.94,3 025.28,sl 4516.27
2026.05.05 02:14:16,6104,XAUUSD,sell,in,0.02,4520.32,6121,-0.07,0.00,0.00,3 025.21,
2026.05.05 02:16:59,6105,XAUUSD,buy,out,0.02,4520.08,6122,-0.07,0.00,0.48,3 025.62,sl 4519.94
2026.05.05 02:38:29,6106,XAUUSD,sell,in,0.02,4520.33,6123,-0.07,0.00,0.00,3 025.55,
2026.05.05 02:42:38,6107,XAUUSD,buy,out,0.02,4519.09,6124,-0.07,0.00,2.48,3 027.96,sl 4519.07
2026.05.05 03:02:33,6108,XAUUSD,sell,in,0.02,4523.41,6125,-0.07,0.00,0.00,3 027.89,
2026.05.05 03:02:49,6109,XAUUSD,buy,out,0.02,4523.35,6126,-0.07,0.00,0.12,3 027.94,sl 4523.33
2026.05.05 03:26:38,6110,XAUUSD,sell,in,0.02,4518.57,6127,-0.07,0.00,0.00,3 027.87,
2026.05.05 03:28:29,6111,XAUUSD,buy,out,0.02,4515.21,6128,-0.07,0.00,6.72,3 034.52,sl 4515.21
2026.05.06 03:02:31,6112,XAUUSD,buy,in,0.02,4596.64,6129,-0.07,0.00,0.00,3 034.45,
2026.05.06 03:02:39,6113,XAUUSD,sell,out,0.02,4596.64,6130,-0.07,0.00,0.00,3 034.38,sl 4596.66
2026.05.06 03:26:33,6114,XAUUSD,buy,in,0.02,4603.99,6131,-0.07,0.00,0.00,3 034.31,
2026.05.06 03:31:30,6115,XAUUSD,sell,out,0.02,4604.09,6132,-0.07,0.00,0.20,3 034.44,sl 4604.09
2026.05.06 03:50:34,6116,XAUUSD,buy,in,0.02,4611.02,6133,-0.07,0.00,0.00,3 034.37,
2026.05.06 03:55:31,6117,XAUUSD,sell,out,0.02,4616.08,6134,-0.07,0.00,10.12,3 044.42,sl 4616.27
2026.05.06 04:14:36,6118,XAUUSD,buy,in,0.02,4611.30,6135,-0.07,0.00,0.00,3 044.35,
2026.05.06 04:15:13,6119,XAUUSD,sell,out,0.02,4611.28,6136,-0.07,0.00,-0.04,3 044.24,sl 4611.35
2026.05.06 04:38:43,6120,XAUUSD,buy,in,0.02,4622.91,6137,-0.07,0.00,0.00,3 044.17,
2026.05.06 04:39:32,6121,XAUUSD,sell,out,0.02,4624.09,6138,-0.07,0.00,2.36,3 046.46,sl 4624.09
2026.05.06 05:02:42,6122,XAUUSD,buy,in,0.02,4628.47,6139,-0.07,0.00,0.00,3 046.39,
2026.05.06 05:08:53,6123,XAUUSD,sell,out,0.02,4631.39,6140,-0.07,0.00,5.84,3 052.16,sl 4631.64
2026.05.06 05:26:54,6124,XAUUSD,buy,in,0.02,4632.40,6141,-0.07,0.00,0.00,3 052.09,
2026.05.06 05:35:23,6125,XAUUSD,sell,out,0.02,4632.73,6142,-0.07,0.00,0.66,3 052.68,sl 4632.73
2026.05.06 05:51:00,6126,XAUUSD,buy,in,0.02,4635.48,6143,-0.07,0.00,0.00,3 052.61,
2026.05.06 05:52:03,6127,XAUUSD,sell,out,0.02,4635.98,6144,-0.07,0.00,1.00,3 053.54,sl 4636.04
2026.05.06 06:15:07,6128,XAUUSD,buy,in,0.02,4647.28,6145,-0.07,0.00,0.00,3 053.47,
2026.05.06 06:15:53,6129,XAUUSD,sell,out,0.02,4647.21,6146,-0.07,0.00,-0.14,3 053.26,sl 4647.41
2026.05.06 06:39:10,6130,XAUUSD,buy,in,0.02,4648.24,6147,-0.07,0.00,0.00,3 053.19,
2026.05.06 06:39:43,6131,XAUUSD,sell,out,0.02,4650.30,6148,-0.07,0.00,4.12,3 057.24,sl 4650.31
2026.05.06 07:03:11,6132,XAUUSD,buy,in,0.02,4643.96,6149,-0.07,0.00,0.00,3 057.17,
2026.05.06 07:04:10,6133,XAUUSD,sell,out,0.02,4644.00,6150,-0.07,0.00,0.08,3 057.18,sl 4644.00
2026.05.06 07:27:18,6134,XAUUSD,buy,in,0.02,4649.36,6151,-0.07,0.00,0.00,3 057.11,
2026.05.06 07:27:36,6135,XAUUSD,sell,out,0.02,4650.39,6152,-0.07,0.00,2.06,3 059.10,sl 4650.39
2026.05.06 07:51:24,6136,XAUUSD,buy,in,0.02,4650.74,6153,-0.07,0.00,0.00,3 059.03,
2026.05.06 07:51:56,6137,XAUUSD,sell,out,0.02,4650.76,6154,-0.07,0.00,0.04,3 059.00,sl 4650.76
2026.05.06 08:15:31,6138,XAUUSD,buy,in,0.02,4653.42,6155,-0.07,0.00,0.00,3 058.93,
2026.05.06 08:25:26,6139,XAUUSD,sell,out,0.02,4653.62,6156,-0.07,0.00,0.40,3 059.26,sl 4653.83
2026.05.06 08:39:31,6140,XAUUSD,buy,in,0.02,4647.18,6157,-0.07,0.00,0.00,3 059.19,
2026.05.06 08:44:32,6141,XAUUSD,sell,out,0.02,4649.73,6158,-0.07,0.00,5.10,3 064.22,sl 4649.78
2026.05.06 09:03:31,6142,XAUUSD,buy,in,0.02,4663.33,6159,-0.07,0.00,0.00,3 064.15,
2026.05.06 09:08:50,6143,XAUUSD,sell,out,0.02,4664.85,6160,-0.07,0.00,3.04,3 067.12,sl 4664.88
2026.05.06 09:27:36,6144,XAUUSD,buy,in,0.02,4665.74,6161,-0.07,0.00,0.00,3 067.05,
2026.05.06 09:28:03,6145,XAUUSD,sell,out,0.02,4665.80,6162,-0.07,0.00,0.12,3 067.10,sl 4665.85
2026.05.06 09:51:40,6146,XAUUSD,buy,in,0.02,4663.31,6163,-0.07,0.00,0.00,3 067.03,
2026.05.06 09:52:45,6147,XAUUSD,sell,out,0.02,4664.61,6164,-0.07,0.00,2.60,3 069.56,sl 4664.66
2026.05.06 10:15:43,6148,XAUUSD,buy,in,0.02,4657.56,6165,-0.07,0.00,0.00,3 069.49,
2026.05.06 10:16:32,6149,XAUUSD,sell,out,0.02,4658.39,6166,-0.07,0.00,1.66,3 071.08,sl 4658.40
2026.05.06 10:39:47,6150,XAUUSD,buy,in,0.02,4665.03,6167,-0.07,0.00,0.00,3 071.01,
2026.05.06 10:41:47,6151,XAUUSD,sell,out,0.02,4668.07,6168,-0.07,0.00,6.08,3 077.02,sl 4668.07
2026.05.06 11:04:02,6152,XAUUSD,buy,in,0.02,4677.65,6169,-0.07,0.00,0.00,3 076.95,
2026.05.06 11:04:39,6153,XAUUSD,sell,out,0.02,4677.75,6170,-0.07,0.00,0.20,3 077.08,sl 4677.75
2026.05.06 11:28:05,6154,XAUUSD,buy,in,0.02,4678.79,6171,-0.07,0.00,0.00,3 077.01,
2026.05.06 11:28:30,6155,XAUUSD,sell,out,0.02,4678.80,6172,-0.07,0.00,0.02,3 076.96,sl 4678.82
2026.05.06 11:52:10,6156,XAUUSD,buy,in,0.02,4693.45,6173,-0.07,0.00,0.00,3 076.89,
2026.05.06 11:52:40,6157,XAUUSD,sell,out,0.02,4699.58,6174,-0.07,0.00,12.26,3 089.08,sl 4699.61
2026.05.06 12:16:15,6158,XAUUSD,buy,in,0.02,4696.11,6175,-0.07,0.00,0.00,3 089.01,
2026.05.06 12:16:35,6159,XAUUSD,sell,out,0.02,4696.25,6176,-0.07,0.00,0.28,3 089.22,sl 4696.25
2026.05.06 12:40:15,6160,XAUUSD,buy,in,0.02,4704.49,6177,-0.07,0.00,0.00,3 089.15,
2026.05.06 13:30:25,6161,XAUUSD,sell,out,0.02,4706.69,6178,-0.07,0.00,4.40,3 093.48,sl 4706.73
2026.05.06 13:30:29,6162,XAUUSD,buy,in,0.02,4707.17,6179,-0.07,0.00,0.00,3 093.41,
2026.05.06 13:30:31,6163,XAUUSD,sell,out,0.02,4708.38,6180,-0.07,0.00,2.42,3 095.76,sl 4708.87
2026.05.06 13:54:34,6164,XAUUSD,buy,in,0.02,4719.13,6181,-0.07,0.00,0.00,3 095.69,
2026.05.06 13:55:01,6165,XAUUSD,sell,out,0.02,4720.95,6182,-0.07,0.00,3.64,3 099.26,sl 4721.03
2026.05.06 14:18:36,6166,XAUUSD,buy,in,0.02,4712.38,6183,-0.07,0.00,0.00,3 099.19,
2026.05.06 14:19:26,6167,XAUUSD,sell,out,0.02,4712.85,6184,-0.07,0.00,0.94,3 100.06,sl 4712.88
2026.05.06 14:42:38,6168,XAUUSD,buy,in,0.02,4705.74,6185,-0.07,0.00,0.00,3 099.99,
2026.05.06 16:20:40,6169,XAUUSD,sell,in,0.02,4680.45,6186,-0.07,0.00,0.00,3 099.92,
2026.05.06 16:54:34,6170,XAUUSD,sell,out,0.02,4706.18,6187,-0.07,0.00,0.88,3 100.73,sl 4706.28
2026.05.06 20:35:49,6171,XAUUSD,buy,out,0.02,4680.25,6188,-0.07,0.00,0.40,3 101.06,sl 4680.21
2026.05.11 08:43:16,6172,XAUUSD,sell,in,0.02,4664.28,6189,-0.07,0.00,0.00,3 100.99,
2026.05.11 08:43:23,6173,XAUUSD,buy,out,0.02,4664.22,6190,-0.07,0.00,0.12,3 101.04,sl 4664.12
2026.05.11 09:07:30,6174,XAUUSD,sell,in,0.02,4658.95,6191,-0.07,0.00,0.00,3 100.97,
2026.05.11 10:45:43,6175,XAUUSD,buy,in,0.02,4672.73,6192,-0.07,0.00,0.00,3 100.90,
2026.05.11 11:13:45,6176,XAUUSD,sell,out,0.02,4672.74,6193,-0.07,0.00,0.02,3 100.85,sl 4672.78
2026.05.11 12:29:00,6177,XAUUSD,buy,out,0.02,4658.92,6194,-0.07,0.00,0.06,3 100.84,sl 4658.86
2026.05.11 16:09:05,6178,XAUUSD,buy,in,0.02,4715.64,6195,-0.07,0.00,0.00,3 100.77,
2026.05.11 16:10:01,6179,XAUUSD,sell,out,0.02,4716.61,6196,-0.07,0.00,1.94,3 102.64,sl 4716.69
2026.05.11 16:33:05,6180,XAUUSD,buy,in,0.02,4735.22,6197,-0.07,0.00,0.00,3 102.57,
2026.05.11 16:33:23,6181,XAUUSD,sell,out,0.02,4735.84,6198,-0.07,0.00,1.24,3 103.74,sl 4735.85
2026.05.11 16:57:12,6182,XAUUSD,buy,in,0.02,4743.35,6199,-0.07,0.00,0.00,3 103.67,
2026.05.11 18:35:17,6183,XAUUSD,sell,in,0.02,4732.10,6200,-0.07,0.00,0.00,3 103.60,
2026.05.11 18:36:04,6184,XAUUSD,buy,out,0.02,4730.90,6201,-0.07,0.00,2.40,3 105.93,sl 4730.90
2026.05.12 01:08:44,6185,XAUUSD,sell,out,0.02,4742.92,6202,-0.07,-1.14,-0.86,3 103.86,sl 4743.39
2026.05.12 17:33:26,6186,XAUUSD,sell,in,0.02,4673.46,6203,-0.07,0.00,0.00,3 103.79,
2026.05.12 17:51:15,6187,XAUUSD,buy,out,0.02,4673.42,6204,-0.07,0.00,0.08,3 103.80,sl 4673.42
2026.05.12 17:57:30,6188,XAUUSD,sell,in,0.02,4671.84,6205,-0.07,0.00,0.00,3 103.73,
2026.05.12 17:58:22,6189,XAUUSD,buy,out,0.02,4671.18,6206,-0.07,0.00,1.32,3 104.98,sl 4671.10
2026.05.12 18:21:37,6190,XAUUSD,sell,in,0.02,4657.66,6207,-0.07,0.00,0.00,3 104.91,
2026.05.12 18:22:15,6191,XAUUSD,buy,out,0.02,4655.72,6208,-0.07,0.00,3.88,3 108.72,sl 4655.66
2026.05.12 18:45:37,6192,XAUUSD,sell,in,0.02,4669.09,6209,-0.07,0.00,0.00,3 108.65,
2026.05.12 18:46:24,6193,XAUUSD,buy,out,0.02,4667.23,6210,-0.07,0.00,3.72,3 112.30,sl 4667.20
2026.05.12 19:09:53,6194,XAUUSD,sell,in,0.02,4668.81,6211,-0.07,0.00,0.00,3 112.23,
2026.05.12 19:24:01,6195,XAUUSD,buy,out,0.02,4668.89,6212,-0.07,0.00,-0.16,3 112.00,sl 4668.71
2026.05.12 19:33:56,6196,XAUUSD,sell,in,0.02,4667.17,6213,-0.07,0.00,0.00,3 111.93,
2026.05.12 21:12:04,6197,XAUUSD,buy,in,0.02,4678.83,6214,-0.07,0.00,0.00,3 111.86,
2026.05.12 21:13:26,6198,XAUUSD,sell,out,0.02,4679.68,6215,-0.07,0.00,1.70,3 113.49,sl 4679.69
2026.05.12 22:07:53,6199,XAUUSD,buy,in,0.02,4700.09,6216,-0.07,0.00,0.00,3 113.42,
2026.05.12 22:12:37,6200,XAUUSD,sell,out,0.02,4701.03,6217,-0.07,0.00,1.88,3 115.23,sl 4701.09
2026.05.12 22:25:48,6201,XAUUSD,buy,out,0.02,4704.42,6218,-0.07,0.00,-74.50,3 040.66,
2026.05.13 16:46:22,6202,XAUUSD,sell,in,0.02,4672.94,6219,-0.07,0.00,0.00,3 040.59,
2026.05.13 16:46:30,6203,XAUUSD,buy,out,0.02,4672.94,6220,-0.07,0.00,0.00,3 040.52,sl 4672.93
2026.05.14 16:42:30,6204,XAUUSD,sell,in,0.02,4669.26,6221,-0.07,0.00,0.00,3 040.45,
2026.05.14 16:42:34,6205,XAUUSD,buy,out,0.02,4669.57,6222,-0.07,0.00,-0.62,3 039.76,sl 4669.24
2026.05.14 22:30:04,6206,XAUUSD,sell,in,0.02,4663.35,6223,-0.07,0.00,0.00,3 039.69,
2026.05.14 22:32:53,6207,XAUUSD,buy,out,0.02,4662.11,6224,-0.07,0.00,2.48,3 042.10,sl 4662.07
2026.05.14 22:54:07,6208,XAUUSD,sell,in,0.02,4658.13,6225,-0.07,0.00,0.00,3 042.03,
2026.05.14 22:54:43,6209,XAUUSD,buy,out,0.02,4658.05,6226,-0.07,0.00,0.16,3 042.12,sl 4657.99
2026.05.14 23:18:15,6210,XAUUSD,sell,in,0.02,4649.57,6227,-0.07,0.00,0.00,3 042.05,
2026.05.14 23:22:27,6211,XAUUSD,buy,out,0.02,4649.57,6228,-0.07,0.00,0.00,3 041.98,sl 4649.56
2026.05.14 23:42:22,6212,XAUUSD,sell,in,0.02,4651.00,6229,-0.07,0.00,0.00,3 041.91,
2026.05.14 23:52:17,6213,XAUUSD,buy,out,0.02,4650.19,6230,-0.07,0.00,1.62,3 043.46,sl 4650.16
2026.05.15 01:02:02,6214,XAUUSD,sell,in,0.02,4650.16,6231,-0.07,0.00,0.00,3 043.39,
2026.05.15 02:36:40,6215,XAUUSD,buy,out,0.02,4650.12,6232,-0.07,0.00,0.08,3 043.40,sl 4650.09
2026.05.15 02:36:45,6216,XAUUSD,sell,in,0.02,4649.90,6233,-0.07,0.00,0.00,3 043.33,
2026.05.15 02:37:03,6217,XAUUSD,buy,out,0.02,4648.94,6234,-0.07,0.00,1.92,3 045.18,sl 4648.93
2026.05.15 03:00:51,6218,XAUUSD,sell,in,0.02,4648.52,6235,-0.07,0.00,0.00,3 045.11,
2026.05.15 03:01:11,6219,XAUUSD,buy,out,0.02,4648.60,6236,-0.07,0.00,-0.16,3 044.88,sl 4648.38
2026.05.15 03:24:52,6220,XAUUSD,sell,in,0.02,4644.90,6237,-0.07,0.00,0.00,3 044.81,
2026.05.15 03:25:31,6221,XAUUSD,buy,out,0.02,4635.40,6238,-0.07,0.00,19.00,3 063.74,sl 4635.26
2026.05.15 03:48:56,6222,XAUUSD,sell,in,0.02,4625.19,6239,-0.07,0.00,0.00,3 063.67,
2026.05.15 03:51:38,6223,XAUUSD,buy,out,0.02,4620.19,6240,-0.07,0.00,10.00,3 073.60,sl 4620.10
2026.05.15 04:13:04,6224,XAUUSD,sell,in,0.02,4608.56,6241,-0.07,0.00,0.00,3 073.53,
2026.05.15 04:30:07,6225,XAUUSD,buy,out,0.02,4608.57,6242,-0.07,0.00,-0.02,3 073.44,sl 4608.55
2026.05.15 04:37:03,6226,XAUUSD,sell,in,0.02,4618.19,6243,-0.07,0.00,0.00,3 073.37,
2026.05.15 04:37:16,6227,XAUUSD,buy,out,0.02,4617.58,6244,-0.07,0.00,1.22,3 074.52,sl 4617.28
2026.05.15 05:01:11,6228,XAUUSD,sell,in,0.02,4613.34,6245,-0.07,0.00,0.00,3 074.45,
2026.05.15 05:01:50,6229,XAUUSD,buy,out,0.02,4611.33,6246,-0.07,0.00,4.02,3 078.40,sl 4611.18
2026.05.15 05:25:17,6230,XAUUSD,sell,in,0.02,4612.71,6247,-0.07,0.00,0.00,3 078.33,
2026.05.15 05:29:20,6231,XAUUSD,buy,out,0.02,4612.59,6248,-0.07,0.00,0.24,3 078.50,sl 4612.51
2026.05.15 05:49:18,6232,XAUUSD,sell,in,0.02,4614.23,6249,-0.07,0.00,0.00,3 078.43,
2026.05.15 05:49:39,6233,XAUUSD,buy,out,0.02,4614.21,6250,-0.07,0.00,0.04,3 078.40,sl 4614.18
2026.05.15 06:13:21,6234,XAUUSD,sell,in,0.02,4619.57,6251,-0.07,0.00,0.00,3 078.33,
2026.05.15 06:14:19,6235,XAUUSD,buy,out,0.02,4617.83,6252,-0.07,0.00,3.48,3 081.74,sl 4617.56
2026.05.15 06:37:25,6236,XAUUSD,sell,in,0.02,4611.98,6253,-0.07,0.00,0.00,3 081.67,
2026.05.15 06:56:20,6237,XAUUSD,buy,out,0.02,4611.34,6254,-0.07,0.00,1.28,3 082.88,sl 4611.28
2026.05.15 07:01:32,6238,XAUUSD,sell,in,0.02,4614.71,6255,-0.07,0.00,0.00,3 082.81,
2026.05.15 07:02:08,6239,XAUUSD,buy,out,0.02,4614.50,6256,-0.07,0.00,0.42,3 083.16,sl 4614.49
2026.05.15 07:25:34,6240,XAUUSD,sell,in,0.02,4611.74,6257,-0.07,0.00,0.00,3 083.09,
2026.05.15 07:26:16,6241,XAUUSD,buy,out,0.02,4611.52,6258,-0.07,0.00,0.44,3 083.46,sl 4611.51
2026.05.15 07:49:39,6242,XAUUSD,sell,in,0.02,4608.83,6259,-0.07,0.00,0.00,3 083.39,
2026.05.15 07:52:03,6243,XAUUSD,buy,out,0.02,4608.82,6260,-0.07,0.00,0.02,3 083.34,sl 4608.82
2026.05.15 08:13:45,6244,XAUUSD,sell,in,0.02,4589.90,6261,-0.07,0.00,0.00,3 083.27,
2026.05.15 08:13:57,6245,XAUUSD,buy,out,0.02,4589.86,6262,-0.07,0.00,0.08,3 083.28,sl 4589.80
2026.05.15 08:37:46,6246,XAUUSD,sell,in,0.02,4571.20,6263,-0.07,0.00,0.00,3 083.21,
2026.05.15 08:38:17,6247,XAUUSD,buy,out,0.02,4565.76,6264,-0.07,0.00,10.88,3 094.02,sl 4565.75
2026.05.15 09:01:52,6248,XAUUSD,sell,in,0.02,4560.58,6265,-0.07,0.00,0.00,3 093.95,
2026.05.15 09:03:11,6249,XAUUSD,buy,out,0.02,4560.83,6266,-0.07,0.00,-0.50,3 093.38,sl 4560.53
2026.05.15 09:25:53,6250,XAUUSD,sell,in,0.02,4574.50,6267,-0.07,0.00,0.00,3 093.31,
2026.05.15 09:28:15,6251,XAUUSD,buy,out,0.02,4573.71,6268,-0.07,0.00,1.58,3 094.82,sl 4573.66
2026.05.15 09:49:52,6252,XAUUSD,sell,in,0.02,4573.16,6269,-0.07,0.00,0.00,3 094.75,
2026.05.15 09:50:55,6253,XAUUSD,buy,out,0.02,4570.22,6270,-0.07,0.00,5.88,3 100.56,sl 4570.13
2026.05.15 10:13:58,6254,XAUUSD,sell,in,0.02,4585.08,6271,-0.07,0.00,0.00,3 100.49,
2026.05.15 10:14:14,6255,XAUUSD,buy,out,0.02,4584.97,6272,-0.07,0.00,0.22,3 100.64,sl 4584.81
2026.05.15 10:38:01,6256,XAUUSD,sell,in,0.02,4577.01,6273,-0.07,0.00,0.00,3 100.57,
2026.05.15 10:40:21,6257,XAUUSD,buy,out,0.02,4576.58,6274,-0.07,0.00,0.86,3 101.36,sl 4576.57
2026.05.15 11:02:05,6258,XAUUSD,sell,in,0.02,4563.68,6275,-0.07,0.00,0.00,3 101.29,
2026.05.15 11:02:22,6259,XAUUSD,buy,out,0.02,4563.03,6276,-0.07,0.00,1.30,3 102.52,sl 4563.03
2026.05.15 11:26:07,6260,XAUUSD,sell,in,0.02,4559.21,6277,-0.07,0.00,0.00,3 102.45,
2026.05.15 11:26:45,6261,XAUUSD,buy,out,0.02,4559.07,6278,-0.07,0.00,0.28,3 102.66,sl 4559.02
2026.05.15 11:50:09,6262,XAUUSD,sell,in,0.02,4562.32,6279,-0.07,0.00,0.00,3 102.59,
2026.05.15 11:50:39,6263,XAUUSD,buy,out,0.02,4561.46,6280,-0.07,0.00,1.72,3 104.24,sl 4561.41
2026.05.15 12:14:09,6264,XAUUSD,sell,in,0.02,4548.72,6281,-0.07,0.00,0.00,3 104.17,
2026.05.15 12:14:52,6265,XAUUSD,buy,out,0.02,4547.41,6282,-0.07,0.00,2.62,3 106.72,sl 4547.40
2026.05.15 12:38:13,6266,XAUUSD,sell,in,0.02,4547.10,6283,-0.07,0.00,0.00,3 106.65,
2026.05.15 12:39:00,6267,XAUUSD,buy,out,0.02,4545.59,6284,-0.07,0.00,3.02,3 109.60,sl 4545.55
2026.05.15 13:02:14,6268,XAUUSD,sell,in,0.02,4546.43,6285,-0.07,0.00,0.00,3 109.53,
2026.05.15 13:03:33,6269,XAUUSD,buy,out,0.02,4546.41,6286,-0.07,0.00,0.04,3 109.50,sl 4546.41
2026.05.15 13:26:16,6270,XAUUSD,sell,in,0.02,4553.71,6287,-0.07,0.00,0.00,3 109.43,
2026.05.15 13:27:50,6271,XAUUSD,buy,out,0.02,4553.06,6288,-0.07,0.00,1.30,3 110.66,sl 4553.06
2026.05.15 13:50:22,6272,XAUUSD,sell,in,0.02,4560.04,6289,-0.07,0.00,0.00,3 110.59,
2026.05.15 13:51:17,6273,XAUUSD,buy,out,0.02,4559.57,6290,-0.07,0.00,0.94,3 111.46,sl 4559.47
2026.05.15 14:14:28,6274,XAUUSD,sell,in,0.02,4567.36,6291,-0.07,0.00,0.00,3 111.39,
2026.05.15 14:15:04,6275,XAUUSD,buy,out,0.02,4567.26,6292,-0.07,0.00,0.20,3 111.52,sl 4567.26
2026.05.15 14:38:35,6276,XAUUSD,sell,in,0.02,4555.90,6293,-0.07,0.00,0.00,3 111.45,
2026.05.15 14:40:05,6277,XAUUSD,buy,out,0.02,4554.72,6294,-0.07,0.00,2.36,3 113.74,sl 4554.67
2026.05.15 15:02:43,6278,XAUUSD,sell,in,0.02,4549.63,6295,-0.07,0.00,0.00,3 113.67,
2026.05.15 15:06:15,6279,XAUUSD,buy,out,0.02,4549.62,6296,-0.07,0.00,0.02,3 113.62,sl 4549.59
2026.05.15 15:26:47,6280,XAUUSD,sell,in,0.02,4556.54,6297,-0.07,0.00,0.00,3 113.55,
2026.05.15 15:27:18,6281,XAUUSD,buy,out,0.02,4556.00,6298,-0.07,0.00,1.08,3 114.56,sl 4555.80
2026.05.19 04:19:25,6282,XAUUSD,sell,in,0.02,4558.76,6299,-0.07,0.00,0.00,3 114.49,
2026.05.19 04:20:37,6283,XAUUSD,buy,out,0.02,4558.56,6300,-0.07,0.00,0.40,3 114.82,sl 4558.54
2026.05.19 05:05:34,6284,XAUUSD,sell,in,0.02,4558.16,6301,-0.07,0.00,0.00,3 114.75,
2026.05.19 05:06:21,6285,XAUUSD,buy,out,0.02,4557.10,6302,-0.07,0.00,2.12,3 116.80,sl 4557.10
2026.05.19 05:30:19,6286,XAUUSD,sell,in,0.02,4556.16,6303,-0.07,0.00,0.00,3 116.73,
2026.05.19 05:30:42,6287,XAUUSD,buy,out,0.02,4556.15,6304,-0.07,0.00,0.02,3 116.68,sl 4556.14
2026.05.19 05:54:21,6288,XAUUSD,sell,in,0.02,4551.46,6305,-0.07,0.00,0.00,3 116.61,
2026.05.19 05:54:53,6289,XAUUSD,buy,out,0.02,4551.11,6306,-0.07,0.00,0.70,3 117.24,sl 4550.94
2026.05.19 06:18:24,6290,XAUUSD,sell,in,0.02,4551.16,6307,-0.07,0.00,0.00,3 117.17,
2026.05.19 06:21:13,6291,XAUUSD,buy,out,0.02,4550.35,6308,-0.07,0.00,1.62,3 118.72,sl 4550.32
2026.05.19 06:42:28,6292,XAUUSD,sell,in,0.02,4550.50,6309,-0.07,0.00,0.00,3 118.65,
2026.05.19 06:43:29,6293,XAUUSD,buy,out,0.02,4549.57,6310,-0.07,0.00,1.86,3 120.44,sl 4549.48
2026.05.19 07:06:32,6294,XAUUSD,sell,in,0.02,4544.11,6311,-0.07,0.00,0.00,3 120.37,
2026.05.19 07:07:08,6295,XAUUSD,buy,out,0.02,4543.93,6312,-0.07,0.00,0.36,3 120.66,sl 4543.92
2026.05.19 07:30:33,6296,XAUUSD,sell,in,0.02,4538.03,6313,-0.07,0.00,0.00,3 120.59,
2026.05.19 08:22:35,6297,XAUUSD,buy,out,0.02,4537.96,6314,-0.07,0.00,0.14,3 120.66,sl 4537.92
2026.05.19 08:22:47,6298,XAUUSD,sell,in,0.02,4537.30,6315,-0.07,0.00,0.00,3 120.59,
2026.05.19 08:23:11,6299,XAUUSD,buy,out,0.02,4537.28,6316,-0.07,0.00,0.04,3 120.56,sl 4537.28
2026.05.19 08:46:55,6300,XAUUSD,sell,in,0.02,4539.85,6317,-0.07,0.00,0.00,3 120.49,
2026.05.19 08:47:49,6301,XAUUSD,buy,out,0.02,4538.91,6318,-0.07,0.00,1.88,3 122.30,sl 4538.91
2026.05.19 09:11:00,6302,XAUUSD,sell,in,0.02,4539.70,6319,-0.07,0.00,0.00,3 122.23,
2026.05.19 09:11:32,6303,XAUUSD,buy,out,0.02,4539.53,6320,-0.07,0.00,0.34,3 122.50,sl 4539.41
2026.05.19 09:35:01,6304,XAUUSD,sell,in,0.02,4550.30,6321,-0.07,0.00,0.00,3 122.43,
2026.05.19 09:35:08,6305,XAUUSD,buy,out,0.02,4550.00,6322,-0.07,0.00,0.60,3 122.96,sl 4549.90
2026.05.19 09:59:08,6306,XAUUSD,sell,in,0.02,4548.25,6323,-0.07,0.00,0.00,3 122.89,
2026.05.19 09:59:57,6307,XAUUSD,buy,out,0.02,4548.22,6324,-0.07,0.00,0.06,3 122.88,sl 4548.21
2026.05.19 10:23:16,6308,XAUUSD,sell,in,0.02,4545.99,6325,-0.07,0.00,0.00,3 122.81,
2026.05.19 10:28:40,6309,XAUUSD,buy,out,0.02,4544.74,6326,-0.07,0.00,2.50,3 125.24,sl 4544.72
2026.05.19 10:47:47,6310,XAUUSD,sell,in,0.02,4551.74,6327,-0.07,0.00,0.00,3 125.17,
2026.05.19 10:47:53,6311,XAUUSD,buy,out,0.02,4551.77,6328,-0.07,0.00,-0.06,3 125.04,sl 4551.71
2026.05.19 11:11:59,6312,XAUUSD,sell,in,0.02,4544.64,6329,-0.07,0.00,0.00,3 124.97,
2026.05.19 11:13:02,6313,XAUUSD,buy,out,0.02,4543.68,6330,-0.07,0.00,1.92,3 126.82,sl 4543.67
2026.05.19 11:36:04,6314,XAUUSD,sell,in,0.02,4544.51,6331,-0.07,0.00,0.00,3 126.75,
2026.05.19 11:36:28,6315,XAUUSD,buy,out,0.02,4544.42,6332,-0.07,0.00,0.18,3 126.86,sl 4544.40
2026.05.19 12:00:04,6316,XAUUSD,sell,in,0.02,4541.96,6333,-0.07,0.00,0.00,3 126.79,
2026.05.19 12:00:58,6317,XAUUSD,buy,out,0.02,4541.34,6334,-0.07,0.00,1.24,3 127.96,sl 4541.34
2026.05.19 12:24:07,6318,XAUUSD,sell,in,0.02,4545.82,6335,-0.07,0.00,0.00,3 127.89,
2026.05.19 12:25:56,6319,XAUUSD,buy,out,0.02,4544.89,6336,-0.07,0.00,1.86,3 129.68,sl 4544.89
2026.05.19 12:48:07,6320,XAUUSD,sell,in,0.02,4540.38,6337,-0.07,0.00,0.00,3 129.61,
2026.05.19 12:51:54,6321,XAUUSD,buy,out,0.02,4540.36,6338,-0.07,0.00,0.04,3 129.58,sl 4540.03
2026.05.19 13:12:08,6322,XAUUSD,sell,in,0.02,4539.11,6339,-0.07,0.00,0.00,3 129.51,
2026.05.19 13:16:51,6323,XAUUSD,buy,out,0.02,4539.11,6340,-0.07,0.00,0.00,3 129.44,sl 4539.08
2026.05.19 13:36:10,6324,XAUUSD,sell,in,0.02,4541.88,6341,-0.07,0.00,0.00,3 129.37,
2026.05.19 13:37:05,6325,XAUUSD,buy,out,0.02,4541.89,6342,-0.07,0.00,-0.02,3 129.28,sl 4541.87
2026.05.19 14:00:16,6326,XAUUSD,sell,in,0.02,4546.70,6343,-0.07,0.00,0.00,3 129.21,
2026.05.19 14:00:50,6327,XAUUSD,buy,out,0.02,4544.58,6344,-0.07,0.00,4.24,3 133.38,sl 4544.50
2026.05.19 14:24:16,6328,XAUUSD,sell,in,0.02,4540.81,6345,-0.07,0.00,0.00,3 133.31,
2026.05.19 14:27:06,6329,XAUUSD,buy,out,0.02,4537.78,6346,-0.07,0.00,6.06,3 139.30,sl 4537.74
2026.05.19 14:48:22,6330,XAUUSD,sell,in,0.02,4538.89,6347,-0.07,0.00,0.00,3 139.23,
2026.05.19 14:48:39,6331,XAUUSD,buy,out,0.02,4538.82,6348,-0.07,0.00,0.14,3 139.30,sl 4538.82
2026.05.19 15:12:22,6332,XAUUSD,sell,in,0.02,4545.14,6349,-0.07,0.00,0.00,3 139.23,
2026.05.19 15:13:51,6333,XAUUSD,buy,out,0.02,4543.46,6350,-0.07,0.00,3.36,3 142.52,sl 4543.44
2026.05.19 15:36:31,6334,XAUUSD,sell,in,0.02,4545.44,6351,-0.07,0.00,0.00,3 142.45,
2026.05.19 15:36:50,6335,XAUUSD,buy,out,0.02,4544.08,6352,-0.07,0.00,2.72,3 145.10,sl 4544.08
2026.05.19 16:00:32,6336,XAUUSD,sell,in,0.02,4534.55,6353,-0.07,0.00,0.00,3 145.03,
2026.05.19 16:00:57,6337,XAUUSD,buy,out,0.02,4533.79,6354,-0.07,0.00,1.52,3 146.48,sl 4533.77
2026.05.19 16:24:38,6338,XAUUSD,sell,in,0.02,4505.46,6355,-0.07,0.00,0.00,3 146.41,
2026.05.19 16:24:55,6339,XAUUSD,buy,out,0.02,4505.40,6356,-0.07,0.00,0.12,3 146.46,sl 4505.40
2026.05.19 16:48:46,6340,XAUUSD,sell,in,0.02,4474.59,6357,-0.07,0.00,0.00,3 146.39,
2026.05.19 18:26:53,6341,XAUUSD,buy,in,0.02,4497.44,6358,-0.07,0.00,0.00,3 146.32,
2026.05.19 18:28:15,6342,XAUUSD,sell,out,0.02,4498.83,6359,-0.07,0.00,2.78,3 149.03,sl 4498.83
2026.05.20 04:30:00,6343,XAUUSD,buy,out,0.02,4474.58,6360,-0.07,0.81,0.02,3 149.79,sl 4474.44
2026.05.21 04:11:38,6344,XAUUSD,buy,in,0.02,4558.40,6361,-0.07,0.00,0.00,3 149.72,
2026.05.21 04:12:02,6345,XAUUSD,sell,out,0.02,4559.14,6362,-0.07,0.00,1.48,3 151.13,sl 4559.15
2026.05.21 04:35:43,6346,XAUUSD,buy,in,0.02,4562.38,6363,-0.07,0.00,0.00,3 151.06,
2026.05.21 04:36:00,6347,XAUUSD,sell,out,0.02,4562.64,6364,-0.07,0.00,0.52,3 151.51,sl 4562.66
2026.05.21 04:59:46,6348,XAUUSD,buy,in,0.02,4561.52,6365,-0.07,0.00,0.00,3 151.44,
2026.05.21 05:01:00,6349,XAUUSD,sell,out,0.02,4564.21,6366,-0.07,0.00,5.38,3 156.75,sl 4564.25
2026.05.21 16:00:04,6350,XAUUSD,sell,in,0.02,4501.16,6367,-0.07,0.00,0.00,3 156.68,
2026.05.21 16:15:33,6351,XAUUSD,buy,out,0.02,4499.20,6368,-0.07,0.00,3.92,3 160.53,sl 4499.08
2026.05.21 16:24:09,6352,XAUUSD,sell,in,0.02,4501.44,6369,-0.07,0.00,0.00,3 160.46,
2026.05.21 16:24:45,6353,XAUUSD,buy,out,0.02,4497.92,6370,-0.07,0.00,7.04,3 167.43,sl 4497.74
2026.05.21 16:48:10,6354,XAUUSD,sell,in,0.02,4500.37,6371,-0.07,0.00,0.00,3 167.36,
2026.05.21 16:50:08,6355,XAUUSD,buy,out,0.02,4500.52,6372,-0.07,0.00,-0.30,3 166.99,sl 4500.35
2026.05.21 17:16:33,6356,XAUUSD,sell,in,0.02,4500.71,6373,-0.07,0.00,0.00,3 166.92,
2026.05.21 17:16:44,6357,XAUUSD,buy,out,0.02,4500.53,6374,-0.07,0.00,0.36,3 167.21,sl 4500.51
2026.05.21 18:07:01,6358,XAUUSD,sell,in,0.02,4500.28,6375,-0.07,0.00,0.00,3 167.14,
2026.05.21 18:07:35,6359,XAUUSD,buy,out,0.02,4498.16,6376,-0.07,0.00,4.24,3 171.31,sl 4498.15
2026.05.21 20:51:20,6360,XAUUSD,buy,in,0.02,4554.74,6377,-0.07,0.00,0.00,3 171.24,
2026.05.21 20:52:09,6361,XAUUSD,sell,out,0.02,4556.54,6378,-0.07,0.00,3.60,3 174.77,sl 4556.59
2026.05.22 17:13:47,6362,XAUUSD,sell,in,0.02,4501.76,6379,-0.07,0.00,0.00,3 174.70,
2026.05.22 17:15:05,6363,XAUUSD,buy,out,0.02,4499.02,6380,-0.07,0.00,5.48,3 180.11,sl 4498.98
2026.05.22 17:38:36,6364,XAUUSD,sell,in,0.02,4498.52,6381,-0.07,0.00,0.00,3 180.04,
2026.05.22 19:16:48,6365,XAUUSD,buy,in,0.02,4518.13,6382,-0.07,0.00,0.00,3 179.97,
2026.05.22 19:17:24,6366,XAUUSD,sell,out,0.02,4518.27,6383,-0.07,0.00,0.28,3 180.18,sl 4518.27
2026.05.22 19:30:42,6367,XAUUSD,buy,in,0.02,4526.49,6384,-0.07,0.00,0.00,3 180.11,
2026.05.22 20:30:13,6368,XAUUSD,buy,out,0.02,4526.65,6385,-0.07,0.00,-56.26,3 123.78,
2026.05.22 20:30:24,6369,XAUUSD,sell,out,0.02,4526.50,6386,-0.07,0.00,0.02,3 123.73,sl 4526.51
2026.05.25 01:04:45,6370,XAUUSD,buy,in,0.02,4552.99,6387,-0.07,0.00,0.00,3 123.66,
2026.05.25 01:05:39,6371,XAUUSD,sell,out,0.02,4553.28,6388,-0.07,0.00,0.58,3 124.17,sl 4553.31
2026.05.25 01:28:50,6372,XAUUSD,buy,in,0.02,4552.35,6389,-0.07,0.00,0.00,3 124.10,
2026.05.25 01:31:06,6373,XAUUSD,sell,out,0.02,4556.57,6390,-0.07,0.00,8.44,3 132.47,sl 4556.62
2026.05.25 01:52:54,6374,XAUUSD,buy,in,0.02,4562.69,6391,-0.07,0.00,0.00,3 132.40,
2026.05.25 02:00:27,6375,XAUUSD,sell,out,0.02,4566.91,6392,-0.07,0.00,8.44,3 140.77,sl 4566.91
2026.05.25 02:16:55,6376,XAUUSD,buy,in,0.02,4575.32,6393,-0.07,0.00,0.00,3 140.70,
2026.05.25 02:18:02,6377,XAUUSD,sell,out,0.02,4575.70,6394,-0.07,0.00,0.76,3 141.39,sl 4575.71
2026.05.25 02:40:57,6378,XAUUSD,buy,in,0.02,4578.88,6395,-0.07,0.00,0.00,3 141.32,
2026.05.25 02:41:48,6379,XAUUSD,sell,out,0.02,4578.85,6396,-0.07,0.00,-0.06,3 141.19,sl 4579.01
2026.05.25 03:05:03,6380,XAUUSD,buy,in,0.02,4568.85,6397,-0.07,0.00,0.00,3 141.12,
2026.05.25 03:06:09,6381,XAUUSD,sell,out,0.02,4571.55,6398,-0.07,0.00,5.40,3 146.45,sl 4571.63
2026.05.25 03:29:06,6382,XAUUSD,buy,in,0.02,4570.91,6399,-0.07,0.00,0.00,3 146.38,
2026.05.25 03:31:00,6383,XAUUSD,sell,out,0.02,4574.18,6400,-0.07,0.00,6.54,3 152.85,sl 4574.18
2026.05.25 03:53:06,6384,XAUUSD,buy,in,0.02,4572.40,6401,-0.07,0.00,0.00,3 152.78,
2026.05.25 03:54:46,6385,XAUUSD,sell,out,0.02,4574.00,6402,-0.07,0.00,3.20,3 155.91,sl 4574.00
2026.05.25 04:17:09,6386,XAUUSD,buy,in,0.02,4565.79,6403,-0.07,0.00,0.00,3 155.84,
2026.05.25 04:20:08,6387,XAUUSD,sell,out,0.02,4566.00,6404,-0.07,0.00,0.42,3 156.19,sl 4566.00
2026.05.25 04:41:10,6388,XAUUSD,buy,in,0.02,4571.06,6405,-0.07,0.00,0.00,3 156.12,
2026.05.25 06:19:17,6389,XAUUSD,sell,in,0.02,4562.67,6406,-0.07,0.00,0.00,3 156.05,
2026.05.25 06:20:01,6390,XAUUSD,buy,out,0.02,4562.47,6407,-0.07,0.00,0.40,3 156.38,sl 4562.45
2026.05.25 13:10:57,6391,XAUUSD,sell,out,0.02,4571.39,6408,-0.07,0.00,0.66,3 156.97,sl 4571.49
2026.05.26 12:42:22,6392,XAUUSD,sell,in,0.02,4513.28,6409,-0.07,0.00,0.00,3 156.90,
2026.05.26 12:42:32,6393,XAUUSD,buy,out,0.02,4513.07,6410,-0.07,0.00,0.42,3 157.25,sl 4513.02
2026.05.26 14:35:50,6394,XAUUSD,sell,in,0.02,4507.72,6411,-0.07,0.00,0.00,3 157.18,
2026.05.26 14:43:27,6395,XAUUSD,buy,out,0.02,4507.48,6412,-0.07,0.00,0.48,3 157.59,sl 4507.46
2026.05.26 14:59:55,6396,XAUUSD,sell,in,0.02,4506.63,6413,-0.07,0.00,0.00,3 157.52,
2026.05.26 15:00:02,6397,XAUUSD,buy,out,0.02,4506.40,6414,-0.07,0.00,0.46,3 157.91,sl 4506.39
2026.05.26 15:24:01,6398,XAUUSD,sell,in,0.02,4509.58,6415,-0.07,0.00,0.00,3 157.84,
2026.05.26 15:27:05,6399,XAUUSD,buy,out,0.02,4509.51,6416,-0.07,0.00,0.14,3 157.91,sl 4509.41
2026.05.26 16:59:27,6400,XAUUSD,sell,in,0.02,4512.44,6417,-0.07,0.00,0.00,3 157.84,
2026.05.26 17:01:39,6401,XAUUSD,buy,out,0.02,4512.37,6418,-0.07,0.00,0.14,3 157.91,sl 4512.36
2026.05.26 18:02:26,6402,XAUUSD,sell,in,0.02,4511.48,6419,-0.07,0.00,0.00,3 157.84,
2026.05.26 18:02:58,6403,XAUUSD,buy,out,0.02,4510.18,6420,-0.07,0.00,2.60,3 160.37,sl 4510.17
2026.05.26 18:26:27,6404,XAUUSD,sell,in,0.02,4507.31,6421,-0.07,0.00,0.00,3 160.30,
2026.05.26 18:27:45,6405,XAUUSD,buy,out,0.02,4505.83,6422,-0.07,0.00,2.96,3 163.19,sl 4505.83
2026.05.26 18:50:39,6406,XAUUSD,sell,in,0.02,4506.86,6423,-0.07,0.00,0.00,3 163.12,
2026.05.26 18:50:50,6407,XAUUSD,buy,out,0.02,4506.77,6424,-0.07,0.00,0.18,3 163.23,sl 4506.77
2026.05.26 19:14:40,6408,XAUUSD,sell,in,0.02,4501.53,6425,-0.07,0.00,0.00,3 163.16,
2026.05.26 19:17:12,6409,XAUUSD,buy,out,0.02,4501.21,6426,-0.07,0.00,0.64,3 163.73,sl 4500.91
2026.05.26 19:38:44,6410,XAUUSD,sell,in,0.02,4509.20,6427,-0.07,0.00,0.00,3 163.66,
2026.05.26 19:40:13,6411,XAUUSD,buy,out,0.02,4508.94,6428,-0.07,0.00,0.52,3 164.11,sl 4508.94
2026.05.26 20:02:50,6412,XAUUSD,sell,in,0.02,4506.58,6429,-0.07,0.00,0.00,3 164.04,
2026.05.26 20:05:49,6413,XAUUSD,buy,out,0.02,4504.97,6430,-0.07,0.00,3.22,3 167.19,sl 4504.97
2026.05.26 20:26:55,6414,XAUUSD,sell,in,0.02,4506.77,6431,-0.07,0.00,0.00,3 167.12,
2026.05.26 20:28:29,6415,XAUUSD,buy,out,0.02,4506.24,6432,-0.07,0.00,1.06,3 168.11,sl 4506.19
2026.05.26 20:50:57,6416,XAUUSD,sell,in,0.02,4499.94,6433,-0.07,0.00,0.00,3 168.04,
2026.05.26 20:54:33,6417,XAUUSD,buy,out,0.02,4497.88,6434,-0.07,0.00,4.12,3 172.09,sl 4497.67
2026.05.26 21:15:14,6418,XAUUSD,sell,in,0.02,4487.91,6435,-0.07,0.00,0.00,3 172.02,
2026.05.26 21:17:02,6419,XAUUSD,buy,out,0.02,4487.75,6436,-0.07,0.00,0.32,3 172.27,sl 4487.75
2026.05.26 21:39:14,6420,XAUUSD,sell,in,0.02,4495.89,6437,-0.07,0.00,0.00,3 172.20,
2026.05.26 21:42:58,6421,XAUUSD,buy,out,0.02,4495.83,6438,-0.07,0.00,0.12,3 172.25,sl 4495.83
2026.05.26 22:03:18,6422,XAUUSD,sell,in,0.02,4499.97,6439,-0.07,0.00,0.00,3 172.18,
2026.05.26 22:07:07,6423,XAUUSD,buy,out,0.02,4499.57,6440,-0.07,0.00,0.80,3 172.91,sl 4499.50
2026.05.26 22:27:17,6424,XAUUSD,sell,in,0.02,4503.08,6441,-0.07,0.00,0.00,3 172.84,
2026.05.26 22:29:25,6425,XAUUSD,buy,out,0.02,4502.45,6442,-0.07,0.00,1.26,3 174.03,sl 4502.36
2026.05.26 22:51:49,6426,XAUUSD,sell,in,0.02,4506.24,6443,-0.07,0.00,0.00,3 173.96,
2026.05.26 23:51:47,6427,XAUUSD,buy,out,0.02,4505.02,6444,-0.07,0.00,2.44,3 176.33,sl 4504.98
2026.05.26 23:51:53,6428,XAUUSD,sell,in,0.02,4504.80,6445,-0.07,0.00,0.00,3 176.26,
2026.05.27 01:03:13,6429,XAUUSD,buy,out,0.02,4504.71,6446,-0.07,0.81,0.18,3 177.18,sl 4503.43
2026.05.27 01:03:20,6430,XAUUSD,sell,in,0.02,4504.24,6447,-0.07,0.00,0.00,3 177.11,
2026.05.27 01:09:48,6431,XAUUSD,buy,out,0.02,4503.62,6448,-0.07,0.00,1.24,3 178.28,sl 4503.62
2026.05.27 01:27:24,6432,XAUUSD,sell,in,0.02,4504.85,6449,-0.07,0.00,0.00,3 178.21,
2026.05.27 01:28:33,6433,XAUUSD,buy,out,0.02,4504.82,6450,-0.07,0.00,0.06,3 178.20,sl 4504.75
2026.05.27 01:51:24,6434,XAUUSD,sell,in,0.02,4504.48,6451,-0.07,0.00,0.00,3 178.13,
2026.05.27 03:29:33,6435,XAUUSD,buy,in,0.02,4517.19,6452,-0.07,0.00,0.00,3 178.06,
2026.05.27 03:30:09,6436,XAUUSD,sell,out,0.02,4517.65,6453,-0.07,0.00,0.92,3 178.91,sl 4517.66
2026.05.27 05:08:27,6437,XAUUSD,buy,out,0.02,4503.46,6454,-0.07,0.00,2.04,3 180.88,sl 4503.23
2026.05.28 19:16:41,6438,XAUUSD,buy,in,0.02,4490.76,6455,-0.07,0.00,0.00,3 180.81,
2026.05.28 19:18:29,6439,XAUUSD,sell,out,0.02,4494.25,6456,-0.07,0.00,6.98,3 187.72,sl 4494.26
2026.05.28 19:40:48,6440,XAUUSD,buy,in,0.02,4500.18,6457,-0.07,0.00,0.00,3 187.65,
2026.05.28 19:42:37,6441,XAUUSD,sell,out,0.02,4505.04,6458,-0.07,0.00,9.72,3 197.30,sl 4505.04
2026.05.28 20:04:53,6442,XAUUSD,buy,in,0.02,4510.40,6459,-0.07,0.00,0.00,3 197.23,
2026.05.28 21:00:40,6443,XAUUSD,sell,out,0.02,4510.40,6460,-0.07,0.00,0.00,3 197.16,sl 4510.43
2026.05.28 21:00:53,6444,XAUUSD,buy,in,0.02,4511.19,6461,-0.07,0.00,0.00,3 197.09,
2026.05.28 21:03:19,6445,XAUUSD,sell,out,0.02,4514.85,6462,-0.07,0.00,7.32,3 204.34,sl 4515.02
2026.05.28 21:24:58,6446,XAUUSD,buy,in,0.02,4508.24,6463,-0.07,0.00,0.00,3 204.27,
2026.05.28 23:03:02,6447,XAUUSD,sell,in,0.02,4496.96,6464,-0.07,0.00,0.00,3 204.20,
2026.05.28 23:04:31,6448,XAUUSD,buy,out,0.02,4496.48,6465,-0.07,0.00,0.96,3 205.09,sl 4496.47
2026.05.29 04:09:33,6449,XAUUSD,sell,out,0.02,4508.36,6466,-0.07,-1.14,0.24,3 204.12,sl 4508.37
2026.06.01 16:12:39,6450,XAUUSD,sell,in,0.02,4477.13,6467,-0.07,0.00,0.00,3 204.05,
2026.06.01 16:12:45,6451,XAUUSD,buy,out,0.02,4477.12,6468,-0.07,0.00,0.02,3 204.00,sl 4477.12
2026.06.01 16:36:41,6452,XAUUSD,sell,in,0.02,4469.52,6469,-0.07,0.00,0.00,3 203.93,
2026.06.01 16:37:02,6453,XAUUSD,buy,out,0.02,4467.02,6470,-0.07,0.00,5.00,3 208.86,sl 4466.97
2026.06.01 17:00:51,6454,XAUUSD,sell,in,0.02,4447.97,6471,-0.07,0.00,0.00,3 208.79,
2026.06.01 18:38:52,6455,XAUUSD,buy,in,0.02,4475.57,6472,-0.07,0.00,0.00,3 208.72,
2026.06.01 18:39:15,6456,XAUUSD,sell,out,0.02,4475.65,6473,-0.07,0.00,0.16,3 208.81,sl 4475.65
2026.06.02 06:29:14,6457,XAUUSD,buy,out,0.02,4497.05,6474,-0.07,0.81,-98.16,3 111.39,
2026.06.02 08:30:24,6458,XAUUSD,buy,in,0.02,4524.72,6475,-0.07,0.00,0.00,3 111.32,
2026.06.02 08:30:49,6459,XAUUSD,sell,out,0.02,4524.78,6476,-0.07,0.00,0.12,3 111.37,sl 4524.78
2026.06.02 09:21:24,6460,XAUUSD,buy,in,0.02,4527.29,6477,-0.07,0.00,0.00,3 111.30,
2026.06.02 09:21:42,6461,XAUUSD,sell,out,0.02,4527.79,6478,-0.07,0.00,1.00,3 112.23,sl 4527.79
2026.06.02 09:45:30,6462,XAUUSD,buy,in,0.02,4533.77,6479,-0.07,0.00,0.00,3 112.16,
2026.06.02 09:46:18,6463,XAUUSD,sell,out,0.02,4534.07,6480,-0.07,0.00,0.60,3 112.69,sl 4534.13
2026.06.02 10:09:34,6464,XAUUSD,buy,in,0.02,4537.55,6481,-0.07,0.00,0.00,3 112.62,
2026.06.02 10:10:50,6465,XAUUSD,sell,out,0.02,4538.79,6482,-0.07,0.00,2.48,3 115.03,sl 4538.79
2026.06.02 10:33:40,6466,XAUUSD,buy,in,0.02,4533.53,6483,-0.07,0.00,0.00,3 114.96,
2026.06.02 10:38:02,6467,XAUUSD,sell,out,0.02,4533.58,6484,-0.07,0.00,0.10,3 114.99,sl 4533.59
2026.06.02 10:57:49,6468,XAUUSD,buy,in,0.02,4533.72,6485,-0.07,0.00,0.00,3 114.92,
2026.06.02 10:58:44,6469,XAUUSD,sell,out,0.02,4534.06,6486,-0.07,0.00,0.68,3 115.53,sl 4534.20
2026.06.02 11:21:53,6470,XAUUSD,buy,in,0.02,4533.15,6487,-0.07,0.00,0.00,3 115.46,
2026.06.02 11:23:00,6471,XAUUSD,sell,out,0.02,4533.48,6488,-0.07,0.00,0.66,3 116.05,sl 4533.60
2026.06.02 11:45:58,6472,XAUUSD,buy,in,0.02,4530.15,6489,-0.07,0.00,0.00,3 115.98,
2026.06.02 12:07:18,6473,XAUUSD,sell,out,0.02,4530.31,6490,-0.07,0.00,0.32,3 116.23,sl 4530.32
2026.06.02 12:10:04,6474,XAUUSD,buy,in,0.02,4529.27,6491,-0.07,0.00,0.00,3 116.16,
2026.06.02 12:11:25,6475,XAUUSD,sell,out,0.02,4530.53,6492,-0.07,0.00,2.52,3 118.61,sl 4530.54
2026.06.02 12:51:29,6476,XAUUSD,buy,in,0.02,4529.15,6493,-0.07,0.00,0.00,3 118.54,
2026.06.02 12:54:49,6477,XAUUSD,sell,out,0.02,4530.57,6494,-0.07,0.00,2.84,3 121.31,sl 4530.57
2026.06.02 13:45:39,6478,XAUUSD,buy,in,0.02,4530.23,6495,-0.07,0.00,0.00,3 121.24,
2026.06.02 13:47:46,6479,XAUUSD,sell,out,0.02,4531.62,6496,-0.07,0.00,2.78,3 123.95,sl 4531.65
2026.06.02 14:12:18,6480,XAUUSD,buy,in,0.02,4531.18,6497,-0.07,0.00,0.00,3 123.88,
2026.06.02 15:22:21,6481,XAUUSD,sell,out,0.02,4531.17,6498,-0.07,0.00,-0.02,3 123.79,sl 4531.25
2026.06.02 15:22:47,6482,XAUUSD,buy,in,0.02,4531.66,6499,-0.07,0.00,0.00,3 123.72,
2026.06.02 15:23:00,6483,XAUUSD,sell,out,0.02,4531.74,6500,-0.07,0.00,0.16,3 123.81,sl 4531.75
2026.06.03 02:17:25,6484,XAUUSD,sell,in,0.02,4473.57,6501,-0.07,0.00,0.00,3 123.74,
2026.06.03 02:19:47,6485,XAUUSD,buy,out,0.02,4471.02,6502,-0.07,0.00,5.10,3 128.77,sl 4471.02
2026.06.03 02:41:28,6486,XAUUSD,sell,in,0.02,4467.71,6503,-0.07,0.00,0.00,3 128.70,
2026.06.03 04:19:29,6487,XAUUSD,buy,in,0.02,4471.05,6504,-0.07,0.00,0.00,3 128.63,
2026.06.03 04:25:09,6488,XAUUSD,buy,out,0.02,4466.43,6505,-0.07,0.00,2.56,3 131.12,sl 4466.18
2026.06.03 04:30:56,6489,XAUUSD,sell,out,0.02,4471.17,6506,-0.07,0.00,0.24,3 131.29,sl 4471.17
2026.06.04 14:48:18,6490,XAUUSD,buy,in,0.02,4501.79,6507,-0.07,0.00,0.00,3 131.22,
2026.06.04 14:48:48,6491,XAUUSD,sell,out,0.02,4502.76,6508,-0.07,0.00,1.94,3 133.09,sl 4502.88
2026.06.04 15:45:31,6492,XAUUSD,buy,in,0.02,4502.68,6509,-0.07,0.00,0.00,3 133.02,
2026.06.04 15:50:21,6493,XAUUSD,sell,out,0.02,4505.77,6510,-0.07,0.00,6.18,3 139.13,sl 4505.79
2026.06.04 16:09:35,6494,XAUUSD,buy,in,0.02,4504.17,6511,-0.07,0.00,0.00,3 139.06,
2026.06.04 16:10:24,6495,XAUUSD,sell,out,0.02,4504.60,6512,-0.07,0.00,0.86,3 139.85,sl 4504.80
2026.06.04 16:33:43,6496,XAUUSD,buy,in,0.02,4505.70,6513,-0.07,0.00,0.00,3 139.78,
2026.06.04 16:34:02,6497,XAUUSD,sell,out,0.02,4505.68,6514,-0.07,0.00,-0.04,3 139.67,sl 4505.83
2026.06.05 04:42:09,6498,XAUUSD,sell,in,0.02,4446.36,6515,-0.07,0.00,0.00,3 139.60,
2026.06.05 04:44:54,6499,XAUUSD,buy,out,0.02,4446.30,6516,-0.07,0.00,0.12,3 139.65,sl 4446.30
2026.06.05 05:06:41,6500,XAUUSD,sell,in,0.02,4446.64,6517,-0.07,0.00,0.00,3 139.58,
2026.06.05 05:07:23,6501,XAUUSD,buy,out,0.02,4446.61,6518,-0.07,0.00,0.06,3 139.57,sl 4446.61
2026.06.05 05:31:02,6502,XAUUSD,sell,in,0.02,4445.52,6519,-0.07,0.00,0.00,3 139.50,
2026.06.05 05:31:53,6503,XAUUSD,buy,out,0.02,4443.10,6520,-0.07,0.00,4.84,3 144.27,sl 4443.03
2026.06.05 05:55:09,6504,XAUUSD,sell,in,0.02,4443.90,6521,-0.07,0.00,0.00,3 144.20,
2026.06.05 05:56:06,6505,XAUUSD,buy,out,0.02,4441.71,6522,-0.07,0.00,4.38,3 148.51,sl 4441.71
2026.06.05 06:19:09,6506,XAUUSD,sell,in,0.02,4438.76,6523,-0.07,0.00,0.00,3 148.44,
2026.06.05 06:20:51,6507,XAUUSD,buy,out,0.02,4438.40,6524,-0.07,0.00,0.72,3 149.09,sl 4438.37
2026.06.05 06:43:24,6508,XAUUSD,sell,in,0.02,4441.64,6525,-0.07,0.00,0.00,3 149.02,
2026.06.05 06:44:19,6509,XAUUSD,buy,out,0.02,4441.62,6526,-0.07,0.00,0.04,3 148.99,sl 4441.62
2026.06.05 07:07:31,6510,XAUUSD,sell,in,0.02,4442.69,6527,-0.07,0.00,0.00,3 148.92,
2026.06.05 07:08:46,6511,XAUUSD,buy,out,0.02,4440.62,6528,-0.07,0.00,4.14,3 152.99,sl 4440.47
2026.06.05 07:31:37,6512,XAUUSD,sell,in,0.02,4438.60,6529,-0.07,0.00,0.00,3 152.92,
2026.06.05 07:31:58,6513,XAUUSD,buy,out,0.02,4438.53,6530,-0.07,0.00,0.14,3 152.99,sl 4438.47
2026.06.05 07:55:57,6514,XAUUSD,sell,in,0.02,4444.83,6531,-0.07,0.00,0.00,3 152.92,
2026.06.05 08:01:20,6515,XAUUSD,buy,out,0.02,4444.51,6532,-0.07,0.00,0.64,3 153.49,sl 4444.48
2026.06.05 08:22:18,6516,XAUUSD,sell,in,0.02,4443.71,6533,-0.07,0.00,0.00,3 153.42,
2026.06.05 08:22:48,6517,XAUUSD,buy,out,0.02,4442.96,6534,-0.07,0.00,1.50,3 154.85,sl 4442.90
2026.06.05 08:46:25,6518,XAUUSD,sell,in,0.02,4442.58,6535,-0.07,0.00,0.00,3 154.78,
2026.06.05 08:56:47,6519,XAUUSD,buy,out,0.02,4442.77,6536,-0.07,0.00,-0.38,3 154.33,sl 4442.55
2026.06.05 09:10:28,6520,XAUUSD,sell,in,0.02,4441.10,6537,-0.07,0.00,0.00,3 154.26,
2026.06.05 09:11:25,6521,XAUUSD,buy,out,0.02,4441.12,6538,-0.07,0.00,-0.04,3 154.15,sl 4441.07
2026.06.05 15:36:42,6522,XAUUSD,sell,in,0.02,4440.75,6539,-0.07,0.00,0.00,3 154.08,
2026.06.05 15:50:07,6523,XAUUSD,buy,out,0.02,4440.80,6540,-0.07,0.00,-0.10,3 153.91,sl 4440.72
2026.06.05 16:00:43,6524,XAUUSD,sell,in,0.02,4405.73,6541,-0.07,0.00,0.00,3 153.84,
2026.06.05 16:00:54,6525,XAUUSD,buy,out,0.02,4405.67,6542,-0.07,0.00,0.12,3 153.89,sl 4405.67
2026.06.05 16:24:46,6526,XAUUSD,sell,in,0.02,4411.85,6543,-0.07,0.00,0.00,3 153.82,
2026.06.05 16:25:00,6527,XAUUSD,buy,out,0.02,4410.41,6544,-0.07,0.00,2.88,3 156.63,sl 4410.40
2026.06.05 16:48:46,6528,XAUUSD,sell,in,0.02,4386.39,6545,-0.07,0.00,0.00,3 156.56,
2026.06.05 16:48:56,6529,XAUUSD,buy,out,0.02,4386.83,6546,-0.07,0.00,-0.88,3 155.61,sl 4386.36
2026.06.05 17:12:58,6530,XAUUSD,sell,in,0.02,4369.32,6547,-0.07,0.00,0.00,3 155.54,
2026.06.05 17:14:05,6531,XAUUSD,buy,out,0.02,4366.27,6548,-0.07,0.00,6.10,3 161.57,sl 4366.19
2026.06.05 17:36:57,6532,XAUUSD,sell,in,0.02,4352.01,6549,-0.07,0.00,0.00,3 161.50,
2026.06.05 17:37:42,6533,XAUUSD,buy,out,0.02,4351.90,6550,-0.07,0.00,0.22,3 161.65,sl 4351.64
2026.06.05 18:01:03,6534,XAUUSD,sell,in,0.02,4368.57,6551,-0.07,0.00,0.00,3 161.58,
2026.06.05 18:01:21,6535,XAUUSD,buy,out,0.02,4368.07,6552,-0.07,0.00,1.00,3 162.51,sl 4368.06
2026.06.05 18:25:03,6536,XAUUSD,sell,in,0.02,4353.21,6553,-0.07,0.00,0.00,3 162.44,
2026.06.05 18:25:52,6537,XAUUSD,buy,out,0.02,4352.33,6554,-0.07,0.00,1.76,3 164.13,sl 4352.33
2026.06.05 18:49:08,6538,XAUUSD,sell,in,0.02,4337.01,6555,-0.07,0.00,0.00,3 164.06,
2026.06.05 18:58:40,6539,XAUUSD,buy,out,0.02,4335.63,6556,-0.07,0.00,2.76,3 166.75,sl 4335.54
2026.06.05 19:13:13,6540,XAUUSD,sell,in,0.02,4337.82,6557,-0.07,0.00,0.00,3 166.68,
2026.06.05 19:13:31,6541,XAUUSD,buy,out,0.02,4337.83,6558,-0.07,0.00,-0.02,3 166.59,sl 4337.81
2026.06.05 19:37:20,6542,XAUUSD,sell,in,0.02,4327.58,6559,-0.07,0.00,0.00,3 166.52,
2026.06.05 19:44:16,6543,XAUUSD,buy,out,0.02,4327.62,6560,-0.07,0.00,-0.08,3 166.37,sl 4327.47
2026.06.05 20:01:23,6544,XAUUSD,sell,in,0.02,4342.49,6561,-0.07,0.00,0.00,3 166.30,
2026.06.05 20:02:15,6545,XAUUSD,buy,out,0.02,4341.96,6562,-0.07,0.00,1.06,3 167.29,sl 4341.93
2026.06.05 20:25:30,6546,XAUUSD,sell,in,0.02,4340.67,6563,-0.07,0.00,0.00,3 167.22,
2026.06.05 20:26:06,6547,XAUUSD,buy,out,0.02,4339.35,6564,-0.07,0.00,2.64,3 169.79,sl 4339.31
2026.06.05 20:49:37,6548,XAUUSD,sell,in,0.02,4340.58,6565,-0.07,0.00,0.00,3 169.72,
2026.06.05 20:50:07,6549,XAUUSD,buy,out,0.02,4340.55,6566,-0.07,0.00,0.06,3 169.71,sl 4340.55
2026.06.05 21:13:54,6550,XAUUSD,sell,in,0.02,4328.82,6567,-0.07,0.00,0.00,3 169.64,
2026.06.05 21:14:48,6551,XAUUSD,buy,out,0.02,4324.50,6568,-0.07,0.00,8.64,3 178.21,sl 4324.34
2026.06.05 21:38:00,6552,XAUUSD,sell,in,0.02,4323.45,6569,-0.07,0.00,0.00,3 178.14,
2026.06.05 21:39:11,6553,XAUUSD,buy,out,0.02,4320.70,6570,-0.07,0.00,5.50,3 183.57,sl 4320.57
2026.06.05 22:02:06,6554,XAUUSD,sell,in,0.02,4319.22,6571,-0.07,0.00,0.00,3 183.50,
2026.06.05 22:06:24,6555,XAUUSD,buy,out,0.02,4318.95,6572,-0.07,0.00,0.54,3 183.97,sl 4318.95
2026.06.05 22:26:07,6556,XAUUSD,sell,in,0.02,4322.01,6573,-0.07,0.00,0.00,3 183.90,
2026.06.05 22:26:54,6557,XAUUSD,buy,out,0.02,4320.69,6574,-0.07,0.00,2.64,3 186.47,sl 4320.69
2026.06.05 22:50:14,6558,XAUUSD,sell,in,0.02,4322.24,6575,-0.07,0.00,0.00,3 186.40,
2026.06.05 22:51:57,6559,XAUUSD,buy,out,0.02,4321.18,6576,-0.07,0.00,2.12,3 188.45,sl 4321.14
2026.06.05 23:14:15,6560,XAUUSD,sell,in,0.02,4316.10,6577,-0.07,0.00,0.00,3 188.38,
2026.06.05 23:15:08,6561,XAUUSD,buy,out,0.02,4316.13,6578,-0.07,0.00,-0.06,3 188.25,sl 4316.05
2026.06.05 23:38:26,6562,XAUUSD,sell,in,0.02,4324.03,6579,-0.07,0.00,0.00,3 188.18,
2026.06.05 23:39:20,6563,XAUUSD,buy,out,0.02,4323.08,6580,-0.07,0.00,1.90,3 190.01,sl 4323.06
2026.06.08 01:02:02,6564,XAUUSD,sell,in,0.02,4326.56,6581,-0.07,0.00,0.00,3 189.94,
2026.06.08 01:02:11,6565,XAUUSD,buy,out,0.02,4326.65,6582,-0.07,0.00,-0.18,3 189.69,sl 4326.49
2026.06.08 01:26:04,6566,XAUUSD,sell,in,0.02,4323.85,6583,-0.07,0.00,0.00,3 189.62,
2026.06.08 01:27:10,6567,XAUUSD,buy,out,0.02,4318.42,6584,-0.07,0.00,10.86,3 200.41,sl 4318.14
2026.06.08 01:50:09,6568,XAUUSD,sell,in,0.02,4322.01,6585,-0.07,0.00,0.00,3 200.34,
2026.06.08 01:56:00,6569,XAUUSD,buy,out,0.02,4321.48,6586,-0.07,0.00,1.06,3 201.33,sl 4321.43
2026.06.08 02:14:12,6570,XAUUSD,sell,in,0.02,4332.20,6587,-0.07,0.00,0.00,3 201.26,
2026.06.08 02:14:57,6571,XAUUSD,buy,out,0.02,4330.90,6588,-0.07,0.00,2.60,3 203.79,sl 4330.87
2026.06.08 02:38:14,6572,XAUUSD,sell,in,0.02,4336.90,6589,-0.07,0.00,0.00,3 203.72,
2026.06.08 02:39:04,6573,XAUUSD,buy,out,0.02,4336.82,6590,-0.07,0.00,0.16,3 203.81,sl 4336.79
2026.06.08 03:02:18,6574,XAUUSD,sell,in,0.02,4344.84,6591,-0.07,0.00,0.00,3 203.74,
2026.06.08 03:03:37,6575,XAUUSD,buy,out,0.02,4344.72,6592,-0.07,0.00,0.24,3 203.91,sl 4344.69
2026.06.08 03:26:24,6576,XAUUSD,sell,in,0.02,4349.70,6593,-0.07,0.00,0.00,3 203.84,
2026.06.08 03:34:07,6577,XAUUSD,buy,out,0.02,4346.98,6594,-0.07,0.00,5.44,3 209.21,sl 4346.97
2026.06.08 03:50:26,6578,XAUUSD,sell,in,0.02,4342.73,6595,-0.07,0.00,0.00,3 209.14,
2026.06.08 03:51:01,6579,XAUUSD,buy,out,0.02,4342.20,6596,-0.07,0.00,1.06,3 210.13,sl 4342.15
2026.06.08 04:14:27,6580,XAUUSD,sell,in,0.02,4330.08,6597,-0.07,0.00,0.00,3 210.06,
2026.06.08 04:14:42,6581,XAUUSD,buy,out,0.02,4330.15,6598,-0.07,0.00,-0.14,3 209.85,sl 4329.95
2026.06.08 04:38:33,6582,XAUUSD,sell,in,0.02,4316.13,6599,-0.07,0.00,0.00,3 209.78,
2026.06.08 04:39:04,6583,XAUUSD,buy,out,0.02,4315.95,6600,-0.07,0.00,0.36,3 210.07,sl 4315.90
2026.06.08 05:02:35,6584,XAUUSD,sell,in,0.02,4322.26,6601,-0.07,0.00,0.00,3 210.00,
2026.06.08 05:03:35,6585,XAUUSD,buy,out,0.02,4322.31,6602,-0.07,0.00,-0.10,3 209.83,sl 4322.05
2026.06.08 05:26:51,6586,XAUUSD,sell,in,0.02,4316.46,6603,-0.07,0.00,0.00,3 209.76,
2026.06.08 05:27:10,6587,XAUUSD,buy,out,0.02,4316.48,6604,-0.07,0.00,-0.04,3 209.65,sl 4316.42
2026.06.08 05:50:56,6588,XAUUSD,sell,in,0.02,4316.77,6605,-0.07,0.00,0.00,3 209.58,
2026.06.08 05:51:35,6589,XAUUSD,buy,out,0.02,4311.56,6606,-0.07,0.00,10.42,3 219.93,sl 4311.45
2026.06.08 06:14:58,6590,XAUUSD,sell,in,0.02,4304.84,6607,-0.07,0.00,0.00,3 219.86,
2026.06.08 06:16:42,6591,XAUUSD,buy,out,0.02,4304.27,6608,-0.07,0.00,1.14,3 220.93,sl 4304.27
2026.06.08 06:38:57,6592,XAUUSD,sell,in,0.02,4307.26,6609,-0.07,0.00,0.00,3 220.86,
2026.06.08 06:39:37,6593,XAUUSD,buy,out,0.02,4307.06,6610,-0.07,0.00,0.40,3 221.19,sl 4307.00
2026.06.08 07:03:13,6594,XAUUSD,sell,in,0.02,4318.99,6611,-0.07,0.00,0.00,3 221.12,
2026.06.08 07:04:10,6595,XAUUSD,buy,out,0.02,4314.95,6612,-0.07,0.00,8.08,3 229.13,sl 4314.95
2026.06.08 07:27:13,6596,XAUUSD,sell,in,0.02,4317.83,6613,-0.07,0.00,0.00,3 229.06,
2026.06.08 07:27:31,6597,XAUUSD,buy,out,0.02,4317.92,6614,-0.07,0.00,-0.18,3 228.81,sl 4317.80
2026.06.08 07:51:21,6598,XAUUSD,sell,in,0.02,4310.97,6615,-0.07,0.00,0.00,3 228.74,
2026.06.08 07:54:43,6599,XAUUSD,buy,out,0.02,4310.92,6616,-0.07,0.00,0.10,3 228.77,sl 4310.91
2026.06.09 16:54:35,6600,XAUUSD,sell,in,0.02,4334.09,6617,-0.07,0.00,0.00,3 228.70,
2026.06.09 16:55:27,6601,XAUUSD,buy,out,0.02,4333.98,6618,-0.07,0.00,0.22,3 228.85,sl 4333.78
2026.06.09 17:18:41,6602,XAUUSD,sell,in,0.02,4310.18,6619,-0.07,0.00,0.00,3 228.78,
2026.06.09 17:19:07,6603,XAUUSD,buy,out,0.02,4308.03,6620,-0.07,0.00,4.30,3 233.01,sl 4308.00
2026.06.09 17:42:46,6604,XAUUSD,sell,in,0.02,4301.00,6621,-0.07,0.00,0.00,3 232.94,
2026.06.09 17:43:27,6605,XAUUSD,buy,out,0.02,4299.15,6622,-0.07,0.00,3.70,3 236.57,sl 4299.06
2026.06.09 18:06:53,6606,XAUUSD,sell,in,0.02,4293.98,6623,-0.07,0.00,0.00,3 236.50,
2026.06.09 18:07:49,6607,XAUUSD,buy,out,0.02,4291.40,6624,-0.07,0.00,5.16,3 241.59,sl 4291.37
2026.06.09 18:30:53,6608,XAUUSD,sell,in,0.02,4278.40,6625,-0.07,0.00,0.00,3 241.52,
2026.06.09 18:31:17,6609,XAUUSD,buy,out,0.02,4276.92,6626,-0.07,0.00,2.96,3 244.41,sl 4276.91
2026.06.09 18:54:54,6610,XAUUSD,sell,in,0.02,4280.14,6627,-0.07,0.00,0.00,3 244.34,
2026.06.09 18:57:14,6611,XAUUSD,buy,out,0.02,4275.72,6628,-0.07,0.00,8.84,3 253.11,sl 4275.72
2026.06.09 19:19:03,6612,XAUUSD,sell,in,0.02,4259.66,6629,-0.07,0.00,0.00,3 253.04,
2026.06.09 19:19:32,6613,XAUUSD,buy,out,0.02,4255.65,6630,-0.07,0.00,8.02,3 260.99,sl 4255.64
2026.06.09 19:43:09,6614,XAUUSD,sell,in,0.02,4241.45,6631,-0.07,0.00,0.00,3 260.92,
2026.06.09 19:55:04,6615,XAUUSD,buy,out,0.02,4240.68,6632,-0.07,0.00,1.54,3 262.39,sl 4240.68
2026.06.09 20:07:12,6616,XAUUSD,sell,in,0.02,4260.48,6633,-0.07,0.00,0.00,3 262.32,
2026.06.09 20:07:31,6617,XAUUSD,buy,out,0.02,4260.48,6634,-0.07,0.00,0.00,3 262.25,sl 4260.47
2026.06.09 20:31:16,6618,XAUUSD,sell,in,0.02,4261.75,6635,-0.07,0.00,0.00,3 262.18,
2026.06.09 20:31:35,6619,XAUUSD,buy,out,0.02,4261.75,6636,-0.07,0.00,0.00,3 262.11,sl 4261.72
2026.06.09 20:55:23,6620,XAUUSD,sell,in,0.02,4260.96,6637,-0.07,0.00,0.00,3 262.04,
2026.06.09 21:03:46,6621,XAUUSD,buy,out,0.02,4260.28,6638,-0.07,0.00,1.36,3 263.33,sl 4260.26
2026.06.09 21:19:37,6622,XAUUSD,sell,in,0.02,4268.69,6639,-0.07,0.00,0.00,3 263.26,
2026.06.09 21:20:58,6623,XAUUSD,buy,out,0.02,4268.70,6640,-0.07,0.00,-0.02,3 263.17,sl 4268.60
2026.06.09 21:43:49,6624,XAUUSD,sell,in,0.02,4264.85,6641,-0.07,0.00,0.00,3 263.10,
2026.06.09 21:44:53,6625,XAUUSD,buy,out,0.02,4264.43,6642,-0.07,0.00,0.84,3 263.87,sl 4264.43
2026.06.09 22:08:03,6626,XAUUSD,sell,in,0.02,4268.03,6643,-0.07,0.00,0.00,3 263.80,
2026.06.09 22:09:08,6627,XAUUSD,buy,out,0.02,4267.33,6644,-0.07,0.00,1.40,3 265.13,sl 4267.33
2026.06.09 22:32:17,6628,XAUUSD,sell,in,0.02,4259.07,6645,-0.07,0.00,0.00,3 265.06,
2026.06.09 22:33:16,6629,XAUUSD,buy,out,0.02,4259.07,6646,-0.07,0.00,0.00,3 264.99,sl 4259.06
2026.06.09 22:56:28,6630,XAUUSD,sell,in,0.02,4257.29,6647,-0.07,0.00,0.00,3 264.92,
2026.06.09 22:56:49,6631,XAUUSD,buy,out,0.02,4257.30,6648,-0.07,0.00,-0.02,3 264.83,sl 4257.13
2026.06.09 23:20:30,6632,XAUUSD,sell,in,0.02,4258.60,6649,-0.07,0.00,0.00,3 264.76,
2026.06.09 23:24:16,6633,XAUUSD,buy,out,0.02,4258.49,6650,-0.07,0.00,0.22,3 264.91,sl 4258.49
2026.06.09 23:44:38,6634,XAUUSD,sell,in,0.02,4261.45,6651,-0.07,0.00,0.00,3 264.84,
2026.06.09 23:48:59,6635,XAUUSD,buy,out,0.02,4261.32,6652,-0.07,0.00,0.26,3 265.03,sl 4261.28
2026.06.10 01:02:09,6636,XAUUSD,sell,in,0.02,4253.75,6653,-0.07,0.00,0.00,3 264.96,
2026.06.10 01:03:08,6637,XAUUSD,buy,out,0.02,4253.66,6654,-0.07,0.00,0.18,3 265.07,sl 4253.66
2026.06.10 01:26:14,6638,XAUUSD,sell,in,0.02,4253.86,6655,-0.07,0.00,0.00,3 265.00,
2026.06.10 01:34:59,6639,XAUUSD,buy,out,0.02,4253.52,6656,-0.07,0.00,0.68,3 265.61,sl 4253.47
2026.06.10 01:50:15,6640,XAUUSD,sell,in,0.02,4240.40,6657,-0.07,0.00,0.00,3 265.54,
2026.06.10 01:50:36,6641,XAUUSD,buy,out,0.02,4240.09,6658,-0.07,0.00,0.62,3 266.09,sl 4239.79
2026.06.10 02:14:21,6642,XAUUSD,sell,in,0.02,4237.45,6659,-0.07,0.00,0.00,3 266.02,
2026.06.10 02:14:35,6643,XAUUSD,buy,out,0.02,4237.60,6660,-0.07,0.00,-0.30,3 265.65,sl 4237.42
2026.06.10 02:38:27,6644,XAUUSD,sell,in,0.02,4222.81,6661,-0.07,0.00,0.00,3 265.58,
2026.06.10 02:39:04,6645,XAUUSD,buy,out,0.02,4222.88,6662,-0.07,0.00,-0.14,3 265.37,sl 4222.66
2026.06.10 03:02:34,6646,XAUUSD,sell,in,0.02,4222.65,6663,-0.07,0.00,0.00,3 265.30,
2026.06.10 03:02:41,6647,XAUUSD,buy,out,0.02,4222.63,6664,-0.07,0.00,0.04,3 265.27,sl 4222.58
2026.06.10 03:26:38,6648,XAUUSD,sell,in,0.02,4221.52,6665,-0.07,0.00,0.00,3 265.20,
2026.06.10 03:27:28,6649,XAUUSD,buy,out,0.02,4221.23,6666,-0.07,0.00,0.58,3 265.71,sl 4221.19
2026.06.10 03:50:54,6650,XAUUSD,sell,in,0.02,4201.67,6667,-0.07,0.00,0.00,3 265.64,
2026.06.10 03:51:05,6651,XAUUSD,buy,out,0.02,4201.70,6668,-0.07,0.00,-0.06,3 265.51,sl 4201.66
2026.06.10 04:14:58,6652,XAUUSD,sell,in,0.02,4203.54,6669,-0.07,0.00,0.00,3 265.44,
2026.06.10 04:15:15,6653,XAUUSD,buy,out,0.02,4201.70,6670,-0.07,0.00,3.68,3 269.05,sl 4201.63
2026.06.10 04:39:05,6654,XAUUSD,sell,in,0.02,4205.71,6671,-0.07,0.00,0.00,3 268.98,
2026.06.10 04:39:15,6655,XAUUSD,buy,out,0.02,4205.62,6672,-0.07,0.00,0.18,3 269.09,sl 4205.62
2026.06.10 05:03:06,6656,XAUUSD,sell,in,0.02,4188.65,6673,-0.07,0.00,0.00,3 269.02,
2026.06.10 05:04:04,6657,XAUUSD,buy,out,0.02,4185.98,6674,-0.07,0.00,5.34,3 274.29,sl 4185.92
2026.06.10 05:27:13,6658,XAUUSD,sell,in,0.02,4178.89,6675,-0.07,0.00,0.00,3 274.22,
2026.06.10 05:33:02,6659,XAUUSD,buy,out,0.02,4178.58,6676,-0.07,0.00,0.62,3 274.77,sl 4178.51
2026.06.10 05:51:16,6660,XAUUSD,sell,in,0.02,4180.39,6677,-0.07,0.00,0.00,3 274.70,
2026.06.10 05:51:44,6661,XAUUSD,buy,out,0.02,4178.16,6678,-0.07,0.00,4.46,3 279.09,sl 4178.09
2026.06.10 06:15:23,6662,XAUUSD,sell,in,0.02,4177.69,6679,-0.07,0.00,0.00,3 279.02,
2026.06.10 06:19:27,6663,XAUUSD,buy,out,0.02,4177.13,6680,-0.07,0.00,1.12,3 280.07,sl 4177.07
2026.06.10 06:39:38,6664,XAUUSD,sell,in,0.02,4181.10,6681,-0.07,0.00,0.00,3 280.00,
2026.06.10 06:40:16,6665,XAUUSD,buy,out,0.02,4180.89,6682,-0.07,0.00,0.42,3 280.35,sl 4180.88
2026.06.10 07:03:52,6666,XAUUSD,sell,in,0.02,4186.34,6683,-0.07,0.00,0.00,3 280.28,
2026.06.10 07:03:58,6667,XAUUSD,buy,out,0.02,4186.29,6684,-0.07,0.00,0.10,3 280.31,sl 4186.22
2026.06.10 07:28:07,6668,XAUUSD,sell,in,0.02,4178.15,6685,-0.07,0.00,0.00,3 280.24,
2026.06.10 07:28:30,6669,XAUUSD,buy,out,0.02,4176.88,6686,-0.07,0.00,2.54,3 282.71,sl 4176.80
2026.06.10 07:52:06,6670,XAUUSD,sell,in,0.02,4174.38,6687,-0.07,0.00,0.00,3 282.64,
2026.06.10 08:04:51,6671,XAUUSD,buy,out,0.02,4174.35,6688,-0.07,0.00,0.06,3 282.63,sl 4174.31
2026.06.10 08:16:13,6672,XAUUSD,sell,in,0.02,4177.59,6689,-0.07,0.00,0.00,3 282.56,
2026.06.10 08:16:42,6673,XAUUSD,buy,out,0.02,4177.27,6690,-0.07,0.00,0.64,3 283.13,sl 4177.27
2026.06.10 08:40:19,6674,XAUUSD,sell,in,0.02,4193.76,6691,-0.07,0.00,0.00,3 283.06,
2026.06.10 10:18:20,6675,XAUUSD,buy,in,0.02,4200.66,6692,-0.07,0.00,0.00,3 282.99,
2026.06.10 10:23:47,6676,XAUUSD,sell,out,0.02,4201.48,6693,-0.07,0.00,1.64,3 284.56,sl 4201.50
2026.06.10 10:32:31,6677,XAUUSD,buy,out,0.02,4192.69,6694,-0.07,0.00,2.14,3 286.63,sl 4192.65
2026.06.11 22:30:26,6678,XAUUSD,buy,in,0.02,4202.64,6695,-0.07,0.00,0.00,3 286.56,
2026.06.11 22:31:00,6679,XAUUSD,sell,out,0.02,4207.72,6696,-0.07,0.00,10.16,3 296.65,sl 4208.08
2026.06.11 22:54:33,6680,XAUUSD,buy,in,0.02,4213.69,6697,-0.07,0.00,0.00,3 296.58,
2026.06.11 22:55:00,6681,XAUUSD,sell,out,0.02,4214.38,6698,-0.07,0.00,1.38,3 297.89,sl 4214.42
2026.06.11 23:18:34,6682,XAUUSD,buy,in,0.02,4213.16,6699,-0.07,0.00,0.00,3 297.82,
2026.06.11 23:19:31,6683,XAUUSD,sell,out,0.02,4213.40,6700,-0.07,0.00,0.48,3 298.23,sl 4213.67
2026.06.11 23:42:43,6684,XAUUSD,buy,in,0.02,4211.40,6701,-0.07,0.00,0.00,3 298.16,
2026.06.11 23:47:00,6685,XAUUSD,sell,out,0.02,4211.36,6702,-0.07,0.00,-0.08,3 298.01,sl 4211.44
2026.06.12 01:02:00,6686,XAUUSD,buy,in,0.02,4215.82,6703,-0.07,0.00,0.00,3 297.94,
2026.06.12 01:41:03,6687,XAUUSD,sell,out,0.02,4216.87,6704,-0.07,0.00,2.10,3 299.97,sl 4217.02
2026.06.12 01:41:11,6688,XAUUSD,buy,in,0.02,4217.59,6705,-0.07,0.00,0.00,3 299.90,
2026.06.12 01:42:03,6689,XAUUSD,sell,out,0.02,4217.97,6706,-0.07,0.00,0.76,3 300.59,sl 4218.13
2026.06.12 02:05:15,6690,XAUUSD,buy,in,0.02,4225.53,6707,-0.07,0.00,0.00,3 300.52,
2026.06.12 02:05:58,6691,XAUUSD,sell,out,0.02,4225.92,6708,-0.07,0.00,0.78,3 301.23,sl 4225.94
2026.06.12 02:29:21,6692,XAUUSD,buy,in,0.02,4216.99,6709,-0.07,0.00,0.00,3 301.16,
2026.06.12 02:30:49,6693,XAUUSD,sell,out,0.02,4221.44,6710,-0.07,0.00,8.90,3 309.99,sl 4221.59
2026.06.12 02:53:28,6694,XAUUSD,buy,in,0.02,4216.90,6711,-0.07,0.00,0.00,3 309.92,
2026.06.12 02:54:35,6695,XAUUSD,sell,out,0.02,4217.21,6712,-0.07,0.00,0.62,3 310.47,sl 4217.27
2026.06.12 03:17:29,6696,XAUUSD,buy,in,0.02,4210.66,6713,-0.07,0.00,0.00,3 310.40,
2026.06.12 03:18:28,6697,XAUUSD,sell,out,0.02,4210.82,6714,-0.07,0.00,0.32,3 310.65,sl 4210.95
2026.06.12 03:41:36,6698,XAUUSD,buy,in,0.02,4212.07,6715,-0.07,0.00,0.00,3 310.58,
2026.06.12 04:34:52,6699,XAUUSD,sell,out,0.02,4178.70,6716,-0.07,0.00,-66.74,3 243.77,
2026.06.12 11:17:43,6700,XAUUSD,buy,in,0.02,4208.04,6717,-0.07,0.00,0.00,3 243.70,
2026.06.12 11:19:09,6701,XAUUSD,sell,out,0.02,4218.91,6718,-0.07,0.00,21.74,3 265.37,sl 4218.92
2026.06.12 11:41:47,6702,XAUUSD,buy,in,0.02,4213.81,6719,-0.07,0.00,0.00,3 265.30,
2026.06.12 11:42:52,6703,XAUUSD,sell,out,0.02,4217.64,6720,-0.07,0.00,7.66,3 272.89,sl 4217.76
2026.06.12 12:05:48,6704,XAUUSD,buy,in,0.02,4223.52,6721,-0.07,0.00,0.00,3 272.82,
2026.06.12 12:06:38,6705,XAUUSD,sell,out,0.02,4223.40,6722,-0.07,0.00,-0.24,3 272.51,sl 4223.55
2026.06.12 12:29:47,6706,XAUUSD,buy,in,0.02,4219.75,6723,-0.07,0.00,0.00,3 272.44,
2026.06.12 12:30:19,6707,XAUUSD,sell,out,0.02,4220.17,6724,-0.07,0.00,0.84,3 273.21,sl 4220.36
2026.06.12 12:53:55,6708,XAUUSD,buy,in,0.02,4224.14,6725,-0.07,0.00,0.00,3 273.14,
2026.06.12 12:55:57,6709,XAUUSD,sell,out,0.02,4224.40,6726,-0.07,0.00,0.52,3 273.59,sl 4224.43
2026.06.12 13:17:55,6710,XAUUSD,buy,in,0.02,4218.96,6727,-0.07,0.00,0.00,3 273.52,
2026.06.12 14:55:56,6711,XAUUSD,sell,in,0.02,4212.26,6728,-0.07,0.00,0.00,3 273.45,
2026.06.12 14:56:33,6712,XAUUSD,buy,out,0.02,4210.89,6729,-0.07,0.00,2.74,3 276.12,sl 4210.85
2026.06.12 16:43:15,6713,XAUUSD,sell,out,0.02,4183.25,6730,-0.07,0.00,-71.42,3 204.63,
2026.06.12 18:11:01,6714,XAUUSD,buy,in,0.02,4212.87,6731,-0.07,0.00,0.00,3 204.56,
2026.06.12 18:14:44,6715,XAUUSD,sell,out,0.02,4213.99,6732,-0.07,0.00,2.24,3 206.73,sl 4214.00
2026.06.12 18:35:02,6716,XAUUSD,buy,in,0.02,4219.39,6733,-0.07,0.00,0.00,3 206.66,
2026.06.12 18:35:17,6717,XAUUSD,sell,out,0.02,4219.70,6734,-0.07,0.00,0.62,3 207.21,sl 4219.76
2026.06.12 18:59:04,6718,XAUUSD,buy,in,0.02,4212.44,6735,-0.07,0.00,0.00,3 207.14,
2026.06.12 18:59:12,6719,XAUUSD,sell,out,0.02,4212.41,6736,-0.07,0.00,-0.06,3 207.01,sl 4212.52
2026.06.12 19:23:05,6720,XAUUSD,buy,in,0.02,4222.07,6737,-0.07,0.00,0.00,3 206.94,
2026.06.12 19:23:41,6721,XAUUSD,sell,out,0.02,4222.09,6738,-0.07,0.00,0.04,3 206.91,sl 4222.11
2026.06.12 19:47:16,6722,XAUUSD,buy,in,0.02,4214.12,6739,-0.07,0.00,0.00,3 206.84,
2026.06.12 19:47:37,6723,XAUUSD,sell,out,0.02,4214.17,6740,-0.07,0.00,0.10,3 206.87,sl 4214.25
2026.06.12 20:11:22,6724,XAUUSD,buy,in,0.02,4219.58,6741,-0.07,0.00,0.00,3 206.80,
2026.06.12 20:21:21,6725,XAUUSD,sell,out,0.02,4222.21,6742,-0.07,0.00,5.26,3 211.99,sl 4222.59
2026.06.12 20:35:24,6726,XAUUSD,buy,in,0.02,4220.09,6743,-0.07,0.00,0.00,3 211.92,
2026.06.12 20:37:58,6727,XAUUSD,sell,out,0.02,4220.04,6744,-0.07,0.00,-0.10,3 211.75,sl 4220.12
2026.06.12 20:59:25,6728,XAUUSD,buy,in,0.02,4221.42,6745,-0.07,0.00,0.00,3 211.68,
2026.06.12 21:00:27,6729,XAUUSD,sell,out,0.02,4221.93,6746,-0.07,0.00,1.02,3 212.63,sl 4221.96
2026.06.12 21:23:29,6730,XAUUSD,buy,in,0.02,4230.82,6747,-0.07,0.00,0.00,3 212.56,
2026.06.12 23:01:32,6731,XAUUSD,sell,in,0.02,4211.45,6748,-0.07,0.00,0.00,3 212.49,
2026.06.12 23:03:07,6732,XAUUSD,buy,out,0.02,4210.25,6749,-0.07,0.00,2.40,3 214.82,sl 4210.25
2026.06.15 01:02:29,6733,XAUUSD,sell,out,0.02,4276.49,6750,-0.07,-1.14,91.34,3 304.95,sl 4276.53
