Time,Deal,Symbol,Type,Direction,Volume,Price,Order,Commission,Swap,Profit,Balance,Comment
2023.01.01 00:00:00,1,,balance,,,,,0.00,0.00,3 000.00,3 000.00,
2023.01.03 03:00:00,2,XAUUSD,buy,in,0.01,1830.61,2,-0.04,0.00,0.00,2 999.96,WP Buy #M20260526
2023.01.03 04:45:00,3,XAUUSD,buy,in,0.04,1838.41,3,-0.14,0.00,0.00,2 999.82,United SuperEMA long #M940001
2023.01.03 06:00:02,4,XAUUSD,buy,in,0.02,1841.38,4,-0.07,0.00,0.00,2 999.75,SimpleTrendline BUY #M26042503
2023.01.03 10:09:38,5,XAUUSD,sell,out,0.01,1842.47,5,-0.04,0.00,11.86,3 011.57,sl 1842.48
2023.01.03 10:30:00,6,XAUUSD,sell,out,0.04,1840.57,6,-0.14,0.00,8.64,3 020.07,
2023.01.03 11:00:00,7,XAUUSD,sell,in,0.25,1836.12,7,-0.88,0.00,0.00,3 019.19,RSI Scalping Sell #M129102315
2023.01.03 11:00:00,8,XAUUSD,sell,out,0.02,1836.12,8,-0.07,0.00,-10.52,3 008.60,
2023.01.03 11:02:39,9,XAUUSD,buy,out,0.25,1836.32,9,-0.88,0.00,-5.00,3 002.72,sl 1836.31
2023.01.03 12:00:00,10,XAUUSD,buy,in,0.02,1838.89,10,-0.07,0.00,0.00,3 002.65,SimpleTrendline BUY #M26042503
2023.01.03 13:00:00,11,XAUUSD,sell,out,0.02,1834.48,11,-0.07,0.00,-8.82,2 993.76,
2023.01.03 13:00:01,12,XAUUSD,sell,in,0.02,1834.48,12,-0.07,0.00,0.00,2 993.69,SimpleTrendline SELL #M26042503
2023.01.03 15:45:00,13,XAUUSD,buy,in,0.04,1839.94,13,-0.14,0.00,0.00,2 993.55,United SuperEMA long #M940001
2023.01.03 16:00:00,14,XAUUSD,buy,in,0.24,1839.00,14,-0.84,0.00,0.00,2 992.71,RSI Scalping Buy #M129102315
2023.01.03 16:00:01,15,XAUUSD,buy,out,0.02,1839.00,15,-0.07,0.00,-9.04,2 983.60,
2023.01.03 16:18:13,16,XAUUSD,sell,out,0.24,1839.70,16,-0.84,0.00,16.80,2 999.56,sl 1839.71
2023.01.03 17:00:00,17,TSLA.NAS,sell,in,37.4,111.64,17,-0.75,0.00,0.00,2 998.81,RSI Scalping Sell #M125421321
2023.01.03 17:30:00,18,XAUUSD,sell,out,0.04,1833.55,18,-0.14,0.00,-25.56,2 973.11,
2023.01.03 17:45:00,19,NVDA.NAS,sell,in,24.7,14.10,19,-0.49,0.00,0.00,2 972.62,RSI Scalping Sell #M20003
2023.01.03 19:00:00,20,AAPL.NAS,sell,in,0.1,124.738,20,-0.02,0.00,0.00,2 972.60,WP Sell #M20260528
2023.01.03 19:00:00,21,TSLA.NAS,sell,in,0.1,106.68,21,-0.02,0.00,0.00,2 972.58,WP Sell #M20260530
2023.01.03 19:00:00,22,NVDA.NAS,buy,out,24.7,14.14,22,-0.49,0.00,-0.99,2 971.10,
2023.01.03 19:00:01,23,TSLA.NAS,buy,out,37.4,106.68,23,-0.75,0.00,185.50,3 155.85,
2023.01.03 19:07:43,24,AAPL.NAS,buy,out,0.1,124.942,24,-0.02,0.00,-0.02,3 155.81,sl 124.938
2023.01.03 19:15:01,25,NVDA.NAS,buy,in,26.2,14.21,25,-0.52,0.00,0.00,3 155.29,RSI Scalping Buy #M20003
2023.01.03 20:00:00,26,AAPL.NAS,sell,in,0.1,124.555,26,-0.02,0.00,0.00,3 155.27,WP Sell #M20260528
2023.01.03 20:01:36,27,AAPL.NAS,buy,out,0.1,124.544,27,-0.02,0.00,0.00,3 155.25,sl 124.539
2023.01.03 20:55:37,28,TSLA.NAS,buy,out,0.1,106.46,28,-0.02,0.00,0.02,3 155.25,sl 106.45
2023.01.03 22:00:01,29,XTIUSD,sell,in,0.5,76.90,29,0.00,0.00,0.00,3 155.25,WP Sell #M20260533
2023.01.03 22:00:01,30,XBRUSD,sell,in,0.5,81.78,30,0.00,0.00,0.00,3 155.25,WP Sell #M20260534
2023.01.03 23:30:03,31,XAUUSD,buy,in,0.05,1839.41,31,-0.18,0.00,0.00,3 155.07,United SuperEMA long #M940001
2023.01.04 01:15:01,32,XAUUSD,sell,out,0.05,1838.65,32,-0.18,-2.59,-3.80,3 148.50,
2023.01.04 03:00:01,33,XAUUSD,buy,in,0.02,1838.80,33,-0.07,0.00,0.00,3 148.43,SimpleTrendline BUY #M26042503
2023.01.04 03:30:01,34,XAUUSD,buy,in,0.05,1839.98,34,-0.18,0.00,0.00,3 148.25,United SuperEMA long #M940001
2023.01.04 04:00:01,35,XAUUSD,buy,in,0.26,1844.62,35,-0.91,0.00,0.00,3 147.34,RSI Scalping Buy #M129102315
2023.01.04 04:00:27,36,XAUUSD,sell,out,0.26,1845.01,36,-0.91,0.00,10.14,3 156.57,sl 1845.02
2023.01.04 06:00:00,37,BTCUSD,buy,in,0.26,16858.18,37,0.00,0.00,0.00,3 156.57,RSI Scalping Buy #M123459123
2023.01.04 06:00:42,38,BTCUSD,sell,out,0.26,16875.45,38,0.00,0.00,4.49,3 161.06,sl 16875.56
2023.01.04 06:57:38,39,AUDUSD,sell,in,0.21,0.68016,39,-0.74,0.00,0.00,3 160.32,RSI Overbought Crossover Sell #
2023.01.04 08:00:00,40,AUDUSD,buy,out,0.21,0.68066,40,-0.74,0.00,-10.50,3 149.08,
2023.01.04 09:00:00,41,BTCUSD,buy,in,0.26,16874.64,41,0.00,0.00,0.00,3 149.08,RSI Scalping Buy #M123459123
2023.01.04 09:01:45,42,BTCUSD,sell,out,0.26,16876.43,42,0.00,0.00,0.47,3 149.55,sl 16876.43
2023.01.04 10:00:00,43,XAUUSD,buy,in,0.01,1858.14,43,-0.04,0.00,0.00,3 149.51,WP Buy #M20260526
2023.01.04 13:00:01,44,XAUUSD,sell,in,0.26,1858.84,44,-0.91,0.00,0.00,3 148.60,RSI Scalping Sell #M129102315
2023.01.04 13:04:22,45,XAUUSD,buy,out,0.26,1858.69,45,-0.91,0.00,3.90,3 151.59,sl 1858.64
2023.01.04 13:45:01,46,XAUUSD,sell,out,0.05,1858.45,46,-0.18,0.00,92.35,3 243.76,
2023.01.04 14:20:27,47,XAUUSD,sell,out,0.01,1857.63,47,-0.04,0.00,-0.51,3 243.21,sl 1857.65
2023.01.04 15:00:00,48,XAUUSD,sell,in,0.27,1853.71,48,-0.95,0.00,0.00,3 242.26,RSI Scalping Sell #M129102315
2023.01.04 15:01:14,49,XAUUSD,buy,out,0.27,1853.60,49,-0.95,0.00,2.97,3 244.28,sl 1853.59
2023.01.04 15:24:34,50,XBRUSD,buy,out,0.5,79.95,50,0.00,-5.66,91.50,3 330.12,sl 79.95
2023.01.04 15:24:36,51,XTIUSD,buy,out,0.5,75.15,51,0.00,-7.28,87.50,3 410.34,sl 75.15
2023.01.04 20:00:00,52,XAUUSD,sell,out,0.02,1850.46,52,-0.07,0.00,23.32,3 433.59,
2023.01.04 21:00:00,53,BTCUSD,buy,in,0.28,16955.51,53,0.00,0.00,0.00,3 433.59,RSI Scalping Buy #M123459123
2023.01.04 21:00:43,54,BTCUSD,sell,out,0.28,16980.56,54,0.00,0.00,7.01,3 440.60,sl 16980.63
2023.01.04 23:00:01,55,XAUUSD,buy,in,0.28,1855.32,55,-0.98,0.00,0.00,3 439.62,RSI Scalping Buy #M129102315
2023.01.04 23:05:33,56,XAUUSD,sell,out,0.28,1855.44,56,-0.98,0.00,3.36,3 442.00,sl 1855.50
2023.01.04 23:15:05,57,XAUUSD,buy,in,0.05,1856.29,57,-0.18,0.00,0.00,3 441.82,United SuperEMA long #M940001
2023.01.05 01:02:02,58,XAUUSD,sell,in,0.02,1854.88,58,-0.07,0.00,0.00,3 441.75,SimpleTrendline SELL #M26042503
2023.01.05 02:00:01,59,XAUUSD,buy,out,0.02,1854.91,59,-0.07,0.00,-0.06,3 441.62,
2023.01.05 04:00:00,60,XAUUSD,buy,in,0.28,1858.89,60,-0.98,0.00,0.00,3 440.64,RSI Scalping Buy #M129102315
2023.01.05 04:30:03,61,XAUUSD,sell,out,0.05,1853.99,61,-0.18,-7.78,-11.50,3 421.18,
2023.01.05 09:00:01,62,XAUUSD,sell,out,0.28,1850.77,62,-0.98,0.00,-227.36,3 192.84,
2023.01.05 09:00:01,63,XAUUSD,sell,in,0.01,1850.77,63,-0.04,0.00,0.00,3 192.80,SimpleTrendline SELL #M26042503
2023.01.05 15:30:00,64,XAUUSD,sell,in,0.05,1844.34,64,-0.18,0.00,0.00,3 192.62,United SuperEMA short #M940001
2023.01.05 17:30:00,65,NVDA.NAS,sell,out,26.2,14.34,65,-0.52,0.00,3.41,3 195.51,
2023.01.05 18:45:00,66,NVDA.NAS,buy,in,26.6,14.28,66,-0.53,0.00,0.00,3 194.98,RSI Scalping Buy #M20003
2023.01.05 19:45:01,67,XAUUSD,buy,out,0.05,1833.85,67,-0.18,0.00,52.45,3 247.25,
2023.01.05 23:00:00,68,DE40,sell,in,0.2,14447.50,68,0.00,0.00,0.00,3 247.25,SimpleTrendline SELL #M26042502
2023.01.05 23:30:00,69,DE40,buy,out,0.2,14467.10,69,0.00,0.00,-4.13,3 243.12,
2023.01.06 05:00:02,70,XAUUSD,buy,out,0.01,1838.48,70,-0.04,0.45,12.29,3 255.82,
2023.01.06 11:15:00,71,XAUUSD,sell,in,0.05,1836.09,71,-0.18,0.00,0.00,3 255.64,United SuperEMA short #M940001
2023.01.06 13:15:01,72,XAUUSD,buy,out,0.05,1837.80,72,-0.18,0.00,-8.55,3 246.91,
2023.01.06 15:00:00,73,XAUUSD,sell,in,0.01,1836.60,73,-0.04,0.00,0.00,3 246.87,SimpleTrendline SELL #M26042503
2023.01.06 15:29:00,74,AUDUSD,sell,in,0.04,0.67361,74,-0.14,0.00,0.00,3 246.73,WP Sell #M20260525
2023.01.06 15:44:31,75,AUDUSD,buy,out,0.04,0.67761,75,-0.14,0.00,-16.00,3 230.59,sl 0.67761
2023.01.06 16:00:00,76,XAUUSD,buy,in,0.26,1851.87,76,-0.91,0.00,0.00,3 229.68,RSI Scalping Buy #M129102315
2023.01.06 16:00:00,77,XAUUSD,buy,out,0.01,1851.91,77,-0.04,0.00,-15.31,3 214.33,
2023.01.06 16:00:00,78,XAUUSD,buy,in,0.01,1851.91,78,-0.04,0.00,0.00,3 214.29,SimpleTrendline BUY #M26042503
2023.01.06 16:00:28,79,XAUUSD,sell,out,0.26,1851.95,79,-0.91,0.00,2.08,3 215.46,sl 1851.95
2023.01.06 17:15:00,80,XAUUSD,buy,in,0.05,1858.97,80,-0.18,0.00,0.00,3 215.28,United SuperEMA long #M940001
2023.01.06 18:00:00,81,XAUUSD,buy,in,0.26,1862.35,81,-0.91,0.00,0.00,3 214.37,RSI Scalping Buy #M129102315
2023.01.06 18:01:03,82,XAUUSD,sell,out,0.26,1862.34,82,-0.91,0.00,-0.26,3 213.20,sl 1862.34
2023.01.06 20:00:00,83,XAUUSD,buy,in,0.01,1862.46,83,-0.04,0.00,0.00,3 213.16,WP Buy #M20260526
2023.01.06 21:40:00,84,AAPL.NAS,buy,in,13.3,129.783,84,-0.27,0.00,0.00,3 212.89,RSI Scalping Buy #M20001
2023.01.06 21:57:37,85,AAPL.NAS,sell,out,13.3,129.866,85,-0.27,0.00,1.10,3 213.72,sl 129.870
2023.01.06 22:20:00,86,AAPL.NAS,sell,in,13.3,129.910,86,-0.27,0.00,0.00,3 213.45,RSI Scalping Sell #M20001
2023.01.06 22:22:29,87,AAPL.NAS,buy,out,13.3,129.847,87,-0.27,0.00,0.84,3 214.02,sl 129.847
2023.01.06 23:00:00,88,XAUUSD,sell,in,0.26,1867.19,88,-0.91,0.00,0.00,3 213.11,RSI Scalping Sell #M129102315
2023.01.06 23:30:05,89,XAUUSD,sell,out,0.05,1866.00,89,-0.18,0.00,35.15,3 248.08,
2023.01.06 23:41:26,90,XAUUSD,buy,out,0.26,1866.54,90,-0.91,0.00,16.90,3 264.07,sl 1866.54
2023.01.09 01:11:26,91,AUDUSD,sell,in,0.21,0.68875,91,-0.74,0.00,0.00,3 263.33,RSI Overbought Crossover Sell #
2023.01.09 02:00:00,92,BTCUSD,buy,in,0.27,17127.38,92,0.00,0.00,0.00,3 263.33,RSI Scalping Buy #M123459123
2023.01.09 02:00:00,93,XAUUSD,sell,out,0.01,1869.70,93,-0.04,-0.52,17.79,3 280.56,
2023.01.09 02:00:41,94,BTCUSD,sell,out,0.27,17143.08,94,0.00,0.00,4.24,3 284.80,sl 17143.21
2023.01.09 08:00:00,95,AUDUSD,buy,out,0.21,0.69395,95,-0.74,0.00,-109.20,3 174.86,
2023.01.09 10:00:00,96,BTCUSD,buy,in,0.26,17206.01,96,0.00,0.00,0.00,3 174.86,RSI Scalping Buy #M123459123
2023.01.09 10:00:00,97,XAUUSD,sell,in,0.26,1875.08,97,-0.91,0.00,0.00,3 173.95,RSI Scalping Sell #M129102315
2023.01.09 10:01:35,98,XAUUSD,buy,out,0.26,1875.06,98,-0.91,0.00,0.52,3 173.56,sl 1875.05
2023.01.09 10:03:19,99,BTCUSD,sell,out,0.26,17209.39,99,0.00,0.00,0.88,3 174.44,sl 17209.55
2023.01.09 11:04:33,100,XAUUSD,sell,out,0.01,1873.48,100,-0.04,-0.52,11.02,3 184.90,sl 1873.49
2023.01.09 13:45:00,101,DE40,buy,in,0.2,14690.20,101,0.00,0.00,0.00,3 184.90,SimpleTrendline BUY #M26042502
2023.01.09 16:00:00,102,XAUUSD,buy,in,0.01,1878.33,102,-0.04,0.00,0.00,3 184.86,SimpleTrendline BUY #M26042503
2023.01.09 16:50:00,103,AAPL.NAS,buy,in,13.2,131.376,103,-0.26,0.00,0.00,3 184.60,RSI Scalping Buy #M20001
2023.01.09 16:54:01,104,AAPL.NAS,sell,out,13.2,131.621,104,-0.26,0.00,3.23,3 187.57,sl 131.622
2023.01.09 17:00:01,105,XAUUSD,buy,in,0.05,1877.12,105,-0.18,0.00,0.00,3 187.39,United SuperEMA long #M940001
2023.01.09 17:20:00,106,AAPL.NAS,sell,in,13.2,132.030,106,-0.26,0.00,0.00,3 187.13,RSI Scalping Sell #M20001
2023.01.09 17:30:00,107,NVDA.NAS,sell,out,26.6,15.82,107,-0.53,-0.01,40.96,3 227.55,
2023.01.09 17:45:01,108,XAUUSD,sell,out,0.05,1873.58,108,-0.18,0.00,-17.70,3 209.67,
2023.01.09 19:00:00,109,BTCUSD,buy,in,0.26,17333.59,109,0.00,0.00,0.00,3 209.67,RSI Scalping Buy #M123459123
2023.01.09 19:01:00,110,BTCUSD,sell,out,0.26,17337.49,110,0.00,0.00,1.01,3 210.68,sl 17338.29
2023.01.09 20:00:01,111,XAUUSD,sell,out,0.01,1871.89,111,-0.04,0.00,-6.44,3 204.20,
2023.01.09 20:00:01,112,XAUUSD,sell,in,0.01,1871.89,112,-0.04,0.00,0.00,3 204.16,SimpleTrendline SELL #M26042503
2023.01.09 20:37:37,113,AAPL.NAS,buy,out,13.2,131.971,113,-0.26,0.00,0.78,3 204.68,sl 131.970
2023.01.09 22:00:01,114,XAUUSD,buy,in,0.26,1875.26,114,-0.91,0.00,0.00,3 203.77,RSI Scalping Buy #M129102315
2023.01.09 22:00:01,115,XAUUSD,buy,out,0.01,1875.26,115,-0.04,0.00,-3.37,3 200.36,
2023.01.09 22:30:01,116,NVDA.NAS,buy,in,16,15.76,116,-0.32,0.00,0.00,3 200.04,RSI Scalping Buy #M20003
2023.01.09 23:00:00,117,DE40,sell,out,0.2,14727.10,117,0.00,0.00,7.92,3 207.96,
2023.01.09 23:00:00,118,XAUUSD,sell,in,0.01,1871.22,118,-0.04,0.00,0.00,3 207.92,SimpleTrendline SELL #M26042503
2023.01.10 03:00:00,119,XAUUSD,sell,out,0.26,1870.66,119,-0.91,-13.49,-119.60,3 073.92,
2023.01.10 03:30:01,120,XAUUSD,buy,in,0.05,1873.61,120,-0.18,0.00,0.00,3 073.74,United SuperEMA long #M940001
2023.01.10 04:00:01,121,XAUUSD,buy,in,0.25,1874.52,121,-0.88,0.00,0.00,3 072.86,RSI Scalping Buy #M129102315
2023.01.10 04:12:02,122,XAUUSD,sell,out,0.25,1874.79,122,-0.88,0.00,6.75,3 078.73,sl 1874.79
2023.01.10 06:15:01,123,XAUUSD,sell,out,0.05,1871.20,123,-0.18,0.00,-12.05,3 066.50,
2023.01.10 07:45:01,124,XAUUSD,buy,in,0.05,1874.82,124,-0.18,0.00,0.00,3 066.32,United SuperEMA long #M940001
2023.01.10 08:00:01,125,XAUUSD,buy,out,0.01,1874.11,125,-0.04,0.45,-2.89,3 063.84,
2023.01.10 09:30:01,126,XAUUSD,sell,out,0.05,1871.35,126,-0.18,0.00,-17.35,3 046.31,
2023.01.10 10:00:00,127,XAUUSD,sell,in,0.01,1872.04,127,-0.04,0.00,0.00,3 046.27,SimpleTrendline SELL #M26042503
2023.01.10 10:45:01,128,XAUUSD,buy,in,0.02,1874.01,128,-0.07,0.00,0.00,3 046.20,United SuperEMA long #M940001
2023.01.10 11:00:00,129,XAUUSD,buy,in,0.25,1875.08,129,-0.88,0.00,0.00,3 045.32,RSI Scalping Buy #M129102315
2023.01.10 11:00:01,130,XAUUSD,buy,out,0.01,1875.08,130,-0.04,0.00,-3.04,3 042.24,
2023.01.10 11:00:01,131,XAUUSD,buy,in,0.01,1875.08,131,-0.04,0.00,0.00,3 042.20,SimpleTrendline BUY #M26042503
2023.01.10 11:01:37,132,XAUUSD,sell,out,0.25,1875.27,132,-0.88,0.00,4.75,3 046.07,sl 1875.28
2023.01.10 13:15:00,133,DE40,sell,in,0.2,14712.90,133,0.00,0.00,0.00,3 046.07,SimpleTrendline SELL #M26042502
2023.01.10 13:30:00,134,DE40,buy,out,0.2,14725.40,134,0.00,0.00,-2.69,3 043.38,
2023.01.10 14:15:00,135,XAUUSD,sell,out,0.02,1873.76,135,-0.07,0.00,-0.50,3 042.81,
2023.01.10 15:00:00,136,XAUUSD,sell,out,0.01,1871.83,136,-0.04,0.00,-3.25,3 039.52,
2023.01.10 17:00:00,137,XAUUSD,buy,in,0.25,1878.19,137,-0.88,0.00,0.00,3 038.64,RSI Scalping Buy #M129102315
2023.01.10 17:00:00,138,XAUUSD,buy,in,0.01,1878.23,138,-0.04,0.00,0.00,3 038.60,SimpleTrendline BUY #M26042503
2023.01.10 17:00:31,139,XAUUSD,sell,out,0.25,1878.37,139,-0.88,0.00,4.50,3 042.22,sl 1878.37
2023.01.10 18:00:00,140,TSLA.NAS,sell,in,38,115.96,140,-0.76,0.00,0.00,3 041.46,RSI Scalping Sell #M125421321
2023.01.10 19:00:00,141,XAUUSD,sell,out,0.01,1871.60,141,-0.04,0.00,-6.63,3 034.79,
2023.01.10 19:00:00,142,XAUUSD,sell,in,0.01,1871.59,142,-0.04,0.00,0.00,3 034.75,SimpleTrendline SELL #M26042503
2023.01.10 21:00:00,143,TSLA.NAS,buy,out,38,117.82,143,-0.76,0.00,-70.68,2 963.31,
2023.01.10 21:30:00,144,XAUUSD,buy,in,0.02,1876.99,144,-0.07,0.00,0.00,2 963.24,United SuperEMA long #M940001
2023.01.10 22:00:00,145,TSLA.NAS,sell,in,37,117.64,145,-0.74,0.00,0.00,2 962.50,RSI Scalping Sell #M125421321
2023.01.10 22:00:00,146,XAUUSD,buy,out,0.01,1876.68,146,-0.04,0.00,-5.09,2 957.37,
2023.01.10 23:00:00,147,BTCUSD,buy,in,0.24,17483.48,147,0.00,0.00,0.00,2 957.37,RSI Scalping Buy #M123459123
2023.01.10 23:00:00,148,XAUUSD,buy,in,0.24,1878.14,148,-0.84,0.00,0.00,2 956.53,RSI Scalping Buy #M129102315
2023.01.10 23:39:40,149,BTCUSD,sell,out,0.24,17490.10,149,0.00,0.00,1.59,2 958.12,sl 17490.16
2023.01.11 02:30:00,150,XAUUSD,sell,out,0.02,1876.46,150,-0.07,-1.04,-1.06,2 955.95,
2023.01.11 06:00:04,151,XAUUSD,buy,in,0.02,1877.95,151,-0.07,0.00,0.00,2 955.88,United SuperEMA long #M940001
2023.01.11 06:00:04,152,XAUUSD,buy,in,0.01,1877.95,152,-0.04,0.00,0.00,2 955.84,SimpleTrendline BUY #M26042503
2023.01.11 07:00:00,153,XAUUSD,sell,out,0.24,1877.90,153,-0.84,-12.45,-5.76,2 936.79,
2023.01.11 08:00:00,154,XAUUSD,buy,in,0.24,1882.36,154,-0.84,0.00,0.00,2 935.95,RSI Scalping Buy #M129102315
2023.01.11 08:07:19,155,XAUUSD,sell,out,0.24,1882.96,155,-0.84,0.00,14.40,2 949.51,sl 1882.99
2023.01.11 14:00:00,156,XAUUSD,sell,out,0.02,1883.04,156,-0.07,0.00,10.18,2 959.62,
2023.01.11 16:35:01,157,TSLA.NAS,buy,out,37,120.83,157,-0.74,0.00,-118.03,2 840.85,
2023.01.11 17:00:00,158,XAUUSD,sell,out,0.01,1871.75,158,-0.04,0.00,-6.20,2 834.61,
2023.01.17 17:15:00,159,NVDA.NAS,sell,out,16,17.49,159,-0.32,-0.01,27.68,2 861.96,
2023.02.01 01:02:02,160,XAUUSD,buy,in,0.07,1927.90,160,-0.25,0.00,0.00,2 861.71,RSI Follow BUY #M1001
2023.02.01 06:00:05,161,XAUUSD,buy,in,0.01,1926.78,161,-0.04,0.00,0.00,2 861.67,SimpleTrendline BUY #M26042503
2023.02.01 06:30:00,162,XAUUSD,buy,in,0.02,1927.41,162,-0.07,0.00,0.00,2 861.60,United SuperEMA long #M940001
2023.02.01 06:45:00,163,XAUUSD,sell,in,0.04,1926.05,163,-0.14,0.00,0.00,2 861.46,RSIConsolidation SELL #M2025042
2023.02.01 06:45:01,164,XAUUSD,buy,out,0.04,1926.00,164,-0.14,0.00,0.20,2 861.52,
2023.02.01 07:00:00,165,XAUUSD,sell,in,0.07,1925.70,165,-0.25,0.00,0.00,2 861.27,RSI Reverse SELL #M1002
2023.02.01 07:00:00,166,XAUUSD,buy,out,0.07,1925.79,166,-0.25,0.00,-0.63,2 860.39,
2023.02.01 07:00:01,167,XAUUSD,sell,out,0.02,1925.70,167,-0.07,0.00,-3.42,2 856.90,
2023.02.01 08:30:07,168,DE40,sell,in,0.2,15143.40,168,0.00,0.00,0.00,2 856.90,SimpleTrendline SELL #M26042502
2023.02.01 09:15:00,169,XAUUSD,buy,in,0.02,1927.27,169,-0.07,0.00,0.00,2 856.83,United SuperEMA long #M940001
2023.02.01 09:45:00,170,XAUUSD,sell,out,0.02,1924.27,170,-0.07,0.00,-6.00,2 850.76,
2023.02.01 10:45:00,171,DE40,buy,out,0.2,15178.50,171,0.00,0.00,-7.64,2 843.12,
2023.02.01 12:15:00,172,DE40,sell,in,0.1,15141.50,172,0.00,0.00,0.00,2 843.12,SimpleTrendline SELL #M26042502
2023.02.01 13:15:00,173,XAUUSD,buy,in,0.01,1927.70,173,-0.04,0.00,0.00,2 843.08,United SuperEMA long #M940001
2023.02.01 13:30:03,174,DE40,buy,out,0.1,15150.60,174,0.00,0.00,-0.99,2 842.09,
2023.02.01 14:00:00,175,XAUUSD,buy,in,0.18,1928.89,175,-0.63,0.00,0.00,2 841.46,RSI Scalping Buy #M129102315
2023.02.01 14:10:13,176,XAUUSD,sell,out,0.18,1930.87,176,-0.63,0.00,35.64,2 876.47,sl 1930.89
2023.02.01 15:00:00,177,XAUUSD,sell,out,0.01,1929.88,177,-0.04,0.00,3.10,2 879.53,
2023.02.01 15:15:00,178,XAUUSD,sell,in,0.04,1930.66,178,-0.14,0.00,0.00,2 879.39,RSIConsolidation SELL #M2025042
2023.02.01 16:45:00,179,XAUUSD,buy,out,0.04,1929.42,179,-0.14,0.00,4.96,2 884.21,
2023.02.01 17:00:00,180,XAUUSD,sell,out,0.01,1929.62,180,-0.04,0.00,1.92,2 886.09,
2023.02.01 18:00:00,181,XAUUSD,buy,in,0.24,1931.98,181,-0.84,0.00,0.00,2 885.25,RSI Scalping Buy #M129102315
2023.02.01 18:00:00,182,XAUUSD,buy,in,0.01,1931.99,182,-0.04,0.00,0.00,2 885.21,SimpleTrendline BUY #M26042503
2023.02.01 18:00:00,183,XTIUSD,sell,in,0.5,78.17,183,0.00,0.00,0.00,2 885.21,WP Sell #M20260533
2023.02.01 18:00:00,184,XBRUSD,sell,in,0.5,84.58,184,0.00,0.00,0.00,2 885.21,WP Sell #M20260534
2023.02.01 19:00:00,185,XAUUSD,sell,out,0.01,1925.16,185,-0.04,0.00,-6.83,2 878.34,
2023.02.01 21:39:55,186,XAUUSD,sell,out,0.24,1932.30,186,-0.84,0.00,7.68,2 885.18,sl 1932.45
2023.02.01 21:45:00,187,XAUUSD,buy,in,0.02,1939.21,187,-0.07,0.00,0.00,2 885.11,United SuperEMA long #M940001
2023.02.01 21:48:49,188,XBRUSD,buy,out,0.5,83.27,188,0.00,0.00,65.50,2 950.61,sl 83.27
2023.02.01 21:48:53,189,XTIUSD,buy,out,0.5,76.84,189,0.00,0.00,66.50,3 017.11,sl 76.84
2023.02.01 22:00:00,190,XAUUSD,buy,in,0.25,1943.29,190,-0.88,0.00,0.00,3 016.23,RSI Scalping Buy #M129102315
2023.02.01 22:00:00,191,XAUUSD,buy,in,0.01,1943.35,191,-0.04,0.00,0.00,3 016.19,SimpleTrendline BUY #M26042503
2023.02.01 22:00:16,192,XAUUSD,sell,out,0.25,1944.13,192,-0.88,0.00,21.00,3 036.31,sl 1944.14
2023.02.01 22:00:34,193,SOXX.NAS,buy,in,0.1,140.691,193,-0.02,0.00,0.00,3 036.29,WP Buy #M20260532
2023.02.01 22:01:07,194,SOXX.NAS,sell,out,0.1,140.383,194,-0.02,0.00,-0.03,3 036.24,sl 140.391
2023.02.01 22:41:04,195,XAUUSD,buy,in,0.12,1951.58,195,-0.42,0.00,0.00,3 035.82,Darvas Box Breakout #M135790
2023.02.01 23:00:00,196,EURUSD,buy,in,0.04,1.09882,196,-0.14,0.00,0.00,3 035.68,WP Buy #M20260524
2023.02.01 23:00:00,197,BTCUSD,buy,in,0.25,23580.16,197,0.00,0.00,0.00,3 035.68,RSI Scalping Buy #M123459123
2023.02.01 23:00:12,198,BTCUSD,sell,out,0.25,23585.28,198,0.00,0.00,1.28,3 036.96,sl 23588.41
2023.02.02 00:01:00,199,AUDUSD,buy,in,0.04,0.71382,199,-0.14,0.00,0.00,3 036.82,WP Buy #M20260525
2023.02.02 02:45:02,200,XAUUSD,sell,in,0.05,1953.79,200,-0.18,0.00,0.00,3 036.64,RSIConsolidation SELL #M2025042
2023.02.02 03:00:00,201,XAUUSD,sell,out,0.01,1952.40,201,-0.04,-1.56,9.05,3 044.09,
2023.02.02 04:00:00,202,XAUUSD,sell,out,0.02,1952.85,202,-0.07,-3.11,27.28,3 068.19,
2023.02.02 05:00:00,203,XAUUSD,buy,out,0.05,1952.30,203,-0.18,0.00,7.45,3 075.46,
2023.02.02 07:00:01,204,XAUUSD,buy,in,0.07,1953.46,204,-0.25,0.00,0.00,3 075.21,RSI Reverse BUY #M1002
2023.02.02 08:00:00,205,XAUUSD,sell,in,0.05,1952.62,205,-0.18,0.00,0.00,3 075.03,RSIConsolidation SELL #M2025042
2023.02.02 08:00:01,206,XAUUSD,buy,out,0.05,1952.77,206,-0.18,0.00,-0.75,3 074.10,
2023.02.02 09:00:00,207,XAUUSD,sell,in,0.25,1952.18,207,-0.88,0.00,0.00,3 073.22,RSI Scalping Sell #M129102315
2023.02.02 09:23:05,208,EURUSD,sell,out,0.04,1.10029,208,-0.14,-0.91,5.88,3 078.05,sl 1.10029
2023.02.02 10:00:00,209,XAUUSD,sell,in,0.05,1955.58,209,-0.18,0.00,0.00,3 077.87,RSIConsolidation SELL #M2025042
2023.02.02 11:09:42,210,AUDUSD,sell,out,0.04,0.71338,210,-0.14,0.00,-1.76,3 075.97,sl 0.71339
2023.02.02 11:15:00,211,XAUUSD,buy,out,0.05,1954.51,211,-0.18,0.00,5.35,3 081.14,
2023.02.02 12:59:28,212,XAUUSD,buy,out,0.25,1952.38,212,-0.88,0.00,-5.00,3 075.26,sl 1952.36
2023.02.02 13:00:01,213,XAUUSD,sell,in,0.25,1952.73,213,-0.88,0.00,0.00,3 074.38,RSI Scalping Sell #M129102315
2023.02.02 13:01:40,214,XAUUSD,buy,out,0.25,1953.04,214,-0.88,0.00,-7.75,3 065.75,sl 1953.03
2023.02.02 16:35:14,215,SOXX.NAS,buy,in,0.1,143.044,215,-0.02,0.00,0.00,3 065.73,WP Buy #M20260532
2023.02.02 16:36:55,216,SOXX.NAS,sell,out,0.1,142.743,216,-0.02,0.00,-0.03,3 065.68,sl 142.744
2023.02.02 16:40:00,217,AAPL.NAS,buy,in,7.6,149.120,217,-0.15,0.00,0.00,3 065.53,RSI Scalping Buy #M20001
2023.02.02 16:41:58,218,AAPL.NAS,sell,out,7.6,149.210,218,-0.15,0.00,0.68,3 066.06,sl 149.232
2023.02.02 16:46:59,219,XAUUSD,sell,out,0.12,1934.28,219,-0.42,-18.68,-207.60,2 839.36,sl 1934.93
2023.02.02 17:00:00,220,XAUUSD,sell,out,0.07,1921.48,220,-0.25,-10.90,-44.94,2 783.27,
2023.02.02 17:00:00,221,XAUUSD,sell,out,0.07,1921.48,221,-0.25,0.00,-223.86,2 559.16,
2023.03.01 01:02:00,222,XAUUSD,buy,in,0.06,1827.10,222,-0.21,0.00,0.00,2 558.95,RSI Follow BUY #M1001
2023.03.01 05:15:00,223,XAUUSD,sell,in,0.04,1829.06,223,-0.14,0.00,0.00,2 558.81,RSIConsolidation SELL #M2025042
2023.03.01 07:00:00,224,XAUUSD,buy,in,0.06,1830.15,224,-0.21,0.00,0.00,2 558.60,RSI Reverse BUY #M1002
2023.03.01 07:15:24,225,XAUUSD,buy,out,0.04,1832.40,225,-0.14,0.00,-13.36,2 545.10,sl 1832.32
2023.03.01 12:00:00,226,XAUUSD,sell,in,0.16,1831.79,226,-0.56,0.00,0.00,2 544.54,RSI Scalping Sell #M129102315
2023.03.01 12:03:24,227,XAUUSD,buy,out,0.16,1832.06,227,-0.56,0.00,-4.32,2 539.66,sl 1832.05
2023.03.01 13:00:00,228,EURUSD,buy,in,0.03,1.06682,228,-0.11,0.00,0.00,2 539.55,WP Buy #M20260524
2023.03.01 16:00:00,229,XAUUSD,sell,in,0.16,1837.23,229,-0.56,0.00,0.00,2 538.99,RSI Scalping Sell #M129102315
2023.03.01 16:45:00,230,XAUUSD,buy,in,0.03,1841.60,230,-0.11,0.00,0.00,2 538.88,United SuperEMA long #M940001
2023.03.01 17:00:00,231,TSLA.NAS,sell,in,25.3,202.65,231,-0.51,0.00,0.00,2 538.37,RSI Scalping Sell #M125421321
2023.03.01 17:00:00,232,XAUUSD,buy,in,0.01,1845.06,232,-0.04,0.00,0.00,2 538.33,SimpleTrendline BUY #M26042503
2023.03.01 17:00:14,233,EURUSD,sell,out,0.03,1.06612,233,-0.11,0.00,-2.10,2 536.12,sl 1.06614
2023.03.01 17:10:21,234,XAUUSD,buy,out,0.16,1836.13,234,-0.56,0.00,17.60,2 553.16,sl 1836.10
2023.03.01 17:30:00,235,XAUUSD,sell,out,0.03,1838.20,235,-0.11,0.00,-10.20,2 542.85,
2023.03.01 17:45:01,236,XAUUSD,buy,in,0.04,1841.72,236,-0.14,0.00,0.00,2 542.71,United SuperEMA long #M940001
2023.03.01 18:30:00,237,XAUUSD,sell,out,0.04,1837.81,237,-0.14,0.00,-15.64,2 526.93,
2023.03.01 19:30:02,238,NVDA.NAS,buy,in,21,22.79,238,-0.42,0.00,0.00,2 526.51,RSI Scalping Buy #M20003
2023.03.01 20:00:00,239,XAUUSD,sell,out,0.01,1837.29,239,-0.04,0.00,-7.77,2 518.70,
2023.03.01 21:00:00,240,NVDA.NAS,sell,out,21,22.71,240,-0.42,0.00,-1.68,2 516.60,
2023.03.01 21:00:00,241,NVDA.NAS,buy,in,20.9,22.72,241,-0.42,0.00,0.00,2 516.18,RSI Scalping Buy #M20003
2023.03.02 08:00:00,242,XAUUSD,buy,in,0.05,1833.65,242,-0.18,0.00,0.00,2 516.00,EMA Cross Distance BUY #M1003
2023.03.02 08:15:05,243,XAUUSD,sell,in,0.01,1832.24,243,-0.04,0.00,0.00,2 515.96,United SuperEMA short #M940001
2023.03.02 10:45:00,244,XAUUSD,buy,out,0.01,1833.56,244,-0.04,0.00,-1.32,2 514.60,
2023.03.02 14:00:00,245,XAUUSD,sell,out,0.05,1836.68,245,-0.18,0.00,15.15,2 529.57,
2023.03.02 14:45:01,246,XAUUSD,sell,in,0.04,1831.20,246,-0.14,0.00,0.00,2 529.43,RSIConsolidation SELL #M2025042
2023.03.02 14:45:01,247,XAUUSD,buy,out,0.04,1831.29,247,-0.14,0.00,-0.36,2 528.93,
2023.03.02 16:35:00,248,TSLA.NAS,buy,out,25.3,189.17,248,-0.51,0.00,341.04,2 869.46,
2023.03.02 17:00:00,249,AAPL.NAS,sell,in,0.1,144.352,249,-0.02,0.00,0.00,2 869.44,WP Sell #M20260528
2023.03.02 17:01:18,250,AAPL.NAS,buy,out,0.1,144.552,250,-0.02,0.00,-0.02,2 869.40,sl 144.552
2023.03.02 18:00:00,251,XAUUSD,sell,in,0.04,1836.75,251,-0.14,0.00,0.00,2 869.26,RSIConsolidation SELL #M2025042
2023.03.02 19:00:00,252,XAUUSD,buy,out,0.04,1836.22,252,-0.14,0.00,2.12,2 871.24,
2023.03.02 19:15:00,253,XAUUSD,sell,in,0.04,1834.00,253,-0.14,0.00,0.00,2 871.10,RSIConsolidation SELL #M2025042
2023.03.02 19:15:00,254,XAUUSD,buy,out,0.04,1834.18,254,-0.14,0.00,-0.72,2 870.24,
2023.03.02 22:40:00,255,AAPL.NAS,buy,in,11.9,146.554,255,-0.24,0.00,0.00,2 870.00,RSI Scalping Buy #M20001
2023.03.03 02:00:00,256,XAUUSD,buy,in,0.23,1837.92,256,-0.81,0.00,0.00,2 869.19,RSI Scalping Buy #M129102315
2023.03.03 02:01:45,257,XAUUSD,sell,out,0.23,1839.75,257,-0.81,0.00,42.09,2 910.47,sl 1839.75
2023.03.03 12:45:00,258,XAUUSD,buy,in,0.04,1847.73,258,-0.14,0.00,0.00,2 910.33,United SuperEMA long #M940001
2023.03.03 14:45:01,259,XAUUSD,sell,out,0.04,1845.26,259,-0.14,0.00,-9.88,2 900.31,
2023.03.03 15:00:00,260,XAUUSD,sell,in,0.24,1845.91,260,-0.84,0.00,0.00,2 899.47,RSI Scalping Sell #M129102315
2023.03.03 15:01:04,261,XAUUSD,buy,out,0.24,1846.06,261,-0.84,0.00,-3.60,2 895.03,sl 1845.94
2023.03.03 16:00:00,262,BTCUSD,buy,in,0.16,22404.85,262,0.00,0.00,0.00,2 895.03,SimpleTrendline BUY #M26042501
2023.03.03 16:35:08,263,AAPL.NAS,sell,out,11.9,147.839,263,-0.24,0.00,15.29,2 910.08,sl 147.885
2023.03.03 16:40:00,264,AAPL.NAS,buy,in,12.1,148.310,264,-0.24,0.00,0.00,2 909.84,RSI Scalping Buy #M20001
2023.03.03 16:40:47,265,AAPL.NAS,sell,out,12.1,148.465,265,-0.24,0.00,1.88,2 911.48,sl 148.495
2023.03.03 17:40:00,266,AAPL.NAS,sell,in,12.1,149.630,266,-0.24,0.00,0.00,2 911.24,RSI Scalping Sell #M20001
2023.03.03 17:42:28,267,AAPL.NAS,buy,out,12.1,149.589,267,-0.24,0.00,0.50,2 911.50,sl 149.585
2023.03.03 18:00:00,268,XAUUSD,buy,in,0.24,1844.76,268,-0.84,0.00,0.00,2 910.66,RSI Scalping Buy #M129102315
2023.03.03 18:00:00,269,XAUUSD,buy,in,0.02,1844.76,269,-0.07,0.00,0.00,2 910.59,SimpleTrendline BUY #M26042503
2023.03.03 18:11:04,270,XAUUSD,sell,out,0.24,1844.72,270,-0.84,0.00,-0.96,2 908.79,sl 1844.80
2023.03.03 19:00:01,271,XAUUSD,buy,in,0.01,1847.93,271,-0.04,0.00,0.00,2 908.75,United SuperEMA long #M940001
2023.03.03 21:00:01,272,BTCUSD,sell,out,0.16,22311.69,272,0.00,0.00,-14.91,2 893.84,
2023.03.03 22:00:00,273,XAUUSD,buy,in,0.01,1853.48,273,-0.04,0.00,0.00,2 893.80,WP Buy #M20260526
2023.03.06 02:00:02,274,XAUUSD,sell,in,0.24,1852.40,274,-0.84,0.00,0.00,2 892.96,RSI Scalping Sell #M129102315
2023.03.06 02:00:02,275,XAUUSD,sell,out,0.01,1852.38,275,-0.04,-0.52,4.45,2 896.85,
2023.03.06 02:05:58,276,XAUUSD,buy,out,0.24,1852.28,276,-0.84,0.00,2.88,2 898.89,sl 1852.28
2023.03.06 09:30:00,277,DE40,buy,in,0.2,15611.60,277,0.00,0.00,0.00,2 898.89,SimpleTrendline BUY #M26042502
2023.03.06 10:00:00,278,DE40,sell,out,0.2,15608.10,278,0.00,0.00,-0.75,2 898.14,
2023.03.06 12:00:00,279,XAUUSD,sell,out,0.02,1851.49,279,-0.07,-1.04,13.46,2 910.49,
2023.03.06 12:00:00,280,XAUUSD,sell,in,0.02,1851.49,280,-0.07,0.00,0.00,2 910.42,SimpleTrendline SELL #M26042503
2023.03.06 12:45:00,281,DE40,sell,in,0.2,15610.20,281,0.00,0.00,0.00,2 910.42,SimpleTrendline SELL #M26042502
2023.03.06 13:00:00,282,DE40,buy,out,0.2,15630.20,282,0.00,0.00,-4.26,2 906.16,
2023.03.06 15:30:00,283,XAUUSD,buy,in,0.01,1852.19,283,-0.04,0.00,0.00,2 906.12,United SuperEMA long #M940001
2023.03.06 16:40:00,284,AAPL.NAS,buy,in,12.1,154.542,284,-0.24,0.00,0.00,2 905.88,RSI Scalping Buy #M20001
2023.03.06 16:40:33,285,AAPL.NAS,sell,out,12.1,154.560,285,-0.24,0.00,0.22,2 905.86,sl 154.583
2023.03.06 16:50:00,286,AAPL.NAS,sell,in,12.1,153.585,286,-0.24,0.00,0.00,2 905.62,RSI Scalping Sell #M20001
2023.03.06 17:00:00,287,AAPL.NAS,buy,in,0.1,154.420,287,-0.02,0.00,0.00,2 905.60,WP Buy #M20260528
2023.03.06 17:00:22,288,AAPL.NAS,sell,out,0.1,154.220,288,-0.02,0.00,-0.02,2 905.56,sl 154.220
2023.03.06 17:15:01,289,XAUUSD,sell,out,0.01,1851.02,289,-0.04,0.00,-1.17,2 904.35,
2023.03.06 17:45:00,290,XAUUSD,buy,in,0.01,1853.47,290,-0.04,0.00,0.00,2 904.31,United SuperEMA long #M940001
2023.03.06 18:00:00,291,EURUSD,buy,in,0.03,1.06788,291,-0.11,0.00,0.00,2 904.20,WP Buy #M20260524
2023.03.06 18:00:00,292,AAPL.NAS,buy,in,0.1,155.159,292,-0.02,0.00,0.00,2 904.18,WP Buy #M20260528
2023.03.06 18:03:32,293,AAPL.NAS,sell,out,0.1,155.338,293,-0.02,0.00,0.02,2 904.18,sl 155.364
2023.03.06 18:15:02,294,XAUUSD,sell,out,0.01,1851.04,294,-0.04,0.00,-2.43,2 901.71,
2023.03.06 19:00:00,295,AAPL.NAS,buy,in,0.1,155.745,295,-0.02,0.00,0.00,2 901.69,WP Buy #M20260528
2023.03.06 19:05:01,296,AAPL.NAS,sell,out,0.1,155.810,296,-0.02,0.00,0.01,2 901.68,sl 155.815
2023.03.06 21:00:01,297,NVDA.NAS,sell,out,20.9,23.69,297,-0.42,-0.01,20.27,2 921.52,
2023.03.06 21:15:00,298,DE40,buy,in,0.2,15645.60,298,0.00,0.00,0.00,2 921.52,SimpleTrendline BUY #M26042502
2023.03.06 21:30:01,299,NVDA.NAS,sell,in,24.3,23.67,299,-0.49,0.00,0.00,2 921.03,RSI Scalping Sell #M20003
2023.03.06 22:00:00,300,DE40,sell,out,0.2,15631.90,300,0.00,0.00,-2.93,2 918.10,
2023.03.06 22:15:00,301,NVDA.NAS,buy,out,24.3,23.61,301,-0.49,0.00,1.46,2 919.07,
2023.03.06 22:15:00,302,NVDA.NAS,sell,in,24.3,23.61,302,-0.49,0.00,0.00,2 918.58,RSI Scalping Sell #M20003
2023.03.06 22:15:00,303,DE40,sell,in,0.2,15628.40,303,0.00,0.00,0.00,2 918.58,SimpleTrendline SELL #M26042502
2023.03.06 22:20:00,304,AAPL.NAS,buy,out,12.1,154.016,304,-0.24,0.00,-5.22,2 913.12,
2023.03.06 22:30:01,305,NVDA.NAS,buy,out,24.3,23.53,305,-0.49,0.00,1.94,2 914.57,
2023.03.06 22:45:01,306,DE40,buy,out,0.2,15636.60,306,0.00,0.00,-1.75,2 912.82,
2023.03.07 03:30:03,307,DE40,buy,in,0.2,15654.70,307,0.00,0.00,0.00,2 912.82,SimpleTrendline BUY #M26042502
2023.03.07 08:30:01,308,DE40,sell,out,0.2,15656.20,308,0.00,0.00,0.32,2 913.14,
2023.03.07 09:15:00,309,XAUUSD,sell,in,0.01,1847.40,309,-0.04,0.00,0.00,2 913.10,United SuperEMA short #M940001
2023.03.07 09:30:01,310,XAUUSD,buy,out,0.01,1851.56,310,-0.04,0.00,-4.16,2 908.90,
2023.03.07 11:00:01,311,DE40,buy,in,0.1,15680.90,311,0.00,0.00,0.00,2 908.90,SimpleTrendline BUY #M26042502
2023.03.07 11:30:02,312,XAUUSD,sell,in,0.01,1845.85,312,-0.04,0.00,0.00,2 908.86,United SuperEMA short #M940001
2023.03.07 13:00:00,313,AUDUSD,sell,in,0.04,0.66725,313,-0.14,0.00,0.00,2 908.72,WP Sell #M20260525
2023.03.07 15:00:00,314,XAUUSD,sell,out,0.06,1839.65,314,-0.21,-18.67,75.30,2 965.14,
2023.03.07 15:00:01,315,DE40,sell,out,0.1,15661.10,315,0.00,0.00,-2.11,2 963.03,
2023.03.07 15:08:15,316,XAUUSD,sell,out,0.01,1838.43,316,-0.04,-1.04,-15.05,2 946.90,sl 1838.48
2023.03.07 15:45:01,317,DE40,buy,in,0.1,15666.60,317,0.00,0.00,0.00,2 946.90,SimpleTrendline BUY #M26042502
2023.03.07 16:00:00,318,XAUUSD,sell,out,0.06,1835.39,318,-0.21,-18.67,31.44,2 959.46,
2023.03.07 16:00:00,319,DE40,sell,out,0.1,15654.50,319,0.00,0.00,-1.29,2 958.17,
2023.03.07 16:45:00,320,NVDA.NAS,buy,in,24.6,23.75,320,-0.49,0.00,0.00,2 957.68,RSI Scalping Buy #M20003
2023.03.07 17:00:41,321,EURUSD,sell,out,0.03,1.06279,321,-0.11,-0.23,-15.27,2 942.07,sl 1.06288
2023.03.07 17:34:08,322,AUDUSD,buy,out,0.04,0.66270,322,-0.14,0.00,18.20,2 960.13,sl 0.66268
2023.03.07 18:00:00,323,AUDUSD,sell,in,0.04,0.66066,323,-0.14,0.00,0.00,2 959.99,WP Sell #M20260525
2023.03.07 21:45:00,324,NVDA.NAS,sell,out,24.6,23.35,324,-0.49,0.00,-9.84,2 949.66,
2023.03.08 06:57:50,325,AUDUSD,buy,out,0.04,0.65920,325,-0.14,-0.18,5.84,2 955.18,sl 0.65920
2023.03.08 07:45:00,326,XAUUSD,buy,out,0.01,1812.18,326,-0.04,0.45,33.67,2 989.26,
2023.03.08 16:45:00,327,NVDA.NAS,buy,in,24.9,23.50,327,-0.50,0.00,0.00,2 988.76,RSI Scalping Buy #M20003
2023.03.08 17:00:00,328,XAUUSD,buy,out,0.02,1820.80,328,-0.07,1.80,61.38,3 051.87,
2023.03.08 17:00:00,329,XAUUSD,buy,in,0.02,1820.80,329,-0.07,0.00,0.00,3 051.80,SimpleTrendline BUY #M26042503
2023.03.08 18:00:00,330,TSLA.NAS,sell,in,0.1,182.34,330,-0.02,0.00,0.00,3 051.78,WP Sell #M20260530
2023.03.08 19:00:00,331,XAUUSD,sell,out,0.02,1817.78,331,-0.07,0.00,-6.04,3 045.67,
2023.03.08 20:00:00,332,XAUUSD,sell,in,0.02,1815.57,332,-0.07,0.00,0.00,3 045.60,SimpleTrendline SELL #M26042503
2023.03.08 21:10:11,333,TSLA.NAS,buy,out,0.1,181.83,333,-0.02,0.00,0.05,3 045.63,sl 181.82
2023.03.08 23:00:00,334,XAUUSD,sell,in,0.01,1813.17,334,-0.04,0.00,0.00,3 045.59,United SuperEMA short #M940001
2023.03.09 01:15:00,335,XAUUSD,buy,out,0.01,1815.52,335,-0.04,1.34,-2.35,3 044.54,
2023.03.09 04:00:00,336,XAUUSD,sell,in,0.01,1812.29,336,-0.04,0.00,0.00,3 044.50,United SuperEMA short #M940001
2023.03.09 06:00:02,337,XAUUSD,buy,out,0.02,1813.86,337,-0.07,2.69,3.42,3 050.54,
2023.03.09 07:00:00,338,XAUUSD,buy,out,0.01,1814.44,338,-0.04,0.00,-2.15,3 048.35,
2023.03.09 09:00:00,339,XAUUSD,sell,in,0.02,1813.35,339,-0.07,0.00,0.00,3 048.28,SimpleTrendline SELL #M26042503
2023.03.09 11:00:00,340,XAUUSD,buy,out,0.02,1817.28,340,-0.07,0.00,-7.86,3 040.35,
2023.03.09 12:45:01,341,XAUUSD,buy,in,0.01,1817.83,341,-0.04,0.00,0.00,3 040.31,United SuperEMA long #M940001
2023.03.09 14:15:00,342,XAUUSD,sell,in,0.05,1818.80,342,-0.18,0.00,0.00,3 040.13,RSIConsolidation SELL #M2025042
2023.03.09 14:45:00,343,XAUUSD,sell,out,0.01,1817.35,343,-0.04,0.00,-0.48,3 039.61,
2023.03.09 14:45:00,344,XAUUSD,buy,out,0.05,1817.42,344,-0.18,0.00,6.90,3 046.33,
2023.03.09 16:00:00,345,XAUUSD,buy,in,0.25,1825.28,345,-0.88,0.00,0.00,3 045.45,RSI Scalping Buy #M129102315
2023.03.09 16:00:00,346,XAUUSD,buy,in,0.02,1825.31,346,-0.07,0.00,0.00,3 045.38,SimpleTrendline BUY #M26042503
2023.03.09 16:01:53,347,XAUUSD,sell,out,0.25,1826.66,347,-0.88,0.00,34.50,3 079.00,sl 1826.71
2023.03.09 18:00:00,348,XAUUSD,sell,in,0.25,1828.72,348,-0.88,0.00,0.00,3 078.12,RSI Scalping Sell #M129102315
2023.03.09 18:10:23,349,XAUUSD,buy,out,0.25,1827.08,349,-0.88,0.00,41.00,3 118.24,sl 1827.08
2023.03.09 20:45:00,350,XAUUSD,buy,in,0.01,1833.28,350,-0.04,0.00,0.00,3 118.20,United SuperEMA long #M940001
2023.03.09 21:15:02,351,NVDA.NAS,sell,out,24.9,23.65,351,-0.50,0.00,3.74,3 121.44,
2023.03.09 22:00:00,352,NVDA.NAS,sell,in,26,23.68,352,-0.52,0.00,0.00,3 120.92,RSI Scalping Sell #M20003
2023.03.09 22:00:00,353,XAUUSD,sell,in,0.26,1830.64,353,-0.91,0.00,0.00,3 120.01,RSI Scalping Sell #M129102315
2023.03.09 22:00:00,354,XTIUSD,sell,in,0.5,75.52,354,0.00,0.00,0.00,3 120.01,WP Sell #M20260533
2023.03.09 22:00:01,355,XBRUSD,sell,in,0.5,81.63,355,0.00,0.00,0.00,3 120.01,WP Sell #M20260534
2023.03.09 22:15:00,356,NVDA.NAS,buy,out,26,23.60,356,-0.52,0.00,2.08,3 121.57,
2023.03.09 22:15:30,357,XAUUSD,buy,out,0.26,1830.32,357,-0.91,0.00,8.32,3 128.98,sl 1830.30
2023.03.09 22:30:00,358,XAUUSD,sell,out,0.01,1830.20,358,-0.04,0.00,-3.08,3 125.86,
2023.03.10 07:00:00,359,XAUUSD,buy,in,0.26,1829.92,359,-0.91,0.00,0.00,3 124.95,RSI Scalping Buy #M129102315
2023.03.10 07:48:05,360,XAUUSD,sell,out,0.26,1830.56,360,-0.91,0.00,16.64,3 140.68,sl 1830.58
2023.03.10 08:15:00,361,XAUUSD,buy,in,0.01,1831.90,361,-0.04,0.00,0.00,3 140.64,United SuperEMA long #M940001
2023.03.10 12:00:00,362,XAUUSD,sell,out,0.01,1831.70,362,-0.04,0.00,-0.20,3 140.40,
2023.03.10 14:45:00,363,XAUUSD,buy,in,0.01,1836.27,363,-0.04,0.00,0.00,3 140.36,United SuperEMA long #M940001
2023.03.10 15:30:00,364,XAUUSD,sell,out,0.01,1833.58,364,-0.04,0.00,-2.69,3 137.63,
2023.03.10 15:30:01,365,DE40,sell,in,0.1,15421.70,365,0.00,0.00,0.00,3 137.63,SimpleTrendline SELL #M26042502
2023.03.10 15:38:08,366,XBRUSD,buy,out,0.5,81.77,366,0.00,-5.66,-7.00,3 124.97,sl 81.76
2023.03.10 15:38:11,367,XTIUSD,buy,out,0.5,75.65,367,0.00,-7.28,-6.50,3 111.19,sl 75.64
2023.03.10 15:45:00,368,XAUUSD,buy,in,0.01,1843.97,368,-0.04,0.00,0.00,3 111.15,United SuperEMA long #M940001
2023.03.10 15:45:00,369,DE40,buy,out,0.1,15488.30,369,0.00,0.00,-7.08,3 104.07,
2023.03.10 16:40:44,370,XAUUSD,buy,in,0.1,1858.29,370,-0.35,0.00,0.00,3 103.72,Darvas Box Breakout #M135790
2023.03.10 17:00:00,371,XAUUSD,buy,in,0.01,1858.59,371,-0.04,0.00,0.00,3 103.68,WP Buy #M20260526
2023.03.10 18:00:02,372,NVDA.NAS,buy,in,20.6,23.33,372,-0.41,0.00,0.00,3 103.27,RSI Scalping Buy #M20003
2023.03.10 18:13:00,373,XAUUSD,sell,out,0.01,1859.73,373,-0.04,0.00,1.14,3 104.37,sl 1859.84
2023.03.10 19:00:00,374,XAUUSD,sell,in,0.25,1855.46,374,-0.88,0.00,0.00,3 103.49,RSI Scalping Sell #M129102315
2023.03.10 23:00:00,375,XAUUSD,buy,out,0.25,1869.97,375,-0.88,0.00,-362.75,2 739.86,
2023.03.13 00:05:00,376,BTCUSD,buy,in,0.22,21519.52,376,0.00,0.00,0.00,2 739.86,RSI Scalping Buy #M123459123
2023.03.13 01:02:00,377,XAUUSD,sell,out,0.02,1883.62,377,-0.07,-2.08,116.62,2 854.33,
2023.03.13 01:17:23,378,BTCUSD,sell,out,0.22,21564.31,378,0.00,0.00,9.85,2 864.18,sl 21590.80
2023.03.13 01:45:00,379,DE40,buy,in,0.1,15474.80,379,0.00,0.00,0.00,2 864.18,SimpleTrendline BUY #M26042502
2023.03.13 02:00:00,380,XAUUSD,buy,in,0.01,1884.52,380,-0.04,0.00,0.00,2 864.14,WP Buy #M20260526
2023.03.13 02:00:00,381,DE40,sell,out,0.1,15382.10,381,0.00,0.00,-9.85,2 854.29,
2023.03.13 04:00:00,382,XAUUSD,sell,out,0.01,1877.12,382,-0.04,-0.52,33.15,2 886.88,
2023.03.13 05:00:00,383,XAUUSD,sell,in,0.24,1873.04,383,-0.84,0.00,0.00,2 886.04,RSI Scalping Sell #M129102315
2023.03.13 05:01:19,384,XAUUSD,buy,out,0.24,1873.34,384,-0.84,0.00,-7.20,2 878.00,sl 1873.32
2023.03.13 06:00:00,385,XAUUSD,buy,in,0.02,1886.98,385,-0.07,0.00,0.00,2 877.93,SimpleTrendline BUY #M26042503
2023.03.13 07:00:00,386,XAUUSD,sell,in,0.23,1882.65,386,-0.81,0.00,0.00,2 877.12,RSI Scalping Sell #M129102315
2023.03.13 07:09:01,387,XAUUSD,buy,out,0.23,1882.78,387,-0.81,0.00,-2.99,2 873.32,sl 1882.78
2023.03.13 12:00:00,388,XAUUSD,buy,in,0.01,1885.68,388,-0.04,0.00,0.00,2 873.28,United SuperEMA long #M940001
2023.03.13 12:58:44,389,XAUUSD,sell,out,0.01,1886.31,389,-0.04,0.00,1.79,2 875.03,sl 1886.31
2023.03.13 15:29:31,390,XAUUSD,sell,out,0.1,1896.04,390,-0.35,-5.19,377.50,3 246.99,tp 1895.14
2023.03.13 15:30:04,391,XAUUSD,buy,in,0.13,1898.70,391,-0.46,0.00,0.00,3 246.53,Darvas Box Breakout #M135790
2023.03.13 17:00:00,392,XAUUSD,sell,in,0.27,1896.49,392,-0.95,0.00,0.00,3 245.58,RSI Scalping Sell #M129102315
2023.03.13 18:00:00,393,BTCUSD,buy,in,0.16,23607.55,393,0.00,0.00,0.00,3 245.58,RSI Scalping Buy #M123459123
2023.03.13 18:00:10,394,BTCUSD,sell,out,0.16,23607.46,394,0.00,0.00,-0.01,3 245.57,sl 23609.26
2023.03.13 23:00:00,395,XAUUSD,buy,out,0.27,1913.38,395,-0.95,0.00,-456.03,2 788.59,
2023.03.14 01:30:00,396,XAUUSD,sell,out,0.01,1911.07,396,-0.04,-0.52,25.39,2 813.42,
2023.03.14 02:00:00,397,XAUUSD,sell,in,0.23,1910.15,397,-0.81,0.00,0.00,2 812.61,RSI Scalping Sell #M129102315
2023.03.14 04:11:07,398,XAUUSD,buy,out,0.23,1910.33,398,-0.81,0.00,-4.14,2 807.66,sl 1910.19
2023.03.14 06:00:01,399,XAUUSD,sell,out,0.02,1904.43,399,-0.07,-1.04,34.90,2 841.45,
2023.03.14 09:15:00,400,XAUUSD,buy,in,0.01,1911.11,400,-0.04,0.00,0.00,2 841.41,United SuperEMA long #M940001
2023.03.14 09:30:01,401,DE40,sell,in,0.1,14948.20,401,0.00,0.00,0.00,2 841.41,SimpleTrendline SELL #M26042502
2023.03.14 10:00:00,402,DE40,buy,out,0.1,14969.20,402,0.00,0.00,-2.23,2 839.18,
2023.03.14 11:00:00,403,XAUUSD,buy,in,0.02,1912.56,403,-0.07,0.00,0.00,2 839.11,SimpleTrendline BUY #M26042503
2023.03.14 11:15:00,404,DE40,buy,in,0.1,15028.00,404,0.00,0.00,0.00,2 839.11,SimpleTrendline BUY #M26042502
2023.03.14 11:30:00,405,DE40,sell,out,0.1,14991.00,405,0.00,0.00,-3.93,2 835.18,
2023.03.14 11:45:00,406,XAUUSD,sell,out,0.01,1902.60,406,-0.04,0.00,-8.51,2 826.63,
2023.03.14 13:00:00,407,XAUUSD,sell,out,0.02,1901.22,407,-0.07,0.00,-22.68,2 803.88,
2023.03.14 13:00:00,408,XAUUSD,sell,in,0.02,1901.20,408,-0.07,0.00,0.00,2 803.81,SimpleTrendline SELL #M26042503
2023.03.14 13:30:00,409,DE40,buy,in,0.1,15043.50,409,0.00,0.00,0.00,2 803.81,SimpleTrendline BUY #M26042502
2023.03.14 13:45:00,410,DE40,sell,out,0.1,15025.50,410,0.00,0.00,-1.91,2 801.90,
2023.03.14 14:00:00,411,BTCUSD,buy,in,0.18,24706.81,411,0.00,0.00,0.00,2 801.90,RSI Scalping Buy #M123459123
2023.03.14 14:00:33,412,BTCUSD,sell,out,0.18,24719.70,412,0.00,0.00,2.32,2 804.22,sl 24726.00
2023.03.14 14:15:00,413,DE40,buy,in,0.1,15059.00,413,0.00,0.00,0.00,2 804.22,SimpleTrendline BUY #M26042502
2023.03.14 15:15:00,414,XAUUSD,buy,in,0.01,1907.38,414,-0.04,0.00,0.00,2 804.18,United SuperEMA long #M940001
2023.03.14 16:00:00,415,XAUUSD,buy,in,0.23,1910.12,415,-0.81,0.00,0.00,2 803.37,RSI Scalping Buy #M129102315
2023.03.14 16:00:01,416,XAUUSD,buy,out,0.02,1910.12,416,-0.07,0.00,-17.84,2 785.46,
2023.03.14 16:00:01,417,XAUUSD,buy,in,0.02,1910.34,417,-0.07,0.00,0.00,2 785.39,SimpleTrendline BUY #M26042503
2023.03.14 16:00:50,418,XAUUSD,sell,out,0.23,1910.10,418,-0.81,0.00,-0.46,2 784.12,sl 1910.12
2023.03.14 16:45:00,419,XAUUSD,sell,out,0.01,1898.75,419,-0.04,0.00,-8.63,2 775.45,
2023.03.14 17:00:00,420,XAUUSD,sell,out,0.02,1902.44,420,-0.07,0.00,-15.80,2 759.58,
2023.03.14 18:00:00,421,TSLA.NAS,sell,in,27.5,179.21,421,-0.55,0.00,0.00,2 759.03,RSI Scalping Sell #M125421321
2023.03.14 19:00:01,422,TSLA.NAS,buy,out,27.5,181.57,422,-0.55,0.00,-64.90,2 693.58,
2023.03.14 20:00:00,423,XAUUSD,buy,in,0.01,1908.85,423,-0.04,0.00,0.00,2 693.54,United SuperEMA long #M940001
2023.03.14 20:00:00,424,XAUUSD,buy,in,0.01,1908.88,424,-0.04,0.00,0.00,2 693.50,SimpleTrendline BUY #M26042503
2023.03.14 22:00:00,425,XBRUSD,sell,in,0.5,77.03,425,0.00,0.00,0.00,2 693.50,WP Sell #M20260534
2023.03.14 22:15:00,426,XAUUSD,sell,out,0.01,1906.57,426,-0.04,0.00,-2.28,2 691.18,
2023.03.14 23:00:00,427,XAUUSD,sell,out,0.01,1902.51,427,-0.04,0.00,-6.37,2 684.77,
2023.03.15 03:17:35,428,DE40,sell,out,0.1,15218.30,428,0.00,-0.48,16.93,2 701.22,
2023.03.15 05:15:00,429,XAUUSD,buy,in,0.01,1904.73,429,-0.04,0.00,0.00,2 701.18,United SuperEMA long #M940001
2023.03.15 06:00:01,430,XAUUSD,buy,in,0.02,1904.68,430,-0.07,0.00,0.00,2 701.11,SimpleTrendline BUY #M26042503
2023.03.15 06:14:29,431,XBRUSD,buy,out,0.5,78.53,431,0.00,-5.66,-75.00,2 620.45,sl 78.53
2023.03.15 07:00:00,432,XAUUSD,sell,out,0.01,1902.86,432,-0.04,0.00,-1.87,2 618.54,
2023.03.15 07:00:00,433,XAUUSD,sell,out,0.02,1902.86,433,-0.07,0.00,-3.64,2 614.83,
2023.03.15 07:00:00,434,XAUUSD,sell,in,0.02,1902.86,434,-0.07,0.00,0.00,2 614.76,SimpleTrendline SELL #M26042503
2023.03.15 11:00:00,435,XAUUSD,sell,in,0.01,1896.47,435,-0.04,0.00,0.00,2 614.72,United SuperEMA short #M940001
2023.03.15 13:00:00,436,XAUUSD,buy,out,0.01,1896.54,436,-0.04,0.00,-0.07,2 614.61,
2023.03.15 14:00:00,437,XAUUSD,buy,in,0.17,1908.86,437,-0.60,0.00,0.00,2 614.01,RSI Scalping Buy #M129102315
2023.03.15 14:00:00,438,XAUUSD,buy,out,0.02,1908.92,438,-0.07,0.00,-12.12,2 601.82,
2023.03.15 14:24:25,439,XAUUSD,sell,out,0.17,1908.62,439,-0.60,0.00,-4.08,2 597.14,sl 1908.66
2023.03.15 16:00:00,440,XAUUSD,buy,in,0.01,1927.76,440,-0.04,0.00,0.00,2 597.10,WP Buy #M20260526
2023.03.15 17:00:00,441,TSLA.NAS,sell,in,25.9,180.01,441,-0.52,0.00,0.00,2 596.58,RSI Scalping Sell #M125421321
2023.03.15 18:00:00,442,NVDA.NAS,sell,out,20.6,23.54,442,-0.41,-0.01,4.33,2 600.49,
2023.03.15 18:00:00,443,NVDA.NAS,sell,in,17.3,23.54,443,-0.35,0.00,0.00,2 600.14,RSI Scalping Sell #M20003
2023.03.15 18:00:00,444,XTIUSD,sell,in,0.5,67.57,444,0.00,0.00,0.00,2 600.14,WP Sell #M20260533
2023.03.15 18:00:00,445,XBRUSD,sell,in,0.5,73.73,445,0.00,0.00,0.00,2 600.14,WP Sell #M20260534
2023.03.15 19:15:01,446,NVDA.NAS,buy,out,17.3,23.53,446,-0.35,0.00,0.17,2 599.96,
2023.03.15 19:36:32,447,XBRUSD,buy,out,0.5,72.92,447,0.00,0.00,40.50,2 640.46,sl 72.92
2023.03.15 19:40:09,448,XAUUSD,sell,out,0.13,1936.12,448,-0.46,-13.50,486.46,3 112.96,tp 1935.55
2023.03.15 19:45:00,449,NVDA.NAS,sell,in,25.9,23.46,449,-0.52,0.00,0.00,3 112.44,RSI Scalping Sell #M20003
2023.03.15 20:00:00,450,XBRUSD,sell,in,0.5,71.95,450,0.00,0.00,0.00,3 112.44,WP Sell #M20260534
2023.03.15 20:11:24,451,XAUUSD,sell,out,0.01,1929.78,451,-0.04,0.00,2.02,3 114.42,sl 1929.83
2023.03.15 20:14:35,452,XTIUSD,buy,out,0.5,66.61,452,0.00,0.00,48.00,3 162.42,sl 66.61
2023.03.15 20:44:54,453,XBRUSD,buy,out,0.5,73.41,453,0.00,0.00,-73.00,3 089.42,sl 73.41
2023.03.15 21:00:00,454,NVDA.NAS,buy,out,25.9,23.83,454,-0.52,0.00,-9.58,3 079.32,
2023.03.15 23:15:08,455,DE40,sell,in,0.1,14869.00,455,0.00,0.00,0.00,3 079.32,SimpleTrendline SELL #M26042502
2023.03.15 23:30:00,456,DE40,buy,out,0.1,14872.20,456,0.00,0.00,-0.34,3 078.98,
2023.03.16 01:02:02,457,XAUUSD,buy,in,0.07,1918.97,457,-0.25,0.00,0.00,3 078.73,RSI Follow BUY #M1001
2023.03.16 02:00:00,458,XAUUSD,buy,in,0.01,1920.50,458,-0.04,0.00,0.00,3 078.69,SimpleTrendline BUY #M26042503
2023.03.16 02:30:00,459,XAUUSD,buy,in,0.01,1921.32,459,-0.04,0.00,0.00,3 078.65,United SuperEMA long #M940001
2023.03.16 03:00:00,460,XAUUSD,buy,in,0.25,1921.44,460,-0.88,0.00,0.00,3 077.77,RSI Scalping Buy #M129102315
2023.03.16 03:14:11,461,XAUUSD,sell,out,0.25,1922.07,461,-0.88,0.00,15.75,3 092.64,sl 1922.11
2023.03.16 04:00:00,462,XAUUSD,sell,out,0.01,1913.41,462,-0.04,0.00,-7.91,3 084.69,
2023.03.16 04:00:00,463,XAUUSD,sell,in,0.05,1913.40,463,-0.18,0.00,0.00,3 084.51,RSIConsolidation SELL #M2025042
2023.03.16 04:00:00,464,XAUUSD,sell,out,0.01,1913.40,464,-0.04,0.00,-7.10,3 077.37,
2023.03.16 04:00:01,465,XAUUSD,buy,out,0.05,1913.46,465,-0.18,0.00,-0.30,3 076.89,
2023.03.16 04:45:00,466,XAUUSD,buy,in,0.02,1909.37,466,-0.07,0.00,0.00,3 076.82,RSIConsolidation BUY #M20250420
2023.03.16 05:00:00,467,XAUUSD,sell,in,0.01,1911.10,467,-0.04,0.00,0.00,3 076.78,SimpleTrendline SELL #M26042503
2023.03.16 07:00:00,468,XAUUSD,buy,in,0.07,1913.32,468,-0.25,0.00,0.00,3 076.53,RSI Reverse BUY #M1002
2023.03.16 07:00:00,469,XAUUSD,sell,out,0.02,1913.20,469,-0.07,0.00,7.66,3 084.12,
2023.03.16 08:00:00,470,XAUUSD,buy,out,0.01,1913.30,470,-0.04,0.00,-2.20,3 081.88,
2023.03.16 08:15:02,471,XAUUSD,buy,in,0.01,1914.08,471,-0.04,0.00,0.00,3 081.84,United SuperEMA long #M940001
2023.03.16 09:45:00,472,XAUUSD,sell,in,0.05,1916.91,472,-0.18,0.00,0.00,3 081.66,RSIConsolidation SELL #M2025042
2023.03.16 10:15:00,473,XAUUSD,sell,out,0.01,1913.30,473,-0.04,0.00,-0.78,3 080.84,
2023.03.16 10:15:00,474,XAUUSD,buy,out,0.05,1913.38,474,-0.18,0.00,17.65,3 098.31,
2023.03.16 11:15:00,475,XAUUSD,buy,in,0.01,1920.04,475,-0.04,0.00,0.00,3 098.27,United SuperEMA long #M940001
2023.03.16 12:00:00,476,XAUUSD,sell,in,0.05,1919.11,476,-0.18,0.00,0.00,3 098.09,RSIConsolidation SELL #M2025042
2023.03.16 13:00:00,477,XAUUSD,buy,in,0.25,1921.92,477,-0.88,0.00,0.00,3 097.21,RSI Scalping Buy #M129102315
2023.03.16 13:17:01,478,XAUUSD,sell,out,0.25,1921.93,478,-0.88,0.00,0.25,3 096.58,sl 1921.93
2023.03.16 13:45:01,479,XAUUSD,buy,out,0.05,1919.72,479,-0.18,0.00,-3.05,3 093.35,
2023.03.16 14:45:00,480,XAUUSD,sell,in,0.05,1925.83,480,-0.18,0.00,0.00,3 093.17,RSIConsolidation SELL #M2025042
2023.03.16 15:21:29,481,XAUUSD,buy,out,0.05,1930.45,481,-0.18,0.00,-23.10,3 069.89,sl 1930.45
2023.03.16 17:00:00,482,TSLA.NAS,buy,out,25.9,182.22,482,-0.52,0.00,-57.24,3 012.13,
2023.03.16 17:00:00,483,XAUUSD,sell,out,0.01,1923.90,483,-0.04,0.00,3.86,3 015.95,
2023.03.17 03:45:01,484,XAUUSD,sell,in,0.05,1919.58,484,-0.18,0.00,0.00,3 015.77,RSIConsolidation SELL #M2025042
2023.03.17 03:45:01,485,XAUUSD,buy,out,0.05,1919.70,485,-0.18,0.00,-0.60,3 014.99,
2023.03.17 04:30:17,486,AUDUSD,sell,in,0.2,0.66909,486,-0.70,0.00,0.00,3 014.29,RSI Overbought Crossover Sell #
2023.03.17 06:00:00,487,XAUUSD,buy,in,0.25,1927.54,487,-0.88,0.00,0.00,3 013.41,RSI Scalping Buy #M129102315
2023.03.17 06:10:29,488,XAUUSD,sell,out,0.25,1927.84,488,-0.88,0.00,7.50,3 020.03,sl 1927.85
2023.03.17 08:00:00,489,AUDUSD,buy,out,0.2,0.67149,489,-0.70,0.00,-48.00,2 971.33,
2023.03.17 08:00:00,490,XAUUSD,buy,in,0.01,1931.12,490,-0.04,0.00,0.00,2 971.29,United SuperEMA long #M940001
2023.03.17 10:00:00,491,BTCUSD,buy,in,0.24,26226.71,491,0.00,0.00,0.00,2 971.29,RSI Scalping Buy #M123459123
2023.03.17 10:00:13,492,BTCUSD,sell,out,0.24,26221.28,492,0.00,0.00,-1.30,2 969.99,sl 26227.08
2023.03.17 11:15:00,493,XAUUSD,sell,out,0.01,1928.36,493,-0.04,0.00,-2.76,2 967.19,
2023.03.17 14:00:00,494,BTCUSD,buy,in,0.24,26787.71,494,0.00,0.00,0.00,2 967.19,RSI Scalping Buy #M123459123
2023.03.17 14:00:10,495,BTCUSD,sell,out,0.24,26791.28,495,0.00,0.00,0.86,2 968.05,sl 26794.08
2023.03.17 14:30:00,496,XAUUSD,buy,in,0.01,1935.66,496,-0.04,0.00,0.00,2 968.01,United SuperEMA long #M940001
2023.03.17 16:53:04,497,XAUUSD,buy,in,0.12,1951.66,497,-0.42,0.00,0.00,2 967.59,Darvas Box Breakout #M135790
2023.03.17 17:00:00,498,XAUUSD,buy,in,0.01,1950.84,498,-0.04,0.00,0.00,2 967.55,WP Buy #M20260526
2023.03.17 18:00:00,499,TSLA.NAS,sell,in,37,179.44,499,-0.74,0.00,0.00,2 966.81,RSI Scalping Sell #M125421321
2023.03.17 18:00:00,500,XBRUSD,sell,in,0.5,72.44,500,0.00,0.00,0.00,2 966.81,WP Sell #M20260534
2023.03.17 18:07:35,501,XAUUSD,sell,out,0.01,1957.46,501,-0.04,0.00,6.62,2 973.39,sl 1957.49
2023.03.17 18:50:58,502,XBRUSD,buy,out,0.5,72.42,502,0.00,0.00,1.00,2 974.39,sl 72.40
2023.03.17 19:00:00,503,XAUUSD,buy,in,0.01,1959.42,503,-0.04,0.00,0.00,2 974.35,WP Buy #M20260526
2023.03.17 22:22:02,504,XAUUSD,sell,out,0.01,1980.05,504,-0.04,0.00,20.63,2 994.94,sl 1980.21
2023.03.20 01:02:00,505,XAUUSD,buy,in,0.01,1987.89,505,-0.04,0.00,0.00,2 994.90,WP Buy #M20260526
2023.03.20 01:45:00,506,XAUUSD,sell,out,0.01,1977.52,506,-0.04,-0.52,41.86,3 036.20,
2023.03.20 02:00:00,507,XAUUSD,sell,in,0.25,1977.39,507,-0.88,0.00,0.00,3 035.32,RSI Scalping Sell #M129102315
2023.03.20 02:38:08,508,XAUUSD,buy,out,0.25,1977.34,508,-0.88,0.00,1.25,3 035.69,sl 1977.27
2023.03.20 03:55:25,509,XAUUSD,sell,out,0.01,1972.82,509,-0.04,0.00,-15.07,3 020.58,sl 1972.89
2023.03.20 06:00:00,510,XAUUSD,buy,in,0.01,1974.90,510,-0.04,0.00,0.00,3 020.54,SimpleTrendline BUY #M26042503
2023.03.20 08:59:49,511,XAUUSD,sell,out,0.12,1988.60,511,-0.42,-6.23,443.28,3 457.17,tp 1988.52
2023.03.20 11:00:00,512,XAUUSD,buy,in,0.01,2003.71,512,-0.04,0.00,0.00,3 457.13,WP Buy #M20260526
2023.03.20 12:00:00,513,XAUUSD,sell,in,0.28,1996.37,513,-0.98,0.00,0.00,3 456.15,RSI Scalping Sell #M129102315
2023.03.20 12:01:02,514,XAUUSD,buy,out,0.28,1995.22,514,-0.98,0.00,32.20,3 487.37,sl 1995.16
2023.03.20 12:45:53,515,XAUUSD,sell,out,0.01,1988.42,515,-0.04,0.00,-15.29,3 472.04,sl 1988.60
2023.03.20 14:00:00,516,XAUUSD,sell,out,0.01,1980.68,516,-0.04,0.00,5.78,3 477.78,
2023.03.20 16:00:00,517,EURUSD,buy,in,0.05,1.07052,517,-0.18,0.00,0.00,3 477.60,WP Buy #M20260524
2023.03.20 16:00:00,518,XAUUSD,sell,in,0.01,1974.74,518,-0.04,0.00,0.00,3 477.56,SimpleTrendline SELL #M26042503
2023.03.20 16:45:00,519,NVDA.NAS,sell,in,28.9,25.37,519,-0.58,0.00,0.00,3 476.98,RSI Scalping Sell #M20003
2023.03.20 17:00:00,520,NVDA.NAS,buy,out,28.9,25.26,520,-0.58,0.00,3.18,3 479.58,
2023.03.20 17:45:01,521,NVDA.NAS,sell,in,28.9,25.36,521,-0.58,0.00,0.00,3 479.00,RSI Scalping Sell #M20003
2023.03.20 18:00:00,522,TSLA.NAS,buy,out,37,185.78,522,-0.74,0.00,-234.58,3 243.68,
2023.03.20 19:00:01,523,NVDA.NAS,buy,out,28.9,25.54,523,-0.58,0.00,-5.20,3 237.90,
2023.03.20 20:00:00,524,TSLA.NAS,sell,in,40.4,182.43,524,-0.81,0.00,0.00,3 237.09,RSI Scalping Sell #M125421321
2023.03.20 21:00:01,525,TSLA.NAS,buy,out,40.4,183.19,525,-0.81,0.00,-30.70,3 205.58,
2023.03.20 21:15:01,526,XAUUSD,buy,in,0.01,1980.50,526,-0.04,0.00,0.00,3 205.54,United SuperEMA long #M940001
2023.03.20 22:00:00,527,XAUUSD,buy,in,0.26,1984.10,527,-0.91,0.00,0.00,3 204.63,RSI Scalping Buy #M129102315
2023.03.20 22:00:00,528,XAUUSD,buy,out,0.01,1984.10,528,-0.04,0.00,-9.36,3 195.23,
2023.03.20 23:15:00,529,XAUUSD,sell,out,0.01,1978.64,529,-0.04,0.00,-1.86,3 193.33,
2023.03.21 03:00:00,530,XAUUSD,sell,out,0.26,1976.71,530,-0.91,-13.49,-192.14,2 986.79,
2023.03.21 04:00:03,531,XAUUSD,buy,in,0.01,1980.68,531,-0.04,0.00,0.00,2 986.75,United SuperEMA long #M940001
2023.03.21 06:00:01,532,XAUUSD,buy,in,0.19,1983.15,532,-0.67,0.00,0.00,2 986.08,RSI Scalping Buy #M129102315
2023.03.21 06:35:05,533,XAUUSD,sell,out,0.19,1984.40,533,-0.67,0.00,23.75,3 009.16,sl 1984.43
2023.03.21 08:00:00,534,XAUUSD,sell,out,0.01,1981.40,534,-0.04,0.00,0.72,3 009.84,
2023.03.21 11:15:00,535,XAUUSD,sell,in,0.01,1965.46,535,-0.04,0.00,0.00,3 009.80,United SuperEMA short #M940001
2023.03.21 18:45:00,536,NVDA.NAS,sell,in,25,25.60,536,-0.50,0.00,0.00,3 009.30,RSI Scalping Sell #M20003
2023.03.21 19:00:00,537,AUDUSD,sell,in,0.04,0.66513,537,-0.14,0.00,0.00,3 009.16,WP Sell #M20260525
2023.03.21 19:00:00,538,NVDA.NAS,buy,out,25,25.56,538,-0.50,0.00,1.00,3 009.66,
2023.03.21 19:15:01,539,NVDA.NAS,buy,in,25,25.72,539,-0.50,0.00,0.00,3 009.16,RSI Scalping Buy #M20003
2023.03.21 20:00:00,540,TSLA.NAS,buy,in,3.7,195.81,540,-0.07,0.00,0.00,3 009.09,RSI Scalping Buy #M125421321
2023.03.21 20:00:01,541,XAUUSD,sell,out,0.07,1944.32,541,-0.25,-10.89,177.45,3 175.40,
2023.03.21 21:00:00,542,TSLA.NAS,sell,out,3.7,194.95,542,-0.07,0.00,-3.18,3 172.15,
2023.03.21 21:20:59,543,EURUSD,sell,out,0.05,1.07584,543,-0.18,-0.38,26.60,3 198.19,sl 1.07584
2023.03.21 22:00:00,544,TSLA.NAS,buy,in,3.9,197.80,544,-0.08,0.00,0.00,3 198.11,RSI Scalping Buy #M125421321
2023.03.21 23:30:01,545,XAUUSD,buy,out,0.01,1940.40,545,-0.04,0.00,25.06,3 223.13,
2023.03.22 04:40:28,546,AUDUSD,buy,out,0.04,0.66913,546,-0.14,-0.18,-16.00,3 206.81,sl 0.66913
2023.03.22 10:00:00,547,DE40,buy,in,0.1,15248.00,547,0.00,0.00,0.00,3 206.81,SimpleTrendline BUY #M26042502
2023.03.22 10:15:10,548,DE40,sell,out,0.1,15201.20,548,0.00,0.00,-5.03,3 201.78,
2023.03.22 11:00:00,549,XAUUSD,sell,in,0.01,1939.70,549,-0.04,0.00,0.00,3 201.74,SimpleTrendline SELL #M26042503
2023.03.22 13:00:01,550,XAUUSD,buy,out,0.01,1944.16,550,-0.04,0.00,-4.46,3 197.24,
2023.03.22 14:00:01,551,DE40,buy,in,0.1,15277.60,551,0.00,0.00,0.00,3 197.24,SimpleTrendline BUY #M26042502
2023.03.22 14:45:03,552,DE40,sell,out,0.1,15277.60,552,0.00,0.00,0.00,3 197.24,
2023.03.22 15:45:01,553,XAUUSD,sell,in,0.02,1939.57,553,-0.07,0.00,0.00,3 197.17,United SuperEMA short #M940001
2023.03.22 16:00:01,554,XAUUSD,sell,in,0.01,1937.51,554,-0.04,0.00,0.00,3 197.13,SimpleTrendline SELL #M26042503
2023.03.22 16:45:01,555,XAUUSD,buy,out,0.02,1941.35,555,-0.07,0.00,-3.56,3 193.50,
2023.03.22 17:00:01,556,TSLA.NAS,sell,out,3.9,197.10,556,-0.08,0.00,-2.73,3 190.69,
2023.03.22 17:00:01,557,XAUUSD,buy,out,0.01,1942.88,557,-0.04,0.00,-5.37,3 185.28,
2023.03.22 18:00:00,558,XAUUSD,buy,in,0.01,1950.53,558,-0.04,0.00,0.00,3 185.24,SimpleTrendline BUY #M26042503
2023.03.22 18:30:01,559,DE40,buy,in,0.1,15248.60,559,0.00,0.00,0.00,3 185.24,SimpleTrendline BUY #M26042502
2023.03.22 18:45:01,560,DE40,sell,out,0.1,15231.10,560,0.00,0.00,-1.88,3 183.36,
2023.03.22 21:15:00,561,XAUUSD,buy,in,0.02,1953.54,561,-0.07,0.00,0.00,3 183.29,United SuperEMA long #M940001
2023.03.22 22:00:00,562,XAUUSD,buy,in,0.21,1970.96,562,-0.74,0.00,0.00,3 182.55,RSI Scalping Buy #M129102315
2023.03.22 22:52:00,563,XAUUSD,sell,out,0.21,1973.52,563,-0.74,0.00,53.76,3 235.57,sl 1973.69
2023.03.23 02:45:00,564,XAUUSD,sell,out,0.02,1968.18,564,-0.07,-3.11,29.28,3 261.67,
2023.03.23 06:00:00,565,DE40,sell,in,0.1,15172.20,565,0.00,0.00,0.00,3 261.67,SimpleTrendline SELL #M26042502
2023.03.23 06:45:01,566,DE40,buy,out,0.1,15174.20,566,0.00,0.00,-0.22,3 261.45,
2023.03.23 16:35:00,567,TSLA.NAS,sell,in,4,197.41,567,-0.08,0.00,0.00,3 261.37,RSI Scalping Sell #M125421321
2023.03.23 17:00:00,568,XAUUSD,buy,in,0.27,1984.16,568,-0.95,0.00,0.00,3 260.42,RSI Scalping Buy #M129102315
2023.03.23 17:00:00,569,XAUUSD,buy,in,0.02,1984.34,569,-0.07,0.00,0.00,3 260.35,United SuperEMA long #M940001
2023.03.23 17:00:00,570,TSLA.NAS,buy,out,4,197.69,570,-0.08,0.00,-1.12,3 259.15,
2023.03.23 18:22:31,571,XAUUSD,sell,out,0.27,1984.43,571,-0.95,0.00,7.29,3 265.49,sl 1984.43
2023.03.23 21:00:00,572,TSLA.NAS,sell,in,4,192.11,572,-0.08,0.00,0.00,3 265.41,RSI Scalping Sell #M125421321
2023.03.23 21:00:00,573,XAUUSD,buy,in,0.01,1999.66,573,-0.04,0.00,0.00,3 265.37,WP Buy #M20260526
2023.03.23 22:00:00,574,XAUUSD,sell,in,0.27,1993.47,574,-0.95,0.00,0.00,3 264.42,RSI Scalping Sell #M129102315
2023.03.23 22:00:56,575,XAUUSD,buy,out,0.27,1988.89,575,-0.95,0.00,123.66,3 387.13,sl 1988.89
2023.03.23 23:00:00,576,AUDUSD,sell,in,0.05,0.66844,576,-0.18,0.00,0.00,3 386.95,WP Sell #M20260525
2023.03.23 23:00:00,577,XTIUSD,sell,in,0.5,69.08,577,0.00,0.00,0.00,3 386.95,WP Sell #M20260533
2023.03.23 23:00:00,578,XBRUSD,sell,in,0.5,75.26,578,0.00,0.00,0.00,3 386.95,WP Sell #M20260534
2023.03.23 23:30:04,579,XAUUSD,sell,out,0.02,1995.30,579,-0.07,0.00,21.92,3 408.80,
2023.03.24 05:30:05,580,DE40,sell,in,0.1,15131.80,580,0.00,0.00,0.00,3 408.80,SimpleTrendline SELL #M26042502
2023.03.24 06:39:15,581,AUDUSD,buy,out,0.05,0.66840,581,-0.18,-0.22,0.20,3 408.60,sl 0.66837
2023.03.24 07:45:38,582,DE40,buy,out,0.1,15138.30,582,0.00,0.00,-0.70,3 407.90,
2023.03.24 09:00:00,583,XAUUSD,sell,out,0.01,1990.50,583,-0.04,-2.08,39.97,3 445.75,
2023.03.24 09:00:00,584,XAUUSD,sell,in,0.01,1990.45,584,-0.04,0.00,0.00,3 445.71,SimpleTrendline SELL #M26042503
2023.03.24 11:38:45,585,XAUUSD,sell,out,0.01,1984.56,585,-0.04,-0.52,-15.10,3 430.05,sl 1984.66
2023.03.24 12:15:00,586,DE40,sell,in,0.1,15015.10,586,0.00,0.00,0.00,3 430.05,SimpleTrendline SELL #M26042502
2023.03.24 12:45:00,587,XAUUSD,buy,in,0.05,1990.95,587,-0.18,0.00,0.00,3 429.87,United SuperEMA long #M940001
2023.03.24 13:00:00,588,XAUUSD,buy,in,0.28,1994.54,588,-0.98,0.00,0.00,3 428.89,RSI Scalping Buy #M129102315
2023.03.24 13:00:00,589,XAUUSD,buy,out,0.01,1994.60,589,-0.04,0.00,-4.15,3 424.70,
2023.03.24 13:01:35,590,XAUUSD,sell,out,0.28,1995.19,590,-0.98,0.00,18.20,3 441.92,sl 1995.19
2023.03.24 15:00:00,591,XAUUSD,buy,in,0.01,1995.90,591,-0.04,0.00,0.00,3 441.88,SimpleTrendline BUY #M26042503
2023.03.24 15:57:44,592,XTIUSD,buy,out,0.5,67.67,592,0.00,-7.28,70.50,3 505.10,sl 67.61
2023.03.24 15:57:44,593,XBRUSD,buy,out,0.5,73.67,593,0.00,-5.66,79.50,3 578.94,sl 73.62
2023.03.24 16:30:00,594,DE40,buy,out,0.1,14950.20,594,0.00,0.00,6.98,3 585.92,
2023.03.24 17:00:00,595,XAUUSD,sell,out,0.05,1989.28,595,-0.18,0.00,-8.35,3 577.39,
2023.03.24 17:00:00,596,XAUUSD,sell,out,0.01,1989.13,596,-0.04,0.00,-6.77,3 570.58,
2023.03.24 18:15:02,597,NVDA.NAS,sell,out,25,26.40,597,-0.50,0.00,17.00,3 587.08,
2023.03.24 19:00:00,598,XAUUSD,sell,in,0.01,1987.06,598,-0.04,0.00,0.00,3 587.04,SimpleTrendline SELL #M26042503
2023.03.24 19:00:00,599,NVDA.NAS,buy,in,29.8,26.68,599,-0.60,0.00,0.00,3 586.44,RSI Scalping Buy #M20003
2023.03.24 20:45:00,600,XAUUSD,sell,in,0.05,1977.42,600,-0.18,0.00,0.00,3 586.26,United SuperEMA short #M940001
2023.03.27 01:02:01,601,XAUUSD,buy,out,0.01,1978.96,601,-0.04,0.45,8.10,3 594.77,
2023.03.27 02:45:00,602,XAUUSD,buy,out,0.05,1976.69,602,-0.18,2.24,3.65,3 600.48,
2023.03.27 09:00:00,603,XAUUSD,sell,in,0.06,1969.96,603,-0.21,0.00,0.00,3 600.27,United SuperEMA short #M940001
2023.03.27 12:45:00,604,DE40,buy,in,0.1,15120.90,604,0.00,0.00,0.00,3 600.27,SimpleTrendline BUY #M26042502
2023.03.27 13:00:00,605,XAUUSD,sell,out,0.07,1955.90,605,-0.25,-32.68,298.06,3 865.40,
2023.03.27 16:35:00,606,TSLA.NAS,buy,out,4,196.33,606,-0.08,0.00,-16.88,3 848.44,
2023.03.27 17:30:00,607,XAUUSD,buy,out,0.06,1955.87,607,-0.21,0.00,84.54,3 932.77,
2023.03.27 17:45:00,608,DE40,sell,out,0.1,15116.30,608,0.00,0.00,-0.49,3 932.28,
2023.03.27 18:00:00,609,DE40,buy,in,0.1,15123.80,609,0.00,0.00,0.00,3 932.28,SimpleTrendline BUY #M26042502
2023.03.27 19:00:00,610,TSLA.NAS,sell,in,4.9,192.42,610,-0.10,0.00,0.00,3 932.18,RSI Scalping Sell #M125421321
2023.03.27 20:00:00,611,XAUUSD,sell,in,0.01,1955.86,611,-0.04,0.00,0.00,3 932.14,SimpleTrendline SELL #M26042503
2023.03.27 22:00:00,612,TSLA.NAS,buy,out,4.9,193.55,612,-0.10,0.00,-5.54,3 926.50,
2023.03.28 03:54:18,613,AUDUSD,sell,in,0.26,0.66762,613,-0.91,0.00,0.00,3 925.59,RSI Overbought Crossover Sell #
2023.03.28 04:00:00,614,XAUUSD,buy,out,0.01,1959.51,614,-0.04,0.45,-3.65,3 922.35,
2023.03.28 04:00:00,615,XAUUSD,buy,in,0.01,1959.51,615,-0.04,0.00,0.00,3 922.31,SimpleTrendline BUY #M26042503
2023.03.28 07:45:00,616,XAUUSD,sell,in,0.06,1958.23,616,-0.21,0.00,0.00,3 922.10,United SuperEMA short #M940001
2023.03.28 08:00:00,617,AUDUSD,buy,out,0.26,0.66886,617,-0.91,0.00,-32.24,3 888.95,
2023.03.28 09:00:00,618,XAUUSD,buy,out,0.06,1959.68,618,-0.21,0.00,-8.70,3 880.04,
2023.03.28 09:15:01,619,XAUUSD,sell,in,0.05,1955.04,619,-0.18,0.00,0.00,3 879.86,United SuperEMA short #M940001
2023.03.28 10:00:00,620,XAUUSD,sell,out,0.01,1954.85,620,-0.04,0.00,-4.66,3 875.16,
2023.03.28 10:00:00,621,XAUUSD,sell,in,0.01,1954.85,621,-0.04,0.00,0.00,3 875.12,SimpleTrendline SELL #M26042503
2023.03.28 12:00:00,622,DE40,sell,out,0.1,15163.40,622,0.00,-0.49,4.26,3 878.89,
2023.03.28 13:00:00,623,XAUUSD,buy,out,0.01,1953.82,623,-0.04,0.00,1.03,3 879.88,
2023.03.28 13:15:00,624,XAUUSD,buy,out,0.05,1954.96,624,-0.18,0.00,0.40,3 880.10,
2023.03.28 16:00:00,625,XAUUSD,buy,in,0.32,1965.42,625,-1.12,0.00,0.00,3 878.98,RSI Scalping Buy #M129102315
2023.03.28 16:35:00,626,TSLA.NAS,sell,in,4.8,190.67,626,-0.10,0.00,0.00,3 878.88,RSI Scalping Sell #M125421321
2023.03.28 16:37:48,627,XAUUSD,sell,out,0.32,1965.12,627,-1.12,0.00,-9.60,3 868.16,sl 1965.19
2023.03.28 16:45:00,628,XAUUSD,buy,in,0.06,1962.82,628,-0.21,0.00,0.00,3 867.95,United SuperEMA long #M940001
2023.03.28 17:15:02,629,NVDA.NAS,sell,out,29.8,26.04,629,-0.60,-0.01,-19.07,3 848.27,
2023.03.28 18:00:00,630,XAUUSD,buy,in,0.32,1969.35,630,-1.12,0.00,0.00,3 847.15,RSI Scalping Buy #M129102315
2023.03.28 18:15:00,631,NVDA.NAS,buy,in,32,26.26,631,-0.64,0.00,0.00,3 846.51,RSI Scalping Buy #M20003
2023.03.28 18:16:11,632,XAUUSD,sell,out,0.32,1969.18,632,-1.12,0.00,-5.44,3 839.95,sl 1969.19
2023.03.28 21:00:00,633,XAUUSD,buy,in,0.01,1974.67,633,-0.04,0.00,0.00,3 839.91,WP Buy #M20260526
2023.03.28 23:00:00,634,XAUUSD,buy,in,0.09,1973.50,634,-0.32,0.00,0.00,3 839.59,RSI Follow BUY #M1001
2023.03.28 23:30:00,635,XAUUSD,sell,out,0.06,1971.68,635,-0.21,0.00,53.16,3 892.54,
2023.03.29 03:16:00,636,DE40,buy,in,0.1,15157.90,636,0.00,0.00,0.00,3 892.54,SimpleTrendline BUY #M26042502
2023.03.29 03:30:01,637,DE40,sell,out,0.1,15151.90,637,0.00,0.00,-0.65,3 891.89,
2023.03.29 05:15:00,638,XAUUSD,buy,in,0.03,1968.02,638,-0.11,0.00,0.00,3 891.78,RSIConsolidation BUY #M20250420
2023.03.29 05:45:00,639,XAUUSD,sell,out,0.03,1970.01,639,-0.11,0.00,5.97,3 897.64,
2023.03.29 08:45:01,640,XAUUSD,sell,in,0.06,1964.84,640,-0.21,0.00,0.00,3 897.43,United SuperEMA short #M940001
2023.03.29 10:00:00,641,XAUUSD,buy,in,0.06,1962.21,641,-0.21,0.00,0.00,3 897.22,RSIConsolidation BUY #M20250420
2023.03.29 10:07:24,642,XAUUSD,sell,out,0.01,1959.66,642,-0.04,-0.52,-15.01,3 881.65,sl 1959.67
2023.03.29 10:07:33,643,XAUUSD,sell,out,0.06,1958.78,643,-0.21,0.00,-20.58,3 860.86,sl 1958.87
2023.03.29 10:45:00,644,XAUUSD,buy,in,0.06,1964.18,644,-0.21,0.00,0.00,3 860.65,RSIConsolidation BUY #M20250420
2023.03.29 10:45:00,645,XAUUSD,sell,out,0.06,1964.06,645,-0.21,0.00,-0.72,3 859.72,
2023.03.29 11:00:00,646,BTCUSD,buy,in,0.32,28108.47,646,0.00,0.00,0.00,3 859.72,RSI Scalping Buy #M123459123
2023.03.29 11:09:30,647,BTCUSD,sell,out,0.32,28107.68,647,0.00,0.00,-0.25,3 859.47,sl 28109.48
2023.03.29 12:00:00,648,XAUUSD,buy,out,0.06,1964.44,648,-0.21,0.00,2.40,3 861.66,
2023.03.29 12:45:00,649,XAUUSD,sell,in,0.03,1967.33,649,-0.11,0.00,0.00,3 861.55,RSIConsolidation SELL #M2025042
2023.03.29 14:15:01,650,XAUUSD,buy,out,0.03,1966.52,650,-0.11,0.00,2.43,3 863.87,
2023.03.29 16:15:00,651,XAUUSD,sell,in,0.06,1963.66,651,-0.21,0.00,0.00,3 863.66,United SuperEMA short #M940001
2023.03.29 16:35:00,652,TSLA.NAS,buy,out,4.8,194.23,652,-0.10,0.00,-17.09,3 846.47,
2023.03.29 16:40:01,653,AAPL.NAS,buy,in,16,159.957,653,-0.32,0.00,0.00,3 846.15,RSI Scalping Buy #M20001
2023.03.29 17:00:00,654,XAUUSD,buy,out,0.06,1965.70,654,-0.21,0.00,-12.24,3 833.70,
2023.03.29 17:01:46,655,AAPL.NAS,sell,out,16,160.005,655,-0.32,0.00,0.77,3 834.15,sl 160.020
2023.03.29 17:30:00,656,AAPL.NAS,sell,in,15.9,159.787,656,-0.32,0.00,0.00,3 833.83,RSI Scalping Sell #M20001
2023.03.29 17:39:11,657,AAPL.NAS,buy,out,15.9,159.735,657,-0.32,0.00,0.83,3 834.34,sl 159.735
2023.03.29 17:45:00,658,XAUUSD,buy,in,0.06,1971.23,658,-0.21,0.00,0.00,3 834.13,United SuperEMA long #M940001
2023.03.29 18:00:00,659,TSLA.NAS,sell,in,4.7,190.81,659,-0.09,0.00,0.00,3 834.04,RSI Scalping Sell #M125421321
2023.03.29 18:00:00,660,XAUUSD,buy,in,0.01,1969.26,660,-0.04,0.00,0.00,3 834.00,SimpleTrendline BUY #M26042503
2023.03.29 18:15:00,661,XAUUSD,sell,in,0.06,1965.52,661,-0.21,0.00,0.00,3 833.79,RSIConsolidation SELL #M2025042
2023.03.29 18:15:00,662,XAUUSD,buy,out,0.06,1965.59,662,-0.21,0.00,-0.42,3 833.16,
2023.03.29 19:00:00,663,XAUUSD,sell,out,0.06,1961.92,663,-0.21,0.00,-55.86,3 777.09,
2023.03.29 19:00:00,664,XAUUSD,sell,out,0.01,1961.90,664,-0.04,0.00,-7.36,3 769.69,
2023.03.29 21:30:00,665,XAUUSD,sell,in,0.03,1967.67,665,-0.11,0.00,0.00,3 769.58,RSIConsolidation SELL #M2025042
2023.03.29 22:00:02,666,XAUUSD,buy,out,0.03,1966.93,666,-0.11,0.00,2.22,3 771.69,
2023.03.30 06:45:00,667,DE40,buy,in,0.1,15351.00,667,0.00,0.00,0.00,3 771.69,SimpleTrendline BUY #M26042502
2023.03.30 10:00:00,668,XAUUSD,sell,in,0.09,1968.79,668,-0.32,0.00,0.00,3 771.37,RSI Reverse SELL #M1002
2023.03.30 10:00:00,669,XAUUSD,buy,out,0.09,1968.90,669,-0.32,0.00,-0.99,3 770.06,
2023.03.30 10:00:00,670,XAUUSD,buy,in,0.31,1968.90,670,-1.09,0.00,0.00,3 768.97,RSI Scalping Buy #M129102315
2023.03.30 10:02:25,671,XAUUSD,sell,out,0.31,1970.06,671,-1.09,0.00,35.96,3 803.84,sl 1970.24
2023.03.30 14:00:00,672,XAUUSD,buy,in,0.31,1968.94,672,-1.09,0.00,0.00,3 802.75,RSI Scalping Buy #M129102315
2023.03.30 14:17:01,673,XAUUSD,sell,out,0.31,1970.14,673,-1.09,0.00,37.20,3 838.86,sl 1970.27
2023.03.30 16:00:00,674,EURUSD,buy,in,0.05,1.09101,674,-0.18,0.00,0.00,3 838.68,WP Buy #M20260524
2023.03.30 16:00:00,675,XAUUSD,buy,in,0.31,1970.40,675,-1.09,0.00,0.00,3 837.59,RSI Scalping Buy #M129102315
2023.03.30 16:01:00,676,XAUUSD,sell,out,0.31,1970.28,676,-1.09,0.00,-3.72,3 832.78,sl 1970.37
2023.03.30 16:35:00,677,TSLA.NAS,buy,out,4.7,195.99,677,-0.09,0.00,-24.35,3 808.34,
2023.03.30 17:00:00,678,AAPL.NAS,buy,in,15.8,161.993,678,-0.32,0.00,0.00,3 808.02,RSI Scalping Buy #M20001
2023.03.30 17:00:00,679,AAPL.NAS,buy,in,0.1,161.993,679,-0.02,0.00,0.00,3 808.00,WP Buy #M20260528
2023.03.30 17:00:37,680,AAPL.NAS,sell,out,15.8,162.037,680,-0.32,0.00,0.70,3 808.38,sl 162.041
2023.03.30 17:00:37,681,AAPL.NAS,sell,out,0.1,162.037,681,-0.02,0.00,0.00,3 808.36,sl 162.040
2023.03.30 17:02:47,682,SOXX.NAS,buy,in,0.1,147.618,682,-0.02,0.00,0.00,3 808.34,WP Buy #M20260532
2023.03.30 17:04:58,683,SOXX.NAS,sell,out,0.1,147.315,683,-0.02,0.00,-0.03,3 808.29,sl 147.318
2023.03.30 18:00:01,684,XAUUSD,buy,in,0.31,1972.28,684,-1.09,0.00,0.00,3 807.20,RSI Scalping Buy #M129102315
2023.03.30 18:00:26,685,SOXX.NAS,buy,in,0.1,147.830,685,-0.02,0.00,0.00,3 807.18,WP Buy #M20260532
2023.03.30 18:05:58,686,XAUUSD,sell,out,0.31,1972.73,686,-1.09,0.00,13.95,3 820.04,sl 1972.77
2023.03.30 18:12:50,687,SOXX.NAS,sell,out,0.1,148.035,687,-0.02,0.00,0.02,3 820.04,sl 148.058
2023.03.30 21:00:00,688,XAUUSD,sell,in,0.31,1979.83,688,-1.09,0.00,0.00,3 818.95,RSI Scalping Sell #M129102315
2023.03.31 02:08:53,689,XAUUSD,buy,out,0.31,1979.97,689,-1.09,13.88,-4.34,3 827.40,sl 1979.91
2023.03.31 04:45:00,690,XAUUSD,sell,in,0.06,1982.75,690,-0.21,0.00,0.00,3 827.19,RSIConsolidation SELL #M2025042
2023.03.31 06:15:01,691,XAUUSD,buy,out,0.06,1981.36,691,-0.21,0.00,8.34,3 835.32,
2023.03.31 07:00:00,692,XAUUSD,buy,in,0.09,1981.27,692,-0.32,0.00,0.00,3 835.00,RSI Reverse BUY #M1002
2023.03.31 09:15:00,693,DE40,sell,out,0.1,15544.40,693,0.00,-0.49,21.07,3 855.58,
2023.03.31 12:30:00,694,DE40,buy,in,0.1,15578.40,694,0.00,0.00,0.00,3 855.58,SimpleTrendline BUY #M26042502
2023.03.31 12:45:00,695,DE40,sell,out,0.1,15579.40,695,0.00,0.00,0.11,3 855.69,
2023.03.31 15:00:00,696,XAUUSD,sell,in,0.06,1980.34,696,-0.21,0.00,0.00,3 855.48,RSIConsolidation SELL #M2025042
2023.03.31 15:15:00,697,XAUUSD,buy,out,0.06,1980.12,697,-0.21,0.00,1.32,3 856.59,
2023.03.31 17:57:38,698,EURUSD,sell,out,0.05,1.08600,698,-0.18,-0.38,-25.05,3 830.98,sl 1.08601
2023.03.31 19:00:00,699,TSLA.NAS,buy,in,4.7,204.15,699,-0.09,0.00,0.00,3 830.89,RSI Scalping Buy #M125421321
2023.03.31 19:30:00,700,AAPL.NAS,buy,in,15.9,163.889,700,-0.32,0.00,0.00,3 830.57,RSI Scalping Buy #M20001
2023.03.31 19:52:01,701,AAPL.NAS,sell,out,15.9,163.915,701,-0.32,0.00,0.41,3 830.66,sl 163.919
2023.03.31 21:30:00,702,XAUUSD,buy,in,0.03,1968.85,702,-0.11,0.00,0.00,3 830.55,RSIConsolidation BUY #M20250420
2023.03.31 22:30:01,703,AAPL.NAS,buy,in,15.9,164.880,703,-0.32,0.00,0.00,3 830.23,RSI Scalping Buy #M20001
2023.04.03 01:19:54,704,XAUUSD,sell,out,0.03,1961.31,704,-0.11,-1.56,-22.62,3 805.94,sl 1963.24
2023.04.03 01:19:55,705,XAUUSD,sell,out,0.09,1961.31,705,-0.32,-28.02,-109.71,3 667.89,
2023.04.03 01:19:55,706,XAUUSD,sell,out,0.09,1961.31,706,-0.32,-4.67,-179.64,3 483.26,
2023.04.03 16:35:00,707,TSLA.NAS,sell,out,4.7,202.62,707,-0.09,0.00,-7.19,3 475.98,
2023.04.03 16:35:18,708,AAPL.NAS,sell,out,15.9,165.397,708,-0.32,-0.01,8.22,3 483.87,sl 165.400
2023.04.04 22:30:00,709,NVDA.NAS,sell,out,32,27.40,709,-0.64,-0.06,36.48,3 519.65,
2023.05.01 17:00:00,710,TSLA.NAS,sell,in,43.9,161.96,710,-0.88,0.00,0.00,3 518.77,RSI Scalping Sell #M125421321
2023.05.01 18:03:25,711,SOXX.NAS,buy,in,0.1,138.576,711,-0.02,0.00,0.00,3 518.75,WP Buy #M20260532
2023.05.01 18:13:46,712,SOXX.NAS,sell,out,0.1,138.260,712,-0.02,0.00,-0.03,3 518.70,sl 138.276
2023.05.02 07:30:12,713,AUDUSD,sell,in,0.23,0.66805,713,-0.81,0.00,0.00,3 517.89,RSI Overbought Crossover Sell #
2023.05.02 08:00:01,714,AUDUSD,buy,out,0.23,0.66940,714,-0.81,0.00,-31.05,3 486.03,
2023.05.02 09:00:05,715,BTCUSD,buy,in,0.2,28003.80,715,0.00,0.00,0.00,3 486.03,SimpleTrendline BUY #M26042501
2023.05.02 09:30:01,716,DE40,buy,in,0.2,15926.90,716,0.00,0.00,0.00,3 486.03,SimpleTrendline BUY #M26042502
2023.05.02 10:45:00,717,DE40,sell,out,0.2,15913.90,717,0.00,0.00,-2.82,3 483.21,
2023.05.02 11:00:00,718,DE40,sell,in,0.2,15867.40,718,0.00,0.00,0.00,3 483.21,SimpleTrendline SELL #M26042502
2023.05.02 16:35:00,719,TSLA.NAS,buy,out,43.9,164.36,719,-0.88,0.00,-105.36,3 376.97,
2023.05.03 03:45:00,720,DE40,buy,out,0.2,15783.10,720,0.00,-0.34,18.31,3 394.94,
2023.05.08 07:00:00,721,BTCUSD,sell,out,0.2,28224.02,721,0.00,0.00,44.04,3 438.98,
2023.05.08 11:15:03,722,DE40,buy,in,0.2,15981.30,722,0.00,0.00,0.00,3 438.98,SimpleTrendline BUY #M26042502
2023.05.08 12:00:00,723,DE40,sell,out,0.2,15955.80,723,0.00,0.00,-5.54,3 433.44,
2023.05.08 12:45:05,724,DE40,buy,in,0.2,15977.30,724,0.00,0.00,0.00,3 433.44,SimpleTrendline BUY #M26042502
2023.05.08 13:00:00,725,DE40,sell,out,0.2,15970.80,725,0.00,0.00,-1.41,3 432.03,
2023.05.08 13:15:00,726,DE40,buy,in,0.2,15977.30,726,0.00,0.00,0.00,3 432.03,SimpleTrendline BUY #M26042502
2023.05.08 16:15:09,727,DE40,sell,out,0.2,15969.90,727,0.00,0.00,-1.61,3 430.42,
2023.05.08 16:45:00,728,NVDA.NAS,sell,in,28.5,28.40,728,-0.57,0.00,0.00,3 429.85,RSI Scalping Sell #M20003
2023.05.08 17:00:00,729,TSLA.NAS,buy,in,42.8,172.11,729,-0.86,0.00,0.00,3 428.99,RSI Scalping Buy #M125421321
2023.05.08 18:00:00,730,TSLA.NAS,sell,out,42.8,170.44,730,-0.86,0.00,-71.48,3 356.65,
2023.05.08 18:00:00,731,NVDA.NAS,buy,out,28.5,28.65,731,-0.57,0.00,-7.13,3 348.95,
2023.06.01 01:02:09,732,XAUUSD,buy,in,0.06,1963.44,732,-0.21,0.00,0.00,3 348.74,RSI Follow BUY #M1001
2023.06.01 01:02:09,733,XAUUSD,sell,in,0.02,1963.32,733,-0.07,0.00,0.00,3 348.67,SimpleTrendline SELL #M26042503
2023.06.01 02:00:00,734,XAUUSD,buy,in,0.22,1966.55,734,-0.77,0.00,0.00,3 347.90,RSI Scalping Buy #M129102315
2023.06.01 02:00:00,735,XAUUSD,buy,in,0.04,1966.55,735,-0.14,0.00,0.00,3 347.76,United SuperEMA long #M940001
2023.06.01 02:00:00,736,XAUUSD,buy,out,0.02,1966.55,736,-0.07,0.00,-6.46,3 341.23,
2023.06.01 02:30:04,737,XAUUSD,sell,in,0.04,1966.36,737,-0.14,0.00,0.00,3 341.09,RSIConsolidation SELL #M2025042
2023.06.01 02:48:33,738,XAUUSD,sell,out,0.22,1966.28,738,-0.77,0.00,-5.94,3 334.38,sl 1966.30
2023.06.01 03:45:05,739,XAUUSD,buy,out,0.04,1965.14,739,-0.14,0.00,4.88,3 339.12,
2023.06.01 04:00:00,740,BTCUSD,sell,in,0.19,27076.67,740,0.00,0.00,0.00,3 339.12,SimpleTrendline SELL #M26042501
2023.06.01 04:00:01,741,XAUUSD,sell,in,0.05,1965.95,741,-0.18,0.00,0.00,3 338.94,RSIConsolidation SELL #M2025042
2023.06.01 04:15:02,742,XAUUSD,buy,out,0.05,1965.85,742,-0.18,0.00,0.50,3 339.26,
2023.06.01 04:30:01,743,XAUUSD,sell,out,0.04,1964.32,743,-0.14,0.00,-8.92,3 330.20,
2023.06.01 04:45:00,744,DE40,sell,in,0.1,15712.40,744,0.00,0.00,0.00,3 330.20,SimpleTrendline SELL #M26042502
2023.06.01 05:00:03,745,DE40,buy,out,0.1,15724.40,745,0.00,0.00,-1.30,3 328.90,
2023.06.01 06:00:03,746,DE40,buy,in,0.1,15733.40,746,0.00,0.00,0.00,3 328.90,SimpleTrendline BUY #M26042502
2023.06.01 07:00:00,747,XAUUSD,sell,in,0.08,1964.26,747,-0.28,0.00,0.00,3 328.62,RSI Reverse SELL #M1002
2023.06.01 07:00:00,748,XAUUSD,buy,out,0.08,1964.34,748,-0.28,0.00,-0.64,3 327.70,
2023.06.01 07:00:00,749,XAUUSD,sell,in,0.02,1964.07,749,-0.07,0.00,0.00,3 327.63,SimpleTrendline SELL #M26042503
2023.06.01 12:15:00,750,XAUUSD,buy,in,0.05,1956.95,750,-0.18,0.00,0.00,3 327.45,RSIConsolidation BUY #M20250420
2023.06.01 12:45:01,751,XAUUSD,sell,out,0.05,1958.74,751,-0.18,0.00,8.95,3 336.22,
2023.06.01 14:00:00,752,XAUUSD,buy,in,0.27,1966.72,752,-0.95,0.00,0.00,3 335.27,RSI Scalping Buy #M129102315
2023.06.01 14:00:00,753,XAUUSD,buy,out,0.02,1966.80,753,-0.07,0.00,-5.46,3 329.74,
2023.06.01 14:02:54,754,XAUUSD,sell,out,0.27,1967.45,754,-0.95,0.00,19.71,3 348.50,sl 1967.45
2023.06.01 15:36:00,755,XAUUSD,buy,in,0.16,1964.87,755,-0.56,0.00,0.00,3 347.94,RSI Oversold Crossover Buy #M7
2023.06.01 15:48:00,756,XAUUSD,sell,out,0.16,1966.07,756,-0.56,0.00,19.20,3 366.58,
2023.06.01 16:00:00,757,DE40,sell,out,0.1,15747.90,757,0.00,0.00,1.57,3 368.15,
2023.06.01 16:30:00,758,DE40,buy,in,0.1,15774.40,758,0.00,0.00,0.00,3 368.15,SimpleTrendline BUY #M26042502
2023.06.01 16:35:00,759,NVDA.NAS,sell,in,28,38.53,759,-0.56,0.00,0.00,3 367.59,RSI Scalping Sell #M20003
2023.06.01 16:45:00,760,DE40,sell,out,0.1,15758.40,760,0.00,0.00,-1.74,3 365.85,
2023.06.01 17:00:00,761,EURUSD,buy,in,0.05,1.07358,761,-0.18,0.00,0.00,3 365.67,WP Buy #M20260524
2023.06.01 17:45:00,762,NVDA.NAS,buy,out,28,39.02,762,-0.56,0.00,-13.72,3 351.39,
2023.06.01 18:00:00,763,DE40,buy,in,0.1,15839.40,763,0.00,0.00,0.00,3 351.39,SimpleTrendline BUY #M26042502
2023.06.01 18:30:00,764,DE40,sell,out,0.1,15853.60,764,0.00,0.00,1.52,3 352.91,
2023.06.01 20:00:00,765,TSLA.NAS,buy,in,0.1,206.35,765,-0.02,0.00,0.00,3 352.89,WP Buy #M20260530
2023.06.01 20:00:01,766,XAUUSD,sell,in,0.27,1978.27,766,-0.95,0.00,0.00,3 351.94,RSI Scalping Sell #M129102315
2023.06.01 20:09:51,767,XAUUSD,buy,out,0.27,1977.81,767,-0.95,0.00,12.42,3 363.41,sl 1977.73
2023.06.01 22:00:00,768,TSLA.NAS,buy,in,42,209.48,768,-0.84,0.00,0.00,3 362.57,RSI Scalping Buy #M125421321
2023.06.01 22:23:41,769,TSLA.NAS,sell,out,0.1,207.95,769,-0.02,0.00,0.16,3 362.71,sl 207.97
2023.06.02 07:00:00,770,XAUUSD,buy,in,0.08,1982.60,770,-0.28,0.00,0.00,3 362.43,RSI Reverse BUY #M1002
2023.06.02 07:30:00,771,XAUUSD,sell,in,0.05,1980.53,771,-0.18,0.00,0.00,3 362.25,RSIConsolidation SELL #M2025042
2023.06.02 08:00:01,772,XAUUSD,buy,out,0.05,1979.81,772,-0.18,0.00,3.60,3 365.67,
2023.06.02 09:00:00,773,XAUUSD,buy,in,0.02,1980.82,773,-0.07,0.00,0.00,3 365.60,SimpleTrendline BUY #M26042503
2023.06.02 11:00:00,774,XAUUSD,sell,out,0.02,1976.04,774,-0.07,0.00,-9.56,3 355.97,
2023.06.02 11:00:00,775,XAUUSD,sell,in,0.02,1976.05,775,-0.07,0.00,0.00,3 355.90,SimpleTrendline SELL #M26042503
2023.06.02 12:00:00,776,XAUUSD,buy,in,0.27,1979.20,776,-0.95,0.00,0.00,3 354.95,RSI Scalping Buy #M129102315
2023.06.02 12:00:00,777,XAUUSD,buy,out,0.02,1979.30,777,-0.07,0.00,-6.50,3 348.38,
2023.06.02 12:00:00,778,XAUUSD,buy,in,0.02,1979.30,778,-0.07,0.00,0.00,3 348.31,SimpleTrendline BUY #M26042503
2023.06.02 12:45:00,779,XAUUSD,buy,in,0.05,1980.72,779,-0.18,0.00,0.00,3 348.13,United SuperEMA long #M940001
2023.06.02 12:59:34,780,XAUUSD,sell,out,0.27,1980.52,780,-0.95,0.00,35.64,3 382.82,sl 1980.52
2023.06.02 13:30:05,781,XAUUSD,sell,in,0.05,1979.14,781,-0.18,0.00,0.00,3 382.64,RSIConsolidation SELL #M2025042
2023.06.02 13:30:10,782,XAUUSD,buy,out,0.05,1979.29,782,-0.18,0.00,-0.75,3 381.71,
2023.06.02 15:30:01,783,XAUUSD,sell,out,0.05,1977.94,783,-0.18,0.00,-13.90,3 367.63,
2023.06.02 15:30:01,784,EURUSD,sell,out,0.05,1.07444,784,-0.18,-0.38,4.30,3 371.37,sl 1.07490
2023.06.02 16:00:00,785,XAUUSD,sell,out,0.02,1970.95,785,-0.07,0.00,-16.70,3 354.60,
2023.06.02 16:00:00,786,XAUUSD,sell,in,0.01,1970.95,786,-0.04,0.00,0.00,3 354.56,SimpleTrendline SELL #M26042503
2023.06.02 16:35:00,787,TSLA.NAS,sell,out,42,212.07,787,-0.84,-0.01,108.78,3 462.49,
2023.06.02 16:45:00,788,XAUUSD,sell,in,0.05,1968.26,788,-0.18,0.00,0.00,3 462.31,United SuperEMA short #M940001
2023.06.02 17:00:00,789,NVDA.NAS,sell,in,28.8,39.27,789,-0.58,0.00,0.00,3 461.73,RSI Scalping Sell #M20003
2023.06.02 17:00:00,790,TSLA.NAS,buy,in,0.1,210.93,790,-0.02,0.00,0.00,3 461.71,WP Buy #M20260530
2023.06.02 18:00:00,791,TSLA.NAS,buy,in,25.9,215.83,791,-0.52,0.00,0.00,3 461.19,RSI Scalping Buy #M125421321
2023.06.02 18:15:00,792,NVDA.NAS,buy,out,28.8,39.67,792,-0.58,0.00,-11.52,3 449.09,
2023.06.02 18:30:38,793,TSLA.NAS,sell,out,0.1,216.95,793,-0.02,0.00,0.60,3 449.67,tp 216.93
2023.06.02 19:00:00,794,TSLA.NAS,buy,in,0.1,216.17,794,-0.02,0.00,0.00,3 449.65,WP Buy #M20260530
2023.06.02 20:00:00,795,XAUUSD,sell,out,0.06,1952.35,795,-0.21,-3.11,-66.54,3 379.79,
2023.06.02 20:00:00,796,XAUUSD,sell,out,0.08,1952.35,796,-0.28,0.00,-242.00,3 137.51,
2023.06.05 07:00:00,797,XAUUSD,buy,out,0.05,1947.22,797,-0.18,2.24,105.20,3 244.77,
2023.06.05 13:00:00,798,XAUUSD,buy,out,0.01,1944.82,798,-0.04,0.45,26.13,3 271.31,
2023.06.05 13:45:11,799,DE40,buy,in,0.1,16061.10,799,0.00,0.00,0.00,3 271.31,SimpleTrendline BUY #M26042502
2023.06.05 14:45:00,800,XAUUSD,sell,in,0.05,1939.44,800,-0.18,0.00,0.00,3 271.13,United SuperEMA short #M940001
2023.06.05 16:15:01,801,XAUUSD,buy,out,0.05,1945.21,801,-0.18,0.00,-28.85,3 242.10,
2023.06.05 16:36:57,802,TSLA.NAS,sell,out,0.1,219.42,802,-0.02,0.00,0.33,3 242.41,sl 219.43
2023.06.05 16:45:00,803,DE40,sell,out,0.1,16047.00,803,0.00,0.00,-1.52,3 240.89,
2023.06.05 19:00:00,804,TSLA.NAS,sell,out,25.9,217.43,804,-0.52,-0.01,41.44,3 281.80,
2023.06.05 19:00:00,805,AAPL.NAS,buy,in,0.1,184.119,805,-0.02,0.00,0.00,3 281.78,WP Buy #M20260528
2023.06.05 19:10:00,806,AAPL.NAS,sell,out,0.1,184.524,806,-0.02,0.00,0.04,3 281.80,tp 184.519
2023.06.05 19:15:00,807,XAUUSD,buy,in,0.05,1960.38,807,-0.18,0.00,0.00,3 281.62,United SuperEMA long #M940001
2023.06.05 20:00:00,808,XAUUSD,buy,in,0.01,1958.38,808,-0.04,0.00,0.00,3 281.58,WP Buy #M20260526
2023.06.05 20:45:00,809,NVDA.NAS,sell,in,27.3,38.93,809,-0.55,0.00,0.00,3 281.03,RSI Scalping Sell #M20003
2023.06.05 21:15:00,810,NVDA.NAS,buy,out,27.3,38.81,810,-0.55,0.00,3.28,3 283.76,
2023.06.05 22:00:00,811,NVDA.NAS,buy,in,27.3,39.07,811,-0.55,0.00,0.00,3 283.21,RSI Scalping Buy #M20003
2023.06.06 01:45:00,812,XAUUSD,sell,out,0.05,1960.94,812,-0.18,-2.59,2.80,3 283.24,
2023.06.06 05:45:02,813,DE40,sell,in,0.1,15949.10,813,0.00,0.00,0.00,3 283.24,SimpleTrendline SELL #M26042502
2023.06.06 06:15:02,814,DE40,buy,out,0.1,15955.60,814,0.00,0.00,-0.70,3 282.54,
2023.06.06 06:45:03,815,DE40,sell,in,0.1,15939.10,815,0.00,0.00,0.00,3 282.54,SimpleTrendline SELL #M26042502
2023.06.06 07:01:35,816,DE40,buy,out,0.1,15951.10,816,0.00,0.00,-1.29,3 281.25,
2023.06.06 07:30:04,817,AUDUSD,sell,in,0.21,0.66644,817,-0.74,0.00,0.00,3 280.51,RSI Overbought Crossover Sell #
2023.06.06 07:45:01,818,DE40,buy,in,0.1,15967.60,818,0.00,0.00,0.00,3 280.51,SimpleTrendline BUY #M26042502
2023.06.06 08:00:00,819,AUDUSD,buy,out,0.21,0.66654,819,-0.74,0.00,-2.10,3 277.67,
2023.06.06 08:00:01,820,XAUUSD,buy,in,0.27,1961.39,820,-0.95,0.00,0.00,3 276.72,RSI Scalping Buy #M129102315
2023.06.06 08:00:01,821,DE40,sell,out,0.1,15950.10,821,0.00,0.00,-1.88,3 274.84,
2023.06.06 08:14:41,822,XAUUSD,sell,out,0.27,1961.99,822,-0.95,0.00,16.20,3 290.09,sl 1961.99
2023.06.06 10:00:00,823,DE40,sell,in,0.1,15925.90,823,0.00,0.00,0.00,3 290.09,SimpleTrendline SELL #M26042502
2023.06.06 10:15:03,824,DE40,buy,out,0.1,15952.90,824,0.00,0.00,-2.90,3 287.19,
2023.06.06 10:30:00,825,DE40,buy,in,0.1,15967.10,825,0.00,0.00,0.00,3 287.19,SimpleTrendline BUY #M26042502
2023.06.06 10:41:39,826,XAUUSD,sell,out,0.01,1957.02,826,-0.04,-0.52,-1.36,3 285.27,sl 1957.10
2023.06.06 11:00:00,827,XAUUSD,sell,in,0.01,1957.59,827,-0.04,0.00,0.00,3 285.23,SimpleTrendline SELL #M26042503
2023.06.06 11:00:00,828,XBRUSD,sell,in,0.5,75.60,828,0.00,0.00,0.00,3 285.23,WP Sell #M20260534
2023.06.06 12:00:00,829,DE40,sell,out,0.1,15941.60,829,0.00,0.00,-2.74,3 282.49,
2023.06.06 12:15:00,830,XAUUSD,buy,in,0.05,1961.70,830,-0.18,0.00,0.00,3 282.31,United SuperEMA long #M940001
2023.06.06 12:15:00,831,DE40,sell,in,0.1,15939.10,831,0.00,0.00,0.00,3 282.31,SimpleTrendline SELL #M26042502
2023.06.06 12:30:03,832,DE40,buy,out,0.1,15948.60,832,0.00,0.00,-1.02,3 281.29,
2023.06.06 13:00:00,833,XAUUSD,buy,in,0.21,1962.46,833,-0.74,0.00,0.00,3 280.55,RSI Scalping Buy #M129102315
2023.06.06 13:00:00,834,XAUUSD,buy,out,0.01,1962.46,834,-0.04,0.00,-4.87,3 275.64,
2023.06.06 13:08:18,835,XAUUSD,sell,out,0.21,1962.13,835,-0.74,0.00,-6.93,3 267.97,sl 1962.26
2023.06.06 15:15:02,836,DE40,buy,in,0.1,15964.30,836,0.00,0.00,0.00,3 267.97,SimpleTrendline BUY #M26042502
2023.06.06 15:45:00,837,XAUUSD,sell,out,0.05,1960.46,837,-0.18,0.00,-6.20,3 261.59,
2023.06.06 16:10:00,838,XBRUSD,buy,out,0.5,75.70,838,0.00,0.00,-5.00,3 256.59,sl 75.70
2023.06.06 19:00:00,839,XAUUSD,buy,in,0.21,1963.60,839,-0.74,0.00,0.00,3 255.85,RSI Scalping Buy #M129102315
2023.06.06 19:00:00,840,XAUUSD,buy,in,0.02,1963.66,840,-0.07,0.00,0.00,3 255.78,United SuperEMA long #M940001
2023.06.06 19:00:00,841,XAUUSD,buy,in,0.01,1963.66,841,-0.04,0.00,0.00,3 255.74,SimpleTrendline BUY #M26042503
2023.06.06 19:09:18,842,XAUUSD,sell,out,0.21,1965.64,842,-0.74,0.00,42.84,3 297.84,sl 1965.70
2023.06.06 20:22:09,843,BTCUSD,buy,in,0.01,26480.30,843,0.00,0.00,0.00,3 297.84,WP Buy #M20260527
2023.06.06 21:00:00,844,XAUUSD,sell,in,0.05,1964.48,844,-0.18,0.00,0.00,3 297.66,RSIConsolidation SELL #M2025042
2023.06.06 22:00:00,845,XAUUSD,buy,out,0.05,1963.30,845,-0.18,0.00,5.90,3 303.38,
2023.06.06 22:15:01,846,XAUUSD,sell,out,0.02,1963.07,846,-0.07,0.00,-1.18,3 302.13,
2023.06.06 23:00:01,847,XAUUSD,buy,in,0.08,1963.12,847,-0.28,0.00,0.00,3 301.85,RSI Follow BUY #M1001
2023.06.06 23:00:01,848,BTCUSD,buy,in,0.27,27118.43,848,0.00,0.00,0.00,3 301.85,RSI Scalping Buy #M123459123
2023.06.06 23:00:09,849,BTCUSD,sell,out,0.27,27116.38,849,0.00,0.00,-0.55,3 301.30,sl 27120.68
2023.06.06 23:24:00,850,BTCUSD,sell,out,0.01,26883.78,850,0.00,0.00,4.03,3 305.33,sl 26892.94
2023.06.07 01:00:00,851,BTCUSD,buy,in,0.27,27075.52,851,0.00,0.00,0.00,3 305.33,RSI Scalping Buy #M123459123
2023.06.07 01:02:14,852,BTCUSD,sell,out,0.27,27080.30,852,0.00,0.00,1.29,3 306.62,sl 27082.60
2023.06.07 03:00:00,853,BTCUSD,buy,out,0.19,27254.73,853,0.00,0.00,-33.83,3 272.79,
2023.06.07 05:00:01,854,BTCUSD,sell,in,0.19,27101.65,854,0.00,0.00,0.00,3 272.79,SimpleTrendline SELL #M26042501
2023.06.07 06:15:05,855,DE40,sell,out,0.1,16013.90,855,0.00,-0.49,5.33,3 277.63,
2023.06.07 06:45:01,856,DE40,buy,in,0.1,16026.40,856,0.00,0.00,0.00,3 277.63,SimpleTrendline BUY #M26042502
2023.06.07 08:30:03,857,DE40,sell,out,0.1,16014.90,857,0.00,0.00,-1.24,3 276.39,
2023.06.07 10:00:00,858,XAUUSD,sell,out,0.01,1957.52,858,-0.04,-0.52,-6.14,3 269.69,
2023.06.07 15:45:03,859,DE40,sell,in,0.1,15982.80,859,0.00,0.00,0.00,3 269.69,SimpleTrendline SELL #M26042502
2023.06.07 16:00:01,860,DE40,buy,out,0.1,15984.80,860,0.00,0.00,-0.21,3 269.48,
2023.06.07 16:45:02,861,DE40,buy,in,0.1,16011.30,861,0.00,0.00,0.00,3 269.48,SimpleTrendline BUY #M26042502
2023.06.07 17:00:00,862,TSLA.NAS,buy,in,0.1,228.36,862,-0.02,0.00,0.00,3 269.46,WP Buy #M20260530
2023.06.07 17:15:02,863,DE40,sell,out,0.1,15990.80,863,0.00,0.00,-2.20,3 267.26,
2023.06.07 17:19:06,864,TSLA.NAS,sell,out,0.1,229.00,864,-0.02,0.00,0.06,3 267.30,sl 229.00
2023.06.07 17:45:00,865,DE40,sell,in,0.1,15938.30,865,0.00,0.00,0.00,3 267.30,SimpleTrendline SELL #M26042502
2023.06.07 18:15:00,866,DE40,buy,out,0.1,15959.60,866,0.00,0.00,-2.29,3 265.01,
2023.06.07 19:00:01,867,XAUUSD,sell,out,0.08,1947.49,867,-0.28,-4.15,-125.04,3 135.54,
2023.06.07 21:00:00,868,NVDA.NAS,sell,out,27.3,38.10,868,-0.55,0.00,-26.48,3 108.51,
2023.06.20 04:00:00,869,BTCUSD,buy,out,0.19,26990.79,869,0.00,0.00,21.06,3 129.57,
2023.07.03 05:00:01,870,XAUUSD,buy,in,0.02,1917.44,870,-0.07,0.00,0.00,3 129.50,SimpleTrendline BUY #M26042503
2023.07.03 06:00:03,871,XAUUSD,sell,out,0.02,1914.74,871,-0.07,0.00,-5.40,3 124.03,
2023.07.03 06:00:03,872,XAUUSD,sell,in,0.02,1914.74,872,-0.07,0.00,0.00,3 123.96,SimpleTrendline SELL #M26042503
2023.07.03 07:00:10,873,XAUUSD,buy,in,0.26,1918.41,873,-0.91,0.00,0.00,3 123.05,RSI Scalping Buy #M129102315
2023.07.03 07:00:11,874,XAUUSD,buy,out,0.02,1918.41,874,-0.07,0.00,-7.34,3 115.64,
2023.07.03 08:12:40,875,XAUUSD,sell,out,0.26,1919.82,875,-0.91,0.00,36.66,3 151.39,sl 1919.84
2023.07.03 09:30:00,876,DE40,buy,in,0.1,16188.60,876,0.00,0.00,0.00,3 151.39,SimpleTrendline BUY #M26042502
2023.07.03 10:00:00,877,DE40,sell,out,0.1,16176.10,877,0.00,0.00,-1.34,3 150.05,
2023.07.03 10:30:01,878,DE40,buy,in,0.1,16200.70,878,0.00,0.00,0.00,3 150.05,SimpleTrendline BUY #M26042502
2023.07.03 11:15:01,879,XAUUSD,sell,in,0.05,1910.79,879,-0.18,0.00,0.00,3 149.87,United SuperEMA short #M940001
2023.07.03 12:15:02,880,DE40,sell,out,0.1,16169.20,880,0.00,0.00,-3.39,3 146.48,
2023.07.03 13:00:00,881,DE40,sell,in,0.1,16159.20,881,0.00,0.00,0.00,3 146.48,SimpleTrendline SELL #M26042502
2023.07.03 13:30:00,882,DE40,buy,out,0.1,16169.20,882,0.00,0.00,-1.07,3 145.41,
2023.07.03 14:00:00,883,XAUUSD,buy,out,0.05,1914.00,883,-0.18,0.00,-16.05,3 129.18,
2023.07.03 14:15:01,884,DE40,sell,in,0.1,16146.20,884,0.00,0.00,0.00,3 129.18,SimpleTrendline SELL #M26042502
2023.07.03 16:00:00,885,XAUUSD,buy,in,0.2,1921.90,885,-0.70,0.00,0.00,3 128.48,RSI Scalping Buy #M129102315
2023.07.03 16:18:10,886,XAUUSD,sell,out,0.2,1924.54,886,-0.70,0.00,52.80,3 180.58,sl 1924.56
2023.07.03 16:35:00,887,AAPL.NAS,buy,in,0.1,193.360,887,-0.02,0.00,0.00,3 180.56,WP Buy #M20260528
2023.07.03 16:37:04,888,AAPL.NAS,sell,out,0.1,193.149,888,-0.02,0.00,-0.02,3 180.52,sl 193.160
2023.07.03 16:40:00,889,AAPL.NAS,sell,in,13.2,193.294,889,-0.26,0.00,0.00,3 180.26,RSI Scalping Sell #M20001
2023.07.03 16:46:38,890,AAPL.NAS,buy,out,13.2,192.987,890,-0.26,0.00,4.05,3 184.05,sl 192.935
2023.07.03 17:00:00,891,TSLA.NAS,buy,in,39.8,282.00,891,-0.80,0.00,0.00,3 183.25,RSI Scalping Buy #M125421321
2023.07.03 17:00:00,892,TSLA.NAS,buy,in,0.1,282.16,892,-0.02,0.00,0.00,3 183.23,WP Buy #M20260530
2023.07.03 17:40:27,893,TSLA.NAS,sell,out,0.1,279.00,893,-0.02,0.00,-0.32,3 182.89,sl 279.00
2023.07.03 18:00:00,894,TSLA.NAS,buy,in,0.1,279.22,894,-0.02,0.00,0.00,3 182.87,WP Buy #M20260530
2023.07.03 18:00:00,895,XAUUSD,buy,in,0.01,1930.23,895,-0.04,0.00,0.00,3 182.83,WP Buy #M20260526
2023.07.03 18:40:25,896,TSLA.NAS,sell,out,0.1,276.21,896,-0.02,0.00,-0.30,3 182.51,sl 276.22
2023.07.03 19:00:00,897,TSLA.NAS,sell,out,39.8,276.25,897,-0.80,0.00,-228.85,2 952.86,
2023.07.04 02:00:00,898,DE40,buy,out,0.1,16096.80,898,0.00,-0.17,5.31,2 958.00,
2023.07.05 22:06:51,899,XAUUSD,sell,out,0.01,1915.24,899,-0.04,-1.04,-14.99,2 941.93,sl 1915.27
2023.08.01 01:02:03,900,XAUUSD,buy,in,0.07,1965.91,900,-0.25,0.00,0.00,2 941.68,RSI Follow BUY #M1001
2023.08.01 01:02:03,901,XAUUSD,buy,in,0.02,1965.90,901,-0.07,0.00,0.00,2 941.61,SimpleTrendline BUY #M26042503
2023.08.01 04:00:00,902,XAUUSD,sell,out,0.02,1963.46,902,-0.07,0.00,-4.88,2 936.66,
2023.08.01 04:15:02,903,DE40,sell,in,0.2,16462.10,903,0.00,0.00,0.00,2 936.66,SimpleTrendline SELL #M26042502
2023.08.01 04:45:01,904,DE40,buy,out,0.2,16469.10,904,0.00,0.00,-1.50,2 935.16,
2023.08.01 05:00:00,905,DE40,buy,in,0.2,16478.10,905,0.00,0.00,0.00,2 935.16,SimpleTrendline BUY #M26042502
2023.08.01 05:45:36,906,DE40,sell,out,0.2,16466.10,906,0.00,0.00,-2.58,2 932.58,
2023.08.01 07:00:04,907,XAUUSD,sell,in,0.05,1962.07,907,-0.18,0.00,0.00,2 932.40,RSI Reverse SELL #M1002
2023.08.01 07:00:04,908,XAUUSD,buy,out,0.05,1962.19,908,-0.18,0.00,-0.60,2 931.62,
2023.08.01 08:30:10,909,DE40,sell,in,0.1,16453.60,909,0.00,0.00,0.00,2 931.62,SimpleTrendline SELL #M26042502
2023.08.01 12:00:00,910,AUDUSD,sell,in,0.03,0.66355,910,-0.11,0.00,0.00,2 931.51,WP Sell #M20260525
2023.08.01 14:45:01,911,XAUUSD,sell,in,0.03,1953.74,911,-0.11,0.00,0.00,2 931.40,United SuperEMA short #M940001
2023.08.01 15:00:00,912,XAUUSD,sell,out,0.07,1953.65,912,-0.25,0.00,-85.82,2 845.33,
2023.08.01 17:00:19,913,AUDUSD,buy,out,0.03,0.66294,913,-0.11,0.00,1.83,2 847.05,sl 0.66294
2023.08.01 21:30:01,914,XAUUSD,buy,out,0.03,1945.02,914,-0.11,0.00,26.16,2 873.10,
2023.08.02 03:00:00,915,BTCUSD,buy,in,0.23,29706.74,915,0.00,0.00,0.00,2 873.10,RSI Scalping Buy #M123459123
2023.08.02 03:00:00,916,XTIUSD,buy,in,0.5,82.30,916,0.00,0.00,0.00,2 873.10,WP Buy #M20260533
2023.08.02 03:00:06,917,BTCUSD,sell,out,0.23,29711.79,917,0.00,0.00,1.16,2 874.26,sl 29712.51
2023.08.02 04:00:00,918,XAUUSD,sell,in,0.02,1949.28,918,-0.07,0.00,0.00,2 874.19,SimpleTrendline SELL #M26042503
2023.08.02 05:00:01,919,XBRUSD,buy,in,0.5,86.21,919,0.00,0.00,0.00,2 874.19,WP Buy #M20260534
2023.08.02 08:00:00,920,XAUUSD,sell,in,0.04,1946.40,920,-0.14,0.00,0.00,2 874.05,United SuperEMA short #M940001
2023.08.02 08:30:03,921,XAUUSD,buy,out,0.04,1948.45,921,-0.14,0.00,-8.20,2 865.71,
2023.08.02 12:00:00,922,XAUUSD,buy,out,0.02,1950.00,922,-0.07,0.00,-1.44,2 864.20,
2023.08.02 14:00:01,923,XAUUSD,buy,in,0.02,1952.78,923,-0.07,0.00,0.00,2 864.13,SimpleTrendline BUY #M26042503
2023.08.02 14:30:04,924,DE40,buy,out,0.1,16122.40,924,0.00,-0.17,35.59,2 899.55,
2023.08.02 15:30:00,925,XAUUSD,sell,in,0.04,1948.54,925,-0.14,0.00,0.00,2 899.41,United SuperEMA short #M940001
2023.08.02 15:45:00,926,DE40,sell,in,0.2,16057.40,926,0.00,0.00,0.00,2 899.41,SimpleTrendline SELL #M26042502
2023.08.02 16:00:00,927,XAUUSD,sell,out,0.02,1945.65,927,-0.07,0.00,-14.26,2 885.08,
2023.08.02 16:00:00,928,XAUUSD,sell,in,0.02,1945.65,928,-0.07,0.00,0.00,2 885.01,SimpleTrendline SELL #M26042503
2023.08.02 16:15:00,929,DE40,buy,out,0.2,16059.90,929,0.00,0.00,-0.54,2 884.47,
2023.08.02 16:32:03,930,XBRUSD,sell,out,0.5,84.71,930,0.00,0.00,-75.00,2 809.47,sl 84.71
2023.08.02 16:33:28,931,XTIUSD,sell,out,0.5,80.79,931,0.00,0.00,-75.50,2 733.97,sl 80.80
2023.08.02 20:30:00,932,XAUUSD,buy,out,0.04,1938.69,932,-0.14,0.00,39.40,2 773.23,
2023.08.03 12:00:00,933,XAUUSD,buy,out,0.02,1937.89,933,-0.07,2.69,15.52,2 791.37,
2023.09.01 03:00:00,934,XAUUSD,sell,in,0.02,1939.96,934,-0.07,0.00,0.00,2 791.30,SimpleTrendline SELL #M26042503
2023.09.01 11:00:04,935,XAUUSD,buy,out,0.02,1943.38,935,-0.07,0.00,-6.84,2 784.39,
2023.09.01 11:15:02,936,DE40,sell,in,0.2,15959.80,936,0.00,0.00,0.00,2 784.39,SimpleTrendline SELL #M26042502
2023.09.01 12:00:01,937,XAUUSD,buy,in,0.04,1943.06,937,-0.14,0.00,0.00,2 784.25,United SuperEMA long #M940001
2023.09.01 12:30:00,938,DE40,buy,out,0.2,15976.30,938,0.00,0.00,-3.55,2 780.70,
2023.09.01 13:00:00,939,XAUUSD,buy,in,0.23,1944.35,939,-0.81,0.00,0.00,2 779.89,RSI Scalping Buy #M129102315
2023.09.01 14:07:17,940,XAUUSD,sell,out,0.23,1944.61,940,-0.81,0.00,5.98,2 785.06,sl 1944.62
2023.09.01 16:45:00,941,NVDA.NAS,sell,in,23.2,49.07,941,-0.46,0.00,0.00,2 784.60,RSI Scalping Sell #M20003
2023.09.01 17:00:00,942,NVDA.NAS,buy,out,23.2,48.92,942,-0.46,0.00,3.48,2 787.62,
2023.09.01 17:00:00,943,TSLA.NAS,sell,in,34.8,252.62,943,-0.70,0.00,0.00,2 786.92,RSI Scalping Sell #M125421321
2023.09.01 17:00:00,944,XAUUSD,sell,in,0.23,1940.97,944,-0.81,0.00,0.00,2 786.11,RSI Scalping Sell #M129102315
2023.09.01 17:00:00,945,XAUUSD,sell,out,0.04,1940.34,945,-0.14,0.00,-10.88,2 775.09,
2023.09.01 17:00:08,946,XAUUSD,buy,out,0.23,1941.04,946,-0.81,0.00,-1.61,2 772.67,sl 1941.04
2023.09.01 19:45:02,947,NVDA.NAS,sell,in,23.1,48.43,947,-0.46,0.00,0.00,2 772.21,RSI Scalping Sell #M20003
2023.09.01 21:00:00,948,NVDA.NAS,buy,out,23.1,48.65,948,-0.46,0.00,-5.08,2 766.67,
2023.09.01 22:00:00,949,XAUUSD,sell,in,0.02,1941.11,949,-0.07,0.00,0.00,2 766.60,SimpleTrendline SELL #M26042503
2023.09.04 02:00:00,950,XAUUSD,buy,out,0.02,1939.65,950,-0.07,0.90,2.92,2 770.35,
2023.09.04 06:00:00,951,XAUUSD,buy,in,0.23,1945.80,951,-0.81,0.00,0.00,2 769.54,RSI Scalping Buy #M129102315
2023.09.04 09:35:51,952,XAUUSD,sell,out,0.23,1945.50,952,-0.81,0.00,-6.90,2 761.83,sl 1945.62
2023.09.04 10:00:00,953,XAUUSD,buy,in,0.23,1945.21,953,-0.81,0.00,0.00,2 761.02,RSI Scalping Buy #M129102315
2023.09.04 13:00:00,954,XAUUSD,sell,in,0.02,1941.01,954,-0.07,0.00,0.00,2 760.95,SimpleTrendline SELL #M26042503
2023.09.04 14:00:00,955,XAUUSD,sell,out,0.23,1940.57,955,-0.81,0.00,-106.72,2 653.42,
2023.09.04 15:00:00,956,XAUUSD,buy,out,0.02,1941.74,956,-0.07,0.00,-1.46,2 651.89,
2023.09.05 16:37:51,957,TSLA.NAS,buy,out,34.8,251.53,957,-0.70,0.00,37.93,2 689.12,sl 251.53
2023.10.02 02:00:00,958,BTCUSD,buy,in,0.22,27993.83,958,0.00,0.00,0.00,2 689.12,RSI Scalping Buy #M123459123
2023.10.02 02:00:07,959,BTCUSD,sell,out,0.22,27998.71,959,0.00,0.00,1.07,2 690.19,sl 28000.86
2023.10.02 10:00:00,960,DE40,buy,in,0.2,15439.30,960,0.00,0.00,0.00,2 690.19,SimpleTrendline BUY #M26042502
2023.10.02 12:00:00,961,DE40,sell,out,0.2,15400.20,961,0.00,0.00,-8.40,2 681.79,
2023.10.02 12:15:00,962,DE40,sell,in,0.2,15377.70,962,0.00,0.00,0.00,2 681.79,SimpleTrendline SELL #M26042502
2023.10.02 12:15:00,963,XAUUSD,sell,in,0.04,1838.26,963,-0.14,0.00,0.00,2 681.65,United SuperEMA short #M940001
2023.10.02 15:00:00,964,XAUUSD,buy,out,0.04,1837.42,964,-0.14,0.00,3.36,2 684.87,
2023.10.02 16:00:00,965,BTCUSD,buy,in,0.22,28346.99,965,0.00,0.00,0.00,2 684.87,RSI Scalping Buy #M123459123
2023.10.02 16:00:10,966,BTCUSD,sell,out,0.22,28352.45,966,0.00,0.00,1.20,2 686.07,sl 28353.45
2023.10.02 17:00:00,967,TSLA.NAS,sell,in,33.5,245.95,967,-0.67,0.00,0.00,2 685.40,RSI Scalping Sell #M125421321
2023.10.02 17:00:00,968,AUDUSD,sell,in,0.04,0.63738,968,-0.14,0.00,0.00,2 685.26,WP Sell #M20260525
2023.10.02 17:15:00,969,XAUUSD,sell,in,0.04,1828.30,969,-0.14,0.00,0.00,2 685.12,United SuperEMA short #M940001
2023.10.02 18:00:00,970,TSLA.NAS,buy,out,33.5,250.32,970,-0.67,0.00,-146.40,2 538.05,
2023.10.02 20:15:02,971,XAUUSD,buy,out,0.04,1832.60,971,-0.14,0.00,-17.20,2 520.71,
2023.10.03 10:45:00,972,DE40,buy,out,0.2,15212.30,972,0.00,-0.33,35.54,2 555.92,
2023.10.03 11:18:01,973,AUDUSD,buy,out,0.04,0.63301,973,-0.14,-0.18,17.48,2 573.08,sl 0.63297
2023.11.01 02:00:00,974,XAUUSD,buy,in,0.06,1985.04,974,-0.21,0.00,0.00,2 572.87,RSI Follow BUY #M1001
2023.11.01 03:00:00,975,XAUUSD,sell,out,0.06,1983.65,975,-0.21,0.00,-8.34,2 564.32,
2023.11.01 07:00:00,976,XAUUSD,sell,in,0.06,1977.14,976,-0.21,0.00,0.00,2 564.11,RSI Reverse SELL #M1002
2023.11.01 07:15:00,977,XAUUSD,sell,in,0.04,1975.84,977,-0.14,0.00,0.00,2 563.97,United SuperEMA short #M940001
2023.11.01 08:45:00,978,XAUUSD,buy,out,0.04,1978.99,978,-0.14,0.00,-12.60,2 551.23,
2023.11.01 10:15:00,979,XAUUSD,sell,in,0.04,1979.86,979,-0.14,0.00,0.00,2 551.09,RSIConsolidation SELL #M2025042
2023.11.01 10:30:00,980,XAUUSD,buy,out,0.04,1977.39,980,-0.14,0.00,9.88,2 560.83,
2023.11.01 12:00:00,981,XAUUSD,buy,out,0.06,1982.57,981,-0.21,0.00,-32.58,2 528.04,
2023.11.01 12:15:00,982,DE40,buy,in,0.2,14832.60,982,0.00,0.00,0.00,2 528.04,SimpleTrendline BUY #M26042502
2023.11.01 12:45:00,983,DE40,sell,out,0.2,14817.60,983,0.00,0.00,-3.22,2 524.82,
2023.11.01 16:15:00,984,DE40,buy,in,0.2,14874.60,984,0.00,0.00,0.00,2 524.82,SimpleTrendline BUY #M26042502
2023.11.01 16:30:00,985,XAUUSD,sell,in,0.04,1983.43,985,-0.14,0.00,0.00,2 524.68,RSIConsolidation SELL #M2025042
2023.11.01 16:30:00,986,XAUUSD,buy,out,0.04,1983.56,986,-0.14,0.00,-0.52,2 524.02,
2023.11.01 18:45:03,987,XAUUSD,sell,in,0.04,1978.70,987,-0.14,0.00,0.00,2 523.88,United SuperEMA short #M940001
2023.11.01 20:00:00,988,XAUUSD,sell,in,0.02,1977.90,988,-0.07,0.00,0.00,2 523.81,SimpleTrendline SELL #M26042503
2023.11.01 22:20:00,989,AAPL.NAS,buy,in,10.5,173.819,989,-0.21,0.00,0.00,2 523.60,RSI Scalping Buy #M20001
2023.11.01 22:23:46,990,AAPL.NAS,sell,out,10.5,173.912,990,-0.21,0.00,0.98,2 524.37,sl 173.939
2023.11.01 22:30:00,991,XAUUSD,buy,out,0.04,1978.93,991,-0.14,0.00,-0.92,2 523.31,
2023.11.01 22:40:00,992,AAPL.NAS,sell,in,10.5,173.822,992,-0.21,0.00,0.00,2 523.10,RSI Scalping Sell #M20001
2023.11.01 22:41:43,993,AAPL.NAS,buy,out,10.5,173.757,993,-0.21,0.00,0.68,2 523.57,sl 173.752
2023.11.01 22:50:00,994,AAPL.NAS,buy,in,10.5,174.173,994,-0.21,0.00,0.00,2 523.36,RSI Scalping Buy #M20001
2023.11.02 01:30:11,995,XAUUSD,sell,in,0.04,1983.13,995,-0.14,0.00,0.00,2 523.22,RSIConsolidation SELL #M2025042
2023.11.02 04:21:04,996,XAUUSD,buy,out,0.04,1986.90,996,-0.14,0.00,-15.08,2 508.00,sl 1986.78
2023.11.02 06:00:00,997,BTCUSD,buy,in,0.2,35705.20,997,0.00,0.00,0.00,2 508.00,RSI Scalping Buy #M123459123
2023.11.02 06:00:13,998,BTCUSD,sell,out,0.2,35717.94,998,0.00,0.00,2.55,2 510.55,sl 35721.74
2023.11.02 08:45:00,999,XAUUSD,sell,in,0.04,1986.56,999,-0.14,0.00,0.00,2 510.41,RSIConsolidation SELL #M2025042
2023.11.02 09:00:00,1000,XAUUSD,buy,out,0.04,1985.53,1000,-0.14,0.00,4.12,2 514.39,
2023.11.02 12:00:00,1001,XAUUSD,buy,out,0.02,1986.88,1001,-0.07,2.69,-17.96,2 499.05,
2023.11.02 16:35:01,1002,AAPL.NAS,buy,in,0.1,175.964,1002,-0.02,0.00,0.00,2 499.03,WP Buy #M20260528
2023.11.02 16:35:06,1003,AAPL.NAS,sell,out,10.5,175.788,1003,-0.21,0.00,16.96,2 515.78,sl 175.818
2023.11.02 16:35:07,1004,AAPL.NAS,sell,out,0.1,175.755,1004,-0.02,0.00,-0.02,2 515.74,sl 175.764
2023.11.02 16:40:01,1005,AAPL.NAS,buy,in,10.4,176.304,1005,-0.21,0.00,0.00,2 515.53,RSI Scalping Buy #M20001
2023.11.02 16:40:22,1006,AAPL.NAS,sell,out,10.4,176.348,1006,-0.21,0.00,0.46,2 515.78,sl 176.355
2023.11.02 17:00:01,1007,AAPL.NAS,buy,in,0.1,176.404,1007,-0.02,0.00,0.00,2 515.76,WP Buy #M20260528
2023.11.02 17:01:03,1008,AAPL.NAS,sell,out,0.1,176.485,1008,-0.02,0.00,0.01,2 515.75,sl 176.485
2023.11.02 17:10:00,1009,AAPL.NAS,sell,in,10.4,176.188,1009,-0.21,0.00,0.00,2 515.54,RSI Scalping Sell #M20001
2023.11.02 18:00:01,1010,AAPL.NAS,buy,in,0.1,177.444,1010,-0.02,0.00,0.00,2 515.52,WP Buy #M20260528
2023.11.02 18:01:30,1011,AAPL.NAS,sell,out,0.1,177.448,1011,-0.02,0.00,0.00,2 515.50,sl 177.448
2023.11.02 19:00:00,1012,AAPL.NAS,buy,in,0.1,176.831,1012,-0.02,0.00,0.00,2 515.48,WP Buy #M20260528
2023.11.02 19:02:04,1013,AAPL.NAS,sell,out,0.1,176.618,1013,-0.02,0.00,-0.02,2 515.44,sl 176.631
2023.11.02 21:00:00,1014,XBRUSD,buy,in,0.5,87.99,1014,0.00,0.00,0.00,2 515.44,WP Buy #M20260534
2023.11.02 21:15:17,1015,XAUUSD,sell,in,0.04,1985.31,1015,-0.14,0.00,0.00,2 515.30,RSIConsolidation SELL #M2025042
2023.11.02 22:30:00,1016,XAUUSD,buy,out,0.04,1984.94,1016,-0.14,0.00,1.48,2 516.64,
2023.11.03 06:30:00,1017,XAUUSD,sell,in,0.04,1986.18,1017,-0.14,0.00,0.00,2 516.50,RSIConsolidation SELL #M2025042
2023.11.03 07:00:00,1018,XAUUSD,buy,out,0.04,1985.87,1018,-0.14,0.00,1.24,2 517.60,
2023.11.03 09:30:00,1019,XAUUSD,sell,in,0.04,1987.16,1019,-0.14,0.00,0.00,2 517.46,RSIConsolidation SELL #M2025042
2023.11.03 10:00:00,1020,XAUUSD,sell,in,0.06,1987.60,1020,-0.21,0.00,0.00,2 517.25,RSI Reverse SELL #M1002
2023.11.03 10:00:00,1021,XAUUSD,buy,out,0.06,1987.71,1021,-0.21,0.00,-0.66,2 516.38,
2023.11.03 10:15:07,1022,DE40,sell,out,0.2,15195.00,1022,0.00,-1.94,68.85,2 583.29,
2023.11.03 10:20:32,1023,XAUUSD,buy,out,0.04,1988.81,1023,-0.14,0.00,-6.60,2 576.55,sl 1988.79
2023.11.03 12:00:01,1024,XAUUSD,buy,in,0.21,1988.57,1024,-0.74,0.00,0.00,2 575.81,RSI Scalping Buy #M129102315
2023.11.03 12:06:25,1025,XAUUSD,sell,out,0.21,1989.20,1025,-0.74,0.00,13.23,2 588.30,sl 1989.22
2023.11.03 13:45:01,1026,XAUUSD,sell,in,0.04,1987.46,1026,-0.14,0.00,0.00,2 588.16,RSIConsolidation SELL #M2025042
2023.11.03 13:45:01,1027,XAUUSD,buy,out,0.04,1987.51,1027,-0.14,0.00,-0.20,2 587.82,
2023.11.03 16:00:00,1028,XAUUSD,buy,in,0.21,2000.36,1028,-0.74,0.00,0.00,2 587.08,RSI Scalping Buy #M129102315
2023.11.03 16:00:00,1029,DE40,buy,in,0.2,15225.50,1029,0.00,0.00,0.00,2 587.08,SimpleTrendline BUY #M26042502
2023.11.03 16:05:32,1030,XAUUSD,sell,out,0.21,2000.31,1030,-0.74,0.00,-1.05,2 585.29,sl 2000.39
2023.11.03 16:21:00,1031,XBRUSD,sell,out,0.5,87.82,1031,0.00,4.01,-8.50,2 580.80,sl 87.83
2023.11.03 16:35:00,1032,AAPL.NAS,buy,out,10.4,174.624,1032,-0.21,0.00,16.27,2 596.86,
2023.11.03 17:00:00,1033,TSLA.NAS,buy,in,32.4,225.15,1033,-0.65,0.00,0.00,2 596.21,RSI Scalping Buy #M125421321
2023.11.03 17:00:00,1034,XAUUSD,sell,in,0.21,1997.48,1034,-0.74,0.00,0.00,2 595.47,RSI Scalping Sell #M129102315
2023.11.03 17:00:00,1035,XAUUSD,buy,in,0.04,1998.32,1035,-0.14,0.00,0.00,2 595.33,United SuperEMA long #M940001
2023.11.03 17:01:19,1036,XAUUSD,buy,out,0.21,1995.19,1036,-0.74,0.00,48.09,2 642.68,sl 1995.06
2023.11.03 17:15:01,1037,DE40,sell,out,0.2,15219.50,1037,0.00,0.00,-1.29,2 641.39,
2023.11.03 17:30:00,1038,XAUUSD,sell,out,0.04,1989.58,1038,-0.14,0.00,-34.96,2 606.29,
2023.11.03 18:00:00,1039,TSLA.NAS,sell,out,32.4,221.76,1039,-0.65,0.00,-109.84,2 495.80,
2023.12.01 02:45:09,1040,DE40,buy,in,0.2,16251.90,1040,0.00,0.00,0.00,2 495.80,SimpleTrendline BUY #M26042502
2023.12.01 03:00:00,1041,XAUUSD,buy,in,0.02,2042.04,1041,-0.07,0.00,0.00,2 495.73,SimpleTrendline BUY #M26042503
2023.12.01 03:00:00,1042,DE40,sell,out,0.2,16244.50,1042,0.00,0.00,-1.59,2 494.14,
2023.12.01 03:30:00,1043,DE40,buy,in,0.1,16254.50,1043,0.00,0.00,0.00,2 494.14,SimpleTrendline BUY #M26042502
2023.12.01 08:30:01,1044,XAUUSD,buy,in,0.03,2041.76,1044,-0.11,0.00,0.00,2 494.03,United SuperEMA long #M940001
2023.12.01 08:45:00,1045,XAUUSD,sell,out,0.03,2040.01,1045,-0.11,0.00,-5.25,2 488.67,
2023.12.01 11:00:00,1046,XAUUSD,buy,in,0.16,2045.48,1046,-0.56,0.00,0.00,2 488.11,RSI Scalping Buy #M129102315
2023.12.01 11:03:50,1047,XAUUSD,sell,out,0.16,2046.02,1047,-0.56,0.00,8.64,2 496.19,sl 2046.03
2023.12.01 12:00:00,1048,BTCUSD,buy,in,0.2,38733.06,1048,0.00,0.00,0.00,2 496.19,RSI Scalping Buy #M123459123
2023.12.01 12:00:07,1049,BTCUSD,sell,out,0.2,38743.27,1049,0.00,0.00,2.04,2 498.23,sl 38743.87
2023.12.01 14:00:00,1050,XAUUSD,sell,out,0.02,2037.18,1050,-0.07,0.00,-9.72,2 488.44,
2023.12.01 14:00:01,1051,XAUUSD,sell,in,0.02,2037.28,1051,-0.07,0.00,0.00,2 488.37,SimpleTrendline SELL #M26042503
2023.12.01 16:15:13,1052,DE40,sell,out,0.1,16290.90,1052,0.00,0.00,3.91,2 492.28,
2023.12.01 17:30:00,1053,NVDA.NAS,sell,in,20.7,46.34,1053,-0.41,0.00,0.00,2 491.87,RSI Scalping Sell #M20003
2023.12.01 18:00:00,1054,XAUUSD,buy,in,0.2,2049.39,1054,-0.70,0.00,0.00,2 491.17,RSI Scalping Buy #M129102315
2023.12.01 18:00:00,1055,XAUUSD,buy,out,0.02,2049.39,1055,-0.07,0.00,-24.22,2 466.88,
2023.12.01 18:00:00,1056,XAUUSD,buy,in,0.02,2049.39,1056,-0.07,0.00,0.00,2 466.81,SimpleTrendline BUY #M26042503
2023.12.01 18:02:20,1057,XAUUSD,sell,out,0.2,2049.41,1057,-0.70,0.00,0.40,2 466.51,sl 2049.42
2023.12.01 18:45:00,1058,NVDA.NAS,buy,out,20.7,47.02,1058,-0.41,0.00,-14.08,2 452.02,
2023.12.01 18:46:03,1059,XAUUSD,buy,in,0.1,2058.62,1059,-0.35,0.00,0.00,2 451.67,Darvas Box Breakout #M135790
2023.12.01 21:00:03,1060,XAUUSD,buy,in,0.01,2071.87,1060,-0.04,0.00,0.00,2 451.63,WP Buy #M20260526
2023.12.01 23:00:00,1061,XTIUSD,sell,in,0.5,74.22,1061,0.00,0.00,0.00,2 451.63,WP Sell #M20260533
2023.12.04 01:16:59,1062,XAUUSD,sell,out,0.01,2083.12,1062,-0.04,-0.52,11.25,2 462.32,sl 2084.14
2023.12.04 01:19:05,1063,XAUUSD,sell,out,0.1,2095.66,1063,-0.35,-5.19,370.40,2 827.18,tp 2095.47
2023.12.04 03:00:00,1064,XAUUSD,sell,in,0.23,2095.64,1064,-0.81,0.00,0.00,2 826.37,RSI Scalping Sell #M129102315
2023.12.04 03:00:11,1065,XAUUSD,buy,out,0.23,2095.54,1065,-0.81,0.00,2.30,2 827.86,sl 2095.19
2023.12.04 04:00:00,1066,BTCUSD,buy,in,0.23,40604.41,1066,0.00,0.00,0.00,2 827.86,RSI Scalping Buy #M123459123
2023.12.04 04:00:08,1067,BTCUSD,sell,out,0.23,40614.88,1067,0.00,0.00,2.41,2 830.27,sl 40617.92
2023.12.04 09:00:00,1068,XAUUSD,sell,out,0.02,2076.64,1068,-0.07,-1.04,54.50,2 883.66,
2023.12.04 09:15:00,1069,DE40,buy,in,0.2,16418.90,1069,0.00,0.00,0.00,2 883.66,SimpleTrendline BUY #M26042502
2023.12.04 09:30:00,1070,DE40,sell,out,0.2,16409.90,1070,0.00,0.00,-1.93,2 881.73,
2023.12.04 09:45:02,1071,DE40,sell,in,0.2,16399.90,1071,0.00,0.00,0.00,2 881.73,SimpleTrendline SELL #M26042502
2023.12.04 10:30:00,1072,DE40,buy,out,0.2,16422.90,1072,0.00,0.00,-4.94,2 876.79,
2023.12.04 10:45:00,1073,DE40,buy,in,0.2,16441.40,1073,0.00,0.00,0.00,2 876.79,SimpleTrendline BUY #M26042502
2023.12.04 11:15:01,1074,DE40,sell,out,0.2,16393.10,1074,0.00,0.00,-10.38,2 866.41,
2023.12.04 11:45:01,1075,DE40,sell,in,0.2,16396.60,1075,0.00,0.00,0.00,2 866.41,SimpleTrendline SELL #M26042502
2023.12.04 11:53:54,1076,XTIUSD,buy,out,0.5,73.81,1076,0.00,-21.83,20.50,2 865.08,sl 73.81
2023.12.04 12:00:00,1077,DE40,buy,out,0.2,16402.60,1077,0.00,0.00,-1.29,2 863.79,
2023.12.04 13:30:05,1078,DE40,buy,in,0.1,16422.10,1078,0.00,0.00,0.00,2 863.79,SimpleTrendline BUY #M26042502
2023.12.04 14:00:01,1079,DE40,sell,out,0.1,16410.10,1079,0.00,0.00,-1.29,2 862.50,
2023.12.04 16:45:00,1080,NVDA.NAS,sell,in,19,45.45,1080,-0.38,0.00,0.00,2 862.12,RSI Scalping Sell #M20003
2023.12.04 17:00:00,1081,NVDA.NAS,buy,out,19,45.63,1081,-0.38,0.00,-3.42,2 858.32,
2023.12.04 17:30:00,1082,XAUUSD,sell,in,0.03,2032.82,1082,-0.11,0.00,0.00,2 858.21,United SuperEMA short #M940001
2023.12.04 19:00:00,1083,NVDA.NAS,buy,in,19,45.46,1083,-0.38,0.00,0.00,2 857.83,RSI Scalping Buy #M20003
2023.12.04 21:30:00,1084,NVDA.NAS,sell,out,19,45.25,1084,-0.38,0.00,-3.99,2 853.46,
2023.12.04 21:45:00,1085,XAUUSD,buy,out,0.03,2030.19,1085,-0.11,0.00,7.89,2 861.24,
2023.12.04 22:00:00,1086,NVDA.NAS,sell,in,23.8,45.23,1086,-0.48,0.00,0.00,2 860.76,RSI Scalping Sell #M20003
2023.12.04 22:15:00,1087,NVDA.NAS,buy,out,23.8,45.14,1087,-0.48,0.00,2.14,2 862.42,
2023.12.04 22:30:00,1088,NVDA.NAS,buy,in,23.8,45.27,1088,-0.48,0.00,0.00,2 861.94,RSI Scalping Buy #M20003
2023.12.05 03:30:00,1089,DE40,sell,in,0.1,16412.90,1089,0.00,0.00,0.00,2 861.94,SimpleTrendline SELL #M26042502
2023.12.05 04:00:00,1090,XAUUSD,sell,in,0.02,2035.66,1090,-0.07,0.00,0.00,2 861.87,SimpleTrendline SELL #M26042503
2023.12.05 04:00:00,1091,DE40,buy,out,0.1,16418.90,1091,0.00,0.00,-0.64,2 861.23,
2023.12.05 04:45:03,1092,DE40,sell,in,0.1,16409.90,1092,0.00,0.00,0.00,2 861.23,SimpleTrendline SELL #M26042502
2023.12.05 05:00:00,1093,XAUUSD,buy,out,0.02,2034.82,1093,-0.07,0.00,1.68,2 862.84,
2023.12.05 05:00:00,1094,DE40,buy,out,0.1,16416.40,1094,0.00,0.00,-0.70,2 862.14,
2023.12.05 05:42:30,1095,AUDUSD,buy,in,0.19,0.65754,1095,-0.67,0.00,0.00,2 861.47,RSI Oversold Crossover Buy #M30
2023.12.05 06:00:01,1096,XAUUSD,buy,in,0.02,2037.44,1096,-0.07,0.00,0.00,2 861.40,SimpleTrendline BUY #M26042503
2023.12.05 06:15:01,1097,DE40,buy,in,0.1,16428.90,1097,0.00,0.00,0.00,2 861.40,SimpleTrendline BUY #M26042502
2023.12.05 06:45:23,1098,DE40,sell,out,0.1,16413.90,1098,0.00,0.00,-1.61,2 859.79,
2023.12.05 07:00:00,1099,XAUUSD,sell,out,0.02,2032.47,1099,-0.07,0.00,-9.94,2 849.78,
2023.12.05 07:00:00,1100,XAUUSD,sell,in,0.02,2032.56,1100,-0.07,0.00,0.00,2 849.71,SimpleTrendline SELL #M26042503
2023.12.05 07:00:08,1101,DE40,sell,in,0.1,16411.90,1101,0.00,0.00,0.00,2 849.71,SimpleTrendline SELL #M26042502
2023.12.05 07:30:07,1102,DE40,buy,out,0.1,16418.40,1102,0.00,0.00,-0.70,2 849.01,
2023.12.05 08:00:00,1103,AUDUSD,sell,out,0.19,0.65834,1103,-0.67,0.00,15.20,2 863.54,
2023.12.05 08:00:00,1104,XAUUSD,sell,in,0.07,2032.18,1104,-0.25,0.00,0.00,2 863.29,RSI Reverse SELL #M1002
2023.12.05 08:00:00,1105,XAUUSD,buy,out,0.07,2032.26,1105,-0.25,0.00,-0.56,2 862.48,
2023.12.05 09:00:00,1106,DE40,sell,in,0.1,16395.40,1106,0.00,0.00,0.00,2 862.48,SimpleTrendline SELL #M26042502
2023.12.05 09:45:04,1107,DE40,buy,out,0.1,16404.70,1107,0.00,0.00,-1.00,2 861.48,
2023.12.05 11:00:00,1108,XAUUSD,sell,in,0.04,2034.45,1108,-0.14,0.00,0.00,2 861.34,RSIConsolidation SELL #M2025042
2023.12.05 11:00:00,1109,XAUUSD,buy,out,0.04,2034.60,1109,-0.14,0.00,-0.60,2 860.60,
2023.12.05 11:15:00,1110,XAUUSD,sell,in,0.04,2028.83,1110,-0.14,0.00,0.00,2 860.46,United SuperEMA short #M940001
2023.12.05 15:15:00,1111,XAUUSD,buy,out,0.04,2027.83,1111,-0.14,0.00,4.00,2 864.32,
2023.12.05 16:30:00,1112,XAUUSD,sell,in,0.04,2023.75,1112,-0.14,0.00,0.00,2 864.18,RSIConsolidation SELL #M2025042
2023.12.05 16:30:00,1113,XAUUSD,buy,out,0.04,2023.64,1113,-0.14,0.00,0.44,2 864.48,
2023.12.05 16:40:00,1114,AAPL.NAS,buy,in,11.9,192.463,1114,-0.24,0.00,0.00,2 864.24,RSI Scalping Buy #M20001
2023.12.05 16:40:25,1115,AAPL.NAS,sell,out,11.9,192.601,1115,-0.24,0.00,1.64,2 865.64,sl 192.601
2023.12.05 17:00:00,1116,XAUUSD,sell,in,0.04,2016.77,1116,-0.14,0.00,0.00,2 865.50,United SuperEMA short #M940001
2023.12.05 18:20:00,1117,AAPL.NAS,sell,in,11.9,193.536,1117,-0.24,0.00,0.00,2 865.26,RSI Scalping Sell #M20001
2023.12.05 18:40:29,1118,AAPL.NAS,buy,out,11.9,193.455,1118,-0.24,0.00,0.96,2 865.98,sl 193.453
2023.12.05 20:00:00,1119,BTCUSD,buy,in,0.23,43380.13,1119,0.00,0.00,0.00,2 865.98,RSI Scalping Buy #M123459123
2023.12.05 20:00:00,1120,TSLA.NAS,sell,in,35.8,241.23,1120,-0.72,0.00,0.00,2 865.26,RSI Scalping Sell #M125421321
2023.12.05 20:00:03,1121,BTCUSD,sell,out,0.23,43390.62,1121,0.00,0.00,2.41,2 867.67,sl 43397.92
2023.12.05 20:30:00,1122,XAUUSD,buy,out,0.04,2018.41,1122,-0.14,0.00,-6.56,2 860.97,
2023.12.05 23:00:00,1123,XAUUSD,sell,in,0.07,2019.28,1123,-0.25,0.00,0.00,2 860.72,RSI Follow SELL #M1001
2023.12.06 03:30:00,1124,XAUUSD,sell,in,0.04,2019.80,1124,-0.14,0.00,0.00,2 860.58,RSIConsolidation SELL #M2025042
2023.12.06 03:30:00,1125,XAUUSD,buy,out,0.04,2019.79,1125,-0.14,0.00,0.04,2 860.48,
2023.12.06 05:00:00,1126,XAUUSD,sell,in,0.04,2021.26,1126,-0.14,0.00,0.00,2 860.34,RSIConsolidation SELL #M2025042
2023.12.06 06:00:01,1127,XAUUSD,buy,out,0.07,2023.34,1127,-0.25,3.13,-28.42,2 834.80,
2023.12.06 06:00:01,1128,XAUUSD,buy,out,0.02,2023.34,1128,-0.07,0.90,18.44,2 854.07,
2023.12.06 06:45:05,1129,XAUUSD,buy,out,0.04,2021.01,1129,-0.14,0.00,1.00,2 854.93,
2023.12.06 08:00:01,1130,XAUUSD,buy,in,0.02,2025.01,1130,-0.07,0.00,0.00,2 854.86,SimpleTrendline BUY #M26042503
2023.12.06 08:45:00,1131,DE40,buy,in,0.1,16565.90,1131,0.00,0.00,0.00,2 854.86,SimpleTrendline BUY #M26042502
2023.12.06 09:15:00,1132,DE40,sell,out,0.1,16556.10,1132,0.00,0.00,-1.05,2 853.81,
2023.12.06 10:00:01,1133,XAUUSD,buy,in,0.23,2034.13,1133,-0.81,0.00,0.00,2 853.00,RSI Scalping Buy #M129102315
2023.12.06 10:00:01,1134,XAUUSD,buy,in,0.01,2034.15,1134,-0.04,0.00,0.00,2 852.96,WP Buy #M20260526
2023.12.06 10:03:29,1135,XAUUSD,sell,out,0.23,2034.07,1135,-0.81,0.00,-1.38,2 850.77,sl 2034.07
2023.12.06 11:15:03,1136,DE40,sell,in,0.1,16547.80,1136,0.00,0.00,0.00,2 850.77,SimpleTrendline SELL #M26042502
2023.12.06 12:30:00,1137,DE40,buy,out,0.1,16558.80,1137,0.00,0.00,-1.18,2 849.59,
2023.12.06 13:00:00,1138,DE40,buy,in,0.1,16576.30,1138,0.00,0.00,0.00,2 849.59,SimpleTrendline BUY #M26042502
2023.12.06 16:35:00,1139,TSLA.NAS,buy,out,35.8,244.29,1139,-0.72,0.00,-109.55,2 739.32,
2023.12.06 18:00:00,1140,XTIUSD,sell,in,0.5,70.20,1140,0.00,0.00,0.00,2 739.32,WP Sell #M20260533
2023.12.06 18:00:00,1141,XBRUSD,sell,in,0.5,75.34,1141,0.00,0.00,0.00,2 739.32,WP Sell #M20260534
2023.12.06 21:00:00,1142,NVDA.NAS,sell,out,23.8,45.98,1142,-0.48,0.00,16.90,2 755.74,
2023.12.06 21:00:00,1143,TSLA.NAS,sell,in,27.3,242.45,1143,-0.55,0.00,0.00,2 755.19,RSI Scalping Sell #M125421321
2023.12.06 21:00:00,1144,XAUUSD,buy,in,0.03,2030.71,1144,-0.11,0.00,0.00,2 755.08,United SuperEMA long #M940001
2023.12.06 21:15:04,1145,NVDA.NAS,sell,in,22.9,45.82,1145,-0.46,0.00,0.00,2 754.62,RSI Scalping Sell #M20003
2023.12.06 21:30:00,1146,NVDA.NAS,buy,out,22.9,45.81,1146,-0.46,0.00,0.23,2 754.39,
2023.12.06 22:00:02,1147,NVDA.NAS,sell,in,11.4,45.76,1147,-0.23,0.00,0.00,2 754.16,RSI Scalping Sell #M20003
2023.12.06 22:15:00,1148,NVDA.NAS,buy,out,11.4,45.65,1148,-0.23,0.00,1.25,2 755.18,
2023.12.06 22:15:00,1149,XAUUSD,sell,out,0.03,2027.92,1149,-0.11,0.00,-8.37,2 746.70,
2023.12.06 23:00:00,1150,XAUUSD,buy,in,0.06,2026.73,1150,-0.21,0.00,0.00,2 746.49,RSI Follow BUY #M1001
2023.12.06 23:00:00,1151,DE40,sell,out,0.1,16625.60,1151,0.00,0.00,5.30,2 751.79,
2023.12.06 23:30:02,1152,DE40,sell,in,0.1,16624.20,1152,0.00,0.00,0.00,2 751.79,SimpleTrendline SELL #M26042502
2023.12.06 23:45:05,1153,XAUUSD,sell,in,0.04,2024.94,1153,-0.14,0.00,0.00,2 751.65,United SuperEMA short #M940001
2023.12.07 01:15:06,1154,DE40,buy,out,0.1,16628.70,1154,0.00,-0.17,-0.48,2 751.00,
2023.12.07 02:30:00,1155,XAUUSD,buy,out,0.04,2027.86,1155,-0.14,5.37,-11.68,2 744.55,
2023.12.07 03:45:00,1156,XAUUSD,sell,in,0.04,2029.30,1156,-0.14,0.00,0.00,2 744.41,RSIConsolidation SELL #M2025042
2023.12.07 04:00:00,1157,XAUUSD,buy,out,0.04,2026.32,1157,-0.14,0.00,11.92,2 756.19,
2023.12.07 09:00:00,1158,XAUUSD,buy,in,0.02,2030.03,1158,-0.07,0.00,0.00,2 756.12,United SuperEMA long #M940001
2023.12.07 09:00:00,1159,XAUUSD,sell,in,0.04,2029.92,1159,-0.14,0.00,0.00,2 755.98,RSIConsolidation SELL #M2025042
2023.12.07 10:15:01,1160,DE40,sell,in,0.1,16618.10,1160,0.00,0.00,0.00,2 755.98,SimpleTrendline SELL #M26042502
2023.12.07 10:25:48,1161,XAUUSD,buy,out,0.04,2033.23,1161,-0.14,0.00,-13.24,2 742.60,sl 2033.16
2023.12.07 10:57:40,1162,XTIUSD,buy,out,0.5,70.04,1162,0.00,-7.28,8.00,2 743.32,sl 70.04
2023.12.07 11:00:00,1163,XAUUSD,buy,in,0.22,2033.08,1163,-0.77,0.00,0.00,2 742.55,RSI Scalping Buy #M129102315
2023.12.07 11:01:20,1164,XBRUSD,buy,out,0.5,75.09,1164,0.00,-5.66,12.50,2 749.39,sl 75.09
2023.12.07 11:09:29,1165,XAUUSD,sell,out,0.22,2032.84,1165,-0.77,0.00,-5.28,2 743.34,sl 2032.84
2023.12.07 11:30:01,1166,DE40,buy,out,0.1,16628.10,1166,0.00,0.00,-1.07,2 742.27,
2023.12.07 12:30:00,1167,DE40,buy,in,0.1,16630.60,1167,0.00,0.00,0.00,2 742.27,SimpleTrendline BUY #M26042502
2023.12.07 12:45:03,1168,DE40,sell,out,0.1,16621.10,1168,0.00,0.00,-1.02,2 741.25,
2023.12.07 13:15:01,1169,DE40,buy,in,0.1,16638.60,1169,0.00,0.00,0.00,2 741.25,SimpleTrendline BUY #M26042502
2023.12.07 13:30:00,1170,XAUUSD,sell,out,0.02,2031.54,1170,-0.07,0.00,3.02,2 744.20,
2023.12.07 13:45:20,1171,DE40,sell,out,0.1,16621.10,1171,0.00,0.00,-1.88,2 742.32,
2023.12.07 15:00:01,1172,DE40,sell,in,0.1,16615.10,1172,0.00,0.00,0.00,2 742.32,SimpleTrendline SELL #M26042502
2023.12.07 15:30:00,1173,DE40,buy,out,0.1,16625.10,1173,0.00,0.00,-1.07,2 741.25,
2023.12.07 15:45:00,1174,XAUUSD,buy,in,0.04,2037.26,1174,-0.14,0.00,0.00,2 741.11,United SuperEMA long #M940001
2023.12.07 16:15:09,1175,DE40,buy,in,0.1,16634.60,1175,0.00,0.00,0.00,2 741.11,SimpleTrendline BUY #M26042502
2023.12.07 16:16:38,1176,XAUUSD,sell,out,0.01,2032.32,1176,-0.04,-1.56,-1.83,2 737.68,sl 2032.36
2023.12.07 16:30:00,1177,XAUUSD,sell,out,0.04,2033.19,1177,-0.14,0.00,-16.28,2 721.26,
2023.12.07 16:45:00,1178,NVDA.NAS,buy,in,18.1,46.03,1178,-0.36,0.00,0.00,2 720.90,RSI Scalping Buy #M20003
2023.12.07 16:45:00,1179,DE40,sell,out,0.1,16624.10,1179,0.00,0.00,-1.13,2 719.77,
2023.12.07 17:00:01,1180,XAUUSD,sell,out,0.02,2026.52,1180,-0.07,-3.11,3.02,2 719.61,
2023.12.07 17:00:01,1181,XAUUSD,sell,in,0.01,2026.52,1181,-0.04,0.00,0.00,2 719.57,SimpleTrendline SELL #M26042503
2023.12.07 18:00:00,1182,XAUUSD,buy,out,0.01,2029.37,1182,-0.04,0.00,-2.85,2 716.68,
2023.12.07 18:00:01,1183,TSLA.NAS,buy,out,27.3,243.12,1183,-0.55,0.00,-18.29,2 697.84,
2023.12.07 19:00:00,1184,TSLA.NAS,sell,in,26.9,242.50,1184,-0.54,0.00,0.00,2 697.30,RSI Scalping Sell #M125421321
2023.12.07 19:15:00,1185,XAUUSD,sell,in,0.01,2020.81,1185,-0.04,0.00,0.00,2 697.26,United SuperEMA short #M940001
2023.12.07 20:15:00,1186,XAUUSD,buy,out,0.01,2030.95,1186,-0.04,0.00,-10.14,2 687.08,
2023.12.07 20:45:01,1187,XAUUSD,buy,in,0.01,2031.91,1187,-0.04,0.00,0.00,2 687.04,United SuperEMA long #M940001
2023.12.07 21:00:00,1188,EURUSD,buy,in,0.03,1.08052,1188,-0.11,0.00,0.00,2 686.93,WP Buy #M20260524
2023.12.07 21:13:12,1189,SOXX.NAS,buy,in,0.1,172.531,1189,-0.02,0.00,0.00,2 686.91,WP Buy #M20260532
2023.12.07 21:22:36,1190,SOXX.NAS,sell,out,0.1,172.856,1190,-0.02,0.00,0.03,2 686.92,sl 172.857
2023.12.07 22:08:54,1191,SOXX.NAS,buy,in,0.1,172.831,1191,-0.02,0.00,0.00,2 686.90,WP Buy #M20260532
2023.12.07 22:21:39,1192,SOXX.NAS,sell,out,0.1,172.824,1192,-0.02,0.00,0.00,2 686.88,sl 172.828
2023.12.07 23:00:00,1193,XAUUSD,sell,in,0.01,2029.48,1193,-0.04,0.00,0.00,2 686.84,SimpleTrendline SELL #M26042503
2023.12.07 23:30:00,1194,XAUUSD,sell,out,0.01,2028.59,1194,-0.04,0.00,-3.32,2 683.48,
2023.12.08 01:30:00,1195,XAUUSD,sell,in,0.02,2027.36,1195,-0.07,0.00,0.00,2 683.41,United SuperEMA short #M940001
2023.12.08 02:45:06,1196,XAUUSD,buy,out,0.02,2030.84,1196,-0.07,0.00,-6.96,2 676.38,
2023.12.08 03:00:00,1197,XAUUSD,buy,out,0.01,2031.25,1197,-0.04,0.45,-1.77,2 675.02,
2023.12.08 03:30:00,1198,DE40,buy,in,0.1,16655.30,1198,0.00,0.00,0.00,2 675.02,SimpleTrendline BUY #M26042502
2023.12.08 03:45:01,1199,XAUUSD,buy,in,0.01,2031.24,1199,-0.04,0.00,0.00,2 674.98,United SuperEMA long #M940001
2023.12.08 06:30:00,1200,XAUUSD,sell,out,0.01,2031.02,1200,-0.04,0.00,-0.22,2 674.72,
2023.12.08 09:00:00,1201,DE40,sell,out,0.1,16658.10,1201,0.00,0.00,0.30,2 675.02,
2023.12.08 10:00:00,1202,XAUUSD,buy,in,0.01,2030.89,1202,-0.04,0.00,0.00,2 674.98,SimpleTrendline BUY #M26042503
2023.12.08 10:45:00,1203,DE40,buy,in,0.1,16669.00,1203,0.00,0.00,0.00,2 674.98,SimpleTrendline BUY #M26042502
2023.12.08 11:00:00,1204,XAUUSD,sell,in,0.01,2028.26,1204,-0.04,0.00,0.00,2 674.94,United SuperEMA short #M940001
2023.12.08 11:00:01,1205,XAUUSD,sell,out,0.01,2028.26,1205,-0.04,0.00,-2.63,2 672.27,
2023.12.08 11:00:01,1206,XAUUSD,sell,in,0.01,2028.26,1206,-0.04,0.00,0.00,2 672.23,SimpleTrendline SELL #M26042503
2023.12.08 12:15:00,1207,XAUUSD,buy,out,0.01,2031.01,1207,-0.04,0.00,-2.75,2 669.44,
2023.12.08 14:00:01,1208,DE40,sell,out,0.1,16657.50,1208,0.00,0.00,-1.24,2 668.20,
2023.12.08 15:30:00,1209,DE40,buy,in,0.1,16684.60,1209,0.00,0.00,0.00,2 668.20,SimpleTrendline BUY #M26042502
2023.12.08 15:30:01,1210,EURUSD,sell,out,0.03,1.07530,1210,-0.11,-0.23,-15.66,2 652.20,sl 1.07552
2023.12.08 15:45:00,1211,XAUUSD,sell,in,0.01,2023.00,1211,-0.04,0.00,0.00,2 652.16,United SuperEMA short #M940001
2023.12.08 16:00:00,1212,XAUUSD,sell,out,0.06,2018.74,1212,-0.21,-12.45,-47.94,2 591.56,
2023.12.08 18:00:00,1213,TSLA.NAS,buy,out,26.9,245.24,1213,-0.54,0.00,-73.71,2 517.31,
2023.12.08 19:00:00,1214,TSLA.NAS,sell,in,25.1,241.92,1214,-0.50,0.00,0.00,2 516.81,RSI Scalping Sell #M125421321
2023.12.08 21:00:00,1215,TSLA.NAS,buy,out,25.1,243.48,1215,-0.50,0.00,-39.16,2 477.15,
2023.12.08 22:15:00,1216,XAUUSD,buy,out,0.01,2001.88,1216,-0.04,0.00,21.12,2 498.23,
2023.12.11 02:00:00,1217,XAUUSD,buy,out,0.01,2007.07,1217,-0.04,0.45,21.19,2 519.83,
2023.12.11 04:30:00,1218,XAUUSD,sell,in,0.01,1999.38,1218,-0.04,0.00,0.00,2 519.79,United SuperEMA short #M940001
2023.12.11 07:45:00,1219,XAUUSD,buy,out,0.01,1999.74,1219,-0.04,0.00,-0.36,2 519.39,
2023.12.11 09:30:00,1220,DE40,sell,out,0.1,16769.20,1220,0.00,-1.46,9.10,2 527.03,
2023.12.11 09:45:00,1221,DE40,sell,in,0.1,16764.20,1221,0.00,0.00,0.00,2 527.03,SimpleTrendline SELL #M26042502
2023.12.11 11:15:02,1222,DE40,buy,out,0.1,16759.20,1222,0.00,0.00,0.54,2 527.57,
2023.12.11 12:30:00,1223,DE40,sell,in,0.1,16759.70,1223,0.00,0.00,0.00,2 527.57,SimpleTrendline SELL #M26042502
2023.12.11 14:00:01,1224,DE40,buy,out,0.1,16762.20,1224,0.00,0.00,-0.27,2 527.30,
2023.12.11 16:00:00,1225,DE40,sell,in,0.1,16751.50,1225,0.00,0.00,0.00,2 527.30,SimpleTrendline SELL #M26042502
2023.12.11 16:30:00,1226,XAUUSD,sell,in,0.01,1990.38,1226,-0.04,0.00,0.00,2 527.26,United SuperEMA short #M940001
2023.12.11 17:00:00,1227,TSLA.NAS,sell,in,31.5,242.11,1227,-0.63,0.00,0.00,2 526.63,RSI Scalping Sell #M125421321
2023.12.11 17:00:00,1228,DE40,buy,out,0.1,16774.50,1228,0.00,0.00,-2.48,2 524.15,
2023.12.11 17:15:03,1229,DE40,buy,in,0.1,16788.00,1229,0.00,0.00,0.00,2 524.15,SimpleTrendline BUY #M26042502
2023.12.11 17:30:01,1230,NVDA.NAS,sell,out,18.1,46.23,1230,-0.36,-0.01,3.62,2 527.40,
2023.12.11 17:30:01,1231,DE40,sell,out,0.1,16774.00,1231,0.00,0.00,-1.51,2 525.89,
2023.12.11 20:00:00,1232,XAUUSD,sell,in,0.01,1976.82,1232,-0.04,0.00,0.00,2 525.85,SimpleTrendline SELL #M26042503
2023.12.11 20:15:00,1233,NVDA.NAS,buy,in,21,46.38,1233,-0.42,0.00,0.00,2 525.43,RSI Scalping Buy #M20003
2023.12.11 21:00:00,1234,XAUUSD,buy,out,0.01,1981.75,1234,-0.04,0.00,-4.93,2 520.46,
2023.12.11 21:15:00,1235,XAUUSD,buy,out,0.01,1981.82,1235,-0.04,0.00,8.56,2 528.98,
2023.12.12 04:00:00,1236,XAUUSD,sell,in,0.01,1983.22,1236,-0.04,0.00,0.00,2 528.94,SimpleTrendline SELL #M26042503
2023.12.12 07:26:07,1237,AUDUSD,sell,in,0.16,0.65954,1237,-0.56,0.00,0.00,2 528.38,RSI Overbought Crossover Sell #
2023.12.12 08:00:00,1238,AUDUSD,buy,out,0.16,0.65964,1238,-0.56,0.00,-1.60,2 526.22,
2023.12.12 08:00:00,1239,XAUUSD,buy,out,0.01,1987.60,1239,-0.04,0.00,-4.38,2 521.80,
2023.12.12 09:15:02,1240,DE40,buy,in,0.1,16833.60,1240,0.00,0.00,0.00,2 521.80,SimpleTrendline BUY #M26042502
2023.12.12 09:30:01,1241,DE40,sell,out,0.1,16822.50,1241,0.00,0.00,-1.19,2 520.61,
2023.12.12 11:00:00,1242,XAUUSD,sell,in,0.02,1983.77,1242,-0.07,0.00,0.00,2 520.54,United SuperEMA short #M940001
2023.12.12 11:00:00,1243,XAUUSD,sell,in,0.01,1983.78,1243,-0.04,0.00,0.00,2 520.50,SimpleTrendline SELL #M26042503
2023.12.12 12:30:00,1244,XAUUSD,buy,out,0.02,1986.72,1244,-0.07,0.00,-5.90,2 514.53,
2023.12.12 14:00:00,1245,XAUUSD,buy,out,0.01,1988.43,1245,-0.04,0.00,-4.65,2 509.84,
2023.12.12 14:00:00,1246,XAUUSD,buy,in,0.01,1988.43,1246,-0.04,0.00,0.00,2 509.80,SimpleTrendline BUY #M26042503
2023.12.12 15:45:01,1247,DE40,sell,in,0.1,16777.90,1247,0.00,0.00,0.00,2 509.80,SimpleTrendline SELL #M26042502
2023.12.12 16:00:00,1248,XAUUSD,sell,out,0.01,1984.50,1248,-0.04,0.00,-3.93,2 505.83,
2023.12.12 16:45:00,1249,XAUUSD,sell,in,0.01,1983.21,1249,-0.04,0.00,0.00,2 505.79,United SuperEMA short #M940001
2023.12.12 17:00:00,1250,DE40,buy,out,0.1,16793.30,1250,0.00,0.00,-1.66,2 504.13,
2023.12.12 18:00:00,1251,XBRUSD,sell,in,0.5,73.68,1251,0.00,0.00,0.00,2 504.13,WP Sell #M20260534
2023.12.12 18:00:00,1252,XTIUSD,sell,in,0.5,69.02,1252,0.00,0.00,0.00,2 504.13,WP Sell #M20260533
2023.12.12 18:00:02,1253,DE40,buy,in,0.1,16811.70,1253,0.00,0.00,0.00,2 504.13,SimpleTrendline BUY #M26042502
2023.12.12 18:15:00,1254,DE40,sell,out,0.1,16795.20,1254,0.00,0.00,-1.78,2 502.35,
2023.12.12 21:45:00,1255,XAUUSD,buy,out,0.01,1979.98,1255,-0.04,0.00,3.23,2 505.54,
2023.12.13 03:00:00,1256,XAUUSD,sell,in,0.01,1980.85,1256,-0.04,0.00,0.00,2 505.50,SimpleTrendline SELL #M26042503
2023.12.13 04:15:00,1257,XAUUSD,sell,in,0.02,1978.42,1257,-0.07,0.00,0.00,2 505.43,United SuperEMA short #M940001
2023.12.13 07:45:12,1258,XAUUSD,buy,out,0.02,1979.58,1258,-0.07,0.00,-2.32,2 503.04,
2023.12.13 08:00:03,1259,XAUUSD,sell,in,0.06,1978.79,1259,-0.21,0.00,0.00,2 502.83,EMA Cross Distance SELL #M1003
2023.12.13 08:15:00,1260,XAUUSD,sell,in,0.02,1977.19,1260,-0.07,0.00,0.00,2 502.76,United SuperEMA short #M940001
2023.12.13 09:45:00,1261,XAUUSD,buy,out,0.02,1980.57,1261,-0.07,0.00,-6.76,2 495.93,
2023.12.13 11:15:00,1262,XAUUSD,sell,in,0.04,1980.76,1262,-0.14,0.00,0.00,2 495.79,RSIConsolidation SELL #M2025042
2023.12.13 11:54:11,1263,XBRUSD,buy,out,0.5,73.27,1263,0.00,-5.66,20.50,2 510.63,sl 73.27
2023.12.13 12:00:00,1264,XAUUSD,buy,out,0.01,1982.58,1264,-0.04,0.00,-1.73,2 508.86,
2023.12.13 12:15:04,1265,DE40,buy,in,0.1,16826.80,1265,0.00,0.00,0.00,2 508.86,SimpleTrendline BUY #M26042502
2023.12.13 12:19:31,1266,XTIUSD,buy,out,0.5,68.66,1266,0.00,-7.28,18.00,2 519.58,sl 68.65
2023.12.13 12:30:00,1267,DE40,sell,out,0.1,16810.30,1267,0.00,0.00,-1.78,2 517.80,
2023.12.13 14:00:00,1268,XAUUSD,buy,out,0.06,1982.92,1268,-0.21,0.00,-24.78,2 492.81,
2023.12.13 14:00:01,1269,DE40,buy,in,0.1,16810.80,1269,0.00,0.00,0.00,2 492.81,SimpleTrendline BUY #M26042502
2023.12.13 14:15:00,1270,XAUUSD,buy,out,0.04,1981.61,1270,-0.14,0.00,-3.40,2 489.27,
2023.12.13 14:45:01,1271,DE40,sell,out,0.1,16802.30,1271,0.00,0.00,-0.91,2 488.36,
2023.12.13 16:00:00,1272,XAUUSD,buy,in,0.01,1984.47,1272,-0.04,0.00,0.00,2 488.32,SimpleTrendline BUY #M26042503
2023.12.13 16:35:00,1273,NVDA.NAS,sell,out,21,47.99,1273,-0.42,0.00,33.81,2 521.71,
2023.12.13 16:40:00,1274,AAPL.NAS,buy,in,10.5,196.194,1274,-0.21,0.00,0.00,2 521.50,RSI Scalping Buy #M20001
2023.12.13 16:41:12,1275,AAPL.NAS,sell,out,10.5,196.201,1275,-0.21,0.00,0.07,2 521.36,sl 196.209
2023.12.13 16:50:00,1276,AAPL.NAS,sell,in,10.5,195.915,1276,-0.21,0.00,0.00,2 521.15,RSI Scalping Sell #M20001
2023.12.13 16:55:11,1277,AAPL.NAS,buy,out,10.5,195.894,1277,-0.21,0.00,0.22,2 521.16,sl 195.892
2023.12.13 17:00:00,1278,DE40,sell,in,0.1,16798.60,1278,0.00,0.00,0.00,2 521.16,SimpleTrendline SELL #M26042502
2023.12.13 17:10:00,1279,AAPL.NAS,buy,in,10.5,196.352,1279,-0.21,0.00,0.00,2 520.95,RSI Scalping Buy #M20001
2023.12.13 17:30:01,1280,AAPL.NAS,sell,out,10.5,196.495,1280,-0.21,0.00,1.50,2 522.24,sl 196.498
2023.12.13 19:00:01,1281,TSLA.NAS,buy,out,31.5,229.61,1281,-0.63,0.00,393.75,2 915.36,
2023.12.13 20:00:00,1282,XAUUSD,sell,out,0.01,1982.19,1282,-0.04,0.00,-2.28,2 913.04,
2023.12.13 21:30:02,1283,DE40,buy,out,0.1,16815.10,1283,0.00,0.00,-1.78,2 911.26,
2023.12.13 22:00:00,1284,XAUUSD,buy,in,0.24,2013.75,1284,-0.84,0.00,0.00,2 910.42,RSI Scalping Buy #M129102315
2023.12.13 22:00:01,1285,AAPL.NAS,buy,in,12.1,197.951,1285,-0.24,0.00,0.00,2 910.18,RSI Scalping Buy #M20001
2023.12.13 22:00:01,1286,AAPL.NAS,buy,in,0.1,197.951,1286,-0.02,0.00,0.00,2 910.16,WP Buy #M20260528
2023.12.13 22:01:27,1287,XAUUSD,sell,out,0.24,2014.42,1287,-0.84,0.00,16.08,2 925.40,sl 2014.59
2023.12.13 22:07:37,1288,AAPL.NAS,sell,out,0.1,197.731,1288,-0.02,0.00,-0.02,2 925.36,sl 197.751
2023.12.13 23:00:00,1289,XAUUSD,buy,in,0.07,2023.68,1289,-0.25,0.00,0.00,2 925.11,RSI Follow BUY #M1001
2023.12.13 23:00:00,1290,BTCUSD,buy,in,0.24,42895.33,1290,0.00,0.00,0.00,2 925.11,RSI Scalping Buy #M123459123
2023.12.13 23:53:38,1291,BTCUSD,sell,out,0.24,42898.21,1291,0.00,0.00,0.69,2 925.80,sl 42900.66
2023.12.14 00:05:48,1292,AUDUSD,buy,in,0.04,0.66609,1292,-0.14,0.00,0.00,2 925.66,WP Buy #M20260525
2023.12.14 00:14:52,1293,EURUSD,buy,in,0.04,1.08778,1293,-0.14,0.00,0.00,2 925.52,WP Buy #M20260524
2023.12.14 07:00:01,1294,XAUUSD,buy,in,0.07,2031.31,1294,-0.25,0.00,0.00,2 925.27,RSI Reverse BUY #M1002
2023.12.14 09:23:38,1295,AUDUSD,sell,out,0.04,0.67046,1295,-0.14,0.00,17.48,2 942.61,sl 0.67046
2023.12.14 09:30:00,1296,XAUUSD,sell,in,0.04,2032.21,1296,-0.14,0.00,0.00,2 942.47,RSIConsolidation SELL #M2025042
2023.12.14 09:30:02,1297,XAUUSD,buy,out,0.04,2031.93,1297,-0.14,0.00,1.12,2 943.45,
2023.12.14 09:41:11,1298,EURUSD,sell,out,0.04,1.08852,1298,-0.14,0.00,2.96,2 946.27,sl 1.08854
2023.12.14 11:00:00,1299,XAUUSD,sell,in,0.04,2036.53,1299,-0.14,0.00,0.00,2 946.13,RSIConsolidation SELL #M2025042
2023.12.14 11:45:00,1300,XAUUSD,buy,out,0.04,2035.27,1300,-0.14,0.00,5.04,2 951.03,
2023.12.14 16:35:03,1301,AAPL.NAS,sell,out,12.1,199.132,1301,-0.24,0.00,14.29,2 965.08,sl 199.132
2023.12.14 16:36:36,1302,XAUUSD,buy,in,0.12,2046.54,1302,-0.42,0.00,0.00,2 964.66,Darvas Box Breakout #M135790
2023.12.14 16:40:00,1303,AAPL.NAS,buy,in,12.3,199.393,1303,-0.25,0.00,0.00,2 964.41,RSI Scalping Buy #M20001
2023.12.14 16:45:00,1304,XAUUSD,buy,in,0.02,2047.91,1304,-0.07,0.00,0.00,2 964.34,United SuperEMA long #M940001
2023.12.14 16:57:55,1305,AAPL.NAS,sell,out,12.3,199.422,1305,-0.25,0.00,0.36,2 964.45,sl 199.428
2023.12.14 17:00:00,1306,XAUUSD,buy,in,0.01,2043.44,1306,-0.04,0.00,0.00,2 964.41,SimpleTrendline BUY #M26042503
2023.12.14 17:00:11,1307,AAPL.NAS,buy,in,0.1,199.121,1307,-0.02,0.00,0.00,2 964.39,WP Buy #M20260528
2023.12.14 17:00:42,1308,AAPL.NAS,sell,out,0.1,198.918,1308,-0.02,0.00,-0.02,2 964.35,sl 198.921
2023.12.14 18:00:00,1309,EURUSD,buy,in,0.04,1.09935,1309,-0.14,0.00,0.00,2 964.21,WP Buy #M20260524
2023.12.14 18:00:00,1310,TSLA.NAS,buy,in,0.1,246.66,1310,-0.02,0.00,0.00,2 964.19,WP Buy #M20260530
2023.12.14 19:00:00,1311,XAUUSD,sell,in,0.24,2039.62,1311,-0.84,0.00,0.00,2 963.35,RSI Scalping Sell #M129102315
2023.12.14 19:05:03,1312,SOXX.NAS,buy,in,0.1,188.596,1312,-0.02,0.00,0.00,2 963.33,WP Buy #M20260532
2023.12.14 19:05:41,1313,XAUUSD,buy,out,0.24,2038.21,1313,-0.84,0.00,33.84,2 996.33,sl 2038.20
2023.12.14 19:15:00,1314,XAUUSD,sell,out,0.02,2039.07,1314,-0.07,0.00,-17.68,2 978.58,
2023.12.14 19:33:36,1315,TSLA.NAS,sell,out,0.1,252.66,1315,-0.02,0.00,0.60,2 979.16,tp 252.66
2023.12.14 19:37:09,1316,SOXX.NAS,sell,out,0.1,188.660,1316,-0.02,0.00,0.01,2 979.15,sl 188.662
2023.12.14 20:00:00,1317,NVDA.NAS,sell,in,24.8,47.84,1317,-0.50,0.00,0.00,2 978.65,RSI Scalping Sell #M20003
2023.12.14 20:00:00,1318,TSLA.NAS,buy,in,0.1,251.00,1318,-0.02,0.00,0.00,2 978.63,WP Buy #M20260530
2023.12.14 20:15:00,1319,NVDA.NAS,buy,out,24.8,47.55,1319,-0.50,0.00,7.19,2 985.32,
2023.12.14 20:18:08,1320,XAUUSD,sell,out,0.12,2029.80,1320,-0.42,0.00,-200.88,2 784.02,sl 2029.80
2023.12.14 20:24:38,1321,TSLA.NAS,sell,out,0.1,250.48,1321,-0.02,0.00,-0.05,2 783.95,sl 250.48
2023.12.14 21:00:01,1322,XAUUSD,sell,out,0.01,2031.18,1322,-0.04,0.00,-12.26,2 771.65,
2023.12.14 21:00:01,1323,XAUUSD,sell,in,0.01,2031.08,1323,-0.04,0.00,0.00,2 771.61,SimpleTrendline SELL #M26042503
2023.12.14 21:15:00,1324,NVDA.NAS,buy,in,23,47.89,1324,-0.46,0.00,0.00,2 771.15,RSI Scalping Buy #M20003
2023.12.14 22:00:00,1325,XAUUSD,buy,in,0.23,2033.29,1325,-0.81,0.00,0.00,2 770.34,RSI Scalping Buy #M129102315
2023.12.14 22:00:00,1326,XAUUSD,buy,out,0.01,2033.29,1326,-0.04,0.00,-2.21,2 768.09,
2023.12.14 22:06:45,1327,XAUUSD,sell,out,0.23,2033.76,1327,-0.81,0.00,10.81,2 778.09,sl 2033.87
2023.12.14 23:00:00,1328,XAUUSD,buy,in,0.01,2036.67,1328,-0.04,0.00,0.00,2 778.05,SimpleTrendline BUY #M26042503
2023.12.15 01:15:03,1329,XAUUSD,buy,in,0.02,2036.82,1329,-0.07,0.00,0.00,2 777.98,United SuperEMA long #M940001
2023.12.15 02:00:00,1330,XAUUSD,sell,out,0.01,2035.76,1330,-0.04,-0.52,-0.91,2 776.51,
2023.12.15 02:15:01,1331,XAUUSD,sell,out,0.02,2034.47,1331,-0.07,0.00,-4.70,2 771.74,
2023.12.15 03:00:00,1332,XAUUSD,sell,in,0.01,2032.92,1332,-0.04,0.00,0.00,2 771.70,SimpleTrendline SELL #M26042503
2023.12.15 04:45:02,1333,XAUUSD,buy,in,0.01,2037.38,1333,-0.04,0.00,0.00,2 771.66,United SuperEMA long #M940001
2023.12.15 05:00:14,1334,XAUUSD,buy,in,0.23,2035.88,1334,-0.81,0.00,0.00,2 770.85,RSI Scalping Buy #M129102315
2023.12.15 05:14:29,1335,XAUUSD,sell,out,0.23,2035.94,1335,-0.81,0.00,1.38,2 771.42,sl 2035.98
2023.12.15 07:00:01,1336,XAUUSD,buy,out,0.01,2036.73,1336,-0.04,0.00,-3.81,2 767.57,
2023.12.15 08:00:01,1337,XAUUSD,sell,out,0.01,2035.14,1337,-0.04,0.00,-2.24,2 765.29,
2023.12.15 14:56:33,1338,EURUSD,sell,out,0.04,1.09435,1338,-0.14,-0.30,-20.00,2 744.85,sl 1.09435
2023.12.15 20:30:00,1339,XAUUSD,sell,in,0.01,2021.62,1339,-0.04,0.00,0.00,2 744.81,United SuperEMA short #M940001
2023.12.18 02:30:00,1340,XAUUSD,buy,out,0.01,2019.34,1340,-0.04,0.45,2.28,2 747.50,
2023.12.18 03:45:00,1341,XAUUSD,sell,in,0.02,2020.86,1341,-0.07,0.00,0.00,2 747.43,RSIConsolidation SELL #M2025042
2023.12.18 04:00:00,1342,XAUUSD,buy,out,0.02,2019.45,1342,-0.07,0.00,2.82,2 750.18,
2023.12.18 05:45:01,1343,XAUUSD,sell,in,0.04,2023.09,1343,-0.14,0.00,0.00,2 750.04,RSIConsolidation SELL #M2025042
2023.12.18 08:00:03,1344,XAUUSD,sell,in,0.01,2023.12,1344,-0.04,0.00,0.00,2 750.00,SimpleTrendline SELL #M26042503
2023.12.18 08:15:01,1345,XAUUSD,buy,out,0.04,2022.29,1345,-0.14,0.00,3.20,2 753.06,
2023.12.18 09:15:00,1346,XAUUSD,sell,in,0.04,2023.93,1346,-0.14,0.00,0.00,2 752.92,RSIConsolidation SELL #M2025042
2023.12.18 10:00:00,1347,XAUUSD,buy,out,0.04,2023.25,1347,-0.14,0.00,2.72,2 755.50,
2023.12.18 11:45:04,1348,XAUUSD,sell,in,0.04,2024.64,1348,-0.14,0.00,0.00,2 755.36,RSIConsolidation SELL #M2025042
2023.12.18 12:00:00,1349,XAUUSD,buy,out,0.04,2023.05,1349,-0.14,0.00,6.36,2 761.58,
2023.12.18 16:00:00,1350,XAUUSD,sell,in,0.04,2025.80,1350,-0.14,0.00,0.00,2 761.44,RSIConsolidation SELL #M2025042
2023.12.18 16:00:00,1351,XAUUSD,buy,out,0.01,2025.84,1351,-0.04,0.00,-2.72,2 758.68,
2023.12.18 16:15:01,1352,XAUUSD,buy,out,0.04,2023.65,1352,-0.14,0.00,8.60,2 767.14,
2023.12.18 16:30:00,1353,XAUUSD,sell,in,0.04,2023.20,1353,-0.14,0.00,0.00,2 767.00,RSIConsolidation SELL #M2025042
2023.12.18 16:30:01,1354,XAUUSD,buy,out,0.04,2023.20,1354,-0.14,0.00,0.00,2 766.86,
2023.12.18 20:00:00,1355,XAUUSD,buy,in,0.23,2033.67,1355,-0.81,0.00,0.00,2 766.05,RSI Scalping Buy #M129102315
2023.12.18 22:00:02,1356,DE40,sell,in,0.1,16676.40,1356,0.00,0.00,0.00,2 766.05,SimpleTrendline SELL #M26042502
2023.12.18 22:15:13,1357,DE40,buy,out,0.1,16685.60,1357,0.00,0.00,-1.01,2 765.04,
2023.12.18 22:30:01,1358,DE40,buy,in,0.1,16688.10,1358,0.00,0.00,0.00,2 765.04,SimpleTrendline BUY #M26042502
2023.12.18 22:45:13,1359,DE40,sell,out,0.1,16680.90,1359,0.00,0.00,-0.79,2 764.25,
2023.12.19 03:15:00,1360,XAUUSD,sell,in,0.02,2026.95,1360,-0.07,0.00,0.00,2 764.18,RSIConsolidation SELL #M2025042
2023.12.19 03:15:02,1361,XAUUSD,buy,out,0.02,2027.02,1361,-0.07,0.00,-0.14,2 763.97,
2023.12.19 04:00:00,1362,BTCUSD,buy,in,0.05,43301.93,1362,0.00,0.00,0.00,2 763.97,RSI Scalping Buy #M123459123
2023.12.19 04:00:13,1363,BTCUSD,sell,out,0.05,43331.03,1363,0.00,0.00,1.46,2 765.43,sl 43331.37
2023.12.19 04:30:00,1364,DE40,buy,in,0.1,16687.10,1364,0.00,0.00,0.00,2 765.43,SimpleTrendline BUY #M26042502
2023.12.19 05:00:00,1365,XAUUSD,sell,out,0.23,2024.59,1365,-0.81,-11.93,-208.84,2 543.85,
2023.12.19 05:45:05,1366,DE40,sell,out,0.1,16682.60,1366,0.00,0.00,-0.49,2 543.36,
2023.12.19 08:45:02,1367,DE40,sell,in,0.1,16658.10,1367,0.00,0.00,0.00,2 543.36,SimpleTrendline SELL #M26042502
2023.12.19 10:00:00,1368,XAUUSD,sell,in,0.04,2024.82,1368,-0.14,0.00,0.00,2 543.22,RSIConsolidation SELL #M2025042
2023.12.19 10:00:00,1369,XAUUSD,buy,out,0.04,2024.96,1369,-0.14,0.00,-0.56,2 542.52,
2023.12.19 10:15:00,1370,DE40,buy,out,0.1,16691.90,1370,0.00,0.00,-3.70,2 538.82,
2023.12.19 11:15:01,1371,DE40,buy,in,0.1,16698.70,1371,0.00,0.00,0.00,2 538.82,SimpleTrendline BUY #M26042502
2023.12.19 11:45:00,1372,XAUUSD,sell,in,0.03,2026.93,1372,-0.11,0.00,0.00,2 538.71,RSIConsolidation SELL #M2025042
2023.12.19 12:30:00,1373,XAUUSD,buy,out,0.03,2026.17,1373,-0.11,0.00,2.28,2 540.88,
2023.12.19 14:45:01,1374,XAUUSD,sell,in,0.04,2028.38,1374,-0.14,0.00,0.00,2 540.74,RSIConsolidation SELL #M2025042
2023.12.19 15:00:00,1375,XAUUSD,buy,in,0.21,2029.57,1375,-0.74,0.00,0.00,2 540.00,RSI Scalping Buy #M129102315
2023.12.19 15:06:34,1376,XAUUSD,sell,out,0.21,2030.17,1376,-0.74,0.00,12.60,2 551.86,sl 2030.25
2023.12.19 15:17:03,1377,XAUUSD,buy,out,0.04,2031.68,1377,-0.14,0.00,-13.20,2 538.52,sl 2031.52
2023.12.19 17:00:00,1378,AUDUSD,buy,in,0.03,0.67656,1378,-0.11,0.00,0.00,2 538.41,WP Buy #M20260525
2023.12.19 20:00:00,1379,XAUUSD,sell,in,0.21,2040.46,1379,-0.74,0.00,0.00,2 537.67,RSI Scalping Sell #M129102315
2023.12.19 20:15:14,1380,XAUUSD,buy,out,0.21,2037.87,1380,-0.74,0.00,54.39,2 591.32,sl 2037.76
2023.12.20 05:00:00,1381,XAUUSD,buy,in,0.01,2040.07,1381,-0.04,0.00,0.00,2 591.28,SimpleTrendline BUY #M26042503
2023.12.20 06:15:00,1382,XAUUSD,buy,in,0.01,2040.55,1382,-0.04,0.00,0.00,2 591.24,United SuperEMA long #M940001
2023.12.20 06:45:01,1383,XAUUSD,sell,in,0.04,2040.60,1383,-0.14,0.00,0.00,2 591.10,RSIConsolidation SELL #M2025042
2023.12.20 07:15:06,1384,XAUUSD,buy,out,0.04,2040.01,1384,-0.14,0.00,2.36,2 593.32,
2023.12.20 07:30:02,1385,XAUUSD,sell,in,0.04,2040.28,1385,-0.14,0.00,0.00,2 593.18,RSIConsolidation SELL #M2025042
2023.12.20 08:04:01,1386,XAUUSD,buy,out,0.04,2041.70,1386,-0.14,0.00,-5.68,2 587.36,sl 2041.65
2023.12.20 08:30:04,1387,DE40,sell,out,0.1,16759.80,1387,0.00,-0.49,6.69,2 593.56,
2023.12.20 08:45:02,1388,XAUUSD,sell,in,0.04,2040.95,1388,-0.14,0.00,0.00,2 593.42,RSIConsolidation SELL #M2025042
2023.12.20 09:26:04,1389,XAUUSD,buy,out,0.04,2043.24,1389,-0.14,0.00,-9.16,2 584.12,sl 2043.24
2023.12.20 10:15:00,1390,XAUUSD,sell,out,0.01,2039.87,1390,-0.04,0.00,-0.68,2 583.40,
2023.12.20 10:30:01,1391,XAUUSD,sell,in,0.04,2041.19,1391,-0.14,0.00,0.00,2 583.26,RSIConsolidation SELL #M2025042
2023.12.20 10:30:01,1392,DE40,buy,in,0.1,16788.60,1392,0.00,0.00,0.00,2 583.26,SimpleTrendline BUY #M26042502
2023.12.20 10:30:01,1393,XAUUSD,buy,out,0.04,2041.25,1393,-0.14,0.00,-0.24,2 582.88,
2023.12.20 10:45:00,1394,DE40,sell,out,0.1,16765.60,1394,0.00,0.00,-2.52,2 580.36,
2023.12.20 13:00:00,1395,XAUUSD,sell,out,0.01,2036.01,1395,-0.04,0.00,-4.06,2 576.26,
2023.12.20 16:00:00,1396,BTCUSD,buy,in,0.17,43788.82,1396,0.00,0.00,0.00,2 576.26,RSI Scalping Buy #M123459123
2023.12.20 16:01:11,1397,BTCUSD,sell,out,0.17,43803.80,1397,0.00,0.00,2.55,2 578.81,sl 43823.86
2023.12.20 16:50:00,1398,AAPL.NAS,buy,in,10.7,197.657,1398,-0.21,0.00,0.00,2 578.60,RSI Scalping Buy #M20001
2023.12.20 18:00:02,1399,AAPL.NAS,sell,out,10.7,197.385,1399,-0.21,0.00,-2.91,2 575.48,
2023.12.20 22:00:00,1400,TSLA.NAS,sell,in,3.2,249.36,1400,-0.06,0.00,0.00,2 575.42,RSI Scalping Sell #M125421321
2023.12.20 22:00:00,1401,XAUUSD,sell,in,0.01,2032.35,1401,-0.04,0.00,0.00,2 575.38,SimpleTrendline SELL #M26042503
2023.12.20 22:30:01,1402,NVDA.NAS,sell,out,23,48.36,1402,-0.46,-0.01,10.81,2 585.72,
2023.12.20 22:59:52,1403,AUDUSD,sell,out,0.03,0.67253,1403,-0.11,-0.06,-12.09,2 573.46,sl 0.67255
2023.12.20 23:00:00,1404,XAUUSD,sell,in,0.01,2029.80,1404,-0.04,0.00,0.00,2 573.42,United SuperEMA short #M940001
2023.12.21 02:00:01,1405,XAUUSD,buy,out,0.01,2032.26,1405,-0.04,1.34,0.09,2 574.81,
2023.12.21 02:15:02,1406,XAUUSD,buy,out,0.01,2033.41,1406,-0.04,1.34,-3.61,2 572.50,
2023.12.21 04:45:03,1407,XAUUSD,sell,in,0.04,2036.43,1407,-0.14,0.00,0.00,2 572.36,RSIConsolidation SELL #M2025042
2023.12.21 07:45:00,1408,XAUUSD,buy,out,0.04,2036.36,1408,-0.14,0.00,0.28,2 572.50,
2023.12.21 08:45:11,1409,DE40,sell,in,0.1,16650.40,1409,0.00,0.00,0.00,2 572.50,SimpleTrendline SELL #M26042502
2023.12.21 09:30:01,1410,DE40,buy,out,0.1,16663.10,1410,0.00,0.00,-1.39,2 571.11,
2023.12.21 09:45:03,1411,DE40,buy,in,0.1,16672.20,1411,0.00,0.00,0.00,2 571.11,SimpleTrendline BUY #M26042502
2023.12.21 12:00:02,1412,DE40,sell,out,0.1,16655.50,1412,0.00,0.00,-1.83,2 569.28,
2023.12.21 16:00:00,1413,XAUUSD,buy,in,0.21,2041.95,1413,-0.74,0.00,0.00,2 568.54,RSI Scalping Buy #M129102315
2023.12.21 16:03:12,1414,XAUUSD,sell,out,0.21,2042.54,1414,-0.74,0.00,12.39,2 580.19,sl 2042.56
2023.12.21 16:45:00,1415,NVDA.NAS,buy,in,21.5,48.81,1415,-0.43,0.00,0.00,2 579.76,RSI Scalping Buy #M20003
2023.12.21 19:00:00,1416,XAUUSD,sell,in,0.04,2041.73,1416,-0.14,0.00,0.00,2 579.62,RSIConsolidation SELL #M2025042
2023.12.21 19:00:00,1417,AUDUSD,buy,in,0.03,0.67892,1417,-0.11,0.00,0.00,2 579.51,WP Buy #M20260525
2023.12.21 19:30:00,1418,DE40,buy,in,0.1,16668.00,1418,0.00,0.00,0.00,2 579.51,SimpleTrendline BUY #M26042502
2023.12.21 20:00:00,1419,XAUUSD,buy,out,0.04,2041.11,1419,-0.14,0.00,2.48,2 581.85,
2023.12.21 22:00:00,1420,XAUUSD,buy,in,0.21,2044.00,1420,-0.74,0.00,0.00,2 581.11,RSI Scalping Buy #M129102315
2023.12.21 22:05:36,1421,XAUUSD,sell,out,0.21,2044.42,1421,-0.74,0.00,8.82,2 589.19,sl 2044.45
2023.12.21 22:30:00,1422,XAUUSD,sell,in,0.04,2043.77,1422,-0.14,0.00,0.00,2 589.05,RSIConsolidation SELL #M2025042
2023.12.22 01:02:00,1423,XAUUSD,buy,out,0.04,2047.50,1423,-0.14,1.79,-14.92,2 575.78,sl 2047.04
2023.12.22 02:00:01,1424,XAUUSD,buy,in,0.01,2053.12,1424,-0.04,0.00,0.00,2 575.74,SimpleTrendline BUY #M26042503
2023.12.22 02:00:01,1425,XAUUSD,buy,in,0.01,2053.13,1425,-0.04,0.00,0.00,2 575.70,WP Buy #M20260526
2023.12.22 03:00:00,1426,XAUUSD,sell,in,0.21,2048.26,1426,-0.74,0.00,0.00,2 574.96,RSI Scalping Sell #M129102315
2023.12.22 03:00:00,1427,XAUUSD,sell,out,0.01,2048.29,1427,-0.04,0.00,-4.83,2 570.09,
2023.12.22 03:01:41,1428,XAUUSD,buy,out,0.21,2047.86,1428,-0.74,0.00,8.40,2 577.75,sl 2047.70
2023.12.22 04:00:00,1429,DE40,sell,out,0.1,16688.00,1429,0.00,-0.49,2.19,2 579.45,
2023.12.22 05:15:03,1430,DE40,buy,in,0.1,16707.00,1430,0.00,0.00,0.00,2 579.45,SimpleTrendline BUY #M26042502
2023.12.22 05:30:19,1431,DE40,sell,out,0.1,16695.00,1431,0.00,0.00,-1.31,2 578.14,
2023.12.22 15:00:22,1432,XAUUSD,sell,out,0.01,2058.52,1432,-0.04,0.00,5.39,2 583.49,sl 2058.56
2023.12.22 15:32:35,1433,AUDUSD,sell,out,0.03,0.67916,1433,-0.11,-0.06,0.72,2 584.04,sl 0.67917
2023.12.22 15:48:10,1434,XAUUSD,buy,in,0.1,2066.09,1434,-0.35,0.00,0.00,2 583.69,Darvas Box Breakout #M135790
2023.12.22 16:00:01,1435,XAUUSD,buy,in,0.01,2067.43,1435,-0.04,0.00,0.00,2 583.65,United SuperEMA long #M940001
2023.12.22 16:35:00,1436,TSLA.NAS,buy,out,3.2,256.63,1436,-0.06,0.00,-23.26,2 560.33,
2023.12.22 17:45:01,1437,XAUUSD,sell,out,0.01,2062.49,1437,-0.04,0.00,-4.94,2 555.35,
2023.12.22 18:00:01,1438,XAUUSD,sell,in,0.21,2060.91,1438,-0.74,0.00,0.00,2 554.61,RSI Scalping Sell #M129102315
2023.12.22 18:00:43,1439,XAUUSD,buy,out,0.21,2061.12,1439,-0.74,0.00,-4.41,2 549.46,sl 2061.07
2023.12.22 20:00:00,1440,XAUUSD,buy,in,0.01,2055.62,1440,-0.04,0.00,0.00,2 549.42,SimpleTrendline BUY #M26042503
2023.12.22 21:00:00,1441,TSLA.NAS,sell,in,3.1,254.69,1441,-0.06,0.00,0.00,2 549.36,RSI Scalping Sell #M125421321
2023.12.26 02:00:00,1442,XAUUSD,sell,out,0.01,2054.96,1442,-0.04,-0.52,-0.66,2 548.14,
2023.12.26 03:15:00,1443,XAUUSD,buy,in,0.01,2057.02,1443,-0.04,0.00,0.00,2 548.10,United SuperEMA long #M940001
2023.12.26 04:00:05,1444,XAUUSD,buy,in,0.16,2063.44,1444,-0.56,0.00,0.00,2 547.54,RSI Scalping Buy #M129102315
2023.12.26 04:03:56,1445,XAUUSD,sell,out,0.16,2063.19,1445,-0.56,0.00,-4.00,2 542.98,sl 2063.26
2023.12.26 07:45:01,1446,XAUUSD,sell,out,0.01,2061.56,1446,-0.04,0.00,4.54,2 547.48,
2023.12.26 12:00:03,1447,XAUUSD,buy,in,0.01,2061.99,1447,-0.04,0.00,0.00,2 547.44,SimpleTrendline BUY #M26042503
2023.12.26 16:00:01,1448,XAUUSD,sell,out,0.01,2059.09,1448,-0.04,0.00,-2.90,2 544.50,
2023.12.26 18:00:05,1449,TSLA.NAS,buy,out,3.1,256.12,1449,-0.06,0.00,-4.43,2 540.01,
2023.12.26 21:15:01,1450,XAUUSD,buy,in,0.01,2059.43,1450,-0.04,0.00,0.00,2 539.97,United SuperEMA long #M940001
2023.12.26 23:00:00,1451,XAUUSD,buy,in,0.21,2068.37,1451,-0.74,0.00,0.00,2 539.23,RSI Scalping Buy #M129102315
2023.12.26 23:25:29,1452,XAUUSD,sell,out,0.21,2068.16,1452,-0.74,0.00,-4.41,2 534.08,sl 2068.25
2023.12.27 02:30:23,1453,XAUUSD,sell,out,0.01,2065.00,1453,-0.04,-1.04,5.57,2 538.57,
2023.12.27 07:00:03,1454,XAUUSD,buy,in,0.21,2065.81,1454,-0.74,0.00,0.00,2 537.83,RSI Scalping Buy #M129102315
2023.12.27 07:00:04,1455,XAUUSD,buy,in,0.01,2065.81,1455,-0.04,0.00,0.00,2 537.79,SimpleTrendline BUY #M26042503
2023.12.27 07:30:11,1456,XAUUSD,sell,out,0.21,2065.52,1456,-0.74,0.00,-6.09,2 530.96,sl 2065.53
2023.12.27 10:00:00,1457,XAUUSD,buy,in,0.21,2066.20,1457,-0.74,0.00,0.00,2 530.22,RSI Scalping Buy #M129102315
2023.12.27 10:12:09,1458,XAUUSD,sell,out,0.21,2067.57,1458,-0.74,0.00,28.77,2 558.25,sl 2067.58
2023.12.27 10:15:00,1459,XAUUSD,buy,in,0.02,2066.81,1459,-0.07,0.00,0.00,2 558.18,United SuperEMA long #M940001
2023.12.27 12:30:00,1460,XAUUSD,sell,out,0.02,2063.78,1460,-0.07,0.00,-6.06,2 552.05,
2023.12.27 14:00:00,1461,XAUUSD,buy,in,0.21,2068.25,1461,-0.74,0.00,0.00,2 551.31,RSI Scalping Buy #M129102315
2023.12.27 14:31:38,1462,XAUUSD,sell,out,0.21,2069.53,1462,-0.74,0.00,26.88,2 577.45,sl 2069.54
2023.12.27 14:45:00,1463,XAUUSD,buy,in,0.02,2069.55,1463,-0.07,0.00,0.00,2 577.38,United SuperEMA long #M940001
2023.12.27 15:00:00,1464,XAUUSD,sell,out,0.02,2067.68,1464,-0.07,0.00,-3.74,2 573.57,
2023.12.27 16:15:03,1465,XAUUSD,buy,in,0.02,2068.88,1465,-0.07,0.00,0.00,2 573.50,United SuperEMA long #M940001
2023.12.27 19:00:00,1466,XAUUSD,buy,in,0.01,2081.82,1466,-0.04,0.00,0.00,2 573.46,WP Buy #M20260526
2023.12.27 19:00:00,1467,TSLA.NAS,buy,in,0.1,262.73,1467,-0.02,0.00,0.00,2 573.44,WP Buy #M20260530
2023.12.27 20:45:00,1468,XAUUSD,sell,out,0.02,2076.40,1468,-0.07,0.00,15.04,2 588.41,
2023.12.27 21:00:00,1469,XAUUSD,sell,in,0.21,2078.48,1469,-0.74,0.00,0.00,2 587.67,RSI Scalping Sell #M129102315
2023.12.27 21:00:00,1470,XTIUSD,sell,in,0.5,74.00,1470,0.00,0.00,0.00,2 587.67,WP Sell #M20260533
2023.12.27 21:00:00,1471,XBRUSD,sell,in,0.5,79.52,1471,0.00,0.00,0.00,2 587.67,WP Sell #M20260534
2023.12.27 21:06:06,1472,XAUUSD,buy,out,0.21,2076.99,1472,-0.74,0.00,31.29,2 618.22,sl 2076.93
2023.12.28 08:00:14,1473,XAUUSD,sell,in,0.21,2085.60,1473,-0.74,0.00,0.00,2 617.48,RSI Scalping Sell #M129102315
2023.12.28 08:15:17,1474,XAUUSD,buy,out,0.21,2085.39,1474,-0.74,0.00,4.41,2 621.15,sl 2085.39
2023.12.28 10:15:44,1475,XAUUSD,sell,out,0.01,2080.91,1475,-0.04,-1.56,-0.91,2 618.64,sl 2080.96
2023.12.28 11:00:00,1476,XAUUSD,sell,out,0.01,2077.47,1476,-0.04,-1.56,11.66,2 628.70,
2023.12.28 14:15:00,1477,XAUUSD,sell,in,0.02,2073.90,1477,-0.07,0.00,0.00,2 628.63,United SuperEMA short #M940001
2023.12.28 15:30:00,1478,XAUUSD,buy,out,0.02,2077.36,1478,-0.07,0.00,-6.92,2 621.64,
2023.12.28 15:56:58,1479,XTIUSD,buy,out,0.5,73.46,1479,0.00,-7.28,27.00,2 641.36,sl 73.45
2023.12.28 16:04:07,1480,XBRUSD,buy,out,0.5,79.12,1480,0.00,-5.66,20.00,2 655.70,sl 79.12
2023.12.28 16:50:09,1481,TSLA.NAS,sell,out,0.1,262.49,1481,-0.02,0.00,-0.02,2 655.66,sl 262.53
2023.12.28 19:00:00,1482,XAUUSD,sell,in,0.01,2074.47,1482,-0.04,0.00,0.00,2 655.62,SimpleTrendline SELL #M26042503
2023.12.28 19:00:00,1483,TSLA.NAS,sell,in,3.3,258.81,1483,-0.07,0.00,0.00,2 655.55,RSI Scalping Sell #M125421321
2023.12.28 20:00:01,1484,XBRUSD,sell,in,0.5,78.02,1484,0.00,0.00,0.00,2 655.55,WP Sell #M20260534
2023.12.28 21:00:00,1485,XTIUSD,sell,in,0.5,71.80,1485,0.00,0.00,0.00,2 655.55,WP Sell #M20260533
2023.12.28 21:30:02,1486,XAUUSD,sell,in,0.02,2069.50,1486,-0.07,0.00,0.00,2 655.48,United SuperEMA short #M940001
2023.12.29 02:00:00,1487,XAUUSD,buy,out,0.01,2066.88,1487,-0.04,0.45,7.59,2 663.48,
2023.12.29 02:30:00,1488,XAUUSD,buy,out,0.02,2067.53,1488,-0.07,0.90,3.94,2 668.25,
2023.12.29 05:00:01,1489,XAUUSD,sell,in,0.01,2068.56,1489,-0.04,0.00,0.00,2 668.21,SimpleTrendline SELL #M26042503
2023.12.29 08:00:01,1490,XAUUSD,sell,in,0.04,2072.28,1490,-0.14,0.00,0.00,2 668.07,RSIConsolidation SELL #M2025042
2023.12.29 08:00:01,1491,XAUUSD,buy,out,0.01,2072.32,1491,-0.04,0.00,-3.76,2 664.27,
2023.12.29 08:00:01,1492,XAUUSD,buy,in,0.01,2072.37,1492,-0.04,0.00,0.00,2 664.23,SimpleTrendline BUY #M26042503
2023.12.29 09:09:03,1493,XAUUSD,buy,out,0.04,2074.45,1493,-0.14,0.00,-8.68,2 655.41,sl 2074.45
2023.12.29 11:00:00,1494,XAUUSD,sell,out,0.01,2068.72,1494,-0.04,0.00,-3.65,2 651.72,
2023.12.29 11:15:00,1495,XAUUSD,sell,in,0.02,2068.61,1495,-0.07,0.00,0.00,2 651.65,United SuperEMA short #M940001
2023.12.29 14:30:00,1496,XAUUSD,buy,out,0.02,2067.49,1496,-0.07,0.00,2.24,2 653.82,
2023.12.29 16:00:00,1497,XAUUSD,sell,out,0.07,2059.29,1497,-0.25,-65.37,249.27,2 837.47,
2023.12.29 16:00:00,1498,XAUUSD,sell,in,0.04,2059.29,1498,-0.14,0.00,0.00,2 837.33,United SuperEMA short #M940001
2023.12.29 17:49:36,1499,BTCUSD,buy,in,0.01,42413.12,1499,0.00,0.00,0.00,2 837.33,WP Buy #M20260527
2023.12.29 18:00:00,1500,XAUUSD,buy,out,0.04,2064.90,1500,-0.14,0.00,-22.44,2 814.75,
2023.12.29 18:00:01,1501,TSLA.NAS,buy,out,3.3,249.69,1501,-0.07,0.00,30.10,2 844.78,
2023.12.29 18:05:13,1502,XBRUSD,buy,out,0.5,77.77,1502,0.00,-5.66,12.50,2 851.62,sl 77.77
2023.12.29 18:45:00,1503,NVDA.NAS,sell,out,21.5,48.92,1503,-0.43,-0.02,2.37,2 853.54,
2023.12.29 19:06:29,1504,BTCUSD,sell,out,0.01,41897.31,1504,0.00,0.00,-5.16,2 848.38,sl 41898.83
2023.12.29 19:45:01,1505,NVDA.NAS,buy,in,23.7,49.10,1505,-0.47,0.00,0.00,2 847.91,RSI Scalping Buy #M20003
2023.12.29 20:00:00,1506,XAUUSD,buy,in,0.01,2066.69,1506,-0.04,0.00,0.00,2 847.87,SimpleTrendline BUY #M26042503
2023.12.29 20:15:00,1507,XAUUSD,sell,in,0.04,2064.53,1507,-0.14,0.00,0.00,2 847.73,RSIConsolidation SELL #M2025042
2023.12.29 20:15:01,1508,XAUUSD,buy,out,0.04,2064.70,1508,-0.14,0.00,-0.68,2 846.91,
2023.12.29 23:00:00,1509,XAUUSD,buy,in,0.07,2063.37,1509,-0.25,0.00,0.00,2 846.66,RSI Follow BUY #M1001
2023.12.29 23:00:00,1510,XAUUSD,sell,out,0.01,2063.21,1510,-0.04,0.00,-3.48,2 843.14,
2024.01.02 01:00:52,1511,XTIUSD,buy,out,0.5,72.01,1511,0.00,-29.11,-10.50,2 803.53,sl 72.00
2024.01.02 02:00:00,1512,BTCUSD,buy,in,0.18,44224.31,1512,0.00,0.00,0.00,2 803.53,RSI Scalping Buy #M123459123
2024.01.02 02:01:24,1513,BTCUSD,sell,out,0.18,44229.29,1513,0.00,0.00,0.90,2 804.43,sl 44229.61
2024.01.02 03:00:00,1514,XAUUSD,buy,in,0.01,2065.58,1514,-0.04,0.00,0.00,2 804.39,SimpleTrendline BUY #M26042503
2024.01.02 04:15:15,1515,XAUUSD,sell,in,0.04,2064.74,1515,-0.14,0.00,0.00,2 804.25,RSIConsolidation SELL #M2025042
2024.01.02 04:15:16,1516,XAUUSD,buy,out,0.04,2064.79,1516,-0.14,0.00,-0.20,2 803.91,
2024.01.02 06:45:00,1517,XAUUSD,sell,in,0.04,2070.03,1517,-0.14,0.00,0.00,2 803.77,RSIConsolidation SELL #M2025042
2024.01.02 07:46:06,1518,XAUUSD,buy,out,0.04,2072.74,1518,-0.14,0.00,-10.84,2 792.79,sl 2072.71
2024.01.02 08:00:02,1519,XAUUSD,buy,in,0.23,2074.80,1519,-0.81,0.00,0.00,2 791.98,RSI Scalping Buy #M129102315
2024.01.02 08:23:43,1520,XAUUSD,sell,out,0.23,2075.99,1520,-0.81,0.00,27.37,2 818.54,sl 2075.99
2024.01.02 10:15:00,1521,XAUUSD,sell,in,0.04,2074.13,1521,-0.14,0.00,0.00,2 818.40,RSIConsolidation SELL #M2025042
2024.01.02 10:30:00,1522,XAUUSD,buy,out,0.04,2072.78,1522,-0.14,0.00,5.40,2 823.66,
2024.01.02 12:30:00,1523,XAUUSD,sell,in,0.04,2074.76,1523,-0.14,0.00,0.00,2 823.52,RSIConsolidation SELL #M2025042
2024.01.02 12:30:01,1524,XAUUSD,buy,out,0.04,2074.91,1524,-0.14,0.00,-0.60,2 822.78,
2024.01.02 15:00:00,1525,XAUUSD,sell,out,0.01,2067.94,1525,-0.04,0.00,2.36,2 825.10,
2024.01.02 17:30:01,1526,NVDA.NAS,sell,out,23.7,47.65,1526,-0.47,-0.01,-34.37,2 790.25,
2024.01.02 18:00:00,1527,XAUUSD,sell,out,0.07,2059.48,1527,-0.25,-3.63,-27.23,2 759.14,
2024.01.02 18:00:00,1528,XAUUSD,sell,out,0.07,2059.42,1528,-0.25,-58.10,196.77,2 897.56,
2024.01.02 19:00:00,1529,NVDA.NAS,buy,in,24.1,48.23,1529,-0.48,0.00,0.00,2 897.08,RSI Scalping Buy #M20003
2024.01.02 19:00:00,1530,XTIUSD,sell,in,0.5,70.71,1530,0.00,0.00,0.00,2 897.08,WP Sell #M20260533
2024.01.02 19:00:00,1531,XBRUSD,sell,in,0.5,76.35,1531,0.00,0.00,0.00,2 897.08,WP Sell #M20260534
2024.01.02 19:15:03,1532,DE40,buy,in,0.1,16783.10,1532,0.00,0.00,0.00,2 897.08,SimpleTrendline BUY #M26042502
2024.01.02 19:30:01,1533,DE40,sell,out,0.1,16774.40,1533,0.00,0.00,-0.95,2 896.13,
2024.01.03 02:00:00,1534,XAUUSD,buy,in,0.04,2059.81,1534,-0.14,0.00,0.00,2 895.99,RSI Follow BUY #M1001
2024.01.03 03:00:01,1535,XAUUSD,sell,in,0.01,2060.24,1535,-0.04,0.00,0.00,2 895.95,RSIConsolidation SELL #M2025042
2024.01.03 03:00:04,1536,XAUUSD,buy,out,0.01,2060.32,1536,-0.04,0.00,-0.08,2 895.83,
2024.01.03 03:45:00,1537,XAUUSD,sell,in,0.02,2061.42,1537,-0.07,0.00,0.00,2 895.76,RSIConsolidation SELL #M2025042
2024.01.03 04:38:54,1538,XAUUSD,buy,out,0.02,2064.72,1538,-0.07,0.00,-6.60,2 889.09,sl 2064.69
2024.01.03 07:00:00,1539,XAUUSD,sell,in,0.07,2064.86,1539,-0.25,0.00,0.00,2 888.84,RSI Reverse SELL #M1002
2024.01.03 07:00:00,1540,XAUUSD,buy,out,0.07,2064.90,1540,-0.25,0.00,-0.28,2 888.31,
2024.01.03 07:30:00,1541,XAUUSD,sell,in,0.01,2063.69,1541,-0.04,0.00,0.00,2 888.27,RSIConsolidation SELL #M2025042
2024.01.03 07:30:01,1542,XAUUSD,buy,out,0.01,2063.79,1542,-0.04,0.00,-0.10,2 888.13,
2024.01.03 09:00:00,1543,DE40,sell,in,0.1,16723.90,1543,0.00,0.00,0.00,2 888.13,SimpleTrendline SELL #M26042502
2024.01.03 09:15:06,1544,DE40,buy,out,0.1,16731.70,1544,0.00,0.00,-0.85,2 887.28,
2024.01.03 11:39:59,1545,XBRUSD,buy,out,0.5,75.70,1545,0.00,-11.32,32.50,2 908.46,sl 75.70
2024.01.03 12:00:00,1546,XAUUSD,sell,out,0.04,2056.75,1546,-0.14,0.00,-12.24,2 896.08,
2024.01.03 12:15:13,1547,XAUUSD,buy,in,0.01,2055.79,1547,-0.04,0.00,0.00,2 896.04,RSIConsolidation BUY #M20250420
2024.01.03 13:12:45,1548,XTIUSD,buy,out,0.5,70.08,1548,0.00,-14.55,31.50,2 912.99,sl 70.08
2024.01.03 13:33:30,1549,XAUUSD,sell,out,0.01,2051.03,1549,-0.04,0.00,-4.76,2 908.19,sl 2051.40
2024.01.03 13:41:47,1550,XAUUSD,sell,out,0.1,2049.14,1550,-0.35,-51.90,-169.50,2 686.44,sl 2049.43
2024.01.08 17:15:00,1551,NVDA.NAS,sell,out,24.1,51.41,1551,-0.48,-0.02,76.64,2 762.58,
2024.01.08 19:00:02,1552,XTIUSD,sell,in,0.5,70.22,1552,0.00,0.00,0.00,2 762.58,WP Sell #M20260533
2024.01.08 20:00:00,1553,BTCUSD,buy,in,0.23,45735.60,1553,0.00,0.00,0.00,2 762.58,RSI Scalping Buy #M123459123
2024.01.08 20:00:08,1554,BTCUSD,sell,out,0.23,45769.76,1554,0.00,0.00,7.86,2 770.44,sl 45771.61
2024.01.08 21:00:00,1555,XAUUSD,sell,in,0.01,2026.57,1555,-0.04,0.00,0.00,2 770.40,SimpleTrendline SELL #M26042503
2024.01.08 21:12:52,1556,BTCUSD,buy,in,0.01,47304.63,1556,0.00,0.00,0.00,2 770.40,WP Buy #M20260527
2024.01.08 21:27:48,1557,BTCUSD,sell,out,0.01,46813.83,1557,0.00,0.00,-4.91,2 765.49,sl 46817.00
2024.01.08 22:00:00,1558,XAUUSD,buy,out,0.01,2029.44,1558,-0.04,0.00,-2.87,2 762.58,
2024.01.08 22:00:00,1559,AAPL.NAS,buy,in,0.1,185.183,1559,-0.02,0.00,0.00,2 762.56,WP Buy #M20260528
2024.01.08 22:28:13,1560,AAPL.NAS,sell,out,0.1,185.288,1560,-0.02,0.00,0.01,2 762.55,sl 185.288
2024.01.08 23:00:00,1561,XAUUSD,sell,in,0.01,2027.28,1561,-0.04,0.00,0.00,2 762.51,SimpleTrendline SELL #M26042503
2024.01.09 02:00:00,1562,XAUUSD,buy,in,0.06,2030.90,1562,-0.21,0.00,0.00,2 762.30,RSI Follow BUY #M1001
2024.01.09 02:00:00,1563,XAUUSD,buy,out,0.01,2030.90,1563,-0.04,0.45,-3.62,2 759.09,
2024.01.09 11:20:20,1564,XTIUSD,buy,out,0.5,71.73,1564,0.00,-7.28,-75.50,2 676.31,sl 71.72
2024.01.10 09:00:00,1565,XAUUSD,sell,out,0.06,2024.56,1565,-0.21,-3.11,-38.04,2 634.95,
2024.02.01 06:30:00,1566,DE40,sell,in,0.1,16858.60,1566,0.00,0.00,0.00,2 634.95,SimpleTrendline SELL #M26042502
2024.02.01 08:15:01,1567,DE40,buy,out,0.1,16859.10,1567,0.00,0.00,-0.05,2 634.90,
2024.02.01 18:00:00,1568,TSLA.NAS,sell,in,0.1,184.54,1568,-0.02,0.00,0.00,2 634.88,WP Sell #M20260530
2024.02.01 19:00:00,1569,EURUSD,buy,in,0.03,1.08649,1569,-0.11,0.00,0.00,2 634.77,WP Buy #M20260524
2024.02.01 19:48:19,1570,TSLA.NAS,buy,out,0.1,187.56,1570,-0.02,0.00,-0.30,2 634.45,sl 187.54
2024.02.01 22:00:02,1571,XTIUSD,sell,in,0.5,74.10,1571,0.00,0.00,0.00,2 634.45,WP Sell #M20260533
2024.02.02 04:03:17,1572,AUDUSD,sell,in,0.14,0.65944,1572,-0.49,0.00,0.00,2 633.96,RSI Overbought Crossover Sell #
2024.02.02 08:00:00,1573,AUDUSD,buy,out,0.14,0.65937,1573,-0.49,0.00,0.98,2 634.45,
2024.02.02 15:30:02,1574,EURUSD,sell,out,0.03,1.08578,1574,-0.11,-0.23,-2.13,2 631.98,sl 1.08675
2024.02.02 17:00:00,1575,XBRUSD,sell,in,0.5,77.59,1575,0.00,0.00,0.00,2 631.98,WP Sell #M20260534
2024.02.02 17:22:11,1576,XTIUSD,buy,out,0.5,72.68,1576,0.00,-7.28,71.00,2 695.70,sl 72.68
2024.02.02 18:00:00,1577,AUDUSD,sell,in,0.04,0.65193,1577,-0.14,0.00,0.00,2 695.56,WP Sell #M20260525
2024.02.02 18:00:00,1578,XTIUSD,sell,in,0.5,72.15,1578,0.00,0.00,0.00,2 695.56,WP Sell #M20260533
2024.02.05 00:21:59,1579,AUDUSD,buy,out,0.04,0.65264,1579,-0.14,-0.18,-2.84,2 692.40,sl 0.65264
2024.02.05 01:13:34,1580,AUDUSD,buy,in,0.1,0.64947,1580,-0.35,0.00,0.00,2 692.05,RSI Oversold Crossover Buy #M30
2024.02.05 02:00:00,1581,XAUUSD,sell,in,0.02,2039.35,1581,-0.07,0.00,0.00,2 691.98,RSIConsolidation SELL #M2025042
2024.02.05 02:00:00,1582,XAUUSD,sell,in,0.01,2039.33,1582,-0.04,0.00,0.00,2 691.94,SimpleTrendline SELL #M26042503
2024.02.05 02:15:00,1583,XAUUSD,buy,out,0.02,2037.68,1583,-0.07,0.00,3.34,2 695.21,
2024.02.05 03:00:00,1584,XAUUSD,buy,in,0.06,2035.78,1584,-0.21,0.00,0.00,2 695.00,RSI Follow BUY #M1001
2024.02.05 05:00:00,1585,XAUUSD,sell,out,0.06,2033.55,1585,-0.21,0.00,-13.38,2 681.41,
2024.02.05 05:30:00,1586,XAUUSD,sell,in,0.04,2031.21,1586,-0.14,0.00,0.00,2 681.27,United SuperEMA short #M940001
2024.02.05 07:00:00,1587,XAUUSD,sell,in,0.06,2031.78,1587,-0.21,0.00,0.00,2 681.06,RSI Reverse SELL #M1002
2024.02.05 07:45:18,1588,AUDUSD,sell,out,0.1,0.65118,1588,-0.35,0.00,17.10,2 697.81,
2024.02.05 13:15:00,1589,XAUUSD,buy,out,0.04,2025.70,1589,-0.14,0.00,22.04,2 719.71,
2024.02.05 14:30:00,1590,XAUUSD,sell,in,0.04,2025.37,1590,-0.14,0.00,0.00,2 719.57,RSIConsolidation SELL #M2025042
2024.02.05 14:30:00,1591,XAUUSD,buy,out,0.04,2025.37,1591,-0.14,0.00,0.00,2 719.43,
2024.02.05 15:30:00,1592,XAUUSD,sell,in,0.04,2017.13,1592,-0.14,0.00,0.00,2 719.29,United SuperEMA short #M940001
2024.02.05 15:59:42,1593,XTIUSD,buy,out,0.5,72.41,1593,0.00,-21.83,-13.00,2 684.46,sl 72.41
2024.02.05 16:45:00,1594,XAUUSD,buy,in,0.04,2018.01,1594,-0.14,0.00,0.00,2 684.32,RSIConsolidation BUY #M20250420
2024.02.05 17:00:00,1595,XAUUSD,sell,out,0.04,2018.97,1595,-0.14,0.00,3.84,2 688.02,
2024.02.05 18:30:00,1596,XAUUSD,buy,out,0.04,2020.46,1596,-0.14,0.00,-13.32,2 674.56,
2024.02.05 18:30:00,1597,DE40,sell,in,0.2,16888.30,1597,0.00,0.00,0.00,2 674.56,SimpleTrendline SELL #M26042502
2024.02.05 18:45:00,1598,DE40,buy,out,0.2,16902.50,1598,0.00,0.00,-3.08,2 671.48,
2024.02.05 19:15:07,1599,DE40,buy,in,0.2,16913.00,1599,0.00,0.00,0.00,2 671.48,SimpleTrendline BUY #M26042502
2024.02.05 20:00:01,1600,XAUUSD,buy,out,0.01,2025.79,1600,-0.04,0.00,13.54,2 684.98,
2024.02.05 22:15:01,1601,DE40,sell,out,0.2,16917.30,1601,0.00,0.00,0.93,2 685.91,
2024.02.06 08:00:00,1602,XAUUSD,buy,out,0.06,2029.59,1602,-0.21,2.69,13.14,2 701.53,
2024.02.06 15:00:38,1603,XBRUSD,buy,out,0.5,79.11,1603,0.00,-22.65,-76.00,2 602.88,sl 79.11
2024.02.06 17:30:01,1604,NVDA.NAS,sell,in,21.6,67.88,1604,-0.43,0.00,0.00,2 602.45,RSI Scalping Sell #M20003
2024.02.06 18:00:01,1605,NVDA.NAS,buy,out,21.6,67.89,1605,-0.43,0.00,-0.22,2 601.80,
2024.02.06 18:00:01,1606,NVDA.NAS,sell,in,21.6,67.85,1606,-0.43,0.00,0.00,2 601.37,RSI Scalping Sell #M20003
2024.02.06 18:15:01,1607,NVDA.NAS,buy,out,21.6,67.71,1607,-0.43,0.00,3.02,2 603.96,
2024.02.06 18:30:01,1608,NVDA.NAS,buy,in,21.6,67.98,1608,-0.43,0.00,0.00,2 603.53,RSI Scalping Buy #M20003
2024.02.06 19:45:01,1609,NVDA.NAS,sell,out,21.6,67.03,1609,-0.43,0.00,-20.52,2 582.58,
2024.02.06 20:00:00,1610,NVDA.NAS,sell,in,21.5,66.55,1610,-0.43,0.00,0.00,2 582.15,RSI Scalping Sell #M20003
2024.02.06 20:15:04,1611,NVDA.NAS,buy,out,21.5,66.67,1611,-0.43,0.00,-2.58,2 579.14,
2024.02.06 20:30:01,1612,NVDA.NAS,buy,in,21.4,67.00,1612,-0.43,0.00,0.00,2 578.71,RSI Scalping Buy #M20003
2024.02.07 03:49:10,1613,AUDUSD,sell,in,0.17,0.65382,1613,-0.60,0.00,0.00,2 578.11,RSI Overbought Crossover Sell #
2024.02.07 07:45:03,1614,DE40,buy,in,0.2,17041.60,1614,0.00,0.00,0.00,2 578.11,SimpleTrendline BUY #M26042502
2024.02.07 08:00:00,1615,AUDUSD,buy,out,0.17,0.65297,1615,-0.60,0.00,14.45,2 591.96,
2024.02.07 08:30:00,1616,DE40,sell,out,0.2,17025.10,1616,0.00,0.00,-3.58,2 588.38,
2024.02.07 10:15:00,1617,DE40,sell,in,0.2,17002.80,1617,0.00,0.00,0.00,2 588.38,SimpleTrendline SELL #M26042502
2024.02.07 23:00:00,1618,BTCUSD,buy,in,0.21,44139.08,1618,0.00,0.00,0.00,2 588.38,RSI Scalping Buy #M123459123
2024.02.07 23:00:10,1619,BTCUSD,sell,out,0.21,44153.25,1619,0.00,0.00,2.98,2 591.36,sl 44154.54
2024.02.08 04:15:03,1620,DE40,buy,out,0.2,16952.50,1620,0.00,-0.34,10.92,2 601.94,
2024.02.08 04:43:22,1621,EURUSD,sell,in,0.1,1.07832,1621,-0.35,0.00,0.00,2 601.59,RSI Overbought Crossover Sell #
2024.02.08 06:00:00,1622,DE40,sell,in,0.2,16939.00,1622,0.00,0.00,0.00,2 601.59,SimpleTrendline SELL #M26042502
2024.02.08 06:30:24,1623,DE40,buy,out,0.2,16946.50,1623,0.00,0.00,-1.62,2 599.97,
2024.02.08 06:55:55,1624,EURUSD,buy,out,0.1,1.07807,1624,-0.35,0.00,2.50,2 602.12,
2024.02.08 07:45:05,1625,DE40,sell,in,0.1,16935.00,1625,0.00,0.00,0.00,2 602.12,SimpleTrendline SELL #M26042502
2024.02.08 08:00:00,1626,BTCUSD,buy,in,0.21,44560.00,1626,0.00,0.00,0.00,2 602.12,RSI Scalping Buy #M123459123
2024.02.08 08:15:01,1627,DE40,buy,out,0.1,16948.00,1627,0.00,0.00,-1.40,2 600.72,
2024.02.08 08:30:15,1628,BTCUSD,sell,out,0.21,44559.96,1628,0.00,0.00,-0.01,2 600.71,sl 44564.14
2024.02.08 11:00:02,1629,BTCUSD,buy,in,0.21,44732.65,1629,0.00,0.00,0.00,2 600.71,RSI Scalping Buy #M123459123
2024.02.08 11:00:20,1630,BTCUSD,sell,out,0.21,44731.18,1630,0.00,0.00,-0.31,2 600.40,sl 44734.18
2024.02.08 13:00:00,1631,BTCUSD,buy,in,0.21,44828.99,1631,0.00,0.00,0.00,2 600.40,RSI Scalping Buy #M123459123
2024.02.08 13:10:15,1632,BTCUSD,sell,out,0.21,44828.26,1632,0.00,0.00,-0.15,2 600.25,sl 44830.28
2024.02.08 16:00:00,1633,BTCUSD,buy,in,0.17,45004.49,1633,0.00,0.00,0.00,2 600.25,RSI Scalping Buy #M123459123
2024.02.08 16:04:39,1634,BTCUSD,sell,out,0.17,45078.21,1634,0.00,0.00,12.53,2 612.78,sl 45085.71
2024.02.09 05:00:00,1635,BTCUSD,buy,in,0.21,46305.35,1635,0.00,0.00,0.00,2 612.78,RSI Scalping Buy #M123459123
2024.02.09 05:00:12,1636,BTCUSD,sell,out,0.21,46310.01,1636,0.00,0.00,0.98,2 613.76,sl 46319.77
2024.02.09 11:00:01,1637,BTCUSD,buy,in,0.21,46669.31,1637,0.00,0.00,0.00,2 613.76,RSI Scalping Buy #M123459123
2024.02.09 11:00:04,1638,BTCUSD,sell,out,0.21,46671.88,1638,0.00,0.00,0.54,2 614.30,sl 46672.05
2024.02.09 13:00:00,1639,BTCUSD,buy,in,0.21,46807.49,1639,0.00,0.00,0.00,2 614.30,RSI Scalping Buy #M123459123
2024.02.09 13:03:17,1640,BTCUSD,sell,out,0.21,46799.90,1640,0.00,0.00,-1.59,2 612.71,sl 46813.73
2024.02.09 20:00:00,1641,BTCUSD,buy,in,0.21,47687.56,1641,0.00,0.00,0.00,2 612.71,RSI Scalping Buy #M123459123
2024.02.09 20:00:33,1642,BTCUSD,sell,out,0.21,47715.18,1642,0.00,0.00,5.80,2 618.51,sl 47716.26
2024.02.12 01:47:12,1643,EURUSD,sell,in,0.1,1.07963,1643,-0.35,0.00,0.00,2 618.16,RSI Overbought Crossover Sell #
2024.02.12 05:23:45,1644,EURUSD,buy,out,0.1,1.07939,1644,-0.35,0.00,2.40,2 620.21,
2024.02.12 18:00:00,1645,BTCUSD,buy,in,0.21,49981.54,1645,0.00,0.00,0.00,2 620.21,RSI Scalping Buy #M123459123
2024.02.12 18:00:00,1646,TSLA.NAS,sell,in,32.7,190.63,1646,-0.65,0.00,0.00,2 619.56,RSI Scalping Sell #M125421321
2024.02.12 18:00:02,1647,BTCUSD,sell,out,0.21,49981.88,1647,0.00,0.00,0.07,2 619.63,sl 49983.96
2024.02.12 21:30:00,1648,NVDA.NAS,sell,out,21.4,72.11,1648,-0.43,-0.01,109.35,2 728.54,
2024.02.12 21:45:00,1649,NVDA.NAS,buy,in,22.7,72.38,1649,-0.45,0.00,0.00,2 728.09,RSI Scalping Buy #M20003
2024.02.13 01:45:06,1650,DE40,buy,in,0.1,17000.30,1650,0.00,0.00,0.00,2 728.09,SimpleTrendline BUY #M26042502
2024.02.13 03:16:24,1651,DE40,sell,out,0.1,16991.00,1651,0.00,0.00,-1.00,2 727.09,
2024.02.13 08:30:10,1652,DE40,buy,in,0.1,17005.50,1652,0.00,0.00,0.00,2 727.09,SimpleTrendline BUY #M26042502
2024.02.13 09:00:00,1653,DE40,sell,out,0.1,16990.50,1653,0.00,0.00,-1.62,2 725.47,
2024.02.13 17:00:00,1654,TSLA.NAS,sell,in,0.1,186.30,1654,-0.02,0.00,0.00,2 725.45,WP Sell #M20260530
2024.02.13 18:00:00,1655,EURUSD,sell,in,0.04,1.07169,1655,-0.14,0.00,0.00,2 725.31,WP Sell #M20260524
2024.02.13 18:00:00,1656,AUDUSD,sell,in,0.04,0.64604,1656,-0.14,0.00,0.00,2 725.17,WP Sell #M20260525
2024.02.13 22:00:00,1657,TSLA.NAS,buy,out,32.7,182.70,1657,-0.65,0.00,259.31,2 983.83,
2024.02.14 07:52:18,1658,AUDUSD,buy,out,0.04,0.64669,1658,-0.14,-0.18,-2.60,2 980.91,sl 0.64669
2024.02.14 12:00:00,1659,BTCUSD,buy,in,0.24,51589.76,1659,0.00,0.00,0.00,2 980.91,RSI Scalping Buy #M123459123
2024.02.14 12:00:04,1660,BTCUSD,sell,out,0.24,51600.77,1660,0.00,0.00,2.64,2 983.55,sl 51603.07
2024.02.14 14:00:00,1661,BTCUSD,buy,in,0.24,51581.31,1661,0.00,0.00,0.00,2 983.55,RSI Scalping Buy #M123459123
2024.02.14 14:00:02,1662,BTCUSD,sell,out,0.24,51590.42,1662,0.00,0.00,2.19,2 985.74,sl 51598.37
2024.02.14 16:35:00,1663,TSLA.NAS,buy,out,0.1,186.20,1663,-0.02,0.00,0.01,2 985.73,sl 183.93
2024.02.14 17:32:56,1664,EURUSD,buy,out,0.04,1.07252,1664,-0.14,0.07,-3.32,2 982.34,sl 1.07251
2024.02.14 21:00:00,1665,XTIUSD,sell,in,0.5,77.07,1665,0.00,0.00,0.00,2 982.34,WP Sell #M20260533
2024.02.15 02:06:06,1666,EURUSD,sell,in,0.12,1.07330,1666,-0.42,0.00,0.00,2 981.92,RSI Overbought Crossover Sell #
2024.02.15 03:00:01,1667,BTCUSD,buy,in,0.24,52372.08,1667,0.00,0.00,0.00,2 981.92,RSI Scalping Buy #M123459123
2024.02.15 03:00:10,1668,BTCUSD,sell,out,0.24,52394.43,1668,0.00,0.00,5.36,2 987.28,sl 52397.31
2024.02.15 03:11:17,1669,EURUSD,buy,out,0.12,1.07294,1669,-0.42,0.00,4.32,2 991.18,
2024.02.15 16:00:00,1670,XTIUSD,buy,out,0.5,76.75,1670,0.00,-7.28,16.00,2 999.90,sl 76.70
2024.02.15 17:45:00,1671,DE40,buy,in,0.1,17051.50,1671,0.00,0.00,0.00,2 999.90,SimpleTrendline BUY #M26042502
2024.02.15 18:15:01,1672,DE40,sell,out,0.1,17036.50,1672,0.00,0.00,-1.61,2 998.29,
2024.02.15 18:45:00,1673,DE40,buy,in,0.1,17064.40,1673,0.00,0.00,0.00,2 998.29,SimpleTrendline BUY #M26042502
2024.02.15 20:00:00,1674,TSLA.NAS,buy,in,37.4,195.92,1674,-0.75,0.00,0.00,2 997.54,RSI Scalping Buy #M125421321
2024.02.16 02:46:13,1675,DE40,sell,out,0.1,17088.20,1675,0.00,-0.48,2.55,2 999.61,
2024.02.16 11:00:01,1676,DE40,buy,in,0.1,17155.50,1676,0.00,0.00,0.00,2 999.61,SimpleTrendline BUY #M26042502
2024.02.16 14:45:00,1677,DE40,sell,out,0.1,17153.70,1677,0.00,0.00,-0.19,2 999.42,
2024.02.16 16:00:01,1678,DE40,buy,in,0.1,17135.70,1678,0.00,0.00,0.00,2 999.42,SimpleTrendline BUY #M26042502
2024.02.16 16:15:00,1679,DE40,sell,out,0.1,17120.20,1679,0.00,0.00,-1.66,2 997.76,
2024.02.16 17:00:00,1680,TSLA.NAS,sell,out,37.4,198.56,1680,-0.75,-0.01,98.74,3 095.74,
2024.02.16 18:00:00,1681,TSLA.NAS,buy,in,38.6,200.35,1681,-0.77,0.00,0.00,3 094.97,RSI Scalping Buy #M125421321
2024.02.16 20:00:00,1682,TSLA.NAS,sell,out,38.6,199.97,1682,-0.77,0.00,-14.67,3 079.53,
2024.02.19 10:45:01,1683,DE40,sell,in,0.1,17066.00,1683,0.00,0.00,0.00,3 079.53,SimpleTrendline SELL #M26042502
2024.02.19 17:00:01,1684,DE40,buy,out,0.1,17076.90,1684,0.00,0.00,-1.17,3 078.36,
2024.02.20 01:30:00,1685,DE40,sell,in,0.1,17060.50,1685,0.00,0.00,0.00,3 078.36,SimpleTrendline SELL #M26042502
2024.02.20 03:30:00,1686,DE40,buy,out,0.1,17070.20,1686,0.00,0.00,-1.04,3 077.32,
2024.02.20 09:00:00,1687,DE40,sell,in,0.1,17049.70,1687,0.00,0.00,0.00,3 077.32,SimpleTrendline SELL #M26042502
2024.02.20 09:15:00,1688,DE40,buy,out,0.1,17056.90,1688,0.00,0.00,-0.77,3 076.55,
2024.02.20 12:00:01,1689,DE40,buy,in,0.1,17056.00,1689,0.00,0.00,0.00,3 076.55,SimpleTrendline BUY #M26042502
2024.02.20 13:00:00,1690,DE40,sell,out,0.1,17049.00,1690,0.00,0.00,-0.75,3 075.80,
2024.02.20 13:30:02,1691,DE40,sell,in,0.1,17045.50,1691,0.00,0.00,0.00,3 075.80,SimpleTrendline SELL #M26042502
2024.02.20 13:45:01,1692,DE40,buy,out,0.1,17059.00,1692,0.00,0.00,-1.45,3 074.35,
2024.02.20 14:00:00,1693,DE40,buy,in,0.1,17062.00,1693,0.00,0.00,0.00,3 074.35,SimpleTrendline BUY #M26042502
2024.02.20 15:00:00,1694,DE40,sell,out,0.1,17074.50,1694,0.00,0.00,1.34,3 075.69,
2024.02.20 16:15:00,1695,DE40,sell,in,0.1,17045.00,1695,0.00,0.00,0.00,3 075.69,SimpleTrendline SELL #M26042502
2024.02.20 16:36:44,1696,NVDA.NAS,sell,out,22.7,70.60,1696,-0.45,-0.01,-40.41,3 034.82,sl 70.61
2024.02.20 17:00:01,1697,TSLA.NAS,sell,in,37.9,193.08,1697,-0.76,0.00,0.00,3 034.06,RSI Scalping Sell #M125421321
2024.02.20 17:30:00,1698,DE40,buy,out,0.1,17061.60,1698,0.00,0.00,-1.78,3 032.28,
2024.02.20 17:45:00,1699,DE40,buy,in,0.1,17061.60,1699,0.00,0.00,0.00,3 032.28,SimpleTrendline BUY #M26042502
2024.02.20 19:15:01,1700,DE40,sell,out,0.1,17043.30,1700,0.00,0.00,-1.96,3 030.32,
2024.02.20 20:30:00,1701,DE40,sell,in,0.1,17039.80,1701,0.00,0.00,0.00,3 030.32,SimpleTrendline SELL #M26042502
2024.02.20 20:45:01,1702,DE40,buy,out,0.1,17052.50,1702,0.00,0.00,-1.36,3 028.96,
2024.02.20 21:00:00,1703,NVDA.NAS,buy,in,10,68.74,1703,-0.20,0.00,0.00,3 028.76,RSI Scalping Buy #M20003
2024.02.20 21:45:00,1704,DE40,buy,in,0.1,17060.00,1704,0.00,0.00,0.00,3 028.76,SimpleTrendline BUY #M26042502
2024.02.21 03:30:01,1705,DE40,sell,out,0.1,17059.60,1705,0.00,-0.48,-0.04,3 028.24,
2024.02.21 03:45:01,1706,DE40,buy,in,0.1,17073.60,1706,0.00,0.00,0.00,3 028.24,SimpleTrendline BUY #M26042502
2024.02.21 04:00:02,1707,DE40,sell,out,0.1,17065.60,1707,0.00,0.00,-0.86,3 027.38,
2024.02.21 05:17:46,1708,EURUSD,sell,in,0.1,1.08179,1708,-0.35,0.00,0.00,3 027.03,RSI Overbought Crossover Sell #
2024.02.21 06:21:15,1709,EURUSD,buy,out,0.1,1.08143,1709,-0.35,0.00,3.60,3 030.28,
2024.02.21 07:30:05,1710,DE40,buy,in,0.1,17069.60,1710,0.00,0.00,0.00,3 030.28,SimpleTrendline BUY #M26042502
2024.02.21 16:30:01,1711,DE40,sell,out,0.1,17099.00,1711,0.00,0.00,3.18,3 033.46,
2024.02.21 16:35:00,1712,TSLA.NAS,buy,out,37.9,195.87,1712,-0.76,0.00,-105.74,2 926.96,
2024.02.21 17:00:00,1713,DE40,buy,in,0.1,17127.50,1713,0.00,0.00,0.00,2 926.96,SimpleTrendline BUY #M26042502
2024.02.21 17:30:00,1714,DE40,sell,out,0.1,17104.50,1714,0.00,0.00,-2.49,2 924.47,
2024.02.21 17:45:00,1715,NVDA.NAS,sell,out,10,68.00,1715,-0.20,0.00,-7.40,2 916.87,
2024.02.21 18:00:01,1716,TSLA.NAS,sell,in,36.4,194.97,1716,-0.73,0.00,0.00,2 916.14,RSI Scalping Sell #M125421321
2024.02.21 18:15:00,1717,NVDA.NAS,buy,in,2.4,68.29,1717,-0.05,0.00,0.00,2 916.09,RSI Scalping Buy #M20003
2024.02.21 19:45:02,1718,NVDA.NAS,sell,out,2.4,67.17,1718,-0.05,0.00,-2.69,2 913.35,
2024.02.21 20:00:00,1719,NVDA.NAS,buy,in,1.9,67.38,1719,-0.04,0.00,0.00,2 913.31,RSI Scalping Buy #M20003
2024.02.21 23:30:01,1720,DE40,buy,in,0.1,17211.70,1720,0.00,0.00,0.00,2 913.31,SimpleTrendline BUY #M26042502
2024.02.22 02:19:43,1721,EURUSD,sell,in,0.09,1.08259,1721,-0.32,0.00,0.00,2 912.99,RSI Overbought Crossover Sell #
2024.02.22 03:00:00,1722,XAUUSD,buy,in,0.01,2026.55,1722,-0.04,0.00,0.00,2 912.95,SimpleTrendline BUY #M26042503
2024.02.22 04:10:41,1723,EURUSD,buy,out,0.09,1.08228,1723,-0.32,0.00,2.79,2 915.42,
2024.02.22 04:15:00,1724,XAUUSD,sell,in,0.04,2027.26,1724,-0.14,0.00,0.00,2 915.28,RSIConsolidation SELL #M2025042
2024.02.22 05:30:01,1725,XAUUSD,buy,out,0.04,2026.96,1725,-0.14,0.00,1.20,2 916.34,
2024.02.22 06:57:41,1726,EURUSD,sell,in,0.12,1.08310,1726,-0.42,0.00,0.00,2 915.92,RSI Overbought Crossover Sell #
2024.02.22 07:00:00,1727,XAUUSD,buy,in,0.07,2029.00,1727,-0.25,0.00,0.00,2 915.67,RSI Reverse BUY #M1002
2024.02.22 08:00:00,1728,XAUUSD,buy,in,0.07,2028.47,1728,-0.25,0.00,0.00,2 915.42,EMA Cross Distance BUY #M1003
2024.02.22 08:15:01,1729,XAUUSD,buy,in,0.04,2030.10,1729,-0.14,0.00,0.00,2 915.28,United SuperEMA long #M940001
2024.02.22 08:15:01,1730,XAUUSD,sell,in,0.04,2029.99,1730,-0.14,0.00,0.00,2 915.14,RSIConsolidation SELL #M2025042
2024.02.22 09:00:00,1731,XAUUSD,buy,in,0.24,2029.35,1731,-0.84,0.00,0.00,2 914.30,RSI Scalping Buy #M129102315
2024.02.22 09:11:12,1732,XAUUSD,sell,out,0.24,2029.80,1732,-0.84,0.00,10.80,2 924.26,sl 2029.82
2024.02.22 10:05:42,1733,XAUUSD,buy,out,0.04,2032.28,1733,-0.14,0.00,-9.16,2 914.96,sl 2032.27
2024.02.22 11:30:00,1734,XAUUSD,sell,out,0.04,2030.00,1734,-0.14,0.00,-0.40,2 914.42,
2024.02.22 14:00:00,1735,XAUUSD,sell,out,0.07,2029.02,1735,-0.25,0.00,3.85,2 918.02,
2024.02.22 16:00:00,1736,XAUUSD,sell,out,0.01,2025.70,1736,-0.04,0.00,-0.85,2 917.13,
2024.02.22 16:35:02,1737,NVDA.NAS,sell,out,1.9,75.41,1737,-0.04,0.00,15.26,2 932.35,
2024.02.22 16:50:00,1738,AAPL.NAS,buy,in,12.2,183.420,1738,-0.24,0.00,0.00,2 932.11,RSI Scalping Buy #M20001
2024.02.22 16:51:08,1739,AAPL.NAS,sell,out,12.2,183.459,1739,-0.24,0.00,0.48,2 932.35,sl 183.478
2024.02.22 17:15:00,1740,XAUUSD,sell,in,0.04,2022.62,1740,-0.14,0.00,0.00,2 932.21,United SuperEMA short #M940001
2024.02.22 19:45:00,1741,XAUUSD,buy,out,0.04,2023.59,1741,-0.14,0.00,-3.88,2 928.19,
2024.02.22 20:00:01,1742,TSLA.NAS,buy,out,36.4,196.48,1742,-0.73,0.00,-54.96,2 872.50,
2024.02.22 20:38:44,1743,SOXX.NAS,buy,in,0.1,214.606,1743,-0.02,0.00,0.00,2 872.48,WP Buy #M20260532
2024.02.22 20:50:37,1744,SOXX.NAS,sell,out,0.1,214.659,1744,-0.02,0.00,0.01,2 872.47,sl 214.670
2024.02.22 21:10:04,1745,AAPL.NAS,buy,in,11.9,184.411,1745,-0.24,0.00,0.00,2 872.23,RSI Scalping Buy #M20001
2024.02.22 21:19:41,1746,AAPL.NAS,sell,out,11.9,184.609,1746,-0.24,0.00,2.36,2 874.35,sl 184.609
2024.02.22 21:40:00,1747,AAPL.NAS,sell,in,11.9,184.628,1747,-0.24,0.00,0.00,2 874.11,RSI Scalping Sell #M20001
2024.02.22 21:59:02,1748,AAPL.NAS,buy,out,11.9,184.531,1748,-0.24,0.00,1.15,2 875.02,sl 184.530
2024.02.22 22:00:26,1749,AAPL.NAS,buy,in,0.1,184.530,1749,-0.02,0.00,0.00,2 875.00,WP Buy #M20260528
2024.02.22 22:09:41,1750,AAPL.NAS,sell,out,0.1,184.616,1750,-0.02,0.00,0.01,2 874.99,sl 184.623
2024.02.23 01:04:00,1751,XAUUSD,sell,in,0.04,2024.52,1751,-0.14,0.00,0.00,2 874.85,RSIConsolidation SELL #M2025042
2024.02.23 02:45:00,1752,XAUUSD,buy,out,0.04,2024.60,1752,-0.14,0.00,-0.32,2 874.39,
2024.02.23 03:00:00,1753,XAUUSD,sell,in,0.04,2024.46,1753,-0.14,0.00,0.00,2 874.25,RSIConsolidation SELL #M2025042
2024.02.23 03:00:00,1754,XAUUSD,buy,out,0.04,2024.51,1754,-0.14,0.00,-0.20,2 873.91,
2024.02.23 03:30:08,1755,DE40,sell,out,0.1,17396.60,1755,0.00,-0.98,20.02,2 892.95,
2024.02.23 03:45:00,1756,XAUUSD,sell,in,0.04,2026.99,1756,-0.14,0.00,0.00,2 892.81,RSIConsolidation SELL #M2025042
2024.02.23 04:45:00,1757,XAUUSD,buy,out,0.04,2025.77,1757,-0.14,0.00,4.88,2 897.55,
2024.02.23 07:15:06,1758,DE40,buy,in,0.1,17409.10,1758,0.00,0.00,0.00,2 897.55,SimpleTrendline BUY #M26042502
2024.02.23 07:45:08,1759,DE40,sell,out,0.1,17399.10,1759,0.00,0.00,-1.08,2 896.47,
2024.02.23 09:30:00,1760,DE40,sell,in,0.1,17395.90,1760,0.00,0.00,0.00,2 896.47,SimpleTrendline SELL #M26042502
2024.02.23 12:00:00,1761,XAUUSD,sell,out,0.07,2016.75,1761,-0.25,-3.63,-85.75,2 806.84,
2024.02.23 12:30:00,1762,XAUUSD,buy,in,0.04,2019.70,1762,-0.14,0.00,0.00,2 806.70,RSIConsolidation BUY #M20250420
2024.02.23 12:30:00,1763,XAUUSD,sell,out,0.04,2019.60,1763,-0.14,0.00,-0.40,2 806.16,
2024.02.23 15:00:00,1764,XAUUSD,buy,in,0.23,2028.18,1764,-0.81,0.00,0.00,2 805.35,RSI Scalping Buy #M129102315
2024.02.23 15:18:29,1765,XAUUSD,sell,out,0.23,2028.45,1765,-0.81,0.00,6.21,2 810.75,sl 2028.49
2024.02.23 15:30:05,1766,DE40,buy,out,0.1,17399.90,1766,0.00,0.00,-0.43,2 810.32,
2024.02.23 17:00:01,1767,TSLA.NAS,sell,in,35.1,194.84,1767,-0.70,0.00,0.00,2 809.62,RSI Scalping Sell #M125421321
2024.02.23 17:30:00,1768,XAUUSD,sell,in,0.04,2027.16,1768,-0.14,0.00,0.00,2 809.48,RSIConsolidation SELL #M2025042
2024.02.23 18:00:00,1769,XAUUSD,buy,in,0.23,2030.40,1769,-0.81,0.00,0.00,2 808.67,RSI Scalping Buy #M129102315
2024.02.23 18:01:23,1770,XAUUSD,buy,out,0.04,2031.80,1770,-0.14,0.00,-18.56,2 789.97,sl 2031.78
2024.02.23 18:03:38,1771,XAUUSD,sell,out,0.23,2031.43,1771,-0.81,0.00,23.69,2 812.85,sl 2031.43
2024.02.23 21:45:04,1772,DE40,buy,in,0.1,17410.00,1772,0.00,0.00,0.00,2 812.85,SimpleTrendline BUY #M26042502
2024.02.23 22:15:01,1773,NVDA.NAS,sell,in,11.7,78.94,1773,-0.23,0.00,0.00,2 812.62,RSI Scalping Sell #M20003
2024.02.23 22:30:00,1774,NVDA.NAS,buy,out,11.7,78.85,1774,-0.23,0.00,1.05,2 813.44,
2024.02.23 22:45:01,1775,NVDA.NAS,buy,in,11.7,79.09,1775,-0.23,0.00,0.00,2 813.21,RSI Scalping Buy #M20003
2024.02.26 00:01:01,1776,EURUSD,buy,out,0.12,1.08344,1776,-0.42,0.42,-4.08,2 809.13,
2024.02.26 01:15:00,1777,DE40,sell,out,0.1,17402.80,1777,0.00,-1.47,-0.78,2 806.88,
2024.02.26 03:00:02,1778,DE40,sell,in,0.1,17384.90,1778,0.00,0.00,0.00,2 806.88,SimpleTrendline SELL #M26042502
2024.02.26 03:30:05,1779,DE40,buy,out,0.1,17393.90,1779,0.00,0.00,-0.98,2 805.90,
2024.02.26 07:00:00,1780,XAUUSD,buy,in,0.07,2032.39,1780,-0.25,0.00,0.00,2 805.65,RSI Reverse BUY #M1002
2024.02.26 10:00:00,1781,XAUUSD,buy,in,0.23,2035.06,1781,-0.81,0.00,0.00,2 804.84,RSI Scalping Buy #M129102315
2024.02.26 10:00:00,1782,XAUUSD,sell,in,0.04,2035.01,1782,-0.14,0.00,0.00,2 804.70,RSIConsolidation SELL #M2025042
2024.02.26 10:09:19,1783,XAUUSD,sell,out,0.23,2034.79,1783,-0.81,0.00,-6.21,2 797.68,sl 2034.81
2024.02.26 11:00:04,1784,XAUUSD,buy,out,0.04,2034.11,1784,-0.14,0.00,3.60,2 801.14,
2024.02.26 17:00:00,1785,TSLA.NAS,buy,out,35.1,196.58,1785,-0.70,0.00,-61.07,2 739.37,
2024.02.26 18:00:00,1786,BTCUSD,buy,in,0.22,52898.88,1786,0.00,0.00,0.00,2 739.37,RSI Scalping Buy #M123459123
2024.02.26 18:01:06,1787,BTCUSD,sell,out,0.22,52906.92,1787,0.00,0.00,1.77,2 741.14,sl 52916.58
2024.02.26 21:00:02,1788,DE40,buy,in,0.1,17423.50,1788,0.00,0.00,0.00,2 741.14,SimpleTrendline BUY #M26042502
2024.02.26 23:00:00,1789,DE40,sell,out,0.1,17423.40,1789,0.00,0.00,-0.01,2 741.13,
2024.02.26 23:30:02,1790,XAUUSD,sell,in,0.04,2031.60,1790,-0.14,0.00,0.00,2 740.99,RSIConsolidation SELL #M2025042
2024.02.27 01:15:01,1791,XAUUSD,buy,out,0.04,2031.03,1791,-0.14,1.79,2.28,2 744.92,
2024.02.27 03:00:00,1792,XAUUSD,sell,in,0.04,2031.59,1792,-0.14,0.00,0.00,2 744.78,RSIConsolidation SELL #M2025042
2024.02.27 03:17:32,1793,XAUUSD,buy,out,0.04,2033.13,1793,-0.14,0.00,-6.16,2 738.48,sl 2033.13
2024.02.27 04:00:01,1794,XAUUSD,buy,in,0.22,2033.68,1794,-0.77,0.00,0.00,2 737.71,RSI Scalping Buy #M129102315
2024.02.27 04:45:01,1795,XAUUSD,sell,in,0.04,2034.15,1795,-0.14,0.00,0.00,2 737.57,RSIConsolidation SELL #M2025042
2024.02.27 04:48:25,1796,XAUUSD,sell,out,0.22,2033.66,1796,-0.77,0.00,-0.44,2 736.36,sl 2033.71
2024.02.27 05:15:02,1797,XAUUSD,buy,out,0.04,2032.45,1797,-0.14,0.00,6.80,2 743.02,
2024.02.27 07:15:00,1798,XAUUSD,sell,in,0.04,2033.35,1798,-0.14,0.00,0.00,2 742.88,RSIConsolidation SELL #M2025042
2024.02.27 07:15:00,1799,XAUUSD,buy,out,0.04,2033.40,1799,-0.14,0.00,-0.20,2 742.54,
2024.02.27 10:00:00,1800,XAUUSD,buy,in,0.22,2035.50,1800,-0.77,0.00,0.00,2 741.77,RSI Scalping Buy #M129102315
2024.02.27 10:33:03,1801,XAUUSD,sell,out,0.22,2037.42,1801,-0.77,0.00,42.24,2 783.24,sl 2037.43
2024.02.27 11:45:02,1802,XAUUSD,sell,in,0.04,2035.75,1802,-0.14,0.00,0.00,2 783.10,RSIConsolidation SELL #M2025042
2024.02.27 11:45:03,1803,XAUUSD,buy,out,0.04,2035.80,1803,-0.14,0.00,-0.20,2 782.76,
2024.02.27 15:00:00,1804,XAUUSD,sell,in,0.04,2038.41,1804,-0.14,0.00,0.00,2 782.62,RSIConsolidation SELL #M2025042
2024.02.27 15:15:00,1805,XAUUSD,buy,out,0.04,2037.31,1805,-0.14,0.00,4.40,2 786.88,
2024.02.27 19:00:01,1806,BTCUSD,buy,in,0.23,57064.30,1806,0.00,0.00,0.00,2 786.88,RSI Scalping Buy #M123459123
2024.02.27 19:00:27,1807,BTCUSD,sell,out,0.23,57089.89,1807,0.00,0.00,5.89,2 792.77,sl 57090.05
2024.02.27 20:00:00,1808,TSLA.NAS,sell,in,17.4,198.74,1808,-0.35,0.00,0.00,2 792.42,RSI Scalping Sell #M125421321
2024.02.27 21:00:03,1809,TSLA.NAS,buy,out,17.4,200.33,1809,-0.35,0.00,-27.67,2 764.40,
2024.02.27 21:40:00,1810,AAPL.NAS,buy,in,11.5,183.482,1810,-0.23,0.00,0.00,2 764.17,RSI Scalping Buy #M20001
2024.02.27 21:40:27,1811,AAPL.NAS,sell,out,11.5,183.597,1811,-0.23,0.00,1.32,2 765.26,sl 183.607
2024.02.27 21:50:00,1812,AAPL.NAS,sell,in,11.5,182.877,1812,-0.23,0.00,0.00,2 765.03,RSI Scalping Sell #M20001
2024.02.27 21:52:04,1813,AAPL.NAS,buy,out,11.5,182.823,1813,-0.23,0.00,0.62,2 765.42,sl 182.803
2024.02.27 22:00:00,1814,BTCUSD,buy,in,0.23,57368.58,1814,0.00,0.00,0.00,2 765.42,RSI Scalping Buy #M123459123
2024.02.27 22:00:11,1815,BTCUSD,sell,out,0.23,57365.31,1815,0.00,0.00,-0.75,2 764.67,sl 57368.65
2024.02.28 04:45:00,1816,XAUUSD,sell,in,0.04,2030.66,1816,-0.14,0.00,0.00,2 764.53,RSIConsolidation SELL #M2025042
2024.02.28 04:45:00,1817,XAUUSD,buy,out,0.04,2030.73,1817,-0.14,0.00,-0.28,2 764.11,
2024.02.28 10:00:00,1818,BTCUSD,buy,in,0.23,58312.83,1818,0.00,0.00,0.00,2 764.11,RSI Scalping Buy #M123459123
2024.02.28 10:00:44,1819,BTCUSD,sell,out,0.23,58316.30,1819,0.00,0.00,0.80,2 764.91,sl 58317.16
2024.02.28 12:00:00,1820,XAUUSD,sell,out,0.07,2024.96,1820,-0.25,-7.26,-52.01,2 705.39,
2024.02.28 15:00:00,1821,BTCUSD,buy,in,0.22,59384.49,1821,0.00,0.00,0.00,2 705.39,RSI Scalping Buy #M123459123
2024.02.28 15:00:14,1822,BTCUSD,sell,out,0.22,59383.88,1822,0.00,0.00,-0.13,2 705.26,sl 59385.72
2024.02.28 16:00:00,1823,XAUUSD,buy,in,0.22,2035.99,1823,-0.77,0.00,0.00,2 704.49,RSI Scalping Buy #M129102315
2024.02.28 16:05:01,1824,XAUUSD,sell,out,0.22,2037.13,1824,-0.77,0.00,25.08,2 728.80,sl 2037.16
2024.02.28 17:30:00,1825,NVDA.NAS,sell,out,11.7,77.30,1825,-0.23,-0.01,-20.94,2 707.62,
2024.02.28 18:15:01,1826,NVDA.NAS,buy,in,11.2,77.95,1826,-0.22,0.00,0.00,2 707.40,RSI Scalping Buy #M20003
2024.02.28 19:26:58,1827,BTCUSD,buy,in,0.01,62027.74,1827,0.00,0.00,0.00,2 707.40,WP Buy #M20260527
2024.02.28 19:28:31,1828,BTCUSD,sell,out,0.01,62162.10,1828,0.00,0.00,1.34,2 708.74,sl 62165.49
2024.02.28 19:45:00,1829,XAUUSD,sell,in,0.04,2033.26,1829,-0.14,0.00,0.00,2 708.60,RSIConsolidation SELL #M2025042
2024.02.28 20:45:03,1830,XAUUSD,buy,out,0.04,2032.26,1830,-0.14,0.00,4.00,2 712.46,
2024.02.28 22:00:00,1831,DE40,buy,in,0.1,17597.70,1831,0.00,0.00,0.00,2 712.46,SimpleTrendline BUY #M26042502
2024.02.28 23:00:00,1832,XAUUSD,sell,in,0.04,2033.82,1832,-0.14,0.00,0.00,2 712.32,RSIConsolidation SELL #M2025042
2024.02.28 23:15:00,1833,DE40,sell,out,0.1,17566.40,1833,0.00,0.00,-3.39,2 708.93,
2024.02.29 02:00:00,1834,XAUUSD,buy,in,0.22,2034.78,1834,-0.77,0.00,0.00,2 708.16,RSI Scalping Buy #M129102315
2024.02.29 02:25:43,1835,XAUUSD,sell,out,0.22,2034.90,1835,-0.77,0.00,2.64,2 710.03,sl 2034.90
2024.02.29 03:00:01,1836,XAUUSD,buy,out,0.04,2034.26,1836,-0.14,5.37,-1.76,2 713.50,
2024.02.29 04:00:00,1837,XAUUSD,buy,in,0.22,2036.57,1837,-0.77,0.00,0.00,2 712.73,RSI Scalping Buy #M129102315
2024.02.29 04:30:32,1838,XAUUSD,sell,out,0.22,2036.34,1838,-0.77,0.00,-5.06,2 706.90,sl 2036.35
2024.02.29 05:30:00,1839,XAUUSD,sell,in,0.04,2035.62,1839,-0.14,0.00,0.00,2 706.76,RSIConsolidation SELL #M2025042
2024.02.29 05:30:01,1840,XAUUSD,buy,out,0.04,2035.67,1840,-0.14,0.00,-0.20,2 706.42,
2024.02.29 06:30:00,1841,XAUUSD,sell,in,0.04,2036.04,1841,-0.14,0.00,0.00,2 706.28,RSIConsolidation SELL #M2025042
2024.02.29 06:45:07,1842,XAUUSD,buy,out,0.04,2035.55,1842,-0.14,0.00,1.96,2 708.10,
2024.02.29 07:00:00,1843,XAUUSD,buy,in,0.06,2035.27,1843,-0.21,0.00,0.00,2 707.89,RSI Reverse BUY #M1002
2024.02.29 08:00:00,1844,XAUUSD,buy,in,0.22,2035.71,1844,-0.77,0.00,0.00,2 707.12,RSI Scalping Buy #M129102315
2024.02.29 09:13:35,1845,XAUUSD,sell,out,0.22,2036.77,1845,-0.77,0.00,23.32,2 729.67,sl 2036.88
2024.02.29 09:45:00,1846,XAUUSD,sell,in,0.04,2037.25,1846,-0.14,0.00,0.00,2 729.53,RSIConsolidation SELL #M2025042
2024.02.29 09:45:00,1847,DE40,buy,in,0.1,17618.30,1847,0.00,0.00,0.00,2 729.53,SimpleTrendline BUY #M26042502
2024.02.29 10:11:07,1848,XAUUSD,buy,out,0.04,2035.69,1848,-0.14,0.00,6.24,2 735.63,tp 2035.69
2024.02.29 10:30:00,1849,XAUUSD,sell,in,0.04,2036.91,1849,-0.14,0.00,0.00,2 735.49,RSIConsolidation SELL #M2025042
2024.02.29 10:45:00,1850,XAUUSD,buy,out,0.04,2036.45,1850,-0.14,0.00,1.84,2 737.19,
2024.02.29 16:00:00,1851,XAUUSD,buy,in,0.22,2047.83,1851,-0.77,0.00,0.00,2 736.42,RSI Scalping Buy #M129102315
2024.02.29 16:00:25,1852,XAUUSD,sell,out,0.22,2047.92,1852,-0.77,0.00,1.98,2 737.63,sl 2047.95
2024.02.29 16:45:05,1853,XAUUSD,buy,in,0.11,2050.34,1853,-0.39,0.00,0.00,2 737.24,Darvas Box Breakout #M135790
2024.02.29 18:00:00,1854,XAUUSD,buy,in,0.01,2048.29,1854,-0.04,0.00,0.00,2 737.20,WP Buy #M20260526
2024.02.29 18:00:00,1855,TSLA.NAS,sell,in,3.4,200.34,1855,-0.07,0.00,0.00,2 737.13,RSI Scalping Sell #M125421321
2024.02.29 18:30:00,1856,XAUUSD,sell,in,0.04,2044.81,1856,-0.14,0.00,0.00,2 736.99,RSIConsolidation SELL #M2025042
2024.02.29 19:00:00,1857,XAUUSD,sell,in,0.22,2044.91,1857,-0.77,0.00,0.00,2 736.22,RSI Scalping Sell #M129102315
2024.02.29 19:14:01,1858,XAUUSD,buy,out,0.22,2045.07,1858,-0.77,0.00,-3.52,2 731.93,sl 2045.07
2024.02.29 19:30:00,1859,XAUUSD,buy,out,0.04,2044.50,1859,-0.14,0.00,1.24,2 733.03,
2024.02.29 20:00:00,1860,XAUUSD,buy,in,0.02,2045.70,1860,-0.07,0.00,0.00,2 732.96,SimpleTrendline BUY #M26042503
2024.02.29 22:00:00,1861,XAUUSD,sell,out,0.02,2044.52,1861,-0.07,0.00,-2.36,2 730.53,
2024.03.01 09:00:01,1862,XAUUSD,buy,in,0.02,2046.80,1862,-0.07,0.00,0.00,2 730.46,SimpleTrendline BUY #M26042503
2024.03.01 10:45:01,1863,DE40,sell,out,0.1,17746.00,1863,0.00,-0.49,13.82,2 743.79,
2024.03.01 11:00:00,1864,XAUUSD,sell,out,0.02,2039.74,1864,-0.07,0.00,-14.12,2 729.60,
2024.03.01 11:00:00,1865,DE40,buy,in,0.1,17751.30,1865,0.00,0.00,0.00,2 729.60,SimpleTrendline BUY #M26042502
2024.03.01 12:00:00,1866,XAUUSD,buy,in,0.22,2046.49,1866,-0.77,0.00,0.00,2 728.83,RSI Scalping Buy #M129102315
2024.03.01 12:15:00,1867,XAUUSD,buy,in,0.04,2048.96,1867,-0.14,0.00,0.00,2 728.69,United SuperEMA long #M940001
2024.03.01 12:15:00,1868,DE40,sell,out,0.1,17750.30,1868,0.00,0.00,-0.11,2 728.58,
2024.03.01 12:30:08,1869,XAUUSD,sell,out,0.22,2050.33,1869,-0.77,0.00,84.48,2 812.29,sl 2050.34
2024.03.01 13:00:01,1870,XAUUSD,buy,in,0.02,2055.00,1870,-0.07,0.00,0.00,2 812.22,SimpleTrendline BUY #M26042503
2024.03.01 15:00:00,1871,DE40,buy,in,0.1,17768.90,1871,0.00,0.00,0.00,2 812.22,SimpleTrendline BUY #M26042502
2024.03.01 15:30:01,1872,XAUUSD,sell,out,0.04,2051.70,1872,-0.14,0.00,10.96,2 823.04,
2024.03.01 15:45:01,1873,DE40,sell,out,0.1,17753.40,1873,0.00,0.00,-1.68,2 821.36,
2024.03.01 16:45:12,1874,XAUUSD,sell,out,0.01,2050.00,1874,-0.04,-0.52,1.71,2 822.51,sl 2050.00
2024.03.01 17:30:00,1875,XAUUSD,buy,in,0.04,2063.76,1875,-0.14,0.00,0.00,2 822.37,United SuperEMA long #M940001
2024.03.01 17:31:27,1876,SOXX.NAS,buy,in,0.1,222.147,1876,-0.02,0.00,0.00,2 822.35,WP Buy #M20260532
2024.03.01 17:32:06,1877,SOXX.NAS,sell,out,0.1,222.080,1877,-0.02,0.00,-0.01,2 822.32,sl 222.087
2024.03.01 18:00:00,1878,XAUUSD,buy,in,0.23,2069.38,1878,-0.81,0.00,0.00,2 821.51,RSI Scalping Buy #M129102315
2024.03.01 18:05:12,1879,XAUUSD,sell,out,0.23,2070.62,1879,-0.81,0.00,28.52,2 849.22,sl 2070.62
2024.03.01 18:29:00,1880,SOXX.NAS,buy,in,0.1,224.555,1880,-0.02,0.00,0.00,2 849.20,WP Buy #M20260532
2024.03.01 18:30:00,1881,NVDA.NAS,sell,out,11.2,81.94,1881,-0.22,0.00,44.69,2 893.67,
2024.03.01 18:35:11,1882,SOXX.NAS,sell,out,0.1,224.251,1882,-0.02,0.00,-0.03,2 893.62,sl 224.255
2024.03.01 19:00:01,1883,XTIUSD,buy,in,0.5,80.92,1883,0.00,0.00,0.00,2 893.62,WP Buy #M20260533
2024.03.01 19:01:09,1884,SOXX.NAS,buy,in,0.1,224.120,1884,-0.02,0.00,0.00,2 893.60,WP Buy #M20260532
2024.03.01 19:03:04,1885,SOXX.NAS,sell,out,0.1,224.096,1885,-0.02,0.00,0.00,2 893.58,sl 224.115
2024.03.01 20:00:01,1886,TSLA.NAS,buy,out,3.4,203.16,1886,-0.07,0.00,-9.59,2 883.92,
2024.03.01 20:00:01,1887,XAUUSD,buy,in,0.01,2084.98,1887,-0.04,0.00,0.00,2 883.88,WP Buy #M20260526
2024.03.01 20:02:50,1888,SOXX.NAS,buy,in,0.1,225.715,1888,-0.02,0.00,0.00,2 883.86,WP Buy #M20260532
2024.03.01 20:19:35,1889,XAUUSD,sell,out,0.11,2087.19,1889,-0.39,-5.71,405.35,3 283.11,tp 2087.19
2024.03.01 20:23:38,1890,SOXX.NAS,sell,out,0.1,226.315,1890,-0.02,0.00,0.06,3 283.15,tp 226.315
2024.03.01 21:04:01,1891,SOXX.NAS,buy,in,0.1,227.498,1891,-0.02,0.00,0.00,3 283.13,WP Buy #M20260532
2024.03.01 21:06:23,1892,SOXX.NAS,sell,out,0.1,227.179,1892,-0.02,0.00,-0.03,3 283.08,sl 227.180
2024.03.01 23:00:01,1893,XAUUSD,sell,out,0.04,2083.36,1893,-0.14,0.00,78.40,3 361.34,
2024.03.04 02:00:00,1894,XAUUSD,sell,out,0.02,2083.70,1894,-0.07,-1.04,57.40,3 417.63,
2024.03.04 04:00:00,1895,XAUUSD,sell,in,0.28,2080.19,1895,-0.98,0.00,0.00,3 416.65,RSI Scalping Sell #M129102315
2024.03.04 04:15:07,1896,DE40,sell,in,0.1,17753.50,1896,0.00,0.00,0.00,3 416.65,SimpleTrendline SELL #M26042502
2024.03.04 04:30:03,1897,DE40,buy,out,0.1,17765.50,1897,0.00,0.00,-1.30,3 415.35,
2024.03.04 05:00:06,1898,BTCUSD,buy,in,0.28,63748.97,1898,0.00,0.00,0.00,3 415.35,RSI Scalping Buy #M123459123
2024.03.04 05:30:03,1899,BTCUSD,sell,out,0.28,63773.25,1899,0.00,0.00,6.80,3 422.15,sl 63773.98
2024.03.04 07:45:38,1900,DE40,sell,in,0.1,17752.00,1900,0.00,0.00,0.00,3 422.15,SimpleTrendline SELL #M26042502
2024.03.04 08:00:01,1901,DE40,buy,out,0.1,17758.00,1901,0.00,0.00,-0.65,3 421.50,
2024.03.04 10:15:00,1902,DE40,sell,in,0.1,17731.40,1902,0.00,0.00,0.00,3 421.50,SimpleTrendline SELL #M26042502
2024.03.04 11:00:00,1903,BTCUSD,buy,in,0.28,65297.16,1903,0.00,0.00,0.00,3 421.50,RSI Scalping Buy #M123459123
2024.03.04 11:00:13,1904,BTCUSD,sell,out,0.28,65294.77,1904,0.00,0.00,-0.67,3 420.83,sl 65306.18
2024.03.04 11:45:07,1905,DE40,buy,out,0.1,17756.10,1905,0.00,0.00,-2.68,3 418.15,
2024.03.04 14:31:01,1906,XTIUSD,sell,out,0.5,79.38,1906,0.00,16.05,-77.00,3 357.20,sl 79.42
2024.03.04 15:00:00,1907,XAUUSD,buy,in,0.02,2082.64,1907,-0.07,0.00,0.00,3 357.13,SimpleTrendline BUY #M26042503
2024.03.04 15:00:01,1908,DE40,sell,in,0.1,17733.20,1908,0.00,0.00,0.00,3 357.13,SimpleTrendline SELL #M26042502
2024.03.04 15:55:56,1909,XAUUSD,buy,in,0.11,2088.42,1909,-0.39,0.00,0.00,3 356.74,Darvas Box Breakout #M135790
2024.03.04 16:00:00,1910,XAUUSD,buy,in,0.04,2091.80,1910,-0.14,0.00,0.00,3 356.60,United SuperEMA long #M940001
2024.03.04 16:33:55,1911,XAUUSD,buy,out,0.28,2098.32,1911,-0.98,0.00,-507.64,2 847.98,
2024.03.04 17:00:00,1912,TSLA.NAS,sell,in,2.8,193.26,1912,-0.06,0.00,0.00,2 847.92,RSI Scalping Sell #M125421321
2024.03.04 18:00:00,1913,TSLA.NAS,buy,out,2.8,191.32,1913,-0.06,0.00,5.43,2 853.29,
2024.03.04 18:13:40,1914,XAUUSD,sell,out,0.01,2115.05,1914,-0.04,-0.52,30.07,2 882.80,tp 2114.97
2024.03.04 19:00:00,1915,XAUUSD,buy,in,0.01,2119.47,1915,-0.04,0.00,0.00,2 882.76,WP Buy #M20260526
2024.03.04 19:00:00,1916,TSLA.NAS,sell,in,0.1,190.19,1916,-0.02,0.00,0.00,2 882.74,WP Sell #M20260530
2024.03.04 21:40:22,1917,TSLA.NAS,buy,out,0.1,188.60,1917,-0.02,0.00,0.16,2 882.88,sl 188.58
2024.03.04 22:15:00,1918,DE40,buy,out,0.1,17724.60,1918,0.00,0.00,0.93,2 883.81,
2024.03.04 22:45:00,1919,NVDA.NAS,sell,in,24,85.74,1919,-0.48,0.00,0.00,2 883.33,RSI Scalping Sell #M20003
2024.03.04 22:45:01,1920,DE40,sell,in,0.1,17708.90,1920,0.00,0.00,0.00,2 883.33,SimpleTrendline SELL #M26042502
2024.03.04 23:15:00,1921,XAUUSD,sell,out,0.04,2115.60,1921,-0.14,0.00,95.20,2 978.39,
2024.03.05 04:00:00,1922,XAUUSD,sell,in,0.24,2112.68,1922,-0.84,0.00,0.00,2 977.55,RSI Scalping Sell #M129102315
2024.03.05 04:14:39,1923,XAUUSD,buy,out,0.24,2112.30,1923,-0.84,0.00,9.12,2 985.83,sl 2112.28
2024.03.05 10:00:00,1924,XAUUSD,sell,in,0.24,2114.56,1924,-0.84,0.00,0.00,2 984.99,RSI Scalping Sell #M129102315
2024.03.05 11:27:55,1925,XAUUSD,sell,out,0.11,2125.25,1925,-0.39,-5.71,405.13,3 384.02,tp 2125.24
2024.03.05 11:30:00,1926,DE40,buy,out,0.1,17676.60,1926,0.00,-0.17,3.50,3 387.35,
2024.03.05 13:15:00,1927,XAUUSD,buy,in,0.05,2126.78,1927,-0.18,0.00,0.00,3 387.17,United SuperEMA long #M940001
2024.03.05 14:30:03,1928,XAUUSD,sell,out,0.05,2122.07,1928,-0.18,0.00,-23.55,3 363.44,
2024.03.05 15:00:00,1929,XAUUSD,buy,out,0.24,2124.59,1929,-0.84,0.00,-240.72,3 121.88,
2024.03.05 15:34:55,1930,XAUUSD,buy,in,0.13,2139.57,1930,-0.46,0.00,0.00,3 121.42,Darvas Box Breakout #M135790
2024.03.05 15:37:45,1931,XAUUSD,sell,out,0.01,2134.18,1931,-0.04,-0.52,14.71,3 135.57,sl 2134.29
2024.03.05 15:52:59,1932,XAUUSD,sell,out,0.13,2122.70,1932,-0.46,0.00,-219.31,2 915.80,sl 2122.76
2024.03.05 16:15:00,1933,XAUUSD,buy,in,0.04,2130.48,1933,-0.14,0.00,0.00,2 915.66,United SuperEMA long #M940001
2024.03.05 16:35:01,1934,NVDA.NAS,buy,out,24,84.71,1934,-0.48,0.00,24.72,2 939.90,
2024.03.05 16:45:00,1935,NVDA.NAS,buy,in,24.4,85.65,1935,-0.49,0.00,0.00,2 939.41,RSI Scalping Buy #M20003
2024.03.05 17:00:01,1936,TSLA.NAS,sell,in,0.1,182.63,1936,-0.02,0.00,0.00,2 939.39,WP Sell #M20260530
2024.03.05 18:00:00,1937,XAUUSD,sell,out,0.04,2126.66,1937,-0.14,0.00,-15.28,2 923.97,
2024.03.05 18:00:02,1938,NVDA.NAS,sell,out,24.4,84.35,1938,-0.49,0.00,-31.72,2 891.76,
2024.03.05 18:15:01,1939,DE40,buy,in,0.1,17688.20,1939,0.00,0.00,0.00,2 891.76,SimpleTrendline BUY #M26042502
2024.03.05 18:30:00,1940,NVDA.NAS,buy,in,24,84.72,1940,-0.48,0.00,0.00,2 891.28,RSI Scalping Buy #M20003
2024.03.05 18:45:01,1941,DE40,sell,out,0.1,17689.20,1941,0.00,0.00,0.11,2 891.39,
2024.03.05 19:02:42,1942,TSLA.NAS,buy,out,0.1,179.42,1942,-0.02,0.00,0.32,2 891.69,sl 179.40
2024.03.05 19:30:00,1943,DE40,buy,in,0.1,17711.40,1943,0.00,0.00,0.00,2 891.69,SimpleTrendline BUY #M26042502
2024.03.05 20:15:04,1944,DE40,sell,out,0.1,17701.70,1944,0.00,0.00,-1.05,2 890.64,
2024.03.05 20:30:00,1945,XAUUSD,buy,in,0.04,2133.56,1945,-0.14,0.00,0.00,2 890.50,United SuperEMA long #M940001
2024.03.05 21:00:00,1946,DE40,sell,in,0.1,17674.70,1946,0.00,0.00,0.00,2 890.50,SimpleTrendline SELL #M26042502
2024.03.05 22:15:00,1947,XAUUSD,sell,out,0.04,2129.32,1947,-0.14,0.00,-16.96,2 873.40,
2024.03.05 23:15:00,1948,DE40,buy,out,0.1,17691.40,1948,0.00,0.00,-1.81,2 871.59,
2024.03.06 02:16:00,1949,DE40,sell,in,0.1,17672.80,1949,0.00,0.00,0.00,2 871.59,SimpleTrendline SELL #M26042502
2024.03.06 02:30:04,1950,DE40,buy,out,0.1,17688.30,1950,0.00,0.00,-1.68,2 869.91,
2024.03.06 03:00:00,1951,DE40,sell,in,0.1,17676.30,1951,0.00,0.00,0.00,2 869.91,SimpleTrendline SELL #M26042502
2024.03.06 04:00:02,1952,XAUUSD,sell,out,0.02,2125.49,1952,-0.07,-2.08,85.70,2 953.46,
2024.03.06 04:00:02,1953,XAUUSD,sell,in,0.01,2125.49,1953,-0.04,0.00,0.00,2 953.42,SimpleTrendline SELL #M26042503
2024.03.06 07:15:00,1954,XAUUSD,buy,in,0.04,2126.86,1954,-0.14,0.00,0.00,2 953.28,United SuperEMA long #M940001
2024.03.06 08:00:00,1955,XAUUSD,sell,out,0.04,2125.39,1955,-0.14,0.00,-5.88,2 947.26,
2024.03.06 09:00:00,1956,XAUUSD,buy,in,0.02,2127.47,1956,-0.07,0.00,0.00,2 947.19,United SuperEMA long #M940001
2024.03.06 10:00:00,1957,XAUUSD,buy,out,0.01,2128.58,1957,-0.04,0.00,-3.09,2 944.06,
2024.03.06 10:00:00,1958,XAUUSD,buy,in,0.02,2128.55,1958,-0.07,0.00,0.00,2 943.99,SimpleTrendline BUY #M26042503
2024.03.06 10:45:00,1959,XAUUSD,sell,out,0.02,2125.16,1959,-0.07,0.00,-4.62,2 939.30,
2024.03.06 12:00:00,1960,XAUUSD,buy,in,0.24,2128.76,1960,-0.84,0.00,0.00,2 938.46,RSI Scalping Buy #M129102315
2024.03.06 13:42:40,1961,XAUUSD,sell,out,0.24,2131.29,1961,-0.84,0.00,60.72,2 998.34,sl 2131.34
2024.03.06 13:45:00,1962,XAUUSD,buy,in,0.02,2130.62,1962,-0.07,0.00,0.00,2 998.27,United SuperEMA long #M940001
2024.03.06 14:00:00,1963,XAUUSD,buy,in,0.24,2132.75,1963,-0.84,0.00,0.00,2 997.43,RSI Scalping Buy #M129102315
2024.03.06 14:15:02,1964,DE40,buy,out,0.1,17709.50,1964,0.00,0.00,-3.60,2 993.83,
2024.03.06 14:37:38,1965,XAUUSD,sell,out,0.24,2133.13,1965,-0.84,0.00,9.12,3 002.11,sl 2133.13
2024.03.06 16:00:00,1966,XAUUSD,buy,in,0.01,2139.63,1966,-0.04,0.00,0.00,3 002.07,WP Buy #M20260526
2024.03.06 16:30:00,1967,DE40,buy,in,0.1,17732.00,1967,0.00,0.00,0.00,3 002.07,SimpleTrendline BUY #M26042502
2024.03.06 16:45:00,1968,DE40,sell,out,0.1,17716.00,1968,0.00,0.00,-1.73,3 000.34,
2024.03.06 16:46:03,1969,XAUUSD,buy,in,0.12,2145.62,1969,-0.42,0.00,0.00,2 999.92,Darvas Box Breakout #M135790
2024.03.06 17:00:41,1970,XAUUSD,sell,out,0.01,2141.63,1970,-0.04,0.00,2.00,3 001.88,sl 2141.72
2024.03.06 17:30:00,1971,DE40,sell,in,0.1,17698.50,1971,0.00,0.00,0.00,3 001.88,SimpleTrendline SELL #M26042502
2024.03.06 18:00:00,1972,XAUUSD,sell,in,0.25,2140.99,1972,-0.88,0.00,0.00,3 001.00,RSI Scalping Sell #M129102315
2024.03.06 18:15:00,1973,DE40,buy,out,0.1,17714.00,1973,0.00,0.00,-1.68,2 999.32,
2024.03.06 21:15:00,1974,XAUUSD,sell,out,0.02,2142.45,1974,-0.07,0.00,23.66,3 022.91,
2024.03.06 21:31:01,1975,XAUUSD,buy,out,0.25,2140.28,1975,-0.88,0.00,17.75,3 039.78,sl 2140.28
2024.03.07 08:00:01,1976,XAUUSD,sell,in,0.25,2154.37,1976,-0.88,0.00,0.00,3 038.90,RSI Scalping Sell #M129102315
2024.03.07 08:03:38,1977,XAUUSD,buy,out,0.25,2152.56,1977,-0.88,0.00,45.25,3 083.27,sl 2152.35
2024.03.07 18:00:00,1978,XAUUSD,sell,out,0.02,2153.72,1978,-0.07,-3.11,50.34,3 130.43,
2024.03.07 18:00:00,1979,XAUUSD,sell,in,0.01,2153.72,1979,-0.04,0.00,0.00,3 130.39,SimpleTrendline SELL #M26042503
2024.03.07 20:15:01,1980,XAUUSD,buy,in,0.02,2157.71,1980,-0.07,0.00,0.00,3 130.32,United SuperEMA long #M940001
2024.03.08 03:15:01,1981,XAUUSD,sell,out,0.02,2159.23,1981,-0.07,-1.04,3.04,3 132.25,
2024.03.08 08:30:00,1982,XAUUSD,buy,in,0.05,2159.01,1982,-0.18,0.00,0.00,3 132.07,United SuperEMA long #M940001
2024.03.08 09:00:00,1983,XAUUSD,buy,in,0.26,2161.26,1983,-0.91,0.00,0.00,3 131.16,RSI Scalping Buy #M129102315
2024.03.08 09:00:00,1984,XAUUSD,buy,out,0.01,2161.20,1984,-0.04,0.45,-7.48,3 124.09,
2024.03.08 09:05:06,1985,XAUUSD,sell,out,0.26,2161.03,1985,-0.91,0.00,-5.98,3 117.20,sl 2161.03
2024.03.08 13:00:00,1986,XAUUSD,sell,in,0.25,2168.53,1986,-0.88,0.00,0.00,3 116.32,RSI Scalping Sell #M129102315
2024.03.08 13:02:54,1987,XAUUSD,buy,out,0.25,2168.49,1987,-0.88,0.00,1.00,3 116.44,sl 2168.49
2024.03.08 14:45:01,1988,XAUUSD,sell,out,0.05,2167.41,1988,-0.18,0.00,42.00,3 158.26,
2024.03.08 15:32:11,1989,XAUUSD,sell,out,0.12,2182.43,1989,-0.42,-24.91,441.72,3 574.65,tp 2182.29
2024.03.08 15:41:29,1990,XAUUSD,buy,in,0.14,2183.79,1990,-0.49,0.00,0.00,3 574.16,Darvas Box Breakout #M135790
2024.03.08 15:45:00,1991,XAUUSD,buy,in,0.05,2180.73,1991,-0.18,0.00,0.00,3 573.98,United SuperEMA long #M940001
2024.03.08 16:07:05,1992,XAUUSD,sell,out,0.14,2167.15,1992,-0.49,0.00,-232.96,3 340.53,sl 2167.19
2024.03.08 16:35:00,1993,NVDA.NAS,sell,out,24,95.76,1993,-0.48,0.00,264.96,3 605.01,
2024.03.08 18:30:00,1994,NVDA.NAS,sell,in,30,90.49,1994,-0.60,0.00,0.00,3 604.41,RSI Scalping Sell #M20003
2024.03.08 19:00:00,1995,NVDA.NAS,buy,out,30,89.30,1995,-0.60,0.00,35.70,3 639.51,
2024.03.08 19:00:00,1996,NVDA.NAS,sell,in,30,89.21,1996,-0.60,0.00,0.00,3 638.91,RSI Scalping Sell #M20003
2024.03.08 19:15:01,1997,NVDA.NAS,buy,out,30,89.00,1997,-0.60,0.00,6.30,3 644.61,
2024.03.08 21:00:00,1998,XAUUSD,sell,in,0.3,2174.47,1998,-1.05,0.00,0.00,3 643.56,RSI Scalping Sell #M129102315
2024.03.08 21:00:00,1999,XAUUSD,sell,out,0.05,2174.61,1999,-0.18,0.00,-30.60,3 612.78,
2024.03.08 21:04:47,2000,XAUUSD,buy,out,0.3,2173.29,2000,-1.05,0.00,35.40,3 647.13,sl 2173.20
2024.03.08 21:30:00,2001,NVDA.NAS,buy,in,30.3,88.17,2001,-0.61,0.00,0.00,3 646.52,RSI Scalping Buy #M20003
2024.03.08 22:00:00,2002,XAUUSD,buy,in,0.01,2176.61,2002,-0.04,0.00,0.00,3 646.48,SimpleTrendline BUY #M26042503
2024.03.11 02:00:00,2003,XAUUSD,sell,out,0.01,2177.35,2003,-0.04,-0.52,0.74,3 646.66,
2024.03.11 02:30:00,2004,XAUUSD,buy,in,0.06,2182.33,2004,-0.21,0.00,0.00,3 646.45,United SuperEMA long #M940001
2024.03.11 04:45:00,2005,XAUUSD,sell,out,0.06,2180.45,2005,-0.21,0.00,-11.28,3 634.96,
2024.03.11 07:00:00,2006,XAUUSD,buy,in,0.3,2179.58,2006,-1.05,0.00,0.00,3 633.91,RSI Scalping Buy #M129102315
2024.03.11 07:00:00,2007,XAUUSD,buy,in,0.03,2179.61,2007,-0.11,0.00,0.00,3 633.80,SimpleTrendline BUY #M26042503
2024.03.11 07:24:32,2008,XAUUSD,sell,out,0.3,2180.59,2008,-1.05,0.00,30.30,3 663.05,sl 2180.59
2024.03.11 10:00:00,2009,XAUUSD,buy,in,0.3,2179.56,2009,-1.05,0.00,0.00,3 662.00,RSI Scalping Buy #M129102315
2024.03.11 10:23:36,2010,XAUUSD,sell,out,0.3,2179.31,2010,-1.05,0.00,-7.50,3 653.45,sl 2179.32
2024.03.11 11:00:00,2011,XAUUSD,buy,in,0.06,2182.38,2011,-0.21,0.00,0.00,3 653.24,United SuperEMA long #M940001
2024.03.11 11:45:00,2012,XAUUSD,sell,out,0.06,2178.17,2012,-0.21,0.00,-25.26,3 627.77,
2024.03.11 12:00:00,2013,XAUUSD,sell,out,0.03,2177.43,2013,-0.11,0.00,-6.54,3 621.12,
2024.03.11 12:00:00,2014,XAUUSD,sell,in,0.03,2177.43,2014,-0.11,0.00,0.00,3 621.01,SimpleTrendline SELL #M26042503
2024.03.11 13:00:00,2015,BTCUSD,buy,in,0.3,71794.81,2015,0.00,0.00,0.00,3 621.01,RSI Scalping Buy #M123459123
2024.03.11 13:00:00,2016,XAUUSD,buy,out,0.03,2180.56,2016,-0.11,0.00,-9.39,3 611.51,
2024.03.11 13:00:00,2017,XAUUSD,buy,in,0.03,2180.53,2017,-0.11,0.00,0.00,3 611.40,SimpleTrendline BUY #M26042503
2024.03.11 13:13:19,2018,BTCUSD,sell,out,0.3,71789.59,2018,0.00,0.00,-1.57,3 609.83,sl 71803.85
2024.03.11 14:00:00,2019,XAUUSD,sell,out,0.03,2177.72,2019,-0.11,0.00,-8.43,3 601.29,
2024.03.11 16:00:00,2020,XAUUSD,sell,in,0.01,2177.22,2020,-0.04,0.00,0.00,3 601.25,SimpleTrendline SELL #M26042503
2024.03.11 16:00:00,2021,BTCUSD,buy,in,0.24,72025.41,2021,0.00,0.00,0.00,3 601.25,RSI Scalping Buy #M123459123
2024.03.11 16:15:41,2022,BTCUSD,sell,out,0.24,72024.48,2022,0.00,0.00,-0.22,3 601.03,sl 72026.64
2024.03.11 16:35:00,2023,NVDA.NAS,sell,out,30.3,84.69,2023,-0.61,-0.01,-105.44,3 494.97,sl 85.59
2024.03.11 16:45:00,2024,NVDA.NAS,sell,in,23.2,86.59,2024,-0.46,0.00,0.00,3 494.51,RSI Scalping Sell #M20003
2024.03.11 16:45:00,2025,XAUUSD,buy,in,0.02,2183.75,2025,-0.07,0.00,0.00,3 494.44,United SuperEMA long #M940001
2024.03.11 17:00:02,2026,NVDA.NAS,buy,out,23.2,85.66,2026,-0.46,0.00,21.58,3 515.56,
2024.03.11 17:00:02,2027,XAUUSD,buy,in,0.23,2182.02,2027,-0.81,0.00,0.00,3 514.75,RSI Scalping Buy #M129102315
2024.03.11 17:00:50,2028,XAUUSD,sell,out,0.23,2181.81,2028,-0.81,0.00,-4.83,3 509.11,sl 2181.87
2024.03.11 17:30:00,2029,NVDA.NAS,buy,in,29.2,87.11,2029,-0.58,0.00,0.00,3 508.53,RSI Scalping Buy #M20003
2024.03.11 17:30:00,2030,DE40,sell,in,0.1,17696.50,2030,0.00,0.00,0.00,3 508.53,SimpleTrendline SELL #M26042502
2024.03.11 18:00:00,2031,XAUUSD,buy,out,0.01,2182.05,2031,-0.04,0.00,-4.83,3 503.66,
2024.03.11 18:00:00,2032,TSLA.NAS,sell,in,21.8,178.76,2032,-0.44,0.00,0.00,3 503.22,RSI Scalping Sell #M125421321
2024.03.11 18:45:00,2033,DE40,buy,out,0.1,17717.50,2033,0.00,0.00,-2.28,3 500.94,
2024.03.11 19:45:00,2034,XAUUSD,sell,out,0.02,2180.15,2034,-0.07,0.00,-7.20,3 493.67,
2024.03.11 21:00:00,2035,XAUUSD,sell,in,0.01,2179.77,2035,-0.04,0.00,0.00,3 493.63,SimpleTrendline SELL #M26042503
2024.03.11 22:00:00,2036,XAUUSD,buy,out,0.01,2180.95,2036,-0.04,0.00,-1.18,3 492.41,
2024.03.11 23:00:00,2037,XAUUSD,buy,in,0.01,2181.27,2037,-0.04,0.00,0.00,3 492.37,SimpleTrendline BUY #M26042503
2024.03.12 01:30:00,2038,XAUUSD,buy,in,0.02,2184.74,2038,-0.07,0.00,0.00,3 492.30,United SuperEMA long #M940001
2024.03.12 02:00:00,2039,XAUUSD,sell,out,0.02,2181.30,2039,-0.07,0.00,-6.88,3 485.35,
2024.03.12 03:00:00,2040,XAUUSD,buy,in,0.23,2183.74,2040,-0.81,0.00,0.00,3 484.54,RSI Scalping Buy #M129102315
2024.03.12 03:00:00,2041,XAUUSD,buy,in,0.02,2183.74,2041,-0.07,0.00,0.00,3 484.47,United SuperEMA long #M940001
2024.03.12 03:06:47,2042,XAUUSD,sell,out,0.23,2183.49,2042,-0.81,0.00,-5.75,3 477.91,sl 2183.49
2024.03.12 03:45:00,2043,XAUUSD,sell,out,0.02,2181.29,2043,-0.07,0.00,-4.90,3 472.94,
2024.03.12 06:00:00,2044,XAUUSD,sell,out,0.01,2179.15,2044,-0.04,-0.52,-2.12,3 470.26,
2024.03.12 09:45:00,2045,XAUUSD,sell,in,0.02,2175.13,2045,-0.07,0.00,0.00,3 470.19,United SuperEMA short #M940001
2024.03.12 11:00:00,2046,XAUUSD,buy,out,0.02,2177.07,2046,-0.07,0.00,-3.88,3 466.24,
2024.03.12 13:00:01,2047,XAUUSD,sell,in,0.01,2177.00,2047,-0.04,0.00,0.00,3 466.20,SimpleTrendline SELL #M26042503
2024.03.12 14:15:00,2048,XAUUSD,sell,in,0.02,2174.06,2048,-0.07,0.00,0.00,3 466.13,United SuperEMA short #M940001
2024.03.12 15:15:00,2049,DE40,sell,in,0.1,17808.40,2049,0.00,0.00,0.00,3 466.13,SimpleTrendline SELL #M26042502
2024.03.12 15:45:00,2050,DE40,buy,out,0.1,17840.90,2050,0.00,0.00,-3.52,3 462.61,
2024.03.12 19:45:00,2051,XAUUSD,buy,out,0.02,2164.62,2051,-0.07,0.00,18.88,3 481.42,
2024.03.12 21:00:00,2052,XAUUSD,sell,in,0.02,2155.02,2052,-0.07,0.00,0.00,3 481.35,United SuperEMA short #M940001
2024.03.12 23:45:03,2053,XAUUSD,buy,out,0.02,2158.21,2053,-0.07,0.00,-6.38,3 474.90,
2024.03.13 10:00:00,2054,DE40,buy,in,0.1,17982.90,2054,0.00,0.00,0.00,3 474.90,SimpleTrendline BUY #M26042502
2024.03.13 11:30:01,2055,DE40,sell,out,0.1,17966.70,2055,0.00,0.00,-1.76,3 473.14,
2024.03.13 12:00:00,2056,XAUUSD,sell,in,0.02,2158.23,2056,-0.07,0.00,0.00,3 473.07,United SuperEMA short #M940001
2024.03.13 13:15:00,2057,XAUUSD,buy,out,0.02,2159.85,2057,-0.07,0.00,-3.24,3 469.76,
2024.03.13 13:30:01,2058,DE40,buy,in,0.1,17988.90,2058,0.00,0.00,0.00,3 469.76,SimpleTrendline BUY #M26042502
2024.03.13 14:00:00,2059,XAUUSD,buy,out,0.01,2163.49,2059,-0.04,0.45,13.51,3 483.68,
2024.03.13 14:00:00,2060,XAUUSD,buy,in,0.01,2163.47,2060,-0.04,0.00,0.00,3 483.64,SimpleTrendline BUY #M26042503
2024.03.13 15:00:00,2061,DE40,sell,out,0.1,17972.50,2061,0.00,0.00,-1.78,3 481.86,
2024.03.13 18:00:00,2062,XAUUSD,buy,in,0.29,2168.94,2062,-1.02,0.00,0.00,3 480.84,RSI Scalping Buy #M129102315
2024.03.13 18:05:58,2063,XAUUSD,sell,out,0.29,2170.05,2063,-1.02,0.00,32.19,3 512.01,sl 2170.13
2024.03.13 20:00:00,2064,XAUUSD,buy,in,0.01,2173.74,2064,-0.04,0.00,0.00,3 511.97,WP Buy #M20260526
2024.03.13 20:00:00,2065,DE40,buy,in,0.1,17982.90,2065,0.00,0.00,0.00,3 511.97,SimpleTrendline BUY #M26042502
2024.03.13 20:30:00,2066,DE40,sell,out,0.1,17981.70,2066,0.00,0.00,-0.13,3 511.84,
2024.03.13 21:30:00,2067,XAUUSD,buy,in,0.02,2175.92,2067,-0.07,0.00,0.00,3 511.77,United SuperEMA long #M940001
2024.03.13 22:30:00,2068,XAUUSD,sell,out,0.02,2174.57,2068,-0.07,0.00,-2.70,3 509.00,
2024.03.13 22:53:59,2069,XAUUSD,sell,out,0.01,2172.36,2069,-0.04,0.00,-1.38,3 507.58,sl 2172.38
2024.03.14 02:45:00,2070,DE40,buy,in,0.1,17983.70,2070,0.00,0.00,0.00,3 507.58,SimpleTrendline BUY #M26042502
2024.03.14 03:00:02,2071,DE40,sell,out,0.1,17971.10,2071,0.00,0.00,-1.37,3 506.21,
2024.03.14 09:00:00,2072,XAUUSD,sell,out,0.01,2168.88,2072,-0.04,-1.56,5.41,3 510.02,
2024.03.14 09:00:00,2073,XAUUSD,sell,in,0.01,2168.87,2073,-0.04,0.00,0.00,3 509.98,SimpleTrendline SELL #M26042503
2024.03.14 12:00:00,2074,XAUUSD,buy,out,0.01,2169.66,2074,-0.04,0.00,-0.79,3 509.15,
2024.03.14 13:30:00,2075,XAUUSD,buy,in,0.01,2169.66,2075,-0.04,0.00,0.00,3 509.11,United SuperEMA long #M940001
2024.03.14 14:30:00,2076,XAUUSD,sell,out,0.01,2169.32,2076,-0.04,0.00,-0.34,3 508.73,
2024.03.14 15:15:02,2077,XAUUSD,sell,in,0.01,2167.60,2077,-0.04,0.00,0.00,3 508.69,United SuperEMA short #M940001
2024.03.14 16:30:00,2078,DE40,buy,in,0.1,17983.90,2078,0.00,0.00,0.00,3 508.69,SimpleTrendline BUY #M26042502
2024.03.14 16:45:00,2079,DE40,sell,out,0.1,17967.60,2079,0.00,0.00,-1.77,3 506.92,
2024.03.14 16:50:22,2080,NVDA.NAS,sell,out,29.2,87.71,2080,-0.58,0.00,17.52,3 523.86,sl 87.73
2024.03.14 17:00:00,2081,NVDA.NAS,sell,in,29.3,88.06,2081,-0.59,0.00,0.00,3 523.27,RSI Scalping Sell #M20003
2024.03.14 17:00:00,2082,TSLA.NAS,buy,out,21.8,165.29,2082,-0.44,0.00,293.65,3 816.48,
2024.03.14 17:00:01,2083,TSLA.NAS,sell,in,0.1,165.20,2083,-0.02,0.00,0.00,3 816.46,WP Sell #M20260530
2024.03.14 17:30:01,2084,NVDA.NAS,buy,out,29.3,88.71,2084,-0.59,0.00,-19.05,3 796.82,
2024.03.14 17:30:01,2085,NVDA.NAS,sell,in,31.8,88.62,2085,-0.64,0.00,0.00,3 796.18,RSI Scalping Sell #M20003
2024.03.14 17:45:01,2086,NVDA.NAS,buy,out,31.8,88.29,2086,-0.64,0.00,10.49,3 806.03,
2024.03.14 19:48:11,2087,TSLA.NAS,buy,out,0.1,163.70,2087,-0.02,0.00,0.15,3 806.16,sl 163.70
2024.03.14 20:15:00,2088,XAUUSD,buy,out,0.01,2162.39,2088,-0.04,0.00,5.21,3 811.33,
2024.03.14 20:45:05,2089,NVDA.NAS,buy,in,31.7,87.56,2089,-0.63,0.00,0.00,3 810.70,RSI Scalping Buy #M20003
2024.03.15 02:00:00,2090,XAUUSD,sell,in,0.01,2161.57,2090,-0.04,0.00,0.00,3 810.66,SimpleTrendline SELL #M26042503
2024.03.15 04:00:04,2091,XAUUSD,buy,out,0.01,2163.01,2091,-0.04,0.00,-1.44,3 809.18,
2024.03.15 05:00:00,2092,XAUUSD,sell,in,0.01,2162.73,2092,-0.04,0.00,0.00,3 809.14,SimpleTrendline SELL #M26042503
2024.03.15 09:00:00,2093,XAUUSD,buy,in,0.31,2169.20,2093,-1.09,0.00,0.00,3 808.05,RSI Scalping Buy #M129102315
2024.03.15 09:00:00,2094,XAUUSD,buy,out,0.01,2169.21,2094,-0.04,0.00,-6.48,3 801.53,
2024.03.15 09:00:00,2095,XAUUSD,buy,in,0.01,2169.21,2095,-0.04,0.00,0.00,3 801.49,SimpleTrendline BUY #M26042503
2024.03.15 09:21:07,2096,XAUUSD,sell,out,0.31,2169.39,2096,-1.09,0.00,5.89,3 806.29,sl 2169.39
2024.03.15 12:00:00,2097,XAUUSD,buy,in,0.31,2169.19,2097,-1.09,0.00,0.00,3 805.20,RSI Scalping Buy #M129102315
2024.03.15 12:06:41,2098,XAUUSD,sell,out,0.31,2169.09,2098,-1.09,0.00,-3.10,3 801.01,sl 2169.12
2024.03.15 13:00:00,2099,XAUUSD,buy,in,0.01,2171.92,2099,-0.04,0.00,0.00,3 800.97,United SuperEMA long #M940001
2024.03.15 14:15:01,2100,XAUUSD,sell,out,0.01,2167.46,2100,-0.04,0.00,-4.46,3 796.47,
2024.03.15 15:00:00,2101,XAUUSD,sell,out,0.01,2167.00,2101,-0.04,0.00,-2.21,3 794.22,
2024.03.15 20:45:05,2102,XAUUSD,sell,in,0.01,2157.27,2102,-0.04,0.00,0.00,3 794.18,United SuperEMA short #M940001
2024.03.15 21:00:00,2103,XAUUSD,sell,out,0.06,2156.82,2103,-0.21,-46.67,729.30,4 476.60,
2024.03.18 03:45:00,2104,XAUUSD,buy,out,0.01,2156.17,2104,-0.04,0.45,1.10,4 478.11,
2024.03.18 04:30:00,2105,XAUUSD,sell,in,0.03,2151.65,2105,-0.11,0.00,0.00,4 478.00,United SuperEMA short #M940001
2024.03.18 07:00:00,2106,XAUUSD,sell,in,0.11,2146.78,2106,-0.39,0.00,0.00,4 477.61,RSI Reverse SELL #M1002
2024.03.18 10:00:02,2107,XAUUSD,buy,out,0.03,2148.06,2107,-0.11,0.00,10.77,4 488.27,
2024.03.18 11:30:00,2108,DE40,sell,in,0.1,17953.00,2108,0.00,0.00,0.00,4 488.27,SimpleTrendline SELL #M26042502
2024.03.18 12:00:00,2109,XAUUSD,buy,in,0.01,2153.63,2109,-0.04,0.00,0.00,4 488.23,SimpleTrendline BUY #M26042503
2024.03.18 12:00:00,2110,DE40,buy,out,0.1,18001.70,2110,0.00,0.00,-5.28,4 482.95,
2024.03.18 13:00:00,2111,XAUUSD,sell,out,0.01,2155.00,2111,-0.04,0.00,1.37,4 484.28,
2024.03.18 14:00:00,2112,XAUUSD,buy,out,0.11,2158.31,2112,-0.39,0.00,-126.83,4 357.06,
2024.03.18 15:00:00,2113,XAUUSD,buy,in,0.36,2161.14,2113,-1.26,0.00,0.00,4 355.80,RSI Scalping Buy #M129102315
2024.03.18 15:06:47,2114,XAUUSD,sell,out,0.36,2160.96,2114,-1.26,0.00,-6.48,4 348.06,sl 2160.96
2024.03.18 16:40:00,2115,AAPL.NAS,buy,in,18.1,176.280,2115,-0.36,0.00,0.00,4 347.70,RSI Scalping Buy #M20001
2024.03.18 16:40:26,2116,AAPL.NAS,sell,out,18.1,176.350,2116,-0.36,0.00,1.27,4 348.61,sl 176.350
2024.03.18 17:00:00,2117,AAPL.NAS,sell,in,18.1,176.740,2117,-0.36,0.00,0.00,4 348.25,RSI Scalping Sell #M20001
2024.03.18 17:04:37,2118,AAPL.NAS,buy,out,18.1,176.750,2118,-0.36,0.00,-0.18,4 347.71,sl 176.740
2024.03.18 17:50:01,2119,AAPL.NAS,sell,in,18.1,176.960,2119,-0.36,0.00,0.00,4 347.35,RSI Scalping Sell #M20001
2024.03.18 18:05:43,2120,AAPL.NAS,buy,out,18.1,176.770,2120,-0.36,0.00,3.44,4 350.43,sl 176.770
2024.03.18 18:15:43,2121,NVDA.NAS,sell,out,31.7,88.62,2121,-0.63,-0.03,33.60,4 383.37,sl 88.62
2024.03.18 19:00:01,2122,NVDA.NAS,sell,in,36.5,88.16,2122,-0.73,0.00,0.00,4 382.64,RSI Scalping Sell #M20003
2024.03.18 20:00:00,2123,NVDA.NAS,buy,out,36.5,87.44,2123,-0.73,0.00,26.28,4 408.19,
2024.03.18 20:00:00,2124,NVDA.NAS,sell,in,36.5,87.40,2124,-0.73,0.00,0.00,4 407.46,RSI Scalping Sell #M20003
2024.03.18 20:00:01,2125,XAUUSD,buy,in,0.01,2160.08,2125,-0.04,0.00,0.00,4 407.42,SimpleTrendline BUY #M26042503
2024.03.18 20:15:01,2126,NVDA.NAS,buy,out,36.5,87.55,2126,-0.73,0.00,-5.48,4 401.21,
2024.03.18 20:30:00,2127,NVDA.NAS,buy,in,36.6,88.20,2127,-0.73,0.00,0.00,4 400.48,RSI Scalping Buy #M20003
2024.03.18 21:00:00,2128,XTIUSD,buy,in,0.5,82.63,2128,0.00,0.00,0.00,4 400.48,WP Buy #M20260533
2024.03.18 21:15:00,2129,XAUUSD,buy,in,0.03,2160.51,2129,-0.11,0.00,0.00,4 400.37,United SuperEMA long #M940001
2024.03.18 23:00:00,2130,XAUUSD,buy,in,0.11,2160.29,2130,-0.39,0.00,0.00,4 399.98,RSI Follow BUY #M1001
2024.03.18 23:45:00,2131,XAUUSD,sell,out,0.03,2159.57,2131,-0.11,0.00,-2.82,4 397.05,
2024.03.19 02:00:00,2132,XAUUSD,buy,in,0.36,2161.31,2132,-1.26,0.00,0.00,4 395.79,RSI Scalping Buy #M129102315
2024.03.19 02:00:00,2133,XAUUSD,sell,in,0.07,2161.26,2133,-0.25,0.00,0.00,4 395.54,RSIConsolidation SELL #M2025042
2024.03.19 03:01:10,2134,XAUUSD,sell,out,0.36,2161.90,2134,-1.26,0.00,21.24,4 415.52,sl 2161.91
2024.03.19 04:00:00,2135,XAUUSD,buy,out,0.07,2160.67,2135,-0.25,0.00,4.13,4 419.40,
2024.03.19 07:00:00,2136,XAUUSD,buy,in,0.36,2161.61,2136,-1.26,0.00,0.00,4 418.14,RSI Scalping Buy #M129102315
2024.03.19 07:22:16,2137,XAUUSD,sell,out,0.36,2161.44,2137,-1.26,0.00,-6.12,4 410.76,sl 2161.45
2024.03.19 09:00:00,2138,XAUUSD,sell,out,0.01,2157.66,2138,-0.04,-0.52,-2.42,4 407.78,
2024.03.19 09:45:01,2139,XAUUSD,buy,in,0.07,2155.89,2139,-0.25,0.00,0.00,4 407.53,RSIConsolidation BUY #M20250420
2024.03.19 11:14:19,2140,XAUUSD,sell,out,0.07,2152.19,2140,-0.25,0.00,-25.90,4 381.38,sl 2152.21
2024.03.19 12:00:00,2141,XAUUSD,sell,out,0.11,2153.13,2141,-0.39,-5.71,-78.76,4 296.52,
2024.03.19 15:45:00,2142,XAUUSD,sell,in,0.05,2157.96,2142,-0.18,0.00,0.00,4 296.34,RSIConsolidation SELL #M2025042
2024.03.19 16:43:03,2143,NVDA.NAS,sell,out,36.6,85.27,2143,-0.73,-0.01,-107.24,4 188.36,sl 85.27
2024.03.19 16:44:45,2144,XAUUSD,buy,out,0.05,2151.85,2144,-0.18,0.00,30.55,4 218.73,tp 2151.86
2024.03.19 16:45:00,2145,NVDA.NAS,sell,in,35.1,85.55,2145,-0.70,0.00,0.00,4 218.03,RSI Scalping Sell #M20003
2024.03.19 17:00:01,2146,NVDA.NAS,buy,out,35.1,85.74,2146,-0.70,0.00,-6.67,4 210.66,
2024.03.19 17:00:01,2147,TSLA.NAS,sell,in,5.2,168.83,2147,-0.10,0.00,0.00,4 210.56,RSI Scalping Sell #M125421321
2024.03.19 17:45:02,2148,NVDA.NAS,buy,in,35,86.76,2148,-0.70,0.00,0.00,4 209.86,RSI Scalping Buy #M20003
2024.03.19 19:00:00,2149,TSLA.NAS,buy,out,5.2,171.55,2149,-0.10,0.00,-14.14,4 195.62,
2024.03.19 21:00:00,2150,XAUUSD,buy,in,0.01,2156.98,2150,-0.04,0.00,0.00,4 195.58,SimpleTrendline BUY #M26042503
2024.03.19 21:30:00,2151,XAUUSD,sell,in,0.06,2156.42,2151,-0.21,0.00,0.00,4 195.37,RSIConsolidation SELL #M2025042
2024.03.19 23:00:00,2152,XAUUSD,buy,in,0.03,2157.95,2152,-0.11,0.00,0.00,4 195.26,United SuperEMA long #M940001
2024.03.19 23:00:00,2153,XAUUSD,sell,out,0.01,2157.90,2153,-0.04,0.00,0.92,4 196.14,
2024.03.20 01:20:14,2154,XAUUSD,buy,out,0.06,2159.34,2154,-0.21,2.69,-17.52,4 181.10,sl 2159.32
2024.03.20 02:00:00,2155,XAUUSD,sell,in,0.06,2158.77,2155,-0.21,0.00,0.00,4 180.89,RSIConsolidation SELL #M2025042
2024.03.20 02:45:06,2156,XAUUSD,sell,out,0.03,2157.42,2156,-0.11,-1.56,-1.59,4 177.63,
2024.03.20 02:45:06,2157,XAUUSD,buy,out,0.06,2157.47,2157,-0.21,0.00,7.80,4 185.22,
2024.03.20 04:00:02,2158,XAUUSD,buy,in,0.01,2157.25,2158,-0.04,0.00,0.00,4 185.18,SimpleTrendline BUY #M26042503
2024.03.20 05:15:06,2159,XAUUSD,sell,in,0.06,2158.01,2159,-0.21,0.00,0.00,4 184.97,RSIConsolidation SELL #M2025042
2024.03.20 05:15:10,2160,XAUUSD,buy,out,0.06,2158.00,2160,-0.21,0.00,0.06,4 184.82,
2024.03.20 05:45:11,2161,XAUUSD,buy,in,0.03,2159.71,2161,-0.11,0.00,0.00,4 184.71,United SuperEMA long #M940001
2024.03.20 06:15:01,2162,XAUUSD,sell,in,0.06,2159.53,2162,-0.21,0.00,0.00,4 184.50,RSIConsolidation SELL #M2025042
2024.03.20 07:00:00,2163,XAUUSD,buy,in,0.34,2159.94,2163,-1.19,0.00,0.00,4 183.31,RSI Scalping Buy #M129102315
2024.03.20 07:46:00,2164,XAUUSD,buy,out,0.06,2158.83,2164,-0.21,0.00,4.20,4 187.30,
2024.03.20 08:00:00,2165,XAUUSD,sell,out,0.03,2156.93,2165,-0.11,0.00,-8.34,4 178.85,
2024.03.20 11:00:00,2166,XAUUSD,sell,out,0.34,2158.21,2166,-1.19,0.00,-58.82,4 118.84,
2024.03.20 11:03:19,2167,XTIUSD,sell,out,0.5,82.83,2167,0.00,10.70,10.00,4 139.54,sl 82.83
2024.03.20 12:00:00,2168,XAUUSD,sell,in,0.01,2156.19,2168,-0.04,0.00,0.00,4 139.50,United SuperEMA short #M940001
2024.03.20 16:15:00,2169,XAUUSD,buy,out,0.01,2154.79,2169,-0.04,0.00,1.40,4 140.86,
2024.03.20 21:00:00,2170,XAUUSD,sell,out,0.01,2156.90,2170,-0.04,0.00,-0.35,4 140.47,
2024.03.20 21:15:00,2171,XAUUSD,buy,in,0.01,2167.95,2171,-0.04,0.00,0.00,4 140.43,United SuperEMA long #M940001
2024.03.20 21:50:00,2172,AAPL.NAS,buy,in,17.2,178.110,2172,-0.34,0.00,0.00,4 140.09,RSI Scalping Buy #M20001
2024.03.20 22:00:00,2173,XAUUSD,buy,in,0.34,2182.18,2173,-1.19,0.00,0.00,4 138.90,RSI Scalping Buy #M129102315
2024.03.20 22:00:02,2174,XAUUSD,sell,out,0.34,2182.18,2174,-1.19,0.00,0.00,4 137.71,sl 2182.19
2024.03.20 22:07:50,2175,AAPL.NAS,sell,out,17.2,178.270,2175,-0.34,0.00,2.75,4 140.12,sl 178.280
2024.03.20 22:20:00,2176,AAPL.NAS,buy,in,17.2,178.320,2176,-0.34,0.00,0.00,4 139.78,RSI Scalping Buy #M20001
2024.03.20 22:28:29,2177,XAUUSD,buy,in,0.17,2186.81,2177,-0.60,0.00,0.00,4 139.18,Darvas Box Breakout #M135790
2024.03.21 01:02:12,2178,XAUUSD,buy,in,0.01,2187.76,2178,-0.04,0.00,0.00,4 139.14,WP Buy #M20260526
2024.03.21 01:16:21,2179,XAUUSD,sell,out,0.01,2217.77,2179,-0.04,0.00,30.01,4 169.11,tp 2217.76
2024.03.21 02:00:00,2180,XAUUSD,buy,in,0.01,2201.00,2180,-0.04,0.00,0.00,4 169.07,SimpleTrendline BUY #M26042503
2024.03.21 03:45:00,2181,XAUUSD,sell,out,0.01,2194.14,2181,-0.04,-1.56,26.19,4 193.66,
2024.03.21 06:00:00,2182,XAUUSD,sell,out,0.01,2203.45,2182,-0.04,0.00,2.45,4 196.07,
2024.03.21 07:00:00,2183,XAUUSD,buy,in,0.1,2203.00,2183,-0.35,0.00,0.00,4 195.72,RSI Reverse BUY #M1002
2024.03.21 10:00:00,2184,XAUUSD,sell,in,0.06,2207.22,2184,-0.21,0.00,0.00,4 195.51,RSIConsolidation SELL #M2025042
2024.03.21 11:15:00,2185,XAUUSD,buy,out,0.06,2204.62,2185,-0.21,0.00,15.60,4 210.90,
2024.03.21 12:00:00,2186,XAUUSD,sell,in,0.35,2201.62,2186,-1.23,0.00,0.00,4 209.67,RSI Scalping Sell #M129102315
2024.03.21 12:03:25,2187,XAUUSD,buy,out,0.35,2200.80,2187,-1.23,0.00,28.70,4 237.14,sl 2200.72
2024.03.21 13:00:00,2188,XAUUSD,buy,in,0.01,2205.54,2188,-0.04,0.00,0.00,4 237.10,SimpleTrendline BUY #M26042503
2024.03.21 14:00:00,2189,XAUUSD,sell,in,0.07,2207.69,2189,-0.25,0.00,0.00,4 236.85,RSIConsolidation SELL #M2025042
2024.03.21 14:30:00,2190,XAUUSD,buy,out,0.07,2206.39,2190,-0.25,0.00,9.10,4 245.70,
2024.03.21 17:00:00,2191,XAUUSD,sell,in,0.35,2191.36,2191,-1.23,0.00,0.00,4 244.47,RSI Scalping Sell #M129102315
2024.03.21 17:00:00,2192,XAUUSD,sell,out,0.01,2191.31,2192,-0.04,0.00,-14.23,4 230.20,
2024.03.21 17:00:00,2193,AAPL.NAS,sell,out,17.2,176.020,2193,-0.34,0.00,-39.56,4 190.30,
2024.03.21 17:00:38,2194,XAUUSD,buy,out,0.35,2191.07,2194,-1.23,0.00,10.15,4 199.22,sl 2190.74
2024.03.21 18:05:02,2195,XAUUSD,sell,out,0.17,2170.16,2195,-0.60,-26.46,-283.05,3 889.11,sl 2170.16
2024.03.21 19:00:00,2196,DE40,buy,in,0.1,18173.40,2196,0.00,0.00,0.00,3 889.11,SimpleTrendline BUY #M26042502
2024.03.21 19:45:00,2197,DE40,sell,out,0.1,18170.60,2197,0.00,0.00,-0.30,3 888.81,
2024.03.21 20:15:07,2198,DE40,buy,in,0.1,18181.80,2198,0.00,0.00,0.00,3 888.81,SimpleTrendline BUY #M26042502
2024.03.21 20:30:00,2199,DE40,sell,out,0.1,18172.60,2199,0.00,0.00,-1.00,3 887.81,
2024.03.21 21:00:00,2200,TSLA.NAS,sell,in,4.8,172.35,2200,-0.10,0.00,0.00,3 887.71,RSI Scalping Sell #M125421321
2024.03.22 04:45:00,2201,XAUUSD,sell,in,0.06,2181.64,2201,-0.21,0.00,0.00,3 887.50,RSIConsolidation SELL #M2025042
2024.03.22 04:45:00,2202,XAUUSD,buy,out,0.06,2181.87,2202,-0.21,0.00,-1.38,3 885.91,
2024.03.22 04:51:44,2203,AUDUSD,buy,in,0.2,0.65528,2203,-0.70,0.00,0.00,3 885.21,RSI Oversold Crossover Buy #M30
2024.03.22 06:15:02,2204,DE40,sell,in,0.1,18139.60,2204,0.00,0.00,0.00,3 885.21,SimpleTrendline SELL #M26042502
2024.03.22 06:45:01,2205,DE40,buy,out,0.1,18153.10,2205,0.00,0.00,-1.46,3 883.75,
2024.03.22 08:00:00,2206,AUDUSD,sell,out,0.2,0.65242,2206,-0.70,0.00,-57.20,3 825.85,
2024.03.22 17:30:00,2207,XAUUSD,sell,in,0.05,2174.83,2207,-0.18,0.00,0.00,3 825.67,RSIConsolidation SELL #M2025042
2024.03.22 18:15:00,2208,XAUUSD,buy,out,0.05,2169.52,2208,-0.18,0.00,26.55,3 852.04,
2024.03.22 19:00:00,2209,XAUUSD,sell,in,0.01,2166.05,2209,-0.04,0.00,0.00,3 852.00,SimpleTrendline SELL #M26042503
2024.03.22 20:00:00,2210,XAUUSD,sell,out,0.1,2162.71,2210,-0.35,-5.19,-402.90,3 443.56,
2024.03.22 20:30:00,2211,XAUUSD,sell,in,0.02,2158.49,2211,-0.07,0.00,0.00,3 443.49,United SuperEMA short #M940001
2024.03.22 21:00:00,2212,XAUUSD,buy,out,0.01,2159.13,2212,-0.04,0.00,6.92,3 450.37,
2024.03.22 22:45:00,2213,XAUUSD,buy,out,0.02,2164.62,2213,-0.07,0.00,-12.26,3 438.04,
2024.03.22 23:00:00,2214,XAUUSD,buy,in,0.08,2164.09,2214,-0.28,0.00,0.00,3 437.76,RSI Follow BUY #M1001
2024.03.25 01:15:02,2215,DE40,buy,in,0.1,18240.20,2215,0.00,0.00,0.00,3 437.76,SimpleTrendline BUY #M26042502
2024.03.25 01:45:00,2216,XAUUSD,sell,in,0.05,2165.84,2216,-0.18,0.00,0.00,3 437.58,RSIConsolidation SELL #M2025042
2024.03.25 01:45:13,2217,DE40,sell,out,0.1,18229.20,2217,0.00,0.00,-1.19,3 436.39,
2024.03.25 03:00:01,2218,XAUUSD,buy,in,0.01,2168.34,2218,-0.04,0.00,0.00,3 436.35,SimpleTrendline BUY #M26042503
2024.03.25 03:00:01,2219,DE40,buy,in,0.1,18250.10,2219,0.00,0.00,0.00,3 436.35,SimpleTrendline BUY #M26042502
2024.03.25 03:01:55,2220,XAUUSD,buy,out,0.05,2169.14,2220,-0.18,0.00,-16.50,3 419.67,sl 2169.06
2024.03.25 03:30:00,2221,XAUUSD,sell,in,0.05,2164.96,2221,-0.18,0.00,0.00,3 419.49,RSIConsolidation SELL #M2025042
2024.03.25 03:30:03,2222,XAUUSD,buy,out,0.05,2165.05,2222,-0.18,0.00,-0.45,3 418.86,
2024.03.25 04:15:18,2223,DE40,sell,out,0.1,18234.00,2223,0.00,0.00,-1.74,3 417.12,
2024.03.25 05:15:05,2224,DE40,buy,in,0.1,18252.00,2224,0.00,0.00,0.00,3 417.12,SimpleTrendline BUY #M26042502
2024.03.25 05:30:08,2225,DE40,sell,out,0.1,18233.50,2225,0.00,0.00,-2.00,3 415.12,
2024.03.25 06:30:00,2226,XAUUSD,sell,in,0.04,2171.41,2226,-0.14,0.00,0.00,3 414.98,RSIConsolidation SELL #M2025042
2024.03.25 06:30:00,2227,XAUUSD,buy,out,0.04,2171.49,2227,-0.14,0.00,-0.32,3 414.52,
2024.03.25 07:00:00,2228,XAUUSD,sell,out,0.01,2170.64,2228,-0.04,0.00,2.30,3 416.78,
2024.03.25 07:00:01,2229,DE40,buy,in,0.1,18240.00,2229,0.00,0.00,0.00,3 416.78,SimpleTrendline BUY #M26042502
2024.03.25 07:15:13,2230,DE40,sell,out,0.1,18229.50,2230,0.00,0.00,-1.14,3 415.64,
2024.03.25 08:30:16,2231,DE40,sell,in,0.1,18228.00,2231,0.00,0.00,0.00,3 415.64,SimpleTrendline SELL #M26042502
2024.03.25 11:15:00,2232,DE40,buy,out,0.1,18233.80,2232,0.00,0.00,-0.63,3 415.01,
2024.03.25 13:45:10,2233,XAUUSD,sell,in,0.05,2168.60,2233,-0.18,0.00,0.00,3 414.83,RSIConsolidation SELL #M2025042
2024.03.25 15:03:06,2234,XAUUSD,buy,out,0.05,2172.65,2234,-0.18,0.00,-20.25,3 394.40,sl 2172.65
2024.03.25 16:35:00,2235,TSLA.NAS,buy,out,4.8,174.18,2235,-0.10,0.00,-8.78,3 385.52,
2024.03.25 16:45:00,2236,XAUUSD,sell,in,0.04,2178.53,2236,-0.14,0.00,0.00,3 385.38,RSIConsolidation SELL #M2025042
2024.03.25 17:00:00,2237,XAUUSD,buy,in,0.22,2177.29,2237,-0.77,0.00,0.00,3 384.61,RSI Scalping Buy #M129102315
2024.03.25 17:02:57,2238,XAUUSD,sell,out,0.22,2178.49,2238,-0.77,0.00,26.40,3 410.24,sl 2178.50
2024.03.25 18:00:00,2239,BTCUSD,buy,in,0.28,69447.90,2239,0.00,0.00,0.00,3 410.24,RSI Scalping Buy #M123459123
2024.03.25 18:00:01,2240,TSLA.NAS,sell,in,4.2,169.94,2240,-0.08,0.00,0.00,3 410.16,RSI Scalping Sell #M125421321
2024.03.25 18:00:19,2241,BTCUSD,sell,out,0.28,69767.40,2241,0.00,0.00,89.46,3 499.62,sl 69776.45
2024.03.25 18:30:00,2242,XAUUSD,buy,out,0.04,2175.54,2242,-0.14,0.00,11.96,3 511.44,
2024.03.25 19:08:08,2243,BTCUSD,buy,in,0.01,69687.90,2243,0.00,0.00,0.00,3 511.44,WP Buy #M20260527
2024.03.25 19:47:27,2244,BTCUSD,sell,out,0.01,69967.40,2244,0.00,0.00,2.80,3 514.24,sl 69994.30
2024.03.25 20:00:00,2245,TSLA.NAS,buy,out,4.2,172.90,2245,-0.08,0.00,-12.43,3 501.73,
2024.03.25 21:00:00,2246,TSLA.NAS,sell,in,4.3,172.58,2246,-0.09,0.00,0.00,3 501.64,RSI Scalping Sell #M125421321
2024.03.25 22:00:00,2247,XAUUSD,sell,in,0.01,2173.27,2247,-0.04,0.00,0.00,3 501.60,SimpleTrendline SELL #M26042503
2024.03.26 04:00:01,2248,XAUUSD,buy,out,0.01,2173.91,2248,-0.04,0.45,-0.64,3 501.37,
2024.03.26 04:15:00,2249,XAUUSD,sell,in,0.05,2172.24,2249,-0.18,0.00,0.00,3 501.19,RSIConsolidation SELL #M2025042
2024.03.26 04:15:00,2250,XAUUSD,buy,out,0.05,2172.31,2250,-0.18,0.00,-0.35,3 500.66,
2024.03.26 04:22:09,2251,AUDUSD,sell,in,0.23,0.65540,2251,-0.81,0.00,0.00,3 499.85,RSI Overbought Crossover Sell #
2024.03.26 04:45:01,2252,XAUUSD,sell,in,0.02,2169.47,2252,-0.07,0.00,0.00,3 499.78,United SuperEMA short #M940001
2024.03.26 05:00:00,2253,XAUUSD,sell,in,0.01,2169.46,2253,-0.04,0.00,0.00,3 499.74,SimpleTrendline SELL #M26042503
2024.03.26 06:35:58,2254,AUDUSD,buy,out,0.23,0.65382,2254,-0.81,0.00,36.34,3 535.27,
2024.03.26 07:00:02,2255,DE40,buy,in,0.1,18267.40,2255,0.00,0.00,0.00,3 535.27,SimpleTrendline BUY #M26042502
2024.03.26 07:30:02,2256,XAUUSD,buy,out,0.02,2171.55,2256,-0.07,0.00,-4.16,3 531.04,
2024.03.26 08:00:00,2257,XAUUSD,buy,out,0.01,2172.38,2257,-0.04,0.00,-2.92,3 528.08,
2024.03.26 08:45:00,2258,XAUUSD,sell,in,0.05,2171.59,2258,-0.18,0.00,0.00,3 527.90,RSIConsolidation SELL #M2025042
2024.03.26 08:45:00,2259,XAUUSD,buy,out,0.05,2171.64,2259,-0.18,0.00,-0.25,3 527.47,
2024.03.26 09:15:35,2260,DE40,sell,out,0.1,18270.40,2260,0.00,0.00,0.32,3 527.79,
2024.03.26 09:45:00,2261,XAUUSD,sell,in,0.05,2171.85,2261,-0.18,0.00,0.00,3 527.61,RSIConsolidation SELL #M2025042
2024.03.26 09:45:01,2262,XAUUSD,buy,out,0.05,2171.88,2262,-0.18,0.00,-0.15,3 527.28,
2024.03.26 11:00:00,2263,DE40,sell,in,0.1,18264.60,2263,0.00,0.00,0.00,3 527.28,SimpleTrendline SELL #M26042502
2024.03.26 11:15:00,2264,XAUUSD,sell,in,0.05,2173.64,2264,-0.18,0.00,0.00,3 527.10,RSIConsolidation SELL #M2025042
2024.03.26 11:24:22,2265,XAUUSD,buy,out,0.05,2177.08,2265,-0.18,0.00,-17.20,3 509.72,sl 2177.01
2024.03.26 11:45:01,2266,DE40,buy,out,0.1,18288.40,2266,0.00,0.00,-2.58,3 507.14,
2024.03.26 12:00:00,2267,XAUUSD,sell,in,0.08,2178.33,2267,-0.28,0.00,0.00,3 506.86,RSI Reverse SELL #M1002
2024.03.26 12:00:00,2268,XAUUSD,buy,out,0.08,2178.38,2268,-0.28,0.00,-0.40,3 506.18,
2024.03.26 12:00:00,2269,XAUUSD,buy,in,0.29,2178.37,2269,-1.02,0.00,0.00,3 505.16,RSI Scalping Buy #M129102315
2024.03.26 12:16:36,2270,XAUUSD,sell,out,0.29,2183.04,2270,-1.02,0.00,135.43,3 639.57,sl 2183.21
2024.03.26 12:30:00,2271,DE40,buy,in,0.1,18309.50,2271,0.00,0.00,0.00,3 639.57,SimpleTrendline BUY #M26042502
2024.03.26 16:00:00,2272,XAUUSD,sell,in,0.3,2188.03,2272,-1.05,0.00,0.00,3 638.52,RSI Scalping Sell #M129102315
2024.03.26 16:00:44,2273,XAUUSD,buy,out,0.3,2186.67,2273,-1.05,0.00,40.80,3 678.27,sl 2186.67
2024.03.26 16:35:01,2274,TSLA.NAS,buy,out,4.3,178.70,2274,-0.09,0.00,-26.32,3 651.86,
2024.03.26 17:00:00,2275,TSLA.NAS,buy,in,4.5,182.01,2275,-0.09,0.00,0.00,3 651.77,RSI Scalping Buy #M125421321
2024.03.26 18:00:00,2276,XAUUSD,sell,in,0.01,2179.46,2276,-0.04,0.00,0.00,3 651.73,SimpleTrendline SELL #M26042503
2024.03.26 19:00:01,2277,TSLA.NAS,sell,out,4.5,180.83,2277,-0.09,0.00,-5.31,3 646.33,
2024.03.26 22:53:08,2278,NVDA.NAS,sell,out,35,92.92,2278,-0.70,-0.06,215.60,3 861.17,sl 92.95
2024.03.26 23:00:00,2279,DE40,sell,out,0.1,18350.30,2279,0.00,0.00,4.42,3 865.59,
2024.03.27 03:30:00,2280,XAUUSD,sell,in,0.06,2177.76,2280,-0.21,0.00,0.00,3 865.38,RSIConsolidation SELL #M2025042
2024.03.27 03:30:01,2281,XAUUSD,buy,out,0.06,2177.81,2281,-0.21,0.00,-0.30,3 864.87,
2024.03.27 06:45:00,2282,XAUUSD,sell,in,0.03,2178.15,2282,-0.11,0.00,0.00,3 864.76,RSIConsolidation SELL #M2025042
2024.03.27 07:00:00,2283,XAUUSD,sell,in,0.09,2177.78,2283,-0.32,0.00,0.00,3 864.44,RSI Reverse SELL #M1002
2024.03.27 07:00:00,2284,XAUUSD,buy,out,0.09,2177.82,2284,-0.32,0.00,-0.36,3 863.76,
2024.03.27 07:00:00,2285,XAUUSD,buy,out,0.03,2177.82,2285,-0.11,0.00,0.99,3 864.64,
2024.03.27 07:30:00,2286,XAUUSD,buy,in,0.03,2179.63,2286,-0.11,0.00,0.00,3 864.53,United SuperEMA long #M940001
2024.03.27 08:15:00,2287,XAUUSD,sell,out,0.03,2176.63,2287,-0.11,0.00,-9.00,3 855.42,
2024.03.27 10:30:01,2288,DE40,buy,in,0.1,18390.60,2288,0.00,0.00,0.00,3 855.42,SimpleTrendline BUY #M26042502
2024.03.27 11:00:00,2289,XAUUSD,sell,in,0.06,2180.58,2289,-0.21,0.00,0.00,3 855.21,RSIConsolidation SELL #M2025042
2024.03.27 11:00:00,2290,XAUUSD,buy,out,0.01,2180.67,2290,-0.04,0.45,-1.21,3 854.41,
2024.03.27 11:00:00,2291,DE40,sell,out,0.1,18393.10,2291,0.00,0.00,0.27,3 854.68,
2024.03.27 11:45:00,2292,XAUUSD,buy,out,0.06,2177.43,2292,-0.21,0.00,18.90,3 873.37,
2024.03.27 11:45:00,2293,DE40,buy,in,0.1,18415.40,2293,0.00,0.00,0.00,3 873.37,SimpleTrendline BUY #M26042502
2024.03.27 12:00:00,2294,DE40,sell,out,0.1,18400.10,2294,0.00,0.00,-1.66,3 871.71,
2024.03.27 13:00:00,2295,XAUUSD,buy,in,0.32,2189.41,2295,-1.12,0.00,0.00,3 870.59,RSI Scalping Buy #M129102315
2024.03.27 13:01:22,2296,XAUUSD,sell,out,0.32,2189.28,2296,-1.12,0.00,-4.16,3 865.31,sl 2189.29
2024.03.27 14:30:00,2297,DE40,buy,in,0.1,18462.60,2297,0.00,0.00,0.00,3 865.31,SimpleTrendline BUY #M26042502
2024.03.27 15:00:00,2298,XAUUSD,sell,in,0.06,2188.35,2298,-0.21,0.00,0.00,3 865.10,RSIConsolidation SELL #M2025042
2024.03.27 15:00:01,2299,XAUUSD,buy,out,0.06,2188.51,2299,-0.21,0.00,-0.96,3 863.93,
2024.03.27 17:00:00,2300,TSLA.NAS,sell,in,4.8,176.19,2300,-0.10,0.00,0.00,3 863.83,RSI Scalping Sell #M125421321
2024.03.27 17:00:00,2301,XAUUSD,buy,in,0.32,2193.54,2301,-1.12,0.00,0.00,3 862.71,RSI Scalping Buy #M129102315
2024.03.27 17:00:00,2302,DE40,sell,out,0.1,18486.80,2302,0.00,0.00,2.62,3 865.33,
2024.03.27 17:02:32,2303,XAUUSD,sell,out,0.32,2193.29,2303,-1.12,0.00,-8.00,3 856.21,sl 2193.37
2024.03.27 17:30:00,2304,XAUUSD,sell,in,0.06,2192.23,2304,-0.21,0.00,0.00,3 856.00,RSIConsolidation SELL #M2025042
2024.03.27 18:00:00,2305,TSLA.NAS,buy,out,4.8,178.55,2305,-0.10,0.00,-11.33,3 844.57,
2024.03.27 18:30:00,2306,XAUUSD,buy,out,0.06,2189.69,2306,-0.21,0.00,15.24,3 859.60,
2024.03.27 20:00:06,2307,NVDA.NAS,buy,in,32.1,90.28,2307,-0.64,0.00,0.00,3 858.96,RSI Scalping Buy #M20003
2024.03.28 05:30:00,2308,XAUUSD,buy,in,0.03,2194.10,2308,-0.11,0.00,0.00,3 858.85,United SuperEMA long #M940001
2024.03.28 06:00:00,2309,XAUUSD,buy,in,0.32,2194.94,2309,-1.12,0.00,0.00,3 857.73,RSI Scalping Buy #M129102315
2024.03.28 06:00:00,2310,XAUUSD,buy,in,0.01,2194.92,2310,-0.04,0.00,0.00,3 857.69,SimpleTrendline BUY #M26042503
2024.03.28 06:18:23,2311,XAUUSD,sell,out,0.32,2194.74,2311,-1.12,0.00,-6.40,3 850.17,sl 2194.74
2024.03.28 08:00:00,2312,XAUUSD,sell,out,0.01,2195.69,2312,-0.04,0.00,0.77,3 850.90,
2024.03.28 08:45:04,2313,DE40,buy,in,0.1,18522.00,2313,0.00,0.00,0.00,3 850.90,SimpleTrendline BUY #M26042502
2024.03.28 09:15:04,2314,DE40,sell,out,0.1,18515.00,2314,0.00,0.00,-0.76,3 850.14,
2024.03.28 10:30:00,2315,XAUUSD,sell,out,0.03,2194.53,2315,-0.11,0.00,1.29,3 851.32,
2024.03.28 12:00:03,2316,XAUUSD,buy,in,0.32,2194.75,2316,-1.12,0.00,0.00,3 850.20,RSI Scalping Buy #M129102315
2024.03.28 12:00:03,2317,XAUUSD,buy,in,0.03,2194.74,2317,-0.11,0.00,0.00,3 850.09,SimpleTrendline BUY #M26042503
2024.03.28 12:21:04,2318,XAUUSD,sell,out,0.32,2195.01,2318,-1.12,0.00,8.32,3 857.29,sl 2195.04
2024.03.28 13:15:00,2319,XAUUSD,buy,in,0.03,2198.64,2319,-0.11,0.00,0.00,3 857.18,United SuperEMA long #M940001
2024.03.28 15:00:00,2320,XAUUSD,sell,in,0.32,2210.42,2320,-1.12,0.00,0.00,3 856.06,RSI Scalping Sell #M129102315
2024.03.28 15:01:21,2321,XAUUSD,buy,out,0.32,2210.71,2321,-1.12,0.00,-9.28,3 845.66,sl 2210.69
2024.03.28 16:00:00,2322,XAUUSD,buy,in,0.01,2215.78,2322,-0.04,0.00,0.00,3 845.62,WP Buy #M20260526
2024.03.28 16:45:00,2323,XAUUSD,sell,out,0.03,2208.38,2323,-0.11,0.00,29.22,3 874.73,
2024.03.28 17:00:00,2324,TSLA.NAS,sell,in,4.8,176.71,2324,-0.10,0.00,0.00,3 874.63,RSI Scalping Sell #M125421321
2024.03.28 17:00:00,2325,XAUUSD,sell,in,0.32,2208.28,2325,-1.12,0.00,0.00,3 873.51,RSI Scalping Sell #M129102315
2024.03.28 17:00:06,2326,XAUUSD,buy,out,0.32,2208.20,2326,-1.12,0.00,2.56,3 874.95,sl 2208.11
2024.03.28 18:02:20,2327,BTCUSD,buy,in,0.01,71512.20,2327,0.00,0.00,0.00,3 874.95,WP Buy #M20260527
2024.03.28 19:06:53,2328,BTCUSD,sell,out,0.01,71011.00,2328,0.00,0.00,-5.01,3 869.94,sl 71012.20
2024.03.28 19:15:00,2329,DE40,sell,in,0.1,18492.00,2329,0.00,0.00,0.00,3 869.94,SimpleTrendline SELL #M26042502
2024.03.28 19:30:00,2330,XAUUSD,buy,in,0.06,2219.20,2330,-0.21,0.00,0.00,3 869.73,United SuperEMA long #M940001
2024.03.28 19:30:00,2331,DE40,buy,out,0.1,18505.90,2331,0.00,0.00,-1.51,3 868.22,
2024.03.28 20:25:18,2332,XAUUSD,sell,out,0.01,2217.83,2332,-0.04,0.00,2.05,3 870.23,sl 2217.90
2024.03.28 22:00:00,2333,XAUUSD,sell,in,0.32,2220.57,2333,-1.12,0.00,0.00,3 869.11,RSI Scalping Sell #M129102315
2024.03.28 22:24:33,2334,XAUUSD,buy,out,0.32,2219.33,2334,-1.12,0.00,39.68,3 907.67,sl 2219.03
2024.03.28 22:45:02,2335,XAUUSD,sell,out,0.06,2219.33,2335,-0.21,0.00,0.78,3 908.24,
2024.04.01 02:00:00,2336,XAUUSD,sell,out,0.03,2237.13,2336,-0.11,-3.12,127.17,4 032.18,
2024.04.01 02:00:00,2337,XAUUSD,buy,in,0.01,2237.35,2337,-0.04,0.00,0.00,4 032.14,WP Buy #M20260526
2024.04.01 03:00:00,2338,XAUUSD,buy,in,0.03,2246.55,2338,-0.11,0.00,0.00,4 032.03,SimpleTrendline BUY #M26042503
2024.04.01 07:42:04,2339,XAUUSD,sell,out,0.01,2258.15,2339,-0.04,0.00,20.80,4 052.79,sl 2258.21
2024.04.01 13:00:00,2340,XAUUSD,sell,in,0.33,2251.79,2340,-1.16,0.00,0.00,4 051.63,RSI Scalping Sell #M129102315
2024.04.01 13:05:39,2341,XAUUSD,buy,out,0.33,2251.90,2341,-1.16,0.00,-3.63,4 046.84,sl 2251.83
2024.04.01 14:00:05,2342,XAUUSD,sell,out,0.03,2247.82,2342,-0.11,0.00,3.81,4 050.54,
2024.04.01 14:00:05,2343,XAUUSD,sell,in,0.03,2247.82,2343,-0.11,0.00,0.00,4 050.43,SimpleTrendline SELL #M26042503
2024.04.01 16:00:00,2344,XAUUSD,buy,out,0.03,2252.68,2344,-0.11,0.00,-14.58,4 035.74,
2024.04.01 16:15:00,2345,XAUUSD,buy,in,0.06,2255.52,2345,-0.21,0.00,0.00,4 035.53,United SuperEMA long #M940001
2024.04.01 17:00:00,2346,XAUUSD,sell,out,0.06,2243.08,2346,-0.21,0.00,-74.64,3 960.68,
2024.04.01 17:00:00,2347,XAUUSD,sell,in,0.03,2242.64,2347,-0.11,0.00,0.00,3 960.57,SimpleTrendline SELL #M26042503
2024.04.01 19:15:06,2348,NVDA.NAS,sell,out,32.1,89.68,2348,-0.64,-0.04,-19.26,3 940.63,
2024.04.01 19:30:01,2349,NVDA.NAS,buy,in,32.8,89.89,2349,-0.66,0.00,0.00,3 939.97,RSI Scalping Buy #M20003
2024.04.01 22:15:00,2350,XAUUSD,buy,in,0.06,2240.85,2350,-0.21,0.00,0.00,3 939.76,United SuperEMA long #M940001
2024.04.02 02:00:04,2351,XAUUSD,buy,out,0.03,2253.05,2351,-0.11,1.34,-31.23,3 909.76,
2024.04.02 03:16:16,2352,DE40,buy,in,0.1,18515.80,2352,0.00,0.00,0.00,3 909.76,SimpleTrendline BUY #M26042502
2024.04.02 03:30:24,2353,DE40,sell,out,0.1,18506.00,2353,0.00,0.00,-1.06,3 908.70,
2024.04.02 04:15:00,2354,XAUUSD,sell,out,0.06,2248.76,2354,-0.21,-3.11,47.46,3 952.84,
2024.04.02 06:00:00,2355,XAUUSD,buy,in,0.32,2254.38,2355,-1.12,0.00,0.00,3 951.72,RSI Scalping Buy #M129102315
2024.04.02 06:09:19,2356,XAUUSD,sell,out,0.32,2254.37,2356,-1.12,0.00,-0.32,3 950.28,sl 2254.43
2024.04.02 07:45:00,2357,XAUUSD,buy,in,0.06,2256.73,2357,-0.21,0.00,0.00,3 950.07,United SuperEMA long #M940001
2024.04.02 09:45:01,2358,DE40,buy,in,0.1,18525.90,2358,0.00,0.00,0.00,3 950.07,SimpleTrendline BUY #M26042502
2024.04.02 10:00:00,2359,DE40,sell,out,0.1,18516.40,2359,0.00,0.00,-1.03,3 949.04,
2024.04.02 13:15:02,2360,XAUUSD,sell,out,0.06,2256.48,2360,-0.21,0.00,-1.50,3 947.33,
2024.04.02 16:35:01,2361,TSLA.NAS,buy,out,4.8,164.01,2361,-0.10,0.00,60.96,4 008.19,
2024.04.02 16:49:01,2362,XAUUSD,buy,in,0.16,2266.88,2362,-0.56,0.00,0.00,4 007.63,Darvas Box Breakout #M135790
2024.04.02 17:00:00,2363,XAUUSD,buy,in,0.06,2265.37,2363,-0.21,0.00,0.00,4 007.42,United SuperEMA long #M940001
2024.04.02 17:00:00,2364,XAUUSD,buy,in,0.03,2265.35,2364,-0.11,0.00,0.00,4 007.31,SimpleTrendline BUY #M26042503
2024.04.02 17:30:00,2365,NVDA.NAS,sell,out,32.8,88.02,2365,-0.66,-0.01,-61.34,3 945.30,
2024.04.02 18:15:00,2366,XAUUSD,sell,out,0.06,2259.11,2366,-0.21,0.00,-37.56,3 907.53,
2024.04.02 18:15:00,2367,NVDA.NAS,buy,in,32.5,88.74,2367,-0.65,0.00,0.00,3 906.88,RSI Scalping Buy #M20003
2024.04.02 20:00:00,2368,XAUUSD,buy,in,0.32,2260.43,2368,-1.12,0.00,0.00,3 905.76,RSI Scalping Buy #M129102315
2024.04.02 20:05:58,2369,XAUUSD,sell,out,0.32,2260.18,2369,-1.12,0.00,-8.00,3 896.64,sl 2260.22
2024.04.02 21:15:00,2370,XAUUSD,buy,in,0.06,2271.66,2370,-0.21,0.00,0.00,3 896.43,United SuperEMA long #M940001
2024.04.03 02:00:00,2371,XAUUSD,buy,in,0.01,2282.01,2371,-0.04,0.00,0.00,3 896.39,WP Buy #M20260526
2024.04.03 03:00:00,2372,XAUUSD,sell,in,0.32,2279.97,2372,-1.12,0.00,0.00,3 895.27,RSI Scalping Sell #M129102315
2024.04.03 03:00:06,2373,XAUUSD,buy,out,0.32,2280.08,2373,-1.12,0.00,-3.52,3 890.63,sl 2280.08
2024.04.03 04:15:00,2374,XAUUSD,sell,out,0.06,2277.99,2374,-0.21,-3.11,37.98,3 925.29,
2024.04.03 08:00:00,2375,XAUUSD,sell,in,0.32,2283.77,2375,-1.12,0.00,0.00,3 924.17,RSI Scalping Sell #M129102315
2024.04.03 08:07:38,2376,XAUUSD,buy,out,0.32,2281.90,2376,-1.12,0.00,59.84,3 982.89,sl 2281.90
2024.04.03 10:00:00,2377,XAUUSD,sell,in,0.33,2282.07,2377,-1.16,0.00,0.00,3 981.73,RSI Scalping Sell #M129102315
2024.04.03 10:02:08,2378,XAUUSD,sell,out,0.01,2280.36,2378,-0.04,0.00,-1.65,3 980.04,sl 2280.47
2024.04.03 10:08:14,2379,XAUUSD,buy,out,0.33,2277.89,2379,-1.16,0.00,137.94,4 116.82,sl 2277.89
2024.04.03 11:00:00,2380,XAUUSD,sell,out,0.03,2271.22,2380,-0.11,-1.56,17.61,4 132.76,
2024.04.03 15:00:00,2381,XAUUSD,buy,in,0.06,2273.81,2381,-0.21,0.00,0.00,4 132.55,United SuperEMA long #M940001
2024.04.03 15:30:02,2382,XAUUSD,sell,out,0.06,2268.39,2382,-0.21,0.00,-32.52,4 099.82,
2024.04.03 17:00:00,2383,XAUUSD,buy,in,0.03,2279.88,2383,-0.11,0.00,0.00,4 099.71,SimpleTrendline BUY #M26042503
2024.04.03 18:00:00,2384,AAPL.NAS,buy,in,17,170.520,2384,-0.34,0.00,0.00,4 099.37,RSI Scalping Buy #M20001
2024.04.03 18:00:00,2385,XAUUSD,buy,in,0.34,2282.66,2385,-1.19,0.00,0.00,4 098.18,RSI Scalping Buy #M129102315
2024.04.03 18:04:44,2386,XAUUSD,sell,out,0.34,2282.49,2386,-1.19,0.00,-5.78,4 091.21,sl 2282.51
2024.04.03 18:23:43,2387,AAPL.NAS,sell,out,17,170.540,2387,-0.34,0.00,0.34,4 091.21,sl 170.540
2024.04.03 18:30:01,2388,AAPL.NAS,buy,in,17,170.540,2388,-0.34,0.00,0.00,4 090.87,RSI Scalping Buy #M20001
2024.04.03 18:38:39,2389,AAPL.NAS,sell,out,17,170.530,2389,-0.34,0.00,-0.17,4 090.36,sl 170.540
2024.04.03 18:50:01,2390,AAPL.NAS,buy,in,17,170.600,2390,-0.34,0.00,0.00,4 090.02,RSI Scalping Buy #M20001
2024.04.03 20:00:01,2391,AAPL.NAS,sell,out,17,170.210,2391,-0.34,0.00,-6.63,4 083.05,
2024.04.03 21:00:00,2392,XAUUSD,buy,in,0.01,2295.13,2392,-0.04,0.00,0.00,4 083.01,WP Buy #M20260526
2024.04.03 23:00:01,2393,XAUUSD,buy,in,0.06,2297.58,2393,-0.21,0.00,0.00,4 082.80,United SuperEMA long #M940001
2024.04.04 02:31:05,2394,AUDUSD,sell,in,0.27,0.65699,2394,-0.95,0.00,0.00,4 081.85,RSI Overbought Crossover Sell #
2024.04.04 02:45:02,2395,XAUUSD,sell,out,0.06,2297.56,2395,-0.21,-9.34,-0.12,4 072.18,
2024.04.04 03:00:00,2396,XAUUSD,sell,in,0.33,2297.63,2396,-1.16,0.00,0.00,4 071.02,RSI Scalping Sell #M129102315
2024.04.04 04:00:25,2397,XAUUSD,sell,out,0.16,2303.77,2397,-0.56,-33.21,590.24,4 627.49,tp 2303.73
2024.04.04 08:00:00,2398,AUDUSD,buy,out,0.27,0.65852,2398,-0.95,0.00,-41.31,4 585.23,
2024.04.04 08:52:27,2399,XAUUSD,sell,out,0.01,2297.30,2399,-0.04,-1.56,2.17,4 585.80,sl 2297.30
2024.04.04 08:59:15,2400,XAUUSD,buy,out,0.33,2295.87,2400,-1.16,0.00,58.08,4 642.72,sl 2295.86
2024.04.04 11:00:00,2401,XAUUSD,sell,out,0.03,2293.05,2401,-0.11,-4.67,39.51,4 677.45,
2024.04.04 12:30:00,2402,DE40,buy,in,0.1,18389.90,2402,0.00,0.00,0.00,4 677.45,SimpleTrendline BUY #M26042502
2024.04.04 13:00:00,2403,DE40,sell,out,0.1,18369.40,2403,0.00,0.00,-2.22,4 675.23,
2024.04.04 13:45:01,2404,DE40,buy,in,0.1,18384.40,2404,0.00,0.00,0.00,4 675.23,SimpleTrendline BUY #M26042502
2024.04.04 14:00:01,2405,XAUUSD,buy,in,0.38,2294.51,2405,-1.33,0.00,0.00,4 673.90,RSI Scalping Buy #M129102315
2024.04.04 14:01:59,2406,XAUUSD,sell,out,0.38,2294.38,2406,-1.33,0.00,-4.94,4 667.63,sl 2294.40
2024.04.04 14:45:01,2407,DE40,sell,out,0.1,18366.40,2407,0.00,0.00,-1.95,4 665.68,
2024.04.04 18:00:00,2408,XAUUSD,buy,in,0.38,2295.27,2408,-1.33,0.00,0.00,4 664.35,RSI Scalping Buy #M129102315
2024.04.04 20:00:00,2409,XAUUSD,sell,in,0.03,2286.87,2409,-0.11,0.00,0.00,4 664.24,SimpleTrendline SELL #M26042503
2024.04.04 21:00:00,2410,BTCUSD,buy,in,0.38,68917.97,2410,0.00,0.00,0.00,4 664.24,RSI Scalping Buy #M123459123
2024.04.04 21:00:00,2411,XAUUSD,buy,out,0.03,2294.05,2411,-0.11,0.00,-21.54,4 642.59,
2024.04.04 21:00:07,2412,BTCUSD,sell,out,0.38,68929.77,2412,0.00,0.00,4.48,4 647.07,sl 68933.74
2024.04.04 21:06:32,2413,XAUUSD,sell,out,0.38,2295.77,2413,-1.33,0.00,19.00,4 664.74,sl 2295.85
2024.04.04 21:15:00,2414,XAUUSD,buy,in,0.07,2295.06,2414,-0.25,0.00,0.00,4 664.49,United SuperEMA long #M940001
2024.04.04 21:56:30,2415,XAUUSD,buy,in,0.19,2304.93,2415,-0.67,0.00,0.00,4 663.82,Darvas Box Breakout #M135790
2024.04.04 22:00:00,2416,NVDA.NAS,sell,out,32.5,87.43,2416,-0.65,-0.02,-42.58,4 620.57,
2024.04.04 22:00:00,2417,TSLA.NAS,sell,in,5.8,172.16,2417,-0.12,0.00,0.00,4 620.45,RSI Scalping Sell #M125421321
2024.04.04 22:00:00,2418,XAUUSD,buy,in,0.38,2304.17,2418,-1.33,0.00,0.00,4 619.12,RSI Scalping Buy #M129102315
2024.04.04 22:00:15,2419,XAUUSD,sell,out,0.38,2303.99,2419,-1.33,0.00,-6.84,4 610.95,sl 2304.02
2024.04.04 22:36:52,2420,XAUUSD,sell,out,0.19,2288.19,2420,-0.67,0.00,-318.06,4 292.22,sl 2288.25
2024.04.04 22:45:00,2421,XAUUSD,sell,out,0.07,2286.34,2421,-0.25,0.00,-61.04,4 230.93,
2024.04.05 03:00:00,2422,XTIUSD,buy,in,0.5,87.31,2422,0.00,0.00,0.00,4 230.93,WP Buy #M20260533
2024.04.05 03:30:00,2423,XAUUSD,sell,in,0.05,2284.05,2423,-0.18,0.00,0.00,4 230.75,United SuperEMA short #M940001
2024.04.05 07:15:08,2424,XAUUSD,buy,out,0.05,2277.93,2424,-0.18,0.00,30.60,4 261.17,
2024.04.05 10:00:00,2425,XAUUSD,sell,in,0.03,2279.19,2425,-0.11,0.00,0.00,4 261.06,SimpleTrendline SELL #M26042503
2024.04.05 10:30:00,2426,DE40,sell,in,0.1,18182.00,2426,0.00,0.00,0.00,4 261.06,SimpleTrendline SELL #M26042502
2024.04.05 11:00:00,2427,XAUUSD,buy,out,0.03,2289.20,2427,-0.11,0.00,-30.03,4 230.92,
2024.04.05 12:45:00,2428,XAUUSD,buy,in,0.07,2292.42,2428,-0.25,0.00,0.00,4 230.67,United SuperEMA long #M940001
2024.04.05 14:00:00,2429,XAUUSD,buy,in,0.35,2294.05,2429,-1.23,0.00,0.00,4 229.44,RSI Scalping Buy #M129102315
2024.04.05 14:00:00,2430,DE40,buy,out,0.1,18147.80,2430,0.00,0.00,3.70,4 233.14,
2024.04.05 14:05:03,2431,XAUUSD,sell,out,0.35,2293.93,2431,-1.23,0.00,-4.20,4 227.71,sl 2294.00
2024.04.05 14:30:08,2432,DE40,sell,in,0.1,18127.30,2432,0.00,0.00,0.00,4 227.71,SimpleTrendline SELL #M26042502
2024.04.05 14:45:04,2433,DE40,buy,out,0.1,18149.30,2433,0.00,0.00,-2.38,4 225.33,
2024.04.05 15:45:00,2434,XAUUSD,sell,out,0.07,2289.25,2434,-0.25,0.00,-22.19,4 202.89,
2024.04.05 16:00:00,2435,DE40,sell,in,0.1,18152.80,2435,0.00,0.00,0.00,4 202.89,SimpleTrendline SELL #M26042502
2024.04.05 16:30:00,2436,DE40,buy,out,0.1,18167.80,2436,0.00,0.00,-1.63,4 201.26,
2024.04.05 17:00:00,2437,XAUUSD,buy,in,0.28,2299.89,2437,-0.98,0.00,0.00,4 200.28,RSI Scalping Buy #M129102315
2024.04.05 17:00:00,2438,XAUUSD,buy,in,0.02,2299.77,2438,-0.07,0.00,0.00,4 200.21,SimpleTrendline BUY #M26042503
2024.04.05 17:00:01,2439,NVDA.NAS,buy,in,28,87.47,2439,-0.56,0.00,0.00,4 199.65,RSI Scalping Buy #M20003
2024.04.05 17:10:57,2440,XAUUSD,sell,out,0.28,2301.43,2440,-0.98,0.00,43.12,4 241.79,sl 2301.57
2024.04.05 17:30:01,2441,DE40,sell,in,0.1,18131.80,2441,0.00,0.00,0.00,4 241.79,SimpleTrendline SELL #M26042502
2024.04.05 17:38:49,2442,XAUUSD,buy,in,0.17,2322.15,2442,-0.60,0.00,0.00,4 241.19,Darvas Box Breakout #M135790
2024.04.05 17:45:02,2443,DE40,buy,out,0.1,18140.30,2443,0.00,0.00,-0.92,4 240.27,
2024.04.05 18:00:00,2444,XAUUSD,buy,in,0.01,2317.62,2444,-0.04,0.00,0.00,4 240.23,WP Buy #M20260526
2024.04.05 18:45:01,2445,DE40,buy,in,0.1,18178.40,2445,0.00,0.00,0.00,4 240.23,SimpleTrendline BUY #M26042502
2024.04.05 21:00:00,2446,DE40,sell,out,0.1,18156.10,2446,0.00,0.00,-2.42,4 237.81,
2024.04.05 21:34:25,2447,XTIUSD,sell,out,0.5,87.02,2447,0.00,0.00,-14.50,4 223.31,sl 87.02
2024.04.05 22:09:04,2448,XAUUSD,sell,out,0.01,2322.95,2448,-0.04,0.00,5.33,4 228.60,sl 2323.01
2024.04.05 23:00:00,2449,XAUUSD,sell,in,0.35,2323.29,2449,-1.23,0.00,0.00,4 227.37,RSI Scalping Sell #M129102315
2024.04.08 01:02:04,2450,XAUUSD,buy,out,0.35,2322.12,2450,-1.23,15.67,40.95,4 282.76,sl 2321.99
2024.04.08 01:19:01,2451,XAUUSD,sell,out,0.17,2305.35,2451,-0.60,-8.82,-285.60,3 987.74,sl 2305.51
2024.04.08 02:00:01,2452,XAUUSD,sell,in,0.33,2307.56,2452,-1.16,0.00,0.00,3 986.58,RSI Scalping Sell #M129102315
2024.04.08 02:00:01,2453,XAUUSD,sell,out,0.02,2307.41,2453,-0.07,-1.04,15.28,4 000.75,
2024.04.08 02:02:00,2454,XAUUSD,buy,out,0.33,2307.07,2454,-1.16,0.00,16.17,4 015.76,sl 2307.00
2024.04.08 05:00:00,2455,XAUUSD,buy,in,0.33,2324.38,2455,-1.16,0.00,0.00,4 014.60,RSI Scalping Buy #M129102315
2024.04.08 05:00:00,2456,XAUUSD,buy,in,0.06,2324.31,2456,-0.21,0.00,0.00,4 014.39,United SuperEMA long #M940001
2024.04.08 05:00:11,2457,XAUUSD,sell,out,0.33,2324.37,2457,-1.16,0.00,-0.33,4 012.90,sl 2324.37
2024.04.08 07:00:00,2458,XAUUSD,buy,in,0.1,2345.66,2458,-0.35,0.00,0.00,4 012.55,RSI Reverse BUY #M1002
2024.04.08 08:30:00,2459,XAUUSD,sell,in,0.06,2341.51,2459,-0.21,0.00,0.00,4 012.34,RSIConsolidation SELL #M2025042
2024.04.08 08:36:45,2460,XAUUSD,buy,out,0.06,2333.54,2460,-0.21,0.00,47.82,4 059.95,tp 2333.59
2024.04.08 08:45:00,2461,XAUUSD,sell,out,0.06,2336.98,2461,-0.21,0.00,76.02,4 135.76,
2024.04.08 12:00:00,2462,BTCUSD,buy,in,0.34,71976.10,2462,0.00,0.00,0.00,4 135.76,RSI Scalping Buy #M123459123
2024.04.08 12:00:01,2463,BTCUSD,sell,out,0.34,71987.84,2463,0.00,0.00,3.99,4 139.75,sl 71988.90
2024.04.08 14:15:00,2464,XAUUSD,sell,in,0.06,2340.07,2464,-0.21,0.00,0.00,4 139.54,RSIConsolidation SELL #M2025042
2024.04.08 14:23:40,2465,BTCUSD,buy,in,0.01,72427.83,2465,0.00,0.00,0.00,4 139.54,WP Buy #M20260527
2024.04.08 15:00:01,2466,XAUUSD,buy,out,0.06,2337.18,2466,-0.21,0.00,17.34,4 156.67,
2024.04.08 15:26:16,2467,BTCUSD,sell,out,0.01,72423.53,2467,0.00,0.00,-0.04,4 156.63,sl 72424.94
2024.04.08 15:34:09,2468,BTCUSD,buy,in,0.01,72200.88,2468,0.00,0.00,0.00,4 156.63,WP Buy #M20260527
2024.04.08 16:00:00,2469,XAUUSD,sell,in,0.03,2329.24,2469,-0.11,0.00,0.00,4 156.52,SimpleTrendline SELL #M26042503
2024.04.08 16:35:00,2470,TSLA.NAS,buy,out,5.8,170.70,2470,-0.12,0.00,8.47,4 164.87,sl 169.59
2024.04.08 16:39:37,2471,BTCUSD,sell,out,0.01,71693.67,2471,0.00,0.00,-5.07,4 159.80,sl 71700.88
2024.04.08 17:00:00,2472,XAUUSD,buy,out,0.03,2327.64,2472,-0.11,0.00,4.80,4 164.49,
2024.04.08 21:00:00,2473,XAUUSD,buy,in,0.34,2338.07,2473,-1.19,0.00,0.00,4 163.30,RSI Scalping Buy #M129102315
2024.04.08 21:01:59,2474,XAUUSD,sell,out,0.34,2339.34,2474,-1.19,0.00,43.18,4 205.29,sl 2339.34
2024.04.08 23:15:08,2475,DE40,buy,in,0.1,18308.10,2475,0.00,0.00,0.00,4 205.29,SimpleTrendline BUY #M26042502
2024.04.09 01:15:21,2476,DE40,sell,out,0.1,18302.90,2476,0.00,-0.49,-0.56,4 204.24,
2024.04.09 03:00:06,2477,DE40,sell,in,0.1,18294.10,2477,0.00,0.00,0.00,4 204.24,SimpleTrendline SELL #M26042502
2024.04.09 12:00:00,2478,XAUUSD,buy,in,0.01,2357.63,2478,-0.04,0.00,0.00,4 204.20,WP Buy #M20260526
2024.04.09 13:27:15,2479,XAUUSD,sell,out,0.01,2357.77,2479,-0.04,0.00,0.14,4 204.30,sl 2357.83
2024.04.09 14:00:00,2480,XAUUSD,sell,in,0.35,2356.46,2480,-1.23,0.00,0.00,4 203.07,RSI Scalping Sell #M129102315
2024.04.09 14:03:51,2481,XAUUSD,buy,out,0.35,2355.11,2481,-1.23,0.00,47.25,4 249.09,sl 2355.01
2024.04.09 16:00:00,2482,XAUUSD,sell,in,0.03,2349.44,2482,-0.11,0.00,0.00,4 248.98,SimpleTrendline SELL #M26042503
2024.04.09 17:00:00,2483,XAUUSD,buy,out,0.03,2355.42,2483,-0.11,0.00,-17.94,4 230.93,
2024.04.09 17:15:00,2484,XAUUSD,buy,in,0.07,2361.58,2484,-0.25,0.00,0.00,4 230.68,United SuperEMA long #M940001
2024.04.09 17:28:18,2485,NVDA.NAS,sell,out,28,84.70,2485,-0.56,-0.01,-77.56,4 152.55,sl 84.70
2024.04.09 17:45:00,2486,XAUUSD,sell,out,0.07,2346.43,2486,-0.25,0.00,-106.05,4 046.25,
2024.04.09 19:00:00,2487,NVDA.NAS,buy,in,33.7,84.68,2487,-0.67,0.00,0.00,4 045.58,RSI Scalping Buy #M20003
2024.04.09 22:00:00,2488,XAUUSD,buy,in,0.06,2349.64,2488,-0.21,0.00,0.00,4 045.37,United SuperEMA long #M940001
2024.04.09 22:00:00,2489,XAUUSD,buy,in,0.03,2349.63,2489,-0.11,0.00,0.00,4 045.26,SimpleTrendline BUY #M26042503
2024.04.09 23:30:05,2490,DE40,buy,out,0.1,18150.50,2490,0.00,0.00,15.54,4 060.80,
2024.04.10 02:00:01,2491,XAUUSD,buy,in,0.33,2352.45,2491,-1.16,0.00,0.00,4 059.64,RSI Scalping Buy #M129102315
2024.04.10 02:19:46,2492,XAUUSD,sell,out,0.33,2353.00,2492,-1.16,0.00,18.15,4 076.63,sl 2353.04
2024.04.10 03:45:00,2493,XAUUSD,sell,out,0.06,2352.56,2493,-0.21,-3.11,17.52,4 090.83,
2024.04.10 07:00:00,2494,XAUUSD,sell,out,0.03,2351.36,2494,-0.11,-1.56,5.19,4 094.35,
2024.04.10 07:30:00,2495,XAUUSD,buy,in,0.06,2354.30,2495,-0.21,0.00,0.00,4 094.14,United SuperEMA long #M940001
2024.04.10 08:00:00,2496,XAUUSD,buy,in,0.34,2356.35,2496,-1.19,0.00,0.00,4 092.95,RSI Scalping Buy #M129102315
2024.04.10 08:28:26,2497,XAUUSD,sell,out,0.34,2359.28,2497,-1.19,0.00,99.62,4 191.38,sl 2359.28
2024.04.10 10:45:00,2498,XAUUSD,sell,out,0.06,2354.36,2498,-0.21,0.00,0.36,4 191.53,
2024.04.10 12:00:01,2499,XAUUSD,buy,in,0.03,2354.63,2499,-0.11,0.00,0.00,4 191.42,SimpleTrendline BUY #M26042503
2024.04.10 13:00:00,2500,XAUUSD,sell,out,0.03,2347.50,2500,-0.11,0.00,-21.39,4 169.92,
2024.04.10 13:00:00,2501,XAUUSD,sell,in,0.03,2347.31,2501,-0.11,0.00,0.00,4 169.81,SimpleTrendline SELL #M26042503
2024.04.10 15:45:00,2502,XAUUSD,sell,in,0.06,2338.43,2502,-0.21,0.00,0.00,4 169.60,United SuperEMA short #M940001
2024.04.10 16:00:00,2503,DE40,sell,in,0.1,18031.20,2503,0.00,0.00,0.00,4 169.60,SimpleTrendline SELL #M26042502
2024.04.10 16:45:00,2504,DE40,buy,out,0.1,18054.20,2504,0.00,0.00,-2.49,4 167.11,
2024.04.10 17:00:00,2505,TSLA.NAS,sell,in,26,171.81,2505,-0.52,0.00,0.00,4 166.59,RSI Scalping Sell #M125421321
2024.04.10 17:30:00,2506,XAUUSD,buy,out,0.06,2346.18,2506,-0.21,0.00,-46.50,4 119.88,
2024.04.10 22:00:00,2507,XAUUSD,sell,in,0.06,2327.56,2507,-0.21,0.00,0.00,4 119.67,United SuperEMA short #M940001
2024.04.11 01:15:09,2508,XAUUSD,buy,out,0.06,2334.81,2508,-0.21,8.06,-43.50,4 084.02,
2024.04.11 05:00:00,2509,XAUUSD,buy,out,0.03,2340.73,2509,-0.11,4.03,19.74,4 107.68,
2024.04.11 09:15:00,2510,XAUUSD,sell,in,0.06,2336.95,2510,-0.21,0.00,0.00,4 107.47,United SuperEMA short #M940001
2024.04.11 10:00:00,2511,XAUUSD,sell,in,0.03,2336.09,2511,-0.11,0.00,0.00,4 107.36,SimpleTrendline SELL #M26042503
2024.04.11 11:00:00,2512,XAUUSD,buy,out,0.03,2336.73,2512,-0.11,0.00,-1.92,4 105.33,
2024.04.11 12:30:00,2513,XAUUSD,buy,in,0.06,2332.30,2513,-0.21,0.00,0.00,4 105.12,RSIConsolidation BUY #M20250420
2024.04.11 13:15:00,2514,XAUUSD,sell,out,0.06,2335.03,2514,-0.21,0.00,16.38,4 121.29,
2024.04.11 13:30:00,2515,XAUUSD,buy,out,0.06,2335.06,2515,-0.21,0.00,11.34,4 132.42,
2024.04.11 14:45:00,2516,XAUUSD,sell,in,0.06,2336.90,2516,-0.21,0.00,0.00,4 132.21,RSIConsolidation SELL #M2025042
2024.04.11 15:15:00,2517,XAUUSD,buy,out,0.06,2335.60,2517,-0.21,0.00,7.80,4 139.80,
2024.04.11 16:35:00,2518,TSLA.NAS,buy,out,26,174.05,2518,-0.52,0.00,-58.24,4 081.04,
2024.04.11 17:45:00,2519,XAUUSD,sell,in,0.06,2334.91,2519,-0.21,0.00,0.00,4 080.83,RSIConsolidation SELL #M2025042
2024.04.11 17:45:01,2520,XAUUSD,buy,out,0.06,2334.96,2520,-0.21,0.00,-0.30,4 080.32,
2024.04.11 19:45:00,2521,XAUUSD,sell,in,0.06,2347.94,2521,-0.21,0.00,0.00,4 080.11,RSIConsolidation SELL #M2025042
2024.04.11 20:00:01,2522,XAUUSD,buy,in,0.34,2349.95,2522,-1.19,0.00,0.00,4 078.92,RSI Scalping Buy #M129102315
2024.04.11 20:02:08,2523,XAUUSD,sell,out,0.34,2350.05,2523,-1.19,0.00,3.40,4 081.13,sl 2350.16
2024.04.11 20:20:00,2524,AAPL.NAS,buy,in,8.5,171.600,2524,-0.17,0.00,0.00,4 080.96,RSI Scalping Buy #M20001
2024.04.11 20:22:00,2525,XAUUSD,buy,out,0.06,2355.57,2525,-0.21,0.00,-45.78,4 034.97,sl 2355.55
2024.04.11 20:22:52,2526,AAPL.NAS,sell,out,8.5,171.620,2526,-0.17,0.00,0.17,4 034.97,sl 171.670
2024.04.11 22:00:01,2527,AAPL.NAS,sell,in,8.4,173.540,2527,-0.17,0.00,0.00,4 034.80,RSI Scalping Sell #M20001
2024.04.12 04:57:23,2528,XAUUSD,buy,in,0.16,2390.56,2528,-0.56,0.00,0.00,4 034.24,Darvas Box Breakout #M135790
2024.04.12 05:00:00,2529,XAUUSD,buy,in,0.01,2390.90,2529,-0.04,0.00,0.00,4 034.20,WP Buy #M20260526
2024.04.12 14:18:04,2530,XAUUSD,sell,out,0.01,2393.09,2530,-0.04,0.00,2.19,4 036.35,sl 2393.17
2024.04.12 15:00:00,2531,XAUUSD,sell,in,0.33,2395.60,2531,-1.16,0.00,0.00,4 035.19,RSI Scalping Sell #M129102315
2024.04.12 15:02:54,2532,XAUUSD,buy,out,0.33,2394.47,2532,-1.16,0.00,37.29,4 071.32,sl 2394.44
2024.04.12 17:00:00,2533,TSLA.NAS,sell,in,25.4,172.57,2533,-0.51,0.00,0.00,4 070.81,RSI Scalping Sell #M125421321
2024.04.12 17:58:31,2534,XAUUSD,sell,out,0.16,2427.45,2534,-0.56,0.00,590.24,4 660.49,tp 2427.41
2024.04.12 17:58:31,2535,XAUUSD,buy,in,0.19,2427.95,2535,-0.67,0.00,0.00,4 659.82,Darvas Box Breakout #M135790
2024.04.12 18:00:00,2536,XAUUSD,buy,in,0.01,2426.68,2536,-0.04,0.00,0.00,4 659.78,WP Buy #M20260526
2024.04.12 18:12:53,2537,XAUUSD,sell,out,0.01,2411.66,2537,-0.04,0.00,-15.02,4 644.72,sl 2411.68
2024.04.12 18:12:55,2538,XAUUSD,sell,out,0.19,2411.13,2538,-0.67,0.00,-319.58,4 324.47,sl 2411.20
2024.04.12 19:00:00,2539,XAUUSD,sell,in,0.36,2395.19,2539,-1.26,0.00,0.00,4 323.21,RSI Scalping Sell #M129102315
2024.04.12 19:01:01,2540,XAUUSD,buy,out,0.36,2394.11,2540,-1.26,0.00,38.88,4 360.83,sl 2393.95
2024.04.12 22:00:00,2541,XAUUSD,sell,out,0.08,2338.85,2541,-0.28,-87.15,1 398.08,5 671.48,
2024.04.12 22:15:01,2542,NVDA.NAS,sell,out,33.7,87.83,2542,-0.67,-0.03,106.16,5 776.94,
2024.04.12 22:45:05,2543,NVDA.NAS,buy,in,24,88.30,2543,-0.48,0.00,0.00,5 776.46,RSI Scalping Buy #M20003
2024.04.15 04:00:00,2544,XAUUSD,sell,in,0.04,2353.33,2544,-0.14,0.00,0.00,5 776.32,SimpleTrendline SELL #M26042503
2024.04.15 11:00:00,2545,XAUUSD,sell,in,0.09,2353.12,2545,-0.32,0.00,0.00,5 776.00,United SuperEMA short #M940001
2024.04.15 14:00:00,2546,XAUUSD,buy,out,0.09,2356.89,2546,-0.32,0.00,-33.93,5 741.75,
2024.04.15 15:00:01,2547,XAUUSD,buy,out,0.04,2358.11,2547,-0.14,0.00,-19.12,5 722.49,
2024.04.15 16:35:01,2548,AAPL.NAS,buy,out,8.4,174.270,2548,-0.17,0.00,-6.13,5 716.19,
2024.04.15 17:00:00,2549,TSLA.NAS,buy,out,25.4,165.25,2549,-0.51,0.00,185.93,5 901.61,
2024.04.15 17:15:00,2550,XAUUSD,sell,in,0.09,2332.63,2550,-0.32,0.00,0.00,5 901.29,United SuperEMA short #M940001
2024.04.15 19:00:00,2551,XAUUSD,buy,out,0.09,2351.76,2551,-0.32,0.00,-172.17,5 728.80,
2024.04.15 19:00:00,2552,BTCUSD,buy,in,0.34,64625.44,2552,0.00,0.00,0.00,5 728.80,SimpleTrendline BUY #M26042501
2024.04.15 20:00:00,2553,BTCUSD,sell,out,0.34,64162.18,2553,0.00,0.00,-157.51,5 571.29,
2024.04.15 20:28:49,2554,NVDA.NAS,sell,out,24,86.84,2554,-0.48,-0.01,-35.04,5 535.76,sl 86.84
2024.04.15 20:30:00,2555,NVDA.NAS,sell,in,23,86.85,2555,-0.46,0.00,0.00,5 535.30,RSI Scalping Sell #M20003
2024.04.15 20:45:00,2556,NVDA.NAS,buy,out,23,86.70,2556,-0.46,0.00,3.45,5 538.29,
2024.04.15 22:00:00,2557,XAUUSD,buy,in,0.46,2376.02,2557,-1.61,0.00,0.00,5 536.68,RSI Scalping Buy #M129102315
2024.04.15 22:00:00,2558,AUDUSD,sell,in,0.08,0.64420,2558,-0.28,0.00,0.00,5 536.40,WP Sell #M20260525
2024.04.15 22:00:00,2559,XAUUSD,buy,in,0.01,2375.97,2559,-0.04,0.00,0.00,5 536.36,WP Buy #M20260526
2024.04.15 22:03:58,2560,XAUUSD,sell,out,0.46,2377.85,2560,-1.61,0.00,84.18,5 618.93,sl 2377.98
2024.04.16 01:30:04,2561,XAUUSD,buy,in,0.09,2386.89,2561,-0.32,0.00,0.00,5 618.61,United SuperEMA long #M940001
2024.04.16 01:38:34,2562,XAUUSD,sell,out,0.01,2384.69,2562,-0.04,-0.52,8.72,5 626.77,sl 2384.70
2024.04.16 02:00:07,2563,XAUUSD,buy,in,0.01,2384.69,2563,-0.04,0.00,0.00,5 626.73,WP Buy #M20260526
2024.04.16 03:00:00,2564,XAUUSD,sell,out,0.09,2381.98,2564,-0.32,0.00,-44.19,5 582.22,
2024.04.16 09:43:49,2565,XAUUSD,sell,out,0.01,2369.46,2565,-0.04,0.00,-15.23,5 566.95,sl 2369.69
2024.04.16 15:45:00,2566,XAUUSD,buy,in,0.04,2376.37,2566,-0.14,0.00,0.00,5 566.81,United SuperEMA long #M940001
2024.04.16 16:00:00,2567,DE40,sell,in,0.2,17846.10,2567,0.00,0.00,0.00,5 566.81,SimpleTrendline SELL #M26042502
2024.04.16 17:00:00,2568,XAUUSD,sell,out,0.04,2366.35,2568,-0.14,0.00,-40.08,5 526.59,
2024.04.16 17:00:00,2569,XAUUSD,sell,in,0.04,2366.35,2569,-0.14,0.00,0.00,5 526.45,SimpleTrendline SELL #M26042503
2024.04.16 17:15:00,2570,DE40,buy,out,0.2,17782.60,2570,0.00,0.00,13.74,5 540.19,
2024.04.16 17:30:00,2571,XAUUSD,sell,in,0.04,2366.70,2571,-0.14,0.00,0.00,5 540.05,United SuperEMA short #M940001
2024.04.16 18:00:00,2572,XAUUSD,buy,out,0.04,2383.13,2572,-0.14,0.00,-65.72,5 474.19,
2024.04.16 18:00:00,2573,XAUUSD,buy,out,0.04,2383.13,2573,-0.14,0.00,-67.12,5 406.93,
2024.04.16 18:00:00,2574,XAUUSD,buy,in,0.04,2383.14,2574,-0.14,0.00,0.00,5 406.79,SimpleTrendline BUY #M26042503
2024.04.16 18:00:00,2575,DE40,sell,in,0.2,17727.60,2575,0.00,0.00,0.00,5 406.79,SimpleTrendline SELL #M26042502
2024.04.16 18:45:01,2576,DE40,buy,out,0.2,17783.70,2576,0.00,0.00,-12.16,5 394.63,
2024.04.16 19:00:00,2577,XAUUSD,buy,in,0.44,2386.18,2577,-1.54,0.00,0.00,5 393.09,RSI Scalping Buy #M129102315
2024.04.16 19:02:35,2578,XAUUSD,sell,out,0.44,2388.45,2578,-1.54,0.00,99.88,5 491.43,sl 2388.49
2024.04.16 20:30:00,2579,XAUUSD,sell,in,0.09,2389.80,2579,-0.32,0.00,0.00,5 491.11,RSIConsolidation SELL #M2025042
2024.04.16 21:00:00,2580,XAUUSD,buy,out,0.09,2384.79,2580,-0.32,0.00,45.09,5 535.88,
2024.04.16 21:07:36,2581,AUDUSD,buy,out,0.08,0.64185,2581,-0.28,-0.36,18.80,5 554.04,sl 0.64184
2024.04.16 22:00:00,2582,XAUUSD,buy,in,0.46,2392.46,2582,-1.61,0.00,0.00,5 552.43,RSI Scalping Buy #M129102315
2024.04.16 22:00:00,2583,XAUUSD,buy,in,0.04,2392.48,2583,-0.14,0.00,0.00,5 552.29,United SuperEMA long #M940001
2024.04.16 22:00:38,2584,XAUUSD,sell,out,0.46,2392.49,2584,-1.61,0.00,1.38,5 552.06,sl 2392.49
2024.04.16 23:00:00,2585,XAUUSD,buy,in,0.13,2389.79,2585,-0.46,0.00,0.00,5 551.60,RSI Follow BUY #M1001
2024.04.16 23:00:00,2586,XAUUSD,sell,out,0.04,2389.73,2586,-0.14,0.00,-11.00,5 540.46,
2024.04.16 23:00:00,2587,XAUUSD,sell,in,0.09,2389.74,2587,-0.32,0.00,0.00,5 540.14,RSIConsolidation SELL #M2025042
2024.04.16 23:00:00,2588,XAUUSD,sell,out,0.04,2389.73,2588,-0.14,0.00,26.36,5 566.36,
2024.04.16 23:00:00,2589,XAUUSD,buy,out,0.09,2389.79,2589,-0.32,0.00,-0.45,5 565.59,
2024.04.17 02:00:00,2590,XAUUSD,buy,in,0.04,2385.04,2590,-0.14,0.00,0.00,5 565.45,SimpleTrendline BUY #M26042503
2024.04.17 02:00:00,2591,DE40,buy,in,0.2,17793.10,2591,0.00,0.00,0.00,5 565.45,SimpleTrendline BUY #M26042502
2024.04.17 03:00:00,2592,XAUUSD,sell,out,0.04,2382.68,2592,-0.14,0.00,-9.44,5 555.87,
2024.04.17 03:30:01,2593,DE40,sell,out,0.2,17770.80,2593,0.00,0.00,-4.83,5 551.04,
2024.04.17 04:00:00,2594,XAUUSD,buy,in,0.04,2384.53,2594,-0.14,0.00,0.00,5 550.90,SimpleTrendline BUY #M26042503
2024.04.17 05:30:01,2595,XAUUSD,buy,in,0.04,2385.17,2595,-0.14,0.00,0.00,5 550.76,United SuperEMA long #M940001
2024.04.17 06:00:00,2596,XAUUSD,sell,out,0.04,2382.24,2596,-0.14,0.00,-11.72,5 538.90,
2024.04.17 06:00:00,2597,XAUUSD,sell,out,0.04,2382.32,2597,-0.14,0.00,-8.84,5 529.92,
2024.04.17 06:00:00,2598,XAUUSD,sell,in,0.04,2382.24,2598,-0.14,0.00,0.00,5 529.78,SimpleTrendline SELL #M26042503
2024.04.17 07:30:31,2599,DE40,buy,in,0.1,17782.80,2599,0.00,0.00,0.00,5 529.78,SimpleTrendline BUY #M26042502
2024.04.17 08:45:00,2600,DE40,sell,out,0.1,17772.30,2600,0.00,0.00,-1.14,5 528.64,
2024.04.17 09:00:00,2601,DE40,sell,in,0.1,17764.30,2601,0.00,0.00,0.00,5 528.64,SimpleTrendline SELL #M26042502
2024.04.17 10:15:00,2602,DE40,buy,out,0.1,17778.50,2602,0.00,0.00,-1.54,5 527.10,
2024.04.17 11:15:01,2603,XAUUSD,buy,in,0.03,2383.64,2603,-0.11,0.00,0.00,5 526.99,United SuperEMA long #M940001
2024.04.17 12:00:00,2604,XAUUSD,buy,in,0.36,2393.07,2604,-1.26,0.00,0.00,5 525.73,RSI Scalping Buy #M129102315
2024.04.17 12:00:00,2605,XAUUSD,buy,out,0.04,2393.07,2605,-0.14,0.00,-43.32,5 482.27,
2024.04.17 12:00:07,2606,XAUUSD,sell,out,0.36,2393.30,2606,-1.26,0.00,8.28,5 489.29,sl 2393.39
2024.04.17 13:30:06,2607,XAUUSD,sell,in,0.09,2389.70,2607,-0.32,0.00,0.00,5 488.97,RSIConsolidation SELL #M2025042
2024.04.17 13:45:00,2608,XAUUSD,buy,out,0.09,2386.42,2608,-0.32,0.00,29.52,5 518.17,
2024.04.17 14:00:00,2609,XAUUSD,sell,out,0.03,2386.59,2609,-0.11,0.00,8.85,5 526.91,
2024.04.17 17:00:00,2610,XAUUSD,buy,in,0.46,2393.36,2610,-1.61,0.00,0.00,5 525.30,RSI Scalping Buy #M129102315
2024.04.17 17:30:00,2611,XAUUSD,sell,in,0.09,2392.18,2611,-0.32,0.00,0.00,5 524.98,RSIConsolidation SELL #M2025042
2024.04.17 17:30:02,2612,DE40,buy,in,0.1,17834.40,2612,0.00,0.00,0.00,5 524.98,SimpleTrendline BUY #M26042502
2024.04.17 17:32:58,2613,XAUUSD,sell,out,0.46,2393.17,2613,-1.61,0.00,-8.74,5 514.63,sl 2393.17
2024.04.17 17:45:00,2614,DE40,sell,out,0.1,17808.90,2614,0.00,0.00,-2.76,5 511.87,
2024.04.17 18:15:00,2615,XAUUSD,buy,out,0.09,2388.71,2615,-0.32,0.00,31.23,5 542.78,
2024.04.18 07:30:01,2616,XAUUSD,sell,in,0.09,2375.18,2616,-0.32,0.00,0.00,5 542.46,RSIConsolidation SELL #M2025042
2024.04.18 09:08:48,2617,XAUUSD,buy,out,0.09,2378.94,2617,-0.32,0.00,-33.84,5 508.30,sl 2378.94
2024.04.18 14:30:00,2618,XAUUSD,sell,in,0.09,2381.53,2618,-0.32,0.00,0.00,5 507.98,RSIConsolidation SELL #M2025042
2024.04.18 14:45:00,2619,XAUUSD,buy,in,0.04,2382.53,2619,-0.14,0.00,0.00,5 507.84,United SuperEMA long #M940001
2024.04.18 15:07:37,2620,XAUUSD,buy,out,0.09,2386.68,2620,-0.32,0.00,-46.35,5 461.17,sl 2386.68
2024.04.18 16:00:00,2621,XAUUSD,buy,in,0.45,2385.67,2621,-1.58,0.00,0.00,5 459.59,RSI Scalping Buy #M129102315
2024.04.18 16:00:30,2622,XAUUSD,sell,out,0.45,2387.39,2622,-1.58,0.00,77.40,5 535.41,sl 2387.42
2024.04.18 16:45:00,2623,XAUUSD,sell,out,0.04,2376.64,2623,-0.14,0.00,-23.56,5 511.71,
2024.04.18 19:03:47,2624,BTCUSD,buy,in,0.01,63445.14,2624,0.00,0.00,0.00,5 511.71,WP Buy #M20260527
2024.04.18 19:41:06,2625,BTCUSD,sell,out,0.01,63608.21,2625,0.00,0.00,1.63,5 513.34,sl 63614.87
2024.04.18 19:45:00,2626,XAUUSD,buy,in,0.04,2384.54,2626,-0.14,0.00,0.00,5 513.20,United SuperEMA long #M940001
2024.04.18 20:00:00,2627,XAUUSD,buy,in,0.45,2388.06,2627,-1.58,0.00,0.00,5 511.62,RSI Scalping Buy #M129102315
2024.04.18 20:04:01,2628,XAUUSD,sell,out,0.45,2388.22,2628,-1.58,0.00,7.20,5 517.24,sl 2388.24
2024.04.18 20:30:00,2629,XAUUSD,sell,in,0.09,2382.90,2629,-0.32,0.00,0.00,5 516.92,RSIConsolidation SELL #M2025042
2024.04.18 20:30:01,2630,XAUUSD,buy,out,0.09,2382.84,2630,-0.32,0.00,0.54,5 517.14,
2024.04.18 21:15:00,2631,XAUUSD,sell,out,0.04,2381.07,2631,-0.14,0.00,-13.88,5 503.12,
2024.04.19 04:00:00,2632,XAUUSD,sell,in,0.04,2379.54,2632,-0.14,0.00,0.00,5 502.98,SimpleTrendline SELL #M26042503
2024.04.19 05:00:00,2633,XAUUSD,buy,in,0.45,2409.60,2633,-1.58,0.00,0.00,5 501.40,RSI Scalping Buy #M129102315
2024.04.19 05:00:00,2634,XAUUSD,buy,out,0.04,2409.52,2634,-0.14,0.00,-119.92,5 381.34,
2024.04.19 05:00:04,2635,XAUUSD,sell,out,0.45,2409.58,2635,-1.58,0.00,-0.90,5 378.86,sl 2409.61
2024.04.19 06:00:00,2636,XAUUSD,sell,in,0.44,2400.48,2636,-1.54,0.00,0.00,5 377.32,RSI Scalping Sell #M129102315
2024.04.19 06:00:00,2637,AUDUSD,sell,in,0.08,0.63727,2637,-0.28,0.00,0.00,5 377.04,WP Sell #M20260525
2024.04.19 06:00:46,2638,XAUUSD,buy,out,0.44,2400.08,2638,-1.54,0.00,17.60,5 393.10,sl 2400.08
2024.04.19 09:45:36,2639,AUDUSD,buy,out,0.08,0.64126,2639,-0.28,0.00,-31.92,5 360.90,sl 0.64126
2024.04.19 10:45:00,2640,XAUUSD,sell,in,0.08,2388.61,2640,-0.28,0.00,0.00,5 360.62,RSIConsolidation SELL #M2025042
2024.04.19 11:00:00,2641,XAUUSD,buy,out,0.08,2385.33,2641,-0.28,0.00,26.24,5 386.58,
2024.04.19 11:00:00,2642,XAUUSD,sell,in,0.02,2385.30,2642,-0.07,0.00,0.00,5 386.51,SimpleTrendline SELL #M26042503
2024.04.19 14:00:00,2643,XAUUSD,buy,out,0.02,2381.19,2643,-0.07,0.00,8.22,5 394.66,
2024.04.19 14:15:02,2644,XAUUSD,sell,in,0.04,2373.39,2644,-0.14,0.00,0.00,5 394.52,United SuperEMA short #M940001
2024.04.19 15:45:00,2645,XAUUSD,buy,out,0.04,2382.65,2645,-0.14,0.00,-37.04,5 357.34,
2024.04.19 17:00:00,2646,XAUUSD,sell,in,0.04,2378.73,2646,-0.14,0.00,0.00,5 357.20,SimpleTrendline SELL #M26042503
2024.04.19 17:15:00,2647,XAUUSD,buy,in,0.04,2386.02,2647,-0.14,0.00,0.00,5 357.06,United SuperEMA long #M940001
2024.04.19 18:00:00,2648,XAUUSD,buy,out,0.04,2391.23,2648,-0.14,0.00,-50.00,5 306.92,
2024.04.19 19:00:00,2649,XAUUSD,buy,in,0.44,2394.91,2649,-1.54,0.00,0.00,5 305.38,RSI Scalping Buy #M129102315
2024.04.19 19:00:00,2650,XAUUSD,sell,in,0.08,2394.86,2650,-0.28,0.00,0.00,5 305.10,RSIConsolidation SELL #M2025042
2024.04.19 19:00:00,2651,BTCUSD,sell,in,0.3,64465.84,2651,0.00,0.00,0.00,5 305.10,SimpleTrendline SELL #M26042501
2024.04.19 19:00:26,2652,XAUUSD,sell,out,0.44,2394.64,2652,-1.54,0.00,-11.88,5 291.68,sl 2394.65
2024.04.19 21:00:00,2653,XAUUSD,buy,out,0.08,2393.66,2653,-0.28,0.00,9.60,5 301.00,
2024.04.19 21:00:00,2654,BTCUSD,buy,out,0.3,64673.04,2654,0.00,0.00,-62.16,5 238.84,
2024.04.19 22:00:00,2655,XAUUSD,buy,in,0.43,2398.32,2655,-1.51,0.00,0.00,5 237.33,RSI Scalping Buy #M129102315
2024.04.19 22:30:00,2656,XAUUSD,sell,out,0.04,2393.40,2656,-0.14,0.00,29.52,5 266.71,
2024.04.19 22:30:00,2657,XAUUSD,sell,in,0.08,2393.40,2657,-0.28,0.00,0.00,5 266.43,RSIConsolidation SELL #M2025042
2024.04.19 22:30:00,2658,XAUUSD,buy,out,0.08,2393.45,2658,-0.28,0.00,-0.40,5 265.75,
2024.04.22 02:00:06,2659,XAUUSD,sell,in,0.01,2383.76,2659,-0.04,0.00,0.00,5 265.71,SimpleTrendline SELL #M26042503
2024.04.22 03:00:00,2660,XAUUSD,sell,out,0.43,2386.55,2660,-1.51,-22.31,-506.11,4 735.78,
2024.04.22 04:30:00,2661,XAUUSD,sell,in,0.03,2379.09,2661,-0.11,0.00,0.00,4 735.67,United SuperEMA short #M940001
2024.04.22 05:15:01,2662,XAUUSD,buy,in,0.07,2375.19,2662,-0.25,0.00,0.00,4 735.42,RSIConsolidation BUY #M20250420
2024.04.22 06:01:19,2663,XAUUSD,sell,out,0.07,2369.07,2663,-0.25,0.00,-42.84,4 692.33,sl 2369.08
2024.04.22 09:00:00,2664,XAUUSD,sell,out,0.1,2365.36,2664,-0.35,-72.66,197.00,4 816.32,
2024.04.22 09:01:28,2665,BTCUSD,buy,in,0.01,66328.94,2665,0.00,0.00,0.00,4 816.32,WP Buy #M20260527
2024.04.22 10:00:00,2666,XAUUSD,sell,out,0.13,2355.83,2666,-0.46,-40.49,-441.48,4 333.89,
2024.04.22 10:11:05,2667,BTCUSD,sell,out,0.01,66228.85,2667,0.00,0.00,-1.00,4 332.89,sl 66234.58
2024.04.22 12:30:00,2668,XAUUSD,buy,out,0.03,2362.32,2668,-0.11,0.00,50.31,4 383.09,
2024.04.22 14:15:01,2669,XAUUSD,sell,in,0.03,2349.09,2669,-0.11,0.00,0.00,4 382.98,United SuperEMA short #M940001
2024.04.23 01:15:00,2670,XAUUSD,buy,out,0.03,2330.99,2670,-0.11,1.34,54.30,4 438.51,
2024.04.23 04:45:00,2671,XAUUSD,sell,in,0.03,2305.80,2671,-0.11,0.00,0.00,4 438.40,United SuperEMA short #M940001
2024.04.23 08:30:00,2672,XAUUSD,buy,out,0.03,2310.90,2672,-0.11,0.00,-15.30,4 422.99,
2024.04.23 12:15:06,2673,DE40,buy,in,0.1,17971.50,2673,0.00,0.00,0.00,4 422.99,SimpleTrendline BUY #M26042502
2024.04.23 17:00:00,2674,XAUUSD,buy,out,0.01,2329.76,2674,-0.04,0.45,54.00,4 477.40,
2024.04.23 21:00:01,2675,XTIUSD,buy,in,0.5,83.86,2675,0.00,0.00,0.00,4 477.40,WP Buy #M20260533
2024.04.23 21:00:01,2676,XBRUSD,buy,in,0.5,88.42,2676,0.00,0.00,0.00,4 477.40,WP Buy #M20260534
2024.04.24 04:00:00,2677,XAUUSD,sell,in,0.03,2320.98,2677,-0.11,0.00,0.00,4 477.29,United SuperEMA short #M940001
2024.04.24 04:30:00,2678,AUDUSD,sell,in,0.29,0.65185,2678,-1.02,0.00,0.00,4 476.27,RSI Overbought Crossover Sell #
2024.04.24 05:00:01,2679,XAUUSD,sell,in,0.03,2318.33,2679,-0.11,0.00,0.00,4 476.16,SimpleTrendline SELL #M26042503
2024.04.24 06:00:00,2680,XAUUSD,buy,out,0.03,2321.73,2680,-0.11,0.00,-10.20,4 465.85,
2024.04.24 06:15:00,2681,XAUUSD,buy,out,0.03,2323.69,2681,-0.11,0.00,-8.13,4 457.61,
2024.04.24 07:00:00,2682,XAUUSD,buy,in,0.01,2327.99,2682,-0.04,0.00,0.00,4 457.57,SimpleTrendline BUY #M26042503
2024.04.24 08:00:02,2683,AUDUSD,buy,out,0.29,0.65178,2683,-1.02,0.00,2.03,4 458.58,
2024.04.24 08:45:00,2684,XAUUSD,buy,in,0.03,2328.07,2684,-0.11,0.00,0.00,4 458.47,United SuperEMA long #M940001
2024.04.24 10:00:00,2685,XAUUSD,sell,out,0.03,2326.88,2685,-0.11,0.00,-3.57,4 454.79,
2024.04.24 11:00:00,2686,XAUUSD,sell,out,0.01,2320.67,2686,-0.04,0.00,-7.32,4 447.43,
2024.04.24 12:00:00,2687,DE40,sell,out,0.1,18176.00,2687,0.00,-0.49,22.13,4 469.07,
2024.04.24 12:30:00,2688,XAUUSD,sell,in,0.01,2312.87,2688,-0.04,0.00,0.00,4 469.03,United SuperEMA short #M940001
2024.04.24 15:45:00,2689,XAUUSD,buy,out,0.01,2320.57,2689,-0.04,0.00,-7.70,4 461.29,
2024.04.24 21:45:00,2690,XAUUSD,sell,in,0.01,2319.67,2690,-0.04,0.00,0.00,4 461.25,United SuperEMA short #M940001
2024.04.25 02:00:00,2691,XAUUSD,buy,in,0.11,2317.99,2691,-0.39,0.00,0.00,4 460.86,RSI Follow BUY #M1001
2024.04.25 03:45:00,2692,XAUUSD,buy,out,0.01,2319.04,2692,-0.04,1.34,0.63,4 462.79,
2024.04.25 04:15:08,2693,DE40,sell,in,0.1,18062.10,2693,0.00,0.00,0.00,4 462.79,SimpleTrendline SELL #M26042502
2024.04.25 04:30:38,2694,DE40,buy,out,0.1,18069.60,2694,0.00,0.00,-0.81,4 461.98,
2024.04.25 05:00:00,2695,DE40,sell,in,0.1,18048.10,2695,0.00,0.00,0.00,4 461.98,SimpleTrendline SELL #M26042502
2024.04.25 06:00:00,2696,XAUUSD,buy,in,0.01,2319.94,2696,-0.04,0.00,0.00,4 461.94,SimpleTrendline BUY #M26042503
2024.04.25 07:00:01,2697,XAUUSD,sell,out,0.01,2313.93,2697,-0.04,0.00,-6.01,4 455.89,
2024.04.25 07:00:01,2698,XAUUSD,sell,in,0.01,2314.00,2698,-0.04,0.00,0.00,4 455.85,SimpleTrendline SELL #M26042503
2024.04.25 09:00:00,2699,XAUUSD,buy,out,0.01,2319.77,2699,-0.04,0.00,-5.77,4 450.04,
2024.04.25 09:15:03,2700,DE40,buy,out,0.1,18057.30,2700,0.00,0.00,-1.00,4 449.04,
2024.04.25 09:30:02,2701,DE40,sell,in,0.1,18045.30,2701,0.00,0.00,0.00,4 449.04,SimpleTrendline SELL #M26042502
2024.04.25 10:00:00,2702,DE40,buy,out,0.1,18073.80,2702,0.00,0.00,-3.09,4 445.95,
2024.04.25 10:30:00,2703,DE40,sell,in,0.1,17989.30,2703,0.00,0.00,0.00,4 445.95,SimpleTrendline SELL #M26042502
2024.04.25 10:45:00,2704,DE40,buy,out,0.1,18010.00,2704,0.00,0.00,-2.24,4 443.71,
2024.04.25 12:00:00,2705,XAUUSD,buy,in,0.29,2326.98,2705,-1.02,0.00,0.00,4 442.69,RSI Scalping Buy #M129102315
2024.04.25 12:00:00,2706,BTCUSD,sell,in,0.2,63929.29,2706,0.00,0.00,0.00,4 442.69,SimpleTrendline SELL #M26042501
2024.04.25 12:11:05,2707,XAUUSD,sell,out,0.29,2326.95,2707,-1.02,0.00,-0.87,4 440.80,sl 2326.95
2024.04.25 14:00:00,2708,XAUUSD,buy,in,0.29,2328.10,2708,-1.02,0.00,0.00,4 439.78,RSI Scalping Buy #M129102315
2024.04.25 14:05:21,2709,XAUUSD,sell,out,0.29,2328.36,2709,-1.02,0.00,7.54,4 446.30,sl 2328.36
2024.04.25 18:00:00,2710,XAUUSD,buy,in,0.37,2334.07,2710,-1.30,0.00,0.00,4 445.00,RSI Scalping Buy #M129102315
2024.04.25 18:07:06,2711,XAUUSD,sell,out,0.37,2334.23,2711,-1.30,0.00,5.92,4 449.62,sl 2334.24
2024.04.25 19:00:00,2712,BTCUSD,buy,out,0.2,64121.95,2712,0.00,0.00,-38.53,4 411.09,
2024.04.25 21:00:00,2713,XAUUSD,buy,in,0.36,2332.35,2713,-1.26,0.00,0.00,4 409.83,RSI Scalping Buy #M129102315
2024.04.25 21:09:29,2714,XAUUSD,sell,out,0.36,2334.33,2714,-1.26,0.00,71.28,4 479.85,sl 2334.34
2024.04.25 21:45:00,2715,DE40,sell,in,0.1,17911.40,2715,0.00,0.00,0.00,4 479.85,SimpleTrendline SELL #M26042502
2024.04.25 22:15:00,2716,DE40,buy,out,0.1,17940.70,2716,0.00,0.00,-3.17,4 476.68,
2024.04.25 23:00:00,2717,XAUUSD,sell,in,0.07,2333.01,2717,-0.25,0.00,0.00,4 476.43,RSIConsolidation SELL #M2025042
2024.04.25 23:15:00,2718,XAUUSD,buy,out,0.07,2332.35,2718,-0.25,0.00,4.62,4 480.80,
2024.04.26 06:00:00,2719,XAUUSD,buy,in,0.37,2334.00,2719,-1.30,0.00,0.00,4 479.50,RSI Scalping Buy #M129102315
2024.04.26 06:00:00,2720,XAUUSD,sell,in,0.07,2333.95,2720,-0.25,0.00,0.00,4 479.25,RSIConsolidation SELL #M2025042
2024.04.26 06:04:17,2721,XAUUSD,sell,out,0.37,2333.83,2721,-1.30,0.00,-6.29,4 471.66,sl 2333.83
2024.04.26 08:45:00,2722,XAUUSD,buy,out,0.07,2335.09,2722,-0.25,0.00,-7.98,4 463.43,
2024.04.26 10:00:00,2723,XAUUSD,sell,in,0.11,2340.78,2723,-0.39,0.00,0.00,4 463.04,RSI Reverse SELL #M1002
2024.04.26 10:00:00,2724,XAUUSD,buy,out,0.11,2340.87,2724,-0.39,0.00,-0.99,4 461.66,
2024.04.26 14:00:00,2725,XAUUSD,sell,in,0.37,2348.05,2725,-1.30,0.00,0.00,4 460.36,RSI Scalping Sell #M129102315
2024.04.26 14:04:01,2726,XAUUSD,buy,out,0.37,2348.21,2726,-1.30,0.00,-5.92,4 453.14,sl 2348.20
2024.04.26 17:32:31,2727,XTIUSD,sell,out,0.5,84.08,2727,0.00,16.05,11.00,4 480.19,sl 84.08
2024.04.26 17:37:09,2728,XBRUSD,sell,out,0.5,88.79,2728,0.00,12.03,18.50,4 510.72,sl 88.79
2024.04.26 19:00:00,2729,EURUSD,sell,in,0.06,1.06859,2729,-0.21,0.00,0.00,4 510.51,WP Sell #M20260524
2024.04.26 21:00:00,2730,XAUUSD,buy,in,0.03,2338.68,2730,-0.11,0.00,0.00,4 510.40,United SuperEMA long #M940001
2024.04.26 22:00:00,2731,XAUUSD,buy,in,0.01,2340.99,2731,-0.04,0.00,0.00,4 510.36,SimpleTrendline BUY #M26042503
2024.04.26 23:45:00,2732,XAUUSD,sell,out,0.03,2337.05,2732,-0.11,0.00,-4.89,4 505.36,
2024.04.29 02:00:00,2733,XAUUSD,sell,out,0.01,2334.71,2733,-0.04,-0.52,-6.28,4 498.52,
2024.04.29 03:45:00,2734,XAUUSD,sell,in,0.01,2332.22,2734,-0.04,0.00,0.00,4 498.48,United SuperEMA short #M940001
2024.04.29 05:46:47,2735,EURUSD,sell,in,0.18,1.07199,2735,-0.63,0.00,0.00,4 497.85,RSI Overbought Crossover Sell #
2024.04.29 07:15:00,2736,XAUUSD,buy,out,0.01,2329.63,2736,-0.04,0.00,2.59,4 500.40,
2024.04.29 09:00:00,2737,XAUUSD,sell,in,0.07,2330.57,2737,-0.25,0.00,0.00,4 500.15,RSIConsolidation SELL #M2025042
2024.04.29 09:00:00,2738,XAUUSD,buy,out,0.07,2330.77,2738,-0.25,0.00,-1.40,4 498.50,
2024.04.29 12:45:00,2739,XAUUSD,sell,in,0.07,2339.77,2739,-0.25,0.00,0.00,4 498.25,RSIConsolidation SELL #M2025042
2024.04.29 12:53:10,2740,XAUUSD,buy,out,0.07,2343.94,2740,-0.25,0.00,-29.19,4 468.81,sl 2343.94
2024.04.29 13:00:00,2741,XAUUSD,buy,in,0.37,2343.35,2741,-1.30,0.00,0.00,4 467.51,RSI Scalping Buy #M129102315
2024.04.29 13:18:50,2742,XAUUSD,sell,out,0.37,2343.47,2742,-1.30,0.00,4.44,4 470.65,sl 2343.47
2024.04.29 15:00:00,2743,XAUUSD,sell,in,0.07,2337.09,2743,-0.25,0.00,0.00,4 470.40,RSIConsolidation SELL #M2025042
2024.04.29 15:00:00,2744,XAUUSD,buy,out,0.07,2337.21,2744,-0.25,0.00,-0.84,4 469.31,
2024.04.29 20:00:00,2745,XAUUSD,buy,in,0.37,2343.11,2745,-1.30,0.00,0.00,4 468.01,RSI Scalping Buy #M129102315
2024.04.29 20:03:11,2746,XAUUSD,sell,out,0.37,2344.39,2746,-1.30,0.00,47.36,4 514.07,sl 2344.40
2024.04.29 21:00:00,2747,XAUUSD,sell,in,0.07,2342.23,2747,-0.25,0.00,0.00,4 513.82,RSIConsolidation SELL #M2025042
2024.04.29 21:30:00,2748,XAUUSD,buy,out,0.07,2338.75,2748,-0.25,0.00,24.36,4 537.93,
2024.04.30 04:15:10,2749,DE40,sell,in,0.1,18138.50,2749,0.00,0.00,0.00,4 537.93,SimpleTrendline SELL #M26042502
2024.04.30 07:15:03,2750,DE40,buy,out,0.1,18125.00,2750,0.00,0.00,1.44,4 539.37,
2024.04.30 07:46:01,2751,DE40,sell,in,0.1,18119.50,2751,0.00,0.00,0.00,4 539.37,SimpleTrendline SELL #M26042502
2024.04.30 08:15:05,2752,DE40,buy,out,0.1,18122.00,2752,0.00,0.00,-0.27,4 539.10,
2024.04.30 09:00:00,2753,XAUUSD,sell,out,0.11,2322.96,2753,-0.39,-17.13,54.67,4 576.25,
2024.04.30 09:45:00,2754,DE40,buy,in,0.1,18136.70,2754,0.00,0.00,0.00,4 576.25,SimpleTrendline BUY #M26042502
2024.04.30 10:15:00,2755,DE40,sell,out,0.1,18108.20,2755,0.00,0.00,-3.05,4 573.20,
2024.04.30 17:45:00,2756,XAUUSD,sell,in,0.03,2298.23,2756,-0.11,0.00,0.00,4 573.09,United SuperEMA short #M940001
2024.05.01 02:15:10,2757,XAUUSD,buy,out,0.03,2291.78,2757,-0.11,1.34,19.35,4 593.67,
2024.05.01 13:00:00,2758,XAUUSD,buy,in,0.01,2292.11,2758,-0.04,0.00,0.00,4 593.63,SimpleTrendline BUY #M26042503
2024.05.01 15:25:24,2759,EURUSD,buy,out,0.06,1.06795,2759,-0.21,0.33,3.84,4 597.59,sl 1.06795
2024.05.01 16:00:00,2760,XAUUSD,buy,in,0.01,2298.35,2760,-0.04,0.00,0.00,4 597.55,WP Buy #M20260526
2024.05.01 17:00:00,2761,XAUUSD,buy,in,0.38,2305.07,2761,-1.33,0.00,0.00,4 596.22,RSI Scalping Buy #M129102315
2024.05.01 17:00:02,2762,XAUUSD,sell,out,0.38,2305.22,2762,-1.33,0.00,5.70,4 600.59,sl 2305.26
2024.05.01 17:32:44,2763,XAUUSD,sell,out,0.01,2302.99,2763,-0.04,0.00,4.64,4 605.19,sl 2303.01
2024.05.01 18:15:00,2764,XAUUSD,buy,in,0.03,2304.91,2764,-0.11,0.00,0.00,4 605.08,United SuperEMA long #M940001
2024.05.01 20:15:00,2765,XAUUSD,sell,out,0.03,2303.55,2765,-0.11,0.00,-4.08,4 600.89,
2024.05.01 22:00:00,2766,XAUUSD,buy,in,0.19,2325.42,2766,-0.67,0.00,0.00,4 600.22,EMA Crossover Trade BUY #M12350
2024.05.01 22:00:00,2767,XAUUSD,buy,in,0.38,2325.36,2767,-1.33,0.00,0.00,4 598.89,RSI Scalping Buy #M129102315
2024.05.01 22:00:05,2768,XAUUSD,sell,out,0.38,2325.07,2768,-1.33,0.00,-11.02,4 586.54,sl 2325.07
2024.05.01 22:03:26,2769,XAUUSD,sell,out,0.19,2324.22,2769,-0.67,0.00,-22.80,4 563.07,sl 2324.23
2024.05.01 23:00:00,2770,XAUUSD,sell,in,0.38,2309.67,2770,-1.33,0.00,0.00,4 561.74,RSI Scalping Sell #M129102315
2024.05.01 23:00:16,2771,XAUUSD,buy,out,0.38,2309.68,2771,-1.33,0.00,-0.38,4 560.03,sl 2309.63
2024.05.02 00:02:27,2772,EURUSD,buy,out,0.18,1.07160,2772,-0.63,1.61,7.02,4 568.03,
2024.05.02 09:00:00,2773,XAUUSD,sell,out,0.01,2315.04,2773,-0.04,-1.56,22.93,4 589.36,
2024.05.02 10:00:00,2774,XAUUSD,sell,in,0.01,2313.58,2774,-0.04,0.00,0.00,4 589.32,SimpleTrendline SELL #M26042503
2024.05.02 10:00:00,2775,DE40,sell,in,0.1,17946.20,2775,0.00,0.00,0.00,4 589.32,SimpleTrendline SELL #M26042502
2024.05.02 11:15:00,2776,DE40,buy,out,0.1,17958.80,2776,0.00,0.00,-1.35,4 587.97,
2024.05.02 12:45:01,2777,XAUUSD,sell,in,0.03,2301.21,2777,-0.11,0.00,0.00,4 587.86,United SuperEMA short #M940001
2024.05.02 15:30:00,2778,XAUUSD,buy,out,0.03,2302.39,2778,-0.11,0.00,-3.54,4 584.21,
2024.05.02 16:15:00,2779,XAUUSD,sell,in,0.03,2288.84,2779,-0.11,0.00,0.00,4 584.10,United SuperEMA short #M940001
2024.05.02 17:45:01,2780,XAUUSD,buy,out,0.03,2300.59,2780,-0.11,0.00,-35.25,4 548.74,
2024.05.02 19:00:00,2781,XTIUSD,sell,in,0.5,78.98,2781,0.00,0.00,0.00,4 548.74,WP Sell #M20260533
2024.05.02 20:30:00,2782,DE40,buy,in,0.1,17943.10,2782,0.00,0.00,0.00,4 548.74,SimpleTrendline BUY #M26042502
2024.05.02 20:45:00,2783,DE40,sell,out,0.1,17925.80,2783,0.00,0.00,-1.85,4 546.89,
2024.05.02 21:00:00,2784,XAUUSD,buy,out,0.01,2308.15,2784,-0.04,0.00,5.43,4 552.28,
2024.05.02 21:00:00,2785,XAUUSD,buy,in,0.01,2308.19,2785,-0.04,0.00,0.00,4 552.24,SimpleTrendline BUY #M26042503
2024.05.02 21:30:01,2786,DE40,buy,in,0.1,17936.60,2786,0.00,0.00,0.00,4 552.24,SimpleTrendline BUY #M26042502
2024.05.02 22:45:00,2787,DE40,sell,out,0.1,17929.30,2787,0.00,0.00,-0.78,4 551.46,
2024.05.02 23:15:00,2788,DE40,buy,in,0.1,17945.50,2788,0.00,0.00,0.00,4 551.46,SimpleTrendline BUY #M26042502
2024.05.03 01:15:55,2789,EURUSD,sell,in,0.18,1.07294,2789,-0.63,0.00,0.00,4 550.83,RSI Overbought Crossover Sell #
2024.05.03 03:12:44,2790,EURUSD,buy,out,0.18,1.07245,2790,-0.63,0.00,8.82,4 559.02,
2024.05.03 03:30:00,2791,XAUUSD,sell,in,0.03,2301.44,2791,-0.11,0.00,0.00,4 558.91,United SuperEMA short #M940001
2024.05.03 03:56:52,2792,EURUSD,sell,in,0.18,1.07317,2792,-0.63,0.00,0.00,4 558.28,RSI Overbought Crossover Sell #
2024.05.03 04:00:01,2793,XAUUSD,buy,out,0.03,2304.04,2793,-0.11,0.00,-7.80,4 550.37,
2024.05.03 05:15:00,2794,XAUUSD,sell,in,0.03,2301.22,2794,-0.11,0.00,0.00,4 550.26,United SuperEMA short #M940001
2024.05.03 06:00:01,2795,XAUUSD,sell,out,0.01,2301.00,2795,-0.04,-0.52,-7.19,4 542.51,
2024.05.03 06:00:01,2796,XAUUSD,sell,in,0.01,2301.00,2796,-0.04,0.00,0.00,4 542.47,SimpleTrendline SELL #M26042503
2024.05.03 07:15:01,2797,XAUUSD,buy,out,0.03,2303.66,2797,-0.11,0.00,-7.32,4 535.04,
2024.05.03 08:00:01,2798,XAUUSD,buy,out,0.01,2307.59,2798,-0.04,0.00,-6.59,4 528.41,
2024.05.03 08:00:01,2799,XAUUSD,buy,in,0.01,2307.57,2799,-0.04,0.00,0.00,4 528.37,SimpleTrendline BUY #M26042503
2024.05.03 08:00:01,2800,DE40,sell,out,0.1,17947.70,2800,0.00,-0.48,0.24,4 528.13,
2024.05.03 10:00:00,2801,XAUUSD,sell,out,0.01,2298.52,2801,-0.04,0.00,-9.05,4 519.04,
2024.05.03 14:00:00,2802,XAUUSD,sell,in,0.01,2299.17,2802,-0.04,0.00,0.00,4 519.00,SimpleTrendline SELL #M26042503
2024.05.03 14:15:00,2803,XAUUSD,sell,in,0.03,2297.10,2803,-0.11,0.00,0.00,4 518.89,United SuperEMA short #M940001
2024.05.03 15:45:00,2804,XAUUSD,buy,out,0.03,2303.47,2804,-0.11,0.00,-19.11,4 499.67,
2024.05.03 16:30:00,2805,DE40,buy,in,0.1,18041.40,2805,0.00,0.00,0.00,4 499.67,SimpleTrendline BUY #M26042502
2024.05.03 17:00:00,2806,BTCUSD,buy,in,0.29,61760.35,2806,0.00,0.00,0.00,4 499.67,RSI Scalping Buy #M123459123
2024.05.03 17:00:01,2807,BTCUSD,sell,out,0.29,61766.72,2807,0.00,0.00,1.85,4 501.52,sl 61770.01
2024.05.03 17:15:00,2808,DE40,sell,out,0.1,17971.30,2808,0.00,0.00,-7.55,4 493.97,
2024.05.03 17:30:00,2809,XAUUSD,sell,in,0.03,2286.92,2809,-0.11,0.00,0.00,4 493.86,United SuperEMA short #M940001
2024.05.03 17:30:00,2810,DE40,buy,in,0.1,17992.80,2810,0.00,0.00,0.00,4 493.86,SimpleTrendline BUY #M26042502
2024.05.03 18:00:00,2811,DE40,sell,out,0.1,17977.80,2811,0.00,0.00,-1.61,4 492.25,
2024.05.03 18:04:22,2812,BTCUSD,buy,in,0.01,61621.84,2812,0.00,0.00,0.00,4 492.25,WP Buy #M20260527
2024.05.03 18:30:00,2813,DE40,buy,in,0.1,17996.40,2813,0.00,0.00,0.00,4 492.25,SimpleTrendline BUY #M26042502
2024.05.03 18:45:00,2814,XAUUSD,buy,out,0.03,2298.19,2814,-0.11,0.00,-33.81,4 458.33,
2024.05.03 19:42:46,2815,BTCUSD,sell,out,0.01,61883.24,2815,0.00,0.00,2.61,4 460.94,sl 61885.38
2024.05.03 21:00:00,2816,XAUUSD,buy,out,0.01,2302.19,2816,-0.04,0.00,-3.02,4 457.88,
2024.05.03 21:00:00,2817,XAUUSD,buy,in,0.01,2302.18,2817,-0.04,0.00,0.00,4 457.84,SimpleTrendline BUY #M26042503
2024.05.06 01:15:06,2818,DE40,sell,out,0.1,18053.70,2818,0.00,-1.46,6.17,4 462.55,
2024.05.06 03:50:48,2819,EURUSD,buy,out,0.18,1.07666,2819,-0.63,0.32,-62.82,4 399.42,
2024.05.06 11:25:26,2820,XTIUSD,buy,out,0.5,79.25,2820,0.00,-29.11,-13.50,4 356.81,sl 79.25
2024.05.06 21:00:00,2821,XAUUSD,sell,out,0.01,2324.73,2821,-0.04,-0.52,22.55,4 378.80,
2024.06.03 10:00:00,2822,BTCUSD,buy,in,0.36,69009.81,2822,0.00,0.00,0.00,4 378.80,RSI Scalping Buy #M123459123
2024.06.03 10:00:01,2823,BTCUSD,buy,in,0.01,69037.58,2823,0.00,0.00,0.00,4 378.80,WP Buy #M20260527
2024.06.03 10:00:03,2824,BTCUSD,sell,out,0.36,69019.23,2824,0.00,0.00,3.39,4 382.19,sl 69019.58
2024.06.03 11:30:05,2825,DE40,buy,in,0.3,18650.90,2825,0.00,0.00,0.00,4 382.19,SimpleTrendline BUY #M26042502
2024.06.03 12:16:04,2826,BTCUSD,sell,out,0.01,69012.15,2826,0.00,0.00,-0.25,4 381.94,sl 69016.74
2024.06.03 14:30:00,2827,DE40,sell,out,0.3,18614.70,2827,0.00,0.00,-11.69,4 370.25,
2024.06.03 15:45:00,2828,DE40,buy,in,0.3,18662.70,2828,0.00,0.00,0.00,4 370.25,SimpleTrendline BUY #M26042502
2024.06.03 16:00:00,2829,BTCUSD,buy,in,0.36,69782.26,2829,0.00,0.00,0.00,4 370.25,RSI Scalping Buy #M123459123
2024.06.03 16:31:18,2830,BTCUSD,sell,out,0.36,69787.99,2830,0.00,0.00,2.06,4 372.31,sl 69788.78
2024.06.03 17:15:00,2831,DE40,sell,out,0.3,18648.20,2831,0.00,0.00,-4.68,4 367.63,
2024.06.03 18:00:00,2832,XBRUSD,sell,in,0.5,79.00,2832,0.00,0.00,0.00,4 367.63,WP Sell #M20260534
2024.06.03 18:00:00,2833,XTIUSD,sell,in,0.5,74.77,2833,0.00,0.00,0.00,4 367.63,WP Sell #M20260533
2024.06.04 03:30:00,2834,DE40,sell,in,0.3,18582.00,2834,0.00,0.00,0.00,4 367.63,SimpleTrendline SELL #M26042502
2024.06.04 03:45:01,2835,DE40,buy,out,0.3,18587.50,2835,0.00,0.00,-1.78,4 365.85,
2024.06.04 16:15:00,2836,DE40,sell,in,0.3,18492.10,2836,0.00,0.00,0.00,4 365.85,SimpleTrendline SELL #M26042502
2024.06.04 16:30:00,2837,DE40,buy,out,0.3,18506.10,2837,0.00,0.00,-4.52,4 361.33,
2024.06.04 17:18:35,2838,XTIUSD,buy,out,0.5,73.66,2838,0.00,-7.28,55.50,4 409.55,sl 73.66
2024.06.04 17:45:00,2839,DE40,sell,in,0.1,18471.10,2839,0.00,0.00,0.00,4 409.55,SimpleTrendline SELL #M26042502
2024.06.04 18:16:53,2840,XBRUSD,buy,out,0.5,77.89,2840,0.00,-5.66,55.50,4 459.39,sl 77.89
2024.06.04 19:00:00,2841,BTCUSD,buy,in,0.37,70500.28,2841,0.00,0.00,0.00,4 459.39,RSI Scalping Buy #M123459123
2024.06.04 19:00:07,2842,BTCUSD,sell,out,0.37,70514.60,2842,0.00,0.00,5.30,4 464.69,sl 70519.55
2024.06.04 20:30:07,2843,DE40,buy,out,0.1,18440.90,2843,0.00,0.00,3.25,4 467.94,
2024.06.04 22:00:05,2844,DE40,sell,in,0.1,18460.10,2844,0.00,0.00,0.00,4 467.94,SimpleTrendline SELL #M26042502
2024.06.04 22:30:00,2845,DE40,buy,out,0.1,18456.90,2845,0.00,0.00,0.34,4 468.28,
2024.06.05 17:30:00,2846,DE40,buy,in,0.1,18547.30,2846,0.00,0.00,0.00,4 468.28,SimpleTrendline BUY #M26042502
2024.06.06 15:30:00,2847,DE40,sell,out,0.1,18650.90,2847,0.00,-0.49,11.15,4 478.94,
2024.06.07 08:15:03,2848,DE40,sell,in,0.3,18632.50,2848,0.00,0.00,0.00,4 478.94,SimpleTrendline SELL #M26042502
2024.06.07 08:30:26,2849,DE40,buy,out,0.3,18638.00,2849,0.00,0.00,-1.78,4 477.16,
2024.06.07 09:45:00,2850,DE40,buy,in,0.1,18640.30,2850,0.00,0.00,0.00,4 477.16,SimpleTrendline BUY #M26042502
2024.06.07 10:00:01,2851,DE40,sell,out,0.1,18627.30,2851,0.00,0.00,-1.40,4 475.76,
2024.06.07 10:30:00,2852,DE40,sell,in,0.1,18581.30,2852,0.00,0.00,0.00,4 475.76,SimpleTrendline SELL #M26042502
2024.06.07 15:17:52,2853,BTCUSD,buy,in,0.01,71916.01,2853,0.00,0.00,0.00,4 475.76,WP Buy #M20260527
2024.06.07 15:30:10,2854,BTCUSD,sell,out,0.01,71287.90,2854,0.00,0.00,-6.28,4 469.48,sl 71395.01
2024.06.07 17:15:00,2855,DE40,buy,out,0.1,18558.40,2855,0.00,0.00,2.47,4 471.95,
2024.06.10 00:05:12,2856,AUDUSD,buy,in,0.29,0.65833,2856,-1.02,0.00,0.00,4 470.93,RSI Oversold Crossover Buy #M30
2024.06.10 01:30:00,2857,DE40,sell,in,0.3,18510.10,2857,0.00,0.00,0.00,4 470.93,SimpleTrendline SELL #M26042502
2024.06.10 03:45:01,2858,DE40,buy,out,0.3,18524.10,2858,0.00,0.00,-4.52,4 466.41,
2024.06.10 05:00:51,2859,DE40,sell,in,0.1,18502.60,2859,0.00,0.00,0.00,4 466.41,SimpleTrendline SELL #M26042502
2024.06.10 06:00:05,2860,DE40,buy,out,0.1,18512.60,2860,0.00,0.00,-1.08,4 465.33,
2024.06.10 07:19:12,2861,AUDUSD,sell,out,0.29,0.65907,2861,-1.02,0.00,21.46,4 485.77,
2024.06.10 07:30:30,2862,DE40,sell,in,0.1,18501.60,2862,0.00,0.00,0.00,4 485.77,SimpleTrendline SELL #M26042502
2024.06.10 08:15:28,2863,DE40,buy,out,0.1,18514.60,2863,0.00,0.00,-1.40,4 484.37,
2024.06.10 16:00:01,2864,DE40,sell,in,0.1,18430.90,2864,0.00,0.00,0.00,4 484.37,SimpleTrendline SELL #M26042502
2024.06.10 18:15:02,2865,DE40,buy,out,0.1,18468.90,2865,0.00,0.00,-4.09,4 480.28,
2024.06.10 18:30:00,2866,DE40,buy,in,0.1,18489.60,2866,0.00,0.00,0.00,4 480.28,SimpleTrendline BUY #M26042502
2024.06.11 06:00:08,2867,DE40,sell,out,0.1,18492.40,2867,0.00,-0.49,0.30,4 480.09,
2024.06.11 07:30:05,2868,DE40,buy,in,0.1,18500.90,2868,0.00,0.00,0.00,4 480.09,SimpleTrendline BUY #M26042502
2024.06.11 07:45:09,2869,DE40,sell,out,0.1,18498.90,2869,0.00,0.00,-0.22,4 479.87,
2024.06.11 09:00:00,2870,DE40,buy,in,0.1,18509.90,2870,0.00,0.00,0.00,4 479.87,SimpleTrendline BUY #M26042502
2024.06.11 11:45:00,2871,DE40,sell,out,0.1,18481.00,2871,0.00,0.00,-3.11,4 476.76,
2024.06.11 12:00:02,2872,DE40,sell,in,0.1,18459.00,2872,0.00,0.00,0.00,4 476.76,SimpleTrendline SELL #M26042502
2024.06.11 15:15:00,2873,DE40,buy,out,0.1,18367.30,2873,0.00,0.00,9.87,4 486.63,
2024.06.11 21:45:01,2874,DE40,sell,in,0.1,18407.30,2874,0.00,0.00,0.00,4 486.63,SimpleTrendline SELL #M26042502
2024.06.11 22:00:00,2875,DE40,buy,out,0.1,18412.60,2875,0.00,0.00,-0.57,4 486.06,
2024.06.11 22:30:01,2876,DE40,sell,in,0.1,18386.30,2876,0.00,0.00,0.00,4 486.06,SimpleTrendline SELL #M26042502
2024.06.12 01:30:00,2877,DE40,buy,out,0.1,18383.50,2877,0.00,-0.17,0.30,4 486.19,
2024.06.12 16:00:00,2878,BTCUSD,buy,in,0.37,69360.89,2878,0.00,0.00,0.00,4 486.19,RSI Scalping Buy #M123459123
2024.06.12 16:00:02,2879,BTCUSD,sell,out,0.37,69362.39,2879,0.00,0.00,0.56,4 486.75,sl 69362.58
2024.06.12 18:00:00,2880,BTCUSD,buy,in,0.37,69989.58,2880,0.00,0.00,0.00,4 486.75,RSI Scalping Buy #M123459123
2024.06.12 18:04:25,2881,BTCUSD,buy,in,0.01,70017.94,2881,0.00,0.00,0.00,4 486.75,WP Buy #M20260527
2024.06.12 18:04:25,2882,BTCUSD,sell,out,0.37,69996.29,2882,0.00,0.00,2.48,4 489.23,sl 69998.17
2024.06.12 19:26:40,2883,BTCUSD,sell,out,0.01,69499.83,2883,0.00,0.00,-5.18,4 484.05,sl 69501.76
2024.06.14 19:00:00,2884,BTCUSD,sell,in,0.26,66333.98,2884,0.00,0.00,0.00,4 484.05,SimpleTrendline SELL #M26042501
2024.06.17 00:05:00,2885,BTCUSD,buy,out,0.26,66446.76,2885,0.00,0.00,-29.32,4 454.73,
2024.06.17 18:00:00,2886,DE40,buy,in,0.1,18071.40,2886,0.00,0.00,0.00,4 454.73,SimpleTrendline BUY #M26042502
2024.06.18 08:16:01,2887,DE40,sell,out,0.1,18135.00,2887,0.00,-0.49,6.85,4 461.09,
2024.06.18 08:45:30,2888,DE40,buy,in,0.1,18149.00,2888,0.00,0.00,0.00,4 461.09,SimpleTrendline BUY #M26042502
2024.06.18 11:00:00,2889,DE40,sell,out,0.1,18121.60,2889,0.00,0.00,-2.95,4 458.14,
2024.06.18 11:15:08,2890,DE40,sell,in,0.1,18101.10,2890,0.00,0.00,0.00,4 458.14,SimpleTrendline SELL #M26042502
2024.06.18 12:15:00,2891,DE40,buy,out,0.1,18143.90,2891,0.00,0.00,-4.61,4 453.53,
2024.06.18 18:00:07,2892,DE40,sell,in,0.1,18124.90,2892,0.00,0.00,0.00,4 453.53,SimpleTrendline SELL #M26042502
2024.06.18 18:45:00,2893,DE40,buy,out,0.1,18142.50,2893,0.00,0.00,-1.89,4 451.64,
2024.06.19 16:45:00,2894,DE40,sell,in,0.1,18084.20,2894,0.00,0.00,0.00,4 451.64,SimpleTrendline SELL #M26042502
2024.06.19 17:15:36,2895,DE40,buy,out,0.1,18105.70,2895,0.00,0.00,-2.31,4 449.33,
2024.06.19 18:15:00,2896,DE40,sell,in,0.1,18086.60,2896,0.00,0.00,0.00,4 449.33,SimpleTrendline SELL #M26042502
2024.06.19 22:45:09,2897,DE40,buy,out,0.1,18072.70,2897,0.00,0.00,1.50,4 450.83,
2024.06.20 04:30:03,2898,DE40,buy,in,0.1,18097.90,2898,0.00,0.00,0.00,4 450.83,SimpleTrendline BUY #M26042502
2024.06.20 05:00:42,2899,DE40,sell,out,0.1,18085.40,2899,0.00,0.00,-1.35,4 449.48,
2024.06.20 11:00:41,2900,BTCUSD,buy,in,0.01,65850.22,2900,0.00,0.00,0.00,4 449.48,WP Buy #M20260527
2024.06.20 14:43:58,2901,BTCUSD,sell,out,0.01,66135.69,2901,0.00,0.00,2.85,4 452.33,sl 66154.50
2024.06.20 15:02:48,2902,BTCUSD,buy,in,0.01,66058.04,2902,0.00,0.00,0.00,4 452.33,WP Buy #M20260527
2024.06.20 15:16:08,2903,BTCUSD,sell,out,0.01,65975.71,2903,0.00,0.00,-0.82,4 451.51,sl 65976.43
2024.06.20 16:00:00,2904,DE40,buy,in,0.1,18126.80,2904,0.00,0.00,0.00,4 451.51,SimpleTrendline BUY #M26042502
2024.06.20 23:15:03,2905,DE40,sell,out,0.1,18037.20,2905,0.00,0.00,-9.65,4 441.86,
2024.06.21 12:45:07,2906,DE40,sell,in,0.1,18164.50,2906,0.00,0.00,0.00,4 441.86,SimpleTrendline SELL #M26042502
2024.06.21 14:00:00,2907,DE40,buy,out,0.1,18163.00,2907,0.00,0.00,0.16,4 442.02,
2024.06.21 18:30:00,2908,DE40,sell,in,0.1,18180.20,2908,0.00,0.00,0.00,4 442.02,SimpleTrendline SELL #M26042502
2024.06.21 19:00:00,2909,DE40,buy,out,0.1,18190.50,2909,0.00,0.00,-1.11,4 440.91,
2024.06.21 19:45:01,2910,DE40,sell,in,0.1,18178.70,2910,0.00,0.00,0.00,4 440.91,SimpleTrendline SELL #M26042502
2024.06.21 20:00:00,2911,DE40,buy,out,0.1,18193.00,2911,0.00,0.00,-1.54,4 439.37,
2024.06.26 02:00:00,2912,XAUUSD,buy,in,0.11,2320.73,2912,-0.39,0.00,0.00,4 438.98,RSI Follow BUY #M1001
2024.06.26 04:00:00,2913,XAUUSD,sell,out,0.11,2318.43,2913,-0.39,0.00,-25.30,4 413.29,
2024.06.26 06:00:00,2914,XAUUSD,buy,in,0.11,2319.56,2914,-0.39,0.00,0.00,4 412.90,RSI Follow BUY #M1001
2024.06.26 07:00:00,2915,XAUUSD,sell,in,0.11,2317.28,2915,-0.39,0.00,0.00,4 412.51,RSI Reverse SELL #M1002
2024.06.26 07:00:00,2916,XAUUSD,sell,out,0.11,2317.28,2916,-0.39,0.00,-25.08,4 387.04,
2024.06.27 14:00:00,2917,XAUUSD,buy,out,0.11,2315.30,2917,-0.39,14.78,21.78,4 423.21,
2024.06.27 22:00:02,2918,DE40,buy,in,0.1,18219.10,2918,0.00,0.00,0.00,4 423.21,SimpleTrendline BUY #M26042502
2024.06.28 04:15:01,2919,DE40,sell,out,0.1,18239.30,2919,0.00,-0.49,2.17,4 424.89,
2024.06.28 04:20:03,2920,AUDUSD,buy,in,0.29,0.66257,2920,-1.02,0.00,0.00,4 423.87,RSI Oversold Crossover Buy #M30
2024.06.28 08:00:00,2921,AUDUSD,sell,out,0.29,0.66228,2921,-1.02,0.00,-8.41,4 414.44,
2024.06.28 17:30:00,2922,DE40,buy,in,0.1,18287.70,2922,0.00,0.00,0.00,4 414.44,SimpleTrendline BUY #M26042502
2024.06.28 17:45:02,2923,DE40,sell,out,0.1,18275.20,2923,0.00,0.00,-1.35,4 413.09,
2024.07.01 01:30:01,2924,DE40,buy,in,0.1,18308.00,2924,0.00,0.00,0.00,4 413.09,SimpleTrendline BUY #M26042502
2024.07.01 02:00:00,2925,BTCUSD,buy,in,0.36,62792.61,2925,0.00,0.00,0.00,4 413.09,RSI Scalping Buy #M123459123
2024.07.01 02:00:05,2926,BTCUSD,sell,out,0.36,62813.01,2926,0.00,0.00,7.34,4 420.43,sl 62814.02
2024.07.01 02:15:20,2927,DE40,sell,out,0.1,18283.90,2927,0.00,0.00,-2.59,4 417.84,
2024.07.01 02:45:03,2928,DE40,buy,in,0.1,18294.40,2928,0.00,0.00,0.00,4 417.84,SimpleTrendline BUY #M26042502
2024.07.01 02:58:59,2929,EURUSD,sell,in,0.18,1.07353,2929,-0.63,0.00,0.00,4 417.21,RSI Overbought Crossover Sell #
2024.07.01 03:00:01,2930,DE40,sell,out,0.1,18280.60,2930,0.00,0.00,-1.48,4 415.73,
2024.07.01 04:06:41,2931,BTCUSD,buy,in,0.01,63175.15,2931,0.00,0.00,0.00,4 415.73,WP Buy #M20260527
2024.07.01 05:11:33,2932,BTCUSD,sell,out,0.01,63370.26,2932,0.00,0.00,1.95,4 417.68,sl 63426.84
2024.07.01 06:14:00,2933,BTCUSD,buy,in,0.01,63369.35,2933,0.00,0.00,0.00,4 417.68,WP Buy #M20260527
2024.07.01 11:15:01,2934,DE40,buy,in,0.1,18325.20,2934,0.00,0.00,0.00,4 417.68,SimpleTrendline BUY #M26042502
2024.07.01 11:37:26,2935,BTCUSD,sell,out,0.01,62869.00,2935,0.00,0.00,-5.00,4 412.68,sl 62869.35
2024.07.01 11:45:01,2936,DE40,sell,out,0.1,18313.20,2936,0.00,0.00,-1.29,4 411.39,
2024.07.01 16:30:00,2937,DE40,buy,in,0.1,18355.20,2937,0.00,0.00,0.00,4 411.39,SimpleTrendline BUY #M26042502
2024.07.01 17:15:00,2938,DE40,sell,out,0.1,18317.20,2938,0.00,0.00,-4.08,4 407.31,
2024.07.02 02:15:23,2939,DE40,sell,in,0.1,18315.20,2939,0.00,0.00,0.00,4 407.31,SimpleTrendline SELL #M26042502
2024.07.02 18:15:00,2940,DE40,buy,out,0.1,18160.30,2940,0.00,0.00,16.63,4 423.94,
2024.07.02 19:15:00,2941,DE40,sell,in,0.1,18143.30,2941,0.00,0.00,0.00,4 423.94,SimpleTrendline SELL #M26042502
2024.07.02 19:30:09,2942,DE40,buy,out,0.1,18160.10,2942,0.00,0.00,-1.80,4 422.14,
2024.07.03 04:02:16,2943,EURUSD,buy,out,0.18,1.07461,2943,-0.63,0.64,-19.44,4 402.71,
2024.07.03 04:30:01,2944,DE40,buy,in,0.1,18196.30,2944,0.00,0.00,0.00,4 402.71,SimpleTrendline BUY #M26042502
2024.07.03 08:15:16,2945,DE40,sell,out,0.1,18201.30,2945,0.00,0.00,0.54,4 403.25,
2024.07.03 09:00:00,2946,DE40,buy,in,0.1,18214.30,2946,0.00,0.00,0.00,4 403.25,SimpleTrendline BUY #M26042502
2024.07.04 20:46:12,2947,DE40,sell,out,0.1,18441.50,2947,0.00,-0.49,24.42,4 427.18,
2024.07.05 03:16:01,2948,DE40,buy,in,0.1,18445.90,2948,0.00,0.00,0.00,4 427.18,SimpleTrendline BUY #M26042502
2024.07.05 03:45:00,2949,XAUUSD,buy,in,0.07,2358.42,2949,-0.25,0.00,0.00,4 426.93,United SuperEMA long #M940001
2024.07.05 04:00:00,2950,XAUUSD,buy,in,0.36,2358.94,2950,-1.26,0.00,0.00,4 425.67,RSI Scalping Buy #M129102315
2024.07.05 04:00:00,2951,XAUUSD,buy,in,0.03,2358.96,2951,-0.11,0.00,0.00,4 425.56,SimpleTrendline BUY #M26042503
2024.07.05 04:04:15,2952,XAUUSD,sell,out,0.36,2359.09,2952,-1.26,0.00,5.40,4 429.70,sl 2359.09
2024.07.05 04:45:13,2953,DE40,sell,out,0.1,18451.40,2953,0.00,0.00,0.59,4 430.29,
2024.07.05 06:00:00,2954,XAUUSD,buy,in,0.36,2360.60,2954,-1.26,0.00,0.00,4 429.03,RSI Scalping Buy #M129102315
2024.07.05 06:11:42,2955,XAUUSD,sell,out,0.36,2361.61,2955,-1.26,0.00,36.36,4 464.13,sl 2361.61
2024.07.05 08:30:15,2956,DE40,buy,in,0.1,18464.90,2956,0.00,0.00,0.00,4 464.13,SimpleTrendline BUY #M26042502
2024.07.05 11:00:00,2957,XAUUSD,buy,in,0.01,2365.37,2957,-0.04,0.00,0.00,4 464.09,WP Buy #M20260526
2024.07.05 12:45:00,2958,XAUUSD,sell,out,0.07,2365.22,2958,-0.25,0.00,47.60,4 511.44,
2024.07.05 13:00:00,2959,XAUUSD,sell,in,0.37,2362.19,2959,-1.30,0.00,0.00,4 510.14,RSI Scalping Sell #M129102315
2024.07.05 15:30:02,2960,XAUUSD,sell,out,0.01,2350.34,2960,-0.04,0.00,-15.03,4 495.07,sl 2350.37
2024.07.05 15:30:06,2961,XAUUSD,buy,out,0.37,2353.33,2961,-1.30,0.00,327.82,4 821.59,sl 2350.19
2024.07.05 15:32:02,2962,XAUUSD,buy,in,0.2,2370.72,2962,-0.70,0.00,0.00,4 820.89,Darvas Box Breakout #M135790
2024.07.05 16:00:00,2963,XAUUSD,buy,in,0.08,2372.27,2963,-0.28,0.00,0.00,4 820.61,United SuperEMA long #M940001
2024.07.05 16:45:00,2964,DE40,sell,out,0.1,18547.00,2964,0.00,0.00,8.82,4 829.43,
2024.07.05 17:00:00,2965,XAUUSD,buy,in,0.2,2383.28,2965,-0.70,0.00,0.00,4 828.73,EMA Crossover Trade BUY #M12350
2024.07.05 17:00:00,2966,XAUUSD,buy,in,0.01,2383.16,2966,-0.04,0.00,0.00,4 828.69,WP Buy #M20260526
2024.07.05 17:02:05,2967,XAUUSD,sell,out,0.2,2379.88,2967,-0.70,0.00,-68.00,4 759.99,sl 2379.88
2024.07.05 18:00:00,2968,XAUUSD,buy,in,0.19,2380.87,2968,-0.67,0.00,0.00,4 759.32,EMA Crossover Trade BUY #M12350
2024.07.05 18:39:19,2969,XAUUSD,sell,out,0.19,2384.67,2969,-0.67,0.00,72.20,4 830.85,sl 2384.67
2024.07.05 19:00:00,2970,XAUUSD,buy,in,0.2,2384.81,2970,-0.70,0.00,0.00,4 830.15,EMA Crossover Trade BUY #M12350
2024.07.05 20:39:13,2971,XAUUSD,sell,out,0.2,2386.15,2971,-0.70,0.00,26.80,4 856.25,sl 2386.16
2024.07.05 21:00:00,2972,XAUUSD,buy,in,0.2,2385.92,2972,-0.70,0.00,0.00,4 855.55,EMA Crossover Trade BUY #M12350
2024.07.05 22:53:58,2973,XAUUSD,sell,out,0.2,2389.24,2973,-0.70,0.00,66.40,4 921.25,sl 2389.24
2024.07.05 23:00:00,2974,XAUUSD,buy,in,0.2,2389.00,2974,-0.70,0.00,0.00,4 920.55,EMA Crossover Trade BUY #M12350
2024.07.08 01:02:00,2975,XAUUSD,sell,out,0.2,2386.57,2975,-0.70,-10.38,-48.60,4 860.87,sl 2387.93
2024.07.08 01:15:01,2976,XAUUSD,sell,out,0.08,2389.28,2976,-0.28,-4.15,136.08,4 992.52,
2024.07.08 01:58:30,2977,XAUUSD,sell,out,0.01,2385.36,2977,-0.04,-0.52,2.20,4 994.16,sl 2385.41
2024.07.08 02:00:00,2978,XAUUSD,sell,in,0.41,2385.37,2978,-1.44,0.00,0.00,4 992.72,RSI Scalping Sell #M129102315
2024.07.08 02:00:00,2979,XAUUSD,sell,out,0.03,2385.37,2979,-0.11,-1.56,79.23,5 070.28,
2024.07.08 02:02:48,2980,XAUUSD,buy,out,0.41,2385.62,2980,-1.44,0.00,-10.25,5 058.59,sl 2385.62
2024.07.08 04:01:15,2981,BTCUSD,sell,in,0.01,55054.93,2981,0.00,0.00,0.00,5 058.59,WP Sell #M20260527
2024.07.08 04:12:07,2982,BTCUSD,buy,out,0.01,54600.31,2982,0.00,0.00,4.55,5 063.14,sl 54598.48
2024.07.08 08:00:00,2983,XAUUSD,buy,in,0.04,2385.15,2983,-0.14,0.00,0.00,5 063.00,SimpleTrendline BUY #M26042503
2024.07.08 10:00:00,2984,XAUUSD,sell,out,0.04,2377.00,2984,-0.14,0.00,-32.60,5 030.26,
2024.07.08 18:00:02,2985,XAUUSD,sell,in,0.04,2373.27,2985,-0.14,0.00,0.00,5 030.12,SimpleTrendline SELL #M26042503
2024.07.08 18:30:00,2986,XAUUSD,sell,in,0.08,2369.53,2986,-0.28,0.00,0.00,5 029.84,United SuperEMA short #M940001
2024.07.08 18:48:38,2987,XAUUSD,sell,out,0.2,2353.93,2987,-0.70,-10.38,-335.80,4 682.96,sl 2353.97
2024.07.08 22:45:00,2988,XAUUSD,buy,out,0.08,2359.15,2988,-0.28,0.00,83.04,4 765.72,
2024.07.09 03:45:01,2989,DE40,sell,in,0.3,18477.10,2989,0.00,0.00,0.00,4 765.72,SimpleTrendline SELL #M26042502
2024.07.09 06:00:00,2990,XAUUSD,buy,out,0.04,2364.11,2990,-0.14,1.79,36.64,4 804.01,
2024.07.09 08:00:02,2991,DE40,buy,out,0.3,18471.60,2991,0.00,0.00,1.77,4 805.78,
2024.07.09 09:15:03,2992,DE40,sell,in,0.4,18451.40,2992,0.00,0.00,0.00,4 805.78,SimpleTrendline SELL #M26042502
2024.07.09 10:30:00,2993,XAUUSD,sell,in,0.08,2359.46,2993,-0.28,0.00,0.00,4 805.50,United SuperEMA short #M940001
2024.07.09 11:45:07,2994,DE40,buy,out,0.4,18446.10,2994,0.00,0.00,2.28,4 807.78,
2024.07.09 12:00:02,2995,XAUUSD,sell,in,0.12,2361.76,2995,-0.42,0.00,0.00,4 807.36,RSI Reverse SELL #M1002
2024.07.09 12:00:02,2996,XAUUSD,buy,out,0.12,2361.85,2996,-0.42,0.00,-1.08,4 805.86,
2024.07.09 12:15:00,2997,XAUUSD,buy,out,0.08,2363.41,2997,-0.28,0.00,-31.60,4 773.98,
2024.07.09 12:45:00,2998,DE40,sell,in,0.3,18431.60,2998,0.00,0.00,0.00,4 773.98,SimpleTrendline SELL #M26042502
2024.07.09 14:00:00,2999,XAUUSD,sell,in,0.03,2363.22,2999,-0.11,0.00,0.00,4 773.87,SimpleTrendline SELL #M26042503
2024.07.09 17:00:00,3000,XAUUSD,buy,out,0.03,2367.26,3000,-0.11,0.00,-12.12,4 761.64,
2024.07.09 18:15:00,3001,XAUUSD,sell,in,0.07,2352.60,3001,-0.25,0.00,0.00,4 761.39,United SuperEMA short #M940001
2024.07.09 19:00:00,3002,XAUUSD,buy,out,0.07,2362.19,3002,-0.25,0.00,-67.13,4 694.01,
2024.07.09 22:45:00,3003,XAUUSD,sell,in,0.06,2363.18,3003,-0.21,0.00,0.00,4 693.80,RSIConsolidation SELL #M2025042
2024.07.09 23:00:00,3004,XAUUSD,buy,in,0.09,2363.67,3004,-0.32,0.00,0.00,4 693.48,RSI Follow BUY #M1001
2024.07.10 02:34:35,3005,XAUUSD,buy,out,0.06,2366.21,3005,-0.21,2.69,-18.18,4 677.78,sl 2366.21
2024.07.10 05:50:11,3006,DE40,buy,out,0.3,18270.00,3006,0.00,-0.50,52.10,4 729.38,
2024.07.10 06:30:00,3007,XAUUSD,sell,in,0.07,2368.01,3007,-0.25,0.00,0.00,4 729.13,RSIConsolidation SELL #M2025042
2024.07.10 07:00:00,3008,XAUUSD,sell,in,0.11,2368.22,3008,-0.39,0.00,0.00,4 728.74,RSI Reverse SELL #M1002
2024.07.10 07:00:00,3009,XAUUSD,buy,out,0.11,2368.34,3009,-0.39,0.00,-1.32,4 727.03,
2024.07.10 07:30:01,3010,XAUUSD,buy,out,0.07,2367.06,3010,-0.25,0.00,6.65,4 733.43,
2024.07.10 08:15:34,3011,DE40,sell,in,0.3,18250.50,3011,0.00,0.00,0.00,4 733.43,SimpleTrendline SELL #M26042502
2024.07.10 09:15:06,3012,XAUUSD,sell,in,0.07,2367.51,3012,-0.25,0.00,0.00,4 733.18,RSIConsolidation SELL #M2025042
2024.07.10 09:15:08,3013,XAUUSD,buy,out,0.07,2367.74,3013,-0.25,0.00,-1.61,4 731.32,
2024.07.10 09:30:02,3014,DE40,buy,out,0.3,18261.20,3014,0.00,0.00,-3.45,4 727.87,
2024.07.10 09:45:08,3015,DE40,buy,in,0.3,18262.20,3015,0.00,0.00,0.00,4 727.87,SimpleTrendline BUY #M26042502
2024.07.10 10:00:00,3016,XAUUSD,buy,in,0.39,2372.14,3016,-1.37,0.00,0.00,4 726.50,RSI Scalping Buy #M129102315
2024.07.10 10:04:59,3017,XAUUSD,sell,out,0.39,2372.91,3017,-1.37,0.00,30.03,4 755.16,sl 2372.92
2024.07.10 10:15:00,3018,DE40,sell,out,0.3,18255.70,3018,0.00,0.00,-2.10,4 753.06,
2024.07.10 11:15:00,3019,XAUUSD,sell,in,0.07,2373.42,3019,-0.25,0.00,0.00,4 752.81,RSIConsolidation SELL #M2025042
2024.07.10 12:30:00,3020,XAUUSD,buy,out,0.07,2371.88,3020,-0.25,0.00,10.78,4 763.34,
2024.07.10 16:30:00,3021,XAUUSD,buy,in,0.07,2380.66,3021,-0.25,0.00,0.00,4 763.09,United SuperEMA long #M940001
2024.07.10 17:45:00,3022,XAUUSD,sell,out,0.07,2377.08,3022,-0.25,0.00,-25.06,4 737.78,
2024.07.10 18:00:00,3023,XAUUSD,sell,in,0.39,2374.90,3023,-1.37,0.00,0.00,4 736.41,RSI Scalping Sell #M129102315
2024.07.10 18:00:05,3024,XAUUSD,buy,out,0.39,2375.02,3024,-1.37,0.00,-4.68,4 730.36,sl 2375.01
2024.07.10 19:00:00,3025,XAUUSD,buy,in,0.39,2378.93,3025,-1.37,0.00,0.00,4 728.99,RSI Scalping Buy #M129102315
2024.07.10 19:07:13,3026,XAUUSD,sell,out,0.39,2379.49,3026,-1.37,0.00,21.84,4 749.46,sl 2379.49
2024.07.11 01:45:00,3027,XAUUSD,buy,in,0.07,2372.62,3027,-0.25,0.00,0.00,4 749.21,United SuperEMA long #M940001
2024.07.11 06:00:00,3028,XAUUSD,buy,in,0.39,2377.51,3028,-1.37,0.00,0.00,4 747.84,RSI Scalping Buy #M129102315
2024.07.11 06:00:00,3029,XAUUSD,buy,in,0.03,2377.51,3029,-0.11,0.00,0.00,4 747.73,SimpleTrendline BUY #M26042503
2024.07.11 06:16:05,3030,XAUUSD,sell,out,0.39,2378.18,3030,-1.37,0.00,26.13,4 772.49,sl 2378.19
2024.07.11 09:45:00,3031,XAUUSD,sell,out,0.07,2378.79,3031,-0.25,0.00,43.19,4 815.43,
2024.07.11 11:00:00,3032,DE40,buy,in,0.4,18456.40,3032,0.00,0.00,0.00,4 815.43,SimpleTrendline BUY #M26042502
2024.07.11 12:15:00,3033,XAUUSD,buy,in,0.08,2384.47,3033,-0.28,0.00,0.00,4 815.15,United SuperEMA long #M940001
2024.07.11 12:15:02,3034,DE40,sell,out,0.4,18431.40,3034,0.00,0.00,-10.75,4 804.40,
2024.07.11 13:45:00,3035,XAUUSD,sell,out,0.08,2380.77,3035,-0.28,0.00,-29.60,4 774.52,
2024.07.11 15:36:12,3036,XAUUSD,buy,in,0.19,2401.31,3036,-0.67,0.00,0.00,4 773.85,Darvas Box Breakout #M135790
2024.07.11 15:45:00,3037,XAUUSD,buy,in,0.07,2407.64,3037,-0.25,0.00,0.00,4 773.60,United SuperEMA long #M940001
2024.07.11 16:00:00,3038,XAUUSD,buy,in,0.19,2406.74,3038,-0.67,0.00,0.00,4 772.93,EMA Crossover Trade BUY #M12350
2024.07.11 16:02:41,3039,XAUUSD,sell,out,0.19,2405.37,3039,-0.67,0.00,-26.03,4 746.23,sl 2405.38
2024.07.11 17:00:00,3040,XAUUSD,buy,in,0.19,2407.04,3040,-0.67,0.00,0.00,4 745.56,EMA Crossover Trade BUY #M12350
2024.07.11 17:20:26,3041,XAUUSD,sell,out,0.19,2408.21,3041,-0.67,0.00,22.23,4 767.12,sl 2408.21
2024.07.11 18:00:00,3042,XAUUSD,buy,in,0.19,2417.91,3042,-0.67,0.00,0.00,4 766.45,EMA Crossover Trade BUY #M12350
2024.07.11 18:00:00,3043,XAUUSD,buy,in,0.01,2417.95,3043,-0.04,0.00,0.00,4 766.41,WP Buy #M20260526
2024.07.11 18:02:16,3044,XAUUSD,sell,out,0.19,2414.47,3044,-0.67,0.00,-65.36,4 700.38,sl 2414.48
2024.07.11 19:00:00,3045,XAUUSD,buy,in,0.19,2417.35,3045,-0.67,0.00,0.00,4 699.71,EMA Crossover Trade BUY #M12350
2024.07.11 19:00:00,3046,XAUUSD,sell,out,0.01,2417.02,3046,-0.04,0.00,-0.93,4 698.74,sl 2417.06
2024.07.11 19:13:38,3047,XAUUSD,sell,out,0.19,2415.53,3047,-0.67,0.00,-34.58,4 663.49,sl 2415.57
2024.07.11 20:00:00,3048,XAUUSD,buy,in,0.19,2411.75,3048,-0.67,0.00,0.00,4 662.82,EMA Crossover Trade BUY #M12350
2024.07.11 20:40:09,3049,XAUUSD,sell,out,0.19,2412.96,3049,-0.67,0.00,22.99,4 685.14,sl 2412.99
2024.07.11 21:00:00,3050,XAUUSD,buy,in,0.19,2413.65,3050,-0.67,0.00,0.00,4 684.47,EMA Crossover Trade BUY #M12350
2024.07.11 21:00:00,3051,XAUUSD,sell,out,0.07,2413.60,3051,-0.25,0.00,41.72,4 725.94,
2024.07.11 22:00:00,3052,DE40,buy,in,0.3,18527.10,3052,0.00,0.00,0.00,4 725.94,SimpleTrendline BUY #M26042502
2024.07.11 22:15:07,3053,DE40,sell,out,0.3,18520.30,3053,0.00,0.00,-2.19,4 723.75,
2024.07.11 22:53:18,3054,XAUUSD,sell,out,0.19,2414.96,3054,-0.67,0.00,24.89,4 747.97,sl 2414.97
2024.07.11 23:00:00,3055,XAUUSD,buy,in,0.19,2414.62,3055,-0.67,0.00,0.00,4 747.30,EMA Crossover Trade BUY #M12350
2024.07.12 01:23:01,3056,XAUUSD,sell,out,0.19,2411.69,3056,-0.67,-9.86,-55.67,4 681.10,sl 2411.73
2024.07.12 02:00:01,3057,XAUUSD,buy,in,0.19,2414.00,3057,-0.67,0.00,0.00,4 680.43,EMA Crossover Trade BUY #M12350
2024.07.12 03:01:54,3058,XAUUSD,sell,out,0.19,2412.55,3058,-0.67,0.00,-27.55,4 652.21,sl 2412.62
2024.07.12 04:00:01,3059,XAUUSD,buy,in,0.19,2411.68,3059,-0.67,0.00,0.00,4 651.54,EMA Crossover Trade BUY #M12350
2024.07.12 04:00:01,3060,XAUUSD,sell,in,0.38,2411.60,3060,-1.33,0.00,0.00,4 650.21,RSI Scalping Sell #M129102315
2024.07.12 04:18:57,3061,XAUUSD,sell,out,0.19,2410.41,3061,-0.67,0.00,-24.13,4 625.41,sl 2410.41
2024.07.12 04:20:54,3062,XAUUSD,buy,out,0.38,2410.73,3062,-1.33,0.00,33.06,4 657.14,sl 2410.73
2024.07.12 10:00:00,3063,XAUUSD,sell,out,0.03,2404.16,3063,-0.11,-1.56,79.95,4 735.42,
2024.07.12 10:00:00,3064,XAUUSD,sell,in,0.03,2404.15,3064,-0.11,0.00,0.00,4 735.31,SimpleTrendline SELL #M26042503
2024.07.12 11:00:00,3065,DE40,buy,in,0.3,18552.90,3065,0.00,0.00,0.00,4 735.31,SimpleTrendline BUY #M26042502
2024.07.12 12:00:00,3066,XAUUSD,buy,in,0.39,2407.56,3066,-1.37,0.00,0.00,4 733.94,RSI Scalping Buy #M129102315
2024.07.12 12:18:57,3067,XAUUSD,sell,out,0.39,2407.61,3067,-1.37,0.00,1.95,4 734.52,sl 2407.62
2024.07.12 17:15:00,3068,XAUUSD,buy,in,0.07,2409.25,3068,-0.25,0.00,0.00,4 734.27,United SuperEMA long #M940001
2024.07.12 18:00:00,3069,XAUUSD,buy,in,0.39,2409.05,3069,-1.37,0.00,0.00,4 732.90,RSI Scalping Buy #M129102315
2024.07.12 18:00:00,3070,XAUUSD,buy,out,0.03,2409.05,3070,-0.11,0.00,-14.70,4 718.09,
2024.07.12 18:06:57,3071,XAUUSD,sell,out,0.39,2410.33,3071,-1.37,0.00,49.92,4 766.64,sl 2410.34
2024.07.12 19:00:00,3072,XAUUSD,buy,in,0.03,2411.88,3072,-0.11,0.00,0.00,4 766.53,SimpleTrendline BUY #M26042503
2024.07.12 22:15:02,3073,XAUUSD,sell,out,0.07,2414.32,3073,-0.25,0.00,35.49,4 801.77,
2024.07.15 01:00:00,3074,BTCUSD,buy,in,0.4,61328.98,3074,0.00,0.00,0.00,4 801.77,RSI Scalping Buy #M123459123
2024.07.15 01:00:01,3075,BTCUSD,sell,out,0.4,61337.00,3075,0.00,0.00,3.21,4 804.98,sl 61342.20
2024.07.15 01:15:05,3076,DE40,sell,out,0.3,18715.60,3076,0.00,-4.37,52.45,4 853.06,
2024.07.15 02:00:00,3077,XAUUSD,sell,out,0.03,2407.61,3077,-0.11,-1.56,-12.81,4 838.58,
2024.07.15 05:00:00,3078,XAUUSD,buy,in,0.04,2410.23,3078,-0.14,0.00,0.00,4 838.44,SimpleTrendline BUY #M26042503
2024.07.15 05:15:00,3079,XAUUSD,buy,in,0.08,2410.88,3079,-0.28,0.00,0.00,4 838.16,United SuperEMA long #M940001
2024.07.15 06:00:01,3080,BTCUSD,buy,in,0.4,62558.91,3080,0.00,0.00,0.00,4 838.16,RSI Scalping Buy #M123459123
2024.07.15 06:00:33,3081,BTCUSD,sell,out,0.4,62568.66,3081,0.00,0.00,3.90,4 842.06,sl 62568.83
2024.07.15 06:03:21,3082,BTCUSD,buy,in,0.01,62404.16,3082,0.00,0.00,0.00,4 842.06,WP Buy #M20260527
2024.07.15 07:31:33,3083,BTCUSD,sell,out,0.01,62527.89,3083,0.00,0.00,1.24,4 843.30,sl 62529.00
2024.07.15 08:16:05,3084,BTCUSD,buy,in,0.01,62764.31,3084,0.00,0.00,0.00,4 843.30,WP Buy #M20260527
2024.07.15 09:00:00,3085,XAUUSD,sell,out,0.08,2408.19,3085,-0.28,0.00,-21.52,4 821.50,
2024.07.15 09:00:00,3086,XAUUSD,sell,out,0.04,2408.19,3086,-0.14,0.00,-8.16,4 813.20,
2024.07.15 09:00:00,3087,XAUUSD,sell,in,0.04,2408.19,3087,-0.14,0.00,0.00,4 813.06,SimpleTrendline SELL #M26042503
2024.07.15 11:50:06,3088,BTCUSD,sell,out,0.01,62941.94,3088,0.00,0.00,1.78,4 814.84,sl 62942.20
2024.07.15 12:00:00,3089,XAUUSD,buy,in,0.08,2412.12,3089,-0.28,0.00,0.00,4 814.56,United SuperEMA long #M940001
2024.07.15 12:00:00,3090,XAUUSD,buy,out,0.04,2412.09,3090,-0.14,0.00,-15.60,4 798.82,
2024.07.15 14:00:00,3091,XAUUSD,buy,in,0.39,2414.89,3091,-1.37,0.00,0.00,4 797.45,RSI Scalping Buy #M129102315
2024.07.15 14:00:00,3092,XAUUSD,buy,in,0.01,2414.91,3092,-0.04,0.00,0.00,4 797.41,SimpleTrendline BUY #M26042503
2024.07.15 14:00:00,3093,DE40,sell,in,0.3,18703.60,3093,0.00,0.00,0.00,4 797.41,SimpleTrendline SELL #M26042502
2024.07.15 14:11:15,3094,XAUUSD,sell,out,0.39,2418.06,3094,-1.37,0.00,123.63,4 919.67,sl 2418.06
2024.07.15 15:00:00,3095,BTCUSD,sell,in,0.28,62462.06,3095,0.00,0.00,0.00,4 919.67,SimpleTrendline SELL #M26042501
2024.07.15 16:00:00,3096,BTCUSD,buy,out,0.28,62649.95,3096,0.00,0.00,-52.61,4 867.06,
2024.07.15 16:15:01,3097,XAUUSD,sell,out,0.08,2412.51,3097,-0.28,0.00,3.12,4 869.90,
2024.07.15 17:00:00,3098,XAUUSD,buy,in,0.4,2418.78,3098,-1.40,0.00,0.00,4 868.50,RSI Scalping Buy #M129102315
2024.07.15 17:00:31,3099,XAUUSD,sell,out,0.4,2418.83,3099,-1.40,0.00,2.00,4 869.10,sl 2418.84
2024.07.15 17:15:00,3100,XAUUSD,buy,in,0.08,2421.27,3100,-0.28,0.00,0.00,4 868.82,United SuperEMA long #M940001
2024.07.15 18:00:00,3101,BTCUSD,buy,in,0.4,63272.32,3101,0.00,0.00,0.00,4 868.82,RSI Scalping Buy #M123459123
2024.07.15 18:00:02,3102,XAUUSD,buy,in,0.2,2432.21,3102,-0.70,0.00,0.00,4 868.12,EMA Crossover Trade BUY #M12350
2024.07.15 18:00:06,3103,BTCUSD,sell,out,0.4,63273.99,3103,0.00,0.00,0.67,4 868.79,sl 63274.53
2024.07.15 18:17:24,3104,XAUUSD,sell,out,0.2,2432.29,3104,-0.70,0.00,1.60,4 869.69,sl 2432.29
2024.07.15 19:00:00,3105,XAUUSD,buy,in,0.2,2433.38,3105,-0.70,0.00,0.00,4 868.99,EMA Crossover Trade BUY #M12350
2024.07.15 19:00:00,3106,XAUUSD,buy,in,0.01,2433.38,3106,-0.04,0.00,0.00,4 868.95,WP Buy #M20260526
2024.07.15 19:23:53,3107,XAUUSD,sell,out,0.2,2431.13,3107,-0.70,0.00,-45.00,4 823.25,sl 2431.15
2024.07.15 19:42:00,3108,XAUUSD,sell,out,0.19,2438.13,3108,-0.67,-19.72,699.58,5 502.44,tp 2438.13
2024.07.15 19:45:22,3109,XAUUSD,sell,out,0.01,2432.25,3109,-0.04,0.00,-1.13,5 501.27,sl 2432.26
2024.07.15 20:00:00,3110,XAUUSD,buy,in,0.22,2430.36,3110,-0.77,0.00,0.00,5 500.50,EMA Crossover Trade BUY #M12350
2024.07.15 20:00:00,3111,BTCUSD,buy,in,0.45,63473.62,3111,0.00,0.00,0.00,5 500.50,RSI Scalping Buy #M123459123
2024.07.15 20:00:00,3112,XAUUSD,sell,in,0.45,2430.25,3112,-1.58,0.00,0.00,5 498.92,RSI Scalping Sell #M129102315
2024.07.15 20:00:41,3113,XAUUSD,buy,out,0.45,2429.07,3113,-1.58,0.00,53.10,5 550.44,sl 2429.03
2024.07.15 20:06:00,3114,BTCUSD,sell,out,0.45,63494.87,3114,0.00,0.00,9.56,5 560.00,sl 63500.44
2024.07.15 20:30:00,3115,XAUUSD,sell,out,0.08,2424.56,3115,-0.28,0.00,26.32,5 586.04,
2024.07.15 22:00:00,3116,XAUUSD,buy,in,0.46,2422.49,3116,-1.61,0.00,0.00,5 584.43,RSI Scalping Buy #M129102315
2024.07.15 22:19:31,3117,XAUUSD,sell,out,0.46,2422.44,3117,-1.61,0.00,-2.30,5 580.52,sl 2422.54
2024.07.16 03:00:00,3118,BTCUSD,buy,in,0.46,64765.11,3118,0.00,0.00,0.00,5 580.52,RSI Scalping Buy #M123459123
2024.07.16 03:00:08,3119,BTCUSD,sell,out,0.46,64789.40,3119,0.00,0.00,11.17,5 591.69,sl 64789.51
2024.07.16 04:15:00,3120,XAUUSD,buy,in,0.09,2424.85,3120,-0.32,0.00,0.00,5 591.37,United SuperEMA long #M940001
2024.07.16 04:21:37,3121,BTCUSD,buy,in,0.01,64784.67,3121,0.00,0.00,0.00,5 591.37,WP Buy #M20260527
2024.07.16 05:00:00,3122,XAUUSD,buy,in,0.46,2427.41,3122,-1.61,0.00,0.00,5 589.76,RSI Scalping Buy #M129102315
2024.07.16 05:06:03,3123,XAUUSD,sell,out,0.46,2427.58,3123,-1.61,0.00,7.82,5 595.97,sl 2427.59
2024.07.16 06:15:11,3124,DE40,buy,out,0.3,18588.90,3124,0.00,-0.50,36.98,5 632.45,
2024.07.16 06:19:48,3125,XAUUSD,sell,out,0.22,2427.75,3125,-0.77,-11.42,-57.42,5 562.84,sl 2427.76
2024.07.16 06:45:00,3126,XAUUSD,sell,in,0.09,2427.88,3126,-0.32,0.00,0.00,5 562.52,RSIConsolidation SELL #M2025042
2024.07.16 07:00:00,3127,XAUUSD,buy,in,0.13,2428.77,3127,-0.46,0.00,0.00,5 562.06,RSI Reverse BUY #M1002
2024.07.16 07:15:18,3128,BTCUSD,sell,out,0.01,64727.13,3128,0.00,0.00,-0.58,5 561.48,sl 64728.00
2024.07.16 07:30:00,3129,XAUUSD,sell,out,0.09,2425.28,3129,-0.32,0.00,3.87,5 565.03,
2024.07.16 07:30:00,3130,XAUUSD,buy,out,0.09,2425.36,3130,-0.32,0.00,22.68,5 587.39,
2024.07.16 08:00:00,3131,XAUUSD,sell,out,0.01,2429.22,3131,-0.04,-0.52,14.31,5 601.14,
2024.07.16 08:15:04,3132,XAUUSD,buy,in,0.09,2429.73,3132,-0.32,0.00,0.00,5 600.82,United SuperEMA long #M940001
2024.07.16 08:45:03,3133,DE40,sell,in,0.4,18563.20,3133,0.00,0.00,0.00,5 600.82,SimpleTrendline SELL #M26042502
2024.07.16 11:00:00,3134,XAUUSD,buy,in,0.23,2437.07,3134,-0.81,0.00,0.00,5 600.01,EMA Crossover Trade BUY #M12350
2024.07.16 11:09:27,3135,XAUUSD,sell,out,0.23,2433.93,3135,-0.81,0.00,-72.22,5 526.98,sl 2433.93
2024.07.16 13:00:00,3136,XAUUSD,buy,in,0.11,2442.60,3136,-0.39,0.00,0.00,5 526.59,EMA Crossover Trade BUY #M12350
2024.07.16 13:00:00,3137,XAUUSD,buy,in,0.01,2442.64,3137,-0.04,0.00,0.00,5 526.55,WP Buy #M20260526
2024.07.16 14:00:00,3138,XAUUSD,sell,in,0.46,2440.25,3138,-1.61,0.00,0.00,5 524.94,RSI Scalping Sell #M129102315
2024.07.16 14:11:06,3139,XAUUSD,sell,out,0.11,2439.67,3139,-0.39,0.00,-32.23,5 492.32,sl 2439.67
2024.07.16 14:16:11,3140,XAUUSD,buy,out,0.46,2439.44,3140,-1.61,0.00,37.26,5 527.97,sl 2439.44
2024.07.16 15:45:00,3141,XAUUSD,sell,out,0.09,2434.48,3141,-0.32,0.00,42.75,5 570.40,
2024.07.16 16:42:23,3142,XAUUSD,buy,in,0.23,2444.50,3142,-0.81,0.00,0.00,5 569.59,Darvas Box Breakout #M135790
2024.07.16 17:00:00,3143,XAUUSD,buy,in,0.11,2442.85,3143,-0.39,0.00,0.00,5 569.20,EMA Crossover Trade BUY #M12350
2024.07.16 17:00:00,3144,XAUUSD,buy,in,0.46,2442.85,3144,-1.61,0.00,0.00,5 567.59,RSI Scalping Buy #M129102315
2024.07.16 17:00:00,3145,XAUUSD,buy,in,0.04,2442.85,3145,-0.14,0.00,0.00,5 567.45,SimpleTrendline BUY #M26042503
2024.07.16 17:00:44,3146,XAUUSD,sell,out,0.46,2443.08,3146,-1.61,0.00,10.58,5 576.42,sl 2443.08
2024.07.16 17:09:21,3147,XAUUSD,sell,out,0.11,2441.60,3147,-0.39,0.00,-13.75,5 562.28,sl 2441.60
2024.07.16 17:30:00,3148,DE40,buy,out,0.4,18514.90,3148,0.00,0.00,20.76,5 583.04,
2024.07.16 18:00:00,3149,XAUUSD,buy,in,0.11,2452.20,3149,-0.39,0.00,0.00,5 582.65,EMA Crossover Trade BUY #M12350
2024.07.16 18:10:56,3150,XAUUSD,sell,out,0.11,2453.95,3150,-0.39,0.00,19.25,5 601.51,sl 2453.95
2024.07.16 19:00:00,3151,XAUUSD,buy,in,0.11,2463.29,3151,-0.39,0.00,0.00,5 601.12,EMA Crossover Trade BUY #M12350
2024.07.16 19:05:09,3152,XAUUSD,sell,out,0.11,2459.72,3152,-0.39,0.00,-39.27,5 561.46,sl 2459.72
2024.07.16 20:00:00,3153,XAUUSD,buy,in,0.23,2459.24,3153,-0.81,0.00,0.00,5 560.65,EMA Crossover Trade BUY #M12350
2024.07.16 21:00:00,3154,XAUUSD,buy,in,0.09,2464.76,3154,-0.32,0.00,0.00,5 560.33,United SuperEMA long #M940001
2024.07.16 21:31:02,3155,XAUUSD,sell,out,0.23,2462.82,3155,-0.81,0.00,82.34,5 641.86,sl 2462.82
2024.07.17 03:15:00,3156,XAUUSD,sell,out,0.09,2466.69,3156,-0.32,-4.67,17.37,5 654.24,
2024.07.17 03:40:38,3157,XAUUSD,sell,out,0.01,2472.60,3157,-0.04,-0.52,29.96,5 683.64,tp 2472.60
2024.07.17 05:07:21,3158,XAUUSD,sell,out,0.23,2481.33,3158,-0.81,-11.93,847.09,6 517.99,tp 2481.33
2024.07.17 07:00:01,3159,XAUUSD,sell,in,0.54,2471.92,3159,-1.89,0.00,0.00,6 516.10,RSI Scalping Sell #M129102315
2024.07.17 07:04:22,3160,XAUUSD,buy,out,0.54,2471.70,3160,-1.89,0.00,11.88,6 526.09,sl 2471.70
2024.07.17 08:00:00,3161,XAUUSD,sell,out,0.04,2467.76,3161,-0.14,-2.08,99.64,6 623.51,
2024.07.17 09:00:00,3162,XAUUSD,sell,in,0.05,2465.48,3162,-0.18,0.00,0.00,6 623.33,SimpleTrendline SELL #M26042503
2024.07.17 09:00:00,3163,DE40,sell,in,0.5,18530.30,3163,0.00,0.00,0.00,6 623.33,SimpleTrendline SELL #M26042502
2024.07.17 10:00:00,3164,XAUUSD,buy,out,0.05,2466.53,3164,-0.18,0.00,-5.25,6 617.90,
2024.07.17 11:00:00,3165,XAUUSD,buy,in,0.11,2474.27,3165,-0.39,0.00,0.00,6 617.51,United SuperEMA long #M940001
2024.07.17 11:00:00,3166,XAUUSD,buy,in,0.05,2474.31,3166,-0.18,0.00,0.00,6 617.33,SimpleTrendline BUY #M26042503
2024.07.17 13:45:00,3167,XAUUSD,sell,out,0.11,2468.52,3167,-0.39,0.00,-63.25,6 553.69,
2024.07.17 16:15:00,3168,XAUUSD,buy,in,0.1,2475.98,3168,-0.35,0.00,0.00,6 553.34,United SuperEMA long #M940001
2024.07.17 16:59:42,3169,XAUUSD,buy,in,0.27,2483.27,3169,-0.95,0.00,0.00,6 552.39,Darvas Box Breakout #M135790
2024.07.17 17:12:12,3170,XAUUSD,sell,out,0.27,2466.59,3170,-0.95,0.00,-450.36,6 101.08,sl 2466.59
2024.07.17 17:15:00,3171,XAUUSD,sell,out,0.1,2467.38,3171,-0.35,0.00,-86.00,6 014.73,
2024.07.17 17:15:00,3172,DE40,buy,out,0.5,18484.20,3172,0.00,0.00,24.77,6 039.50,
2024.07.17 18:00:00,3173,XAUUSD,sell,out,0.05,2463.60,3173,-0.18,0.00,-53.55,5 985.77,
2024.07.18 05:45:04,3174,XAUUSD,buy,in,0.09,2463.78,3174,-0.32,0.00,0.00,5 985.45,United SuperEMA long #M940001
2024.07.18 06:00:00,3175,XAUUSD,buy,in,0.02,2465.70,3175,-0.07,0.00,0.00,5 985.38,SimpleTrendline BUY #M26042503
2024.07.18 08:00:01,3176,DE40,buy,in,0.4,18470.30,3176,0.00,0.00,0.00,5 985.38,SimpleTrendline BUY #M26042502
2024.07.18 08:15:05,3177,DE40,sell,out,0.4,18456.10,3177,0.00,0.00,-6.10,5 979.28,
2024.07.18 08:30:09,3178,DE40,sell,in,0.4,18447.60,3178,0.00,0.00,0.00,5 979.28,SimpleTrendline SELL #M26042502
2024.07.18 08:45:02,3179,DE40,buy,out,0.4,18463.60,3179,0.00,0.00,-6.88,5 972.40,
2024.07.18 09:15:01,3180,XAUUSD,sell,out,0.09,2466.21,3180,-0.32,0.00,21.87,5 993.95,
2024.07.18 09:45:00,3181,XAUUSD,buy,in,0.09,2470.47,3181,-0.32,0.00,0.00,5 993.63,United SuperEMA long #M940001
2024.07.18 10:00:00,3182,XAUUSD,buy,in,0.49,2471.71,3182,-1.72,0.00,0.00,5 991.91,RSI Scalping Buy #M129102315
2024.07.18 10:06:22,3183,XAUUSD,sell,out,0.49,2473.42,3183,-1.72,0.00,83.79,6 073.98,sl 2473.42
2024.07.18 11:45:00,3184,XAUUSD,sell,out,0.09,2468.54,3184,-0.32,0.00,-17.37,6 056.29,
2024.07.18 14:00:00,3185,XAUUSD,sell,out,0.02,2464.21,3185,-0.07,0.00,-2.98,6 053.24,
2024.07.18 16:45:00,3186,XAUUSD,sell,in,0.1,2459.91,3186,-0.35,0.00,0.00,6 052.89,United SuperEMA short #M940001
2024.07.18 17:15:00,3187,XAUUSD,buy,out,0.1,2463.38,3187,-0.35,0.00,-34.70,6 017.84,
2024.07.18 19:45:01,3188,XAUUSD,sell,in,0.1,2456.42,3188,-0.35,0.00,0.00,6 017.49,United SuperEMA short #M940001
2024.07.18 20:00:00,3189,XAUUSD,sell,in,0.02,2456.21,3189,-0.07,0.00,0.00,6 017.42,SimpleTrendline SELL #M26042503
2024.07.19 03:00:00,3190,XAUUSD,sell,out,0.09,2441.35,3190,-0.32,-56.04,699.12,6 660.18,
2024.07.19 03:12:04,3191,AUDUSD,buy,in,0.44,0.66951,3191,-1.54,0.00,0.00,6 658.64,RSI Oversold Crossover Buy #M30
2024.07.19 05:00:00,3192,XAUUSD,sell,out,0.13,2426.22,3192,-0.46,-33.74,-33.15,6 591.29,
2024.07.19 07:00:01,3193,XAUUSD,buy,out,0.1,2428.84,3193,-0.35,4.48,275.80,6 871.22,
2024.07.19 07:15:25,3194,DE40,sell,in,0.5,18348.00,3194,0.00,0.00,0.00,6 871.22,SimpleTrendline SELL #M26042502
2024.07.19 07:45:52,3195,DE40,buy,out,0.5,18350.00,3195,0.00,0.00,-1.07,6 870.15,
2024.07.19 08:00:01,3196,AUDUSD,sell,out,0.44,0.66994,3196,-1.54,0.00,18.92,6 887.53,
2024.07.19 08:30:04,3197,DE40,sell,in,0.5,18347.00,3197,0.00,0.00,0.00,6 887.53,SimpleTrendline SELL #M26042502
2024.07.19 08:45:02,3198,DE40,buy,out,0.5,18353.00,3198,0.00,0.00,-3.22,6 884.31,
2024.07.19 09:45:00,3199,DE40,sell,in,0.5,18323.80,3199,0.00,0.00,0.00,6 884.31,SimpleTrendline SELL #M26042502
2024.07.19 14:30:01,3200,DE40,buy,out,0.5,18277.20,3200,0.00,0.00,25.04,6 909.35,
2024.07.19 15:15:00,3201,XAUUSD,sell,in,0.11,2407.95,3201,-0.39,0.00,0.00,6 908.96,United SuperEMA short #M940001
2024.07.19 16:15:00,3202,DE40,sell,in,0.5,18235.70,3202,0.00,0.00,0.00,6 908.96,SimpleTrendline SELL #M26042502
2024.07.19 18:30:00,3203,XAUUSD,buy,out,0.11,2404.32,3203,-0.39,0.00,39.93,6 948.50,
2024.07.19 20:00:00,3204,BTCUSD,buy,in,0.57,66443.90,3204,0.00,0.00,0.00,6 948.50,RSI Scalping Buy #M123459123
2024.07.19 20:00:03,3205,BTCUSD,sell,out,0.57,66452.54,3205,0.00,0.00,4.92,6 953.42,sl 66452.54
2024.07.19 20:01:55,3206,BTCUSD,buy,in,0.01,66349.22,3206,0.00,0.00,0.00,6 953.42,WP Buy #M20260527
2024.07.19 20:31:18,3207,BTCUSD,sell,out,0.01,66455.55,3207,0.00,0.00,1.06,6 954.48,sl 66457.07
2024.07.19 21:03:29,3208,BTCUSD,buy,in,0.01,66618.71,3208,0.00,0.00,0.00,6 954.48,WP Buy #M20260527
2024.07.19 22:30:00,3209,DE40,buy,out,0.5,18189.60,3209,0.00,0.00,24.77,6 979.25,
2024.07.19 22:37:49,3210,BTCUSD,sell,out,0.01,67134.71,3210,0.00,0.00,5.16,6 984.41,sl 67145.47
2024.07.19 23:01:02,3211,BTCUSD,buy,in,0.01,67051.41,3211,0.00,0.00,0.00,6 984.41,WP Buy #M20260527
2024.07.20 03:26:35,3212,BTCUSD,sell,out,0.01,66550.59,3212,0.00,0.00,-5.01,6 979.40,sl 66551.41
2024.07.22 01:45:18,3213,DE40,sell,in,0.5,18201.00,3213,0.00,0.00,0.00,6 979.40,SimpleTrendline SELL #M26042502
2024.07.22 02:00:01,3214,XAUUSD,buy,out,0.02,2411.23,3214,-0.07,1.80,89.96,7 071.09,
2024.07.22 02:00:01,3215,DE40,buy,out,0.5,18208.30,3215,0.00,0.00,-3.92,7 067.17,
2024.07.22 02:15:00,3216,DE40,buy,in,0.5,18221.90,3216,0.00,0.00,0.00,7 067.17,SimpleTrendline BUY #M26042502
2024.07.22 04:30:04,3217,DE40,sell,out,0.5,18203.00,3217,0.00,0.00,-10.16,7 057.01,
2024.07.22 04:45:16,3218,DE40,buy,in,0.5,18204.00,3218,0.00,0.00,0.00,7 057.01,SimpleTrendline BUY #M26042502
2024.07.22 05:00:00,3219,DE40,sell,out,0.5,18174.50,3219,0.00,0.00,-15.85,7 041.16,
2024.07.22 05:30:00,3220,XAUUSD,sell,in,0.11,2405.46,3220,-0.39,0.00,0.00,7 040.77,United SuperEMA short #M940001
2024.07.22 06:30:00,3221,XAUUSD,buy,out,0.11,2409.16,3221,-0.39,0.00,-40.70,6 999.68,
2024.07.22 08:00:00,3222,XAUUSD,sell,in,0.04,2405.63,3222,-0.14,0.00,0.00,6 999.54,SimpleTrendline SELL #M26042503
2024.07.22 09:15:00,3223,XAUUSD,sell,in,0.09,2401.12,3223,-0.32,0.00,0.00,6 999.22,United SuperEMA short #M940001
2024.07.22 11:45:01,3224,XAUUSD,buy,out,0.09,2402.99,3224,-0.32,0.00,-16.83,6 982.07,
2024.07.22 14:00:00,3225,XAUUSD,buy,out,0.04,2406.96,3225,-0.14,0.00,-5.32,6 976.61,
2024.07.22 15:00:00,3226,XAUUSD,sell,in,0.09,2398.10,3226,-0.32,0.00,0.00,6 976.29,United SuperEMA short #M940001
2024.07.22 15:00:00,3227,XAUUSD,sell,in,0.02,2398.10,3227,-0.07,0.00,0.00,6 976.22,SimpleTrendline SELL #M26042503
2024.07.22 19:45:00,3228,XAUUSD,buy,out,0.09,2391.57,3228,-0.32,0.00,58.77,7 034.67,
2024.07.22 23:00:00,3229,XAUUSD,buy,out,0.02,2399.10,3229,-0.07,0.00,-2.00,7 032.60,
2024.07.23 04:00:00,3230,XAUUSD,buy,in,0.02,2400.11,3230,-0.07,0.00,0.00,7 032.53,SimpleTrendline BUY #M26042503
2024.07.23 08:00:00,3231,XAUUSD,sell,out,0.02,2396.60,3231,-0.07,0.00,-7.02,7 025.44,
2024.07.23 08:30:00,3232,XAUUSD,sell,in,0.11,2393.79,3232,-0.39,0.00,0.00,7 025.05,United SuperEMA short #M940001
2024.07.23 09:45:02,3233,DE40,buy,in,0.5,18485.70,3233,0.00,0.00,0.00,7 025.05,SimpleTrendline BUY #M26042502
2024.07.23 10:30:01,3234,DE40,sell,out,0.5,18468.70,3234,0.00,0.00,-9.13,7 015.92,
2024.07.23 10:45:00,3235,XAUUSD,buy,out,0.11,2395.59,3235,-0.39,0.00,-19.80,6 995.73,
2024.07.23 13:00:00,3236,XAUUSD,buy,in,0.46,2406.99,3236,-1.61,0.00,0.00,6 994.12,RSI Scalping Buy #M129102315
2024.07.23 13:07:15,3237,XAUUSD,sell,out,0.46,2407.53,3237,-1.61,0.00,24.84,7 017.35,sl 2407.54
2024.07.23 14:30:00,3238,XAUUSD,buy,in,0.11,2409.95,3238,-0.39,0.00,0.00,7 016.96,United SuperEMA long #M940001
2024.07.23 15:30:00,3239,XAUUSD,sell,out,0.11,2405.39,3239,-0.39,0.00,-50.16,6 966.41,
2024.07.23 17:45:02,3240,DE40,buy,in,0.5,18538.80,3240,0.00,0.00,0.00,6 966.41,SimpleTrendline BUY #M26042502
2024.07.23 18:00:00,3241,XAUUSD,buy,in,0.02,2403.00,3241,-0.07,0.00,0.00,6 966.34,SimpleTrendline BUY #M26042503
2024.07.23 18:00:00,3242,DE40,sell,out,0.5,18522.30,3242,0.00,0.00,-8.87,6 957.47,
2024.07.23 18:30:00,3243,DE40,buy,in,0.2,18547.50,3243,0.00,0.00,0.00,6 957.47,SimpleTrendline BUY #M26042502
2024.07.23 19:00:00,3244,DE40,sell,out,0.2,18543.70,3244,0.00,0.00,-0.82,6 956.65,
2024.07.23 20:00:00,3245,XAUUSD,sell,out,0.02,2405.35,3245,-0.07,0.00,4.70,6 961.28,
2024.07.23 20:15:00,3246,DE40,buy,in,0.2,18541.00,3246,0.00,0.00,0.00,6 961.28,SimpleTrendline BUY #M26042502
2024.07.23 22:30:04,3247,DE40,sell,out,0.2,18550.80,3247,0.00,0.00,2.11,6 963.39,
2024.07.23 23:00:01,3248,XAUUSD,buy,in,0.58,2407.59,3248,-2.03,0.00,0.00,6 961.36,RSI Scalping Buy #M129102315
2024.07.23 23:10:07,3249,XAUUSD,sell,out,0.58,2407.62,3249,-2.03,0.00,1.74,6 961.07,sl 2407.64
2024.07.24 02:45:01,3250,XAUUSD,buy,in,0.11,2409.22,3250,-0.39,0.00,0.00,6 960.68,United SuperEMA long #M940001
2024.07.24 04:30:00,3251,XAUUSD,sell,out,0.11,2405.93,3251,-0.39,0.00,-36.19,6 924.10,
2024.07.24 06:00:00,3252,XAUUSD,buy,in,0.02,2414.25,3252,-0.07,0.00,0.00,6 924.03,SimpleTrendline BUY #M26042503
2024.07.24 08:00:00,3253,XAUUSD,sell,in,0.17,2417.90,3253,-0.60,0.00,0.00,6 923.43,RSI Reverse SELL #M1002
2024.07.24 08:00:00,3254,XAUUSD,buy,out,0.17,2417.95,3254,-0.60,0.00,-0.85,6 921.98,
2024.07.24 08:00:00,3255,XAUUSD,buy,in,0.01,2417.93,3255,-0.04,0.00,0.00,6 921.94,WP Buy #M20260526
2024.07.24 08:30:00,3256,XAUUSD,sell,in,0.11,2414.44,3256,-0.39,0.00,0.00,6 921.55,RSIConsolidation SELL #M2025042
2024.07.24 08:30:00,3257,XAUUSD,buy,out,0.11,2414.36,3257,-0.39,0.00,0.88,6 922.04,
2024.07.24 09:00:00,3258,XAUUSD,sell,in,0.57,2416.12,3258,-2.00,0.00,0.00,6 920.04,RSI Scalping Sell #M129102315
2024.07.24 09:33:05,3259,XAUUSD,buy,out,0.57,2415.62,3259,-2.00,0.00,28.50,6 946.54,sl 2415.62
2024.07.24 09:45:00,3260,XAUUSD,sell,in,0.11,2416.10,3260,-0.39,0.00,0.00,6 946.15,RSIConsolidation SELL #M2025042
2024.07.24 10:15:00,3261,XAUUSD,buy,out,0.11,2416.27,3261,-0.39,0.00,-1.87,6 943.89,
2024.07.24 12:00:00,3262,XAUUSD,sell,out,0.02,2411.91,3262,-0.07,0.00,-4.68,6 939.14,
2024.07.24 12:00:00,3263,XAUUSD,sell,in,0.02,2411.93,3263,-0.07,0.00,0.00,6 939.07,SimpleTrendline SELL #M26042503
2024.07.24 13:00:05,3264,XAUUSD,buy,in,0.57,2413.73,3264,-2.00,0.00,0.00,6 937.07,RSI Scalping Buy #M129102315
2024.07.24 13:05:06,3265,XAUUSD,sell,out,0.57,2414.13,3265,-2.00,0.00,22.80,6 957.87,sl 2414.13
2024.07.24 15:00:00,3266,XAUUSD,buy,in,0.11,2417.61,3266,-0.39,0.00,0.00,6 957.48,United SuperEMA long #M940001
2024.07.24 15:00:00,3267,XAUUSD,buy,out,0.02,2417.62,3267,-0.07,0.00,-11.38,6 946.03,
2024.07.24 16:18:12,3268,XAUUSD,sell,out,0.01,2415.49,3268,-0.04,0.00,-2.44,6 943.55,sl 2415.49
2024.07.24 16:30:00,3269,XAUUSD,sell,in,0.11,2416.92,3269,-0.39,0.00,0.00,6 943.16,RSIConsolidation SELL #M2025042
2024.07.24 16:48:01,3270,XAUUSD,buy,out,0.11,2424.31,3270,-0.39,0.00,-81.29,6 861.48,sl 2424.27
2024.07.24 17:45:00,3271,DE40,sell,in,0.2,18402.10,3271,0.00,0.00,0.00,6 861.48,SimpleTrendline SELL #M26042502
2024.07.24 18:00:00,3272,XAUUSD,buy,in,0.14,2430.48,3272,-0.49,0.00,0.00,6 860.99,EMA Crossover Trade BUY #M12350
2024.07.24 18:06:55,3273,XAUUSD,sell,out,0.14,2427.70,3273,-0.49,0.00,-38.92,6 821.58,sl 2427.70
2024.07.24 19:00:00,3274,XAUUSD,sell,in,0.45,2424.86,3274,-1.58,0.00,0.00,6 820.00,RSI Scalping Sell #M129102315
2024.07.24 19:00:00,3275,XAUUSD,sell,in,0.09,2424.85,3275,-0.32,0.00,0.00,6 819.68,RSIConsolidation SELL #M2025042
2024.07.24 19:08:30,3276,XAUUSD,buy,out,0.45,2422.03,3276,-1.58,0.00,127.35,6 945.45,sl 2422.00
2024.07.24 19:15:00,3277,XAUUSD,sell,out,0.11,2421.20,3277,-0.39,0.00,39.49,6 984.55,
2024.07.24 19:15:00,3278,XAUUSD,buy,out,0.09,2421.27,3278,-0.32,0.00,32.22,7 016.45,
2024.07.25 01:15:11,3279,DE40,buy,out,0.2,18388.50,3279,0.00,-0.33,2.92,7 019.04,
2024.07.25 02:00:00,3280,DE40,sell,in,0.2,18377.00,3280,0.00,0.00,0.00,7 019.04,SimpleTrendline SELL #M26042502
2024.07.25 03:30:00,3281,DE40,buy,out,0.2,18386.20,3281,0.00,0.00,-1.98,7 017.06,
2024.07.25 04:30:00,3282,XAUUSD,sell,in,0.11,2388.00,3282,-0.39,0.00,0.00,7 016.67,United SuperEMA short #M940001
2024.07.25 04:45:00,3283,DE40,sell,in,0.5,18363.70,3283,0.00,0.00,0.00,7 016.67,SimpleTrendline SELL #M26042502
2024.07.25 09:00:00,3284,XAUUSD,buy,out,0.11,2376.62,3284,-0.39,0.00,125.18,7 141.46,
2024.07.25 14:30:00,3285,XAUUSD,sell,in,0.11,2373.41,3285,-0.39,0.00,0.00,7 141.07,RSIConsolidation SELL #M2025042
2024.07.25 14:30:02,3286,XAUUSD,buy,out,0.11,2372.87,3286,-0.39,0.00,5.94,7 146.62,
2024.07.25 15:00:00,3287,XAUUSD,sell,in,0.02,2368.53,3287,-0.07,0.00,0.00,7 146.55,SimpleTrendline SELL #M26042503
2024.07.25 17:15:00,3288,XAUUSD,sell,in,0.11,2361.09,3288,-0.39,0.00,0.00,7 146.16,United SuperEMA short #M940001
2024.07.25 17:30:00,3289,DE40,buy,out,0.5,18251.60,3289,0.00,0.00,60.23,7 206.39,
2024.07.25 17:45:00,3290,DE40,buy,in,0.6,18284.60,3290,0.00,0.00,0.00,7 206.39,SimpleTrendline BUY #M26042502
2024.07.25 21:15:00,3291,DE40,sell,out,0.6,18330.90,3291,0.00,0.00,29.85,7 236.24,
2024.07.25 22:30:00,3292,XAUUSD,buy,out,0.11,2362.58,3292,-0.39,0.00,-16.39,7 219.46,
2024.07.26 02:00:00,3293,XAUUSD,buy,out,0.02,2363.44,3293,-0.07,0.90,10.18,7 230.47,
2024.07.26 02:47:50,3294,BTCUSD,buy,in,0.01,65729.41,3294,0.00,0.00,0.00,7 230.47,WP Buy #M20260527
2024.07.26 03:26:55,3295,BTCUSD,sell,out,0.01,65974.94,3295,0.00,0.00,2.46,7 232.93,sl 65975.47
2024.07.26 04:00:00,3296,XAUUSD,sell,in,0.03,2362.72,3296,-0.11,0.00,0.00,7 232.82,SimpleTrendline SELL #M26042503
2024.07.26 04:02:12,3297,BTCUSD,buy,in,0.01,66327.86,3297,0.00,0.00,0.00,7 232.82,WP Buy #M20260527
2024.07.26 04:31:18,3298,BTCUSD,sell,out,0.01,66231.72,3298,0.00,0.00,-0.96,7 231.86,sl 66232.48
2024.07.26 04:45:00,3299,DE40,buy,in,0.6,18290.50,3299,0.00,0.00,0.00,7 231.86,SimpleTrendline BUY #M26042502
2024.07.26 05:00:00,3300,XAUUSD,buy,out,0.03,2373.71,3300,-0.11,0.00,-32.97,7 198.78,
2024.07.26 05:00:00,3301,XAUUSD,buy,in,0.03,2373.71,3301,-0.11,0.00,0.00,7 198.67,SimpleTrendline BUY #M26042503
2024.07.26 05:22:15,3302,BTCUSD,buy,in,0.01,66595.90,3302,0.00,0.00,0.00,7 198.67,WP Buy #M20260527
2024.07.26 05:45:48,3303,DE40,sell,out,0.6,18286.50,3303,0.00,0.00,-2.58,7 196.09,
2024.07.26 06:22:51,3304,BTCUSD,sell,out,0.01,67143.24,3304,0.00,0.00,5.47,7 201.56,sl 67152.42
2024.07.26 07:45:02,3305,DE40,buy,in,0.6,18297.50,3305,0.00,0.00,0.00,7 201.56,SimpleTrendline BUY #M26042502
2024.07.26 08:00:00,3306,DE40,sell,out,0.6,18289.00,3306,0.00,0.00,-5.48,7 196.08,
2024.07.26 09:30:00,3307,XAUUSD,sell,in,0.11,2367.86,3307,-0.39,0.00,0.00,7 195.69,United SuperEMA short #M940001
2024.07.26 11:15:00,3308,XAUUSD,buy,out,0.11,2370.81,3308,-0.39,0.00,-32.45,7 162.85,
2024.07.26 12:45:01,3309,XAUUSD,sell,in,0.11,2373.71,3309,-0.39,0.00,0.00,7 162.46,RSIConsolidation SELL #M2025042
2024.07.26 14:00:00,3310,XAUUSD,buy,out,0.11,2372.79,3310,-0.39,0.00,10.12,7 172.19,
2024.07.26 14:15:03,3311,XAUUSD,sell,in,0.11,2372.04,3311,-0.39,0.00,0.00,7 171.80,RSIConsolidation SELL #M2025042
2024.07.26 14:15:03,3312,XAUUSD,buy,out,0.11,2372.24,3312,-0.39,0.00,-2.20,7 169.21,
2024.07.26 17:00:00,3313,BTCUSD,buy,in,0.59,67886.40,3313,0.00,0.00,0.00,7 169.21,RSI Scalping Buy #M123459123
2024.07.26 17:00:00,3314,XAUUSD,buy,in,0.59,2381.40,3314,-2.07,0.00,0.00,7 167.14,RSI Scalping Buy #M129102315
2024.07.26 17:00:10,3315,BTCUSD,sell,out,0.59,67907.20,3315,0.00,0.00,12.27,7 179.41,sl 67907.75
2024.07.26 17:00:21,3316,XAUUSD,sell,out,0.59,2381.57,3316,-2.07,0.00,10.03,7 187.37,sl 2381.62
2024.07.26 18:45:05,3317,XAUUSD,buy,in,0.11,2386.26,3317,-0.39,0.00,0.00,7 186.98,United SuperEMA long #M940001
2024.07.26 19:15:00,3318,XAUUSD,sell,in,0.11,2386.54,3318,-0.39,0.00,0.00,7 186.59,RSIConsolidation SELL #M2025042
2024.07.26 20:30:00,3319,XAUUSD,sell,out,0.11,2382.19,3319,-0.39,0.00,-44.77,7 141.43,
2024.07.26 20:30:00,3320,XAUUSD,buy,out,0.11,2382.24,3320,-0.39,0.00,47.30,7 188.34,
2024.07.26 23:00:00,3321,XAUUSD,buy,in,0.17,2386.69,3321,-0.60,0.00,0.00,7 187.74,RSI Follow BUY #M1001
2024.07.29 02:00:00,3322,XAUUSD,sell,out,0.03,2396.13,3322,-0.11,-1.56,67.26,7 253.33,
2024.07.29 03:45:00,3323,XAUUSD,buy,in,0.12,2399.63,3323,-0.42,0.00,0.00,7 252.91,United SuperEMA long #M940001
2024.07.29 04:45:00,3324,XAUUSD,sell,out,0.12,2393.01,3324,-0.42,0.00,-79.44,7 173.05,
2024.07.29 05:00:00,3325,XAUUSD,sell,in,0.59,2392.75,3325,-2.07,0.00,0.00,7 170.98,RSI Scalping Sell #M129102315
2024.07.29 05:07:02,3326,XAUUSD,buy,out,0.59,2391.80,3326,-2.07,0.00,56.05,7 224.96,sl 2391.80
2024.07.29 13:00:00,3327,XAUUSD,buy,in,0.6,2392.90,3327,-2.10,0.00,0.00,7 222.86,RSI Scalping Buy #M129102315
2024.07.29 13:08:10,3328,XAUUSD,sell,out,0.6,2393.29,3328,-2.10,0.00,23.40,7 244.16,sl 2393.29
2024.07.29 13:15:00,3329,XAUUSD,buy,in,0.06,2393.14,3329,-0.21,0.00,0.00,7 243.95,United SuperEMA long #M940001
2024.07.29 13:15:27,3330,DE40,buy,in,0.3,18491.90,3330,0.00,0.00,0.00,7 243.95,SimpleTrendline BUY #M26042502
2024.07.29 14:00:03,3331,DE40,sell,out,0.3,18479.50,3331,0.00,0.00,-4.00,7 239.95,
2024.07.29 14:15:03,3332,DE40,sell,in,0.3,18454.00,3332,0.00,0.00,0.00,7 239.95,SimpleTrendline SELL #M26042502
2024.07.29 14:30:00,3333,XAUUSD,sell,out,0.06,2390.61,3333,-0.21,0.00,-15.18,7 224.56,
2024.07.29 15:00:00,3334,XAUUSD,sell,in,0.03,2387.79,3334,-0.11,0.00,0.00,7 224.45,SimpleTrendline SELL #M26042503
2024.07.29 16:00:00,3335,XAUUSD,buy,in,0.6,2393.94,3335,-2.10,0.00,0.00,7 222.35,RSI Scalping Buy #M129102315
2024.07.29 16:00:00,3336,XAUUSD,buy,out,0.03,2393.94,3336,-0.11,0.00,-18.45,7 203.79,
2024.07.29 16:02:42,3337,XAUUSD,sell,out,0.6,2393.88,3337,-2.10,0.00,-3.60,7 198.09,sl 2393.88
2024.07.29 16:15:00,3338,XAUUSD,buy,in,0.04,2394.57,3338,-0.14,0.00,0.00,7 197.95,United SuperEMA long #M940001
2024.07.29 17:00:00,3339,XAUUSD,sell,out,0.04,2392.43,3339,-0.14,0.00,-8.56,7 189.25,
2024.07.29 18:00:00,3340,XAUUSD,sell,in,0.02,2381.28,3340,-0.07,0.00,0.00,7 189.18,SimpleTrendline SELL #M26042503
2024.07.29 20:00:00,3341,XTIUSD,sell,in,0.5,76.66,3341,0.00,0.00,0.00,7 189.18,WP Sell #M20260533
2024.07.29 20:00:00,3342,XBRUSD,sell,in,0.5,79.71,3342,0.00,0.00,0.00,7 189.18,WP Sell #M20260534
2024.07.29 22:00:00,3343,XAUUSD,buy,out,0.02,2380.10,3343,-0.07,0.00,2.36,7 191.47,
2024.07.30 02:00:01,3344,XAUUSD,buy,in,0.02,2384.17,3344,-0.07,0.00,0.00,7 191.40,SimpleTrendline BUY #M26042503
2024.07.30 03:00:00,3345,XAUUSD,sell,out,0.02,2381.27,3345,-0.07,0.00,-5.80,7 185.53,
2024.07.30 03:00:00,3346,XAUUSD,sell,in,0.02,2381.27,3346,-0.07,0.00,0.00,7 185.46,SimpleTrendline SELL #M26042503
2024.07.30 03:30:00,3347,XAUUSD,sell,in,0.05,2380.99,3347,-0.18,0.00,0.00,7 185.28,United SuperEMA short #M940001
2024.07.30 06:00:02,3348,XAUUSD,buy,out,0.05,2381.98,3348,-0.18,0.00,-4.95,7 180.15,
2024.07.30 06:00:02,3349,XAUUSD,buy,out,0.02,2381.99,3349,-0.07,0.00,-1.44,7 178.64,
2024.07.30 07:00:00,3350,XAUUSD,buy,in,0.02,2385.90,3350,-0.07,0.00,0.00,7 178.57,SimpleTrendline BUY #M26042503
2024.07.30 07:45:01,3351,DE40,buy,out,0.3,18336.10,3351,0.00,-0.50,38.01,7 216.08,
2024.07.30 10:00:00,3352,XAUUSD,buy,in,0.6,2390.82,3352,-2.10,0.00,0.00,7 213.98,RSI Scalping Buy #M129102315
2024.07.30 10:00:00,3353,XAUUSD,sell,out,0.02,2390.78,3353,-0.07,0.00,9.76,7 223.67,
2024.07.30 10:10:43,3354,XAUUSD,sell,out,0.6,2391.25,3354,-2.10,0.00,25.80,7 247.37,sl 2391.25
2024.07.30 11:45:01,3355,XAUUSD,buy,in,0.06,2390.99,3355,-0.21,0.00,0.00,7 247.16,United SuperEMA long #M940001
2024.07.30 12:15:00,3356,XAUUSD,sell,out,0.06,2389.51,3356,-0.21,0.00,-8.88,7 238.07,
2024.07.30 14:00:00,3357,XAUUSD,buy,in,0.6,2391.73,3357,-2.10,0.00,0.00,7 235.97,RSI Scalping Buy #M129102315
2024.07.30 14:16:38,3358,XAUUSD,sell,out,0.6,2391.47,3358,-2.10,0.00,-15.60,7 218.27,sl 2391.47
2024.07.30 17:00:00,3359,XAUUSD,buy,in,0.6,2394.03,3359,-2.10,0.00,0.00,7 216.17,RSI Scalping Buy #M129102315
2024.07.30 17:33:14,3360,XAUUSD,sell,out,0.6,2394.06,3360,-2.10,0.00,1.80,7 215.87,sl 2394.07
2024.07.30 20:00:00,3361,XAUUSD,buy,in,0.6,2400.11,3361,-2.10,0.00,0.00,7 213.77,RSI Scalping Buy #M129102315
2024.07.30 20:00:00,3362,XAUUSD,buy,in,0.01,2400.30,3362,-0.04,0.00,0.00,7 213.73,United SuperEMA long #M940001
2024.07.30 20:01:45,3363,XAUUSD,sell,out,0.6,2403.93,3363,-2.10,0.00,229.20,7 440.83,sl 2403.96
2024.07.30 20:15:02,3364,DE40,buy,in,0.3,18415.70,3364,0.00,0.00,0.00,7 440.83,SimpleTrendline BUY #M26042502
2024.07.30 23:15:03,3365,DE40,sell,out,0.3,18377.80,3365,0.00,0.00,-12.22,7 428.61,
2024.07.31 02:15:03,3366,DE40,buy,in,0.3,18446.30,3366,0.00,0.00,0.00,7 428.61,SimpleTrendline BUY #M26042502
2024.07.31 03:30:00,3367,XAUUSD,sell,out,0.01,2408.70,3367,-0.04,-0.52,8.40,7 436.45,
2024.07.31 04:30:00,3368,DE40,sell,out,0.3,18435.40,3368,0.00,0.00,-3.51,7 432.94,
2024.07.31 04:30:08,3369,AUDUSD,buy,in,0.49,0.65116,3369,-1.72,0.00,0.00,7 431.22,RSI Oversold Crossover Buy #M30
2024.07.31 05:14:11,3370,XTIUSD,buy,out,0.5,76.60,3370,0.00,-14.56,3.00,7 419.66,sl 76.60
2024.07.31 05:34:39,3371,XBRUSD,buy,out,0.5,79.80,3371,0.00,-11.32,-4.50,7 403.84,sl 79.80
2024.07.31 07:00:00,3372,XAUUSD,buy,in,0.15,2416.70,3372,-0.53,0.00,0.00,7 403.31,EMA Crossover Trade BUY #M12350
2024.07.31 08:00:00,3373,AUDUSD,sell,out,0.49,0.64941,3373,-1.72,0.00,-85.75,7 315.84,
2024.07.31 08:39:22,3374,XAUUSD,sell,out,0.15,2418.43,3374,-0.53,0.00,25.95,7 341.26,sl 2418.44
2024.07.31 09:00:00,3375,XAUUSD,buy,in,0.15,2417.90,3375,-0.53,0.00,0.00,7 340.73,EMA Crossover Trade BUY #M12350
2024.07.31 09:00:00,3376,XAUUSD,sell,in,0.61,2417.81,3376,-2.14,0.00,0.00,7 338.59,RSI Scalping Sell #M129102315
2024.07.31 09:01:19,3377,XAUUSD,buy,out,0.61,2417.67,3377,-2.14,0.00,8.54,7 344.99,sl 2417.67
2024.07.31 09:30:00,3378,XAUUSD,buy,in,0.06,2424.01,3378,-0.21,0.00,0.00,7 344.78,United SuperEMA long #M940001
2024.07.31 09:41:05,3379,XAUUSD,sell,out,0.15,2421.74,3379,-0.53,0.00,57.60,7 401.85,sl 2421.74
2024.07.31 10:00:00,3380,XAUUSD,buy,in,0.3,2421.53,3380,-1.05,0.00,0.00,7 400.80,EMA Crossover Trade BUY #M12350
2024.07.31 10:15:09,3381,XAUUSD,sell,out,0.3,2418.22,3381,-1.05,0.00,-99.30,7 300.45,sl 2418.22
2024.07.31 10:30:00,3382,XAUUSD,sell,out,0.06,2417.26,3382,-0.21,0.00,-40.50,7 259.74,
2024.07.31 11:00:00,3383,XAUUSD,sell,in,0.6,2417.20,3383,-2.10,0.00,0.00,7 257.64,RSI Scalping Sell #M129102315
2024.07.31 11:05:34,3384,XAUUSD,buy,out,0.6,2417.25,3384,-2.10,0.00,-3.00,7 252.54,sl 2417.23
2024.07.31 12:00:00,3385,XAUUSD,buy,in,0.15,2421.58,3385,-0.53,0.00,0.00,7 252.01,EMA Crossover Trade BUY #M12350
2024.07.31 12:36:10,3386,XAUUSD,sell,out,0.15,2418.59,3386,-0.53,0.00,-44.85,7 206.63,sl 2418.60
2024.07.31 13:00:00,3387,XAUUSD,buy,in,0.12,2421.10,3387,-0.42,0.00,0.00,7 206.21,EMA Crossover Trade BUY #M12350
2024.07.31 13:28:36,3388,XAUUSD,sell,out,0.12,2419.18,3388,-0.42,0.00,-23.04,7 182.75,sl 2419.20
2024.07.31 17:00:00,3389,XAUUSD,buy,in,0.11,2426.33,3389,-0.39,0.00,0.00,7 182.36,EMA Crossover Trade BUY #M12350
2024.07.31 17:20:23,3390,XAUUSD,sell,out,0.11,2425.31,3390,-0.39,0.00,-11.22,7 170.75,sl 2425.32
2024.07.31 19:30:01,3391,XAUUSD,buy,in,0.04,2427.27,3391,-0.14,0.00,0.00,7 170.61,United SuperEMA long #M940001
2024.07.31 20:00:00,3392,XAUUSD,buy,in,0.11,2427.22,3392,-0.39,0.00,0.00,7 170.22,EMA Crossover Trade BUY #M12350
2024.07.31 21:00:03,3393,XAUUSD,sell,out,0.11,2425.30,3393,-0.39,0.00,-21.12,7 148.71,sl 2425.35
2024.07.31 21:15:00,3394,XAUUSD,sell,out,0.04,2422.39,3394,-0.14,0.00,-19.52,7 129.05,
2024.07.31 21:43:52,3395,XAUUSD,buy,in,0.23,2432.04,3395,-0.81,0.00,0.00,7 128.24,Darvas Box Breakout #M135790
2024.07.31 21:45:00,3396,XAUUSD,buy,in,0.04,2432.36,3396,-0.14,0.00,0.00,7 128.10,United SuperEMA long #M940001
2024.07.31 22:00:00,3397,XAUUSD,buy,in,0.02,2433.42,3397,-0.07,0.00,0.00,7 128.03,EMA Crossover Trade BUY #M12350
2024.07.31 22:10:04,3398,XAUUSD,sell,out,0.02,2432.16,3398,-0.07,0.00,-2.52,7 125.44,sl 2432.18
2024.07.31 23:00:00,3399,XAUUSD,buy,in,0.02,2450.11,3399,-0.07,0.00,0.00,7 125.37,EMA Crossover Trade BUY #M12350
2024.07.31 23:26:23,3400,XAUUSD,sell,out,0.02,2447.20,3400,-0.07,0.00,-5.82,7 119.48,sl 2447.23
2024.08.01 01:45:03,3401,DE40,buy,in,0.2,18531.30,3401,0.00,0.00,0.00,7 119.48,SimpleTrendline BUY #M26042502
2024.08.01 02:00:00,3402,XAUUSD,buy,in,0.01,2447.65,3402,-0.04,0.00,0.00,7 119.44,WP Buy #M20260526
2024.08.01 03:15:01,3403,XAUUSD,sell,out,0.04,2445.76,3403,-0.14,-6.23,53.60,7 166.67,
2024.08.01 03:45:01,3404,DE40,sell,out,0.2,18513.40,3404,0.00,0.00,-3.85,7 162.82,
2024.08.01 04:58:43,3405,XAUUSD,sell,out,0.01,2450.88,3405,-0.04,0.00,3.23,7 166.01,sl 2450.90
2024.08.01 06:00:00,3406,XAUUSD,sell,in,0.59,2441.52,3406,-2.07,0.00,0.00,7 163.94,RSI Scalping Sell #M129102315
2024.08.01 06:00:15,3407,XAUUSD,buy,out,0.59,2441.59,3407,-2.07,0.00,-4.13,7 157.74,sl 2441.59
2024.08.01 07:30:43,3408,DE40,sell,in,0.2,18505.40,3408,0.00,0.00,0.00,7 157.74,SimpleTrendline SELL #M26042502
2024.08.01 08:45:01,3409,DE40,buy,out,0.2,18521.40,3409,0.00,0.00,-3.44,7 154.30,
2024.08.01 11:00:00,3410,XAUUSD,sell,in,0.05,2440.38,3410,-0.18,0.00,0.00,7 154.12,SimpleTrendline SELL #M26042503
2024.08.01 14:30:00,3411,DE40,sell,in,0.2,18359.90,3411,0.00,0.00,0.00,7 154.12,SimpleTrendline SELL #M26042502
2024.08.01 15:00:00,3412,XAUUSD,buy,in,0.59,2440.92,3412,-2.07,0.00,0.00,7 152.05,RSI Scalping Buy #M129102315
2024.08.01 15:00:00,3413,XAUUSD,buy,in,0.01,2440.99,3413,-0.04,0.00,0.00,7 152.01,United SuperEMA long #M940001
2024.08.01 15:01:04,3414,XAUUSD,sell,out,0.59,2440.64,3414,-2.07,0.00,-16.52,7 133.42,sl 2440.65
2024.08.01 16:00:01,3415,XAUUSD,buy,out,0.05,2449.97,3415,-0.18,0.00,-47.95,7 085.29,
2024.08.01 18:30:00,3416,XAUUSD,sell,out,0.01,2446.96,3416,-0.04,0.00,5.97,7 091.22,
2024.08.01 20:00:00,3417,XTIUSD,sell,in,0.5,78.19,3417,0.00,0.00,0.00,7 091.22,WP Sell #M20260533
2024.08.01 20:00:01,3418,XBRUSD,sell,in,0.5,81.18,3418,0.00,0.00,0.00,7 091.22,WP Sell #M20260534
2024.08.01 23:00:00,3419,XAUUSD,buy,in,0.02,2443.17,3419,-0.07,0.00,0.00,7 091.15,SimpleTrendline BUY #M26042503
2024.08.02 03:30:00,3420,XAUUSD,buy,in,0.05,2449.66,3420,-0.18,0.00,0.00,7 090.97,United SuperEMA long #M940001
2024.08.02 04:00:00,3421,XAUUSD,buy,in,0.59,2449.16,3421,-2.07,0.00,0.00,7 088.90,RSI Scalping Buy #M129102315
2024.08.02 04:02:03,3422,XAUUSD,sell,out,0.59,2450.25,3422,-2.07,0.00,64.31,7 151.14,sl 2450.25
2024.08.02 04:15:00,3423,XAUUSD,sell,out,0.05,2437.69,3423,-0.18,0.00,-59.85,7 091.11,
2024.08.02 05:15:00,3424,XAUUSD,buy,in,0.05,2450.87,3424,-0.18,0.00,0.00,7 090.93,United SuperEMA long #M940001
2024.08.02 10:00:00,3425,XAUUSD,sell,in,0.59,2465.59,3425,-2.07,0.00,0.00,7 088.86,RSI Scalping Sell #M129102315
2024.08.02 10:00:00,3426,XAUUSD,buy,in,0.01,2465.79,3426,-0.04,0.00,0.00,7 088.82,WP Buy #M20260526
2024.08.02 10:06:20,3427,XAUUSD,buy,out,0.59,2463.22,3427,-2.07,0.00,139.83,7 226.58,sl 2463.22
2024.08.02 10:45:22,3428,XBRUSD,buy,out,0.5,81.23,3428,0.00,-5.66,-2.50,7 218.42,sl 81.23
2024.08.02 10:45:22,3429,XTIUSD,buy,out,0.5,78.14,3429,0.00,-7.28,2.50,7 213.64,sl 78.14
2024.08.02 12:00:00,3430,XAUUSD,sell,out,0.05,2462.08,3430,-0.18,0.00,56.05,7 269.51,
2024.08.02 15:30:04,3431,XAUUSD,sell,out,0.23,2468.98,3431,-0.81,-47.73,849.62,8 070.59,tp 2468.96
2024.08.02 15:42:58,3432,XAUUSD,sell,out,0.01,2470.24,3432,-0.04,0.00,4.45,8 075.00,sl 2470.25
2024.08.02 16:00:00,3433,XTIUSD,sell,in,0.5,75.59,3433,0.00,0.00,0.00,8 075.00,WP Sell #M20260533
2024.08.02 16:00:00,3434,XBRUSD,sell,in,0.5,78.86,3434,0.00,0.00,0.00,8 075.00,WP Sell #M20260534
2024.08.02 17:00:00,3435,XAUUSD,buy,in,0.06,2469.83,3435,-0.21,0.00,0.00,8 074.79,United SuperEMA long #M940001
2024.08.02 17:00:00,3436,XAUUSD,sell,out,0.02,2469.68,3436,-0.07,-1.04,53.02,8 126.70,
2024.08.02 17:45:00,3437,XAUUSD,sell,out,0.06,2436.76,3437,-0.21,0.00,-198.42,7 928.07,
2024.08.02 22:30:31,3438,XTIUSD,buy,out,0.5,74.80,3438,0.00,0.00,39.50,7 967.57,sl 74.80
2024.08.02 23:17:59,3439,XBRUSD,buy,out,0.5,78.18,3439,0.00,0.00,34.00,8 001.57,sl 78.18
2024.08.05 01:05:20,3440,DE40,buy,out,0.2,17568.50,3440,0.00,-1.33,170.09,8 170.33,
2024.08.05 02:00:00,3441,XAUUSD,sell,in,0.03,2441.49,3441,-0.11,0.00,0.00,8 170.22,SimpleTrendline SELL #M26042503
2024.08.05 03:30:00,3442,XAUUSD,sell,in,0.06,2425.41,3442,-0.21,0.00,0.00,8 170.01,United SuperEMA short #M940001
2024.08.05 05:00:00,3443,XAUUSD,buy,out,0.06,2439.56,3443,-0.21,0.00,-84.90,8 084.90,
2024.08.05 06:00:00,3444,XAUUSD,buy,out,0.03,2442.90,3444,-0.11,0.00,-4.23,8 080.56,
2024.08.05 06:00:00,3445,XAUUSD,buy,in,0.03,2442.84,3445,-0.11,0.00,0.00,8 080.45,SimpleTrendline BUY #M26042503
2024.08.05 09:30:00,3446,XAUUSD,sell,in,0.06,2427.97,3446,-0.21,0.00,0.00,8 080.24,United SuperEMA short #M940001
2024.08.05 10:00:00,3447,XAUUSD,sell,out,0.03,2428.68,3447,-0.11,0.00,-42.48,8 037.65,
2024.08.05 14:00:00,3448,XAUUSD,sell,out,0.17,2408.44,3448,-0.60,-70.56,369.75,8 336.24,
2024.08.05 17:30:00,3449,DE40,sell,in,0.3,17238.50,3449,0.00,0.00,0.00,8 336.24,SimpleTrendline SELL #M26042502
2024.08.05 17:45:00,3450,XAUUSD,buy,out,0.06,2393.90,3450,-0.21,0.00,204.42,8 540.45,
2024.08.05 17:45:00,3451,DE40,buy,out,0.3,17297.00,3451,0.00,0.00,-18.86,8 521.59,
2024.08.05 23:00:00,3452,XAUUSD,buy,in,0.03,2408.04,3452,-0.11,0.00,0.00,8 521.48,SimpleTrendline BUY #M26042503
2024.08.06 03:00:00,3453,XAUUSD,sell,out,0.03,2405.23,3453,-0.11,-1.56,-8.43,8 511.38,
2024.08.06 08:00:00,3454,XAUUSD,sell,in,0.21,2408.19,3454,-0.74,0.00,0.00,8 510.64,RSI Reverse SELL #M1002
2024.08.06 09:00:00,3455,XAUUSD,sell,in,0.07,2398.79,3455,-0.25,0.00,0.00,8 510.39,United SuperEMA short #M940001
2024.08.06 09:00:00,3456,XAUUSD,sell,in,0.03,2398.79,3456,-0.11,0.00,0.00,8 510.28,SimpleTrendline SELL #M26042503
2024.08.06 10:45:00,3457,XAUUSD,buy,out,0.07,2408.71,3457,-0.25,0.00,-69.44,8 440.59,
2024.08.06 11:00:00,3458,XAUUSD,buy,out,0.21,2410.00,3458,-0.74,0.00,-38.01,8 401.84,
2024.08.06 11:00:00,3459,XAUUSD,buy,out,0.03,2410.19,3459,-0.11,0.00,-34.20,8 367.53,
2024.08.06 11:45:00,3460,XAUUSD,sell,in,0.11,2413.84,3460,-0.39,0.00,0.00,8 367.14,RSIConsolidation SELL #M2025042
2024.08.06 11:45:00,3461,DE40,sell,in,0.2,17371.90,3461,0.00,0.00,0.00,8 367.14,SimpleTrendline SELL #M26042502
2024.08.06 12:00:00,3462,XAUUSD,buy,in,0.02,2411.28,3462,-0.07,0.00,0.00,8 367.07,SimpleTrendline BUY #M26042503
2024.08.06 14:15:00,3463,XAUUSD,buy,out,0.11,2411.54,3463,-0.39,0.00,25.30,8 391.98,
2024.08.06 15:15:00,3464,XAUUSD,sell,in,0.06,2410.69,3464,-0.21,0.00,0.00,8 391.77,United SuperEMA short #M940001
2024.08.06 16:00:00,3465,XAUUSD,sell,out,0.02,2393.09,3465,-0.07,0.00,-36.38,8 355.32,
2024.08.06 17:15:00,3466,DE40,buy,out,0.2,17363.40,3466,0.00,0.00,1.83,8 357.15,
2024.08.06 20:45:03,3467,XAUUSD,buy,out,0.06,2391.65,3467,-0.21,0.00,114.24,8 471.18,
2024.08.06 22:15:00,3468,XAUUSD,sell,in,0.14,2391.02,3468,-0.49,0.00,0.00,8 470.69,RSIConsolidation SELL #M2025042
2024.08.06 22:15:00,3469,XAUUSD,buy,out,0.14,2391.10,3469,-0.49,0.00,-1.12,8 469.08,
2024.08.07 03:45:01,3470,DE40,buy,in,0.3,17389.50,3470,0.00,0.00,0.00,8 469.08,SimpleTrendline BUY #M26042502
2024.08.07 10:15:00,3471,DE40,sell,out,0.3,17410.20,3471,0.00,0.00,6.67,8 475.75,
2024.08.07 11:00:00,3472,DE40,buy,in,0.3,17475.60,3472,0.00,0.00,0.00,8 475.75,SimpleTrendline BUY #M26042502
2024.08.07 20:15:00,3473,DE40,sell,out,0.3,17497.20,3473,0.00,0.00,6.96,8 482.71,
2024.08.07 23:00:00,3474,AUDUSD,sell,in,0.12,0.65196,3474,-0.42,0.00,0.00,8 482.29,WP Sell #M20260525
2024.08.07 23:00:07,3475,BTCUSD,sell,in,0.02,54716.07,3475,0.00,0.00,0.00,8 482.29,WP Sell #M20260527
2024.08.07 23:22:20,3476,BTCUSD,buy,out,0.02,55217.03,3476,0.00,0.00,-10.02,8 472.27,sl 55216.07
2024.08.08 06:42:30,3477,AUDUSD,buy,out,0.12,0.65595,3477,-0.42,-1.61,-47.88,8 422.36,sl 0.65595
2024.08.09 01:00:00,3478,BTCUSD,buy,in,0.7,61214.10,3478,0.00,0.00,0.00,8 422.36,RSI Scalping Buy #M123459123
2024.08.09 01:00:06,3479,BTCUSD,sell,out,0.7,61197.24,3479,0.00,0.00,-11.80,8 410.56,sl 61245.05
2024.08.09 01:07:23,3480,BTCUSD,buy,in,0.02,60754.30,3480,0.00,0.00,0.00,8 410.56,WP Buy #M20260527
2024.08.09 01:14:59,3481,BTCUSD,sell,out,0.02,60710.24,3481,0.00,0.00,-0.88,8 409.68,sl 60710.91
2024.08.09 02:05:42,3482,BTCUSD,buy,in,0.01,62273.79,3482,0.00,0.00,0.00,8 409.68,WP Buy #M20260527
2024.08.09 02:16:20,3483,BTCUSD,sell,out,0.01,62230.23,3483,0.00,0.00,-0.44,8 409.24,sl 62231.10
2024.08.09 11:00:00,3484,DE40,buy,in,0.5,17750.10,3484,0.00,0.00,0.00,8 409.24,SimpleTrendline BUY #M26042502
2024.08.09 13:45:02,3485,DE40,sell,out,0.5,17736.60,3485,0.00,0.00,-7.25,8 401.99,
2024.08.09 20:15:06,3486,DE40,buy,in,0.5,17738.40,3486,0.00,0.00,0.00,8 401.99,SimpleTrendline BUY #M26042502
2024.08.12 01:15:00,3487,DE40,sell,out,0.5,17725.00,3487,0.00,-7.28,-7.20,8 387.51,
2024.08.12 10:00:00,3488,DE40,buy,in,0.5,17791.10,3488,0.00,0.00,0.00,8 387.51,SimpleTrendline BUY #M26042502
2024.08.12 10:30:05,3489,DE40,sell,out,0.5,17771.60,3489,0.00,0.00,-10.48,8 377.03,
2024.08.12 10:45:00,3490,DE40,buy,in,0.5,17799.60,3490,0.00,0.00,0.00,8 377.03,SimpleTrendline BUY #M26042502
2024.08.12 11:30:01,3491,DE40,sell,out,0.5,17777.60,3491,0.00,0.00,-11.82,8 365.21,
2024.08.12 11:45:00,3492,DE40,sell,in,0.5,17750.60,3492,0.00,0.00,0.00,8 365.21,SimpleTrendline SELL #M26042502
2024.08.13 02:00:00,3493,XAUUSD,buy,in,0.02,2473.82,3493,-0.07,0.00,0.00,8 365.14,EMA Crossover Trade BUY #M12350
2024.08.13 03:31:39,3494,XAUUSD,sell,out,0.02,2473.27,3494,-0.07,0.00,-1.10,8 363.97,sl 2473.27
2024.08.13 04:00:00,3495,XAUUSD,buy,in,0.02,2472.26,3495,-0.07,0.00,0.00,8 363.90,EMA Crossover Trade BUY #M12350
2024.08.13 04:00:03,3496,DE40,buy,out,0.5,17739.00,3496,0.00,-0.84,6.23,8 369.29,
2024.08.13 04:09:25,3497,XAUUSD,sell,out,0.02,2469.98,3497,-0.07,0.00,-4.56,8 364.66,sl 2469.98
2024.08.13 04:15:01,3498,DE40,sell,in,0.3,17718.00,3498,0.00,0.00,0.00,8 364.66,SimpleTrendline SELL #M26042502
2024.08.13 04:45:03,3499,DE40,buy,out,0.3,17737.00,3499,0.00,0.00,-6.13,8 358.53,
2024.08.13 05:00:00,3500,XAUUSD,buy,in,0.03,2466.30,3500,-0.11,0.00,0.00,8 358.42,EMA Crossover Trade BUY #M12350
2024.08.13 05:00:00,3501,XAUUSD,sell,in,0.69,2466.19,3501,-2.42,0.00,0.00,8 356.00,RSI Scalping Sell #M129102315
2024.08.13 05:03:04,3502,XAUUSD,buy,out,0.69,2465.16,3502,-2.42,0.00,71.07,8 424.65,sl 2465.15
2024.08.13 05:49:13,3503,XAUUSD,sell,out,0.03,2463.94,3503,-0.11,0.00,-7.08,8 417.46,sl 2463.97
2024.08.13 10:30:00,3504,XAUUSD,buy,in,0.07,2464.75,3504,-0.25,0.00,0.00,8 417.21,United SuperEMA long #M940001
2024.08.13 11:30:00,3505,XAUUSD,sell,out,0.07,2462.40,3505,-0.25,0.00,-16.45,8 400.51,
2024.08.13 12:00:00,3506,XAUUSD,sell,in,0.03,2460.63,3506,-0.11,0.00,0.00,8 400.40,SimpleTrendline SELL #M26042503
2024.08.13 13:30:02,3507,DE40,sell,in,0.3,17677.60,3507,0.00,0.00,0.00,8 400.40,SimpleTrendline SELL #M26042502
2024.08.13 14:00:00,3508,XAUUSD,buy,in,0.7,2462.22,3508,-2.45,0.00,0.00,8 397.95,RSI Scalping Buy #M129102315
2024.08.13 14:00:00,3509,XAUUSD,buy,out,0.03,2462.21,3509,-0.11,0.00,-4.74,8 393.10,
2024.08.13 14:04:45,3510,XAUUSD,sell,out,0.7,2462.16,3510,-2.45,0.00,-4.20,8 386.45,sl 2462.16
2024.08.13 14:15:01,3511,DE40,buy,out,0.3,17721.60,3511,0.00,0.00,-14.18,8 372.27,
2024.08.13 14:30:00,3512,XAUUSD,buy,in,0.05,2464.58,3512,-0.18,0.00,0.00,8 372.09,United SuperEMA long #M940001
2024.08.13 14:45:03,3513,DE40,sell,in,0.2,17707.60,3513,0.00,0.00,0.00,8 372.09,SimpleTrendline SELL #M26042502
2024.08.13 15:00:00,3514,DE40,buy,out,0.2,17722.10,3514,0.00,0.00,-3.12,8 368.97,
2024.08.13 16:00:00,3515,DE40,buy,in,0.2,17761.50,3515,0.00,0.00,0.00,8 368.97,SimpleTrendline BUY #M26042502
2024.08.13 17:00:00,3516,XAUUSD,buy,in,0.02,2472.95,3516,-0.07,0.00,0.00,8 368.90,EMA Crossover Trade BUY #M12350
2024.08.13 17:23:47,3517,XAUUSD,sell,out,0.02,2469.60,3517,-0.07,0.00,-6.70,8 362.13,sl 2469.60
2024.08.13 18:45:01,3518,XAUUSD,sell,out,0.05,2467.59,3518,-0.18,0.00,15.05,8 377.00,
2024.08.13 22:00:00,3519,XAUUSD,buy,in,0.03,2467.85,3519,-0.11,0.00,0.00,8 376.89,SimpleTrendline BUY #M26042503
2024.08.14 04:15:00,3520,XAUUSD,buy,in,0.06,2468.45,3520,-0.21,0.00,0.00,8 376.68,United SuperEMA long #M940001
2024.08.14 05:15:00,3521,XAUUSD,sell,out,0.06,2461.08,3521,-0.21,0.00,-44.22,8 332.25,
2024.08.14 06:00:00,3522,XAUUSD,sell,out,0.03,2459.93,3522,-0.11,-1.56,-23.76,8 306.82,
2024.08.14 06:00:00,3523,XAUUSD,sell,in,0.03,2459.94,3523,-0.11,0.00,0.00,8 306.71,SimpleTrendline SELL #M26042503
2024.08.14 09:30:00,3524,XAUUSD,buy,in,0.06,2466.38,3524,-0.21,0.00,0.00,8 306.50,United SuperEMA long #M940001
2024.08.14 10:00:00,3525,XAUUSD,buy,in,0.69,2467.48,3525,-2.42,0.00,0.00,8 304.08,RSI Scalping Buy #M129102315
2024.08.14 10:00:00,3526,XAUUSD,buy,out,0.03,2467.47,3526,-0.11,0.00,-22.59,8 281.38,
2024.08.14 10:17:54,3527,XAUUSD,sell,out,0.69,2469.42,3527,-2.42,0.00,133.86,8 412.82,sl 2469.43
2024.08.14 15:30:00,3528,XAUUSD,sell,out,0.06,2472.14,3528,-0.21,0.00,34.56,8 447.17,
2024.08.14 16:45:00,3529,DE40,sell,out,0.2,17868.70,3529,0.00,-0.97,23.04,8 469.24,
2024.08.14 18:30:00,3530,DE40,buy,in,0.3,17881.50,3530,0.00,0.00,0.00,8 469.24,SimpleTrendline BUY #M26042502
2024.08.14 19:30:03,3531,DE40,sell,out,0.3,17858.20,3531,0.00,0.00,-7.51,8 461.73,
2024.08.14 19:45:02,3532,DE40,sell,in,0.3,17855.20,3532,0.00,0.00,0.00,8 461.73,SimpleTrendline SELL #M26042502
2024.08.14 20:00:00,3533,DE40,buy,out,0.3,17868.50,3533,0.00,0.00,-4.29,8 457.44,
2024.08.15 10:30:00,3534,XAUUSD,buy,in,0.14,2456.15,3534,-0.49,0.00,0.00,8 456.95,United SuperEMA long #M940001
2024.08.15 11:30:00,3535,XAUUSD,sell,out,0.14,2454.69,3535,-0.49,0.00,-20.44,8 436.02,
2024.08.15 14:45:04,3536,DE40,buy,in,0.3,17956.60,3536,0.00,0.00,0.00,8 436.02,SimpleTrendline BUY #M26042502
2024.08.15 15:00:00,3537,XAUUSD,buy,in,0.7,2463.70,3537,-2.45,0.00,0.00,8 433.57,RSI Scalping Buy #M129102315
2024.08.15 15:00:00,3538,XAUUSD,buy,in,0.02,2463.72,3538,-0.07,0.00,0.00,8 433.50,WP Buy #M20260526
2024.08.15 15:02:03,3539,XAUUSD,sell,out,0.7,2463.49,3539,-2.45,0.00,-14.70,8 416.35,sl 2463.50
2024.08.15 15:30:15,3540,XAUUSD,sell,out,0.02,2462.47,3540,-0.07,0.00,-2.50,8 413.78,sl 2462.56
2024.08.15 19:00:00,3541,XAUUSD,buy,in,0.01,2458.51,3541,-0.04,0.00,0.00,8 413.74,SimpleTrendline BUY #M26042503
2024.08.15 20:00:00,3542,XAUUSD,sell,out,0.01,2455.91,3542,-0.04,0.00,-2.60,8 411.10,
2024.08.15 22:00:00,3543,XAUUSD,buy,in,0.11,2458.37,3543,-0.39,0.00,0.00,8 410.71,United SuperEMA long #M940001
2024.08.15 23:00:00,3544,XAUUSD,sell,out,0.11,2455.35,3544,-0.39,0.00,-33.22,8 377.10,
2024.08.16 02:00:00,3545,XAUUSD,sell,in,0.01,2454.90,3545,-0.04,0.00,0.00,8 377.06,SimpleTrendline SELL #M26042503
2024.08.16 03:00:00,3546,XAUUSD,buy,out,0.01,2457.40,3546,-0.04,0.00,-2.50,8 374.52,
2024.08.16 03:30:00,3547,XAUUSD,buy,in,0.11,2458.79,3547,-0.39,0.00,0.00,8 374.13,United SuperEMA long #M940001
2024.08.16 05:15:00,3548,XAUUSD,sell,out,0.11,2456.35,3548,-0.39,0.00,-26.84,8 346.90,
2024.08.16 07:31:10,3549,DE40,sell,out,0.3,18199.50,3549,0.00,-1.46,78.31,8 423.75,
2024.08.16 08:45:07,3550,DE40,buy,in,0.3,18231.00,3550,0.00,0.00,0.00,8 423.75,SimpleTrendline BUY #M26042502
2024.08.16 10:00:00,3551,XAUUSD,sell,in,0.01,2455.16,3551,-0.04,0.00,0.00,8 423.71,SimpleTrendline SELL #M26042503
2024.08.16 10:00:00,3552,DE40,sell,out,0.3,18230.80,3552,0.00,0.00,-0.06,8 423.65,
2024.08.16 11:00:00,3553,XAUUSD,buy,in,0.7,2462.12,3553,-2.45,0.00,0.00,8 421.20,RSI Scalping Buy #M129102315
2024.08.16 11:00:00,3554,XAUUSD,buy,out,0.01,2462.11,3554,-0.04,0.00,-6.95,8 414.21,
2024.08.16 11:00:00,3555,XAUUSD,buy,in,0.01,2462.02,3555,-0.04,0.00,0.00,8 414.17,SimpleTrendline BUY #M26042503
2024.08.16 11:03:08,3556,XAUUSD,sell,out,0.7,2462.49,3556,-2.45,0.00,25.90,8 437.62,sl 2462.49
2024.08.16 11:15:00,3557,DE40,buy,in,0.3,18292.90,3557,0.00,0.00,0.00,8 437.62,SimpleTrendline BUY #M26042502
2024.08.16 13:00:00,3558,XAUUSD,buy,in,0.14,2463.45,3558,-0.49,0.00,0.00,8 437.13,United SuperEMA long #M940001
2024.08.16 14:15:04,3559,DE40,sell,out,0.3,18284.40,3559,0.00,0.00,-2.74,8 434.39,
2024.08.16 15:51:36,3560,XAUUSD,buy,in,0.35,2480.53,3560,-1.23,0.00,0.00,8 433.16,Darvas Box Breakout #M135790
2024.08.16 16:00:00,3561,XAUUSD,buy,in,0.03,2492.00,3561,-0.11,0.00,0.00,8 433.05,EMA Crossover Trade BUY #M12350
2024.08.16 16:01:00,3562,XAUUSD,sell,out,0.03,2488.38,3562,-0.11,0.00,-10.86,8 422.08,sl 2488.38
2024.08.16 17:00:00,3563,XAUUSD,buy,in,0.03,2494.31,3563,-0.11,0.00,0.00,8 421.97,EMA Crossover Trade BUY #M12350
2024.08.16 17:00:00,3564,XAUUSD,buy,in,0.02,2493.87,3564,-0.07,0.00,0.00,8 421.90,WP Buy #M20260526
2024.08.16 17:00:44,3565,XAUUSD,sell,out,0.03,2491.46,3565,-0.11,0.00,-8.55,8 413.24,sl 2491.48
2024.08.16 17:23:30,3566,XAUUSD,sell,out,0.02,2479.30,3566,-0.07,0.00,-29.14,8 384.03,sl 2479.31
2024.08.16 18:00:00,3567,XAUUSD,buy,in,0.02,2487.30,3567,-0.07,0.00,0.00,8 383.96,EMA Crossover Trade BUY #M12350
2024.08.16 18:00:00,3568,XAUUSD,sell,in,0.55,2487.51,3568,-1.93,0.00,0.00,8 382.03,RSI Scalping Sell #M129102315
2024.08.16 18:03:16,3569,XAUUSD,buy,out,0.55,2486.93,3569,-1.93,0.00,31.90,8 412.00,sl 2486.93
2024.08.16 18:23:04,3570,XAUUSD,sell,out,0.02,2486.81,3570,-0.07,0.00,-0.98,8 410.95,sl 2486.81
2024.08.16 19:00:00,3571,XAUUSD,buy,in,0.03,2491.86,3571,-0.11,0.00,0.00,8 410.84,EMA Crossover Trade BUY #M12350
2024.08.16 20:08:24,3572,XAUUSD,sell,out,0.03,2494.05,3572,-0.11,0.00,6.57,8 417.30,sl 2494.06
2024.08.16 21:00:00,3573,XAUUSD,buy,in,0.03,2499.83,3573,-0.11,0.00,0.00,8 417.19,EMA Crossover Trade BUY #M12350
2024.08.16 21:56:38,3574,XAUUSD,sell,out,0.03,2501.85,3574,-0.11,0.00,6.06,8 423.14,sl 2501.88
2024.08.16 22:00:00,3575,XAUUSD,buy,in,0.03,2503.51,3575,-0.11,0.00,0.00,8 423.03,EMA Crossover Trade BUY #M12350
2024.08.16 23:31:56,3576,XAUUSD,sell,out,0.03,2506.02,3576,-0.11,0.00,7.53,8 430.45,sl 2506.02
2024.08.19 02:00:00,3577,XAUUSD,buy,in,0.03,2504.99,3577,-0.11,0.00,0.00,8 430.34,EMA Crossover Trade BUY #M12350
2024.08.19 02:00:00,3578,XAUUSD,sell,out,0.01,2504.89,3578,-0.04,-0.52,42.87,8 472.65,
2024.08.19 02:15:02,3579,XAUUSD,sell,out,0.14,2504.34,3579,-0.49,-7.26,572.46,9 037.36,
2024.08.19 03:25:35,3580,XAUUSD,sell,out,0.03,2503.10,3580,-0.11,0.00,-5.67,9 031.58,sl 2503.10
2024.08.19 04:00:00,3581,XAUUSD,buy,in,0.03,2502.22,3581,-0.11,0.00,0.00,9 031.47,EMA Crossover Trade BUY #M12350
2024.08.19 04:00:00,3582,XAUUSD,sell,in,0.75,2502.08,3582,-2.63,0.00,0.00,9 028.84,RSI Scalping Sell #M129102315
2024.08.19 04:00:26,3583,XAUUSD,buy,out,0.75,2501.59,3583,-2.63,0.00,36.75,9 062.96,sl 2501.59
2024.08.19 04:03:34,3584,XAUUSD,sell,out,0.03,2502.06,3584,-0.11,0.00,-0.48,9 062.37,sl 2502.07
2024.08.19 04:45:04,3585,DE40,buy,in,0.3,18334.00,3585,0.00,0.00,0.00,9 062.37,SimpleTrendline BUY #M26042502
2024.08.19 05:00:06,3586,XAUUSD,buy,in,0.03,2497.59,3586,-0.11,0.00,0.00,9 062.26,EMA Crossover Trade BUY #M12350
2024.08.19 05:31:47,3587,DE40,sell,out,0.3,18324.50,3587,0.00,0.00,-3.06,9 059.20,
2024.08.19 05:45:32,3588,DE40,sell,in,0.3,18315.50,3588,0.00,0.00,0.00,9 059.20,SimpleTrendline SELL #M26042502
2024.08.19 06:15:41,3589,DE40,buy,out,0.3,18329.00,3589,0.00,0.00,-4.35,9 054.85,
2024.08.19 06:21:08,3590,XAUUSD,sell,out,0.03,2502.14,3590,-0.11,0.00,13.65,9 068.39,sl 2502.16
2024.08.19 09:45:01,3591,XAUUSD,buy,in,0.15,2504.39,3591,-0.53,0.00,0.00,9 067.86,United SuperEMA long #M940001
2024.08.19 10:45:00,3592,XAUUSD,sell,out,0.15,2501.29,3592,-0.53,0.00,-46.50,9 020.83,
2024.08.19 11:15:01,3593,XAUUSD,buy,in,0.15,2504.95,3593,-0.53,0.00,0.00,9 020.30,United SuperEMA long #M940001
2024.08.19 11:45:00,3594,DE40,sell,in,0.3,18309.00,3594,0.00,0.00,0.00,9 020.30,SimpleTrendline SELL #M26042502
2024.08.19 12:00:00,3595,DE40,buy,out,0.3,18326.00,3595,0.00,0.00,-5.48,9 014.82,
2024.08.19 12:15:00,3596,XAUUSD,sell,out,0.15,2502.36,3596,-0.53,0.00,-38.85,8 975.44,
2024.08.19 18:00:01,3597,XAUUSD,buy,in,0.74,2501.45,3597,-2.59,0.00,0.00,8 972.85,RSI Scalping Buy #M129102315
2024.08.19 18:00:01,3598,XAUUSD,buy,in,0.01,2501.44,3598,-0.04,0.00,0.00,8 972.81,SimpleTrendline BUY #M26042503
2024.08.19 18:03:19,3599,XAUUSD,sell,out,0.74,2502.18,3599,-2.59,0.00,54.02,9 024.24,sl 2502.22
2024.08.19 19:45:02,3600,XAUUSD,buy,in,0.15,2506.86,3600,-0.53,0.00,0.00,9 023.71,United SuperEMA long #M940001
2024.08.19 21:00:00,3601,XBRUSD,sell,in,0.5,77.91,3601,0.00,0.00,0.00,9 023.71,WP Sell #M20260534
2024.08.19 22:00:01,3602,BTCUSD,sell,in,0.52,59009.51,3602,0.00,0.00,0.00,9 023.71,SimpleTrendline SELL #M26042501
2024.08.19 22:00:05,3603,XTIUSD,sell,in,0.5,74.99,3603,0.00,0.00,0.00,9 023.71,WP Sell #M20260533
2024.08.19 23:30:02,3604,XAUUSD,sell,out,0.15,2504.11,3604,-0.53,0.00,-41.25,8 981.93,
2024.08.20 00:05:00,3605,BTCUSD,buy,out,0.52,59107.33,3605,0.00,0.00,-50.87,8 931.06,
2024.08.20 02:00:00,3606,XAUUSD,sell,out,0.01,2504.35,3606,-0.04,-0.52,2.91,8 933.41,
2024.08.20 03:45:00,3607,XAUUSD,buy,in,0.14,2506.24,3607,-0.49,0.00,0.00,8 932.92,United SuperEMA long #M940001
2024.08.20 04:00:01,3608,BTCUSD,buy,in,0.74,60526.61,3608,0.00,0.00,0.00,8 932.92,RSI Scalping Buy #M123459123
2024.08.20 04:00:04,3609,BTCUSD,sell,out,0.74,60528.04,3609,0.00,0.00,1.06,8 933.98,sl 60528.23
2024.08.20 05:00:02,3610,XAUUSD,sell,out,0.14,2501.88,3610,-0.49,0.00,-61.04,8 872.45,
2024.08.20 07:00:00,3611,BTCUSD,buy,in,0.73,60677.36,3611,0.00,0.00,0.00,8 872.45,RSI Scalping Buy #M123459123
2024.08.20 07:00:08,3612,BTCUSD,sell,out,0.73,60671.96,3612,0.00,0.00,-3.94,8 868.51,sl 60678.16
2024.08.20 07:15:20,3613,DE40,buy,in,0.3,18429.50,3613,0.00,0.00,0.00,8 868.51,SimpleTrendline BUY #M26042502
2024.08.20 07:45:08,3614,DE40,sell,out,0.3,18429.00,3614,0.00,0.00,-0.16,8 868.35,
2024.08.20 08:16:31,3615,DE40,buy,in,0.1,18446.50,3615,0.00,0.00,0.00,8 868.35,SimpleTrendline BUY #M26042502
2024.08.20 08:45:01,3616,DE40,sell,out,0.1,18441.50,3616,0.00,0.00,-0.54,8 867.81,
2024.08.20 09:00:00,3617,XAUUSD,sell,in,0.01,2499.48,3617,-0.04,0.00,0.00,8 867.77,SimpleTrendline SELL #M26042503
2024.08.20 09:30:00,3618,XAUUSD,buy,in,0.05,2505.00,3618,-0.18,0.00,0.00,8 867.59,United SuperEMA long #M940001
2024.08.20 09:45:06,3619,DE40,buy,in,0.1,18476.30,3619,0.00,0.00,0.00,8 867.59,SimpleTrendline BUY #M26042502
2024.08.20 10:15:01,3620,DE40,sell,out,0.1,18466.30,3620,0.00,0.00,-1.07,8 866.52,
2024.08.20 10:45:00,3621,DE40,buy,in,0.1,18487.80,3621,0.00,0.00,0.00,8 866.52,SimpleTrendline BUY #M26042502
2024.08.20 11:00:00,3622,XAUUSD,buy,in,0.59,2515.10,3622,-2.07,0.00,0.00,8 864.45,RSI Scalping Buy #M129102315
2024.08.20 11:00:00,3623,XAUUSD,buy,out,0.01,2515.26,3623,-0.04,0.00,-15.78,8 848.63,
2024.08.20 11:00:05,3624,XAUUSD,sell,out,0.59,2514.96,3624,-2.07,0.00,-8.26,8 838.30,sl 2514.96
2024.08.20 11:04:13,3625,XAUUSD,sell,out,0.35,2517.60,3625,-1.23,-36.32,1 297.45,10 098.20,tp 2517.59
2024.08.20 11:30:00,3626,DE40,sell,out,0.1,18467.80,3626,0.00,0.00,-2.15,10 096.05,
2024.08.20 12:45:05,3627,XBRUSD,buy,out,0.5,77.76,3627,0.00,-5.66,7.50,10 097.89,sl 77.76
2024.08.20 12:45:05,3628,XTIUSD,buy,out,0.5,74.62,3628,0.00,-7.28,18.50,10 109.11,sl 74.62
2024.08.20 13:00:00,3629,XAUUSD,buy,in,0.02,2521.86,3629,-0.07,0.00,0.00,10 109.04,WP Buy #M20260526
2024.08.20 13:00:03,3630,DE40,sell,in,0.1,18423.30,3630,0.00,0.00,0.00,10 109.04,SimpleTrendline SELL #M26042502
2024.08.20 13:45:01,3631,DE40,buy,out,0.1,18420.80,3631,0.00,0.00,0.27,10 109.31,
2024.08.20 16:36:03,3632,XAUUSD,sell,out,0.02,2524.07,3632,-0.07,0.00,4.42,10 113.66,sl 2524.16
2024.08.20 17:30:00,3633,XAUUSD,sell,out,0.05,2523.30,3633,-0.18,0.00,91.50,10 204.98,
2024.08.20 18:00:00,3634,XAUUSD,sell,in,0.85,2523.83,3634,-2.98,0.00,0.00,10 202.00,RSI Scalping Sell #M129102315
2024.08.20 18:02:26,3635,XAUUSD,buy,out,0.85,2516.81,3635,-2.98,0.00,596.70,10 795.72,sl 2516.81
2024.08.20 20:00:00,3636,BTCUSD,sell,in,0.62,58785.64,3636,0.00,0.00,0.00,10 795.72,SimpleTrendline SELL #M26042501
2024.08.20 21:00:00,3637,BTCUSD,buy,out,0.62,59072.03,3637,0.00,0.00,-177.56,10 618.16,
2024.08.20 22:45:00,3638,XAUUSD,buy,in,0.08,2513.90,3638,-0.28,0.00,0.00,10 617.88,United SuperEMA long #M940001
2024.08.20 23:00:00,3639,XAUUSD,buy,in,0.01,2515.07,3639,-0.04,0.00,0.00,10 617.84,SimpleTrendline BUY #M26042503
2024.08.21 01:15:12,3640,XAUUSD,sell,in,0.17,2514.41,3640,-0.60,0.00,0.00,10 617.24,RSIConsolidation SELL #M2025042
2024.08.21 01:15:15,3641,XAUUSD,buy,out,0.17,2514.48,3641,-0.60,0.00,-1.19,10 615.45,
2024.08.21 03:00:00,3642,XAUUSD,sell,out,0.08,2512.95,3642,-0.28,-4.15,-7.60,10 603.42,
2024.08.21 03:00:00,3643,XAUUSD,sell,out,0.01,2512.95,3643,-0.04,-0.52,-2.12,10 600.74,
2024.08.21 04:15:01,3644,DE40,sell,in,0.1,18365.60,3644,0.00,0.00,0.00,10 600.74,SimpleTrendline SELL #M26042502
2024.08.21 05:00:00,3645,XAUUSD,buy,in,0.07,2516.90,3645,-0.25,0.00,0.00,10 600.49,United SuperEMA long #M940001
2024.08.21 05:00:00,3646,XAUUSD,buy,in,0.01,2516.90,3646,-0.04,0.00,0.00,10 600.45,SimpleTrendline BUY #M26042503
2024.08.21 05:30:11,3647,DE40,buy,out,0.1,18360.60,3647,0.00,0.00,0.54,10 600.99,
2024.08.21 05:45:01,3648,XAUUSD,sell,in,0.17,2517.74,3648,-0.60,0.00,0.00,10 600.39,RSIConsolidation SELL #M2025042
2024.08.21 06:00:00,3649,XAUUSD,buy,in,0.88,2519.44,3649,-3.08,0.00,0.00,10 597.31,RSI Scalping Buy #M129102315
2024.08.21 06:15:00,3650,XAUUSD,buy,out,0.17,2515.25,3650,-0.60,0.00,42.33,10 639.04,
2024.08.21 06:30:02,3651,XAUUSD,sell,out,0.07,2513.31,3651,-0.25,0.00,-25.13,10 613.66,
2024.08.21 06:30:02,3652,XAUUSD,sell,in,0.1,2513.34,3652,-0.35,0.00,0.00,10 613.31,RSIConsolidation SELL #M2025042
2024.08.21 06:30:06,3653,XAUUSD,buy,out,0.1,2513.35,3653,-0.35,0.00,-0.10,10 612.86,
2024.08.21 07:00:00,3654,XAUUSD,buy,in,0.26,2517.54,3654,-0.91,0.00,0.00,10 611.95,RSI Reverse BUY #M1002
2024.08.21 08:00:00,3655,XAUUSD,buy,in,0.15,2516.25,3655,-0.53,0.00,0.00,10 611.42,EMA Cross Distance BUY #M1003
2024.08.21 10:00:00,3656,XAUUSD,sell,out,0.88,2514.52,3656,-3.08,0.00,-432.96,10 175.38,
2024.08.21 10:00:00,3657,XAUUSD,sell,out,0.01,2514.53,3657,-0.04,0.00,-2.37,10 172.97,
2024.08.21 10:15:00,3658,DE40,buy,in,0.1,18376.30,3658,0.00,0.00,0.00,10 172.97,SimpleTrendline BUY #M26042502
2024.08.21 14:00:00,3659,XAUUSD,sell,out,0.15,2509.48,3659,-0.53,0.00,-101.55,10 070.89,
2024.08.21 21:00:00,3660,XTIUSD,sell,in,0.5,72.65,3660,0.00,0.00,0.00,10 070.89,WP Sell #M20260533
2024.08.21 21:00:00,3661,XBRUSD,sell,in,0.5,75.98,3661,0.00,0.00,0.00,10 070.89,WP Sell #M20260534
2024.08.21 22:30:00,3662,XAUUSD,sell,in,0.13,2512.59,3662,-0.46,0.00,0.00,10 070.43,RSIConsolidation SELL #M2025042
2024.08.21 23:00:00,3663,BTCUSD,buy,in,0.67,61617.74,3663,0.00,0.00,0.00,10 070.43,RSI Scalping Buy #M123459123
2024.08.21 23:00:00,3664,XAUUSD,buy,out,0.13,2511.88,3664,-0.46,0.00,9.23,10 079.20,
2024.08.21 23:00:01,3665,BTCUSD,sell,out,0.67,61618.34,3665,0.00,0.00,0.40,10 079.60,sl 61618.36
2024.08.22 04:31:05,3666,DE40,sell,out,0.1,18468.60,3666,0.00,-0.49,9.92,10 089.03,
2024.08.22 06:15:00,3667,XAUUSD,buy,in,0.1,2502.58,3667,-0.35,0.00,0.00,10 088.68,RSIConsolidation BUY #M20250420
2024.08.22 09:00:00,3668,XAUUSD,sell,out,0.1,2505.57,3668,-0.35,0.00,29.90,10 118.23,
2024.08.22 11:15:11,3669,DE40,buy,in,0.2,18497.20,3669,0.00,0.00,0.00,10 118.23,SimpleTrendline BUY #M26042502
2024.08.22 15:45:00,3670,XAUUSD,buy,in,0.1,2502.92,3670,-0.35,0.00,0.00,10 117.88,RSIConsolidation BUY #M20250420
2024.08.22 15:45:00,3671,XAUUSD,sell,out,0.1,2502.87,3671,-0.35,0.00,-0.50,10 117.03,
2024.08.22 15:45:00,3672,DE40,sell,out,0.2,18483.40,3672,0.00,0.00,-2.97,10 114.06,
2024.08.22 16:15:04,3673,DE40,buy,in,0.1,18512.90,3673,0.00,0.00,0.00,10 114.06,SimpleTrendline BUY #M26042502
2024.08.22 16:30:01,3674,XAUUSD,sell,in,0.02,2492.79,3674,-0.07,0.00,0.00,10 113.99,United SuperEMA short #M940001
2024.08.22 17:00:00,3675,XAUUSD,sell,out,0.26,2487.90,3675,-0.91,-40.47,-770.64,9 301.97,
2024.08.22 17:53:16,3676,XTIUSD,buy,out,0.5,74.19,3676,0.00,-7.28,-77.00,9 217.69,sl 74.14
2024.08.22 17:53:16,3677,XBRUSD,buy,out,0.5,77.48,3677,0.00,-5.66,-75.00,9 137.03,sl 77.48
2024.08.22 18:30:00,3678,DE40,sell,out,0.1,18493.70,3678,0.00,0.00,-2.06,9 134.97,
2024.08.22 20:15:01,3679,DE40,sell,in,0.1,18486.20,3679,0.00,0.00,0.00,9 134.97,SimpleTrendline SELL #M26042502
2024.08.22 20:45:03,3680,XAUUSD,buy,out,0.02,2482.33,3680,-0.07,0.00,20.92,9 155.82,
2024.08.23 04:00:00,3681,XAUUSD,buy,in,0.01,2490.14,3681,-0.04,0.00,0.00,9 155.78,SimpleTrendline BUY #M26042503
2024.08.23 06:00:13,3682,DE40,buy,out,0.1,18478.50,3682,0.00,-0.17,0.83,9 156.44,
2024.08.23 12:00:00,3683,XAUUSD,sell,in,0.22,2499.03,3683,-0.77,0.00,0.00,9 155.67,RSI Reverse SELL #M1002
2024.08.23 12:00:00,3684,XAUUSD,buy,out,0.22,2499.09,3684,-0.77,0.00,-1.32,9 153.58,
2024.08.23 12:00:00,3685,XAUUSD,buy,in,0.76,2499.13,3685,-2.66,0.00,0.00,9 150.92,RSI Scalping Buy #M129102315
2024.08.23 12:02:40,3686,XAUUSD,sell,out,0.76,2499.04,3686,-2.66,0.00,-6.84,9 141.42,sl 2499.04
2024.08.23 15:00:00,3687,XAUUSD,buy,in,0.07,2501.68,3687,-0.25,0.00,0.00,9 141.17,United SuperEMA long #M940001
2024.08.23 15:45:00,3688,XAUUSD,sell,in,0.15,2500.86,3688,-0.53,0.00,0.00,9 140.64,RSIConsolidation SELL #M2025042
2024.08.23 16:42:19,3689,XAUUSD,buy,out,0.15,2495.58,3689,-0.53,0.00,79.20,9 219.31,tp 2495.59
2024.08.23 16:45:00,3690,XAUUSD,sell,out,0.07,2496.91,3690,-0.25,0.00,-33.39,9 185.67,
2024.08.23 17:15:00,3691,XAUUSD,buy,in,0.07,2517.24,3691,-0.25,0.00,0.00,9 185.42,United SuperEMA long #M940001
2024.08.23 18:00:00,3692,XAUUSD,buy,in,0.76,2509.28,3692,-2.66,0.00,0.00,9 182.76,RSI Scalping Buy #M129102315
2024.08.23 18:03:01,3693,XAUUSD,sell,out,0.76,2509.70,3693,-2.66,0.00,31.92,9 212.02,sl 2509.71
2024.08.23 19:00:00,3694,AUDUSD,buy,in,0.13,0.67763,3694,-0.46,0.00,0.00,9 211.56,WP Buy #M20260525
2024.08.23 19:45:00,3695,XAUUSD,sell,out,0.07,2503.67,3695,-0.25,0.00,-94.99,9 116.32,
2024.08.23 20:00:00,3696,DE40,buy,in,0.3,18581.00,3696,0.00,0.00,0.00,9 116.32,SimpleTrendline BUY #M26042502
2024.08.23 21:00:02,3697,BTCUSD,buy,in,0.75,63049.86,3697,0.00,0.00,0.00,9 116.32,RSI Scalping Buy #M123459123
2024.08.23 21:00:08,3698,BTCUSD,sell,out,0.75,63082.87,3698,0.00,0.00,24.76,9 141.08,sl 63087.64
2024.08.23 23:00:50,3699,BTCUSD,buy,in,0.02,63646.79,3699,0.00,0.00,0.00,9 141.08,WP Buy #M20260527
2024.08.24 01:26:27,3700,BTCUSD,sell,out,0.02,64655.13,3700,0.00,0.00,20.17,9 161.25,tp 64646.32
2024.08.26 01:15:00,3701,DE40,sell,out,0.3,18636.50,3701,0.00,-4.37,17.89,9 174.77,
2024.08.26 02:00:00,3702,XAUUSD,sell,out,0.01,2512.99,3702,-0.04,-0.52,22.85,9 197.06,
2024.08.26 03:00:00,3703,DE40,buy,in,0.3,18604.60,3703,0.00,0.00,0.00,9 197.06,SimpleTrendline BUY #M26042502
2024.08.26 03:30:00,3704,DE40,sell,out,0.3,18574.00,3704,0.00,0.00,-9.86,9 187.20,
2024.08.26 04:00:00,3705,XAUUSD,sell,in,0.76,2513.63,3705,-2.66,0.00,0.00,9 184.54,RSI Scalping Sell #M129102315
2024.08.26 04:03:19,3706,XAUUSD,buy,out,0.76,2513.83,3706,-2.66,0.00,-15.20,9 166.68,sl 2513.82
2024.08.26 08:01:21,3707,AUDUSD,sell,out,0.13,0.67745,3707,-0.46,-0.24,-2.34,9 163.64,sl 0.67745
2024.08.26 09:30:06,3708,DE40,sell,in,0.3,18586.10,3708,0.00,0.00,0.00,9 163.64,SimpleTrendline SELL #M26042502
2024.08.26 09:45:00,3709,XAUUSD,buy,in,0.07,2513.65,3709,-0.25,0.00,0.00,9 163.39,United SuperEMA long #M940001
2024.08.26 10:00:00,3710,XAUUSD,buy,in,0.01,2515.10,3710,-0.04,0.00,0.00,9 163.35,SimpleTrendline BUY #M26042503
2024.08.26 10:15:00,3711,DE40,buy,out,0.3,18593.60,3711,0.00,0.00,-2.42,9 160.93,
2024.08.26 10:45:01,3712,DE40,sell,in,0.3,18551.10,3712,0.00,0.00,0.00,9 160.93,SimpleTrendline SELL #M26042502
2024.08.26 11:00:03,3713,DE40,buy,out,0.3,18575.50,3713,0.00,0.00,-7.87,9 153.06,
2024.08.26 12:00:00,3714,XAUUSD,buy,in,0.01,2524.32,3714,-0.04,0.00,0.00,9 153.02,WP Buy #M20260526
2024.08.26 12:00:00,3715,DE40,buy,in,0.3,18599.50,3715,0.00,0.00,0.00,9 153.02,SimpleTrendline BUY #M26042502
2024.08.26 12:15:01,3716,DE40,sell,out,0.3,18579.50,3716,0.00,0.00,-6.45,9 146.57,
2024.08.26 14:15:05,3717,DE40,buy,in,0.1,18600.50,3717,0.00,0.00,0.00,9 146.57,SimpleTrendline BUY #M26042502
2024.08.26 14:30:00,3718,XAUUSD,sell,out,0.07,2521.39,3718,-0.25,0.00,54.18,9 200.50,
2024.08.26 16:00:00,3719,XAUUSD,sell,in,0.76,2523.88,3719,-2.66,0.00,0.00,9 197.84,RSI Scalping Sell #M129102315
2024.08.26 16:00:38,3720,XAUUSD,buy,out,0.76,2523.20,3720,-2.66,0.00,51.68,9 246.86,sl 2523.18
2024.08.26 17:00:00,3721,XAUUSD,sell,out,0.01,2515.82,3721,-0.04,0.00,0.72,9 247.54,
2024.08.26 19:00:01,3722,DE40,sell,out,0.1,18605.60,3722,0.00,0.00,0.55,9 248.09,
2024.08.26 19:30:00,3723,DE40,buy,in,0.3,18636.40,3723,0.00,0.00,0.00,9 248.09,SimpleTrendline BUY #M26042502
2024.08.26 20:00:01,3724,XAUUSD,buy,in,0.77,2520.03,3724,-2.70,0.00,0.00,9 245.39,RSI Scalping Buy #M129102315
2024.08.26 20:02:23,3725,XAUUSD,sell,out,0.77,2521.65,3725,-2.70,0.00,124.74,9 367.43,sl 2521.65
2024.08.26 20:15:00,3726,XAUUSD,buy,in,0.07,2521.77,3726,-0.25,0.00,0.00,9 367.18,United SuperEMA long #M940001
2024.08.26 20:45:01,3727,DE40,sell,out,0.3,18614.60,3727,0.00,0.00,-7.03,9 360.15,
2024.08.26 21:15:00,3728,DE40,buy,in,0.3,18609.40,3728,0.00,0.00,0.00,9 360.15,SimpleTrendline BUY #M26042502
2024.08.26 21:45:00,3729,XAUUSD,sell,out,0.07,2516.75,3729,-0.25,0.00,-35.14,9 324.76,
2024.08.26 22:30:00,3730,XAUUSD,buy,in,0.07,2519.72,3730,-0.25,0.00,0.00,9 324.51,United SuperEMA long #M940001
2024.08.26 23:45:00,3731,XAUUSD,sell,out,0.07,2517.94,3731,-0.25,0.00,-12.46,9 311.80,
2024.08.26 23:45:00,3732,DE40,sell,out,0.3,18605.20,3732,0.00,0.00,-1.35,9 310.45,
2024.08.27 02:00:00,3733,XAUUSD,sell,in,0.01,2517.31,3733,-0.04,0.00,0.00,9 310.41,SimpleTrendline SELL #M26042503
2024.08.27 02:45:01,3734,DE40,buy,in,0.3,18633.10,3734,0.00,0.00,0.00,9 310.41,SimpleTrendline BUY #M26042502
2024.08.27 03:16:00,3735,DE40,sell,out,0.3,18624.20,3735,0.00,0.00,-2.87,9 307.54,
2024.08.27 04:48:48,3736,XAUUSD,sell,out,0.01,2509.32,3736,-0.04,-0.52,-15.00,9 291.98,sl 2509.32
2024.08.27 05:00:00,3737,XAUUSD,sell,in,0.06,2509.69,3737,-0.21,0.00,0.00,9 291.77,United SuperEMA short #M940001
2024.08.27 05:30:55,3738,DE40,buy,in,0.3,18643.70,3738,0.00,0.00,0.00,9 291.77,SimpleTrendline BUY #M26042502
2024.08.27 06:45:35,3739,DE40,sell,out,0.3,18642.20,3739,0.00,0.00,-0.48,9 291.29,
2024.08.27 07:15:09,3740,DE40,buy,in,0.3,18648.70,3740,0.00,0.00,0.00,9 291.29,SimpleTrendline BUY #M26042502
2024.08.27 08:30:00,3741,XAUUSD,buy,out,0.06,2510.56,3741,-0.21,0.00,-5.22,9 285.86,
2024.08.27 09:15:01,3742,DE40,sell,out,0.3,18640.40,3742,0.00,0.00,-2.68,9 283.18,
2024.08.27 10:00:00,3743,XAUUSD,buy,out,0.01,2514.95,3743,-0.04,0.00,2.36,9 285.50,
2024.08.27 10:45:00,3744,DE40,buy,in,0.3,18645.40,3744,0.00,0.00,0.00,9 285.50,SimpleTrendline BUY #M26042502
2024.08.27 13:15:00,3745,DE40,sell,out,0.3,18638.90,3745,0.00,0.00,-2.10,9 283.40,
2024.08.27 13:30:00,3746,DE40,buy,in,0.3,18644.90,3746,0.00,0.00,0.00,9 283.40,SimpleTrendline BUY #M26042502
2024.08.27 15:00:00,3747,XAUUSD,buy,in,0.03,2511.50,3747,-0.11,0.00,0.00,9 283.29,SimpleTrendline BUY #M26042503
2024.08.27 16:00:00,3748,XAUUSD,sell,out,0.03,2509.87,3748,-0.11,0.00,-4.89,9 278.29,
2024.08.27 16:00:00,3749,XAUUSD,sell,in,0.03,2509.89,3749,-0.11,0.00,0.00,9 278.18,SimpleTrendline SELL #M26042503
2024.08.27 16:30:00,3750,XAUUSD,sell,in,0.01,2506.68,3750,-0.04,0.00,0.00,9 278.14,United SuperEMA short #M940001
2024.08.27 17:00:00,3751,XAUUSD,buy,out,0.01,2512.50,3751,-0.04,0.00,-5.82,9 272.28,
2024.08.27 18:00:00,3752,XAUUSD,buy,out,0.03,2514.85,3752,-0.11,0.00,-14.88,9 257.29,
2024.08.27 18:15:00,3753,XAUUSD,sell,in,0.12,2516.06,3753,-0.42,0.00,0.00,9 256.87,RSIConsolidation SELL #M2025042
2024.08.27 18:45:04,3754,XAUUSD,buy,out,0.12,2512.74,3754,-0.42,0.00,39.84,9 296.29,
2024.08.27 19:00:00,3755,XAUUSD,sell,in,0.15,2512.18,3755,-0.53,0.00,0.00,9 295.76,RSIConsolidation SELL #M2025042
2024.08.27 19:00:00,3756,XAUUSD,buy,out,0.15,2512.23,3756,-0.53,0.00,-0.75,9 294.48,
2024.08.27 20:00:00,3757,XAUUSD,buy,in,0.01,2514.53,3757,-0.04,0.00,0.00,9 294.44,SimpleTrendline BUY #M26042503
2024.08.27 20:30:00,3758,XAUUSD,buy,in,0.01,2517.79,3758,-0.04,0.00,0.00,9 294.40,United SuperEMA long #M940001
2024.08.27 21:00:00,3759,XAUUSD,buy,in,0.77,2520.12,3759,-2.70,0.00,0.00,9 291.70,RSI Scalping Buy #M129102315
2024.08.27 21:02:27,3760,XAUUSD,sell,out,0.77,2520.44,3760,-2.70,0.00,24.64,9 313.64,sl 2520.46
2024.08.27 23:00:00,3761,XAUUSD,buy,in,0.23,2525.17,3761,-0.81,0.00,0.00,9 312.83,RSI Follow BUY #M1001
2024.08.27 23:00:00,3762,XAUUSD,buy,in,0.02,2525.13,3762,-0.07,0.00,0.00,9 312.76,WP Buy #M20260526
2024.08.28 01:15:07,3763,DE40,sell,out,0.3,18675.00,3763,0.00,-1.46,9.70,9 321.00,
2024.08.28 03:15:01,3764,XAUUSD,sell,out,0.01,2524.69,3764,-0.04,-0.52,6.90,9 327.34,
2024.08.28 05:00:06,3765,XAUUSD,sell,out,0.01,2517.07,3765,-0.04,-0.52,2.54,9 329.32,
2024.08.28 07:00:03,3766,XAUUSD,sell,in,0.23,2516.14,3766,-0.81,0.00,0.00,9 328.51,RSI Reverse SELL #M1002
2024.08.28 07:00:03,3767,XAUUSD,buy,out,0.23,2516.18,3767,-0.81,0.00,-0.92,9 326.78,
2024.08.28 08:07:24,3768,XAUUSD,sell,out,0.02,2510.17,3768,-0.07,-1.04,-29.92,9 295.75,sl 2510.17
2024.08.28 08:30:01,3769,DE40,buy,in,0.2,18718.50,3769,0.00,0.00,0.00,9 295.75,SimpleTrendline BUY #M26042502
2024.08.28 14:45:00,3770,XAUUSD,sell,in,0.01,2502.34,3770,-0.04,0.00,0.00,9 295.71,United SuperEMA short #M940001
2024.08.28 15:00:00,3771,XAUUSD,sell,out,0.23,2501.48,3771,-0.81,-11.93,-544.87,8 738.10,
2024.08.28 16:30:00,3772,XAUUSD,buy,out,0.01,2510.37,3772,-0.04,0.00,-8.03,8 730.03,
2024.08.28 18:00:00,3773,XAUUSD,buy,in,0.02,2507.63,3773,-0.07,0.00,0.00,8 729.96,SimpleTrendline BUY #M26042503
2024.08.28 19:00:00,3774,XAUUSD,sell,out,0.02,2506.23,3774,-0.07,0.00,-2.80,8 727.09,
2024.08.28 19:30:00,3775,DE40,sell,out,0.2,18783.00,3775,0.00,0.00,13.86,8 740.95,
2024.08.28 20:00:00,3776,XAUUSD,sell,in,0.03,2501.95,3776,-0.11,0.00,0.00,8 740.84,SimpleTrendline SELL #M26042503
2024.08.28 22:00:01,3777,XAUUSD,buy,out,0.03,2508.09,3777,-0.11,0.00,-18.42,8 722.31,
2024.08.28 23:00:00,3778,XAUUSD,sell,in,0.14,2507.83,3778,-0.49,0.00,0.00,8 721.82,RSIConsolidation SELL #M2025042
2024.08.28 23:38:44,3779,XAUUSD,buy,out,0.14,2503.03,3779,-0.49,0.00,67.20,8 788.53,tp 2503.18
2024.08.29 02:00:01,3780,XAUUSD,buy,in,0.03,2507.41,3780,-0.11,0.00,0.00,8 788.42,SimpleTrendline BUY #M26042503
2024.08.29 04:00:02,3781,DE40,sell,in,0.7,18771.40,3781,0.00,0.00,0.00,8 788.42,SimpleTrendline SELL #M26042502
2024.08.29 04:45:00,3782,XAUUSD,sell,in,0.14,2512.79,3782,-0.49,0.00,0.00,8 787.93,RSIConsolidation SELL #M2025042
2024.08.29 05:30:00,3783,DE40,buy,out,0.7,18765.90,3783,0.00,0.00,4.14,8 792.07,
2024.08.29 06:00:10,3784,DE40,buy,in,0.7,18776.90,3784,0.00,0.00,0.00,8 792.07,SimpleTrendline BUY #M26042502
2024.08.29 06:45:00,3785,XAUUSD,buy,in,0.01,2515.73,3785,-0.04,0.00,0.00,8 792.03,United SuperEMA long #M940001
2024.08.29 07:00:00,3786,XAUUSD,sell,in,0.21,2516.68,3786,-0.74,0.00,0.00,8 791.29,RSI Reverse SELL #M1002
2024.08.29 07:00:00,3787,XAUUSD,buy,out,0.21,2516.80,3787,-0.74,0.00,-2.52,8 788.03,
2024.08.29 07:00:00,3788,XAUUSD,buy,in,0.73,2516.78,3788,-2.56,0.00,0.00,8 785.47,RSI Scalping Buy #M129102315
2024.08.29 07:00:00,3789,XAUUSD,buy,in,0.02,2516.78,3789,-0.07,0.00,0.00,8 785.40,WP Buy #M20260526
2024.08.29 07:03:29,3790,XAUUSD,buy,out,0.14,2517.91,3790,-0.49,0.00,-71.68,8 713.23,sl 2517.75
2024.08.29 07:03:45,3791,XAUUSD,sell,out,0.73,2517.12,3791,-2.56,0.00,24.82,8 735.49,sl 2517.13
2024.08.29 10:45:01,3792,XAUUSD,sell,out,0.01,2515.75,3792,-0.04,0.00,0.02,8 735.47,
2024.08.29 15:14:10,3793,XAUUSD,sell,out,0.02,2516.90,3793,-0.07,0.00,0.24,8 735.64,sl 2516.90
2024.08.29 16:00:00,3794,XAUUSD,sell,out,0.03,2509.37,3794,-0.11,0.00,5.88,8 741.41,
2024.08.29 18:00:00,3795,XAUUSD,buy,in,0.72,2522.30,3795,-2.52,0.00,0.00,8 738.89,RSI Scalping Buy #M129102315
2024.08.29 18:00:49,3796,XAUUSD,sell,out,0.72,2522.29,3796,-2.52,0.00,-0.72,8 735.65,sl 2522.29
2024.08.29 18:45:00,3797,XAUUSD,sell,in,0.14,2522.15,3797,-0.49,0.00,0.00,8 735.16,RSIConsolidation SELL #M2025042
2024.08.29 21:45:00,3798,XAUUSD,buy,out,0.14,2523.57,3798,-0.49,0.00,-19.88,8 714.79,
2024.08.29 21:45:00,3799,DE40,sell,out,0.7,18845.10,3799,0.00,0.00,51.30,8 766.09,
2024.08.30 06:31:25,3800,DE40,sell,in,0.7,18866.30,3800,0.00,0.00,0.00,8 766.09,SimpleTrendline SELL #M26042502
2024.08.30 08:00:01,3801,DE40,buy,out,0.7,18873.80,3801,0.00,0.00,-5.64,8 760.45,
2024.08.30 09:00:00,3802,DE40,buy,in,0.3,18880.30,3802,0.00,0.00,0.00,8 760.45,SimpleTrendline BUY #M26042502
2024.08.30 10:00:00,3803,DE40,sell,out,0.3,18883.00,3803,0.00,0.00,0.87,8 761.32,
2024.08.30 18:00:00,3804,XTIUSD,sell,in,0.5,74.66,3804,0.00,0.00,0.00,8 761.32,WP Sell #M20260533
2024.08.30 18:00:00,3805,XBRUSD,sell,in,0.5,78.19,3805,0.00,0.00,0.00,8 761.32,WP Sell #M20260534
2024.09.02 08:15:00,3806,DE40,sell,in,0.7,18919.30,3806,0.00,0.00,0.00,8 761.32,SimpleTrendline SELL #M26042502
2024.09.02 08:30:06,3807,DE40,buy,out,0.7,18928.80,3807,0.00,0.00,-7.15,8 754.17,
2024.09.02 08:45:16,3808,DE40,buy,in,0.7,18936.30,3808,0.00,0.00,0.00,8 754.17,SimpleTrendline BUY #M26042502
2024.09.02 09:00:00,3809,DE40,sell,out,0.7,18924.80,3809,0.00,0.00,-8.65,8 745.52,
2024.09.02 11:56:01,3810,XBRUSD,buy,out,0.5,78.13,3810,0.00,-16.99,3.00,8 731.53,sl 78.13
2024.09.02 11:56:01,3811,XTIUSD,buy,out,0.5,74.47,3811,0.00,-21.83,9.50,8 719.20,sl 74.47
2024.09.03 03:30:06,3812,DE40,buy,in,0.2,18937.80,3812,0.00,0.00,0.00,8 719.20,SimpleTrendline BUY #M26042502
2024.09.03 06:12:03,3813,AUDUSD,buy,in,0.46,0.67558,3813,-1.61,0.00,0.00,8 717.59,RSI Oversold Crossover Buy #M30
2024.09.03 06:15:01,3814,DE40,sell,out,0.2,18921.30,3814,0.00,0.00,-3.55,8 714.04,
2024.09.03 07:15:35,3815,DE40,buy,in,0.2,18934.80,3815,0.00,0.00,0.00,8 714.04,SimpleTrendline BUY #M26042502
2024.09.03 08:00:00,3816,AUDUSD,sell,out,0.46,0.67422,3816,-1.61,0.00,-62.56,8 649.87,
2024.09.03 11:30:01,3817,DE40,sell,out,0.2,18909.50,3817,0.00,0.00,-5.44,8 644.43,
2024.09.03 16:00:00,3818,XTIUSD,sell,in,0.5,72.65,3818,0.00,0.00,0.00,8 644.43,WP Sell #M20260533
2024.09.03 16:00:00,3819,XBRUSD,sell,in,0.5,76.34,3819,0.00,0.00,0.00,8 644.43,WP Sell #M20260534
2024.09.03 19:00:21,3820,BTCUSD,sell,in,0.01,57729.80,3820,0.00,0.00,0.00,8 644.43,WP Sell #M20260527
2024.09.03 22:20:39,3821,BTCUSD,buy,out,0.01,58216.71,3821,0.00,0.00,-4.87,8 639.56,sl 58215.40
2024.09.04 11:31:42,3822,XBRUSD,buy,out,0.5,74.48,3822,0.00,-5.66,93.00,8 726.90,sl 74.48
2024.09.04 11:31:48,3823,XTIUSD,buy,out,0.5,70.70,3823,0.00,-7.28,97.50,8 817.12,sl 70.70
2024.09.04 14:30:00,3824,DE40,sell,in,0.3,18586.10,3824,0.00,0.00,0.00,8 817.12,SimpleTrendline SELL #M26042502
2024.09.04 14:45:03,3825,DE40,buy,out,0.3,18589.60,3825,0.00,0.00,-1.13,8 815.99,
2024.09.04 15:45:00,3826,DE40,buy,in,0.3,18616.10,3826,0.00,0.00,0.00,8 815.99,SimpleTrendline BUY #M26042502
2024.09.04 16:00:00,3827,DE40,sell,out,0.3,18605.60,3827,0.00,0.00,-3.39,8 812.60,
2024.09.04 17:00:00,3828,AUDUSD,buy,in,0.13,0.67331,3828,-0.46,0.00,0.00,8 812.14,WP Buy #M20260525
2024.09.04 18:25:28,3829,AUDUSD,sell,out,0.13,0.67255,3829,-0.46,0.00,-9.88,8 801.80,sl 0.67255
2024.09.04 18:45:01,3830,DE40,sell,in,0.3,18572.30,3830,0.00,0.00,0.00,8 801.80,SimpleTrendline SELL #M26042502
2024.09.04 20:15:14,3831,DE40,buy,out,0.3,18591.10,3831,0.00,0.00,-6.06,8 795.74,
2024.09.04 20:30:00,3832,DE40,sell,in,0.2,18575.30,3832,0.00,0.00,0.00,8 795.74,SimpleTrendline SELL #M26042502
2024.09.05 04:00:04,3833,DE40,buy,out,0.2,18580.00,3833,0.00,-0.33,-1.01,8 794.40,
2024.09.05 21:00:00,3834,XTIUSD,sell,in,0.5,69.44,3834,0.00,0.00,0.00,8 794.40,WP Sell #M20260533
2024.09.06 05:30:01,3835,DE40,sell,in,0.1,18588.70,3835,0.00,0.00,0.00,8 794.40,SimpleTrendline SELL #M26042502
2024.09.06 05:45:21,3836,DE40,buy,out,0.1,18604.70,3836,0.00,0.00,-1.72,8 792.68,
2024.09.06 06:00:05,3837,DE40,buy,in,0.1,18603.20,3837,0.00,0.00,0.00,8 792.68,SimpleTrendline BUY #M26042502
2024.09.06 06:30:06,3838,DE40,sell,out,0.1,18596.70,3838,0.00,0.00,-0.70,8 791.98,
2024.09.06 07:00:07,3839,DE40,sell,in,0.1,18575.20,3839,0.00,0.00,0.00,8 791.98,SimpleTrendline SELL #M26042502
2024.09.06 07:15:10,3840,DE40,buy,out,0.1,18586.70,3840,0.00,0.00,-1.24,8 790.74,
2024.09.06 08:45:00,3841,DE40,sell,in,0.1,18558.70,3841,0.00,0.00,0.00,8 790.74,SimpleTrendline SELL #M26042502
2024.09.06 09:00:00,3842,DE40,buy,out,0.1,18578.70,3842,0.00,0.00,-2.15,8 788.59,
2024.09.06 20:00:04,3843,BTCUSD,sell,in,0.01,54024.75,3843,0.00,0.00,0.00,8 788.59,WP Sell #M20260527
2024.09.06 20:55:47,3844,BTCUSD,buy,out,0.01,54004.01,3844,0.00,0.00,0.21,8 788.80,sl 53997.28
2024.09.06 21:01:23,3845,BTCUSD,sell,in,0.02,53865.34,3845,0.00,0.00,0.00,8 788.80,WP Sell #M20260527
2024.09.06 21:58:36,3846,XTIUSD,buy,out,0.5,68.60,3846,0.00,-7.28,42.00,8 823.52,sl 68.60
2024.09.06 22:02:44,3847,BTCUSD,buy,out,0.02,53609.45,3847,0.00,0.00,5.12,8 828.64,sl 53604.49
2024.09.09 04:30:05,3848,DE40,sell,in,0.1,18335.50,3848,0.00,0.00,0.00,8 828.64,SimpleTrendline SELL #M26042502
2024.09.09 06:15:10,3849,DE40,buy,out,0.1,18336.00,3849,0.00,0.00,-0.05,8 828.59,
2024.09.09 15:45:00,3850,DE40,buy,in,0.1,18368.30,3850,0.00,0.00,0.00,8 828.59,SimpleTrendline BUY #M26042502
2024.09.09 16:15:01,3851,DE40,sell,out,0.1,18377.80,3851,0.00,0.00,1.02,8 829.61,
2024.09.09 16:45:00,3852,DE40,buy,in,0.1,18406.30,3852,0.00,0.00,0.00,8 829.61,SimpleTrendline BUY #M26042502
2024.09.09 23:00:00,3853,BTCUSD,buy,in,0.73,57108.43,3853,0.00,0.00,0.00,8 829.61,RSI Scalping Buy #M123459123
2024.09.09 23:00:06,3854,BTCUSD,sell,out,0.73,57123.92,3854,0.00,0.00,11.31,8 840.92,sl 57127.26
2024.09.10 01:00:00,3855,BTCUSD,buy,in,0.73,57485.93,3855,0.00,0.00,0.00,8 840.92,RSI Scalping Buy #M123459123
2024.09.10 01:00:05,3856,BTCUSD,sell,out,0.73,57508.66,3856,0.00,0.00,16.59,8 857.51,sl 57511.27
2024.09.10 05:15:01,3857,DE40,sell,out,0.1,18451.80,3857,0.00,-0.49,4.89,8 861.91,
2024.09.10 06:45:26,3858,DE40,sell,in,0.3,18442.80,3858,0.00,0.00,0.00,8 861.91,SimpleTrendline SELL #M26042502
2024.09.10 08:30:05,3859,DE40,buy,out,0.3,18444.80,3859,0.00,0.00,-0.64,8 861.27,
2024.09.10 19:00:00,3860,XBRUSD,sell,in,0.5,69.71,3860,0.00,0.00,0.00,8 861.27,WP Sell #M20260534
2024.09.10 20:00:00,3861,XTIUSD,sell,in,0.5,66.03,3861,0.00,0.00,0.00,8 861.27,WP Sell #M20260533
2024.09.10 23:30:01,3862,DE40,sell,in,0.1,18309.00,3862,0.00,0.00,0.00,8 861.27,SimpleTrendline SELL #M26042502
2024.09.11 01:15:02,3863,DE40,buy,out,0.1,18320.20,3863,0.00,-0.17,-1.20,8 859.90,
2024.09.11 05:00:13,3864,DE40,sell,in,0.1,18279.20,3864,0.00,0.00,0.00,8 859.90,SimpleTrendline SELL #M26042502
2024.09.11 05:30:09,3865,DE40,buy,out,0.1,18291.70,3865,0.00,0.00,-1.34,8 858.56,
2024.09.11 09:30:06,3866,DE40,buy,in,0.1,18344.40,3866,0.00,0.00,0.00,8 858.56,SimpleTrendline BUY #M26042502
2024.09.11 10:41:59,3867,XBRUSD,buy,out,0.5,71.17,3867,0.00,-5.66,-73.00,8 779.90,sl 71.17
2024.09.11 11:30:09,3868,XTIUSD,buy,out,0.5,67.52,3868,0.00,-7.28,-74.50,8 698.12,sl 67.52
2024.09.11 11:45:01,3869,DE40,sell,out,0.1,18278.10,3869,0.00,0.00,-7.12,8 691.00,
2024.09.11 17:30:00,3870,DE40,sell,in,0.1,18236.00,3870,0.00,0.00,0.00,8 691.00,SimpleTrendline SELL #M26042502
2024.09.11 18:00:00,3871,DE40,buy,out,0.1,18271.10,3871,0.00,0.00,-3.77,8 687.23,
2024.09.12 20:00:00,3872,DE40,buy,in,0.1,18553.90,3872,0.00,0.00,0.00,8 687.23,SimpleTrendline BUY #M26042502
2024.09.13 09:15:01,3873,DE40,sell,out,0.1,18561.40,3873,0.00,-0.49,0.81,8 687.55,
2024.09.13 10:30:00,3874,DE40,buy,in,0.1,18650.90,3874,0.00,0.00,0.00,8 687.55,SimpleTrendline BUY #M26042502
2024.09.13 21:00:02,3875,XTIUSD,sell,in,0.5,69.00,3875,0.00,0.00,0.00,8 687.55,WP Sell #M20260533
2024.09.16 01:15:07,3876,DE40,sell,out,0.1,18681.10,3876,0.00,-1.46,3.25,8 689.34,
2024.09.16 02:00:00,3877,XAUUSD,buy,in,0.36,2580.19,3877,-1.26,0.00,0.00,8 688.08,EMA Crossover Trade BUY #M12350
2024.09.16 04:30:00,3878,XAUUSD,buy,in,0.01,2582.39,3878,-0.04,0.00,0.00,8 688.04,United SuperEMA long #M940001
2024.09.16 06:12:11,3879,XAUUSD,sell,out,0.36,2585.15,3879,-1.26,0.00,178.56,8 865.34,sl 2585.16
2024.09.16 07:00:00,3880,XAUUSD,buy,in,0.36,2586.44,3880,-1.26,0.00,0.00,8 864.08,EMA Crossover Trade BUY #M12350
2024.09.16 09:00:00,3881,DE40,buy,in,0.1,18700.80,3881,0.00,0.00,0.00,8 864.08,SimpleTrendline BUY #M26042502
2024.09.16 09:15:02,3882,DE40,sell,out,0.1,18662.50,3882,0.00,0.00,-4.12,8 859.96,
2024.09.16 09:56:42,3883,XAUUSD,sell,out,0.36,2585.91,3883,-1.26,0.00,-19.08,8 839.62,sl 2585.91
2024.09.16 10:00:00,3884,XAUUSD,buy,in,0.36,2585.65,3884,-1.26,0.00,0.00,8 838.36,EMA Crossover Trade BUY #M12350
2024.09.16 10:00:00,3885,XAUUSD,sell,in,0.73,2585.50,3885,-2.56,0.00,0.00,8 835.80,RSI Scalping Sell #M129102315
2024.09.16 10:00:11,3886,XAUUSD,buy,out,0.73,2585.32,3886,-2.56,0.00,13.14,8 846.38,sl 2585.30
2024.09.16 10:12:00,3887,XAUUSD,sell,out,0.36,2581.90,3887,-1.26,0.00,-135.00,8 710.12,sl 2581.96
2024.09.16 10:15:00,3888,XAUUSD,sell,out,0.01,2581.92,3888,-0.04,0.00,-0.47,8 709.61,
2024.09.16 12:00:00,3889,XAUUSD,buy,in,0.18,2586.95,3889,-0.63,0.00,0.00,8 708.98,EMA Crossover Trade BUY #M12350
2024.09.16 12:00:00,3890,XAUUSD,buy,in,0.07,2586.90,3890,-0.25,0.00,0.00,8 708.73,SimpleTrendline BUY #M26042503
2024.09.16 12:42:04,3891,XAUUSD,sell,out,0.18,2584.67,3891,-0.63,0.00,-41.04,8 667.06,sl 2584.67
2024.09.16 14:00:00,3892,XAUUSD,sell,out,0.07,2579.87,3892,-0.25,0.00,-49.21,8 617.60,
2024.09.16 14:00:00,3893,XAUUSD,sell,in,0.07,2579.86,3893,-0.25,0.00,0.00,8 617.35,SimpleTrendline SELL #M26042503
2024.09.16 15:00:00,3894,XAUUSD,buy,in,0.57,2583.23,3894,-2.00,0.00,0.00,8 615.35,RSI Scalping Buy #M129102315
2024.09.16 16:00:00,3895,XAUUSD,buy,out,0.07,2583.61,3895,-0.25,0.00,-26.25,8 588.85,
2024.09.16 16:00:46,3896,XAUUSD,sell,out,0.57,2584.27,3896,-2.00,0.00,59.28,8 646.13,sl 2584.27
2024.09.16 16:13:03,3897,XTIUSD,buy,out,0.5,70.50,3897,0.00,-21.83,-75.00,8 549.30,sl 70.50
2024.09.16 17:00:00,3898,XAUUSD,buy,in,0.01,2588.35,3898,-0.04,0.00,0.00,8 549.26,United SuperEMA long #M940001
2024.09.16 17:30:00,3899,XAUUSD,sell,out,0.01,2578.99,3899,-0.04,0.00,-9.36,8 539.86,
2024.09.16 20:00:00,3900,DE40,sell,in,0.1,18649.60,3900,0.00,0.00,0.00,8 539.86,SimpleTrendline SELL #M26042502
2024.09.16 20:15:07,3901,DE40,buy,out,0.1,18653.90,3901,0.00,0.00,-0.46,8 539.40,
2024.09.16 20:45:00,3902,DE40,buy,in,0.1,18686.90,3902,0.00,0.00,0.00,8 539.40,SimpleTrendline BUY #M26042502
2024.09.16 23:00:00,3903,XAUUSD,buy,in,0.01,2582.63,3903,-0.04,0.00,0.00,8 539.36,United SuperEMA long #M940001
2024.09.16 23:00:00,3904,XAUUSD,buy,in,0.07,2582.60,3904,-0.25,0.00,0.00,8 539.11,SimpleTrendline BUY #M26042503
2024.09.17 03:16:09,3905,DE40,sell,out,0.1,18702.30,3905,0.00,-0.49,1.65,8 540.27,
2024.09.17 03:30:00,3906,XAUUSD,sell,out,0.01,2582.40,3906,-0.04,-0.52,-0.23,8 539.48,
2024.09.17 04:00:00,3907,XAUUSD,sell,out,0.07,2580.30,3907,-0.25,-3.63,-16.10,8 519.50,
2024.09.17 04:00:00,3908,XAUUSD,sell,in,0.07,2580.30,3908,-0.25,0.00,0.00,8 519.25,SimpleTrendline SELL #M26042503
2024.09.17 05:00:00,3909,XAUUSD,buy,out,0.07,2582.68,3909,-0.25,0.00,-16.66,8 502.34,
2024.10.01 04:00:01,3910,XAUUSD,buy,in,0.07,2636.59,3910,-0.25,0.00,0.00,8 502.09,SimpleTrendline BUY #M26042503
2024.10.01 10:00:00,3911,XAUUSD,buy,in,0.02,2645.56,3911,-0.07,0.00,0.00,8 502.02,WP Buy #M20260526
2024.10.01 12:00:00,3912,XAUUSD,buy,in,0.14,2646.65,3912,-0.49,0.00,0.00,8 501.53,United SuperEMA long #M940001
2024.10.01 13:00:00,3913,XAUUSD,buy,in,0.7,2648.76,3913,-2.45,0.00,0.00,8 499.08,RSI Scalping Buy #M129102315
2024.10.01 13:10:09,3914,XAUUSD,sell,out,0.7,2649.28,3914,-2.45,0.00,36.40,8 533.03,sl 2649.29
2024.10.01 13:15:01,3915,DE40,buy,in,0.1,19383.90,3915,0.00,0.00,0.00,8 533.03,SimpleTrendline BUY #M26042502
2024.10.01 13:45:00,3916,DE40,sell,out,0.1,19379.70,3916,0.00,0.00,-0.45,8 532.58,
2024.10.01 14:15:01,3917,DE40,buy,in,0.1,19409.70,3917,0.00,0.00,0.00,8 532.58,SimpleTrendline BUY #M26042502
2024.10.01 16:08:33,3918,XAUUSD,sell,out,0.02,2649.23,3918,-0.07,0.00,7.34,8 539.85,sl 2649.23
2024.10.01 16:15:00,3919,XAUUSD,sell,out,0.14,2650.10,3919,-0.49,0.00,48.30,8 587.66,
2024.10.01 16:45:00,3920,XAUUSD,buy,in,0.14,2662.64,3920,-0.49,0.00,0.00,8 587.17,United SuperEMA long #M940001
2024.10.01 16:45:00,3921,DE40,sell,out,0.1,19285.20,3921,0.00,0.00,-13.38,8 573.79,
2024.10.01 17:00:00,3922,XAUUSD,buy,in,0.35,2668.65,3922,-1.23,0.00,0.00,8 572.56,EMA Crossover Trade BUY #M12350
2024.10.01 17:00:00,3923,DE40,sell,in,0.1,19275.20,3923,0.00,0.00,0.00,8 572.56,SimpleTrendline SELL #M26042502
2024.10.01 17:04:09,3924,XAUUSD,sell,out,0.35,2666.16,3924,-1.23,0.00,-87.15,8 484.18,sl 2666.17
2024.10.01 18:00:00,3925,XAUUSD,sell,in,0.7,2659.26,3925,-2.45,0.00,0.00,8 481.73,RSI Scalping Sell #M129102315
2024.10.01 18:01:22,3926,XAUUSD,buy,out,0.7,2658.71,3926,-2.45,0.00,38.50,8 517.78,sl 2658.70
2024.10.01 20:45:01,3927,DE40,buy,out,0.1,19184.50,3927,0.00,0.00,9.75,8 527.53,
2024.10.01 21:00:00,3928,XAUUSD,sell,out,0.14,2662.46,3928,-0.49,0.00,-2.52,8 524.52,
2024.10.02 04:00:00,3929,XAUUSD,sell,out,0.07,2657.54,3929,-0.25,-3.63,146.65,8 667.29,
2024.10.02 04:00:00,3930,XAUUSD,sell,in,0.07,2657.46,3930,-0.25,0.00,0.00,8 667.04,SimpleTrendline SELL #M26042503
2024.10.02 05:00:00,3931,XAUUSD,buy,in,0.72,2660.60,3931,-2.52,0.00,0.00,8 664.52,RSI Scalping Buy #M129102315
2024.10.02 05:00:00,3932,XAUUSD,buy,out,0.07,2660.61,3932,-0.25,0.00,-22.05,8 642.22,
2024.10.02 05:06:03,3933,XAUUSD,sell,out,0.72,2660.44,3933,-2.52,0.00,-11.52,8 628.18,sl 2660.45
2024.10.02 07:00:02,3934,XAUUSD,sell,in,0.01,2655.34,3934,-0.04,0.00,0.00,8 628.14,SimpleTrendline SELL #M26042503
2024.10.02 08:30:00,3935,XAUUSD,sell,in,0.01,2649.21,3935,-0.04,0.00,0.00,8 628.10,United SuperEMA short #M940001
2024.10.02 10:30:02,3936,XAUUSD,buy,out,0.01,2652.71,3936,-0.04,0.00,-3.50,8 624.56,
2024.10.02 11:00:00,3937,XAUUSD,buy,out,0.01,2655.49,3937,-0.04,0.00,-0.15,8 624.37,
2024.10.02 12:00:00,3938,XAUUSD,sell,in,0.01,2652.49,3938,-0.04,0.00,0.00,8 624.33,SimpleTrendline SELL #M26042503
2024.10.02 15:30:00,3939,XAUUSD,sell,in,0.01,2645.52,3939,-0.04,0.00,0.00,8 624.29,United SuperEMA short #M940001
2024.10.02 16:15:00,3940,XAUUSD,buy,out,0.01,2651.18,3940,-0.04,0.00,-5.66,8 618.59,
2024.10.02 17:00:00,3941,XAUUSD,buy,in,0.57,2659.73,3941,-2.00,0.00,0.00,8 616.59,RSI Scalping Buy #M129102315
2024.10.02 17:00:00,3942,XAUUSD,buy,out,0.01,2659.73,3942,-0.04,0.00,-7.24,8 609.31,
2024.10.02 17:05:36,3943,XAUUSD,sell,out,0.57,2662.63,3943,-2.00,0.00,165.30,8 772.61,sl 2662.64
2024.10.02 19:00:00,3944,BTCUSD,buy,in,0.51,61892.70,3944,0.00,0.00,0.00,8 772.61,SimpleTrendline BUY #M26042501
2024.10.02 22:00:00,3945,BTCUSD,sell,out,0.51,60741.55,3945,0.00,0.00,-587.09,8 185.52,
2024.11.01 04:30:00,3946,DE40,sell,in,0.6,19076.00,3946,0.00,0.00,0.00,8 185.52,SimpleTrendline SELL #M26042502
2024.11.01 06:00:21,3947,DE40,buy,out,0.6,19077.50,3947,0.00,0.00,-0.97,8 184.55,
2024.11.01 10:45:00,3948,XAUUSD,sell,in,0.13,2747.26,3948,-0.46,0.00,0.00,8 184.09,United SuperEMA short #M940001
2024.11.01 11:30:00,3949,XAUUSD,buy,out,0.13,2754.19,3949,-0.46,0.00,-90.09,8 093.54,
2024.11.01 12:00:00,3950,XAUUSD,buy,in,0.06,2753.52,3950,-0.21,0.00,0.00,8 093.33,SimpleTrendline BUY #M26042503
2024.11.01 13:45:00,3951,XAUUSD,sell,in,0.13,2747.13,3951,-0.46,0.00,0.00,8 092.87,United SuperEMA short #M940001
2024.11.01 14:15:00,3952,XAUUSD,buy,out,0.13,2751.66,3952,-0.46,0.00,-58.89,8 033.52,
2024.11.01 17:45:00,3953,XAUUSD,sell,in,0.1,2740.08,3953,-0.35,0.00,0.00,8 033.17,United SuperEMA short #M940001
2024.11.01 18:00:00,3954,XAUUSD,sell,out,0.06,2747.37,3954,-0.21,0.00,-36.90,7 996.06,
2024.11.01 18:00:43,3955,BTCUSD,buy,in,0.01,71291.57,3955,0.00,0.00,0.00,7 996.06,WP Buy #M20260527
2024.11.01 18:20:53,3956,BTCUSD,sell,out,0.01,70780.28,3956,0.00,0.00,-5.11,7 990.95,sl 70791.14
2024.11.01 19:00:00,3957,XAUUSD,sell,in,0.05,2744.77,3957,-0.18,0.00,0.00,7 990.77,SimpleTrendline SELL #M26042503
2024.11.01 21:00:01,3958,XBRUSD,sell,in,0.5,73.65,3958,0.00,0.00,0.00,7 990.77,WP Sell #M20260534
2024.11.01 23:00:01,3959,XTIUSD,sell,in,0.5,69.81,3959,0.00,0.00,0.00,7 990.77,WP Sell #M20260533
2024.11.04 00:02:46,3960,EURUSD,sell,in,0.26,1.08806,3960,-0.91,0.00,0.00,7 989.86,RSI Overbought Crossover Sell #
2024.11.04 00:09:03,3961,BTCUSD,buy,in,0.01,69282.09,3961,0.00,0.00,0.00,7 989.86,WP Buy #M20260527
2024.11.04 00:42:59,3962,BTCUSD,sell,out,0.01,68764.49,3962,0.00,0.00,-5.18,7 984.68,sl 68767.69
2024.11.04 01:30:00,3963,XAUUSD,buy,out,0.1,2739.41,3963,-0.35,4.48,6.70,7 995.51,
2024.11.04 01:30:00,3964,DE40,buy,in,0.6,19218.50,3964,0.00,0.00,0.00,7 995.51,SimpleTrendline BUY #M26042502
2024.11.04 02:00:00,3965,XAUUSD,buy,out,0.05,2738.51,3965,-0.18,2.24,31.30,8 028.87,
2024.11.04 02:00:00,3966,DE40,sell,out,0.6,19204.50,3966,0.00,0.00,-9.13,8 019.74,
2024.11.04 02:16:30,3967,EURUSD,buy,out,0.26,1.08699,3967,-0.91,0.00,27.82,8 046.65,
2024.11.04 03:15:46,3968,EURUSD,sell,in,0.33,1.08824,3968,-1.16,0.00,0.00,8 045.49,RSI Overbought Crossover Sell #
2024.11.04 03:30:03,3969,DE40,buy,in,0.6,19239.00,3969,0.00,0.00,0.00,8 045.49,SimpleTrendline BUY #M26042502
2024.11.04 06:00:00,3970,XAUUSD,sell,in,0.13,2741.03,3970,-0.46,0.00,0.00,8 045.03,RSIConsolidation SELL #M2025042
2024.11.04 06:30:01,3971,XAUUSD,buy,out,0.13,2740.00,3971,-0.46,0.00,13.39,8 057.96,
2024.11.04 07:00:01,3972,XAUUSD,sell,in,0.2,2741.06,3972,-0.70,0.00,0.00,8 057.26,RSI Reverse SELL #M1002
2024.11.04 07:45:08,3973,XAUUSD,sell,in,0.13,2739.35,3973,-0.46,0.00,0.00,8 056.80,RSIConsolidation SELL #M2025042
2024.11.04 07:45:08,3974,XAUUSD,buy,out,0.13,2739.46,3974,-0.46,0.00,-1.43,8 054.91,
2024.11.04 08:30:00,3975,XAUUSD,sell,in,0.13,2738.40,3975,-0.46,0.00,0.00,8 054.45,United SuperEMA short #M940001
2024.11.04 09:15:00,3976,XAUUSD,buy,out,0.13,2742.78,3976,-0.46,0.00,-56.94,7 997.05,
2024.11.04 10:00:00,3977,XAUUSD,sell,in,0.13,2735.85,3977,-0.46,0.00,0.00,7 996.59,United SuperEMA short #M940001
2024.11.04 10:00:00,3978,DE40,sell,out,0.6,19236.30,3978,0.00,0.00,-1.76,7 994.83,
2024.11.04 10:14:17,3979,XTIUSD,buy,out,0.5,71.31,3979,0.00,-21.83,-75.00,7 898.00,sl 71.31
2024.11.04 10:38:22,3980,XBRUSD,buy,out,0.5,75.15,3980,0.00,-16.99,-75.00,7 806.01,sl 75.15
2024.11.04 11:30:00,3981,XAUUSD,buy,out,0.13,2741.19,3981,-0.46,0.00,-69.42,7 736.13,
2024.11.04 16:00:00,3982,XAUUSD,buy,out,0.2,2746.85,3982,-0.70,0.00,-115.80,7 619.63,
2024.11.06 01:12:44,3983,EURUSD,buy,out,0.33,1.09212,3983,-1.16,1.18,-128.04,7 491.61,
2024.12.02 02:45:00,3984,XAUUSD,sell,in,0.09,2632.83,3984,-0.32,0.00,0.00,7 491.29,United SuperEMA short #M940001
2024.12.02 03:00:00,3985,XAUUSD,buy,in,0.14,2637.80,3985,-0.49,0.00,0.00,7 490.80,RSI Follow BUY #M1001
2024.12.02 05:00:00,3986,XAUUSD,sell,out,0.14,2626.96,3986,-0.49,0.00,-151.76,7 338.55,
2024.12.02 05:00:00,3987,EURUSD,sell,in,0.08,1.05254,3987,-0.28,0.00,0.00,7 338.27,WP Sell #M20260524
2024.12.02 07:00:00,3988,XAUUSD,sell,in,0.14,2628.65,3988,-0.49,0.00,0.00,7 337.78,RSI Reverse SELL #M1002
2024.12.02 09:15:00,3989,XAUUSD,buy,out,0.09,2629.67,3989,-0.32,0.00,28.44,7 365.90,
2024.12.02 10:15:00,3990,XAUUSD,sell,in,0.12,2630.66,3990,-0.42,0.00,0.00,7 365.48,RSIConsolidation SELL #M2025042
2024.12.02 11:00:00,3991,XAUUSD,buy,out,0.12,2629.46,3991,-0.42,0.00,14.40,7 379.46,
2024.12.02 12:15:00,3992,XAUUSD,sell,in,0.12,2636.44,3992,-0.42,0.00,0.00,7 379.04,RSIConsolidation SELL #M2025042
2024.12.02 13:00:00,3993,XAUUSD,buy,out,0.14,2635.97,3993,-0.49,0.00,-102.48,7 276.07,
2024.12.02 13:13:25,3994,EURUSD,buy,out,0.08,1.05259,3994,-0.28,0.00,-0.40,7 275.39,sl 1.05259
2024.12.02 13:21:23,3995,XAUUSD,buy,out,0.12,2643.08,3995,-0.42,0.00,-79.68,7 195.29,sl 2643.08
2025.01.02 11:33:42,3996,BTCUSD,buy,in,0.01,96258.06,3996,0.00,0.00,0.00,7 195.29,WP Buy #M20260527
2025.01.02 12:00:00,3997,BTCUSD,buy,in,0.59,96535.88,3997,0.00,0.00,0.00,7 195.29,RSI Scalping Buy #M123459123
2025.01.02 12:00:02,3998,BTCUSD,sell,out,0.59,96529.57,3998,0.00,0.00,-3.72,7 191.57,sl 96538.37
2025.01.02 12:30:00,3999,DE40,buy,in,0.5,19885.60,3999,0.00,0.00,0.00,7 191.57,SimpleTrendline BUY #M26042502
2025.01.02 13:00:00,4000,DE40,sell,out,0.5,19861.10,4000,0.00,0.00,-12.89,7 178.68,
2025.01.02 13:22:44,4001,BTCUSD,sell,out,0.01,96463.26,4001,0.00,0.00,2.05,7 180.73,sl 96464.06
2025.01.02 17:00:00,4002,EURUSD,sell,in,0.1,1.03039,4002,-0.35,0.00,0.00,7 180.38,WP Sell #M20260524
2025.01.02 17:00:00,4003,BTCUSD,buy,in,0.59,97218.18,4003,0.00,0.00,0.00,7 180.38,RSI Scalping Buy #M123459123
2025.01.02 17:00:04,4004,BTCUSD,sell,out,0.59,97214.59,4004,0.00,0.00,-2.12,7 178.26,sl 97227.76
2025.01.02 18:07:46,4005,EURUSD,buy,out,0.1,1.02546,4005,-0.35,0.00,49.30,7 227.21,sl 1.02546
2025.01.02 20:45:00,4006,DE40,buy,in,0.6,19933.70,4006,0.00,0.00,0.00,7 227.21,SimpleTrendline BUY #M26042502
2025.01.02 21:00:00,4007,DE40,sell,out,0.6,19924.90,4007,0.00,0.00,-5.41,7 221.80,
2025.01.02 23:30:03,4008,DE40,buy,in,0.6,19985.30,4008,0.00,0.00,0.00,7 221.80,SimpleTrendline BUY #M26042502
2025.01.02 23:45:10,4009,DE40,sell,out,0.6,19966.70,4009,0.00,0.00,-11.44,7 210.36,
2025.01.03 11:30:01,4010,DE40,buy,in,0.6,19971.00,4010,0.00,0.00,0.00,7 210.36,SimpleTrendline BUY #M26042502
2025.01.03 12:15:01,4011,DE40,sell,out,0.6,19938.50,4011,0.00,0.00,-20.00,7 190.36,
2025.01.03 21:00:00,4012,BTCUSD,buy,in,0.59,98501.84,4012,0.00,0.00,0.00,7 190.36,RSI Scalping Buy #M123459123
2025.01.03 21:00:08,4013,BTCUSD,sell,out,0.59,98524.97,4013,0.00,0.00,13.65,7 204.01,sl 98527.64
2025.01.03 22:34:51,4014,BTCUSD,buy,in,0.01,98531.97,4014,0.00,0.00,0.00,7 204.01,WP Buy #M20260527
2025.01.04 01:31:05,4015,BTCUSD,sell,out,0.01,98022.77,4015,0.00,0.00,-5.09,7 198.92,sl 98031.97
2025.01.06 04:13:13,4016,EURUSD,sell,in,0.29,1.03175,4016,-1.02,0.00,0.00,7 197.90,RSI Overbought Crossover Sell #
2025.01.06 07:44:54,4017,EURUSD,buy,out,0.29,1.03128,4017,-1.02,0.00,13.63,7 210.51,
2025.01.06 08:09:46,4018,BTCUSD,buy,in,0.01,99541.59,4018,0.00,0.00,0.00,7 210.51,WP Buy #M20260527
2025.01.06 10:41:43,4019,BTCUSD,sell,out,0.01,99036.06,4019,0.00,0.00,-5.06,7 205.45,sl 99041.59
2025.01.06 13:15:00,4020,DE40,buy,in,0.6,20045.60,4020,0.00,0.00,0.00,7 205.45,SimpleTrendline BUY #M26042502
2025.01.06 17:00:00,4021,BTCUSD,buy,in,0.6,100751.41,4021,0.00,0.00,0.00,7 205.45,RSI Scalping Buy #M123459123
2025.01.06 17:00:00,4022,BTCUSD,sell,out,0.6,100751.52,4022,0.00,0.00,0.07,7 205.52,sl 100752.68
2025.01.06 19:00:01,4023,TSLA.NAS,sell,in,90,408.83,4023,-1.80,0.00,0.00,7 203.72,RSI Scalping Sell #M125421321
2025.01.06 19:00:49,4024,BTCUSD,buy,in,0.01,102097.37,4024,0.00,0.00,0.00,7 203.72,WP Buy #M20260527
2025.01.06 19:39:37,4025,BTCUSD,sell,out,0.01,101605.24,4025,0.00,0.00,-4.92,7 198.80,sl 101605.45
2025.01.06 22:15:05,4026,DE40,sell,out,0.6,20120.70,4026,0.00,0.00,46.47,7 245.27,
2025.01.06 23:15:00,4027,DE40,buy,in,0.1,20151.90,4027,0.00,0.00,0.00,7 245.27,SimpleTrendline BUY #M26042502
2025.01.07 01:15:02,4028,DE40,sell,out,0.1,20152.80,4028,0.00,-0.47,0.09,7 244.89,
2025.01.07 10:00:00,4029,DE40,buy,in,0.1,20185.80,4029,0.00,0.00,0.00,7 244.89,SimpleTrendline BUY #M26042502
2025.01.07 10:15:00,4030,DE40,sell,out,0.1,20169.30,4030,0.00,0.00,-1.70,7 243.19,
2025.01.07 17:00:00,4031,NVDA.NAS,sell,in,60.3,146.20,4031,-1.21,0.00,0.00,7 241.98,RSI Scalping Sell #M20003
2025.01.07 17:15:00,4032,NVDA.NAS,buy,out,60.3,145.44,4032,-1.21,0.00,45.83,7 286.60,
2025.01.07 20:15:00,4033,NVDA.NAS,buy,in,60.7,143.23,4033,-1.21,0.00,0.00,7 285.39,RSI Scalping Buy #M20003
2025.01.07 22:00:00,4034,NVDA.NAS,sell,out,60.7,141.24,4034,-1.21,0.00,-120.79,7 163.39,
2025.01.07 23:15:00,4035,DE40,buy,in,0.1,20306.30,4035,0.00,0.00,0.00,7 163.39,SimpleTrendline BUY #M26042502
2025.01.07 23:45:01,4036,DE40,sell,out,0.1,20299.90,4036,0.00,0.00,-0.66,7 162.73,
2025.01.08 06:32:01,4037,DE40,sell,in,0.1,20308.70,4037,0.00,0.00,0.00,7 162.73,SimpleTrendline SELL #M26042502
2025.01.08 07:15:09,4038,DE40,buy,out,0.1,20312.70,4038,0.00,0.00,-0.41,7 162.32,
2025.01.08 10:30:00,4039,DE40,buy,in,0.1,20376.50,4039,0.00,0.00,0.00,7 162.32,SimpleTrendline BUY #M26042502
2025.01.08 13:45:00,4040,DE40,sell,out,0.1,20310.10,4040,0.00,0.00,-6.85,7 155.47,
2025.01.08 16:35:00,4041,TSLA.NAS,buy,out,90,399.19,4041,-1.80,0.00,867.60,8 021.27,sl 399.12
2025.01.08 16:45:02,4042,NVDA.NAS,buy,in,66.8,142.71,4042,-1.34,0.00,0.00,8 019.93,RSI Scalping Buy #M20003
2025.01.08 17:14:11,4043,NVDA.NAS,sell,out,66.8,140.19,4043,-1.34,0.00,-168.34,7 850.25,sl 140.19
2025.01.08 17:15:00,4044,NVDA.NAS,sell,in,65.4,139.84,4044,-1.31,0.00,0.00,7 848.94,RSI Scalping Sell #M20003
2025.01.08 18:30:00,4045,NVDA.NAS,buy,out,65.4,140.05,4045,-1.31,0.00,-13.73,7 833.90,
2025.01.08 19:30:00,4046,NVDA.NAS,sell,in,65.2,138.10,4046,-1.30,0.00,0.00,7 832.60,RSI Scalping Sell #M20003
2025.01.08 20:45:02,4047,NVDA.NAS,buy,out,65.2,140.36,4047,-1.30,0.00,-147.35,7 683.95,
2025.01.08 21:00:01,4048,XBRUSD,sell,in,0.5,76.38,4048,0.00,0.00,0.00,7 683.95,WP Sell #M20260534
2025.01.09 02:16:00,4049,DE40,sell,in,0.1,20309.40,4049,0.00,0.00,0.00,7 683.95,SimpleTrendline SELL #M26042502
2025.01.09 03:00:05,4050,DE40,buy,out,0.1,20331.40,4050,0.00,0.00,-2.27,7 681.68,
2025.01.09 08:00:00,4051,BTCUSD,buy,in,0.35,94435.80,4051,0.00,0.00,0.00,7 681.68,SimpleTrendline BUY #M26042501
2025.01.09 09:00:00,4052,BTCUSD,sell,out,0.35,94041.88,4052,0.00,0.00,-137.87,7 543.81,
2025.01.09 14:30:16,4053,DE40,sell,in,0.1,20308.90,4053,0.00,0.00,0.00,7 543.81,SimpleTrendline SELL #M26042502
2025.01.09 15:00:04,4054,DE40,buy,out,0.1,20324.40,4054,0.00,0.00,-1.60,7 542.21,
2025.01.09 15:15:03,4055,DE40,buy,in,0.1,20348.40,4055,0.00,0.00,0.00,7 542.21,SimpleTrendline BUY #M26042502
2025.01.09 16:45:00,4056,DE40,sell,out,0.1,20335.90,4056,0.00,0.00,-1.29,7 540.92,
2025.01.09 19:00:00,4057,DE40,buy,in,0.1,20329.70,4057,0.00,0.00,0.00,7 540.92,SimpleTrendline BUY #M26042502
2025.01.09 19:15:00,4058,DE40,sell,out,0.1,20324.40,4058,0.00,0.00,-0.55,7 540.37,
2025.01.09 22:00:00,4059,BTCUSD,sell,in,0.35,91899.67,4059,0.00,0.00,0.00,7 540.37,SimpleTrendline SELL #M26042501
2025.01.10 01:45:00,4060,DE40,sell,in,0.1,20312.50,4060,0.00,0.00,0.00,7 540.37,SimpleTrendline SELL #M26042502
2025.01.10 03:30:35,4061,DE40,buy,out,0.1,20326.20,4061,0.00,0.00,-1.41,7 538.96,
2025.01.10 04:00:00,4062,BTCUSD,buy,out,0.35,93154.43,4062,0.00,0.00,-439.17,7 099.79,
2025.01.10 04:15:40,4063,DE40,sell,in,0.1,20301.20,4063,0.00,0.00,0.00,7 099.79,SimpleTrendline SELL #M26042502
2025.01.10 04:30:11,4064,DE40,buy,out,0.1,20320.70,4064,0.00,0.00,-2.01,7 097.78,
2025.01.10 08:30:07,4065,DE40,sell,in,0.1,20298.70,4065,0.00,0.00,0.00,7 097.78,SimpleTrendline SELL #M26042502
2025.01.10 09:20:16,4066,XBRUSD,buy,out,0.5,77.88,4066,0.00,-11.32,-75.00,7 011.46,sl 77.88
2025.01.10 10:00:00,4067,DE40,buy,out,0.1,20305.00,4067,0.00,0.00,-0.65,7 010.81,
2025.01.10 10:30:00,4068,DE40,buy,in,0.1,20340.50,4068,0.00,0.00,0.00,7 010.81,SimpleTrendline BUY #M26042502
2025.01.10 11:30:01,4069,DE40,sell,out,0.1,20318.00,4069,0.00,0.00,-2.32,7 008.49,
2025.01.10 12:00:00,4070,DE40,buy,in,0.1,20336.50,4070,0.00,0.00,0.00,7 008.49,SimpleTrendline BUY #M26042502
2025.01.10 15:45:00,4071,DE40,sell,out,0.1,20303.50,4071,0.00,0.00,-3.40,7 005.09,
2025.01.10 16:45:00,4072,NVDA.NAS,sell,in,4.6,135.92,4072,-0.09,0.00,0.00,7 005.00,RSI Scalping Sell #M20003
2025.01.10 17:00:00,4073,XTIUSD,buy,in,0.5,77.21,4073,0.00,0.00,0.00,7 005.00,WP Buy #M20260533
2025.01.10 17:00:00,4074,NVDA.NAS,buy,out,4.6,135.44,4074,-0.09,0.00,2.21,7 007.12,
2025.01.10 18:01:18,4075,XTIUSD,sell,out,0.5,75.74,4075,0.00,0.00,-73.50,6 933.62,sl 75.74
2025.02.03 03:15:00,4076,XAUUSD,sell,in,0.11,2785.68,4076,-0.39,0.00,0.00,6 933.23,United SuperEMA short #M940001
2025.02.03 04:00:00,4077,EURUSD,sell,in,0.1,1.02378,4077,-0.35,0.00,0.00,6 932.88,WP Sell #M20260524
2025.02.03 04:00:00,4078,AUDUSD,sell,in,0.1,0.61158,4078,-0.35,0.00,0.00,6 932.53,WP Sell #M20260525
2025.02.03 06:01:17,4079,AUDUSD,buy,out,0.1,0.61119,4079,-0.35,0.00,3.90,6 936.08,sl 0.61118
2025.02.03 07:00:00,4080,XAUUSD,buy,out,0.11,2780.95,4080,-0.39,0.00,52.03,6 987.72,
2025.02.03 07:52:02,4081,EURUSD,buy,out,0.1,1.02422,4081,-0.35,0.00,-4.40,6 982.97,sl 1.02422
2025.02.03 10:00:00,4082,XAUUSD,buy,in,0.05,2789.51,4082,-0.18,0.00,0.00,6 982.79,SimpleTrendline BUY #M26042503
2025.02.03 13:15:05,4083,XAUUSD,buy,in,0.11,2801.87,4083,-0.39,0.00,0.00,6 982.40,United SuperEMA long #M940001
2025.02.03 14:00:00,4084,XAUUSD,buy,in,0.58,2801.47,4084,-2.03,0.00,0.00,6 980.37,RSI Scalping Buy #M129102315
2025.02.03 14:10:16,4085,XAUUSD,sell,out,0.58,2801.61,4085,-2.03,0.00,8.12,6 986.46,sl 2801.61
2025.02.03 16:47:07,4086,XAUUSD,buy,in,0.29,2822.09,4086,-1.02,0.00,0.00,6 985.44,Darvas Box Breakout #M135790
2025.02.03 17:00:00,4087,XAUUSD,buy,in,0.01,2830.71,4087,-0.04,0.00,0.00,6 985.40,WP Buy #M20260526
2025.02.03 17:25:44,4088,XAUUSD,sell,out,0.01,2815.51,4088,-0.04,0.00,-15.20,6 970.16,sl 2815.71
2025.02.03 17:45:00,4089,NVDA.NAS,buy,in,29,117.60,4089,-0.58,0.00,0.00,6 969.58,RSI Scalping Buy #M20003
2025.02.03 18:00:00,4090,XAUUSD,sell,in,0.58,2817.53,4090,-2.03,0.00,0.00,6 967.55,RSI Scalping Sell #M129102315
2025.02.03 18:00:24,4091,XAUUSD,buy,out,0.58,2817.67,4091,-2.03,0.00,-8.12,6 957.40,sl 2817.66
2025.02.03 18:30:00,4092,DE40,buy,in,0.1,21401.20,4092,0.00,0.00,0.00,6 957.40,SimpleTrendline BUY #M26042502
2025.02.03 19:00:00,4093,XAUUSD,sell,out,0.11,2814.05,4093,-0.39,0.00,133.98,7 090.99,
2025.02.03 19:00:00,4094,DE40,sell,out,0.1,21379.90,4094,0.00,0.00,-2.18,7 088.81,
2025.02.03 21:03:13,4095,BTCUSD,buy,in,0.01,100190.73,4095,0.00,0.00,0.00,7 088.81,WP Buy #M20260527
2025.02.03 21:15:01,4096,DE40,buy,in,0.1,21441.20,4096,0.00,0.00,0.00,7 088.81,SimpleTrendline BUY #M26042502
2025.02.03 21:19:46,4097,BTCUSD,sell,out,0.01,100546.70,4097,0.00,0.00,3.56,7 092.37,sl 100550.69
2025.02.03 22:00:07,4098,BTCUSD,buy,in,0.01,102009.84,4098,0.00,0.00,0.00,7 092.37,WP Buy #M20260527
2025.02.03 22:05:51,4099,BTCUSD,sell,out,0.01,101463.30,4099,0.00,0.00,-5.47,7 086.90,sl 101496.22
2025.02.03 22:45:00,4100,DE40,sell,out,0.1,21420.90,4100,0.00,0.00,-2.08,7 084.82,
2025.02.04 01:07:05,4101,AUDUSD,sell,in,0.47,0.62282,4101,-1.65,0.00,0.00,7 083.17,RSI Overbought Crossover Sell #
2025.02.04 01:33:13,4102,EURUSD,sell,in,0.29,1.03341,4102,-1.02,0.00,0.00,7 082.15,RSI Overbought Crossover Sell #
2025.02.04 02:40:48,4103,EURUSD,buy,out,0.29,1.03179,4103,-1.02,0.00,46.98,7 128.11,
2025.02.04 03:30:00,4104,XAUUSD,buy,in,0.11,2820.75,4104,-0.39,0.00,0.00,7 127.72,United SuperEMA long #M940001
2025.02.04 04:15:10,4105,DE40,buy,in,0.1,21488.00,4105,0.00,0.00,0.00,7 127.72,SimpleTrendline BUY #M26042502
2025.02.04 04:45:10,4106,DE40,sell,out,0.1,21470.00,4106,0.00,0.00,-1.86,7 125.86,
2025.02.04 07:00:00,4107,XAUUSD,sell,out,0.11,2818.75,4107,-0.39,0.00,-22.00,7 103.47,
2025.02.04 07:00:01,4108,DE40,sell,in,0.1,21439.50,4108,0.00,0.00,0.00,7 103.47,SimpleTrendline SELL #M26042502
2025.02.04 07:01:27,4109,AUDUSD,buy,out,0.47,0.61926,4109,-1.65,0.00,167.32,7 269.14,
2025.02.04 09:00:00,4110,XAUUSD,sell,out,0.05,2813.52,4110,-0.18,-2.59,120.05,7 386.42,
2025.02.04 09:15:01,4111,DE40,buy,out,0.1,21454.70,4111,0.00,0.00,-1.57,7 384.85,
2025.02.04 09:30:05,4112,DE40,buy,in,0.1,21457.70,4112,0.00,0.00,0.00,7 384.85,SimpleTrendline BUY #M26042502
2025.02.04 10:15:00,4113,DE40,sell,out,0.1,21428.70,4113,0.00,0.00,-2.99,7 381.86,
2025.02.04 11:30:00,4114,XAUUSD,buy,in,0.12,2817.02,4114,-0.42,0.00,0.00,7 381.44,United SuperEMA long #M940001
2025.02.04 12:00:00,4115,XAUUSD,buy,in,0.61,2820.49,4115,-2.14,0.00,0.00,7 379.30,RSI Scalping Buy #M129102315
2025.02.04 12:45:00,4116,XAUUSD,sell,out,0.12,2814.30,4116,-0.42,0.00,-32.64,7 346.24,
2025.02.04 12:45:04,4117,DE40,sell,in,0.1,21425.10,4117,0.00,0.00,0.00,7 346.24,SimpleTrendline SELL #M26042502
2025.02.04 13:00:00,4118,XAUUSD,sell,in,0.01,2814.75,4118,-0.04,0.00,0.00,7 346.20,SimpleTrendline SELL #M26042503
2025.02.04 13:15:01,4119,DE40,buy,out,0.1,21432.60,4119,0.00,0.00,-0.77,7 345.43,
2025.02.04 14:00:00,4120,DE40,buy,in,0.1,21437.60,4120,0.00,0.00,0.00,7 345.43,SimpleTrendline BUY #M26042502
2025.02.04 14:30:00,4121,XAUUSD,buy,in,0.09,2819.58,4121,-0.32,0.00,0.00,7 345.11,United SuperEMA long #M940001
2025.02.04 14:30:00,4122,DE40,sell,out,0.1,21432.10,4122,0.00,0.00,-0.57,7 344.54,
2025.02.04 14:50:33,4123,XAUUSD,sell,out,0.61,2821.10,4123,-2.14,0.00,37.21,7 379.61,sl 2821.11
2025.02.04 15:00:00,4124,XAUUSD,buy,in,0.61,2821.96,4124,-2.14,0.00,0.00,7 377.47,RSI Scalping Buy #M129102315
2025.02.04 15:00:00,4125,XAUUSD,buy,out,0.01,2821.99,4125,-0.04,0.00,-7.24,7 370.19,
2025.02.04 15:04:06,4126,XAUUSD,sell,out,0.61,2822.32,4126,-2.14,0.00,21.96,7 390.01,sl 2822.36
2025.02.04 17:00:07,4127,XAUUSD,buy,in,0.01,2841.54,4127,-0.04,0.00,0.00,7 389.97,WP Buy #M20260526
2025.02.04 21:00:01,4128,XAUUSD,sell,in,0.61,2842.68,4128,-2.14,0.00,0.00,7 387.83,RSI Scalping Sell #M129102315
2025.02.04 21:02:02,4129,XAUUSD,buy,out,0.61,2842.97,4129,-2.14,0.00,-17.69,7 368.00,sl 2842.96
2025.02.04 22:30:00,4130,XAUUSD,sell,out,0.09,2841.58,4130,-0.32,0.00,198.00,7 565.68,
2025.02.04 23:30:05,4131,DE40,buy,in,0.1,21447.20,4131,0.00,0.00,0.00,7 565.68,SimpleTrendline BUY #M26042502
2025.02.04 23:45:02,4132,DE40,sell,out,0.1,21431.00,4132,0.00,0.00,-1.67,7 564.01,
2025.02.05 01:02:09,4133,EURUSD,sell,in,0.31,1.03792,4133,-1.09,0.00,0.00,7 562.92,RSI Overbought Crossover Sell #
2025.02.05 01:57:20,4134,EURUSD,buy,out,0.31,1.03727,4134,-1.09,0.00,20.15,7 581.98,
2025.02.05 03:06:09,4135,EURUSD,sell,in,0.31,1.03830,4135,-1.09,0.00,0.00,7 580.89,RSI Overbought Crossover Sell #
2025.02.05 03:32:00,4136,XAUUSD,sell,out,0.01,2841.68,4136,-0.04,-0.52,0.14,7 580.47,sl 2841.69
2025.02.05 03:40:32,4137,EURUSD,buy,out,0.31,1.03761,4137,-1.09,0.00,21.39,7 600.77,
2025.02.05 04:15:00,4138,XAUUSD,buy,in,0.12,2852.47,4138,-0.42,0.00,0.00,7 600.35,United SuperEMA long #M940001
2025.02.05 07:43:18,4139,XAUUSD,sell,out,0.29,2859.07,4139,-1.02,-30.10,1 072.42,8 641.65,tp 2859.07
2025.02.05 12:00:00,4140,XAUUSD,buy,in,0.02,2870.51,4140,-0.07,0.00,0.00,8 641.58,WP Buy #M20260526
2025.02.05 12:47:20,4141,XAUUSD,sell,out,0.02,2869.48,4141,-0.07,0.00,-2.06,8 639.45,sl 2869.54
2025.02.05 14:30:00,4142,XAUUSD,sell,out,0.12,2869.62,4142,-0.42,0.00,205.80,8 844.83,
2025.02.05 16:00:00,4143,XAUUSD,sell,in,0.73,2861.86,4143,-2.56,0.00,0.00,8 842.27,RSI Scalping Sell #M129102315
2025.02.05 16:00:54,4144,XAUUSD,buy,out,0.73,2861.66,4144,-2.56,0.00,14.60,8 854.31,sl 2861.65
2025.02.05 17:00:00,4145,XAUUSD,buy,in,0.07,2873.90,4145,-0.25,0.00,0.00,8 854.06,SimpleTrendline BUY #M26042503
2025.02.05 17:40:33,4146,XAUUSD,buy,in,0.36,2877.57,4146,-1.26,0.00,0.00,8 852.80,Darvas Box Breakout #M135790
2025.02.05 19:00:00,4147,XAUUSD,sell,in,0.73,2875.30,4147,-2.56,0.00,0.00,8 850.24,RSI Scalping Sell #M129102315
2025.02.05 19:11:37,4148,XAUUSD,buy,out,0.73,2874.99,4148,-2.56,0.00,22.63,8 870.31,sl 2874.99
2025.02.05 19:15:01,4149,XAUUSD,buy,in,0.14,2875.37,4149,-0.49,0.00,0.00,8 869.82,United SuperEMA long #M940001
2025.02.05 20:15:00,4150,XAUUSD,sell,out,0.14,2870.99,4150,-0.49,0.00,-61.32,8 808.01,
2025.02.05 22:00:00,4151,XAUUSD,sell,out,0.07,2863.43,4151,-0.25,0.00,-73.29,8 734.47,
2025.02.05 22:00:00,4152,XAUUSD,sell,in,0.04,2863.35,4152,-0.14,0.00,0.00,8 734.33,SimpleTrendline SELL #M26042503
2025.02.05 22:49:08,4153,XAUUSD,sell,out,0.36,2860.93,4153,-1.26,0.00,-599.04,8 134.03,sl 2860.93
2025.02.06 01:30:02,4154,XAUUSD,buy,in,0.13,2868.64,4154,-0.46,0.00,0.00,8 133.57,United SuperEMA long #M940001
2025.02.06 02:00:00,4155,XAUUSD,buy,out,0.04,2869.28,4155,-0.14,5.37,-23.72,8 115.08,
2025.02.06 04:00:00,4156,XAUUSD,buy,in,0.05,2871.70,4156,-0.18,0.00,0.00,8 114.90,SimpleTrendline BUY #M26042503
2025.02.06 05:30:00,4157,XAUUSD,sell,out,0.13,2865.13,4157,-0.46,0.00,-45.63,8 068.81,
2025.02.06 09:00:00,4158,XAUUSD,sell,out,0.05,2859.44,4158,-0.18,0.00,-61.30,8 007.33,
2025.02.06 13:12:02,4159,BTCUSD,buy,in,0.01,98872.90,4159,0.00,0.00,0.00,8 007.33,WP Buy #M20260527
2025.02.06 13:58:57,4160,BTCUSD,sell,out,0.01,98882.90,4160,0.00,0.00,0.10,8 007.43,sl 98885.22
2025.02.06 15:00:00,4161,XAUUSD,sell,in,0.01,2864.55,4161,-0.04,0.00,0.00,8 007.39,SimpleTrendline SELL #M26042503
2025.02.06 17:00:00,4162,XAUUSD,sell,in,0.13,2841.89,4162,-0.46,0.00,0.00,8 006.93,United SuperEMA short #M940001
2025.02.06 20:00:00,4163,XAUUSD,buy,out,0.13,2852.48,4163,-0.46,0.00,-137.67,7 868.80,
2025.02.06 22:00:00,4164,XTIUSD,sell,in,0.5,71.24,4164,0.00,0.00,0.00,7 868.80,WP Sell #M20260533
2025.02.07 02:00:00,4165,XAUUSD,buy,out,0.01,2858.13,4165,-0.04,0.45,6.42,7 875.63,
2025.02.07 04:00:00,4166,XAUUSD,buy,in,0.65,2866.29,4166,-2.28,0.00,0.00,7 873.35,RSI Scalping Buy #M129102315
2025.02.07 04:06:49,4167,XAUUSD,sell,out,0.65,2867.73,4167,-2.28,0.00,93.60,7 964.67,sl 2867.76
2025.02.07 08:30:10,4168,DE40,buy,in,0.1,21888.90,4168,0.00,0.00,0.00,7 964.67,SimpleTrendline BUY #M26042502
2025.02.07 09:00:00,4169,XAUUSD,sell,in,0.03,2860.81,4169,-0.11,0.00,0.00,7 964.56,SimpleTrendline SELL #M26042503
2025.02.07 10:00:00,4170,XAUUSD,buy,out,0.03,2864.16,4170,-0.11,0.00,-10.05,7 954.40,
2025.02.07 11:00:00,4171,XAUUSD,buy,in,0.66,2866.50,4171,-2.31,0.00,0.00,7 952.09,RSI Scalping Buy #M129102315
2025.02.07 11:00:00,4172,DE40,sell,out,0.1,21914.20,4172,0.00,0.00,2.63,7 954.72,
2025.02.07 11:01:22,4173,XAUUSD,sell,out,0.66,2866.18,4173,-2.31,0.00,-21.12,7 931.29,sl 2866.37
2025.02.07 11:15:00,4174,XAUUSD,buy,in,0.13,2867.79,4174,-0.46,0.00,0.00,7 930.83,United SuperEMA long #M940001
2025.02.07 13:45:01,4175,XAUUSD,sell,out,0.13,2866.28,4175,-0.46,0.00,-19.63,7 910.74,
2025.02.07 15:00:02,4176,DE40,buy,in,0.1,21911.70,4176,0.00,0.00,0.00,7 910.74,SimpleTrendline BUY #M26042502
2025.02.07 15:15:06,4177,DE40,sell,out,0.1,21897.20,4177,0.00,0.00,-1.50,7 909.24,
2025.02.07 15:30:01,4178,DE40,sell,in,0.1,21904.70,4178,0.00,0.00,0.00,7 909.24,SimpleTrendline SELL #M26042502
2025.02.07 15:45:00,4179,DE40,buy,out,0.1,21899.20,4179,0.00,0.00,0.57,7 909.81,
2025.02.07 16:30:00,4180,XAUUSD,buy,in,0.13,2873.84,4180,-0.46,0.00,0.00,7 909.35,United SuperEMA long #M940001
2025.02.07 17:00:00,4181,XAUUSD,buy,in,0.65,2875.26,4181,-2.28,0.00,0.00,7 907.07,RSI Scalping Buy #M129102315
2025.02.07 17:00:00,4182,XAUUSD,buy,in,0.01,2875.26,4182,-0.04,0.00,0.00,7 907.03,SimpleTrendline BUY #M26042503
2025.02.07 17:00:37,4183,XAUUSD,sell,out,0.65,2875.08,4183,-2.28,0.00,-11.70,7 893.05,sl 2875.10
2025.02.07 18:30:00,4184,DE40,sell,in,0.1,21760.00,4184,0.00,0.00,0.00,7 893.05,SimpleTrendline SELL #M26042502
2025.02.07 18:30:00,4185,XAUUSD,sell,out,0.13,2869.50,4185,-0.46,0.00,-56.42,7 836.17,
2025.02.07 19:00:00,4186,XAUUSD,sell,out,0.01,2860.66,4186,-0.04,0.00,-14.60,7 821.53,
2025.02.07 20:00:00,4187,XAUUSD,sell,in,0.01,2860.00,4187,-0.04,0.00,0.00,7 821.49,SimpleTrendline SELL #M26042503
2025.02.07 21:00:00,4188,EURUSD,sell,in,0.11,1.03253,4188,-0.39,0.00,0.00,7 821.10,WP Sell #M20260524
2025.02.07 21:45:03,4189,DE40,buy,out,0.1,21758.30,4189,0.00,0.00,0.18,7 821.28,
2025.02.07 22:15:00,4190,DE40,sell,in,0.1,21732.50,4190,0.00,0.00,0.00,7 821.28,SimpleTrendline SELL #M26042502
2025.02.07 22:45:00,4191,DE40,buy,out,0.1,21737.80,4191,0.00,0.00,-0.55,7 820.73,
2025.02.10 00:04:20,4192,EURUSD,buy,out,0.11,1.03216,4192,-0.39,0.20,4.07,7 824.61,sl 1.03194
2025.02.10 02:00:00,4193,XAUUSD,buy,out,0.01,2867.72,4193,-0.04,0.45,-7.72,7 817.30,
2025.02.10 03:15:00,4194,XAUUSD,buy,in,0.06,2871.15,4194,-0.21,0.00,0.00,7 817.09,United SuperEMA long #M940001
2025.02.10 04:00:00,4195,XAUUSD,buy,in,0.65,2872.11,4195,-2.28,0.00,0.00,7 814.81,RSI Scalping Buy #M129102315
2025.02.10 04:03:34,4196,XAUUSD,sell,out,0.65,2873.42,4196,-2.28,0.00,85.15,7 897.68,sl 2873.47
2025.02.10 05:17:54,4197,DE40,sell,in,0.1,21792.90,4197,0.00,0.00,0.00,7 897.68,SimpleTrendline SELL #M26042502
2025.02.10 06:00:09,4198,DE40,buy,out,0.1,21794.40,4198,0.00,0.00,-0.15,7 897.53,
2025.02.10 07:00:30,4199,DE40,sell,in,0.1,21783.90,4199,0.00,0.00,0.00,7 897.53,SimpleTrendline SELL #M26042502
2025.02.10 07:15:02,4200,DE40,buy,out,0.1,21799.90,4200,0.00,0.00,-1.65,7 895.88,
2025.02.10 09:00:00,4201,XAUUSD,buy,in,0.32,2888.56,4201,-1.12,0.00,0.00,7 894.76,EMA Crossover Trade BUY #M12350
2025.02.10 09:30:01,4202,DE40,buy,in,0.1,21807.20,4202,0.00,0.00,0.00,7 894.76,SimpleTrendline BUY #M26042502
2025.02.10 09:47:17,4203,XAUUSD,sell,out,0.32,2891.72,4203,-1.12,0.00,101.12,7 994.76,sl 2891.72
2025.02.10 10:00:00,4204,XAUUSD,buy,in,0.33,2895.67,4204,-1.16,0.00,0.00,7 993.60,EMA Crossover Trade BUY #M12350
2025.02.10 10:18:11,4205,XAUUSD,sell,out,0.33,2892.71,4205,-1.16,0.00,-97.68,7 894.76,sl 2892.71
2025.02.10 11:00:00,4206,XAUUSD,buy,in,0.32,2896.57,4206,-1.12,0.00,0.00,7 893.64,EMA Crossover Trade BUY #M12350
2025.02.10 11:00:00,4207,XAUUSD,buy,in,0.01,2896.57,4207,-0.04,0.00,0.00,7 893.60,WP Buy #M20260526
2025.02.10 12:00:00,4208,DE40,sell,out,0.1,21786.90,4208,0.00,0.00,-2.10,7 891.50,
2025.02.10 12:22:48,4209,XAUUSD,sell,out,0.32,2902.40,4209,-1.12,0.00,186.56,8 076.94,sl 2902.45
2025.02.10 12:34:11,4210,XAUUSD,sell,out,0.01,2898.64,4210,-0.04,0.00,2.07,8 078.97,sl 2898.64
2025.02.10 13:00:00,4211,XAUUSD,buy,in,0.33,2902.52,4211,-1.16,0.00,0.00,8 077.81,EMA Crossover Trade BUY #M12350
2025.02.10 13:11:00,4212,XAUUSD,sell,out,0.33,2901.26,4212,-1.16,0.00,-41.58,8 035.07,sl 2901.27
2025.02.10 14:00:00,4213,XAUUSD,buy,in,0.33,2904.80,4213,-1.16,0.00,0.00,8 033.91,EMA Crossover Trade BUY #M12350
2025.02.10 14:39:48,4214,XAUUSD,sell,out,0.33,2903.29,4214,-1.16,0.00,-49.83,7 982.92,sl 2903.30
2025.02.10 15:00:00,4215,XAUUSD,buy,in,0.33,2902.94,4215,-1.16,0.00,0.00,7 981.76,EMA Crossover Trade BUY #M12350
2025.02.10 15:22:34,4216,XAUUSD,sell,out,0.33,2907.20,4216,-1.16,0.00,140.58,8 121.18,sl 2907.27
2025.02.10 15:45:01,4217,XAUUSD,sell,out,0.06,2900.01,4217,-0.21,0.00,173.16,8 294.13,
2025.02.10 16:00:01,4218,XAUUSD,buy,in,0.34,2901.57,4218,-1.19,0.00,0.00,8 292.94,EMA Crossover Trade BUY #M12350
2025.02.10 16:02:57,4219,XAUUSD,sell,out,0.34,2897.97,4219,-1.19,0.00,-122.40,8 169.35,sl 2898.02
2025.02.10 17:00:00,4220,XAUUSD,buy,in,0.34,2908.81,4220,-1.19,0.00,0.00,8 168.16,EMA Crossover Trade BUY #M12350
2025.02.10 17:02:15,4221,XAUUSD,sell,out,0.34,2905.22,4221,-1.19,0.00,-122.06,8 044.91,sl 2905.23
2025.02.10 17:55:14,4222,XTIUSD,buy,out,0.5,72.74,4222,0.00,-29.11,-75.00,7 940.80,sl 72.74
2025.02.10 18:00:00,4223,XAUUSD,buy,in,0.33,2909.15,4223,-1.16,0.00,0.00,7 939.64,EMA Crossover Trade BUY #M12350
2025.02.10 18:18:20,4224,XAUUSD,sell,out,0.33,2906.54,4224,-1.16,0.00,-86.13,7 852.35,sl 2906.54
2025.02.10 19:00:00,4225,XAUUSD,sell,in,0.52,2901.12,4225,-1.82,0.00,0.00,7 850.53,RSI Scalping Sell #M129102315
2025.02.10 19:08:36,4226,XAUUSD,buy,out,0.52,2901.15,4226,-1.82,0.00,-1.56,7 847.15,sl 2901.11
2025.02.11 02:30:20,4227,DE40,buy,in,0.1,21938.90,4227,0.00,0.00,0.00,7 847.15,SimpleTrendline BUY #M26042502
2025.02.11 03:30:05,4228,DE40,sell,out,0.1,21924.40,4228,0.00,0.00,-1.50,7 845.65,
2025.02.11 04:00:00,4229,XAUUSD,buy,in,0.01,2934.06,4229,-0.04,0.00,0.00,7 845.61,WP Buy #M20260526
2025.02.11 04:30:01,4230,DE40,sell,in,0.1,21909.90,4230,0.00,0.00,0.00,7 845.61,SimpleTrendline SELL #M26042502
2025.02.11 04:33:44,4231,XAUUSD,sell,out,0.01,2935.09,4231,-0.04,0.00,1.03,7 846.60,sl 2935.12
2025.02.11 05:00:00,4232,XAUUSD,sell,in,0.65,2918.55,4232,-2.28,0.00,0.00,7 844.32,RSI Scalping Sell #M129102315
2025.02.11 05:01:16,4233,XAUUSD,buy,out,0.65,2917.28,4233,-2.28,0.00,82.55,7 924.59,sl 2917.26
2025.02.11 06:00:36,4234,DE40,buy,out,0.1,21919.90,4234,0.00,0.00,-1.03,7 923.56,
2025.02.11 10:00:00,4235,XAUUSD,sell,in,0.01,2913.20,4235,-0.04,0.00,0.00,7 923.52,SimpleTrendline SELL #M26042503
2025.02.11 10:45:00,4236,DE40,buy,in,0.1,21971.70,4236,0.00,0.00,0.00,7 923.52,SimpleTrendline BUY #M26042502
2025.02.11 11:00:00,4237,XAUUSD,buy,out,0.01,2907.37,4237,-0.04,0.00,5.83,7 929.31,
2025.02.11 11:30:00,4238,DE40,sell,out,0.1,21917.70,4238,0.00,0.00,-5.57,7 923.74,
2025.02.11 13:15:05,4239,DE40,buy,in,0.1,21945.10,4239,0.00,0.00,0.00,7 923.74,SimpleTrendline BUY #M26042502
2025.02.11 13:45:01,4240,DE40,sell,out,0.1,21932.10,4240,0.00,0.00,-1.34,7 922.40,
2025.02.11 14:30:00,4241,DE40,sell,in,0.1,21900.60,4241,0.00,0.00,0.00,7 922.40,SimpleTrendline SELL #M26042502
2025.02.11 14:45:00,4242,XAUUSD,sell,in,0.13,2899.01,4242,-0.46,0.00,0.00,7 921.94,United SuperEMA short #M940001
2025.02.11 14:45:02,4243,DE40,buy,out,0.1,21928.10,4243,0.00,0.00,-2.84,7 919.10,
2025.02.11 16:30:00,4244,XAUUSD,buy,out,0.13,2901.11,4244,-0.46,0.00,-27.30,7 891.34,
2025.02.11 17:50:00,4245,AAPL.NAS,buy,in,26.3,234.250,4245,-0.53,0.00,0.00,7 890.81,RSI Scalping Buy #M20001
2025.02.11 17:51:33,4246,AAPL.NAS,sell,out,26.3,234.270,4246,-0.53,0.00,0.53,7 890.81,sl 234.300
2025.02.11 19:00:00,4247,XAUUSD,sell,in,0.03,2902.39,4247,-0.11,0.00,0.00,7 890.70,SimpleTrendline SELL #M26042503
2025.02.11 19:08:49,4248,NVDA.NAS,sell,out,29,131.23,4248,-0.58,-0.01,395.27,8 285.38,sl 131.25
2025.02.11 19:45:00,4249,NVDA.NAS,sell,in,69,132.07,4249,-1.38,0.00,0.00,8 284.00,RSI Scalping Sell #M20003
2025.02.11 20:00:00,4250,XAUUSD,buy,out,0.03,2905.73,4250,-0.11,0.00,-10.02,8 273.87,
2025.02.11 20:00:00,4251,XAUUSD,buy,in,0.03,2905.73,4251,-0.11,0.00,0.00,8 273.76,SimpleTrendline BUY #M26042503
2025.02.11 20:15:00,4252,NVDA.NAS,buy,out,69,132.20,4252,-1.38,0.00,-8.97,8 263.41,
2025.02.11 20:15:00,4253,NVDA.NAS,sell,in,68.9,132.20,4253,-1.38,0.00,0.00,8 262.03,RSI Scalping Sell #M20003
2025.02.11 21:30:03,4254,NVDA.NAS,buy,out,68.9,133.04,4254,-1.38,0.00,-57.88,8 202.77,
2025.02.11 22:00:00,4255,XAUUSD,sell,in,0.06,2900.18,4255,-0.21,0.00,0.00,8 202.56,United SuperEMA short #M940001
2025.02.11 22:00:00,4256,XAUUSD,sell,out,0.03,2900.19,4256,-0.11,0.00,-16.62,8 185.83,
2025.02.11 22:00:00,4257,XAUUSD,sell,in,0.01,2900.17,4257,-0.04,0.00,0.00,8 185.79,SimpleTrendline SELL #M26042503
2025.02.12 01:45:01,4258,XAUUSD,buy,out,0.06,2900.57,4258,-0.21,2.69,-2.34,8 185.93,
2025.02.12 02:06:01,4259,EURUSD,sell,in,0.34,1.03599,4259,-1.19,0.00,0.00,8 184.74,RSI Overbought Crossover Sell #
2025.02.12 02:45:01,4260,XAUUSD,sell,in,0.13,2893.45,4260,-0.46,0.00,0.00,8 184.28,United SuperEMA short #M940001
2025.02.12 03:07:14,4261,EURUSD,buy,out,0.34,1.03541,4261,-1.19,0.00,19.72,8 202.81,
2025.02.12 03:47:13,4262,EURUSD,sell,in,0.34,1.03610,4262,-1.19,0.00,0.00,8 201.62,RSI Overbought Crossover Sell #
2025.02.12 06:40:20,4263,EURUSD,buy,out,0.34,1.03595,4263,-1.19,0.00,5.10,8 205.53,
2025.02.12 08:15:02,4264,XAUUSD,buy,out,0.13,2891.65,4264,-0.46,0.00,23.40,8 228.47,
2025.02.12 09:00:00,4265,XAUUSD,buy,out,0.01,2892.71,4265,-0.04,0.45,7.46,8 236.34,
2025.02.12 09:45:05,4266,DE40,buy,in,0.1,22092.50,4266,0.00,0.00,0.00,8 236.34,SimpleTrendline BUY #M26042502
2025.02.12 10:15:01,4267,DE40,sell,out,0.1,22081.00,4267,0.00,0.00,-1.19,8 235.15,
2025.02.12 11:00:00,4268,XAUUSD,sell,in,0.03,2891.63,4268,-0.11,0.00,0.00,8 235.04,SimpleTrendline SELL #M26042503
2025.02.12 12:15:00,4269,XAUUSD,sell,in,0.13,2887.20,4269,-0.46,0.00,0.00,8 234.58,United SuperEMA short #M940001
2025.02.12 13:45:03,4270,DE40,buy,in,0.1,22095.00,4270,0.00,0.00,0.00,8 234.58,SimpleTrendline BUY #M26042502
2025.02.12 15:15:00,4271,DE40,sell,out,0.1,22103.50,4271,0.00,0.00,0.88,8 235.46,
2025.02.12 16:15:00,4272,XAUUSD,buy,out,0.13,2893.83,4272,-0.46,0.00,-86.19,8 148.81,
2025.02.12 16:45:00,4273,NVDA.NAS,sell,in,67.9,131.92,4273,-1.36,0.00,0.00,8 147.45,RSI Scalping Sell #M20003
2025.02.12 17:00:00,4274,XAUUSD,buy,out,0.03,2894.80,4274,-0.11,0.00,-9.51,8 137.83,
2025.02.12 17:00:00,4275,NVDA.NAS,buy,out,67.9,131.98,4275,-1.36,0.00,-4.07,8 132.40,
2025.02.12 18:00:00,4276,XAUUSD,buy,in,0.01,2894.73,4276,-0.04,0.00,0.00,8 132.36,SimpleTrendline BUY #M26042503
2025.02.12 18:15:00,4277,NVDA.NAS,sell,in,67.7,130.87,4277,-1.35,0.00,0.00,8 131.01,RSI Scalping Sell #M20003
2025.02.12 18:30:00,4278,NVDA.NAS,buy,out,67.7,130.65,4278,-1.35,0.00,14.89,8 144.55,
2025.02.12 18:45:00,4279,NVDA.NAS,buy,in,67.8,131.27,4279,-1.36,0.00,0.00,8 143.19,RSI Scalping Buy #M20003
2025.02.12 19:00:00,4280,XAUUSD,buy,in,0.67,2902.63,4280,-2.35,0.00,0.00,8 140.84,RSI Scalping Buy #M129102315
2025.02.12 19:00:00,4281,XAUUSD,buy,in,0.13,2902.67,4281,-0.46,0.00,0.00,8 140.38,United SuperEMA long #M940001
2025.02.12 19:01:52,4282,XAUUSD,sell,out,0.67,2904.19,4282,-2.35,0.00,104.52,8 242.55,sl 2904.19
2025.02.12 21:15:01,4283,XAUUSD,sell,out,0.13,2897.90,4283,-0.46,0.00,-62.01,8 180.08,
2025.02.13 00:27:47,4284,BTCUSD,buy,in,0.02,97946.54,4284,0.00,0.00,0.00,8 180.08,WP Buy #M20260527
2025.02.13 00:44:03,4285,BTCUSD,sell,out,0.02,97861.18,4285,0.00,0.00,-1.71,8 178.37,sl 97861.89
2025.02.13 01:45:03,4286,XAUUSD,sell,in,0.13,2901.88,4286,-0.46,0.00,0.00,8 177.91,RSIConsolidation SELL #M2025042
2025.02.13 01:52:57,4287,XAUUSD,buy,out,0.13,2905.27,4287,-0.46,0.00,-44.07,8 133.38,sl 2905.21
2025.02.13 02:00:01,4288,XAUUSD,buy,in,0.13,2906.11,4288,-0.46,0.00,0.00,8 132.92,United SuperEMA long #M940001
2025.02.13 03:15:00,4289,XAUUSD,sell,in,0.13,2905.71,4289,-0.46,0.00,0.00,8 132.46,RSIConsolidation SELL #M2025042
2025.02.13 03:30:00,4290,XAUUSD,sell,out,0.13,2902.45,4290,-0.46,0.00,-47.58,8 084.42,
2025.02.13 03:30:00,4291,XAUUSD,buy,out,0.13,2902.54,4291,-0.46,0.00,41.21,8 125.17,
2025.02.13 07:00:00,4292,XAUUSD,buy,in,0.16,2918.79,4292,-0.56,0.00,0.00,8 124.61,EMA Crossover Trade BUY #M12350
2025.02.13 07:00:00,4293,XAUUSD,buy,in,0.2,2918.79,4293,-0.70,0.00,0.00,8 123.91,RSI Reverse BUY #M1002
2025.02.13 07:51:06,4294,XAUUSD,sell,out,0.16,2919.03,4294,-0.56,0.00,3.84,8 127.19,sl 2919.05
2025.02.13 08:00:00,4295,XAUUSD,buy,in,0.2,2918.30,4295,-0.70,0.00,0.00,8 126.49,EMA Cross Distance BUY #M1003
2025.02.13 08:00:00,4296,XAUUSD,sell,in,0.67,2918.00,4296,-2.35,0.00,0.00,8 124.14,RSI Scalping Sell #M129102315
2025.02.13 08:05:05,4297,XAUUSD,buy,out,0.67,2915.55,4297,-2.35,0.00,164.15,8 285.94,sl 2915.54
2025.02.13 12:45:00,4298,XAUUSD,buy,in,0.06,2918.34,4298,-0.21,0.00,0.00,8 285.73,United SuperEMA long #M940001
2025.02.13 14:00:00,4299,XAUUSD,sell,out,0.2,2918.07,4299,-0.70,0.00,-4.60,8 280.43,
2025.02.13 15:15:00,4300,XAUUSD,sell,out,0.06,2915.40,4300,-0.21,0.00,-17.64,8 262.58,
2025.02.13 16:00:00,4301,XAUUSD,sell,out,0.01,2908.49,4301,-0.04,-1.56,13.76,8 274.74,
2025.02.13 17:00:00,4302,XAUUSD,buy,in,0.68,2915.29,4302,-2.38,0.00,0.00,8 272.36,RSI Scalping Buy #M129102315
2025.02.13 17:00:57,4303,XAUUSD,sell,out,0.68,2916.27,4303,-2.38,0.00,66.64,8 336.62,sl 2916.31
2025.02.13 17:50:00,4304,AAPL.NAS,buy,in,34.7,239.070,4304,-0.69,0.00,0.00,8 335.93,RSI Scalping Buy #M20001
2025.02.13 17:52:30,4305,AAPL.NAS,sell,out,34.7,239.100,4305,-0.69,0.00,1.04,8 336.28,sl 239.120
2025.02.13 18:00:00,4306,XAUUSD,buy,in,0.06,2920.38,4306,-0.21,0.00,0.00,8 336.07,United SuperEMA long #M940001
2025.02.13 18:00:00,4307,XAUUSD,buy,in,0.03,2920.38,4307,-0.11,0.00,0.00,8 335.96,SimpleTrendline BUY #M26042503
2025.02.13 18:30:02,4308,AAPL.NAS,sell,in,34.7,240.470,4308,-0.69,0.00,0.00,8 335.27,RSI Scalping Sell #M20001
2025.02.13 18:30:35,4309,AAPL.NAS,buy,out,34.7,240.470,4309,-0.69,0.00,0.00,8 334.58,sl 240.460
2025.02.13 19:00:00,4310,XAUUSD,sell,out,0.06,2913.86,4310,-0.21,0.00,-39.12,8 295.25,
2025.02.13 19:00:00,4311,TSLA.NAS,sell,in,103.6,349.14,4311,-2.07,0.00,0.00,8 293.18,RSI Scalping Sell #M125421321
2025.02.13 20:00:00,4312,XAUUSD,buy,in,0.69,2918.98,4312,-2.42,0.00,0.00,8 290.76,RSI Scalping Buy #M129102315
2025.02.13 20:40:42,4313,XAUUSD,sell,out,0.69,2919.00,4313,-2.42,0.00,1.38,8 289.72,sl 2919.02
2025.02.13 21:00:00,4314,XAUUSD,buy,in,0.06,2924.20,4314,-0.21,0.00,0.00,8 289.51,United SuperEMA long #M940001
2025.02.13 22:00:00,4315,XAUUSD,buy,in,0.34,2926.89,4315,-1.19,0.00,0.00,8 288.32,EMA Crossover Trade BUY #M12350
2025.02.13 22:47:36,4316,XAUUSD,sell,out,0.34,2925.14,4316,-1.19,0.00,-59.50,8 227.63,sl 2925.16
2025.02.13 23:00:00,4317,XAUUSD,buy,in,0.27,2928.73,4317,-0.95,0.00,0.00,8 226.68,EMA Crossover Trade BUY #M12350
2025.02.13 23:00:00,4318,XAUUSD,buy,in,0.01,2928.72,4318,-0.04,0.00,0.00,8 226.64,WP Buy #M20260526
2025.02.14 02:09:40,4319,XAUUSD,sell,out,0.27,2928.37,4319,-0.95,-14.01,-9.72,8 201.96,sl 2928.52
2025.02.14 03:00:00,4320,XAUUSD,sell,out,0.06,2928.15,4320,-0.21,-3.11,23.70,8 222.34,
2025.02.14 04:16:07,4321,XAUUSD,sell,out,0.01,2926.30,4321,-0.04,-0.52,-2.42,8 219.36,sl 2926.30
2025.02.14 07:00:00,4322,XAUUSD,buy,in,0.41,2928.53,4322,-1.44,0.00,0.00,8 217.92,RSI Scalping Buy #M129102315
2025.02.14 07:03:51,4323,XAUUSD,sell,out,0.41,2928.50,4323,-1.44,0.00,-1.23,8 215.25,sl 2928.52
2025.02.14 08:00:00,4324,XAUUSD,buy,in,0.06,2931.04,4324,-0.21,0.00,0.00,8 215.04,United SuperEMA long #M940001
2025.02.14 09:00:00,4325,XAUUSD,buy,in,0.17,2934.38,4325,-0.60,0.00,0.00,8 214.44,EMA Crossover Trade BUY #M12350
2025.02.14 09:30:01,4326,DE40,buy,in,0.1,22527.90,4326,0.00,0.00,0.00,8 214.44,SimpleTrendline BUY #M26042502
2025.02.14 09:56:23,4327,XAUUSD,sell,out,0.17,2931.42,4327,-0.60,0.00,-50.32,8 163.52,sl 2931.43
2025.02.14 10:15:00,4328,DE40,sell,out,0.1,22512.40,4328,0.00,0.00,-1.61,8 161.91,
2025.02.14 10:45:01,4329,DE40,buy,in,0.1,22542.90,4329,0.00,0.00,0.00,8 161.91,SimpleTrendline BUY #M26042502
2025.02.14 12:45:04,4330,DE40,sell,out,0.1,22520.40,4330,0.00,0.00,-2.33,8 159.58,
2025.02.14 13:30:01,4331,XAUUSD,sell,out,0.06,2934.24,4331,-0.21,0.00,19.20,8 178.57,
2025.02.14 16:00:00,4332,XAUUSD,sell,out,0.03,2920.58,4332,-0.11,-1.56,0.60,8 177.50,
2025.02.14 16:00:00,4333,XAUUSD,sell,in,0.02,2920.56,4333,-0.07,0.00,0.00,8 177.43,SimpleTrendline SELL #M26042503
2025.02.14 16:35:00,4334,TSLA.NAS,buy,out,103.6,358.01,4334,-2.07,0.00,-918.93,7 256.43,
2025.02.14 17:00:00,4335,TSLA.NAS,sell,in,90.7,352.98,4335,-1.81,0.00,0.00,7 254.62,RSI Scalping Sell #M125421321
2025.02.14 17:10:01,4336,AAPL.NAS,buy,in,30.2,244.870,4336,-0.60,0.00,0.00,7 254.02,RSI Scalping Buy #M20001
2025.02.14 17:11:05,4337,AAPL.NAS,sell,out,30.2,244.930,4337,-0.60,0.00,1.81,7 255.23,sl 244.930
2025.02.14 17:15:00,4338,XAUUSD,sell,in,0.06,2914.58,4338,-0.21,0.00,0.00,7 255.02,United SuperEMA short #M940001
2025.02.14 17:30:01,4339,DE40,sell,in,0.1,22478.10,4339,0.00,0.00,0.00,7 255.02,SimpleTrendline SELL #M26042502
2025.02.14 18:45:00,4340,DE40,buy,out,0.1,22513.70,4340,0.00,0.00,-3.69,7 251.33,
2025.02.14 19:30:05,4341,DE40,sell,in,0.1,22483.40,4341,0.00,0.00,0.00,7 251.33,SimpleTrendline SELL #M26042502
2025.02.14 20:00:00,4342,XAUUSD,sell,out,0.2,2887.23,4342,-0.70,-10.38,-631.20,6 609.05,
2025.02.14 20:00:00,4343,DE40,buy,out,0.1,22500.70,4343,0.00,0.00,-1.79,6 607.26,
2025.02.14 22:00:00,4344,TSLA.NAS,buy,out,90.7,354.37,4344,-1.81,0.00,-126.07,6 479.38,
2025.02.17 01:15:02,4345,XAUUSD,buy,out,0.06,2893.21,4345,-0.21,2.69,128.22,6 610.08,
2025.02.17 05:00:00,4346,XAUUSD,buy,out,0.02,2899.34,4346,-0.07,0.90,42.44,6 653.35,
2025.02.18 16:35:00,4347,NVDA.NAS,sell,out,67.8,143.03,4347,-1.36,-0.06,797.33,7 449.26,
2025.02.18 20:00:01,4348,TSLA.NAS,sell,in,93.1,354.61,4348,-1.86,0.00,0.00,7 447.40,RSI Scalping Sell #M125421321
2025.02.18 20:01:03,4349,SOXX.NAS,buy,in,0.1,226.500,4349,-0.02,0.00,0.00,7 447.38,WP Buy #M20260532
2025.02.18 20:09:40,4350,SOXX.NAS,sell,out,0.1,226.610,4350,-0.02,0.00,0.01,7 447.37,sl 226.610
2025.02.18 21:00:00,4351,SOXX.NAS,buy,in,0.1,226.640,4351,-0.02,0.00,0.00,7 447.35,WP Buy #M20260532
2025.02.18 21:07:10,4352,SOXX.NAS,sell,out,0.1,226.580,4352,-0.02,0.00,-0.01,7 447.32,sl 226.610
2025.02.18 22:00:28,4353,SOXX.NAS,buy,in,0.1,227.180,4353,-0.02,0.00,0.00,7 447.30,WP Buy #M20260532
2025.02.18 22:06:16,4354,SOXX.NAS,sell,out,0.1,226.870,4354,-0.02,0.00,-0.03,7 447.25,sl 226.880
2025.02.18 22:45:00,4355,NVDA.NAS,sell,in,62,138.84,4355,-1.24,0.00,0.00,7 446.01,RSI Scalping Sell #M20003
2025.02.18 23:00:00,4356,XAUUSD,buy,in,0.18,2933.55,4356,-0.63,0.00,0.00,7 445.38,RSI Follow BUY #M1001
2025.02.19 01:30:00,4357,XAUUSD,sell,in,0.12,2933.60,4357,-0.42,0.00,0.00,7 444.96,RSIConsolidation SELL #M2025042
2025.02.19 01:30:00,4358,XAUUSD,buy,out,0.12,2933.70,4358,-0.42,0.00,-1.20,7 443.34,
2025.02.19 03:00:00,4359,XAUUSD,sell,in,0.49,2929.30,4359,-1.72,0.00,0.00,7 441.62,RSI Scalping Sell #M129102315
2025.02.19 03:00:31,4360,XAUUSD,buy,out,0.49,2929.18,4360,-1.72,0.00,5.88,7 445.78,sl 2929.16
2025.02.19 04:00:00,4361,XAUUSD,buy,in,0.15,2938.76,4361,-0.53,0.00,0.00,7 445.25,EMA Crossover Trade BUY #M12350
2025.02.19 04:30:02,4362,XAUUSD,sell,out,0.15,2935.76,4362,-0.53,0.00,-45.00,7 399.72,sl 2935.76
2025.02.19 07:00:00,4363,XAUUSD,buy,in,0.61,2929.57,4363,-2.14,0.00,0.00,7 397.58,RSI Scalping Buy #M129102315
2025.02.19 07:00:00,4364,XAUUSD,buy,in,0.03,2929.52,4364,-0.11,0.00,0.00,7 397.47,SimpleTrendline BUY #M26042503
2025.02.19 07:00:04,4365,DE40,buy,in,0.1,22875.00,4365,0.00,0.00,0.00,7 397.47,SimpleTrendline BUY #M26042502
2025.02.19 07:02:58,4366,XAUUSD,sell,out,0.61,2929.40,4366,-2.14,0.00,-10.37,7 384.96,sl 2929.59
2025.02.19 07:15:02,4367,DE40,sell,out,0.1,22868.00,4367,0.00,0.00,-0.73,7 384.23,
2025.02.19 08:15:01,4368,XAUUSD,buy,in,0.12,2935.25,4368,-0.42,0.00,0.00,7 383.81,United SuperEMA long #M940001
2025.02.19 10:15:01,4369,DE40,buy,in,0.1,22904.30,4369,0.00,0.00,0.00,7 383.81,SimpleTrendline BUY #M26042502
2025.02.19 12:00:00,4370,XAUUSD,buy,in,0.03,2945.65,4370,-0.11,0.00,0.00,7 383.70,EMA Crossover Trade BUY #M12350
2025.02.19 12:14:00,4371,XAUUSD,sell,out,0.03,2943.14,4371,-0.11,0.00,-7.53,7 376.06,sl 2943.18
2025.02.19 12:15:03,4372,DE40,sell,out,0.1,22843.30,4372,0.00,0.00,-6.32,7 369.74,
2025.02.19 13:00:00,4373,XAUUSD,buy,in,0.02,2944.99,4373,-0.07,0.00,0.00,7 369.67,EMA Crossover Trade BUY #M12350
2025.02.19 13:00:00,4374,XAUUSD,buy,in,0.01,2944.91,4374,-0.04,0.00,0.00,7 369.63,WP Buy #M20260526
2025.02.19 13:38:08,4375,XAUUSD,sell,out,0.02,2942.42,4375,-0.07,0.00,-5.14,7 364.42,sl 2942.44
2025.02.19 14:00:00,4376,XAUUSD,sell,out,0.12,2935.05,4376,-0.42,0.00,-2.40,7 361.60,
2025.02.19 15:00:00,4377,XAUUSD,sell,out,0.03,2933.74,4377,-0.11,0.00,12.66,7 374.15,
2025.02.19 16:35:01,4378,TSLA.NAS,buy,out,93.1,358.53,4378,-1.86,0.00,-364.95,7 007.34,
2025.02.19 16:45:02,4379,NVDA.NAS,buy,out,62,138.60,4379,-1.24,0.00,14.88,7 020.98,
2025.02.19 17:00:00,4380,XAUUSD,buy,in,0.58,2937.99,4380,-2.03,0.00,0.00,7 018.95,RSI Scalping Buy #M129102315
2025.02.19 17:02:00,4381,XAUUSD,sell,out,0.58,2937.83,4381,-2.03,0.00,-9.28,7 007.64,sl 2937.87
2025.02.19 17:30:01,4382,NVDA.NAS,buy,in,58.3,139.37,4382,-1.17,0.00,0.00,7 006.47,RSI Scalping Buy #M20003
2025.02.19 17:58:56,4383,XAUUSD,sell,out,0.01,2929.99,4383,-0.04,0.00,-14.92,6 991.51,sl 2929.99
2025.02.19 18:00:00,4384,XAUUSD,sell,in,0.02,2925.65,4384,-0.07,0.00,0.00,6 991.44,SimpleTrendline SELL #M26042503
2025.02.19 20:02:16,4385,SOXX.NAS,buy,in,0.1,229.950,4385,-0.02,0.00,0.00,6 991.42,WP Buy #M20260532
2025.02.19 20:09:05,4386,SOXX.NAS,sell,out,0.1,229.640,4386,-0.02,0.00,-0.03,6 991.37,sl 229.650
2025.02.19 22:00:00,4387,XAUUSD,buy,in,0.11,2931.82,4387,-0.39,0.00,0.00,6 990.98,United SuperEMA long #M940001
2025.02.19 23:00:00,4388,XAUUSD,buy,out,0.02,2935.97,4388,-0.07,0.00,-20.64,6 970.27,
2025.02.20 03:00:00,4389,XAUUSD,buy,in,0.46,2941.08,4389,-1.61,0.00,0.00,6 968.66,RSI Scalping Buy #M129102315
2025.02.20 03:00:21,4390,XAUUSD,sell,out,0.46,2941.19,4390,-1.61,0.00,5.06,6 972.11,sl 2941.19
2025.02.20 03:45:00,4391,XAUUSD,sell,out,0.11,2936.90,4391,-0.39,-17.12,55.88,7 010.48,
2025.02.20 05:00:00,4392,XAUUSD,buy,in,0.58,2941.09,4392,-2.03,0.00,0.00,7 008.45,RSI Scalping Buy #M129102315
2025.02.20 05:04:28,4393,XAUUSD,sell,out,0.58,2942.27,4393,-2.03,0.00,68.44,7 074.86,sl 2942.30
2025.02.20 05:15:01,4394,XAUUSD,buy,in,0.11,2943.90,4394,-0.39,0.00,0.00,7 074.47,United SuperEMA long #M940001
2025.02.20 08:00:00,4395,XAUUSD,buy,in,0.58,2947.07,4395,-2.03,0.00,0.00,7 072.44,RSI Scalping Buy #M129102315
2025.02.20 08:55:10,4396,XAUUSD,sell,out,0.58,2948.07,4396,-2.03,0.00,58.00,7 128.41,sl 2948.07
2025.02.20 11:00:00,4397,XAUUSD,buy,in,0.02,2954.66,4397,-0.07,0.00,0.00,7 128.34,EMA Crossover Trade BUY #M12350
2025.02.20 11:00:00,4398,XAUUSD,buy,in,0.01,2954.68,4398,-0.04,0.00,0.00,7 128.30,WP Buy #M20260526
2025.02.20 11:00:01,4399,DE40,buy,in,0.1,22511.80,4399,0.00,0.00,0.00,7 128.30,SimpleTrendline BUY #M26042502
2025.02.20 11:36:34,4400,XAUUSD,sell,out,0.02,2951.14,4400,-0.07,0.00,-7.04,7 121.19,sl 2951.14
2025.02.20 13:15:00,4401,XAUUSD,sell,out,0.11,2951.08,4401,-0.39,0.00,78.98,7 199.78,
2025.02.20 14:24:35,4402,XAUUSD,sell,out,0.01,2939.65,4402,-0.04,0.00,-15.03,7 184.71,sl 2939.66
2025.02.20 15:15:03,4403,DE40,sell,out,0.1,22497.30,4403,0.00,0.00,-1.50,7 183.21,
2025.02.20 16:53:39,4404,NVDA.NAS,sell,out,58.3,137.58,4404,-1.17,-0.01,-104.36,7 077.67,sl 137.58
2025.02.20 17:00:00,4405,BTCUSD,sell,in,0.41,96990.79,4405,0.00,0.00,0.00,7 077.67,SimpleTrendline SELL #M26042501
2025.02.20 17:00:00,4406,NVDA.NAS,sell,in,58.9,137.15,4406,-1.18,0.00,0.00,7 076.49,RSI Scalping Sell #M20003
2025.02.20 17:00:00,4407,TSLA.NAS,sell,in,88.4,350.68,4407,-1.77,0.00,0.00,7 074.72,RSI Scalping Sell #M125421321
2025.02.20 17:15:00,4408,NVDA.NAS,buy,out,58.9,138.05,4408,-1.18,0.00,-53.01,7 020.53,
2025.02.20 17:30:00,4409,NVDA.NAS,buy,in,46.8,138.55,4409,-0.94,0.00,0.00,7 019.59,RSI Scalping Buy #M20003
2025.02.20 19:45:00,4410,XAUUSD,buy,in,0.02,2945.83,4410,-0.07,0.00,0.00,7 019.52,United SuperEMA long #M940001
2025.02.20 20:00:00,4411,BTCUSD,buy,out,0.41,97994.84,4411,0.00,0.00,-411.66,6 607.86,
2025.02.20 21:15:00,4412,XAUUSD,sell,out,0.02,2939.45,4412,-0.07,0.00,-12.76,6 595.03,
2025.02.21 19:58:22,4413,NVDA.NAS,sell,out,46.8,137.68,4413,-0.94,-0.01,-40.72,6 553.36,sl 137.69
2025.02.21 20:00:01,4414,TSLA.NAS,buy,out,88.4,339.55,4414,-1.77,0.00,983.89,7 535.48,
2025.02.21 21:00:00,4415,XAUUSD,buy,in,0.62,2941.99,4415,-2.17,0.00,0.00,7 533.31,RSI Scalping Buy #M129102315
2025.02.21 21:06:20,4416,XAUUSD,sell,out,0.62,2941.76,4416,-2.17,0.00,-14.26,7 516.88,sl 2941.76
2025.02.21 21:45:03,4417,XAUUSD,sell,in,0.12,2937.43,4417,-0.42,0.00,0.00,7 516.46,RSIConsolidation SELL #M2025042
2025.02.21 21:45:05,4418,XAUUSD,buy,out,0.12,2937.64,4418,-0.42,0.00,-2.52,7 513.52,
2025.02.24 03:00:00,4419,XAUUSD,sell,in,0.03,2930.04,4419,-0.11,0.00,0.00,7 513.41,SimpleTrendline SELL #M26042503
2025.02.24 03:45:00,4420,XAUUSD,buy,in,0.12,2929.74,4420,-0.42,0.00,0.00,7 512.99,RSIConsolidation BUY #M20250420
2025.02.24 04:30:00,4421,XAUUSD,sell,out,0.12,2931.47,4421,-0.42,0.00,20.76,7 533.33,
2025.02.24 05:00:01,4422,XAUUSD,buy,out,0.03,2941.02,4422,-0.11,0.00,-32.94,7 500.28,
2025.02.24 07:00:00,4423,XAUUSD,sell,in,0.12,2941.08,4423,-0.42,0.00,0.00,7 499.86,RSIConsolidation SELL #M2025042
2025.02.24 07:45:00,4424,XAUUSD,buy,out,0.12,2939.10,4424,-0.42,0.00,23.76,7 523.20,
2025.02.24 08:00:00,4425,XAUUSD,sell,in,0.18,2936.16,4425,-0.63,0.00,0.00,7 522.57,RSI Reverse SELL #M1002
2025.02.24 08:00:00,4426,XAUUSD,buy,out,0.18,2936.10,4426,-0.63,0.00,1.08,7 523.02,
2025.02.24 10:00:00,4427,XAUUSD,buy,in,0.62,2944.24,4427,-2.17,0.00,0.00,7 520.85,RSI Scalping Buy #M129102315
2025.02.24 10:01:47,4428,XAUUSD,sell,out,0.62,2944.16,4428,-2.17,0.00,-4.96,7 513.72,sl 2944.17
2025.02.24 10:30:00,4429,XAUUSD,sell,in,0.12,2942.39,4429,-0.42,0.00,0.00,7 513.30,RSIConsolidation SELL #M2025042
2025.02.24 10:45:00,4430,XAUUSD,buy,out,0.12,2940.46,4430,-0.42,0.00,23.16,7 536.04,
2025.02.24 11:30:00,4431,XAUUSD,sell,in,0.12,2946.20,4431,-0.42,0.00,0.00,7 535.62,RSIConsolidation SELL #M2025042
2025.02.24 12:15:00,4432,XAUUSD,buy,out,0.12,2943.19,4432,-0.42,0.00,36.12,7 571.32,
2025.02.24 14:00:00,4433,XAUUSD,buy,in,0.63,2947.69,4433,-2.21,0.00,0.00,7 569.11,RSI Scalping Buy #M129102315
2025.02.24 14:00:24,4434,XAUUSD,sell,out,0.63,2947.35,4434,-2.21,0.00,-21.42,7 545.48,sl 2947.42
2025.02.24 14:30:00,4435,XAUUSD,sell,in,0.12,2947.00,4435,-0.42,0.00,0.00,7 545.06,RSIConsolidation SELL #M2025042
2025.02.24 15:57:34,4436,XAUUSD,buy,out,0.12,2954.05,4436,-0.42,0.00,-84.60,7 460.04,sl 2954.04
2025.02.24 16:30:00,4437,XAUUSD,sell,in,0.12,2942.47,4437,-0.42,0.00,0.00,7 459.62,RSIConsolidation SELL #M2025042
2025.02.24 16:30:00,4438,XAUUSD,buy,out,0.12,2942.59,4438,-0.42,0.00,-1.44,7 457.76,
2025.02.24 16:45:00,4439,NVDA.NAS,buy,in,62.1,137.37,4439,-1.24,0.00,0.00,7 456.52,RSI Scalping Buy #M20003
2025.02.24 16:59:22,4440,NVDA.NAS,sell,out,62.1,134.81,4440,-1.24,0.00,-158.98,7 296.30,sl 134.82
2025.02.24 17:15:00,4441,NVDA.NAS,buy,in,24.3,135.26,4441,-0.49,0.00,0.00,7 295.81,RSI Scalping Buy #M20003
2025.02.24 22:15:05,4442,NVDA.NAS,sell,out,24.3,132.63,4442,-0.49,0.00,-63.91,7 231.41,
2025.02.24 23:00:00,4443,XAUUSD,buy,in,0.48,2950.76,4443,-1.68,0.00,0.00,7 229.73,RSI Scalping Buy #M129102315
2025.02.24 23:02:09,4444,XAUUSD,sell,out,0.48,2950.66,4444,-1.68,0.00,-4.80,7 223.25,sl 2950.66
2025.02.25 06:45:00,4445,XAUUSD,buy,in,0.09,2937.80,4445,-0.32,0.00,0.00,7 222.93,RSIConsolidation BUY #M20250420
2025.02.25 08:00:00,4446,XAUUSD,sell,in,0.14,2937.92,4446,-0.49,0.00,0.00,7 222.44,RSI Reverse SELL #M1002
2025.02.25 08:00:00,4447,XAUUSD,buy,out,0.14,2938.03,4447,-0.49,0.00,-1.54,7 220.41,
2025.02.25 09:15:09,4448,XAUUSD,sell,out,0.09,2939.18,4448,-0.32,0.00,12.42,7 232.51,
2025.02.25 09:30:00,4449,DE40,sell,in,0.1,22316.80,4449,0.00,0.00,0.00,7 232.51,SimpleTrendline SELL #M26042502
2025.02.25 10:15:00,4450,DE40,buy,out,0.1,22410.30,4450,0.00,0.00,-9.69,7 222.82,
2025.02.25 11:30:00,4451,XAUUSD,sell,in,0.12,2939.37,4451,-0.42,0.00,0.00,7 222.40,RSIConsolidation SELL #M2025042
2025.02.25 12:00:00,4452,XAUUSD,buy,out,0.12,2938.93,4452,-0.42,0.00,5.28,7 227.26,
2025.02.25 17:00:24,4453,XAUUSD,sell,in,0.12,2932.96,4453,-0.42,0.00,0.00,7 226.84,RSIConsolidation SELL #M2025042
2025.02.25 17:00:25,4454,XAUUSD,buy,out,0.12,2933.13,4454,-0.42,0.00,-2.04,7 224.38,
2025.02.25 17:30:01,4455,XAUUSD,sell,in,0.03,2910.06,4455,-0.11,0.00,0.00,7 224.27,United SuperEMA short #M940001
2025.02.25 18:00:00,4456,XAUUSD,sell,out,0.18,2905.76,4456,-0.63,-65.38,-500.22,6 658.04,
2025.02.25 21:00:00,4457,XAUUSD,buy,out,0.03,2909.55,4457,-0.11,0.00,1.53,6 659.46,
2025.03.03 01:05:18,4458,DE40,buy,in,0.1,22624.60,4458,0.00,0.00,0.00,6 659.46,SimpleTrendline BUY #M26042502
2025.03.03 01:15:00,4459,DE40,sell,out,0.1,22664.50,4459,0.00,0.00,4.13,6 663.59,
2025.03.03 09:45:00,4460,DE40,buy,in,0.1,22646.90,4460,0.00,0.00,0.00,6 663.59,SimpleTrendline BUY #M26042502
2025.03.03 10:30:00,4461,DE40,sell,out,0.1,22551.40,4461,0.00,0.00,-9.89,6 653.70,
2025.03.03 11:00:00,4462,XAUUSD,buy,in,0.02,2868.86,4462,-0.07,0.00,0.00,6 653.63,SimpleTrendline BUY #M26042503
2025.03.03 12:00:00,4463,XAUUSD,buy,in,0.11,2867.56,4463,-0.39,0.00,0.00,6 653.24,United SuperEMA long #M940001
2025.03.03 14:00:00,4464,XAUUSD,buy,in,0.55,2874.48,4464,-1.93,0.00,0.00,6 651.31,RSI Scalping Buy #M129102315
2025.03.03 14:04:42,4465,XAUUSD,sell,out,0.55,2875.48,4465,-1.93,0.00,55.00,6 704.38,sl 2875.49
2025.03.03 15:30:00,4466,XAUUSD,sell,out,0.11,2870.40,4466,-0.39,0.00,31.24,6 735.23,
2025.03.03 17:00:00,4467,XAUUSD,buy,in,0.56,2877.49,4467,-1.96,0.00,0.00,6 733.27,RSI Scalping Buy #M129102315
2025.03.03 17:01:21,4468,XAUUSD,sell,out,0.56,2877.75,4468,-1.96,0.00,14.56,6 745.87,sl 2877.75
2025.03.03 17:15:00,4469,NVDA.NAS,sell,in,28.1,118.66,4469,-0.56,0.00,0.00,6 745.31,RSI Scalping Sell #M20003
2025.03.03 18:30:00,4470,NVDA.NAS,buy,out,28.1,119.24,4470,-0.56,0.00,-16.30,6 728.45,
2025.03.03 19:00:00,4471,XAUUSD,buy,in,0.02,2891.52,4471,-0.07,0.00,0.00,6 728.38,EMA Crossover Trade BUY #M12350
2025.03.03 19:24:06,4472,XAUUSD,sell,out,0.02,2889.21,4472,-0.07,0.00,-4.62,6 723.69,sl 2889.21
2025.03.03 19:45:00,4473,NVDA.NAS,sell,in,28,117.95,4473,-0.56,0.00,0.00,6 723.13,RSI Scalping Sell #M20003
2025.03.03 20:00:00,4474,TSLA.NAS,sell,in,84,289.90,4474,-1.68,0.00,0.00,6 721.45,RSI Scalping Sell #M125421321
2025.03.03 20:00:00,4475,XAUUSD,buy,in,0.01,2890.92,4475,-0.04,0.00,0.00,6 721.41,WP Buy #M20260526
2025.03.03 20:00:00,4476,NVDA.NAS,buy,out,28,116.79,4476,-0.56,0.00,32.48,6 753.33,
2025.03.03 21:00:00,4477,NVDA.NAS,buy,in,28.1,116.53,4477,-0.56,0.00,0.00,6 752.77,RSI Scalping Buy #M20003
2025.03.03 22:12:16,4478,NVDA.NAS,sell,out,28.1,113.84,4478,-0.56,0.00,-75.59,6 676.62,sl 113.84
2025.03.03 23:00:00,4479,XBRUSD,sell,in,0.5,71.69,4479,0.00,0.00,0.00,6 676.62,WP Sell #M20260534
2025.03.04 00:10:43,4480,BTCUSD,sell,in,0.01,85987.66,4480,0.00,0.00,0.00,6 676.62,WP Sell #M20260527
2025.03.04 00:26:27,4481,BTCUSD,buy,out,0.01,86485.93,4481,0.00,0.00,-4.98,6 671.64,sl 86484.97
2025.03.04 05:00:00,4482,XAUUSD,sell,out,0.02,2885.39,4482,-0.07,-1.04,33.06,6 703.59,
2025.03.04 05:00:00,4483,XAUUSD,sell,in,0.02,2885.39,4483,-0.07,0.00,0.00,6 703.52,SimpleTrendline SELL #M26042503
2025.03.04 06:00:00,4484,XAUUSD,buy,in,0.55,2888.57,4484,-1.93,0.00,0.00,6 701.59,RSI Scalping Buy #M129102315
2025.03.04 06:00:01,4485,XAUUSD,buy,out,0.02,2888.57,4485,-0.07,0.00,-6.36,6 695.16,
2025.03.04 06:25:17,4486,XAUUSD,sell,out,0.55,2888.45,4486,-1.93,0.00,-6.60,6 686.63,sl 2888.45
2025.03.04 06:45:00,4487,XAUUSD,buy,in,0.11,2891.96,4487,-0.39,0.00,0.00,6 686.24,United SuperEMA long #M940001
2025.03.04 08:15:00,4488,XAUUSD,sell,out,0.11,2887.94,4488,-0.39,0.00,-44.22,6 641.63,
2025.03.04 08:15:06,4489,DE40,sell,in,0.1,22999.90,4489,0.00,0.00,0.00,6 641.63,SimpleTrendline SELL #M26042502
2025.03.04 08:30:00,4490,DE40,buy,out,0.1,23026.90,4490,0.00,0.00,-2.80,6 638.83,
2025.03.04 09:30:01,4491,XAUUSD,buy,in,0.08,2899.74,4491,-0.28,0.00,0.00,6 638.55,United SuperEMA long #M940001
2025.03.04 10:00:00,4492,XAUUSD,buy,in,0.02,2899.86,4492,-0.07,0.00,0.00,6 638.48,EMA Crossover Trade BUY #M12350
2025.03.04 10:00:00,4493,XAUUSD,buy,in,0.44,2899.76,4493,-1.54,0.00,0.00,6 636.94,RSI Scalping Buy #M129102315
2025.03.04 10:00:00,4494,XAUUSD,buy,in,0.02,2899.71,4494,-0.07,0.00,0.00,6 636.87,SimpleTrendline BUY #M26042503
2025.03.04 10:09:57,4495,XAUUSD,sell,out,0.44,2900.40,4495,-1.54,0.00,28.16,6 663.49,sl 2900.40
2025.03.04 10:24:06,4496,XAUUSD,sell,out,0.02,2906.58,4496,-0.07,0.00,13.44,6 676.86,sl 2906.60
2025.03.04 10:51:14,4497,XAUUSD,sell,out,0.01,2911.11,4497,-0.04,-0.52,20.19,6 696.49,sl 2911.13
2025.03.04 11:00:00,4498,XAUUSD,buy,in,0.02,2914.27,4498,-0.07,0.00,0.00,6 696.42,EMA Crossover Trade BUY #M12350
2025.03.04 11:37:59,4499,XAUUSD,sell,out,0.02,2917.38,4499,-0.07,0.00,6.22,6 702.57,sl 2917.42
2025.03.04 12:00:00,4500,XAUUSD,buy,in,0.02,2918.16,4500,-0.07,0.00,0.00,6 702.50,EMA Crossover Trade BUY #M12350
2025.03.04 12:00:00,4501,XAUUSD,buy,in,0.01,2918.06,4501,-0.04,0.00,0.00,6 702.46,WP Buy #M20260526
2025.03.04 13:00:00,4502,XAUUSD,sell,in,0.55,2914.55,4502,-1.93,0.00,0.00,6 700.53,RSI Scalping Sell #M129102315
2025.03.04 13:01:54,4503,XAUUSD,buy,out,0.55,2913.94,4503,-1.93,0.00,33.55,6 732.15,sl 2913.91
2025.03.04 14:34:12,4504,XAUUSD,sell,out,0.02,2920.11,4504,-0.07,0.00,3.90,6 735.98,sl 2920.14
2025.03.04 15:00:00,4505,XAUUSD,buy,in,0.14,2925.21,4505,-0.49,0.00,0.00,6 735.49,EMA Crossover Trade BUY #M12350
2025.03.04 15:20:06,4506,XAUUSD,sell,out,0.14,2924.10,4506,-0.49,0.00,-15.54,6 719.46,sl 2924.11
2025.03.04 15:44:45,4507,XAUUSD,sell,out,0.01,2920.28,4507,-0.04,0.00,2.22,6 721.64,sl 2920.31
2025.03.04 16:00:00,4508,XAUUSD,buy,in,0.14,2922.72,4508,-0.49,0.00,0.00,6 721.15,EMA Crossover Trade BUY #M12350
2025.03.04 16:12:04,4509,XAUUSD,sell,out,0.14,2919.34,4509,-0.49,0.00,-47.32,6 673.34,sl 2919.34
2025.03.04 16:30:00,4510,XAUUSD,sell,out,0.08,2916.53,4510,-0.28,0.00,134.32,6 807.38,
2025.03.04 17:00:00,4511,XAUUSD,sell,in,0.56,2903.36,4511,-1.96,0.00,0.00,6 805.42,RSI Scalping Sell #M129102315
2025.03.04 17:00:00,4512,XAUUSD,sell,out,0.02,2903.13,4512,-0.07,0.00,6.84,6 812.19,
2025.03.04 17:00:00,4513,TSLA.NAS,buy,out,84,266.04,4513,-1.68,0.00,2 004.24,8 814.75,
2025.03.04 17:00:04,4514,XAUUSD,buy,out,0.56,2901.33,4514,-1.96,0.00,113.68,8 926.47,sl 2901.28
2025.03.04 17:01:55,4515,SOXX.NAS,sell,in,0.1,199.310,4515,-0.02,0.00,0.00,8 926.45,WP Sell #M20260532
2025.03.04 17:02:49,4516,SOXX.NAS,buy,out,0.1,198.710,4516,-0.02,0.00,0.06,8 926.49,tp 198.710
2025.03.04 17:45:00,4517,NVDA.NAS,buy,in,37.1,112.94,4517,-0.74,0.00,0.00,8 925.75,RSI Scalping Buy #M20003
2025.03.04 18:00:15,4518,SOXX.NAS,sell,in,0.1,199.150,4518,-0.02,0.00,0.00,8 925.73,WP Sell #M20260532
2025.03.04 18:00:50,4519,SOXX.NAS,buy,out,0.1,199.480,4519,-0.02,0.00,-0.03,8 925.68,sl 199.450
2025.03.04 18:58:34,4520,XBRUSD,buy,out,0.5,70.98,4520,0.00,-5.66,35.50,8 955.52,sl 70.98
2025.03.04 19:00:00,4521,XAUUSD,buy,in,0.03,2915.30,4521,-0.11,0.00,0.00,8 955.41,EMA Crossover Trade BUY #M12350
2025.03.04 19:00:00,4522,XAUUSD,buy,in,0.74,2915.29,4522,-2.59,0.00,0.00,8 952.82,RSI Scalping Buy #M129102315
2025.03.04 19:05:09,4523,XAUUSD,sell,out,0.74,2915.53,4523,-2.59,0.00,17.76,8 967.99,sl 2915.53
2025.03.04 19:32:20,4524,XAUUSD,sell,out,0.03,2912.70,4524,-0.11,0.00,-7.80,8 960.08,sl 2912.72
2025.03.04 20:00:00,4525,XAUUSD,buy,in,0.03,2911.68,4525,-0.11,0.00,0.00,8 959.97,EMA Crossover Trade BUY #M12350
2025.03.04 20:22:53,4526,XAUUSD,sell,out,0.03,2911.49,4526,-0.11,0.00,-0.57,8 959.29,sl 2911.52
2025.03.04 22:00:00,4527,XAUUSD,buy,in,0.03,2916.05,4527,-0.11,0.00,0.00,8 959.18,EMA Crossover Trade BUY #M12350
2025.03.04 22:00:00,4528,XAUUSD,buy,in,0.14,2916.05,4528,-0.49,0.00,0.00,8 958.69,United SuperEMA long #M940001
2025.03.04 22:00:00,4529,XAUUSD,buy,in,0.07,2916.05,4529,-0.25,0.00,0.00,8 958.44,SimpleTrendline BUY #M26042503
2025.03.04 22:32:24,4530,XAUUSD,sell,out,0.03,2916.82,4530,-0.11,0.00,2.31,8 960.64,sl 2916.85
2025.03.04 22:51:50,4531,NVDA.NAS,sell,out,37.1,115.52,4531,-0.74,0.00,95.72,9 055.62,sl 115.54
2025.03.05 02:00:00,4532,XAUUSD,sell,out,0.14,2914.62,4532,-0.49,-7.26,-20.02,9 027.85,
2025.03.05 04:00:00,4533,XAUUSD,sell,out,0.07,2907.18,4533,-0.25,-3.63,-62.09,8 961.88,
2025.03.05 05:00:00,4534,XAUUSD,sell,in,0.07,2904.33,4534,-0.25,0.00,0.00,8 961.63,SimpleTrendline SELL #M26042503
2025.03.05 07:30:00,4535,XAUUSD,buy,in,0.14,2912.06,4535,-0.49,0.00,0.00,8 961.14,United SuperEMA long #M940001
2025.03.05 08:00:00,4536,XAUUSD,buy,in,0.74,2918.86,4536,-2.59,0.00,0.00,8 958.55,RSI Scalping Buy #M129102315
2025.03.05 08:00:00,4537,XAUUSD,buy,out,0.07,2918.86,4537,-0.25,0.00,-101.71,8 856.59,
2025.03.05 08:03:06,4538,XAUUSD,sell,out,0.74,2918.54,4538,-2.59,0.00,-23.68,8 830.32,sl 2918.59
2025.03.05 11:30:01,4539,XAUUSD,sell,out,0.14,2916.52,4539,-0.49,0.00,62.44,8 892.27,
2025.03.05 15:00:03,4540,BTCUSD,buy,in,0.02,90401.21,4540,0.00,0.00,0.00,8 892.27,WP Buy #M20260527
2025.03.05 15:09:28,4541,BTCUSD,sell,out,0.02,89850.40,4541,0.00,0.00,-11.02,8 881.25,sl 89882.73
2025.03.05 16:00:00,4542,XAUUSD,sell,in,0.07,2899.98,4542,-0.25,0.00,0.00,8 881.00,SimpleTrendline SELL #M26042503
2025.03.05 17:15:01,4543,NVDA.NAS,buy,in,37,116.14,4543,-0.74,0.00,0.00,8 880.26,RSI Scalping Buy #M20003
2025.03.05 17:30:00,4544,XAUUSD,buy,in,0.14,2918.37,4544,-0.49,0.00,0.00,8 879.77,United SuperEMA long #M940001
2025.03.05 18:00:00,4545,XAUUSD,buy,out,0.07,2917.40,4545,-0.25,0.00,-121.94,8 757.58,
2025.03.05 18:00:00,4546,XAUUSD,buy,in,0.07,2917.38,4546,-0.25,0.00,0.00,8 757.33,SimpleTrendline BUY #M26042503
2025.03.05 19:00:00,4547,XAUUSD,buy,in,0.72,2923.98,4547,-2.52,0.00,0.00,8 754.81,RSI Scalping Buy #M129102315
2025.03.05 19:00:35,4548,XAUUSD,sell,out,0.72,2924.54,4548,-2.52,0.00,40.32,8 792.61,sl 2924.54
2025.03.05 20:00:00,4549,XAUUSD,sell,out,0.14,2916.10,4549,-0.49,0.00,-31.78,8 760.34,
2025.03.05 20:00:00,4550,XAUUSD,sell,out,0.07,2916.14,4550,-0.25,0.00,-8.68,8 751.41,
2025.03.05 23:00:00,4551,XAUUSD,buy,in,0.21,2922.36,4551,-0.74,0.00,0.00,8 750.67,RSI Follow BUY #M1001
2025.03.05 23:00:00,4552,XAUUSD,buy,in,0.72,2922.28,4552,-2.52,0.00,0.00,8 748.15,RSI Scalping Buy #M129102315
2025.03.05 23:00:00,4553,XAUUSD,buy,in,0.14,2922.34,4553,-0.49,0.00,0.00,8 747.66,United SuperEMA long #M940001
2025.03.05 23:30:04,4554,XAUUSD,sell,in,0.14,2919.53,4554,-0.49,0.00,0.00,8 747.17,RSIConsolidation SELL #M2025042
2025.03.05 23:30:06,4555,XAUUSD,buy,out,0.14,2919.67,4555,-0.49,0.00,-1.96,8 744.72,
2025.03.05 23:45:00,4556,XAUUSD,sell,out,0.14,2918.14,4556,-0.49,0.00,-58.80,8 685.43,
2025.03.06 03:45:00,4557,XAUUSD,buy,in,0.11,2922.77,4557,-0.39,0.00,0.00,8 685.04,United SuperEMA long #M940001
2025.03.06 03:45:15,4558,XAUUSD,sell,out,0.72,2922.16,4558,-2.52,-112.08,-8.64,8 561.80,sl 2922.21
2025.03.06 04:00:00,4559,XAUUSD,buy,in,0.57,2924.94,4559,-2.00,0.00,0.00,8 559.80,RSI Scalping Buy #M129102315
2025.03.06 04:00:00,4560,XAUUSD,buy,in,0.02,2925.01,4560,-0.07,0.00,0.00,8 559.73,SimpleTrendline BUY #M26042503
2025.03.06 04:07:02,4561,XAUUSD,sell,out,0.57,2925.81,4561,-2.00,0.00,49.59,8 607.32,sl 2925.81
2025.03.06 05:30:00,4562,XAUUSD,sell,in,0.14,2923.12,4562,-0.49,0.00,0.00,8 606.83,RSIConsolidation SELL #M2025042
2025.03.06 05:45:00,4563,XAUUSD,buy,out,0.14,2920.83,4563,-0.49,0.00,32.06,8 638.40,
2025.03.06 06:00:00,4564,XAUUSD,sell,out,0.11,2921.27,4564,-0.39,0.00,-16.50,8 621.51,
2025.03.06 07:00:00,4565,XAUUSD,sell,in,0.21,2917.38,4565,-0.74,0.00,0.00,8 620.77,RSI Reverse SELL #M1002
2025.03.06 07:00:00,4566,XAUUSD,buy,out,0.21,2917.45,4566,-0.74,0.00,-1.47,8 618.56,
2025.03.06 07:00:00,4567,XAUUSD,sell,out,0.02,2917.35,4567,-0.07,0.00,-15.32,8 603.17,
2025.03.06 07:00:10,4568,BTCUSD,buy,in,0.02,92303.52,4568,0.00,0.00,0.00,8 603.17,WP Buy #M20260527
2025.03.06 08:03:30,4569,BTCUSD,sell,out,0.02,92502.65,4569,0.00,0.00,3.98,8 607.15,sl 92505.32
2025.03.06 08:05:08,4570,BTCUSD,buy,in,0.02,92433.05,4570,0.00,0.00,0.00,8 607.15,WP Buy #M20260527
2025.03.06 08:30:00,4571,DE40,buy,in,0.1,23247.10,4571,0.00,0.00,0.00,8 607.15,SimpleTrendline BUY #M26042502
2025.03.06 08:32:57,4572,BTCUSD,sell,out,0.02,91908.92,4572,0.00,0.00,-10.48,8 596.67,sl 91930.02
2025.03.06 11:00:00,4573,DE40,sell,out,0.1,23251.80,4573,0.00,0.00,0.49,8 597.16,
2025.03.06 11:45:00,4574,DE40,buy,in,0.1,23254.80,4574,0.00,0.00,0.00,8 597.16,SimpleTrendline BUY #M26042502
2025.03.06 12:00:00,4575,DE40,sell,out,0.1,23156.30,4575,0.00,0.00,-10.20,8 586.96,
2025.03.06 12:15:00,4576,DE40,sell,in,0.1,23109.30,4576,0.00,0.00,0.00,8 586.96,SimpleTrendline SELL #M26042502
2025.03.06 12:30:00,4577,DE40,buy,out,0.1,23165.80,4577,0.00,0.00,-5.85,8 581.11,
2025.03.06 16:35:00,4578,NVDA.NAS,sell,out,37,113.66,4578,-0.74,-0.01,-91.76,8 488.60,sl 114.53
2025.03.06 16:45:00,4579,NVDA.NAS,sell,in,35.3,113.05,4579,-0.71,0.00,0.00,8 487.89,RSI Scalping Sell #M20003
2025.03.06 16:45:00,4580,XAUUSD,sell,in,0.14,2912.49,4580,-0.49,0.00,0.00,8 487.40,RSIConsolidation SELL #M2025042
2025.03.06 17:00:00,4581,NVDA.NAS,buy,out,35.3,113.51,4581,-0.71,0.00,-16.24,8 470.45,
2025.03.06 17:15:01,4582,DE40,buy,in,0.1,23347.80,4582,0.00,0.00,0.00,8 470.45,SimpleTrendline BUY #M26042502
2025.03.06 17:30:00,4583,NVDA.NAS,buy,in,28.2,114.84,4583,-0.56,0.00,0.00,8 469.89,RSI Scalping Buy #M20003
2025.03.06 19:00:00,4584,DE40,sell,out,0.1,23246.20,4584,0.00,0.00,-10.53,8 459.36,
2025.03.06 19:30:02,4585,NVDA.NAS,sell,out,28.2,111.63,4585,-0.56,0.00,-90.52,8 368.28,
2025.03.06 20:00:00,4586,XAUUSD,buy,out,0.14,2915.58,4586,-0.49,0.00,-43.26,8 324.53,
2025.03.06 21:00:01,4587,NVDA.NAS,buy,in,27.7,111.63,4587,-0.55,0.00,0.00,8 323.98,RSI Scalping Buy #M20003
2025.03.06 23:30:00,4588,DE40,buy,in,0.1,23270.50,4588,0.00,0.00,0.00,8 323.98,SimpleTrendline BUY #M26042502
2025.03.07 01:30:00,4589,DE40,sell,out,0.1,23246.80,4589,0.00,-0.47,-2.46,8 321.05,
2025.03.07 02:45:01,4590,XAUUSD,buy,in,0.06,2905.25,4590,-0.21,0.00,0.00,8 320.84,RSIConsolidation BUY #M20250420
2025.03.07 03:45:01,4591,XAUUSD,sell,out,0.06,2910.11,4591,-0.21,0.00,29.16,8 349.79,
2025.03.07 05:00:00,4592,AUDUSD,sell,in,0.07,0.63145,4592,-0.25,0.00,0.00,8 349.54,WP Sell #M20260525
2025.03.07 08:15:00,4593,XAUUSD,sell,in,0.08,2909.87,4593,-0.28,0.00,0.00,8 349.26,RSIConsolidation SELL #M2025042
2025.03.07 08:33:09,4594,XAUUSD,buy,out,0.08,2914.61,4594,-0.28,0.00,-37.92,8 311.06,sl 2914.60
2025.03.07 09:00:00,4595,XAUUSD,sell,in,0.2,2913.52,4595,-0.70,0.00,0.00,8 310.36,RSI Reverse SELL #M1002
2025.03.07 09:00:00,4596,XAUUSD,buy,out,0.2,2913.52,4596,-0.70,0.00,0.00,8 309.66,
2025.03.07 09:45:00,4597,XAUUSD,sell,in,0.13,2915.54,4597,-0.46,0.00,0.00,8 309.20,RSIConsolidation SELL #M2025042
2025.03.07 10:00:00,4598,XAUUSD,buy,in,0.69,2917.31,4598,-2.42,0.00,0.00,8 306.78,RSI Scalping Buy #M129102315
2025.03.07 10:01:14,4599,XAUUSD,sell,out,0.69,2917.14,4599,-2.42,0.00,-11.73,8 292.63,sl 2917.17
2025.03.07 10:31:51,4600,XAUUSD,buy,out,0.13,2920.95,4600,-0.46,0.00,-70.33,8 221.84,sl 2920.95
2025.03.07 11:00:00,4601,EURUSD,buy,in,0.09,1.08508,4601,-0.32,0.00,0.00,8 221.52,WP Buy #M20260524
2025.03.07 11:14:18,4602,AUDUSD,buy,out,0.07,0.63208,4602,-0.25,0.00,-4.41,8 216.86,sl 0.63208
2025.03.07 14:11:44,4603,EURUSD,sell,out,0.09,1.08414,4603,-0.32,0.00,-8.46,8 208.08,sl 1.08414
2025.03.07 17:00:00,4604,XAUUSD,buy,in,0.54,2926.82,4604,-1.89,0.00,0.00,8 206.19,RSI Scalping Buy #M129102315
2025.03.07 17:01:40,4605,XAUUSD,sell,out,0.54,2929.22,4605,-1.89,0.00,129.60,8 333.90,sl 2929.22
2025.03.07 17:32:21,4606,NVDA.NAS,sell,out,27.7,109.55,4606,-0.55,0.00,-57.62,8 275.73,sl 109.72
2025.03.07 18:30:00,4607,NVDA.NAS,sell,in,34.4,109.71,4607,-0.69,0.00,0.00,8 275.04,RSI Scalping Sell #M20003
2025.03.07 18:45:00,4608,NVDA.NAS,buy,out,34.4,109.30,4608,-0.69,0.00,14.10,8 288.45,
2025.03.07 19:00:00,4609,TSLA.NAS,sell,in,0.1,252.62,4609,-0.02,0.00,0.00,8 288.43,WP Sell #M20260530
2025.03.07 19:15:00,4610,DE40,sell,in,0.1,22967.70,4610,0.00,0.00,0.00,8 288.43,SimpleTrendline SELL #M26042502
2025.03.07 19:28:48,4611,TSLA.NAS,buy,out,0.1,255.62,4611,-0.02,0.00,-0.30,8 288.11,sl 255.62
2025.03.07 19:30:00,4612,NVDA.NAS,buy,in,20.7,108.98,4612,-0.41,0.00,0.00,8 287.70,RSI Scalping Buy #M20003
2025.03.07 19:30:00,4613,DE40,buy,out,0.1,23024.50,4613,0.00,0.00,-6.16,8 281.54,
2025.03.07 20:45:02,4614,DE40,buy,in,0.1,23138.50,4614,0.00,0.00,0.00,8 281.54,SimpleTrendline BUY #M26042502
2025.03.10 01:15:00,4615,DE40,sell,out,0.1,23005.70,4615,0.00,-1.47,-14.40,8 265.67,
2025.03.10 01:45:03,4616,XAUUSD,sell,in,0.13,2911.89,4616,-0.46,0.00,0.00,8 265.21,RSIConsolidation SELL #M2025042
2025.03.10 02:45:52,4617,XAUUSD,buy,out,0.13,2916.74,4617,-0.46,0.00,-63.05,8 201.70,sl 2916.70
2025.03.10 10:00:00,4618,XAUUSD,sell,in,0.16,2914.44,4618,-0.56,0.00,0.00,8 201.14,RSI Reverse SELL #M1002
2025.03.10 10:00:00,4619,XAUUSD,buy,out,0.16,2914.74,4619,-0.56,0.00,-4.80,8 195.78,
2025.03.10 10:30:00,4620,XAUUSD,sell,in,0.1,2915.15,4620,-0.35,0.00,0.00,8 195.43,RSIConsolidation SELL #M2025042
2025.03.10 10:53:18,4621,XAUUSD,buy,out,0.1,2909.33,4621,-0.35,0.00,58.20,8 253.28,tp 2909.34
2025.03.10 11:00:00,4622,XAUUSD,sell,in,0.08,2908.38,4622,-0.28,0.00,0.00,8 253.00,RSIConsolidation SELL #M2025042
2025.03.10 11:00:00,4623,XAUUSD,buy,out,0.08,2908.24,4623,-0.28,0.00,1.12,8 253.84,
2025.03.10 17:01:30,4624,NVDA.NAS,sell,out,20.7,109.16,4624,-0.41,-0.01,3.73,8 257.15,sl 109.17
2025.03.10 17:15:00,4625,NVDA.NAS,sell,in,20.6,108.92,4625,-0.41,0.00,0.00,8 256.74,RSI Scalping Sell #M20003
2025.03.10 17:30:00,4626,NVDA.NAS,buy,out,20.6,108.09,4626,-0.41,0.00,17.10,8 273.43,
2025.03.10 19:00:00,4627,NVDA.NAS,sell,in,41.3,107.18,4627,-0.83,0.00,0.00,8 272.60,RSI Scalping Sell #M20003
2025.03.10 19:00:01,4628,TSLA.NAS,sell,in,0.1,238.66,4628,-0.02,0.00,0.00,8 272.58,WP Sell #M20260530
2025.03.10 19:13:09,4629,TSLA.NAS,buy,out,0.1,237.19,4629,-0.02,0.00,0.15,8 272.71,sl 237.19
2025.03.10 20:00:01,4630,TSLA.NAS,sell,in,0.1,230.95,4630,-0.02,0.00,0.00,8 272.69,WP Sell #M20260530
2025.03.10 20:01:24,4631,BTCUSD,sell,in,0.01,79068.09,4631,0.00,0.00,0.00,8 272.69,WP Sell #M20260527
2025.03.10 20:09:18,4632,BTCUSD,buy,out,0.01,78673.38,4632,0.00,0.00,3.95,8 276.64,sl 78663.86
2025.03.10 20:14:04,4633,TSLA.NAS,buy,out,0.1,227.53,4633,-0.02,0.00,0.34,8 276.96,sl 227.47
2025.03.10 20:15:00,4634,NVDA.NAS,buy,out,41.3,106.88,4634,-0.83,0.00,12.39,8 288.52,
2025.03.10 20:15:00,4635,NVDA.NAS,sell,in,22,106.86,4635,-0.44,0.00,0.00,8 288.08,RSI Scalping Sell #M20003
2025.03.10 20:30:02,4636,NVDA.NAS,buy,out,22,107.05,4636,-0.44,0.00,-4.18,8 283.46,
2025.03.10 21:00:00,4637,XAUUSD,sell,out,0.21,2886.13,4637,-0.74,-54.49,-760.83,7 467.40,
2025.03.10 21:00:00,4638,TSLA.NAS,sell,in,0.1,225.72,4638,-0.02,0.00,0.00,7 467.38,WP Sell #M20260530
2025.03.10 21:03:47,4639,BTCUSD,sell,in,0.01,78576.96,4639,0.00,0.00,0.00,7 467.38,WP Sell #M20260527
2025.03.10 21:10:25,4640,BTCUSD,buy,out,0.01,78437.29,4640,0.00,0.00,1.40,7 468.78,sl 78421.80
2025.03.10 21:11:32,4641,TSLA.NAS,buy,out,0.1,226.18,4641,-0.02,0.00,-0.05,7 468.71,sl 226.07
2025.03.10 21:15:00,4642,NVDA.NAS,buy,in,62.2,106.97,4642,-1.24,0.00,0.00,7 467.47,RSI Scalping Buy #M20003
2025.03.10 22:00:00,4643,TSLA.NAS,sell,in,0.1,222.77,4643,-0.02,0.00,0.00,7 467.45,WP Sell #M20260530
2025.03.10 22:00:00,4644,XTIUSD,sell,in,0.5,65.87,4644,0.00,0.00,0.00,7 467.45,WP Sell #M20260533
2025.03.10 22:00:21,4645,BTCUSD,sell,in,0.01,77470.19,4645,0.00,0.00,0.00,7 467.45,WP Sell #M20260527
2025.03.10 22:12:44,4646,TSLA.NAS,buy,out,0.1,222.59,4646,-0.02,0.00,0.02,7 467.45,sl 222.55
2025.03.10 22:14:18,4647,BTCUSD,buy,out,0.01,77972.49,4647,0.00,0.00,-5.02,7 462.43,sl 77970.19
2025.03.11 13:00:00,4648,EURUSD,buy,in,0.11,1.09085,4648,-0.39,0.00,0.00,7 462.04,WP Buy #M20260524
2025.03.11 17:12:53,4649,EURUSD,sell,out,0.11,1.09009,4649,-0.39,0.00,-8.36,7 453.29,sl 1.09009
2025.03.11 17:24:21,4650,NVDA.NAS,sell,out,62.2,107.18,4650,-1.24,-0.01,13.06,7 465.10,sl 107.23
2025.03.11 18:00:00,4651,NVDA.NAS,buy,in,62.2,106.30,4651,-1.24,0.00,0.00,7 463.86,RSI Scalping Buy #M20003
2025.03.12 03:16:01,4652,DE40,sell,in,0.1,22485.30,4652,0.00,0.00,0.00,7 463.86,SimpleTrendline SELL #M26042502
2025.03.12 03:30:02,4653,DE40,buy,out,0.1,22485.80,4653,0.00,0.00,-0.05,7 463.81,
2025.03.12 16:31:38,4654,XTIUSD,buy,out,0.5,67.37,4654,0.00,-14.56,-75.00,7 374.25,sl 67.37
2025.03.12 17:00:00,4655,DE40,buy,in,0.1,22692.90,4655,0.00,0.00,0.00,7 374.25,SimpleTrendline BUY #M26042502
2025.03.12 17:15:02,4656,DE40,sell,out,0.1,22613.90,4656,0.00,0.00,-8.61,7 365.64,
2025.03.12 18:07:37,4657,NVDA.NAS,sell,out,62.2,113.01,4657,-1.24,-0.01,417.36,7 781.75,sl 113.01
2025.03.13 01:30:02,4658,DE40,buy,in,0.1,22685.00,4658,0.00,0.00,0.00,7 781.75,SimpleTrendline BUY #M26042502
2025.03.13 03:45:02,4659,DE40,sell,out,0.1,22685.20,4659,0.00,0.00,0.02,7 781.77,
2025.03.13 12:45:02,4660,DE40,buy,in,0.1,22656.20,4660,0.00,0.00,0.00,7 781.77,SimpleTrendline BUY #M26042502
2025.03.13 14:15:04,4661,DE40,sell,out,0.1,22623.70,4661,0.00,0.00,-3.54,7 778.23,
2025.03.13 14:45:00,4662,DE40,sell,in,0.1,22508.70,4662,0.00,0.00,0.00,7 778.23,SimpleTrendline SELL #M26042502
2025.03.13 16:35:00,4663,TSLA.NAS,sell,in,97.2,244.33,4663,-1.94,0.00,0.00,7 776.29,RSI Scalping Sell #M125421321
2025.03.13 17:15:00,4664,NVDA.NAS,buy,in,64.8,116.12,4664,-1.30,0.00,0.00,7 774.99,RSI Scalping Buy #M20003
2025.03.13 19:15:01,4665,DE40,buy,out,0.1,22561.70,4665,0.00,0.00,-5.78,7 769.21,
2025.03.13 22:02:24,4666,TSLA.NAS,buy,out,97.2,242.59,4666,-1.94,0.00,169.13,7 936.40,sl 242.57
2025.03.14 19:00:00,4667,BTCUSD,buy,in,0.66,84768.16,4667,0.00,0.00,0.00,7 936.40,RSI Scalping Buy #M123459123
2025.03.14 19:00:03,4668,BTCUSD,sell,out,0.66,84769.10,4668,0.00,0.00,0.62,7 937.02,sl 84773.18
2025.03.17 01:15:04,4669,XAUUSD,buy,in,0.13,2990.08,4669,-0.46,0.00,0.00,7 936.56,United SuperEMA long #M940001
2025.03.17 02:00:00,4670,XAUUSD,buy,in,0.66,2989.23,4670,-2.31,0.00,0.00,7 934.25,RSI Scalping Buy #M129102315
2025.03.17 02:00:00,4671,XAUUSD,buy,in,0.03,2989.20,4671,-0.11,0.00,0.00,7 934.14,SimpleTrendline BUY #M26042503
2025.03.17 02:21:37,4672,XAUUSD,sell,out,0.66,2991.74,4672,-2.31,0.00,165.66,8 097.49,sl 2991.74
2025.03.17 05:15:00,4673,XAUUSD,sell,out,0.13,2989.74,4673,-0.46,0.00,-4.42,8 092.61,
2025.03.17 08:00:00,4674,XAUUSD,sell,out,0.03,2983.09,4674,-0.11,0.00,-18.33,8 074.17,
2025.03.17 08:00:01,4675,XAUUSD,sell,in,0.03,2983.05,4675,-0.11,0.00,0.00,8 074.06,SimpleTrendline SELL #M26042503
2025.03.17 09:30:00,4676,XAUUSD,buy,in,0.13,2990.11,4676,-0.46,0.00,0.00,8 073.60,United SuperEMA long #M940001
2025.03.17 10:00:00,4677,XAUUSD,buy,in,0.67,2989.65,4677,-2.35,0.00,0.00,8 071.25,RSI Scalping Buy #M129102315
2025.03.17 11:00:00,4678,XAUUSD,sell,out,0.13,2985.58,4678,-0.46,0.00,-58.89,8 011.90,
2025.03.17 12:00:00,4679,XAUUSD,buy,out,0.03,2988.57,4679,-0.11,0.00,-16.56,7 995.23,
2025.03.17 12:12:26,4680,XAUUSD,sell,out,0.67,2990.32,4680,-2.35,0.00,44.89,8 037.77,sl 2990.33
2025.03.17 12:15:00,4681,XAUUSD,buy,in,0.13,2990.93,4681,-0.46,0.00,0.00,8 037.31,United SuperEMA long #M940001
2025.03.17 13:00:00,4682,XAUUSD,buy,in,0.66,2995.81,4682,-2.31,0.00,0.00,8 035.00,RSI Scalping Buy #M129102315
2025.03.17 13:02:58,4683,XAUUSD,sell,out,0.66,2996.12,4683,-2.31,0.00,20.46,8 053.15,sl 2996.12
2025.03.17 13:30:03,4684,DE40,buy,in,0.1,23046.90,4684,0.00,0.00,0.00,8 053.15,SimpleTrendline BUY #M26042502
2025.03.17 14:00:00,4685,XAUUSD,buy,in,0.16,2999.23,4685,-0.56,0.00,0.00,8 052.59,EMA Crossover Trade BUY #M12350
2025.03.17 14:30:01,4686,DE40,sell,out,0.1,23029.00,4686,0.00,0.00,-1.95,8 050.64,
2025.03.17 14:52:57,4687,XAUUSD,sell,out,0.16,2997.52,4687,-0.56,0.00,-27.36,8 022.72,sl 2997.53
2025.03.17 15:15:00,4688,XAUUSD,sell,out,0.13,2990.61,4688,-0.46,0.00,-4.16,8 018.10,
2025.03.17 17:00:01,4689,TSLA.NAS,sell,in,100.2,243.23,4689,-2.00,0.00,0.00,8 016.10,RSI Scalping Sell #M125421321
2025.03.17 18:00:00,4690,XAUUSD,buy,in,0.66,2998.72,4690,-2.31,0.00,0.00,8 013.79,RSI Scalping Buy #M129102315
2025.03.17 18:00:30,4691,XAUUSD,sell,out,0.66,2998.52,4691,-2.31,0.00,-13.20,7 998.28,sl 2998.59
2025.03.17 18:06:15,4692,NVDA.NAS,sell,out,64.8,118.89,4692,-1.30,-0.04,179.50,8 176.44,sl 118.89
2025.03.17 18:30:00,4693,NVDA.NAS,sell,in,68.1,119.29,4693,-1.36,0.00,0.00,8 175.08,RSI Scalping Sell #M20003
2025.03.17 18:45:00,4694,NVDA.NAS,buy,out,68.1,119.27,4694,-1.36,0.00,1.36,8 175.08,
2025.03.17 19:15:00,4695,NVDA.NAS,buy,in,68.1,119.47,4695,-1.36,0.00,0.00,8 173.72,RSI Scalping Buy #M20003
2025.03.17 20:45:00,4696,XAUUSD,buy,in,0.13,2998.34,4696,-0.46,0.00,0.00,8 173.26,United SuperEMA long #M940001
2025.03.17 21:00:00,4697,XAUUSD,buy,in,0.68,2997.92,4697,-2.38,0.00,0.00,8 170.88,RSI Scalping Buy #M129102315
2025.03.17 21:00:00,4698,XAUUSD,buy,in,0.01,2997.91,4698,-0.04,0.00,0.00,8 170.84,SimpleTrendline BUY #M26042503
2025.03.17 21:13:55,4699,XAUUSD,sell,out,0.68,2998.01,4699,-2.38,0.00,6.12,8 174.58,sl 2998.05
2025.03.18 04:15:00,4700,XAUUSD,sell,out,0.13,3001.39,4700,-0.46,-6.75,39.65,8 207.02,
2025.03.18 04:30:00,4701,XAUUSD,buy,in,0.13,3004.45,4701,-0.46,0.00,0.00,8 206.56,United SuperEMA long #M940001
2025.03.18 06:00:00,4702,XAUUSD,buy,in,0.03,3010.94,4702,-0.11,0.00,0.00,8 206.45,EMA Crossover Trade BUY #M12350
2025.03.18 06:00:00,4703,XAUUSD,buy,in,0.02,3010.94,4703,-0.07,0.00,0.00,8 206.38,WP Buy #M20260526
2025.03.18 06:36:59,4704,XAUUSD,sell,out,0.03,3010.88,4704,-0.11,0.00,-0.18,8 206.09,sl 3011.00
2025.03.18 07:00:00,4705,XAUUSD,buy,in,0.03,3011.52,4705,-0.11,0.00,0.00,8 205.98,EMA Crossover Trade BUY #M12350
2025.03.18 08:04:40,4706,XAUUSD,sell,out,0.03,3013.38,4706,-0.11,0.00,5.58,8 211.45,sl 3013.39
2025.03.18 08:18:27,4707,XAUUSD,sell,out,0.02,3009.59,4707,-0.07,0.00,-2.70,8 208.68,sl 3009.59
2025.03.18 08:30:00,4708,XAUUSD,sell,out,0.13,3007.58,4708,-0.46,0.00,40.69,8 248.91,
2025.03.18 09:00:00,4709,XAUUSD,buy,in,0.03,3012.12,4709,-0.11,0.00,0.00,8 248.80,EMA Crossover Trade BUY #M12350
2025.03.18 09:00:00,4710,XAUUSD,sell,in,0.68,3012.01,4710,-2.38,0.00,0.00,8 246.42,RSI Scalping Sell #M129102315
2025.03.18 09:01:24,4711,XAUUSD,buy,out,0.68,3011.99,4711,-2.38,0.00,1.36,8 245.40,sl 3011.99
2025.03.18 09:23:02,4712,XAUUSD,sell,out,0.03,3013.37,4712,-0.11,0.00,3.75,8 249.04,sl 3013.49
2025.03.18 10:00:00,4713,XAUUSD,buy,in,0.17,3015.75,4713,-0.60,0.00,0.00,8 248.44,EMA Crossover Trade BUY #M12350
2025.03.18 10:26:45,4714,XAUUSD,sell,out,0.17,3015.08,4714,-0.60,0.00,-11.39,8 236.45,sl 3015.08
2025.03.18 10:30:00,4715,DE40,buy,in,0.1,23273.70,4715,0.00,0.00,0.00,8 236.45,SimpleTrendline BUY #M26042502
2025.03.18 11:00:00,4716,XAUUSD,buy,in,0.17,3016.56,4716,-0.60,0.00,0.00,8 235.85,EMA Crossover Trade BUY #M12350
2025.03.18 12:00:00,4717,XAUUSD,buy,in,0.02,3026.88,4717,-0.07,0.00,0.00,8 235.78,WP Buy #M20260526
2025.03.18 12:13:16,4718,XAUUSD,sell,out,0.17,3024.79,4718,-0.60,0.00,139.91,8 375.09,sl 3024.80
2025.03.18 13:00:00,4719,XAUUSD,buy,in,0.17,3020.09,4719,-0.60,0.00,0.00,8 374.49,EMA Crossover Trade BUY #M12350
2025.03.18 13:00:01,4720,XAUUSD,sell,in,0.69,3020.02,4720,-2.42,0.00,0.00,8 372.07,RSI Scalping Sell #M129102315
2025.03.18 13:14:28,4721,DE40,buy,in,0.2,23401.50,4721,0.00,0.00,0.00,8 372.07,WP Buy #M20260531
2025.03.18 13:15:17,4722,DE40,sell,out,0.2,23403.30,4722,0.00,0.00,0.39,8 372.46,sl 23403.50
2025.03.18 13:32:30,4723,XAUUSD,sell,out,0.17,3022.15,4723,-0.60,0.00,35.02,8 406.88,sl 3022.15
2025.03.18 14:00:00,4724,XAUUSD,buy,in,0.17,3024.28,4724,-0.60,0.00,0.00,8 406.28,EMA Crossover Trade BUY #M12350
2025.03.18 14:51:04,4725,XAUUSD,sell,out,0.17,3025.85,4725,-0.60,0.00,26.69,8 432.37,sl 3025.87
2025.03.18 15:00:00,4726,XAUUSD,buy,in,0.35,3026.90,4726,-1.23,0.00,0.00,8 431.14,EMA Crossover Trade BUY #M12350
2025.03.18 15:23:56,4727,XAUUSD,sell,out,0.35,3027.74,4727,-1.23,0.00,29.40,8 459.31,sl 3027.75
2025.03.18 16:35:13,4728,NVDA.NAS,sell,out,68.1,117.31,4728,-1.36,-0.01,-147.10,8 310.84,sl 117.31
2025.03.18 16:39:21,4729,XAUUSD,sell,out,0.02,3030.72,4729,-0.07,0.00,7.68,8 318.45,sl 3030.72
2025.03.18 16:45:00,4730,NVDA.NAS,sell,in,69.3,115.78,4730,-1.39,0.00,0.00,8 317.06,RSI Scalping Sell #M20003
2025.03.18 17:00:00,4731,TSLA.NAS,buy,out,100.2,223.92,4731,-2.00,0.00,1 934.86,10 249.92,
2025.03.18 17:00:00,4732,DE40,sell,out,0.1,23305.00,4732,0.00,0.00,3.41,10 253.33,
2025.03.18 17:00:00,4733,NVDA.NAS,buy,out,69.3,115.11,4733,-1.39,0.00,46.43,10 298.37,
2025.03.18 17:45:00,4734,DE40,buy,in,0.1,23390.60,4734,0.00,0.00,0.00,10 298.37,SimpleTrendline BUY #M26042502
2025.03.18 18:15:00,4735,NVDA.NAS,buy,in,51.4,116.58,4735,-1.03,0.00,0.00,10 297.34,RSI Scalping Buy #M20003
2025.03.18 18:15:01,4736,DE40,sell,out,0.1,23332.20,4736,0.00,0.00,-6.37,10 290.97,
2025.03.18 20:30:00,4737,DE40,sell,in,0.1,23328.50,4737,0.00,0.00,0.00,10 290.97,SimpleTrendline SELL #M26042502
2025.03.18 20:45:01,4738,DE40,buy,out,0.1,23353.40,4738,0.00,0.00,-2.71,10 288.26,
2025.03.18 22:47:11,4739,NVDA.NAS,sell,out,51.4,115.24,4739,-1.03,0.00,-68.88,10 218.35,sl 115.25
2025.03.19 05:00:00,4740,XAUUSD,sell,out,0.01,3029.55,4740,-0.04,-1.04,31.64,10 248.91,
2025.03.19 05:00:00,4741,XAUUSD,sell,in,0.01,3029.55,4741,-0.04,0.00,0.00,10 248.87,SimpleTrendline SELL #M26042503
2025.03.19 06:00:01,4742,XAUUSD,buy,out,0.01,3033.74,4742,-0.04,0.00,-4.19,10 244.64,
2025.03.19 06:00:01,4743,XAUUSD,buy,in,0.01,3033.74,4743,-0.04,0.00,0.00,10 244.60,SimpleTrendline BUY #M26042503
2025.03.19 06:15:02,4744,XAUUSD,buy,in,0.05,3034.83,4744,-0.18,0.00,0.00,10 244.42,United SuperEMA long #M940001
2025.03.19 08:15:08,4745,DE40,buy,in,0.1,23394.10,4745,0.00,0.00,0.00,10 244.42,SimpleTrendline BUY #M26042502
2025.03.19 09:00:00,4746,XAUUSD,buy,in,0.01,3044.58,4746,-0.04,0.00,0.00,10 244.38,WP Buy #M20260526
2025.03.19 09:15:02,4747,DE40,sell,out,0.1,23354.30,4747,0.00,0.00,-4.34,10 240.04,
2025.03.19 10:00:00,4748,XAUUSD,sell,out,0.01,3042.24,4748,-0.04,0.00,8.50,10 248.50,
2025.03.19 11:00:00,4749,XAUUSD,sell,out,0.05,3035.97,4749,-0.18,0.00,5.70,10 254.02,
2025.03.19 11:38:49,4750,XAUUSD,sell,out,0.01,3029.60,4750,-0.04,0.00,-14.98,10 239.00,sl 3029.61
2025.03.19 12:00:00,4751,XAUUSD,buy,out,0.69,3025.13,4751,-2.42,30.90,-352.59,9 914.89,
2025.03.19 13:30:00,4752,DE40,sell,in,0.1,23305.70,4752,0.00,0.00,0.00,9 914.89,SimpleTrendline SELL #M26042502
2025.03.19 14:30:00,4753,XAUUSD,buy,in,0.16,3039.55,4753,-0.56,0.00,0.00,9 914.33,United SuperEMA long #M940001
2025.03.19 14:45:02,4754,DE40,buy,out,0.1,23319.90,4754,0.00,0.00,-1.55,9 912.78,
2025.03.19 15:00:00,4755,XAUUSD,buy,in,0.82,3039.21,4755,-2.87,0.00,0.00,9 909.91,RSI Scalping Buy #M129102315
2025.03.19 15:00:00,4756,XAUUSD,buy,in,0.04,3039.27,4756,-0.14,0.00,0.00,9 909.77,SimpleTrendline BUY #M26042503
2025.03.19 15:02:48,4757,XAUUSD,sell,out,0.82,3039.07,4757,-2.87,0.00,-11.48,9 895.42,sl 3039.07
2025.03.19 16:30:00,4758,XAUUSD,sell,out,0.16,3034.08,4758,-0.56,0.00,-87.52,9 807.34,
2025.03.19 16:45:01,4759,NVDA.NAS,buy,in,65.3,116.10,4759,-1.31,0.00,0.00,9 806.03,RSI Scalping Buy #M20003
2025.03.19 16:50:00,4760,AAPL.NAS,buy,in,32.6,215.860,4760,-0.65,0.00,0.00,9 805.38,RSI Scalping Buy #M20001
2025.03.19 16:50:43,4761,AAPL.NAS,sell,out,32.6,215.920,4761,-0.65,0.00,1.96,9 806.69,sl 215.920
2025.03.19 17:20:05,4762,AAPL.NAS,sell,in,40.8,217.950,4762,-0.82,0.00,0.00,9 805.87,RSI Scalping Sell #M20001
2025.03.19 17:20:42,4763,AAPL.NAS,buy,out,40.8,217.860,4763,-0.82,0.00,3.67,9 808.72,sl 217.850
2025.03.19 18:00:00,4764,XAUUSD,sell,out,0.04,3027.50,4764,-0.14,0.00,-47.08,9 761.50,
2025.03.19 20:30:00,4765,DE40,sell,in,0.1,23244.90,4765,0.00,0.00,0.00,9 761.50,SimpleTrendline SELL #M26042502
2025.03.19 20:45:00,4766,DE40,buy,out,0.1,23258.30,4766,0.00,0.00,-1.46,9 760.04,
2025.03.19 21:00:00,4767,XAUUSD,sell,in,0.01,3030.56,4767,-0.04,0.00,0.00,9 760.00,SimpleTrendline SELL #M26042503
2025.03.19 21:15:00,4768,XAUUSD,buy,in,0.16,3038.60,4768,-0.56,0.00,0.00,9 759.44,United SuperEMA long #M940001
2025.03.19 21:42:23,4769,XAUUSD,buy,in,0.4,3045.66,4769,-1.40,0.00,0.00,9 758.04,Darvas Box Breakout #M135790
2025.03.19 22:00:00,4770,DE40,buy,in,0.1,23320.40,4770,0.00,0.00,0.00,9 758.04,SimpleTrendline BUY #M26042502
2025.03.19 22:00:00,4771,XAUUSD,buy,in,0.81,3047.17,4771,-2.84,0.00,0.00,9 755.20,RSI Scalping Buy #M129102315
2025.03.19 22:00:00,4772,XAUUSD,buy,out,0.01,3047.42,4772,-0.04,0.00,-16.86,9 738.30,
2025.03.19 22:00:22,4773,XAUUSD,sell,out,0.81,3046.94,4773,-2.84,0.00,-18.63,9 716.83,sl 3046.95
2025.03.19 22:30:00,4774,DE40,sell,out,0.1,23269.70,4774,0.00,0.00,-5.53,9 711.30,
2025.03.20 02:00:00,4775,BTCUSD,buy,in,0.64,86216.01,4775,0.00,0.00,0.00,9 711.30,RSI Scalping Buy #M123459123
2025.03.20 02:00:03,4776,BTCUSD,sell,out,0.64,86264.18,4776,0.00,0.00,30.83,9 742.13,sl 86264.73
2025.03.20 05:00:01,4777,XAUUSD,sell,out,0.16,3049.35,4777,-0.56,-24.91,172.00,9 888.66,
2025.03.20 07:00:11,4778,XAUUSD,buy,in,0.01,3050.08,4778,-0.04,0.00,0.00,9 888.62,SimpleTrendline BUY #M26042503
2025.03.20 07:45:00,4779,XAUUSD,buy,in,0.16,3057.14,4779,-0.56,0.00,0.00,9 888.06,United SuperEMA long #M940001
2025.03.20 08:00:01,4780,XAUUSD,sell,out,0.01,3052.39,4780,-0.04,0.00,2.31,9 890.33,
2025.03.20 08:30:00,4781,XAUUSD,sell,out,0.16,3048.81,4781,-0.56,0.00,-133.28,9 756.49,
2025.03.20 10:00:00,4782,XAUUSD,buy,in,0.81,3049.11,4782,-2.84,0.00,0.00,9 753.65,RSI Scalping Buy #M129102315
2025.03.20 13:00:00,4783,AUDUSD,sell,in,0.04,0.62942,4783,-0.14,0.00,0.00,9 753.51,WP Sell #M20260525
2025.03.20 13:30:15,4784,XAUUSD,sell,out,0.4,3028.92,4784,-1.40,-62.27,-669.60,9 020.24,sl 3028.96
2025.03.20 14:00:00,4785,XAUUSD,sell,out,0.81,3034.39,4785,-2.84,0.00,-1 192.32,7 825.08,
2025.03.20 18:24:56,4786,AUDUSD,buy,out,0.04,0.62952,4786,-0.14,0.00,-0.40,7 824.54,sl 0.62952
2025.03.20 19:00:00,4787,XAUUSD,buy,in,0.1,3040.80,4787,-0.35,0.00,0.00,7 824.19,United SuperEMA long #M940001
2025.03.20 19:45:01,4788,XAUUSD,sell,out,0.1,3035.13,4788,-0.35,0.00,-56.70,7 767.14,
2025.03.20 20:00:00,4789,XAUUSD,sell,in,0.02,3038.22,4789,-0.07,0.00,0.00,7 767.07,SimpleTrendline SELL #M26042503
2025.03.20 21:00:00,4790,XAUUSD,buy,out,0.02,3041.91,4790,-0.07,0.00,-7.38,7 759.62,
2025.03.20 21:58:27,4791,BTCUSD,sell,in,0.01,84019.87,4791,0.00,0.00,0.00,7 759.62,WP Sell #M20260527
2025.03.20 23:27:18,4792,BTCUSD,buy,out,0.01,84525.39,4792,0.00,0.00,-5.06,7 754.56,sl 84524.64
2025.03.21 02:00:00,4793,XAUUSD,buy,in,0.1,3046.13,4793,-0.35,0.00,0.00,7 754.21,United SuperEMA long #M940001
2025.03.21 02:00:02,4794,DE40,sell,in,0.1,22961.00,4794,0.00,0.00,0.00,7 754.21,SimpleTrendline SELL #M26042502
2025.03.21 03:00:01,4795,DE40,buy,out,0.1,22977.00,4795,0.00,0.00,-1.74,7 752.47,
2025.03.21 03:30:00,4796,XAUUSD,sell,out,0.1,3043.80,4796,-0.35,0.00,-23.30,7 728.82,
2025.03.21 03:30:03,4797,DE40,buy,in,0.1,22982.90,4797,0.00,0.00,0.00,7 728.82,SimpleTrendline BUY #M26042502
2025.03.21 05:00:04,4798,XAUUSD,sell,in,0.02,3035.99,4798,-0.07,0.00,0.00,7 728.75,SimpleTrendline SELL #M26042503
2025.03.21 05:45:21,4799,DE40,sell,out,0.1,22973.60,4799,0.00,0.00,-1.01,7 727.74,
2025.03.21 08:45:01,4800,XAUUSD,sell,in,0.1,3024.80,4800,-0.35,0.00,0.00,7 727.39,United SuperEMA short #M940001
2025.03.21 09:30:01,4801,XAUUSD,buy,out,0.1,3031.50,4801,-0.35,0.00,-67.00,7 660.04,
2025.03.21 16:35:00,4802,NVDA.NAS,sell,out,65.3,116.52,4802,-1.31,-0.02,27.43,7 686.14,sl 116.69
2025.03.21 16:45:00,4803,XAUUSD,sell,in,0.06,3014.85,4803,-0.21,0.00,0.00,7 685.93,United SuperEMA short #M940001
2025.03.21 16:45:00,4804,NVDA.NAS,sell,in,64,115.97,4804,-1.28,0.00,0.00,7 684.65,RSI Scalping Sell #M20003
2025.03.21 17:00:01,4805,NVDA.NAS,buy,out,64,116.07,4805,-1.28,0.00,-6.40,7 676.97,
2025.03.21 18:00:00,4806,NVDA.NAS,buy,in,63.9,116.80,4806,-1.28,0.00,0.00,7 675.69,RSI Scalping Buy #M20003
2025.03.21 20:15:00,4807,XAUUSD,buy,out,0.06,3017.17,4807,-0.21,0.00,-13.92,7 661.56,
2025.03.21 20:45:01,4808,DE40,buy,in,0.1,22889.40,4808,0.00,0.00,0.00,7 661.56,SimpleTrendline BUY #M26042502
2025.03.21 21:30:02,4809,DE40,sell,out,0.1,22870.20,4809,0.00,0.00,-2.09,7 659.47,
2025.03.24 02:00:00,4810,XAUUSD,buy,out,0.02,3025.68,4810,-0.07,0.90,20.62,7 680.92,
2025.03.24 03:00:01,4811,BTCUSD,buy,in,0.64,86106.51,4811,0.00,0.00,0.00,7 680.92,RSI Scalping Buy #M123459123
2025.03.24 03:20:06,4812,BTCUSD,sell,out,0.64,86121.26,4812,0.00,0.00,9.44,7 690.36,sl 86122.00
2025.03.24 04:00:00,4813,XAUUSD,sell,in,0.06,3018.42,4813,-0.21,0.00,0.00,7 690.15,United SuperEMA short #M940001
2025.03.24 06:00:00,4814,XAUUSD,sell,in,0.03,3016.48,4814,-0.11,0.00,0.00,7 690.04,SimpleTrendline SELL #M26042503
2025.03.24 07:00:01,4815,BTCUSD,buy,in,0.64,86560.66,4815,0.00,0.00,0.00,7 690.04,RSI Scalping Buy #M123459123
2025.03.24 07:00:08,4816,BTCUSD,sell,out,0.64,86614.98,4816,0.00,0.00,34.76,7 724.80,sl 86615.32
2025.03.24 08:15:02,4817,XAUUSD,buy,out,0.06,3022.62,4817,-0.21,0.00,-25.20,7 699.39,
2025.03.24 10:00:00,4818,XAUUSD,buy,out,0.03,3025.29,4818,-0.11,0.00,-26.43,7 672.85,
2025.03.24 10:00:00,4819,XAUUSD,buy,in,0.03,3025.29,4819,-0.11,0.00,0.00,7 672.74,SimpleTrendline BUY #M26042503
2025.03.24 12:00:00,4820,BTCUSD,buy,in,0.63,87435.52,4820,0.00,0.00,0.00,7 672.74,RSI Scalping Buy #M123459123
2025.03.24 12:00:08,4821,BTCUSD,sell,out,0.63,87503.45,4821,0.00,0.00,42.80,7 715.54,sl 87509.45
2025.03.24 13:00:00,4822,XAUUSD,sell,out,0.03,3023.62,4822,-0.11,0.00,-5.01,7 710.42,
2025.03.24 14:00:02,4823,BTCUSD,buy,in,0.64,87792.75,4823,0.00,0.00,0.00,7 710.42,RSI Scalping Buy #M123459123
2025.03.24 14:00:04,4824,BTCUSD,sell,out,0.64,87803.92,4824,0.00,0.00,7.15,7 717.57,sl 87805.10
2025.03.24 14:30:00,4825,DE40,buy,in,0.1,23036.10,4825,0.00,0.00,0.00,7 717.57,SimpleTrendline BUY #M26042502
2025.03.24 14:45:01,4826,DE40,sell,out,0.1,22979.40,4826,0.00,0.00,-6.18,7 711.39,
2025.03.24 16:40:01,4827,AAPL.NAS,buy,in,32.1,220.530,4827,-0.64,0.00,0.00,7 710.75,RSI Scalping Buy #M20001
2025.03.24 16:57:51,4828,AAPL.NAS,sell,out,32.1,220.570,4828,-0.64,0.00,1.28,7 711.39,sl 220.590
2025.03.24 17:00:00,4829,TSLA.NAS,buy,in,96.3,267.55,4829,-1.93,0.00,0.00,7 709.46,RSI Scalping Buy #M125421321
2025.03.24 17:10:01,4830,AAPL.NAS,sell,in,32.1,219.460,4830,-0.64,0.00,0.00,7 708.82,RSI Scalping Sell #M20001
2025.03.24 17:16:20,4831,AAPL.NAS,buy,out,32.1,219.400,4831,-0.64,0.00,1.93,7 710.11,sl 219.390
2025.03.24 17:30:00,4832,XAUUSD,sell,in,0.06,3016.72,4832,-0.21,0.00,0.00,7 709.90,United SuperEMA short #M940001
2025.03.24 18:00:00,4833,AAPL.NAS,buy,in,0.1,219.800,4833,-0.02,0.00,0.00,7 709.88,WP Buy #M20260528
2025.03.24 18:06:35,4834,AAPL.NAS,sell,out,0.1,220.200,4834,-0.02,0.00,0.04,7 709.90,tp 220.200
2025.03.24 19:00:00,4835,BTCUSD,buy,in,0.64,88371.28,4835,0.00,0.00,0.00,7 709.90,RSI Scalping Buy #M123459123
2025.03.24 19:00:09,4836,BTCUSD,sell,out,0.64,88400.37,4836,0.00,0.00,18.62,7 728.52,sl 88401.46
2025.03.24 23:30:00,4837,XAUUSD,buy,out,0.06,3011.87,4837,-0.21,0.00,29.10,7 757.41,
2025.03.25 05:00:00,4838,XAUUSD,sell,in,0.03,3011.88,4838,-0.11,0.00,0.00,7 757.30,SimpleTrendline SELL #M26042503
2025.03.25 06:00:00,4839,XAUUSD,sell,in,0.06,3009.21,4839,-0.21,0.00,0.00,7 757.09,United SuperEMA short #M940001
2025.03.25 06:30:00,4840,XAUUSD,buy,out,0.06,3014.32,4840,-0.21,0.00,-30.66,7 726.22,
2025.03.25 07:00:00,4841,XAUUSD,buy,out,0.03,3015.31,4841,-0.11,0.00,-10.29,7 715.82,
2025.03.25 08:00:01,4842,XAUUSD,buy,in,0.01,3015.30,4842,-0.04,0.00,0.00,7 715.78,SimpleTrendline BUY #M26042503
2025.03.25 10:30:01,4843,DE40,buy,in,0.1,22899.80,4843,0.00,0.00,0.00,7 715.78,SimpleTrendline BUY #M26042502
2025.03.25 11:00:00,4844,XAUUSD,sell,in,0.06,3011.42,4844,-0.21,0.00,0.00,7 715.57,United SuperEMA short #M940001
2025.03.25 11:00:00,4845,XAUUSD,sell,out,0.01,3011.46,4845,-0.04,0.00,-3.84,7 711.69,
2025.03.25 11:15:00,4846,DE40,sell,out,0.1,22859.10,4846,0.00,0.00,-4.44,7 707.25,
2025.03.25 11:30:01,4847,XAUUSD,buy,out,0.06,3018.09,4847,-0.21,0.00,-40.02,7 667.02,
2025.03.25 12:00:01,4848,XAUUSD,sell,in,0.15,3021.09,4848,-0.53,0.00,0.00,7 666.49,RSI Reverse SELL #M1002
2025.03.25 12:00:01,4849,XAUUSD,buy,out,0.15,3021.17,4849,-0.53,0.00,-1.20,7 664.76,
2025.03.25 13:00:00,4850,XAUUSD,buy,in,0.51,3023.33,4850,-1.79,0.00,0.00,7 662.97,RSI Scalping Buy #M129102315
2025.03.25 13:00:00,4851,XAUUSD,buy,in,0.01,3023.34,4851,-0.04,0.00,0.00,7 662.93,SimpleTrendline BUY #M26042503
2025.03.25 13:14:54,4852,XAUUSD,sell,out,0.51,3024.03,4852,-1.79,0.00,35.70,7 696.84,sl 3024.07
2025.03.25 13:45:00,4853,XAUUSD,sell,in,0.12,3023.18,4853,-0.42,0.00,0.00,7 696.42,RSIConsolidation SELL #M2025042
2025.03.25 14:00:00,4854,XAUUSD,buy,in,0.01,3023.69,4854,-0.04,0.00,0.00,7 696.38,WP Buy #M20260526
2025.03.25 15:00:00,4855,XAUUSD,buy,out,0.12,3020.87,4855,-0.42,0.00,27.72,7 723.68,
2025.03.25 16:45:00,4856,XAUUSD,buy,in,0.01,3027.73,4856,-0.04,0.00,0.00,7 723.64,United SuperEMA long #M940001
2025.03.25 17:00:00,4857,XAUUSD,buy,in,0.64,3028.85,4857,-2.24,0.00,0.00,7 721.40,RSI Scalping Buy #M129102315
2025.03.25 17:00:00,4858,AAPL.NAS,buy,in,32.1,222.690,4858,-0.64,0.00,0.00,7 720.76,RSI Scalping Buy #M20001
2025.03.25 17:00:05,4859,AAPL.NAS,sell,out,32.1,222.810,4859,-0.64,0.00,3.85,7 723.97,sl 222.830
2025.03.25 17:01:27,4860,XAUUSD,sell,out,0.64,3028.65,4860,-2.24,0.00,-12.80,7 708.93,sl 3028.71
2025.03.25 17:22:04,4861,XAUUSD,sell,out,0.01,3028.44,4861,-0.04,0.00,4.75,7 713.64,sl 3028.44
2025.03.25 17:30:01,4862,NVDA.NAS,sell,out,63.9,119.99,4862,-1.28,-0.04,203.84,7 916.16,
2025.03.25 17:40:00,4863,AAPL.NAS,sell,in,32.9,222.700,4863,-0.66,0.00,0.00,7 915.50,RSI Scalping Sell #M20001
2025.03.25 18:00:00,4864,NVDA.NAS,sell,in,65.9,119.92,4864,-1.32,0.00,0.00,7 914.18,RSI Scalping Sell #M20003
2025.03.25 18:15:00,4865,XAUUSD,sell,out,0.01,3023.06,4865,-0.04,0.00,-4.67,7 909.47,
2025.03.25 19:15:00,4866,NVDA.NAS,buy,out,65.9,120.76,4866,-1.32,0.00,-55.36,7 852.79,
2025.03.25 22:00:00,4867,XAUUSD,sell,out,0.01,3018.56,4867,-0.04,0.00,-4.78,7 847.97,
2025.03.25 22:00:00,4868,XAUUSD,sell,in,0.01,3018.56,4868,-0.04,0.00,0.00,7 847.93,SimpleTrendline SELL #M26042503
2025.03.25 23:00:00,4869,XAUUSD,buy,in,0.19,3019.71,4869,-0.67,0.00,0.00,7 847.26,RSI Follow BUY #M1001
2025.03.25 23:00:00,4870,XAUUSD,buy,out,0.01,3019.70,4870,-0.04,0.00,-1.14,7 846.08,
2025.03.26 02:15:05,4871,XAUUSD,buy,in,0.01,3021.37,4871,-0.04,0.00,0.00,7 846.04,United SuperEMA long #M940001
2025.03.26 03:00:00,4872,XAUUSD,sell,in,0.01,3021.01,4872,-0.04,0.00,0.00,7 846.00,SimpleTrendline SELL #M26042503
2025.03.26 03:45:05,4873,XAUUSD,sell,out,0.01,3018.04,4873,-0.04,0.00,-3.33,7 842.63,
2025.03.26 05:00:02,4874,XAUUSD,buy,out,0.01,3025.28,4874,-0.04,0.00,-4.27,7 838.32,
2025.03.26 10:30:01,4875,DE40,buy,in,0.1,23197.70,4875,0.00,0.00,0.00,7 838.32,SimpleTrendline BUY #M26042502
2025.03.26 11:00:00,4876,XAUUSD,buy,in,0.52,3030.59,4876,-1.82,0.00,0.00,7 836.50,RSI Scalping Buy #M129102315
2025.03.26 11:04:35,4877,XAUUSD,sell,out,0.52,3031.25,4877,-1.82,0.00,34.32,7 869.00,sl 3031.26
2025.03.26 11:15:01,4878,DE40,sell,out,0.1,23104.20,4878,0.00,0.00,-10.19,7 858.81,
2025.03.26 11:30:02,4879,DE40,sell,in,0.1,23081.90,4879,0.00,0.00,0.00,7 858.81,SimpleTrendline SELL #M26042502
2025.03.26 14:45:00,4880,XAUUSD,buy,in,0.01,3029.37,4880,-0.04,0.00,0.00,7 858.77,United SuperEMA long #M940001
2025.03.26 15:00:00,4881,XAUUSD,buy,in,0.01,3027.74,4881,-0.04,0.00,0.00,7 858.73,SimpleTrendline BUY #M26042503
2025.03.26 16:30:00,4882,XAUUSD,sell,out,0.01,3024.73,4882,-0.04,0.00,-4.64,7 854.05,
2025.03.26 16:35:00,4883,TSLA.NAS,sell,out,96.3,281.13,4883,-1.93,-0.04,1 307.75,9 159.83,
2025.03.26 16:45:00,4884,NVDA.NAS,sell,in,76.3,117.62,4884,-1.53,0.00,0.00,9 158.30,RSI Scalping Sell #M20003
2025.03.26 17:00:00,4885,XAUUSD,sell,out,0.01,3016.54,4885,-0.04,0.00,-11.20,9 147.06,
2025.03.26 17:00:00,4886,XAUUSD,sell,in,0.01,3016.65,4886,-0.04,0.00,0.00,9 147.02,SimpleTrendline SELL #M26042503
2025.03.26 17:00:00,4887,NVDA.NAS,buy,out,76.3,116.34,4887,-1.53,0.00,97.66,9 243.15,
2025.03.26 18:56:11,4888,AAPL.NAS,buy,out,32.9,222.590,4888,-0.66,0.00,3.62,9 246.11,sl 222.570
2025.03.26 19:00:00,4889,XAUUSD,buy,out,0.01,3016.14,4889,-0.04,0.00,0.51,9 246.58,
2025.03.26 21:45:01,4890,NVDA.NAS,sell,in,77,113.10,4890,-1.54,0.00,0.00,9 245.04,RSI Scalping Sell #M20003
2025.03.26 22:00:00,4891,XAUUSD,sell,in,0.01,3018.36,4891,-0.04,0.00,0.00,9 245.00,SimpleTrendline SELL #M26042503
2025.03.26 22:00:02,4892,NVDA.NAS,buy,out,77,112.87,4892,-1.54,0.00,17.71,9 261.17,
2025.03.26 22:00:03,4893,TSLA.NAS,sell,in,115.5,269.80,4893,-2.31,0.00,0.00,9 258.86,RSI Scalping Sell #M125421321
2025.03.26 22:15:00,4894,NVDA.NAS,buy,in,77.1,113.26,4894,-1.54,0.00,0.00,9 257.32,RSI Scalping Buy #M20003
2025.03.27 03:00:00,4895,XAUUSD,buy,out,0.01,3021.91,4895,-0.04,1.34,-3.55,9 255.07,
2025.03.27 03:00:00,4896,XAUUSD,buy,in,0.01,3021.91,4896,-0.04,0.00,0.00,9 255.03,SimpleTrendline BUY #M26042503
2025.03.27 05:00:00,4897,XAUUSD,sell,out,0.01,3023.51,4897,-0.04,0.00,1.60,9 256.59,
2025.03.27 05:15:01,4898,XAUUSD,buy,in,0.01,3026.43,4898,-0.04,0.00,0.00,9 256.55,United SuperEMA long #M940001
2025.03.27 06:00:00,4899,XAUUSD,buy,in,0.77,3031.96,4899,-2.70,0.00,0.00,9 253.85,RSI Scalping Buy #M129102315
2025.03.27 06:00:00,4900,XAUUSD,buy,in,0.03,3031.99,4900,-0.11,0.00,0.00,9 253.74,SimpleTrendline BUY #M26042503
2025.03.27 06:43:43,4901,XAUUSD,sell,out,0.77,3032.54,4901,-2.70,0.00,44.66,9 295.70,sl 3032.54
2025.03.27 08:00:07,4902,XAUUSD,buy,in,0.02,3034.41,4902,-0.07,0.00,0.00,9 295.63,WP Buy #M20260526
2025.03.27 09:00:00,4903,XAUUSD,sell,out,0.01,3029.69,4903,-0.04,0.00,3.26,9 298.85,
2025.03.27 09:00:00,4904,XAUUSD,sell,out,0.03,3029.69,4904,-0.11,0.00,-6.90,9 291.84,
2025.03.27 12:00:00,4905,XAUUSD,buy,in,0.07,3036.32,4905,-0.25,0.00,0.00,9 291.59,United SuperEMA long #M940001
2025.03.27 13:00:00,4906,DE40,buy,out,0.1,22688.50,4906,0.00,-0.17,42.88,9 334.30,
2025.03.27 13:15:00,4907,DE40,buy,in,0.1,22696.10,4907,0.00,0.00,0.00,9 334.30,SimpleTrendline BUY #M26042502
2025.03.27 13:30:00,4908,DE40,sell,out,0.1,22664.40,4908,0.00,0.00,-3.46,9 330.84,
2025.03.27 14:00:00,4909,XAUUSD,buy,in,0.38,3051.55,4909,-1.33,0.00,0.00,9 329.51,EMA Crossover Trade BUY #M12350
2025.03.27 14:15:00,4910,DE40,sell,in,0.1,22604.40,4910,0.00,0.00,0.00,9 329.51,SimpleTrendline SELL #M26042502
2025.03.27 14:20:40,4911,XAUUSD,sell,out,0.38,3051.79,4911,-1.33,0.00,9.12,9 337.30,sl 3051.80
2025.03.27 15:00:00,4912,XAUUSD,buy,in,0.38,3054.78,4912,-1.33,0.00,0.00,9 335.97,EMA Crossover Trade BUY #M12350
2025.03.27 15:13:36,4913,XAUUSD,sell,out,0.38,3052.15,4913,-1.33,0.00,-99.94,9 234.70,sl 3052.17
2025.03.27 15:31:30,4914,XAUUSD,sell,out,0.02,3048.35,4914,-0.07,0.00,27.88,9 262.51,sl 3048.36
2025.03.27 16:00:00,4915,XAUUSD,buy,in,0.38,3050.22,4915,-1.33,0.00,0.00,9 261.18,EMA Crossover Trade BUY #M12350
2025.03.27 16:00:00,4916,XAUUSD,sell,in,0.77,3050.46,4916,-2.70,0.00,0.00,9 258.48,RSI Scalping Sell #M129102315
2025.03.27 16:01:01,4917,XAUUSD,buy,out,0.77,3047.99,4917,-2.70,0.00,190.19,9 445.97,sl 3047.99
2025.03.27 16:08:25,4918,XAUUSD,sell,out,0.38,3048.40,4918,-1.33,0.00,-69.16,9 375.48,sl 3048.44
2025.03.27 16:30:00,4919,XAUUSD,sell,out,0.07,3042.47,4919,-0.25,0.00,43.05,9 418.28,
2025.03.27 16:35:00,4920,TSLA.NAS,buy,out,115.5,275.45,4920,-2.31,0.00,-652.58,8 763.39,
2025.03.27 17:00:00,4921,DE40,buy,out,0.1,22637.70,4921,0.00,0.00,-3.63,8 759.76,
2025.03.27 17:39:34,4922,XAUUSD,buy,in,0.36,3058.33,4922,-1.26,0.00,0.00,8 758.50,Darvas Box Breakout #M135790
2025.03.27 18:00:00,4923,XAUUSD,buy,in,0.36,3057.87,4923,-1.26,0.00,0.00,8 757.24,EMA Crossover Trade BUY #M12350
2025.03.27 18:00:00,4924,XAUUSD,buy,in,0.03,3058.32,4924,-0.11,0.00,0.00,8 757.13,SimpleTrendline BUY #M26042503
2025.03.27 18:02:27,4925,XAUUSD,sell,out,0.36,3054.74,4925,-1.26,0.00,-112.68,8 643.19,sl 3054.87
2025.03.27 19:00:00,4926,XAUUSD,buy,in,0.36,3052.37,4926,-1.26,0.00,0.00,8 641.93,EMA Crossover Trade BUY #M12350
2025.03.27 19:40:38,4927,XAUUSD,sell,out,0.36,3050.46,4927,-1.26,0.00,-68.76,8 571.91,sl 3050.49
2025.03.27 21:00:00,4928,XAUUSD,buy,in,0.28,3052.96,4928,-0.98,0.00,0.00,8 570.93,EMA Crossover Trade BUY #M12350
2025.03.27 21:15:03,4929,DE40,buy,in,0.1,22666.10,4929,0.00,0.00,0.00,8 570.93,SimpleTrendline BUY #M26042502
2025.03.28 01:57:25,4930,XAUUSD,sell,out,0.28,3054.08,4930,-0.98,-14.53,31.36,8 586.78,sl 3054.15
2025.03.28 02:15:02,4931,DE40,sell,out,0.1,22637.00,4931,0.00,-0.49,-3.17,8 583.12,
2025.03.28 02:30:05,4932,DE40,buy,in,0.1,22653.00,4932,0.00,0.00,0.00,8 583.12,SimpleTrendline BUY #M26042502
2025.03.28 02:45:02,4933,DE40,sell,out,0.1,22637.00,4933,0.00,0.00,-1.74,8 581.38,
2025.03.28 03:45:01,4934,DE40,buy,in,0.1,22651.90,4934,0.00,0.00,0.00,8 581.38,SimpleTrendline BUY #M26042502
2025.03.28 04:00:00,4935,XAUUSD,buy,in,0.35,3061.97,4935,-1.23,0.00,0.00,8 580.15,EMA Crossover Trade BUY #M12350
2025.03.28 05:00:01,4936,DE40,sell,out,0.1,22639.90,4936,0.00,0.00,-1.31,8 578.84,
2025.03.28 05:06:56,4937,XAUUSD,buy,in,0.02,3075.88,4937,-0.07,0.00,0.00,8 578.77,WP Buy #M20260526
2025.03.28 05:14:57,4938,XAUUSD,sell,out,0.35,3073.63,4938,-1.23,0.00,408.10,8 985.64,sl 3073.63
2025.03.28 06:00:01,4939,XAUUSD,buy,in,0.37,3072.11,4939,-1.30,0.00,0.00,8 984.34,EMA Crossover Trade BUY #M12350
2025.03.28 06:00:01,4940,XAUUSD,sell,in,0.74,3071.70,4940,-2.59,0.00,0.00,8 981.75,RSI Scalping Sell #M129102315
2025.03.28 06:08:14,4941,XAUUSD,buy,out,0.74,3071.75,4941,-2.59,0.00,-3.70,8 975.46,sl 3071.75
2025.03.28 06:33:46,4942,XAUUSD,sell,out,0.37,3070.24,4942,-1.30,0.00,-69.19,8 904.97,sl 3070.26
2025.03.28 07:00:02,4943,XAUUSD,buy,in,0.37,3075.27,4943,-1.30,0.00,0.00,8 903.67,EMA Crossover Trade BUY #M12350
2025.03.28 07:00:02,4944,XAUUSD,buy,in,0.07,3075.22,4944,-0.25,0.00,0.00,8 903.42,United SuperEMA long #M940001
2025.03.28 08:00:00,4945,XAUUSD,sell,in,0.74,3073.87,4945,-2.59,0.00,0.00,8 900.83,RSI Scalping Sell #M129102315
2025.03.28 08:15:30,4946,XAUUSD,buy,out,0.74,3073.53,4946,-2.59,0.00,25.16,8 923.40,sl 3073.53
2025.03.28 08:59:32,4947,XAUUSD,sell,out,0.37,3078.33,4947,-1.30,0.00,113.22,9 035.32,sl 3078.33
2025.03.28 10:50:19,4948,XAUUSD,sell,out,0.02,3078.40,4948,-0.07,0.00,5.04,9 040.29,sl 3078.43
2025.03.28 11:00:00,4949,XAUUSD,sell,in,0.75,3079.40,4949,-2.63,0.00,0.00,9 037.66,RSI Scalping Sell #M129102315
2025.03.28 11:00:12,4950,XAUUSD,buy,out,0.75,3079.71,4950,-2.63,0.00,-23.25,9 011.78,sl 3079.70
2025.03.28 11:15:00,4951,XAUUSD,sell,out,0.07,3075.07,4951,-0.25,0.00,-1.05,9 010.48,
2025.03.28 14:45:05,4952,XAUUSD,buy,in,0.07,3077.86,4952,-0.25,0.00,0.00,9 010.23,United SuperEMA long #M940001
2025.03.28 16:30:00,4953,XAUUSD,sell,out,0.07,3076.92,4953,-0.25,0.00,-6.58,9 003.40,
2025.03.28 16:30:00,4954,DE40,sell,in,0.1,22536.00,4954,0.00,0.00,0.00,9 003.40,SimpleTrendline SELL #M26042502
2025.03.28 16:35:00,4955,TSLA.NAS,sell,in,112.5,269.57,4955,-2.25,0.00,0.00,9 001.15,RSI Scalping Sell #M125421321
2025.03.28 17:00:00,4956,XAUUSD,buy,in,0.07,3083.35,4956,-0.25,0.00,0.00,9 000.90,United SuperEMA long #M940001
2025.03.28 17:06:51,4957,NVDA.NAS,sell,out,77.1,110.69,4957,-1.54,-0.02,-198.15,8 801.19,sl 110.69
2025.03.28 17:15:00,4958,NVDA.NAS,sell,in,58.6,110.29,4958,-1.17,0.00,0.00,8 800.02,RSI Scalping Sell #M20003
2025.03.28 17:30:00,4959,NVDA.NAS,buy,out,58.6,109.31,4959,-1.17,0.00,57.43,8 856.28,
2025.03.28 17:45:00,4960,XAUUSD,sell,out,0.07,3074.31,4960,-0.25,0.00,-63.28,8 792.75,
2025.03.28 18:00:00,4961,XAUUSD,sell,out,0.03,3069.93,4961,-0.11,-1.56,34.83,8 825.91,
2025.03.28 18:45:00,4962,NVDA.NAS,buy,in,73.5,110.10,4962,-1.47,0.00,0.00,8 824.44,RSI Scalping Buy #M20003
2025.03.28 18:45:00,4963,XAUUSD,buy,in,0.01,3083.55,4963,-0.04,0.00,0.00,8 824.40,United SuperEMA long #M940001
2025.03.28 19:00:00,4964,XAUUSD,buy,in,0.73,3083.63,4964,-2.56,0.00,0.00,8 821.84,RSI Scalping Buy #M129102315
2025.03.28 19:05:00,4965,XAUUSD,sell,out,0.73,3085.76,4965,-2.56,0.00,155.49,8 974.77,sl 3085.79
2025.03.28 21:00:01,4966,XAUUSD,sell,out,0.01,3077.67,4966,-0.04,0.00,-5.88,8 968.85,
2025.03.28 23:45:01,4967,XAUUSD,buy,in,0.01,3083.51,4967,-0.04,0.00,0.00,8 968.81,United SuperEMA long #M940001
2025.03.31 01:07:44,4968,XAUUSD,sell,out,0.36,3095.22,4968,-1.26,-37.36,1 328.04,10 258.23,tp 3095.20
2025.03.31 01:15:02,4969,DE40,buy,out,0.1,22409.00,4969,0.00,-0.51,13.84,10 271.56,
2025.03.31 03:30:01,4970,XAUUSD,sell,out,0.01,3084.27,4970,-0.04,-0.52,0.76,10 271.76,
2025.03.31 05:00:00,4971,XAUUSD,buy,in,0.85,3094.87,4971,-2.98,0.00,0.00,10 268.78,RSI Scalping Buy #M129102315
2025.03.31 05:03:25,4972,XAUUSD,sell,out,0.85,3097.36,4972,-2.98,0.00,211.65,10 477.45,sl 3097.37
2025.03.31 07:00:00,4973,XAUUSD,buy,in,0.02,3107.29,4973,-0.07,0.00,0.00,10 477.38,WP Buy #M20260526
2025.03.31 08:03:51,4974,XAUUSD,sell,out,0.02,3108.23,4974,-0.07,0.00,1.88,10 479.19,sl 3108.26
2025.03.31 08:45:00,4975,XAUUSD,buy,in,0.01,3113.55,4975,-0.04,0.00,0.00,10 479.15,United SuperEMA long #M940001
2025.03.31 09:00:00,4976,XAUUSD,buy,in,0.02,3116.46,4976,-0.07,0.00,0.00,10 479.08,WP Buy #M20260526
2025.03.31 09:21:32,4977,XAUUSD,sell,out,0.02,3120.38,4977,-0.07,0.00,7.84,10 486.85,sl 3120.39
2025.03.31 10:00:00,4978,XAUUSD,buy,in,0.02,3119.60,4978,-0.07,0.00,0.00,10 486.78,WP Buy #M20260526
2025.03.31 12:24:41,4979,XAUUSD,sell,out,0.02,3119.68,4979,-0.07,0.00,0.16,10 486.87,sl 3119.68
2025.03.31 12:45:00,4980,XAUUSD,sell,out,0.01,3115.38,4980,-0.04,0.00,1.83,10 488.66,
2025.03.31 13:00:00,4981,XAUUSD,sell,in,0.87,3115.03,4981,-3.05,0.00,0.00,10 485.61,RSI Scalping Sell #M129102315
2025.03.31 13:00:41,4982,XAUUSD,buy,out,0.87,3114.83,4982,-3.05,0.00,17.40,10 499.96,sl 3114.68
2025.03.31 14:00:00,4983,DE40,sell,in,0.1,21999.00,4983,0.00,0.00,0.00,10 499.96,SimpleTrendline SELL #M26042502
2025.03.31 14:45:00,4984,DE40,buy,out,0.1,22040.30,4984,0.00,0.00,-4.50,10 495.46,
2025.03.31 16:35:00,4985,TSLA.NAS,buy,out,112.5,244.74,4985,-2.25,0.01,2 793.38,13 286.60,
2025.03.31 17:00:00,4986,TSLA.NAS,sell,in,0.2,248.73,4986,-0.02,0.00,0.00,13 286.58,WP Sell #M20260530
2025.03.31 17:00:04,4987,SOXX.NAS,sell,in,0.2,184.250,4987,-0.02,0.00,0.00,13 286.56,WP Sell #M20260532
2025.03.31 17:00:20,4988,SOXX.NAS,buy,out,0.2,184.590,4988,-0.02,0.00,-0.07,13 286.47,sl 184.550
2025.03.31 17:08:46,4989,TSLA.NAS,buy,out,0.2,251.73,4989,-0.02,0.00,-0.60,13 285.85,sl 251.73
2025.03.31 17:30:00,4990,NVDA.NAS,sell,out,73.5,103.90,4990,-1.47,-0.04,-455.70,12 828.64,
2025.03.31 18:00:00,4991,XAUUSD,buy,in,0.05,3123.38,4991,-0.18,0.00,0.00,12 828.46,SimpleTrendline BUY #M26042503
2025.03.31 18:00:00,4992,TSLA.NAS,sell,in,0.2,248.07,4992,-0.02,0.00,0.00,12 828.44,WP Sell #M20260530
2025.03.31 18:21:20,4993,TSLA.NAS,buy,out,0.2,251.11,4993,-0.02,0.00,-0.61,12 827.81,sl 251.07
2025.03.31 18:30:01,4994,NVDA.NAS,buy,in,85.5,105.17,4994,-1.71,0.00,0.00,12 826.10,RSI Scalping Buy #M20003
2025.03.31 19:00:00,4995,XAUUSD,sell,out,0.05,3113.79,4995,-0.18,0.00,-47.95,12 777.97,
2025.03.31 21:30:00,4996,XAUUSD,buy,in,0.01,3122.01,4996,-0.04,0.00,0.00,12 777.93,United SuperEMA long #M940001
2025.04.01 03:00:00,4997,XAUUSD,sell,out,0.01,3120.45,4997,-0.04,-0.52,-1.56,12 775.81,
2025.04.01 06:00:00,4998,XAUUSD,buy,in,0.02,3145.12,4998,-0.07,0.00,0.00,12 775.74,WP Buy #M20260526
2025.04.01 09:00:00,4999,XAUUSD,sell,in,0.85,3131.78,4999,-2.98,0.00,0.00,12 772.76,RSI Scalping Sell #M129102315
2025.04.01 09:00:07,5000,XAUUSD,sell,out,0.02,3130.15,5000,-0.07,0.00,-29.94,12 742.75,sl 3130.15
2025.04.01 09:00:25,5001,XAUUSD,buy,out,0.85,3129.39,5001,-2.98,0.00,203.15,12 942.92,sl 3129.37
2025.04.01 09:30:00,5002,DE40,buy,in,0.1,22265.30,5002,0.00,0.00,0.00,12 942.92,SimpleTrendline BUY #M26042502
2025.04.01 10:00:00,5003,XAUUSD,buy,in,0.05,3133.77,5003,-0.18,0.00,0.00,12 942.74,SimpleTrendline BUY #M26042503
2025.04.01 11:00:00,5004,XAUUSD,sell,out,0.05,3127.49,5004,-0.18,0.00,-31.40,12 911.16,
2025.04.01 11:00:00,5005,XAUUSD,sell,in,0.05,3127.12,5005,-0.18,0.00,0.00,12 910.98,SimpleTrendline SELL #M26042503
2025.04.01 13:00:00,5006,XAUUSD,buy,in,1.07,3132.46,5006,-3.75,0.00,0.00,12 907.23,RSI Scalping Buy #M129102315
2025.04.01 13:09:26,5007,XAUUSD,sell,out,1.07,3133.01,5007,-3.75,0.00,58.85,12 962.33,sl 3133.02
2025.04.01 13:30:00,5008,XAUUSD,buy,in,0.02,3136.27,5008,-0.07,0.00,0.00,12 962.26,United SuperEMA long #M940001
2025.04.01 14:30:00,5009,XAUUSD,sell,out,0.02,3130.87,5009,-0.07,0.00,-10.80,12 951.39,
2025.04.01 16:00:00,5010,XAUUSD,buy,in,1.07,3133.47,5010,-3.75,0.00,0.00,12 947.64,RSI Scalping Buy #M129102315
2025.04.01 16:02:47,5011,XAUUSD,sell,out,1.07,3133.77,5011,-3.75,0.00,32.10,12 975.99,sl 3133.91
2025.04.01 16:15:00,5012,XAUUSD,buy,in,0.02,3134.80,5012,-0.07,0.00,0.00,12 975.92,United SuperEMA long #M940001
2025.04.01 16:30:00,5013,XAUUSD,sell,out,0.02,3129.55,5013,-0.07,0.00,-10.50,12 965.35,
2025.04.01 17:00:00,5014,XAUUSD,buy,out,0.05,3134.91,5014,-0.18,0.00,-38.95,12 926.22,
2025.04.01 17:15:00,5015,DE40,sell,out,0.1,22314.60,5015,0.00,0.00,5.37,12 931.59,
2025.04.01 22:00:00,5016,TSLA.NAS,sell,in,161.6,269.14,5016,-3.23,0.00,0.00,12 928.36,RSI Scalping Sell #M125421321
2025.04.02 04:15:01,5017,DE40,buy,in,0.1,22483.60,5017,0.00,0.00,0.00,12 928.36,SimpleTrendline BUY #M26042502
2025.04.02 05:00:00,5018,XAUUSD,buy,in,1.07,3133.25,5018,-3.75,0.00,0.00,12 924.61,RSI Scalping Buy #M129102315
2025.04.02 05:06:12,5019,XAUUSD,sell,out,1.07,3134.51,5019,-3.75,0.00,134.82,13 055.68,sl 3134.51
2025.04.02 06:45:12,5020,DE40,sell,out,0.1,22479.80,5020,0.00,0.00,-0.41,13 055.27,
2025.04.02 07:00:00,5021,DE40,buy,in,0.1,22490.90,5021,0.00,0.00,0.00,13 055.27,SimpleTrendline BUY #M26042502
2025.04.02 08:15:00,5022,DE40,sell,out,0.1,22480.60,5022,0.00,0.00,-1.12,13 054.15,
2025.04.02 10:00:00,5023,XAUUSD,sell,in,0.01,3116.81,5023,-0.04,0.00,0.00,13 054.11,SimpleTrendline SELL #M26042503
2025.04.02 10:15:00,5024,DE40,sell,in,0.1,22369.70,5024,0.00,0.00,0.00,13 054.11,SimpleTrendline SELL #M26042502
2025.04.02 11:00:00,5025,XAUUSD,buy,out,0.01,3125.25,5025,-0.04,0.00,-8.44,13 045.63,
2025.04.02 12:00:00,5026,XAUUSD,buy,in,0.01,3131.44,5026,-0.04,0.00,0.00,13 045.59,SimpleTrendline BUY #M26042503
2025.04.02 13:00:02,5027,XAUUSD,buy,in,0.02,3131.17,5027,-0.07,0.00,0.00,13 045.52,United SuperEMA long #M940001
2025.04.02 13:45:00,5028,XAUUSD,sell,out,0.02,3117.30,5028,-0.07,0.00,-27.74,13 017.71,
2025.04.02 14:00:00,5029,XAUUSD,sell,out,0.01,3114.69,5029,-0.04,0.00,-16.75,13 000.92,
2025.04.02 16:45:00,5030,XAUUSD,buy,in,0.01,3127.71,5030,-0.04,0.00,0.00,13 000.88,United SuperEMA long #M940001
2025.04.02 16:52:19,5031,TSLA.NAS,buy,out,161.6,263.08,5031,-3.23,0.00,979.30,13 976.95,sl 263.07
2025.04.02 17:00:00,5032,XAUUSD,sell,out,0.01,3122.24,5032,-0.04,0.00,-5.47,13 971.44,
2025.04.02 17:00:00,5033,XAUUSD,sell,in,0.01,3122.39,5033,-0.04,0.00,0.00,13 971.40,SimpleTrendline SELL #M26042503
2025.04.02 17:00:00,5034,TSLA.NAS,sell,in,174.6,261.32,5034,-3.49,0.00,0.00,13 967.91,RSI Scalping Sell #M125421321
2025.04.02 18:00:00,5035,DE40,buy,out,0.1,22363.10,5035,0.00,0.00,0.72,13 968.63,
2025.04.02 18:00:01,5036,XAUUSD,buy,out,0.01,3125.08,5036,-0.04,0.00,-2.69,13 965.90,
2025.04.02 18:45:00,5037,XAUUSD,buy,in,0.01,3127.39,5037,-0.04,0.00,0.00,13 965.86,United SuperEMA long #M940001
2025.04.02 19:00:00,5038,EURUSD,buy,in,0.12,1.08675,5038,-0.42,0.00,0.00,13 965.44,WP Buy #M20260524
2025.04.02 19:00:00,5039,TSLA.NAS,buy,out,174.6,278.45,5039,-3.49,0.00,-2 990.90,10 971.05,
2025.04.02 19:00:00,5040,BTCUSD,buy,in,0.91,86799.43,5040,0.00,0.00,0.00,10 971.05,RSI Scalping Buy #M123459123
2025.04.02 19:00:02,5041,BTCUSD,sell,out,0.91,86801.20,5041,0.00,0.00,1.61,10 972.66,sl 86801.49
2025.04.02 20:30:04,5042,XAUUSD,sell,out,0.01,3124.11,5042,-0.04,0.00,-3.28,10 969.34,
2025.04.02 23:18:16,5043,EURUSD,sell,out,0.12,1.08942,5043,-0.42,0.00,32.04,11 000.96,sl 1.08942
2025.04.03 14:00:00,5044,XAUUSD,sell,out,0.19,3095.92,5044,-0.67,-108.46,1 447.99,12 339.82,
2025.04.03 16:35:00,5045,NVDA.NAS,sell,out,85.5,104.88,5045,-1.71,-0.03,-24.80,12 313.28,sl 108.22
2025.05.01 04:00:01,5046,XAUUSD,sell,in,0.01,3246.51,5046,-0.04,0.00,0.00,12 313.24,SimpleTrendline SELL #M26042503
2025.05.01 07:00:02,5047,XAUUSD,sell,in,0.3,3229.55,5047,-1.05,0.00,0.00,12 312.19,RSI Reverse SELL #M1002
2025.05.01 07:30:00,5048,XAUUSD,sell,in,0.02,3226.45,5048,-0.07,0.00,0.00,12 312.12,United SuperEMA short #M940001
2025.05.01 09:00:00,5049,XAUUSD,buy,out,0.02,3236.77,5049,-0.07,0.00,-20.64,12 291.41,
2025.05.01 12:00:00,5050,XAUUSD,buy,out,0.01,3235.36,5050,-0.04,0.00,11.15,12 302.52,
2025.05.01 13:00:05,5051,BTCUSD,buy,in,0.03,95605.15,5051,0.00,0.00,0.00,12 302.52,WP Buy #M20260527
2025.05.01 13:32:13,5052,BTCUSD,sell,out,0.03,96142.36,5052,0.00,0.00,16.12,12 318.64,sl 96143.47
2025.05.01 15:00:00,5053,XAUUSD,sell,in,0.02,3205.43,5053,-0.07,0.00,0.00,12 318.57,United SuperEMA short #M940001
2025.05.01 15:31:10,5054,BTCUSD,buy,in,0.03,96288.20,5054,0.00,0.00,0.00,12 318.57,WP Buy #M20260527
2025.05.01 15:45:00,5055,XAUUSD,buy,out,0.02,3226.86,5055,-0.07,0.00,-42.86,12 275.64,
2025.05.01 16:31:52,5056,BTCUSD,sell,out,0.03,96463.52,5056,0.00,0.00,5.26,12 280.90,sl 96477.63
2025.05.01 21:00:00,5057,TSLA.NAS,sell,in,153.5,282.44,5057,-3.07,0.00,0.00,12 277.83,RSI Scalping Sell #M125421321
2025.05.01 22:00:00,5058,TSLA.NAS,buy,out,153.5,282.85,5058,-3.07,0.00,-62.94,12 211.82,
2025.05.01 22:45:01,5059,NVDA.NAS,sell,in,101.7,112.33,5059,-2.03,0.00,0.00,12 209.79,RSI Scalping Sell #M20003
2025.05.02 07:00:01,5060,XAUUSD,buy,in,0.61,3255.11,5060,-2.14,0.00,0.00,12 207.65,RSI Scalping Buy #M129102315
2025.05.02 07:00:01,5061,XAUUSD,buy,in,0.01,3255.11,5061,-0.04,0.00,0.00,12 207.61,WP Buy #M20260526
2025.05.02 07:00:56,5062,XAUUSD,sell,out,0.61,3255.14,5062,-2.14,0.00,1.83,12 207.30,sl 3255.17
2025.05.02 09:39:22,5063,XAUUSD,sell,out,0.01,3254.72,5063,-0.04,0.00,-0.39,12 206.87,sl 3254.81
2025.05.02 11:00:00,5064,XAUUSD,buy,in,0.32,3259.15,5064,-1.12,0.00,0.00,12 205.75,RSI Scalping Buy #M129102315
2025.05.02 11:04:13,5065,XAUUSD,sell,out,0.32,3260.70,5065,-1.12,0.00,49.60,12 254.23,sl 3260.73
2025.05.02 13:00:00,5066,XAUUSD,buy,out,0.3,3265.47,5066,-1.05,13.44,-1 077.60,11 189.02,
2025.05.02 17:30:01,5067,NVDA.NAS,buy,out,101.7,113.89,5067,-2.03,0.00,-158.65,11 028.34,
2025.06.02 01:30:01,5068,DE40,sell,in,0.9,23995.00,5068,0.00,0.00,0.00,11 028.34,SimpleTrendline SELL #M26042502
2025.06.02 04:00:00,5069,AUDUSD,buy,in,0.16,0.64563,5069,-0.56,0.00,0.00,11 027.78,WP Buy #M20260525
2025.06.02 06:28:07,5070,AUDUSD,sell,out,0.16,0.64489,5070,-0.56,0.00,-11.84,11 015.38,sl 0.64489
2025.06.02 16:40:00,5071,AAPL.NAS,buy,in,45.8,201.330,5071,-0.92,0.00,0.00,11 014.46,RSI Scalping Buy #M20001
2025.06.02 16:41:13,5072,AAPL.NAS,sell,out,45.8,201.380,5072,-0.92,0.00,2.29,11 015.83,sl 201.400
2025.06.02 16:50:00,5073,AAPL.NAS,sell,in,45.8,201.090,5073,-0.92,0.00,0.00,11 014.91,RSI Scalping Sell #M20001
2025.06.02 16:50:43,5074,AAPL.NAS,buy,out,45.8,201.050,5074,-0.92,0.00,1.83,11 015.82,sl 201.040
2025.06.02 17:45:00,5075,DE40,buy,out,0.9,23904.50,5075,0.00,0.00,88.73,11 104.55,
2025.06.03 18:30:01,5076,DE40,buy,in,0.9,24079.70,5076,0.00,0.00,0.00,11 104.55,SimpleTrendline BUY #M26042502
2025.06.03 20:00:03,5077,SOXX.NAS,buy,in,0.2,213.630,5077,-0.02,0.00,0.00,11 104.53,WP Buy #M20260532
2025.06.03 20:06:37,5078,SOXX.NAS,sell,out,0.2,213.320,5078,-0.02,0.00,-0.06,11 104.45,sl 213.330
2025.06.03 20:30:08,5079,DE40,sell,out,0.9,24118.40,5079,0.00,0.00,37.94,11 142.39,
2025.06.03 21:00:00,5080,TSLA.NAS,sell,in,139.2,351.04,5080,-2.78,0.00,0.00,11 139.61,RSI Scalping Sell #M125421321
2025.06.03 21:15:00,5081,NVDA.NAS,sell,in,92.8,140.41,5081,-1.86,0.00,0.00,11 137.75,RSI Scalping Sell #M20003
2025.06.03 22:30:00,5082,NVDA.NAS,buy,out,92.8,141.46,5082,-1.86,0.00,-97.44,11 038.45,
2025.06.04 15:45:00,5083,DE40,buy,in,0.9,24184.50,5083,0.00,0.00,0.00,11 038.45,SimpleTrendline BUY #M26042502
2025.06.04 16:15:02,5084,DE40,sell,out,0.9,24184.30,5084,0.00,0.00,-0.20,11 038.25,
2025.06.04 17:10:00,5085,AAPL.NAS,buy,in,45.9,205.640,5085,-0.92,0.00,0.00,11 037.33,RSI Scalping Buy #M20001
2025.06.04 17:11:29,5086,AAPL.NAS,sell,out,45.9,206.080,5086,-0.92,0.00,20.20,11 056.61,sl 206.080
2025.06.04 17:15:00,5087,DE40,buy,in,0.9,24195.30,5087,0.00,0.00,0.00,11 056.61,SimpleTrendline BUY #M26042502
2025.06.04 17:20:01,5088,AAPL.NAS,sell,in,46,205.170,5088,-0.92,0.00,0.00,11 055.69,RSI Scalping Sell #M20001
2025.06.04 17:22:55,5089,AAPL.NAS,buy,out,46,204.790,5089,-0.92,0.00,17.48,11 072.25,sl 204.790
2025.06.04 18:00:00,5090,AUDUSD,buy,in,0.16,0.65005,5090,-0.56,0.00,0.00,11 071.69,WP Buy #M20260525
2025.06.04 19:15:01,5091,NVDA.NAS,sell,in,92.2,140.57,5091,-1.84,0.00,0.00,11 069.85,RSI Scalping Sell #M20003
2025.06.04 19:30:04,5092,NVDA.NAS,buy,out,92.2,140.53,5092,-1.84,0.00,3.69,11 071.70,
2025.06.04 19:45:00,5093,NVDA.NAS,buy,in,92.2,140.69,5093,-1.84,0.00,0.00,11 069.86,RSI Scalping Buy #M20003
2025.06.04 20:00:00,5094,EURUSD,buy,in,0.16,1.14335,5094,-0.56,0.00,0.00,11 069.30,WP Buy #M20260524
2025.06.04 23:00:01,5095,DE40,sell,out,0.9,24254.00,5095,0.00,0.00,60.29,11 129.59,
2025.06.05 10:30:00,5096,DE40,buy,in,0.9,24305.00,5096,0.00,0.00,0.00,11 129.59,SimpleTrendline BUY #M26042502
2025.06.05 16:30:00,5097,DE40,sell,out,0.9,24270.50,5097,0.00,0.00,-35.68,11 093.91,
2025.06.05 16:35:00,5098,TSLA.NAS,buy,out,139.2,319.48,5098,-2.78,0.00,4 393.15,15 484.28,
2025.06.05 17:41:49,5099,EURUSD,sell,out,0.16,1.14651,5099,-0.56,-3.65,50.56,15 530.63,sl 1.14651
2025.06.05 17:45:00,5100,DE40,buy,in,1.2,24321.00,5100,0.00,0.00,0.00,15 530.63,SimpleTrendline BUY #M26042502
2025.06.05 18:15:01,5101,DE40,sell,out,1.2,24293.50,5101,0.00,0.00,-37.83,15 492.80,
2025.06.05 18:44:04,5102,AUDUSD,sell,out,0.16,0.65140,5102,-0.56,-0.90,21.60,15 512.94,sl 0.65140
2025.06.05 21:16:50,5103,NVDA.NAS,sell,out,92.2,140.21,5103,-1.84,-0.02,-44.26,15 466.82,sl 140.24
2025.06.06 05:15:20,5104,DE40,sell,in,1.2,24257.20,5104,0.00,0.00,0.00,15 466.82,SimpleTrendline SELL #M26042502
2025.06.06 05:30:46,5105,DE40,buy,out,1.2,24260.50,5105,0.00,0.00,-4.54,15 462.28,
2025.06.06 12:30:00,5106,DE40,buy,in,1.2,24272.60,5106,0.00,0.00,0.00,15 462.28,SimpleTrendline BUY #M26042502
2025.06.06 13:15:02,5107,DE40,sell,out,1.2,24264.80,5107,0.00,0.00,-10.73,15 451.55,
2025.06.06 14:15:00,5108,DE40,sell,in,0.6,24258.10,5108,0.00,0.00,0.00,15 451.55,SimpleTrendline SELL #M26042502
2025.06.06 14:30:00,5109,DE40,buy,out,0.6,24274.30,5109,0.00,0.00,-11.14,15 440.41,
2025.06.06 16:35:00,5110,TSLA.NAS,sell,in,0.2,298.28,5110,-0.02,0.00,0.00,15 440.39,WP Sell #M20260530
2025.06.06 16:35:01,5111,NVDA.NAS,sell,in,102.9,142.05,5111,-2.06,0.00,0.00,15 438.33,RSI Scalping Sell #M20003
2025.06.06 16:55:37,5112,TSLA.NAS,buy,out,0.2,292.23,5112,-0.02,0.00,1.21,15 439.52,tp 292.28
2025.06.06 17:45:00,5113,NVDA.NAS,buy,out,102.9,142.38,5113,-2.06,0.00,-33.96,15 403.50,
2025.06.06 17:45:04,5114,DE40,buy,in,0.6,24313.20,5114,0.00,0.00,0.00,15 403.50,SimpleTrendline BUY #M26042502
2025.06.06 18:30:01,5115,DE40,sell,out,0.6,24288.60,5115,0.00,0.00,-16.92,15 386.58,
2025.06.09 03:00:01,5116,DE40,buy,in,0.6,24301.00,5116,0.00,0.00,0.00,15 386.58,SimpleTrendline BUY #M26042502
2025.06.09 03:30:01,5117,DE40,sell,out,0.6,24289.70,5117,0.00,0.00,-7.77,15 378.81,
2025.06.09 15:00:00,5118,BTCUSD,buy,in,1.28,107842.56,5118,0.00,0.00,0.00,15 378.81,RSI Scalping Buy #M123459123
2025.06.09 15:00:05,5119,BTCUSD,sell,out,1.28,107854.58,5119,0.00,0.00,15.39,15 394.20,sl 107855.46
2025.06.09 15:01:02,5120,BTCUSD,buy,in,0.03,107828.97,5120,0.00,0.00,0.00,15 394.20,WP Buy #M20260527
2025.06.09 16:39:08,5121,BTCUSD,sell,out,0.03,107327.36,5121,0.00,0.00,-15.05,15 379.15,sl 107328.97
2025.06.09 19:15:01,5122,NVDA.NAS,sell,in,128.1,142.24,5122,-2.56,0.00,0.00,15 376.59,RSI Scalping Sell #M20003
2025.06.09 19:30:00,5123,NVDA.NAS,buy,out,128.1,142.24,5123,-2.56,0.00,0.00,15 374.03,
2025.06.09 19:45:10,5124,NVDA.NAS,buy,in,128.1,142.49,5124,-2.56,0.00,0.00,15 371.47,RSI Scalping Buy #M20003
2025.06.09 21:00:00,5125,BTCUSD,buy,in,1.28,108439.68,5125,0.00,0.00,0.00,15 371.47,RSI Scalping Buy #M123459123
2025.06.09 21:00:12,5126,BTCUSD,sell,out,1.28,108455.30,5126,0.00,0.00,19.99,15 391.46,sl 108455.99
2025.06.10 01:10:04,5127,BTCUSD,buy,in,0.03,109895.33,5127,0.00,0.00,0.00,15 391.46,WP Buy #M20260527
2025.06.10 01:56:17,5128,BTCUSD,sell,out,0.03,110160.32,5128,0.00,0.00,7.95,15 399.41,sl 110160.63
2025.06.10 18:00:00,5129,TSLA.NAS,buy,in,0.3,316.32,5129,-0.02,0.00,0.00,15 399.39,WP Buy #M20260530
2025.06.10 18:24:14,5130,TSLA.NAS,sell,out,0.3,319.29,5130,-0.02,0.00,0.89,15 400.26,sl 319.31
2025.06.10 19:00:00,5131,TSLA.NAS,buy,in,0.3,319.04,5131,-0.02,0.00,0.00,15 400.24,WP Buy #M20260530
2025.06.10 20:05:06,5132,TSLA.NAS,sell,out,0.3,316.04,5132,-0.02,0.00,-0.90,15 399.32,sl 316.04
2025.06.11 14:45:00,5133,DE40,buy,in,0.1,24016.90,5133,0.00,0.00,0.00,15 399.32,SimpleTrendline BUY #M26042502
2025.06.11 16:30:00,5134,DE40,sell,out,0.1,24001.10,5134,0.00,0.00,-1.81,15 397.51,
2025.06.12 12:00:00,5135,EURUSD,buy,in,0.23,1.15442,5135,-0.81,0.00,0.00,15 396.70,WP Buy #M20260524
2025.06.12 12:45:00,5136,DE40,sell,in,0.1,23682.60,5136,0.00,0.00,0.00,15 396.70,SimpleTrendline SELL #M26042502
2025.06.12 14:45:02,5137,DE40,buy,out,0.1,23686.60,5137,0.00,0.00,-0.46,15 396.24,
2025.06.12 16:00:00,5138,DE40,sell,in,0.1,23742.50,5138,0.00,0.00,0.00,15 396.24,SimpleTrendline SELL #M26042502
2025.06.12 16:13:15,5139,EURUSD,sell,out,0.23,1.16017,5139,-0.81,0.00,132.25,15 527.68,sl 1.16017
2025.06.12 16:15:06,5140,DE40,buy,out,0.1,23757.20,5140,0.00,0.00,-1.71,15 525.97,
2025.06.12 16:35:00,5141,AAPL.NAS,sell,in,0.3,198.050,5141,-0.02,0.00,0.00,15 525.95,WP Sell #M20260528
2025.06.12 16:35:05,5142,AAPL.NAS,buy,out,0.3,198.260,5142,-0.02,0.00,-0.06,15 525.87,sl 198.250
2025.06.12 17:00:00,5143,AAPL.NAS,sell,in,0.3,197.960,5143,-0.02,0.00,0.00,15 525.85,WP Sell #M20260528
2025.06.12 17:03:06,5144,AAPL.NAS,buy,out,0.3,197.540,5144,-0.02,0.00,0.13,15 525.96,tp 197.560
2025.06.12 21:00:00,5145,TSLA.NAS,sell,in,194,322.79,5145,-3.88,0.00,0.00,15 522.08,RSI Scalping Sell #M125421321
2025.06.13 01:15:18,5146,DE40,sell,in,0.1,23734.00,5146,0.00,0.00,0.00,15 522.08,SimpleTrendline SELL #M26042502
2025.06.13 03:36:22,5147,AUDUSD,buy,in,1.03,0.64792,5147,-3.61,0.00,0.00,15 518.47,RSI Oversold Crossover Buy #M30
2025.06.13 08:00:00,5148,AUDUSD,sell,out,1.03,0.64698,5148,-3.61,0.00,-96.82,15 418.04,
2025.06.13 11:15:04,5149,DE40,buy,out,0.1,23538.80,5149,0.00,0.00,22.65,15 440.69,
2025.06.13 14:15:00,5150,DE40,sell,in,0.1,23439.00,5150,0.00,0.00,0.00,15 440.69,SimpleTrendline SELL #M26042502
2025.06.13 14:45:01,5151,DE40,buy,out,0.1,23465.20,5151,0.00,0.00,-3.04,15 437.65,
2025.06.13 15:00:01,5152,DE40,buy,in,0.1,23513.40,5152,0.00,0.00,0.00,15 437.65,SimpleTrendline BUY #M26042502
2025.06.13 16:00:01,5153,DE40,sell,out,0.1,23426.00,5153,0.00,0.00,-10.14,15 427.51,
2025.06.13 17:28:34,5154,NVDA.NAS,sell,out,128.1,141.24,5154,-2.56,-0.08,-160.13,15 264.74,sl 141.24
2025.06.13 17:45:00,5155,DE40,buy,in,0.1,23458.30,5155,0.00,0.00,0.00,15 264.74,SimpleTrendline BUY #M26042502
2025.06.13 18:15:00,5156,NVDA.NAS,buy,in,12.7,142.68,5156,-0.25,0.00,0.00,15 264.49,RSI Scalping Buy #M20003
2025.06.13 20:00:01,5157,TSLA.NAS,buy,out,194,329.72,5157,-3.88,0.01,-1 344.42,13 916.20,
2025.06.13 21:30:00,5158,DE40,sell,out,0.1,23432.10,5158,0.00,0.00,-3.04,13 913.16,
2025.06.13 21:45:00,5159,DE40,sell,in,0.1,23383.30,5159,0.00,0.00,0.00,13 913.16,SimpleTrendline SELL #M26042502
2025.06.16 01:15:00,5160,DE40,buy,out,0.1,23393.20,5160,0.00,-0.54,-1.15,13 911.47,
2025.06.16 03:00:00,5161,DE40,buy,in,0.1,23472.10,5161,0.00,0.00,0.00,13 911.47,SimpleTrendline BUY #M26042502
2025.06.16 03:30:03,5162,DE40,sell,out,0.1,23441.10,5162,0.00,0.00,-3.60,13 907.87,
2025.06.16 07:45:03,5163,DE40,sell,in,0.1,23414.60,5163,0.00,0.00,0.00,13 907.87,SimpleTrendline SELL #M26042502
2025.06.16 08:15:06,5164,DE40,buy,out,0.1,23430.80,5164,0.00,0.00,-1.88,13 905.99,
2025.06.16 08:45:12,5165,DE40,buy,in,0.1,23472.80,5165,0.00,0.00,0.00,13 905.99,SimpleTrendline BUY #M26042502
2025.06.16 12:00:00,5166,EURUSD,buy,in,0.16,1.15782,5166,-0.56,0.00,0.00,13 905.43,WP Buy #M20260524
2025.06.16 12:01:11,5167,BTCUSD,buy,in,0.02,107273.04,5167,0.00,0.00,0.00,13 905.43,WP Buy #M20260527
2025.06.16 14:17:19,5168,BTCUSD,sell,out,0.02,106711.25,5168,0.00,0.00,-11.24,13 894.19,sl 106716.21
2025.06.16 16:35:00,5169,TSLA.NAS,sell,in,138.9,328.11,5169,-2.78,0.00,0.00,13 891.41,RSI Scalping Sell #M125421321
2025.06.16 17:00:00,5170,TSLA.NAS,buy,out,138.9,327.55,5170,-2.78,0.00,77.78,13 966.41,
2025.06.16 18:18:16,5171,EURUSD,sell,out,0.16,1.15848,5171,-0.56,0.00,10.56,13 976.41,sl 1.15849
2025.06.16 20:45:01,5172,DE40,sell,out,0.1,23619.90,5172,0.00,0.00,17.04,13 993.45,
2025.06.16 22:00:00,5173,BTCUSD,buy,in,1.16,108322.23,5173,0.00,0.00,0.00,13 993.45,RSI Scalping Buy #M123459123
2025.06.16 22:00:03,5174,BTCUSD,sell,out,1.16,108325.49,5174,0.00,0.00,3.78,13 997.23,sl 108325.51
2025.06.16 22:30:00,5175,DE40,sell,in,0.1,23582.90,5175,0.00,0.00,0.00,13 997.23,SimpleTrendline SELL #M26042502
2025.06.16 22:45:00,5176,DE40,buy,out,0.1,23592.70,5176,0.00,0.00,-1.14,13 996.09,
2025.06.17 05:00:00,5177,XAUUSD,sell,in,0.11,3393.71,5177,-0.39,0.00,0.00,13 995.70,SimpleTrendline SELL #M26042503
2025.06.17 06:15:00,5178,XAUUSD,sell,in,0.23,3384.86,5178,-0.81,0.00,0.00,13 994.89,United SuperEMA short #M940001
2025.06.17 08:00:00,5179,XAUUSD,buy,out,0.23,3394.09,5179,-0.81,0.00,-212.29,13 781.79,
2025.06.17 09:30:01,5180,DE40,sell,in,0.1,23531.40,5180,0.00,0.00,0.00,13 781.79,SimpleTrendline SELL #M26042502
2025.06.17 12:00:00,5181,XAUUSD,sell,in,0.22,3378.87,5181,-0.77,0.00,0.00,13 781.02,United SuperEMA short #M940001
2025.06.17 13:15:00,5182,XAUUSD,buy,out,0.22,3391.65,5182,-0.77,0.00,-281.16,13 499.09,
2025.06.17 14:00:00,5183,XAUUSD,buy,out,0.11,3398.24,5183,-0.39,0.00,-49.83,13 448.87,
2025.06.17 14:30:01,5184,DE40,buy,out,0.1,23485.70,5184,0.00,0.00,5.29,13 454.16,
2025.06.17 16:00:00,5185,XAUUSD,sell,in,0.11,3386.84,5185,-0.39,0.00,0.00,13 453.77,SimpleTrendline SELL #M26042503
2025.06.17 17:00:01,5186,TSLA.NAS,sell,in,168.1,323.20,5186,-3.36,0.00,0.00,13 450.41,RSI Scalping Sell #M125421321
2025.06.17 17:15:01,5187,DE40,buy,in,0.1,23499.70,5187,0.00,0.00,0.00,13 450.41,SimpleTrendline BUY #M26042502
2025.06.17 17:45:00,5188,XAUUSD,sell,in,0.22,3375.89,5188,-0.77,0.00,0.00,13 449.64,United SuperEMA short #M940001
2025.06.17 17:45:00,5189,DE40,sell,out,0.1,23472.20,5189,0.00,0.00,-3.19,13 446.45,
2025.06.17 18:45:05,5190,DE40,sell,in,0.1,23451.50,5190,0.00,0.00,0.00,13 446.45,SimpleTrendline SELL #M26042502
2025.06.17 19:15:00,5191,DE40,buy,out,0.1,23471.80,5191,0.00,0.00,-2.35,13 444.10,
2025.06.17 20:00:01,5192,DE40,sell,in,0.1,23419.00,5192,0.00,0.00,0.00,13 444.10,SimpleTrendline SELL #M26042502
2025.06.17 20:30:00,5193,XAUUSD,buy,out,0.22,3388.44,5193,-0.77,0.00,-276.10,13 167.23,
2025.06.17 21:00:00,5194,XAUUSD,buy,out,0.11,3390.71,5194,-0.39,0.00,-42.57,13 124.27,
2025.06.18 04:00:00,5195,XAUUSD,buy,in,0.26,3385.84,5195,-0.91,0.00,0.00,13 123.36,RSI Follow BUY #M1001
2025.06.18 04:00:00,5196,XAUUSD,sell,in,0.08,3385.79,5196,-0.28,0.00,0.00,13 123.08,SimpleTrendline SELL #M26042503
2025.06.18 04:15:01,5197,DE40,buy,out,0.1,23370.10,5197,0.00,-0.18,5.66,13 128.56,
2025.06.18 04:30:00,5198,DE40,sell,in,0.1,23359.90,5198,0.00,0.00,0.00,13 128.56,SimpleTrendline SELL #M26042502
2025.06.18 05:00:00,5199,XAUUSD,sell,in,0.21,3378.92,5199,-0.74,0.00,0.00,13 127.82,United SuperEMA short #M940001
2025.06.18 06:30:00,5200,XAUUSD,buy,out,0.21,3385.02,5200,-0.74,0.00,-128.10,12 998.98,
2025.06.18 07:00:00,5201,XAUUSD,sell,in,0.32,3391.00,5201,-1.12,0.00,0.00,12 997.86,RSI Reverse SELL #M1002
2025.06.18 07:00:00,5202,XAUUSD,buy,out,0.32,3391.05,5202,-1.12,0.00,-1.60,12 995.14,
2025.06.18 07:00:00,5203,XAUUSD,buy,out,0.08,3391.03,5203,-0.28,0.00,-41.92,12 952.94,
2025.06.18 08:00:00,5204,BTCUSD,buy,in,0.75,105503.28,5204,0.00,0.00,0.00,12 952.94,SimpleTrendline BUY #M26042501
2025.06.18 08:15:17,5205,DE40,buy,out,0.1,23363.60,5205,0.00,0.00,-0.43,12 952.51,
2025.06.18 08:30:00,5206,XAUUSD,sell,in,0.17,3392.37,5206,-0.60,0.00,0.00,12 951.91,RSIConsolidation SELL #M2025042
2025.06.18 08:39:19,5207,XAUUSD,buy,out,0.17,3384.44,5207,-0.60,0.00,134.81,13 086.12,tp 3384.46
2025.06.18 08:45:01,5208,DE40,buy,in,0.1,23375.10,5208,0.00,0.00,0.00,13 086.12,SimpleTrendline BUY #M26042502
2025.06.18 10:00:00,5209,XAUUSD,sell,in,0.1,3382.36,5209,-0.35,0.00,0.00,13 085.77,SimpleTrendline SELL #M26042503
2025.06.18 10:00:00,5210,BTCUSD,sell,out,0.75,104965.38,5210,0.00,0.00,-403.43,12 682.34,
2025.06.18 13:00:00,5211,XAUUSD,sell,in,0.21,3378.21,5211,-0.74,0.00,0.00,12 681.60,United SuperEMA short #M940001
2025.06.18 13:45:01,5212,DE40,sell,out,0.1,23356.00,5212,0.00,0.00,-2.21,12 679.39,
2025.06.18 14:00:00,5213,XAUUSD,buy,out,0.1,3380.42,5213,-0.35,0.00,19.40,12 698.44,
2025.06.18 14:30:00,5214,XAUUSD,buy,out,0.21,3385.87,5214,-0.74,0.00,-160.86,12 536.84,
2025.06.18 15:00:00,5215,XAUUSD,sell,in,0.2,3382.00,5215,-0.70,0.00,0.00,12 536.14,RSIConsolidation SELL #M2025042
2025.06.18 15:00:00,5216,XAUUSD,buy,out,0.2,3382.16,5216,-0.70,0.00,-3.20,12 532.24,
2025.06.18 15:15:00,5217,DE40,buy,in,0.1,23384.50,5217,0.00,0.00,0.00,12 532.24,SimpleTrendline BUY #M26042502
2025.06.18 15:30:02,5218,DE40,sell,out,0.1,23356.00,5218,0.00,0.00,-3.30,12 528.94,
2025.06.18 15:45:03,5219,DE40,sell,in,0.1,23328.50,5219,0.00,0.00,0.00,12 528.94,SimpleTrendline SELL #M26042502
2025.06.18 16:15:00,5220,XAUUSD,sell,in,0.2,3391.02,5220,-0.70,0.00,0.00,12 528.24,RSIConsolidation SELL #M2025042
2025.06.18 17:15:00,5221,DE40,buy,out,0.1,23372.60,5221,0.00,0.00,-5.11,12 523.13,
2025.06.18 17:15:28,5222,XAUUSD,buy,out,0.2,3385.32,5222,-0.70,0.00,114.00,12 636.43,
2025.06.18 17:30:00,5223,XAUUSD,sell,in,0.21,3382.71,5223,-0.74,0.00,0.00,12 635.69,RSIConsolidation SELL #M2025042
2025.06.18 17:30:00,5224,DE40,buy,in,0.1,23414.60,5224,0.00,0.00,0.00,12 635.69,SimpleTrendline BUY #M26042502
2025.06.18 17:30:02,5225,XAUUSD,buy,out,0.21,3384.19,5225,-0.74,0.00,-31.08,12 603.87,
2025.06.18 18:15:00,5226,DE40,sell,out,0.1,23354.60,5226,0.00,0.00,-6.95,12 596.92,
2025.06.18 19:00:00,5227,TSLA.NAS,buy,out,168.1,327.01,5227,-3.36,0.00,-640.46,11 953.10,
2025.06.18 19:00:00,5228,XAUUSD,buy,in,0.06,3392.87,5228,-0.21,0.00,0.00,11 952.89,SimpleTrendline BUY #M26042503
2025.06.18 19:30:00,5229,XAUUSD,sell,in,0.19,3392.25,5229,-0.67,0.00,0.00,11 952.22,RSIConsolidation SELL #M2025042
2025.06.18 20:00:00,5230,TSLA.NAS,sell,in,149.4,322.48,5230,-2.99,0.00,0.00,11 949.23,RSI Scalping Sell #M125421321
2025.06.18 20:30:00,5231,XAUUSD,buy,out,0.19,3389.59,5231,-0.67,0.00,50.54,11 999.10,
2025.06.18 21:00:00,5232,XAUUSD,sell,out,0.06,3385.32,5232,-0.21,0.00,-45.30,11 953.59,
2025.06.18 21:15:00,5233,DE40,sell,in,0.1,23329.00,5233,0.00,0.00,0.00,11 953.59,SimpleTrendline SELL #M26042502
2025.06.18 22:00:00,5234,XAUUSD,sell,in,0.01,3379.29,5234,-0.04,0.00,0.00,11 953.55,SimpleTrendline SELL #M26042503
2025.06.18 23:00:00,5235,XAUUSD,sell,out,0.26,3366.65,5235,-0.91,0.00,-498.94,11 453.70,
2025.06.19 02:00:00,5236,XAUUSD,buy,out,0.01,3375.26,5236,-0.04,1.34,4.03,11 459.03,
2025.06.19 13:45:00,5237,DE40,buy,out,0.1,23241.50,5237,0.00,-0.18,10.14,11 468.99,
2025.06.19 14:00:00,5238,DE40,buy,in,0.1,23242.00,5238,0.00,0.00,0.00,11 468.99,SimpleTrendline BUY #M26042502
2025.06.19 14:15:00,5239,DE40,sell,out,0.1,23156.00,5239,0.00,0.00,-9.96,11 459.03,
2025.06.20 02:15:01,5240,DE40,sell,in,0.1,23120.10,5240,0.00,0.00,0.00,11 459.03,SimpleTrendline SELL #M26042502
2025.06.20 03:16:00,5241,DE40,buy,out,0.1,23151.70,5241,0.00,0.00,-3.66,11 455.37,
2025.06.20 12:00:00,5242,BTCUSD,buy,in,0.66,106003.58,5242,0.00,0.00,0.00,11 455.37,SimpleTrendline BUY #M26042501
2025.06.20 16:35:01,5243,TSLA.NAS,buy,out,149.4,330.85,5243,-2.99,0.00,-1 250.48,10 201.90,
2025.06.20 17:00:00,5244,BTCUSD,sell,out,0.66,105683.83,5244,0.00,0.00,-211.04,9 990.86,
2025.06.23 16:35:05,5245,NVDA.NAS,sell,out,12.7,142.38,5245,-0.25,-0.02,-3.81,9 986.78,sl 142.42
2025.07.01 00:07:47,5246,EURUSD,buy,in,0.11,1.17843,5246,-0.39,0.00,0.00,9 986.39,WP Buy #M20260524
2025.07.01 09:13:01,5247,EURUSD,sell,out,0.11,1.17777,5247,-0.39,0.00,-7.26,9 978.74,sl 1.17777
2025.07.01 16:45:01,5248,NVDA.NAS,sell,in,6.6,156.07,5248,-0.13,0.00,0.00,9 978.61,RSI Scalping Sell #M20003
2025.07.01 17:00:00,5249,NVDA.NAS,buy,out,6.6,156.04,5249,-0.13,0.00,0.20,9 978.68,
2025.07.01 17:40:00,5250,AAPL.NAS,sell,in,41.5,208.570,5250,-0.83,0.00,0.00,9 977.85,RSI Scalping Sell #M20001
2025.07.01 17:40:14,5251,AAPL.NAS,buy,out,41.5,208.480,5251,-0.83,0.00,3.74,9 980.76,sl 208.470
2025.07.01 19:30:00,5252,NVDA.NAS,buy,in,8.3,153.39,5252,-0.17,0.00,0.00,9 980.59,RSI Scalping Buy #M20003
2025.07.02 10:01:41,5253,BTCUSD,buy,in,0.02,106979.24,5253,0.00,0.00,0.00,9 980.59,WP Buy #M20260527
2025.07.02 14:15:00,5254,DE40,sell,in,0.1,23737.90,5254,0.00,0.00,0.00,9 980.59,SimpleTrendline SELL #M26042502
2025.07.02 14:30:00,5255,DE40,buy,out,0.1,23777.90,5255,0.00,0.00,-4.71,9 975.88,
2025.07.02 14:36:13,5256,BTCUSD,sell,out,0.02,107596.39,5256,0.00,0.00,12.34,9 988.22,sl 107597.92
2025.07.02 14:58:00,5257,BTCUSD,buy,in,0.02,107513.95,5257,0.00,0.00,0.00,9 988.22,WP Buy #M20260527
2025.07.02 16:50:00,5258,AAPL.NAS,buy,in,41.6,212.330,5258,-0.83,0.00,0.00,9 987.39,RSI Scalping Buy #M20001
2025.07.02 16:50:54,5259,AAPL.NAS,sell,out,41.6,212.510,5259,-0.83,0.00,7.49,9 994.05,sl 212.530
2025.07.02 16:51:26,5260,BTCUSD,sell,out,0.02,107707.56,5260,0.00,0.00,3.87,9 997.92,sl 107708.81
2025.07.02 17:00:00,5261,AAPL.NAS,buy,in,0.2,212.620,5261,-0.02,0.00,0.00,9 997.90,WP Buy #M20260528
2025.07.02 17:00:24,5262,AAPL.NAS,sell,out,0.2,212.590,5262,-0.02,0.00,-0.01,9 997.87,sl 212.620
2025.07.02 20:00:00,5263,BTCUSD,buy,in,0.83,109521.54,5263,0.00,0.00,0.00,9 997.87,RSI Scalping Buy #M123459123
2025.07.02 20:00:00,5264,SOXX.NAS,buy,in,0.1,242.380,5264,-0.02,0.00,0.00,9 997.85,WP Buy #M20260532
2025.07.02 20:00:01,5265,BTCUSD,buy,in,0.02,109579.54,5265,0.00,0.00,0.00,9 997.85,WP Buy #M20260527
2025.07.02 20:00:02,5266,BTCUSD,sell,out,0.83,109576.84,5266,0.00,0.00,45.90,10 043.75,sl 109576.85
2025.07.02 20:10:01,5267,SOXX.NAS,sell,out,0.1,242.070,5267,-0.02,0.00,-0.03,10 043.70,sl 242.080
2025.07.02 20:25:34,5268,BTCUSD,sell,out,0.02,109522.77,5268,0.00,0.00,-1.14,10 042.56,sl 109523.20
2025.07.02 22:00:00,5269,BTCUSD,buy,in,0.83,109631.73,5269,0.00,0.00,0.00,10 042.56,RSI Scalping Buy #M123459123
2025.07.02 22:04:14,5270,BTCUSD,sell,out,0.83,109633.65,5270,0.00,0.00,1.59,10 044.15,sl 109635.12
2025.07.03 12:15:01,5271,DE40,buy,in,0.1,23820.80,5271,0.00,0.00,0.00,10 044.15,SimpleTrendline BUY #M26042502
2025.07.03 12:45:00,5272,DE40,sell,out,0.1,23777.80,5272,0.00,0.00,-5.06,10 039.09,
2025.07.03 16:15:03,5273,DE40,buy,in,0.1,23880.70,5273,0.00,0.00,0.00,10 039.09,SimpleTrendline BUY #M26042502
2025.07.03 17:30:00,5274,NVDA.NAS,sell,out,8.3,160.64,5274,-0.17,0.00,60.18,10 099.10,
2025.07.04 03:30:00,5275,DE40,sell,out,0.1,23885.50,5275,0.00,-0.53,0.57,10 099.14,
2025.07.04 04:30:00,5276,DE40,buy,in,0.1,23902.70,5276,0.00,0.00,0.00,10 099.14,SimpleTrendline BUY #M26042502
2025.07.04 04:45:07,5277,DE40,sell,out,0.1,23898.50,5277,0.00,0.00,-0.49,10 098.65,
2025.07.04 17:00:00,5278,DE40,sell,in,0.1,23819.00,5278,0.00,0.00,0.00,10 098.65,SimpleTrendline SELL #M26042502
2025.07.04 17:30:00,5279,DE40,buy,out,0.1,23820.90,5279,0.00,0.00,-0.22,10 098.43,
2025.07.04 17:45:01,5280,DE40,sell,in,0.1,23815.90,5280,0.00,0.00,0.00,10 098.43,SimpleTrendline SELL #M26042502
2025.07.07 01:15:00,5281,DE40,buy,out,0.1,23863.10,5281,0.00,-0.55,-5.56,10 092.32,
2025.07.07 16:35:00,5282,TSLA.NAS,sell,in,126.1,290.80,5282,-2.52,0.00,0.00,10 089.80,RSI Scalping Sell #M125421321
2025.07.07 17:00:00,5283,TSLA.NAS,buy,out,126.1,291.41,5283,-2.52,0.00,-76.92,10 010.36,
2025.07.07 17:45:01,5284,NVDA.NAS,buy,in,66.7,158.50,5284,-1.33,0.00,0.00,10 009.03,RSI Scalping Buy #M20003
2025.07.07 21:45:01,5285,DE40,buy,in,0.1,23998.90,5285,0.00,0.00,0.00,10 009.03,SimpleTrendline BUY #M26042502
2025.07.07 23:00:00,5286,DE40,sell,out,0.1,23990.00,5286,0.00,0.00,-1.05,10 007.98,
2025.07.07 23:30:00,5287,DE40,sell,in,0.1,23965.70,5287,0.00,0.00,0.00,10 007.98,SimpleTrendline SELL #M26042502
2025.07.08 02:00:00,5288,DE40,buy,out,0.1,23967.70,5288,0.00,-0.18,-0.24,10 007.56,
2025.07.08 03:45:03,5289,DE40,buy,in,0.1,24032.80,5289,0.00,0.00,0.00,10 007.56,SimpleTrendline BUY #M26042502
2025.07.08 04:15:00,5290,DE40,sell,out,0.1,24027.60,5290,0.00,0.00,-0.61,10 006.95,
2025.07.08 15:35:44,5291,BTCUSD,buy,in,0.02,108761.90,5291,0.00,0.00,0.00,10 006.95,WP Buy #M20260527
2025.07.08 16:39:06,5292,BTCUSD,sell,out,0.02,108666.20,5292,0.00,0.00,-1.91,10 005.04,sl 108667.80
2025.07.08 17:00:01,5293,BTCUSD,buy,in,0.02,109049.83,5293,0.00,0.00,0.00,10 005.04,WP Buy #M20260527
2025.07.08 17:11:21,5294,BTCUSD,sell,out,0.02,108548.37,5294,0.00,0.00,-10.03,9 995.01,sl 108549.83
2025.07.09 03:45:00,5295,DE40,buy,in,0.1,24210.90,5295,0.00,0.00,0.00,9 995.01,SimpleTrendline BUY #M26042502
2025.07.09 05:45:07,5296,DE40,sell,out,0.1,24223.70,5296,0.00,0.00,1.51,9 996.52,
2025.07.09 06:30:07,5297,DE40,buy,in,0.1,24236.40,5297,0.00,0.00,0.00,9 996.52,SimpleTrendline BUY #M26042502
2025.07.09 06:45:27,5298,DE40,sell,out,0.1,24218.70,5298,0.00,0.00,-2.08,9 994.44,
2025.07.09 16:35:00,5299,NVDA.NAS,sell,out,66.7,163.36,5299,-1.33,-0.02,324.16,10 317.25,
2025.07.09 23:00:00,5300,BTCUSD,buy,in,0.85,111817.48,5300,0.00,0.00,0.00,10 317.25,RSI Scalping Buy #M123459123
2025.07.09 23:00:04,5301,BTCUSD,sell,out,0.85,111834.17,5301,0.00,0.00,14.19,10 331.44,sl 111837.32
2025.07.10 09:45:08,5302,DE40,buy,in,0.1,24605.50,5302,0.00,0.00,0.00,10 331.44,SimpleTrendline BUY #M26042502
2025.07.10 10:15:00,5303,DE40,sell,out,0.1,24601.50,5303,0.00,0.00,-0.47,10 330.97,
2025.07.10 13:00:00,5304,DE40,sell,in,0.1,24585.40,5304,0.00,0.00,0.00,10 330.97,SimpleTrendline SELL #M26042502
2025.07.10 17:40:01,5305,AAPL.NAS,buy,in,43,212.670,5305,-0.86,0.00,0.00,10 330.11,RSI Scalping Buy #M20001
2025.07.10 17:41:04,5306,AAPL.NAS,sell,out,43,213.010,5306,-0.86,0.00,14.62,10 343.87,sl 213.010
2025.07.10 17:50:00,5307,AAPL.NAS,sell,in,43,212.530,5307,-0.86,0.00,0.00,10 343.01,RSI Scalping Sell #M20001
2025.07.10 17:51:04,5308,AAPL.NAS,buy,out,43,212.530,5308,-0.86,0.00,0.00,10 342.15,sl 212.510
2025.07.10 18:00:00,5309,AAPL.NAS,buy,in,0.2,212.360,5309,-0.02,0.00,0.00,10 342.13,WP Buy #M20260528
2025.07.10 18:03:29,5310,AAPL.NAS,sell,out,0.2,212.620,5310,-0.02,0.00,0.05,10 342.16,sl 212.620
2025.07.10 18:15:00,5311,NVDA.NAS,sell,in,86.1,161.70,5311,-1.72,0.00,0.00,10 340.44,RSI Scalping Sell #M20003
2025.07.10 18:20:00,5312,AAPL.NAS,buy,in,43,213.150,5312,-0.86,0.00,0.00,10 339.58,RSI Scalping Buy #M20001
2025.07.10 18:27:23,5313,AAPL.NAS,sell,out,43,213.130,5313,-0.86,0.00,-0.86,10 337.86,sl 213.150
2025.07.10 19:30:00,5314,NVDA.NAS,buy,out,86.1,163.30,5314,-1.72,0.00,-137.76,10 198.38,
2025.07.10 20:00:00,5315,BTCUSD,buy,in,0.84,112767.57,5315,0.00,0.00,0.00,10 198.38,RSI Scalping Buy #M123459123
2025.07.10 20:00:04,5316,BTCUSD,sell,out,0.84,112779.97,5316,0.00,0.00,10.42,10 208.80,sl 112780.66
2025.07.10 21:08:05,5317,BTCUSD,buy,in,0.02,113554.56,5317,0.00,0.00,0.00,10 208.80,WP Buy #M20260527
2025.07.10 22:25:51,5318,BTCUSD,sell,out,0.02,113476.07,5318,0.00,0.00,-1.57,10 207.23,sl 113477.07
2025.07.11 01:02:02,5319,BTCUSD,buy,in,0.02,116396.93,5319,0.00,0.00,0.00,10 207.23,WP Buy #M20260527
2025.07.11 01:25:18,5320,BTCUSD,sell,out,0.02,115886.69,5320,0.00,0.00,-10.20,10 197.03,sl 115887.23
2025.07.11 17:00:00,5321,BTCUSD,buy,in,0.84,118038.09,5321,0.00,0.00,0.00,10 197.03,RSI Scalping Buy #M123459123
2025.07.11 17:00:03,5322,BTCUSD,sell,out,0.84,118041.77,5322,0.00,0.00,3.09,10 200.12,sl 118045.48
2025.07.11 22:15:00,5323,NVDA.NAS,sell,in,85,165.22,5323,-1.70,0.00,0.00,10 198.42,RSI Scalping Sell #M20003
2025.07.11 22:30:05,5324,NVDA.NAS,buy,out,85,165.05,5324,-1.70,0.00,14.45,10 211.17,
2025.07.11 22:30:05,5325,DE40,buy,out,0.1,24244.10,5325,0.00,-0.18,40.20,10 251.19,
2025.07.14 01:05:15,5326,DE40,sell,in,0.1,24073.60,5326,0.00,0.00,0.00,10 251.19,SimpleTrendline SELL #M26042502
2025.07.14 01:15:00,5327,DE40,buy,out,0.1,24073.20,5327,0.00,0.00,0.05,10 251.24,
2025.07.14 07:00:00,5328,BTCUSD,buy,in,0.85,120818.90,5328,0.00,0.00,0.00,10 251.24,RSI Scalping Buy #M123459123
2025.07.14 07:00:01,5329,BTCUSD,sell,out,0.85,120818.86,5329,0.00,0.00,-0.03,10 251.21,sl 120819.69
2025.07.14 10:00:38,5330,BTCUSD,buy,in,0.02,122189.52,5330,0.00,0.00,0.00,10 251.21,WP Buy #M20260527
2025.07.14 10:38:23,5331,BTCUSD,sell,out,0.02,123195.09,5331,0.00,0.00,20.11,10 271.32,tp 123189.87
2025.07.14 11:00:00,5332,DE40,sell,in,0.1,24083.50,5332,0.00,0.00,0.00,10 271.32,SimpleTrendline SELL #M26042502
2025.07.14 11:15:09,5333,BTCUSD,buy,in,0.02,122445.74,5333,0.00,0.00,0.00,10 271.32,WP Buy #M20260527
2025.07.14 12:09:44,5334,BTCUSD,sell,out,0.02,122415.12,5334,0.00,0.00,-0.61,10 270.71,sl 122415.47
2025.07.14 12:15:04,5335,DE40,buy,out,0.1,24092.50,5335,0.00,0.00,-1.06,10 269.65,
2025.07.14 12:30:00,5336,DE40,sell,in,0.1,24083.00,5336,0.00,0.00,0.00,10 269.65,SimpleTrendline SELL #M26042502
2025.07.14 13:00:01,5337,DE40,buy,out,0.1,24088.00,5337,0.00,0.00,-0.59,10 269.06,
2025.07.14 13:30:00,5338,DE40,sell,in,0.1,24059.50,5338,0.00,0.00,0.00,10 269.06,SimpleTrendline SELL #M26042502
2025.07.14 15:15:00,5339,DE40,buy,out,0.1,24057.00,5339,0.00,0.00,0.29,10 269.35,
2025.07.14 16:45:00,5340,NVDA.NAS,sell,in,85.5,162.09,5340,-1.71,0.00,0.00,10 267.64,RSI Scalping Sell #M20003
2025.07.14 17:00:00,5341,NVDA.NAS,buy,out,85.5,163.19,5341,-1.71,0.00,-94.05,10 171.88,
2025.07.14 17:15:00,5342,NVDA.NAS,buy,in,84.7,163.89,5342,-1.69,0.00,0.00,10 170.19,RSI Scalping Buy #M20003
2025.07.14 19:00:02,5343,XBRUSD,sell,in,0.5,69.93,5343,0.00,0.00,0.00,10 170.19,WP Sell #M20260534
2025.07.15 07:30:37,5344,DE40,buy,in,0.4,24193.10,5344,0.00,0.00,0.00,10 170.19,SimpleTrendline BUY #M26042502
2025.07.15 10:30:00,5345,DE40,sell,out,0.4,24199.00,5345,0.00,0.00,2.78,10 172.97,
2025.07.15 11:30:00,5346,DE40,buy,in,0.4,24261.20,5346,0.00,0.00,0.00,10 172.97,SimpleTrendline BUY #M26042502
2025.07.15 12:00:07,5347,DE40,sell,out,0.4,24238.90,5347,0.00,0.00,-10.51,10 162.46,
2025.07.15 16:35:00,5348,NVDA.NAS,sell,out,84.7,170.48,5348,-1.69,-0.01,558.17,10 718.93,
2025.07.15 16:35:00,5349,NVDA.NAS,buy,in,84.6,170.52,5349,-1.69,0.00,0.00,10 717.24,RSI Scalping Buy #M20003
2025.07.15 16:45:00,5350,NVDA.NAS,sell,out,84.6,171.27,5350,-1.69,0.00,63.45,10 779.00,
2025.07.15 17:00:00,5351,DE40,sell,in,0.4,24129.10,5351,0.00,0.00,0.00,10 779.00,SimpleTrendline SELL #M26042502
2025.07.15 17:15:01,5352,DE40,buy,out,0.4,24167.60,5352,0.00,0.00,-18.14,10 760.86,
2025.07.15 22:00:00,5353,TSLA.NAS,sell,in,134.5,311.95,5353,-2.69,0.00,0.00,10 758.17,RSI Scalping Sell #M125421321
2025.07.16 11:00:00,5354,DE40,buy,in,0.4,24079.70,5354,0.00,0.00,0.00,10 758.17,SimpleTrendline BUY #M26042502
2025.07.16 11:15:01,5355,DE40,sell,out,0.4,24061.80,5355,0.00,0.00,-8.43,10 749.74,
2025.07.16 11:45:03,5356,DE40,buy,in,0.4,24112.30,5356,0.00,0.00,0.00,10 749.74,SimpleTrendline BUY #M26042502
2025.07.16 12:15:01,5357,DE40,sell,out,0.4,24076.80,5357,0.00,0.00,-16.72,10 733.02,
2025.07.16 13:17:36,5358,BTCUSD,buy,in,0.02,119186.50,5358,0.00,0.00,0.00,10 733.02,WP Buy #M20260527
2025.07.16 14:03:38,5359,BTCUSD,sell,out,0.02,118678.63,5359,0.00,0.00,-10.16,10 722.86,sl 118690.50
2025.07.16 16:35:00,5360,TSLA.NAS,buy,out,134.5,314.92,5360,-2.69,0.00,-399.47,10 320.70,
2025.07.16 17:45:00,5361,NVDA.NAS,sell,in,68.8,169.82,5361,-1.38,0.00,0.00,10 319.32,RSI Scalping Sell #M20003
2025.07.16 18:00:00,5362,NVDA.NAS,buy,out,68.8,169.85,5362,-1.38,0.00,-2.06,10 315.88,
2025.07.16 18:15:01,5363,NVDA.NAS,buy,in,68.7,170.60,5363,-1.37,0.00,0.00,10 314.51,RSI Scalping Buy #M20003
2025.07.16 19:30:00,5364,DE40,buy,in,0.3,24091.50,5364,0.00,0.00,0.00,10 314.51,SimpleTrendline BUY #M26042502
2025.07.16 20:03:51,5365,XBRUSD,buy,out,0.5,69.04,5365,0.00,-11.32,44.50,10 347.69,sl 69.04
2025.07.17 05:15:05,5366,DE40,sell,out,0.3,24166.80,5366,0.00,-1.60,26.61,10 372.70,
2025.07.17 06:03:09,5367,AUDUSD,buy,in,0.69,0.64730,5367,-2.42,0.00,0.00,10 370.28,RSI Oversold Crossover Buy #M30
2025.07.17 06:45:00,5368,DE40,buy,in,0.4,24191.00,5368,0.00,0.00,0.00,10 370.28,SimpleTrendline BUY #M26042502
2025.07.17 07:15:26,5369,DE40,sell,out,0.4,24188.30,5369,0.00,0.00,-1.27,10 369.01,
2025.07.17 08:00:00,5370,AUDUSD,sell,out,0.69,0.64908,5370,-2.42,0.00,122.82,10 489.41,
2025.07.17 16:35:02,5371,TSLA.NAS,buy,in,0.2,323.15,5371,-0.02,0.00,0.00,10 489.39,WP Buy #M20260530
2025.07.17 16:45:03,5372,TSLA.NAS,sell,out,0.2,320.08,5372,-0.02,0.00,-0.61,10 488.76,sl 320.15
2025.07.18 13:00:00,5373,DE40,buy,in,0.4,24461.70,5373,0.00,0.00,0.00,10 488.76,SimpleTrendline BUY #M26042502
2025.07.18 13:15:01,5374,DE40,sell,out,0.4,24432.70,5374,0.00,0.00,-13.66,10 475.10,
2025.07.18 13:30:00,5375,DE40,sell,in,0.4,24385.20,5375,0.00,0.00,0.00,10 475.10,SimpleTrendline SELL #M26042502
2025.07.18 16:15:00,5376,DE40,buy,out,0.4,24367.70,5376,0.00,0.00,8.24,10 483.34,
2025.07.18 17:00:00,5377,DE40,sell,in,0.4,24310.70,5377,0.00,0.00,0.00,10 483.34,SimpleTrendline SELL #M26042502
2025.07.18 18:45:00,5378,DE40,buy,out,0.4,24296.30,5378,0.00,0.00,6.78,10 490.12,
2025.07.21 16:40:01,5379,AAPL.NAS,buy,in,43.7,213.870,5379,-0.87,0.00,0.00,10 489.25,RSI Scalping Buy #M20001
2025.07.21 16:40:16,5380,AAPL.NAS,sell,out,43.7,213.860,5380,-0.87,0.00,-0.44,10 487.94,sl 213.890
2025.07.21 17:00:00,5381,AAPL.NAS,sell,in,43.6,214.050,5381,-0.87,0.00,0.00,10 487.07,RSI Scalping Sell #M20001
2025.07.21 17:41:21,5382,AAPL.NAS,buy,out,43.6,213.840,5382,-0.87,0.00,9.16,10 495.36,sl 213.830
2025.07.21 22:15:01,5383,DE40,sell,in,0.8,24246.80,5383,0.00,0.00,0.00,10 495.36,SimpleTrendline SELL #M26042502
2025.07.22 03:16:02,5384,DE40,buy,out,0.8,24270.00,5384,0.00,-1.47,-21.86,10 472.03,
2025.07.22 04:45:02,5385,DE40,sell,in,0.8,24249.80,5385,0.00,0.00,0.00,10 472.03,SimpleTrendline SELL #M26042502
2025.07.22 16:35:00,5386,NVDA.NAS,sell,out,68.7,168.83,5386,-1.37,-0.06,-121.60,10 349.00,sl 170.40
2025.07.22 17:00:00,5387,TSLA.NAS,sell,in,129.3,323.86,5387,-2.59,0.00,0.00,10 346.41,RSI Scalping Sell #M125421321
2025.07.22 18:00:00,5388,TSLA.NAS,buy,out,129.3,329.55,5388,-2.59,0.00,-735.72,9 608.10,
2025.07.22 22:00:00,5389,DE40,buy,out,0.8,24088.80,5389,0.00,0.00,151.70,9 759.80,
2025.07.23 13:30:00,5390,DE40,buy,in,0.8,24231.60,5390,0.00,0.00,0.00,9 759.80,SimpleTrendline BUY #M26042502
2025.07.23 13:45:00,5391,DE40,sell,out,0.8,24221.10,5391,0.00,0.00,-9.89,9 749.91,
2025.07.23 14:00:00,5392,DE40,sell,in,0.8,24177.10,5392,0.00,0.00,0.00,9 749.91,SimpleTrendline SELL #M26042502
2025.07.23 16:35:00,5393,NVDA.NAS,sell,in,81.2,169.92,5393,-1.62,0.00,0.00,9 748.29,RSI Scalping Sell #M20003
2025.07.23 17:45:01,5394,NVDA.NAS,buy,out,81.2,168.80,5394,-1.62,0.00,90.94,9 837.61,
2025.07.23 18:00:00,5395,DE40,buy,out,0.8,24212.60,5395,0.00,0.00,-33.45,9 804.16,
2025.07.23 21:00:00,5396,EURUSD,buy,in,0.14,1.17600,5396,-0.49,0.00,0.00,9 803.67,WP Buy #M20260524
2025.07.24 04:02:06,5397,BTCUSD,buy,in,0.02,119134.13,5397,0.00,0.00,0.00,9 803.67,WP Buy #M20260527
2025.07.24 06:00:00,5398,XAUUSD,sell,in,0.16,3383.84,5398,-0.56,0.00,0.00,9 803.11,United SuperEMA short #M940001
2025.07.24 06:38:48,5399,BTCUSD,sell,out,0.02,119040.13,5399,0.00,0.00,-1.88,9 801.23,sl 119042.50
2025.07.24 12:31:32,5400,EURUSD,sell,out,0.14,1.17503,5400,-0.49,-3.19,-13.58,9 783.97,sl 1.17503
2025.07.24 16:45:00,5401,XAUUSD,buy,out,0.16,3365.97,5401,-0.56,0.00,285.92,10 069.33,
2025.07.24 17:00:00,5402,TSLA.NAS,sell,in,125.8,306.96,5402,-2.52,0.00,0.00,10 066.81,RSI Scalping Sell #M125421321
2025.07.24 18:00:00,5403,XAUUSD,buy,in,0.08,3373.71,5403,-0.28,0.00,0.00,10 066.53,SimpleTrendline BUY #M26042503
2025.07.24 18:00:00,5404,TSLA.NAS,buy,out,125.8,303.57,5404,-2.52,0.00,426.46,10 490.47,
2025.07.24 19:00:00,5405,XAUUSD,sell,out,0.08,3372.57,5405,-0.28,0.00,-9.12,10 481.07,
2025.07.24 22:00:00,5406,XAUUSD,buy,in,0.08,3371.99,5406,-0.28,0.00,0.00,10 480.79,SimpleTrendline BUY #M26042503
2025.07.24 23:00:00,5407,XAUUSD,sell,out,0.08,3370.50,5407,-0.28,0.00,-11.92,10 468.59,
2025.07.25 01:30:00,5408,XAUUSD,sell,in,0.17,3366.46,5408,-0.60,0.00,0.00,10 467.99,United SuperEMA short #M940001
2025.07.25 02:15:00,5409,XAUUSD,buy,out,0.17,3370.81,5409,-0.60,0.00,-73.95,10 393.44,
2025.07.25 04:00:00,5410,XAUUSD,buy,in,0.08,3372.33,5410,-0.28,0.00,0.00,10 393.16,SimpleTrendline BUY #M26042503
2025.07.25 05:30:00,5411,XAUUSD,sell,in,0.17,3366.29,5411,-0.60,0.00,0.00,10 392.56,United SuperEMA short #M940001
2025.07.25 06:00:00,5412,XAUUSD,sell,out,0.08,3363.06,5412,-0.28,0.00,-74.16,10 318.12,
2025.07.25 06:00:00,5413,XAUUSD,sell,in,0.08,3363.02,5413,-0.28,0.00,0.00,10 317.84,SimpleTrendline SELL #M26042503
2025.07.25 07:30:20,5414,DE40,sell,in,0.6,24285.80,5414,0.00,0.00,0.00,10 317.84,SimpleTrendline SELL #M26042502
2025.07.25 08:15:15,5415,DE40,buy,out,0.6,24266.50,5415,0.00,0.00,13.61,10 331.45,
2025.07.25 09:00:00,5416,DE40,sell,in,0.8,24215.80,5416,0.00,0.00,0.00,10 331.45,SimpleTrendline SELL #M26042502
2025.07.25 15:45:00,5417,DE40,buy,out,0.8,24145.40,5417,0.00,0.00,66.18,10 397.63,
2025.07.25 16:30:00,5418,DE40,sell,in,0.8,24124.90,5418,0.00,0.00,0.00,10 397.63,SimpleTrendline SELL #M26042502
2025.07.25 16:45:00,5419,DE40,buy,out,0.8,24143.90,5419,0.00,0.00,-17.86,10 379.77,
2025.07.25 17:00:00,5420,XAUUSD,buy,out,0.17,3343.96,5420,-0.60,0.00,379.61,10 758.78,
2025.07.25 18:00:00,5421,DE40,buy,in,0.8,24231.30,5421,0.00,0.00,0.00,10 758.78,SimpleTrendline BUY #M26042502
2025.07.25 18:15:00,5422,DE40,sell,out,0.8,24248.80,5422,0.00,0.00,16.45,10 775.23,
2025.07.25 21:00:00,5423,NVDA.NAS,sell,in,89.7,173.43,5423,-1.79,0.00,0.00,10 773.44,RSI Scalping Sell #M20003
2025.07.25 21:15:02,5424,NVDA.NAS,buy,out,89.7,173.48,5424,-1.79,0.00,-4.49,10 767.16,
2025.07.25 21:30:00,5425,NVDA.NAS,buy,in,89.7,173.66,5425,-1.79,0.00,0.00,10 765.37,RSI Scalping Buy #M20003
2025.07.28 02:00:00,5426,XAUUSD,buy,out,0.08,3329.75,5426,-0.28,3.58,266.16,11 034.83,
2025.07.28 19:00:00,5427,SOXX.NAS,buy,in,0.2,245.470,5427,-0.02,0.00,0.00,11 034.81,WP Buy #M20260532
2025.07.28 19:23:33,5428,SOXX.NAS,sell,out,0.2,245.790,5428,-0.02,0.00,0.06,11 034.85,sl 245.790
2025.07.29 16:35:00,5429,NVDA.NAS,sell,out,89.7,178.29,5429,-1.79,-0.05,415.31,11 448.32,
2025.07.29 17:00:00,5430,TSLA.NAS,sell,in,143.1,320.34,5430,-2.86,0.00,0.00,11 445.46,RSI Scalping Sell #M125421321
2025.07.29 18:45:00,5431,NVDA.NAS,sell,in,95.3,175.59,5431,-1.91,0.00,0.00,11 443.55,RSI Scalping Sell #M20003
2025.07.29 20:00:00,5432,NVDA.NAS,buy,out,95.3,176.45,5432,-1.91,0.00,-81.96,11 359.68,
2025.07.30 07:30:02,5433,DE40,buy,in,0.9,24273.10,5433,0.00,0.00,0.00,11 359.68,SimpleTrendline BUY #M26042502
2025.07.30 08:15:05,5434,DE40,sell,out,0.9,24242.90,5434,0.00,0.00,-31.94,11 327.74,
2025.07.30 13:15:00,5435,DE40,buy,in,0.9,24280.80,5435,0.00,0.00,0.00,11 327.74,SimpleTrendline BUY #M26042502
2025.07.30 13:30:00,5436,DE40,sell,out,0.9,24259.30,5436,0.00,0.00,-22.74,11 305.00,
2025.07.30 16:45:00,5437,NVDA.NAS,buy,in,94.2,177.34,5437,-1.88,0.00,0.00,11 303.12,RSI Scalping Buy #M20003
2025.07.30 19:00:00,5438,XTIUSD,buy,in,0.5,70.90,5438,0.00,0.00,0.00,11 303.12,WP Buy #M20260533
2025.07.30 20:00:01,5439,XBRUSD,buy,in,0.5,73.25,5439,0.00,0.00,0.00,11 303.12,WP Buy #M20260534
2025.07.31 18:10:11,5440,XTIUSD,sell,out,0.5,69.40,5440,0.00,5.35,-75.00,11 233.47,sl 69.40
2025.07.31 18:15:35,5441,NVDA.NAS,sell,out,94.2,178.81,5441,-1.88,-0.02,138.47,11 370.04,sl 178.82
2025.07.31 18:26:48,5442,XBRUSD,sell,out,0.5,71.77,5442,0.00,4.01,-74.00,11 300.05,sl 71.77
2025.07.31 20:30:00,5443,NVDA.NAS,sell,in,94.1,179.02,5443,-1.88,0.00,0.00,11 298.17,RSI Scalping Sell #M20003
2025.07.31 21:00:00,5444,NVDA.NAS,buy,out,94.1,177.59,5444,-1.88,0.00,134.56,11 430.85,
2025.07.31 21:00:00,5445,NVDA.NAS,sell,in,94.1,177.51,5445,-1.88,0.00,0.00,11 428.97,RSI Scalping Sell #M20003
2025.07.31 21:15:01,5446,NVDA.NAS,buy,out,94.1,176.58,5446,-1.88,0.00,87.51,11 514.60,
2025.07.31 21:45:00,5447,NVDA.NAS,buy,in,95.9,178.07,5447,-1.92,0.00,0.00,11 512.68,RSI Scalping Buy #M20003
2025.08.01 16:35:00,5448,TSLA.NAS,buy,out,143.1,304.39,5448,-2.86,0.00,2 282.45,13 792.27,
2025.08.01 18:00:00,5449,EURUSD,buy,in,0.2,1.15561,5449,-0.70,0.00,0.00,13 791.57,WP Buy #M20260524
2025.08.01 21:00:00,5450,NVDA.NAS,sell,out,95.9,173.02,5450,-1.92,-0.02,-484.30,13 305.33,
2025.08.01 21:30:00,5451,NVDA.NAS,buy,in,110.8,173.28,5451,-2.22,0.00,0.00,13 303.11,RSI Scalping Buy #M20003
2025.08.04 03:23:12,5452,EURUSD,sell,out,0.2,1.15671,5452,-0.70,-1.52,22.00,13 322.89,sl 1.15671
2025.08.04 03:45:10,5453,DE40,sell,in,1.1,23496.70,5453,0.00,0.00,0.00,13 322.89,SimpleTrendline SELL #M26042502
2025.08.04 04:00:01,5454,DE40,buy,out,1.1,23522.40,5454,0.00,0.00,-32.70,13 290.19,
2025.08.05 12:00:00,5455,DE40,buy,in,0.5,23862.10,5455,0.00,0.00,0.00,13 290.19,SimpleTrendline BUY #M26042502
2025.08.05 12:15:00,5456,DE40,sell,out,0.5,23846.60,5456,0.00,0.00,-8.96,13 281.23,
2025.08.05 17:30:00,5457,DE40,buy,in,0.5,23882.10,5457,0.00,0.00,0.00,13 281.23,SimpleTrendline BUY #M26042502
2025.08.05 17:45:00,5458,DE40,sell,out,0.5,23823.10,5458,0.00,0.00,-34.12,13 247.11,
2025.08.05 17:48:05,5459,NVDA.NAS,sell,out,110.8,176.51,5459,-2.22,-0.07,357.88,13 602.70,sl 176.51
2025.08.05 18:30:00,5460,NVDA.NAS,sell,in,113.3,176.88,5460,-2.27,0.00,0.00,13 600.43,RSI Scalping Sell #M20003
2025.08.05 18:45:01,5461,NVDA.NAS,buy,out,113.3,176.65,5461,-2.27,0.00,26.06,13 624.22,
2025.08.05 19:15:00,5462,NVDA.NAS,buy,in,113.5,177.88,5462,-2.27,0.00,0.00,13 621.95,RSI Scalping Buy #M20003
2025.08.06 05:00:06,5463,DE40,buy,in,0.5,23895.20,5463,0.00,0.00,0.00,13 621.95,SimpleTrendline BUY #M26042502
2025.08.06 12:00:03,5464,DE40,sell,out,0.5,23883.20,5464,0.00,0.00,-6.94,13 615.01,
2025.08.06 16:40:01,5465,AAPL.NAS,buy,in,56.7,208.440,5465,-1.13,0.00,0.00,13 613.88,RSI Scalping Buy #M20001
2025.08.06 16:40:18,5466,AAPL.NAS,sell,out,56.7,208.530,5466,-1.13,0.00,5.10,13 617.85,sl 208.530
2025.08.06 17:00:00,5467,AAPL.NAS,sell,in,56.7,209.530,5467,-1.13,0.00,0.00,13 616.72,RSI Scalping Sell #M20001
2025.08.06 18:45:00,5468,DE40,buy,in,0.5,23924.40,5468,0.00,0.00,0.00,13 616.72,SimpleTrendline BUY #M26042502
2025.08.06 21:00:42,5469,BTCUSD,buy,in,0.03,115593.75,5469,0.00,0.00,0.00,13 616.72,WP Buy #M20260527
2025.08.06 22:00:00,5470,EURUSD,buy,in,0.2,1.16626,5470,-0.70,0.00,0.00,13 616.02,WP Buy #M20260524
2025.08.06 23:00:00,5471,XBRUSD,sell,in,0.5,67.15,5471,0.00,0.00,0.00,13 616.02,WP Sell #M20260534
2025.08.06 23:00:23,5472,XTIUSD,sell,in,0.5,64.50,5472,0.00,0.00,0.00,13 616.02,WP Sell #M20260533
2025.08.06 23:33:46,5473,BTCUSD,sell,out,0.03,115079.00,5473,0.00,0.00,-15.44,13 600.58,sl 115088.50
2025.08.07 01:15:01,5474,DE40,sell,out,0.5,23945.20,5474,0.00,-2.63,12.13,13 610.08,
2025.08.07 01:30:00,5475,DE40,buy,in,0.5,23989.80,5475,0.00,0.00,0.00,13 610.08,SimpleTrendline BUY #M26042502
2025.08.07 03:30:00,5476,DE40,sell,out,0.5,23923.10,5476,0.00,0.00,-38.87,13 571.21,
2025.08.07 04:15:03,5477,DE40,buy,in,0.5,23941.80,5477,0.00,0.00,0.00,13 571.21,SimpleTrendline BUY #M26042502
2025.08.07 10:00:00,5478,DE40,sell,out,0.5,23927.50,5478,0.00,0.00,-8.35,13 562.86,
2025.08.07 13:02:03,5479,EURUSD,sell,out,0.2,1.16689,5479,-0.70,-4.56,12.60,13 570.20,sl 1.16689
2025.08.07 14:00:00,5480,BTCUSD,buy,in,1.13,116383.13,5480,0.00,0.00,0.00,13 570.20,RSI Scalping Buy #M123459123
2025.08.07 14:00:03,5481,BTCUSD,sell,out,1.13,116424.13,5481,0.00,0.00,46.33,13 616.53,sl 116426.43
2025.08.07 16:02:03,5482,BTCUSD,buy,in,0.03,116399.63,5482,0.00,0.00,0.00,13 616.53,WP Buy #M20260527
2025.08.07 16:45:01,5483,NVDA.NAS,sell,out,113.5,183.02,5483,-2.27,-0.04,583.39,14 197.61,
2025.08.07 16:45:54,5484,BTCUSD,sell,out,0.03,116486.13,5484,0.00,0.00,2.60,14 200.21,sl 116488.63
2025.08.07 17:00:00,5485,BTCUSD,buy,in,0.71,116715.50,5485,0.00,0.00,0.00,14 200.21,RSI Scalping Buy #M123459123
2025.08.07 17:00:01,5486,AAPL.NAS,buy,in,0.2,219.660,5486,-0.02,0.00,0.00,14 200.19,WP Buy #M20260528
2025.08.07 17:00:01,5487,BTCUSD,sell,out,0.71,116723.88,5487,0.00,0.00,5.95,14 206.14,sl 116728.68
2025.08.07 17:00:25,5488,AAPL.NAS,sell,out,0.2,219.710,5488,-0.02,0.00,0.01,14 206.13,sl 219.720
2025.08.07 17:04:36,5489,BTCUSD,buy,in,0.02,116588.63,5489,0.00,0.00,0.00,14 206.13,WP Buy #M20260527
2025.08.07 19:10:43,5490,BTCUSD,sell,out,0.02,116565.38,5490,0.00,0.00,-0.47,14 205.66,sl 116565.88
2025.08.07 19:45:00,5491,NVDA.NAS,sell,in,71,180.02,5491,-1.42,0.00,0.00,14 204.24,RSI Scalping Sell #M20003
2025.08.07 20:45:00,5492,NVDA.NAS,buy,out,71,179.84,5492,-1.42,0.00,12.78,14 215.60,
2025.08.07 20:45:00,5493,NVDA.NAS,sell,in,71,179.84,5493,-1.42,0.00,0.00,14 214.18,RSI Scalping Sell #M20003
2025.08.07 21:15:01,5494,NVDA.NAS,buy,out,71,179.09,5494,-1.42,0.00,53.25,14 266.01,
2025.08.07 21:15:01,5495,NVDA.NAS,sell,in,71,179.05,5495,-1.42,0.00,0.00,14 264.59,RSI Scalping Sell #M20003
2025.08.07 21:30:00,5496,NVDA.NAS,buy,out,71,179.42,5496,-1.42,0.00,-26.27,14 236.90,
2025.08.07 22:00:01,5497,NVDA.NAS,buy,in,71.1,180.14,5497,-1.42,0.00,0.00,14 235.48,RSI Scalping Buy #M20003
2025.08.07 23:00:00,5498,BTCUSD,buy,in,0.71,117556.63,5498,0.00,0.00,0.00,14 235.48,RSI Scalping Buy #M123459123
2025.08.07 23:00:02,5499,BTCUSD,sell,out,0.71,117553.50,5499,0.00,0.00,-2.22,14 233.26,sl 117559.18
2025.08.08 11:44:04,5500,XTIUSD,buy,out,0.5,64.46,5500,0.00,-14.56,2.00,14 220.70,sl 64.46
2025.08.08 11:49:40,5501,XBRUSD,buy,out,0.5,67.18,5501,0.00,-11.32,-1.50,14 207.88,sl 67.18
2025.08.08 15:15:00,5502,DE40,buy,in,0.2,24208.70,5502,0.00,0.00,0.00,14 207.88,SimpleTrendline BUY #M26042502
2025.08.08 15:30:00,5503,DE40,sell,out,0.2,24166.70,5503,0.00,0.00,-9.80,14 198.08,
2025.08.08 17:00:00,5504,DE40,sell,in,0.2,24119.70,5504,0.00,0.00,0.00,14 198.08,SimpleTrendline SELL #M26042502
2025.08.08 17:00:00,5505,TSLA.NAS,buy,in,85.1,332.92,5505,-1.70,0.00,0.00,14 196.38,RSI Scalping Buy #M125421321
2025.08.08 17:15:01,5506,DE40,buy,out,0.2,24196.70,5506,0.00,0.00,-17.97,14 178.41,
2025.08.08 18:00:00,5507,TSLA.NAS,buy,in,0.1,333.09,5507,-0.02,0.00,0.00,14 178.39,WP Buy #M20260530
2025.08.08 19:00:00,5508,TSLA.NAS,sell,out,85.1,330.89,5508,-1.70,0.00,-172.75,14 003.94,
2025.08.08 19:23:25,5509,TSLA.NAS,sell,out,0.1,330.06,5509,-0.02,0.00,-0.30,14 003.62,sl 330.09
2025.08.08 19:40:00,5510,AAPL.NAS,buy,out,56.7,228.880,5510,-1.13,0.00,-1 097.15,12 905.34,
2025.08.08 20:20:02,5511,AAPL.NAS,sell,in,43,229.260,5511,-0.86,0.00,0.00,12 904.48,RSI Scalping Sell #M20001
2025.08.08 20:23:41,5512,AAPL.NAS,buy,out,43,229.260,5512,-0.86,0.00,0.00,12 903.62,sl 229.260
2025.08.08 21:10:04,5513,AAPL.NAS,buy,in,21.5,230.760,5513,-0.43,0.00,0.00,12 903.19,RSI Scalping Buy #M20001
2025.08.08 22:20:02,5514,AAPL.NAS,sell,out,21.5,229.530,5514,-0.43,0.00,-26.45,12 876.31,
2025.08.11 05:00:00,5515,BTCUSD,buy,in,0.85,120028.25,5515,0.00,0.00,0.00,12 876.31,RSI Scalping Buy #M123459123
2025.08.11 05:00:07,5516,BTCUSD,sell,out,0.85,120030.50,5516,0.00,0.00,1.91,12 878.22,sl 120031.80
2025.08.11 09:45:03,5517,DE40,buy,in,0.5,24235.60,5517,0.00,0.00,0.00,12 878.22,SimpleTrendline BUY #M26042502
2025.08.11 10:15:00,5518,DE40,sell,out,0.5,24192.10,5518,0.00,0.00,-25.38,12 852.84,
2025.08.11 13:00:03,5519,DE40,sell,in,0.1,24117.60,5519,0.00,0.00,0.00,12 852.84,SimpleTrendline SELL #M26042502
2025.08.11 14:30:00,5520,DE40,buy,out,0.1,24101.60,5520,0.00,0.00,1.87,12 854.71,
2025.08.11 17:00:00,5521,TSLA.NAS,buy,in,160.6,340.33,5521,-3.21,0.00,0.00,12 851.50,RSI Scalping Buy #M125421321
2025.08.11 19:00:00,5522,TSLA.NAS,buy,in,0.2,345.29,5522,-0.02,0.00,0.00,12 851.48,WP Buy #M20260530
2025.08.11 19:40:34,5523,TSLA.NAS,sell,out,0.2,344.70,5523,-0.02,0.00,-0.12,12 851.34,sl 344.75
2025.08.11 23:00:00,5524,DE40,sell,in,0.5,24079.50,5524,0.00,0.00,0.00,12 851.34,SimpleTrendline SELL #M26042502
2025.08.12 01:15:02,5525,DE40,buy,out,0.5,24086.20,5525,0.00,-0.91,-3.91,12 846.52,
2025.08.12 02:15:06,5526,DE40,sell,in,0.1,24083.10,5526,0.00,0.00,0.00,12 846.52,SimpleTrendline SELL #M26042502
2025.08.12 02:30:01,5527,DE40,buy,out,0.1,24089.80,5527,0.00,0.00,-0.78,12 845.74,
2025.08.12 11:45:01,5528,DE40,sell,in,0.1,24062.50,5528,0.00,0.00,0.00,12 845.74,SimpleTrendline SELL #M26042502
2025.08.12 16:35:00,5529,TSLA.NAS,sell,out,160.6,343.16,5529,-3.21,-0.03,454.50,13 297.00,
2025.08.12 16:58:57,5530,NVDA.NAS,sell,out,71.1,180.08,5530,-1.42,-0.05,-4.27,13 291.26,sl 180.08
2025.08.12 18:00:00,5531,NVDA.NAS,buy,in,110.7,181.56,5531,-2.21,0.00,0.00,13 289.05,RSI Scalping Buy #M20003
2025.08.12 18:15:00,5532,DE40,buy,out,0.1,24058.00,5532,0.00,0.00,0.53,13 289.58,
2025.08.12 20:00:00,5533,SOXX.NAS,buy,in,0.2,249.330,5533,-0.02,0.00,0.00,13 289.56,WP Buy #M20260532
2025.08.12 20:15:02,5534,DE40,buy,in,0.5,24062.30,5534,0.00,0.00,0.00,13 289.56,SimpleTrendline BUY #M26042502
2025.08.12 20:40:12,5535,SOXX.NAS,sell,out,0.2,249.400,5535,-0.02,0.00,0.01,13 289.55,sl 249.410
2025.08.13 17:00:02,5536,SOXX.NAS,buy,in,0.2,252.910,5536,-0.02,0.00,0.00,13 289.53,WP Buy #M20260532
2025.08.13 17:00:25,5537,SOXX.NAS,sell,out,0.2,252.610,5537,-0.02,0.00,-0.06,13 289.45,sl 252.610
2025.08.13 17:20:00,5538,AAPL.NAS,buy,in,27.6,232.560,5538,-0.55,0.00,0.00,13 288.90,RSI Scalping Buy #M20001
2025.08.13 17:21:02,5539,AAPL.NAS,sell,out,27.6,232.600,5539,-0.55,0.00,1.10,13 289.45,sl 232.600
2025.08.13 18:00:00,5540,DE40,sell,out,0.5,24174.20,5540,0.00,-2.64,65.29,13 352.10,
2025.08.13 18:00:02,5541,AAPL.NAS,buy,in,0.3,233.550,5541,-0.02,0.00,0.00,13 352.08,WP Buy #M20260528
2025.08.13 18:01:53,5542,AAPL.NAS,sell,out,0.3,233.760,5542,-0.02,0.00,0.06,13 352.12,sl 233.760
2025.08.13 18:12:23,5543,NVDA.NAS,sell,out,110.7,180.11,5543,-2.21,-0.02,-160.52,13 189.37,sl 180.20
2025.08.13 18:15:00,5544,DE40,sell,in,0.5,24163.20,5544,0.00,0.00,0.00,13 189.37,SimpleTrendline SELL #M26042502
2025.08.13 18:30:00,5545,DE40,buy,out,0.5,24187.90,5545,0.00,0.00,-14.41,13 174.96,
2025.08.13 18:45:00,5546,NVDA.NAS,buy,in,109.7,180.97,5546,-2.19,0.00,0.00,13 172.77,RSI Scalping Buy #M20003
2025.08.13 20:00:00,5547,NVDA.NAS,sell,out,109.7,179.81,5547,-2.19,0.00,-127.25,13 043.33,
2025.08.13 20:30:00,5548,NVDA.NAS,buy,in,108.6,181.01,5548,-2.17,0.00,0.00,13 041.16,RSI Scalping Buy #M20003
2025.08.14 04:00:00,5549,BTCUSD,buy,in,1.08,123906.00,5549,0.00,0.00,0.00,13 041.16,RSI Scalping Buy #M123459123
2025.08.14 04:00:11,5550,BTCUSD,sell,out,1.08,123948.75,5550,0.00,0.00,46.17,13 087.33,sl 123949.30
2025.08.14 08:30:01,5551,DE40,sell,in,0.1,24138.30,5551,0.00,0.00,0.00,13 087.33,SimpleTrendline SELL #M26042502
2025.08.14 09:30:00,5552,DE40,buy,out,0.1,24161.90,5552,0.00,0.00,-2.75,13 084.58,
2025.08.14 17:00:00,5553,TSLA.NAS,sell,in,163.5,337.81,5553,-3.27,0.00,0.00,13 081.31,RSI Scalping Sell #M125421321
2025.08.15 12:15:00,5554,DE40,buy,in,0.1,24468.10,5554,0.00,0.00,0.00,13 081.31,SimpleTrendline BUY #M26042502
2025.08.15 13:15:00,5555,DE40,sell,out,0.1,24445.10,5555,0.00,0.00,-2.68,13 078.63,
2025.08.15 13:30:00,5556,DE40,sell,in,0.1,24435.60,5556,0.00,0.00,0.00,13 078.63,SimpleTrendline SELL #M26042502
2025.08.15 13:45:06,5557,DE40,buy,out,0.1,24450.10,5557,0.00,0.00,-1.69,13 076.94,
2025.08.15 14:15:01,5558,DE40,sell,in,0.1,24396.60,5558,0.00,0.00,0.00,13 076.94,SimpleTrendline SELL #M26042502
2025.08.15 16:49:24,5559,NVDA.NAS,sell,out,108.6,179.24,5559,-2.17,-0.04,-192.22,12 882.51,sl 179.25
2025.08.15 17:15:01,5560,NVDA.NAS,buy,in,85.8,180.23,5560,-1.72,0.00,0.00,12 880.79,RSI Scalping Buy #M20003
2025.08.15 18:30:00,5561,NVDA.NAS,sell,out,85.8,179.51,5561,-1.72,0.00,-61.78,12 817.29,
2025.08.15 18:45:01,5562,NVDA.NAS,sell,in,85.4,178.47,5562,-1.71,0.00,0.00,12 815.58,RSI Scalping Sell #M20003
2025.08.15 20:00:00,5563,NVDA.NAS,buy,out,85.4,179.57,5563,-1.71,0.00,-93.94,12 719.93,
2025.08.15 22:45:00,5564,DE40,buy,out,0.1,24366.70,5564,0.00,0.00,3.49,12 723.42,
2025.08.18 09:30:00,5565,DE40,sell,in,0.1,24366.20,5565,0.00,0.00,0.00,12 723.42,SimpleTrendline SELL #M26042502
2025.08.18 18:30:00,5566,DE40,buy,out,0.1,24302.40,5566,0.00,0.00,7.44,12 730.86,
2025.08.18 22:00:00,5567,TSLA.NAS,buy,out,163.5,335.35,5567,-3.27,0.01,402.21,13 129.81,
2025.08.19 08:15:05,5568,DE40,sell,in,0.5,24318.20,5568,0.00,0.00,0.00,13 129.81,SimpleTrendline SELL #M26042502
2025.08.19 09:30:00,5569,DE40,buy,out,0.5,24353.80,5569,0.00,0.00,-20.77,13 109.04,
2025.08.19 10:30:00,5570,DE40,sell,in,0.5,24292.80,5570,0.00,0.00,0.00,13 109.04,SimpleTrendline SELL #M26042502
2025.08.19 10:45:01,5571,DE40,buy,out,0.5,24311.30,5571,0.00,0.00,-10.79,13 098.25,
2025.08.19 12:00:00,5572,DE40,buy,in,0.5,24380.60,5572,0.00,0.00,0.00,13 098.25,SimpleTrendline BUY #M26042502
2025.08.19 13:45:00,5573,DE40,sell,out,0.5,24368.10,5573,0.00,0.00,-7.29,13 090.96,
2025.08.19 16:35:01,5574,TSLA.NAS,sell,in,163.6,334.70,5574,-3.27,0.00,0.00,13 087.69,RSI Scalping Sell #M125421321
2025.08.19 16:45:00,5575,DE40,buy,in,0.5,24434.10,5575,0.00,0.00,0.00,13 087.69,SimpleTrendline BUY #M26042502
2025.08.19 16:45:01,5576,NVDA.NAS,sell,in,109,180.32,5576,-2.18,0.00,0.00,13 085.51,RSI Scalping Sell #M20003
2025.08.19 17:00:00,5577,DE40,sell,out,0.5,24407.10,5577,0.00,0.00,-15.75,13 069.76,
2025.08.19 17:00:00,5578,NVDA.NAS,buy,out,109,180.68,5578,-2.18,0.00,-39.24,13 028.34,
2025.08.19 17:00:00,5579,TSLA.NAS,buy,out,163.6,339.00,5579,-3.27,0.00,-703.48,12 321.59,
2025.08.19 18:00:01,5580,TSLA.NAS,sell,in,123.2,332.27,5580,-2.46,0.00,0.00,12 319.13,RSI Scalping Sell #M125421321
2025.08.19 21:00:01,5581,NVDA.NAS,buy,in,82.1,177.14,5581,-1.64,0.00,0.00,12 317.49,RSI Scalping Buy #M20003
2025.08.19 22:15:00,5582,NVDA.NAS,sell,out,82.1,175.93,5582,-1.64,0.00,-99.34,12 216.51,
2025.08.19 22:45:02,5583,NVDA.NAS,sell,in,81.4,176.19,5583,-1.63,0.00,0.00,12 214.88,RSI Scalping Sell #M20003
2025.08.20 07:00:00,5584,BTCUSD,buy,in,0.57,113529.38,5584,0.00,0.00,0.00,12 214.88,SimpleTrendline BUY #M26042501
2025.08.20 11:15:01,5585,DE40,sell,in,0.1,24294.50,5585,0.00,0.00,0.00,12 214.88,SimpleTrendline SELL #M26042502
2025.08.20 11:45:00,5586,DE40,buy,out,0.1,24320.00,5586,0.00,0.00,-2.98,12 211.90,
2025.08.20 12:00:04,5587,DE40,buy,in,0.1,24326.00,5587,0.00,0.00,0.00,12 211.90,SimpleTrendline BUY #M26042502
2025.08.20 13:30:00,5588,DE40,sell,out,0.1,24334.50,5588,0.00,0.00,0.99,12 212.89,
2025.08.20 16:30:00,5589,DE40,sell,in,0.5,24285.50,5589,0.00,0.00,0.00,12 212.89,SimpleTrendline SELL #M26042502
2025.08.20 16:35:03,5590,NVDA.NAS,buy,out,81.4,174.12,5590,-1.63,0.00,168.50,12 379.76,
2025.08.20 16:45:01,5591,DE40,buy,out,0.5,24323.50,5591,0.00,0.00,-22.17,12 357.59,
2025.08.20 17:00:00,5592,BTCUSD,sell,out,0.57,112650.75,5592,0.00,0.00,-500.82,11 856.77,
2025.08.20 17:00:00,5593,TSLA.NAS,buy,out,123.2,321.38,5593,-2.46,0.00,1 341.65,13 195.96,
2025.08.20 17:15:00,5594,DE40,sell,in,0.5,24241.50,5594,0.00,0.00,0.00,13 195.96,SimpleTrendline SELL #M26042502
2025.08.20 18:15:00,5595,DE40,buy,out,0.5,24243.50,5595,0.00,0.00,-1.17,13 194.79,
2025.08.20 18:30:00,5596,NVDA.NAS,buy,in,109.9,172.41,5596,-2.20,0.00,0.00,13 192.59,RSI Scalping Buy #M20003
2025.08.21 03:45:09,5597,DE40,buy,in,0.5,24311.20,5597,0.00,0.00,0.00,13 192.59,SimpleTrendline BUY #M26042502
2025.08.21 04:15:00,5598,DE40,sell,out,0.5,24294.50,5598,0.00,0.00,-9.74,13 182.85,
2025.08.21 05:15:02,5599,DE40,buy,in,0.5,24320.20,5599,0.00,0.00,0.00,13 182.85,SimpleTrendline BUY #M26042502
2025.08.21 06:15:04,5600,DE40,sell,out,0.5,24319.50,5600,0.00,0.00,-0.41,13 182.44,
2025.08.21 08:15:01,5601,DE40,sell,in,0.1,24271.50,5601,0.00,0.00,0.00,13 182.44,SimpleTrendline SELL #M26042502
2025.08.21 09:15:00,5602,DE40,buy,out,0.1,24295.60,5602,0.00,0.00,-2.81,13 179.63,
2025.08.21 10:15:00,5603,DE40,sell,in,0.1,24259.60,5603,0.00,0.00,0.00,13 179.63,SimpleTrendline SELL #M26042502
2025.08.21 10:30:00,5604,DE40,buy,out,0.1,24284.30,5604,0.00,0.00,-2.88,13 176.75,
2025.08.21 17:30:00,5605,DE40,buy,in,0.1,24303.10,5605,0.00,0.00,0.00,13 176.75,SimpleTrendline BUY #M26042502
2025.08.21 18:15:01,5606,DE40,sell,out,0.1,24281.10,5606,0.00,0.00,-2.57,13 174.18,
2025.08.21 18:45:01,5607,DE40,buy,in,0.1,24297.80,5607,0.00,0.00,0.00,13 174.18,SimpleTrendline BUY #M26042502
2025.08.21 19:00:00,5608,DE40,sell,out,0.1,24255.00,5608,0.00,0.00,-4.99,13 169.19,
2025.08.21 20:30:00,5609,DE40,sell,in,0.1,24243.50,5609,0.00,0.00,0.00,13 169.19,SimpleTrendline SELL #M26042502
2025.08.21 20:45:02,5610,DE40,buy,out,0.1,24267.30,5610,0.00,0.00,-2.78,13 166.41,
2025.08.22 06:30:00,5611,DE40,buy,in,0.1,24277.20,5611,0.00,0.00,0.00,13 166.41,SimpleTrendline BUY #M26042502
2025.08.22 07:00:02,5612,DE40,sell,out,0.1,24274.00,5612,0.00,0.00,-0.37,13 166.04,
2025.08.22 07:15:04,5613,DE40,buy,in,0.1,24283.70,5613,0.00,0.00,0.00,13 166.04,SimpleTrendline BUY #M26042502
2025.08.22 07:30:00,5614,DE40,sell,out,0.1,24277.00,5614,0.00,0.00,-0.78,13 165.26,
2025.08.22 11:30:01,5615,DE40,buy,in,0.1,24323.00,5615,0.00,0.00,0.00,13 165.26,SimpleTrendline BUY #M26042502
2025.08.22 12:45:01,5616,DE40,sell,out,0.1,24299.50,5616,0.00,0.00,-2.74,13 162.52,
2025.08.22 14:30:01,5617,DE40,buy,in,0.1,24311.50,5617,0.00,0.00,0.00,13 162.52,SimpleTrendline BUY #M26042502
2025.08.22 14:45:14,5618,DE40,sell,out,0.1,24289.50,5618,0.00,0.00,-2.57,13 159.95,
2025.08.22 16:30:00,5619,DE40,buy,in,0.1,24308.50,5619,0.00,0.00,0.00,13 159.95,SimpleTrendline BUY #M26042502
2025.08.22 16:35:00,5620,NVDA.NAS,sell,out,109.9,172.47,5620,-2.20,-0.04,6.59,13 164.30,sl 173.12
2025.08.22 17:00:00,5621,NVDA.NAS,sell,in,109.7,173.93,5621,-2.19,0.00,0.00,13 162.11,RSI Scalping Sell #M20003
2025.08.22 18:00:00,5622,BTCUSD,buy,in,1.09,115845.00,5622,0.00,0.00,0.00,13 162.11,RSI Scalping Buy #M123459123
2025.08.22 18:00:03,5623,BTCUSD,sell,out,1.09,115928.00,5623,0.00,0.00,90.47,13 252.58,sl 115928.55
2025.08.22 18:15:00,5624,NVDA.NAS,buy,out,109.7,178.11,5624,-2.19,0.00,-458.55,12 791.84,
2025.08.22 19:00:01,5625,TSLA.NAS,buy,in,0.2,335.11,5625,-0.02,0.00,0.00,12 791.82,WP Buy #M20260530
2025.08.22 19:00:18,5626,SOXX.NAS,buy,in,0.2,249.910,5626,-0.02,0.00,0.00,12 791.80,WP Buy #M20260532
2025.08.22 19:05:25,5627,SOXX.NAS,sell,out,0.2,250.160,5627,-0.02,0.00,0.05,12 791.83,sl 250.180
2025.08.22 19:56:49,5628,TSLA.NAS,sell,out,0.2,336.40,5628,-0.02,0.00,0.26,12 792.07,sl 336.40
2025.08.22 20:00:00,5629,EURUSD,buy,in,0.19,1.17222,5629,-0.67,0.00,0.00,12 791.40,WP Buy #M20260524
2025.08.22 20:00:01,5630,TSLA.NAS,buy,in,0.2,336.59,5630,-0.02,0.00,0.00,12 791.38,WP Buy #M20260530
2025.08.22 22:30:00,5631,DE40,sell,out,0.1,24349.80,5631,0.00,0.00,4.84,12 796.22,
2025.08.22 22:36:18,5632,TSLA.NAS,sell,out,0.2,337.69,5632,-0.02,0.00,0.22,12 796.42,sl 337.70
2025.08.25 01:41:11,5633,EURUSD,sell,out,0.19,1.17126,5633,-0.67,-1.44,-18.24,12 776.07,sl 1.17127
2025.08.25 16:45:00,5634,NVDA.NAS,sell,in,106.4,177.02,5634,-2.13,0.00,0.00,12 773.94,RSI Scalping Sell #M20003
2025.08.25 18:00:00,5635,DE40,sell,in,0.1,24258.60,5635,0.00,0.00,0.00,12 773.94,SimpleTrendline SELL #M26042502
2025.08.25 18:00:01,5636,NVDA.NAS,buy,out,106.4,179.89,5636,-2.13,0.00,-305.37,12 466.44,
2025.08.25 19:00:00,5637,DE40,buy,out,0.1,24276.70,5637,0.00,0.00,-2.12,12 464.32,
2025.08.25 20:00:01,5638,TSLA.NAS,buy,in,155.8,346.89,5638,-3.12,0.00,0.00,12 461.20,RSI Scalping Buy #M125421321
2025.08.26 15:00:00,5639,DE40,sell,in,0.1,24164.20,5639,0.00,0.00,0.00,12 461.20,SimpleTrendline SELL #M26042502
2025.08.26 15:30:00,5640,DE40,buy,out,0.1,24191.70,5640,0.00,0.00,-3.22,12 457.98,
2025.08.26 16:45:01,5641,NVDA.NAS,sell,in,83,179.77,5641,-1.66,0.00,0.00,12 456.32,RSI Scalping Sell #M20003
2025.08.26 17:00:00,5642,NVDA.NAS,buy,out,83,179.62,5642,-1.66,0.00,12.45,12 467.11,
2025.08.26 17:00:00,5643,TSLA.NAS,sell,out,155.8,347.45,5643,-3.12,-0.03,87.25,12 551.21,
2025.08.26 17:15:00,5644,NVDA.NAS,buy,in,104.5,180.05,5644,-2.09,0.00,0.00,12 549.12,RSI Scalping Buy #M20003
2025.08.26 20:15:00,5645,DE40,buy,in,0.1,24189.30,5645,0.00,0.00,0.00,12 549.12,SimpleTrendline BUY #M26042502
2025.08.27 00:05:37,5646,BTCUSD,buy,in,0.03,111321.88,5646,0.00,0.00,0.00,12 549.12,WP Buy #M20260527
2025.08.27 01:27:19,5647,BTCUSD,sell,out,0.03,111672.38,5647,0.00,0.00,10.52,12 559.64,sl 111672.63
2025.08.27 08:30:01,5648,DE40,sell,out,0.1,24211.90,5648,0.00,-0.53,2.65,12 561.76,
2025.08.27 18:00:01,5649,TSLA.NAS,buy,in,157,352.37,5649,-3.14,0.00,0.00,12 558.62,RSI Scalping Buy #M125421321
2025.08.27 20:00:00,5650,TSLA.NAS,sell,out,157,350.88,5650,-3.14,0.00,-233.93,12 321.55,
2025.08.28 16:50:43,5651,NVDA.NAS,sell,out,104.5,178.72,5651,-2.09,-0.04,-138.99,12 180.43,sl 178.73
2025.08.28 17:00:00,5652,DE40,sell,in,0.1,24048.40,5652,0.00,0.00,0.00,12 180.43,SimpleTrendline SELL #M26042502
2025.08.28 17:15:00,5653,DE40,buy,out,0.1,24079.90,5653,0.00,0.00,-3.69,12 176.74,
2025.08.28 17:45:00,5654,NVDA.NAS,buy,in,101.4,179.20,5654,-2.03,0.00,0.00,12 174.71,RSI Scalping Buy #M20003
2025.08.28 18:00:01,5655,TSLA.NAS,sell,in,152.1,345.48,5655,-3.04,0.00,0.00,12 171.67,RSI Scalping Sell #M125421321
2025.08.28 18:30:00,5656,DE40,sell,in,0.1,24044.70,5656,0.00,0.00,0.00,12 171.67,SimpleTrendline SELL #M26042502
2025.08.28 19:15:00,5657,DE40,buy,out,0.1,24078.50,5657,0.00,0.00,-3.96,12 167.71,
2025.08.28 19:30:00,5658,DE40,buy,in,0.1,24084.00,5658,0.00,0.00,0.00,12 167.71,SimpleTrendline BUY #M26042502
2025.08.28 19:45:02,5659,DE40,sell,out,0.1,24063.20,5659,0.00,0.00,-2.44,12 165.27,
2025.08.29 07:00:00,5660,XAUUSD,buy,in,0.24,3410.94,5660,-0.84,0.00,0.00,12 164.43,RSI Reverse BUY #M1002
2025.08.29 10:00:00,5661,XAUUSD,sell,in,0.08,3410.18,5661,-0.28,0.00,0.00,12 164.15,SimpleTrendline SELL #M26042503
2025.08.29 11:00:00,5662,XAUUSD,buy,in,0.81,3412.31,5662,-2.84,0.00,0.00,12 161.31,RSI Scalping Buy #M129102315
2025.08.29 11:00:00,5663,XAUUSD,buy,in,0.16,3412.19,5663,-0.56,0.00,0.00,12 160.75,United SuperEMA long #M940001
2025.08.29 11:00:00,5664,XAUUSD,buy,out,0.08,3412.19,5664,-0.28,0.00,-16.08,12 144.39,
2025.08.29 11:03:40,5665,XAUUSD,sell,out,0.81,3412.29,5665,-2.84,0.00,-1.62,12 139.93,sl 3412.33
2025.08.29 11:45:00,5666,XAUUSD,sell,in,0.16,3412.88,5666,-0.56,0.00,0.00,12 139.37,RSIConsolidation SELL #M2025042
2025.08.29 12:00:00,5667,XAUUSD,buy,out,0.16,3410.59,5667,-0.56,0.00,36.64,12 175.45,
2025.08.29 12:15:00,5668,XAUUSD,sell,out,0.16,3409.61,5668,-0.56,0.00,-41.28,12 133.61,
2025.08.29 15:15:02,5669,DE40,sell,in,0.1,23981.90,5669,0.00,0.00,0.00,12 133.61,SimpleTrendline SELL #M26042502
2025.08.29 15:30:00,5670,XAUUSD,sell,in,0.2,3408.77,5670,-0.70,0.00,0.00,12 132.91,RSIConsolidation SELL #M2025042
2025.08.29 15:30:00,5671,XAUUSD,buy,out,0.2,3408.85,5671,-0.70,0.00,-1.60,12 130.61,
2025.08.29 15:45:01,5672,DE40,buy,out,0.1,24000.90,5672,0.00,0.00,-2.23,12 128.38,
2025.08.29 16:00:00,5673,XAUUSD,buy,in,1.01,3416.76,5673,-3.54,0.00,0.00,12 124.84,RSI Scalping Buy #M129102315
2025.08.29 16:01:02,5674,XAUUSD,sell,out,1.01,3417.02,5674,-3.54,0.00,26.26,12 147.56,sl 3417.13
2025.08.29 16:35:00,5675,NVDA.NAS,sell,out,101.4,176.66,5675,-2.03,-0.02,-257.56,11 887.95,sl 177.77
2025.08.29 16:45:00,5676,NVDA.NAS,sell,in,99,175.06,5676,-1.98,0.00,0.00,11 885.97,RSI Scalping Sell #M20003
2025.08.29 17:00:00,5677,NVDA.NAS,buy,out,99,174.79,5677,-1.98,0.00,26.73,11 910.72,
2025.08.29 17:15:00,5678,DE40,sell,in,0.1,23922.40,5678,0.00,0.00,0.00,11 910.72,SimpleTrendline SELL #M26042502
2025.08.29 17:30:00,5679,DE40,buy,out,0.1,23937.90,5679,0.00,0.00,-1.82,11 908.90,
2025.08.29 19:45:01,5680,NVDA.NAS,buy,in,49.6,174.75,5680,-0.99,0.00,0.00,11 907.91,RSI Scalping Buy #M20003
2025.08.29 21:00:01,5681,TSLA.NAS,buy,out,152.1,333.56,5681,-3.04,0.00,1 813.03,13 717.90,
2025.09.01 03:00:00,5682,XAUUSD,sell,in,1.14,3447.96,5682,-3.99,0.00,0.00,13 713.91,RSI Scalping Sell #M129102315
2025.09.01 03:03:36,5683,XAUUSD,buy,out,1.14,3445.99,5683,-3.99,0.00,224.58,13 934.50,sl 3445.99
2025.09.01 04:59:13,5684,XAUUSD,buy,in,0.58,3457.51,5684,-2.03,0.00,0.00,13 932.47,Darvas Box Breakout #M135790
2025.09.01 05:00:00,5685,XAUUSD,buy,in,0.11,3457.50,5685,-0.39,0.00,0.00,13 932.08,SimpleTrendline BUY #M26042503
2025.09.01 06:00:00,5686,XAUUSD,buy,in,0.03,3483.93,5686,-0.11,0.00,0.00,13 931.97,WP Buy #M20260526
2025.09.01 09:58:02,5687,XAUUSD,sell,out,0.03,3482.18,5687,-0.11,0.00,-5.25,13 926.61,sl 3482.20
2025.09.01 13:00:00,5688,XAUUSD,sell,in,1.16,3469.52,5688,-4.06,0.00,0.00,13 922.55,RSI Scalping Sell #M129102315
2025.09.01 13:01:53,5689,XAUUSD,buy,out,1.16,3467.24,5689,-4.06,0.00,264.48,14 182.97,sl 3467.24
2025.09.01 19:00:00,5690,XAUUSD,sell,out,0.11,3474.23,5690,-0.39,0.00,184.03,14 366.61,
2025.09.01 20:45:00,5691,XAUUSD,buy,in,0.23,3478.19,5691,-0.81,0.00,0.00,14 365.80,United SuperEMA long #M940001
2025.09.02 02:00:00,5692,XAUUSD,sell,out,0.23,3475.70,5692,-0.81,-11.93,-57.27,14 295.79,
2025.09.02 04:15:02,5693,XAUUSD,buy,in,0.23,3489.16,5693,-0.81,0.00,0.00,14 294.98,United SuperEMA long #M940001
2025.09.02 04:17:32,5694,XAUUSD,sell,out,0.58,3494.34,5694,-2.03,-30.10,2 136.14,16 398.99,tp 3494.27
2025.09.02 04:33:06,5695,XAUUSD,buy,in,0.68,3497.98,5695,-2.38,0.00,0.00,16 396.61,Darvas Box Breakout #M135790
2025.09.02 08:30:00,5696,XAUUSD,sell,out,0.23,3493.40,5696,-0.81,0.00,97.52,16 493.32,
2025.09.02 09:00:00,5697,XAUUSD,sell,in,1.37,3492.97,5697,-4.80,0.00,0.00,16 488.52,RSI Scalping Sell #M129102315
2025.09.02 09:04:16,5698,XAUUSD,buy,out,1.37,3492.55,5698,-4.80,0.00,57.54,16 541.26,sl 3492.54
2025.09.02 10:00:00,5699,XAUUSD,sell,in,0.13,3485.94,5699,-0.46,0.00,0.00,16 540.80,SimpleTrendline SELL #M26042503
2025.09.02 10:15:00,5700,DE40,sell,in,0.1,23829.70,5700,0.00,0.00,0.00,16 540.80,SimpleTrendline SELL #M26042502
2025.09.02 10:23:46,5701,XAUUSD,sell,out,0.68,3481.28,5701,-2.38,0.00,-1 135.60,15 402.82,sl 3481.33
2025.09.02 13:00:00,5702,XAUUSD,buy,out,0.13,3476.81,5702,-0.46,0.00,118.69,15 521.05,
2025.09.02 14:00:00,5703,XAUUSD,buy,in,1.29,3485.75,5703,-4.52,0.00,0.00,15 516.53,RSI Scalping Buy #M129102315
2025.09.02 14:00:00,5704,XAUUSD,buy,in,0.25,3485.66,5704,-0.88,0.00,0.00,15 515.65,United SuperEMA long #M940001
2025.09.02 14:01:31,5705,XAUUSD,sell,out,1.29,3485.95,5705,-4.52,0.00,25.80,15 536.93,sl 3485.96
2025.09.02 15:00:00,5706,XAUUSD,buy,in,0.12,3489.90,5706,-0.42,0.00,0.00,15 536.51,SimpleTrendline BUY #M26042503
2025.09.02 15:45:00,5707,XAUUSD,sell,out,0.25,3476.80,5707,-0.88,0.00,-221.50,15 314.13,
2025.09.02 16:00:00,5708,XAUUSD,sell,out,0.12,3482.44,5708,-0.42,0.00,-89.52,15 224.19,
2025.09.02 16:45:00,5709,XAUUSD,buy,in,0.25,3489.36,5709,-0.88,0.00,0.00,15 223.31,United SuperEMA long #M940001
2025.09.02 17:00:00,5710,XAUUSD,buy,in,1.26,3489.76,5710,-4.41,0.00,0.00,15 218.90,RSI Scalping Buy #M129102315
2025.09.02 17:00:01,5711,XAUUSD,sell,out,1.26,3490.67,5711,-4.41,0.00,114.66,15 329.15,sl 3490.70
2025.09.02 17:30:00,5712,NVDA.NAS,sell,out,49.6,170.58,5712,-0.99,-0.03,-206.83,15 121.30,
2025.09.02 17:44:52,5713,XAUUSD,buy,in,0.63,3510.42,5713,-2.21,0.00,0.00,15 119.09,Darvas Box Breakout #M135790
2025.09.02 20:00:00,5714,XAUUSD,buy,in,0.03,3528.07,5714,-0.11,0.00,0.00,15 118.98,WP Buy #M20260526
2025.09.02 20:00:00,5715,NVDA.NAS,buy,in,62.9,169.00,5715,-1.26,0.00,0.00,15 117.72,RSI Scalping Buy #M20003
2025.09.02 23:30:03,5716,DE40,buy,out,0.1,23659.40,5716,0.00,0.00,19.95,15 137.67,
2025.09.03 01:02:00,5717,XAUUSD,sell,out,0.03,3531.94,5717,-0.11,-1.56,11.61,15 147.61,sl 3532.51
2025.09.03 01:45:00,5718,XAUUSD,sell,out,0.25,3529.39,5718,-0.88,-12.97,1 000.75,16 134.51,
2025.09.03 02:00:00,5719,XAUUSD,sell,in,1.34,3529.75,5719,-4.69,0.00,0.00,16 129.82,RSI Scalping Sell #M129102315
2025.09.03 02:13:27,5720,XAUUSD,buy,out,1.34,3529.20,5720,-4.69,0.00,73.70,16 198.83,sl 3529.18
2025.09.03 06:00:00,5721,XAUUSD,sell,in,1.34,3531.82,5721,-4.69,0.00,0.00,16 194.14,RSI Scalping Sell #M129102315
2025.09.03 06:04:33,5722,XAUUSD,buy,out,1.34,3532.12,5722,-4.69,0.00,-40.20,16 149.25,sl 3532.11
2025.09.03 10:00:00,5723,XAUUSD,buy,in,0.13,3535.33,5723,-0.46,0.00,0.00,16 148.79,SimpleTrendline BUY #M26042503
2025.09.03 10:30:00,5724,DE40,sell,in,0.1,23539.90,5724,0.00,0.00,0.00,16 148.79,SimpleTrendline SELL #M26042502
2025.09.03 11:15:00,5725,DE40,buy,out,0.1,23610.90,5725,0.00,0.00,-8.32,16 140.47,
2025.09.03 11:30:00,5726,DE40,buy,in,0.1,23621.40,5726,0.00,0.00,0.00,16 140.47,SimpleTrendline BUY #M26042502
2025.09.03 14:13:15,5727,XAUUSD,sell,out,0.63,3547.44,5727,-2.21,-32.69,2 332.26,18 437.83,tp 3547.42
2025.09.03 14:15:01,5728,XAUUSD,buy,in,0.3,3546.44,5728,-1.05,0.00,0.00,18 436.78,United SuperEMA long #M940001
2025.09.03 15:55:42,5729,XAUUSD,buy,in,0.76,3549.73,5729,-2.66,0.00,0.00,18 434.12,Darvas Box Breakout #M135790
2025.09.03 16:00:00,5730,DE40,sell,out,0.1,23584.90,5730,0.00,0.00,-4.28,18 429.84,
2025.09.03 16:40:00,5731,AAPL.NAS,buy,in,76.7,235.290,5731,-1.53,0.00,0.00,18 428.31,RSI Scalping Buy #M20001
2025.09.03 16:51:18,5732,AAPL.NAS,sell,out,76.7,235.800,5732,-1.53,0.00,39.12,18 465.90,sl 235.830
2025.09.03 17:00:00,5733,DE40,sell,in,0.1,23569.90,5733,0.00,0.00,0.00,18 465.90,SimpleTrendline SELL #M26042502
2025.09.03 17:45:00,5734,DE40,buy,out,0.1,23617.90,5734,0.00,0.00,-5.62,18 460.28,
2025.09.03 18:10:00,5735,AAPL.NAS,sell,in,76.9,236.110,5735,-1.54,0.00,0.00,18 458.74,RSI Scalping Sell #M20001
2025.09.03 18:31:42,5736,AAPL.NAS,buy,out,76.9,235.830,5736,-1.54,0.00,21.53,18 478.73,sl 235.810
2025.09.03 20:00:00,5737,XAUUSD,buy,in,0.04,3572.62,5737,-0.14,0.00,0.00,18 478.59,WP Buy #M20260526
2025.09.03 21:32:25,5738,XAUUSD,sell,out,0.04,3570.88,5738,-0.14,0.00,-6.96,18 471.49,sl 3570.91
2025.09.03 22:00:01,5739,NVDA.NAS,sell,out,62.9,169.34,5739,-1.26,-0.01,21.39,18 491.61,
2025.09.03 22:00:01,5740,TSLA.NAS,sell,in,230.8,334.95,5740,-4.62,0.00,0.00,18 486.99,RSI Scalping Sell #M125421321
2025.09.03 22:30:00,5741,XAUUSD,sell,out,0.3,3564.16,5741,-1.05,0.00,531.60,19 017.54,
2025.09.03 22:45:00,5742,NVDA.NAS,buy,in,79.2,169.65,5742,-1.58,0.00,0.00,19 015.96,RSI Scalping Buy #M20003
2025.09.03 23:00:00,5743,XAUUSD,sell,in,1.58,3563.78,5743,-5.53,0.00,0.00,19 010.43,RSI Scalping Sell #M129102315
2025.09.03 23:01:44,5744,XAUUSD,buy,out,1.58,3564.10,5744,-5.53,0.00,-50.56,18 954.34,sl 3564.08
2025.09.04 01:30:01,5745,DE40,sell,in,0.1,23594.60,5745,0.00,0.00,0.00,18 954.34,SimpleTrendline SELL #M26042502
2025.09.04 02:00:00,5746,DE40,buy,out,0.1,23599.60,5746,0.00,0.00,-0.59,18 953.75,
2025.09.04 03:16:00,5747,DE40,buy,in,0.1,23625.30,5747,0.00,0.00,0.00,18 953.75,SimpleTrendline BUY #M26042502
2025.09.04 05:00:00,5748,XAUUSD,sell,out,0.13,3546.42,5748,-0.46,-20.24,144.17,19 077.22,
2025.09.04 05:00:00,5749,XAUUSD,sell,in,0.15,3546.31,5749,-0.53,0.00,0.00,19 076.69,SimpleTrendline SELL #M26042503
2025.09.04 05:00:01,5750,DE40,sell,out,0.1,23588.10,5750,0.00,0.00,-4.36,19 072.33,
2025.09.04 05:46:26,5751,XAUUSD,sell,out,0.76,3533.10,5751,-2.66,-118.31,-1 263.88,17 687.48,sl 3533.10
2025.09.04 06:15:04,5752,DE40,sell,in,0.1,23566.60,5752,0.00,0.00,0.00,17 687.48,SimpleTrendline SELL #M26042502
2025.09.04 06:30:02,5753,DE40,buy,out,0.1,23575.30,5753,0.00,0.00,-1.02,17 686.46,
2025.09.04 07:30:13,5754,DE40,buy,in,0.1,23612.30,5754,0.00,0.00,0.00,17 686.46,SimpleTrendline BUY #M26042502
2025.09.04 08:30:00,5755,DE40,sell,out,0.1,23610.10,5755,0.00,0.00,-0.26,17 686.20,
2025.09.04 09:15:01,5756,DE40,buy,in,0.1,23617.20,5756,0.00,0.00,0.00,17 686.20,SimpleTrendline BUY #M26042502
2025.09.04 09:30:00,5757,DE40,sell,out,0.1,23600.70,5757,0.00,0.00,-1.93,17 684.27,
2025.09.04 12:15:01,5758,XAUUSD,buy,in,0.23,3543.99,5758,-0.81,0.00,0.00,17 683.46,United SuperEMA long #M940001
2025.09.04 14:00:00,5759,XAUUSD,sell,out,0.23,3541.10,5759,-0.81,0.00,-66.47,17 616.18,
2025.09.04 15:00:00,5760,XAUUSD,buy,out,0.15,3545.34,5760,-0.53,0.00,14.55,17 630.20,
2025.09.04 16:00:00,5761,XAUUSD,buy,in,0.29,3548.48,5761,-1.02,0.00,0.00,17 629.18,United SuperEMA long #M940001
2025.09.04 16:00:00,5762,XAUUSD,buy,in,0.14,3548.38,5762,-0.49,0.00,0.00,17 628.69,SimpleTrendline BUY #M26042503
2025.09.04 16:50:00,5763,AAPL.NAS,buy,in,73.4,239.480,5763,-1.47,0.00,0.00,17 627.22,RSI Scalping Buy #M20001
2025.09.04 16:50:19,5764,AAPL.NAS,sell,out,73.4,239.530,5764,-1.47,0.00,3.67,17 629.42,sl 239.550
2025.09.04 17:15:00,5765,XAUUSD,sell,out,0.29,3544.82,5765,-1.02,0.00,-106.14,17 522.26,
2025.09.04 19:00:00,5766,XAUUSD,buy,in,1.46,3553.33,5766,-5.11,0.00,0.00,17 517.15,RSI Scalping Buy #M129102315
2025.09.04 19:00:00,5767,XAUUSD,buy,in,0.14,3553.45,5767,-0.49,0.00,0.00,17 516.66,United SuperEMA long #M940001
2025.09.04 19:00:23,5768,XAUUSD,sell,out,1.46,3553.14,5768,-5.11,0.00,-27.74,17 483.81,sl 3553.14
2025.09.04 20:45:01,5769,XAUUSD,sell,out,0.14,3546.51,5769,-0.49,0.00,-97.16,17 386.16,
2025.09.04 21:00:00,5770,XAUUSD,sell,out,0.14,3542.92,5770,-0.49,0.00,-76.44,17 309.23,
2025.09.04 22:00:00,5771,SOXX.NAS,buy,in,0.2,243.890,5771,-0.02,0.00,0.00,17 309.21,WP Buy #M20260532
2025.09.04 22:31:14,5772,SOXX.NAS,sell,out,0.2,244.200,5772,-0.02,0.00,0.06,17 309.25,sl 244.220
2025.09.04 23:00:00,5773,XAUUSD,buy,in,0.14,3550.21,5773,-0.49,0.00,0.00,17 308.76,SimpleTrendline BUY #M26042503
2025.09.05 03:45:00,5774,XAUUSD,buy,in,0.14,3551.82,5774,-0.49,0.00,0.00,17 308.27,United SuperEMA long #M940001
2025.09.05 05:45:00,5775,XAUUSD,sell,out,0.14,3550.33,5775,-0.49,0.00,-20.86,17 286.92,
2025.09.05 06:30:01,5776,XAUUSD,buy,in,0.14,3555.24,5776,-0.49,0.00,0.00,17 286.43,United SuperEMA long #M940001
2025.09.05 07:00:00,5777,XAUUSD,buy,in,1.44,3558.44,5777,-5.04,0.00,0.00,17 281.39,RSI Scalping Buy #M129102315
2025.09.05 07:44:54,5778,XAUUSD,sell,out,1.44,3558.36,5778,-5.04,0.00,-11.52,17 264.83,sl 3558.37
2025.09.05 09:15:00,5779,XAUUSD,sell,out,0.14,3551.10,5779,-0.49,0.00,-57.96,17 206.38,
2025.09.05 11:00:00,5780,XAUUSD,sell,out,0.14,3547.95,5780,-0.49,-7.26,-31.64,17 166.99,
2025.09.05 11:00:00,5781,XAUUSD,sell,in,0.14,3547.97,5781,-0.49,0.00,0.00,17 166.50,SimpleTrendline SELL #M26042503
2025.09.05 11:30:00,5782,DE40,buy,in,0.1,23827.40,5782,0.00,0.00,0.00,17 166.50,SimpleTrendline BUY #M26042502
2025.09.05 12:00:00,5783,XAUUSD,buy,out,0.14,3546.12,5783,-0.49,0.00,25.90,17 191.91,
2025.09.05 12:00:03,5784,DE40,sell,out,0.1,23803.40,5784,0.00,0.00,-2.81,17 189.10,
2025.09.05 13:00:00,5785,DE40,buy,in,0.1,23841.40,5785,0.00,0.00,0.00,17 189.10,SimpleTrendline BUY #M26042502
2025.09.05 13:15:00,5786,DE40,sell,out,0.1,23828.90,5786,0.00,0.00,-1.46,17 187.64,
2025.09.05 14:00:00,5787,XAUUSD,sell,in,0.14,3551.86,5787,-0.49,0.00,0.00,17 187.15,SimpleTrendline SELL #M26042503
2025.09.05 14:15:00,5788,XAUUSD,buy,in,0.02,3552.50,5788,-0.07,0.00,0.00,17 187.08,United SuperEMA long #M940001
2025.09.05 15:00:00,5789,XAUUSD,buy,out,0.14,3553.64,5789,-0.49,0.00,-24.92,17 161.67,
2025.09.05 15:00:00,5790,XAUUSD,buy,in,0.14,3553.66,5790,-0.49,0.00,0.00,17 161.18,SimpleTrendline BUY #M26042503
2025.09.05 15:38:53,5791,XAUUSD,buy,in,0.71,3583.32,5791,-2.49,0.00,0.00,17 158.69,Darvas Box Breakout #M135790
2025.09.05 16:00:00,5792,XAUUSD,buy,in,1.42,3581.08,5792,-4.97,0.00,0.00,17 153.72,RSI Scalping Buy #M129102315
2025.09.05 16:00:04,5793,XAUUSD,sell,out,1.42,3582.05,5793,-4.97,0.00,137.74,17 286.49,sl 3582.07
2025.09.05 16:35:00,5794,NVDA.NAS,sell,out,79.2,167.13,5794,-1.58,-0.02,-199.58,17 085.31,sl 168.07
2025.09.05 16:35:00,5795,TSLA.NAS,buy,out,230.8,349.45,5795,-4.62,0.02,-3 346.60,13 734.11,
2025.09.05 16:40:00,5796,AAPL.NAS,buy,in,57.2,240.090,5796,-1.14,0.00,0.00,13 732.97,RSI Scalping Buy #M20001
2025.09.05 16:40:21,5797,AAPL.NAS,sell,out,57.2,240.070,5797,-1.14,0.00,-1.14,13 730.69,sl 240.120
2025.09.05 16:45:00,5798,NVDA.NAS,sell,in,57.2,168.47,5798,-1.14,0.00,0.00,13 729.55,RSI Scalping Sell #M20003
2025.09.05 17:00:00,5799,EURUSD,buy,in,0.2,1.17495,5799,-0.70,0.00,0.00,13 728.85,WP Buy #M20260524
2025.09.05 17:00:00,5800,SOXX.NAS,buy,in,0.2,248.440,5800,-0.02,0.00,0.00,13 728.83,WP Buy #M20260532
2025.09.05 17:00:00,5801,AAPL.NAS,sell,in,57.2,240.060,5801,-1.14,0.00,0.00,13 727.69,RSI Scalping Sell #M20001
2025.09.05 17:00:00,5802,NVDA.NAS,buy,out,57.2,167.63,5802,-1.14,0.00,48.05,13 774.60,
2025.09.05 17:00:00,5803,TSLA.NAS,buy,in,171.6,354.47,5803,-3.43,0.00,0.00,13 771.17,RSI Scalping Buy #M125421321
2025.09.05 17:00:07,5804,SOXX.NAS,sell,out,0.2,248.140,5804,-0.02,0.00,-0.06,13 771.09,sl 248.140
2025.09.05 17:00:18,5805,AAPL.NAS,buy,out,57.2,240.020,5805,-1.14,0.00,2.29,13 772.24,sl 240.000
2025.09.05 17:10:00,5806,AAPL.NAS,buy,in,57.3,241.060,5806,-1.15,0.00,0.00,13 771.09,RSI Scalping Buy #M20001
2025.09.05 17:11:14,5807,AAPL.NAS,sell,out,57.3,241.120,5807,-1.15,0.00,3.44,13 773.38,sl 241.120
2025.09.05 18:00:00,5808,XAUUSD,buy,in,0.03,3590.26,5808,-0.11,0.00,0.00,13 773.27,WP Buy #M20260526
2025.09.05 18:00:00,5809,TSLA.NAS,sell,out,171.6,346.63,5809,-3.43,0.00,-1 345.34,12 424.50,
2025.09.05 19:40:25,5810,XAUUSD,sell,out,0.03,3592.60,5810,-0.11,0.00,7.02,12 431.41,sl 3592.60
2025.09.05 22:15:00,5811,XAUUSD,sell,out,0.02,3592.96,5811,-0.07,0.00,80.92,12 512.26,
2025.09.08 02:00:00,5812,XAUUSD,sell,out,0.14,3592.36,5812,-0.49,-7.26,541.80,13 046.31,
2025.09.08 13:14:55,5813,XAUUSD,sell,out,0.71,3620.62,5813,-2.49,-36.84,2 648.30,15 655.28,tp 3620.35
2025.09.08 13:15:00,5814,XAUUSD,buy,in,0.13,3621.02,5814,-0.46,0.00,0.00,15 654.82,United SuperEMA long #M940001
2025.09.08 14:00:00,5815,XAUUSD,buy,in,0.03,3617.10,5815,-0.11,0.00,0.00,15 654.71,WP Buy #M20260526
2025.09.08 16:21:01,5816,XAUUSD,sell,out,0.03,3624.46,5816,-0.11,0.00,22.08,15 676.68,sl 3624.47
2025.09.08 16:46:26,5817,XAUUSD,buy,in,0.65,3634.39,5817,-2.28,0.00,0.00,15 674.40,Darvas Box Breakout #M135790
2025.09.08 17:00:00,5818,XAUUSD,buy,in,0.03,3633.47,5818,-0.11,0.00,0.00,15 674.29,WP Buy #M20260526
2025.09.08 18:00:00,5819,BTCUSD,buy,in,1.3,112676.50,5819,0.00,0.00,0.00,15 674.29,RSI Scalping Buy #M123459123
2025.09.08 18:00:01,5820,BTCUSD,sell,out,1.3,112693.25,5820,0.00,0.00,21.78,15 696.07,sl 112693.30
2025.09.08 18:26:42,5821,XAUUSD,sell,out,0.03,3638.92,5821,-0.11,0.00,16.35,15 712.31,sl 3638.92
2025.09.08 20:00:00,5822,TSLA.NAS,sell,in,196.4,346.13,5822,-3.93,0.00,0.00,15 708.38,RSI Scalping Sell #M125421321
2025.09.08 20:30:00,5823,XAUUSD,sell,out,0.13,3636.42,5823,-0.46,0.00,200.20,15 908.12,
2025.09.08 22:00:00,5824,TSLA.NAS,buy,out,196.4,346.50,5824,-3.93,0.00,-72.67,15 831.52,
2025.09.08 22:15:00,5825,NVDA.NAS,sell,in,65.9,169.10,5825,-1.32,0.00,0.00,15 830.20,RSI Scalping Sell #M20003
2025.09.08 22:30:00,5826,NVDA.NAS,buy,out,65.9,169.15,5826,-1.32,0.00,-3.30,15 825.58,
2025.09.08 22:45:50,5827,NVDA.NAS,buy,in,65.9,169.52,5827,-1.32,0.00,0.00,15 824.26,RSI Scalping Buy #M20003
2025.09.09 02:00:00,5828,XAUUSD,sell,in,1.31,3629.54,5828,-4.59,0.00,0.00,15 819.67,RSI Scalping Sell #M129102315
2025.09.09 02:04:35,5829,XAUUSD,buy,out,1.31,3629.78,5829,-4.59,0.00,-31.44,15 783.64,sl 3629.70
2025.09.09 10:00:00,5830,XAUUSD,sell,in,1.31,3648.18,5830,-4.59,0.00,0.00,15 779.05,RSI Scalping Sell #M129102315
2025.09.09 10:01:08,5831,XAUUSD,buy,out,1.31,3647.82,5831,-4.59,0.00,47.16,15 821.62,sl 3647.82
2025.09.09 10:15:00,5832,DE40,buy,in,0.1,23818.00,5832,0.00,0.00,0.00,15 821.62,SimpleTrendline BUY #M26042502
2025.09.09 10:47:02,5833,EURUSD,sell,out,0.2,1.17501,5833,-0.70,-3.04,1.20,15 819.08,sl 1.17501
2025.09.09 11:00:00,5834,DE40,sell,out,0.1,23787.20,5834,0.00,0.00,-3.62,15 815.46,
2025.09.09 12:30:00,5835,XAUUSD,buy,in,0.13,3653.85,5835,-0.46,0.00,0.00,15 815.00,United SuperEMA long #M940001
2025.09.09 15:00:00,5836,XAUUSD,sell,out,0.13,3648.19,5836,-0.46,0.00,-73.58,15 740.96,
2025.09.09 16:30:00,5837,XAUUSD,buy,in,0.13,3660.95,5837,-0.46,0.00,0.00,15 740.50,United SuperEMA long #M940001
2025.09.09 16:35:01,5838,TSLA.NAS,sell,in,196.7,348.93,5838,-3.93,0.00,0.00,15 736.57,RSI Scalping Sell #M125421321
2025.09.09 17:00:00,5839,XAUUSD,buy,in,0.13,3666.12,5839,-0.46,0.00,0.00,15 736.11,SimpleTrendline BUY #M26042503
2025.09.09 17:00:00,5840,TSLA.NAS,buy,out,196.7,348.40,5840,-3.93,0.00,104.25,15 836.43,
2025.09.09 17:00:03,5841,XAUUSD,sell,out,0.65,3671.14,5841,-2.28,-33.73,2 388.75,18 189.17,tp 3671.07
2025.09.09 17:30:00,5842,XAUUSD,sell,out,0.13,3653.24,5842,-0.46,0.00,-100.23,18 088.48,
2025.09.09 17:30:01,5843,NVDA.NAS,sell,out,65.9,168.03,5843,-1.32,-0.01,-98.19,17 988.96,
2025.09.09 18:00:00,5844,XAUUSD,sell,in,1.49,3645.12,5844,-5.22,0.00,0.00,17 983.74,RSI Scalping Sell #M129102315
2025.09.09 18:00:00,5845,BTCUSD,sell,in,1.04,111759.50,5845,0.00,0.00,0.00,17 983.74,SimpleTrendline SELL #M26042501
2025.09.09 18:00:00,5846,XAUUSD,sell,out,0.13,3645.68,5846,-0.46,0.00,-265.72,17 717.56,
2025.09.09 18:00:01,5847,TSLA.NAS,sell,in,221.4,345.81,5847,-4.43,0.00,0.00,17 713.13,RSI Scalping Sell #M125421321
2025.09.09 18:00:30,5848,XAUUSD,buy,out,1.49,3643.79,5848,-5.22,0.00,198.17,17 906.08,sl 3643.73
2025.09.09 19:00:00,5849,NVDA.NAS,buy,in,74.6,168.10,5849,-1.49,0.00,0.00,17 904.59,RSI Scalping Buy #M20003
2025.09.09 19:00:00,5850,TSLA.NAS,buy,out,221.4,347.75,5850,-4.43,0.00,-429.52,17 470.64,
2025.09.09 20:00:01,5851,TSLA.NAS,sell,in,218.3,346.29,5851,-4.37,0.00,0.00,17 466.27,RSI Scalping Sell #M125421321
2025.09.09 21:00:01,5852,TSLA.NAS,buy,out,218.3,347.32,5852,-4.37,0.00,-224.85,17 237.05,
2025.09.09 22:00:00,5853,TSLA.NAS,sell,in,215.4,346.83,5853,-4.31,0.00,0.00,17 232.74,RSI Scalping Sell #M125421321
2025.09.10 07:00:00,5854,XAUUSD,buy,in,0.14,3636.67,5854,-0.49,0.00,0.00,17 232.25,SimpleTrendline BUY #M26042503
2025.09.10 09:15:00,5855,XAUUSD,buy,in,0.14,3646.30,5855,-0.49,0.00,0.00,17 231.76,United SuperEMA long #M940001
2025.09.10 13:00:00,5856,XAUUSD,buy,in,1.43,3655.19,5856,-5.01,0.00,0.00,17 226.75,RSI Scalping Buy #M129102315
2025.09.10 13:03:48,5857,XAUUSD,sell,out,1.43,3654.90,5857,-5.01,0.00,-41.47,17 180.27,sl 3654.92
2025.09.10 15:00:00,5858,XAUUSD,sell,out,0.14,3649.34,5858,-0.49,0.00,42.56,17 222.34,
2025.09.10 16:00:00,5859,BTCUSD,buy,out,1.04,113425.25,5859,0.00,0.00,-1 732.38,15 489.96,
2025.09.10 16:35:00,5860,NVDA.NAS,sell,out,74.6,177.35,5860,-1.49,-0.01,690.05,16 178.51,
2025.09.10 16:35:00,5861,TSLA.NAS,buy,out,215.4,351.16,5861,-4.31,0.01,-932.68,15 241.53,
2025.09.10 17:00:00,5862,BTCUSD,buy,in,1.27,114037.88,5862,0.00,0.00,0.00,15 241.53,RSI Scalping Buy #M123459123
2025.09.10 17:00:00,5863,XAUUSD,buy,in,1.27,3651.32,5863,-4.45,0.00,0.00,15 237.08,RSI Scalping Buy #M129102315
2025.09.10 17:00:02,5864,BTCUSD,sell,out,1.27,114048.50,5864,0.00,0.00,13.49,15 250.57,sl 114049.55
2025.09.10 17:00:07,5865,XAUUSD,sell,out,1.27,3651.40,5865,-4.45,0.00,10.16,15 256.28,sl 3651.41
2025.09.10 18:03:10,5866,BTCUSD,buy,in,0.03,113956.25,5866,0.00,0.00,0.00,15 256.28,WP Buy #M20260527
2025.09.10 18:20:01,5867,BTCUSD,sell,out,0.03,113859.00,5867,0.00,0.00,-2.92,15 253.36,sl 113859.75
2025.09.10 19:00:00,5868,XAUUSD,sell,out,0.14,3644.41,5868,-0.49,0.00,108.36,15 361.23,
2025.09.10 20:00:00,5869,XAUUSD,sell,in,0.12,3642.92,5869,-0.42,0.00,0.00,15 360.81,SimpleTrendline SELL #M26042503
2025.09.10 21:00:00,5870,XAUUSD,buy,out,0.12,3647.57,5870,-0.42,0.00,-55.80,15 304.59,
2025.09.10 21:00:00,5871,XAUUSD,buy,in,0.12,3647.57,5871,-0.42,0.00,0.00,15 304.17,SimpleTrendline BUY #M26042503
2025.09.10 22:30:00,5872,NVDA.NAS,buy,in,63.7,176.73,5872,-1.27,0.00,0.00,15 302.90,RSI Scalping Buy #M20003
2025.09.10 23:00:00,5873,XAUUSD,sell,out,0.12,3642.19,5873,-0.42,0.00,-64.56,15 237.92,
2025.09.10 23:00:00,5874,XAUUSD,sell,in,0.12,3642.14,5874,-0.42,0.00,0.00,15 237.50,SimpleTrendline SELL #M26042503
2025.09.10 23:00:00,5875,BTCUSD,buy,in,0.88,113621.75,5875,0.00,0.00,0.00,15 237.50,SimpleTrendline BUY #M26042501
2025.09.11 03:00:00,5876,XAUUSD,buy,in,0.12,3645.01,5876,-0.42,0.00,0.00,15 237.08,United SuperEMA long #M940001
2025.09.11 05:00:00,5877,XAUUSD,sell,out,0.12,3641.11,5877,-0.42,0.00,-46.80,15 189.86,
2025.09.11 05:45:00,5878,XAUUSD,sell,in,0.12,3636.19,5878,-0.42,0.00,0.00,15 189.44,United SuperEMA short #M940001
2025.09.11 07:00:01,5879,BTCUSD,buy,in,1.26,114448.00,5879,0.00,0.00,0.00,15 189.44,RSI Scalping Buy #M123459123
2025.09.11 09:30:00,5880,XAUUSD,buy,out,0.12,3633.74,5880,-0.42,0.00,29.40,15 218.42,
2025.09.11 09:45:31,5881,BTCUSD,sell,out,1.26,114464.25,5881,0.00,0.00,20.48,15 238.90,sl 114465.30
2025.09.11 12:15:00,5882,XAUUSD,sell,in,0.12,3618.78,5882,-0.42,0.00,0.00,15 238.48,United SuperEMA short #M940001
2025.09.11 15:30:02,5883,XAUUSD,buy,out,0.12,3625.34,5883,-0.42,0.00,-78.72,15 159.34,
2025.09.11 16:35:00,5884,TSLA.NAS,sell,in,189.4,350.20,5884,-3.79,0.00,0.00,15 155.55,RSI Scalping Sell #M125421321
2025.09.11 17:00:00,5885,SOXX.NAS,buy,in,0.3,255.570,5885,-0.02,0.00,0.00,15 155.53,WP Buy #M20260532
2025.09.11 17:00:01,5886,TSLA.NAS,buy,out,189.4,351.57,5886,-3.79,0.00,-259.48,14 892.26,
2025.09.11 17:00:35,5887,SOXX.NAS,sell,out,0.3,255.540,5887,-0.02,0.00,-0.01,14 892.23,sl 255.590
2025.09.11 18:00:00,5888,EURUSD,buy,in,0.22,1.17280,5888,-0.77,0.00,0.00,14 891.46,WP Buy #M20260524
2025.09.11 18:00:00,5889,XAUUSD,buy,out,0.12,3629.99,5889,-0.42,16.12,145.80,15 052.96,
2025.09.11 19:15:01,5890,XAUUSD,buy,in,0.12,3640.46,5890,-0.42,0.00,0.00,15 052.54,United SuperEMA long #M940001
2025.09.11 20:00:00,5891,TSLA.NAS,buy,in,0.3,361.80,5891,-0.02,0.00,0.00,15 052.52,WP Buy #M20260530
2025.09.11 21:22:41,5892,TSLA.NAS,sell,out,0.3,365.73,5892,-0.02,0.00,1.18,15 053.68,sl 365.77
2025.09.11 21:30:00,5893,XAUUSD,sell,out,0.12,3632.14,5893,-0.42,0.00,-99.84,14 953.42,
2025.09.11 22:00:00,5894,TSLA.NAS,buy,in,0.2,367.34,5894,-0.02,0.00,0.00,14 953.40,WP Buy #M20260530
2025.09.11 23:00:00,5895,XAUUSD,buy,in,0.12,3637.06,5895,-0.42,0.00,0.00,14 952.98,United SuperEMA long #M940001
2025.09.11 23:45:04,5896,XAUUSD,sell,out,0.12,3633.74,5896,-0.42,0.00,-39.84,14 912.72,
2025.09.12 04:00:00,5897,BTCUSD,buy,in,1.24,115904.13,5897,0.00,0.00,0.00,14 912.72,RSI Scalping Buy #M123459123
2025.09.12 04:00:00,5898,XAUUSD,buy,in,0.12,3637.19,5898,-0.42,0.00,0.00,14 912.30,SimpleTrendline BUY #M26042503
2025.09.12 04:00:05,5899,BTCUSD,sell,out,1.24,115909.75,5899,0.00,0.00,6.97,14 919.27,sl 115909.80
2025.09.12 05:00:00,5900,XAUUSD,buy,in,1.24,3646.54,5900,-4.34,0.00,0.00,14 914.93,RSI Scalping Buy #M129102315
2025.09.12 05:07:15,5901,XAUUSD,sell,out,1.24,3646.49,5901,-4.34,0.00,-6.20,14 904.39,sl 3646.50
2025.09.12 07:00:00,5902,XAUUSD,buy,in,0.03,3652.93,5902,-0.11,0.00,0.00,14 904.28,WP Buy #M20260526
2025.09.12 12:00:00,5903,XAUUSD,sell,out,0.12,3640.97,5903,-0.42,0.00,45.36,14 949.22,
2025.09.12 12:12:04,5904,XAUUSD,sell,out,0.03,3637.92,5904,-0.11,0.00,-45.03,14 904.08,sl 3637.93
2025.09.12 14:00:00,5905,XAUUSD,buy,in,1.24,3651.29,5905,-4.34,0.00,0.00,14 899.74,RSI Scalping Buy #M129102315
2025.09.12 14:00:00,5906,XAUUSD,buy,in,0.12,3651.29,5906,-0.42,0.00,0.00,14 899.32,SimpleTrendline BUY #M26042503
2025.09.12 14:02:23,5907,XAUUSD,sell,out,1.24,3651.23,5907,-4.34,0.00,-7.44,14 887.54,sl 3651.25
2025.09.12 16:35:00,5908,TSLA.NAS,sell,out,0.2,374.27,5908,-0.02,0.00,1.39,14 888.91,tp 373.34
2025.09.12 16:35:01,5909,TSLA.NAS,buy,in,93,374.34,5909,-1.86,0.00,0.00,14 887.05,RSI Scalping Buy #M125421321
2025.09.12 17:00:00,5910,XAUUSD,buy,in,1.24,3650.14,5910,-4.34,0.00,0.00,14 882.71,RSI Scalping Buy #M129102315
2025.09.12 17:00:00,5911,TSLA.NAS,buy,in,0.2,384.59,5911,-0.02,0.00,0.00,14 882.69,WP Buy #M20260530
2025.09.12 17:00:07,5912,XAUUSD,sell,out,1.24,3650.82,5912,-4.34,0.00,84.32,14 962.67,sl 3650.87
2025.09.12 17:05:13,5913,TSLA.NAS,sell,out,0.2,385.52,5913,-0.02,0.00,0.19,14 962.84,sl 385.57
2025.09.12 17:15:00,5914,XAUUSD,buy,in,0.12,3652.18,5914,-0.42,0.00,0.00,14 962.42,United SuperEMA long #M940001
2025.09.12 17:30:00,5915,DE40,sell,in,0.1,23695.70,5915,0.00,0.00,0.00,14 962.42,SimpleTrendline SELL #M26042502
2025.09.12 17:30:00,5916,AAPL.NAS,buy,in,62.3,234.070,5916,-1.25,0.00,0.00,14 961.17,RSI Scalping Buy #M20001
2025.09.12 17:30:40,5917,AAPL.NAS,sell,out,62.3,234.090,5917,-1.25,0.00,1.25,14 961.17,sl 234.100
2025.09.12 17:40:01,5918,AAPL.NAS,sell,in,62.3,234.040,5918,-1.25,0.00,0.00,14 959.92,RSI Scalping Sell #M20001
2025.09.12 17:44:03,5919,AAPL.NAS,buy,out,62.3,233.960,5919,-1.25,0.00,4.98,14 963.65,sl 233.960
2025.09.12 18:00:00,5920,TSLA.NAS,buy,in,0.2,389.65,5920,-0.02,0.00,0.00,14 963.63,WP Buy #M20260530
2025.09.12 18:13:41,5921,TSLA.NAS,sell,out,0.2,389.64,5921,-0.02,0.00,0.00,14 963.61,sl 389.84
2025.09.12 18:15:01,5922,XAUUSD,sell,out,0.12,3643.83,5922,-0.42,0.00,-100.20,14 862.99,
2025.09.12 18:45:01,5923,DE40,buy,out,0.1,23702.90,5923,0.00,0.00,-0.84,14 862.15,
2025.09.12 19:00:00,5924,XAUUSD,sell,out,0.12,3644.48,5924,-0.42,0.00,-81.72,14 780.01,
2025.09.12 19:00:00,5925,XAUUSD,sell,in,0.12,3644.48,5925,-0.42,0.00,0.00,14 779.59,SimpleTrendline SELL #M26042503
2025.09.12 19:00:00,5926,TSLA.NAS,buy,in,0.2,391.79,5926,-0.02,0.00,0.00,14 779.57,WP Buy #M20260530
2025.09.12 19:00:01,5927,DE40,buy,in,0.1,23711.40,5927,0.00,0.00,0.00,14 779.57,SimpleTrendline BUY #M26042502
2025.09.12 19:56:27,5928,TSLA.NAS,sell,out,0.2,394.06,5928,-0.02,0.00,0.45,14 780.00,sl 394.10
2025.09.12 20:00:00,5929,XAUUSD,buy,out,0.12,3649.28,5929,-0.42,0.00,-57.60,14 721.98,
2025.09.12 20:00:01,5930,TSLA.NAS,buy,in,0.2,393.66,5930,-0.02,0.00,0.00,14 721.96,WP Buy #M20260530
2025.09.12 20:15:00,5931,DE40,sell,out,0.1,23720.10,5931,0.00,0.00,1.02,14 722.98,
2025.09.12 21:33:15,5932,TSLA.NAS,sell,out,0.2,393.61,5932,-0.02,0.00,-0.01,14 722.95,sl 393.63
2025.09.12 22:00:00,5933,BTCUSD,buy,in,1.22,116578.13,5933,0.00,0.00,0.00,14 722.95,RSI Scalping Buy #M123459123
2025.09.12 22:22:01,5934,BTCUSD,sell,out,1.22,116579.75,5934,0.00,0.00,1.98,14 724.93,sl 116579.80
2025.09.15 02:45:00,5935,XAUUSD,sell,in,0.12,3637.75,5935,-0.42,0.00,0.00,14 724.51,United SuperEMA short #M940001
2025.09.15 03:00:00,5936,BTCUSD,sell,out,0.88,115306.50,5936,0.00,0.00,1 482.58,16 207.09,
2025.09.15 05:15:01,5937,XAUUSD,buy,out,0.12,3640.92,5937,-0.42,0.00,-38.04,16 168.63,
2025.09.15 06:15:05,5938,XAUUSD,buy,in,0.13,3643.15,5938,-0.46,0.00,0.00,16 168.17,United SuperEMA long #M940001
2025.09.15 09:15:00,5939,XAUUSD,sell,out,0.13,3642.51,5939,-0.46,0.00,-8.32,16 159.39,
2025.09.15 09:45:01,5940,XAUUSD,sell,in,0.13,3638.78,5940,-0.46,0.00,0.00,16 158.93,United SuperEMA short #M940001
2025.09.15 11:00:00,5941,XAUUSD,buy,out,0.13,3643.99,5941,-0.46,0.00,-67.73,16 090.74,
2025.09.15 12:00:00,5942,XAUUSD,buy,in,0.13,3645.57,5942,-0.46,0.00,0.00,16 090.28,SimpleTrendline BUY #M26042503
2025.09.15 14:00:00,5943,XAUUSD,sell,out,0.13,3640.08,5943,-0.46,0.00,-71.37,16 018.45,
2025.09.15 16:00:00,5944,XAUUSD,buy,in,1.06,3650.36,5944,-3.71,0.00,0.00,16 014.74,RSI Scalping Buy #M129102315
2025.09.15 16:00:02,5945,XAUUSD,sell,out,1.06,3650.21,5945,-3.71,0.00,-15.90,15 995.13,sl 3650.21
2025.09.15 16:35:00,5946,NVDA.NAS,sell,out,63.7,175.21,5946,-1.27,-0.05,-96.82,15 896.99,sl 175.69
2025.09.15 16:35:01,5947,TSLA.NAS,sell,out,93,424.08,5947,-1.86,-0.05,4 625.82,20 520.90,
2025.09.15 16:40:00,5948,AAPL.NAS,buy,in,85.5,237.380,5948,-1.71,0.00,0.00,20 519.19,RSI Scalping Buy #M20001
2025.09.15 16:45:00,5949,NVDA.NAS,sell,in,170.9,175.61,5949,-3.42,0.00,0.00,20 515.77,RSI Scalping Sell #M20003
2025.09.15 17:00:00,5950,TSLA.NAS,buy,in,0.4,418.92,5950,-0.02,0.00,0.00,20 515.75,WP Buy #M20260530
2025.09.15 17:00:00,5951,NVDA.NAS,buy,out,170.9,175.89,5951,-3.42,0.00,-47.85,20 464.48,
2025.09.15 17:18:54,5952,TSLA.NAS,sell,out,0.4,420.81,5952,-0.02,0.00,0.76,20 465.22,sl 421.00
2025.09.15 17:45:00,5953,XAUUSD,sell,in,0.34,3661.96,5953,-1.19,0.00,0.00,20 464.03,RSIConsolidation SELL #M2025042
2025.09.15 17:50:04,5954,AAPL.NAS,sell,out,85.5,236.260,5954,-1.71,0.00,-95.76,20 366.56,
2025.09.15 18:00:00,5955,XAUUSD,buy,in,0.05,3663.73,5955,-0.18,0.00,0.00,20 366.38,WP Buy #M20260526
2025.09.15 18:00:01,5956,TSLA.NAS,buy,in,0.4,421.69,5956,-0.02,0.00,0.00,20 366.36,WP Buy #M20260530
2025.09.15 18:15:03,5957,NVDA.NAS,buy,in,84.8,175.82,5957,-1.70,0.00,0.00,20 364.66,RSI Scalping Buy #M20003
2025.09.15 18:21:08,5958,TSLA.NAS,sell,out,0.4,422.22,5958,-0.02,0.00,0.21,20 364.85,sl 422.26
2025.09.15 18:49:57,5959,XAUUSD,buy,out,0.34,3674.22,5959,-1.19,0.00,-416.84,19 946.82,sl 3674.19
2025.09.15 19:39:20,5960,XAUUSD,sell,out,0.05,3677.94,5960,-0.18,0.00,71.05,20 017.69,sl 3677.96
2025.09.15 20:00:00,5961,XAUUSD,buy,in,0.05,3679.43,5961,-0.18,0.00,0.00,20 017.51,WP Buy #M20260526
2025.09.15 22:00:00,5962,XAUUSD,sell,in,1.66,3676.95,5962,-5.81,0.00,0.00,20 011.70,RSI Scalping Sell #M129102315
2025.09.16 02:46:42,5963,XAUUSD,buy,out,1.66,3677.19,5963,-5.81,74.34,-39.84,20 040.39,sl 3677.19
2025.09.16 04:04:34,5964,XAUUSD,sell,out,0.05,3682.08,5964,-0.18,-2.59,13.25,20 050.87,sl 3682.08
2025.09.16 05:00:00,5965,XAUUSD,sell,in,1.67,3679.32,5965,-5.85,0.00,0.00,20 045.02,RSI Scalping Sell #M129102315
2025.09.16 05:34:13,5966,XAUUSD,buy,out,1.67,3679.58,5966,-5.85,0.00,-43.42,19 995.75,sl 3679.58
2025.09.16 08:00:00,5967,XAUUSD,buy,in,0.03,3684.33,5967,-0.11,0.00,0.00,19 995.64,United SuperEMA long #M940001
2025.09.16 14:00:00,5968,XAUUSD,sell,out,0.03,3693.26,5968,-0.11,0.00,26.79,20 022.32,
2025.09.16 15:30:01,5969,EURUSD,sell,out,0.22,1.17908,5969,-0.77,-5.01,138.16,20 154.70,sl 1.17913
2025.09.16 16:50:00,5970,AAPL.NAS,buy,in,83.9,239.130,5970,-1.68,0.00,0.00,20 153.02,RSI Scalping Buy #M20001
2025.09.16 16:50:47,5971,AAPL.NAS,sell,out,83.9,239.260,5971,-1.68,0.00,10.91,20 162.25,sl 239.270
2025.09.16 17:00:00,5972,XAUUSD,buy,in,0.16,3695.54,5972,-0.56,0.00,0.00,20 161.69,SimpleTrendline BUY #M26042503
2025.09.16 17:00:00,5973,TSLA.NAS,buy,in,252,416.04,5973,-5.04,0.00,0.00,20 156.65,RSI Scalping Buy #M125421321
2025.09.16 17:30:00,5974,AAPL.NAS,sell,in,83.9,239.510,5974,-1.68,0.00,0.00,20 154.97,RSI Scalping Sell #M20001
2025.09.16 17:34:32,5975,AAPL.NAS,buy,out,83.9,239.290,5975,-1.68,0.00,18.46,20 171.75,sl 239.290
2025.09.16 18:00:00,5976,XAUUSD,sell,out,0.16,3686.38,5976,-0.56,0.00,-146.56,20 024.63,
2025.09.16 19:00:00,5977,EURUSD,buy,in,0.3,1.18472,5977,-1.05,0.00,0.00,20 023.58,WP Buy #M20260524
2025.09.16 19:15:00,5978,NVDA.NAS,sell,out,84.8,175.13,5978,-1.70,-0.01,-58.51,19 963.36,
2025.09.16 20:00:00,5979,XAUUSD,buy,in,0.16,3689.85,5979,-0.56,0.00,0.00,19 962.80,SimpleTrendline BUY #M26042503
2025.09.16 20:30:00,5980,NVDA.NAS,sell,in,83.1,175.15,5980,-1.66,0.00,0.00,19 961.14,RSI Scalping Sell #M20003
2025.09.16 20:45:00,5981,NVDA.NAS,buy,out,83.1,174.96,5981,-1.66,0.00,15.79,19 975.27,
2025.09.16 22:00:00,5982,XAUUSD,buy,in,1.66,3690.79,5982,-5.81,0.00,0.00,19 969.46,RSI Scalping Buy #M129102315
2025.09.16 22:00:00,5983,XAUUSD,buy,in,0.03,3690.79,5983,-0.11,0.00,0.00,19 969.35,United SuperEMA long #M940001
2025.09.16 22:00:01,5984,NVDA.NAS,buy,in,166.4,175.01,5984,-3.33,0.00,0.00,19 966.02,RSI Scalping Buy #M20003
2025.09.16 23:21:47,5985,XAUUSD,sell,out,1.66,3692.38,5985,-5.81,0.00,263.94,20 224.15,sl 3692.54
2025.09.17 02:00:00,5986,XAUUSD,buy,in,1.68,3692.10,5986,-5.88,0.00,0.00,20 218.27,RSI Scalping Buy #M129102315
2025.09.17 02:01:04,5987,XAUUSD,sell,out,1.68,3691.79,5987,-5.88,0.00,-52.08,20 160.31,sl 3691.84
2025.09.17 04:00:00,5988,XAUUSD,sell,out,0.03,3691.24,5988,-0.11,-1.56,1.35,20 159.99,
2025.09.17 04:00:00,5989,XAUUSD,sell,out,0.16,3691.22,5989,-0.56,-8.30,21.92,20 173.05,
2025.09.17 08:00:00,5990,DE40,sell,in,0.1,23400.80,5990,0.00,0.00,0.00,20 173.05,SimpleTrendline SELL #M26042502
2025.09.17 08:45:05,5991,DE40,buy,out,0.1,23397.00,5991,0.00,0.00,0.45,20 173.50,
2025.09.17 09:15:00,5992,XAUUSD,sell,in,0.03,3675.91,5992,-0.11,0.00,0.00,20 173.39,United SuperEMA short #M940001
2025.09.17 10:02:20,5993,EURUSD,sell,out,0.3,1.18485,5993,-1.05,-2.28,3.90,20 173.96,sl 1.18485
2025.09.17 14:45:00,5994,XAUUSD,buy,out,0.03,3668.08,5994,-0.11,0.00,23.49,20 197.34,
2025.09.17 16:35:01,5995,TSLA.NAS,sell,out,252,413.84,5995,-5.04,-0.04,-554.40,19 637.86,
2025.09.17 16:45:00,5996,NVDA.NAS,sell,out,166.4,170.31,5996,-3.33,-0.03,-782.08,18 852.42,
2025.09.17 16:45:00,5997,NVDA.NAS,sell,in,163.6,170.34,5997,-3.27,0.00,0.00,18 849.15,RSI Scalping Sell #M20003
2025.09.17 17:00:00,5998,NVDA.NAS,buy,out,163.6,170.83,5998,-3.27,0.00,-80.16,18 765.72,
2025.09.17 19:15:00,5999,XAUUSD,buy,in,0.15,3685.93,5999,-0.53,0.00,0.00,18 765.19,United SuperEMA long #M940001
2025.09.17 20:30:00,6000,XAUUSD,sell,out,0.15,3682.80,6000,-0.53,0.00,-46.95,18 717.71,
2025.09.17 20:30:32,6001,NVDA.NAS,buy,in,62.3,170.35,6001,-1.25,0.00,0.00,18 716.46,RSI Scalping Buy #M20003
2025.09.17 21:00:00,6002,XAUUSD,buy,in,1.24,3687.81,6002,-4.34,0.00,0.00,18 712.12,RSI Scalping Buy #M129102315
2025.09.17 21:00:03,6003,XAUUSD,sell,out,1.24,3694.29,6003,-4.34,0.00,803.52,19 511.30,sl 3694.42
2025.09.17 21:09:02,6004,XAUUSD,buy,in,0.81,3703.75,6004,-2.84,0.00,0.00,19 508.46,Darvas Box Breakout #M135790
2025.09.17 21:15:02,6005,XAUUSD,sell,out,0.81,3686.51,6005,-2.84,0.00,-1 396.44,18 109.18,sl 3686.59
2025.09.17 21:30:00,6006,DE40,buy,in,0.1,23402.70,6006,0.00,0.00,0.00,18 109.18,SimpleTrendline BUY #M26042502
2025.09.17 21:45:00,6007,DE40,sell,out,0.1,23331.40,6007,0.00,0.00,-8.45,18 100.73,
2025.09.18 04:00:00,6008,XAUUSD,buy,in,0.45,3665.42,6008,-1.58,0.00,0.00,18 099.15,RSI Follow BUY #M1001
2025.09.18 04:30:00,6009,XAUUSD,sell,in,0.15,3654.88,6009,-0.53,0.00,0.00,18 098.62,United SuperEMA short #M940001
2025.09.18 06:00:00,6010,XAUUSD,buy,out,0.15,3664.87,6010,-0.53,0.00,-149.85,17 948.24,
2025.09.18 09:00:00,6011,XAUUSD,sell,in,0.14,3651.58,6011,-0.49,0.00,0.00,17 947.75,United SuperEMA short #M940001
2025.09.18 09:30:00,6012,DE40,buy,in,0.1,23449.00,6012,0.00,0.00,0.00,17 947.75,SimpleTrendline BUY #M26042502
2025.09.18 10:00:00,6013,XAUUSD,sell,out,0.45,3637.51,6013,-1.58,0.00,-1 255.95,16 690.22,
2025.09.18 10:00:00,6014,XAUUSD,sell,out,0.24,3637.23,6014,-0.84,-249.03,5 430.96,21 871.31,
2025.09.18 10:30:00,6015,XAUUSD,buy,in,0.36,3649.44,6015,-1.26,0.00,0.00,21 870.05,RSIConsolidation BUY #M20250420
2025.09.18 10:30:01,6016,XAUUSD,sell,out,0.36,3649.27,6016,-1.26,0.00,-6.12,21 862.67,
2025.09.18 10:45:00,6017,XAUUSD,buy,out,0.14,3658.72,6017,-0.49,0.00,-99.96,21 762.22,
2025.09.18 11:30:00,6018,XAUUSD,sell,in,0.36,3656.52,6018,-1.26,0.00,0.00,21 760.96,RSIConsolidation SELL #M2025042
2025.09.18 12:00:00,6019,XAUUSD,buy,in,0.18,3665.46,6019,-0.63,0.00,0.00,21 760.33,SimpleTrendline BUY #M26042503
2025.09.18 12:06:14,6020,XAUUSD,buy,out,0.36,3667.88,6020,-1.26,0.00,-408.96,21 350.11,sl 3667.76
2025.09.18 15:30:00,6021,XAUUSD,buy,in,0.17,3669.84,6021,-0.60,0.00,0.00,21 349.51,United SuperEMA long #M940001
2025.09.18 16:00:00,6022,XAUUSD,sell,out,0.17,3663.10,6022,-0.60,0.00,-114.58,21 234.33,
2025.09.18 16:00:00,6023,XAUUSD,sell,in,0.03,3663.03,6023,-0.11,0.00,0.00,21 234.22,RSIConsolidation SELL #M2025042
2025.09.18 16:00:00,6024,XAUUSD,sell,out,0.18,3663.00,6024,-0.63,0.00,-44.28,21 189.31,
2025.09.18 16:00:00,6025,XAUUSD,buy,out,0.03,3663.02,6025,-0.11,0.00,0.03,21 189.23,
2025.09.18 17:00:00,6026,TSLA.NAS,buy,in,105.9,428.00,6026,-2.12,0.00,0.00,21 187.11,RSI Scalping Buy #M125421321
2025.09.18 18:00:01,6027,TSLA.NAS,buy,in,0.3,429.30,6027,-0.02,0.00,0.00,21 187.09,WP Buy #M20260530
2025.09.18 18:25:47,6028,TSLA.NAS,sell,out,0.3,426.21,6028,-0.02,0.00,-0.93,21 186.14,sl 426.30
2025.09.18 19:00:00,6029,TSLA.NAS,sell,out,105.9,425.11,6029,-2.12,0.00,-306.05,20 877.97,
2025.09.18 19:00:00,6030,SOXX.NAS,buy,in,0.3,268.370,6030,-0.02,0.00,0.00,20 877.95,WP Buy #M20260532
2025.09.18 19:03:08,6031,SOXX.NAS,sell,out,0.3,268.340,6031,-0.02,0.00,-0.01,20 877.92,sl 268.350
2025.09.18 20:00:00,6032,SOXX.NAS,buy,in,0.3,268.600,6032,-0.02,0.00,0.00,20 877.90,WP Buy #M20260532
2025.09.18 20:06:21,6033,SOXX.NAS,sell,out,0.3,268.670,6033,-0.02,0.00,0.02,20 877.90,sl 268.670
2025.09.18 23:00:00,6034,XAUUSD,buy,in,0.52,3646.94,6034,-1.82,0.00,0.00,20 876.08,RSI Follow BUY #M1001
2025.09.18 23:30:00,6035,XAUUSD,sell,in,0.03,3645.86,6035,-0.11,0.00,0.00,20 875.97,RSIConsolidation SELL #M2025042
2025.09.19 01:02:00,6036,XAUUSD,buy,out,0.03,3643.71,6036,-0.11,1.34,6.45,20 883.65,
2025.09.19 02:00:01,6037,XAUUSD,sell,out,0.52,3640.12,6037,-1.82,-26.98,-354.64,20 500.21,
2025.09.19 02:30:00,6038,XAUUSD,sell,in,0.03,3639.26,6038,-0.11,0.00,0.00,20 500.10,United SuperEMA short #M940001
2025.09.19 04:15:00,6039,XAUUSD,buy,out,0.03,3648.42,6039,-0.11,0.00,-27.48,20 472.51,
2025.09.19 05:00:00,6040,XAUUSD,sell,in,0.17,3639.84,6040,-0.60,0.00,0.00,20 471.91,SimpleTrendline SELL #M26042503
2025.09.19 05:30:10,6041,DE40,sell,out,0.1,23681.10,6041,0.00,-0.54,27.50,20 498.87,
2025.09.19 06:00:00,6042,XAUUSD,buy,out,0.17,3647.35,6042,-0.60,0.00,-127.67,20 370.60,
2025.09.19 08:45:09,6043,DE40,sell,in,0.1,23666.60,6043,0.00,0.00,0.00,20 370.60,SimpleTrendline SELL #M26042502
2025.09.19 09:15:01,6044,DE40,buy,out,0.1,23703.70,6044,0.00,0.00,-4.40,20 366.20,
2025.09.19 09:30:01,6045,DE40,buy,in,0.1,23711.70,6045,0.00,0.00,0.00,20 366.20,SimpleTrendline BUY #M26042502
2025.09.19 10:00:00,6046,XAUUSD,sell,in,0.16,3647.18,6046,-0.56,0.00,0.00,20 365.64,SimpleTrendline SELL #M26042503
2025.09.19 10:15:00,6047,DE40,sell,out,0.1,23673.20,6047,0.00,0.00,-4.56,20 361.08,
2025.09.19 11:00:00,6048,XAUUSD,buy,out,0.16,3654.02,6048,-0.56,0.00,-109.44,20 251.08,
2025.09.19 11:00:00,6049,XAUUSD,buy,in,0.16,3654.13,6049,-0.56,0.00,0.00,20 250.52,SimpleTrendline BUY #M26042503
2025.09.19 12:00:00,6050,XAUUSD,sell,in,0.4,3655.77,6050,-1.40,0.00,0.00,20 249.12,RSI Reverse SELL #M1002
2025.09.19 12:00:00,6051,XAUUSD,buy,out,0.4,3655.83,6051,-1.40,0.00,-2.40,20 245.32,
2025.09.19 12:15:00,6052,XAUUSD,buy,in,0.02,3656.73,6052,-0.07,0.00,0.00,20 245.25,United SuperEMA long #M940001
2025.09.19 13:00:00,6053,DE40,sell,in,0.1,23641.10,6053,0.00,0.00,0.00,20 245.25,SimpleTrendline SELL #M26042502
2025.09.19 13:45:01,6054,XAUUSD,sell,in,0.02,3656.99,6054,-0.07,0.00,0.00,20 245.18,RSIConsolidation SELL #M2025042
2025.09.19 14:00:00,6055,XAUUSD,buy,out,0.02,3655.77,6055,-0.07,0.00,2.44,20 247.55,
2025.09.19 14:00:00,6056,XAUUSD,sell,out,0.16,3655.67,6056,-0.56,0.00,24.64,20 271.63,
2025.09.19 14:15:00,6057,XAUUSD,sell,out,0.02,3652.79,6057,-0.07,0.00,-7.88,20 263.68,
2025.09.19 14:45:00,6058,XAUUSD,sell,in,0.03,3647.63,6058,-0.11,0.00,0.00,20 263.57,United SuperEMA short #M940001
2025.09.19 15:15:01,6059,DE40,buy,out,0.1,23663.10,6059,0.00,0.00,-2.61,20 260.96,
2025.09.19 16:30:00,6060,XAUUSD,buy,out,0.03,3656.69,6060,-0.11,0.00,-27.18,20 233.67,
2025.09.19 16:40:00,6061,AAPL.NAS,buy,in,84.3,241.270,6061,-1.69,0.00,0.00,20 231.98,RSI Scalping Buy #M20001
2025.09.19 16:50:23,6062,AAPL.NAS,sell,out,84.3,241.300,6062,-1.69,0.00,2.53,20 232.82,sl 241.310
2025.09.19 17:00:00,6063,XAUUSD,buy,in,1.68,3663.50,6063,-5.88,0.00,0.00,20 226.94,RSI Scalping Buy #M129102315
2025.09.19 17:00:00,6064,XAUUSD,buy,in,0.03,3663.72,6064,-0.11,0.00,0.00,20 226.83,United SuperEMA long #M940001
2025.09.19 17:00:09,6065,XAUUSD,sell,out,1.68,3663.43,6065,-5.88,0.00,-11.76,20 209.19,sl 3663.45
2025.09.19 18:00:00,6066,AAPL.NAS,buy,in,84.2,242.870,6066,-1.68,0.00,0.00,20 207.51,RSI Scalping Buy #M20001
2025.09.19 18:58:02,6067,AAPL.NAS,sell,out,84.2,243.050,6067,-1.68,0.00,15.16,20 220.99,sl 243.060
2025.09.19 19:00:00,6068,XAUUSD,buy,in,0.05,3670.79,6068,-0.18,0.00,0.00,20 220.81,WP Buy #M20260526
2025.09.19 19:20:08,6069,AAPL.NAS,buy,in,84.2,244.080,6069,-1.68,0.00,0.00,20 219.13,RSI Scalping Buy #M20001
2025.09.19 19:23:42,6070,AAPL.NAS,sell,out,84.2,244.340,6070,-1.68,0.00,21.89,20 239.34,sl 244.350
2025.09.19 19:45:00,6071,XAUUSD,sell,in,0.16,3670.36,6071,-0.56,0.00,0.00,20 238.78,RSIConsolidation SELL #M2025042
2025.09.19 20:00:00,6072,AAPL.NAS,sell,in,84.3,245.150,6072,-1.69,0.00,0.00,20 237.09,RSI Scalping Sell #M20001
2025.09.19 20:00:00,6073,AAPL.NAS,buy,in,0.5,245.180,6073,-0.02,0.00,0.00,20 237.07,WP Buy #M20260528
2025.09.19 20:00:20,6074,AAPL.NAS,sell,out,0.5,245.240,6074,-0.02,0.00,0.03,20 237.08,sl 245.240
2025.09.19 20:02:54,6075,AAPL.NAS,buy,out,84.3,245.050,6075,-1.69,0.00,8.43,20 243.82,sl 245.040
2025.09.19 20:47:02,6076,XAUUSD,buy,out,0.16,3678.76,6076,-0.56,0.00,-134.40,20 108.86,sl 3678.72
2025.09.19 21:00:03,6077,AAPL.NAS,buy,in,0.5,245.470,6077,-0.02,0.00,0.00,20 108.84,WP Buy #M20260528
2025.09.19 21:00:06,6078,AAPL.NAS,sell,out,0.5,245.250,6078,-0.02,0.00,-0.11,20 108.71,sl 245.270
2025.09.19 21:10:01,6079,AAPL.NAS,buy,in,83.7,245.820,6079,-1.67,0.00,0.00,20 107.04,RSI Scalping Buy #M20001
2025.09.19 21:13:59,6080,AAPL.NAS,sell,out,83.7,245.900,6080,-1.67,0.00,6.70,20 112.07,sl 245.900
2025.09.19 22:00:00,6081,AAPL.NAS,buy,in,0.5,245.500,6081,-0.02,0.00,0.00,20 112.05,WP Buy #M20260528
2025.09.19 22:02:08,6082,AAPL.NAS,sell,out,0.5,245.530,6082,-0.02,0.00,0.02,20 112.05,sl 245.550
2025.09.19 22:45:00,6083,DE40,sell,in,0.1,23653.50,6083,0.00,0.00,0.00,20 112.05,SimpleTrendline SELL #M26042502
2025.09.19 23:00:00,6084,XAUUSD,buy,in,0.5,3684.49,6084,-1.75,0.00,0.00,20 110.30,RSI Follow BUY #M1001
2025.09.22 01:15:00,6085,DE40,buy,out,0.1,23632.60,6085,0.00,-0.55,2.48,20 112.23,
2025.09.22 04:30:01,6086,XAUUSD,sell,out,0.05,3689.17,6086,-0.18,-2.59,91.90,20 201.36,sl 3689.18
2025.09.22 05:00:00,6087,XAUUSD,sell,out,0.03,3689.38,6087,-0.11,-1.56,76.98,20 276.67,
2025.09.22 07:00:00,6088,XAUUSD,buy,in,0.5,3695.47,6088,-1.75,0.00,0.00,20 274.92,RSI Reverse BUY #M1002
2025.09.22 10:00:00,6089,XAUUSD,buy,in,0.05,3714.49,6089,-0.18,0.00,0.00,20 274.74,WP Buy #M20260526
2025.09.22 15:14:55,6090,XAUUSD,sell,out,0.05,3720.86,6090,-0.18,0.00,31.85,20 306.41,sl 3720.86
2025.09.22 16:00:00,6091,DE40,sell,in,0.1,23494.80,6091,0.00,0.00,0.00,20 306.41,SimpleTrendline SELL #M26042502
2025.09.22 16:40:00,6092,AAPL.NAS,buy,in,84.6,250.370,6092,-1.69,0.00,0.00,20 304.72,RSI Scalping Buy #M20001
2025.09.22 16:44:15,6093,AAPL.NAS,sell,out,84.6,250.400,6093,-1.69,0.00,2.54,20 305.57,sl 250.490
2025.09.22 17:00:00,6094,TSLA.NAS,buy,in,25.3,440.96,6094,-0.51,0.00,0.00,20 305.06,RSI Scalping Buy #M125421321
2025.09.22 17:00:00,6095,AAPL.NAS,buy,in,0.5,251.120,6095,-0.02,0.00,0.00,20 305.04,WP Buy #M20260528
2025.09.22 17:00:02,6096,DE40,buy,out,0.1,23501.80,6096,0.00,0.00,-0.83,20 304.21,
2025.09.22 17:00:04,6097,AAPL.NAS,sell,out,0.5,250.910,6097,-0.02,0.00,-0.11,20 304.08,sl 250.920
2025.09.22 18:00:00,6098,AAPL.NAS,buy,in,0.5,253.610,6098,-0.02,0.00,0.00,20 304.06,WP Buy #M20260528
2025.09.22 18:02:48,6099,AAPL.NAS,sell,out,0.5,253.380,6099,-0.02,0.00,-0.12,20 303.92,sl 253.410
2025.09.22 18:45:00,6100,DE40,sell,in,0.1,23524.70,6100,0.00,0.00,0.00,20 303.92,SimpleTrendline SELL #M26042502
2025.09.22 19:00:00,6101,TSLA.NAS,sell,out,25.3,440.67,6101,-0.51,0.00,-7.34,20 296.07,
2025.09.22 19:00:00,6102,AAPL.NAS,buy,in,0.5,256.040,6102,-0.02,0.00,0.00,20 296.05,WP Buy #M20260528
2025.09.22 19:00:01,6103,TSLA.NAS,buy,in,0.4,440.71,6103,-0.02,0.00,0.00,20 296.03,WP Buy #M20260530
2025.09.22 19:01:50,6104,AAPL.NAS,sell,out,0.5,256.150,6104,-0.02,0.00,0.06,20 296.07,sl 256.160
2025.09.22 19:10:00,6105,AAPL.NAS,sell,in,84.5,254.930,6105,-1.69,0.00,0.00,20 294.38,RSI Scalping Sell #M20001
2025.09.22 19:11:00,6106,AAPL.NAS,buy,out,84.5,254.900,6106,-1.69,0.00,2.54,20 295.23,sl 254.900
2025.09.22 19:15:00,6107,DE40,buy,out,0.1,23533.50,6107,0.00,0.00,-1.04,20 294.19,
2025.09.22 19:30:03,6108,DE40,buy,in,0.1,23557.00,6108,0.00,0.00,0.00,20 294.19,SimpleTrendline BUY #M26042502
2025.09.22 19:33:08,6109,TSLA.NAS,sell,out,0.4,437.63,6109,-0.02,0.00,-1.23,20 292.94,sl 437.71
2025.09.22 20:00:00,6110,NVDA.NAS,sell,out,62.3,183.83,6110,-1.25,-0.05,839.80,21 131.44,
2025.09.23 04:15:00,6111,XAUUSD,buy,in,0.03,3754.75,6111,-0.11,0.00,0.00,21 131.33,United SuperEMA long #M940001
2025.09.23 05:15:00,6112,XAUUSD,sell,out,0.03,3744.13,6112,-0.11,0.00,-31.86,21 099.36,
2025.09.23 06:00:00,6113,XAUUSD,sell,in,1.75,3741.91,6113,-6.13,0.00,0.00,21 093.23,RSI Scalping Sell #M129102315
2025.09.23 06:02:17,6114,XAUUSD,buy,out,1.75,3741.13,6114,-6.13,0.00,136.50,21 223.60,sl 3741.12
2025.09.23 07:00:00,6115,XAUUSD,buy,in,0.08,3746.74,6115,-0.28,0.00,0.00,21 223.32,SimpleTrendline BUY #M26042503
2025.09.23 08:45:00,6116,XAUUSD,buy,in,0.03,3757.43,6116,-0.11,0.00,0.00,21 223.21,United SuperEMA long #M940001
2025.09.23 13:30:00,6117,DE40,sell,out,0.1,23579.50,6117,0.00,-0.54,2.67,21 225.34,
2025.09.23 14:00:00,6118,XAUUSD,buy,in,0.05,3783.02,6118,-0.18,0.00,0.00,21 225.16,WP Buy #M20260526
2025.09.23 14:51:01,6119,XAUUSD,sell,out,0.05,3781.23,6119,-0.18,0.00,-8.95,21 216.03,sl 3781.25
2025.09.23 15:00:00,6120,XAUUSD,buy,in,0.05,3783.91,6120,-0.18,0.00,0.00,21 215.85,WP Buy #M20260526
2025.09.23 15:30:00,6121,DE40,buy,in,0.1,23641.00,6121,0.00,0.00,0.00,21 215.85,SimpleTrendline BUY #M26042502
2025.09.23 16:45:01,6122,NVDA.NAS,sell,in,88.3,179.92,6122,-1.77,0.00,0.00,21 214.08,RSI Scalping Sell #M20003
2025.09.23 17:00:00,6123,XAUUSD,sell,out,0.03,3784.08,6123,-0.11,0.00,79.95,21 293.92,
2025.09.23 17:00:00,6124,NVDA.NAS,buy,out,88.3,179.48,6124,-1.77,0.00,38.85,21 331.00,
2025.09.23 17:21:27,6125,XAUUSD,sell,out,0.05,3768.66,6125,-0.18,0.00,-76.25,21 254.57,sl 3768.73
2025.09.23 17:30:01,6126,NVDA.NAS,buy,in,88.5,180.70,6126,-1.77,0.00,0.00,21 252.80,RSI Scalping Buy #M20003
2025.09.23 18:00:00,6127,XAUUSD,sell,in,1.77,3774.07,6127,-6.20,0.00,0.00,21 246.60,RSI Scalping Sell #M129102315
2025.09.23 18:01:39,6128,XAUUSD,buy,out,1.77,3773.96,6128,-6.20,0.00,19.47,21 259.87,sl 3773.96
2025.09.23 18:30:00,6129,DE40,sell,out,0.1,23626.50,6129,0.00,0.00,-1.72,21 258.15,
2025.09.23 20:15:00,6130,NVDA.NAS,sell,out,88.5,179.20,6130,-1.77,0.00,-132.75,21 123.63,
2025.09.23 21:00:00,6131,TSLA.NAS,sell,in,26.4,428.18,6131,-0.53,0.00,0.00,21 123.10,RSI Scalping Sell #M125421321
2025.09.23 22:00:00,6132,XAUUSD,sell,out,0.08,3756.84,6132,-0.28,0.00,80.80,21 203.62,
2025.09.23 22:45:00,6133,NVDA.NAS,buy,in,176.6,178.69,6133,-3.53,0.00,0.00,21 200.09,RSI Scalping Buy #M20003
2025.09.24 07:00:00,6134,XAUUSD,buy,in,0.03,3765.41,6134,-0.11,0.00,0.00,21 199.98,United SuperEMA long #M940001
2025.09.24 09:00:00,6135,XAUUSD,buy,in,1.76,3774.98,6135,-6.16,0.00,0.00,21 193.82,RSI Scalping Buy #M129102315
2025.09.24 09:00:30,6136,XAUUSD,sell,out,1.76,3774.83,6136,-6.16,0.00,-26.40,21 161.26,sl 3774.89
2025.09.24 10:00:00,6137,BTCUSD,sell,in,1.23,112630.00,6137,0.00,0.00,0.00,21 161.26,SimpleTrendline SELL #M26042501
2025.09.24 11:30:00,6138,XAUUSD,sell,out,0.03,3770.47,6138,-0.11,0.00,15.18,21 176.33,
2025.09.24 13:00:00,6139,BTCUSD,buy,out,1.23,112781.00,6139,0.00,0.00,-185.73,20 990.60,
2025.09.24 14:00:00,6140,XAUUSD,sell,in,0.17,3762.20,6140,-0.60,0.00,0.00,20 990.00,SimpleTrendline SELL #M26042503
2025.09.24 16:15:00,6141,XAUUSD,buy,in,0.03,3771.59,6141,-0.11,0.00,0.00,20 989.89,United SuperEMA long #M940001
2025.09.24 16:35:00,6142,TSLA.NAS,buy,out,26.4,433.17,6142,-0.53,0.00,-131.74,20 857.62,
2025.09.24 16:45:00,6143,XAUUSD,sell,out,0.03,3762.72,6143,-0.11,0.00,-26.61,20 830.90,
2025.09.24 18:37:24,6144,BTCUSD,buy,in,0.05,113707.00,6144,0.00,0.00,0.00,20 830.90,WP Buy #M20260527
2025.09.24 18:45:00,6145,XAUUSD,sell,in,0.03,3745.74,6145,-0.11,0.00,0.00,20 830.79,United SuperEMA short #M940001
2025.09.24 19:08:34,6146,NVDA.NAS,sell,out,176.6,175.72,6146,-3.53,-0.03,-524.50,20 302.73,sl 175.73
2025.09.24 19:12:31,6147,BTCUSD,sell,out,0.05,113211.00,6147,0.00,0.00,-24.80,20 277.93,sl 113212.00
2025.09.24 20:15:00,6148,NVDA.NAS,buy,in,67.5,176.94,6148,-1.35,0.00,0.00,20 276.58,RSI Scalping Buy #M20003
2025.09.24 23:30:00,6149,XAUUSD,buy,out,0.03,3732.04,6149,-0.11,0.00,41.10,20 317.57,
2025.09.25 04:00:00,6150,XAUUSD,buy,out,0.17,3748.95,6150,-0.60,22.84,225.25,20 565.06,
2025.09.25 04:00:00,6151,XAUUSD,buy,in,0.16,3748.97,6151,-0.56,0.00,0.00,20 564.50,SimpleTrendline BUY #M26042503
2025.09.25 05:00:00,6152,XAUUSD,sell,out,0.16,3735.84,6152,-0.56,0.00,-210.08,20 353.86,
2025.09.25 05:00:00,6153,XAUUSD,sell,in,0.17,3735.72,6153,-0.60,0.00,0.00,20 353.26,SimpleTrendline SELL #M26042503
2025.09.25 05:15:00,6154,XAUUSD,sell,in,0.16,3732.82,6154,-0.56,0.00,0.00,20 352.70,United SuperEMA short #M940001
2025.09.25 08:00:00,6155,XAUUSD,buy,out,0.16,3738.13,6155,-0.56,0.00,-84.96,20 267.18,
2025.09.25 08:00:00,6156,XAUUSD,buy,out,0.17,3738.14,6156,-0.60,0.00,-41.14,20 225.44,
2025.09.25 08:30:00,6157,DE40,buy,in,0.1,23691.00,6157,0.00,0.00,0.00,20 225.44,SimpleTrendline BUY #M26042502
2025.09.25 09:45:00,6158,DE40,sell,out,0.1,23669.90,6158,0.00,0.00,-2.50,20 222.94,
2025.09.25 10:00:00,6159,DE40,sell,in,0.1,23662.40,6159,0.00,0.00,0.00,20 222.94,SimpleTrendline SELL #M26042502
2025.09.25 13:00:00,6160,XAUUSD,buy,in,0.13,3757.16,6160,-0.46,0.00,0.00,20 222.48,United SuperEMA long #M940001
2025.09.25 14:00:00,6161,XAUUSD,buy,in,1.34,3757.36,6161,-4.69,0.00,0.00,20 217.79,RSI Scalping Buy #M129102315
2025.09.25 14:15:00,6162,XAUUSD,sell,out,0.13,3743.30,6162,-0.46,0.00,-180.18,20 037.15,
2025.09.25 16:45:00,6163,XAUUSD,sell,in,0.08,3726.42,6163,-0.28,0.00,0.00,20 036.87,United SuperEMA short #M940001
2025.09.25 17:00:00,6164,XAUUSD,sell,in,0.13,3734.02,6164,-0.46,0.00,0.00,20 036.41,SimpleTrendline SELL #M26042503
2025.09.25 17:00:00,6165,TSLA.NAS,sell,in,20,425.11,6165,-0.40,0.00,0.00,20 036.01,RSI Scalping Sell #M125421321
2025.09.25 18:00:00,6166,XAUUSD,sell,out,1.34,3731.74,6166,-4.69,0.00,-3 433.08,16 598.24,
2025.09.25 18:15:00,6167,DE40,buy,out,0.1,23555.00,6167,0.00,0.00,12.73,16 610.97,
2025.09.25 19:00:00,6168,XAUUSD,buy,out,0.13,3736.01,6168,-0.46,0.00,-25.87,16 584.64,
2025.09.25 19:15:00,6169,XAUUSD,buy,out,0.08,3742.44,6169,-0.28,0.00,-128.16,16 456.20,
2025.09.25 20:57:31,6170,NVDA.NAS,sell,out,67.5,176.48,6170,-1.35,-0.01,-31.05,16 423.79,sl 176.48
2025.09.25 21:00:00,6171,NVDA.NAS,sell,in,68.4,176.38,6171,-1.37,0.00,0.00,16 422.42,RSI Scalping Sell #M20003
2025.09.25 21:00:00,6172,DE40,sell,in,0.6,23504.40,6172,0.00,0.00,0.00,16 422.42,SimpleTrendline SELL #M26042502
2025.09.25 21:15:00,6173,NVDA.NAS,buy,out,68.4,176.24,6173,-1.37,0.00,9.58,16 430.63,
2025.09.25 21:30:00,6174,NVDA.NAS,buy,in,68.4,177.23,6174,-1.37,0.00,0.00,16 429.26,RSI Scalping Buy #M20003
2025.09.25 21:45:01,6175,DE40,buy,out,0.6,23551.70,6175,0.00,0.00,-33.63,16 395.63,
2025.09.25 22:20:00,6176,AAPL.NAS,buy,in,68.3,256.780,6176,-1.37,0.00,0.00,16 394.26,RSI Scalping Buy #M20001
2025.09.25 22:24:04,6177,AAPL.NAS,sell,out,68.3,257.020,6177,-1.37,0.00,16.39,16 409.28,sl 257.020
2025.09.25 22:45:00,6178,XAUUSD,sell,in,0.13,3747.51,6178,-0.46,0.00,0.00,16 408.82,RSIConsolidation SELL #M2025042
2025.09.25 23:00:00,6179,XAUUSD,buy,out,0.13,3746.90,6179,-0.46,0.00,7.93,16 416.29,
2025.09.26 07:00:00,6180,DE40,buy,in,0.6,23561.10,6180,0.00,0.00,0.00,16 416.29,SimpleTrendline BUY #M26042502
2025.09.26 08:00:00,6181,DE40,sell,out,0.6,23538.40,6181,0.00,0.00,-16.14,16 400.15,
2025.09.26 12:30:00,6182,XAUUSD,sell,in,0.27,3748.77,6182,-0.95,0.00,0.00,16 399.20,RSIConsolidation SELL #M2025042
2025.09.26 12:30:00,6183,XAUUSD,buy,out,0.27,3748.85,6183,-0.95,0.00,-2.16,16 396.09,
2025.09.26 17:00:00,6184,XAUUSD,buy,in,1.36,3761.89,6184,-4.76,0.00,0.00,16 391.33,RSI Scalping Buy #M129102315
2025.09.26 17:00:16,6185,XAUUSD,sell,out,1.36,3762.37,6185,-4.76,0.00,65.28,16 451.85,sl 3762.37
2025.09.26 21:00:01,6186,TSLA.NAS,buy,out,20,435.99,6186,-0.40,0.00,-217.60,16 233.85,
2025.09.29 00:05:00,6187,BTCUSD,buy,in,1.35,110911.30,6187,0.00,0.00,0.00,16 233.85,RSI Scalping Buy #M123459123
2025.09.29 00:10:11,6188,BTCUSD,sell,out,1.35,110912.00,6188,0.00,0.00,0.95,16 234.80,sl 110913.80
2025.09.29 01:30:00,6189,XAUUSD,buy,in,0.13,3767.75,6189,-0.46,0.00,0.00,16 234.34,RSIConsolidation BUY #M20250420
2025.09.29 01:45:02,6190,XAUUSD,sell,out,0.13,3768.36,6190,-0.46,0.00,7.93,16 241.81,
2025.09.29 04:00:00,6191,XAUUSD,buy,in,0.67,3787.46,6191,-2.35,0.00,0.00,16 239.46,EMA Crossover Trade BUY #M12350
2025.09.29 04:00:00,6192,XAUUSD,buy,in,1.35,3787.93,6192,-4.73,0.00,0.00,16 234.73,RSI Scalping Buy #M129102315
2025.09.29 04:00:00,6193,XAUUSD,buy,in,0.06,3787.79,6193,-0.21,0.00,0.00,16 234.52,SimpleTrendline BUY #M26042503
2025.09.29 04:01:11,6194,XAUUSD,sell,out,0.67,3784.40,6194,-2.35,0.00,-205.02,16 027.15,sl 3784.41
2025.09.29 04:01:45,6195,XAUUSD,sell,out,1.35,3788.14,6195,-4.73,0.00,28.35,16 050.77,sl 3788.15
2025.09.29 04:41:51,6196,BTCUSD,buy,in,0.04,112101.00,6196,0.00,0.00,0.00,16 050.77,WP Buy #M20260527
2025.09.29 05:00:00,6197,XAUUSD,buy,in,0.66,3778.78,6197,-2.31,0.00,0.00,16 048.46,EMA Crossover Trade BUY #M12350
2025.09.29 05:05:06,6198,XAUUSD,sell,out,0.66,3777.75,6198,-2.31,0.00,-67.98,15 978.17,sl 3777.77
2025.09.29 05:15:00,6199,XAUUSD,buy,in,0.13,3785.56,6199,-0.46,0.00,0.00,15 977.71,United SuperEMA long #M940001
2025.09.29 06:00:00,6200,XAUUSD,buy,in,0.66,3792.93,6200,-2.31,0.00,0.00,15 975.40,EMA Crossover Trade BUY #M12350
2025.09.29 06:13:56,6201,XAUUSD,sell,out,0.66,3795.70,6201,-2.31,0.00,182.82,16 155.91,sl 3795.70
2025.09.29 07:00:00,6202,XAUUSD,buy,in,0.67,3794.46,6202,-2.35,0.00,0.00,16 153.56,EMA Crossover Trade BUY #M12350
2025.09.29 07:59:45,6203,XAUUSD,sell,out,0.67,3805.31,6203,-2.35,0.00,726.95,16 878.16,sl 3805.32
2025.09.29 08:00:00,6204,XAUUSD,buy,in,0.7,3805.27,6204,-2.45,0.00,0.00,16 875.71,EMA Crossover Trade BUY #M12350
2025.09.29 08:00:00,6205,XAUUSD,buy,in,0.04,3805.27,6205,-0.14,0.00,0.00,16 875.57,WP Buy #M20260526
2025.09.29 08:06:41,6206,XAUUSD,sell,out,0.7,3807.98,6206,-2.45,0.00,189.70,17 062.82,sl 3808.02
2025.09.29 08:11:01,6207,XAUUSD,sell,out,0.04,3804.15,6207,-0.14,0.00,-4.48,17 058.20,sl 3804.21
2025.09.29 09:00:00,6208,XAUUSD,buy,in,0.71,3813.79,6208,-2.49,0.00,0.00,17 055.71,EMA Crossover Trade BUY #M12350
2025.09.29 09:00:00,6209,XAUUSD,buy,in,0.04,3813.79,6209,-0.14,0.00,0.00,17 055.57,WP Buy #M20260526
2025.09.29 09:06:44,6210,XAUUSD,sell,out,0.71,3811.39,6210,-2.49,0.00,-170.40,16 882.68,sl 3811.42
2025.09.29 10:00:00,6211,XAUUSD,buy,in,0.7,3817.38,6211,-2.45,0.00,0.00,16 880.23,EMA Crossover Trade BUY #M12350
2025.09.29 10:03:02,6212,XAUUSD,sell,out,0.7,3813.86,6212,-2.45,0.00,-246.40,16 631.38,sl 3813.86
2025.09.29 10:25:56,6213,BTCUSD,sell,out,0.04,111587.50,6213,0.00,0.00,-20.54,16 610.84,sl 111588.00
2025.09.29 10:30:00,6214,DE40,buy,in,0.5,23799.60,6214,0.00,0.00,0.00,16 610.84,SimpleTrendline BUY #M26042502
2025.09.29 10:32:53,6215,XAUUSD,sell,out,0.04,3812.30,6215,-0.14,0.00,-5.96,16 604.74,sl 3812.30
2025.09.29 10:45:01,6216,DE40,sell,out,0.5,23772.60,6216,0.00,0.00,-16.00,16 588.74,
2025.09.29 11:00:00,6217,XAUUSD,buy,in,0.55,3806.79,6217,-1.93,0.00,0.00,16 586.81,EMA Crossover Trade BUY #M12350
2025.09.29 11:00:00,6218,XAUUSD,sell,in,1.1,3807.27,6218,-3.85,0.00,0.00,16 582.96,RSI Scalping Sell #M129102315
2025.09.29 11:00:00,6219,XAUUSD,sell,out,0.13,3807.29,6219,-0.46,0.00,282.49,16 864.99,
2025.09.29 11:00:00,6220,DE40,sell,in,0.5,23739.10,6220,0.00,0.00,0.00,16 864.99,SimpleTrendline SELL #M26042502
2025.09.29 11:20:12,6221,XAUUSD,sell,out,0.55,3812.62,6221,-1.93,0.00,320.65,17 183.71,sl 3812.72
2025.09.29 11:30:00,6222,DE40,buy,out,0.5,23779.60,6222,0.00,0.00,-23.99,17 159.72,
2025.09.29 12:00:00,6223,XAUUSD,buy,in,0.71,3818.78,6223,-2.49,0.00,0.00,17 157.23,EMA Crossover Trade BUY #M12350
2025.09.29 12:00:00,6224,BTCUSD,buy,in,1.42,112139.50,6224,0.00,0.00,0.00,17 157.23,RSI Scalping Buy #M123459123
2025.09.29 12:00:13,6225,BTCUSD,sell,out,1.42,112139.50,6225,0.00,0.00,0.00,17 157.23,sl 112139.80
2025.09.29 12:15:08,6226,DE40,buy,in,0.7,23807.60,6226,0.00,0.00,0.00,17 157.23,SimpleTrendline BUY #M26042502
2025.09.29 12:24:46,6227,XAUUSD,sell,out,0.71,3816.05,6227,-2.49,0.00,-193.83,16 960.91,sl 3816.05
2025.09.29 12:45:02,6228,DE40,sell,out,0.7,23790.60,6228,0.00,0.00,-14.10,16 946.81,
2025.09.29 13:11:07,6229,XAUUSD,buy,out,1.1,3807.39,6229,-3.85,0.00,-13.20,16 929.76,sl 3807.39
2025.09.29 14:00:00,6230,DE40,sell,in,0.7,23771.60,6230,0.00,0.00,0.00,16 929.76,SimpleTrendline SELL #M26042502
2025.09.29 16:00:00,6231,BTCUSD,sell,in,0.98,112059.50,6231,0.00,0.00,0.00,16 929.76,SimpleTrendline SELL #M26042501
2025.09.29 16:35:01,6232,NVDA.NAS,sell,out,68.4,182.34,6232,-1.37,-0.04,349.52,17 277.87,
2025.09.29 17:00:00,6233,BTCUSD,buy,in,1.43,113325.00,6233,0.00,0.00,0.00,17 277.87,RSI Scalping Buy #M123459123
2025.09.29 17:00:00,6234,BTCUSD,buy,out,0.98,113331.00,6234,0.00,0.00,-1 246.07,16 031.80,
2025.09.29 17:00:04,6235,SOXX.NAS,buy,in,0.3,272.250,6235,-0.02,0.00,0.00,16 031.78,WP Buy #M20260532
2025.09.29 17:00:17,6236,BTCUSD,sell,out,1.43,113329.00,6236,0.00,0.00,5.72,16 037.50,sl 113329.30
2025.09.29 17:00:53,6237,SOXX.NAS,sell,out,0.3,272.300,6237,-0.02,0.00,0.02,16 037.50,sl 272.300
2025.09.29 18:00:00,6238,DE40,buy,out,0.7,23756.90,6238,0.00,0.00,12.19,16 049.69,
2025.09.29 18:30:00,6239,DE40,sell,in,0.6,23771.20,6239,0.00,0.00,0.00,16 049.69,SimpleTrendline SELL #M26042502
2025.09.29 19:00:00,6240,XAUUSD,buy,in,0.13,3830.47,6240,-0.46,0.00,0.00,16 049.23,United SuperEMA long #M940001
2025.09.29 20:30:00,6241,XAUUSD,sell,out,0.13,3826.78,6241,-0.46,0.00,-47.97,16 000.80,
2025.09.29 21:45:03,6242,DE40,buy,out,0.6,23755.00,6242,0.00,0.00,11.52,16 012.32,
2025.09.29 22:15:00,6243,NVDA.NAS,sell,in,133.4,181.12,6243,-2.67,0.00,0.00,16 009.65,RSI Scalping Sell #M20003
2025.09.29 22:30:00,6244,NVDA.NAS,buy,out,133.4,180.90,6244,-2.67,0.00,29.35,16 036.33,
2025.09.29 22:45:00,6245,NVDA.NAS,buy,in,133.6,181.31,6245,-2.67,0.00,0.00,16 033.66,RSI Scalping Buy #M20003
2025.09.30 05:00:00,6246,XAUUSD,buy,in,0.04,3848.22,6246,-0.14,0.00,0.00,16 033.52,WP Buy #M20260526
2025.09.30 05:00:00,6247,DE40,buy,in,0.6,23753.50,6247,0.00,0.00,0.00,16 033.52,SimpleTrendline BUY #M26042502
2025.09.30 08:09:44,6248,XAUUSD,sell,out,0.04,3862.60,6248,-0.14,0.00,57.52,16 090.90,sl 3862.60
2025.09.30 08:15:23,6249,DE40,sell,out,0.6,23751.30,6249,0.00,0.00,-1.56,16 089.34,
2025.09.30 09:00:00,6250,XAUUSD,buy,in,0.04,3869.99,6250,-0.14,0.00,0.00,16 089.20,WP Buy #M20260526
2025.09.30 09:58:58,6251,XAUUSD,sell,out,0.04,3854.99,6251,-0.14,0.00,-60.00,16 029.06,sl 3854.99
2025.09.30 10:00:00,6252,DE40,sell,in,0.6,23713.40,6252,0.00,0.00,0.00,16 029.06,SimpleTrendline SELL #M26042502
2025.09.30 10:00:00,6253,XAUUSD,sell,in,1.33,3855.82,6253,-4.66,0.00,0.00,16 024.40,RSI Scalping Sell #M129102315
2025.09.30 10:00:57,6254,XAUUSD,buy,out,1.33,3855.57,6254,-4.66,0.00,33.25,16 052.99,sl 3855.56
2025.09.30 12:00:00,6255,XAUUSD,sell,out,0.06,3816.20,6255,-0.21,-3.11,170.46,16 220.13,
2025.09.30 13:00:09,6256,DE40,buy,out,0.6,23741.70,6256,0.00,0.00,-20.12,16 200.01,
2025.09.30 17:00:00,6257,TSLA.NAS,sell,in,20.2,438.28,6257,-0.40,0.00,0.00,16 199.61,RSI Scalping Sell #M125421321
2025.09.30 18:00:00,6258,XAUUSD,buy,in,0.67,3854.04,6258,-2.35,0.00,0.00,16 197.26,EMA Crossover Trade BUY #M12350
2025.09.30 18:00:00,6259,XAUUSD,buy,in,1.34,3854.01,6259,-4.69,0.00,0.00,16 192.57,RSI Scalping Buy #M129102315
2025.09.30 18:00:00,6260,BTCUSD,buy,in,0.94,113668.00,6260,0.00,0.00,0.00,16 192.57,SimpleTrendline BUY #M26042501
2025.09.30 18:00:00,6261,XAUUSD,buy,in,0.13,3853.83,6261,-0.46,0.00,0.00,16 192.11,SimpleTrendline BUY #M26042503
2025.09.30 18:00:01,6262,TSLA.NAS,buy,out,20.2,439.98,6262,-0.40,0.00,-34.34,16 157.37,
2025.09.30 18:01:52,6263,XAUUSD,sell,out,0.67,3850.35,6263,-2.35,0.00,-247.23,15 907.79,sl 3850.43
2025.09.30 18:15:00,6264,NVDA.NAS,sell,out,133.6,186.90,6264,-2.67,-0.02,746.82,16 651.92,
2025.09.30 19:00:00,6265,XAUUSD,buy,in,0.69,3839.08,6265,-2.42,0.00,0.00,16 649.50,EMA Crossover Trade BUY #M12350
2025.09.30 19:00:00,6266,TSLA.NAS,sell,in,20.8,435.47,6266,-0.42,0.00,0.00,16 649.08,RSI Scalping Sell #M125421321
2025.09.30 19:00:00,6267,BTCUSD,sell,out,0.94,113148.00,6267,0.00,0.00,-488.80,16 160.28,
2025.09.30 19:00:00,6268,XAUUSD,sell,out,0.13,3839.07,6268,-0.46,0.00,-191.88,15 967.94,
2025.09.30 19:24:00,6269,XAUUSD,sell,out,0.69,3840.93,6269,-2.42,0.00,127.65,16 093.17,sl 3840.93
2025.09.30 20:00:00,6270,XAUUSD,buy,in,0.67,3846.08,6270,-2.35,0.00,0.00,16 090.82,EMA Crossover Trade BUY #M12350
2025.09.30 20:44:25,6271,XAUUSD,sell,out,0.67,3845.52,6271,-2.35,0.00,-37.52,16 050.95,sl 3845.56
2025.09.30 21:00:00,6272,XAUUSD,buy,in,0.66,3844.13,6272,-2.31,0.00,0.00,16 048.64,EMA Crossover Trade BUY #M12350
2025.09.30 21:04:47,6273,XAUUSD,sell,out,0.66,3840.96,6273,-2.31,0.00,-209.22,15 837.11,sl 3841.05
2025.09.30 22:00:00,6274,XAUUSD,buy,in,0.65,3848.06,6274,-2.28,0.00,0.00,15 834.83,EMA Crossover Trade BUY #M12350
2025.09.30 22:00:00,6275,XAUUSD,sell,out,1.34,3848.01,6275,-4.69,0.00,-804.00,15 026.14,
2025.09.30 22:00:00,6276,XAUUSD,buy,in,0.13,3848.07,6276,-0.46,0.00,0.00,15 025.68,United SuperEMA long #M940001
2025.09.30 22:00:01,6277,TSLA.NAS,buy,out,20.8,442.03,6277,-0.42,0.00,-136.45,14 888.81,
2025.09.30 23:00:00,6278,XAUUSD,buy,in,0.99,3859.16,6278,-3.47,0.00,0.00,14 885.34,RSI Scalping Buy #M129102315
2025.09.30 23:00:28,6279,XAUUSD,sell,out,0.65,3857.08,6279,-2.28,0.00,586.30,15 469.36,sl 3857.10
2025.09.30 23:53:06,6280,XAUUSD,sell,out,0.99,3858.98,6280,-3.47,0.00,-17.82,15 448.07,sl 3859.03
2025.10.01 02:00:00,6281,XAUUSD,buy,in,0.64,3860.30,6281,-2.24,0.00,0.00,15 445.83,EMA Crossover Trade BUY #M12350
2025.10.01 03:26:32,6282,XAUUSD,sell,out,0.64,3861.64,6282,-2.24,0.00,85.76,15 529.35,sl 3861.64
2025.10.01 04:00:00,6283,XAUUSD,buy,in,0.64,3860.39,6283,-2.24,0.00,0.00,15 527.11,EMA Crossover Trade BUY #M12350
2025.10.01 05:00:00,6284,BTCUSD,buy,in,0.09,114581.00,6284,0.00,0.00,0.00,15 527.11,SimpleTrendline BUY #M26042501
2025.10.01 05:12:53,6285,XAUUSD,sell,out,0.64,3871.53,6285,-2.24,0.00,712.96,16 237.83,sl 3871.53
2025.10.01 06:00:00,6286,XAUUSD,buy,in,0.67,3863.46,6286,-2.35,0.00,0.00,16 235.48,EMA Crossover Trade BUY #M12350
2025.10.01 06:00:00,6287,XAUUSD,sell,out,0.13,3863.40,6287,-0.46,-6.75,199.29,16 427.56,
2025.10.01 06:03:21,6288,XAUUSD,sell,out,0.67,3862.83,6288,-2.35,0.00,-42.21,16 383.00,sl 3862.84
2025.10.01 06:30:00,6289,DE40,buy,in,0.6,23896.20,6289,0.00,0.00,0.00,16 383.00,SimpleTrendline BUY #M26042502
2025.10.01 07:00:00,6290,XAUUSD,buy,in,0.68,3862.15,6290,-2.38,0.00,0.00,16 380.62,EMA Crossover Trade BUY #M12350
2025.10.01 07:00:00,6291,BTCUSD,sell,out,0.09,114207.00,6291,0.00,0.00,-33.66,16 346.96,
2025.10.01 07:07:27,6292,XAUUSD,sell,out,0.68,3860.98,6292,-2.38,0.00,-79.56,16 265.02,sl 3861.00
2025.10.01 07:30:33,6293,DE40,sell,out,0.6,23893.50,6293,0.00,0.00,-1.92,16 263.10,
2025.10.01 09:00:00,6294,BTCUSD,buy,in,0.07,114603.00,6294,0.00,0.00,0.00,16 263.10,SimpleTrendline BUY #M26042501
2025.10.01 10:00:00,6295,BTCUSD,sell,out,0.07,114286.00,6295,0.00,0.00,-22.19,16 240.91,
2025.10.01 11:00:00,6296,XAUUSD,buy,in,1.08,3879.47,6296,-3.78,0.00,0.00,16 237.13,RSI Scalping Buy #M129102315
2025.10.01 11:00:00,6297,XAUUSD,buy,in,0.05,3879.49,6297,-0.18,0.00,0.00,16 236.95,SimpleTrendline BUY #M26042503
2025.10.01 11:01:07,6298,XAUUSD,sell,out,1.08,3880.00,6298,-3.78,0.00,57.24,16 290.41,sl 3880.02
2025.10.01 12:00:03,6299,DE40,sell,in,0.1,23860.10,6299,0.00,0.00,0.00,16 290.41,SimpleTrendline SELL #M26042502
2025.10.01 12:15:00,6300,DE40,buy,out,0.1,23917.10,6300,0.00,0.00,-6.75,16 283.66,
2025.10.01 12:30:00,6301,DE40,buy,in,0.1,23964.60,6301,0.00,0.00,0.00,16 283.66,SimpleTrendline BUY #M26042502
2025.10.01 13:00:00,6302,BTCUSD,buy,in,1.35,116463.00,6302,0.00,0.00,0.00,16 283.66,RSI Scalping Buy #M123459123
2025.10.01 13:00:03,6303,BTCUSD,sell,out,1.35,116473.50,6303,0.00,0.00,14.18,16 297.84,sl 116473.80
2025.10.01 13:15:01,6304,DE40,sell,out,0.1,23969.60,6304,0.00,0.00,0.59,16 298.43,
2025.10.01 14:46:47,6305,BTCUSD,buy,in,0.04,116604.00,6305,0.00,0.00,0.00,16 298.43,WP Buy #M20260527
2025.10.01 15:00:00,6306,BTCUSD,buy,in,1.35,116853.00,6306,0.00,0.00,0.00,16 298.43,RSI Scalping Buy #M123459123
2025.10.01 15:00:03,6307,BTCUSD,sell,out,1.35,116856.00,6307,0.00,0.00,4.05,16 302.48,sl 116858.80
2025.10.01 15:30:45,6308,BTCUSD,sell,out,0.04,116650.00,6308,0.00,0.00,1.84,16 304.32,sl 116652.50
2025.10.01 16:40:00,6309,AAPL.NAS,buy,in,67.9,258.030,6309,-1.36,0.00,0.00,16 302.96,RSI Scalping Buy #M20001
2025.10.01 16:40:24,6310,AAPL.NAS,sell,out,67.9,258.260,6310,-1.36,0.00,15.62,16 317.22,sl 258.280
2025.10.01 16:50:00,6311,AAPL.NAS,sell,in,67.9,255.390,6311,-1.36,0.00,0.00,16 315.86,RSI Scalping Sell #M20001
2025.10.01 17:00:00,6312,NVDA.NAS,sell,in,135.9,184.17,6312,-2.72,0.00,0.00,16 313.14,RSI Scalping Sell #M20003
2025.10.01 18:00:00,6313,BTCUSD,buy,in,1.35,117409.00,6313,0.00,0.00,0.00,16 313.14,RSI Scalping Buy #M123459123
2025.10.01 18:00:00,6314,TSLA.NAS,buy,in,20.3,458.65,6314,-0.41,0.00,0.00,16 312.73,RSI Scalping Buy #M125421321
2025.10.01 18:00:43,6315,BTCUSD,sell,out,1.35,117413.00,6315,0.00,0.00,5.40,16 318.13,sl 117413.80
2025.10.01 18:12:58,6316,AAPL.NAS,buy,out,67.9,255.340,6316,-1.36,0.00,3.40,16 320.17,sl 255.330
2025.10.01 18:15:00,6317,NVDA.NAS,buy,out,135.9,187.27,6317,-2.72,0.00,-421.29,15 896.16,
2025.10.01 19:00:00,6318,TSLA.NAS,sell,out,20.3,455.45,6318,-0.41,0.00,-64.96,15 830.79,
2025.10.01 20:00:01,6319,TSLA.NAS,buy,in,0.3,456.92,6319,-0.02,0.00,0.00,15 830.77,WP Buy #M20260530
2025.10.01 20:58:21,6320,TSLA.NAS,sell,out,0.3,458.26,6320,-0.02,0.00,0.40,15 831.15,sl 458.26
2025.10.01 21:00:00,6321,XAUUSD,sell,out,0.05,3860.78,6321,-0.18,0.00,-93.55,15 737.42,
2025.10.01 21:00:00,6322,TSLA.NAS,buy,in,0.3,458.27,6322,-0.02,0.00,0.00,15 737.40,WP Buy #M20260530
2025.10.01 21:28:02,6323,TSLA.NAS,sell,out,0.3,459.30,6323,-0.02,0.00,0.31,15 737.69,sl 459.32
2025.10.02 03:00:00,6324,BTCUSD,buy,in,1.31,118681.00,6324,0.00,0.00,0.00,15 737.69,RSI Scalping Buy #M123459123
2025.10.02 03:00:04,6325,BTCUSD,sell,out,1.31,118697.00,6325,0.00,0.00,20.96,15 758.65,sl 118703.80
2025.10.02 03:15:01,6326,XAUUSD,sell,in,0.13,3858.39,6326,-0.46,0.00,0.00,15 758.19,United SuperEMA short #M940001
2025.10.02 04:30:00,6327,XAUUSD,buy,out,0.13,3864.05,6327,-0.46,0.00,-73.58,15 684.15,
2025.10.02 05:00:00,6328,BTCUSD,buy,in,1.3,118702.00,6328,0.00,0.00,0.00,15 684.15,RSI Scalping Buy #M123459123
2025.10.02 05:00:00,6329,XAUUSD,buy,in,0.13,3865.18,6329,-0.46,0.00,0.00,15 683.69,United SuperEMA long #M940001
2025.10.02 05:00:02,6330,BTCUSD,sell,out,1.3,118705.50,6330,0.00,0.00,4.55,15 688.24,sl 118705.80
2025.10.02 08:00:00,6331,XAUUSD,sell,out,0.13,3864.34,6331,-0.46,0.00,-10.92,15 676.86,
2025.10.02 08:15:00,6332,XAUUSD,buy,in,0.13,3868.15,6332,-0.46,0.00,0.00,15 676.40,United SuperEMA long #M940001
2025.10.02 09:00:00,6333,XAUUSD,buy,in,0.06,3868.21,6333,-0.21,0.00,0.00,15 676.19,SimpleTrendline BUY #M26042503
2025.10.02 10:00:00,6334,XAUUSD,sell,out,0.13,3863.82,6334,-0.46,0.00,-56.29,15 619.44,
2025.10.02 10:00:00,6335,XAUUSD,sell,out,0.06,3863.94,6335,-0.21,0.00,-25.62,15 593.61,
2025.10.02 10:15:00,6336,XAUUSD,buy,in,0.12,3873.36,6336,-0.42,0.00,0.00,15 593.19,United SuperEMA long #M940001
2025.10.02 10:30:00,6337,XAUUSD,sell,out,0.12,3864.64,6337,-0.42,0.00,-104.64,15 488.13,
2025.10.02 11:45:00,6338,XAUUSD,buy,in,0.1,3875.82,6338,-0.35,0.00,0.00,15 487.78,United SuperEMA long #M940001
2025.10.02 12:00:00,6339,XAUUSD,buy,in,1.03,3874.62,6339,-3.61,0.00,0.00,15 484.17,RSI Scalping Buy #M129102315
2025.10.02 12:01:30,6340,XAUUSD,sell,out,1.03,3874.63,6340,-3.61,0.00,1.03,15 481.59,sl 3874.63
2025.10.02 14:00:00,6341,XAUUSD,buy,in,0.03,3881.94,6341,-0.11,0.00,0.00,15 481.48,WP Buy #M20260526
2025.10.02 15:15:42,6342,XAUUSD,sell,out,0.03,3884.35,6342,-0.11,0.00,7.23,15 488.60,sl 3884.36
2025.10.02 17:00:00,6343,BTCUSD,buy,in,1.29,119725.00,6343,0.00,0.00,0.00,15 488.60,RSI Scalping Buy #M123459123
2025.10.02 17:00:00,6344,XAUUSD,sell,out,0.1,3875.05,6344,-0.35,0.00,-7.70,15 480.55,
2025.10.02 17:00:10,6345,BTCUSD,sell,out,1.29,119728.00,6345,0.00,0.00,3.87,15 484.42,sl 119729.80
2025.10.02 19:00:00,6346,TSLA.NAS,sell,in,19.3,447.51,6346,-0.39,0.00,0.00,15 484.03,RSI Scalping Sell #M125421321
2025.10.02 23:00:00,6347,BTCUSD,buy,in,1.29,120935.50,6347,0.00,0.00,0.00,15 484.03,RSI Scalping Buy #M123459123
2025.10.02 23:00:13,6348,BTCUSD,sell,out,1.29,120939.00,6348,0.00,0.00,4.52,15 488.55,sl 120939.80
2025.10.03 02:00:00,6349,XAUUSD,buy,in,0.06,3857.20,6349,-0.21,0.00,0.00,15 488.34,SimpleTrendline BUY #M26042503
2025.10.03 04:30:00,6350,XAUUSD,sell,in,0.12,3851.83,6350,-0.42,0.00,0.00,15 487.92,United SuperEMA short #M940001
2025.10.03 05:00:00,6351,XAUUSD,buy,out,0.12,3858.49,6351,-0.42,0.00,-79.92,15 407.58,
2025.10.03 05:45:00,6352,XAUUSD,sell,in,0.12,3849.51,6352,-0.42,0.00,0.00,15 407.16,United SuperEMA short #M940001
2025.10.03 06:00:00,6353,XAUUSD,sell,out,0.06,3848.18,6353,-0.21,0.00,-54.12,15 352.83,
2025.10.03 08:30:00,6354,XAUUSD,buy,out,0.12,3854.42,6354,-0.42,0.00,-58.92,15 293.49,
2025.10.03 10:00:00,6355,DE40,buy,in,0.6,24515.10,6355,0.00,0.00,0.00,15 293.49,SimpleTrendline BUY #M26042502
2025.10.03 10:15:04,6356,DE40,sell,out,0.6,24481.10,6356,0.00,0.00,-24.17,15 269.32,
2025.10.03 10:30:00,6357,DE40,sell,in,0.5,24460.10,6357,0.00,0.00,0.00,15 269.32,SimpleTrendline SELL #M26042502
2025.10.03 12:00:00,6358,XAUUSD,buy,in,0.1,3864.69,6358,-0.35,0.00,0.00,15 268.97,United SuperEMA long #M940001
2025.10.03 12:30:00,6359,XAUUSD,sell,out,0.1,3859.50,6359,-0.35,0.00,-51.90,15 216.72,
2025.10.03 13:15:00,6360,XAUUSD,buy,in,0.1,3865.53,6360,-0.35,0.00,0.00,15 216.37,United SuperEMA long #M940001
2025.10.03 14:30:00,6361,XAUUSD,sell,out,0.1,3858.82,6361,-0.35,0.00,-67.10,15 148.92,
2025.10.03 15:45:00,6362,XAUUSD,buy,in,0.02,3870.75,6362,-0.07,0.00,0.00,15 148.85,United SuperEMA long #M940001
2025.10.03 16:00:00,6363,XAUUSD,buy,in,1,3874.40,6363,-3.50,0.00,0.00,15 145.35,RSI Scalping Buy #M129102315
2025.10.03 16:00:00,6364,XAUUSD,buy,in,0.05,3874.42,6364,-0.18,0.00,0.00,15 145.17,SimpleTrendline BUY #M26042503
2025.10.03 16:00:00,6365,XAUUSD,buy,in,0.03,3874.38,6365,-0.11,0.00,0.00,15 145.06,WP Buy #M20260526
2025.10.03 16:01:38,6366,XAUUSD,sell,out,1,3875.16,6366,-3.50,0.00,76.00,15 217.56,sl 3875.16
2025.10.03 16:31:49,6367,XAUUSD,sell,out,0.03,3877.02,6367,-0.11,0.00,7.92,15 225.37,sl 3877.03
2025.10.03 17:00:00,6368,XAUUSD,buy,in,0.63,3883.14,6368,-2.21,0.00,0.00,15 223.16,EMA Crossover Trade BUY #M12350
2025.10.03 17:00:00,6369,XAUUSD,buy,in,0.03,3885.70,6369,-0.11,0.00,0.00,15 223.05,WP Buy #M20260526
2025.10.03 17:00:11,6370,XAUUSD,sell,out,0.63,3882.13,6370,-2.21,0.00,-63.63,15 157.21,sl 3882.23
2025.10.03 17:14:35,6371,XAUUSD,sell,out,0.03,3868.00,6371,-0.11,0.00,-53.10,15 104.00,sl 3868.14
2025.10.03 18:00:00,6372,XAUUSD,buy,in,0.62,3879.98,6372,-2.17,0.00,0.00,15 101.83,EMA Crossover Trade BUY #M12350
2025.10.03 18:01:22,6373,XAUUSD,sell,out,0.62,3878.04,6373,-2.17,0.00,-120.28,14 979.38,sl 3878.09
2025.10.03 19:00:00,6374,XAUUSD,buy,in,0.62,3889.86,6374,-2.17,0.00,0.00,14 977.21,EMA Crossover Trade BUY #M12350
2025.10.03 19:00:00,6375,BTCUSD,buy,in,1.24,122406.00,6375,0.00,0.00,0.00,14 977.21,RSI Scalping Buy #M123459123
2025.10.03 19:00:09,6376,BTCUSD,sell,out,1.24,122438.00,6376,0.00,0.00,39.68,15 016.89,sl 122439.30
2025.10.03 19:15:00,6377,NVDA.NAS,sell,in,125.1,188.57,6377,-2.50,0.00,0.00,15 014.39,RSI Scalping Sell #M20003
2025.10.03 19:45:01,6378,NVDA.NAS,buy,out,125.1,187.67,6378,-2.50,0.00,112.59,15 124.48,
2025.10.03 19:45:02,6379,NVDA.NAS,sell,in,125.1,187.66,6379,-2.50,0.00,0.00,15 121.98,RSI Scalping Sell #M20003
2025.10.03 20:00:00,6380,NVDA.NAS,buy,out,125.1,187.99,6380,-2.50,0.00,-41.28,15 078.20,
2025.10.03 20:00:00,6381,TSLA.NAS,buy,out,19.3,424.22,6381,-0.39,0.00,449.50,15 527.31,
2025.10.03 21:00:00,6382,XAUUSD,sell,out,0.02,3882.03,6382,-0.07,0.00,22.56,15 549.80,
2025.10.03 21:30:01,6383,NVDA.NAS,buy,in,129.5,187.48,6383,-2.59,0.00,0.00,15 547.21,RSI Scalping Buy #M20003
2025.10.03 23:00:00,6384,BTCUSD,buy,in,1.29,122799.00,6384,0.00,0.00,0.00,15 547.21,RSI Scalping Buy #M123459123
2025.10.03 23:00:06,6385,BTCUSD,sell,out,1.29,122799.00,6385,0.00,0.00,0.00,15 547.21,sl 122809.80
2025.10.06 01:05:00,6386,XAUUSD,sell,out,0.62,3888.32,6386,-2.17,-32.17,-95.48,15 417.39,sl 3888.35
2025.10.06 01:15:00,6387,DE40,buy,out,0.5,24410.60,6387,0.00,-2.77,29.33,15 443.95,
2025.10.06 02:00:00,6388,XAUUSD,buy,in,0.64,3899.50,6388,-2.24,0.00,0.00,15 441.71,EMA Crossover Trade BUY #M12350
2025.10.06 02:00:00,6389,XAUUSD,sell,out,0.05,3899.42,6389,-0.18,-2.59,125.00,15 563.94,
2025.10.06 02:05:43,6390,XAUUSD,sell,out,0.64,3917.14,6390,-2.24,0.00,1 128.96,16 690.66,sl 3917.19
2025.10.06 03:00:00,6391,XAUUSD,buy,in,0.69,3909.84,6391,-2.42,0.00,0.00,16 688.24,EMA Crossover Trade BUY #M12350
2025.10.06 03:00:00,6392,XAUUSD,buy,in,0.04,3909.51,6392,-0.14,0.00,0.00,16 688.10,WP Buy #M20260526
2025.10.06 03:01:25,6393,XAUUSD,sell,out,0.69,3906.38,6393,-2.42,0.00,-238.74,16 446.94,sl 3906.39
2025.10.06 04:00:00,6394,XAUUSD,buy,in,0.68,3900.59,6394,-2.38,0.00,0.00,16 444.56,EMA Crossover Trade BUY #M12350
2025.10.06 04:00:00,6395,XAUUSD,sell,in,1.37,3900.92,6395,-4.80,0.00,0.00,16 439.76,RSI Scalping Sell #M129102315
2025.10.06 04:00:13,6396,XAUUSD,buy,out,1.37,3901.06,6396,-4.80,0.00,-19.18,16 415.78,sl 3901.00
2025.10.06 04:19:44,6397,XAUUSD,sell,out,0.68,3904.33,6397,-2.38,0.00,254.32,16 667.72,sl 3904.34
2025.10.06 04:30:03,6398,DE40,sell,in,0.6,24388.00,6398,0.00,0.00,0.00,16 667.72,SimpleTrendline SELL #M26042502
2025.10.06 05:00:00,6399,XAUUSD,buy,in,0.69,3918.28,6399,-2.42,0.00,0.00,16 665.30,EMA Crossover Trade BUY #M12350
2025.10.06 05:00:00,6400,XAUUSD,buy,in,0.13,3918.28,6400,-0.46,0.00,0.00,16 664.84,United SuperEMA long #M940001
2025.10.06 05:10:59,6401,XAUUSD,sell,out,0.69,3920.75,6401,-2.42,0.00,170.43,16 832.85,sl 3920.79
2025.10.06 06:00:00,6402,XAUUSD,buy,in,0.7,3920.76,6402,-2.45,0.00,0.00,16 830.40,EMA Crossover Trade BUY #M12350
2025.10.06 06:14:16,6403,XAUUSD,sell,out,0.7,3922.56,6403,-2.45,0.00,126.00,16 953.95,sl 3922.56
2025.10.06 07:00:00,6404,XAUUSD,buy,in,0.7,3929.58,6404,-2.45,0.00,0.00,16 951.50,EMA Crossover Trade BUY #M12350
2025.10.06 07:10:09,6405,XAUUSD,sell,out,0.7,3929.43,6405,-2.45,0.00,-10.50,16 938.55,sl 3929.43
2025.10.06 07:15:21,6406,DE40,buy,out,0.6,24410.70,6406,0.00,0.00,-16.14,16 922.41,
2025.10.06 07:44:54,6407,XAUUSD,sell,out,0.04,3939.87,6407,-0.14,0.00,121.44,17 043.71,tp 3939.84
2025.10.06 08:00:00,6408,XAUUSD,buy,in,0.04,3938.72,6408,-0.14,0.00,0.00,17 043.57,WP Buy #M20260526
2025.10.06 08:17:37,6409,XAUUSD,sell,out,0.04,3937.14,6409,-0.14,0.00,-6.32,17 037.11,sl 3937.15
2025.10.06 09:15:00,6410,XAUUSD,sell,out,0.13,3925.92,6410,-0.46,0.00,99.32,17 135.97,
2025.10.06 10:00:00,6411,DE40,sell,in,0.7,24380.60,6411,0.00,0.00,0.00,17 135.97,SimpleTrendline SELL #M26042502
2025.10.06 10:15:00,6412,DE40,buy,out,0.7,24394.60,6412,0.00,0.00,-11.61,17 124.36,
2025.10.06 10:30:00,6413,DE40,buy,in,0.7,24404.60,6413,0.00,0.00,0.00,17 124.36,SimpleTrendline BUY #M26042502
2025.10.06 10:45:00,6414,DE40,sell,out,0.7,24328.10,6414,0.00,0.00,-63.45,17 060.91,
2025.10.06 12:00:00,6415,XAUUSD,buy,in,0.14,3942.61,6415,-0.49,0.00,0.00,17 060.42,United SuperEMA long #M940001
2025.10.06 14:15:00,6416,DE40,buy,in,0.1,24432.90,6416,0.00,0.00,0.00,17 060.42,SimpleTrendline BUY #M26042502
2025.10.06 14:15:00,6417,XAUUSD,sell,out,0.14,3936.73,6417,-0.49,0.00,-82.32,16 977.61,
2025.10.06 15:00:00,6418,XAUUSD,sell,in,1.41,3937.77,6418,-4.94,0.00,0.00,16 972.67,RSI Scalping Sell #M129102315
2025.10.06 15:00:17,6419,XAUUSD,buy,out,1.41,3936.70,6419,-4.94,0.00,150.87,17 118.60,sl 3936.60
2025.10.06 15:45:00,6420,DE40,sell,out,0.1,24412.90,6420,0.00,0.00,-2.37,17 116.23,
2025.10.06 17:00:00,6421,XAUUSD,buy,in,0.07,3944.39,6421,-0.25,0.00,0.00,17 115.98,SimpleTrendline BUY #M26042503
2025.10.06 17:15:00,6422,DE40,buy,in,0.1,24415.90,6422,0.00,0.00,0.00,17 115.98,SimpleTrendline BUY #M26042502
2025.10.06 17:21:27,6423,BTCUSD,buy,in,0.04,125065.00,6423,0.00,0.00,0.00,17 115.98,WP Buy #M20260527
2025.10.06 17:30:01,6424,NVDA.NAS,sell,out,129.5,185.51,6424,-2.59,-0.06,-255.12,16 858.21,
2025.10.06 17:46:07,6425,XAUUSD,buy,in,0.7,3958.88,6425,-2.45,0.00,0.00,16 855.76,Darvas Box Breakout #M135790
2025.10.06 17:56:11,6426,BTCUSD,sell,out,0.04,124522.00,6426,0.00,0.00,-21.72,16 834.04,sl 124523.00
2025.10.06 18:15:00,6427,NVDA.NAS,buy,in,140.2,185.58,6427,-2.80,0.00,0.00,16 831.24,RSI Scalping Buy #M20003
2025.10.06 18:15:00,6428,DE40,sell,out,0.1,24375.90,6428,0.00,0.00,-4.74,16 826.50,
2025.10.06 19:00:00,6429,SOXX.NAS,buy,in,0.2,291.500,6429,-0.02,0.00,0.00,16 826.48,WP Buy #M20260532
2025.10.06 19:03:29,6430,SOXX.NAS,sell,out,0.2,291.200,6430,-0.02,0.00,-0.06,16 826.40,sl 291.200
2025.10.06 20:00:00,6431,XAUUSD,sell,in,1.12,3954.33,6431,-3.92,0.00,0.00,16 822.48,RSI Scalping Sell #M129102315
2025.10.06 20:26:25,6432,XAUUSD,buy,out,1.12,3953.53,6432,-3.92,0.00,89.60,16 908.16,sl 3953.50
2025.10.07 02:30:00,6433,XAUUSD,buy,in,0.02,3969.86,6433,-0.07,0.00,0.00,16 908.09,United SuperEMA long #M940001
2025.10.07 03:45:01,6434,DE40,buy,in,0.1,24432.20,6434,0.00,0.00,0.00,16 908.09,SimpleTrendline BUY #M26042502
2025.10.07 04:00:00,6435,XAUUSD,sell,in,1.4,3962.78,6435,-4.90,0.00,0.00,16 903.19,RSI Scalping Sell #M129102315
2025.10.07 04:00:00,6436,XAUUSD,sell,out,0.02,3962.78,6436,-0.07,0.00,-14.16,16 888.96,
2025.10.07 04:00:51,6437,XAUUSD,buy,out,1.4,3960.04,6437,-4.90,0.00,383.60,17 267.66,sl 3960.04
2025.10.07 07:00:00,6438,XAUUSD,buy,in,0.02,3973.57,6438,-0.07,0.00,0.00,17 267.59,United SuperEMA long #M940001
2025.10.07 08:15:03,6439,DE40,sell,out,0.1,24424.50,6439,0.00,0.00,-0.91,17 266.68,
2025.10.07 08:30:00,6440,XAUUSD,sell,out,0.02,3963.74,6440,-0.07,0.00,-19.66,17 246.95,
2025.10.07 08:45:01,6441,DE40,buy,in,0.1,24448.20,6441,0.00,0.00,0.00,17 246.95,SimpleTrendline BUY #M26042502
2025.10.07 09:00:00,6442,XAUUSD,sell,in,1.43,3965.08,6442,-5.01,0.00,0.00,17 241.94,RSI Scalping Sell #M129102315
2025.10.07 09:00:00,6443,DE40,sell,out,0.1,24413.00,6443,0.00,0.00,-4.17,17 237.77,
2025.10.07 09:00:29,6444,XAUUSD,buy,out,1.43,3963.63,6444,-5.01,0.00,207.35,17 440.11,sl 3963.61
2025.10.07 09:15:00,6445,DE40,sell,in,0.1,24398.10,6445,0.00,0.00,0.00,17 440.11,SimpleTrendline SELL #M26042502
2025.10.07 10:00:00,6446,XAUUSD,sell,out,0.07,3955.02,6446,-0.25,-3.63,74.41,17 510.64,
2025.10.07 10:00:00,6447,XAUUSD,sell,in,0.07,3954.99,6447,-0.25,0.00,0.00,17 510.39,SimpleTrendline SELL #M26042503
2025.10.07 11:06:03,6448,XAUUSD,sell,out,0.7,3941.92,6448,-2.45,-36.32,-1 187.20,16 284.42,sl 3941.97
2025.10.07 13:15:11,6449,DE40,buy,out,0.1,24406.50,6449,0.00,0.00,-1.00,16 283.42,
2025.10.07 13:45:01,6450,DE40,sell,in,0.1,24414.00,6450,0.00,0.00,0.00,16 283.42,SimpleTrendline SELL #M26042502
2025.10.07 14:00:00,6451,XAUUSD,buy,in,0.02,3960.24,6451,-0.07,0.00,0.00,16 283.35,United SuperEMA long #M940001
2025.10.07 14:00:00,6452,XAUUSD,buy,out,0.07,3960.24,6452,-0.25,0.00,-36.75,16 246.35,
2025.10.07 14:00:00,6453,XAUUSD,buy,in,0.06,3960.24,6453,-0.21,0.00,0.00,16 246.14,SimpleTrendline BUY #M26042503
2025.10.07 14:00:01,6454,DE40,buy,out,0.1,24421.50,6454,0.00,0.00,-0.89,16 245.25,
2025.10.07 15:00:00,6455,XAUUSD,buy,in,1.08,3966.79,6455,-3.78,0.00,0.00,16 241.47,RSI Scalping Buy #M129102315
2025.10.07 15:00:30,6456,XAUUSD,sell,out,1.08,3968.28,6456,-3.78,0.00,160.92,16 398.61,sl 3968.29
2025.10.07 17:36:27,6457,XAUUSD,buy,in,0.68,3986.52,6457,-2.38,0.00,0.00,16 396.23,Darvas Box Breakout #M135790
2025.10.07 18:00:00,6458,XAUUSD,buy,in,0.04,3985.65,6458,-0.14,0.00,0.00,16 396.09,WP Buy #M20260526
2025.10.07 18:06:12,6459,NVDA.NAS,sell,out,140.2,185.26,6459,-2.80,-0.02,-44.86,16 348.41,sl 185.28
2025.10.07 18:30:00,6460,NVDA.NAS,sell,in,136.2,185.22,6460,-2.72,0.00,0.00,16 345.69,RSI Scalping Sell #M20003
2025.10.07 18:30:50,6461,XAUUSD,sell,out,0.04,3983.35,6461,-0.14,0.00,-9.20,16 336.35,sl 3983.45
2025.10.07 18:45:01,6462,NVDA.NAS,buy,out,136.2,185.16,6462,-2.72,0.00,8.17,16 341.80,
2025.10.07 18:45:24,6463,XAUUSD,sell,out,0.68,3969.80,6463,-2.38,0.00,-1 136.96,15 202.46,sl 3969.83
2025.10.07 19:00:00,6464,XAUUSD,sell,out,0.02,3966.35,6464,-0.07,0.00,12.22,15 214.61,
2025.10.07 19:00:00,6465,TSLA.NAS,sell,in,19,441.05,6465,-0.38,0.00,0.00,15 214.23,RSI Scalping Sell #M125421321
2025.10.07 19:15:00,6466,NVDA.NAS,sell,in,126.7,185.29,6466,-2.53,0.00,0.00,15 211.70,RSI Scalping Sell #M20003
2025.10.07 20:00:00,6467,XAUUSD,buy,in,1.26,3977.02,6467,-4.41,0.00,0.00,15 207.29,RSI Scalping Buy #M129102315
2025.10.07 20:00:36,6468,XAUUSD,sell,out,1.26,3976.91,6468,-4.41,0.00,-13.86,15 189.02,sl 3976.91
2025.10.07 20:30:00,6469,NVDA.NAS,buy,out,126.7,185.90,6469,-2.53,0.00,-77.29,15 109.20,
2025.10.07 20:45:00,6470,XAUUSD,buy,in,0.02,3986.43,6470,-0.07,0.00,0.00,15 109.13,United SuperEMA long #M940001
2025.10.07 21:00:01,6471,TSLA.NAS,buy,out,19,447.38,6471,-0.38,0.00,-120.27,14 988.48,
2025.10.07 21:15:00,6472,NVDA.NAS,buy,in,124.9,185.81,6472,-2.50,0.00,0.00,14 985.98,RSI Scalping Buy #M20003
2025.10.07 22:00:00,6473,TSLA.NAS,sell,in,18.7,440.80,6473,-0.37,0.00,0.00,14 985.61,RSI Scalping Sell #M125421321
2025.10.08 04:15:00,6474,XAUUSD,sell,out,0.02,3988.50,6474,-0.07,-1.04,4.14,14 988.64,
2025.10.08 05:00:00,6475,XAUUSD,buy,in,0.12,4000.87,6475,-0.42,0.00,0.00,14 988.22,United SuperEMA long #M940001
2025.10.08 06:00:00,6476,XAUUSD,buy,in,0.03,4011.93,6476,-0.11,0.00,0.00,14 988.11,WP Buy #M20260526
2025.10.08 08:46:27,6477,XAUUSD,sell,out,0.03,4029.61,6477,-0.11,0.00,53.04,15 041.04,sl 4029.61
2025.10.08 09:00:00,6478,XAUUSD,buy,in,0.03,4029.23,6478,-0.11,0.00,0.00,15 040.93,WP Buy #M20260526
2025.10.08 10:58:15,6479,XAUUSD,sell,out,0.03,4031.18,6479,-0.11,0.00,5.85,15 046.67,sl 4031.46
2025.10.08 14:00:00,6480,XAUUSD,sell,out,0.12,4037.30,6480,-0.42,0.00,437.16,15 483.41,
2025.10.08 17:00:00,6481,XAUUSD,sell,in,1.29,4037.89,6481,-4.52,0.00,0.00,15 478.89,RSI Scalping Sell #M129102315
2025.10.08 17:06:22,6482,XAUUSD,buy,out,1.29,4037.55,6482,-4.52,0.00,43.86,15 518.23,sl 4037.54
2025.10.08 17:24:11,6483,TSLA.NAS,buy,out,18.7,434.42,6483,-0.37,0.00,119.31,15 637.17,sl 434.41
2025.10.08 21:00:00,6484,XAUUSD,sell,in,1.3,4051.30,6484,-4.55,0.00,0.00,15 632.62,RSI Scalping Sell #M129102315
2025.10.08 21:01:06,6485,XAUUSD,buy,out,1.3,4050.34,6485,-4.55,0.00,124.80,15 752.87,sl 4050.33
2025.10.09 02:00:00,6486,XAUUSD,sell,out,0.06,4021.46,6486,-0.21,-12.45,367.32,16 107.53,
2025.10.09 04:30:01,6487,DE40,buy,in,0.1,24592.60,6487,0.00,0.00,0.00,16 107.53,SimpleTrendline BUY #M26042502
2025.10.09 04:45:06,6488,DE40,sell,out,0.1,24573.40,6488,0.00,0.00,-2.27,16 105.26,
2025.10.09 05:00:00,6489,XAUUSD,sell,in,0.13,4019.86,6489,-0.46,0.00,0.00,16 104.80,SimpleTrendline SELL #M26042503
2025.10.09 06:45:02,6490,XAUUSD,buy,in,0.13,4029.00,6490,-0.46,0.00,0.00,16 104.34,United SuperEMA long #M940001
2025.10.09 08:00:00,6491,XAUUSD,buy,in,1.34,4038.90,6491,-4.69,0.00,0.00,16 099.65,RSI Scalping Buy #M129102315
2025.10.09 08:00:00,6492,XAUUSD,buy,out,0.13,4038.90,6492,-0.46,0.00,-247.52,15 851.67,
2025.10.09 08:00:00,6493,XAUUSD,buy,in,0.13,4038.90,6493,-0.46,0.00,0.00,15 851.21,SimpleTrendline BUY #M26042503
2025.10.09 08:16:56,6494,XAUUSD,sell,out,1.34,4038.55,6494,-4.69,0.00,-46.90,15 799.62,sl 4038.63
2025.10.09 08:45:04,6495,DE40,buy,in,0.1,24634.10,6495,0.00,0.00,0.00,15 799.62,SimpleTrendline BUY #M26042502
2025.10.09 09:00:00,6496,DE40,sell,out,0.1,24640.90,6496,0.00,0.00,0.81,15 800.43,
2025.10.09 10:00:00,6497,XAUUSD,sell,out,0.13,4026.16,6497,-0.46,0.00,-36.92,15 763.05,
2025.10.09 10:00:00,6498,XAUUSD,sell,out,0.13,4026.44,6498,-0.46,0.00,-161.98,15 600.61,
2025.10.09 11:00:00,6499,XAUUSD,buy,in,0.06,4031.52,6499,-0.21,0.00,0.00,15 600.40,SimpleTrendline BUY #M26042503
2025.10.09 12:15:00,6500,XAUUSD,buy,in,0.13,4040.53,6500,-0.46,0.00,0.00,15 599.94,United SuperEMA long #M940001
2025.10.09 14:00:00,6501,XAUUSD,buy,in,1.29,4044.42,6501,-4.52,0.00,0.00,15 595.42,RSI Scalping Buy #M129102315
2025.10.09 14:00:35,6502,XAUUSD,sell,out,1.29,4045.90,6502,-4.52,0.00,190.92,15 781.82,sl 4045.92
2025.10.09 14:30:00,6503,XAUUSD,sell,out,0.13,4036.06,6503,-0.46,0.00,-58.11,15 723.25,
2025.10.09 14:45:00,6504,XAUUSD,buy,in,0.13,4044.68,6504,-0.46,0.00,0.00,15 722.79,United SuperEMA long #M940001
2025.10.09 16:45:00,6505,XAUUSD,sell,out,0.13,4031.50,6505,-0.46,0.00,-171.34,15 550.99,
2025.10.09 17:00:00,6506,XAUUSD,sell,out,0.06,4017.67,6506,-0.21,0.00,-83.10,15 467.68,
2025.10.09 17:00:00,6507,NVDA.NAS,sell,out,124.9,194.39,6507,-2.50,-0.04,1 071.64,16 536.78,
2025.10.09 17:15:02,6508,DE40,buy,in,0.1,24669.00,6508,0.00,0.00,0.00,16 536.78,SimpleTrendline BUY #M26042502
2025.10.09 17:45:00,6509,DE40,sell,out,0.1,24643.50,6509,0.00,0.00,-3.02,16 533.76,
2025.10.09 19:00:00,6510,XAUUSD,sell,in,0.06,4014.38,6510,-0.21,0.00,0.00,16 533.55,SimpleTrendline SELL #M26042503
2025.10.09 19:45:00,6511,XAUUSD,sell,in,0.02,3986.11,6511,-0.07,0.00,0.00,16 533.48,United SuperEMA short #M940001
2025.10.09 20:00:00,6512,XAUUSD,sell,out,0.5,3969.29,6512,-1.75,-518.97,14 240.00,30 252.76,
2025.10.09 21:00:00,6513,XAUUSD,sell,out,0.5,3950.11,6513,-1.75,-493.02,12 732.00,42 489.99,
2025.10.09 22:45:00,6514,XAUUSD,buy,out,0.02,3979.28,6514,-0.07,0.00,13.66,42 503.58,
2025.10.10 03:16:00,6515,DE40,sell,in,0.2,24638.60,6515,0.00,0.00,0.00,42 503.58,SimpleTrendline SELL #M26042502
2025.10.10 04:00:00,6516,DE40,buy,out,0.2,24660.30,6516,0.00,0.00,-5.14,42 498.44,
2025.10.10 06:30:00,6517,XAUUSD,sell,in,0.25,3970.37,6517,-0.88,0.00,0.00,42 497.56,United SuperEMA short #M940001
2025.10.10 08:30:01,6518,XAUUSD,buy,out,0.25,3973.50,6518,-0.88,0.00,-78.25,42 418.43,
2025.10.10 11:00:00,6519,XAUUSD,buy,out,0.06,3972.29,6519,-0.21,2.69,252.54,42 673.45,
2025.10.10 11:45:05,6520,DE40,sell,in,0.2,24625.40,6520,0.00,0.00,0.00,42 673.45,SimpleTrendline SELL #M26042502
2025.10.10 12:00:01,6521,DE40,buy,out,0.2,24639.90,6521,0.00,0.00,-3.44,42 670.01,
2025.10.10 16:00:00,6522,XAUUSD,sell,in,0.25,3985.45,6522,-0.88,0.00,0.00,42 669.13,United SuperEMA short #M940001
2025.10.10 16:45:00,6523,XAUUSD,buy,out,0.25,3993.26,6523,-0.88,0.00,-195.25,42 473.00,
2025.10.10 17:00:00,6524,XAUUSD,sell,in,0.25,3980.37,6524,-0.88,0.00,0.00,42 472.12,SimpleTrendline SELL #M26042503
2025.10.10 17:00:00,6525,DE40,sell,in,0.2,24604.40,6525,0.00,0.00,0.00,42 472.12,SimpleTrendline SELL #M26042502
2025.10.10 17:15:00,6526,XAUUSD,sell,in,0.25,3980.77,6526,-0.88,0.00,0.00,42 471.24,United SuperEMA short #M940001
2025.10.10 18:00:00,6527,XAUUSD,buy,out,0.25,3990.15,6527,-0.88,0.00,-244.50,42 225.86,
2025.10.10 18:15:00,6528,XAUUSD,buy,out,0.25,4009.34,6528,-0.88,0.00,-714.25,41 510.73,
2025.10.10 18:30:00,6529,NVDA.NAS,sell,in,200,188.73,6529,-4.00,0.00,0.00,41 506.73,RSI Scalping Sell #M20003
2025.10.10 18:45:00,6530,NVDA.NAS,buy,out,200,189.68,6530,-4.00,0.00,-190.00,41 312.73,
2025.10.10 19:00:00,6531,XAUUSD,buy,in,0.2,3997.84,6531,-0.70,0.00,0.00,41 312.03,SimpleTrendline BUY #M26042503
2025.10.10 21:00:00,6532,XTIUSD,sell,in,0.5,59.04,6532,0.00,0.00,0.00,41 312.03,WP Sell #M20260533
2025.10.10 21:00:00,6533,XBRUSD,sell,in,0.5,63.11,6533,0.00,0.00,0.00,41 312.03,WP Sell #M20260534
2025.10.10 22:30:00,6534,XAUUSD,buy,in,0.2,4005.48,6534,-0.70,0.00,0.00,41 311.33,United SuperEMA long #M940001
2025.10.10 23:00:00,6535,XAUUSD,buy,in,2,4011.65,6535,-7.00,0.00,0.00,41 304.33,RSI Scalping Buy #M129102315
2025.10.10 23:00:08,6536,XAUUSD,sell,out,2,4011.40,6536,-7.00,0.00,-50.00,41 247.33,sl 4011.41
2025.10.13 01:00:15,6537,XTIUSD,buy,out,0.5,59.31,6537,0.00,-21.83,-13.50,41 212.00,sl 59.28
2025.10.13 02:00:00,6538,XAUUSD,buy,in,1,4042.58,6538,-3.50,0.00,0.00,41 208.50,EMA Crossover Trade BUY #M12350
2025.10.13 02:00:00,6539,XAUUSD,buy,in,0.06,4042.56,6539,-0.21,0.00,0.00,41 208.29,WP Buy #M20260526
2025.10.13 02:08:39,6540,XAUUSD,sell,out,1,4054.94,6540,-3.50,0.00,1 236.00,42 440.79,sl 4055.08
2025.10.13 02:12:13,6541,XAUUSD,sell,out,0.06,4052.21,6541,-0.21,0.00,57.90,42 498.48,sl 4052.21
2025.10.13 03:00:00,6542,XAUUSD,buy,in,1.25,4035.25,6542,-4.38,0.00,0.00,42 494.10,EMA Crossover Trade BUY #M12350
2025.10.13 03:03:17,6543,XAUUSD,sell,out,1.25,4032.34,6543,-4.38,0.00,-363.75,42 125.97,sl 4032.38
2025.10.13 04:00:00,6544,XAUUSD,buy,in,1.25,4044.35,6544,-4.38,0.00,0.00,42 121.59,EMA Crossover Trade BUY #M12350
2025.10.13 04:00:02,6545,XAUUSD,sell,out,1.25,4041.24,6545,-4.38,0.00,-388.75,41 728.46,sl 4041.25
2025.10.13 04:30:00,6546,DE40,buy,out,0.2,24367.40,6546,0.00,-1.11,56.16,41 783.51,
2025.10.13 05:00:00,6547,XAUUSD,buy,in,1.25,4052.81,6547,-4.38,0.00,0.00,41 779.13,EMA Crossover Trade BUY #M12350
2025.10.13 05:03:20,6548,XAUUSD,sell,out,1.25,4051.83,6548,-4.38,0.00,-122.50,41 652.25,sl 4051.86
2025.10.13 06:00:00,6549,XAUUSD,buy,in,1.25,4048.12,6549,-4.38,0.00,0.00,41 647.87,EMA Crossover Trade BUY #M12350
2025.10.13 06:24:26,6550,XAUUSD,sell,out,1.25,4047.04,6550,-4.38,0.00,-135.00,41 508.49,sl 4047.06
2025.10.13 07:00:01,6551,XAUUSD,buy,in,1.25,4052.01,6551,-4.38,0.00,0.00,41 504.11,EMA Crossover Trade BUY #M12350
2025.10.13 07:20:40,6552,XAUUSD,sell,out,1.25,4053.47,6552,-4.38,0.00,182.50,41 682.23,sl 4053.47
2025.10.13 07:45:25,6553,DE40,sell,in,0.2,24338.70,6553,0.00,0.00,0.00,41 682.23,SimpleTrendline SELL #M26042502
2025.10.13 08:00:00,6554,XAUUSD,buy,in,1.25,4056.37,6554,-4.38,0.00,0.00,41 677.85,EMA Crossover Trade BUY #M12350
2025.10.13 08:00:00,6555,DE40,buy,out,0.2,24353.40,6555,0.00,0.00,-3.48,41 674.37,
2025.10.13 08:11:07,6556,XAUUSD,sell,out,1.25,4061.84,6556,-4.38,0.00,683.75,42 353.74,sl 4061.88
2025.10.13 09:00:00,6557,XAUUSD,buy,in,1.25,4063.44,6557,-4.38,0.00,0.00,42 349.36,EMA Crossover Trade BUY #M12350
2025.10.13 09:04:47,6558,XAUUSD,sell,out,1.25,4063.74,6558,-4.38,0.00,37.50,42 382.48,sl 4063.75
2025.10.13 10:00:00,6559,XAUUSD,buy,in,1.25,4068.99,6559,-4.38,0.00,0.00,42 378.10,EMA Crossover Trade BUY #M12350
2025.10.13 10:16:57,6560,XAUUSD,sell,out,1.25,4069.36,6560,-4.38,0.00,46.25,42 419.97,sl 4069.36
2025.10.13 15:00:00,6561,XAUUSD,sell,in,2.5,4074.11,6561,-8.75,0.00,0.00,42 411.22,RSI Scalping Sell #M129102315
2025.10.13 15:00:00,6562,XAUUSD,sell,out,0.2,4074.10,6562,-0.70,-10.38,1 372.40,43 772.54,
2025.10.13 15:02:34,6563,XAUUSD,buy,out,2.5,4074.41,6563,-8.75,0.00,-75.00,43 688.79,sl 4074.41
2025.10.13 16:00:00,6564,DE40,sell,in,0.2,24311.80,6564,0.00,0.00,0.00,43 688.79,SimpleTrendline SELL #M26042502
2025.10.13 16:45:00,6565,NVDA.NAS,buy,in,250,188.53,6565,-5.00,0.00,0.00,43 683.79,RSI Scalping Buy #M20003
2025.10.13 17:15:00,6566,DE40,buy,out,0.2,24345.80,6566,0.00,0.00,-8.06,43 675.73,
2025.10.13 17:57:00,6567,NVDA.NAS,sell,out,250,186.34,6567,-5.00,0.00,-547.50,43 123.23,sl 186.34
2025.10.13 18:45:00,6568,XAUUSD,buy,in,0.25,4100.06,6568,-0.88,0.00,0.00,43 122.35,United SuperEMA long #M940001
2025.10.13 19:00:00,6569,XAUUSD,sell,out,0.2,4105.42,6569,-0.70,-10.38,2 151.60,45 262.87,
2025.10.13 21:15:00,6570,XAUUSD,sell,out,0.25,4101.90,6570,-0.88,0.00,46.00,45 307.99,
2025.10.14 06:00:00,6571,XAUUSD,buy,in,0.07,4145.90,6571,-0.25,0.00,0.00,45 307.74,WP Buy #M20260526
2025.10.14 07:17:42,6572,XAUUSD,sell,out,0.07,4161.84,6572,-0.25,0.00,111.58,45 419.07,sl 4161.90
2025.10.14 07:44:21,6573,AUDUSD,buy,in,2,0.64791,6573,-7.00,0.00,0.00,45 412.07,RSI Oversold Crossover Buy #M30
2025.10.14 08:00:00,6574,AUDUSD,sell,out,2,0.64803,6574,-7.00,0.00,24.00,45 429.07,
2025.10.14 08:00:00,6575,XAUUSD,buy,in,0.07,4167.50,6575,-0.25,0.00,0.00,45 428.82,WP Buy #M20260526
2025.10.14 08:34:33,6576,XAUUSD,sell,out,0.07,4171.86,6576,-0.25,0.00,30.52,45 459.09,sl 4171.92
2025.10.14 09:00:00,6577,XAUUSD,sell,in,2.5,4121.31,6577,-8.75,0.00,0.00,45 450.34,RSI Scalping Sell #M129102315
2025.10.14 09:00:02,6578,XAUUSD,buy,out,2.5,4121.10,6578,-8.75,0.00,52.50,45 494.09,sl 4120.86
2025.10.14 11:00:00,6579,XAUUSD,buy,in,2.5,4125.68,6579,-8.75,0.00,0.00,45 485.34,RSI Scalping Buy #M129102315
2025.10.14 11:00:16,6580,XAUUSD,sell,out,2.5,4127.21,6580,-8.75,0.00,382.50,45 859.09,sl 4127.28
2025.10.14 12:00:00,6581,XAUUSD,buy,in,0.25,4144.14,6581,-0.88,0.00,0.00,45 858.21,SimpleTrendline BUY #M26042503
2025.10.14 14:00:00,6582,XAUUSD,buy,in,2.5,4132.05,6582,-8.75,0.00,0.00,45 849.46,RSI Scalping Buy #M129102315
2025.10.14 14:00:00,6583,XAUUSD,sell,out,0.25,4132.13,6583,-0.88,0.00,-300.25,45 548.33,
2025.10.14 14:00:15,6584,XAUUSD,sell,out,2.5,4133.80,6584,-8.75,0.00,437.50,45 977.08,sl 4133.83
2025.10.14 15:00:00,6585,XAUUSD,sell,in,0.12,4130.57,6585,-0.42,0.00,0.00,45 976.66,SimpleTrendline SELL #M26042503
2025.10.14 16:31:16,6586,XBRUSD,buy,out,0.5,62.67,6586,0.00,-22.65,22.00,45 976.01,sl 62.67
2025.10.14 16:45:00,6587,NVDA.NAS,sell,in,250,180.36,6587,-5.00,0.00,0.00,45 971.01,RSI Scalping Sell #M20003
2025.10.14 17:00:00,6588,XAUUSD,buy,out,0.12,4124.08,6588,-0.42,0.00,77.88,46 048.47,
2025.10.14 17:00:00,6589,NVDA.NAS,buy,out,250,181.14,6589,-5.00,0.00,-195.00,45 848.47,
2025.10.14 17:00:00,6590,TSLA.NAS,sell,in,37.5,419.84,6590,-0.75,0.00,0.00,45 847.72,RSI Scalping Sell #M125421321
2025.10.14 18:15:00,6591,XAUUSD,buy,in,0.5,4141.24,6591,-1.75,0.00,0.00,45 845.97,United SuperEMA long #M940001
2025.10.14 18:45:00,6592,NVDA.NAS,buy,in,250,182.45,6592,-5.00,0.00,0.00,45 840.97,RSI Scalping Buy #M20003
2025.10.14 19:00:00,6593,XAUUSD,buy,in,2.5,4138.03,6593,-8.75,0.00,0.00,45 832.22,RSI Scalping Buy #M129102315
2025.10.14 19:00:00,6594,XAUUSD,buy,in,0.12,4138.03,6594,-0.42,0.00,0.00,45 831.80,SimpleTrendline BUY #M26042503
2025.10.14 19:00:39,6595,XAUUSD,sell,out,2.5,4137.77,6595,-8.75,0.00,-65.00,45 758.05,sl 4137.81
2025.10.14 22:44:06,6596,NVDA.NAS,sell,out,250,180.44,6596,-5.00,0.00,-502.50,45 250.55,sl 180.44
2025.10.14 22:45:00,6597,XAUUSD,sell,out,0.5,4139.68,6597,-1.75,0.00,-78.00,45 170.80,
2025.10.14 22:45:00,6598,NVDA.NAS,sell,in,200,180.38,6598,-4.00,0.00,0.00,45 166.80,RSI Scalping Sell #M20003
2025.10.15 04:15:00,6599,XAUUSD,buy,in,0.4,4178.73,6599,-1.40,0.00,0.00,45 165.40,United SuperEMA long #M940001
2025.10.15 05:00:00,6600,XAUUSD,buy,in,0.06,4181.85,6600,-0.21,0.00,0.00,45 165.19,WP Buy #M20260526
2025.10.15 07:03:47,6601,XAUUSD,sell,out,0.06,4182.90,6601,-0.21,0.00,6.30,45 171.28,sl 4183.02
2025.10.15 07:45:02,6602,XAUUSD,sell,out,0.4,4179.41,6602,-1.40,0.00,27.20,45 197.08,
2025.10.15 13:00:00,6603,XAUUSD,sell,in,2.5,4192.46,6603,-8.75,0.00,0.00,45 188.33,RSI Scalping Sell #M129102315
2025.10.15 13:01:17,6604,XAUUSD,buy,out,2.5,4192.45,6604,-8.75,0.00,2.50,45 182.08,sl 4192.32
2025.10.15 17:00:00,6605,TSLA.NAS,buy,out,37.5,435.66,6605,-0.75,0.00,-593.25,44 588.08,
2025.10.15 17:30:00,6606,NVDA.NAS,buy,out,200,182.41,6606,-4.00,0.01,-406.00,44 178.09,
2025.10.15 18:00:00,6607,XAUUSD,sell,out,0.12,4199.79,6607,-0.42,-6.23,741.12,44 912.56,
2025.10.15 18:45:02,6608,NVDA.NAS,sell,in,125,180.77,6608,-2.50,0.00,0.00,44 910.06,RSI Scalping Sell #M20003
2025.10.15 19:00:00,6609,NVDA.NAS,buy,out,125,180.50,6609,-2.50,0.00,33.75,44 941.31,
2025.10.15 19:00:00,6610,TSLA.NAS,sell,in,37.5,433.43,6610,-0.75,0.00,0.00,44 940.56,RSI Scalping Sell #M125421321
2025.10.15 19:30:02,6611,NVDA.NAS,buy,in,125,180.69,6611,-2.50,0.00,0.00,44 938.06,RSI Scalping Buy #M20003
2025.10.15 20:00:00,6612,XAUUSD,buy,in,0.25,4198.78,6612,-0.88,0.00,0.00,44 937.18,SimpleTrendline BUY #M26042503
2025.10.15 20:45:01,6613,NVDA.NAS,sell,out,125,178.98,6613,-2.50,0.00,-213.75,44 720.93,
2025.10.15 21:00:00,6614,NVDA.NAS,buy,in,250,179.52,6614,-5.00,0.00,0.00,44 715.93,RSI Scalping Buy #M20003
2025.10.15 22:00:01,6615,TSLA.NAS,buy,out,37.5,434.42,6615,-0.75,0.00,-37.13,44 678.05,
2025.10.15 22:00:01,6616,XAUUSD,buy,in,0.5,4200.82,6616,-1.75,0.00,0.00,44 676.30,United SuperEMA long #M940001
2025.10.16 07:00:00,6617,XAUUSD,sell,in,2.5,4233.57,6617,-8.75,0.00,0.00,44 667.55,RSI Scalping Sell #M129102315
2025.10.16 07:00:23,6618,XAUUSD,buy,out,2.5,4233.61,6618,-8.75,0.00,-10.00,44 648.80,sl 4233.59
2025.10.16 08:15:00,6619,XAUUSD,sell,out,0.5,4227.40,6619,-1.75,-77.84,1 329.00,45 898.21,
2025.10.16 09:00:00,6620,XAUUSD,sell,out,0.25,4204.72,6620,-0.88,-38.92,148.50,46 006.91,
2025.10.16 10:00:00,6621,XAUUSD,buy,in,2.5,4222.74,6621,-8.75,0.00,0.00,45 998.16,RSI Scalping Buy #M129102315
2025.10.16 10:00:31,6622,XAUUSD,sell,out,2.5,4223.99,6622,-8.75,0.00,312.50,46 301.91,sl 4223.99
2025.10.16 10:30:00,6623,DE40,sell,in,0.2,24086.60,6623,0.00,0.00,0.00,46 301.91,SimpleTrendline SELL #M26042502
2025.10.16 11:00:00,6624,DE40,buy,out,0.2,24141.70,6624,0.00,0.00,-13.06,46 288.85,
2025.10.16 12:15:00,6625,DE40,buy,in,0.2,24164.20,6625,0.00,0.00,0.00,46 288.85,SimpleTrendline BUY #M26042502
2025.10.16 13:00:00,6626,XAUUSD,buy,in,0.25,4239.52,6626,-0.88,0.00,0.00,46 287.97,SimpleTrendline BUY #M26042503
2025.10.16 16:30:00,6627,XAUUSD,buy,in,0.5,4251.87,6627,-1.75,0.00,0.00,46 286.22,United SuperEMA long #M940001
2025.10.16 16:35:00,6628,TSLA.NAS,sell,in,37.5,434.76,6628,-0.75,0.00,0.00,46 285.47,RSI Scalping Sell #M125421321
2025.10.16 17:00:00,6629,DE40,sell,out,0.2,24149.20,6629,0.00,0.00,-3.55,46 281.92,
2025.10.16 17:00:01,6630,TSLA.NAS,buy,out,37.5,435.19,6630,-0.75,0.00,-16.13,46 265.04,
2025.10.16 17:15:00,6631,DE40,sell,in,0.2,24116.20,6631,0.00,0.00,0.00,46 265.04,SimpleTrendline SELL #M26042502
2025.10.16 17:30:01,6632,DE40,buy,out,0.2,24156.50,6632,0.00,0.00,-9.55,46 255.49,
2025.10.16 19:00:00,6633,TSLA.NAS,sell,in,30,432.96,6633,-0.60,0.00,0.00,46 254.89,RSI Scalping Sell #M125421321
2025.10.16 20:00:00,6634,XAUUSD,buy,in,0.06,4282.91,6634,-0.21,0.00,0.00,46 254.68,WP Buy #M20260526
2025.10.16 20:09:10,6635,XAUUSD,sell,out,0.06,4280.86,6635,-0.21,0.00,-12.30,46 242.17,sl 4280.91
2025.10.16 21:00:00,6636,XAUUSD,buy,in,0.06,4293.74,6636,-0.21,0.00,0.00,46 241.96,WP Buy #M20260526
2025.10.16 21:15:00,6637,DE40,sell,in,0.2,24068.30,6637,0.00,0.00,0.00,46 241.96,SimpleTrendline SELL #M26042502
2025.10.16 21:15:33,6638,XAUUSD,sell,out,0.06,4278.64,6638,-0.21,0.00,-90.60,46 151.15,sl 4278.70
2025.10.16 22:00:00,6639,XTIUSD,sell,in,0.5,57.60,6639,0.00,0.00,0.00,46 151.15,WP Sell #M20260533
2025.10.16 22:00:00,6640,XBRUSD,sell,in,0.5,61.41,6640,0.00,0.00,0.00,46 151.15,WP Sell #M20260534
2025.10.16 23:00:00,6641,XAUUSD,buy,in,0.06,4308.39,6641,-0.21,0.00,0.00,46 150.94,WP Buy #M20260526
2025.10.16 23:35:49,6642,XAUUSD,sell,out,0.06,4312.83,6642,-0.21,0.00,26.64,46 177.37,sl 4312.83
2025.10.17 04:30:00,6643,XAUUSD,sell,out,0.5,4334.09,6643,-1.75,-25.95,4 111.00,50 260.67,
2025.10.17 05:00:03,6644,XAUUSD,sell,in,2.5,4314.60,6644,-8.75,0.00,0.00,50 251.92,RSI Scalping Sell #M129102315
2025.10.17 05:00:14,6645,XAUUSD,buy,out,2.5,4313.86,6645,-8.75,0.00,185.00,50 428.17,sl 4313.84
2025.10.17 07:15:08,6646,XAUUSD,buy,in,0.5,4371.06,6646,-1.75,0.00,0.00,50 426.42,United SuperEMA long #M940001
2025.10.17 09:00:00,6647,XAUUSD,sell,in,2.5,4365.98,6647,-8.75,0.00,0.00,50 417.67,RSI Scalping Sell #M129102315
2025.10.17 09:00:04,6648,XAUUSD,buy,out,2.5,4365.99,6648,-8.75,0.00,-2.50,50 406.42,sl 4365.99
2025.10.17 09:45:00,6649,XAUUSD,sell,out,0.5,4364.17,6649,-1.75,0.00,-344.50,50 060.17,
2025.10.17 11:00:00,6650,XAUUSD,sell,out,0.25,4342.56,6650,-0.88,-12.97,2 576.00,52 622.32,
2025.10.17 12:00:00,6651,XAUUSD,buy,in,0.25,4347.47,6651,-0.88,0.00,0.00,52 621.44,SimpleTrendline BUY #M26042503
2025.10.17 12:00:09,6652,BTCUSD,sell,in,0.07,104820.70,6652,0.00,0.00,0.00,52 621.44,WP Sell #M20260527
2025.10.17 12:08:17,6653,BTCUSD,buy,out,0.07,105324.02,6653,0.00,0.00,-35.23,52 586.21,sl 105320.70
2025.10.17 13:00:00,6654,BTCUSD,sell,in,0.07,104508.13,6654,0.00,0.00,0.00,52 586.21,WP Sell #M20260527
2025.10.17 13:00:01,6655,XAUUSD,sell,out,0.25,4340.08,6655,-0.88,0.00,-184.75,52 400.58,
2025.10.17 13:14:37,6656,BTCUSD,buy,out,0.07,104580.93,6656,0.00,0.00,-5.10,52 395.48,sl 104580.23
2025.10.17 14:00:00,6657,XAUUSD,sell,in,0.25,4328.48,6657,-0.88,0.00,0.00,52 394.60,SimpleTrendline SELL #M26042503
2025.10.17 14:13:17,6658,XBRUSD,buy,out,0.5,61.27,6658,0.00,-5.66,7.00,52 395.94,sl 61.25
2025.10.17 14:13:17,6659,XTIUSD,buy,out,0.5,57.53,6659,0.00,-7.28,3.50,52 392.16,sl 57.52
2025.10.17 15:30:00,6660,DE40,buy,out,0.2,23917.20,6660,0.00,-0.37,35.81,52 427.60,
2025.10.17 16:51:17,6661,TSLA.NAS,buy,out,30,430.54,6661,-0.60,0.00,72.60,52 499.60,sl 430.47
2025.10.17 18:30:00,6662,DE40,sell,in,0.2,23850.30,6662,0.00,0.00,0.00,52 499.60,SimpleTrendline SELL #M26042502
2025.10.17 18:45:00,6663,DE40,buy,out,0.2,23886.60,6663,0.00,0.00,-8.60,52 491.00,
2025.10.17 22:00:00,6664,AAPL.NAS,buy,in,0.7,252.290,6664,-0.02,0.00,0.00,52 490.98,WP Buy #M20260528
2025.10.17 22:00:51,6665,AAPL.NAS,sell,out,0.7,252.310,6665,-0.02,0.00,0.01,52 490.97,sl 252.310
2025.10.20 05:00:00,6666,XAUUSD,buy,out,0.25,4262.63,6666,-0.88,11.20,1 646.25,54 147.54,
2025.10.20 07:00:00,6667,XAUUSD,buy,in,0.25,4264.90,6667,-0.88,0.00,0.00,54 146.66,SimpleTrendline BUY #M26042503
2025.10.20 09:00:00,6668,BTCUSD,buy,in,2.5,111097.11,6668,0.00,0.00,0.00,54 146.66,RSI Scalping Buy #M123459123
2025.10.20 09:00:00,6669,XAUUSD,sell,in,0.5,4239.96,6669,-1.75,0.00,0.00,54 144.91,United SuperEMA short #M940001
2025.10.20 09:00:00,6670,XAUUSD,sell,out,0.25,4240.02,6670,-0.88,0.00,-622.00,53 522.03,
2025.10.20 09:00:01,6671,BTCUSD,buy,in,0.07,111072.61,6671,0.00,0.00,0.00,53 522.03,WP Buy #M20260527
2025.10.20 09:01:51,6672,BTCUSD,sell,out,2.5,111104.68,6672,0.00,0.00,18.93,53 540.96,sl 111104.68
2025.10.20 10:30:01,6673,XAUUSD,buy,out,0.5,4254.16,6673,-1.75,0.00,-710.00,52 829.21,
2025.10.20 10:54:11,6674,BTCUSD,sell,out,0.07,111141.39,6674,0.00,0.00,4.81,52 834.02,sl 111145.52
2025.10.20 16:00:00,6675,XAUUSD,buy,in,1.25,4323.90,6675,-4.38,0.00,0.00,52 829.64,EMA Crossover Trade BUY #M12350
2025.10.20 16:00:00,6676,XAUUSD,buy,in,2.5,4324.63,6676,-8.75,0.00,0.00,52 820.89,RSI Scalping Buy #M129102315
2025.10.20 16:00:02,6677,XAUUSD,sell,out,1.25,4320.49,6677,-4.38,0.00,-426.25,52 390.26,sl 4320.56
2025.10.20 16:40:00,6678,AAPL.NAS,buy,in,75,258.360,6678,-1.50,0.00,0.00,52 388.76,RSI Scalping Buy #M20001
2025.10.20 16:40:30,6679,AAPL.NAS,sell,out,75,258.450,6679,-1.50,0.00,6.75,52 394.01,sl 258.480
2025.10.20 17:00:00,6680,XAUUSD,buy,in,0.4,4300.67,6680,-1.40,0.00,0.00,52 392.61,EMA Crossover Trade BUY #M12350
2025.10.20 17:00:00,6681,AAPL.NAS,buy,in,0.2,259.050,6681,-0.02,0.00,0.00,52 392.59,WP Buy #M20260528
2025.10.20 17:00:45,6682,XAUUSD,sell,out,0.4,4297.30,6682,-1.40,0.00,-134.80,52 256.39,sl 4297.32
2025.10.20 17:01:01,6683,AAPL.NAS,sell,out,0.2,259.450,6683,-0.02,0.00,0.08,52 256.45,tp 259.450
2025.10.20 17:10:00,6684,AAPL.NAS,sell,in,75,258.460,6684,-1.50,0.00,0.00,52 254.95,RSI Scalping Sell #M20001
2025.10.20 17:11:15,6685,AAPL.NAS,buy,out,75,258.230,6685,-1.50,0.00,17.25,52 270.70,sl 258.210
2025.10.20 17:20:30,6686,XAUUSD,sell,out,2.5,4329.58,6686,-8.75,0.00,1 237.50,53 499.45,sl 4329.60
2025.10.20 17:30:00,6687,XAUUSD,buy,in,0.5,4326.55,6687,-1.75,0.00,0.00,53 497.70,United SuperEMA long #M940001
2025.10.20 18:00:00,6688,XAUUSD,buy,in,1.25,4333.02,6688,-4.38,0.00,0.00,53 493.32,EMA Crossover Trade BUY #M12350
2025.10.20 18:00:00,6689,AAPL.NAS,buy,in,0.7,261.580,6689,-0.02,0.00,0.00,53 493.30,WP Buy #M20260528
2025.10.20 18:00:40,6690,AAPL.NAS,sell,out,0.7,261.740,6690,-0.02,0.00,0.11,53 493.39,sl 261.780
2025.10.20 18:03:57,6691,XAUUSD,sell,out,1.25,4335.25,6691,-4.38,0.00,278.75,53 767.76,sl 4335.33
2025.10.20 19:00:00,6692,AAPL.NAS,sell,in,125,263.300,6692,-2.50,0.00,0.00,53 765.26,RSI Scalping Sell #M20001
2025.10.20 19:00:00,6693,AAPL.NAS,buy,in,0.7,263.320,6693,-0.02,0.00,0.00,53 765.24,WP Buy #M20260528
2025.10.20 19:00:00,6694,XAUUSD,buy,in,1.25,4349.29,6694,-4.38,0.00,0.00,53 760.86,EMA Crossover Trade BUY #M12350
2025.10.20 19:01:04,6695,AAPL.NAS,sell,out,0.7,263.480,6695,-0.02,0.00,0.11,53 760.95,sl 263.480
2025.10.20 19:02:54,6696,AAPL.NAS,buy,out,125,263.360,6696,-2.50,0.00,-7.50,53 750.95,sl 263.260
2025.10.20 19:10:03,6697,AAPL.NAS,buy,in,125,263.630,6697,-2.50,0.00,0.00,53 748.45,RSI Scalping Buy #M20001
2025.10.20 19:10:04,6698,XAUUSD,sell,out,1.25,4347.06,6698,-4.38,0.00,-278.75,53 465.32,sl 4347.12
2025.10.20 19:11:11,6699,AAPL.NAS,sell,out,125,263.760,6699,-2.50,0.00,16.25,53 479.07,sl 263.820
2025.10.20 20:00:00,6700,XAUUSD,buy,in,1.25,4348.00,6700,-4.38,0.00,0.00,53 474.69,EMA Crossover Trade BUY #M12350
2025.10.20 20:00:00,6701,XAUUSD,buy,in,0.07,4347.96,6701,-0.25,0.00,0.00,53 474.44,WP Buy #M20260526
2025.10.20 20:00:00,6702,AAPL.NAS,buy,in,0.7,263.630,6702,-0.02,0.00,0.00,53 474.42,WP Buy #M20260528
2025.10.20 20:05:25,6703,AAPL.NAS,sell,out,0.7,263.730,6703,-0.02,0.00,0.07,53 474.47,sl 263.850
2025.10.20 20:11:14,6704,XAUUSD,sell,out,1.25,4347.29,6704,-4.38,0.00,-88.75,53 381.34,sl 4347.29
2025.10.20 21:00:00,6705,XAUUSD,buy,in,1.25,4348.21,6705,-4.38,0.00,0.00,53 376.96,EMA Crossover Trade BUY #M12350
2025.10.20 21:08:22,6706,XAUUSD,sell,out,1.25,4345.30,6706,-4.38,0.00,-363.75,53 008.83,sl 4345.31
2025.10.20 22:00:00,6707,XAUUSD,buy,in,1.25,4359.55,6707,-4.38,0.00,0.00,53 004.45,EMA Crossover Trade BUY #M12350
2025.10.20 22:55:47,6708,XAUUSD,sell,out,0.07,4378.01,6708,-0.25,0.00,210.35,53 214.55,tp 4378.00
2025.10.20 22:59:57,6709,XAUUSD,sell,out,1.25,4377.56,6709,-4.38,0.00,2 251.25,55 461.42,sl 4377.56
2025.10.20 23:00:00,6710,XAUUSD,buy,in,1.25,4378.16,6710,-4.38,0.00,0.00,55 457.04,EMA Crossover Trade BUY #M12350
2025.10.20 23:01:40,6711,XAUUSD,sell,out,1.25,4376.24,6711,-4.38,0.00,-240.00,55 212.66,sl 4376.25
2025.10.20 23:30:00,6712,XAUUSD,sell,out,0.5,4354.17,6712,-1.75,0.00,1 381.00,56 591.91,
2025.10.21 02:00:01,6713,XAUUSD,buy,in,1.25,4367.66,6713,-4.38,0.00,0.00,56 587.53,EMA Crossover Trade BUY #M12350
2025.10.21 02:08:42,6714,XAUUSD,sell,out,1.25,4367.86,6714,-4.38,0.00,25.00,56 608.15,sl 4368.00
2025.10.21 06:00:00,6715,XAUUSD,sell,in,0.25,4338.84,6715,-0.88,0.00,0.00,56 607.27,SimpleTrendline SELL #M26042503
2025.10.21 15:15:00,6716,XAUUSD,sell,in,0.5,4224.35,6716,-1.75,0.00,0.00,56 605.52,United SuperEMA short #M940001
2025.10.21 16:42:02,6717,NVDA.NAS,sell,out,250,181.42,6717,-5.00,-0.24,475.00,57 075.28,sl 181.42
2025.10.21 17:00:00,6718,DE40,sell,in,0.2,24236.70,6718,0.00,0.00,0.00,57 075.28,SimpleTrendline SELL #M26042502
2025.10.21 17:30:00,6719,DE40,buy,out,0.2,24278.70,6719,0.00,0.00,-9.95,57 065.33,
2025.10.21 18:00:00,6720,DE40,buy,in,0.2,24329.70,6720,0.00,0.00,0.00,57 065.33,SimpleTrendline BUY #M26042502
2025.10.21 18:00:01,6721,NVDA.NAS,buy,in,250,181.31,6721,-5.00,0.00,0.00,57 060.33,RSI Scalping Buy #M20003
2025.10.21 19:00:00,6722,BTCUSD,buy,in,2.5,113518.04,6722,0.00,0.00,0.00,57 060.33,RSI Scalping Buy #M123459123
2025.10.21 19:00:28,6723,BTCUSD,sell,out,2.5,113570.09,6723,0.00,0.00,130.13,57 190.46,sl 113571.80
2025.10.21 20:30:04,6724,DE40,sell,out,0.2,24321.60,6724,0.00,0.00,-1.92,57 188.54,
2025.10.21 21:15:01,6725,DE40,buy,in,0.2,24336.90,6725,0.00,0.00,0.00,57 188.54,SimpleTrendline BUY #M26042502
2025.10.21 21:30:01,6726,DE40,sell,out,0.2,24332.60,6726,0.00,0.00,-1.02,57 187.52,
2025.10.21 23:15:02,6727,XAUUSD,buy,out,0.5,4121.14,6727,-1.75,0.00,5 160.50,62 346.27,
2025.10.22 03:45:14,6728,DE40,sell,in,0.2,24285.40,6728,0.00,0.00,0.00,62 346.27,SimpleTrendline SELL #M26042502
2025.10.22 04:15:00,6729,DE40,buy,out,0.2,24289.60,6729,0.00,0.00,-1.00,62 345.27,
2025.10.22 07:15:00,6730,DE40,buy,in,0.2,24333.60,6730,0.00,0.00,0.00,62 345.27,SimpleTrendline BUY #M26042502
2025.10.22 08:30:09,6731,DE40,sell,out,0.2,24317.40,6731,0.00,0.00,-3.84,62 341.43,
2025.10.22 09:00:00,6732,XAUUSD,buy,out,0.25,4134.99,6732,-0.88,11.20,5 096.25,67 448.00,
2025.10.22 11:15:01,6733,XAUUSD,sell,in,0.5,4088.02,6733,-1.75,0.00,0.00,67 446.25,United SuperEMA short #M940001
2025.10.22 13:00:00,6734,XAUUSD,sell,in,0.25,4069.57,6734,-0.88,0.00,0.00,67 445.37,SimpleTrendline SELL #M26042503
2025.10.22 16:15:00,6735,XAUUSD,buy,out,0.5,4064.92,6735,-1.75,0.00,1 155.00,68 598.62,
2025.10.22 16:30:00,6736,DE40,sell,in,0.2,24268.00,6736,0.00,0.00,0.00,68 598.62,SimpleTrendline SELL #M26042502
2025.10.22 17:00:00,6737,TSLA.NAS,sell,in,37.5,441.52,6737,-0.75,0.00,0.00,68 597.87,RSI Scalping Sell #M125421321
2025.10.22 17:00:00,6738,XAUUSD,buy,out,0.25,4075.86,6738,-0.88,0.00,-157.25,68 439.74,
2025.10.22 17:43:32,6739,NVDA.NAS,sell,out,250,179.68,6739,-5.00,-0.04,-407.50,68 027.20,sl 179.68
2025.10.22 18:00:00,6740,NVDA.NAS,buy,in,250,180.69,6740,-5.00,0.00,0.00,68 022.20,RSI Scalping Buy #M20003
2025.10.22 20:45:01,6741,NVDA.NAS,sell,out,250,177.24,6741,-5.00,0.00,-862.50,67 154.70,
2025.10.22 21:45:05,6742,NVDA.NAS,buy,in,125,178.40,6742,-2.50,0.00,0.00,67 152.20,RSI Scalping Buy #M20003
2025.10.22 22:26:02,6743,TSLA.NAS,buy,out,37.5,438.20,6743,-0.75,0.00,124.50,67 275.95,sl 438.19
2025.10.23 03:30:00,6744,XAUUSD,sell,in,0.5,4077.07,6744,-1.75,0.00,0.00,67 274.20,United SuperEMA short #M940001
2025.10.23 06:15:01,6745,XAUUSD,buy,out,0.5,4089.51,6745,-1.75,0.00,-622.00,66 650.45,
2025.10.23 08:15:11,6746,DE40,buy,out,0.2,24132.30,6746,0.00,-0.37,32.16,66 682.24,
2025.10.23 11:45:00,6747,DE40,sell,in,0.2,24067.00,6747,0.00,0.00,0.00,66 682.24,SimpleTrendline SELL #M26042502
2025.10.23 13:45:00,6748,DE40,buy,out,0.2,24092.50,6748,0.00,0.00,-6.04,66 676.20,
2025.10.23 15:15:00,6749,DE40,sell,in,0.2,24088.00,6749,0.00,0.00,0.00,66 676.20,SimpleTrendline SELL #M26042502
2025.10.23 15:30:00,6750,DE40,buy,out,0.2,24102.50,6750,0.00,0.00,-3.44,66 672.76,
2025.10.23 17:00:00,6751,XAUUSD,buy,in,1.25,4144.60,6751,-4.38,0.00,0.00,66 668.38,EMA Crossover Trade BUY #M12350
2025.10.23 17:00:00,6752,XAUUSD,buy,in,2.5,4144.71,6752,-8.75,0.00,0.00,66 659.63,RSI Scalping Buy #M129102315
2025.10.23 17:01:04,6753,XAUUSD,sell,out,1.25,4141.14,6753,-4.38,0.00,-432.50,66 222.75,sl 4141.14
2025.10.23 17:01:09,6754,XAUUSD,sell,out,2.5,4144.80,6754,-8.75,0.00,22.50,66 236.50,sl 4144.84
2025.10.23 18:00:00,6755,XAUUSD,buy,in,1.25,4148.55,6755,-4.38,0.00,0.00,66 232.12,EMA Crossover Trade BUY #M12350
2025.10.23 18:00:00,6756,XAUUSD,buy,in,0.07,4148.56,6756,-0.25,0.00,0.00,66 231.87,WP Buy #M20260526
2025.10.23 18:06:01,6757,XAUUSD,sell,out,1.25,4148.01,6757,-4.38,0.00,-67.50,66 159.99,sl 4148.02
2025.10.23 19:20:12,6758,XAUUSD,sell,out,0.07,4133.41,6758,-0.25,0.00,-106.05,66 053.69,sl 4133.55
2025.10.23 21:00:00,6759,XAUUSD,buy,in,2.5,4137.73,6759,-8.75,0.00,0.00,66 044.94,RSI Scalping Buy #M129102315
2025.10.23 21:00:07,6760,XAUUSD,sell,out,2.5,4137.91,6760,-8.75,0.00,45.00,66 081.19,sl 4137.97
2025.10.24 03:30:00,6761,XAUUSD,buy,in,0.5,4132.76,6761,-1.75,0.00,0.00,66 079.44,United SuperEMA long #M940001
2025.10.24 05:00:00,6762,XAUUSD,sell,out,0.5,4118.65,6762,-1.75,0.00,-705.50,65 372.19,
2025.10.24 08:00:00,6763,XAUUSD,sell,in,0.75,4112.02,6763,-2.63,0.00,0.00,65 369.56,RSI Reverse SELL #M1002
2025.10.24 08:00:00,6764,XAUUSD,sell,in,0.25,4112.02,6764,-0.88,0.00,0.00,65 368.68,SimpleTrendline SELL #M26042503
2025.10.24 09:15:00,6765,XAUUSD,sell,in,0.5,4083.70,6765,-1.75,0.00,0.00,65 366.93,United SuperEMA short #M940001
2025.10.24 09:45:00,6766,XAUUSD,buy,in,0.5,4093.43,6766,-1.75,0.00,0.00,65 365.18,RSIConsolidation BUY #M20250420
2025.10.24 10:45:01,6767,DE40,buy,in,0.2,24238.60,6767,0.00,0.00,0.00,65 365.18,SimpleTrendline BUY #M26042502
2025.10.24 10:54:59,6768,XAUUSD,sell,out,0.5,4072.26,6768,-1.75,0.00,-1 058.50,64 304.93,sl 4072.31
2025.10.24 11:00:00,6769,DE40,sell,out,0.2,24195.60,6769,0.00,0.00,-10.19,64 294.74,
2025.10.24 12:15:00,6770,XAUUSD,buy,in,0.5,4071.67,6770,-1.75,0.00,0.00,64 292.99,RSIConsolidation BUY #M20250420
2025.10.24 14:03:50,6771,XAUUSD,sell,out,0.5,4044.07,6771,-1.75,0.00,-1 380.00,62 911.24,sl 4044.29
2025.10.24 15:15:00,6772,XAUUSD,buy,out,0.5,4062.38,6772,-1.75,0.00,1 066.00,63 975.49,
2025.10.24 17:00:01,6773,TSLA.NAS,sell,in,187.5,440.94,6773,-3.75,0.00,0.00,63 971.74,RSI Scalping Sell #M125421321
2025.10.24 18:00:00,6774,XAUUSD,buy,out,0.75,4117.64,6774,-2.63,0.00,-421.50,63 547.61,
2025.10.24 18:00:00,6775,XAUUSD,buy,out,0.25,4117.58,6775,-0.88,0.00,-139.00,63 407.73,
2025.10.24 18:15:00,6776,XAUUSD,sell,in,0.5,4119.50,6776,-1.75,0.00,0.00,63 405.98,RSIConsolidation SELL #M2025042
2025.10.24 18:20:00,6777,AAPL.NAS,buy,in,125,262.800,6777,-2.50,0.00,0.00,63 403.48,RSI Scalping Buy #M20001
2025.10.24 18:22:17,6778,AAPL.NAS,sell,out,125,263.020,6778,-2.50,0.00,27.50,63 428.48,sl 263.020
2025.10.24 18:50:00,6779,AAPL.NAS,sell,in,125,263.280,6779,-2.50,0.00,0.00,63 425.98,RSI Scalping Sell #M20001
2025.10.24 18:56:10,6780,AAPL.NAS,buy,out,125,263.130,6780,-2.50,0.00,18.75,63 442.23,sl 263.090
2025.10.24 19:00:00,6781,XAUUSD,buy,in,1.25,4130.97,6781,-4.38,0.00,0.00,63 437.85,EMA Crossover Trade BUY #M12350
2025.10.24 19:00:00,6782,XAUUSD,buy,in,2.5,4130.99,6782,-8.75,0.00,0.00,63 429.10,RSI Scalping Buy #M129102315
2025.10.24 19:00:35,6783,XAUUSD,sell,out,2.5,4131.13,6783,-8.75,0.00,35.00,63 455.35,sl 4131.13
2025.10.24 19:01:47,6784,XAUUSD,sell,out,1.25,4128.34,6784,-4.38,0.00,-328.75,63 122.22,sl 4128.34
2025.10.24 19:15:05,6785,XAUUSD,buy,in,0.5,4133.11,6785,-1.75,0.00,0.00,63 120.47,United SuperEMA long #M940001
2025.10.24 19:30:00,6786,AAPL.NAS,sell,in,125,263.580,6786,-2.50,0.00,0.00,63 117.97,RSI Scalping Sell #M20001
2025.10.24 19:30:39,6787,AAPL.NAS,buy,out,125,263.590,6787,-2.50,0.00,-1.25,63 114.22,sl 263.580
2025.10.24 20:30:00,6788,XAUUSD,sell,out,0.5,4121.08,6788,-1.75,0.00,-601.50,62 510.97,
2025.10.24 20:30:00,6789,XAUUSD,buy,out,0.5,4121.15,6789,-1.75,0.00,-82.50,62 426.72,
2025.10.24 22:45:01,6790,DE40,sell,in,0.2,24209.90,6790,0.00,0.00,0.00,62 426.72,SimpleTrendline SELL #M26042502
2025.10.24 23:00:00,6791,XAUUSD,buy,in,0.6,4104.42,6791,-2.10,0.00,0.00,62 424.62,RSI Follow BUY #M1001
2025.10.24 23:00:00,6792,XAUUSD,sell,in,0.2,4104.26,6792,-0.70,0.00,0.00,62 423.92,SimpleTrendline SELL #M26042503
2025.10.27 01:15:01,6793,DE40,buy,out,0.2,24312.80,6793,0.00,-1.11,-24.38,62 398.43,
2025.10.27 01:30:00,6794,XAUUSD,buy,in,0.4,4091.72,6794,-1.40,0.00,0.00,62 397.03,RSIConsolidation BUY #M20250420
2025.10.27 01:30:00,6795,DE40,buy,in,0.2,24331.90,6795,0.00,0.00,0.00,62 397.03,SimpleTrendline BUY #M26042502
2025.10.27 02:00:00,6796,BTCUSD,buy,in,2,114703.33,6796,0.00,0.00,0.00,62 397.03,RSI Scalping Buy #M123459123
2025.10.27 02:00:01,6797,BTCUSD,sell,out,2,114701.79,6797,0.00,0.00,-3.08,62 393.95,sl 114707.24
2025.10.27 02:45:52,6798,XAUUSD,sell,out,0.4,4063.80,6798,-1.40,0.00,-1 116.80,61 275.75,sl 4063.96
2025.10.27 03:00:00,6799,XAUUSD,sell,out,0.6,4065.18,6799,-2.10,-31.13,-2 354.40,58 888.12,
2025.10.27 03:00:00,6800,DE40,sell,out,0.2,24307.60,6800,0.00,0.00,-5.76,58 882.36,
2025.10.27 04:00:00,6801,XAUUSD,buy,in,0.6,4081.44,6801,-2.10,0.00,0.00,58 880.26,RSI Follow BUY #M1001
2025.10.27 07:00:02,6802,BTCUSD,buy,in,2,115008.89,6802,0.00,0.00,0.00,58 880.26,RSI Scalping Buy #M123459123
2025.10.27 07:00:09,6803,BTCUSD,sell,out,2,115012.59,6803,0.00,0.00,7.40,58 887.66,sl 115014.99
2025.10.27 10:00:54,6804,BTCUSD,buy,in,0.07,116003.16,6804,0.00,0.00,0.00,58 887.66,WP Buy #M20260527
2025.10.27 10:06:37,6805,BTCUSD,sell,out,0.07,116093.28,6805,0.00,0.00,6.31,58 893.97,sl 116096.50
2025.10.27 12:00:00,6806,XAUUSD,sell,out,0.6,4043.06,6806,-2.10,0.00,-2 302.80,56 589.07,
2025.10.27 12:00:00,6807,XAUUSD,sell,in,0.5,4043.13,6807,-1.75,0.00,0.00,56 587.32,United SuperEMA short #M940001
2025.10.27 16:00:00,6808,XAUUSD,buy,out,0.5,4046.44,6808,-1.75,0.00,-165.50,56 420.07,
2025.10.27 16:35:01,6809,TSLA.NAS,buy,out,187.5,442.62,6809,-3.75,0.02,-315.00,56 101.34,sl 439.28
2025.10.27 18:00:00,6810,DE40,sell,in,0.2,24282.80,6810,0.00,0.00,0.00,56 101.34,SimpleTrendline SELL #M26042502
2025.10.27 19:15:00,6811,DE40,buy,out,0.2,24294.80,6811,0.00,0.00,-2.84,56 098.50,
2025.10.27 19:30:00,6812,DE40,buy,in,0.2,24307.90,6812,0.00,0.00,0.00,56 098.50,SimpleTrendline BUY #M26042502
2025.10.27 20:15:01,6813,DE40,sell,out,0.2,24273.10,6813,0.00,0.00,-8.25,56 090.25,
2025.10.27 22:50:06,6814,AAPL.NAS,buy,in,100,268.080,6814,-2.00,0.00,0.00,56 088.25,RSI Scalping Buy #M20001
2025.10.27 22:52:15,6815,AAPL.NAS,sell,out,100,268.240,6815,-2.00,0.00,16.00,56 102.25,sl 268.260
2025.10.27 23:00:00,6816,XAUUSD,buy,out,0.2,3989.41,6816,-0.70,8.96,2 297.00,58 407.51,
2025.10.28 07:30:03,6817,XAUUSD,sell,in,0.5,3972.13,6817,-1.75,0.00,0.00,58 405.76,United SuperEMA short #M940001
2025.10.28 08:00:00,6818,XAUUSD,sell,in,0.25,3974.20,6818,-0.88,0.00,0.00,58 404.88,SimpleTrendline SELL #M26042503
2025.10.28 14:00:00,6819,XAUUSD,buy,out,0.5,3926.62,6819,-1.75,0.00,2 275.50,60 678.63,
2025.10.28 16:35:12,6820,AAPL.NAS,buy,in,0.7,269.170,6820,-0.02,0.00,0.00,60 678.61,WP Buy #M20260528
2025.10.28 16:35:15,6821,AAPL.NAS,sell,out,0.7,268.970,6821,-0.02,0.00,-0.14,60 678.45,sl 268.970
2025.10.28 16:40:00,6822,AAPL.NAS,sell,in,125,268.310,6822,-2.50,0.00,0.00,60 675.95,RSI Scalping Sell #M20001
2025.10.28 17:41:48,6823,AAPL.NAS,buy,out,125,268.310,6823,-2.50,0.00,0.00,60 673.45,sl 268.290
2025.10.28 18:00:00,6824,XAUUSD,buy,out,0.25,3949.49,6824,-0.88,0.00,617.75,61 290.32,
2025.10.28 23:00:00,6825,XAUUSD,buy,in,0.25,3960.27,6825,-0.88,0.00,0.00,61 289.44,SimpleTrendline BUY #M26042503
2025.10.29 01:15:00,6826,XAUUSD,sell,in,0.5,3936.87,6826,-1.75,0.00,0.00,61 287.69,United SuperEMA short #M940001
2025.10.29 02:30:15,6827,XAUUSD,buy,out,0.5,3950.85,6827,-1.75,0.00,-699.00,60 586.94,
2025.10.29 08:00:00,6828,XAUUSD,sell,out,0.25,3951.38,6828,-0.88,-12.97,-222.25,60 350.84,
2025.10.29 09:00:00,6829,XAUUSD,buy,in,0.25,3962.51,6829,-0.88,0.00,0.00,60 349.96,SimpleTrendline BUY #M26042503
2025.10.29 11:00:00,6830,XAUUSD,buy,in,2.5,4001.63,6830,-8.75,0.00,0.00,60 341.21,RSI Scalping Buy #M129102315
2025.10.29 11:00:13,6831,XAUUSD,sell,out,2.5,4002.28,6831,-8.75,0.00,162.50,60 494.96,sl 4002.28
2025.10.29 12:00:00,6832,XAUUSD,buy,in,0.62,4016.86,6832,-2.17,0.00,0.00,60 492.79,EMA Crossover Trade BUY #M12350
2025.10.29 12:00:00,6833,XAUUSD,buy,in,0.07,4016.84,6833,-0.25,0.00,0.00,60 492.54,WP Buy #M20260526
2025.10.29 12:07:10,6834,XAUUSD,sell,out,0.62,4015.96,6834,-2.17,0.00,-55.80,60 434.57,sl 4015.97
2025.10.29 13:00:00,6835,XAUUSD,buy,in,0.62,4024.22,6835,-2.17,0.00,0.00,60 432.40,EMA Crossover Trade BUY #M12350
2025.10.29 13:02:23,6836,XAUUSD,sell,out,0.07,4022.11,6836,-0.25,0.00,36.89,60 469.04,sl 4022.12
2025.10.29 13:02:23,6837,XAUUSD,sell,out,0.62,4022.11,6837,-2.17,0.00,-130.82,60 336.05,sl 4022.15
2025.10.29 14:00:00,6838,XAUUSD,buy,in,0.62,4023.52,6838,-2.17,0.00,0.00,60 333.88,EMA Crossover Trade BUY #M12350
2025.10.29 14:00:00,6839,XAUUSD,buy,in,0.07,4023.52,6839,-0.25,0.00,0.00,60 333.63,WP Buy #M20260526
2025.10.29 14:14:09,6840,XAUUSD,sell,out,0.62,4024.65,6840,-2.17,0.00,70.06,60 401.52,sl 4024.66
2025.10.29 15:00:00,6841,XAUUSD,buy,in,0.62,4016.89,6841,-2.17,0.00,0.00,60 399.35,EMA Crossover Trade BUY #M12350
2025.10.29 15:00:00,6842,XAUUSD,sell,out,0.25,4017.04,6842,-0.88,0.00,1 363.25,61 761.72,
2025.10.29 15:04:05,6843,XAUUSD,sell,out,0.62,4015.27,6843,-2.17,0.00,-100.44,61 659.11,sl 4015.33
2025.10.29 15:39:44,6844,XAUUSD,sell,out,0.07,4022.21,6844,-0.25,0.00,-9.17,61 649.69,sl 4022.46
2025.10.29 16:00:00,6845,XAUUSD,buy,in,1.25,4025.70,6845,-4.38,0.00,0.00,61 645.31,EMA Crossover Trade BUY #M12350
2025.10.29 16:35:00,6846,NVDA.NAS,sell,out,125,210.79,6846,-2.50,-0.14,4 048.75,65 691.42,
2025.10.29 17:00:39,6847,SOXX.NAS,buy,in,0.6,312.490,6847,-0.02,0.00,0.00,65 691.40,WP Buy #M20260532
2025.10.29 17:00:51,6848,SOXX.NAS,sell,out,0.6,312.390,6848,-0.02,0.00,-0.06,65 691.32,sl 312.450
2025.10.29 18:00:00,6849,BTCUSD,sell,in,1.05,112504.90,6849,0.00,0.00,0.00,65 691.32,SimpleTrendline SELL #M26042501
2025.10.29 18:51:00,6850,XAUUSD,sell,out,1.25,3992.96,6850,-4.38,0.00,-4 092.50,61 594.44,
2025.10.29 22:00:00,6851,NVDA.NAS,buy,in,125,206.66,6851,-2.50,0.00,0.00,61 591.94,RSI Scalping Buy #M20003
2025.10.30 03:45:01,6852,DE40,sell,in,0.2,24187.70,6852,0.00,0.00,0.00,61 591.94,SimpleTrendline SELL #M26042502
2025.10.30 04:15:00,6853,DE40,buy,out,0.2,24213.40,6853,0.00,0.00,-6.09,61 585.85,
2025.10.30 06:00:00,6854,XAUUSD,sell,in,0.5,3922.21,6854,-1.75,0.00,0.00,61 584.10,United SuperEMA short #M940001
2025.10.30 07:30:00,6855,XAUUSD,buy,out,0.5,3959.50,6855,-1.75,0.00,-1 864.50,59 717.85,
2025.10.30 11:45:01,6856,DE40,buy,in,0.2,24209.80,6856,0.00,0.00,0.00,59 717.85,SimpleTrendline BUY #M26042502
2025.10.30 12:15:01,6857,DE40,sell,out,0.2,24136.80,6857,0.00,0.00,-17.30,59 700.55,
2025.10.30 12:30:02,6858,DE40,sell,in,0.2,24101.80,6858,0.00,0.00,0.00,59 700.55,SimpleTrendline SELL #M26042502
2025.10.30 13:00:00,6859,XAUUSD,buy,in,0.5,3998.48,6859,-1.75,0.00,0.00,59 698.80,EMA Crossover Trade BUY #M12350
2025.10.30 13:00:00,6860,XAUUSD,buy,in,2,3998.57,6860,-7.00,0.00,0.00,59 691.80,RSI Scalping Buy #M129102315
2025.10.30 13:02:10,6861,XAUUSD,sell,out,2,3999.34,6861,-7.00,0.00,154.00,59 838.80,sl 3999.84
2025.10.30 13:03:43,6862,XAUUSD,sell,out,0.5,3997.17,6862,-1.75,0.00,-65.50,59 771.55,sl 3997.34
2025.10.30 14:45:00,6863,DE40,buy,out,0.2,24088.30,6863,0.00,0.00,3.20,59 774.75,
2025.10.30 15:15:03,6864,DE40,sell,in,0.2,24067.80,6864,0.00,0.00,0.00,59 774.75,SimpleTrendline SELL #M26042502
2025.10.30 15:30:01,6865,DE40,buy,out,0.2,24081.30,6865,0.00,0.00,-3.20,59 771.55,
2025.10.30 16:00:00,6866,XAUUSD,sell,in,0.25,3961.30,6866,-0.88,0.00,0.00,59 770.67,SimpleTrendline SELL #M26042503
2025.10.30 16:35:00,6867,NVDA.NAS,sell,out,125,202.92,6867,-2.50,-0.02,-467.50,59 300.65,sl 204.26
2025.10.30 16:45:01,6868,NVDA.NAS,sell,in,125,202.91,6868,-2.50,0.00,0.00,59 298.15,RSI Scalping Sell #M20003
2025.10.30 17:00:00,6869,XAUUSD,buy,out,0.25,3995.41,6869,-0.88,0.00,-852.75,58 444.52,
2025.10.30 17:00:01,6870,TSLA.NAS,sell,in,187.5,451.61,6870,-3.75,0.00,0.00,58 440.77,RSI Scalping Sell #M125421321
2025.10.30 17:15:00,6871,NVDA.NAS,buy,out,125,203.67,6871,-2.50,0.00,-95.00,58 343.27,
2025.10.30 17:15:00,6872,XAUUSD,buy,in,0.5,4011.63,6872,-1.75,0.00,0.00,58 341.52,United SuperEMA long #M940001
2025.10.30 17:45:00,6873,NVDA.NAS,buy,in,100,203.49,6873,-2.00,0.00,0.00,58 339.52,RSI Scalping Buy #M20003
2025.10.30 17:45:00,6874,XAUUSD,sell,in,0.4,3993.60,6874,-1.40,0.00,0.00,58 338.12,RSIConsolidation SELL #M2025042
2025.10.30 19:00:00,6875,DE40,sell,in,0.2,24110.30,6875,0.00,0.00,0.00,58 338.12,SimpleTrendline SELL #M26042502
2025.10.30 19:00:00,6876,XAUUSD,buy,in,0.5,4001.93,6876,-1.75,0.00,0.00,58 336.37,EMA Crossover Trade BUY #M12350
2025.10.30 19:00:00,6877,XAUUSD,buy,in,2,4001.77,6877,-7.00,0.00,0.00,58 329.37,RSI Scalping Buy #M129102315
2025.10.30 19:01:00,6878,XAUUSD,sell,out,2,4003.41,6878,-7.00,0.00,328.00,58 650.37,sl 4003.41
2025.10.30 19:02:09,6879,XAUUSD,sell,out,0.5,4000.20,6879,-1.75,0.00,-86.50,58 562.12,sl 4000.29
2025.10.30 19:15:00,6880,DE40,buy,out,0.2,24135.30,6880,0.00,0.00,-5.92,58 556.20,
2025.10.30 19:30:00,6881,DE40,buy,in,0.2,24134.00,6881,0.00,0.00,0.00,58 556.20,SimpleTrendline BUY #M26042502
2025.10.30 20:00:00,6882,XAUUSD,buy,in,0.12,4001.66,6882,-0.42,0.00,0.00,58 555.78,EMA Crossover Trade BUY #M12350
2025.10.30 20:05:52,6883,XAUUSD,sell,out,0.12,4000.25,6883,-0.42,0.00,-16.92,58 538.44,sl 4000.28
2025.10.30 20:15:00,6884,XAUUSD,buy,out,0.4,3995.65,6884,-1.40,0.00,-82.00,58 455.04,
2025.10.30 21:00:00,6885,XAUUSD,buy,in,0.1,4004.80,6885,-0.35,0.00,0.00,58 454.69,EMA Crossover Trade BUY #M12350
2025.10.30 21:01:00,6886,XAUUSD,sell,out,0.1,4001.16,6886,-0.35,0.00,-36.40,58 417.94,sl 4001.18
2025.10.30 21:15:02,6887,XAUUSD,sell,in,0.04,4005.79,6887,-0.14,0.00,0.00,58 417.80,RSIConsolidation SELL #M2025042
2025.10.30 22:00:00,6888,XAUUSD,buy,in,0.1,4016.64,6888,-0.35,0.00,0.00,58 417.45,EMA Crossover Trade BUY #M12350
2025.10.30 22:05:40,6889,XAUUSD,buy,out,0.04,4022.62,6889,-0.14,0.00,-67.32,58 349.99,sl 4022.59
2025.10.30 22:15:00,6890,DE40,sell,out,0.2,24124.70,6890,0.00,0.00,-2.20,58 347.79,
2025.10.30 22:21:20,6891,XAUUSD,sell,out,0.1,4022.15,6891,-0.35,0.00,55.10,58 402.54,sl 4022.15
2025.10.30 23:00:00,6892,XAUUSD,buy,in,0.12,4023.51,6892,-0.42,0.00,0.00,58 402.12,EMA Crossover Trade BUY #M12350
2025.10.30 23:00:00,6893,XAUUSD,buy,in,0.75,4023.29,6893,-2.63,0.00,0.00,58 399.49,RSI Follow BUY #M1001
2025.10.30 23:08:07,6894,XAUUSD,sell,out,0.12,4023.30,6894,-0.42,0.00,-2.52,58 396.55,sl 4023.30
2025.10.31 01:30:00,6895,XAUUSD,sell,in,0.05,4020.83,6895,-0.18,0.00,0.00,58 396.37,RSIConsolidation SELL #M2025042
2025.10.31 01:50:41,6896,XAUUSD,buy,out,0.05,4035.74,6896,-0.18,0.00,-74.55,58 321.64,sl 4034.34
2025.10.31 02:00:00,6897,XAUUSD,buy,in,0.12,4037.86,6897,-0.42,0.00,0.00,58 321.22,EMA Crossover Trade BUY #M12350
2025.10.31 02:00:00,6898,XAUUSD,buy,in,0.25,4038.41,6898,-0.88,0.00,0.00,58 320.34,SimpleTrendline BUY #M26042503
2025.10.31 02:01:12,6899,XAUUSD,sell,out,0.12,4034.84,6899,-0.42,0.00,-36.24,58 283.68,sl 4034.92
2025.10.31 02:30:01,6900,XAUUSD,sell,in,0.05,4028.30,6900,-0.18,0.00,0.00,58 283.50,RSIConsolidation SELL #M2025042
2025.10.31 03:00:00,6901,XAUUSD,buy,in,0.12,4036.59,6901,-0.42,0.00,0.00,58 283.08,EMA Crossover Trade BUY #M12350
2025.10.31 03:03:19,6902,XAUUSD,sell,out,0.12,4033.02,6902,-0.42,0.00,-42.84,58 239.82,sl 4033.04
2025.10.31 04:00:00,6903,XAUUSD,buy,in,0.1,4025.39,6903,-0.35,0.00,0.00,58 239.47,EMA Crossover Trade BUY #M12350
2025.10.31 04:00:00,6904,XAUUSD,buy,out,0.05,4025.42,6904,-0.18,0.00,14.40,58 253.69,
2025.10.31 04:12:55,6905,XAUUSD,sell,out,0.1,4034.92,6905,-0.35,0.00,95.30,58 348.64,sl 4035.07
2025.10.31 04:45:02,6906,XAUUSD,sell,out,0.5,4024.21,6906,-1.75,-25.95,629.00,58 949.94,
2025.10.31 05:00:00,6907,XAUUSD,buy,in,0.12,4018.43,6907,-0.42,0.00,0.00,58 949.52,EMA Crossover Trade BUY #M12350
2025.10.31 05:00:00,6908,XAUUSD,sell,out,0.25,4018.35,6908,-0.88,0.00,-501.50,58 447.14,
2025.10.31 05:01:58,6909,XAUUSD,sell,out,0.12,4015.24,6909,-0.42,0.00,-38.28,58 408.44,sl 4015.25
2025.10.31 05:45:00,6910,DE40,sell,in,0.2,24112.40,6910,0.00,0.00,0.00,58 408.44,SimpleTrendline SELL #M26042502
2025.10.31 06:15:09,6911,DE40,buy,out,0.2,24125.10,6911,0.00,0.00,-3.01,58 405.43,
2025.10.31 09:30:00,6912,XAUUSD,buy,in,0.5,4009.11,6912,-1.75,0.00,0.00,58 403.68,United SuperEMA long #M940001
2025.10.31 11:00:00,6913,XAUUSD,buy,in,2.5,4021.17,6913,-8.75,0.00,0.00,58 394.93,RSI Scalping Buy #M129102315
2025.10.31 11:00:00,6914,XAUUSD,sell,in,0.05,4021.18,6914,-0.18,0.00,0.00,58 394.75,RSIConsolidation SELL #M2025042
2025.10.31 11:00:00,6915,XAUUSD,buy,in,0.25,4021.35,6915,-0.88,0.00,0.00,58 393.87,SimpleTrendline BUY #M26042503
2025.10.31 11:00:00,6916,DE40,buy,in,0.2,24135.70,6916,0.00,0.00,0.00,58 393.87,SimpleTrendline BUY #M26042502
2025.10.31 11:00:15,6917,XAUUSD,sell,out,2.5,4020.89,6917,-8.75,0.00,-70.00,58 315.12,sl 4021.05
2025.10.31 11:15:00,6918,DE40,sell,out,0.2,24050.00,6918,0.00,0.00,-20.31,58 294.81,
2025.10.31 12:00:00,6919,XAUUSD,buy,out,0.05,4010.45,6919,-0.18,0.00,53.65,58 348.28,
2025.10.31 12:00:00,6920,XAUUSD,sell,out,0.25,4010.58,6920,-0.88,0.00,-269.25,58 078.15,
2025.10.31 12:15:00,6921,XAUUSD,sell,out,0.5,4005.41,6921,-1.75,0.00,-185.00,57 891.40,
2025.10.31 13:00:00,6922,XAUUSD,sell,in,0.25,4008.70,6922,-0.88,0.00,0.00,57 890.52,SimpleTrendline SELL #M26042503
2025.10.31 14:45:01,6923,DE40,sell,in,0.2,24059.20,6923,0.00,0.00,0.00,57 890.52,SimpleTrendline SELL #M26042502
2025.10.31 15:30:00,6924,XAUUSD,buy,in,0.5,4019.80,6924,-1.75,0.00,0.00,57 888.77,United SuperEMA long #M940001
2025.10.31 16:00:00,6925,XAUUSD,buy,in,2.5,4022.82,6925,-8.75,0.00,0.00,57 880.02,RSI Scalping Buy #M129102315
2025.10.31 16:00:00,6926,XAUUSD,buy,out,0.25,4022.54,6926,-0.88,0.00,-346.00,57 533.14,
2025.10.31 16:00:22,6927,XAUUSD,sell,out,2.5,4023.22,6927,-8.75,0.00,100.00,57 624.39,sl 4023.22
2025.10.31 16:15:00,6928,XAUUSD,sell,in,0.05,4031.26,6928,-0.18,0.00,0.00,57 624.21,RSIConsolidation SELL #M2025042
2025.10.31 16:35:05,6929,TSLA.NAS,buy,out,187.5,448.81,6929,-3.75,0.01,525.00,58 145.47,sl 448.78
2025.10.31 16:45:00,6930,XAUUSD,buy,out,0.05,4016.01,6930,-0.18,0.00,76.25,58 221.54,
2025.10.31 18:00:00,6931,XAUUSD,buy,in,0.25,4020.86,6931,-0.88,0.00,0.00,58 220.66,SimpleTrendline BUY #M26042503
2025.10.31 18:15:00,6932,XAUUSD,sell,out,0.5,4017.27,6932,-1.75,0.00,-126.50,58 092.41,
2025.10.31 18:55:10,6933,NVDA.NAS,sell,out,100,204.19,6933,-2.00,-0.02,70.00,58 160.39,sl 204.20
2025.10.31 19:00:00,6934,XAUUSD,sell,out,0.25,4012.67,6934,-0.88,0.00,-204.75,57 954.76,
2025.10.31 19:00:00,6935,XAUUSD,sell,in,0.25,4012.67,6935,-0.88,0.00,0.00,57 953.88,SimpleTrendline SELL #M26042503
2025.10.31 19:00:00,6936,TSLA.NAS,sell,in,375,453.72,6936,-7.50,0.00,0.00,57 946.38,RSI Scalping Sell #M125421321
2025.10.31 19:45:00,6937,XAUUSD,buy,in,0.25,3984.54,6937,-0.88,0.00,0.00,57 945.50,RSIConsolidation BUY #M20250420
2025.10.31 19:45:03,6938,NVDA.NAS,sell,in,125,203.07,6938,-2.50,0.00,0.00,57 943.00,RSI Scalping Sell #M20003
2025.10.31 20:00:00,6939,NVDA.NAS,buy,out,125,202.71,6939,-2.50,0.00,45.00,57 985.50,
2025.10.31 20:45:00,6940,NVDA.NAS,buy,in,125,203.25,6940,-2.50,0.00,0.00,57 983.00,RSI Scalping Buy #M20003
2025.10.31 20:45:00,6941,XAUUSD,sell,out,0.25,3998.56,6941,-0.88,0.00,350.50,58 332.62,
2025.10.31 21:20:31,6942,TSLA.NAS,buy,out,375,452.77,6942,-7.50,0.00,356.25,58 681.37,sl 452.75
2025.10.31 22:45:05,6943,DE40,buy,out,0.2,24002.30,6943,0.00,0.00,13.48,58 694.85,
2025.11.03 05:00:00,6944,XAUUSD,buy,out,0.25,4004.03,6944,-0.88,11.20,216.00,58 921.17,
2025.11.03 06:45:01,6945,XAUUSD,sell,in,0.25,4006.93,6945,-0.88,0.00,0.00,58 920.29,RSIConsolidation SELL #M2025042
2025.11.03 09:01:28,6946,XAUUSD,buy,out,0.25,4019.80,6946,-0.88,0.00,-321.75,58 597.66,sl 4019.73
2025.11.03 09:30:00,6947,XAUUSD,sell,in,0.25,4018.52,6947,-0.88,0.00,0.00,58 596.78,RSIConsolidation SELL #M2025042
2025.11.03 10:00:00,6948,XAUUSD,sell,in,0.75,4025.62,6948,-2.63,0.00,0.00,58 594.15,RSI Reverse SELL #M1002
2025.11.03 10:00:00,6949,XAUUSD,buy,out,0.75,4025.65,6949,-2.63,0.00,-2.25,58 589.27,
2025.11.03 10:00:00,6950,XAUUSD,buy,in,2.5,4025.61,6950,-8.75,0.00,0.00,58 580.52,RSI Scalping Buy #M129102315
2025.11.03 10:00:11,6951,XAUUSD,sell,out,2.5,4025.52,6951,-8.75,0.00,-22.50,58 549.27,sl 4025.62
2025.11.03 10:30:00,6952,XAUUSD,buy,out,0.25,4014.70,6952,-0.88,0.00,95.50,58 643.89,
2025.11.03 10:30:01,6953,DE40,buy,in,0.2,24116.10,6953,0.00,0.00,0.00,58 643.89,SimpleTrendline BUY #M26042502
2025.11.03 10:45:00,6954,XAUUSD,sell,in,0.25,4016.75,6954,-0.88,0.00,0.00,58 643.01,RSIConsolidation SELL #M2025042
2025.11.03 11:30:00,6955,XAUUSD,buy,out,0.25,4007.29,6955,-0.88,0.00,236.50,58 878.63,
2025.11.03 11:45:00,6956,DE40,sell,out,0.2,24165.60,6956,0.00,0.00,11.73,58 890.36,
2025.11.03 16:45:00,6957,XAUUSD,sell,in,0.5,4012.54,6957,-1.75,0.00,0.00,58 888.61,RSIConsolidation SELL #M2025042
2025.11.03 17:00:01,6958,XAUUSD,buy,out,0.5,4027.89,6958,-1.75,0.00,-767.50,58 119.36,sl 4027.78
2025.11.03 19:15:03,6959,DE40,buy,in,0.2,24137.20,6959,0.00,0.00,0.00,58 119.36,SimpleTrendline BUY #M26042502
2025.11.03 19:30:18,6960,DE40,sell,out,0.2,24130.90,6960,0.00,0.00,-1.49,58 117.87,
2025.11.03 20:00:00,6961,DE40,buy,in,0.2,24157.70,6961,0.00,0.00,0.00,58 117.87,SimpleTrendline BUY #M26042502
2025.11.03 21:15:00,6962,DE40,sell,out,0.2,24155.90,6962,0.00,0.00,-0.43,58 117.44,
2025.11.03 21:32:08,6963,NVDA.NAS,sell,out,125,207.57,6963,-2.50,-0.06,540.00,58 654.88,sl 207.57
2025.11.03 22:00:00,6964,NVDA.NAS,buy,in,125,208.25,6964,-2.50,0.00,0.00,58 652.38,RSI Scalping Buy #M20003
2025.11.04 01:15:01,6965,XAUUSD,sell,in,0.5,3988.37,6965,-1.75,0.00,0.00,58 650.63,United SuperEMA short #M940001
2025.11.04 02:00:00,6966,XAUUSD,sell,in,0.25,3997.63,6966,-0.88,0.00,0.00,58 649.75,SimpleTrendline SELL #M26042503
2025.11.04 05:30:00,6967,XAUUSD,buy,out,0.5,3992.92,6967,-1.75,0.00,-227.50,58 420.50,
2025.11.04 10:00:00,6968,XAUUSD,sell,in,0.5,3994.63,6968,-1.75,0.00,0.00,58 418.75,RSIConsolidation SELL #M2025042
2025.11.04 10:00:00,6969,XAUUSD,buy,out,0.25,3994.08,6969,-0.88,0.00,88.75,58 506.62,
2025.11.04 10:01:34,6970,BTCUSD,sell,in,0.07,104358.50,6970,0.00,0.00,0.00,58 506.62,WP Sell #M20260527
2025.11.04 10:21:08,6971,BTCUSD,buy,out,0.07,104010.50,6971,0.00,0.00,24.36,58 530.98,sl 104008.49
2025.11.04 11:00:16,6972,BTCUSD,sell,in,0.07,103969.57,6972,0.00,0.00,0.00,58 530.98,WP Sell #M20260527
2025.11.04 11:15:00,6973,XAUUSD,buy,out,0.5,3991.61,6973,-1.75,0.00,151.00,58 680.23,
2025.11.04 11:17:07,6974,BTCUSD,buy,out,0.07,103946.84,6974,0.00,0.00,1.59,58 681.82,sl 103943.03
2025.11.04 17:00:00,6975,XAUUSD,sell,out,0.75,3957.77,6975,-2.63,-116.76,-4 914.00,53 648.43,
2025.11.04 17:30:01,6976,NVDA.NAS,sell,out,125,201.62,6976,-2.50,-0.02,-828.75,52 817.16,
2025.12.01 02:00:00,6977,XAUUSD,buy,in,1.25,4221.88,6977,-4.38,0.00,0.00,52 812.78,EMA Crossover Trade BUY #M12350
2025.12.01 02:06:41,6978,XAUUSD,sell,out,1.25,4220.60,6978,-4.38,0.00,-160.00,52 648.40,sl 4220.68
2025.12.01 03:00:00,6979,XAUUSD,buy,in,1.25,4230.77,6979,-4.38,0.00,0.00,52 644.02,EMA Crossover Trade BUY #M12350
2025.12.01 03:00:39,6980,XAUUSD,sell,out,1.25,4229.63,6980,-4.38,0.00,-142.50,52 497.14,sl 4229.64
2025.12.01 03:39:27,6981,XAUUSD,buy,in,1,4240.63,6981,-3.50,0.00,0.00,52 493.64,Darvas Box Breakout #M135790
2025.12.01 04:00:00,6982,XAUUSD,buy,in,1,4255.73,6982,-3.50,0.00,0.00,52 490.14,EMA Crossover Trade BUY #M12350
2025.12.01 04:00:00,6983,XAUUSD,buy,in,0.06,4255.85,6983,-0.21,0.00,0.00,52 489.93,WP Buy #M20260526
2025.12.01 04:00:10,6984,XAUUSD,sell,out,1,4252.40,6984,-3.50,0.00,-333.00,52 153.43,sl 4252.48
2025.12.01 04:30:01,6985,XAUUSD,sell,out,0.06,4240.73,6985,-0.21,0.00,-90.72,52 062.50,sl 4240.73
2025.12.01 05:00:00,6986,XAUUSD,buy,in,1,4242.88,6986,-3.50,0.00,0.00,52 059.00,EMA Crossover Trade BUY #M12350
2025.12.01 05:05:00,6987,XAUUSD,sell,out,1,4240.14,6987,-3.50,0.00,-274.00,51 781.50,sl 4240.14
2025.12.01 06:00:00,6988,XAUUSD,buy,in,1,4239.35,6988,-3.50,0.00,0.00,51 778.00,EMA Crossover Trade BUY #M12350
2025.12.01 06:00:00,6989,XAUUSD,sell,in,2,4239.40,6989,-7.00,0.00,0.00,51 771.00,RSI Scalping Sell #M129102315
2025.12.01 06:02:08,6990,XAUUSD,buy,out,2,4238.09,6990,-7.00,0.00,262.00,52 026.00,sl 4238.08
2025.12.01 07:01:53,6991,XAUUSD,sell,out,1,4243.19,6991,-3.50,0.00,384.00,52 406.50,sl 4243.22
2025.12.01 07:20:37,6992,XAUUSD,sell,out,1,4223.70,6992,-3.50,0.00,-1 693.00,50 710.00,sl 4223.97
2025.12.01 08:00:00,6993,XAUUSD,buy,in,1.25,4229.76,6993,-4.38,0.00,0.00,50 705.62,EMA Crossover Trade BUY #M12350
2025.12.01 08:00:00,6994,XAUUSD,sell,in,2.5,4229.72,6994,-8.75,0.00,0.00,50 696.87,RSI Scalping Sell #M129102315
2025.12.01 08:06:21,6995,XAUUSD,sell,out,1.25,4229.19,6995,-4.38,0.00,-71.25,50 621.24,sl 4229.25
2025.12.01 08:07:04,6996,XAUUSD,buy,out,2.5,4229.84,6996,-8.75,0.00,-30.00,50 582.49,sl 4229.75
2025.12.01 09:00:00,6997,XAUUSD,buy,in,0.12,4237.32,6997,-0.42,0.00,0.00,50 582.07,EMA Crossover Trade BUY #M12350
2025.12.01 09:05:18,6998,XAUUSD,sell,out,0.12,4234.17,6998,-0.42,0.00,-37.80,50 543.85,sl 4234.33
2025.12.01 10:00:00,6999,XAUUSD,buy,in,0.1,4246.43,6999,-0.35,0.00,0.00,50 543.50,EMA Crossover Trade BUY #M12350
2025.12.01 10:28:44,7000,XAUUSD,sell,out,0.1,4249.68,7000,-0.35,0.00,32.50,50 575.65,sl 4249.85
2025.12.01 11:00:00,7001,XAUUSD,buy,in,0.12,4245.06,7001,-0.42,0.00,0.00,50 575.23,EMA Crossover Trade BUY #M12350
2025.12.01 11:15:00,7002,XAUUSD,buy,in,0.5,4249.49,7002,-1.75,0.00,0.00,50 573.48,United SuperEMA long #M940001
2025.12.01 11:36:36,7003,XAUUSD,sell,out,0.12,4248.00,7003,-0.42,0.00,35.28,50 608.34,sl 4248.10
2025.12.01 14:15:00,7004,XAUUSD,sell,out,0.5,4248.93,7004,-1.75,0.00,-28.00,50 578.59,
2025.12.01 16:45:00,7005,NVDA.NAS,buy,in,250,177.31,7005,-5.00,0.00,0.00,50 573.59,RSI Scalping Buy #M20003
2025.12.01 20:30:00,7006,XAUUSD,buy,in,0.5,4241.67,7006,-1.75,0.00,0.00,50 571.84,United SuperEMA long #M940001
2025.12.01 21:00:00,7007,XAUUSD,buy,in,2.5,4240.40,7007,-8.75,0.00,0.00,50 563.09,RSI Scalping Buy #M129102315
2025.12.01 21:04:12,7008,XAUUSD,sell,out,2.5,4240.92,7008,-8.75,0.00,130.00,50 684.34,sl 4240.93
2025.12.01 22:00:00,7009,XAUUSD,sell,out,0.5,4237.14,7009,-1.75,0.00,-226.50,50 456.09,
2025.12.02 18:09:44,7010,NVDA.NAS,sell,out,250,181.89,7010,-5.00,-0.04,1 145.00,51 596.05,sl 181.89
2025.12.02 18:10:00,7011,AAPL.NAS,sell,in,125,286.500,7011,-2.50,0.00,0.00,51 593.55,RSI Scalping Sell #M20001
2025.12.02 18:12:57,7012,AAPL.NAS,buy,out,125,286.480,7012,-2.50,0.00,2.50,51 593.55,sl 286.460
2025.12.02 19:00:00,7013,TSLA.NAS,sell,in,375,424.24,7013,-7.50,0.00,0.00,51 586.05,RSI Scalping Sell #M125421321
2025.12.02 20:15:01,7014,DE40,buy,in,2.5,23724.90,7014,0.00,0.00,0.00,51 586.05,SimpleTrendline BUY #M26042502
2025.12.02 20:45:00,7015,DE40,sell,out,2.5,23709.60,7015,0.00,0.00,-45.32,51 540.73,
2025.12.02 21:45:00,7016,DE40,buy,in,2.5,23734.40,7016,0.00,0.00,0.00,51 540.73,SimpleTrendline BUY #M26042502
2025.12.02 22:00:00,7017,TSLA.NAS,buy,out,375,429.23,7017,-7.50,0.00,-1 871.25,49 661.98,
2025.12.02 23:00:00,7018,DE40,sell,out,2.5,23726.00,7018,0.00,0.00,-24.88,49 637.10,
2026.01.02 03:45:00,7019,DE40,buy,in,2.5,24522.70,7019,0.00,0.00,0.00,49 637.10,SimpleTrendline BUY #M26042502
2026.01.02 04:00:00,7020,XAUUSD,sell,in,0.5,4348.08,7020,-1.75,0.00,0.00,49 635.35,RSIConsolidation SELL #M2025042
2026.01.02 04:00:01,7021,DE40,sell,out,2.5,24507.70,7021,0.00,0.00,-44.43,49 590.92,
2026.01.02 04:56:56,7022,XAUUSD,buy,out,0.5,4361.26,7022,-1.75,0.00,-659.00,48 930.17,sl 4361.23
2026.01.02 05:00:01,7023,XAUUSD,buy,in,2.5,4362.88,7023,-8.75,0.00,0.00,48 921.42,RSI Scalping Buy #M129102315
2026.01.02 05:00:35,7024,XAUUSD,sell,out,2.5,4363.25,7024,-8.75,0.00,92.50,49 005.17,sl 4363.30
2026.01.02 07:00:00,7025,XAUUSD,sell,in,0.75,4373.45,7025,-2.63,0.00,0.00,49 002.54,RSI Reverse SELL #M1002
2026.01.02 07:00:00,7026,XAUUSD,buy,out,0.75,4373.51,7026,-2.63,0.00,-4.50,48 995.41,
2026.01.02 12:00:00,7027,XAUUSD,buy,in,1.25,4385.58,7027,-4.38,0.00,0.00,48 991.03,EMA Crossover Trade BUY #M12350
2026.01.02 12:27:15,7028,XAUUSD,sell,out,1.25,4386.16,7028,-4.38,0.00,72.50,49 059.15,sl 4386.25
2026.01.02 13:00:00,7029,XAUUSD,buy,in,1.25,4396.26,7029,-4.38,0.00,0.00,49 054.77,EMA Crossover Trade BUY #M12350
2026.01.02 13:00:00,7030,BTCUSD,buy,in,2.5,89595.50,7030,0.00,0.00,0.00,49 054.77,RSI Scalping Buy #M123459123
2026.01.02 13:00:02,7031,BTCUSD,sell,out,2.5,89592.50,7031,0.00,0.00,-7.50,49 047.27,sl 89596.80
2026.01.02 13:12:17,7032,XAUUSD,sell,out,1.25,4394.00,7032,-4.38,0.00,-282.50,48 760.39,sl 4394.20
2026.01.02 14:00:00,7033,XAUUSD,buy,in,1.25,4393.14,7033,-4.38,0.00,0.00,48 756.01,EMA Crossover Trade BUY #M12350
2026.01.02 14:14:04,7034,XAUUSD,sell,out,1.25,4393.70,7034,-4.38,0.00,70.00,48 821.63,sl 4393.70
2026.01.02 15:00:00,7035,XAUUSD,buy,in,1.25,4394.62,7035,-4.38,0.00,0.00,48 817.25,EMA Crossover Trade BUY #M12350
2026.01.02 15:19:43,7036,XAUUSD,sell,out,1.25,4398.61,7036,-4.38,0.00,498.75,49 311.62,sl 4398.68
2026.01.02 16:45:00,7037,NVDA.NAS,buy,in,250,191.80,7037,-5.00,0.00,0.00,49 306.62,RSI Scalping Buy #M20003
2026.01.02 16:50:00,7038,AAPL.NAS,buy,in,125,277.410,7038,-2.50,0.00,0.00,49 304.12,RSI Scalping Buy #M20001
2026.01.02 16:50:40,7039,AAPL.NAS,sell,out,125,277.660,7039,-2.50,0.00,31.25,49 332.87,sl 277.670
2026.01.02 17:00:01,7040,AAPL.NAS,sell,in,125,276.900,7040,-2.50,0.00,0.00,49 330.37,RSI Scalping Sell #M20001
2026.01.02 17:07:02,7041,AAPL.NAS,buy,out,125,276.740,7041,-2.50,0.00,20.00,49 347.87,sl 276.740
2026.01.02 17:58:34,7042,NVDA.NAS,sell,out,250,189.12,7042,-5.00,0.00,-670.00,48 672.87,sl 189.13
2026.01.02 19:00:00,7043,BTCUSD,buy,in,2.5,90343.50,7043,0.00,0.00,0.00,48 672.87,RSI Scalping Buy #M123459123
2026.01.02 19:00:02,7044,BTCUSD,sell,out,2.5,90360.50,7044,0.00,0.00,42.50,48 715.37,sl 90360.80
2026.01.02 21:15:00,7045,NVDA.NAS,buy,in,250,189.11,7045,-5.00,0.00,0.00,48 710.37,RSI Scalping Buy #M20003
2026.01.02 23:00:00,7046,XAUUSD,buy,in,0.75,4331.69,7046,-2.63,0.00,0.00,48 707.74,RSI Follow BUY #M1001
2026.01.05 02:00:00,7047,XAUUSD,buy,in,2.5,4372.60,7047,-8.75,0.00,0.00,48 698.99,RSI Scalping Buy #M129102315
2026.01.05 02:00:50,7048,XAUUSD,sell,out,2.5,4374.02,7048,-8.75,0.00,355.00,49 045.24,sl 4374.02
2026.01.05 03:00:00,7049,BTCUSD,buy,in,2.5,92381.00,7049,0.00,0.00,0.00,49 045.24,RSI Scalping Buy #M123459123
2026.01.05 03:00:01,7050,BTCUSD,sell,out,2.5,92399.00,7050,0.00,0.00,45.00,49 090.24,sl 92399.30
2026.01.05 07:00:00,7051,XAUUSD,sell,in,0.75,4404.08,7051,-2.63,0.00,0.00,49 087.61,RSI Reverse SELL #M1002
2026.01.05 07:00:00,7052,XAUUSD,buy,out,0.75,4404.20,7052,-2.63,0.00,-9.00,49 075.98,
2026.01.05 10:45:00,7053,DE40,buy,in,2.5,24764.50,7053,0.00,0.00,0.00,49 075.98,SimpleTrendline BUY #M26042502
2026.01.05 11:30:01,7054,DE40,sell,out,2.5,24726.80,7054,0.00,0.00,-111.67,48 964.31,
2026.01.05 12:00:00,7055,XAUUSD,buy,in,1.25,4434.99,7055,-4.38,0.00,0.00,48 959.93,EMA Crossover Trade BUY #M12350
2026.01.05 12:03:52,7056,XAUUSD,sell,out,1.25,4431.48,7056,-4.38,0.00,-438.75,48 516.80,sl 4431.52
2026.01.05 13:00:00,7057,XAUUSD,buy,in,1.25,4436.42,7057,-4.38,0.00,0.00,48 512.42,EMA Crossover Trade BUY #M12350
2026.01.05 13:00:00,7058,BTCUSD,buy,out,1.05,93065.50,7058,0.00,0.00,20 411.37,68 923.79,
2026.01.05 13:01:51,7059,XAUUSD,sell,out,1.25,4433.62,7059,-4.38,0.00,-350.00,68 569.41,sl 4433.62
2026.01.05 14:00:00,7060,XAUUSD,buy,in,1.25,4419.64,7060,-4.38,0.00,0.00,68 565.03,EMA Crossover Trade BUY #M12350
2026.01.05 14:00:00,7061,XAUUSD,sell,in,2.5,4419.70,7061,-8.75,0.00,0.00,68 556.28,RSI Scalping Sell #M129102315
2026.01.05 14:00:31,7062,XAUUSD,buy,out,2.5,4419.76,7062,-8.75,0.00,-15.00,68 532.53,sl 4419.62
2026.01.05 14:06:39,7063,XAUUSD,sell,out,1.25,4417.68,7063,-4.38,0.00,-245.00,68 283.15,sl 4417.69
2026.01.05 15:00:00,7064,XAUUSD,buy,in,1.25,4409.71,7064,-4.38,0.00,0.00,68 278.77,EMA Crossover Trade BUY #M12350
2026.01.05 15:08:07,7065,XAUUSD,sell,out,1.25,4414.88,7065,-4.38,0.00,646.25,68 920.64,sl 4415.01
2026.01.05 16:00:00,7066,XAUUSD,buy,in,1.25,4417.02,7066,-4.38,0.00,0.00,68 916.26,EMA Crossover Trade BUY #M12350
2026.01.05 16:00:00,7067,XAUUSD,buy,in,0.5,4417.22,7067,-1.75,0.00,0.00,68 914.51,RSIConsolidation BUY #M20250420
2026.01.05 16:00:00,7068,XAUUSD,buy,in,0.25,4417.40,7068,-0.88,0.00,0.00,68 913.63,SimpleTrendline BUY #M26042503
2026.01.05 16:00:01,7069,XAUUSD,sell,out,0.5,4417.38,7069,-1.75,0.00,8.00,68 919.88,
2026.01.05 16:06:29,7070,XAUUSD,sell,out,1.25,4420.53,7070,-4.38,0.00,438.75,69 354.25,sl 4420.76
2026.01.05 17:00:00,7071,XAUUSD,buy,in,1.25,4436.80,7071,-4.38,0.00,0.00,69 349.87,EMA Crossover Trade BUY #M12350
2026.01.05 17:00:00,7072,XAUUSD,buy,in,0.5,4438.08,7072,-1.75,0.00,0.00,69 348.12,United SuperEMA long #M940001
2026.01.05 17:06:42,7073,XAUUSD,sell,out,1.25,4451.03,7073,-4.38,0.00,1 778.75,71 122.49,sl 4451.09
2026.01.05 17:15:00,7074,DE40,buy,in,2.5,24804.70,7074,0.00,0.00,0.00,71 122.49,SimpleTrendline BUY #M26042502
2026.01.05 18:00:00,7075,XAUUSD,buy,in,1.25,4448.63,7075,-4.38,0.00,0.00,71 118.11,EMA Crossover Trade BUY #M12350
2026.01.05 18:00:00,7076,BTCUSD,buy,in,2.5,93974.50,7076,0.00,0.00,0.00,71 118.11,RSI Scalping Buy #M123459123
2026.01.05 18:00:11,7077,BTCUSD,sell,out,2.5,93975.00,7077,0.00,0.00,1.25,71 119.36,sl 93976.80
2026.01.05 18:03:53,7078,XAUUSD,sell,out,1.25,4447.71,7078,-4.38,0.00,-115.00,70 999.98,sl 4447.73
2026.01.05 18:45:00,7079,XAUUSD,sell,in,0.5,4445.08,7079,-1.75,0.00,0.00,70 998.23,RSIConsolidation SELL #M2025042
2026.01.05 19:00:00,7080,XAUUSD,buy,in,1.25,4441.90,7080,-4.38,0.00,0.00,70 993.85,EMA Crossover Trade BUY #M12350
2026.01.05 19:00:04,7081,NVDA.NAS,sell,out,250,189.19,7081,-5.00,-0.16,20.00,71 008.69,sl 189.19
2026.01.05 19:01:18,7082,XAUUSD,sell,out,1.25,4438.32,7082,-4.38,0.00,-447.50,70 556.81,sl 4438.53
2026.01.05 19:15:00,7083,NVDA.NAS,sell,in,250,187.85,7083,-5.00,0.00,0.00,70 551.81,RSI Scalping Sell #M20003
2026.01.05 19:30:00,7084,NVDA.NAS,buy,out,250,187.62,7084,-5.00,0.00,57.50,70 604.31,
2026.01.05 19:45:00,7085,XAUUSD,buy,out,0.5,4439.65,7085,-1.75,0.00,271.50,70 874.06,
2026.01.05 20:00:00,7086,XAUUSD,buy,in,1.25,4443.81,7086,-4.38,0.00,0.00,70 869.68,EMA Crossover Trade BUY #M12350
2026.01.05 20:00:00,7087,BTCUSD,buy,in,2.5,94338.00,7087,0.00,0.00,0.00,70 869.68,RSI Scalping Buy #M123459123
2026.01.05 20:00:09,7088,BTCUSD,sell,out,2.5,94346.00,7088,0.00,0.00,20.00,70 889.68,sl 94347.80
2026.01.05 20:19:07,7089,XAUUSD,sell,out,1.25,4444.87,7089,-4.38,0.00,132.50,71 017.80,sl 4444.87
2026.01.05 20:45:01,7090,NVDA.NAS,buy,in,250,188.19,7090,-5.00,0.00,0.00,71 012.80,RSI Scalping Buy #M20003
2026.01.05 21:15:00,7091,XAUUSD,sell,out,0.5,4439.99,7091,-1.75,0.00,95.50,71 106.55,
2026.01.05 22:00:00,7092,NVDA.NAS,sell,out,250,186.72,7092,-5.00,0.00,-367.50,70 734.05,
2026.01.05 22:15:01,7093,NVDA.NAS,buy,in,250,187.24,7093,-5.00,0.00,0.00,70 729.05,RSI Scalping Buy #M20003
2026.01.06 01:45:01,7094,XAUUSD,sell,in,0.5,4443.10,7094,-1.75,0.00,0.00,70 727.30,RSIConsolidation SELL #M2025042
2026.01.06 01:45:02,7095,XAUUSD,buy,out,0.5,4442.57,7095,-1.75,0.00,26.50,70 752.05,
2026.01.06 02:00:00,7096,XAUUSD,sell,out,0.25,4440.64,7096,-0.88,-12.97,581.00,71 319.20,
2026.01.06 04:15:01,7097,XAUUSD,buy,in,0.5,4459.06,7097,-1.75,0.00,0.00,71 317.45,United SuperEMA long #M940001
2026.01.06 06:00:00,7098,XAUUSD,buy,in,0.07,4467.76,7098,-0.25,0.00,0.00,71 317.20,WP Buy #M20260526
2026.01.06 07:39:23,7099,XAUUSD,sell,out,0.07,4466.48,7099,-0.25,0.00,-8.96,71 307.99,sl 4466.62
2026.01.06 08:00:00,7100,XAUUSD,sell,out,0.5,4452.68,7100,-1.75,0.00,-319.00,70 987.24,
2026.01.06 10:15:00,7101,DE40,sell,out,2.5,24868.60,7101,0.00,-13.38,189.28,71 163.14,
2026.01.06 10:30:00,7102,DE40,sell,in,2.5,24845.60,7102,0.00,0.00,0.00,71 163.14,SimpleTrendline SELL #M26042502
2026.01.06 10:45:01,7103,DE40,buy,out,2.5,24878.10,7103,0.00,0.00,-96.27,71 066.87,
2026.01.06 11:45:01,7104,DE40,buy,in,2.5,24905.80,7104,0.00,0.00,0.00,71 066.87,SimpleTrendline BUY #M26042502
2026.01.06 12:00:00,7105,DE40,sell,out,2.5,24861.80,7105,0.00,0.00,-130.34,70 936.53,
2026.01.06 12:45:06,7106,DE40,buy,in,0.2,24887.80,7106,0.00,0.00,0.00,70 936.53,SimpleTrendline BUY #M26042502
2026.01.06 13:00:00,7107,DE40,sell,out,0.2,24872.80,7107,0.00,0.00,-3.55,70 932.98,
2026.01.06 14:00:00,7108,XAUUSD,buy,in,2.5,4463.41,7108,-8.75,0.00,0.00,70 924.23,RSI Scalping Buy #M129102315
2026.01.06 14:00:00,7109,DE40,buy,in,0.2,24918.30,7109,0.00,0.00,0.00,70 924.23,SimpleTrendline BUY #M26042502
2026.01.06 14:00:31,7110,XAUUSD,sell,out,2.5,4463.86,7110,-8.75,0.00,112.50,71 027.98,sl 4463.86
2026.01.06 15:00:00,7111,XAUUSD,buy,in,0.25,4463.68,7111,-0.88,0.00,0.00,71 027.10,SimpleTrendline BUY #M26042503
2026.01.06 15:15:00,7112,XAUUSD,buy,in,0.5,4465.70,7112,-1.75,0.00,0.00,71 025.35,United SuperEMA long #M940001
2026.01.06 16:45:00,7113,DE40,sell,out,0.2,24931.80,7113,0.00,0.00,3.20,71 028.55,
2026.01.06 18:03:09,7114,NVDA.NAS,sell,out,250,188.34,7114,-5.00,-0.04,275.00,71 298.51,sl 188.38
2026.01.06 21:30:00,7115,XAUUSD,sell,out,0.5,4480.85,7115,-1.75,0.00,757.50,72 054.26,
2026.01.06 21:30:00,7116,NVDA.NAS,buy,in,250,187.99,7116,-5.00,0.00,0.00,72 049.26,RSI Scalping Buy #M20003
2026.01.07 04:00:00,7117,XAUUSD,sell,out,0.25,4465.38,7117,-0.88,-12.97,42.50,72 077.91,
2026.01.07 04:15:11,7118,DE40,buy,in,0.2,24959.90,7118,0.00,0.00,0.00,72 077.91,SimpleTrendline BUY #M26042502
2026.01.07 07:46:00,7119,DE40,sell,out,0.2,24960.20,7119,0.00,0.00,0.07,72 077.98,
2026.01.07 08:15:03,7120,DE40,buy,in,1.2,24967.40,7120,0.00,0.00,0.00,72 077.98,SimpleTrendline BUY #M26042502
2026.01.07 08:45:00,7121,XAUUSD,sell,in,0.5,4446.52,7121,-1.75,0.00,0.00,72 076.23,United SuperEMA short #M940001
2026.01.07 08:45:00,7122,DE40,sell,out,1.2,24956.20,7122,0.00,0.00,-15.92,72 060.31,
2026.01.07 09:30:00,7123,DE40,buy,in,1.2,24999.30,7123,0.00,0.00,0.00,72 060.31,SimpleTrendline BUY #M26042502
2026.01.07 10:00:00,7124,XAUUSD,buy,out,0.5,4461.20,7124,-1.75,0.00,-734.00,71 324.56,
2026.01.07 10:00:00,7125,DE40,sell,out,1.2,24993.30,7125,0.00,0.00,-8.53,71 316.03,
2026.01.07 10:45:00,7126,XAUUSD,buy,in,0.5,4466.93,7126,-1.75,0.00,0.00,71 314.28,United SuperEMA long #M940001
2026.01.07 12:00:00,7127,XAUUSD,sell,in,0.25,4463.03,7127,-0.88,0.00,0.00,71 313.40,SimpleTrendline SELL #M26042503
2026.01.07 12:45:00,7128,DE40,buy,in,1.2,25057.10,7128,0.00,0.00,0.00,71 313.40,SimpleTrendline BUY #M26042502
2026.01.07 13:30:00,7129,XAUUSD,sell,out,0.5,4459.10,7129,-1.75,0.00,-391.50,70 920.15,
2026.01.07 13:30:01,7130,DE40,sell,out,1.2,25055.10,7130,0.00,0.00,-2.84,70 917.31,
2026.01.07 13:45:00,7131,XAUUSD,sell,in,0.4,4450.74,7131,-1.40,0.00,0.00,70 915.91,United SuperEMA short #M940001
2026.01.07 17:45:00,7132,XAUUSD,buy,out,0.4,4442.29,7132,-1.40,0.00,338.00,71 252.51,
2026.01.07 19:00:00,7133,BTCUSD,sell,in,1.75,91183.00,7133,0.00,0.00,0.00,71 252.51,SimpleTrendline SELL #M26042501
2026.01.07 19:00:00,7134,XAUUSD,buy,out,0.25,4464.13,7134,-0.88,0.00,-27.50,71 224.13,
2026.01.07 20:00:00,7135,BTCUSD,buy,out,1.75,91185.00,7135,0.00,0.00,-3.50,71 220.63,
2026.01.08 02:45:01,7136,XAUUSD,sell,in,0.5,4451.43,7136,-1.75,0.00,0.00,71 218.88,RSIConsolidation SELL #M2025042
2026.01.08 02:45:03,7137,XAUUSD,buy,out,0.5,4451.40,7137,-1.75,0.00,1.50,71 218.63,
2026.01.08 02:45:06,7138,DE40,buy,in,0.2,25088.90,7138,0.00,0.00,0.00,71 218.63,SimpleTrendline BUY #M26042502
2026.01.08 04:00:00,7139,XAUUSD,sell,in,0.5,4448.41,7139,-1.75,0.00,0.00,71 216.88,United SuperEMA short #M940001
2026.01.08 05:30:01,7140,DE40,sell,out,0.2,25112.20,7140,0.00,0.00,5.52,71 222.40,
2026.01.08 07:00:00,7141,XAUUSD,sell,in,0.75,4431.54,7141,-2.63,0.00,0.00,71 219.77,RSI Reverse SELL #M1002
2026.01.08 07:00:00,7142,XAUUSD,buy,out,0.75,4431.62,7142,-2.63,0.00,-6.00,71 211.14,
2026.01.08 09:00:00,7143,XAUUSD,buy,out,0.5,4433.65,7143,-1.75,0.00,738.00,71 947.39,
2026.01.08 09:45:03,7144,DE40,sell,in,1.2,25087.80,7144,0.00,0.00,0.00,71 947.39,SimpleTrendline SELL #M26042502
2026.01.08 10:15:00,7145,DE40,buy,out,1.2,25184.60,7145,0.00,0.00,-137.63,71 809.76,
2026.01.08 12:00:00,7146,BTCUSD,sell,in,1.75,89901.50,7146,0.00,0.00,0.00,71 809.76,SimpleTrendline SELL #M26042501
2026.01.08 13:00:00,7147,BTCUSD,buy,out,1.75,90321.00,7147,0.00,0.00,-734.13,71 075.63,
2026.01.08 14:15:01,7148,XAUUSD,sell,in,0.5,4412.27,7148,-1.75,0.00,0.00,71 073.88,United SuperEMA short #M940001
2026.01.08 15:00:00,7149,XAUUSD,buy,out,0.5,4427.42,7149,-1.75,0.00,-757.50,70 314.63,
2026.01.08 16:00:00,7150,XAUUSD,sell,in,0.25,4422.46,7150,-0.88,0.00,0.00,70 313.75,SimpleTrendline SELL #M26042503
2026.01.08 16:41:44,7151,NVDA.NAS,sell,out,250,187.59,7151,-5.00,-0.08,-100.00,70 208.67,sl 187.61
2026.01.08 16:45:00,7152,NVDA.NAS,sell,in,200,186.95,7152,-4.00,0.00,0.00,70 204.67,RSI Scalping Sell #M20003
2026.01.08 17:00:00,7153,NVDA.NAS,buy,out,200,185.04,7153,-4.00,0.00,382.00,70 582.67,
2026.01.08 17:45:00,7154,NVDA.NAS,buy,in,250,186.87,7154,-5.00,0.00,0.00,70 577.67,RSI Scalping Buy #M20003
2026.01.08 18:00:00,7155,XAUUSD,buy,out,0.25,4454.29,7155,-0.88,0.00,-795.75,69 781.04,
2026.01.08 18:00:00,7156,XAUUSD,buy,in,0.25,4454.83,7156,-0.88,0.00,0.00,69 780.16,SimpleTrendline BUY #M26042503
2026.01.08 18:30:00,7157,XAUUSD,sell,in,0.5,4453.65,7157,-1.75,0.00,0.00,69 778.41,RSIConsolidation SELL #M2025042
2026.01.08 19:00:00,7158,XAUUSD,buy,in,2.5,4463.37,7158,-8.75,0.00,0.00,69 769.66,RSI Scalping Buy #M129102315
2026.01.08 19:00:00,7159,NVDA.NAS,sell,out,250,184.81,7159,-5.00,0.00,-515.00,69 249.66,
2026.01.08 19:00:12,7160,XAUUSD,sell,out,2.5,4463.67,7160,-8.75,0.00,75.00,69 315.91,sl 4463.77
2026.01.08 20:30:00,7161,XAUUSD,buy,out,0.5,4452.22,7161,-1.75,0.00,71.50,69 385.66,
2026.01.08 20:30:00,7162,NVDA.NAS,buy,in,250,184.75,7162,-5.00,0.00,0.00,69 380.66,RSI Scalping Buy #M20003
2026.01.08 22:30:00,7163,XAUUSD,buy,in,0.5,4470.77,7163,-1.75,0.00,0.00,69 378.91,United SuperEMA long #M940001
2026.01.08 23:00:00,7164,XAUUSD,buy,in,1.25,4476.46,7164,-4.38,0.00,0.00,69 374.53,EMA Crossover Trade BUY #M12350
2026.01.08 23:00:00,7165,XAUUSD,buy,in,2.5,4476.43,7165,-8.75,0.00,0.00,69 365.78,RSI Scalping Buy #M129102315
2026.01.08 23:00:35,7166,XAUUSD,sell,out,2.5,4478.64,7166,-8.75,0.00,552.50,69 909.53,sl 4478.64
2026.01.08 23:17:37,7167,XAUUSD,sell,out,1.25,4475.68,7167,-4.38,0.00,-97.50,69 807.65,sl 4475.69
2026.01.09 02:00:00,7168,XAUUSD,buy,in,1.25,4475.85,7168,-4.38,0.00,0.00,69 803.27,EMA Crossover Trade BUY #M12350
2026.01.09 02:13:32,7169,XAUUSD,sell,out,1.25,4472.86,7169,-4.38,0.00,-373.75,69 425.14,sl 4472.86
2026.01.09 02:30:00,7170,XAUUSD,sell,out,0.5,4465.77,7170,-1.75,-25.95,-250.00,69 147.44,
2026.01.09 02:30:00,7171,XAUUSD,sell,in,0.5,4465.81,7171,-1.75,0.00,0.00,69 145.69,RSIConsolidation SELL #M2025042
2026.01.09 02:30:00,7172,XAUUSD,buy,out,0.5,4465.96,7172,-1.75,0.00,-7.50,69 136.44,
2026.01.09 03:00:00,7173,XAUUSD,sell,out,0.25,4463.53,7173,-0.88,-12.97,217.50,69 340.09,
2026.01.09 04:00:00,7174,XAUUSD,buy,in,2.5,4469.22,7174,-8.75,0.00,0.00,69 331.34,RSI Scalping Buy #M129102315
2026.01.09 04:00:00,7175,XAUUSD,buy,in,0.25,4469.74,7175,-0.88,0.00,0.00,69 330.46,SimpleTrendline BUY #M26042503
2026.01.09 04:00:45,7176,XAUUSD,sell,out,2.5,4472.10,7176,-8.75,0.00,720.00,70 041.71,sl 4472.10
2026.01.09 06:00:00,7177,XAUUSD,sell,out,0.25,4464.16,7177,-0.88,0.00,-139.50,69 901.33,
2026.01.09 07:00:00,7178,XAUUSD,sell,in,0.75,4464.08,7178,-2.63,0.00,0.00,69 898.70,RSI Reverse SELL #M1002
2026.01.09 07:00:00,7179,XAUUSD,buy,out,0.75,4464.29,7179,-2.63,0.00,-15.75,69 880.32,
2026.01.09 07:00:01,7180,XAUUSD,buy,in,0.25,4464.29,7180,-0.88,0.00,0.00,69 879.44,SimpleTrendline BUY #M26042503
2026.01.09 09:00:00,7181,XAUUSD,buy,in,2.5,4474.31,7181,-8.75,0.00,0.00,69 870.69,RSI Scalping Buy #M129102315
2026.01.09 09:03:21,7182,XAUUSD,sell,out,2.5,4474.69,7182,-8.75,0.00,95.00,69 956.94,sl 4474.69
2026.01.09 09:30:00,7183,XAUUSD,sell,in,0.5,4470.80,7183,-1.75,0.00,0.00,69 955.19,RSIConsolidation SELL #M2025042
2026.01.09 09:30:00,7184,DE40,sell,in,1.2,25145.40,7184,0.00,0.00,0.00,69 955.19,SimpleTrendline SELL #M26042502
2026.01.09 10:45:00,7185,XAUUSD,buy,out,0.5,4466.86,7185,-1.75,0.00,197.00,70 150.44,
2026.01.09 11:15:00,7186,DE40,buy,out,1.2,25148.30,7186,0.00,0.00,-4.12,70 146.32,
2026.01.09 12:00:00,7187,XAUUSD,buy,in,2.5,4471.25,7187,-8.75,0.00,0.00,70 137.57,RSI Scalping Buy #M129102315
2026.01.09 12:01:17,7188,XAUUSD,sell,out,2.5,4471.33,7188,-8.75,0.00,20.00,70 148.82,sl 4471.37
2026.01.09 12:15:00,7189,DE40,sell,in,0.2,25133.30,7189,0.00,0.00,0.00,70 148.82,SimpleTrendline SELL #M26042502
2026.01.09 12:30:04,7190,DE40,buy,out,0.2,25145.80,7190,0.00,0.00,-2.96,70 145.86,
2026.01.09 13:15:00,7191,DE40,buy,in,0.2,25192.30,7191,0.00,0.00,0.00,70 145.86,SimpleTrendline BUY #M26042502
2026.01.09 14:30:00,7192,XAUUSD,sell,in,0.5,4468.23,7192,-1.75,0.00,0.00,70 144.11,RSIConsolidation SELL #M2025042
2026.01.09 14:30:00,7193,XAUUSD,buy,out,0.5,4468.29,7193,-1.75,0.00,-3.00,70 139.36,
2026.01.09 15:00:00,7194,XAUUSD,sell,out,0.25,4466.15,7194,-0.88,0.00,46.50,70 184.98,
2026.01.09 15:45:00,7195,XAUUSD,buy,in,0.5,4487.47,7195,-1.75,0.00,0.00,70 183.23,United SuperEMA long #M940001
2026.01.09 16:00:00,7196,XAUUSD,buy,in,1.25,4482.09,7196,-4.38,0.00,0.00,70 178.85,EMA Crossover Trade BUY #M12350
2026.01.09 16:00:00,7197,XAUUSD,buy,in,2.5,4481.49,7197,-8.75,0.00,0.00,70 170.10,RSI Scalping Buy #M129102315
2026.01.09 16:00:00,7198,XAUUSD,buy,in,0.25,4481.58,7198,-0.88,0.00,0.00,70 169.22,SimpleTrendline BUY #M26042503
2026.01.09 16:00:02,7199,XAUUSD,sell,out,2.5,4485.63,7199,-8.75,0.00,1 035.00,71 195.47,sl 4485.73
2026.01.09 16:04:21,7200,XAUUSD,sell,out,1.25,4484.22,7200,-4.38,0.00,266.25,71 457.34,sl 4484.43
2026.01.09 17:00:00,7201,XAUUSD,buy,in,1.25,4494.74,7201,-4.38,0.00,0.00,71 452.96,EMA Crossover Trade BUY #M12350
2026.01.09 17:04:39,7202,XAUUSD,sell,out,1.25,4495.16,7202,-4.38,0.00,52.50,71 501.08,sl 4495.24
2026.01.09 18:00:00,7203,XAUUSD,buy,in,1.25,4513.03,7203,-4.38,0.00,0.00,71 496.70,EMA Crossover Trade BUY #M12350
2026.01.09 18:00:00,7204,TSLA.NAS,buy,in,0.6,442.84,7204,-0.02,0.00,0.00,71 496.68,WP Buy #M20260530
2026.01.09 18:05:32,7205,XAUUSD,sell,out,1.25,4510.54,7205,-4.38,0.00,-311.25,71 181.05,sl 4510.58
2026.01.09 18:27:32,7206,TSLA.NAS,sell,out,0.6,442.39,7206,-0.02,0.00,-0.27,71 180.76,sl 442.41
2026.01.09 18:30:00,7207,XAUUSD,sell,in,0.5,4503.82,7207,-1.75,0.00,0.00,71 179.01,RSIConsolidation SELL #M2025042
2026.01.09 19:00:00,7208,XAUUSD,buy,in,1.25,4507.59,7208,-4.38,0.00,0.00,71 174.63,EMA Crossover Trade BUY #M12350
2026.01.09 19:00:00,7209,XAUUSD,sell,in,2.5,4507.53,7209,-8.75,0.00,0.00,71 165.88,RSI Scalping Sell #M129102315
2026.01.09 19:00:00,7210,XAUUSD,buy,in,0.07,4507.88,7210,-0.25,0.00,0.00,71 165.63,WP Buy #M20260526
2026.01.09 19:00:00,7211,TSLA.NAS,buy,in,0.6,443.58,7211,-0.02,0.00,0.00,71 165.61,WP Buy #M20260530
2026.01.09 19:03:34,7212,XAUUSD,sell,out,1.25,4507.65,7212,-4.38,0.00,7.50,71 168.73,sl 4507.75
2026.01.09 19:04:05,7213,XAUUSD,buy,out,2.5,4505.86,7213,-8.75,0.00,417.50,71 577.48,sl 4505.59
2026.01.09 19:53:37,7214,XAUUSD,sell,out,0.07,4492.47,7214,-0.25,0.00,-107.87,71 469.36,sl 4492.59
2026.01.09 20:00:00,7215,XAUUSD,buy,in,1.25,4483.92,7215,-4.38,0.00,0.00,71 464.98,EMA Crossover Trade BUY #M12350
2026.01.09 20:00:00,7216,XAUUSD,sell,out,0.5,4483.79,7216,-1.75,0.00,-184.00,71 279.23,
2026.01.09 20:00:00,7217,XAUUSD,buy,out,0.5,4483.98,7217,-1.75,0.00,992.00,72 269.48,
2026.01.09 20:00:00,7218,XAUUSD,sell,out,0.25,4483.89,7218,-0.88,0.00,57.75,72 326.35,
2026.01.09 20:02:45,7219,XAUUSD,sell,out,1.25,4484.36,7219,-4.38,0.00,55.00,72 376.97,sl 4484.41
2026.01.09 20:16:18,7220,TSLA.NAS,sell,out,0.6,447.18,7220,-0.02,0.00,2.16,72 379.11,sl 447.18
2026.01.09 21:00:00,7221,XAUUSD,buy,in,1.25,4496.44,7221,-4.38,0.00,0.00,72 374.73,EMA Crossover Trade BUY #M12350
2026.01.09 21:00:00,7222,XAUUSD,buy,in,2.5,4496.54,7222,-8.75,0.00,0.00,72 365.98,RSI Scalping Buy #M129102315
2026.01.09 21:00:00,7223,XAUUSD,buy,in,0.25,4496.90,7223,-0.88,0.00,0.00,72 365.10,SimpleTrendline BUY #M26042503
2026.01.09 21:00:00,7224,TSLA.NAS,buy,in,0.6,447.66,7224,-0.02,0.00,0.00,72 365.08,WP Buy #M20260530
2026.01.09 21:00:55,7225,XAUUSD,sell,out,2.5,4497.34,7225,-8.75,0.00,200.00,72 556.33,sl 4497.35
2026.01.09 21:04:52,7226,XAUUSD,sell,out,1.25,4494.35,7226,-4.38,0.00,-261.25,72 290.70,sl 4494.36
2026.01.09 22:00:00,7227,XAUUSD,buy,in,1.25,4498.01,7227,-4.38,0.00,0.00,72 286.32,EMA Crossover Trade BUY #M12350
2026.01.09 22:18:37,7228,TSLA.NAS,sell,out,0.6,444.66,7228,-0.02,0.00,-1.80,72 284.50,sl 444.66
2026.01.09 22:20:17,7229,XAUUSD,sell,out,1.25,4505.43,7229,-4.38,0.00,927.50,73 207.62,sl 4505.58
2026.01.09 23:00:00,7230,XAUUSD,buy,in,0.5,4507.35,7230,-1.75,0.00,0.00,73 205.87,United SuperEMA long #M940001
2026.01.12 01:15:00,7231,DE40,sell,out,0.2,25270.50,7231,0.00,-3.21,18.53,73 221.19,
2026.01.12 02:00:00,7232,XAUUSD,sell,out,0.25,4540.15,7232,-0.88,-12.97,1 081.25,74 288.59,
2026.01.12 02:00:00,7233,XAUUSD,buy,in,0.07,4539.90,7233,-0.25,0.00,0.00,74 288.34,WP Buy #M20260526
2026.01.12 02:24:20,7234,XAUUSD,sell,out,0.07,4556.64,7234,-0.25,0.00,117.18,74 405.27,sl 4557.02
2026.01.12 03:00:00,7235,XAUUSD,buy,in,0.07,4589.01,7235,-0.25,0.00,0.00,74 405.02,WP Buy #M20260526
2026.01.12 03:02:25,7236,XAUUSD,sell,out,0.07,4587.22,7236,-0.25,0.00,-12.53,74 392.24,sl 4587.26
2026.01.12 04:00:00,7237,DE40,buy,in,1.2,25239.20,7237,0.00,0.00,0.00,74 392.24,SimpleTrendline BUY #M26042502
2026.01.12 04:15:27,7238,DE40,sell,out,1.2,25225.00,7238,0.00,0.00,-20.19,74 372.05,
2026.01.12 05:00:00,7239,BTCUSD,buy,in,2.5,92101.00,7239,0.00,0.00,0.00,74 372.05,RSI Scalping Buy #M123459123
2026.01.12 05:00:05,7240,BTCUSD,sell,out,2.5,92214.50,7240,0.00,0.00,283.75,74 655.80,sl 92216.80
2026.01.12 06:00:00,7241,XAUUSD,sell,in,2.5,4570.76,7241,-8.75,0.00,0.00,74 647.05,RSI Scalping Sell #M129102315
2026.01.12 06:00:00,7242,XAUUSD,sell,out,0.5,4570.82,7242,-1.75,-25.95,3 173.50,77 792.85,
2026.01.12 06:02:47,7243,XAUUSD,buy,out,2.5,4566.68,7243,-8.75,0.00,1 020.00,78 804.10,sl 4566.68
2026.01.12 09:00:00,7244,XAUUSD,sell,in,2.5,4578.49,7244,-8.75,0.00,0.00,78 795.35,RSI Scalping Sell #M129102315
2026.01.12 09:01:10,7245,XAUUSD,buy,out,2.5,4575.66,7245,-8.75,0.00,707.50,79 494.10,sl 4575.62
2026.01.12 11:15:03,7246,DE40,buy,in,0.2,25282.30,7246,0.00,0.00,0.00,79 494.10,SimpleTrendline BUY #M26042502
2026.01.12 12:00:00,7247,XAUUSD,sell,in,2.5,4589.27,7247,-8.75,0.00,0.00,79 485.35,RSI Scalping Sell #M129102315
2026.01.12 12:00:00,7248,DE40,sell,out,0.2,25282.30,7248,0.00,0.00,0.00,79 485.35,
2026.01.12 12:08:44,7249,XAUUSD,buy,out,2.5,4587.69,7249,-8.75,0.00,395.00,79 871.60,sl 4587.68
2026.01.12 14:00:00,7250,XAUUSD,sell,in,2.5,4584.53,7250,-8.75,0.00,0.00,79 862.85,RSI Scalping Sell #M129102315
2026.01.12 14:00:12,7251,XAUUSD,buy,out,2.5,4584.36,7251,-8.75,0.00,42.50,79 896.60,sl 4584.28
2026.01.12 16:15:00,7252,DE40,buy,in,0.2,25367.30,7252,0.00,0.00,0.00,79 896.60,SimpleTrendline BUY #M26042502
2026.01.12 17:00:00,7253,XAUUSD,sell,in,2.5,4602.00,7253,-8.75,0.00,0.00,79 887.85,RSI Scalping Sell #M129102315
2026.01.12 17:15:00,7254,XAUUSD,buy,in,0.5,4617.71,7254,-1.75,0.00,0.00,79 886.10,United SuperEMA long #M940001
2026.01.12 20:00:00,7255,DE40,sell,out,0.2,25406.10,7255,0.00,0.00,9.19,79 895.29,
2026.01.12 20:15:01,7256,XAUUSD,sell,out,0.5,4607.22,7256,-1.75,0.00,-524.50,79 369.04,
2026.01.12 20:26:46,7257,XAUUSD,buy,out,2.5,4601.84,7257,-8.75,0.00,40.00,79 400.29,sl 4601.82
2026.01.13 05:00:00,7258,XAUUSD,buy,in,0.5,4594.22,7258,-1.75,0.00,0.00,79 398.54,United SuperEMA long #M940001
2026.01.13 07:00:00,7259,BTCUSD,buy,in,1.75,91430.50,7259,0.00,0.00,0.00,79 398.54,SimpleTrendline BUY #M26042501
2026.01.13 07:00:00,7260,XAUUSD,buy,in,0.25,4596.47,7260,-0.88,0.00,0.00,79 397.66,SimpleTrendline BUY #M26042503
2026.01.13 08:00:00,7261,XAUUSD,sell,out,0.25,4592.00,7261,-0.88,0.00,-111.75,79 285.03,
2026.01.13 08:00:00,7262,XAUUSD,sell,in,0.25,4592.00,7262,-0.88,0.00,0.00,79 284.15,SimpleTrendline SELL #M26042503
2026.01.13 08:15:00,7263,XAUUSD,sell,out,0.5,4590.33,7263,-1.75,0.00,-194.50,79 087.90,
2026.01.13 10:00:00,7264,XAUUSD,buy,out,0.25,4580.26,7264,-0.88,0.00,293.50,79 380.52,
2026.01.13 10:30:00,7265,DE40,buy,in,1.2,25426.70,7265,0.00,0.00,0.00,79 380.52,SimpleTrendline BUY #M26042502
2026.01.13 11:15:00,7266,DE40,sell,out,1.2,25376.20,7266,0.00,0.00,-71.80,79 308.72,
2026.01.13 15:00:00,7267,XAUUSD,buy,in,0.25,4593.34,7267,-0.88,0.00,0.00,79 307.84,United SuperEMA long #M940001
2026.01.13 16:00:00,7268,XAUUSD,buy,in,2.5,4611.54,7268,-8.75,0.00,0.00,79 299.09,RSI Scalping Buy #M129102315
2026.01.13 16:01:15,7269,XAUUSD,sell,out,2.5,4612.31,7269,-8.75,0.00,192.50,79 482.84,sl 4612.31
2026.01.13 17:15:00,7270,NVDA.NAS,sell,out,250,184.24,7270,-5.00,-0.20,-127.50,79 350.14,
2026.01.13 18:00:00,7271,DE40,buy,in,1.2,25435.40,7271,0.00,0.00,0.00,79 350.14,SimpleTrendline BUY #M26042502
2026.01.13 18:00:01,7272,NVDA.NAS,buy,in,250,184.81,7272,-5.00,0.00,0.00,79 345.14,RSI Scalping Buy #M20003
2026.01.13 18:30:00,7273,XAUUSD,sell,out,0.25,4598.31,7273,-0.88,0.00,124.25,79 468.51,
2026.01.13 18:30:00,7274,DE40,sell,out,1.2,25415.30,7274,0.00,0.00,-28.58,79 439.93,
2026.01.13 20:00:00,7275,TSLA.NAS,sell,in,375,446.94,7275,-7.50,0.00,0.00,79 432.43,RSI Scalping Sell #M125421321
2026.01.13 21:15:00,7276,DE40,sell,in,1.2,25377.00,7276,0.00,0.00,0.00,79 432.43,SimpleTrendline SELL #M26042502
2026.01.13 21:30:00,7277,DE40,buy,out,1.2,25394.30,7277,0.00,0.00,-24.60,79 407.83,
2026.01.13 21:36:13,7278,NVDA.NAS,sell,out,250,184.34,7278,-5.00,0.00,-117.50,79 285.33,sl 184.34
2026.01.13 21:45:00,7279,NVDA.NAS,sell,in,250,184.30,7279,-5.00,0.00,0.00,79 280.33,RSI Scalping Sell #M20003
2026.01.13 22:00:00,7280,BTCUSD,buy,in,2.5,94200.23,7280,0.00,0.00,0.00,79 280.33,RSI Scalping Buy #M123459123
2026.01.13 22:00:01,7281,BTCUSD,sell,out,2.5,94199.85,7281,0.00,0.00,-0.95,79 279.38,sl 94207.99
2026.01.13 22:30:00,7282,DE40,sell,in,1,25373.50,7282,0.00,0.00,0.00,79 279.38,SimpleTrendline SELL #M26042502
2026.01.13 23:00:00,7283,DE40,buy,out,1,25391.40,7283,0.00,0.00,-21.21,79 258.17,
2026.01.14 01:00:00,7284,BTCUSD,buy,in,2,95721.85,7284,0.00,0.00,0.00,79 258.17,RSI Scalping Buy #M123459123
2026.01.14 01:00:00,7285,BTCUSD,sell,out,2,95724.83,7285,0.00,0.00,5.96,79 264.13,sl 95727.74
2026.01.14 02:00:00,7286,XAUUSD,buy,in,0.5,4597.58,7286,-1.75,0.00,0.00,79 262.38,United SuperEMA long #M940001
2026.01.14 04:00:00,7287,XAUUSD,buy,in,2.5,4619.42,7287,-8.75,0.00,0.00,79 253.63,RSI Scalping Buy #M129102315
2026.01.14 04:03:19,7288,XAUUSD,sell,out,2.5,4619.98,7288,-8.75,0.00,140.00,79 384.88,sl 4619.99
2026.01.14 06:00:00,7289,BTCUSD,buy,in,2.5,95656.18,7289,0.00,0.00,0.00,79 384.88,RSI Scalping Buy #M123459123
2026.01.14 06:00:36,7290,BTCUSD,sell,out,2.5,95657.30,7290,0.00,0.00,2.80,79 387.68,sl 95665.71
2026.01.14 07:15:02,7291,DE40,sell,in,0.2,25403.50,7291,0.00,0.00,0.00,79 387.68,SimpleTrendline SELL #M26042502
2026.01.14 09:15:01,7292,DE40,buy,out,0.2,25413.10,7292,0.00,0.00,-2.27,79 385.41,
2026.01.14 10:15:00,7293,XAUUSD,sell,out,0.5,4627.46,7293,-1.75,0.00,1 494.00,80 877.66,
2026.01.14 12:15:10,7294,DE40,sell,in,0.2,25381.10,7294,0.00,0.00,0.00,80 877.66,SimpleTrendline SELL #M26042502
2026.01.14 16:35:00,7295,NVDA.NAS,buy,out,250,183.44,7295,-5.00,0.01,215.00,81 087.67,
2026.01.14 16:45:00,7296,NVDA.NAS,sell,in,250,182.28,7296,-5.00,0.00,0.00,81 082.67,RSI Scalping Sell #M20003
2026.01.14 17:00:00,7297,NVDA.NAS,buy,out,250,181.69,7297,-5.00,0.00,147.50,81 225.17,
2026.01.14 18:00:00,7298,BTCUSD,buy,in,2.5,96759.11,7298,0.00,0.00,0.00,81 225.17,RSI Scalping Buy #M123459123
2026.01.14 18:00:00,7299,XAUUSD,buy,in,0.25,4618.83,7299,-0.88,0.00,0.00,81 224.29,SimpleTrendline BUY #M26042503
2026.01.14 18:00:06,7300,BTCUSD,sell,out,2.5,96762.37,7300,0.00,0.00,8.15,81 232.44,sl 96764.68
2026.01.14 18:30:00,7301,NVDA.NAS,buy,in,250,181.98,7301,-5.00,0.00,0.00,81 227.44,RSI Scalping Buy #M20003
2026.01.14 19:00:00,7302,XAUUSD,sell,out,0.25,4617.20,7302,-0.88,0.00,-40.75,81 185.81,
2026.01.14 21:00:00,7303,XAUUSD,buy,in,2.5,4635.86,7303,-8.75,0.00,0.00,81 177.06,RSI Scalping Buy #M129102315
2026.01.14 21:02:34,7304,XAUUSD,sell,out,2.5,4642.05,7304,-8.75,0.00,1 547.50,82 715.81,sl 4642.20
2026.01.14 23:00:00,7305,BTCUSD,buy,in,2.5,97660.88,7305,0.00,0.00,0.00,82 715.81,RSI Scalping Buy #M123459123
2026.01.14 23:31:27,7306,BTCUSD,sell,out,2.5,97676.95,7306,0.00,0.00,40.18,82 755.99,sl 97683.55
2026.01.15 01:15:00,7307,DE40,buy,out,0.2,25299.90,7307,0.00,-0.37,19.24,82 774.86,
2026.01.15 02:45:06,7308,DE40,buy,in,1.2,25324.70,7308,0.00,0.00,0.00,82 774.86,SimpleTrendline BUY #M26042502
2026.01.15 03:30:00,7309,XAUUSD,sell,in,0.5,4600.49,7309,-1.75,0.00,0.00,82 773.11,United SuperEMA short #M940001
2026.01.15 04:30:02,7310,DE40,sell,out,1.2,25344.00,7310,0.00,0.00,27.44,82 800.55,
2026.01.15 08:15:00,7311,XAUUSD,buy,out,0.5,4605.54,7311,-1.75,0.00,-252.50,82 546.30,
2026.01.15 13:00:00,7312,XAUUSD,buy,in,0.25,4620.28,7312,-0.88,0.00,0.00,82 545.42,SimpleTrendline BUY #M26042503
2026.01.15 15:45:00,7313,XAUUSD,sell,in,0.5,4589.75,7313,-1.75,0.00,0.00,82 543.67,United SuperEMA short #M940001
2026.01.15 16:00:00,7314,XAUUSD,sell,out,0.25,4587.17,7314,-0.88,0.00,-827.75,81 715.04,
2026.01.15 16:30:00,7315,DE40,sell,in,1.2,25313.00,7315,0.00,0.00,0.00,81 715.04,SimpleTrendline SELL #M26042502
2026.01.15 16:35:01,7316,TSLA.NAS,buy,out,375,443.29,7316,-7.50,0.02,1 368.75,83 076.31,sl 443.29
2026.01.15 16:45:01,7317,NVDA.NAS,sell,out,250,188.86,7317,-5.00,-0.04,1 720.00,84 791.27,
2026.01.15 16:45:01,7318,DE40,buy,out,1.2,25318.00,7318,0.00,0.00,-7.11,84 784.16,
2026.01.15 17:15:00,7319,XAUUSD,buy,out,0.5,4613.48,7319,-1.75,0.00,-1 186.50,83 595.91,
2026.01.15 17:15:00,7320,DE40,sell,in,1.2,25293.50,7320,0.00,0.00,0.00,83 595.91,SimpleTrendline SELL #M26042502
2026.01.15 17:45:00,7321,DE40,buy,out,1.2,25317.50,7321,0.00,0.00,-34.12,83 561.79,
2026.01.15 18:15:00,7322,XAUUSD,buy,in,0.5,4622.14,7322,-1.75,0.00,0.00,83 560.04,United SuperEMA long #M940001
2026.01.15 19:00:00,7323,XAUUSD,sell,out,0.5,4605.80,7323,-1.75,0.00,-817.00,82 741.29,
2026.01.15 19:00:15,7324,SOXX.NAS,buy,in,0.4,343.440,7324,-0.02,0.00,0.00,82 741.27,WP Buy #M20260532
2026.01.15 19:08:19,7325,SOXX.NAS,sell,out,0.4,343.400,7325,-0.02,0.00,-0.02,82 741.23,sl 343.400
2026.01.15 20:00:00,7326,XAUUSD,buy,in,0.2,4616.79,7326,-0.70,0.00,0.00,82 740.53,United SuperEMA long #M940001
2026.01.15 22:15:01,7327,XAUUSD,sell,out,0.2,4605.66,7327,-0.70,0.00,-222.60,82 517.23,
2026.01.16 03:00:00,7328,XAUUSD,sell,in,0.2,4600.06,7328,-0.70,0.00,0.00,82 516.53,United SuperEMA short #M940001
2026.01.16 07:00:00,7329,XAUUSD,buy,out,0.2,4601.38,7329,-0.70,0.00,-26.40,82 489.43,
2026.01.16 09:00:00,7330,XAUUSD,sell,in,0.2,4598.29,7330,-0.70,0.00,0.00,82 488.73,SimpleTrendline SELL #M26042503
2026.01.16 10:00:00,7331,XAUUSD,buy,out,0.2,4607.30,7331,-0.70,0.00,-180.20,82 307.83,
2026.01.16 10:00:00,7332,XAUUSD,buy,in,0.2,4607.51,7332,-0.70,0.00,0.00,82 307.13,SimpleTrendline BUY #M26042503
2026.01.16 12:00:00,7333,XAUUSD,sell,out,0.2,4600.63,7333,-0.70,0.00,-137.60,82 168.83,
2026.01.16 15:30:01,7334,XAUUSD,sell,in,0.2,4586.56,7334,-0.70,0.00,0.00,82 168.13,United SuperEMA short #M940001
2026.01.16 16:15:02,7335,XAUUSD,buy,out,0.2,4608.25,7335,-0.70,0.00,-433.80,81 733.63,
2026.01.16 16:35:00,7336,NVDA.NAS,sell,in,200,189.36,7336,-4.00,0.00,0.00,81 729.63,RSI Scalping Sell #M20003
2026.01.16 17:00:00,7337,XAUUSD,buy,in,0.2,4608.04,7337,-0.70,0.00,0.00,81 728.93,SimpleTrendline BUY #M26042503
2026.01.16 17:15:00,7338,XAUUSD,buy,in,0.2,4616.25,7338,-0.70,0.00,0.00,81 728.23,United SuperEMA long #M940001
2026.01.16 17:30:00,7339,XAUUSD,sell,out,0.2,4565.12,7339,-0.70,0.00,-1 022.60,80 704.93,
2026.01.16 17:45:01,7340,NVDA.NAS,buy,out,200,187.45,7340,-4.00,0.00,382.00,81 082.93,
2026.01.16 18:00:00,7341,XAUUSD,sell,out,0.75,4570.43,7341,-2.63,-583.78,17 905.50,98 402.02,
2026.01.16 18:00:00,7342,XAUUSD,sell,out,0.2,4569.93,7342,-0.70,0.00,-762.20,97 639.12,
2026.01.16 23:00:00,7343,XAUUSD,sell,in,0.25,4582.48,7343,-0.88,0.00,0.00,97 638.24,SimpleTrendline SELL #M26042503
2026.01.19 02:00:00,7344,XAUUSD,buy,in,1.25,4672.82,7344,-4.38,0.00,0.00,97 633.86,EMA Crossover Trade BUY #M12350
2026.01.19 02:00:00,7345,XAUUSD,buy,in,2.5,4672.33,7345,-8.75,0.00,0.00,97 625.11,RSI Scalping Buy #M129102315
2026.01.19 02:00:00,7346,BTCUSD,sell,out,1.75,93624.97,7346,0.00,0.00,3 840.32,101 465.43,
2026.01.19 02:00:02,7347,XAUUSD,sell,out,2.5,4674.16,7347,-8.75,0.00,457.50,101 914.18,sl 4674.31
2026.01.19 02:00:22,7348,XAUUSD,sell,out,1.25,4671.70,7348,-4.38,0.00,-140.00,101 769.80,sl 4671.73
2026.01.19 03:00:00,7349,XAUUSD,buy,in,1.25,4675.40,7349,-4.38,0.00,0.00,101 765.42,EMA Crossover Trade BUY #M12350
2026.01.19 03:00:37,7350,XAUUSD,sell,out,1.25,4674.42,7350,-4.38,0.00,-122.50,101 638.54,sl 4674.43
2026.01.19 04:00:00,7351,XAUUSD,buy,in,1.25,4657.45,7351,-4.38,0.00,0.00,101 634.16,EMA Crossover Trade BUY #M12350
2026.01.19 04:00:26,7352,XAUUSD,sell,out,1.25,4655.10,7352,-4.38,0.00,-293.75,101 336.03,sl 4655.18
2026.01.19 05:00:00,7353,XAUUSD,buy,in,1.25,4662.61,7353,-4.38,0.00,0.00,101 331.65,EMA Crossover Trade BUY #M12350
2026.01.19 05:21:01,7354,XAUUSD,sell,out,1.25,4666.07,7354,-4.38,0.00,432.50,101 759.77,sl 4666.23
2026.01.19 06:00:00,7355,XAUUSD,buy,in,1.25,4658.61,7355,-4.38,0.00,0.00,101 755.39,EMA Crossover Trade BUY #M12350
2026.01.19 06:30:59,7356,XAUUSD,sell,out,1.25,4660.85,7356,-4.38,0.00,280.00,102 031.01,sl 4661.19
2026.01.19 07:00:00,7357,XAUUSD,buy,in,1.25,4663.38,7357,-4.38,0.00,0.00,102 026.63,EMA Crossover Trade BUY #M12350
2026.01.19 07:35:00,7358,XAUUSD,sell,out,1.25,4670.43,7358,-4.38,0.00,881.25,102 903.50,sl 4670.44
2026.01.19 08:00:01,7359,XAUUSD,buy,in,1.25,4670.12,7359,-4.38,0.00,0.00,102 899.12,EMA Crossover Trade BUY #M12350
2026.01.19 08:41:04,7360,XAUUSD,sell,out,1.25,4672.64,7360,-4.38,0.00,315.00,103 209.74,sl 4672.65
2026.01.19 09:00:00,7361,XAUUSD,buy,in,1.25,4678.11,7361,-4.38,0.00,0.00,103 205.36,EMA Crossover Trade BUY #M12350
2026.01.19 09:01:00,7362,XAUUSD,sell,out,1.25,4674.66,7362,-4.38,0.00,-431.25,102 769.73,sl 4674.66
2026.01.19 10:00:00,7363,XAUUSD,buy,in,1.25,4664.66,7363,-4.38,0.00,0.00,102 765.35,EMA Crossover Trade BUY #M12350
2026.01.19 10:14:36,7364,XAUUSD,sell,out,1.25,4670.15,7364,-4.38,0.00,686.25,103 447.22,sl 4670.17
2026.01.19 17:00:00,7365,XAUUSD,buy,out,0.25,4666.52,7365,-0.88,11.20,-2 101.00,101 356.54,
2026.01.19 17:00:00,7366,XAUUSD,buy,in,0.25,4666.69,7366,-0.88,0.00,0.00,101 355.66,SimpleTrendline BUY #M26042503
2026.01.19 18:45:02,7367,XAUUSD,buy,in,0.25,4673.14,7367,-0.88,0.00,0.00,101 354.78,United SuperEMA long #M940001
2026.01.19 21:15:12,7368,XAUUSD,sell,in,0.5,4672.12,7368,-1.75,0.00,0.00,101 353.03,RSIConsolidation SELL #M2025042
2026.01.19 21:15:13,7369,XAUUSD,buy,out,0.5,4672.17,7369,-1.75,0.00,-2.50,101 348.78,
2026.01.20 03:00:00,7370,XAUUSD,sell,out,0.25,4660.68,7370,-0.88,-12.97,-150.25,101 184.68,
2026.01.20 04:00:00,7371,XAUUSD,buy,in,2.5,4669.70,7371,-8.75,0.00,0.00,101 175.93,RSI Scalping Buy #M129102315
2026.01.20 04:01:35,7372,XAUUSD,sell,out,2.5,4671.13,7372,-8.75,0.00,357.50,101 524.68,sl 4671.15
2026.01.20 04:15:01,7373,XAUUSD,sell,out,0.25,4665.95,7373,-0.88,-12.97,-179.75,101 331.08,
2026.01.20 04:45:01,7374,XAUUSD,buy,in,0.25,4674.23,7374,-0.88,0.00,0.00,101 330.20,United SuperEMA long #M940001
2026.01.20 06:00:00,7375,XAUUSD,buy,in,2.5,4680.47,7375,-8.75,0.00,0.00,101 321.45,RSI Scalping Buy #M129102315
2026.01.20 06:00:00,7376,XAUUSD,buy,in,0.12,4680.51,7376,-0.42,0.00,0.00,101 321.03,SimpleTrendline BUY #M26042503
2026.01.20 06:01:03,7377,XAUUSD,sell,out,2.5,4680.82,7377,-8.75,0.00,87.50,101 399.78,sl 4680.83
2026.01.20 07:00:00,7378,XAUUSD,buy,in,0.75,4695.39,7378,-2.63,0.00,0.00,101 397.15,RSI Reverse BUY #M1002
2026.01.20 07:00:39,7379,BTCUSD,sell,in,0.07,91893.21,7379,0.00,0.00,0.00,101 397.15,WP Sell #M20260527
2026.01.20 07:02:17,7380,BTCUSD,buy,out,0.07,91839.70,7380,0.00,0.00,3.75,101 400.90,sl 91837.96
2026.01.20 08:00:00,7381,XAUUSD,buy,in,0.07,4714.51,7381,-0.25,0.00,0.00,101 400.65,WP Buy #M20260526
2026.01.20 09:13:23,7382,BTCUSD,sell,in,0.07,90966.59,7382,0.00,0.00,0.00,101 400.65,WP Sell #M20260527
2026.01.20 09:58:13,7383,XAUUSD,sell,out,0.07,4715.12,7383,-0.25,0.00,4.27,101 404.67,sl 4715.12
2026.01.20 10:00:00,7384,XAUUSD,sell,out,0.12,4716.21,7384,-0.42,0.00,428.40,101 832.65,
2026.01.20 10:00:00,7385,XAUUSD,buy,in,0.07,4716.21,7385,-0.25,0.00,0.00,101 832.40,WP Buy #M20260526
2026.01.20 10:21:10,7386,BTCUSD,buy,out,0.07,91037.21,7386,0.00,0.00,-4.94,101 827.46,sl 91035.96
2026.01.20 10:29:38,7387,XAUUSD,sell,out,0.07,4718.07,7387,-0.25,0.00,13.02,101 840.23,sl 4718.07
2026.01.20 11:00:00,7388,XAUUSD,buy,in,0.07,4729.56,7388,-0.25,0.00,0.00,101 839.98,WP Buy #M20260526
2026.01.20 12:28:48,7389,XAUUSD,sell,out,0.07,4729.65,7389,-0.25,0.00,0.63,101 840.36,sl 4729.71
2026.01.20 14:30:00,7390,XAUUSD,sell,out,0.25,4726.68,7390,-0.88,0.00,1 311.25,103 150.73,
2026.01.20 15:00:00,7391,XAUUSD,sell,in,2.5,4727.76,7391,-8.75,0.00,0.00,103 141.98,RSI Scalping Sell #M129102315
2026.01.20 15:00:01,7392,XAUUSD,buy,out,2.5,4727.96,7392,-8.75,0.00,-50.00,103 083.23,sl 4727.91
2026.01.20 16:35:00,7393,NVDA.NAS,sell,in,250,182.05,7393,-5.00,0.00,0.00,103 078.23,RSI Scalping Sell #M20003
2026.01.20 16:45:00,7394,NVDA.NAS,buy,out,250,180.68,7394,-5.00,0.00,342.50,103 415.73,
2026.01.20 17:00:00,7395,DE40,sell,in,0.2,24663.90,7395,0.00,0.00,0.00,103 415.73,SimpleTrendline SELL #M26042502
2026.01.20 17:30:00,7396,DE40,buy,out,0.2,24704.90,7396,0.00,0.00,-9.72,103 406.01,
2026.01.20 18:00:00,7397,XAUUSD,sell,in,2.5,4737.64,7397,-8.75,0.00,0.00,103 397.26,RSI Scalping Sell #M129102315
2026.01.20 18:01:25,7398,XAUUSD,buy,out,2.5,4737.88,7398,-8.75,0.00,-60.00,103 328.51,sl 4737.83
2026.01.20 18:45:00,7399,DE40,sell,in,0.2,24687.70,7399,0.00,0.00,0.00,103 328.51,SimpleTrendline SELL #M26042502
2026.01.20 18:55:10,7400,XAUUSD,buy,in,1.25,4751.38,7400,-4.38,0.00,0.00,103 324.13,Darvas Box Breakout #M135790
2026.01.20 19:00:00,7401,DE40,buy,out,0.2,24697.00,7401,0.00,0.00,-2.20,103 321.93,
2026.01.20 19:30:00,7402,DE40,sell,in,0.2,24682.70,7402,0.00,0.00,0.00,103 321.93,SimpleTrendline SELL #M26042502
2026.01.20 20:15:00,7403,DE40,buy,out,0.2,24644.50,7403,0.00,0.00,9.05,103 330.98,
2026.01.20 20:45:01,7404,DE40,sell,in,0.2,24599.70,7404,0.00,0.00,0.00,103 330.98,SimpleTrendline SELL #M26042502
2026.01.20 21:15:01,7405,NVDA.NAS,sell,in,250,179.54,7405,-5.00,0.00,0.00,103 325.98,RSI Scalping Sell #M20003
2026.01.20 21:30:02,7406,NVDA.NAS,buy,out,250,179.41,7406,-5.00,0.00,32.50,103 353.48,
2026.01.20 22:00:00,7407,DE40,buy,out,0.2,24582.00,7407,0.00,0.00,4.19,103 357.67,
2026.01.20 22:15:00,7408,NVDA.NAS,sell,in,250,178.86,7408,-5.00,0.00,0.00,103 352.67,RSI Scalping Sell #M20003
2026.01.20 22:30:00,7409,NVDA.NAS,buy,out,250,178.52,7409,-5.00,0.00,85.00,103 432.67,
2026.01.21 03:01:13,7410,XAUUSD,sell,out,1.25,4788.26,7410,-4.38,-64.86,4 610.00,107 973.43,tp 4788.23
2026.01.21 04:00:00,7411,XAUUSD,buy,in,0.07,4835.56,7411,-0.25,0.00,0.00,107 973.18,WP Buy #M20260526
2026.01.21 04:03:29,7412,XAUUSD,sell,out,0.07,4834.46,7412,-0.25,0.00,-7.70,107 965.23,sl 4834.53
2026.01.21 05:00:01,7413,XAUUSD,buy,in,0.07,4836.93,7413,-0.25,0.00,0.00,107 964.98,WP Buy #M20260526
2026.01.21 05:13:40,7414,XAUUSD,sell,out,0.07,4842.04,7414,-0.25,0.00,35.77,108 000.50,sl 4842.06
2026.01.21 05:45:00,7415,XAUUSD,buy,in,0.25,4843.06,7415,-0.88,0.00,0.00,107 999.62,United SuperEMA long #M940001
2026.01.21 06:00:00,7416,XAUUSD,buy,in,0.07,4844.89,7416,-0.25,0.00,0.00,107 999.37,WP Buy #M20260526
2026.01.21 07:02:38,7417,XAUUSD,sell,out,0.07,4863.14,7417,-0.25,0.00,127.75,108 126.87,sl 4863.22
2026.01.21 08:00:00,7418,XAUUSD,buy,in,0.07,4870.11,7418,-0.25,0.00,0.00,108 126.62,WP Buy #M20260526
2026.01.21 08:04:34,7419,XAUUSD,sell,out,0.07,4867.78,7419,-0.25,0.00,-16.31,108 110.06,sl 4867.90
2026.01.21 09:00:00,7420,XAUUSD,sell,out,0.25,4846.92,7420,-0.88,0.00,96.50,108 205.68,
2026.01.21 16:45:00,7421,NVDA.NAS,buy,in,250,179.96,7421,-5.00,0.00,0.00,108 200.68,RSI Scalping Buy #M20003
2026.01.21 17:00:00,7422,XAUUSD,sell,in,2.5,4851.79,7422,-8.75,0.00,0.00,108 191.93,RSI Scalping Sell #M129102315
2026.01.21 17:00:12,7423,XAUUSD,buy,out,2.5,4849.78,7423,-8.75,0.00,502.50,108 685.68,sl 4849.73
2026.01.21 17:15:00,7424,DE40,sell,in,1.2,24575.70,7424,0.00,0.00,0.00,108 685.68,SimpleTrendline SELL #M26042502
2026.01.21 17:30:01,7425,DE40,buy,out,1.2,24601.70,7425,0.00,0.00,-36.97,108 648.71,
2026.01.21 18:00:00,7426,XAUUSD,sell,in,0.25,4848.54,7426,-0.88,0.00,0.00,108 647.83,SimpleTrendline SELL #M26042503
2026.01.21 18:30:00,7427,DE40,sell,in,1.2,24571.50,7427,0.00,0.00,0.00,108 647.83,SimpleTrendline SELL #M26042502
2026.01.21 19:00:00,7428,XAUUSD,buy,out,0.25,4834.03,7428,-0.88,0.00,362.75,109 009.70,
2026.01.21 19:05:56,7429,NVDA.NAS,sell,out,250,179.96,7429,-5.00,0.00,0.00,109 004.70,sl 179.98
2026.01.21 20:00:00,7430,DE40,buy,out,1.2,24507.30,7430,0.00,0.00,91.28,109 095.98,
2026.01.21 20:45:00,7431,DE40,sell,in,1.2,24496.00,7431,0.00,0.00,0.00,109 095.98,SimpleTrendline SELL #M26042502
2026.01.21 21:00:00,7432,XAUUSD,buy,in,2.5,4850.31,7432,-8.75,0.00,0.00,109 087.23,RSI Scalping Buy #M129102315
2026.01.21 21:00:01,7433,DE40,buy,out,1.2,24521.30,7433,0.00,0.00,-35.97,109 051.26,
2026.01.21 21:10:17,7434,XAUUSD,sell,out,2.5,4849.98,7434,-8.75,0.00,-82.50,108 960.01,sl 4850.02
2026.01.21 21:15:00,7435,XAUUSD,buy,in,0.25,4848.95,7435,-0.88,0.00,0.00,108 959.13,United SuperEMA long #M940001
2026.01.21 21:30:00,7436,XAUUSD,sell,out,0.25,4816.60,7436,-0.88,0.00,-808.75,108 149.50,
2026.01.21 23:00:00,7437,XAUUSD,buy,in,1.25,4825.59,7437,-4.38,0.00,0.00,108 145.12,EMA Crossover Trade BUY #M12350
2026.01.21 23:25:26,7438,XAUUSD,sell,out,1.25,4834.80,7438,-4.38,0.00,1 151.25,109 291.99,sl 4834.80
2026.01.22 08:00:00,7439,XAUUSD,buy,in,1.25,4821.54,7439,-4.38,0.00,0.00,109 287.61,EMA Crossover Trade BUY #M12350
2026.01.22 08:08:00,7440,XAUUSD,sell,out,1.25,4821.05,7440,-4.38,0.00,-61.25,109 221.98,sl 4821.12
2026.01.22 09:00:00,7441,XAUUSD,buy,in,1.25,4827.71,7441,-4.38,0.00,0.00,109 217.60,EMA Crossover Trade BUY #M12350
2026.01.22 09:17:39,7442,XAUUSD,sell,out,1.25,4832.99,7442,-4.38,0.00,660.00,109 873.22,sl 4833.12
2026.01.22 10:00:00,7443,XAUUSD,buy,in,1.25,4833.22,7443,-4.38,0.00,0.00,109 868.84,EMA Crossover Trade BUY #M12350
2026.01.22 10:09:03,7444,XAUUSD,sell,out,1.25,4831.72,7444,-4.38,0.00,-187.50,109 676.96,sl 4831.81
2026.01.22 10:15:00,7445,DE40,buy,in,1.2,24853.10,7445,0.00,0.00,0.00,109 676.96,SimpleTrendline BUY #M26042502
2026.01.22 11:00:00,7446,XAUUSD,buy,in,1.25,4830.02,7446,-4.38,0.00,0.00,109 672.58,EMA Crossover Trade BUY #M12350
2026.01.22 11:00:00,7447,DE40,sell,out,1.2,24842.60,7447,0.00,0.00,-14.93,109 657.65,
2026.01.22 11:13:41,7448,XAUUSD,sell,out,1.25,4833.96,7448,-4.38,0.00,492.50,110 145.77,sl 4834.08
2026.01.22 11:30:00,7449,DE40,buy,in,1.2,24893.10,7449,0.00,0.00,0.00,110 145.77,SimpleTrendline BUY #M26042502
2026.01.22 12:00:00,7450,XAUUSD,buy,in,1.25,4823.24,7450,-4.38,0.00,0.00,110 141.39,EMA Crossover Trade BUY #M12350
2026.01.22 12:05:03,7451,XAUUSD,sell,out,1.25,4821.27,7451,-4.38,0.00,-246.25,109 890.76,sl 4821.34
2026.01.22 12:30:01,7452,DE40,sell,out,1.2,24882.10,7452,0.00,0.00,-15.64,109 875.12,
2026.01.22 13:00:00,7453,XAUUSD,buy,in,1.25,4829.14,7453,-4.38,0.00,0.00,109 870.74,EMA Crossover Trade BUY #M12350
2026.01.22 13:11:39,7454,XAUUSD,sell,out,1.25,4828.02,7454,-4.38,0.00,-140.00,109 726.36,sl 4828.04
2026.01.22 13:45:00,7455,DE40,sell,in,1.2,24815.60,7455,0.00,0.00,0.00,109 726.36,SimpleTrendline SELL #M26042502
2026.01.22 14:00:00,7456,XAUUSD,buy,in,1.25,4831.27,7456,-4.38,0.00,0.00,109 721.98,EMA Crossover Trade BUY #M12350
2026.01.22 14:45:00,7457,DE40,buy,out,1.2,24871.60,7457,0.00,0.00,-79.62,109 642.36,
2026.01.22 14:45:12,7458,XAUUSD,sell,out,1.25,4828.76,7458,-4.38,0.00,-313.75,109 324.23,sl 4828.84
2026.01.22 15:00:00,7459,XAUUSD,buy,in,1,4819.41,7459,-3.50,0.00,0.00,109 320.73,EMA Crossover Trade BUY #M12350
2026.01.22 15:01:01,7460,XAUUSD,sell,out,1,4816.52,7460,-3.50,0.00,-289.00,109 028.23,sl 4816.53
2026.01.22 16:00:00,7461,XAUUSD,buy,in,1,4822.28,7461,-3.50,0.00,0.00,109 024.73,EMA Crossover Trade BUY #M12350
2026.01.22 16:00:57,7462,XAUUSD,sell,out,1,4821.89,7462,-3.50,0.00,-39.00,108 982.23,sl 4821.95
2026.01.22 16:35:00,7463,TSLA.NAS,sell,in,300,433.35,7463,-6.00,0.00,0.00,108 976.23,RSI Scalping Sell #M125421321
2026.01.22 16:45:00,7464,XAUUSD,buy,in,0.2,4846.83,7464,-0.70,0.00,0.00,108 975.53,United SuperEMA long #M940001
2026.01.22 17:00:00,7465,XAUUSD,buy,in,0.2,4835.16,7465,-0.70,0.00,0.00,108 974.83,SimpleTrendline BUY #M26042503
2026.01.22 18:00:00,7466,XAUUSD,buy,in,2,4872.19,7466,-7.00,0.00,0.00,108 967.83,RSI Scalping Buy #M129102315
2026.01.22 18:00:01,7467,TSLA.NAS,buy,out,300,437.31,7467,-6.00,0.00,-1 188.00,107 773.83,
2026.01.22 18:00:15,7468,XAUUSD,sell,out,2,4873.52,7468,-7.00,0.00,266.00,108 032.83,sl 4873.53
2026.01.22 19:00:00,7469,XAUUSD,buy,in,0.07,4877.96,7469,-0.25,0.00,0.00,108 032.58,WP Buy #M20260526
2026.01.22 19:08:37,7470,XAUUSD,sell,out,0.07,4877.07,7470,-0.25,0.00,-6.23,108 026.10,sl 4877.09
2026.01.22 20:00:00,7471,XAUUSD,buy,in,0.07,4904.49,7471,-0.25,0.00,0.00,108 025.85,WP Buy #M20260526
2026.01.22 20:25:38,7472,XAUUSD,sell,out,0.07,4907.18,7472,-0.25,0.00,18.83,108 044.43,sl 4907.54
2026.01.22 21:00:00,7473,XAUUSD,buy,in,0.07,4915.91,7473,-0.25,0.00,0.00,108 044.18,WP Buy #M20260526
2026.01.22 21:25:58,7474,XAUUSD,sell,out,0.07,4916.98,7474,-0.25,0.00,7.49,108 051.42,sl 4916.99
2026.01.22 22:00:00,7475,XAUUSD,sell,in,2.5,4911.91,7475,-8.75,0.00,0.00,108 042.67,RSI Scalping Sell #M129102315
2026.01.22 22:30:01,7476,NVDA.NAS,sell,in,250,184.08,7476,-5.00,0.00,0.00,108 037.67,RSI Scalping Sell #M20003
2026.01.23 02:00:00,7477,XAUUSD,buy,in,0.07,4959.57,7477,-0.25,0.00,0.00,108 037.42,WP Buy #M20260526
2026.01.23 03:00:00,7478,XAUUSD,buy,out,2.5,4966.00,7478,-8.75,111.96,-13 522.50,94 618.13,
2026.01.23 03:00:13,7479,XAUUSD,sell,out,0.07,4959.42,7479,-0.25,0.00,-1.05,94 616.83,sl 4959.54
2026.01.23 05:30:00,7480,XAUUSD,sell,out,0.2,4943.66,7480,-0.70,-10.38,1 936.60,96 542.35,
2026.01.23 09:00:00,7481,XAUUSD,sell,in,2.5,4953.43,7481,-8.75,0.00,0.00,96 533.60,RSI Scalping Sell #M129102315
2026.01.23 09:00:12,7482,XAUUSD,buy,out,2.5,4953.43,7482,-8.75,0.00,0.00,96 524.85,sl 4953.32
2026.01.23 11:00:00,7483,XAUUSD,sell,out,0.2,4913.29,7483,-0.70,-10.38,1 562.60,98 076.37,
2026.01.23 13:00:00,7484,XAUUSD,buy,in,2.5,4929.94,7484,-8.75,0.00,0.00,98 067.62,RSI Scalping Buy #M129102315
2026.01.23 14:03:01,7485,XAUUSD,sell,out,2.5,4929.99,7485,-8.75,0.00,12.50,98 071.37,sl 4930.02
2026.01.23 14:15:00,7486,XAUUSD,buy,in,0.25,4934.10,7486,-0.88,0.00,0.00,98 070.49,United SuperEMA long #M940001
2026.01.23 15:00:00,7487,XAUUSD,buy,in,2.5,4938.14,7487,-8.75,0.00,0.00,98 061.74,RSI Scalping Buy #M129102315
2026.01.23 15:00:01,7488,XAUUSD,sell,out,2.5,4938.58,7488,-8.75,0.00,110.00,98 162.99,sl 4938.63
2026.01.23 17:00:00,7489,XAUUSD,buy,in,0.25,4943.28,7489,-0.88,0.00,0.00,98 162.11,SimpleTrendline BUY #M26042503
2026.01.23 17:15:01,7490,NVDA.NAS,buy,out,250,187.69,7490,-5.00,0.01,-902.50,97 254.62,
2026.01.23 20:00:00,7491,AUDUSD,buy,in,0.44,0.68825,7491,-1.54,0.00,0.00,97 253.08,WP Buy #M20260525
2026.01.23 21:00:00,7492,XAUUSD,sell,out,0.25,4967.27,7492,-0.88,0.00,829.25,98 081.45,
2026.01.23 22:00:00,7493,EURUSD,buy,in,0.44,1.18119,7493,-1.54,0.00,0.00,98 079.91,WP Buy #M20260524
2026.01.26 01:27:53,7494,EURUSD,sell,out,0.44,1.18676,7494,-1.54,-3.34,245.08,98 320.11,sl 1.18676
2026.01.26 02:00:00,7495,XAUUSD,buy,in,0.07,5040.22,7495,-0.25,0.00,0.00,98 319.86,WP Buy #M20260526
2026.01.26 02:03:44,7496,AUDUSD,sell,out,0.44,0.69063,7496,-1.54,-0.82,104.72,98 422.22,sl 0.69063
2026.01.26 02:54:59,7497,XAUUSD,sell,out,0.07,5044.31,7497,-0.25,0.00,28.63,98 450.60,sl 5044.56
2026.01.26 03:00:00,7498,XAUUSD,buy,in,0.07,5041.52,7498,-0.25,0.00,0.00,98 450.35,WP Buy #M20260526
2026.01.26 03:25:18,7499,XAUUSD,sell,out,0.07,5071.99,7499,-0.25,0.00,213.29,98 663.39,tp 5071.85
2026.01.26 04:00:00,7500,XAUUSD,buy,in,0.07,5070.98,7500,-0.25,0.00,0.00,98 663.14,WP Buy #M20260526
2026.01.26 04:03:12,7501,XAUUSD,sell,out,0.07,5071.14,7501,-0.25,0.00,1.12,98 664.01,sl 5071.16
2026.01.26 05:00:00,7502,XAUUSD,buy,in,0.07,5080.52,7502,-0.25,0.00,0.00,98 663.76,WP Buy #M20260526
2026.01.26 05:18:58,7503,XAUUSD,sell,out,0.07,5080.24,7503,-0.25,0.00,-1.96,98 661.55,sl 5080.38
2026.01.26 15:00:00,7504,XAUUSD,sell,in,2.5,5079.48,7504,-8.75,0.00,0.00,98 652.80,RSI Scalping Sell #M129102315
2026.01.26 15:00:05,7505,XAUUSD,buy,out,2.5,5078.07,7505,-8.75,0.00,352.50,98 996.55,sl 5078.04
2026.01.26 16:00:00,7506,XAUUSD,sell,out,0.25,5068.50,7506,-0.88,-12.97,3 130.50,102 113.20,
2026.01.26 17:00:00,7507,TSLA.NAS,sell,in,375,439.02,7507,-7.50,0.00,0.00,102 105.70,RSI Scalping Sell #M125421321
2026.01.26 17:10:00,7508,AAPL.NAS,buy,in,125,253.750,7508,-2.50,0.00,0.00,102 103.20,RSI Scalping Buy #M20001
2026.01.26 17:18:26,7509,AAPL.NAS,sell,out,125,254.030,7509,-2.50,0.00,35.00,102 135.70,sl 254.030
2026.01.26 17:30:00,7510,AAPL.NAS,sell,in,125,254.010,7510,-2.50,0.00,0.00,102 133.20,RSI Scalping Sell #M20001
2026.01.26 18:00:00,7511,XAUUSD,sell,in,2.5,5091.04,7511,-8.75,0.00,0.00,102 124.45,RSI Scalping Sell #M129102315
2026.01.26 18:00:20,7512,XAUUSD,buy,out,2.5,5090.84,7512,-8.75,0.00,50.00,102 165.70,sl 5090.79
2026.01.26 18:15:00,7513,XAUUSD,buy,in,0.25,5100.99,7513,-0.88,0.00,0.00,102 164.82,United SuperEMA long #M940001
2026.01.26 18:45:00,7514,XAUUSD,sell,out,0.25,5076.93,7514,-0.88,0.00,-601.50,101 562.44,
2026.01.26 18:45:01,7515,NVDA.NAS,sell,in,250,186.69,7515,-5.00,0.00,0.00,101 557.44,RSI Scalping Sell #M20003
2026.01.26 19:00:00,7516,AAPL.NAS,buy,in,0.7,254.880,7516,-0.02,0.00,0.00,101 557.42,WP Buy #M20260528
2026.01.26 19:04:22,7517,AAPL.NAS,sell,out,0.7,255.280,7517,-0.02,0.00,0.28,101 557.68,tp 255.280
2026.01.26 19:45:01,7518,XAUUSD,buy,in,0.25,5102.94,7518,-0.88,0.00,0.00,101 556.80,United SuperEMA long #M940001
2026.01.26 19:45:07,7519,NVDA.NAS,buy,out,250,186.46,7519,-5.00,0.00,57.50,101 609.30,
2026.01.26 19:45:07,7520,NVDA.NAS,sell,in,250,186.45,7520,-5.00,0.00,0.00,101 604.30,RSI Scalping Sell #M20003
2026.01.26 20:00:00,7521,XAUUSD,buy,in,0.25,5101.01,7521,-0.88,0.00,0.00,101 603.42,SimpleTrendline BUY #M26042503
2026.01.26 20:00:01,7522,NVDA.NAS,buy,out,250,186.47,7522,-5.00,0.00,-5.00,101 593.42,
2026.01.26 20:15:00,7523,XAUUSD,sell,out,0.25,5079.13,7523,-0.88,0.00,-595.25,100 997.29,
2026.01.26 20:30:01,7524,NVDA.NAS,buy,in,250,186.44,7524,-5.00,0.00,0.00,100 992.29,RSI Scalping Buy #M20003
2026.01.26 21:00:00,7525,XAUUSD,sell,out,0.25,5069.04,7525,-0.88,0.00,-799.25,100 192.16,
2026.01.26 22:00:00,7526,XAUUSD,sell,in,0.25,5029.06,7526,-0.88,0.00,0.00,100 191.28,SimpleTrendline SELL #M26042503
2026.01.26 23:45:00,7527,XAUUSD,sell,in,0.25,5004.14,7527,-0.88,0.00,0.00,100 190.40,United SuperEMA short #M940001
2026.01.27 01:15:21,7528,DE40,buy,in,1.2,24928.30,7528,0.00,0.00,0.00,100 190.40,SimpleTrendline BUY #M26042502
2026.01.27 01:30:00,7529,XAUUSD,buy,out,0.25,5045.39,7529,-0.88,11.20,-1 031.25,99 169.47,
2026.01.27 01:45:01,7530,DE40,sell,out,1.2,24927.10,7530,0.00,0.00,-1.71,99 167.76,
2026.01.27 02:16:01,7531,DE40,buy,in,0.2,24949.60,7531,0.00,0.00,0.00,99 167.76,SimpleTrendline BUY #M26042502
2026.01.27 02:45:00,7532,DE40,sell,out,0.2,24934.90,7532,0.00,0.00,-3.49,99 164.27,
2026.01.27 05:00:00,7533,XAUUSD,buy,out,0.25,5072.64,7533,-0.88,11.20,-1 089.50,98 085.09,
2026.01.27 05:00:19,7534,DE40,buy,in,0.2,24968.60,7534,0.00,0.00,0.00,98 085.09,SimpleTrendline BUY #M26042502
2026.01.27 05:45:01,7535,XAUUSD,buy,in,0.2,5074.90,7535,-0.70,0.00,0.00,98 084.39,United SuperEMA long #M940001
2026.01.27 07:15:00,7536,XAUUSD,sell,out,0.2,5063.72,7536,-0.70,0.00,-223.60,97 860.09,
2026.01.27 08:00:00,7537,XAUUSD,buy,in,2,5083.11,7537,-7.00,0.00,0.00,97 853.09,RSI Scalping Buy #M129102315
2026.01.27 08:00:00,7538,XAUUSD,buy,in,0.2,5083.11,7538,-0.70,0.00,0.00,97 852.39,United SuperEMA long #M940001
2026.01.27 08:01:51,7539,XAUUSD,sell,out,2,5085.33,7539,-7.00,0.00,444.00,98 289.39,sl 5085.40
2026.01.27 09:30:00,7540,DE40,sell,out,0.2,24988.00,7540,0.00,0.00,4.60,98 293.99,
2026.01.27 10:45:00,7541,XAUUSD,sell,out,0.2,5082.67,7541,-0.70,0.00,-8.80,98 284.49,
2026.01.27 12:00:00,7542,XAUUSD,buy,in,2.5,5098.54,7542,-8.75,0.00,0.00,98 275.74,RSI Scalping Buy #M129102315
2026.01.27 16:00:00,7543,XAUUSD,sell,out,2.5,5077.55,7543,-8.75,0.00,-5 247.50,93 019.49,
2026.01.27 16:00:00,7544,EURUSD,buy,in,0.44,1.19236,7544,-1.54,0.00,0.00,93 017.95,WP Buy #M20260524
2026.01.27 17:00:00,7545,AUDUSD,buy,in,0.44,0.69604,7545,-1.54,0.00,0.00,93 016.41,WP Buy #M20260525
2026.01.27 17:00:00,7546,XAUUSD,sell,in,0.25,5052.57,7546,-0.88,0.00,0.00,93 015.53,United SuperEMA short #M940001
2026.01.27 17:00:02,7547,AAPL.NAS,buy,in,0.7,261.470,7547,-0.02,0.00,0.00,93 015.51,WP Buy #M20260528
2026.01.27 17:00:04,7548,AAPL.NAS,sell,out,0.7,261.260,7548,-0.02,0.00,-0.15,93 015.34,sl 261.270
2026.01.27 17:45:00,7549,XAUUSD,buy,out,0.25,5080.77,7549,-0.88,0.00,-705.00,92 309.46,
2026.01.27 18:00:00,7550,XAUUSD,buy,in,0.04,5091.25,7550,-0.14,0.00,0.00,92 309.32,United SuperEMA long #M940001
2026.01.27 18:30:00,7551,DE40,sell,in,1,24904.60,7551,0.00,0.00,0.00,92 309.32,SimpleTrendline SELL #M26042502
2026.01.27 19:29:41,7552,EURUSD,sell,out,0.44,1.19602,7552,-1.54,0.00,161.04,92 468.82,sl 1.19602
2026.01.27 20:00:00,7553,EURUSD,buy,in,0.44,1.19802,7553,-1.54,0.00,0.00,92 467.28,WP Buy #M20260524
2026.01.27 22:00:00,7554,XAUUSD,buy,in,2.5,5099.09,7554,-8.75,0.00,0.00,92 458.53,RSI Scalping Buy #M129102315
2026.01.27 22:00:26,7555,XAUUSD,sell,out,2.5,5099.45,7555,-8.75,0.00,90.00,92 539.78,sl 5099.49
2026.01.27 22:15:02,7556,DE40,buy,out,1,24917.00,7556,0.00,0.00,-14.85,92 524.93,
2026.01.27 22:30:00,7557,DE40,sell,in,1.2,24896.70,7557,0.00,0.00,0.00,92 524.93,SimpleTrendline SELL #M26042502
2026.01.27 22:48:52,7558,EURUSD,sell,out,0.44,1.20800,7558,-1.54,0.00,439.12,92 962.51,tp 1.20800
2026.01.28 02:00:00,7559,XAUUSD,sell,in,2.5,5172.25,7559,-8.75,0.00,0.00,92 953.76,RSI Scalping Sell #M129102315
2026.01.28 02:00:00,7560,XAUUSD,buy,in,0.07,5172.36,7560,-0.25,0.00,0.00,92 953.51,WP Buy #M20260526
2026.01.28 02:01:45,7561,XAUUSD,buy,out,2.5,5162.86,7561,-8.75,0.00,2 347.50,95 292.26,sl 5162.79
2026.01.28 02:04:09,7562,AUDUSD,sell,out,0.44,0.69919,7562,-1.54,-0.82,138.60,95 428.50,sl 0.69919
2026.01.28 02:05:14,7563,XAUUSD,sell,out,0.07,5157.28,7563,-0.25,0.00,-105.56,95 322.69,sl 5157.36
2026.01.28 02:45:04,7564,DE40,buy,out,1.2,24905.90,7564,0.00,-2.26,-13.34,95 307.09,
2026.01.28 03:00:14,7565,DE40,sell,in,1.2,24901.70,7565,0.00,0.00,0.00,95 307.09,SimpleTrendline SELL #M26042502
2026.01.28 04:00:00,7566,XAUUSD,buy,in,0.07,5205.06,7566,-0.25,0.00,0.00,95 306.84,WP Buy #M20260526
2026.01.28 04:01:38,7567,XAUUSD,sell,out,0.07,5209.37,7567,-0.25,0.00,30.17,95 336.76,sl 5209.40
2026.01.28 05:00:00,7568,XAUUSD,buy,in,0.07,5231.85,7568,-0.25,0.00,0.00,95 336.51,WP Buy #M20260526
2026.01.28 05:16:02,7569,DE40,buy,out,1.2,24894.90,7569,0.00,0.00,9.86,95 346.37,
2026.01.28 05:18:26,7570,XAUUSD,sell,out,0.07,5239.68,7570,-0.25,0.00,54.81,95 400.93,sl 5239.93
2026.01.28 09:30:00,7571,DE40,sell,in,1.2,24891.80,7571,0.00,0.00,0.00,95 400.93,SimpleTrendline SELL #M26042502
2026.01.28 10:15:00,7572,DE40,buy,out,1.2,24897.30,7572,0.00,0.00,-7.97,95 392.96,
2026.01.28 11:45:00,7573,XAUUSD,sell,out,0.04,5266.84,7573,-0.14,-2.08,702.36,96 093.10,
2026.01.28 14:00:00,7574,XAUUSD,sell,in,2.5,5262.10,7574,-8.75,0.00,0.00,96 084.35,RSI Scalping Sell #M129102315
2026.01.28 14:00:11,7575,XAUUSD,buy,out,2.5,5261.51,7575,-8.75,0.00,147.50,96 223.10,sl 5261.41
2026.01.28 16:00:00,7576,XAUUSD,sell,in,2.5,5267.18,7576,-8.75,0.00,0.00,96 214.35,RSI Scalping Sell #M129102315
2026.01.28 16:01:01,7577,XAUUSD,buy,out,2.5,5265.04,7577,-8.75,0.00,535.00,96 740.60,sl 5265.01
2026.01.28 16:35:01,7578,AAPL.NAS,buy,out,125,257.560,7578,-2.50,0.00,-443.75,96 294.35,
2026.01.28 18:15:00,7579,XAUUSD,buy,in,0.05,5284.68,7579,-0.18,0.00,0.00,96 294.17,United SuperEMA long #M940001
2026.01.28 20:00:00,7580,XAUUSD,sell,in,2.5,5298.52,7580,-8.75,0.00,0.00,96 285.42,RSI Scalping Sell #M129102315
2026.01.28 20:00:14,7581,XAUUSD,buy,out,2.5,5298.74,7581,-8.75,0.00,-55.00,96 221.67,sl 5298.69
2026.01.28 20:45:00,7582,XAUUSD,sell,out,0.05,5274.00,7582,-0.18,0.00,-53.40,96 168.09,
2026.01.28 21:15:00,7583,DE40,buy,in,1.2,24858.30,7583,0.00,0.00,0.00,96 168.09,SimpleTrendline BUY #M26042502
2026.01.28 21:30:00,7584,DE40,sell,out,1.2,24825.50,7584,0.00,0.00,-47.55,96 120.54,
2026.01.28 22:00:00,7585,XAUUSD,buy,in,0.2,5325.63,7585,-0.70,0.00,0.00,96 119.84,SimpleTrendline BUY #M26042503
2026.01.28 23:15:00,7586,DE40,buy,in,0.2,24875.30,7586,0.00,0.00,0.00,96 119.84,SimpleTrendline BUY #M26042502
2026.01.29 01:00:00,7587,AUDUSD,buy,in,0.36,0.70398,7587,-1.26,0.00,0.00,96 118.58,WP Buy #M20260525
2026.01.29 01:15:00,7588,DE40,sell,out,0.2,24841.10,7588,0.00,-1.09,-8.26,96 109.23,
2026.01.29 03:45:00,7589,XAUUSD,buy,in,0.04,5540.52,7589,-0.14,0.00,0.00,96 109.09,United SuperEMA long #M940001
2026.01.29 04:00:01,7590,XBRUSD,buy,in,0.5,68.39,7590,0.00,0.00,0.00,96 109.09,WP Buy #M20260534
2026.01.29 09:30:00,7591,XAUUSD,sell,out,0.04,5541.98,7591,-0.14,0.00,5.84,96 114.79,
2026.01.29 09:31:26,7592,AUDUSD,sell,out,0.36,0.70699,7592,-1.26,0.00,108.36,96 221.89,sl 0.70700
2026.01.29 11:00:00,7593,XAUUSD,sell,in,2.5,5510.20,7593,-8.75,0.00,0.00,96 213.14,RSI Scalping Sell #M129102315
2026.01.29 11:00:37,7594,XAUUSD,buy,out,2.5,5509.39,7594,-8.75,0.00,202.50,96 406.89,sl 5509.32
2026.01.29 13:00:00,7595,XAUUSD,sell,out,0.2,5483.74,7595,-0.70,-31.13,3 162.20,99 537.26,
2026.01.29 15:00:00,7596,XAUUSD,buy,in,0.25,5535.12,7596,-0.88,0.00,0.00,99 536.38,SimpleTrendline BUY #M26042503
2026.01.29 16:00:00,7597,XAUUSD,sell,out,0.25,5510.60,7597,-0.88,0.00,-613.00,98 922.50,
2026.01.29 16:30:00,7598,XAUUSD,buy,in,0.25,5544.20,7598,-0.88,0.00,0.00,98 921.62,United SuperEMA long #M940001
2026.01.29 17:00:00,7599,XAUUSD,sell,out,0.25,5495.64,7599,-0.88,0.00,-1 214.00,97 706.74,
2026.01.29 17:00:01,7600,TSLA.NAS,buy,out,375,423.22,7600,-7.50,0.03,5 925.00,103 624.27,
2026.01.29 17:03:59,7601,NVDA.NAS,sell,out,250,189.07,7601,-5.00,-0.12,657.50,104 276.65,sl 189.08
2026.01.29 17:12:13,7602,XBRUSD,sell,out,0.5,70.17,7602,0.00,0.00,89.00,104 365.65,sl 70.17
2026.01.29 17:15:01,7603,NVDA.NAS,sell,in,250,188.44,7603,-5.00,0.00,0.00,104 360.65,RSI Scalping Sell #M20003
2026.01.29 17:30:01,7604,NVDA.NAS,buy,out,250,188.94,7604,-5.00,0.00,-125.00,104 230.65,
2026.01.29 18:00:00,7605,XAUUSD,sell,in,0.25,5181.60,7605,-0.88,0.00,0.00,104 229.77,SimpleTrendline SELL #M26042503
2026.01.29 19:00:00,7606,NVDA.NAS,buy,in,250,188.09,7606,-5.00,0.00,0.00,104 224.77,RSI Scalping Buy #M20003
2026.01.29 23:00:00,7607,XAUUSD,buy,in,1.25,5394.49,7607,-4.38,0.00,0.00,104 220.39,EMA Crossover Trade BUY #M12350
2026.01.29 23:00:00,7608,XAUUSD,buy,out,0.25,5395.29,7608,-0.88,0.00,-5 342.25,98 877.26,
2026.01.29 23:00:27,7609,XAUUSD,sell,out,1.25,5398.82,7609,-4.38,0.00,541.25,99 414.13,sl 5399.04
2026.01.30 02:00:00,7610,XAUUSD,buy,in,1.25,5438.78,7610,-4.38,0.00,0.00,99 409.75,EMA Crossover Trade BUY #M12350
2026.01.30 02:00:00,7611,DE40,sell,in,0.2,24467.40,7611,0.00,0.00,0.00,99 409.75,SimpleTrendline SELL #M26042502
2026.01.30 02:00:20,7612,XAUUSD,sell,out,1.25,5436.22,7612,-4.38,0.00,-320.00,99 085.37,sl 5436.64
2026.01.30 02:30:00,7613,DE40,buy,out,0.2,24503.10,7613,0.00,0.00,-8.63,99 076.74,
2026.01.30 03:00:00,7614,XAUUSD,buy,in,1.25,5409.85,7614,-4.38,0.00,0.00,99 072.36,EMA Crossover Trade BUY #M12350
2026.01.30 03:11:07,7615,XAUUSD,sell,out,1.25,5357.72,7615,-4.38,0.00,-6 516.25,92 551.73,
2026.01.30 03:45:02,7616,DE40,sell,in,0.2,24432.40,7616,0.00,0.00,0.00,92 551.73,SimpleTrendline SELL #M26042502
2026.01.30 04:00:00,7617,XAUUSD,sell,in,0.25,5301.11,7617,-0.88,0.00,0.00,92 550.85,United SuperEMA short #M940001
2026.01.30 05:15:11,7618,DE40,buy,out,0.2,24467.60,7618,0.00,0.00,-8.50,92 542.35,
2026.01.30 07:00:21,7619,DE40,sell,in,0.2,24437.90,7619,0.00,0.00,0.00,92 542.35,SimpleTrendline SELL #M26042502
2026.01.30 07:30:00,7620,XAUUSD,buy,out,0.25,5230.22,7620,-0.88,0.00,1 772.25,94 313.72,
2026.01.30 08:15:01,7621,DE40,buy,out,0.2,24434.60,7621,0.00,0.00,0.80,94 314.52,
2026.01.30 08:45:00,7622,XAUUSD,sell,in,0.25,5158.05,7622,-0.88,0.00,0.00,94 313.64,United SuperEMA short #M940001
2026.01.30 10:45:01,7623,DE40,buy,in,1.2,24498.50,7623,0.00,0.00,0.00,94 313.64,SimpleTrendline BUY #M26042502
2026.01.30 11:00:00,7624,XAUUSD,sell,out,0.75,5116.83,7624,-2.63,-467.02,31 608.00,125 451.99,
2026.01.30 12:00:00,7625,DE40,sell,out,1.2,24461.10,7625,0.00,0.00,-54.22,125 397.77,
2026.01.30 13:00:00,7626,XAUUSD,buy,out,0.25,5119.35,7626,-0.88,0.00,967.50,126 364.39,
2026.01.30 18:45:00,7627,XAUUSD,sell,in,0.5,5008.99,7627,-1.75,0.00,0.00,126 362.64,United SuperEMA short #M940001
2026.01.30 20:21:24,7628,NVDA.NAS,sell,out,250,190.71,7628,-5.00,-0.04,655.00,127 012.60,sl 190.71
2026.01.30 21:00:01,7629,NVDA.NAS,buy,in,250,191.53,7629,-5.00,0.00,0.00,127 007.60,RSI Scalping Buy #M20003
2026.01.30 21:15:00,7630,DE40,buy,in,0.2,24508.00,7630,0.00,0.00,0.00,127 007.60,SimpleTrendline BUY #M26042502
2026.01.30 22:00:00,7631,TSLA.NAS,sell,in,375,433.53,7631,-7.50,0.00,0.00,127 000.10,RSI Scalping Sell #M125421321
2026.01.30 22:00:00,7632,XAUUSD,buy,out,0.5,4932.41,7632,-1.75,0.00,3 829.00,130 827.35,
2026.01.30 22:00:00,7633,DE40,sell,out,0.2,24494.20,7633,0.00,0.00,-3.33,130 824.02,
2026.01.30 22:50:00,7634,AAPL.NAS,buy,in,125,261.820,7634,-2.50,0.00,0.00,130 821.52,RSI Scalping Buy #M20001
2026.02.02 01:30:00,7635,XAUUSD,sell,in,0.5,4728.03,7635,-1.75,0.00,0.00,130 819.77,United SuperEMA short #M940001
2026.02.02 02:30:00,7636,XAUUSD,buy,out,0.5,4846.92,7636,-1.75,0.00,-5 944.50,124 873.52,
2026.02.02 16:35:00,7637,NVDA.NAS,sell,out,250,186.93,7637,-5.00,-0.12,-1 150.00,123 718.40,
2026.02.02 16:35:03,7638,AAPL.NAS,sell,out,125,262.570,7638,-2.50,-0.06,93.75,123 809.59,sl 262.580
2026.02.02 19:45:16,7639,TSLA.NAS,buy,out,375,424.08,7639,-7.50,0.03,3 543.75,127 345.87,sl 424.08
2026.02.02 21:00:01,7640,AAPL.NAS,buy,in,0.7,266.700,7640,-0.02,0.00,0.00,127 345.85,WP Buy #M20260528
2026.02.02 21:02:36,7641,AAPL.NAS,sell,out,0.7,266.730,7641,-0.02,0.00,0.02,127 345.85,sl 266.730
2026.02.02 22:00:00,7642,NVDA.NAS,sell,in,250,187.43,7642,-5.00,0.00,0.00,127 340.85,RSI Scalping Sell #M20003
2026.02.02 22:00:00,7643,AAPL.NAS,buy,in,0.7,268.020,7643,-0.02,0.00,0.00,127 340.83,WP Buy #M20260528
2026.02.02 22:00:46,7644,AAPL.NAS,sell,out,0.7,268.170,7644,-0.02,0.00,0.11,127 340.92,sl 268.170
2026.02.02 22:10:00,7645,AAPL.NAS,buy,in,125,269.170,7645,-2.50,0.00,0.00,127 338.42,RSI Scalping Buy #M20001
2026.02.02 22:15:01,7646,NVDA.NAS,buy,out,250,187.10,7646,-5.00,0.00,82.50,127 415.92,
2026.02.02 22:29:03,7647,AAPL.NAS,sell,out,125,269.270,7647,-2.50,0.00,12.50,127 425.92,sl 269.270
2026.02.02 23:00:00,7648,XAUUSD,sell,in,0.25,4653.92,7648,-0.88,0.00,0.00,127 425.04,SimpleTrendline SELL #M26042503
2026.02.03 02:00:00,7649,XAUUSD,buy,out,0.25,4774.95,7649,-0.88,11.20,-3 025.75,124 409.61,
2026.03.02 00:21:00,7650,AUDUSD,buy,in,2,0.70572,7650,-7.00,0.00,0.00,124 402.61,RSI Oversold Crossover Buy #M30
2026.03.02 02:00:00,7651,XAUUSD,buy,in,1.25,5387.19,7651,-4.38,0.00,0.00,124 398.23,EMA Crossover Trade BUY #M12350
2026.03.02 02:00:00,7652,XAUUSD,buy,in,0.07,5387.38,7652,-0.25,0.00,0.00,124 397.98,WP Buy #M20260526
2026.03.02 02:00:03,7653,XAUUSD,sell,out,1.25,5384.30,7653,-4.38,0.00,-361.25,124 032.35,sl 5384.30
2026.03.02 02:01:46,7654,XAUUSD,sell,out,0.07,5372.16,7654,-0.25,0.00,-106.54,123 925.56,sl 5372.19
2026.03.02 03:00:00,7655,XAUUSD,buy,in,1.25,5346.46,7655,-4.38,0.00,0.00,123 921.18,EMA Crossover Trade BUY #M12350
2026.03.02 03:00:00,7656,XAUUSD,sell,out,1.25,5342.77,7656,-4.38,0.00,-461.25,123 455.55,sl 5342.92
2026.03.02 03:01:10,7657,AUDUSD,sell,out,2,0.70901,7657,-7.00,0.00,658.00,124 106.55,
2026.03.02 04:00:00,7658,XAUUSD,buy,in,1.25,5324.93,7658,-4.38,0.00,0.00,124 102.17,EMA Crossover Trade BUY #M12350
2026.03.02 04:00:00,7659,XAUUSD,sell,in,2.5,5324.78,7659,-8.75,0.00,0.00,124 093.42,RSI Scalping Sell #M129102315
2026.03.02 04:00:10,7660,XAUUSD,buy,out,2.5,5325.07,7660,-8.75,0.00,-72.50,124 012.17,sl 5324.57
2026.03.02 04:01:50,7661,XAUUSD,sell,out,1.25,5327.04,7661,-4.38,0.00,263.75,124 271.54,sl 5327.06
2026.03.02 05:00:00,7662,XAUUSD,buy,in,1.25,5346.80,7662,-4.38,0.00,0.00,124 267.16,EMA Crossover Trade BUY #M12350
2026.03.02 05:01:57,7663,XAUUSD,sell,out,1.25,5346.07,7663,-4.38,0.00,-91.25,124 171.53,sl 5346.17
2026.03.02 06:00:00,7664,XAUUSD,buy,in,1.25,5366.48,7664,-4.38,0.00,0.00,124 167.15,EMA Crossover Trade BUY #M12350
2026.03.02 06:04:40,7665,XAUUSD,sell,out,1.25,5363.27,7665,-4.38,0.00,-401.25,123 761.52,sl 5363.40
2026.03.02 07:00:00,7666,XAUUSD,buy,in,0.12,5356.18,7666,-0.42,0.00,0.00,123 761.10,EMA Crossover Trade BUY #M12350
2026.03.02 07:00:00,7667,XAUUSD,sell,in,2.5,5356.10,7667,-8.75,0.00,0.00,123 752.35,RSI Scalping Sell #M129102315
2026.03.02 07:00:01,7668,XAUUSD,buy,out,2.5,5355.24,7668,-8.75,0.00,215.00,123 958.60,sl 5354.81
2026.03.02 07:35:12,7669,XAUUSD,sell,out,0.12,5354.15,7669,-0.42,0.00,-24.36,123 933.82,sl 5354.25
2026.03.02 08:00:00,7670,XAUUSD,buy,in,0.12,5366.17,7670,-0.42,0.00,0.00,123 933.40,EMA Crossover Trade BUY #M12350
2026.03.02 08:09:55,7671,XAUUSD,sell,out,0.12,5376.09,7671,-0.42,0.00,119.04,124 052.02,sl 5376.24
2026.03.02 09:00:00,7672,XAUUSD,buy,in,0.12,5387.72,7672,-0.42,0.00,0.00,124 051.60,EMA Crossover Trade BUY #M12350
2026.03.02 09:08:17,7673,XAUUSD,sell,out,0.12,5395.98,7673,-0.42,0.00,99.12,124 150.30,sl 5396.13
2026.03.02 10:00:00,7674,XAUUSD,buy,in,0.62,5408.56,7674,-2.17,0.00,0.00,124 148.13,EMA Crossover Trade BUY #M12350
2026.03.02 10:01:06,7675,XAUUSD,sell,out,0.62,5407.81,7675,-2.17,0.00,-46.50,124 099.46,sl 5408.10
2026.03.02 11:00:00,7676,XAUUSD,sell,in,2.5,5394.31,7676,-8.75,0.00,0.00,124 090.71,RSI Scalping Sell #M129102315
2026.03.02 11:00:22,7677,XAUUSD,buy,out,2.5,5391.80,7677,-8.75,0.00,627.50,124 709.46,sl 5391.70
2026.03.02 11:45:00,7678,DE40,sell,in,2.5,24849.00,7678,0.00,0.00,0.00,124 709.46,SimpleTrendline SELL #M26042502
2026.03.02 16:45:01,7679,NVDA.NAS,buy,in,250,179.54,7679,-5.00,0.00,0.00,124 704.46,RSI Scalping Buy #M20003
2026.03.03 02:00:00,7680,XAUUSD,buy,in,0.5,5346.05,7680,-1.75,0.00,0.00,124 702.71,United SuperEMA long #M940001
2026.03.03 05:00:00,7681,XAUUSD,buy,in,2.5,5367.01,7681,-8.75,0.00,0.00,124 693.96,RSI Scalping Buy #M129102315
2026.03.03 05:00:34,7682,XAUUSD,sell,out,2.5,5369.04,7682,-8.75,0.00,507.50,125 192.71,sl 5369.17
2026.03.03 07:15:00,7683,XAUUSD,sell,out,0.5,5362.34,7683,-1.75,0.00,814.50,126 005.46,
2026.03.03 10:00:00,7684,XTIUSD,buy,in,0.5,73.95,7684,0.00,0.00,0.00,126 005.46,WP Buy #M20260533
2026.03.03 10:00:00,7685,XBRUSD,buy,in,0.5,81.18,7685,0.00,0.00,0.00,126 005.46,WP Buy #M20260534
2026.03.03 11:00:00,7686,XAUUSD,sell,in,0.25,5295.57,7686,-0.88,0.00,0.00,126 004.58,SimpleTrendline SELL #M26042503
2026.03.03 11:30:00,7687,XAUUSD,sell,in,0.5,5242.08,7687,-1.75,0.00,0.00,126 002.83,United SuperEMA short #M940001
2026.03.03 12:55:57,7688,XBRUSD,sell,out,0.5,84.18,7688,0.00,0.00,150.00,126 152.83,tp 84.18
2026.03.03 12:55:59,7689,XTIUSD,sell,out,0.5,76.95,7689,0.00,0.00,150.00,126 302.83,tp 76.95
2026.03.03 13:00:00,7690,XTIUSD,buy,in,0.5,76.58,7690,0.00,0.00,0.00,126 302.83,WP Buy #M20260533
2026.03.03 13:00:00,7691,XBRUSD,buy,in,0.5,83.90,7691,0.00,0.00,0.00,126 302.83,WP Buy #M20260534
2026.03.03 13:25:56,7692,XBRUSD,sell,out,0.5,84.44,7692,0.00,0.00,27.00,126 329.83,sl 84.45
2026.03.03 13:30:00,7693,XTIUSD,sell,out,0.5,76.69,7693,0.00,0.00,5.50,126 335.33,sl 76.69
2026.03.03 14:00:00,7694,XTIUSD,buy,in,0.5,77.26,7694,0.00,0.00,0.00,126 335.33,WP Buy #M20260533
2026.03.03 14:00:00,7695,XBRUSD,buy,in,0.5,84.79,7695,0.00,0.00,0.00,126 335.33,WP Buy #M20260534
2026.03.03 14:14:23,7696,XBRUSD,sell,out,0.5,83.29,7696,0.00,0.00,-75.00,126 260.33,sl 83.29
2026.03.03 15:00:20,7697,XTIUSD,sell,out,0.5,75.73,7697,0.00,0.00,-76.50,126 183.83,sl 75.76
2026.03.03 16:35:00,7698,NVDA.NAS,sell,out,250,178.04,7698,-5.00,-0.04,-375.00,125 803.79,sl 179.70
2026.03.03 16:45:00,7699,NVDA.NAS,sell,in,250,178.42,7699,-5.00,0.00,0.00,125 798.79,RSI Scalping Sell #M20003
2026.03.03 17:00:01,7700,NVDA.NAS,buy,out,250,178.87,7700,-5.00,0.00,-112.50,125 681.29,
2026.03.03 17:15:01,7701,NVDA.NAS,buy,in,200,179.96,7701,-4.00,0.00,0.00,125 677.29,RSI Scalping Buy #M20003
2026.03.03 20:15:00,7702,XAUUSD,buy,out,0.5,5104.85,7702,-1.75,0.00,6 861.50,132 537.04,
2026.03.03 20:15:01,7703,DE40,buy,out,2.5,23887.60,7703,0.00,-4.70,2 903.43,135 435.77,
2026.03.04 03:45:02,7704,DE40,buy,in,2.5,23937.40,7704,0.00,0.00,0.00,135 435.77,SimpleTrendline BUY #M26042502
2026.03.04 04:00:00,7705,XAUUSD,buy,out,0.25,5174.63,7705,-0.88,11.20,3 023.50,138 469.59,
2026.03.04 04:00:00,7706,DE40,sell,out,2.5,23898.20,7706,0.00,0.00,-118.39,138 351.20,
2026.03.04 08:15:00,7707,XAUUSD,sell,in,0.5,5141.80,7707,-1.75,0.00,0.00,138 349.45,United SuperEMA short #M940001
2026.03.04 09:15:00,7708,XAUUSD,buy,out,0.5,5167.88,7708,-1.75,0.00,-1 304.00,137 043.70,
2026.03.04 10:00:00,7709,DE40,sell,in,2.5,23875.30,7709,0.00,0.00,0.00,137 043.70,SimpleTrendline SELL #M26042502
2026.03.04 10:15:00,7710,DE40,buy,out,2.5,23941.60,7710,0.00,0.00,-200.23,136 843.47,
2026.03.04 10:45:00,7711,DE40,sell,in,2.5,23863.30,7711,0.00,0.00,0.00,136 843.47,SimpleTrendline SELL #M26042502
2026.03.04 11:00:00,7712,BTCUSD,buy,in,2.5,71016.18,7712,0.00,0.00,0.00,136 843.47,RSI Scalping Buy #M123459123
2026.03.04 11:00:02,7713,BTCUSD,sell,out,2.5,71023.61,7713,0.00,0.00,18.58,136 862.05,sl 71023.82
2026.03.04 11:15:00,7714,DE40,buy,out,2.5,23933.20,7714,0.00,0.00,-211.10,136 650.95,
2026.03.04 11:30:00,7715,DE40,buy,in,2.5,23948.70,7715,0.00,0.00,0.00,136 650.95,SimpleTrendline BUY #M26042502
2026.03.04 12:00:00,7716,XAUUSD,sell,in,0.75,5182.37,7716,-2.63,0.00,0.00,136 648.32,RSI Reverse SELL #M1002
2026.03.04 12:00:00,7717,XAUUSD,buy,out,0.75,5182.73,7717,-2.63,0.00,-27.00,136 618.69,
2026.03.04 12:45:00,7718,XAUUSD,sell,in,0.5,5185.54,7718,-1.75,0.00,0.00,136 616.94,RSIConsolidation SELL #M2025042
2026.03.04 14:15:00,7719,XAUUSD,buy,in,0.5,5197.64,7719,-1.75,0.00,0.00,136 615.19,United SuperEMA long #M940001
2026.03.04 14:30:00,7720,XAUUSD,buy,out,0.5,5178.41,7720,-1.75,0.00,356.50,136 969.94,
2026.03.04 14:45:00,7721,XAUUSD,sell,out,0.5,5165.72,7721,-1.75,0.00,-1 596.00,135 372.19,
2026.03.04 14:45:00,7722,XAUUSD,sell,in,0.5,5165.94,7722,-1.75,0.00,0.00,135 370.44,RSIConsolidation SELL #M2025042
2026.03.04 14:45:00,7723,XAUUSD,buy,out,0.5,5166.04,7723,-1.75,0.00,-5.00,135 363.69,
2026.03.04 17:00:00,7724,XAUUSD,sell,in,0.5,5143.86,7724,-1.75,0.00,0.00,135 361.94,United SuperEMA short #M940001
2026.03.04 17:00:00,7725,XAUUSD,sell,in,0.25,5145.38,7725,-0.88,0.00,0.00,135 361.06,SimpleTrendline SELL #M26042503
2026.03.04 17:00:00,7726,BTCUSD,buy,in,2.5,71646.66,7726,0.00,0.00,0.00,135 361.06,RSI Scalping Buy #M123459123
2026.03.04 17:00:01,7727,BTCUSD,sell,out,2.5,71642.04,7727,0.00,0.00,-11.55,135 349.51,sl 71665.57
2026.03.04 18:00:00,7728,XAUUSD,buy,out,0.25,5151.52,7728,-0.88,0.00,-153.50,135 195.13,
2026.03.04 19:05:29,7729,XNGUSD,sell,in,0.6,3.0120,7729,0.00,0.00,0.00,135 195.13,WP Sell #M20260535
2026.03.04 19:08:12,7730,XNGUSD,buy,out,0.6,3.0220,7730,0.00,0.00,-60.00,135 135.13,sl 3.0220
2026.03.04 22:45:01,7731,XAUUSD,buy,out,0.5,5143.81,7731,-1.75,0.00,2.50,135 135.88,
2026.03.04 23:00:00,7732,XAUUSD,buy,in,0.75,5135.41,7732,-2.63,0.00,0.00,135 133.25,RSI Follow BUY #M1001
2026.03.05 03:30:00,7733,DE40,sell,out,2.5,24227.80,7733,0.00,-13.64,842.88,135 962.49,
2026.03.05 05:00:00,7734,XAUUSD,buy,in,2.5,5192.18,7734,-8.75,0.00,0.00,135 953.74,RSI Scalping Buy #M129102315
2026.03.05 05:00:07,7735,XAUUSD,sell,out,2.5,5191.95,7735,-8.75,0.00,-57.50,135 887.49,sl 5191.98
2026.03.05 08:45:00,7736,XAUUSD,buy,in,0.5,5151.01,7736,-1.75,0.00,0.00,135 885.74,RSIConsolidation BUY #M20250420
2026.03.05 09:00:00,7737,XAUUSD,sell,out,0.5,5167.66,7737,-1.75,0.00,832.50,136 716.49,
2026.03.05 11:45:00,7738,XAUUSD,sell,in,0.5,5162.91,7738,-1.75,0.00,0.00,136 714.74,RSIConsolidation SELL #M2025042
2026.03.05 11:45:00,7739,XAUUSD,buy,out,0.5,5163.37,7739,-1.75,0.00,-23.00,136 689.99,
2026.03.05 13:00:00,7740,DE40,buy,in,2.5,24262.40,7740,0.00,0.00,0.00,136 689.99,SimpleTrendline BUY #M26042502
2026.03.05 13:45:01,7741,DE40,sell,out,2.5,24250.90,7741,0.00,0.00,-34.73,136 655.26,
2026.03.05 16:00:00,7742,XAUUSD,sell,out,0.75,5117.96,7742,-2.63,-116.75,-1 308.75,135 227.13,
2026.03.05 16:45:32,7743,NVDA.NAS,sell,out,200,180.94,7743,-4.00,-0.06,196.00,135 419.07,sl 180.94
2026.03.05 17:00:00,7744,NVDA.NAS,buy,in,250,182.50,7744,-5.00,0.00,0.00,135 414.07,RSI Scalping Buy #M20003
2026.03.05 19:00:00,7745,XTIUSD,buy,in,0.5,79.29,7745,0.00,0.00,0.00,135 414.07,WP Buy #M20260533
2026.03.05 19:31:24,7746,NVDA.NAS,sell,out,250,180.29,7746,-5.00,0.00,-552.50,134 856.57,sl 180.29
2026.03.05 20:00:00,7747,TSLA.NAS,sell,in,375,401.12,7747,-7.50,0.00,0.00,134 849.07,RSI Scalping Sell #M125421321
2026.03.05 20:45:00,7748,NVDA.NAS,buy,in,250,179.95,7748,-5.00,0.00,0.00,134 844.07,RSI Scalping Buy #M20003
2026.03.05 21:00:00,7749,XBRUSD,buy,in,0.5,85.42,7749,0.00,0.00,0.00,134 844.07,WP Buy #M20260534
2026.03.05 21:33:00,7750,XTIUSD,sell,out,0.5,80.78,7750,0.00,0.00,74.50,134 918.57,sl 80.80
2026.03.05 22:00:00,7751,XTIUSD,buy,in,0.5,81.72,7751,0.00,0.00,0.00,134 918.57,WP Buy #M20260533
2026.03.05 22:04:36,7752,XBRUSD,sell,out,0.5,85.59,7752,0.00,0.00,8.50,134 927.07,sl 85.60
2026.03.05 22:11:52,7753,XTIUSD,sell,out,0.5,80.19,7753,0.00,0.00,-76.50,134 850.57,sl 80.19
2026.03.05 23:00:00,7754,XAUUSD,sell,in,0.75,5076.70,7754,-2.63,0.00,0.00,134 847.94,RSI Follow SELL #M1001
2026.03.06 02:15:00,7755,XAUUSD,sell,in,0.5,5085.11,7755,-1.75,0.00,0.00,134 846.19,RSIConsolidation SELL #M2025042
2026.03.06 02:15:01,7756,XAUUSD,buy,out,0.5,5085.44,7756,-1.75,0.00,-16.50,134 827.94,
2026.03.06 03:30:00,7757,DE40,sell,in,1.2,23868.60,7757,0.00,0.00,0.00,134 827.94,SimpleTrendline SELL #M26042502
2026.03.06 03:45:00,7758,DE40,buy,out,1.2,23886.30,7758,0.00,0.00,-25.66,134 802.28,
2026.03.06 04:00:00,7759,XAUUSD,buy,out,0.75,5134.87,7759,-2.63,33.59,-4 362.75,130 470.49,
2026.03.06 06:45:00,7760,XAUUSD,sell,in,0.4,5132.60,7760,-1.40,0.00,0.00,130 469.09,RSIConsolidation SELL #M2025042
2026.03.06 07:45:00,7761,XAUUSD,buy,out,0.4,5121.26,7761,-1.40,0.00,453.60,130 921.29,
2026.03.06 13:00:00,7762,XTIUSD,buy,in,0.5,84.10,7762,0.00,0.00,0.00,130 921.29,WP Buy #M20260533
2026.03.06 14:00:00,7763,XBRUSD,buy,in,0.5,89.53,7763,0.00,0.00,0.00,130 921.29,WP Buy #M20260534
2026.03.06 14:17:41,7764,XTIUSD,sell,out,0.5,85.73,7764,0.00,0.00,81.50,131 002.79,sl 85.73
2026.03.06 15:00:00,7765,XTIUSD,buy,in,0.5,86.16,7765,0.00,0.00,0.00,131 002.79,WP Buy #M20260533
2026.03.06 15:09:11,7766,XBRUSD,sell,out,0.5,88.05,7766,0.00,0.00,-74.00,130 928.79,sl 88.07
2026.03.06 16:00:00,7767,XBRUSD,buy,in,0.5,89.93,7767,0.00,0.00,0.00,130 928.79,WP Buy #M20260534
2026.03.06 16:00:34,7768,BTCUSD,sell,in,0.07,69167.97,7768,0.00,0.00,0.00,130 928.79,WP Sell #M20260527
2026.03.06 16:01:38,7769,BTCUSD,buy,out,0.07,69167.96,7769,0.00,0.00,0.00,130 928.79,sl 69166.14
2026.03.06 16:12:13,7770,XTIUSD,sell,out,0.5,87.40,7770,0.00,0.00,62.00,130 990.79,sl 87.40
2026.03.06 16:12:28,7771,XBRUSD,sell,out,0.5,89.77,7771,0.00,0.00,-8.00,130 982.79,sl 89.77
2026.03.06 17:00:00,7772,XTIUSD,buy,in,0.5,88.81,7772,0.00,0.00,0.00,130 982.79,WP Buy #M20260533
2026.03.06 17:00:00,7773,XBRUSD,buy,in,0.5,91.66,7773,0.00,0.00,0.00,130 982.79,WP Buy #M20260534
2026.03.06 17:00:02,7774,BTCUSD,sell,in,0.07,68439.65,7774,0.00,0.00,0.00,130 982.79,WP Sell #M20260527
2026.03.06 17:23:09,7775,BTCUSD,buy,out,0.07,68955.43,7775,0.00,0.00,-36.10,130 946.69,sl 68947.89
2026.03.06 17:56:20,7776,XTIUSD,sell,out,0.5,88.69,7776,0.00,0.00,-6.00,130 940.69,sl 88.69
2026.03.06 18:00:00,7777,XAUUSD,buy,in,2.5,5142.38,7777,-8.75,0.00,0.00,130 931.94,RSI Scalping Buy #M129102315
2026.03.06 18:00:06,7778,XAUUSD,sell,out,2.5,5142.62,7778,-8.75,0.00,60.00,130 983.19,sl 5142.64
2026.03.06 18:02:23,7779,BTCUSD,sell,in,0.07,68504.01,7779,0.00,0.00,0.00,130 983.19,WP Sell #M20260527
2026.03.06 18:27:41,7780,BTCUSD,buy,out,0.07,68528.85,7780,0.00,0.00,-1.74,130 981.45,sl 68524.78
2026.03.06 19:00:00,7781,XTIUSD,buy,in,0.5,90.37,7781,0.00,0.00,0.00,130 981.45,WP Buy #M20260533
2026.03.06 19:32:44,7782,BTCUSD,sell,in,0.07,68060.04,7782,0.00,0.00,0.00,130 981.45,WP Sell #M20260527
2026.03.06 19:43:41,7783,XBRUSD,sell,out,0.5,94.72,7783,0.00,0.00,153.00,131 134.45,tp 94.71
2026.03.06 19:49:19,7784,BTCUSD,buy,out,0.07,68044.98,7784,0.00,0.00,1.05,131 135.50,sl 68033.99
2026.03.06 20:00:00,7785,XBRUSD,buy,in,0.5,94.33,7785,0.00,0.00,0.00,131 135.50,WP Buy #M20260534
2026.03.06 20:01:18,7786,XTIUSD,sell,out,0.5,91.69,7786,0.00,0.00,66.00,131 201.50,sl 91.69
2026.03.06 20:11:20,7787,XBRUSD,sell,out,0.5,92.83,7787,0.00,0.00,-75.00,131 126.50,sl 92.83
2026.03.06 22:00:00,7788,XAUUSD,sell,in,0.5,5160.27,7788,-1.75,0.00,0.00,131 124.75,RSIConsolidation SELL #M2025042
2026.03.06 22:10:39,7789,NVDA.NAS,sell,out,250,179.12,7789,-5.00,-0.04,-207.50,130 912.21,sl 179.23
2026.03.06 23:00:00,7790,XAUUSD,buy,out,0.5,5152.96,7790,-1.75,0.00,365.50,131 275.96,
2026.03.09 01:15:00,7791,XAUUSD,sell,in,0.5,5159.76,7791,-1.75,0.00,0.00,131 274.21,RSIConsolidation SELL #M2025042
2026.03.09 01:15:00,7792,XAUUSD,buy,out,0.5,5159.78,7792,-1.75,0.00,-1.00,131 271.46,
2026.03.09 02:00:00,7793,XTIUSD,buy,in,0.5,106.97,7793,0.00,0.00,0.00,131 271.46,WP Buy #M20260533
2026.03.09 02:04:14,7794,XTIUSD,sell,out,0.5,105.47,7794,0.00,0.00,-75.00,131 196.46,sl 105.47
2026.03.09 03:00:00,7795,XTIUSD,buy,in,0.5,108.12,7795,0.00,0.00,0.00,131 196.46,WP Buy #M20260533
2026.03.09 03:09:06,7796,XTIUSD,sell,out,0.5,106.62,7796,0.00,0.00,-75.00,131 121.46,sl 106.62
2026.03.09 04:00:00,7797,XTIUSD,buy,in,0.5,108.34,7797,0.00,0.00,0.00,131 121.46,WP Buy #M20260533
2026.03.09 04:00:00,7798,XBRUSD,buy,in,0.5,108.78,7798,0.00,0.00,0.00,131 121.46,WP Buy #M20260534
2026.03.09 04:45:12,7799,XTIUSD,sell,out,0.5,111.34,7799,0.00,0.00,150.00,131 271.46,tp 111.34
2026.03.09 04:45:35,7800,XBRUSD,sell,out,0.5,111.79,7800,0.00,0.00,150.50,131 421.96,tp 111.79
2026.03.09 05:00:00,7801,XBRUSD,buy,in,0.5,114.81,7801,0.00,0.00,0.00,131 421.96,WP Buy #M20260534
2026.03.09 05:00:00,7802,XTIUSD,buy,in,0.5,115.12,7802,0.00,0.00,0.00,131 421.96,WP Buy #M20260533
2026.03.09 05:01:33,7803,XTIUSD,sell,out,0.5,113.59,7803,0.00,0.00,-76.50,131 345.46,sl 113.60
2026.03.09 05:02:38,7804,XBRUSD,sell,out,0.5,113.31,7804,0.00,0.00,-75.00,131 270.46,sl 113.31
2026.03.09 06:00:00,7805,XAUUSD,buy,in,0.75,5094.94,7805,-2.63,0.00,0.00,131 267.83,RSI Follow BUY #M1001
2026.03.09 06:00:00,7806,XBRUSD,buy,in,0.5,115.74,7806,0.00,0.00,0.00,131 267.83,WP Buy #M20260534
2026.03.09 06:05:51,7807,XBRUSD,sell,out,0.5,114.23,7807,0.00,0.00,-75.50,131 192.33,sl 114.23
2026.03.09 07:00:00,7808,XBRUSD,buy,in,0.5,116.31,7808,0.00,0.00,0.00,131 192.33,WP Buy #M20260534
2026.03.09 07:25:32,7809,XBRUSD,sell,out,0.5,116.24,7809,0.00,0.00,-3.50,131 188.83,sl 116.24
2026.03.09 10:00:00,7810,XAUUSD,sell,in,0.4,5097.41,7810,-1.40,0.00,0.00,131 187.43,RSIConsolidation SELL #M2025042
2026.03.09 10:00:00,7811,XAUUSD,buy,out,0.4,5097.72,7811,-1.40,0.00,-12.40,131 173.63,
2026.03.09 11:00:00,7812,DE40,sell,in,0.2,22962.50,7812,0.00,0.00,0.00,131 173.63,SimpleTrendline SELL #M26042502
2026.03.09 12:00:00,7813,DE40,buy,out,0.2,23042.00,7813,0.00,0.00,-19.21,131 154.42,
2026.03.09 13:00:00,7814,XAUUSD,sell,in,0.4,5105.33,7814,-1.40,0.00,0.00,131 153.02,RSIConsolidation SELL #M2025042
2026.03.09 13:00:00,7815,XAUUSD,buy,out,0.4,5105.38,7815,-1.40,0.00,-2.00,131 149.62,
2026.03.09 17:00:01,7816,TSLA.NAS,buy,out,375,384.44,7816,-7.50,0.04,6 255.00,137 397.16,
2026.03.09 17:30:00,7817,NVDA.NAS,buy,in,25,178.10,7817,-0.50,0.00,0.00,137 396.66,RSI Scalping Buy #M20003
2026.03.09 23:00:00,7818,XAUUSD,buy,in,2.5,5141.68,7818,-8.75,0.00,0.00,137 387.91,RSI Scalping Buy #M129102315
2026.03.09 23:00:03,7819,XAUUSD,sell,out,2.5,5141.76,7819,-8.75,0.00,20.00,137 399.16,sl 5141.82
2026.03.10 01:15:00,7820,XAUUSD,sell,in,0.5,5133.29,7820,-1.75,0.00,0.00,137 397.41,RSIConsolidation SELL #M2025042
2026.03.10 03:30:00,7821,XAUUSD,buy,out,0.5,5130.71,7821,-1.75,0.00,129.00,137 524.66,
2026.03.10 05:00:00,7822,XAUUSD,buy,in,2.5,5184.36,7822,-8.75,0.00,0.00,137 515.91,RSI Scalping Buy #M129102315
2026.03.10 05:00:05,7823,XAUUSD,sell,out,2.5,5185.45,7823,-8.75,0.00,272.50,137 779.66,sl 5185.47
2026.03.10 06:15:00,7824,XAUUSD,sell,in,0.5,5166.35,7824,-1.75,0.00,0.00,137 777.91,RSIConsolidation SELL #M2025042
2026.03.10 06:45:00,7825,XAUUSD,buy,out,0.5,5162.64,7825,-1.75,0.00,185.50,137 961.66,
2026.03.10 08:00:00,7826,XAUUSD,sell,in,0.75,5163.87,7826,-2.63,0.00,0.00,137 959.03,RSI Reverse SELL #M1002
2026.03.10 08:00:00,7827,XAUUSD,buy,out,0.75,5163.90,7827,-2.63,0.00,-2.25,137 954.15,
2026.03.10 08:45:00,7828,XAUUSD,sell,in,0.5,5168.66,7828,-1.75,0.00,0.00,137 952.40,RSIConsolidation SELL #M2025042
2026.03.10 10:30:00,7829,XAUUSD,buy,out,0.5,5169.54,7829,-1.75,0.00,-44.00,137 906.65,
2026.03.10 11:00:00,7830,AUDUSD,buy,in,0.44,0.71131,7830,-1.54,0.00,0.00,137 905.11,WP Buy #M20260525
2026.03.10 11:30:00,7831,XAUUSD,sell,in,0.5,5184.12,7831,-1.75,0.00,0.00,137 903.36,RSIConsolidation SELL #M2025042
2026.03.10 13:15:00,7832,XAUUSD,buy,out,0.5,5181.19,7832,-1.75,0.00,146.50,138 048.11,
2026.03.10 18:00:00,7833,SOXX.NAS,buy,in,0.6,343.260,7833,-0.02,0.00,0.00,138 048.09,WP Buy #M20260532
2026.03.10 18:01:41,7834,SOXX.NAS,sell,out,0.6,343.600,7834,-0.02,0.00,0.20,138 048.27,sl 343.600
2026.03.10 19:00:01,7835,SOXX.NAS,buy,in,0.6,344.120,7835,-0.02,0.00,0.00,138 048.25,WP Buy #M20260532
2026.03.10 19:00:26,7836,SOXX.NAS,sell,out,0.6,343.820,7836,-0.02,0.00,-0.18,138 048.05,sl 343.820
2026.03.10 19:30:00,7837,XAUUSD,sell,in,0.5,5232.47,7837,-1.75,0.00,0.00,138 046.30,RSIConsolidation SELL #M2025042
2026.03.10 20:00:00,7838,XAUUSD,buy,in,0.62,5227.81,7838,-2.17,0.00,0.00,138 044.13,EMA Crossover Trade BUY #M12350
2026.03.10 20:15:00,7839,XAUUSD,buy,in,0.5,5234.60,7839,-1.75,0.00,0.00,138 042.38,United SuperEMA long #M940001
2026.03.10 20:15:54,7840,XAUUSD,sell,out,0.62,5231.67,7840,-2.17,0.00,239.32,138 279.53,sl 5231.75
2026.03.10 21:00:00,7841,XAUUSD,buy,in,0.62,5228.15,7841,-2.17,0.00,0.00,138 277.36,EMA Crossover Trade BUY #M12350
2026.03.10 21:00:01,7842,AAPL.NAS,buy,in,0.7,262.270,7842,-0.02,0.00,0.00,138 277.34,WP Buy #M20260528
2026.03.10 21:01:46,7843,AAPL.NAS,sell,out,0.7,262.070,7843,-0.02,0.00,-0.14,138 277.18,sl 262.070
2026.03.10 21:14:16,7844,AUDUSD,sell,out,0.44,0.71444,7844,-1.54,0.00,137.72,138 413.36,sl 0.71444
2026.03.10 21:15:00,7845,XAUUSD,sell,out,0.5,5215.86,7845,-1.75,0.00,-937.00,137 474.61,
2026.03.10 21:15:00,7846,XAUUSD,buy,out,0.5,5216.02,7846,-1.75,0.00,822.50,138 295.36,
2026.03.10 22:00:00,7847,XAUUSD,sell,in,2.5,5191.82,7847,-8.75,0.00,0.00,138 286.61,RSI Scalping Sell #M129102315
2026.03.10 22:00:00,7848,TSLA.NAS,sell,in,375,400.61,7848,-7.50,0.00,0.00,138 279.11,RSI Scalping Sell #M125421321
2026.03.10 22:00:02,7849,XAUUSD,buy,out,2.5,5190.51,7849,-8.75,0.00,327.50,138 597.86,sl 5190.32
2026.03.10 23:00:00,7850,XAUUSD,buy,in,2.5,5198.88,7850,-8.75,0.00,0.00,138 589.11,RSI Scalping Buy #M129102315
2026.03.10 23:00:00,7851,XAUUSD,buy,in,0.25,5198.01,7851,-0.88,0.00,0.00,138 588.23,SimpleTrendline BUY #M26042503
2026.03.11 02:00:00,7852,XAUUSD,sell,out,0.25,5189.36,7852,-0.88,-12.97,-216.25,138 358.13,
2026.03.11 03:18:51,7853,XAUUSD,sell,out,2.5,5202.44,7853,-8.75,-129.73,890.00,139 109.65,sl 5202.53
2026.03.11 03:30:00,7854,XAUUSD,buy,in,0.5,5212.48,7854,-1.75,0.00,0.00,139 107.90,United SuperEMA long #M940001
2026.03.11 04:00:00,7855,XAUUSD,buy,in,2.5,5215.46,7855,-8.75,0.00,0.00,139 099.15,RSI Scalping Buy #M129102315
2026.03.11 04:00:02,7856,XAUUSD,sell,out,2.5,5216.27,7856,-8.75,0.00,202.50,139 292.90,sl 5216.32
2026.03.11 06:45:00,7857,XAUUSD,sell,out,0.5,5208.01,7857,-1.75,0.00,-223.50,139 067.65,
2026.03.11 08:00:00,7858,AUDUSD,buy,in,0.44,0.71820,7858,-1.54,0.00,0.00,139 066.11,WP Buy #M20260525
2026.03.11 09:00:00,7859,XAUUSD,sell,in,0.25,5199.72,7859,-0.88,0.00,0.00,139 065.23,SimpleTrendline SELL #M26042503
2026.03.11 14:58:41,7860,XAUUSD,sell,out,0.62,5176.26,7860,-2.17,-32.17,-3 217.18,135 813.71,
2026.03.11 16:35:01,7861,TSLA.NAS,buy,out,375,409.04,7861,-7.50,0.01,-3 161.25,132 644.97,
2026.03.11 16:45:00,7862,XAUUSD,sell,in,0.5,5165.25,7862,-1.75,0.00,0.00,132 643.22,United SuperEMA short #M940001
2026.03.11 17:15:00,7863,XAUUSD,buy,out,0.5,5190.13,7863,-1.75,0.00,-1 244.00,131 397.47,
2026.03.11 20:37:57,7864,AUDUSD,sell,out,0.44,0.71420,7864,-1.54,0.00,-176.00,131 219.93,sl 0.71420
2026.03.11 23:30:00,7865,XAUUSD,sell,in,0.4,5177.60,7865,-1.40,0.00,0.00,131 218.53,RSIConsolidation SELL #M2025042
2026.03.12 01:15:00,7866,XAUUSD,buy,out,0.4,5175.28,7866,-1.40,53.74,92.80,131 363.67,
2026.03.12 01:45:00,7867,XAUUSD,sell,in,0.25,5158.59,7867,-0.88,0.00,0.00,131 362.79,United SuperEMA short #M940001
2026.03.12 02:30:00,7868,XAUUSD,buy,in,0.5,5155.59,7868,-1.75,0.00,0.00,131 361.04,RSIConsolidation BUY #M20250420
2026.03.12 03:45:02,7869,XAUUSD,sell,out,0.5,5153.97,7869,-1.75,0.00,-81.00,131 278.29,
2026.03.12 04:00:00,7870,XTIUSD,buy,in,0.5,93.12,7870,0.00,0.00,0.00,131 278.29,WP Buy #M20260533
2026.03.12 04:00:00,7871,XBRUSD,buy,in,0.5,98.76,7871,0.00,0.00,0.00,131 278.29,WP Buy #M20260534
2026.03.12 04:21:49,7872,XBRUSD,sell,out,0.5,97.22,7872,0.00,0.00,-77.00,131 201.29,sl 97.26
2026.03.12 04:45:00,7873,XAUUSD,buy,out,0.25,5169.95,7873,-0.88,0.00,-284.00,130 916.41,
2026.03.12 05:00:00,7874,XBRUSD,buy,in,0.5,98.38,7874,0.00,0.00,0.00,130 916.41,WP Buy #M20260534
2026.03.12 05:38:16,7875,XBRUSD,sell,out,0.5,101.38,7875,0.00,0.00,150.00,131 066.41,tp 101.38
2026.03.12 05:40:23,7876,XTIUSD,sell,out,0.5,95.08,7876,0.00,0.00,98.00,131 164.41,sl 95.08
2026.03.12 05:45:00,7877,XAUUSD,sell,in,0.5,5158.12,7877,-1.75,0.00,0.00,131 162.66,RSIConsolidation SELL #M2025042
2026.03.12 05:45:00,7878,XAUUSD,buy,out,0.5,5158.28,7878,-1.75,0.00,-8.00,131 152.91,
2026.03.12 06:00:00,7879,XBRUSD,buy,in,0.5,100.24,7879,0.00,0.00,0.00,131 152.91,WP Buy #M20260534
2026.03.12 06:00:01,7880,XTIUSD,buy,in,0.5,94.61,7880,0.00,0.00,0.00,131 152.91,WP Buy #M20260533
2026.03.12 06:40:34,7881,XTIUSD,sell,out,0.5,94.66,7881,0.00,0.00,2.50,131 155.41,sl 94.66
2026.03.12 06:47:33,7882,XBRUSD,sell,out,0.5,100.65,7882,0.00,0.00,20.50,131 175.91,sl 100.65
2026.03.12 07:00:00,7883,XAUUSD,sell,in,0.75,5153.09,7883,-2.63,0.00,0.00,131 173.28,RSI Reverse SELL #M1002
2026.03.12 07:00:00,7884,XAUUSD,buy,out,0.75,5153.14,7884,-2.63,0.00,-3.75,131 166.90,
2026.03.12 07:00:00,7885,XBRUSD,buy,in,0.5,100.66,7885,0.00,0.00,0.00,131 166.90,WP Buy #M20260534
2026.03.12 08:02:48,7886,XBRUSD,sell,out,0.5,98.90,7886,0.00,0.00,-88.00,131 078.90,sl 99.16
2026.03.12 10:00:00,7887,XAUUSD,buy,out,0.25,5166.42,7887,-0.88,33.59,832.50,131 944.11,
2026.03.12 12:30:00,7888,XAUUSD,sell,in,0.5,5180.31,7888,-1.75,0.00,0.00,131 942.36,RSIConsolidation SELL #M2025042
2026.03.12 12:45:00,7889,XAUUSD,buy,in,0.25,5185.18,7889,-0.88,0.00,0.00,131 941.48,United SuperEMA long #M940001
2026.03.12 14:15:00,7890,XAUUSD,buy,out,0.5,5179.04,7890,-1.75,0.00,63.50,132 003.23,
2026.03.12 14:30:00,7891,XAUUSD,sell,out,0.25,5176.49,7891,-0.88,0.00,-217.25,131 785.10,
2026.03.12 16:41:39,7892,NVDA.NAS,sell,out,25,183.83,7892,-0.50,0.00,143.25,131 927.85,sl 183.83
2026.03.12 16:45:00,7893,NVDA.NAS,sell,in,25,183.65,7893,-0.50,0.00,0.00,131 927.35,RSI Scalping Sell #M20003
2026.03.12 17:00:00,7894,TSLA.NAS,sell,in,375,400.79,7894,-7.50,0.00,0.00,131 919.85,RSI Scalping Sell #M125421321
2026.03.12 17:00:00,7895,NVDA.NAS,buy,out,25,182.39,7895,-0.50,0.00,31.50,131 950.85,
2026.03.12 18:30:00,7896,NVDA.NAS,buy,in,250,182.90,7896,-5.00,0.00,0.00,131 945.85,RSI Scalping Buy #M20003
2026.03.12 20:00:00,7897,XAUUSD,sell,out,0.75,5123.17,7897,-2.63,-194.59,2 117.25,133 865.88,
2026.03.12 21:00:00,7898,XAUUSD,sell,in,0.25,5105.08,7898,-0.88,0.00,0.00,133 865.00,United SuperEMA short #M940001
2026.03.13 02:00:00,7899,XAUUSD,buy,out,0.25,5096.09,7899,-0.88,11.20,224.75,134 100.07,
2026.03.13 06:45:05,7900,DE40,buy,in,0.2,23616.00,7900,0.00,0.00,0.00,134 100.07,SimpleTrendline BUY #M26042502
2026.03.13 07:45:00,7901,XAUUSD,sell,in,0.25,5104.56,7901,-0.88,0.00,0.00,134 099.19,United SuperEMA short #M940001
2026.03.13 08:00:00,7902,XAUUSD,sell,in,0.25,5104.75,7902,-0.88,0.00,0.00,134 098.31,SimpleTrendline SELL #M26042503
2026.03.13 08:00:00,7903,DE40,sell,out,0.2,23605.80,7903,0.00,0.00,-2.46,134 095.85,
2026.03.13 12:15:00,7904,XAUUSD,buy,out,0.25,5093.17,7904,-0.88,0.00,284.75,134 379.72,
2026.03.13 15:00:00,7905,XAUUSD,buy,out,0.25,5107.60,7905,-0.88,0.00,-71.25,134 307.59,
2026.03.13 17:00:00,7906,BTCUSD,buy,in,2.5,73408.53,7906,0.00,0.00,0.00,134 307.59,RSI Scalping Buy #M123459123
2026.03.13 17:00:03,7907,BTCUSD,sell,out,2.5,73479.95,7907,0.00,0.00,178.55,134 486.14,sl 73480.68
2026.03.13 17:56:49,7908,NVDA.NAS,sell,out,250,182.14,7908,-5.00,-0.04,-190.00,134 291.10,sl 182.14
2026.03.13 18:00:00,7909,XAUUSD,sell,in,0.5,5041.87,7909,-1.75,0.00,0.00,134 289.35,United SuperEMA short #M940001
2026.03.13 18:00:00,7910,XAUUSD,sell,in,0.25,5041.09,7910,-0.88,0.00,0.00,134 288.47,SimpleTrendline SELL #M26042503
2026.03.13 18:00:00,7911,NVDA.NAS,sell,in,250,182.06,7911,-5.00,0.00,0.00,134 283.47,RSI Scalping Sell #M20003
2026.03.13 18:30:01,7912,NVDA.NAS,buy,out,250,181.90,7912,-5.00,0.00,40.00,134 318.47,
2026.03.13 18:30:01,7913,NVDA.NAS,sell,in,125,181.90,7913,-2.50,0.00,0.00,134 315.97,RSI Scalping Sell #M20003
2026.03.13 18:45:01,7914,NVDA.NAS,buy,out,125,181.16,7914,-2.50,0.00,92.50,134 405.97,
2026.03.13 20:15:01,7915,NVDA.NAS,buy,in,250,181.54,7915,-5.00,0.00,0.00,134 400.97,RSI Scalping Buy #M20003
2026.03.16 03:15:00,7916,XAUUSD,buy,out,0.5,5022.75,7916,-1.75,22.39,956.00,135 377.61,
2026.03.16 08:00:00,7917,BTCUSD,buy,in,2.5,73842.66,7917,0.00,0.00,0.00,135 377.61,RSI Scalping Buy #M123459123
2026.03.16 08:00:05,7918,BTCUSD,sell,out,2.5,73862.44,7918,0.00,0.00,49.45,135 427.06,sl 73863.18
2026.03.16 10:30:00,7919,XAUUSD,sell,in,0.5,5002.74,7919,-1.75,0.00,0.00,135 425.31,United SuperEMA short #M940001
2026.03.16 14:00:00,7920,XAUUSD,buy,out,0.5,4998.97,7920,-1.75,0.00,188.50,135 612.06,
2026.03.16 14:00:00,7921,AUDUSD,buy,in,0.44,0.70500,7921,-1.54,0.00,0.00,135 610.52,WP Buy #M20260525
2026.03.16 15:00:00,7922,BTCUSD,sell,in,1.75,73553.02,7922,0.00,0.00,0.00,135 610.52,SimpleTrendline SELL #M26042501
2026.03.16 16:00:00,7923,XAUUSD,buy,out,0.25,5020.16,7923,-0.88,11.20,523.25,136 144.09,
2026.03.16 16:00:00,7924,BTCUSD,buy,out,1.75,73877.26,7924,0.00,0.00,-567.42,135 576.67,
2026.03.16 16:35:01,7925,TSLA.NAS,buy,out,375,399.12,7925,-7.50,0.04,626.25,136 195.46,sl 399.02
2026.03.16 18:52:25,7926,AUDUSD,sell,out,0.44,0.70520,7926,-1.54,0.00,8.80,136 202.72,sl 0.70520
2026.03.16 19:00:00,7927,BTCUSD,sell,in,1.75,73283.09,7927,0.00,0.00,0.00,136 202.72,SimpleTrendline SELL #M26042501
2026.03.16 19:00:01,7928,TSLA.NAS,sell,in,375,398.28,7928,-7.50,0.00,0.00,136 195.22,RSI Scalping Sell #M125421321
2026.03.16 20:00:00,7929,BTCUSD,buy,out,1.75,73791.84,7929,0.00,0.00,-890.31,135 304.91,
2026.03.16 21:45:45,7930,XNGUSD,sell,in,0.75,3.0630,7930,0.00,0.00,0.00,135 304.91,WP Sell #M20260535
2026.03.16 22:04:49,7931,XNGUSD,buy,out,0.75,3.0640,7931,0.00,0.00,-7.50,135 297.41,sl 3.0640
2026.03.16 22:16:02,7932,NVDA.NAS,sell,out,250,184.93,7932,-5.00,-0.12,847.50,136 139.79,sl 185.05
2026.03.16 22:30:00,7933,NVDA.NAS,sell,in,250,181.83,7933,-5.00,0.00,0.00,136 134.79,RSI Scalping Sell #M20003
2026.03.17 02:00:00,7934,XAUUSD,sell,in,0.25,5002.25,7934,-0.88,0.00,0.00,136 133.91,SimpleTrendline SELL #M26042503
2026.03.17 03:00:00,7935,XAUUSD,buy,out,0.25,5012.98,7935,-0.88,0.00,-268.25,135 864.78,
2026.03.17 03:00:00,7936,XAUUSD,buy,in,0.25,5012.97,7936,-0.88,0.00,0.00,135 863.90,SimpleTrendline BUY #M26042503
2026.03.17 04:00:00,7937,BTCUSD,buy,in,2.5,75329.28,7937,0.00,0.00,0.00,135 863.90,RSI Scalping Buy #M123459123
2026.03.17 04:00:00,7938,XAUUSD,sell,out,0.25,5001.84,7938,-0.88,0.00,-278.25,135 584.77,
2026.03.17 04:00:06,7939,BTCUSD,sell,out,2.5,75337.09,7939,0.00,0.00,19.53,135 604.30,sl 75339.10
2026.03.17 05:00:00,7940,XAUUSD,buy,in,0.12,5027.86,7940,-0.42,0.00,0.00,135 603.88,SimpleTrendline BUY #M26042503
2026.03.17 06:30:00,7941,XAUUSD,buy,in,0.5,5032.78,7941,-1.75,0.00,0.00,135 602.13,United SuperEMA long #M940001
2026.03.17 09:00:00,7942,XAUUSD,sell,out,0.5,5020.76,7942,-1.75,0.00,-601.00,134 999.38,
2026.03.17 09:00:00,7943,XAUUSD,sell,out,0.12,5020.76,7943,-0.42,0.00,-85.20,134 913.76,
2026.03.17 12:00:00,7944,XAUUSD,buy,in,0.12,5024.75,7944,-0.42,0.00,0.00,134 913.34,SimpleTrendline BUY #M26042503
2026.03.17 13:00:00,7945,XAUUSD,sell,out,0.12,5010.04,7945,-0.42,0.00,-176.52,134 736.40,
2026.03.17 13:15:00,7946,XAUUSD,sell,in,0.5,5003.97,7946,-1.75,0.00,0.00,134 734.65,United SuperEMA short #M940001
2026.03.17 15:30:00,7947,XAUUSD,buy,out,0.5,5020.36,7947,-1.75,0.00,-819.50,133 913.40,
2026.03.17 17:00:00,7948,XAUUSD,buy,in,0.1,5017.08,7948,-0.35,0.00,0.00,133 913.05,SimpleTrendline BUY #M26042503
2026.03.17 17:15:00,7949,NVDA.NAS,buy,out,250,182.38,7949,-5.00,0.01,-137.50,133 770.56,
2026.03.17 18:00:00,7950,XAUUSD,sell,out,0.1,5007.43,7950,-0.35,0.00,-96.50,133 673.71,
2026.03.17 18:00:00,7951,XAUUSD,sell,in,0.1,5007.37,7951,-0.35,0.00,0.00,133 673.36,SimpleTrendline SELL #M26042503
2026.03.17 18:30:00,7952,XAUUSD,sell,in,0.4,4994.91,7952,-1.40,0.00,0.00,133 671.96,United SuperEMA short #M940001
2026.03.17 19:30:01,7953,NVDA.NAS,buy,in,200,182.73,7953,-4.00,0.00,0.00,133 667.96,RSI Scalping Buy #M20003
2026.03.17 21:15:02,7954,XAUUSD,buy,out,0.4,5006.69,7954,-1.40,0.00,-471.20,133 195.36,
2026.03.18 02:00:00,7955,XAUUSD,buy,out,0.1,5000.04,7955,-0.35,4.48,73.30,133 272.79,
2026.03.18 05:00:00,7956,XAUUSD,sell,in,0.12,4999.12,7956,-0.42,0.00,0.00,133 272.37,SimpleTrendline SELL #M26042503
2026.03.18 06:00:00,7957,XAUUSD,sell,in,0.5,4991.85,7957,-1.75,0.00,0.00,133 270.62,United SuperEMA short #M940001
2026.03.18 06:02:14,7958,XNGUSD,sell,in,0.75,3.0010,7958,0.00,0.00,0.00,133 270.62,WP Sell #M20260535
2026.03.18 06:17:36,7959,XNGUSD,buy,out,0.75,3.0030,7959,0.00,0.00,-15.00,133 255.62,sl 3.0030
2026.03.18 07:00:00,7960,XAUUSD,buy,out,0.12,4991.31,7960,-0.42,0.00,93.72,133 348.92,
2026.03.18 07:08:33,7961,XNGUSD,sell,in,0.75,2.9710,7961,0.00,0.00,0.00,133 348.92,WP Sell #M20260535
2026.03.18 07:49:31,7962,XNGUSD,buy,out,0.75,2.9810,7962,0.00,0.00,-75.00,133 273.92,sl 2.9810
2026.03.18 08:00:01,7963,XNGUSD,sell,in,0.75,2.9730,7963,0.00,0.00,0.00,133 273.92,WP Sell #M20260535
2026.03.18 08:45:01,7964,XAUUSD,buy,out,0.5,4999.27,7964,-1.75,0.00,-371.00,132 901.17,
2026.03.18 09:00:17,7965,XNGUSD,buy,out,0.75,2.9730,7965,0.00,0.00,0.00,132 901.17,sl 2.9720
2026.03.18 12:00:00,7966,XAUUSD,sell,in,0.12,4987.52,7966,-0.42,0.00,0.00,132 900.75,SimpleTrendline SELL #M26042503
2026.03.18 13:45:00,7967,XAUUSD,sell,in,0.25,4976.57,7967,-0.88,0.00,0.00,132 899.87,United SuperEMA short #M940001
2026.03.18 17:00:00,7968,TSLA.NAS,buy,out,375,403.00,7968,-7.50,0.02,-1 770.00,131 122.39,
2026.03.18 17:06:44,7969,BTCUSD,sell,in,0.07,71982.48,7969,0.00,0.00,0.00,131 122.39,WP Sell #M20260527
2026.03.18 17:36:51,7970,BTCUSD,buy,out,0.07,71878.84,7970,0.00,0.00,7.25,131 129.64,sl 71872.60
2026.03.18 18:00:00,7971,XBRUSD,buy,in,0.5,109.25,7971,0.00,0.00,0.00,131 129.64,WP Buy #M20260534
2026.03.18 18:00:00,7972,TSLA.NAS,sell,in,375,398.46,7972,-7.50,0.00,0.00,131 122.14,RSI Scalping Sell #M125421321
2026.03.18 19:30:00,7973,XAUUSD,buy,out,0.25,4882.43,7973,-0.88,0.00,2 353.50,133 474.76,
2026.03.18 19:58:24,7974,BTCUSD,sell,in,0.07,71360.80,7974,0.00,0.00,0.00,133 474.76,WP Sell #M20260527
2026.03.18 20:40:17,7975,XBRUSD,sell,out,0.5,107.58,7975,0.00,0.00,-83.50,133 391.26,sl 107.75
2026.03.18 21:00:18,7976,BTCUSD,buy,out,0.07,71836.14,7976,0.00,0.00,-33.27,133 357.99,sl 71836.09
2026.03.18 22:45:01,7977,NVDA.NAS,sell,out,200,180.76,7977,-4.00,-0.03,-394.00,132 959.96,
2026.03.18 23:00:00,7978,XAUUSD,sell,in,0.5,4842.75,7978,-1.75,0.00,0.00,132 958.21,United SuperEMA short #M940001
2026.03.19 03:00:00,7979,XAUUSD,buy,out,0.5,4836.80,7979,-1.75,67.18,297.50,133 321.14,
2026.03.19 08:45:00,7980,XAUUSD,sell,in,0.5,4833.76,7980,-1.75,0.00,0.00,133 319.39,United SuperEMA short #M940001
2026.03.19 12:00:00,7981,XBRUSD,buy,in,0.5,116.16,7981,0.00,0.00,0.00,133 319.39,WP Buy #M20260534
2026.03.19 12:29:41,7982,XBRUSD,sell,out,0.5,119.20,7982,0.00,0.00,152.00,133 471.39,tp 119.20
2026.03.19 16:35:00,7983,TSLA.NAS,buy,out,375,381.68,7983,-7.50,0.01,6 292.50,139 756.40,
2026.03.19 17:15:00,7984,XAUUSD,buy,out,0.5,4631.54,7984,-1.75,0.00,10 111.00,149 865.65,
2026.03.19 18:15:00,7985,NVDA.NAS,buy,in,250,178.87,7985,-5.00,0.00,0.00,149 860.65,RSI Scalping Buy #M20003
2026.03.19 22:30:00,7986,DE40,sell,in,0.2,23007.40,7986,0.00,0.00,0.00,149 860.65,SimpleTrendline SELL #M26042502
2026.03.20 02:22:19,7987,EURUSD,sell,in,1.25,1.15769,7987,-4.38,0.00,0.00,149 856.27,RSI Overbought Crossover Sell #
2026.03.20 04:15:00,7988,DE40,buy,out,0.2,23045.40,7988,0.00,-0.38,-8.80,149 847.09,
2026.03.20 04:50:57,7989,EURUSD,buy,out,1.25,1.15656,7989,-4.38,0.00,141.25,149 983.96,
2026.03.20 05:00:00,7990,XAUUSD,buy,out,0.12,4678.57,7990,-0.42,21.49,3 707.40,153 712.43,
2026.03.20 09:45:00,7991,XAUUSD,sell,in,0.5,4666.51,7991,-1.75,0.00,0.00,153 710.68,United SuperEMA short #M940001
2026.03.20 09:45:00,7992,DE40,sell,in,0.2,22970.70,7992,0.00,0.00,0.00,153 710.68,SimpleTrendline SELL #M26042502
2026.03.20 10:30:00,7993,DE40,buy,out,0.2,23011.80,7993,0.00,0.00,-9.51,153 701.17,
2026.03.20 11:00:00,7994,XAUUSD,buy,out,0.5,4706.45,7994,-1.75,0.00,-1 997.00,151 702.42,
2026.03.20 13:00:00,7995,XAUUSD,sell,in,0.25,4667.48,7995,-0.88,0.00,0.00,151 701.54,SimpleTrendline SELL #M26042503
2026.03.20 15:00:00,7996,XAUUSD,buy,out,0.25,4671.75,7996,-0.88,0.00,-106.75,151 593.91,
2026.03.20 16:58:15,7997,NVDA.NAS,sell,out,250,176.19,7997,-5.00,-0.04,-670.00,150 918.87,sl 176.21
2026.03.20 17:00:00,7998,NVDA.NAS,sell,in,200,175.84,7998,-4.00,0.00,0.00,150 914.87,RSI Scalping Sell #M20003
2026.03.20 17:00:00,7999,XAUUSD,sell,in,0.4,4616.32,7999,-1.40,0.00,0.00,150 913.47,United SuperEMA short #M940001
2026.03.20 17:00:00,8000,TSLA.NAS,sell,in,0.4,371.14,8000,-0.02,0.00,0.00,150 913.45,WP Sell #M20260530
2026.03.20 17:15:00,8001,NVDA.NAS,buy,out,200,175.57,8001,-4.00,0.00,54.00,150 963.45,
2026.03.20 18:11:51,8002,TSLA.NAS,buy,out,0.4,374.18,8002,-0.02,0.00,-1.22,150 962.21,sl 374.14
2026.03.20 19:15:00,8003,NVDA.NAS,buy,in,250,176.38,8003,-5.00,0.00,0.00,150 957.21,RSI Scalping Buy #M20003
2026.03.20 20:45:00,8004,NVDA.NAS,sell,out,250,174.61,8004,-5.00,0.00,-442.50,150 509.71,
2026.03.23 12:15:00,8005,XAUUSD,buy,out,0.4,4268.76,8005,-1.40,17.91,13 902.40,164 428.62,
2026.03.23 16:45:00,8006,NVDA.NAS,buy,in,250,176.57,8006,-5.00,0.00,0.00,164 423.62,RSI Scalping Buy #M20003
2026.03.23 17:00:00,8007,BTCUSD,buy,in,2.5,71477.20,8007,0.00,0.00,0.00,164 423.62,RSI Scalping Buy #M123459123
2026.03.23 17:00:08,8008,BTCUSD,sell,out,2.5,71495.22,8008,0.00,0.00,45.05,164 468.67,sl 71495.68
2026.03.24 01:00:00,8009,BTCUSD,sell,in,1.75,70839.14,8009,0.00,0.00,0.00,164 468.67,SimpleTrendline SELL #M26042501
2026.03.24 03:00:00,8010,XAUUSD,buy,in,0.5,4441.09,8010,-1.75,0.00,0.00,164 466.92,United SuperEMA long #M940001
2026.03.24 03:00:00,8011,BTCUSD,buy,out,1.75,70886.20,8011,0.00,0.00,-82.36,164 384.56,
2026.03.24 03:30:00,8012,XAUUSD,sell,out,0.5,4378.03,8012,-1.75,0.00,-3 153.00,161 229.81,
2026.03.24 03:45:00,8013,XAUUSD,sell,in,0.5,4344.33,8013,-1.75,0.00,0.00,161 228.06,United SuperEMA short #M940001
2026.03.24 05:00:00,8014,XAUUSD,sell,in,0.25,4322.73,8014,-0.88,0.00,0.00,161 227.18,SimpleTrendline SELL #M26042503
2026.03.24 05:00:00,8015,BTCUSD,sell,in,1.75,70484.40,8015,0.00,0.00,0.00,161 227.18,SimpleTrendline SELL #M26042501
2026.03.24 08:45:00,8016,XAUUSD,buy,out,0.5,4358.33,8016,-1.75,0.00,-700.00,160 525.43,
2026.03.24 10:00:00,8017,XAUUSD,buy,out,0.25,4401.28,8017,-0.88,0.00,-1 963.75,158 560.80,
2026.03.24 11:00:00,8018,BTCUSD,buy,out,1.75,71289.83,8018,0.00,0.00,-1 409.50,157 151.30,
2026.03.24 16:41:40,8019,NVDA.NAS,sell,out,250,174.54,8019,-5.00,-0.04,-507.50,156 638.76,sl 174.60
2026.03.24 16:45:01,8020,NVDA.NAS,sell,in,200,174.79,8020,-4.00,0.00,0.00,156 634.76,RSI Scalping Sell #M20003
2026.03.24 17:00:01,8021,NVDA.NAS,buy,out,200,174.94,8021,-4.00,0.00,-30.00,156 600.76,
2026.03.24 18:00:00,8022,XAUUSD,buy,in,0.1,4416.06,8022,-0.35,0.00,0.00,156 600.41,SimpleTrendline BUY #M26042503
2026.03.24 18:00:00,8023,NVDA.NAS,buy,in,100,174.79,8023,-2.00,0.00,0.00,156 598.41,RSI Scalping Buy #M20003
2026.03.24 18:45:00,8024,XAUUSD,buy,in,0.4,4424.61,8024,-1.40,0.00,0.00,156 597.01,United SuperEMA long #M940001
2026.03.24 19:00:01,8025,TSLA.NAS,sell,in,300,382.48,8025,-6.00,0.00,0.00,156 591.01,RSI Scalping Sell #M125421321
2026.03.24 20:30:00,8026,XAUUSD,sell,out,0.4,4398.16,8026,-1.40,0.00,-1 058.00,155 531.61,
2026.03.24 21:00:00,8027,XAUUSD,sell,out,0.1,4388.54,8027,-0.35,0.00,-275.20,155 256.06,
2026.03.25 02:00:00,8028,XAUUSD,buy,in,0.5,4484.50,8028,-1.75,0.00,0.00,155 254.31,EMA Crossover Trade BUY #M12350
2026.03.25 02:00:00,8029,BTCUSD,sell,in,1.4,70281.02,8029,0.00,0.00,0.00,155 254.31,SimpleTrendline SELL #M26042501
2026.03.25 02:00:00,8030,XAUUSD,buy,in,0.1,4484.22,8030,-0.35,0.00,0.00,155 253.96,SimpleTrendline BUY #M26042503
2026.03.25 02:00:35,8031,XAUUSD,sell,out,0.5,4481.19,8031,-1.75,0.00,-165.50,155 086.71,sl 4481.19
2026.03.25 03:00:00,8032,XAUUSD,buy,in,0.5,4546.96,8032,-1.75,0.00,0.00,155 084.96,EMA Crossover Trade BUY #M12350
2026.03.25 03:00:01,8033,XAUUSD,buy,in,0.06,4546.56,8033,-0.21,0.00,0.00,155 084.75,WP Buy #M20260526
2026.03.25 03:00:19,8034,XAUUSD,sell,out,0.5,4550.03,8034,-1.75,0.00,153.50,155 236.50,sl 4550.03
2026.03.25 03:00:27,8035,XAUUSD,sell,out,0.06,4546.01,8035,-0.21,0.00,-3.30,155 232.99,sl 4546.25
2026.03.25 03:09:23,8036,EURUSD,sell,in,1.25,1.16223,8036,-4.38,0.00,0.00,155 228.61,RSI Overbought Crossover Sell #
2026.03.25 04:00:00,8037,XAUUSD,buy,in,0.62,4563.63,8037,-2.17,0.00,0.00,155 226.44,EMA Crossover Trade BUY #M12350
2026.03.25 04:00:00,8038,BTCUSD,buy,out,1.4,70811.11,8038,0.00,0.00,-742.13,154 484.31,
2026.03.25 04:00:00,8039,XAUUSD,buy,in,0.07,4564.59,8039,-0.25,0.00,0.00,154 484.06,WP Buy #M20260526
2026.03.25 04:00:02,8040,XAUUSD,sell,out,0.62,4564.26,8040,-2.17,0.00,39.06,154 520.95,sl 4564.29
2026.03.25 04:00:46,8041,XAUUSD,sell,out,0.07,4562.97,8041,-0.25,0.00,-11.34,154 509.36,sl 4562.98
2026.03.25 04:54:18,8042,EURUSD,buy,out,1.25,1.16142,8042,-4.38,0.00,101.25,154 606.23,
2026.03.25 05:00:00,8043,XAUUSD,buy,in,1.25,4595.22,8043,-4.38,0.00,0.00,154 601.85,EMA Crossover Trade BUY #M12350
2026.03.25 05:00:00,8044,XAUUSD,buy,in,0.07,4595.17,8044,-0.25,0.00,0.00,154 601.60,WP Buy #M20260526
2026.03.25 05:00:02,8045,XNGUSD,sell,in,0.75,2.8500,8045,0.00,0.00,0.00,154 601.60,WP Sell #M20260535
2026.03.25 05:00:22,8046,XAUUSD,sell,out,1.25,4592.44,8046,-4.38,0.00,-347.50,154 249.72,sl 4592.58
2026.03.25 05:12:52,8047,XAUUSD,sell,out,0.07,4580.15,8047,-0.25,0.00,-105.14,154 144.33,sl 4580.22
2026.03.25 05:23:01,8048,XNGUSD,buy,out,0.75,2.8600,8048,0.00,0.00,-75.00,154 069.33,sl 2.8600
2026.03.25 06:00:00,8049,XAUUSD,buy,in,1.25,4583.86,8049,-4.38,0.00,0.00,154 064.95,EMA Crossover Trade BUY #M12350
2026.03.25 06:00:00,8050,XAUUSD,sell,in,2.5,4583.72,8050,-8.75,0.00,0.00,154 056.20,RSI Scalping Sell #M129102315
2026.03.25 06:00:00,8051,XAUUSD,buy,in,0.07,4583.80,8051,-0.25,0.00,0.00,154 055.95,WP Buy #M20260526
2026.03.25 06:00:13,8052,XAUUSD,buy,out,2.5,4584.01,8052,-8.75,0.00,-72.50,153 974.70,sl 4584.00
2026.03.25 06:02:50,8053,XAUUSD,sell,out,1.25,4582.24,8053,-4.38,0.00,-202.50,153 767.82,sl 4582.24
2026.03.25 06:45:36,8054,XAUUSD,sell,out,0.07,4568.80,8054,-0.25,0.00,-105.00,153 662.57,sl 4568.84
2026.03.25 07:00:00,8055,XAUUSD,buy,in,0.5,4569.86,8055,-1.75,0.00,0.00,153 660.82,EMA Crossover Trade BUY #M12350
2026.03.25 07:00:00,8056,XAUUSD,sell,out,0.1,4569.70,8056,-0.35,0.00,854.80,154 515.27,
2026.03.25 07:07:16,8057,XAUUSD,sell,out,0.5,4570.45,8057,-1.75,0.00,29.50,154 543.02,sl 4570.48
2026.03.25 08:00:00,8058,XAUUSD,buy,in,1.25,4573.08,8058,-4.38,0.00,0.00,154 538.64,EMA Crossover Trade BUY #M12350
2026.03.25 08:11:08,8059,XAUUSD,sell,out,1.25,4569.58,8059,-4.38,0.00,-437.50,154 096.76,sl 4569.65
2026.03.25 09:00:00,8060,XAUUSD,buy,in,0.62,4555.63,8060,-2.17,0.00,0.00,154 094.59,EMA Crossover Trade BUY #M12350
2026.03.25 09:01:28,8061,XAUUSD,sell,out,0.62,4552.56,8061,-2.17,0.00,-190.34,153 902.08,sl 4553.26
2026.03.25 10:00:00,8062,XAUUSD,buy,in,0.62,4545.04,8062,-2.17,0.00,0.00,153 899.91,EMA Crossover Trade BUY #M12350
2026.03.25 10:11:59,8063,XAUUSD,sell,out,0.62,4549.84,8063,-2.17,0.00,297.60,154 195.34,sl 4549.99
2026.03.25 15:00:00,8064,XAUUSD,buy,in,0.12,4579.44,8064,-0.42,0.00,0.00,154 194.92,SimpleTrendline BUY #M26042503
2026.03.25 15:45:00,8065,DE40,buy,in,0.2,22969.70,8065,0.00,0.00,0.00,154 194.92,SimpleTrendline BUY #M26042502
2026.03.25 16:00:00,8066,XAUUSD,sell,out,0.12,4544.57,8066,-0.42,0.00,-418.44,153 776.06,
2026.03.25 16:35:01,8067,TSLA.NAS,buy,out,300,393.12,8067,-6.00,0.01,-3 192.00,150 578.07,
2026.03.25 17:00:00,8068,XAUUSD,buy,in,2.5,4545.29,8068,-8.75,0.00,0.00,150 569.32,RSI Scalping Buy #M129102315
2026.03.25 17:00:00,8069,DE40,sell,out,0.2,22951.40,8069,0.00,0.00,-4.25,150 565.07,
2026.03.25 17:00:01,8070,XAUUSD,sell,out,2.5,4545.97,8070,-8.75,0.00,170.00,150 726.32,sl 4546.00
2026.03.25 17:15:00,8071,DE40,buy,in,0.2,22995.40,8071,0.00,0.00,0.00,150 726.32,SimpleTrendline BUY #M26042502
2026.03.25 18:00:00,8072,DE40,sell,out,0.2,22983.40,8072,0.00,0.00,-2.79,150 723.53,
2026.03.25 22:00:00,8073,TSLA.NAS,sell,in,375,386.23,8073,-7.50,0.00,0.00,150 716.03,RSI Scalping Sell #M125421321
2026.03.26 04:00:00,8074,XAUUSD,buy,in,1.25,4535.92,8074,-4.38,0.00,0.00,150 711.65,EMA Crossover Trade BUY #M12350
2026.03.26 04:00:00,8075,XAUUSD,buy,in,0.75,4535.92,8075,-2.63,0.00,0.00,150 709.02,RSI Follow BUY #M1001
2026.03.26 04:00:01,8076,XAUUSD,sell,out,1.25,4533.06,8076,-4.38,0.00,-357.50,150 347.14,sl 4533.10
2026.03.26 04:45:00,8077,XAUUSD,sell,in,0.5,4530.20,8077,-1.75,0.00,0.00,150 345.39,RSIConsolidation SELL #M2025042
2026.03.26 05:00:00,8078,XAUUSD,buy,in,1.25,4535.71,8078,-4.38,0.00,0.00,150 341.01,EMA Crossover Trade BUY #M12350
2026.03.26 05:00:52,8079,XAUUSD,sell,out,1.25,4532.20,8079,-4.38,0.00,-438.75,149 897.88,sl 4532.20
2026.03.26 05:30:00,8080,XAUUSD,buy,out,0.5,4527.66,8080,-1.75,0.00,127.00,150 023.13,
2026.03.26 08:00:00,8081,XAUUSD,sell,in,0.75,4520.77,8081,-2.63,0.00,0.00,150 020.50,EMA Cross Distance SELL #M1003
2026.03.26 12:00:00,8082,BTCUSD,sell,in,0.17,69980.73,8082,0.00,0.00,0.00,150 020.50,SimpleTrendline SELL #M26042501
2026.03.26 13:00:00,8083,XAUUSD,sell,out,0.75,4423.72,8083,-2.63,0.00,-8 415.00,141 602.87,
2026.03.26 14:00:00,8084,XAUUSD,buy,out,0.75,4443.69,8084,-2.63,0.00,5 781.00,147 381.24,
2026.03.26 14:15:01,8085,DE40,sell,in,0.2,22657.70,8085,0.00,0.00,0.00,147 381.24,SimpleTrendline SELL #M26042502
2026.03.26 15:00:00,8086,XBRUSD,buy,in,0.5,105.81,8086,0.00,0.00,0.00,147 381.24,WP Buy #M20260534
2026.03.26 16:35:00,8087,NVDA.NAS,sell,out,100,176.09,8087,-2.00,-0.04,130.00,147 509.20,sl 177.45
2026.03.26 16:45:00,8088,DE40,buy,out,0.2,22697.70,8088,0.00,0.00,-9.29,147 499.91,
2026.03.26 16:45:00,8089,NVDA.NAS,sell,in,125,176.02,8089,-2.50,0.00,0.00,147 497.41,RSI Scalping Sell #M20003
2026.03.26 17:00:01,8090,NVDA.NAS,buy,out,125,175.68,8090,-2.50,0.00,42.50,147 537.41,
2026.03.26 17:15:00,8091,DE40,sell,in,0.2,22755.70,8091,0.00,0.00,0.00,147 537.41,SimpleTrendline SELL #M26042502
2026.03.26 17:40:18,8092,XBRUSD,sell,out,0.5,104.30,8092,0.00,0.00,-75.50,147 461.91,sl 104.31
2026.03.26 18:30:00,8093,XAUUSD,sell,in,0.5,4453.73,8093,-1.75,0.00,0.00,147 460.16,RSIConsolidation SELL #M2025042
2026.03.26 18:30:00,8094,DE40,buy,out,0.2,22683.70,8094,0.00,0.00,16.72,147 476.88,
2026.03.26 18:45:00,8095,DE40,sell,in,0.2,22643.20,8095,0.00,0.00,0.00,147 476.88,SimpleTrendline SELL #M26042502
2026.03.26 18:45:00,8096,XAUUSD,buy,out,0.5,4439.94,8096,-1.75,0.00,689.50,148 164.63,
2026.03.26 19:30:00,8097,XAUUSD,sell,in,0.5,4394.97,8097,-1.75,0.00,0.00,148 162.88,United SuperEMA short #M940001
2026.03.26 20:15:00,8098,XAUUSD,buy,in,0.5,4395.43,8098,-1.75,0.00,0.00,148 161.13,RSIConsolidation BUY #M20250420
2026.03.26 21:00:01,8099,TSLA.NAS,sell,in,0.6,374.84,8099,-0.02,0.00,0.00,148 161.11,WP Sell #M20260530
2026.03.26 23:06:04,8100,XAUUSD,sell,out,0.5,4351.70,8100,-1.75,0.00,-2 186.50,145 972.86,sl 4352.05
2026.03.26 23:15:01,8101,DE40,buy,out,0.2,22702.50,8101,0.00,0.00,-13.77,145 959.09,
2026.03.26 23:30:00,8102,XAUUSD,buy,out,0.5,4405.11,8102,-1.75,0.00,-507.00,145 450.34,
2026.03.26 23:30:01,8103,DE40,sell,in,0.2,22642.70,8103,0.00,0.00,0.00,145 450.34,SimpleTrendline SELL #M26042502
2026.03.27 01:15:00,8104,DE40,buy,out,0.2,22663.40,8104,0.00,-0.36,-4.81,145 445.17,
2026.03.27 03:45:01,8105,DE40,sell,in,0.2,22580.50,8105,0.00,0.00,0.00,145 445.17,SimpleTrendline SELL #M26042502
2026.03.27 04:15:01,8106,DE40,buy,out,0.2,22643.70,8106,0.00,0.00,-14.68,145 430.49,
2026.03.27 06:00:00,8107,XAUUSD,buy,in,0.1,4432.05,8107,-0.35,0.00,0.00,145 430.14,SimpleTrendline BUY #M26042503
2026.03.27 12:00:00,8108,XAUUSD,sell,in,0.4,4424.20,8108,-1.40,0.00,0.00,145 428.74,United SuperEMA short #M940001
2026.03.27 12:00:00,8109,XAUUSD,sell,out,0.1,4424.50,8109,-0.35,0.00,-75.50,145 352.89,
2026.03.27 12:00:00,8110,XTIUSD,buy,in,0.5,96.43,8110,0.00,0.00,0.00,145 352.89,WP Buy #M20260533
2026.03.27 12:00:00,8111,XBRUSD,buy,in,0.5,107.02,8111,0.00,0.00,0.00,145 352.89,WP Buy #M20260534
2026.03.27 12:32:25,8112,XBRUSD,sell,out,0.5,107.05,8112,0.00,0.00,1.50,145 354.39,sl 107.05
2026.03.27 12:36:22,8113,XTIUSD,sell,out,0.5,96.19,8113,0.00,0.00,-12.00,145 342.39,sl 96.19
2026.03.27 13:00:00,8114,XTIUSD,buy,in,0.5,96.46,8114,0.00,0.00,0.00,145 342.39,WP Buy #M20260533
2026.03.27 13:00:00,8115,XBRUSD,buy,in,0.5,107.15,8115,0.00,0.00,0.00,145 342.39,WP Buy #M20260534
2026.03.27 15:30:00,8116,XAUUSD,buy,out,0.4,4429.95,8116,-1.40,0.00,-230.00,145 110.99,
2026.03.27 16:00:00,8117,XBRUSD,sell,out,0.5,107.55,8117,0.00,0.00,20.00,145 130.99,sl 107.55
2026.03.27 16:00:00,8118,DE40,sell,in,0.2,22330.00,8118,0.00,0.00,0.00,145 130.99,SimpleTrendline SELL #M26042502
2026.03.27 16:28:03,8119,XTIUSD,sell,out,0.5,97.10,8119,0.00,0.00,32.00,145 162.99,sl 97.10
2026.03.27 16:30:00,8120,XAUUSD,sell,in,0.5,4422.28,8120,-1.75,0.00,0.00,145 161.24,RSIConsolidation SELL #M2025042
2026.03.27 16:30:00,8121,DE40,buy,out,0.2,22329.50,8121,0.00,0.00,0.12,145 161.36,
2026.03.27 16:30:00,8122,XAUUSD,buy,out,0.5,4421.46,8122,-1.75,0.00,41.00,145 200.61,
2026.03.27 16:35:01,8123,TSLA.NAS,buy,out,0.6,365.47,8123,-0.02,0.00,5.62,145 206.21,tp 368.84
2026.03.27 16:35:01,8124,TSLA.NAS,buy,out,375,365.60,8124,-7.50,0.02,7 736.25,152 934.98,
2026.03.27 17:00:00,8125,XAUUSD,sell,in,0.12,4430.99,8125,-0.42,0.00,0.00,152 934.56,SimpleTrendline SELL #M26042503
2026.03.27 17:00:00,8126,TSLA.NAS,sell,in,0.6,362.56,8126,-0.02,0.00,0.00,152 934.54,WP Sell #M20260530
2026.03.27 17:00:00,8127,XTIUSD,buy,in,0.5,98.12,8127,0.00,0.00,0.00,152 934.54,WP Buy #M20260533
2026.03.27 17:49:58,8128,TSLA.NAS,buy,out,0.6,365.61,8128,-0.02,0.00,-1.83,152 932.69,sl 365.56
2026.03.27 18:00:00,8129,XAUUSD,buy,in,1.25,4510.62,8129,-4.38,0.00,0.00,152 928.31,EMA Crossover Trade BUY #M12350
2026.03.27 18:00:00,8130,XAUUSD,buy,in,2.5,4511.62,8130,-8.75,0.00,0.00,152 919.56,RSI Scalping Buy #M129102315
2026.03.27 18:00:00,8131,XAUUSD,buy,out,0.12,4511.76,8131,-0.42,0.00,-969.24,151 949.90,
2026.03.27 18:00:00,8132,TSLA.NAS,sell,in,0.6,365.39,8132,-0.02,0.00,0.00,151 949.88,WP Sell #M20260530
2026.03.27 18:00:10,8133,XAUUSD,sell,out,2.5,4512.48,8133,-8.75,0.00,215.00,152 156.13,sl 4512.57
2026.03.27 18:00:20,8134,XAUUSD,sell,out,1.25,4509.80,8134,-4.38,0.00,-102.50,152 049.25,sl 4509.98
2026.03.27 18:30:00,8135,NVDA.NAS,buy,in,250,169.57,8135,-5.00,0.00,0.00,152 044.25,RSI Scalping Buy #M20003
2026.03.27 19:00:00,8136,XAUUSD,buy,in,0.62,4524.66,8136,-2.17,0.00,0.00,152 042.08,EMA Crossover Trade BUY #M12350
2026.03.27 19:00:41,8137,XAUUSD,sell,out,0.62,4523.68,8137,-2.17,0.00,-60.76,151 979.15,sl 4523.74
2026.03.27 20:00:00,8138,XAUUSD,buy,in,0.62,4516.14,8138,-2.17,0.00,0.00,151 976.98,EMA Crossover Trade BUY #M12350
2026.03.27 20:00:00,8139,XAUUSD,sell,in,0.5,4515.54,8139,-1.75,0.00,0.00,151 975.23,RSIConsolidation SELL #M2025042
2026.03.27 20:07:07,8140,XAUUSD,sell,out,0.62,4517.82,8140,-2.17,0.00,104.16,152 077.22,sl 4517.86
2026.03.27 20:30:00,8141,XAUUSD,buy,out,0.5,4492.69,8141,-1.75,0.00,1 142.50,153 217.97,
2026.03.27 20:30:01,8142,NVDA.NAS,sell,out,250,167.84,8142,-5.00,0.00,-432.50,152 780.47,
2026.03.27 21:00:00,8143,XAUUSD,buy,in,1.25,4486.97,8143,-4.38,0.00,0.00,152 776.09,EMA Crossover Trade BUY #M12350
2026.03.27 21:02:39,8144,XAUUSD,sell,out,1.25,4493.96,8144,-4.38,0.00,873.75,153 645.46,sl 4494.23
2026.03.27 21:34:43,8145,XTIUSD,sell,out,0.5,99.46,8145,0.00,0.00,67.00,153 712.46,sl 99.48
2026.03.27 21:37:14,8146,TSLA.NAS,buy,out,0.6,361.35,8146,-0.02,0.00,2.42,153 714.86,sl 361.35
2026.03.27 22:00:00,8147,XAUUSD,buy,in,1.25,4517.76,8147,-4.38,0.00,0.00,153 710.48,EMA Crossover Trade BUY #M12350
2026.03.27 22:00:00,8148,XAUUSD,buy,in,2.5,4517.70,8148,-8.75,0.00,0.00,153 701.73,RSI Scalping Buy #M129102315
2026.03.27 22:00:17,8149,XAUUSD,sell,out,2.5,4518.42,8149,-8.75,0.00,180.00,153 872.98,sl 4518.43
2026.03.27 22:01:35,8150,XAUUSD,sell,out,1.25,4515.41,8150,-4.38,0.00,-293.75,153 574.85,sl 4515.54
2026.03.27 22:15:00,8151,XAUUSD,sell,in,0.5,4511.26,8151,-1.75,0.00,0.00,153 573.10,RSIConsolidation SELL #M2025042
2026.03.27 22:45:00,8152,XAUUSD,buy,out,0.5,4510.11,8152,-1.75,0.00,57.50,153 628.85,
2026.03.27 23:00:00,8153,XAUUSD,buy,in,1.25,4515.04,8153,-4.38,0.00,0.00,153 624.47,EMA Crossover Trade BUY #M12350
2026.03.27 23:00:00,8154,XAUUSD,buy,in,0.75,4515.04,8154,-2.63,0.00,0.00,153 621.84,RSI Follow BUY #M1001
2026.03.27 23:00:30,8155,XAUUSD,sell,out,1.25,4512.66,8155,-4.38,0.00,-297.50,153 319.96,sl 4512.89
2026.03.30 02:00:00,8156,XTIUSD,buy,in,0.5,102.45,8156,0.00,0.00,0.00,153 319.96,WP Buy #M20260533
2026.03.30 02:00:00,8157,XAUUSD,buy,in,0.62,4484.68,8157,-2.17,0.00,0.00,153 317.79,EMA Crossover Trade BUY #M12350
2026.03.30 02:02:21,8158,XAUUSD,sell,out,0.62,4488.16,8158,-2.17,0.00,215.76,153 531.38,sl 4488.42
2026.03.30 03:00:00,8159,XBRUSD,buy,in,0.5,111.95,8159,0.00,0.00,0.00,153 531.38,WP Buy #M20260534
2026.03.30 03:17:52,8160,XTIUSD,sell,out,0.5,102.50,8160,0.00,0.00,2.50,153 533.88,sl 102.51
2026.03.30 03:21:19,8161,XBRUSD,sell,out,0.5,110.44,8161,0.00,0.00,-75.50,153 458.38,sl 110.44
2026.03.30 04:00:00,8162,XBRUSD,buy,in,0.5,112.82,8162,0.00,0.00,0.00,153 458.38,WP Buy #M20260534
2026.03.30 05:45:00,8163,XAUUSD,buy,in,0.5,4494.88,8163,-1.75,0.00,0.00,153 456.63,United SuperEMA long #M940001
2026.03.30 05:51:10,8164,XBRUSD,sell,out,0.5,111.29,8164,0.00,0.00,-76.50,153 380.13,sl 111.32
2026.03.30 06:15:00,8165,XAUUSD,sell,in,0.5,4504.63,8165,-1.75,0.00,0.00,153 378.38,RSIConsolidation SELL #M2025042
2026.03.30 07:00:01,8166,XAUUSD,buy,in,1.25,4496.35,8166,-4.38,0.00,0.00,153 374.00,EMA Crossover Trade BUY #M12350
2026.03.30 07:02:48,8167,XAUUSD,sell,out,1.25,4494.82,8167,-4.38,0.00,-191.25,153 178.37,sl 4494.96
2026.03.30 09:00:00,8168,XAUUSD,buy,in,2.5,4521.77,8168,-8.75,0.00,0.00,153 169.62,RSI Scalping Buy #M129102315
2026.03.30 09:01:57,8169,XAUUSD,sell,out,2.5,4523.57,8169,-8.75,0.00,450.00,153 610.87,sl 4523.84
2026.03.30 09:47:10,8170,XAUUSD,buy,out,0.5,4544.48,8170,-1.75,0.00,-1 992.50,151 616.62,sl 4544.41
2026.03.30 10:00:00,8171,XAUUSD,sell,in,0.75,4531.70,8171,-2.63,0.00,0.00,151 613.99,RSI Reverse SELL #M1002
2026.03.30 10:00:00,8172,XAUUSD,buy,out,0.75,4531.21,8172,-2.63,0.00,36.75,151 648.11,
2026.03.30 10:45:00,8173,XAUUSD,sell,in,0.5,4521.35,8173,-1.75,0.00,0.00,151 646.36,RSIConsolidation SELL #M2025042
2026.03.30 14:26:50,8174,XAUUSD,buy,out,0.5,4547.08,8174,-1.75,0.00,-1 286.50,150 358.11,sl 4546.96
2026.03.30 16:35:00,8175,AAPL.NAS,sell,in,0.7,247.980,8175,-0.02,0.00,0.00,150 358.09,WP Sell #M20260528
2026.03.30 16:35:04,8176,AAPL.NAS,buy,out,0.7,247.960,8176,-0.02,0.00,0.01,150 358.08,sl 247.950
2026.03.30 16:45:00,8177,NVDA.NAS,buy,in,250,167.89,8177,-5.00,0.00,0.00,150 353.08,RSI Scalping Buy #M20003
2026.03.30 17:00:00,8178,XAUUSD,sell,out,0.5,4523.24,8178,-1.75,0.00,1 418.00,151 769.33,
2026.03.30 17:00:00,8179,AAPL.NAS,sell,in,0.7,247.580,8179,-0.02,0.00,0.00,151 769.31,WP Sell #M20260528
2026.03.30 17:00:29,8180,AAPL.NAS,buy,out,0.7,247.780,8180,-0.02,0.00,-0.14,151 769.15,sl 247.780
2026.03.30 18:00:00,8181,XAUUSD,buy,in,2.5,4538.85,8181,-8.75,0.00,0.00,151 760.40,RSI Scalping Buy #M129102315
2026.03.30 18:00:00,8182,AAPL.NAS,sell,in,0.7,246.500,8182,-0.02,0.00,0.00,151 760.38,WP Sell #M20260528
2026.03.30 18:00:14,8183,XAUUSD,sell,out,2.5,4541.87,8183,-8.75,0.00,755.00,152 506.63,sl 4542.13
2026.03.30 18:00:58,8184,AAPL.NAS,buy,out,0.7,246.480,8184,-0.02,0.00,0.01,152 506.62,sl 246.480
2026.03.30 20:00:00,8185,XAUUSD,buy,in,0.62,4539.99,8185,-2.17,0.00,0.00,152 504.45,EMA Crossover Trade BUY #M12350
2026.03.30 20:01:27,8186,XAUUSD,sell,out,0.62,4538.51,8186,-2.17,0.00,-91.76,152 410.52,sl 4538.61
2026.03.30 22:00:00,8187,XAUUSD,sell,in,0.12,4498.55,8187,-0.42,0.00,0.00,152 410.10,SimpleTrendline SELL #M26042503
2026.03.30 22:30:02,8188,NVDA.NAS,sell,out,250,164.49,8188,-5.00,0.00,-850.00,151 555.10,
2026.03.30 23:00:00,8189,DE40,buy,in,0.2,22455.50,8189,0.00,0.00,0.00,151 555.10,SimpleTrendline BUY #M26042502
2026.03.30 23:00:00,8190,XTIUSD,buy,in,0.5,104.46,8190,0.00,0.00,0.00,151 555.10,WP Buy #M20260533
2026.03.30 23:15:00,8191,DE40,sell,out,0.2,22408.70,8191,0.00,0.00,-10.87,151 544.23,
2026.03.31 02:00:00,8192,XAUUSD,buy,out,0.12,4510.32,8192,-0.42,5.37,-141.24,151 407.94,
2026.03.31 03:00:00,8193,XTIUSD,sell,out,0.5,106.16,8193,0.00,5.35,85.00,151 498.29,sl 106.19
2026.03.31 04:00:00,8194,XAUUSD,buy,in,2.5,4546.28,8194,-8.75,0.00,0.00,151 489.54,RSI Scalping Buy #M129102315
2026.03.31 04:00:03,8195,XAUUSD,sell,out,2.5,4547.47,8195,-8.75,0.00,297.50,151 778.29,sl 4547.89
2026.03.31 06:15:00,8196,XAUUSD,sell,in,0.5,4570.08,8196,-1.75,0.00,0.00,151 776.54,RSIConsolidation SELL #M2025042
2026.03.31 06:30:00,8197,XAUUSD,buy,out,0.5,4561.84,8197,-1.75,0.00,412.00,152 186.79,
2026.03.31 07:00:00,8198,XAUUSD,sell,in,0.75,4557.23,8198,-2.63,0.00,0.00,152 184.16,RSI Reverse SELL #M1002
2026.03.31 07:00:00,8199,XAUUSD,buy,out,0.75,4557.37,8199,-2.63,0.00,-10.50,152 171.03,
2026.03.31 08:00:00,8200,XAUUSD,buy,in,2.5,4564.36,8200,-8.75,0.00,0.00,152 162.28,RSI Scalping Buy #M129102315
2026.03.31 08:00:22,8201,XAUUSD,sell,out,2.5,4564.48,8201,-8.75,0.00,30.00,152 183.53,sl 4564.83
2026.03.31 12:00:00,8202,XAUUSD,buy,in,2.5,4568.80,8202,-8.75,0.00,0.00,152 174.78,RSI Scalping Buy #M129102315
2026.03.31 12:00:00,8203,XAUUSD,sell,in,0.5,4568.57,8203,-1.75,0.00,0.00,152 173.03,RSIConsolidation SELL #M2025042
2026.03.31 12:04:54,8204,XAUUSD,sell,out,2.5,4571.54,8204,-8.75,0.00,685.00,152 849.28,sl 4571.60
2026.03.31 12:30:00,8205,XAUUSD,buy,out,0.5,4562.15,8205,-1.75,0.00,321.00,153 168.53,
2026.03.31 15:00:00,8206,XAUUSD,buy,in,2.5,4583.14,8206,-8.75,0.00,0.00,153 159.78,RSI Scalping Buy #M129102315
2026.03.31 15:00:03,8207,XAUUSD,sell,out,2.5,4583.37,8207,-8.75,0.00,57.50,153 208.53,sl 4583.37
2026.03.31 16:00:00,8208,XAUUSD,buy,in,0.62,4575.59,8208,-2.17,0.00,0.00,153 206.36,EMA Crossover Trade BUY #M12350
2026.03.31 16:01:08,8209,XAUUSD,sell,out,0.62,4575.49,8209,-2.17,0.00,-6.20,153 197.99,sl 4575.71
2026.03.31 16:35:00,8210,NVDA.NAS,buy,in,250,168.67,8210,-5.00,0.00,0.00,153 192.99,RSI Scalping Buy #M20003
2026.03.31 17:00:00,8211,XAUUSD,buy,in,0.62,4607.56,8211,-2.17,0.00,0.00,153 190.82,EMA Crossover Trade BUY #M12350
2026.03.31 17:00:00,8212,XAUUSD,buy,in,0.5,4608.18,8212,-1.75,0.00,0.00,153 189.07,United SuperEMA long #M940001
2026.03.31 17:00:00,8213,XAUUSD,buy,in,0.12,4608.27,8213,-0.42,0.00,0.00,153 188.65,SimpleTrendline BUY #M26042503
2026.03.31 17:01:47,8214,XAUUSD,sell,out,0.62,4613.22,8214,-2.17,0.00,350.92,153 537.40,sl 4613.62
2026.03.31 18:00:00,8215,XAUUSD,buy,in,0.62,4600.07,8215,-2.17,0.00,0.00,153 535.23,EMA Crossover Trade BUY #M12350
2026.03.31 18:03:30,8216,XAUUSD,sell,out,0.62,4609.41,8216,-2.17,0.00,579.08,154 112.14,sl 4609.41
2026.03.31 18:15:00,8217,DE40,buy,in,0.2,22747.30,8217,0.00,0.00,0.00,154 112.14,SimpleTrendline BUY #M26042502
2026.03.31 18:15:00,8218,XAUUSD,sell,in,0.5,4623.70,8218,-1.75,0.00,0.00,154 110.39,RSIConsolidation SELL #M2025042
2026.03.31 18:30:00,8219,DE40,sell,out,0.2,22631.10,8219,0.00,0.00,-26.99,154 083.40,
2026.03.31 19:00:00,8220,XAUUSD,buy,in,0.62,4609.13,8220,-2.17,0.00,0.00,154 081.23,EMA Crossover Trade BUY #M12350
2026.03.31 19:03:34,8221,XAUUSD,sell,out,0.62,4614.80,8221,-2.17,0.00,351.54,154 430.60,sl 4614.93
2026.03.31 19:50:00,8222,AAPL.NAS,buy,in,125,252.880,8222,-2.50,0.00,0.00,154 428.10,RSI Scalping Buy #M20001
2026.03.31 19:50:44,8223,AAPL.NAS,sell,out,125,253.100,8223,-2.50,0.00,27.50,154 453.10,sl 253.150
2026.03.31 20:00:00,8224,XAUUSD,buy,in,0.62,4639.02,8224,-2.17,0.00,0.00,154 450.93,EMA Crossover Trade BUY #M12350
2026.03.31 20:04:46,8225,XAUUSD,sell,out,0.62,4652.03,8225,-2.17,0.00,806.62,155 255.38,sl 4652.10
2026.03.31 20:10:00,8226,AAPL.NAS,sell,in,125,252.640,8226,-2.50,0.00,0.00,155 252.88,RSI Scalping Sell #M20001
2026.03.31 20:44:42,8227,AAPL.NAS,buy,out,125,252.550,8227,-2.50,0.00,11.25,155 261.63,sl 252.540
2026.03.31 20:47:13,8228,XAUUSD,buy,out,0.5,4664.31,8228,-1.75,0.00,-2 030.50,153 229.38,sl 4664.30
2026.03.31 21:00:00,8229,XAUUSD,buy,in,1.25,4654.75,8229,-4.38,0.00,0.00,153 225.00,EMA Crossover Trade BUY #M12350
2026.03.31 21:03:09,8230,XAUUSD,sell,out,1.25,4657.02,8230,-4.38,0.00,283.75,153 504.37,sl 4657.34
2026.03.31 22:00:00,8231,XAUUSD,buy,in,1.25,4667.67,8231,-4.38,0.00,0.00,153 499.99,EMA Crossover Trade BUY #M12350
2026.03.31 22:00:00,8232,XAUUSD,buy,in,0.07,4669.03,8232,-0.25,0.00,0.00,153 499.74,WP Buy #M20260526
2026.03.31 22:03:45,8233,XAUUSD,sell,out,1.25,4672.62,8233,-4.38,0.00,618.75,154 114.11,sl 4672.66
2026.03.31 22:05:05,8234,XAUUSD,sell,out,0.07,4668.84,8234,-0.25,0.00,-1.33,154 112.53,sl 4668.86
2026.03.31 23:00:00,8235,XAUUSD,buy,in,0.07,4683.89,8235,-0.25,0.00,0.00,154 112.28,WP Buy #M20260526
2026.03.31 23:37:10,8236,XAUUSD,sell,out,0.07,4668.68,8236,-0.25,0.00,-106.47,154 005.56,sl 4668.89
2026.04.01 03:00:00,8237,AUDUSD,buy,in,0.44,0.69200,8237,-1.54,0.00,0.00,154 004.02,WP Buy #M20260525
2026.04.01 04:00:00,8238,BTCUSD,buy,out,0.17,68273.43,8238,0.00,0.00,290.24,154 294.26,
2026.04.01 05:00:00,8239,XAUUSD,sell,in,2.5,4693.47,8239,-8.75,0.00,0.00,154 285.51,RSI Scalping Sell #M129102315
2026.04.01 05:00:02,8240,XAUUSD,buy,out,2.5,4693.45,8240,-8.75,0.00,5.00,154 281.76,sl 4693.29
2026.04.01 05:30:00,8241,XAUUSD,sell,out,0.5,4687.33,8241,-1.75,-25.95,3 957.50,158 211.56,
2026.04.01 11:00:00,8242,XAUUSD,sell,in,2.5,4712.59,8242,-8.75,0.00,0.00,158 202.81,RSI Scalping Sell #M129102315
2026.04.01 11:00:08,8243,XAUUSD,buy,out,2.5,4711.59,8243,-8.75,0.00,250.00,158 444.06,sl 4711.31
2026.04.01 11:30:00,8244,XAUUSD,buy,in,0.5,4731.33,8244,-1.75,0.00,0.00,158 442.31,United SuperEMA long #M940001
2026.04.01 13:15:00,8245,XAUUSD,sell,out,0.5,4715.65,8245,-1.75,0.00,-784.00,157 656.56,
2026.04.01 13:30:00,8246,DE40,buy,in,0.2,23138.10,8246,0.00,0.00,0.00,157 656.56,SimpleTrendline BUY #M26042502
2026.04.01 15:58:09,8247,AUDUSD,sell,out,0.44,0.69385,8247,-1.54,0.00,81.40,157 736.42,sl 0.69391
2026.04.01 16:00:00,8248,XAUUSD,sell,in,2.5,4725.08,8248,-8.75,0.00,0.00,157 727.67,RSI Scalping Sell #M129102315
2026.04.01 16:00:01,8249,XAUUSD,buy,out,2.5,4721.82,8249,-8.75,0.00,815.00,158 533.92,sl 4721.53
2026.04.01 17:00:31,8250,SOXX.NAS,buy,in,0.6,338.040,8250,-0.02,0.00,0.00,158 533.90,WP Buy #M20260532
2026.04.01 17:00:45,8251,SOXX.NAS,sell,out,0.6,338.040,8251,-0.02,0.00,0.00,158 533.88,sl 338.040
2026.04.01 18:00:02,8252,SOXX.NAS,buy,in,0.6,340.530,8252,-0.02,0.00,0.00,158 533.86,WP Buy #M20260532
2026.04.01 18:01:10,8253,SOXX.NAS,sell,out,0.6,340.690,8253,-0.02,0.00,0.10,158 533.94,sl 340.700
2026.04.01 19:00:01,8254,SOXX.NAS,buy,in,0.6,342.150,8254,-0.02,0.00,0.00,158 533.92,WP Buy #M20260532
2026.04.01 19:02:28,8255,SOXX.NAS,sell,out,0.6,342.130,8255,-0.02,0.00,-0.01,158 533.89,sl 342.130
2026.04.01 20:00:00,8256,XAUUSD,buy,in,0.07,4787.33,8256,-0.25,0.00,0.00,158 533.64,WP Buy #M20260526
2026.04.01 20:17:42,8257,XAUUSD,sell,out,0.07,4785.16,8257,-0.25,0.00,-15.19,158 518.20,sl 4785.22
2026.04.01 20:25:37,8258,XNGUSD,sell,in,0.75,2.8100,8258,0.00,0.00,0.00,158 518.20,WP Sell #M20260535
2026.04.01 20:35:15,8259,XNGUSD,buy,out,0.75,2.8200,8259,0.00,0.00,-75.00,158 443.20,sl 2.8200
2026.04.01 21:00:00,8260,XAUUSD,sell,in,2.5,4773.90,8260,-8.75,0.00,0.00,158 434.45,RSI Scalping Sell #M129102315
2026.04.01 21:00:39,8261,XAUUSD,buy,out,2.5,4772.81,8261,-8.75,0.00,272.50,158 698.20,sl 4772.79
2026.04.01 22:00:01,8262,DE40,sell,out,0.2,23222.40,8262,0.00,0.00,19.58,158 717.78,
2026.04.02 05:00:00,8263,XAUUSD,sell,out,0.12,4696.73,8263,-0.42,-24.91,1 061.52,159 753.97,
2026.04.02 07:00:00,8264,XTIUSD,buy,in,0.5,104.97,8264,0.00,0.00,0.00,159 753.97,WP Buy #M20260533
2026.04.02 07:00:05,8265,XBRUSD,buy,in,0.5,109.75,8265,0.00,0.00,0.00,159 753.97,WP Buy #M20260534
2026.04.02 07:49:19,8266,XBRUSD,sell,out,0.5,110.30,8266,0.00,0.00,27.50,159 781.47,sl 110.31
2026.04.02 08:00:00,8267,XBRUSD,buy,in,0.5,110.25,8267,0.00,0.00,0.00,159 781.47,WP Buy #M20260534
2026.04.02 08:00:01,8268,XTIUSD,sell,out,0.5,104.98,8268,0.00,0.00,0.50,159 781.97,sl 104.99
2026.04.02 08:45:00,8269,XAUUSD,sell,in,0.5,4634.25,8269,-1.75,0.00,0.00,159 780.22,United SuperEMA short #M940001
2026.04.02 09:00:00,8270,XTIUSD,buy,in,0.5,106.30,8270,0.00,0.00,0.00,159 780.22,WP Buy #M20260533
2026.04.02 10:15:24,8271,XBRUSD,sell,out,0.5,110.51,8271,0.00,0.00,13.00,159 793.22,sl 110.51
2026.04.02 11:00:00,8272,XAUUSD,buy,out,0.5,4644.24,8272,-1.75,0.00,-499.50,159 291.97,
2026.04.02 14:28:42,8273,XTIUSD,sell,out,0.5,109.37,8273,0.00,0.00,153.50,159 445.47,tp 109.37
2026.04.02 16:00:00,8274,XTIUSD,buy,in,0.5,113.23,8274,0.00,0.00,0.00,159 445.47,WP Buy #M20260533
2026.04.02 16:00:22,8275,XTIUSD,sell,out,0.5,113.30,8275,0.00,0.00,3.50,159 448.97,sl 113.30
2026.04.02 16:35:00,8276,NVDA.NAS,sell,out,250,173.47,8276,-5.00,-0.08,1 200.00,160 643.89,sl 173.61
2026.04.02 16:45:00,8277,NVDA.NAS,sell,in,250,172.03,8277,-5.00,0.00,0.00,160 638.89,RSI Scalping Sell #M20003
2026.04.02 17:00:01,8278,TSLA.NAS,sell,in,375,365.37,8278,-7.50,0.00,0.00,160 631.39,RSI Scalping Sell #M125421321
2026.04.02 18:00:01,8279,NVDA.NAS,buy,out,250,176.33,8279,-5.00,0.00,-1 075.00,159 551.39,
2026.04.02 22:00:00,8280,XAUUSD,buy,in,0.12,4668.88,8280,-0.42,0.00,0.00,159 550.97,SimpleTrendline BUY #M26042503
2026.04.06 02:00:00,8281,BTCUSD,buy,in,2.5,68322.24,8281,0.00,0.00,0.00,159 550.97,RSI Scalping Buy #M123459123
2026.04.06 02:00:00,8282,XAUUSD,sell,out,0.12,4646.86,8282,-0.42,-12.46,-264.24,159 273.85,
2026.04.06 02:00:02,8283,BTCUSD,sell,out,2.5,68330.61,8283,0.00,0.00,20.93,159 294.78,sl 68336.21
2026.04.06 02:30:00,8284,XAUUSD,sell,in,0.5,4610.18,8284,-1.75,0.00,0.00,159 293.03,United SuperEMA short #M940001
2026.04.06 04:30:00,8285,XAUUSD,buy,out,0.5,4641.18,8285,-1.75,0.00,-1 550.00,157 741.28,
2026.04.06 11:00:00,8286,XAUUSD,buy,in,1.25,4685.61,8286,-4.38,0.00,0.00,157 736.90,EMA Crossover Trade BUY #M12350
2026.04.06 11:05:27,8287,XAUUSD,sell,out,1.25,4690.83,8287,-4.38,0.00,652.50,158 385.02,sl 4690.90
2026.04.06 12:00:00,8288,XAUUSD,buy,in,1.25,4696.39,8288,-4.38,0.00,0.00,158 380.64,EMA Crossover Trade BUY #M12350
2026.04.06 12:00:00,8289,XAUUSD,buy,in,2.5,4696.45,8289,-8.75,0.00,0.00,158 371.89,RSI Scalping Buy #M129102315
2026.04.06 12:00:04,8290,XAUUSD,sell,out,2.5,4696.94,8290,-8.75,0.00,122.50,158 485.64,sl 4696.94
2026.04.06 12:00:37,8291,XAUUSD,sell,out,1.25,4697.20,8291,-4.38,0.00,101.25,158 582.51,sl 4697.48
2026.04.06 13:00:00,8292,BTCUSD,buy,in,2.5,69735.53,8292,0.00,0.00,0.00,158 582.51,RSI Scalping Buy #M123459123
2026.04.06 13:00:00,8293,XAUUSD,buy,in,1.25,4693.71,8293,-4.38,0.00,0.00,158 578.13,EMA Crossover Trade BUY #M12350
2026.04.06 13:00:03,8294,BTCUSD,sell,out,2.5,69754.03,8294,0.00,0.00,46.25,158 624.38,sl 69757.31
2026.04.06 13:03:16,8295,XAUUSD,sell,out,1.25,4693.67,8295,-4.38,0.00,-5.00,158 615.00,sl 4693.81
2026.04.06 14:00:00,8296,XAUUSD,buy,in,1.25,4689.87,8296,-4.38,0.00,0.00,158 610.62,EMA Crossover Trade BUY #M12350
2026.04.06 14:07:13,8297,XAUUSD,sell,out,1.25,4692.12,8297,-4.38,0.00,281.25,158 887.49,sl 4692.27
2026.04.06 17:00:01,8298,AAPL.NAS,buy,in,125,259.700,8298,-2.50,0.00,0.00,158 884.99,RSI Scalping Buy #M20001
2026.04.06 17:00:19,8299,AAPL.NAS,sell,out,125,259.720,8299,-2.50,0.00,2.50,158 884.99,sl 259.730
2026.04.06 17:40:01,8300,AAPL.NAS,sell,in,125,260.680,8300,-2.50,0.00,0.00,158 882.49,RSI Scalping Sell #M20001
2026.04.06 17:45:57,8301,AAPL.NAS,buy,out,125,260.470,8301,-2.50,0.00,26.25,158 906.24,sl 260.470
2026.04.06 18:00:00,8302,XAUUSD,buy,in,0.12,4683.08,8302,-0.42,0.00,0.00,158 905.82,SimpleTrendline BUY #M26042503
2026.04.06 19:00:00,8303,BTCUSD,buy,in,2.5,69972.67,8303,0.00,0.00,0.00,158 905.82,RSI Scalping Buy #M123459123
2026.04.06 19:01:20,8304,BTCUSD,sell,out,2.5,69970.08,8304,0.00,0.00,-6.48,158 899.34,sl 69973.96
2026.04.06 20:00:00,8305,TSLA.NAS,buy,out,375,350.10,8305,-7.50,0.04,5 726.25,164 618.13,
2026.04.06 20:15:00,8306,XAUUSD,sell,in,0.25,4653.92,8306,-0.88,0.00,0.00,164 617.25,United SuperEMA short #M940001
2026.04.06 20:30:01,8307,NVDA.NAS,buy,in,250,176.93,8307,-5.00,0.00,0.00,164 612.25,RSI Scalping Buy #M20003
2026.04.07 01:15:01,8308,XAUUSD,buy,out,0.25,4664.17,8308,-0.88,11.20,-256.25,164 366.32,
2026.04.07 02:00:00,8309,XAUUSD,sell,out,0.12,4658.36,8309,-0.42,-6.23,-296.64,164 063.03,
2026.04.07 07:00:00,8310,XAUUSD,sell,in,0.75,4649.66,8310,-2.63,0.00,0.00,164 060.40,RSI Reverse SELL #M1002
2026.04.07 07:00:00,8311,XAUUSD,buy,out,0.75,4649.82,8311,-2.63,0.00,-12.00,164 045.77,
2026.04.07 08:30:00,8312,XAUUSD,sell,in,0.5,4631.78,8312,-1.75,0.00,0.00,164 044.02,RSIConsolidation SELL #M2025042
2026.04.07 08:30:01,8313,XAUUSD,buy,out,0.5,4631.76,8313,-1.75,0.00,1.00,164 043.27,
2026.04.07 10:15:00,8314,DE40,buy,in,0.2,23174.30,8314,0.00,0.00,0.00,164 043.27,SimpleTrendline BUY #M26042502
2026.04.07 10:30:00,8315,DE40,sell,out,0.2,23121.30,8315,0.00,0.00,-12.31,164 030.96,
2026.04.07 11:00:00,8316,DE40,buy,in,0.2,23187.30,8316,0.00,0.00,0.00,164 030.96,SimpleTrendline BUY #M26042502
2026.04.07 12:00:00,8317,XAUUSD,buy,in,2,4683.21,8317,-7.00,0.00,0.00,164 023.96,RSI Scalping Buy #M129102315
2026.04.07 12:00:10,8318,XAUUSD,sell,out,2,4682.93,8318,-7.00,0.00,-56.00,163 960.96,sl 4682.96
2026.04.07 13:00:00,8319,XAUUSD,sell,in,0.4,4671.30,8319,-1.40,0.00,0.00,163 959.56,RSIConsolidation SELL #M2025042
2026.04.07 13:30:00,8320,XAUUSD,buy,out,0.4,4668.30,8320,-1.40,0.00,120.00,164 078.16,
2026.04.07 13:45:00,8321,DE40,sell,out,0.2,23219.80,8321,0.00,0.00,7.55,164 085.71,
2026.04.07 17:30:01,8322,NVDA.NAS,sell,out,250,175.07,8322,-5.00,-0.04,-465.00,163 615.67,
2026.04.07 18:30:01,8323,NVDA.NAS,buy,in,250,175.02,8323,-5.00,0.00,0.00,163 610.67,RSI Scalping Buy #M20003
2026.04.07 22:15:00,8324,XAUUSD,sell,in,0.5,4667.91,8324,-1.75,0.00,0.00,163 608.92,RSIConsolidation SELL #M2025042
2026.04.07 22:15:01,8325,XAUUSD,buy,out,0.5,4668.30,8325,-1.75,0.00,-19.50,163 587.67,
2026.04.07 23:00:00,8326,XAUUSD,buy,in,2.5,4701.55,8326,-8.75,0.00,0.00,163 578.92,RSI Scalping Buy #M129102315
2026.04.07 23:00:02,8327,XAUUSD,sell,out,2.5,4701.62,8327,-8.75,0.00,17.50,163 587.67,sl 4702.73
2026.04.08 01:32:57,8328,EURUSD,sell,in,1.25,1.15990,8328,-4.38,0.00,0.00,163 583.29,RSI Overbought Crossover Sell #
2026.04.08 02:00:00,8329,BTCUSD,buy,in,2.5,71509.96,8329,0.00,0.00,0.00,163 583.29,RSI Scalping Buy #M123459123
2026.04.08 02:00:00,8330,EURUSD,buy,in,0.44,1.16682,8330,-1.54,0.00,0.00,163 581.75,WP Buy #M20260524
2026.04.08 02:00:04,8331,BTCUSD,sell,out,2.5,71498.18,8331,0.00,0.00,-29.45,163 552.30,sl 71517.80
2026.04.08 03:36:51,8332,EURUSD,sell,out,0.44,1.16669,8332,-1.54,0.00,-5.72,163 545.04,sl 1.16669
2026.04.08 04:00:00,8333,EURUSD,buy,in,0.44,1.16721,8333,-1.54,0.00,0.00,163 543.50,WP Buy #M20260524
2026.04.08 04:00:00,8334,AUDUSD,buy,in,0.44,0.70540,8334,-1.54,0.00,0.00,163 541.96,WP Buy #M20260525
2026.04.08 06:12:38,8335,AUDUSD,sell,out,0.44,0.70487,8335,-1.54,0.00,-23.32,163 517.10,sl 0.70487
2026.04.08 11:42:00,8336,EURUSD,sell,out,0.44,1.16784,8336,-1.54,0.00,27.72,163 543.28,sl 1.16786
2026.04.08 13:15:01,8337,DE40,buy,in,0.2,23958.70,8337,0.00,0.00,0.00,163 543.28,SimpleTrendline BUY #M26042502
2026.04.08 16:30:00,8338,DE40,sell,out,0.2,24108.00,8338,0.00,0.00,34.95,163 578.23,
2026.04.08 16:35:00,8339,NVDA.NAS,sell,out,250,184.22,8339,-5.00,-0.04,2 300.00,165 873.19,
2026.04.08 16:50:00,8340,AAPL.NAS,buy,in,125,258.640,8340,-2.50,0.00,0.00,165 870.69,RSI Scalping Buy #M20001
2026.04.08 17:03:12,8341,AAPL.NAS,sell,out,125,258.700,8341,-2.50,0.00,7.50,165 875.69,sl 258.720
2026.04.08 17:15:00,8342,DE40,buy,in,0.2,24100.80,8342,0.00,0.00,0.00,165 875.69,SimpleTrendline BUY #M26042502
2026.04.08 17:20:00,8343,AAPL.NAS,sell,in,125,258.400,8343,-2.50,0.00,0.00,165 873.19,RSI Scalping Sell #M20001
2026.04.08 17:25:58,8344,AAPL.NAS,buy,out,125,258.240,8344,-2.50,0.00,20.00,165 890.69,sl 258.200
2026.04.08 17:30:00,8345,DE40,sell,out,0.2,24043.80,8345,0.00,0.00,-13.33,165 877.36,
2026.04.08 18:00:00,8346,BTCUSD,sell,in,0.17,70914.86,8346,0.00,0.00,0.00,165 877.36,SimpleTrendline SELL #M26042501
2026.04.08 20:00:00,8347,BTCUSD,buy,out,0.17,71602.68,8347,0.00,0.00,-116.93,165 760.43,
2026.04.09 02:00:00,8348,BTCUSD,sell,in,0.17,71055.04,8348,0.00,0.00,0.00,165 760.43,SimpleTrendline SELL #M26042501
2026.04.09 03:45:00,8349,DE40,sell,in,0.2,23937.30,8349,0.00,0.00,0.00,165 760.43,SimpleTrendline SELL #M26042502
2026.04.09 04:00:00,8350,XBRUSD,buy,in,0.5,100.07,8350,0.00,0.00,0.00,165 760.43,WP Buy #M20260534
2026.04.09 08:45:02,8351,DE40,buy,out,0.2,23952.50,8351,0.00,0.00,-3.55,165 756.88,
2026.04.09 09:00:00,8352,DE40,sell,in,0.2,23926.30,8352,0.00,0.00,0.00,165 756.88,SimpleTrendline SELL #M26042502
2026.04.09 10:00:00,8353,DE40,buy,out,0.2,23958.90,8353,0.00,0.00,-7.61,165 749.27,
2026.04.09 12:06:46,8354,XBRUSD,sell,out,0.5,99.83,8354,0.00,0.00,-12.00,165 737.27,sl 99.83
2026.04.09 18:00:00,8355,XTIUSD,buy,in,0.5,102.05,8355,0.00,0.00,0.00,165 737.27,WP Buy #M20260533
2026.04.09 18:14:18,8356,XTIUSD,sell,out,0.5,101.85,8356,0.00,0.00,-10.00,165 727.27,sl 101.85
2026.04.09 19:00:00,8357,BTCUSD,buy,out,0.17,72149.51,8357,0.00,0.00,-186.06,165 541.21,
2026.04.09 19:00:00,8358,AUDUSD,buy,in,0.36,0.70852,8358,-1.26,0.00,0.00,165 539.95,WP Buy #M20260525
2026.04.09 21:00:19,8359,XNGUSD,sell,in,0.6,2.6680,8359,0.00,0.00,0.00,165 539.95,WP Sell #M20260535
2026.04.09 21:02:23,8360,XNGUSD,buy,out,0.6,2.6780,8360,0.00,0.00,-60.00,165 479.95,sl 2.6780
2026.04.10 01:00:13,8361,EURUSD,buy,out,1.25,1.17032,8361,-4.38,8.95,-1 302.50,164 182.02,
2026.04.10 02:00:01,8362,XAUUSD,buy,in,1,4764.38,8362,-3.50,0.00,0.00,164 178.52,EMA Crossover Trade BUY #M12350
2026.04.10 04:00:19,8363,XAUUSD,sell,out,1,4762.53,8363,-3.50,0.00,-185.00,163 990.02,sl 4762.54
2026.04.10 04:45:00,8364,XAUUSD,buy,in,0.2,4771.96,8364,-0.70,0.00,0.00,163 989.32,United SuperEMA long #M940001
2026.04.10 05:15:00,8365,XAUUSD,sell,out,0.2,4752.60,8365,-0.70,0.00,-387.20,163 601.42,
2026.04.10 05:15:01,8366,XAUUSD,sell,in,0.4,4752.60,8366,-1.40,0.00,0.00,163 600.02,RSIConsolidation SELL #M2025042
2026.04.10 05:15:02,8367,XAUUSD,buy,out,0.4,4752.64,8367,-1.40,0.00,-1.60,163 597.02,
2026.04.10 06:00:00,8368,XAUUSD,sell,in,0.1,4753.06,8368,-0.35,0.00,0.00,163 596.67,SimpleTrendline SELL #M26042503
2026.04.10 07:00:00,8369,XAUUSD,buy,in,0.6,4766.76,8369,-2.10,0.00,0.00,163 594.57,RSI Reverse BUY #M1002
2026.04.10 07:00:00,8370,XAUUSD,buy,in,0.2,4766.80,8370,-0.70,0.00,0.00,163 593.87,United SuperEMA long #M940001
2026.04.10 07:00:00,8371,XAUUSD,buy,out,0.1,4766.62,8371,-0.35,0.00,-135.60,163 457.92,
2026.04.10 09:15:02,8372,XAUUSD,sell,out,0.2,4756.08,8372,-0.70,0.00,-214.40,163 242.82,
2026.04.10 14:00:00,8373,XAUUSD,sell,in,0.4,4757.30,8373,-1.40,0.00,0.00,163 241.42,RSIConsolidation SELL #M2025042
2026.04.10 15:30:03,8374,XAUUSD,buy,out,0.4,4775.33,8374,-1.40,0.00,-721.20,162 518.82,sl 4774.02
2026.04.10 15:45:00,8375,XAUUSD,sell,in,0.4,4772.97,8375,-1.40,0.00,0.00,162 517.42,RSIConsolidation SELL #M2025042
2026.04.10 17:00:00,8376,XAUUSD,buy,in,2,4776.30,8376,-7.00,0.00,0.00,162 510.42,RSI Scalping Buy #M129102315
2026.04.10 17:02:54,8377,XAUUSD,sell,out,2,4778.86,8377,-7.00,0.00,512.00,163 015.42,sl 4779.07
2026.04.10 17:24:58,8378,XAUUSD,buy,out,0.4,4791.04,8378,-1.40,0.00,-722.80,162 291.22,sl 4790.86
2026.04.10 18:00:00,8379,XAUUSD,sell,in,0.5,4774.49,8379,-1.75,0.00,0.00,162 289.47,RSIConsolidation SELL #M2025042
2026.04.10 18:45:00,8380,XAUUSD,buy,out,0.5,4766.06,8380,-1.75,0.00,421.50,162 709.22,
2026.04.13 00:01:00,8381,AUDUSD,sell,out,0.36,0.69863,8381,-1.26,-1.34,-356.04,162 350.58,sl 0.70452
2026.04.13 00:01:00,8382,AUDUSD,buy,in,2,0.70006,8382,-7.00,0.00,0.00,162 343.58,RSI Oversold Crossover Buy #M30
2026.04.13 02:00:00,8383,XAUUSD,sell,out,0.75,4659.06,8383,-2.63,-583.78,10 801.50,172 558.67,
2026.04.13 02:00:00,8384,XAUUSD,sell,out,0.6,4658.76,8384,-2.10,-31.13,-6 480.00,166 045.44,
2026.04.13 05:00:00,8385,XAUUSD,buy,in,0.75,4721.38,8385,-2.63,0.00,0.00,166 042.81,RSI Follow BUY #M1001
2026.04.13 06:00:00,8386,XAUUSD,sell,in,0.5,4720.67,8386,-1.75,0.00,0.00,166 041.06,RSIConsolidation SELL #M2025042
2026.04.13 06:00:00,8387,BTCUSD,sell,in,0.17,71088.16,8387,0.00,0.00,0.00,166 041.06,SimpleTrendline SELL #M26042501
2026.04.13 07:30:00,8388,XAUUSD,buy,out,0.5,4712.86,8388,-1.75,0.00,390.50,166 429.81,
2026.04.13 07:32:06,8389,AUDUSD,sell,out,2,0.70404,8389,-7.00,0.00,796.00,167 218.81,
2026.04.13 09:30:00,8390,XAUUSD,sell,in,0.5,4732.21,8390,-1.75,0.00,0.00,167 217.06,RSIConsolidation SELL #M2025042
2026.04.13 11:45:00,8391,XAUUSD,buy,out,0.5,4722.42,8391,-1.75,0.00,489.50,167 704.81,
2026.04.13 16:00:00,8392,BTCUSD,buy,out,0.17,71095.11,8392,0.00,0.00,-1.18,167 703.63,
2026.04.13 16:45:01,8393,NVDA.NAS,sell,in,125,186.20,8393,-2.50,0.00,0.00,167 701.13,RSI Scalping Sell #M20003
2026.04.13 17:00:00,8394,XAUUSD,sell,in,0.5,4730.46,8394,-1.75,0.00,0.00,167 699.38,RSIConsolidation SELL #M2025042
2026.04.13 17:30:00,8395,XAUUSD,buy,out,0.5,4715.56,8395,-1.75,0.00,745.00,168 442.63,
2026.04.13 18:00:01,8396,NVDA.NAS,buy,out,125,189.35,8396,-2.50,0.00,-393.75,168 046.38,
2026.04.13 19:00:00,8397,TSLA.NAS,sell,in,375,350.87,8397,-7.50,0.00,0.00,168 038.88,RSI Scalping Sell #M125421321
2026.04.13 20:00:01,8398,TSLA.NAS,buy,out,375,352.90,8398,-7.50,0.00,-761.25,167 270.13,
2026.04.13 20:15:00,8399,XAUUSD,sell,in,0.5,4731.21,8399,-1.75,0.00,0.00,167 268.38,RSIConsolidation SELL #M2025042
2026.04.13 20:42:16,8400,XNGUSD,sell,in,0.75,2.6340,8400,0.00,0.00,0.00,167 268.38,WP Sell #M20260535
2026.04.13 21:00:00,8401,XAUUSD,buy,out,0.5,4730.28,8401,-1.75,0.00,46.50,167 313.13,
2026.04.13 21:15:00,8402,XAUUSD,sell,in,0.5,4730.18,8402,-1.75,0.00,0.00,167 311.38,RSIConsolidation SELL #M2025042
2026.04.13 21:15:01,8403,XAUUSD,buy,out,0.5,4730.29,8403,-1.75,0.00,-5.50,167 304.13,
2026.04.13 21:24:35,8404,XNGUSD,buy,out,0.75,2.6350,8404,0.00,0.00,-7.50,167 296.63,sl 2.6350
2026.04.13 22:00:00,8405,EURUSD,buy,in,0.44,1.17645,8405,-1.54,0.00,0.00,167 295.09,WP Buy #M20260524
2026.04.13 22:00:00,8406,AUDUSD,buy,in,0.44,0.70992,8406,-1.54,0.00,0.00,167 293.55,WP Buy #M20260525
2026.04.13 23:00:00,8407,BTCUSD,buy,in,2.5,73366.49,8407,0.00,0.00,0.00,167 293.55,RSI Scalping Buy #M123459123
2026.04.13 23:00:00,8408,XAUUSD,sell,in,0.5,4741.39,8408,-1.75,0.00,0.00,167 291.80,RSIConsolidation SELL #M2025042
2026.04.13 23:00:06,8409,BTCUSD,sell,out,2.5,73367.45,8409,0.00,0.00,2.40,167 294.20,sl 73367.48
2026.04.14 01:55:36,8410,XAUUSD,buy,out,0.5,4756.54,8410,-1.75,22.39,-757.50,166 557.34,sl 4756.54
2026.04.14 02:00:00,8411,BTCUSD,buy,in,2.5,74660.86,8411,0.00,0.00,0.00,166 557.34,RSI Scalping Buy #M123459123
2026.04.14 02:00:13,8412,BTCUSD,sell,out,2.5,74677.95,8412,0.00,0.00,42.73,166 600.07,sl 74681.64
2026.04.14 10:00:00,8413,DE40,buy,in,0.2,23943.10,8413,0.00,0.00,0.00,166 600.07,SimpleTrendline BUY #M26042502
2026.04.14 12:30:00,8414,DE40,sell,out,0.2,23983.20,8414,0.00,0.00,9.45,166 609.52,
2026.04.14 14:30:00,8415,DE40,buy,in,1.2,23985.70,8415,0.00,0.00,0.00,166 609.52,SimpleTrendline BUY #M26042502
2026.04.14 17:00:00,8416,BTCUSD,buy,in,2.5,75569.50,8416,0.00,0.00,0.00,166 609.52,RSI Scalping Buy #M123459123
2026.04.14 17:00:06,8417,BTCUSD,sell,out,2.5,75571.58,8417,0.00,0.00,5.20,166 614.72,sl 75571.83
2026.04.14 21:14:18,8418,SOXX.NAS,buy,in,0.6,400.060,8418,-0.02,0.00,0.00,166 614.70,WP Buy #M20260532
2026.04.14 21:25:29,8419,SOXX.NAS,sell,out,0.6,399.010,8419,-0.02,0.00,-0.63,166 614.05,sl 399.760
2026.04.15 00:01:00,8420,AUDUSD,sell,out,0.44,0.71091,8420,-1.54,-1.64,43.56,166 654.43,sl 0.71239
2026.04.15 03:30:00,8421,DE40,sell,out,1.2,24060.40,8421,0.00,-6.40,105.73,166 753.76,
2026.04.15 04:00:11,8422,DE40,buy,in,1.2,24049.10,8422,0.00,0.00,0.00,166 753.76,SimpleTrendline BUY #M26042502
2026.04.15 04:45:03,8423,DE40,sell,out,1.2,24038.40,8423,0.00,0.00,-15.14,166 738.62,
2026.04.15 05:31:00,8424,EURUSD,sell,out,0.44,1.17811,8424,-1.54,-6.68,73.04,166 803.44,sl 1.17811
2026.04.15 07:30:02,8425,DE40,sell,in,1.2,24030.90,8425,0.00,0.00,0.00,166 803.44,SimpleTrendline SELL #M26042502
2026.04.15 09:30:00,8426,DE40,buy,out,1.2,24048.50,8426,0.00,0.00,-24.88,166 778.56,
2026.04.15 09:45:01,8427,DE40,buy,in,1.2,24075.50,8427,0.00,0.00,0.00,166 778.56,SimpleTrendline BUY #M26042502
2026.04.15 11:00:00,8428,DE40,sell,out,1.2,24050.00,8428,0.00,0.00,-36.05,166 742.51,
2026.04.15 11:45:00,8429,DE40,buy,in,1.2,24089.50,8429,0.00,0.00,0.00,166 742.51,SimpleTrendline BUY #M26042502
2026.04.15 12:30:06,8430,DE40,sell,out,1.2,24037.00,8430,0.00,0.00,-74.22,166 668.29,
2026.04.15 15:00:00,8431,DE40,buy,in,1.2,24067.50,8431,0.00,0.00,0.00,166 668.29,SimpleTrendline BUY #M26042502
2026.04.15 15:30:00,8432,DE40,sell,out,1.2,24058.00,8432,0.00,0.00,-13.43,166 654.86,
2026.04.15 17:00:00,8433,TSLA.NAS,buy,in,300,370.55,8433,-6.00,0.00,0.00,166 648.86,RSI Scalping Buy #M125421321
2026.04.15 19:10:02,8434,AAPL.NAS,buy,in,100,265.320,8434,-2.00,0.00,0.00,166 646.86,RSI Scalping Buy #M20001
2026.04.15 19:15:03,8435,DE40,buy,in,1,24066.60,8435,0.00,0.00,0.00,166 646.86,SimpleTrendline BUY #M26042502
2026.04.15 19:19:06,8436,AAPL.NAS,sell,out,100,265.350,8436,-2.00,0.00,3.00,166 647.86,sl 265.350
2026.04.15 19:45:02,8437,DE40,sell,out,1,24029.30,8437,0.00,0.00,-43.94,166 603.92,
2026.04.15 20:00:01,8438,NVDA.NAS,sell,in,125,197.05,8438,-2.50,0.00,0.00,166 601.42,RSI Scalping Sell #M20003
2026.04.15 20:00:01,8439,AAPL.NAS,buy,in,0.7,265.480,8439,-0.02,0.00,0.00,166 601.40,WP Buy #M20260528
2026.04.15 20:01:53,8440,AAPL.NAS,sell,out,0.7,265.290,8440,-0.02,0.00,-0.13,166 601.25,sl 265.290
2026.04.15 20:30:00,8441,NVDA.NAS,buy,out,125,196.99,8441,-2.50,0.00,7.50,166 606.25,
2026.04.15 20:30:00,8442,NVDA.NAS,sell,in,125,196.98,8442,-2.50,0.00,0.00,166 603.75,RSI Scalping Sell #M20003
2026.04.15 20:45:00,8443,NVDA.NAS,buy,out,125,196.81,8443,-2.50,0.00,21.25,166 622.50,
2026.04.15 21:15:01,8444,NVDA.NAS,buy,in,250,196.85,8444,-5.00,0.00,0.00,166 617.50,RSI Scalping Buy #M20003
2026.04.15 21:30:01,8445,DE40,buy,in,1.2,24075.10,8445,0.00,0.00,0.00,166 617.50,SimpleTrendline BUY #M26042502
2026.04.15 22:00:01,8446,AAPL.NAS,buy,in,0.7,265.650,8446,-0.02,0.00,0.00,166 617.48,WP Buy #M20260528
2026.04.15 22:04:08,8447,AAPL.NAS,sell,out,0.7,265.660,8447,-0.02,0.00,0.01,166 617.47,sl 265.660
2026.04.15 23:00:00,8448,DE40,sell,out,1.2,24063.20,8448,0.00,0.00,-16.82,166 600.65,
2026.04.16 01:30:03,8449,DE40,buy,in,1.2,24087.60,8449,0.00,0.00,0.00,166 600.65,SimpleTrendline BUY #M26042502
2026.04.16 10:15:00,8450,DE40,sell,out,1.2,24070.70,8450,0.00,0.00,-23.89,166 576.76,
2026.04.16 16:37:16,8451,TSLA.NAS,sell,out,300,385.52,8451,-6.00,-0.05,4 491.00,171 061.71,sl 385.57
2026.04.16 20:00:00,8452,XBRUSD,buy,in,0.5,100.87,8452,0.00,0.00,0.00,171 061.71,WP Buy #M20260534
2026.04.16 23:38:55,8453,XBRUSD,sell,out,0.5,99.37,8453,0.00,0.00,-75.00,170 986.71,sl 99.37
2026.04.17 07:15:06,8454,DE40,buy,in,1.2,24138.20,8454,0.00,0.00,0.00,170 986.71,SimpleTrendline BUY #M26042502
2026.04.17 09:30:00,8455,DE40,sell,out,1.2,24126.60,8455,0.00,0.00,-16.40,170 970.31,
2026.04.17 16:40:01,8456,AAPL.NAS,buy,in,125,268.200,8456,-2.50,0.00,0.00,170 967.81,RSI Scalping Buy #M20001
2026.04.17 16:49:16,8457,AAPL.NAS,sell,out,125,268.300,8457,-2.50,0.00,12.50,170 977.81,sl 268.310
2026.04.17 17:00:00,8458,BTCUSD,buy,in,2.5,77392.15,8458,0.00,0.00,0.00,170 977.81,RSI Scalping Buy #M123459123
2026.04.17 17:00:01,8459,BTCUSD,sell,out,2.5,77408.14,8459,0.00,0.00,39.98,171 017.79,sl 77414.87
2026.04.17 17:00:01,8460,AAPL.NAS,buy,in,125,268.980,8460,-2.50,0.00,0.00,171 015.29,RSI Scalping Buy #M20001
2026.04.17 17:00:11,8461,SOXX.NAS,buy,in,0.6,411.370,8461,-0.02,0.00,0.00,171 015.27,WP Buy #M20260532
2026.04.17 17:00:34,8462,SOXX.NAS,sell,out,0.6,411.410,8462,-0.02,0.00,0.02,171 015.27,sl 411.420
2026.04.17 17:03:36,8463,AAPL.NAS,sell,out,125,269.040,8463,-2.50,0.00,7.50,171 020.27,sl 269.060
2026.04.17 17:50:01,8464,AAPL.NAS,buy,in,125,270.360,8464,-2.50,0.00,0.00,171 017.77,RSI Scalping Buy #M20001
2026.04.17 18:00:01,8465,TSLA.NAS,buy,in,375,406.41,8465,-7.50,0.00,0.00,171 010.27,RSI Scalping Buy #M125421321
2026.04.17 18:00:02,8466,SOXX.NAS,buy,in,0.6,413.190,8466,-0.02,0.00,0.00,171 010.25,WP Buy #M20260532
2026.04.17 18:00:14,8467,SOXX.NAS,sell,out,0.6,412.880,8467,-0.02,0.00,-0.19,171 010.04,sl 412.890
2026.04.17 18:03:48,8468,AAPL.NAS,sell,out,125,271.280,8468,-2.50,0.00,115.00,171 122.54,sl 271.280
2026.04.17 18:50:02,8469,AAPL.NAS,sell,in,125,271.540,8469,-2.50,0.00,0.00,171 120.04,RSI Scalping Sell #M20001
2026.04.17 18:56:48,8470,AAPL.NAS,buy,out,125,271.290,8470,-2.50,0.00,31.25,171 148.79,sl 271.290
2026.04.17 19:00:03,8471,AAPL.NAS,buy,in,0.7,270.960,8471,-0.02,0.00,0.00,171 148.77,WP Buy #M20260528
2026.04.17 19:04:38,8472,AAPL.NAS,sell,out,0.7,271.360,8472,-0.02,0.00,0.28,171 149.03,tp 271.360
2026.04.17 21:00:00,8473,TSLA.NAS,sell,out,375,402.00,8473,-7.50,0.00,-1 653.75,169 487.78,
2026.04.20 03:00:00,8474,XAUUSD,sell,out,0.75,4755.16,8474,-2.63,-272.43,2 533.50,171 746.22,
2026.04.20 07:15:01,8475,DE40,buy,in,0.2,24425.00,8475,0.00,0.00,0.00,171 746.22,SimpleTrendline BUY #M26042502
2026.04.20 07:30:06,8476,DE40,sell,out,0.2,24411.80,8476,0.00,0.00,-3.11,171 743.11,
2026.04.20 18:00:01,8477,TSLA.NAS,sell,in,375,390.40,8477,-7.50,0.00,0.00,171 735.61,RSI Scalping Sell #M125421321
2026.04.20 18:07:19,8478,NVDA.NAS,sell,out,250,197.88,8478,-5.00,-0.20,257.50,171 987.91,sl 197.91
2026.04.20 18:30:00,8479,NVDA.NAS,buy,in,250,199.30,8479,-5.00,0.00,0.00,171 982.91,RSI Scalping Buy #M20003
2026.04.20 20:00:01,8480,TSLA.NAS,buy,out,375,391.07,8480,-7.50,0.00,-251.25,171 724.16,
2026.04.21 02:00:05,8481,XNGUSD,sell,in,0.75,2.6680,8481,0.00,0.00,0.00,171 724.16,WP Sell #M20260535
2026.04.21 03:45:58,8482,XNGUSD,buy,out,0.75,2.6680,8482,0.00,0.00,0.00,171 724.16,sl 2.6680
2026.04.21 18:00:01,8483,TSLA.NAS,sell,in,375,390.36,8483,-7.50,0.00,0.00,171 716.66,RSI Scalping Sell #M125421321
2026.04.21 20:00:00,8484,XTIUSD,buy,in,0.5,92.97,8484,0.00,0.00,0.00,171 716.66,WP Buy #M20260533
2026.04.21 20:15:01,8485,NVDA.NAS,sell,out,250,199.50,8485,-5.00,-0.04,50.00,171 761.62,
2026.04.21 20:38:52,8486,XTIUSD,sell,out,0.5,93.08,8486,0.00,0.00,5.50,171 767.12,sl 93.08
2026.04.21 20:45:01,8487,NVDA.NAS,buy,in,250,200.08,8487,-5.00,0.00,0.00,171 762.12,RSI Scalping Buy #M20003
2026.04.22 08:00:00,8488,DE40,sell,in,0.2,24206.80,8488,0.00,0.00,0.00,171 762.12,SimpleTrendline SELL #M26042502
2026.04.22 08:15:02,8489,DE40,buy,out,0.2,24247.50,8489,0.00,0.00,-9.59,171 752.53,
2026.04.22 08:30:00,8490,DE40,buy,in,0.2,24298.50,8490,0.00,0.00,0.00,171 752.53,SimpleTrendline BUY #M26042502
2026.04.22 11:30:00,8491,DE40,sell,out,0.2,24242.80,8491,0.00,0.00,-13.12,171 739.41,
2026.04.22 12:00:00,8492,DE40,buy,in,0.2,24286.30,8492,0.00,0.00,0.00,171 739.41,SimpleTrendline BUY #M26042502
2026.04.22 13:00:00,8493,DE40,sell,out,0.2,24213.30,8493,0.00,0.00,-17.20,171 722.21,
2026.04.22 13:15:00,8494,DE40,sell,in,0.2,24184.80,8494,0.00,0.00,0.00,171 722.21,SimpleTrendline SELL #M26042502
2026.04.22 13:30:00,8495,DE40,buy,out,0.2,24214.80,8495,0.00,0.00,-7.07,171 715.14,
2026.04.22 15:00:00,8496,BTCUSD,buy,in,2,78326.92,8496,0.00,0.00,0.00,171 715.14,RSI Scalping Buy #M123459123
2026.04.22 15:02:19,8497,BTCUSD,sell,out,2,78339.79,8497,0.00,0.00,25.74,171 740.88,sl 78340.11
2026.04.22 15:15:00,8498,DE40,buy,in,0.2,24294.80,8498,0.00,0.00,0.00,171 740.88,SimpleTrendline BUY #M26042502
2026.04.22 15:30:00,8499,DE40,sell,out,0.2,24265.30,8499,0.00,0.00,-6.95,171 733.93,
2026.04.22 17:00:00,8500,BTCUSD,buy,in,2.5,78865.79,8500,0.00,0.00,0.00,171 733.93,RSI Scalping Buy #M123459123
2026.04.22 17:01:17,8501,BTCUSD,sell,out,2.5,78871.06,8501,0.00,0.00,13.18,171 747.11,sl 78876.28
2026.04.22 18:00:00,8502,XBRUSD,buy,in,0.5,101.99,8502,0.00,0.00,0.00,171 747.11,WP Buy #M20260534
2026.04.22 18:00:01,8503,TSLA.NAS,buy,out,375,391.34,8503,-7.50,0.01,-367.50,171 372.12,
2026.04.22 19:00:00,8504,XTIUSD,buy,in,0.5,95.48,8504,0.00,0.00,0.00,171 372.12,WP Buy #M20260533
2026.04.22 19:00:01,8505,TSLA.NAS,sell,in,187.5,390.81,8505,-3.75,0.00,0.00,171 368.37,RSI Scalping Sell #M125421321
2026.04.22 19:01:51,8506,SOXX.NAS,buy,in,0.6,427.640,8506,-0.02,0.00,0.00,171 368.35,WP Buy #M20260532
2026.04.22 19:04:38,8507,SOXX.NAS,sell,out,0.6,428.240,8507,-0.02,0.00,0.36,171 368.69,tp 428.240
2026.04.22 20:00:15,8508,SOXX.NAS,buy,in,0.6,428.720,8508,-0.02,0.00,0.00,171 368.67,WP Buy #M20260532
2026.04.22 20:01:17,8509,SOXX.NAS,sell,out,0.6,428.690,8509,-0.02,0.00,-0.02,171 368.63,sl 428.760
2026.04.22 20:10:13,8510,XTIUSD,sell,out,0.5,95.21,8510,0.00,0.00,-13.50,171 355.13,sl 95.23
2026.04.22 20:10:30,8511,XBRUSD,sell,out,0.5,101.94,8511,0.00,0.00,-2.50,171 352.63,sl 102.01
2026.04.22 21:00:15,8512,SOXX.NAS,buy,in,0.6,430.970,8512,-0.02,0.00,0.00,171 352.61,WP Buy #M20260532
2026.04.22 21:04:31,8513,SOXX.NAS,sell,out,0.6,431.090,8513,-0.02,0.00,0.07,171 352.66,sl 431.110
2026.04.23 13:15:00,8514,DE40,sell,in,0.2,24020.70,8514,0.00,0.00,0.00,171 352.66,SimpleTrendline SELL #M26042502
2026.04.23 13:30:00,8515,DE40,buy,out,0.2,24053.20,8515,0.00,0.00,-7.66,171 345.00,
2026.04.23 16:35:01,8516,TSLA.NAS,buy,out,187.5,379.04,8516,-3.75,0.01,2 206.88,173 548.14,
2026.04.23 17:00:03,8517,SOXX.NAS,buy,in,0.6,440.250,8517,-0.02,0.00,0.00,173 548.12,WP Buy #M20260532
2026.04.23 17:00:07,8518,SOXX.NAS,sell,out,0.6,439.950,8518,-0.02,0.00,-0.18,173 547.92,sl 439.950
2026.04.23 18:00:01,8519,SOXX.NAS,buy,in,0.6,443.380,8519,-0.02,0.00,0.00,173 547.90,WP Buy #M20260532
2026.04.23 18:00:46,8520,SOXX.NAS,sell,out,0.6,443.400,8520,-0.02,0.00,0.01,173 547.89,sl 443.410
2026.04.23 19:00:00,8521,SOXX.NAS,buy,in,0.6,444.690,8521,-0.02,0.00,0.00,173 547.87,WP Buy #M20260532
2026.04.23 19:00:37,8522,SOXX.NAS,sell,out,0.6,444.390,8522,-0.02,0.00,-0.18,173 547.67,sl 444.390
2026.04.23 20:10:04,8523,NVDA.NAS,sell,out,250,200.04,8523,-5.00,-0.08,-10.00,173 532.59,sl 200.05
2026.04.23 20:15:00,8524,NVDA.NAS,sell,in,200,200.16,8524,-4.00,0.00,0.00,173 528.59,RSI Scalping Sell #M20003
2026.04.23 20:30:01,8525,NVDA.NAS,buy,out,200,199.45,8525,-4.00,0.00,142.00,173 666.59,
2026.04.23 22:00:00,8526,NVDA.NAS,sell,in,250,198.34,8526,-5.00,0.00,0.00,173 661.59,RSI Scalping Sell #M20003
2026.04.24 14:30:00,8527,DE40,buy,in,0.2,24314.10,8527,0.00,0.00,0.00,173 661.59,SimpleTrendline BUY #M26042502
2026.04.24 14:45:00,8528,DE40,sell,out,0.2,24198.10,8528,0.00,0.00,-27.33,173 634.26,
2026.04.24 15:15:00,8529,DE40,buy,in,0.2,24243.10,8529,0.00,0.00,0.00,173 634.26,SimpleTrendline BUY #M26042502
2026.04.24 15:30:00,8530,DE40,sell,out,0.2,24208.60,8530,0.00,0.00,-8.13,173 626.13,
2026.04.24 16:45:00,8531,NVDA.NAS,buy,out,250,201.77,8531,-5.00,0.01,-857.50,172 763.64,
2026.04.24 19:00:02,8532,SOXX.NAS,buy,in,0.6,461.170,8532,-0.02,0.00,0.00,172 763.62,WP Buy #M20260532
2026.04.24 19:00:37,8533,SOXX.NAS,sell,out,0.6,461.170,8533,-0.02,0.00,0.00,172 763.60,sl 461.170
2026.04.24 19:10:34,8534,XNGUSD,sell,in,0.6,2.5190,8534,0.00,0.00,0.00,172 763.60,WP Sell #M20260535
2026.04.24 19:13:48,8535,XNGUSD,buy,out,0.6,2.5300,8535,0.00,0.00,-66.00,172 697.60,sl 2.5290
2026.04.27 04:00:00,8536,BTCUSD,buy,in,2,79384.44,8536,0.00,0.00,0.00,172 697.60,RSI Scalping Buy #M123459123
2026.04.27 04:00:02,8537,BTCUSD,sell,out,2,79386.84,8537,0.00,0.00,4.80,172 702.40,sl 79392.28
2026.04.27 10:15:01,8538,DE40,buy,in,0.2,24218.70,8538,0.00,0.00,0.00,172 702.40,SimpleTrendline BUY #M26042502
2026.04.27 10:30:00,8539,DE40,sell,out,0.2,24187.20,8539,0.00,0.00,-7.42,172 694.98,
2026.04.28 12:00:00,8540,XTIUSD,buy,in,0.5,100.75,8540,0.00,0.00,0.00,172 694.98,WP Buy #M20260533
2026.04.28 15:00:00,8541,XBRUSD,buy,in,0.5,111.62,8541,0.00,0.00,0.00,172 694.98,WP Buy #M20260534
2026.04.28 15:05:27,8542,XTIUSD,sell,out,0.5,102.69,8542,0.00,0.00,97.00,172 791.98,sl 102.69
2026.04.28 15:20:28,8543,XBRUSD,sell,out,0.5,110.09,8543,0.00,0.00,-76.50,172 715.48,sl 110.13
2026.04.28 16:40:00,8544,AAPL.NAS,buy,in,125,269.820,8544,-2.50,0.00,0.00,172 712.98,RSI Scalping Buy #M20001
2026.04.28 16:45:00,8545,NVDA.NAS,sell,in,250,211.79,8545,-5.00,0.00,0.00,172 707.98,RSI Scalping Sell #M20003
2026.04.28 16:45:33,8546,AAPL.NAS,sell,out,125,269.840,8546,-2.50,0.00,2.50,172 707.98,sl 269.840
2026.04.28 17:00:00,8547,AAPL.NAS,sell,in,125,269.860,8547,-2.50,0.00,0.00,172 705.48,RSI Scalping Sell #M20001
2026.04.28 17:00:38,8548,AAPL.NAS,buy,out,125,269.850,8548,-2.50,0.00,1.25,172 704.23,sl 269.820
2026.04.28 17:30:00,8549,AAPL.NAS,buy,in,125,271.310,8549,-2.50,0.00,0.00,172 701.73,RSI Scalping Buy #M20001
2026.04.28 17:32:23,8550,AAPL.NAS,sell,out,125,271.520,8550,-2.50,0.00,26.25,172 725.48,sl 271.520
2026.04.28 17:35:45,8551,BTCUSD,sell,in,0.07,75740.53,8551,0.00,0.00,0.00,172 725.48,WP Sell #M20260527
2026.04.28 17:45:00,8552,NVDA.NAS,buy,out,250,210.44,8552,-5.00,0.00,337.50,173 057.98,
2026.04.28 17:45:00,8553,NVDA.NAS,sell,in,250,210.42,8553,-5.00,0.00,0.00,173 052.98,RSI Scalping Sell #M20003
2026.04.28 18:00:00,8554,NVDA.NAS,buy,out,250,209.80,8554,-5.00,0.00,155.00,173 202.98,
2026.04.28 20:00:01,8555,NVDA.NAS,buy,in,250,210.71,8555,-5.00,0.00,0.00,173 197.98,RSI Scalping Buy #M20003
2026.04.28 20:35:08,8556,BTCUSD,buy,out,0.07,76251.09,8556,0.00,0.00,-35.74,173 162.24,sl 76240.85
2026.04.29 04:30:00,8557,DE40,sell,in,0.2,23993.40,8557,0.00,0.00,0.00,173 162.24,SimpleTrendline SELL #M26042502
2026.04.29 04:45:04,8558,DE40,buy,out,0.2,24027.60,8558,0.00,0.00,-8.06,173 154.18,
2026.04.29 12:00:00,8559,XTIUSD,buy,in,0.5,105.28,8559,0.00,0.00,0.00,173 154.18,WP Buy #M20260533
2026.04.29 12:00:00,8560,XBRUSD,buy,in,0.5,113.48,8560,0.00,0.00,0.00,173 154.18,WP Buy #M20260534
2026.04.29 16:01:55,8561,XTIUSD,sell,out,0.5,105.08,8561,0.00,0.00,-10.00,173 144.18,sl 105.08
2026.04.29 16:35:00,8562,NVDA.NAS,sell,out,250,210.95,8562,-5.00,-0.04,60.00,173 199.14,sl 210.96
2026.04.29 16:45:00,8563,NVDA.NAS,sell,in,250,210.99,8563,-5.00,0.00,0.00,173 194.14,RSI Scalping Sell #M20003
2026.04.29 17:00:00,8564,NVDA.NAS,buy,out,250,210.81,8564,-5.00,0.00,45.00,173 234.14,
2026.04.29 17:00:00,8565,XTIUSD,buy,in,0.5,106.62,8565,0.00,0.00,0.00,173 234.14,WP Buy #M20260533
2026.04.29 17:45:01,8566,NVDA.NAS,buy,in,250,211.62,8566,-5.00,0.00,0.00,173 229.14,RSI Scalping Buy #M20003
2026.04.29 18:54:00,8567,XBRUSD,sell,out,0.5,116.49,8567,0.00,0.00,150.50,173 379.64,tp 116.48
2026.04.29 19:00:00,8568,XBRUSD,buy,in,0.5,116.96,8568,0.00,0.00,0.00,173 379.64,WP Buy #M20260534
2026.04.29 20:15:03,8569,NVDA.NAS,sell,out,250,209.46,8569,-5.00,0.00,-540.00,172 834.64,
2026.04.29 20:29:58,8570,XTIUSD,sell,out,0.5,108.42,8570,0.00,0.00,90.00,172 924.64,sl 108.42
2026.04.29 22:00:00,8571,NVDA.NAS,buy,in,250,208.97,8571,-5.00,0.00,0.00,172 919.64,RSI Scalping Buy #M20003
2026.04.30 03:00:00,8572,XAUUSD,buy,in,0.25,4561.83,8572,-0.88,0.00,0.00,172 918.76,SimpleTrendline BUY #M26042503
2026.04.30 03:00:15,8573,XBRUSD,sell,out,0.5,116.76,8573,0.00,4.01,-10.00,172 912.77,sl 116.94
2026.04.30 07:00:00,8574,XAUUSD,sell,out,0.25,4556.07,8574,-0.88,0.00,-144.00,172 767.89,
2026.04.30 07:15:06,8575,XAUUSD,sell,in,0.05,4555.94,8575,-0.18,0.00,0.00,172 767.71,United SuperEMA short #M940001
2026.04.30 09:00:00,8576,XAUUSD,buy,out,0.05,4562.77,8576,-0.18,0.00,-34.15,172 733.38,
2026.04.30 10:00:00,8577,XAUUSD,buy,in,2.5,4590.25,8577,-8.75,0.00,0.00,172 724.63,RSI Scalping Buy #M129102315
2026.04.30 10:00:00,8578,XAUUSD,buy,in,0.02,4589.90,8578,-0.07,0.00,0.00,172 724.56,SimpleTrendline BUY #M26042503
2026.04.30 10:00:13,8579,XAUUSD,sell,out,2.5,4589.89,8579,-8.75,0.00,-90.00,172 625.81,sl 4590.29
2026.04.30 12:00:00,8580,XAUUSD,buy,in,1,4616.69,8580,-3.50,0.00,0.00,172 622.31,EMA Crossover Trade BUY #M12350
2026.04.30 12:00:00,8581,XAUUSD,buy,in,0.06,4616.75,8581,-0.21,0.00,0.00,172 622.10,WP Buy #M20260526
2026.04.30 12:08:02,8582,XAUUSD,sell,out,1,4616.40,8582,-3.50,0.00,-29.00,172 589.60,sl 4616.41
2026.04.30 12:32:30,8583,XAUUSD,sell,out,0.06,4624.28,8583,-0.21,0.00,45.18,172 634.57,sl 4624.34
2026.04.30 13:00:00,8584,XAUUSD,buy,in,1.25,4625.39,8584,-4.38,0.00,0.00,172 630.19,EMA Crossover Trade BUY #M12350
2026.04.30 13:00:00,8585,XAUUSD,buy,in,0.07,4625.38,8585,-0.25,0.00,0.00,172 629.94,WP Buy #M20260526
2026.04.30 13:04:30,8586,XAUUSD,sell,out,1.25,4624.85,8586,-4.38,0.00,-67.50,172 558.06,sl 4625.23
2026.04.30 13:32:01,8587,XAUUSD,sell,out,0.07,4639.28,8587,-0.25,0.00,97.30,172 655.11,sl 4639.36
2026.04.30 14:00:00,8588,XAUUSD,buy,in,1.25,4639.92,8588,-4.38,0.00,0.00,172 650.73,EMA Crossover Trade BUY #M12350
2026.04.30 14:00:06,8589,XAUUSD,buy,in,0.07,4641.05,8589,-0.25,0.00,0.00,172 650.48,WP Buy #M20260526
2026.04.30 14:01:18,8590,XAUUSD,sell,out,1.25,4638.12,8590,-4.38,0.00,-225.00,172 421.10,sl 4638.28
2026.04.30 15:00:00,8591,XAUUSD,buy,in,1.25,4630.37,8591,-4.38,0.00,0.00,172 416.72,EMA Crossover Trade BUY #M12350
2026.04.30 15:02:22,8592,XAUUSD,sell,out,1.25,4632.62,8592,-4.38,0.00,281.25,172 693.59,sl 4632.66
2026.04.30 15:30:02,8593,XAUUSD,sell,out,0.07,4624.98,8593,-0.25,0.00,-112.49,172 580.85,sl 4626.05
2026.04.30 16:00:00,8594,XAUUSD,buy,in,1.25,4639.70,8594,-4.38,0.00,0.00,172 576.47,EMA Crossover Trade BUY #M12350
2026.04.30 16:01:01,8595,XAUUSD,sell,out,1.25,4638.99,8595,-4.38,0.00,-88.75,172 483.34,sl 4639.27
2026.04.30 17:45:00,8596,NVDA.NAS,sell,out,250,200.60,8596,-5.00,-0.04,-2 092.50,170 385.80,
2026.04.30 18:00:00,8597,XAUUSD,buy,in,1.25,4620.01,8597,-4.38,0.00,0.00,170 381.42,EMA Crossover Trade BUY #M12350
2026.04.30 18:00:00,8598,XAUUSD,buy,in,2.5,4620.09,8598,-8.75,0.00,0.00,170 372.67,RSI Scalping Buy #M129102315
2026.04.30 18:00:18,8599,XAUUSD,sell,out,2.5,4621.64,8599,-8.75,0.00,387.50,170 751.42,sl 4621.64
2026.04.30 18:02:11,8600,XAUUSD,sell,out,1.25,4618.92,8600,-4.38,0.00,-136.25,170 610.79,sl 4618.95
2026.04.30 19:00:00,8601,XAUUSD,buy,in,1.25,4615.53,8601,-4.38,0.00,0.00,170 606.41,EMA Crossover Trade BUY #M12350
2026.04.30 19:00:01,8602,AUDUSD,buy,in,0.44,0.71832,8602,-1.54,0.00,0.00,170 604.87,WP Buy #M20260525
2026.04.30 19:01:41,8603,XAUUSD,sell,out,1.25,4612.18,8603,-4.38,0.00,-418.75,170 181.74,sl 4612.25
2026.04.30 20:00:00,8604,TSLA.NAS,sell,in,375,377.69,8604,-7.50,0.00,0.00,170 174.24,RSI Scalping Sell #M125421321
2026.04.30 20:00:00,8605,XAUUSD,sell,out,0.02,4607.74,8605,-0.07,0.00,35.68,170 209.85,
2026.04.30 21:00:00,8606,XAUUSD,buy,in,1.25,4617.21,8606,-4.38,0.00,0.00,170 205.47,EMA Crossover Trade BUY #M12350
2026.04.30 21:00:00,8607,XAUUSD,buy,in,0.12,4617.21,8607,-0.42,0.00,0.00,170 205.05,SimpleTrendline BUY #M26042503
2026.04.30 21:00:00,8608,TSLA.NAS,buy,out,375,379.36,8608,-7.50,0.00,-626.25,169 571.30,
2026.04.30 21:00:01,8609,NVDA.NAS,buy,in,250,201.25,8609,-5.00,0.00,0.00,169 566.30,RSI Scalping Buy #M20003
2026.04.30 21:04:03,8610,XAUUSD,sell,out,1.25,4620.84,8610,-4.38,0.00,453.75,170 015.67,sl 4620.84
2026.04.30 22:00:00,8611,XAUUSD,buy,in,1.25,4622.30,8611,-4.38,0.00,0.00,170 011.29,EMA Crossover Trade BUY #M12350
2026.04.30 22:00:00,8612,XAUUSD,buy,in,2.5,4622.30,8612,-8.75,0.00,0.00,170 002.54,RSI Scalping Buy #M129102315
2026.04.30 22:00:00,8613,XAUUSD,sell,out,0.12,4622.25,8613,-0.42,0.00,60.48,170 062.60,
2026.04.30 22:01:29,8614,XAUUSD,sell,out,2.5,4624.96,8614,-8.75,0.00,665.00,170 718.85,sl 4624.96
2026.04.30 22:15:04,8615,XAUUSD,sell,out,1.25,4623.65,8615,-4.38,0.00,168.75,170 883.22,sl 4623.66
2026.05.01 01:15:00,8616,XAUUSD,buy,in,0.05,4631.57,8616,-0.18,0.00,0.00,170 883.04,United SuperEMA long #M940001
2026.05.01 03:15:00,8617,XAUUSD,sell,out,0.05,4622.02,8617,-0.18,0.00,-47.75,170 835.11,
2026.05.01 03:15:00,8618,XAUUSD,sell,in,0.5,4622.24,8618,-1.75,0.00,0.00,170 833.36,RSIConsolidation SELL #M2025042
2026.05.01 03:15:00,8619,XAUUSD,buy,out,0.5,4622.55,8619,-1.75,0.00,-15.50,170 816.11,
2026.05.01 05:00:00,8620,XAUUSD,buy,in,0.25,4620.72,8620,-0.88,0.00,0.00,170 815.23,SimpleTrendline BUY #M26042503
2026.05.01 06:00:00,8621,XAUUSD,sell,in,0.5,4619.00,8621,-1.75,0.00,0.00,170 813.48,RSIConsolidation SELL #M2025042
2026.05.01 06:00:00,8622,XAUUSD,sell,out,0.25,4618.86,8622,-0.88,0.00,-46.50,170 766.10,
2026.05.01 06:00:00,8623,XAUUSD,buy,out,0.5,4619.03,8623,-1.75,0.00,-1.50,170 762.85,
2026.05.01 07:00:00,8624,XAUUSD,sell,in,0.6,4626.74,8624,-2.10,0.00,0.00,170 760.75,RSI Reverse SELL #M1002
2026.05.01 07:00:00,8625,XAUUSD,buy,out,0.6,4626.98,8625,-2.10,0.00,-14.40,170 744.25,
2026.05.01 07:00:00,8626,XAUUSD,buy,in,2,4627.11,8626,-7.00,0.00,0.00,170 737.25,RSI Scalping Buy #M129102315
2026.05.01 07:00:00,8627,XAUUSD,buy,in,0.1,4627.05,8627,-0.35,0.00,0.00,170 736.90,SimpleTrendline BUY #M26042503
2026.05.01 07:03:03,8628,XAUUSD,sell,out,2,4627.78,8628,-7.00,0.00,134.00,170 863.90,sl 4627.92
2026.05.01 08:00:00,8629,XAUUSD,sell,out,0.1,4609.28,8629,-0.35,0.00,-177.70,170 685.85,
2026.05.01 08:00:00,8630,XAUUSD,sell,in,0.12,4609.28,8630,-0.42,0.00,0.00,170 685.43,SimpleTrendline SELL #M26042503
2026.05.01 11:00:00,8631,XAUUSD,sell,in,0.05,4579.65,8631,-0.18,0.00,0.00,170 685.25,United SuperEMA short #M940001
2026.05.01 14:00:00,8632,XAUUSD,buy,out,0.12,4566.96,8632,-0.42,0.00,507.84,171 192.67,
2026.05.01 14:45:00,8633,XAUUSD,buy,out,0.05,4575.68,8633,-0.18,0.00,19.85,171 212.34,
2026.05.01 16:00:00,8634,BTCUSD,buy,in,2.5,77875.06,8634,0.00,0.00,0.00,171 212.34,RSI Scalping Buy #M123459123
2026.05.01 16:00:02,8635,BTCUSD,sell,out,2.5,77893.96,8635,0.00,0.00,47.25,171 259.59,sl 77897.25
2026.05.01 16:50:00,8636,AAPL.NAS,buy,in,125,283.580,8636,-2.50,0.00,0.00,171 257.09,RSI Scalping Buy #M20001
2026.05.01 16:51:04,8637,AAPL.NAS,sell,out,125,284.240,8637,-2.50,0.00,82.50,171 337.09,sl 284.310
2026.05.01 17:00:00,8638,XAUUSD,buy,in,1.25,4627.26,8638,-4.38,0.00,0.00,171 332.71,EMA Crossover Trade BUY #M12350
2026.05.01 17:00:00,8639,XAUUSD,buy,in,2.5,4625.20,8639,-8.75,0.00,0.00,171 323.96,RSI Scalping Buy #M129102315
2026.05.01 17:00:03,8640,XAUUSD,sell,out,2.5,4626.07,8640,-8.75,0.00,217.50,171 532.71,sl 4626.12
2026.05.01 17:00:56,8641,XAUUSD,sell,out,1.25,4632.89,8641,-4.38,0.00,703.75,172 232.08,sl 4632.94
2026.05.01 17:30:51,8642,NVDA.NAS,sell,out,250,198.70,8642,-5.00,-0.04,-637.50,171 589.54,sl 198.75
2026.05.01 17:40:01,8643,AAPL.NAS,sell,in,125,283.050,8643,-2.50,0.00,0.00,171 587.04,RSI Scalping Sell #M20001
2026.05.01 17:40:44,8644,AAPL.NAS,buy,out,125,282.960,8644,-2.50,0.00,11.25,171 595.79,sl 282.900
2026.05.01 18:00:00,8645,XAUUSD,buy,in,1.25,4632.76,8645,-4.38,0.00,0.00,171 591.41,EMA Crossover Trade BUY #M12350
2026.05.01 18:01:27,8646,XAUUSD,sell,out,1.25,4629.62,8646,-4.38,0.00,-392.50,171 194.53,sl 4629.64
2026.05.01 18:15:01,8647,NVDA.NAS,sell,in,250,199.47,8647,-5.00,0.00,0.00,171 189.53,RSI Scalping Sell #M20003
2026.05.01 18:30:00,8648,XAUUSD,buy,in,0.05,4637.79,8648,-0.18,0.00,0.00,171 189.35,United SuperEMA long #M940001
2026.05.01 18:30:02,8649,NVDA.NAS,buy,out,250,198.94,8649,-5.00,0.00,132.50,171 316.85,
2026.05.01 18:45:00,8650,NVDA.NAS,buy,in,250,199.56,8650,-5.00,0.00,0.00,171 311.85,RSI Scalping Buy #M20003
2026.05.01 19:00:00,8651,XAUUSD,buy,in,1.25,4643.59,8651,-4.38,0.00,0.00,171 307.47,EMA Crossover Trade BUY #M12350
2026.05.01 19:00:00,8652,TSLA.NAS,buy,in,187.5,394.29,8652,-3.75,0.00,0.00,171 303.72,RSI Scalping Buy #M125421321
2026.05.01 19:07:21,8653,XAUUSD,sell,out,1.25,4641.82,8653,-4.38,0.00,-221.25,171 078.09,sl 4641.82
2026.05.01 19:45:07,8654,XAUUSD,sell,in,0.5,4638.20,8654,-1.75,0.00,0.00,171 076.34,RSIConsolidation SELL #M2025042
2026.05.01 20:30:00,8655,XAUUSD,buy,out,0.5,4631.84,8655,-1.75,0.00,318.00,171 392.59,
2026.05.01 20:45:00,8656,XAUUSD,sell,out,0.05,4628.06,8656,-0.18,0.00,-48.65,171 343.76,
2026.05.01 20:45:00,8657,XAUUSD,sell,in,0.5,4628.13,8657,-1.75,0.00,0.00,171 342.01,RSIConsolidation SELL #M2025042
2026.05.01 20:45:01,8658,XAUUSD,buy,out,0.5,4628.10,8658,-1.75,0.00,1.50,171 341.76,
2026.05.01 21:05:08,8659,AUDUSD,sell,out,0.44,0.72037,8659,-1.54,-0.82,90.20,171 429.60,sl 0.72038
2026.05.01 22:00:00,8660,TSLA.NAS,sell,out,187.5,394.30,8660,-3.75,0.00,1.88,171 427.73,
2026.05.04 01:30:00,8661,XAUUSD,sell,in,0.5,4620.75,8661,-1.75,0.00,0.00,171 425.98,RSIConsolidation SELL #M2025042
2026.05.04 01:30:01,8662,XAUUSD,buy,out,0.5,4620.71,8662,-1.75,0.00,2.00,171 426.23,
2026.05.04 06:00:00,8663,BTCUSD,buy,in,2.5,80160.30,8663,0.00,0.00,0.00,171 426.23,RSI Scalping Buy #M123459123
2026.05.04 06:00:05,8664,BTCUSD,sell,out,2.5,80187.73,8664,0.00,0.00,68.58,171 494.81,sl 80190.56
2026.05.04 10:00:00,8665,DE40,buy,in,0.2,24298.10,8665,0.00,0.00,0.00,171 494.81,SimpleTrendline BUY #M26042502
2026.05.04 11:15:00,8666,DE40,sell,out,0.2,24303.60,8666,0.00,0.00,1.30,171 496.11,
2026.05.04 12:30:00,8667,DE40,buy,in,0.2,24352.60,8667,0.00,0.00,0.00,171 496.11,SimpleTrendline BUY #M26042502
2026.05.04 13:15:00,8668,DE40,sell,out,0.2,24097.10,8668,0.00,0.00,-60.20,171 435.91,
2026.05.04 16:55:37,8669,NVDA.NAS,sell,out,250,197.93,8669,-5.00,-0.12,-407.50,171 023.29,sl 197.94
2026.05.04 17:30:00,8670,NVDA.NAS,sell,in,250,197.37,8670,-5.00,0.00,0.00,171 018.29,RSI Scalping Sell #M20003
2026.05.04 18:00:00,8671,XAUUSD,sell,in,0.12,4561.28,8671,-0.42,0.00,0.00,171 017.87,SimpleTrendline SELL #M26042503
2026.05.04 18:00:00,8672,NVDA.NAS,buy,out,250,197.23,8672,-5.00,0.00,35.00,171 047.87,
2026.05.04 18:00:00,8673,NVDA.NAS,sell,in,250,197.20,8673,-5.00,0.00,0.00,171 042.87,RSI Scalping Sell #M20003
2026.05.04 18:15:00,8674,NVDA.NAS,buy,out,250,196.97,8674,-5.00,0.00,57.50,171 095.37,
2026.05.04 19:00:00,8675,TSLA.NAS,sell,in,187.5,387.10,8675,-3.75,0.00,0.00,171 091.62,RSI Scalping Sell #M125421321
2026.05.04 19:30:01,8676,NVDA.NAS,buy,in,250,196.23,8676,-5.00,0.00,0.00,171 086.62,RSI Scalping Buy #M20003
2026.05.04 20:00:01,8677,TSLA.NAS,buy,out,187.5,390.06,8677,-3.75,0.00,-555.00,170 527.87,
2026.05.05 05:00:00,8678,XAUUSD,buy,out,0.12,4541.68,8678,-0.42,5.37,235.20,170 768.02,
2026.05.05 08:00:00,8679,XAUUSD,sell,in,0.25,4533.79,8679,-0.88,0.00,0.00,170 767.14,SimpleTrendline SELL #M26042503
2026.05.05 08:00:00,8680,DE40,sell,in,0.2,23928.60,8680,0.00,0.00,0.00,170 767.14,SimpleTrendline SELL #M26042502
2026.05.05 08:15:00,8681,DE40,buy,out,0.2,23930.80,8681,0.00,0.00,-0.52,170 766.62,
2026.05.05 09:00:00,8682,XAUUSD,buy,out,0.25,4545.97,8682,-0.88,0.00,-304.50,170 461.24,
2026.05.05 09:00:00,8683,XAUUSD,buy,in,0.25,4545.97,8683,-0.88,0.00,0.00,170 460.36,SimpleTrendline BUY #M26042503
2026.05.05 10:00:00,8684,XAUUSD,sell,out,0.25,4547.91,8684,-0.88,0.00,48.50,170 507.98,
2026.05.05 14:00:00,8685,XAUUSD,sell,in,0.05,4543.10,8685,-0.18,0.00,0.00,170 507.80,United SuperEMA short #M940001
2026.05.05 14:30:00,8686,XAUUSD,buy,out,0.05,4556.15,8686,-0.18,0.00,-65.25,170 442.37,
2026.05.05 17:00:00,8687,XAUUSD,buy,in,1.25,4582.49,8687,-4.38,0.00,0.00,170 437.99,EMA Crossover Trade BUY #M12350
2026.05.05 17:00:00,8688,XAUUSD,buy,in,2.5,4582.64,8688,-8.75,0.00,0.00,170 429.24,RSI Scalping Buy #M129102315
2026.05.05 17:00:01,8689,XAUUSD,buy,in,0.07,4582.00,8689,-0.25,0.00,0.00,170 428.99,WP Buy #M20260526
2026.05.05 17:00:11,8690,XAUUSD,sell,out,2.5,4582.42,8690,-8.75,0.00,-55.00,170 365.24,sl 4582.52
2026.05.05 17:00:33,8691,XAUUSD,sell,out,1.25,4580.35,8691,-4.38,0.00,-267.50,170 093.36,sl 4580.37
2026.05.05 17:18:34,8692,XAUUSD,sell,out,0.07,4566.62,8692,-0.25,0.00,-107.66,169 985.45,sl 4566.66
2026.05.05 18:00:00,8693,AUDUSD,buy,in,0.36,0.71884,8693,-1.26,0.00,0.00,169 984.19,WP Buy #M20260525
2026.05.05 18:00:00,8694,XAUUSD,buy,in,0.06,4582.66,8694,-0.21,0.00,0.00,169 983.98,WP Buy #M20260526
2026.05.05 19:00:01,8695,SOXX.NAS,buy,in,0.4,483.980,8695,-0.02,0.00,0.00,169 983.96,WP Buy #M20260532
2026.05.05 19:00:09,8696,XAUUSD,sell,out,0.06,4567.66,8696,-0.21,0.00,-90.00,169 893.75,sl 4567.68
2026.05.05 19:01:11,8697,SOXX.NAS,sell,out,0.4,483.610,8697,-0.02,0.00,-0.15,169 893.58,sl 483.680
2026.05.05 20:00:01,8698,SOXX.NAS,buy,in,0.4,484.010,8698,-0.02,0.00,0.00,169 893.56,WP Buy #M20260532
2026.05.05 20:00:30,8699,SOXX.NAS,sell,out,0.4,483.610,8699,-0.02,0.00,-0.16,169 893.38,sl 483.700
2026.05.05 21:00:01,8700,SOXX.NAS,buy,in,0.4,485.060,8700,-0.02,0.00,0.00,169 893.36,WP Buy #M20260532
2026.05.05 21:05:03,8701,SOXX.NAS,sell,out,0.4,485.700,8701,-0.02,0.00,0.26,169 893.60,tp 485.660
2026.05.05 21:53:30,8702,NVDA.NAS,sell,out,250,196.44,8702,-5.00,-0.04,52.50,169 941.06,sl 196.46
2026.05.05 22:00:00,8703,NVDA.NAS,sell,in,250,196.69,8703,-5.00,0.00,0.00,169 936.06,RSI Scalping Sell #M20003
2026.05.05 22:15:00,8704,NVDA.NAS,buy,out,250,196.54,8704,-5.00,0.00,37.50,169 968.56,
2026.05.06 01:15:00,8705,XAUUSD,sell,in,0.05,4550.58,8705,-0.18,0.00,0.00,169 968.38,United SuperEMA short #M940001
2026.05.06 02:00:00,8706,XAUUSD,buy,in,2.5,4573.60,8706,-8.75,0.00,0.00,169 959.63,RSI Scalping Buy #M129102315
2026.05.06 02:00:00,8707,XAUUSD,buy,out,0.05,4573.13,8707,-0.18,0.00,-112.75,169 846.70,
2026.05.06 02:00:03,8708,XAUUSD,sell,out,2.5,4573.55,8708,-8.75,0.00,-12.50,169 825.45,sl 4573.55
2026.05.06 03:00:00,8709,XAUUSD,buy,in,0.62,4595.32,8709,-2.17,0.00,0.00,169 823.28,EMA Crossover Trade BUY #M12350
2026.05.06 03:00:00,8710,XAUUSD,buy,in,0.25,4595.64,8710,-0.88,0.00,0.00,169 822.40,SimpleTrendline BUY #M26042503
2026.05.06 03:00:30,8711,XAUUSD,sell,out,0.62,4592.28,8711,-2.17,0.00,-188.48,169 631.75,sl 4592.32
2026.05.06 04:00:00,8712,XAUUSD,buy,in,0.62,4618.88,8712,-2.17,0.00,0.00,169 629.58,EMA Crossover Trade BUY #M12350
2026.05.06 04:00:13,8713,XAUUSD,sell,out,0.62,4619.01,8713,-2.17,0.00,8.06,169 635.47,sl 4619.06
2026.05.06 05:00:00,8714,XAUUSD,buy,in,1.25,4625.93,8714,-4.38,0.00,0.00,169 631.09,EMA Crossover Trade BUY #M12350
2026.05.06 05:00:00,8715,XAUUSD,buy,in,0.07,4626.00,8715,-0.25,0.00,0.00,169 630.84,WP Buy #M20260526
2026.05.06 05:22:33,8716,XAUUSD,sell,out,1.25,4632.52,8716,-4.38,0.00,823.75,170 450.21,sl 4632.53
2026.05.06 05:30:12,8717,XAUUSD,sell,out,0.07,4628.66,8717,-0.25,0.00,18.62,170 468.58,sl 4628.73
2026.05.06 06:00:00,8718,XAUUSD,buy,in,1.25,4640.68,8718,-4.38,0.00,0.00,170 464.20,EMA Crossover Trade BUY #M12350
2026.05.06 06:00:00,8719,XAUUSD,buy,in,0.07,4640.68,8719,-0.25,0.00,0.00,170 463.95,WP Buy #M20260526
2026.05.06 06:16:38,8720,XAUUSD,sell,out,1.25,4646.52,8720,-4.38,0.00,730.00,171 189.57,sl 4646.58
2026.05.06 06:31:15,8721,XAUUSD,sell,out,0.07,4643.24,8721,-0.25,0.00,17.92,171 207.24,sl 4643.29
2026.05.06 07:00:00,8722,XAUUSD,buy,in,1.25,4643.87,8722,-4.38,0.00,0.00,171 202.86,EMA Crossover Trade BUY #M12350
2026.05.06 07:00:00,8723,XAUUSD,buy,in,0.07,4643.87,8723,-0.25,0.00,0.00,171 202.61,WP Buy #M20260526
2026.05.06 07:34:54,8724,XAUUSD,sell,out,1.25,4649.79,8724,-4.38,0.00,740.00,171 938.23,sl 4650.00
2026.05.06 07:43:06,8725,XAUUSD,sell,out,0.07,4646.11,8725,-0.25,0.00,15.68,171 953.66,sl 4646.19
2026.05.06 08:00:00,8726,XAUUSD,buy,in,1.25,4649.06,8726,-4.38,0.00,0.00,171 949.28,EMA Crossover Trade BUY #M12350
2026.05.06 08:00:00,8727,XAUUSD,buy,in,0.07,4649.04,8727,-0.25,0.00,0.00,171 949.03,WP Buy #M20260526
2026.05.06 08:15:38,8728,XAUUSD,sell,out,1.25,4652.80,8728,-4.38,0.00,467.50,172 412.15,sl 4652.80
2026.05.06 08:30:11,8729,XAUUSD,sell,out,0.07,4648.98,8729,-0.25,0.00,-0.42,172 411.48,sl 4649.00
2026.05.06 09:00:00,8730,XAUUSD,buy,in,1.25,4663.11,8730,-4.38,0.00,0.00,172 407.10,EMA Crossover Trade BUY #M12350
2026.05.06 09:00:00,8731,XAUUSD,buy,in,0.07,4663.11,8731,-0.25,0.00,0.00,172 406.85,WP Buy #M20260526
2026.05.06 09:02:19,8732,XAUUSD,sell,out,1.25,4661.88,8732,-4.38,0.00,-153.75,172 248.72,sl 4661.88
2026.05.06 09:42:08,8733,XAUUSD,sell,out,0.07,4660.78,8733,-0.25,0.00,-16.31,172 232.16,sl 4660.81
2026.05.06 10:00:00,8734,XAUUSD,buy,in,1.25,4669.65,8734,-4.38,0.00,0.00,172 227.78,EMA Crossover Trade BUY #M12350
2026.05.06 10:01:27,8735,XAUUSD,sell,out,1.25,4666.56,8735,-4.38,0.00,-386.25,171 837.15,sl 4666.68
2026.05.06 11:00:00,8736,XAUUSD,buy,in,1,4681.39,8736,-3.50,0.00,0.00,171 833.65,EMA Crossover Trade BUY #M12350
2026.05.06 11:00:56,8737,XAUUSD,sell,out,1,4678.63,8737,-3.50,0.00,-276.00,171 554.15,sl 4678.66
2026.05.06 13:44:34,8738,AUDUSD,sell,out,0.36,0.72685,8738,-1.26,-0.67,288.36,171 840.58,tp 0.72684
2026.05.06 14:00:00,8739,EURUSD,buy,in,0.44,1.17892,8739,-1.54,0.00,0.00,171 839.04,WP Buy #M20260524
2026.05.06 16:00:00,8740,XAUUSD,sell,in,2.5,4683.35,8740,-8.75,0.00,0.00,171 830.29,RSI Scalping Sell #M129102315
2026.05.06 16:00:08,8741,XAUUSD,buy,out,2.5,4680.72,8741,-8.75,0.00,657.50,172 479.04,sl 4680.69
2026.05.06 16:35:00,8742,TSLA.NAS,sell,in,187.5,387.69,8742,-3.75,0.00,0.00,172 475.29,RSI Scalping Sell #M125421321
2026.05.06 16:45:00,8743,NVDA.NAS,buy,in,250,201.28,8743,-5.00,0.00,0.00,172 470.29,RSI Scalping Buy #M20003
2026.05.06 17:02:29,8744,SOXX.NAS,buy,in,0.6,496.220,8744,-0.02,0.00,0.00,172 470.27,WP Buy #M20260532
2026.05.06 17:02:43,8745,SOXX.NAS,sell,out,0.6,495.810,8745,-0.02,0.00,-0.25,172 470.00,sl 495.920
2026.05.06 18:00:00,8746,TSLA.NAS,buy,out,187.5,391.31,8746,-3.75,0.00,-678.75,171 787.50,
2026.05.06 19:00:00,8747,XAUUSD,sell,in,2.5,4687.85,8747,-8.75,0.00,0.00,171 778.75,RSI Scalping Sell #M129102315
2026.05.06 19:00:01,8748,XAUUSD,buy,out,2.5,4688.33,8748,-8.75,0.00,-120.00,171 650.00,sl 4688.15
2026.05.06 22:30:00,8749,XAUUSD,buy,in,0.05,4698.54,8749,-0.18,0.00,0.00,171 649.82,United SuperEMA long #M940001
2026.05.07 02:00:00,8750,XAUUSD,sell,out,0.25,4694.90,8750,-0.88,-38.92,2 481.50,174 091.52,
2026.05.07 02:45:01,8751,XAUUSD,sell,out,0.05,4694.16,8751,-0.18,-7.78,-21.90,174 061.66,
2026.05.07 04:15:00,8752,XAUUSD,buy,in,0.05,4710.00,8752,-0.18,0.00,0.00,174 061.48,United SuperEMA long #M940001
2026.05.07 07:00:00,8753,XAUUSD,sell,out,0.05,4699.02,8753,-0.18,0.00,-54.90,174 006.40,
2026.05.07 09:00:00,8754,XAUUSD,buy,in,0.25,4701.15,8754,-0.88,0.00,0.00,174 005.52,SimpleTrendline BUY #M26042503
2026.05.07 09:15:00,8755,DE40,sell,in,0.2,24905.20,8755,0.00,0.00,0.00,174 005.52,SimpleTrendline SELL #M26042502
2026.05.07 09:45:00,8756,DE40,buy,out,0.2,24956.70,8756,0.00,0.00,-12.11,173 993.41,
2026.05.07 10:00:00,8757,DE40,buy,in,0.2,24960.20,8757,0.00,0.00,0.00,173 993.41,SimpleTrendline BUY #M26042502
2026.05.07 11:30:00,8758,DE40,sell,out,0.2,24935.20,8758,0.00,0.00,-5.88,173 987.53,
2026.05.07 11:45:00,8759,DE40,sell,in,0.2,24926.20,8759,0.00,0.00,0.00,173 987.53,SimpleTrendline SELL #M26042502
2026.05.07 12:00:00,8760,XAUUSD,sell,in,2,4731.10,8760,-7.00,0.00,0.00,173 980.53,RSI Scalping Sell #M129102315
2026.05.07 12:00:00,8761,XAUUSD,sell,out,0.25,4731.08,8761,-0.88,0.00,748.25,174 727.90,
2026.05.07 12:00:09,8762,XAUUSD,buy,out,2,4730.31,8762,-7.00,0.00,158.00,174 878.90,sl 4730.22
2026.05.07 13:45:00,8763,DE40,buy,out,0.2,24893.20,8763,0.00,0.00,7.77,174 886.67,
2026.05.07 14:30:00,8764,DE40,sell,in,0.2,24867.20,8764,0.00,0.00,0.00,174 886.67,SimpleTrendline SELL #M26042502
2026.05.07 14:45:00,8765,DE40,buy,out,0.2,24880.70,8765,0.00,0.00,-3.18,174 883.49,
2026.05.07 16:45:00,8766,XAUUSD,buy,in,0.05,4749.43,8766,-0.18,0.00,0.00,174 883.31,United SuperEMA long #M940001
2026.05.07 17:00:00,8767,AAPL.NAS,buy,in,125,291.000,8767,-2.50,0.00,0.00,174 880.81,RSI Scalping Buy #M20001
2026.05.07 17:00:00,8768,DE40,sell,in,0.2,24802.70,8768,0.00,0.00,0.00,174 880.81,SimpleTrendline SELL #M26042502
2026.05.07 17:00:00,8769,TSLA.NAS,buy,in,0.6,413.53,8769,-0.02,0.00,0.00,174 880.79,WP Buy #M20260530
2026.05.07 17:00:01,8770,TSLA.NAS,buy,in,37.5,413.46,8770,-0.75,0.00,0.00,174 880.04,RSI Scalping Buy #M125421321
2026.05.07 17:00:04,8771,AAPL.NAS,sell,out,125,291.070,8771,-2.50,0.00,8.75,174 886.29,sl 291.070
2026.05.07 17:07:51,8772,TSLA.NAS,sell,out,0.6,410.43,8772,-0.02,0.00,-1.86,174 884.41,sl 410.53
2026.05.07 17:20:01,8773,AAPL.NAS,sell,in,125,290.600,8773,-2.50,0.00,0.00,174 881.91,RSI Scalping Sell #M20001
2026.05.07 17:21:39,8774,AAPL.NAS,buy,out,125,290.550,8774,-2.50,0.00,6.25,174 885.66,sl 290.550
2026.05.07 17:52:39,8775,XAUUSD,buy,in,1.25,4760.69,8775,-4.38,0.00,0.00,174 881.28,Darvas Box Breakout #M135790
2026.05.07 18:00:01,8776,TSLA.NAS,buy,in,0.6,411.42,8776,-0.02,0.00,0.00,174 881.26,WP Buy #M20260530
2026.05.07 18:26:25,8777,XAUUSD,sell,out,1.25,4744.00,8777,-4.38,0.00,-2 086.25,172 790.63,sl 4744.03
2026.05.07 18:26:47,8778,TSLA.NAS,sell,out,0.6,408.06,8778,-0.02,0.00,-2.02,172 788.59,sl 408.42
2026.05.07 18:30:00,8779,XAUUSD,sell,out,0.05,4740.75,8779,-0.18,0.00,-43.40,172 745.01,
2026.05.07 19:00:00,8780,XAUUSD,sell,in,2.5,4729.29,8780,-8.75,0.00,0.00,172 736.26,RSI Scalping Sell #M129102315
2026.05.07 19:00:00,8781,TSLA.NAS,sell,out,37.5,407.47,8781,-0.75,0.00,-224.63,172 510.88,
2026.05.07 19:00:26,8782,XAUUSD,buy,out,2.5,4727.21,8782,-8.75,0.00,520.00,173 022.13,sl 4727.20
2026.05.07 20:33:45,8783,EURUSD,sell,out,0.44,1.17388,8783,-1.54,-10.03,-221.76,172 788.80,sl 1.17392
2026.05.07 20:56:35,8784,BTCUSD,sell,in,0.07,80008.56,8784,0.00,0.00,0.00,172 788.80,WP Sell #M20260527
2026.05.08 00:30:01,8785,BTCUSD,buy,out,0.07,79942.86,8785,0.00,0.00,4.60,172 793.40,sl 79941.98
2026.05.08 08:00:00,8786,DE40,buy,out,0.2,24478.90,8786,0.00,-0.37,76.02,172 869.05,
2026.05.08 12:30:00,8787,DE40,buy,in,0.2,24495.30,8787,0.00,0.00,0.00,172 869.05,SimpleTrendline BUY #M26042502
2026.05.08 13:00:00,8788,DE40,sell,out,0.2,24446.30,8788,0.00,0.00,-11.50,172 857.55,
2026.05.08 17:00:00,8789,TSLA.NAS,buy,in,37.5,428.19,8789,-0.75,0.00,0.00,172 856.80,RSI Scalping Buy #M125421321
2026.05.08 22:00:00,8790,TSLA.NAS,sell,out,37.5,425.96,8790,-0.75,0.00,-83.63,172 772.42,
2026.05.11 01:45:03,8791,DE40,sell,in,0.2,24299.70,8791,0.00,0.00,0.00,172 772.42,SimpleTrendline SELL #M26042502
2026.05.11 02:00:00,8792,DE40,buy,out,0.2,24328.50,8792,0.00,0.00,-6.76,172 765.66,
2026.05.11 04:00:00,8793,DE40,sell,in,0.2,24260.70,8793,0.00,0.00,0.00,172 765.66,SimpleTrendline SELL #M26042502
2026.05.11 04:00:00,8794,XTIUSD,buy,in,0.5,99.57,8794,0.00,0.00,0.00,172 765.66,WP Buy #M20260533
2026.05.11 04:00:00,8795,XBRUSD,buy,in,0.5,108.32,8795,0.00,0.00,0.00,172 765.66,WP Buy #M20260534
2026.05.11 06:45:00,8796,DE40,buy,out,0.2,24298.90,8796,0.00,0.00,-8.97,172 756.69,
2026.05.11 08:45:00,8797,DE40,sell,in,0.2,24259.70,8797,0.00,0.00,0.00,172 756.69,SimpleTrendline SELL #M26042502
2026.05.11 09:30:00,8798,DE40,buy,out,0.2,24289.80,8798,0.00,0.00,-7.07,172 749.62,
2026.05.11 09:33:27,8799,XTIUSD,sell,out,0.5,99.74,8799,0.00,0.00,8.50,172 758.12,sl 99.76
2026.05.11 09:33:56,8800,XBRUSD,sell,out,0.5,108.31,8800,0.00,0.00,-0.50,172 757.62,sl 108.31
2026.05.11 11:30:00,8801,DE40,buy,in,0.2,24333.30,8801,0.00,0.00,0.00,172 757.62,SimpleTrendline BUY #M26042502
2026.05.11 12:00:00,8802,DE40,sell,out,0.2,24291.80,8802,0.00,0.00,-9.74,172 747.88,
2026.05.11 12:15:01,8803,DE40,sell,in,0.2,24288.80,8803,0.00,0.00,0.00,172 747.88,SimpleTrendline SELL #M26042502
2026.05.11 12:30:00,8804,DE40,buy,out,0.2,24301.80,8804,0.00,0.00,-3.05,172 744.83,
2026.05.11 14:00:00,8805,DE40,sell,in,0.2,24296.30,8805,0.00,0.00,0.00,172 744.83,SimpleTrendline SELL #M26042502
2026.05.11 16:15:00,8806,DE40,buy,out,0.2,24300.30,8806,0.00,0.00,-0.94,172 743.89,
2026.05.11 16:58:53,8807,NVDA.NAS,sell,out,250,217.11,8807,-5.00,-0.20,3 957.50,176 696.19,sl 217.11
2026.05.11 18:04:31,8808,SOXX.NAS,buy,in,0.6,529.390,8808,-0.02,0.00,0.00,176 696.17,WP Buy #M20260532
2026.05.11 18:04:33,8809,SOXX.NAS,sell,out,0.6,529.030,8809,-0.02,0.00,-0.22,176 695.93,sl 529.090
2026.05.11 19:00:01,8810,TSLA.NAS,buy,in,37.5,437.60,8810,-0.75,0.00,0.00,176 695.18,RSI Scalping Buy #M125421321
2026.05.11 20:00:01,8811,DE40,sell,in,0.2,24261.40,8811,0.00,0.00,0.00,176 695.18,SimpleTrendline SELL #M26042502
2026.05.11 20:30:00,8812,DE40,buy,out,0.2,24276.70,8812,0.00,0.00,-3.59,176 691.59,
2026.05.12 01:30:02,8813,DE40,buy,in,0.2,24309.20,8813,0.00,0.00,0.00,176 691.59,SimpleTrendline BUY #M26042502
2026.05.12 02:30:01,8814,DE40,sell,out,0.2,24302.60,8814,0.00,0.00,-1.55,176 690.04,
2026.05.12 04:41:00,8815,AUDUSD,buy,in,2,0.72231,8815,-7.00,0.00,0.00,176 683.04,RSI Oversold Crossover Buy #M30
2026.05.12 08:00:00,8816,AUDUSD,sell,out,2,0.72320,8816,-7.00,0.00,178.00,176 854.04,
2026.05.12 12:00:00,8817,XTIUSD,buy,in,0.5,101.16,8817,0.00,0.00,0.00,176 854.04,WP Buy #M20260533
2026.05.12 12:00:00,8818,XBRUSD,buy,in,0.5,109.79,8818,0.00,0.00,0.00,176 854.04,WP Buy #M20260534
2026.05.12 13:11:13,8819,XTIUSD,sell,out,0.5,101.06,8819,0.00,0.00,-5.00,176 849.04,sl 101.06
2026.05.12 14:00:00,8820,XTIUSD,buy,in,0.5,101.92,8820,0.00,0.00,0.00,176 849.04,WP Buy #M20260533
2026.05.12 14:30:51,8821,XBRUSD,sell,out,0.5,110.36,8821,0.00,0.00,28.50,176 877.54,sl 110.36
2026.05.12 16:35:00,8822,NVDA.NAS,buy,in,250,221.22,8822,-5.00,0.00,0.00,176 872.54,RSI Scalping Buy #M20003
2026.05.12 16:35:00,8823,TSLA.NAS,sell,out,37.5,439.95,8823,-0.75,-0.01,88.13,176 959.91,sl 440.05
2026.05.12 17:18:09,8824,NVDA.NAS,sell,out,250,219.84,8824,-5.00,0.00,-345.00,176 609.91,sl 219.95
2026.05.12 17:20:22,8825,XNGUSD,sell,in,0.75,2.7610,8825,0.00,0.00,0.00,176 609.91,WP Sell #M20260535
2026.05.12 17:23:02,8826,XNGUSD,buy,out,0.75,2.7710,8826,0.00,0.00,-75.00,176 534.91,sl 2.7710
2026.05.12 18:00:00,8827,NVDA.NAS,sell,in,250,217.38,8827,-5.00,0.00,0.00,176 529.91,RSI Scalping Sell #M20003
2026.05.12 18:15:00,8828,NVDA.NAS,buy,out,250,217.35,8828,-5.00,0.00,7.50,176 532.41,
2026.05.12 18:35:59,8829,XNGUSD,sell,in,0.75,2.7730,8829,0.00,0.00,0.00,176 532.41,WP Sell #M20260535
2026.05.12 18:45:01,8830,NVDA.NAS,buy,in,250,217.34,8830,-5.00,0.00,0.00,176 527.41,RSI Scalping Buy #M20003
2026.05.12 18:46:05,8831,XNGUSD,buy,out,0.75,2.7720,8831,0.00,0.00,7.50,176 534.91,sl 2.7720
2026.05.12 19:00:00,8832,TSLA.NAS,sell,in,37.5,425.08,8832,-0.75,0.00,0.00,176 534.16,RSI Scalping Sell #M125421321
2026.05.12 19:03:52,8833,XNGUSD,sell,in,0.75,2.7580,8833,0.00,0.00,0.00,176 534.16,WP Sell #M20260535
2026.05.12 19:06:28,8834,XNGUSD,buy,out,0.75,2.7680,8834,0.00,0.00,-75.00,176 459.16,sl 2.7680
2026.05.12 20:05:40,8835,XNGUSD,sell,in,0.75,2.7520,8835,0.00,0.00,0.00,176 459.16,WP Sell #M20260535
2026.05.12 20:12:15,8836,XNGUSD,buy,out,0.75,2.7620,8836,0.00,0.00,-75.00,176 384.16,sl 2.7620
2026.05.12 21:00:01,8837,TSLA.NAS,buy,out,37.5,427.71,8837,-0.75,0.00,-98.63,176 284.78,
2026.05.12 22:30:00,8838,DE40,sell,in,0.2,24044.50,8838,0.00,0.00,0.00,176 284.78,SimpleTrendline SELL #M26042502
2026.05.12 22:45:00,8839,DE40,buy,out,0.2,24064.30,8839,0.00,0.00,-4.65,176 280.13,
2026.05.13 01:16:55,8840,XTIUSD,sell,out,0.5,102.00,8840,0.00,5.35,4.00,176 289.48,sl 102.03
2026.05.13 12:45:00,8841,DE40,buy,in,0.2,24102.20,8841,0.00,0.00,0.00,176 289.48,SimpleTrendline BUY #M26042502
2026.05.13 13:30:00,8842,DE40,sell,out,0.2,24101.20,8842,0.00,0.00,-0.23,176 289.25,
2026.05.13 13:45:00,8843,DE40,buy,in,0.2,24141.20,8843,0.00,0.00,0.00,176 289.25,SimpleTrendline BUY #M26042502
2026.05.13 14:00:00,8844,DE40,sell,out,0.2,24121.20,8844,0.00,0.00,-4.70,176 284.55,
2026.05.13 15:00:00,8845,DE40,buy,in,0.2,24179.70,8845,0.00,0.00,0.00,176 284.55,SimpleTrendline BUY #M26042502
2026.05.13 15:15:00,8846,DE40,sell,out,0.2,24162.20,8846,0.00,0.00,-4.11,176 280.44,
2026.05.13 16:30:00,8847,DE40,sell,in,0.2,24071.70,8847,0.00,0.00,0.00,176 280.44,SimpleTrendline SELL #M26042502
2026.05.13 16:45:00,8848,DE40,buy,out,0.2,24103.70,8848,0.00,0.00,-7.51,176 272.93,
2026.05.13 16:46:41,8849,NVDA.NAS,sell,out,250,223.33,8849,-5.00,-0.04,1 497.50,177 765.39,sl 223.34
2026.05.13 19:10:21,8850,BTCUSD,sell,in,0.07,78728.48,8850,0.00,0.00,0.00,177 765.39,WP Sell #M20260527
2026.05.13 20:00:01,8851,AAPL.NAS,buy,in,0.7,299.180,8851,-0.02,0.00,0.00,177 765.37,WP Buy #M20260528
2026.05.13 20:02:35,8852,AAPL.NAS,sell,out,0.7,299.420,8852,-0.02,0.00,0.17,177 765.52,sl 299.430
2026.05.13 20:15:23,8853,BTCUSD,buy,out,0.07,79231.38,8853,0.00,0.00,-35.20,177 730.32,sl 79228.29
2026.05.13 20:30:00,8854,AAPL.NAS,buy,in,125,300.140,8854,-2.50,0.00,0.00,177 727.82,RSI Scalping Buy #M20001
2026.05.13 20:31:45,8855,AAPL.NAS,sell,out,125,300.220,8855,-2.50,0.00,10.00,177 735.32,sl 300.230
2026.05.13 21:00:01,8856,AAPL.NAS,sell,in,125,300.110,8856,-2.50,0.00,0.00,177 732.82,RSI Scalping Sell #M20001
2026.05.13 21:00:04,8857,AAPL.NAS,buy,in,0.7,300.150,8857,-0.02,0.00,0.00,177 732.80,WP Buy #M20260528
2026.05.13 21:00:28,8858,AAPL.NAS,sell,out,0.7,299.910,8858,-0.02,0.00,-0.17,177 732.61,sl 299.950
2026.05.13 21:01:34,8859,AAPL.NAS,buy,out,125,299.950,8859,-2.50,0.00,20.00,177 750.11,sl 299.950
2026.05.14 09:15:00,8860,DE40,buy,in,0.2,24271.90,8860,0.00,0.00,0.00,177 750.11,SimpleTrendline BUY #M26042502
2026.05.14 16:45:00,8861,DE40,sell,out,0.2,24376.90,8861,0.00,0.00,24.65,177 774.76,
2026.05.14 17:00:01,8862,NVDA.NAS,buy,in,0.1,230.70,8862,-0.02,0.00,0.00,177 774.74,WP Buy #M20260529
2026.05.14 17:07:44,8863,XNGUSD,sell,in,0.75,2.7590,8863,0.00,0.00,0.00,177 774.74,WP Sell #M20260535
2026.05.14 17:12:52,8864,XNGUSD,buy,out,0.75,2.7690,8864,0.00,0.00,-75.00,177 699.74,sl 2.7690
2026.05.14 17:15:00,8865,DE40,buy,in,0.2,24423.80,8865,0.00,0.00,0.00,177 699.74,SimpleTrendline BUY #M26042502
2026.05.14 19:15:01,8866,DE40,sell,out,0.2,24420.20,8866,0.00,0.00,-0.85,177 698.89,
2026.05.14 20:15:00,8867,DE40,sell,in,0.2,24364.20,8867,0.00,0.00,0.00,177 698.89,SimpleTrendline SELL #M26042502
2026.05.15 12:00:00,8868,XBRUSD,buy,in,0.5,111.42,8868,0.00,0.00,0.00,177 698.89,WP Buy #M20260534
2026.05.15 12:00:01,8869,XTIUSD,buy,in,0.5,104.57,8869,0.00,0.00,0.00,177 698.89,WP Buy #M20260533
2026.05.15 13:14:14,8870,XBRUSD,sell,out,0.5,111.12,8870,0.00,0.00,-15.00,177 683.89,sl 111.14
2026.05.15 13:51:26,8871,XTIUSD,sell,out,0.5,103.01,8871,0.00,0.00,-78.00,177 605.89,sl 103.05
2026.05.15 16:35:00,8872,NVDA.NAS,sell,out,0.1,227.49,8872,-0.02,0.00,-0.32,177 605.55,sl 230.52
2026.05.15 16:45:00,8873,NVDA.NAS,sell,in,200,226.15,8873,-4.00,0.00,0.00,177 601.55,RSI Scalping Sell #M20003
2026.05.15 17:00:00,8874,NVDA.NAS,buy,out,200,225.28,8874,-4.00,0.00,174.00,177 771.55,
2026.05.15 17:00:00,8875,TSLA.NAS,sell,in,30,426.12,8875,-0.60,0.00,0.00,177 770.95,RSI Scalping Sell #M125421321
2026.05.15 18:09:31,8876,BTCUSD,sell,in,0.07,79146.81,8876,0.00,0.00,0.00,177 770.95,WP Sell #M20260527
2026.05.15 18:30:01,8877,NVDA.NAS,buy,in,250,227.91,8877,-5.00,0.00,0.00,177 765.95,RSI Scalping Buy #M20003
2026.05.15 22:09:06,8878,NVDA.NAS,sell,out,250,227.68,8878,-5.00,0.00,-57.50,177 703.45,sl 227.73
2026.05.15 22:30:00,8879,NVDA.NAS,sell,in,250,227.02,8879,-5.00,0.00,0.00,177 698.45,RSI Scalping Sell #M20003
2026.05.15 22:45:00,8880,NVDA.NAS,buy,out,250,227.15,8880,-5.00,0.00,-32.50,177 660.95,
2026.05.16 10:13:18,8881,BTCUSD,buy,out,0.07,78103.45,8881,0.00,0.00,73.04,177 733.99,tp 78107.44
2026.05.18 01:05:16,8882,DE40,buy,out,0.2,23882.50,8882,0.00,-1.47,113.09,177 845.61,
2026.05.18 17:00:01,8883,TSLA.NAS,buy,out,30,416.27,8883,-0.60,0.00,295.50,178 140.51,
2026.05.18 20:00:01,8884,NVDA.NAS,buy,in,250,222.13,8884,-5.00,0.00,0.00,178 135.51,RSI Scalping Buy #M20003
2026.05.19 08:00:00,8885,BTCUSD,buy,in,1.75,76871.16,8885,0.00,0.00,0.00,178 135.51,SimpleTrendline BUY #M26042501
2026.05.19 09:45:00,8886,DE40,buy,in,0.2,24360.50,8886,0.00,0.00,0.00,178 135.51,SimpleTrendline BUY #M26042502
2026.05.19 10:00:00,8887,DE40,sell,out,0.2,24332.50,8887,0.00,0.00,-6.57,178 128.94,
2026.05.19 15:00:00,8888,BTCUSD,sell,out,1.75,76638.14,8888,0.00,0.00,-407.79,177 721.15,
2026.05.19 17:05:48,8889,NVDA.NAS,sell,out,250,219.54,8889,-5.00,-0.04,-647.50,177 068.61,sl 219.54
2026.05.19 17:15:00,8890,NVDA.NAS,sell,in,250,218.61,8890,-5.00,0.00,0.00,177 063.61,RSI Scalping Sell #M20003
2026.05.19 17:30:00,8891,NVDA.NAS,buy,out,250,218.61,8891,-5.00,0.00,0.00,177 058.61,
2026.05.19 18:00:00,8892,NVDA.NAS,buy,in,200,220.94,8892,-4.00,0.00,0.00,177 054.61,RSI Scalping Buy #M20003
2026.05.19 22:50:13,8893,NVDA.NAS,sell,out,200,220.68,8893,-4.00,0.00,-52.00,176 998.61,sl 220.71
2026.05.20 04:45:00,8894,XAUUSD,sell,in,0.04,4467.71,8894,-0.14,0.00,0.00,176 998.47,United SuperEMA short #M940001
2026.05.20 05:00:00,8895,XAUUSD,sell,in,0.2,4482.50,8895,-0.70,0.00,0.00,176 997.77,SimpleTrendline SELL #M26042503
2026.05.20 08:30:00,8896,XAUUSD,buy,out,0.04,4468.44,8896,-0.14,0.00,-2.92,176 994.71,
2026.05.20 12:00:00,8897,XAUUSD,buy,out,0.2,4483.83,8897,-0.70,0.00,-26.60,176 967.41,
2026.05.20 16:15:00,8898,XAUUSD,buy,in,0.04,4505.39,8898,-0.14,0.00,0.00,176 967.27,United SuperEMA long #M940001
2026.05.20 16:35:00,8899,NVDA.NAS,sell,in,200,222.15,8899,-4.00,0.00,0.00,176 963.27,RSI Scalping Sell #M20003
2026.05.20 16:45:00,8900,XAUUSD,sell,out,0.04,4489.80,8900,-0.14,0.00,-62.36,176 900.77,
2026.05.20 16:50:00,8901,AAPL.NAS,buy,in,100,301.390,8901,-2.00,0.00,0.00,176 898.77,RSI Scalping Buy #M20001
2026.05.20 16:51:15,8902,AAPL.NAS,sell,out,100,301.390,8902,-2.00,0.00,0.00,176 896.77,sl 301.430
2026.05.20 17:15:00,8903,XAUUSD,sell,in,0.04,4477.96,8903,-0.14,0.00,0.00,176 896.63,United SuperEMA short #M940001
2026.05.20 17:16:49,8904,NVDA.NAS,buy,out,200,224.37,8904,-4.00,0.00,-444.00,176 448.63,sl 224.33
2026.05.20 17:30:00,8905,XAUUSD,buy,out,0.04,4507.22,8905,-0.14,0.00,-117.04,176 331.45,
2026.05.20 18:00:00,8906,XAUUSD,buy,in,2,4531.01,8906,-7.00,0.00,0.00,176 324.45,RSI Scalping Buy #M129102315
2026.05.20 18:00:08,8907,XAUUSD,sell,out,2,4532.63,8907,-7.00,0.00,324.00,176 641.45,sl 4532.66
2026.05.20 20:00:00,8908,XNGUSD,sell,in,0.75,3.0010,8908,0.00,0.00,0.00,176 641.45,WP Sell #M20260535
2026.05.20 20:27:55,8909,XNGUSD,buy,out,0.75,3.0010,8909,0.00,0.00,0.00,176 641.45,sl 3.0010
2026.05.20 21:00:00,8910,BTCUSD,buy,in,1.75,77495.90,8910,0.00,0.00,0.00,176 641.45,SimpleTrendline BUY #M26042501
2026.05.20 21:45:00,8911,NVDA.NAS,sell,in,250,222.81,8911,-5.00,0.00,0.00,176 636.45,RSI Scalping Sell #M20003
2026.05.20 22:00:00,8912,NVDA.NAS,buy,out,250,222.76,8912,-5.00,0.00,12.50,176 643.95,
2026.05.20 22:45:00,8913,NVDA.NAS,buy,in,250,223.42,8913,-5.00,0.00,0.00,176 638.95,RSI Scalping Buy #M20003
2026.05.21 09:00:00,8914,XAUUSD,sell,in,0.25,4527.25,8914,-0.88,0.00,0.00,176 638.07,SimpleTrendline SELL #M26042503
2026.05.21 10:00:00,8915,XAUUSD,buy,out,0.25,4521.76,8915,-0.88,0.00,137.25,176 774.44,
2026.05.21 10:30:00,8916,XAUUSD,sell,in,0.05,4512.71,8916,-0.18,0.00,0.00,176 774.26,United SuperEMA short #M940001
2026.05.21 11:15:00,8917,XAUUSD,buy,out,0.05,4534.59,8917,-0.18,0.00,-109.40,176 664.68,
2026.05.21 12:15:00,8918,XAUUSD,buy,in,0.05,4537.73,8918,-0.18,0.00,0.00,176 664.50,United SuperEMA long #M940001
2026.05.21 13:30:00,8919,XAUUSD,sell,out,0.05,4518.23,8919,-0.18,0.00,-97.50,176 566.82,
2026.05.21 14:00:00,8920,BTCUSD,sell,out,1.75,77134.63,8920,0.00,0.00,-632.22,175 934.60,
2026.05.21 14:00:00,8921,XAUUSD,sell,in,0.25,4511.36,8921,-0.88,0.00,0.00,175 933.72,SimpleTrendline SELL #M26042503
2026.05.21 15:00:00,8922,XAUUSD,buy,out,0.25,4514.27,8922,-0.88,0.00,-72.75,175 860.09,
2026.05.21 16:00:00,8923,XTIUSD,buy,in,0.5,104.56,8923,0.00,0.00,0.00,175 860.09,WP Buy #M20260533
2026.05.21 16:38:55,8924,NVDA.NAS,sell,out,250,223.37,8924,-5.00,-0.04,-12.50,175 842.55,sl 223.52
2026.05.21 16:45:00,8925,XAUUSD,sell,in,0.04,4497.66,8925,-0.14,0.00,0.00,175 842.41,United SuperEMA short #M940001
2026.05.21 16:52:00,8926,XTIUSD,sell,out,0.5,105.06,8926,0.00,0.00,25.00,175 867.41,sl 105.11
2026.05.21 17:00:00,8927,NVDA.NAS,sell,in,250,222.22,8927,-5.00,0.00,0.00,175 862.41,RSI Scalping Sell #M20003
2026.05.21 17:30:00,8928,NVDA.NAS,buy,out,250,218.93,8928,-5.00,0.00,822.50,176 679.91,
2026.05.21 17:30:00,8929,NVDA.NAS,sell,in,250,218.91,8929,-5.00,0.00,0.00,176 674.91,RSI Scalping Sell #M20003
2026.05.21 17:45:00,8930,NVDA.NAS,buy,out,250,219.48,8930,-5.00,0.00,-142.50,176 527.41,
2026.05.21 18:00:00,8931,TSLA.NAS,sell,in,37.5,415.97,8931,-0.75,0.00,0.00,176 526.66,RSI Scalping Sell #M125421321
2026.05.21 19:00:00,8932,TSLA.NAS,buy,out,37.5,417.33,8932,-0.75,0.00,-51.00,176 474.91,
2026.05.21 19:00:00,8933,XAUUSD,buy,out,0.04,4512.54,8933,-0.14,0.00,-59.52,176 415.25,
2026.05.21 20:00:00,8934,NVDA.NAS,buy,in,250,220.19,8934,-5.00,0.00,0.00,176 410.25,RSI Scalping Buy #M20003
2026.05.21 21:00:00,8935,XAUUSD,buy,in,2.5,4550.79,8935,-8.75,0.00,0.00,176 401.50,RSI Scalping Buy #M129102315
2026.05.21 21:00:47,8936,XAUUSD,sell,out,2.5,4553.83,8936,-8.75,0.00,760.00,177 152.75,sl 4553.92
2026.05.21 22:00:00,8937,TSLA.NAS,sell,in,37.5,417.86,8937,-0.75,0.00,0.00,177 152.00,RSI Scalping Sell #M125421321
2026.05.21 23:00:00,8938,XAUUSD,buy,in,0.75,4543.54,8938,-2.63,0.00,0.00,177 149.37,RSI Follow BUY #M1001
2026.05.22 02:45:01,8939,XAUUSD,sell,in,0.5,4532.96,8939,-1.75,0.00,0.00,177 147.62,RSIConsolidation SELL #M2025042
2026.05.22 02:45:02,8940,XAUUSD,buy,out,0.5,4533.60,8940,-1.75,0.00,-32.00,177 113.87,
2026.05.22 07:00:00,8941,XAUUSD,sell,in,0.75,4529.59,8941,-2.63,0.00,0.00,177 111.24,RSI Reverse SELL #M1002
2026.05.22 07:00:00,8942,XAUUSD,buy,out,0.75,4529.71,8942,-2.63,0.00,-9.00,177 099.61,
2026.05.22 13:45:00,8943,XAUUSD,sell,in,0.25,4512.46,8943,-0.88,0.00,0.00,177 098.73,RSIConsolidation SELL #M2025042
2026.05.22 13:45:00,8944,XAUUSD,buy,out,0.25,4512.54,8944,-0.88,0.00,-2.00,177 095.85,
2026.05.22 16:35:00,8945,TSLA.NAS,buy,out,37.5,426.76,8945,-0.75,0.00,-333.75,176 761.35,
2026.05.22 16:40:00,8946,AAPL.NAS,buy,in,100,308.440,8946,-2.00,0.00,0.00,176 759.35,RSI Scalping Buy #M20001
2026.05.22 16:46:54,8947,NVDA.NAS,sell,out,250,218.61,8947,-5.00,-0.04,-395.00,176 359.31,sl 218.61
2026.05.22 17:00:00,8948,NVDA.NAS,sell,in,200,217.91,8948,-4.00,0.00,0.00,176 355.31,RSI Scalping Sell #M20003
2026.05.22 17:00:00,8949,AAPL.NAS,sell,out,100,308.500,8949,-2.00,0.00,6.00,176 359.31,sl 308.560
2026.05.22 17:00:00,8950,AAPL.NAS,buy,in,0.7,308.510,8950,-0.02,0.00,0.00,176 359.29,WP Buy #M20260528
2026.05.22 17:00:30,8951,AAPL.NAS,sell,out,0.7,308.510,8951,-0.02,0.00,0.00,176 359.27,sl 308.520
2026.05.22 17:08:42,8952,SOXX.NAS,buy,in,0.6,535.390,8952,-0.02,0.00,0.00,176 359.25,WP Buy #M20260532
2026.05.22 17:09:07,8953,SOXX.NAS,sell,out,0.6,535.600,8953,-0.02,0.00,0.13,176 359.36,sl 535.710
2026.05.22 17:15:00,8954,NVDA.NAS,buy,out,200,216.55,8954,-4.00,0.00,272.00,176 627.36,
2026.05.22 17:30:00,8955,AAPL.NAS,sell,in,125,308.620,8955,-2.50,0.00,0.00,176 624.86,RSI Scalping Sell #M20001
2026.05.22 17:37:44,8956,XNGUSD,sell,in,0.75,2.9140,8956,0.00,0.00,0.00,176 624.86,WP Sell #M20260535
2026.05.22 17:56:55,8957,XNGUSD,buy,out,0.75,2.9160,8957,0.00,0.00,-15.00,176 609.86,sl 2.9160
2026.05.22 18:00:00,8958,AAPL.NAS,buy,in,0.7,310.330,8958,-0.02,0.00,0.00,176 609.84,WP Buy #M20260528
2026.05.22 18:02:09,8959,AAPL.NAS,sell,out,0.7,310.370,8959,-0.02,0.00,0.03,176 609.85,sl 310.410
2026.05.22 18:03:34,8960,XNGUSD,sell,in,0.75,2.9100,8960,0.00,0.00,0.00,176 609.85,WP Sell #M20260535
2026.05.22 18:24:41,8961,XNGUSD,buy,out,0.75,2.8900,8961,0.00,0.00,150.00,176 759.85,tp 2.8900
2026.05.22 18:30:00,8962,NVDA.NAS,buy,in,250,218.16,8962,-5.00,0.00,0.00,176 754.85,RSI Scalping Buy #M20003
2026.05.22 19:00:01,8963,AAPL.NAS,buy,in,0.7,309.970,8963,-0.02,0.00,0.00,176 754.83,WP Buy #M20260528
2026.05.22 19:00:43,8964,AAPL.NAS,sell,out,0.7,309.770,8964,-0.02,0.00,-0.14,176 754.67,sl 309.770
2026.05.22 19:06:28,8965,XNGUSD,sell,in,0.75,2.8840,8965,0.00,0.00,0.00,176 754.67,WP Sell #M20260535
2026.05.22 19:13:46,8966,XNGUSD,buy,out,0.75,2.8860,8966,0.00,0.00,-15.00,176 739.67,sl 2.8860
2026.05.22 20:00:00,8967,XAUUSD,sell,in,0.25,4515.09,8967,-0.88,0.00,0.00,176 738.79,SimpleTrendline SELL #M26042503
2026.05.22 20:00:01,8968,XNGUSD,sell,in,0.75,2.8740,8968,0.00,0.00,0.00,176 738.79,WP Sell #M20260535
2026.05.22 20:01:44,8969,XNGUSD,buy,out,0.75,2.8830,8969,0.00,0.00,-67.50,176 671.29,sl 2.8830
2026.05.22 21:00:00,8970,XAUUSD,buy,out,0.25,4519.38,8970,-0.88,0.00,-107.25,176 563.16,
2026.05.22 21:00:00,8971,XAUUSD,buy,in,0.25,4519.32,8971,-0.88,0.00,0.00,176 562.28,SimpleTrendline BUY #M26042503
2026.05.22 22:00:00,8972,XAUUSD,sell,out,0.25,4515.18,8972,-0.88,0.00,-103.50,176 457.90,
2026.05.22 22:00:01,8973,NVDA.NAS,sell,out,250,215.93,8973,-5.00,0.00,-557.50,175 895.40,
2026.05.22 22:15:00,8974,XAUUSD,sell,in,0.04,4507.32,8974,-0.14,0.00,0.00,175 895.26,United SuperEMA short #M940001
2026.05.22 22:30:01,8975,AAPL.NAS,buy,out,125,308.710,8975,-2.50,0.00,-11.25,175 881.51,
2026.05.25 01:15:00,8976,XAUUSD,buy,out,0.04,4555.16,8976,-0.14,1.79,-191.36,175 691.80,
2026.05.25 02:00:00,8977,XAUUSD,buy,in,2,4565.35,8977,-7.00,0.00,0.00,175 684.80,RSI Scalping Buy #M129102315
2026.05.25 02:00:15,8978,XAUUSD,sell,out,2,4567.31,8978,-7.00,0.00,392.00,176 069.80,sl 4567.34
2026.05.25 04:30:00,8979,XAUUSD,sell,in,0.05,4573.52,8979,-0.18,0.00,0.00,176 069.62,RSIConsolidation SELL #M2025042
2026.05.25 05:00:00,8980,XAUUSD,buy,out,0.05,4563.12,8980,-0.18,0.00,52.00,176 121.44,
2026.05.25 07:00:00,8981,XAUUSD,sell,in,0.75,4559.86,8981,-2.63,0.00,0.00,176 118.81,RSI Reverse SELL #M1002
2026.05.25 07:00:00,8982,XAUUSD,buy,out,0.75,4559.94,8982,-2.63,0.00,-6.00,176 110.18,
2026.05.25 10:00:00,8983,XAUUSD,buy,in,2.5,4562.73,8983,-8.75,0.00,0.00,176 101.43,RSI Scalping Buy #M129102315
2026.05.25 10:02:59,8984,XAUUSD,sell,out,2.5,4563.80,8984,-8.75,0.00,267.50,176 360.18,sl 4563.94
2026.05.25 13:00:00,8985,XAUUSD,buy,in,2.5,4567.82,8985,-8.75,0.00,0.00,176 351.43,RSI Scalping Buy #M129102315
2026.05.25 13:03:33,8986,XAUUSD,sell,out,2.5,4568.91,8986,-8.75,0.00,272.50,176 615.18,sl 4569.01
2026.05.25 14:15:00,8987,XAUUSD,sell,in,0.25,4572.20,8987,-0.88,0.00,0.00,176 614.30,RSIConsolidation SELL #M2025042
2026.05.25 15:07:53,8988,XAUUSD,buy,out,0.25,4561.81,8988,-0.88,0.00,259.75,176 873.17,tp 4561.84
2026.05.25 15:15:00,8989,XAUUSD,sell,in,0.25,4556.34,8989,-0.88,0.00,0.00,176 872.29,RSIConsolidation SELL #M2025042
2026.05.25 15:15:00,8990,XAUUSD,buy,out,0.25,4556.44,8990,-0.88,0.00,-2.50,176 868.91,
2026.05.25 18:00:00,8991,XAUUSD,buy,in,2.5,4566.72,8991,-8.75,0.00,0.00,176 860.16,RSI Scalping Buy #M129102315
2026.05.25 18:02:15,8992,XAUUSD,sell,out,2.5,4568.48,8992,-8.75,0.00,440.00,177 291.41,sl 4568.51
2026.05.25 19:00:00,8993,XAUUSD,sell,in,0.5,4571.07,8993,-1.75,0.00,0.00,177 289.66,RSIConsolidation SELL #M2025042
2026.05.25 19:30:00,8994,XAUUSD,buy,out,0.5,4568.37,8994,-1.75,0.00,135.00,177 422.91,
2026.05.25 20:45:01,8995,XAUUSD,sell,in,0.5,4566.39,8995,-1.75,0.00,0.00,177 421.16,RSIConsolidation SELL #M2025042
2026.05.25 20:45:01,8996,XAUUSD,buy,out,0.5,4566.45,8996,-1.75,0.00,-3.00,177 416.41,
2026.05.26 02:45:00,8997,XAUUSD,sell,in,0.5,4556.90,8997,-1.75,0.00,0.00,177 414.66,RSIConsolidation SELL #M2025042
2026.05.26 02:45:01,8998,XAUUSD,buy,out,0.5,4557.14,8998,-1.75,0.00,-12.00,177 400.91,
2026.05.26 05:15:00,8999,XAUUSD,buy,in,0.25,4538.85,8999,-0.88,0.00,0.00,177 400.03,RSIConsolidation BUY #M20250420
2026.05.26 09:45:00,9000,XAUUSD,sell,out,0.25,4533.89,9000,-0.88,0.00,-124.00,177 275.15,
2026.05.26 09:45:00,9001,DE40,buy,in,0.2,25368.80,9001,0.00,0.00,0.00,177 275.15,SimpleTrendline BUY #M26042502
2026.05.26 10:15:00,9002,DE40,sell,out,0.2,25343.80,9002,0.00,0.00,-5.87,177 269.28,
2026.05.26 11:00:00,9003,DE40,sell,in,0.2,25271.50,9003,0.00,0.00,0.00,177 269.28,SimpleTrendline SELL #M26042502
2026.05.26 14:15:00,9004,DE40,buy,out,0.2,25272.50,9004,0.00,0.00,-0.23,177 269.05,
2026.05.26 15:00:00,9005,XAUUSD,sell,out,0.75,4506.51,9005,-2.63,-116.76,-2 777.25,174 372.41,
2026.05.26 16:45:00,9006,NVDA.NAS,buy,in,200,216.43,9006,-4.00,0.00,0.00,174 368.41,RSI Scalping Buy #M20003
2026.05.26 17:00:00,9007,XAUUSD,sell,in,0.2,4514.97,9007,-0.70,0.00,0.00,174 367.71,SimpleTrendline SELL #M26042503
2026.05.26 17:06:13,9008,SOXX.NAS,buy,in,0.4,562.870,9008,-0.02,0.00,0.00,174 367.69,WP Buy #M20260532
2026.05.26 17:06:42,9009,SOXX.NAS,sell,out,0.4,562.540,9009,-0.02,0.00,-0.13,174 367.54,sl 562.570
2026.05.26 18:07:19,9010,NVDA.NAS,sell,out,200,214.40,9010,-4.00,0.00,-406.00,173 957.54,sl 214.40
2026.05.26 18:15:00,9011,NVDA.NAS,sell,in,200,214.41,9011,-4.00,0.00,0.00,173 953.54,RSI Scalping Sell #M20003
2026.05.26 18:16:27,9012,SOXX.NAS,buy,in,0.4,565.960,9012,-0.02,0.00,0.00,173 953.52,WP Buy #M20260532
2026.05.26 18:16:28,9013,SOXX.NAS,sell,out,0.4,565.650,9013,-0.02,0.00,-0.12,173 953.38,sl 565.660
2026.05.26 18:30:00,9014,NVDA.NAS,buy,out,200,214.44,9014,-4.00,0.00,-6.00,173 943.38,
2026.05.26 19:15:00,9015,DE40,sell,in,0.2,25191.70,9015,0.00,0.00,0.00,173 943.38,SimpleTrendline SELL #M26042502
2026.05.26 20:00:00,9016,NVDA.NAS,buy,in,100,213.63,9016,-2.00,0.00,0.00,173 941.38,RSI Scalping Buy #M20003
2026.05.26 20:15:01,9017,DE40,buy,out,0.2,25205.50,9017,0.00,0.00,-3.24,173 938.14,
2026.05.26 21:00:00,9018,XAUUSD,sell,in,0.04,4490.76,9018,-0.14,0.00,0.00,173 938.00,United SuperEMA short #M940001
2026.05.26 21:00:00,9019,DE40,sell,in,0.2,25185.60,9019,0.00,0.00,0.00,173 938.00,SimpleTrendline SELL #M26042502
2026.05.26 21:00:07,9020,BTCUSD,sell,in,0.06,75779.43,9020,0.00,0.00,0.00,173 938.00,WP Sell #M20260527
2026.05.26 21:15:01,9021,DE40,buy,out,0.2,25201.90,9021,0.00,0.00,-3.83,173 934.17,
2026.05.26 22:00:05,9022,XNGUSD,sell,in,0.6,2.8870,9022,0.00,0.00,0.00,173 934.17,WP Sell #M20260535
2026.05.26 22:30:00,9023,XAUUSD,buy,out,0.04,4502.42,9023,-0.14,0.00,-46.64,173 887.39,
2026.05.26 23:30:00,9024,DE40,sell,in,0.2,25232.30,9024,0.00,0.00,0.00,173 887.39,SimpleTrendline SELL #M26042502
2026.05.26 23:45:02,9025,DE40,buy,out,0.2,25239.40,9025,0.00,0.00,-1.67,173 885.72,
2026.05.27 01:00:17,9026,XNGUSD,buy,out,0.6,2.8890,9026,0.00,23.08,-12.00,173 896.80,sl 2.8840
2026.05.27 02:38:40,9027,BTCUSD,buy,out,0.06,75869.19,9027,0.00,0.00,-5.39,173 891.41,sl 75865.33
2026.05.27 03:00:00,9028,XAUUSD,buy,out,0.2,4519.53,9028,-0.70,8.96,-91.20,173 808.47,
2026.05.27 03:00:00,9029,XAUUSD,buy,in,0.25,4518.54,9029,-0.88,0.00,0.00,173 807.59,SimpleTrendline BUY #M26042503
2026.05.27 05:00:00,9030,XAUUSD,sell,out,0.25,4508.05,9030,-0.88,0.00,-262.25,173 544.46,
2026.05.27 07:00:00,9031,XAUUSD,sell,in,0.25,4497.14,9031,-0.88,0.00,0.00,173 543.58,SimpleTrendline SELL #M26042503
2026.05.27 08:45:00,9032,XAUUSD,sell,in,0.05,4493.45,9032,-0.18,0.00,0.00,173 543.40,United SuperEMA short #M940001
2026.05.27 12:00:00,9033,XAUUSD,buy,out,0.05,4497.78,9033,-0.18,0.00,-21.65,173 521.57,
2026.05.27 13:45:00,9034,XAUUSD,sell,in,0.04,4465.69,9034,-0.14,0.00,0.00,173 521.43,United SuperEMA short #M940001
2026.05.27 16:44:25,9035,NVDA.NAS,sell,out,100,210.78,9035,-2.00,-0.02,-285.00,173 234.41,sl 210.79
2026.05.27 16:45:00,9036,NVDA.NAS,sell,in,100,210.86,9036,-2.00,0.00,0.00,173 232.41,RSI Scalping Sell #M20003
2026.05.27 17:00:00,9037,NVDA.NAS,buy,out,100,211.34,9037,-2.00,0.00,-48.00,173 182.41,
2026.05.27 17:00:00,9038,TSLA.NAS,buy,in,0.4,440.72,9038,-0.02,0.00,0.00,173 182.39,WP Buy #M20260530
2026.05.27 17:04:06,9039,TSLA.NAS,sell,out,0.4,440.63,9039,-0.02,0.00,-0.04,173 182.33,sl 440.74
2026.05.27 17:30:00,9040,XAUUSD,buy,out,0.04,4445.06,9040,-0.14,0.00,82.52,173 264.71,
2026.05.27 18:00:00,9041,TSLA.NAS,buy,in,0.6,441.98,9041,-0.02,0.00,0.00,173 264.69,WP Buy #M20260530
2026.05.27 19:15:00,9042,NVDA.NAS,buy,in,125,210.92,9042,-2.50,0.00,0.00,173 262.19,RSI Scalping Buy #M20003
2026.05.27 20:09:45,9043,TSLA.NAS,sell,out,0.6,438.90,9043,-0.02,0.00,-1.85,173 260.32,sl 438.98
2026.05.28 02:00:00,9044,XAUUSD,buy,out,0.25,4457.14,9044,-0.88,33.59,1 000.00,174 293.03,
2026.05.28 03:00:00,9045,XAUUSD,sell,in,0.05,4445.44,9045,-0.18,0.00,0.00,174 292.85,United SuperEMA short #M940001
2026.05.28 04:00:00,9046,XAUUSD,buy,out,0.05,4457.51,9046,-0.18,0.00,-60.35,174 232.32,
2026.05.28 04:15:00,9047,XAUUSD,sell,in,0.05,4438.21,9047,-0.18,0.00,0.00,174 232.14,United SuperEMA short #M940001
2026.05.28 07:02:38,9048,BTCUSD,sell,in,0.07,72806.07,9048,0.00,0.00,0.00,174 232.14,WP Sell #M20260527
2026.05.28 07:03:07,9049,BTCUSD,buy,out,0.07,72904.15,9049,0.00,0.00,-6.87,174 225.27,sl 72899.62
2026.05.28 07:03:27,9050,AUDUSD,buy,in,2,0.70985,9050,-7.00,0.00,0.00,174 218.27,RSI Oversold Crossover Buy #M30
2026.05.28 08:00:00,9051,AUDUSD,sell,out,2,0.71043,9051,-7.00,0.00,116.00,174 327.27,
2026.05.28 08:00:00,9052,XTIUSD,buy,in,0.5,94.68,9052,0.00,0.00,0.00,174 327.27,WP Buy #M20260533
2026.05.28 08:00:00,9053,XBRUSD,buy,in,0.5,98.38,9053,0.00,0.00,0.00,174 327.27,WP Buy #M20260534
2026.05.28 09:00:00,9054,XAUUSD,buy,out,0.05,4388.10,9054,-0.18,0.00,250.55,174 577.64,
2026.05.28 11:00:45,9055,XTIUSD,sell,out,0.5,93.18,9055,0.00,0.00,-75.00,174 502.64,sl 93.18
2026.05.28 12:04:03,9056,XBRUSD,sell,out,0.5,96.88,9056,0.00,0.00,-75.00,174 427.64,sl 96.88
2026.05.28 14:00:00,9057,XAUUSD,sell,in,0.25,4383.57,9057,-0.88,0.00,0.00,174 426.76,SimpleTrendline SELL #M26042503
2026.05.28 16:00:00,9058,XAUUSD,buy,out,0.25,4432.98,9058,-0.88,0.00,-1 235.25,173 190.63,
2026.05.28 18:00:00,9059,XAUUSD,buy,in,2.5,4470.30,9059,-8.75,0.00,0.00,173 181.88,RSI Scalping Buy #M129102315
2026.05.28 18:00:17,9060,XAUUSD,sell,out,2.5,4470.53,9060,-8.75,0.00,57.50,173 230.63,sl 4470.53
2026.05.28 20:00:00,9061,AUDUSD,buy,in,0.44,0.71682,9061,-1.54,0.00,0.00,173 229.09,WP Buy #M20260525
2026.05.28 20:00:00,9062,XAUUSD,buy,in,0.07,4511.70,9062,-0.25,0.00,0.00,173 228.84,WP Buy #M20260526
2026.05.28 23:02:23,9063,XAUUSD,sell,out,0.07,4496.49,9063,-0.25,0.00,-106.47,173 122.12,sl 4496.64
2026.05.29 09:00:00,9064,XAUUSD,buy,in,0.05,4515.08,9064,-0.18,0.00,0.00,173 121.94,United SuperEMA long #M940001
2026.05.29 12:00:00,9065,XAUUSD,sell,out,0.05,4515.06,9065,-0.18,0.00,-0.10,173 121.66,
2026.05.29 16:40:00,9066,AAPL.NAS,buy,in,125,314.250,9066,-2.50,0.00,0.00,173 119.16,RSI Scalping Buy #M20001
2026.05.29 16:40:19,9067,AAPL.NAS,sell,out,125,314.320,9067,-2.50,0.00,8.75,173 125.41,sl 314.340
2026.05.29 17:00:00,9068,XAUUSD,buy,in,0.25,4537.18,9068,-0.88,0.00,0.00,173 124.53,SimpleTrendline BUY #M26042503
2026.05.29 17:00:00,9069,TSLA.NAS,sell,in,37.5,436.68,9069,-0.75,0.00,0.00,173 123.78,RSI Scalping Sell #M125421321
2026.05.29 18:00:00,9070,XAUUSD,buy,in,0.05,4564.60,9070,-0.18,0.00,0.00,173 123.60,United SuperEMA long #M940001
2026.05.29 20:45:00,9071,XAUUSD,sell,out,0.05,4554.22,9071,-0.18,0.00,-51.90,173 071.52,
2026.05.29 21:00:00,9072,XAUUSD,sell,in,2.5,4553.34,9072,-8.75,0.00,0.00,173 062.77,RSI Scalping Sell #M129102315
2026.05.29 21:00:32,9073,XAUUSD,buy,out,2.5,4553.57,9073,-8.75,0.00,-57.50,172 996.52,sl 4553.57
2026.05.29 22:50:22,9074,NVDA.NAS,sell,out,125,214.00,9074,-2.50,-0.04,385.00,173 378.98,sl 214.01
2026.05.29 23:00:00,9075,XAUUSD,sell,out,0.25,4545.44,9075,-0.88,0.00,206.50,173 584.60,
2026.06.01 00:01:00,9076,AUDUSD,sell,out,0.44,0.71688,9076,-1.54,-1.64,2.64,173 584.06,sl 0.71766
2026.06.01 03:00:00,9077,XAUUSD,buy,in,2.5,4539.98,9077,-8.75,0.00,0.00,173 575.31,RSI Scalping Buy #M129102315
2026.06.01 03:01:43,9078,XAUUSD,sell,out,2.5,4539.90,9078,-8.75,0.00,-20.00,173 546.56,sl 4539.95
2026.06.01 05:00:00,9079,XAUUSD,sell,in,0.25,4525.58,9079,-0.88,0.00,0.00,173 545.68,SimpleTrendline SELL #M26042503
2026.06.01 06:45:00,9080,XAUUSD,sell,in,0.05,4510.86,9080,-0.18,0.00,0.00,173 545.50,United SuperEMA short #M940001
2026.06.01 09:00:00,9081,XAUUSD,buy,out,0.05,4518.25,9081,-0.18,0.00,-36.95,173 508.37,
2026.06.01 09:45:00,9082,XAUUSD,sell,in,0.05,4504.46,9082,-0.18,0.00,0.00,173 508.19,United SuperEMA short #M940001
2026.06.01 13:45:00,9083,XAUUSD,buy,out,0.05,4506.06,9083,-0.18,0.00,-8.00,173 500.01,
2026.06.01 15:00:01,9084,BTCUSD,sell,in,0.06,72434.69,9084,0.00,0.00,0.00,173 500.01,WP Sell #M20260527
2026.06.01 15:20:30,9085,BTCUSD,buy,out,0.06,72137.23,9085,0.00,0.00,17.85,173 517.86,sl 72128.26
2026.06.01 16:11:05,9086,BTCUSD,sell,in,0.07,71855.22,9086,0.00,0.00,0.00,173 517.86,WP Sell #M20260527
2026.06.01 16:15:00,9087,XAUUSD,sell,in,0.05,4484.28,9087,-0.18,0.00,0.00,173 517.68,United SuperEMA short #M940001
2026.06.01 16:17:07,9088,BTCUSD,buy,out,0.07,71929.30,9088,0.00,0.00,-5.19,173 512.49,sl 71927.61
2026.06.01 16:35:00,9089,NVDA.NAS,sell,in,125,217.94,9089,-2.50,0.00,0.00,173 509.99,RSI Scalping Sell #M20003
2026.06.01 17:09:44,9090,BTCUSD,sell,in,0.07,71607.24,9090,0.00,0.00,0.00,173 509.99,WP Sell #M20260527
2026.06.01 17:45:01,9091,NVDA.NAS,buy,out,125,220.47,9091,-2.50,0.00,-316.25,173 191.24,
2026.06.01 18:00:00,9092,TSLA.NAS,buy,out,37.5,419.48,9092,-0.75,0.00,645.00,173 835.49,
2026.06.01 18:27:05,9093,XNGUSD,sell,in,0.75,3.0750,9093,0.00,0.00,0.00,173 835.49,WP Sell #M20260535
2026.06.01 18:30:43,9094,BTCUSD,buy,out,0.07,71251.79,9094,0.00,0.00,24.88,173 860.37,sl 71251.14
2026.06.01 18:30:54,9095,XNGUSD,buy,out,0.75,3.0760,9095,0.00,0.00,-7.50,173 852.87,sl 3.0760
2026.06.01 19:00:00,9096,XBRUSD,buy,in,0.5,99.28,9096,0.00,0.00,0.00,173 852.87,WP Buy #M20260534
2026.06.01 19:00:00,9097,XNGUSD,sell,in,0.75,3.0770,9097,0.00,0.00,0.00,173 852.87,WP Sell #M20260535
2026.06.01 19:00:26,9098,BTCUSD,sell,in,0.07,71065.53,9098,0.00,0.00,0.00,173 852.87,WP Sell #M20260527
2026.06.01 19:08:38,9099,XNGUSD,buy,out,0.75,3.0890,9099,0.00,0.00,-90.00,173 762.87,sl 3.0870
2026.06.01 19:25:58,9100,BTCUSD,buy,out,0.07,70883.11,9100,0.00,0.00,12.77,173 775.64,sl 70882.39
2026.06.01 20:00:00,9101,XAUUSD,buy,out,0.05,4480.81,9101,-0.18,0.00,17.35,173 792.81,
2026.06.01 20:29:53,9102,XBRUSD,sell,out,0.5,97.68,9102,0.00,0.00,-80.00,173 712.81,sl 97.77
2026.06.01 21:15:00,9103,XAUUSD,sell,in,0.5,4488.60,9103,-1.75,0.00,0.00,173 711.06,RSIConsolidation SELL #M2025042
2026.06.01 22:00:00,9104,NVDA.NAS,buy,in,0.1,223.99,9104,-0.02,0.00,0.00,173 711.04,WP Buy #M20260529
2026.06.01 22:45:00,9105,XAUUSD,buy,out,0.5,4483.38,9105,-1.75,0.00,261.00,173 970.29,
2026.06.01 23:00:00,9106,XAUUSD,buy,in,0.75,4481.25,9106,-2.63,0.00,0.00,173 967.66,RSI Follow BUY #M1001
2026.06.02 05:00:01,9107,XAUUSD,sell,in,0.05,4474.03,9107,-0.18,0.00,0.00,173 967.48,United SuperEMA short #M940001
2026.06.02 06:00:00,9108,XAUUSD,buy,out,0.25,4486.08,9108,-0.88,11.20,987.50,174 965.30,
2026.06.02 06:15:00,9109,XAUUSD,buy,out,0.05,4488.29,9109,-0.18,0.00,-71.30,174 893.82,
2026.06.02 07:00:00,9110,XAUUSD,buy,in,0.25,4499.41,9110,-0.88,0.00,0.00,174 892.94,SimpleTrendline BUY #M26042503
2026.06.02 08:00:00,9111,XAUUSD,sell,in,0.75,4517.32,9111,-2.63,0.00,0.00,174 890.31,RSI Reverse SELL #M1002
2026.06.02 08:00:00,9112,XAUUSD,buy,out,0.75,4517.44,9112,-2.63,0.00,-9.00,174 878.68,
2026.06.02 08:00:00,9113,XAUUSD,buy,in,2.5,4517.44,9113,-8.75,0.00,0.00,174 869.93,RSI Scalping Buy #M129102315
2026.06.02 08:02:01,9114,XAUUSD,sell,out,2.5,4517.29,9114,-8.75,0.00,-37.50,174 823.68,sl 4517.37
2026.06.02 10:00:00,9115,XAUUSD,buy,in,0.07,4535.99,9115,-0.25,0.00,0.00,174 823.43,WP Buy #M20260526
2026.06.02 10:28:33,9116,XAUUSD,sell,out,0.07,4533.61,9116,-0.25,0.00,-16.66,174 806.52,sl 4533.62
2026.06.02 11:00:00,9117,XAUUSD,buy,in,0.06,4535.32,9117,-0.21,0.00,0.00,174 806.31,WP Buy #M20260526
2026.06.02 11:15:00,9118,XAUUSD,buy,in,0.04,4535.30,9118,-0.14,0.00,0.00,174 806.17,United SuperEMA long #M940001
2026.06.02 12:00:00,9119,XAUUSD,sell,out,0.04,4526.90,9119,-0.14,0.00,-33.60,174 772.43,
2026.06.02 15:49:47,9120,XAUUSD,sell,out,0.06,4519.89,9120,-0.21,0.00,-92.58,174 679.64,sl 4519.99
2026.06.02 17:00:00,9121,XAUUSD,sell,out,0.25,4502.63,9121,-0.88,0.00,80.50,174 759.26,
2026.06.02 17:55:50,9122,NVDA.NAS,sell,out,0.1,226.20,9122,-0.02,0.00,0.22,174 759.46,sl 226.22
2026.06.02 18:00:00,9123,XAUUSD,buy,in,0.5,4504.22,9123,-1.75,0.00,0.00,174 757.71,RSIConsolidation BUY #M20250420
2026.06.02 18:03:27,9124,BTCUSD,sell,in,0.07,67737.80,9124,0.00,0.00,0.00,174 757.71,WP Sell #M20260527
2026.06.02 18:32:03,9125,BTCUSD,buy,out,0.07,67386.32,9125,0.00,0.00,24.60,174 782.31,sl 67378.14
2026.06.02 19:05:38,9126,BTCUSD,sell,in,0.07,67315.54,9126,0.00,0.00,0.00,174 782.31,WP Sell #M20260527
2026.06.02 19:13:30,9127,BTCUSD,buy,out,0.07,67817.27,9127,0.00,0.00,-35.12,174 747.19,sl 67816.02
2026.06.02 19:20:24,9128,SOXX.NAS,buy,in,0.6,598.750,9128,-0.02,0.00,0.00,174 747.17,WP Buy #M20260532
2026.06.02 19:20:41,9129,SOXX.NAS,sell,out,0.6,598.780,9129,-0.02,0.00,0.02,174 747.17,sl 598.780
2026.06.02 19:45:01,9130,XAUUSD,sell,in,0.05,4489.70,9130,-0.18,0.00,0.00,174 746.99,United SuperEMA short #M940001
2026.06.02 20:00:17,9131,BTCUSD,sell,in,0.07,67292.07,9131,0.00,0.00,0.00,174 746.99,WP Sell #M20260527
2026.06.02 20:36:24,9132,XAUUSD,sell,out,0.5,4485.93,9132,-1.75,0.00,-914.50,173 830.74,sl 4486.17
2026.06.02 20:45:01,9133,NVDA.NAS,sell,in,25,222.99,9133,-0.50,0.00,0.00,173 830.24,RSI Scalping Sell #M20003
2026.06.02 21:00:00,9134,XTIUSD,buy,in,0.5,95.73,9134,0.00,0.00,0.00,173 830.24,WP Buy #M20260533
2026.06.02 21:00:00,9135,NVDA.NAS,buy,out,25,223.19,9135,-0.50,0.00,-5.00,173 824.74,
2026.06.02 22:00:50,9136,BTCUSD,buy,out,0.07,67324.87,9136,0.00,0.00,-2.30,173 822.44,sl 67322.81
2026.06.02 22:30:01,9137,NVDA.NAS,sell,in,25,222.65,9137,-0.50,0.00,0.00,173 821.94,RSI Scalping Sell #M20003
2026.06.02 22:45:02,9138,NVDA.NAS,buy,out,25,221.94,9138,-0.50,0.00,17.75,173 839.19,
2026.06.02 23:15:00,9139,XAUUSD,buy,out,0.05,4489.99,9139,-0.18,0.00,-1.45,173 837.56,
2026.06.03 02:35:57,9140,XTIUSD,sell,out,0.5,96.90,9140,0.00,5.35,58.50,173 901.41,sl 96.90
2026.06.03 08:00:00,9141,XAUUSD,sell,in,0.25,4469.56,9141,-0.88,0.00,0.00,173 900.53,SimpleTrendline SELL #M26042503
2026.06.03 08:45:00,9142,XAUUSD,sell,in,0.05,4461.72,9142,-0.18,0.00,0.00,173 900.35,United SuperEMA short #M940001
2026.06.03 09:00:00,9143,XAUUSD,sell,out,0.75,4457.16,9143,-2.63,-77.84,-1 806.75,172 013.13,
2026.06.03 13:15:00,9144,XAUUSD,buy,out,0.05,4463.17,9144,-0.18,0.00,-7.25,172 005.70,
2026.06.03 16:35:00,9145,NVDA.NAS,buy,in,25,220.03,9145,-0.50,0.00,0.00,172 005.20,RSI Scalping Buy #M20003
2026.06.03 16:45:00,9146,XAUUSD,sell,in,0.05,4427.35,9146,-0.18,0.00,0.00,172 005.02,United SuperEMA short #M940001
2026.06.03 17:45:00,9147,NVDA.NAS,sell,out,25,215.38,9147,-0.50,0.00,-116.25,171 888.27,
2026.06.03 19:00:00,9148,TSLA.NAS,sell,in,187.5,423.68,9148,-3.75,0.00,0.00,171 884.52,RSI Scalping Sell #M125421321
2026.06.03 20:15:00,9149,NVDA.NAS,sell,in,25,215.36,9149,-0.50,0.00,0.00,171 884.02,RSI Scalping Sell #M20003
2026.06.03 21:15:00,9150,NVDA.NAS,buy,out,25,215.45,9150,-0.50,0.00,-2.25,171 881.27,
2026.06.03 21:15:00,9151,NVDA.NAS,sell,in,25,215.43,9151,-0.50,0.00,0.00,171 880.77,RSI Scalping Sell #M20003
2026.06.03 21:45:00,9152,DE40,sell,in,0.2,24788.10,9152,0.00,0.00,0.00,171 880.77,SimpleTrendline SELL #M26042502
2026.06.03 22:15:00,9153,XAUUSD,buy,out,0.05,4449.97,9153,-0.18,0.00,-113.10,171 767.49,
2026.06.03 22:30:02,9154,NVDA.NAS,buy,out,25,215.29,9154,-0.50,0.00,3.50,171 770.49,
2026.06.03 22:45:00,9155,NVDA.NAS,buy,in,25,215.72,9155,-0.50,0.00,0.00,171 769.99,RSI Scalping Buy #M20003
2026.06.04 01:30:00,9156,XAUUSD,sell,in,0.05,4434.21,9156,-0.18,0.00,0.00,171 769.81,United SuperEMA short #M940001
2026.06.04 02:00:00,9157,XAUUSD,buy,out,0.05,4449.30,9157,-0.18,0.00,-75.45,171 694.18,
2026.06.04 02:00:00,9158,XAUUSD,buy,out,0.25,4449.35,9158,-0.88,33.59,505.25,172 232.14,
2026.06.04 03:16:00,9159,DE40,buy,out,0.2,24697.60,9159,0.00,-0.37,21.25,172 253.02,
2026.06.04 04:03:05,9160,BTCUSD,sell,in,0.07,63354.38,9160,0.00,0.00,0.00,172 253.02,WP Sell #M20260527
2026.06.04 04:26:31,9161,BTCUSD,buy,out,0.07,62832.73,9161,0.00,0.00,36.52,172 289.54,sl 62832.19
2026.06.04 04:30:00,9162,DE40,sell,in,0.2,24757.40,9162,0.00,0.00,0.00,172 289.54,SimpleTrendline SELL #M26042502
2026.06.04 06:15:01,9163,DE40,buy,out,0.2,24748.60,9163,0.00,0.00,2.07,172 291.61,
2026.06.04 08:00:00,9164,XAUUSD,buy,in,2.5,4481.20,9164,-8.75,0.00,0.00,172 282.86,RSI Scalping Buy #M129102315
2026.06.04 08:01:09,9165,XAUUSD,sell,out,2.5,4481.54,9165,-8.75,0.00,85.00,172 359.11,sl 4481.61
2026.06.04 09:00:00,9166,DE40,buy,in,0.2,24759.60,9166,0.00,0.00,0.00,172 359.11,SimpleTrendline BUY #M26042502
2026.06.04 13:45:00,9167,XAUUSD,buy,in,0.05,4472.58,9167,-0.18,0.00,0.00,172 358.93,United SuperEMA long #M940001
2026.06.04 15:00:00,9168,XAUUSD,buy,in,2.5,4512.05,9168,-8.75,0.00,0.00,172 350.18,RSI Scalping Buy #M129102315
2026.06.04 15:00:03,9169,XAUUSD,sell,out,2.5,4513.01,9169,-8.75,0.00,240.00,172 581.43,sl 4513.06
2026.06.04 16:00:00,9170,XAUUSD,buy,in,0.07,4503.53,9170,-0.25,0.00,0.00,172 581.18,WP Buy #M20260526
2026.06.04 16:11:01,9171,XAUUSD,sell,out,0.07,4502.43,9171,-0.25,0.00,-7.70,172 573.23,sl 4502.51
2026.06.04 17:30:00,9172,XAUUSD,sell,out,0.05,4486.44,9172,-0.18,0.00,69.30,172 642.35,
2026.06.04 17:30:01,9173,NVDA.NAS,sell,out,25,213.43,9173,-0.50,0.00,-57.25,172 584.60,
2026.06.04 17:45:00,9174,NVDA.NAS,buy,in,125,214.39,9174,-2.50,0.00,0.00,172 582.10,RSI Scalping Buy #M20003
2026.06.04 19:00:00,9175,XAUUSD,buy,in,0.25,4477.55,9175,-0.88,0.00,0.00,172 581.22,SimpleTrendline BUY #M26042503
2026.06.04 22:00:00,9176,XAUUSD,sell,out,0.25,4478.49,9176,-0.88,0.00,23.50,172 603.84,
2026.06.04 23:00:00,9177,XAUUSD,buy,in,0.25,4480.95,9177,-0.88,0.00,0.00,172 602.96,SimpleTrendline BUY #M26042503
2026.06.04 23:30:00,9178,DE40,sell,out,0.2,24906.90,9178,0.00,0.00,34.58,172 637.54,
2026.06.05 02:00:00,9179,XAUUSD,sell,out,0.25,4469.94,9179,-0.88,-12.97,-275.25,172 348.44,
2026.06.05 02:00:00,9180,XAUUSD,sell,in,0.25,4469.94,9180,-0.88,0.00,0.00,172 347.56,SimpleTrendline SELL #M26042503
2026.06.05 03:45:00,9181,XAUUSD,buy,in,0.25,4463.17,9181,-0.88,0.00,0.00,172 346.68,RSIConsolidation BUY #M20250420
2026.06.05 04:42:07,9182,XAUUSD,sell,out,0.25,4447.04,9182,-0.88,0.00,-403.25,171 942.55,sl 4447.34
2026.06.05 04:45:00,9183,XAUUSD,sell,in,0.05,4446.29,9183,-0.18,0.00,0.00,171 942.37,United SuperEMA short #M940001
2026.06.05 05:00:00,9184,XAUUSD,buy,in,0.75,4446.92,9184,-2.63,0.00,0.00,171 939.74,RSI Follow BUY #M1001
2026.06.05 06:00:00,9185,XAUUSD,sell,out,0.75,4440.65,9185,-2.63,0.00,-470.25,171 466.86,
2026.06.05 07:00:00,9186,XAUUSD,buy,in,0.75,4442.80,9186,-2.63,0.00,0.00,171 464.23,RSI Follow BUY #M1001
2026.06.05 08:15:00,9187,XAUUSD,buy,out,0.05,4448.87,9187,-0.18,0.00,-12.90,171 451.15,
2026.06.05 09:00:00,9188,XAUUSD,sell,out,0.75,4440.05,9188,-2.63,0.00,-206.25,171 242.27,
2026.06.05 11:00:00,9189,XAUUSD,buy,out,0.25,4460.73,9189,-0.88,0.00,230.25,171 471.64,
2026.06.05 12:15:00,9190,DE40,buy,in,0.2,24999.30,9190,0.00,0.00,0.00,171 471.64,SimpleTrendline BUY #M26042502
2026.06.05 14:00:00,9191,XAUUSD,buy,in,0.05,4466.53,9191,-0.18,0.00,0.00,171 471.46,United SuperEMA long #M940001
2026.06.05 14:15:01,9192,XAUUSD,sell,out,0.05,4461.55,9192,-0.18,0.00,-24.90,171 446.38,
2026.06.05 15:00:00,9193,XAUUSD,buy,in,0.05,4470.31,9193,-0.18,0.00,0.00,171 446.20,United SuperEMA long #M940001
2026.06.05 15:30:01,9194,DE40,sell,out,0.2,24961.80,9194,0.00,0.00,-8.80,171 437.40,
2026.06.05 15:45:00,9195,XAUUSD,sell,out,0.05,4446.12,9195,-0.18,0.00,-120.95,171 316.27,
2026.06.05 16:35:00,9196,NVDA.NAS,sell,out,125,214.33,9196,-2.50,-0.02,-7.50,171 306.25,sl 217.81
2026.06.05 16:45:01,9197,NVDA.NAS,sell,in,100,213.25,9197,-2.00,0.00,0.00,171 304.25,RSI Scalping Sell #M20003
2026.06.05 17:00:00,9198,NVDA.NAS,buy,out,100,211.99,9198,-2.00,0.00,126.00,171 428.25,
2026.06.05 17:00:01,9199,TSLA.NAS,buy,out,187.5,409.81,9199,-3.75,0.02,2 600.63,174 025.15,
2026.06.05 19:00:41,9200,BTCUSD,sell,in,0.07,60257.61,9200,0.00,0.00,0.00,174 025.15,WP Sell #M20260527
2026.06.05 19:09:37,9201,XNGUSD,sell,in,0.75,3.1480,9201,0.00,0.00,0.00,174 025.15,WP Sell #M20260535
2026.06.05 19:12:29,9202,BTCUSD,buy,out,0.07,60046.77,9202,0.00,0.00,14.76,174 039.91,sl 60042.05
2026.06.05 19:15:54,9203,XNGUSD,buy,out,0.75,3.1460,9203,0.00,0.00,15.00,174 054.91,sl 3.1460
2026.06.05 20:00:03,9204,XNGUSD,sell,in,0.75,3.1400,9204,0.00,0.00,0.00,174 054.91,WP Sell #M20260535
2026.06.05 20:01:12,9205,XNGUSD,buy,out,0.75,3.1500,9205,0.00,0.00,-75.00,173 979.91,sl 3.1500
2026.06.05 21:03:34,9206,XNGUSD,sell,in,0.75,3.1400,9206,0.00,0.00,0.00,173 979.91,WP Sell #M20260535
2026.06.05 21:10:27,9207,XNGUSD,buy,out,0.75,3.1410,9207,0.00,0.00,-7.50,173 972.41,sl 3.1410
2026.06.05 22:30:00,9208,NVDA.NAS,buy,in,125,206.39,9208,-2.50,0.00,0.00,173 969.91,RSI Scalping Buy #M20003
2026.06.08 02:00:00,9209,XAUUSD,sell,in,0.25,4317.59,9209,-0.88,0.00,0.00,173 969.03,SimpleTrendline SELL #M26042503
2026.06.08 03:00:00,9210,XAUUSD,buy,out,0.25,4343.02,9210,-0.88,0.00,-635.75,173 332.40,
2026.06.08 08:00:00,9211,XBRUSD,buy,in,0.5,98.89,9211,0.00,0.00,0.00,173 332.40,WP Buy #M20260534
2026.06.08 08:45:00,9212,XAUUSD,sell,in,0.05,4288.07,9212,-0.18,0.00,0.00,173 332.22,United SuperEMA short #M940001
2026.06.08 10:30:00,9213,XAUUSD,buy,out,0.05,4306.44,9213,-0.18,0.00,-91.85,173 240.19,
2026.06.08 11:00:00,9214,XAUUSD,sell,in,0.2,4295.15,9214,-0.70,0.00,0.00,173 239.49,SimpleTrendline SELL #M26042503
2026.06.08 11:15:00,9215,DE40,sell,in,0.2,24525.40,9215,0.00,0.00,0.00,173 239.49,SimpleTrendline SELL #M26042502
2026.06.08 11:30:00,9216,XBRUSD,sell,out,0.5,98.80,9216,0.00,0.00,-4.50,173 234.99,sl 98.80
2026.06.08 12:00:00,9217,DE40,buy,out,0.2,24532.40,9217,0.00,0.00,-1.64,173 233.35,
2026.06.08 14:00:00,9218,XAUUSD,buy,out,0.2,4302.64,9218,-0.70,0.00,-149.80,173 082.85,
2026.06.08 16:00:00,9219,AUDUSD,buy,in,0.36,0.70705,9219,-1.26,0.00,0.00,173 081.59,WP Buy #M20260525
2026.06.08 22:30:00,9220,XAUUSD,sell,in,0.04,4327.77,9220,-0.14,0.00,0.00,173 081.45,United SuperEMA short #M940001
2026.06.08 22:30:00,9221,DE40,sell,in,0.2,24566.20,9221,0.00,0.00,0.00,173 081.45,SimpleTrendline SELL #M26042502
2026.06.09 02:15:02,9222,DE40,buy,out,0.2,24590.30,9222,0.00,-0.37,-5.66,173 075.42,
2026.06.09 03:00:00,9223,XAUUSD,sell,in,0.2,4317.72,9223,-0.70,0.00,0.00,173 074.72,SimpleTrendline SELL #M26042503
2026.06.09 04:30:00,9224,XAUUSD,buy,out,0.04,4335.73,9224,-0.14,1.79,-31.84,173 044.53,
2026.06.09 05:00:00,9225,XAUUSD,buy,out,0.2,4336.87,9225,-0.70,0.00,-383.00,172 660.83,
2026.06.09 07:39:36,9226,EURUSD,sell,in,1,1.15452,9226,-3.50,0.00,0.00,172 657.33,RSI Overbought Crossover Sell #
2026.06.09 07:45:03,9227,DE40,buy,in,0.2,24625.20,9227,0.00,0.00,0.00,172 657.33,SimpleTrendline BUY #M26042502
2026.06.09 08:15:01,9228,DE40,sell,out,0.2,24612.20,9228,0.00,0.00,-3.00,172 654.33,
2026.06.09 11:00:00,9229,XAUUSD,sell,in,0.2,4326.47,9229,-0.70,0.00,0.00,172 653.63,SimpleTrendline SELL #M26042503
2026.06.09 13:00:00,9230,XAUUSD,buy,out,0.2,4332.19,9230,-0.70,0.00,-114.40,172 538.53,
2026.06.09 14:00:00,9231,XAUUSD,buy,in,0.2,4339.32,9231,-0.70,0.00,0.00,172 537.83,SimpleTrendline BUY #M26042503
2026.06.09 17:00:00,9232,XAUUSD,sell,out,0.2,4328.72,9232,-0.70,0.00,-212.00,172 325.13,
2026.06.09 17:11:19,9233,NVDA.NAS,sell,out,125,207.18,9233,-2.50,-0.08,98.75,172 421.30,sl 207.18
2026.06.09 17:15:00,9234,XAUUSD,sell,in,0.05,4321.16,9234,-0.18,0.00,0.00,172 421.12,United SuperEMA short #M940001
2026.06.09 17:45:00,9235,NVDA.NAS,sell,in,125,206.23,9235,-2.50,0.00,0.00,172 418.62,RSI Scalping Sell #M20003
2026.06.09 18:00:00,9236,NVDA.NAS,buy,out,125,206.36,9236,-2.50,0.00,-16.25,172 399.87,
2026.06.09 18:00:01,9237,BTCUSD,sell,in,0.07,61465.05,9237,0.00,0.00,0.00,172 399.87,WP Sell #M20260527
2026.06.09 18:31:13,9238,AUDUSD,sell,out,0.36,0.70305,9238,-1.26,-0.67,-144.00,172 253.94,sl 0.70305
2026.06.09 19:32:42,9239,BTCUSD,buy,out,0.07,61109.13,9239,0.00,0.00,24.91,172 278.85,sl 61106.11
2026.06.09 20:15:00,9240,NVDA.NAS,buy,in,125,203.32,9240,-2.50,0.00,0.00,172 276.35,RSI Scalping Buy #M20003
2026.06.09 23:45:00,9241,XAUUSD,buy,out,0.05,4261.78,9241,-0.18,0.00,296.90,172 573.07,
2026.06.10 03:45:00,9242,XAUUSD,sell,in,0.05,4203.06,9242,-0.18,0.00,0.00,172 572.89,United SuperEMA short #M940001
2026.06.10 04:30:00,9243,DE40,sell,in,0.2,24501.00,9243,0.00,0.00,0.00,172 572.89,SimpleTrendline SELL #M26042502
2026.06.10 05:00:00,9244,XAUUSD,sell,in,0.07,4189.21,9244,-0.25,0.00,0.00,172 572.64,WP Sell #M20260526
2026.06.10 05:28:42,9245,XAUUSD,buy,out,0.07,4185.98,9245,-0.25,0.00,22.61,172 595.00,sl 4185.87
2026.06.10 06:00:00,9246,XAUUSD,sell,in,0.07,4173.88,9246,-0.25,0.00,0.00,172 594.75,WP Sell #M20260526
2026.06.10 06:54:06,9247,EURUSD,buy,out,1,1.15513,9247,-3.50,1.79,-61.00,172 532.04,
2026.06.10 08:30:00,9248,XAUUSD,buy,out,0.05,4188.18,9248,-0.18,0.00,74.40,172 606.26,
2026.06.10 08:30:03,9249,XAUUSD,buy,out,0.07,4189.00,9249,-0.25,0.00,-105.84,172 500.17,sl 4188.99
2026.06.10 09:00:00,9250,DE40,buy,out,0.2,24481.50,9250,0.00,0.00,4.51,172 504.68,
2026.06.10 17:15:00,9251,DE40,sell,in,1.2,24309.50,9251,0.00,0.00,0.00,172 504.68,SimpleTrendline SELL #M26042502
2026.06.10 18:00:00,9252,XAUUSD,sell,in,0.25,4124.93,9252,-0.88,0.00,0.00,172 503.80,SimpleTrendline SELL #M26042503
2026.06.10 18:00:17,9253,NVDA.NAS,sell,out,125,203.69,9253,-2.50,-0.02,46.25,172 547.53,sl 203.69
2026.06.10 18:15:00,9254,NVDA.NAS,sell,in,125,202.33,9254,-2.50,0.00,0.00,172 545.03,RSI Scalping Sell #M20003
2026.06.10 18:30:01,9255,NVDA.NAS,buy,out,125,202.76,9255,-2.50,0.00,-53.75,172 488.78,
2026.06.10 18:45:00,9256,NVDA.NAS,buy,in,125,203.54,9256,-2.50,0.00,0.00,172 486.28,RSI Scalping Buy #M20003
2026.06.10 20:00:00,9257,XBRUSD,buy,in,0.5,95.39,9257,0.00,0.00,0.00,172 486.28,WP Buy #M20260534
2026.06.10 21:05:33,9258,XBRUSD,sell,out,0.5,95.08,9258,0.00,0.00,-15.50,172 470.78,sl 95.14
2026.06.10 22:00:00,9259,XAUUSD,sell,in,0.05,4101.82,9259,-0.18,0.00,0.00,172 470.60,United SuperEMA short #M940001
2026.06.10 23:00:00,9260,XAUUSD,sell,in,0.07,4082.41,9260,-0.25,0.00,0.00,172 470.35,WP Sell #M20260526
2026.06.10 23:21:59,9261,XAUUSD,buy,out,0.07,4077.42,9261,-0.25,0.00,34.93,172 505.03,sl 4077.14
2026.06.11 02:00:00,9262,XAUUSD,sell,in,0.07,4046.71,9262,-0.25,0.00,0.00,172 504.78,WP Sell #M20260526
2026.06.11 02:15:03,9263,XAUUSD,buy,out,0.07,4031.63,9263,-0.25,0.00,105.56,172 610.09,sl 4031.62
2026.06.11 03:45:00,9264,XAUUSD,buy,out,0.05,4063.59,9264,-0.18,6.72,191.15,172 807.78,
2026.06.11 04:30:00,9265,DE40,buy,out,1.2,24153.90,9265,0.00,-2.16,215.69,173 021.31,
2026.06.11 06:15:00,9266,DE40,sell,in,1.2,24043.90,9266,0.00,0.00,0.00,173 021.31,SimpleTrendline SELL #M26042502
2026.06.11 06:45:00,9267,DE40,buy,out,1.2,24110.40,9267,0.00,0.00,-92.18,172 929.13,
2026.06.11 10:00:00,9268,XAUUSD,buy,out,0.25,4095.21,9268,-0.88,33.59,743.00,173 704.84,
2026.06.11 12:00:13,9269,XNGUSD,sell,in,0.75,3.0700,9269,0.00,0.00,0.00,173 704.84,WP Sell #M20260535
2026.06.11 12:42:06,9270,XNGUSD,buy,out,0.75,3.0710,9270,0.00,0.00,-7.50,173 697.34,sl 3.0710
2026.06.11 13:00:16,9271,XNGUSD,sell,in,0.75,3.0660,9271,0.00,0.00,0.00,173 697.34,WP Sell #M20260535
2026.06.11 13:30:33,9272,XNGUSD,buy,out,0.75,3.0680,9272,0.00,0.00,-15.00,173 682.34,sl 3.0680
2026.06.11 14:00:03,9273,XAUUSD,sell,in,0.25,4089.59,9273,-0.88,0.00,0.00,173 681.46,SimpleTrendline SELL #M26042503
2026.06.11 14:00:03,9274,XNGUSD,sell,in,0.75,3.0700,9274,0.00,0.00,0.00,173 681.46,WP Sell #M20260535
2026.06.11 14:24:39,9275,XNGUSD,buy,out,0.75,3.0600,9275,0.00,0.00,75.00,173 756.46,sl 3.0600
2026.06.11 15:15:00,9276,XAUUSD,sell,in,0.05,4076.28,9276,-0.18,0.00,0.00,173 756.28,United SuperEMA short #M940001
2026.06.11 16:00:00,9277,XAUUSD,buy,out,0.25,4082.30,9277,-0.88,0.00,182.25,173 937.65,
2026.06.11 17:00:00,9278,XAUUSD,buy,out,0.05,4083.98,9278,-0.18,0.00,-38.50,173 898.97,
2026.06.11 17:15:00,9279,XAUUSD,sell,in,0.05,4061.20,9279,-0.18,0.00,0.00,173 898.79,United SuperEMA short #M940001
2026.06.11 18:15:00,9280,XAUUSD,buy,out,0.05,4080.70,9280,-0.18,0.00,-97.50,173 801.11,
2026.06.11 19:45:00,9281,DE40,buy,in,1.2,24221.30,9281,0.00,0.00,0.00,173 801.11,SimpleTrendline BUY #M26042502
2026.06.11 20:00:00,9282,DE40,sell,out,1.2,24195.50,9282,0.00,0.00,-35.76,173 765.35,
2026.06.11 20:15:00,9283,DE40,sell,in,1.2,24192.50,9283,0.00,0.00,0.00,173 765.35,SimpleTrendline SELL #M26042502
2026.06.11 20:30:00,9284,DE40,buy,out,1.2,24418.80,9284,0.00,0.00,-313.69,173 451.66,
2026.06.11 20:45:00,9285,DE40,buy,in,1,24558.30,9285,0.00,0.00,0.00,173 451.66,SimpleTrendline BUY #M26042502
2026.06.11 21:00:00,9286,XAUUSD,buy,in,2,4152.35,9286,-7.00,0.00,0.00,173 444.66,RSI Scalping Buy #M129102315
2026.06.11 21:00:00,9287,DE40,sell,out,1,24518.00,9287,0.00,0.00,-46.55,173 398.11,
2026.06.11 21:00:06,9288,XAUUSD,sell,out,2,4153.67,9288,-7.00,0.00,264.00,173 655.11,sl 4153.69
2026.06.11 23:00:00,9289,AUDUSD,buy,in,0.44,0.70478,9289,-1.54,0.00,0.00,173 653.57,WP Buy #M20260525
2026.06.12 01:45:00,9290,XAUUSD,buy,in,0.05,4225.85,9290,-0.18,0.00,0.00,173 653.39,United SuperEMA long #M940001
2026.06.12 02:33:47,9291,EURUSD,sell,in,1.25,1.15764,9291,-4.38,0.00,0.00,173 649.01,RSI Overbought Crossover Sell #
2026.06.12 03:00:00,9292,XAUUSD,sell,in,2.5,4219.86,9292,-8.75,0.00,0.00,173 640.26,RSI Scalping Sell #M129102315
2026.06.12 03:00:11,9293,XAUUSD,buy,out,2.5,4218.27,9293,-8.75,0.00,397.50,174 029.01,sl 4218.13
2026.06.12 03:39:46,9294,EURUSD,buy,out,1.25,1.15679,9294,-4.38,0.00,106.25,174 130.88,
2026.06.12 03:45:00,9295,XAUUSD,sell,out,0.05,4204.16,9295,-0.18,0.00,-108.45,174 022.25,
2026.06.12 09:30:00,9296,DE40,buy,in,1.2,24580.60,9296,0.00,0.00,0.00,174 022.25,SimpleTrendline BUY #M26042502
2026.06.12 09:45:02,9297,DE40,sell,out,1.2,24536.10,9297,0.00,0.00,-61.77,173 960.48,
2026.06.12 10:30:00,9298,DE40,sell,in,0.2,24504.60,9298,0.00,0.00,0.00,173 960.48,SimpleTrendline SELL #M26042502
2026.06.12 10:45:01,9299,DE40,buy,out,0.2,24557.10,9299,0.00,0.00,-12.15,173 948.33,
2026.06.12 11:00:00,9300,XAUUSD,buy,in,2.5,4194.77,9300,-8.75,0.00,0.00,173 939.58,RSI Scalping Buy #M129102315
2026.06.12 11:00:00,9301,XAUUSD,buy,in,0.25,4194.15,9301,-0.88,0.00,0.00,173 938.70,SimpleTrendline BUY #M26042503
2026.06.12 11:00:21,9302,XAUUSD,sell,out,2.5,4195.31,9302,-8.75,0.00,135.00,174 064.95,sl 4195.39
2026.06.12 11:15:00,9303,XAUUSD,buy,in,0.05,4203.96,9303,-0.18,0.00,0.00,174 064.77,United SuperEMA long #M940001
2026.06.12 11:15:00,9304,DE40,buy,in,0.2,24698.80,9304,0.00,0.00,0.00,174 064.77,SimpleTrendline BUY #M26042502
2026.06.12 11:45:00,9305,DE40,sell,out,0.2,24624.80,9305,0.00,0.00,-17.12,174 047.65,
2026.06.12 14:00:00,9306,XAUUSD,sell,out,0.25,4211.40,9306,-0.88,0.00,431.25,174 478.02,
2026.06.12 14:30:01,9307,XAUUSD,sell,out,0.05,4202.41,9307,-0.18,0.00,-7.75,174 470.09,
2026.06.12 16:36:52,9308,SOXX.NAS,buy,in,0.6,588.230,9308,-0.02,0.00,0.00,174 470.07,WP Buy #M20260532
2026.06.12 16:36:52,9309,SOXX.NAS,sell,out,0.6,587.870,9309,-0.02,0.00,-0.22,174 469.83,sl 587.930
2026.06.12 17:00:00,9310,XAUUSD,sell,in,0.25,4187.05,9310,-0.88,0.00,0.00,174 468.95,SimpleTrendline SELL #M26042503
2026.06.12 17:00:02,9311,TSLA.NAS,sell,in,375,394.56,9311,-7.50,0.00,0.00,174 461.45,RSI Scalping Sell #M125421321
2026.06.12 17:00:20,9312,SOXX.NAS,buy,in,0.6,589.770,9312,-0.02,0.00,0.00,174 461.43,WP Buy #M20260532
2026.06.12 17:00:22,9313,SOXX.NAS,sell,out,0.6,589.590,9313,-0.02,0.00,-0.11,174 461.30,sl 589.870
2026.06.12 18:00:00,9314,XAUUSD,buy,in,2.5,4204.59,9314,-8.75,0.00,0.00,174 452.55,RSI Scalping Buy #M129102315
2026.06.12 18:00:00,9315,XAUUSD,buy,out,0.25,4204.61,9315,-0.88,0.00,-439.00,174 012.67,
2026.06.12 18:00:28,9316,XAUUSD,sell,out,2.5,4204.70,9316,-8.75,0.00,27.50,174 031.42,sl 4204.83
2026.06.12 18:15:44,9317,SOXX.NAS,buy,in,0.6,598.040,9317,-0.02,0.00,0.00,174 031.40,WP Buy #M20260532
2026.06.12 18:15:45,9318,SOXX.NAS,sell,out,0.6,597.690,9318,-0.02,0.00,-0.21,174 031.17,sl 597.740
2026.06.12 19:00:00,9319,XAUUSD,buy,in,0.25,4211.68,9319,-0.88,0.00,0.00,174 030.29,SimpleTrendline BUY #M26042503
2026.06.12 19:15:00,9320,XAUUSD,buy,in,0.05,4221.88,9320,-0.18,0.00,0.00,174 030.11,United SuperEMA long #M940001
2026.06.12 20:00:00,9321,TSLA.NAS,buy,out,375,399.22,9321,-7.50,0.00,-1 747.50,172 275.11,
2026.06.12 22:15:00,9322,XAUUSD,sell,out,0.05,4217.15,9322,-0.18,0.00,-23.65,172 251.28,
2026.06.15 00:27:13,9323,EURUSD,sell,in,1.25,1.15892,9323,-4.38,0.00,0.00,172 246.90,RSI Overbought Crossover Sell #
2026.06.15 01:15:00,9324,XAUUSD,buy,in,0.05,4299.83,9324,-0.18,0.00,0.00,172 246.72,United SuperEMA long #M940001
2026.06.15 03:00:00,9325,BTCUSD,buy,in,2.5,65710.06,9325,0.00,0.00,0.00,172 246.72,RSI Scalping Buy #M123459123
2026.06.15 03:00:05,9326,BTCUSD,sell,out,2.5,65704.28,9326,0.00,0.00,-14.45,172 232.27,sl 65714.53
2026.06.15 04:06:29,9327,EURUSD,buy,out,1.25,1.15945,9327,-4.38,0.00,-66.25,172 161.64,
2026.06.15 07:00:00,9328,BTCUSD,buy,in,2,65898.89,9328,0.00,0.00,0.00,172 161.64,RSI Scalping Buy #M123459123
2026.06.15 07:24:40,9329,EURUSD,sell,in,1,1.16060,9329,-3.50,0.00,0.00,172 158.14,RSI Overbought Crossover Sell #
2026.06.15 08:45:00,9330,XAUUSD,sell,out,0.05,4312.76,9330,-0.18,0.00,64.65,172 222.61,
2026.06.15 09:00:00,9331,XAUUSD,sell,in,2.5,4310.21,9331,-8.75,0.00,0.00,172 213.86,RSI Scalping Sell #M129102315
2026.06.15 09:07:21,9332,XAUUSD,buy,out,2.5,4309.66,9332,-8.75,0.00,137.50,172 342.61,sl 4309.61
2026.06.15 09:26:20,9333,BTCUSD,sell,out,2,65893.58,9333,0.00,0.00,-10.62,172 331.99,sl 65903.18
2026.06.15 15:20:43,9334,AUDUSD,sell,out,0.44,0.70645,9334,-1.54,-1.64,73.48,172 402.29,sl 0.70645
2026.06.15 16:00:00,9335,BTCUSD,buy,in,2.5,66524.65,9335,0.00,0.00,0.00,172 402.29,RSI Scalping Buy #M123459123
2026.06.15 16:00:55,9336,BTCUSD,sell,out,2.5,66536.42,9336,0.00,0.00,29.43,172 431.72,sl 66538.15
2026.06.15 19:00:00,9337,BTCUSD,buy,in,2.5,67262.00,9337,0.00,0.00,0.00,172 431.72,RSI Scalping Buy #M123459123
2026.06.15 19:00:01,9338,XAUUSD,sell,out,0.25,4356.37,9338,-0.88,-12.97,3 617.25,176 035.12,
2026.06.15 20:00:00,9339,XAUUSD,sell,in,2.5,4339.03,9339,-8.75,0.00,0.00,176 026.37,RSI Scalping Sell #M129102315
2026.06.15 20:00:48,9340,XAUUSD,buy,out,2.5,4336.35,9340,-8.75,0.00,670.00,176 687.62,sl 4336.35
2026.06.15 21:00:01,9341,XAUUSD,sell,in,0.25,4324.52,9341,-0.88,0.00,0.00,176 686.74,SimpleTrendline SELL #M26042503
2026.06.15 22:00:00,9342,XAUUSD,buy,out,0.25,4325.80,9342,-0.88,0.00,-32.00,176 653.86,
2026.06.16 02:00:00,9343,BTCUSD,sell,out,2.5,66160.00,9343,0.00,0.00,-2 755.00,173 898.86,
2026.06.16 04:00:00,9344,XAUUSD,buy,in,0.05,4319.45,9344,-0.18,0.00,0.00,173 898.68,United SuperEMA long #M940001
2026.06.16 05:15:00,9345,XAUUSD,sell,out,0.05,4309.65,9345,-0.18,0.00,-49.00,173 849.50,
2026.06.16 06:15:00,9346,XAUUSD,buy,in,0.05,4318.75,9346,-0.18,0.00,0.00,173 849.32,United SuperEMA long #M940001
2026.06.16 07:00:00,9347,XAUUSD,buy,in,2.5,4330.51,9347,-8.75,0.00,0.00,173 840.57,RSI Scalping Buy #M129102315
2026.06.16 07:00:44,9348,XAUUSD,sell,out,2.5,4331.12,9348,-8.75,0.00,152.50,173 984.32,sl 4331.12
2026.06.16 09:00:00,9349,XAUUSD,sell,out,0.05,4315.89,9349,-0.18,0.00,-14.30,173 969.84,
2026.06.16 10:45:00,9350,XAUUSD,buy,in,0.05,4327.76,9350,-0.18,0.00,0.00,173 969.66,United SuperEMA long #M940001
2026.06.16 11:00:00,9351,XAUUSD,buy,in,2.5,4335.53,9351,-8.75,0.00,0.00,173 960.91,RSI Scalping Buy #M129102315
2026.06.16 11:00:00,9352,XAUUSD,buy,in,0.25,4335.50,9352,-0.88,0.00,0.00,173 960.03,SimpleTrendline BUY #M26042503
2026.06.16 11:07:46,9353,XAUUSD,sell,out,2.5,4335.38,9353,-8.75,0.00,-37.50,173 913.78,sl 4335.42
2026.06.16 13:00:00,9354,XBRUSD,sell,in,0.5,82.35,9354,0.00,0.00,0.00,173 913.78,WP Sell #M20260534
2026.06.16 14:45:01,9355,XAUUSD,sell,out,0.05,4338.81,9355,-0.18,0.00,55.25,173 968.85,
2026.06.16 16:10:40,9356,XBRUSD,buy,out,0.5,81.38,9356,0.00,0.00,48.50,174 017.35,sl 81.38
2026.06.16 16:35:00,9357,NVDA.NAS,sell,out,125,208.87,9357,-2.50,-0.12,666.25,174 680.98,sl 208.92
2026.06.16 16:45:00,9358,NVDA.NAS,sell,in,125,209.45,9358,-2.50,0.00,0.00,174 678.48,RSI Scalping Sell #M20003
2026.06.16 17:00:00,9359,XAUUSD,sell,out,0.25,4332.16,9359,-0.88,0.00,-83.50,174 594.10,
2026.06.16 17:00:01,9360,NVDA.NAS,buy,out,125,208.78,9360,-2.50,0.00,83.75,174 675.35,
2026.06.16 18:00:00,9361,XAUUSD,sell,in,0.25,4324.44,9361,-0.88,0.00,0.00,174 674.47,SimpleTrendline SELL #M26042503
2026.06.16 18:15:00,9362,NVDA.NAS,buy,in,250,209.70,9362,-5.00,0.00,0.00,174 669.47,RSI Scalping Buy #M20003
2026.06.16 19:00:00,9363,XAUUSD,buy,out,0.25,4335.48,9363,-0.88,0.00,-276.00,174 392.59,
2026.06.16 20:00:00,9364,XBRUSD,sell,in,0.5,79.59,9364,0.00,0.00,0.00,174 392.59,WP Sell #M20260534
2026.06.16 20:00:01,9365,TSLA.NAS,sell,in,375,405.08,9365,-7.50,0.00,0.00,174 385.09,RSI Scalping Sell #M125421321
2026.06.16 23:58:59,9366,TSLA.NAS,buy,out,375,405.07,9366,-7.50,0.01,3.75,174 381.35,end of test
2026.06.16 23:58:59,9367,XBRUSD,buy,out,0.5,80.36,9367,0.00,-5.66,-38.50,174 337.19,end of test
2026.06.16 23:58:59,9368,NVDA.NAS,sell,out,250,208.76,9368,-5.00,-0.04,-235.00,174 097.15,end of test
2026.06.16 23:58:59,9369,EURUSD,buy,out,1,1.16087,9369,-3.50,3.58,-27.00,174 070.23,end of test
